time_s,C_r0.0_cm_kg_kg,C_r0.1_cm_kg_kg,C_r0.2_cm_kg_kg,C_r0.3_cm_kg_kg,C_r0.4_cm_kg_kg,C_r0.5_cm_kg_kg,C_r0.6_cm_kg_kg,C_r0.7_cm_kg_kg,C_r0.8_cm_kg_kg,C_r0.9_cm_kg_kg,C_r1.0_cm_kg_kg,C_r1.1_cm_kg_kg,C_r1.2_cm_kg_kg,C_r1.3_cm_kg_kg,C_r1.4_cm_kg_kg,C_r1.5_cm_kg_kg,C_r1.6_cm_kg_kg,C_r1.7_cm_kg_kg,C_r1.8_cm_kg_kg,C_r1.9_cm_kg_kg,C_r2.0_cm_kg_kg
1.0,2.55,2.55,2.55,2.55,2.55,2.55,2.55,2.55,2.55,2.55,2.55,2.55,2.55,2.55,2.55,2.55,2.55,2.549999999999992,2.5499999993574294,2.549980559121072,2.4476993387228716
2.0,2.55,2.55,2.55,2.55,2.55,2.55,2.55,2.55,2.55,2.55,2.55,2.55,2.55,2.55,2.55,2.55,2.55,2.5499999999994682,2.5499999899619814,2.5499232844551285,2.4439793268949654
3.0,2.55,2.55,2.55,2.55,2.55,2.55,2.55,2.55,2.55,2.55,2.55,2.55,2.55,2.55,2.55,2.55,2.55,2.549999999994106,2.5499999503750788,2.5498297009981195,2.440334040686613
4.0,2.55,2.55,2.55,2.55,2.55,2.55,2.55,2.55,2.55,2.55,2.55,2.55,2.55,2.55,2.55,2.55,2.5499999999999963,2.5499999999677962,2.549999846823443,2.549701273128871,2.436760615858189
5.0,2.55,2.55,2.55,2.55,2.55,2.55,2.55,2.55,2.55,2.55,2.55,2.55,2.55,2.55,2.55,2.55,2.549999999999979,2.5499999998805425,2.5499996347263263,2.5495394070266446,2.4332563255475144
6.0,2.55,2.55,2.55,2.55,2.55,2.55,2.55,2.55,2.55,2.55,2.55,2.55,2.55,2.55,2.55,2.55,2.5499999999999114,2.5499999996531204,2.5499992600927377,2.5493454529975557,2.429818572910028
7.0,2.55,2.55,2.55,2.55,2.55,2.55,2.55,2.55,2.55,2.55,2.55,2.55,2.55,2.55,2.55,2.55,2.549999999999706,2.5499999991493043,2.5499986607983343,2.5491207077124987,2.4264448841776183
8.0,2.55,2.55,2.55,2.55,2.55,2.55,2.55,2.55,2.55,2.55,2.55,2.55,2.55,2.55,2.55,2.55,2.5499999999991694,2.5499999981563453,2.5499977677509573,2.5488664163592523,2.4231329021116945
9.0,2.55,2.55,2.55,2.55,2.55,2.55,2.55,2.55,2.55,2.55,2.55,2.55,2.55,2.55,2.55,2.5499999999999994,2.5499999999979335,2.549999996364302,2.549996505953184,2.5485837747114397,2.4198803798274375
10.0,2.55,2.55,2.55,2.55,2.55,2.55,2.55,2.55,2.55,2.55,2.55,2.55,2.55,2.55,2.55,2.549999999999998,2.5499999999953418,2.549999993344733,2.5499947954696713,2.548273931117035,2.416685174967555
11.0,2.55,2.55,2.55,2.55,2.55,2.55,2.55,2.55,2.55,2.55,2.55,2.55,2.55,2.55,2.55,2.549999999999995,2.5499999999903107,2.549999988529192,2.5499925523065143,2.54793798840906,2.413545244205089
12.0,2.55,2.55,2.55,2.55,2.55,2.55,2.55,2.55,2.55,2.55,2.55,2.55,2.55,2.55,2.55,2.5499999999999883,2.5499999999811394,2.549999981187895,2.5499896892093488,2.5475770057411156,2.41045863805605
13.0,2.55,2.55,2.55,2.55,2.55,2.55,2.55,2.55,2.55,2.55,2.55,2.55,2.55,2.55,2.55,2.5499999999999745,2.5499999999652747,2.5499999704088676,2.549986116386437,2.547192000350339,2.4074234959837586
14.0,2.55,2.55,2.55,2.55,2.55,2.55,2.55,2.55,2.55,2.55,2.55,2.55,2.55,2.55,2.55,2.5499999999999474,2.549999999939024,2.549999955077835,2.5499817421625424,2.5467839492503375,2.4044380417778553
15.0,2.55,2.55,2.55,2.55,2.55,2.55,2.55,2.55,2.55,2.55,2.55,2.55,2.55,2.55,2.55,2.549999999999899,2.5499999998972145,2.5499999338590653,2.549976473568981,2.5463537908565987,2.4015005791919357
16.0,2.55,2.55,2.55,2.55,2.55,2.55,2.55,2.55,2.55,2.55,2.55,2.55,2.55,2.55,2.55,2.5499999999998133,2.5499999998327905,2.5499999051773288,2.5499702168748573,2.5459024265468404,2.398609487824724
17.0,2.55,2.55,2.55,2.55,2.55,2.55,2.55,2.55,2.55,2.55,2.55,2.55,2.55,2.55,2.55,2.5499999999996685,2.5499999997363507,2.549999867201116,2.5499628780641346,2.545430722158671,2.395763219230577
18.0,2.55,2.55,2.55,2.55,2.55,2.55,2.55,2.55,2.55,2.55,2.55,2.55,2.55,2.55,2.55,2.5499999999994314,2.5499999995956277,2.549999817827212,2.5499543632628447,2.5449395094269063,2.3929602932459737
19.0,2.55,2.55,2.55,2.55,2.55,2.55,2.55,2.55,2.55,2.55,2.55,2.55,2.55,2.55,2.5499999999999994,2.549999999999053,2.549999999394897,2.5499997546666977,2.549944579120454,2.544429587362807,2.390199294519419
20.0,2.55,2.55,2.55,2.55,2.55,2.55,2.55,2.55,2.55,2.55,2.55,2.55,2.55,2.55,2.5499999999999985,2.5499999999984673,2.5499999991143296,2.54999967503243,2.549933433149081,2.5439017235774406,2.387478869232937
21.0,2.55,2.55,2.55,2.55,2.55,2.55,2.55,2.55,2.55,2.55,2.55,2.55,2.55,2.55,2.549999999999997,2.5499999999975795,2.5499999987292776,2.5499995759280294,2.549920834024032,2.5433566555513094,2.384797722004056
22.0,2.55,2.55,2.55,2.55,2.55,2.55,2.55,2.55,2.55,2.55,2.55,2.55,2.55,2.55,2.549999999999995,2.5499999999962637,2.5499999982094983,2.5499994540383817,2.5499066918488227,2.542795091852318,2.382154612957817
23.0,2.55,2.55,2.55,2.55,2.55,2.55,2.55,2.55,2.55,2.55,2.55,2.55,2.55,2.55,2.549999999999992,2.54999999999435,2.549999997518322,2.5499993057216486,2.5498909183876637,2.542217713304094,2.3795483549589664
24.0,2.55,2.55,2.55,2.55,2.55,2.55,2.55,2.55,2.55,2.55,2.55,2.55,2.55,2.55,2.5499999999999865,2.549999999991616,2.5499999966117564,2.549999127002777,2.54987342726814,2.541625174106599,2.376977810995103
25.0,2.55,2.55,2.55,2.55,2.55,2.55,2.55,2.55,2.55,2.55,2.55,2.55,2.55,2.55,2.5499999999999785,2.5499999999877723,2.5499999954375396,2.549998913568453,2.5498541341566283,2.54101810291092,2.3744418917020633
26.0,2.55,2.55,2.55,2.55,2.55,2.55,2.55,2.55,2.55,2.55,2.55,2.55,2.55,2.55,2.5499999999999656,2.5499999999824485,2.5499999939341396,2.5499986607634955,2.5498329569088005,2.5403971038500486,2.3719395530233753
27.0,2.55,2.55,2.55,2.55,2.55,2.55,2.55,2.55,2.55,2.55,2.55,2.55,2.55,2.55,2.549999999999947,2.549999999975177,2.5499999920297016,2.5499983635886077,2.5498098156973854,2.539762757527404,2.3694697939960765
28.0,2.55,2.55,2.55,2.55,2.55,2.55,2.55,2.55,2.55,2.55,2.55,2.55,2.55,2.55,2.5499999999999203,2.5499999999653675,2.549999989640955,2.5499980166994556,2.5497846331192022,2.5391156219647986,2.3670316546556607
29.0,2.55,2.55,2.55,2.55,2.55,2.55,2.55,2.55,2.55,2.55,2.55,2.55,2.55,2.55,2.5499999999998817,2.5499999999522927,2.5499999866720753,2.549997614407009,2.5497573342833286,2.538456233511464,2.364624214053348
30.0,2.55,2.55,2.55,2.55,2.55,2.55,2.55,2.55,2.55,2.55,2.55,2.55,2.55,2.55,2.549999999999828,2.5499999999350544,2.5499999830135085,2.5499971506790775,2.549727846882115,2.5377851077157203,2.3622465883792643
31.0,2.55,2.55,2.55,2.55,2.55,2.55,2.55,2.55,2.55,2.55,2.55,2.55,2.55,2.55,2.549999999999753,2.549999999912559,2.5499999785407645,2.5499966191429793,2.5496961012466364,2.5371027401608006,2.359897929185513
32.0,2.55,2.55,2.55,2.55,2.55,2.55,2.55,2.55,2.55,2.55,2.55,2.55,2.55,2.55,2.5499999999996494,2.549999999883484,2.549999973113181,2.5499960130892836,2.5496620303880495,2.5364096072662843,2.357577421703462
33.0,2.55,2.55,2.55,2.55,2.55,2.55,2.55,2.55,2.55,2.55,2.55,2.55,2.55,2.55,2.5499999999995087,2.549999999846241,2.5499999665726594,2.5499953254765453,2.549625570026201,2.5357061670565417,2.355284283249917
34.0,2.55,2.55,2.55,2.55,2.55,2.55,2.55,2.55,2.55,2.55,2.55,2.55,2.55,2.549999999999999,2.5499999999993186,2.5499999997989367,2.549999958742389,2.5499945489369713,2.5495866586067386,2.534992859897552,2.3530177617171555
35.0,2.55,2.55,2.55,2.55,2.55,2.55,2.55,2.55,2.55,2.55,2.55,2.55,2.55,2.549999999999998,2.549999999999065,2.5499999997393283,2.5499999494255503,2.5499936757829476,2.5495452373078744,2.5342701092033715,2.350777134142101
36.0,2.55,2.55,2.55,2.55,2.55,2.55,2.55,2.55,2.55,2.55,2.55,2.55,2.55,2.549999999999997,2.5499999999987293,2.5499999996647755,2.549999938404006,2.5499926980143606,2.5495012500378564,2.5335383221135146,2.348561705350199
37.0,2.55,2.55,2.55,2.55,2.55,2.55,2.55,2.55,2.55,2.55,2.55,2.55,2.55,2.5499999999999954,2.5499999999982896,2.5499999995721887,2.549999925436996,2.549991607326645,2.5494546434241223,2.532797890142447,2.3463708066697864
38.0,2.55,2.55,2.55,2.55,2.55,2.55,2.55,2.55,2.55,2.55,2.55,2.55,2.55,2.5499999999999936,2.549999999997717,2.549999999457971,2.5499999102598188,2.5499903951194876,2.5494053667950345,2.532049189802329,2.344203794713046
39.0,2.55,2.55,2.55,2.55,2.55,2.55,2.55,2.55,2.55,2.55,2.55,2.55,2.55,2.549999999999991,2.5499999999969787,2.5499999993179583,2.5499998925825267,2.5499890525061337,2.5493533721550192,2.531292583200133,2.3420600502198132
40.0,2.55,2.55,2.55,2.55,2.55,2.55,2.55,2.55,2.55,2.55,2.55,2.55,2.55,2.5499999999999874,2.5499999999960328,2.549999999147351,2.5499998720886206,2.5499875703232204,2.549298614153861,2.5305284186101815,2.3399389769607577
41.0,2.55,2.55,2.55,2.55,2.55,2.55,2.55,2.55,2.55,2.55,2.55,2.55,2.55,2.549999999999983,2.549999999994829,2.549999998940646,2.549999848433762,2.549985939141089,2.549241050050856,2.529757031023138,2.3378400006966458
42.0,2.55,2.55,2.55,2.55,2.55,2.55,2.55,2.55,2.55,2.55,2.55,2.55,2.55,2.5499999999999763,2.549999999993307,2.5499999986915567,2.5499998212444983,2.549984149274511,2.549180639674453,2.528978742672419,2.33576256819058
43.0,2.55,2.55,2.55,2.55,2.55,2.55,2.55,2.55,2.55,2.55,2.55,2.55,2.55,2.549999999999967,2.549999999991396,2.549999998392938,2.5499997901170066,2.5499821907937728,2.5491173453779643,2.5281938635389745,2.333706146270321
44.0,2.55,2.55,2.55,2.55,2.55,2.55,2.55,2.55,2.55,2.55,2.55,2.55,2.55,2.5499999999999554,2.54999999998901,2.549999998036693,2.549999754615863,2.5499800535360677,2.5490511319918845,2.527402691835336,2.33167022093792
45.0,2.55,2.55,2.55,2.55,2.55,2.55,2.55,2.55,2.55,2.55,2.55,2.55,2.55,2.549999999999941,2.549999999986048,2.549999997613692,2.549999714272838,2.549977727117148,2.5489819667733045,2.52660551446979,2.3296542965240885
46.0,2.55,2.55,2.55,2.55,2.55,2.55,2.55,2.55,2.55,2.55,2.55,2.55,2.55,2.549999999999922,2.5499999999823917,2.549999997113666,2.5499996685857216,2.5499752009431766,2.548909819352859,2.5258026074915163,2.327657894884861
47.0,2.55,2.55,2.55,2.55,2.55,2.55,2.55,2.55,2.55,2.55,2.55,2.55,2.55,2.5499999999998972,2.5499999999779015,2.549999996525116,2.549999617017183,2.5499724642227513,2.5488346616796207,2.5249942365174807,2.3256805546382537
48.0,2.55,2.55,2.55,2.55,2.55,2.55,2.55,2.55,2.55,2.55,2.55,2.55,2.55,2.549999999999866,2.5499999999724157,2.5499999958351984,2.5499995589936635,2.5499695059790395,2.5487564679643038,2.52418065714184,2.3237218304387546
49.0,2.55,2.55,2.55,2.55,2.55,2.55,2.55,2.55,2.55,2.55,2.55,2.55,2.55,2.5499999999998266,2.549999999965745,2.54999999502962,2.5499994939043145,2.5499663150619964,2.5486752146211176,2.523362115328602,2.321781292287597
50.0,2.55,2.55,2.55,2.55,2.55,2.55,2.55,2.55,2.55,2.55,2.55,2.55,2.55,2.549999999999777,2.5499999999576706,2.5499999940925195,2.5499994210999666,2.5499628801606242,2.548590880208574,2.522538847788229,2.3198585248768993
51.0,2.55,2.55,2.55,2.55,2.55,2.55,2.55,2.55,2.55,2.55,2.55,2.55,2.55,2.5499999999997143,2.5499999999479415,2.549999993006349,2.549999339892156,2.549959189815233,2.5485034453695197,2.5217110823388644,2.3179531269658504
52.0,2.55,2.55,2.55,2.55,2.55,2.55,2.55,2.55,2.55,2.55,2.55,2.55,2.55,2.5499999999996366,2.549999999936267,2.5499999917517444,2.549999249552183,2.549955232429678,2.5484128927706515,2.5208790382528186,2.316064710787236
53.0,2.55,2.55,2.55,2.55,2.55,2.55,2.55,2.55,2.55,2.55,2.55,2.55,2.549999999999999,2.54999999999954,2.5499999999223157,2.5499999903074,2.5499991493102323,2.5499509962835356,2.548319207041733,2.520042926588941,2.3141929014826723
54.0,2.55,2.55,2.55,2.55,2.55,2.55,2.55,2.55,2.55,2.55,2.55,2.55,2.549999999999998,2.5499999999994207,2.5499999999057095,2.5499999886499314,2.549999038354529,2.549946469544194,2.5482223747147152,2.5192029505114597,2.312337336565056
55.0,2.55,2.55,2.55,2.55,2.55,2.55,2.55,2.55,2.55,2.55,2.55,2.55,2.549999999999997,2.549999999999274,2.5499999998860177,2.549999986753736,2.5499989158305536,2.5499416402788264,2.5481223841629537,2.5183593055958595,2.3104976654067624
56.0,2.55,2.55,2.55,2.55,2.55,2.55,2.55,2.55,2.55,2.55,2.55,2.55,2.5499999999999963,2.5499999999990948,2.549999999862752,2.5499999845908494,2.549998780840311,2.549936496466233,2.548019225540667,2.517512180122337,2.3086735487522483
57.0,2.55,2.55,2.55,2.55,2.55,2.55,2.55,2.55,2.55,2.55,2.55,2.55,2.5499999999999954,2.5499999999988763,2.5499999998353595,2.5499999821307986,2.5499986324416475,2.5499310260085184,2.547912890722801,2.5166617553573616,2.306864658253789
58.0,2.55,2.55,2.55,2.55,2.55,2.55,2.55,2.55,2.55,2.55,2.55,2.55,2.5499999999999936,2.5499999999986107,2.5499999998032177,2.54999997934045,2.5499984696476234,2.5499252167425874,2.547803373245416,2.5158082058238262,2.3050706760291204
59.0,2.55,2.55,2.55,2.55,2.55,2.55,2.55,2.55,2.55,2.55,2.55,2.55,2.549999999999992,2.5499999999982896,2.549999999765626,2.5499999761838525,2.5499982914259434,2.5499190564514516,2.5476906682467146,2.51495169956028,2.3032912942398696
60.0,2.55,2.55,2.55,2.55,2.55,2.55,2.55,2.55,2.55,2.55,2.55,2.55,2.549999999999989,2.549999999997903,2.5499999997217997,2.5499999726220794,2.549998096698439,2.5499125328753105,2.547574772408816,2.5140923983696837,2.3015262146896687
61.0,2.55,2.55,2.55,2.55,2.55,2.55,2.55,2.55,2.55,2.55,2.55,2.55,2.5499999999999865,2.5499999999974383,2.5499999996708596,2.5499999686130668,2.549997884340611,2.5499056337224095,2.5474556839003593,2.5132304580631595,2.2997752295198897
62.0,2.55,2.55,2.55,2.55,2.55,2.55,2.55,2.55,2.55,2.55,2.55,2.55,2.549999999999983,2.5499999999968823,2.549999999611825,2.5499999641114433,2.5499976531812236,2.549898346679656,2.5473334023200165,2.5123660287037577,2.2980379806201787
63.0,2.55,2.55,2.55,2.55,2.55,2.55,2.55,2.55,2.55,2.55,2.55,2.55,2.5499999999999785,2.5499999999962197,2.5499999995436053,2.5499999590683666,2.54999740200196,2.549890659422976,2.54720792864099,2.5114992548106176,2.2963141964315916
64.0,2.55,2.55,2.55,2.55,2.55,2.55,2.55,2.55,2.55,2.55,2.55,2.55,2.549999999999972,2.549999999995432,2.5499999994649887,2.549999953431346,2.549997129537129,2.5498825596274135,2.5470792651565444,2.5106302755649663,2.2946036136094143
65.0,2.55,2.55,2.55,2.55,2.55,2.55,2.55,2.55,2.55,2.55,2.55,2.55,2.5499999999999643,2.549999999994499,2.549999999374631,2.5499999471440735,2.549996834473429,2.549874034976951,2.546947415426615,2.5097592250127816,2.2929059767054936
66.0,2.55,2.55,2.55,2.55,2.55,2.55,2.55,2.55,2.55,2.55,2.55,2.55,2.5499999999999554,2.549999999993396,2.5499999992710487,2.5499999401462423,2.5499965154497737,2.549865073174055,2.546812384225544,2.508886232259343,2.2912210378649447
67.0,2.55,2.55,2.55,2.55,2.55,2.55,2.55,2.55,2.55,2.55,2.55,2.55,2.5499999999999448,2.549999999992098,2.5499999991526026,2.549999932373369,2.5499961710571624,2.5498556619489285,2.5466741774909627,2.5080114216560174,2.2895485565365243
68.0,2.55,2.55,2.55,2.55,2.55,2.55,2.55,2.55,2.55,2.55,2.55,2.55,2.5499999999999314,2.549999999990574,2.5499999990174893,2.549999923756615,2.5499957998386145,2.5498457890684803,2.5465328022738656,2.507134912979587,2.2878882991959713
69.0,2.55,2.55,2.55,2.55,2.55,2.55,2.55,2.55,2.55,2.55,2.55,2.55,2.5499999999999163,2.5499999999887892,2.5499999988637256,2.5499999142226004,2.549995400289151,2.549835442344992,2.5463882666898776,2.506256821604448,2.286240039081672
70.0,2.55,2.55,2.55,2.55,2.55,2.55,2.55,2.55,2.55,2.55,2.55,2.55,2.5499999999998972,2.549999999986705,2.5499999986891386,2.549999903693224,2.549994970855837,2.549824609644488,2.546240579871747,2.5053772586679632,2.28460355594204
71.0,2.55,2.55,2.55,2.55,2.55,2.55,2.55,2.55,2.55,2.55,2.55,2.55,2.5499999999998746,2.549999999984278,2.5499999984913466,2.5499998920854745,2.549994509937865,2.549813278894808,2.546089751923063,2.5044963312292525,2.282978635794022
72.0,2.55,2.55,2.55,2.55,2.55,2.55,2.55,2.55,2.55,2.55,2.55,2.55,2.549999999999848,2.549999999981459,2.549999998267749,2.5499998793112466,2.5499940158867016,2.5498014380933762,2.5459357938732112,2.503614142421701,2.2813650706921895
73.0,2.55,2.55,2.55,2.55,2.55,2.55,2.55,2.55,2.55,2.55,2.55,2.55,2.549999999999816,2.5499999999781924,2.549999998015508,2.5499998652771545,2.549993487006277,2.549789075314666,2.5457787176335653,2.50273079159944,2.2797626585078894
74.0,2.55,2.55,2.55,2.55,2.55,2.55,2.55,2.55,2.55,2.55,2.55,2.55,2.5499999999997778,2.549999999974416,2.5499999977315335,2.549999849884345,2.549992921553225,2.5497761787173685,2.5456185359549153,2.5018463744780477,2.278171202717966
75.0,2.55,2.55,2.55,2.55,2.55,2.55,2.55,2.55,2.55,2.55,2.55,2.55,2.5499999999997334,2.54999999997006,2.5499999974124656,2.5499998330283082,2.5499923177371713,2.549762736551254,2.545455262386128,2.500960983269712,2.2765905122025814
76.0,2.55,2.55,2.55,2.55,2.55,2.55,2.55,2.55,2.55,2.55,2.55,2.549999999999999,2.54999999999968,2.54999999996505,2.549999997054658,2.549999814598695,2.549991673721071,2.549748737163744,2.5452889112340316,2.5000747068130833,2.275020401051705
77.0,2.55,2.55,2.55,2.55,2.55,2.55,2.55,2.55,2.55,2.55,2.55,2.549999999999998,2.549999999999618,2.5499999999592973,2.549999996654158,2.5499997944791266,2.5499909876215843,2.5497341690061743,2.545119497524515,2.499187630698036,2.2734606883798447
78.0,2.55,2.55,2.55,2.55,2.55,2.55,2.55,2.55,2.55,2.55,2.55,2.549999999999997,2.549999999999544,2.549999999952708,2.5499999962066884,2.54999977254701,2.5499902575095055,2.5497190206397784,2.544947036964831,2.4982998373855425,2.271911198148624
79.0,2.55,2.55,2.55,2.55,2.55,2.55,2.55,2.55,2.55,2.55,2.55,2.5499999999999963,2.549999999999459,2.5499999999451743,2.549999995707629,2.5499997486733545,2.5499894814102264,2.54970328074137,2.5447715459070817,2.4974114063228723,2.2703717589968324
80.0,2.55,2.55,2.55,2.55,2.55,2.55,2.55,2.55,2.55,2.55,2.55,2.5499999999999954,2.549999999999358,2.549999999936581,2.549999995151993,2.549999722722586,2.5499886573042456,2.5496869381087452,2.544593041312884,2.496522414054296,2.268842204077594
81.0,2.55,2.55,2.55,2.55,2.55,2.55,2.55,2.55,2.55,2.55,2.55,2.5499999999999945,2.5499999999992413,2.549999999926798,2.5499999945344087,2.549999694552364,2.549987783127715,2.5496699816658,2.544411540719185,2.495632934327485,2.2673223709023174
82.0,2.55,2.55,2.55,2.55,2.55,2.55,2.55,2.55,2.55,2.55,2.55,2.5499999999999936,2.5499999999991045,2.549999999915682,2.549999993849096,2.549999664013405,2.5499868567730273,2.5496524004673686,2.5442270622052137,2.4947430381957805,2.2658121011911008
83.0,2.55,2.55,2.55,2.55,2.55,2.55,2.55,2.55,2.55,2.55,2.55,2.549999999999992,2.5499999999989464,2.549999999903075,2.5499999930898447,2.549999630949297,2.549985876089435,2.5496341837037955,2.544039624360549,2.4938527941165054,2.2643112407292962
84.0,2.55,2.55,2.55,2.55,2.55,2.55,2.55,2.55,2.55,2.55,2.55,2.54999999999999,2.5499999999987626,2.5499999998888048,2.5499999922499885,2.5499995951963284,2.5499848388837103,2.5496153207052323,2.5438492462542843,2.492962268045468,2.2628196392299453
85.0,2.55,2.55,2.55,2.55,2.55,2.55,2.55,2.55,2.55,2.55,2.55,2.5499999999999883,2.5499999999985508,2.5499999998726803,2.5499999913223856,2.5499995565833107,2.5499837429208334,2.549595800945675,2.54365594740526,2.49207152352783,2.261337150201804
86.0,2.55,2.55,2.55,2.55,2.55,2.55,2.55,2.55,2.55,2.55,2.55,2.549999999999986,2.549999999998306,2.5499999998544935,2.549999990299389,2.5499995149314065,2.5499825859247167,2.5495756140467485,2.5434597477533534,2.491180621785473,2.2598636308227134
87.0,2.55,2.55,2.55,2.55,2.55,2.55,2.55,2.55,2.55,2.55,2.55,2.5499999999999834,2.5499999999980245,2.5499999998340157,2.5499999891728238,2.5499994700539617,2.549981365578958,2.5495547497812314,2.543260667631793,2.490289621801009,2.2583989418180543
88.0,2.55,2.55,2.55,2.55,2.55,2.55,2.55,2.55,2.55,2.55,2.55,2.5499999999999803,2.549999999997701,2.5499999998109972,2.5499999879339597,2.549999421756336,2.549980079527619,2.5495331980763467,2.543058727740476,2.4893985803985768,2.256942947344062
89.0,2.55,2.55,2.55,2.55,2.55,2.55,2.55,2.55,2.55,2.55,2.55,2.549999999999976,2.5499999999973295,2.5499999997851654,2.549999986573485,2.5499993698357426,2.549978725376037,2.5495109490168053,2.542853949120267,2.488507552321545,2.255495514875777
90.0,2.55,2.55,2.55,2.55,2.55,2.55,2.55,2.55,2.55,2.55,2.55,2.5499999999999705,2.5499999999969045,2.5499999997562233,2.5499999850814774,2.549999314081086,2.5499773006916593,2.549487992847618,2.5426463531282555,2.4876165903072534,2.2540565150994207
91.0,2.55,2.55,2.55,2.55,2.55,2.55,2.55,2.55,2.55,2.55,2.55,2.5499999999999647,2.5499999999964187,2.5499999997238474,2.5499999834473788,2.5499992542728087,2.5499758030049007,2.5494643199766873,2.542435961413944,2.4867257451589113,2.252625821809
92.0,2.55,2.55,2.55,2.55,2.55,2.55,2.55,2.55,2.55,2.55,2.55,2.549999999999958,2.5499999999958645,2.549999999687685,2.549999981659961,2.5499991901827332,2.5499742298100263,2.5494399209771705,2.542222795896343,2.485835065814763,2.2512033118069428
93.0,2.55,2.55,2.55,2.55,2.55,2.55,2.55,2.55,2.55,2.55,2.55,2.54999999999995,2.549999999995234,2.5499999996473566,2.549999979707302,2.5499991215739186,2.5499725785660505,2.549414786589635,2.5420068787419523,2.4849445994146353,2.249788864808588
94.0,2.55,2.55,2.55,2.55,2.55,2.55,2.55,2.55,2.55,2.55,2.55,2.549999999999941,2.549999999994516,2.5499999996024463,2.5499999775767517,2.5499990482005113,2.549970846697665,2.549388907724004,2.541788232343604,2.484054391363967,2.2483823633503652
95.0,2.55,2.55,2.55,2.55,2.55,2.55,2.55,2.55,2.55,2.55,2.55,2.5499999999999305,2.5499999999937017,2.549999999552506,2.549999975254902,2.5499989698076053,2.549969031596171,2.5493622754612995,2.541566879300136,2.483164485395429,2.2469836927014897
96.0,2.55,2.55,2.55,2.55,2.55,2.55,2.55,2.55,2.55,2.55,2.55,2.549999999999919,2.549999999992779,2.54999999949705,2.5499999727275555,2.5499988861311076,2.5499671306204434,2.5493348810551986,2.541342842396881,2.482274923628222,2.2455927407790206
97.0,2.55,2.55,2.55,2.55,2.55,2.55,2.55,2.55,2.55,2.55,2.55,2.5499999999999052,2.5499999999917353,2.5499999994355544,2.549999969979694,2.5499987968976026,2.549965141097897,2.5493067159333913,2.541116144586948,2.4813857466251505,2.244209398066141
98.0,2.55,2.55,2.55,2.55,2.55,2.55,2.55,2.55,2.55,2.55,2.55,2.549999999999889,2.5499999999905563,2.5499999993674534,2.5499999669954447,2.5499987018242276,2.549963060325476,2.549277771698762,2.54088680897326,2.480496993447559,2.2428335575335145
99.0,2.55,2.55,2.55,2.55,2.55,2.55,2.55,2.55,2.55,2.55,2.55,2.5499999999998706,2.549999999989226,2.5499999992921363,2.549999963758048,2.5499986006185473,2.54996088557065,2.5492480401303963,2.540654858791344,2.4796087017082162,2.241465114563581
100.0,2.55,2.55,2.55,2.55,2.55,2.55,2.55,2.55,2.55,2.55,2.55,2.5499999999998497,2.5499999999877287,2.5499999992089464,2.5499999602498225,2.549998492978438,2.549958614072424,2.5492175131844172,2.5404203173928326,2.4787209076222303,2.2401039668776743
101.0,2.55,2.55,2.55,2.55,2.55,2.55,2.55,2.55,2.55,2.55,2.55,2.5499999999998253,2.5499999999860448,2.549999999117178,2.549999956452131,2.549998378591973,2.549956243042359,2.5491861829946583,2.540183208229668,2.477833646056069,2.238750014465828
102.0,2.55,2.55,2.55,2.55,2.55,2.55,2.55,2.55,2.55,2.55,2.55,2.5499999999997973,2.549999999984154,2.5499999990160704,2.5499999523453463,2.549998257137313,2.549953769665595,2.549154041873179,2.53994355483898,2.4769469505747637,2.2374031595191717
103.0,2.55,2.55,2.55,2.55,2.55,2.55,2.55,2.55,2.55,2.55,2.55,2.5499999999997653,2.5499999999820337,2.5499999989048088,2.5499999479088165,2.5499981282826054,2.5499511911018917,2.5491210823106325,2.539701380828616,2.4760608534873647,2.2360633063647812
104.0,2.55,2.55,2.55,2.55,2.55,2.55,2.55,2.55,2.55,2.55,2.549999999999999,2.5499999999997294,2.5499999999796605,2.549999998782519,2.5499999431208273,2.549997991685885,2.5499485044866637,2.5490872969764853,2.5394567098633067,2.475175385890723,2.2347303614029146
105.0,2.55,2.55,2.55,2.55,2.55,2.55,2.55,2.55,2.55,2.55,2.549999999999998,2.549999999999688,2.5499999999770067,2.549999998648265,2.5499999379585674,2.549997846994981,2.549945706932032,2.5490526787190997,2.5392095656514404,2.4742905777116544,2.233404233046495
106.0,2.55,2.55,2.55,2.55,2.55,2.55,2.55,2.55,2.55,2.55,2.549999999999997,2.549999999999641,2.5499999999740433,2.549999998501044,2.54999993239809,2.5499976938474296,2.549942795527867,2.5490172205656805,2.5389599719324334,2.4734064577475605,2.232084831662777
107.0,2.55,2.55,2.55,2.55,2.55,2.55,2.55,2.55,2.55,2.55,2.5499999999999963,2.5499999999995877,2.5499999999707383,2.5499999983397865,2.5499999264142788,2.5499975318703916,2.5499397673428446,2.5489809157221,2.5387079524646667,2.47252305370556,2.2307720695170867
108.0,2.55,2.55,2.55,2.55,2.55,2.55,2.55,2.55,2.55,2.55,2.5499999999999954,2.5499999999995273,2.5499999999670573,2.549999998163346,2.549999919980809,2.549997360680577,2.5499366194254987,2.5489437575725917,2.538453531013981,2.4716403922401855,2.229465860718563
109.0,2.55,2.55,2.55,2.55,2.55,2.55,2.55,2.55,2.55,2.55,2.5499999999999945,2.549999999999459,2.549999999962963,2.5499999979705015,2.5499999130701076,2.549997179884171,2.5499333488052742,2.548905739679338,2.5381967313426985,2.4707584989897136,2.228166121167799
110.0,2.55,2.55,2.55,2.55,2.55,2.55,2.55,2.55,2.55,2.55,2.5499999999999936,2.5499999999993817,2.5499999999584135,2.549999997759951,2.5499999056533196,2.5499969890767704,2.5499299524935806,2.548866855781937,2.537937577199168,2.4698773986111666,2.2268727685063316
111.0,2.55,2.55,2.55,2.55,2.55,2.55,2.55,2.55,2.55,2.55,2.5499999999999927,2.5499999999992937,2.549999999953365,2.549999997530306,2.5499998977002662,2.5499967878433223,2.5499264274848423,2.54882709979677,2.537676092307798,2.4689971148140506,2.225585722067877
112.0,2.55,2.55,2.55,2.55,2.55,2.55,2.55,2.55,2.55,2.55,2.549999999999992,2.5499999999991956,2.5499999999477705,2.549999997280091,2.549999889179409,2.5499965757580676,2.5499227707575516,2.5487864658162636,2.537412300359578,2.468117670392865,2.224304902831259
113.0,2.55,2.55,2.55,2.55,2.55,2.55,2.55,2.55,2.55,2.55,2.54999999999999,2.549999999999085,2.5499999999415763,2.549999997007736,2.549999880057807,2.5499963523844955,2.5499189792753096,2.548744948108057,2.5371462250030534,2.4672390872584486,2.223030233374958
114.0,2.55,2.55,2.55,2.55,2.55,2.55,2.55,2.55,2.55,2.55,2.5499999999999883,2.5499999999989607,2.5499999999347267,2.5499999967115716,2.5499998703010833,2.5499961172752963,2.5499150499878707,2.5487025411140816,2.536877889835755,2.4663613864681864,2.2217616378332115
115.0,2.55,2.55,2.55,2.55,2.55,2.55,2.55,2.55,2.55,2.55,2.5499999999999865,2.5499999999988203,2.549999999927161,2.549999996389826,2.5499998598733815,2.5499958699723244,2.5499109798321777,2.548659239449546,2.5366073183960514,2.465484588255138,2.220499041853602
116.0,2.55,2.55,2.55,2.55,2.55,2.55,2.55,2.55,2.55,2.55,2.5499999999999847,2.549999999998663,2.549999999918813,2.5499999960406203,2.549999848737327,2.549995610006566,2.5499067657333923,2.5486150379018486,2.5363345341554187,2.4646087120561226,2.2192423725560886
117.0,2.55,2.55,2.55,2.55,2.55,2.55,2.55,2.55,2.55,2.55,2.549999999999982,2.5499999999984873,2.549999999909613,2.5499999956619623,2.5499998368539893,2.5499953368981103,2.5499024046059215,2.5485699314294026,2.5360595605111085,2.463733776538795,2.2179915584934013
118.0,2.55,2.55,2.55,2.55,2.55,2.55,2.55,2.55,2.55,2.55,2.5499999999999794,2.54999999999829,2.549999999899484,2.5499999952517425,2.549999824182841,2.5499950501561304,2.549897893354429,2.5485239151603962,2.5357824207791984,2.4628597996277612,2.2167465296127666
119.0,2.55,2.55,2.55,2.55,2.55,2.55,2.55,2.55,2.55,2.55,2.549999999999976,2.5499999999980703,2.5499999998883434,2.5499999948077274,2.5499998106817197,2.5499947492788637,2.549893228874849,2.5484769843914794,2.535503138188013,2.461986798529763,2.215507217218898
120.0,2.55,2.55,2.55,2.55,2.55,2.55,2.55,2.55,2.55,2.55,2.5499999999999714,2.549999999997824,2.5499999998761034,2.549999994327555,2.549999796306784,2.5499944337536053,2.5498884080553816,2.548429134586385,2.5352217358718994,2.4611147897579704,2.2142735539382117
121.0,2.55,2.55,2.55,2.55,2.55,2.55,2.55,2.55,2.55,2.55,2.549999999999966,2.5499999999975493,2.549999999862669,2.5499999938087297,2.5499997810124806,2.549994103056699,2.549883427777486,2.5483803613744938,2.534938236865349,2.4602437891537625,2.2130454462899705
122.0,2.55,2.55,2.55,2.55,2.55,2.55,2.55,2.55,2.55,2.55,2.5499999999999607,2.5499999999972442,2.5499999998479375,2.5499999932486164,2.5499997647514983,2.549993756653539,2.5498782849168586,2.5483306605493325,2.5346526640974387,2.4593738119045225,2.211822855834627
123.0,2.55,2.55,2.55,2.55,2.55,2.55,2.55,2.55,2.55,2.55,2.5499999999999545,2.5499999999969045,2.5499999998318006,2.5499999926444334,2.549999747474731,2.5499933939985766,2.549872976344406,2.5482800280670306,2.534365040386596,2.458504872570611,2.210605718979947
124.0,2.55,2.55,2.55,2.55,2.55,2.55,2.55,2.55,2.55,2.55,2.5499999999999483,2.549999999996527,2.5499999998141405,2.549999991993248,2.549999729131239,2.5499930145353282,2.5498674989271994,2.548228460044718,2.5340753884356597,2.457636985108074,2.209393973322802
125.0,2.55,2.55,2.55,2.55,2.55,2.55,2.55,2.55,2.55,2.55,2.5499999999999403,2.5499999999961087,2.549999999794831,2.549999991291969,2.549999709668207,2.549992617696393,2.5498618495294263,2.548175952758876,2.53378373082724,2.4567701628889345,2.2081875576188517
126.0,2.55,2.55,2.55,2.55,2.55,2.55,2.55,2.55,2.55,2.55,2.5499999999999323,2.5499999999956433,2.549999999773739,2.5499999905373416,2.5499996890309076,2.549992202903474,2.549856025013324,2.548122502643654,2.5334900900193515,2.4559044187207757,2.206986411753184
127.0,2.55,2.55,2.55,2.55,2.55,2.55,2.55,2.55,2.55,2.55,2.5499999999999234,2.549999999995128,2.54999999975072,2.54999998972594,2.549999667162658,2.549991769567404,2.5498500222401006,2.5480681062891355,2.5331944883413233,2.4550397648656386,2.2057904767118925
128.0,2.55,2.55,2.55,2.55,2.55,2.55,2.55,2.55,2.55,2.55,2.549999999999913,2.549999999994558,2.54999999972562,2.549999988854162,2.549999644004786,2.5499913170881774,2.5498438380708484,2.5480127604395717,2.532896947989962,2.4541762130582656,2.2045996945545316
129.0,2.55,2.55,2.55,2.55,2.55,2.55,2.55,2.55,2.55,2.55,2.5499999999999012,2.5499999999939273,2.5499999996982767,2.5499999879182207,2.5499996194965857,2.549990844854986,2.5498374693674393,2.5479564619915833,2.5325974910259696,2.4533137745237075,2.2034140083874503
130.0,2.55,2.55,2.55,2.55,2.55,2.55,2.55,2.55,2.55,2.55,2.549999999999888,2.549999999993231,2.549999999668514,2.549999986914138,2.5499995935752837,2.5499903522462612,2.549830912993408,2.547899207992328,2.532296139370591,2.452452459994326,2.2022333623379398
131.0,2.55,2.55,2.55,2.55,2.55,2.55,2.55,2.55,2.55,2.55,2.549999999999873,2.5499999999924627,2.549999999636145,2.549999985837739,2.549999566175996,2.549989838629718,2.5498241658148197,2.5478409956376407,2.5319929148024984,2.4515922797262037,2.2010577015291855
132.0,2.55,2.55,2.55,2.55,2.55,2.55,2.55,2.55,2.55,2.55,2.5499999999998564,2.5499999999916163,2.5499999996009732,2.5499999846846446,2.5499995372316944,2.549989303362408,2.549817224701129,2.5477818222701467,2.531687838954889,2.4507332435149953,2.1998869720559893
133.0,2.55,2.55,2.55,2.55,2.55,2.55,2.55,2.55,2.55,2.55,2.549999999999838,2.5499999999906833,2.549999999562785,2.5499999834502605,2.549999506673164,2.549988745790775,2.549810086526017,2.547721685377355,2.5313809333127955,2.4498753607112267,2.1987211209612267
134.0,2.55,2.55,2.55,2.55,2.55,2.55,2.55,2.55,2.55,2.55,2.549999999999817,2.549999999989657,2.5499999995213574,2.549999982129775,2.5499994744289705,2.5499881652507117,2.54980274816822,2.547660582589729,2.5310722192105977,2.449018640235078,2.1975600962130244
135.0,2.55,2.55,2.55,2.55,2.55,2.55,2.55,2.55,2.55,2.5499999999999994,2.5499999999997938,2.5499999999885286,2.5499999994764506,2.5499999807181486,2.549999440425418,2.549987561067631,2.549795206512338,2.5475985116787365,2.530761717829725,2.448163090590654,2.1964038466826215
136.0,2.55,2.55,2.55,2.55,2.55,2.55,2.55,2.55,2.55,2.5499999999999985,2.549999999999769,2.549999999987289,2.5499999994278104,2.5499999792101065,2.549999404586516,2.5499869325565276,2.549787458449632,2.5475354705548914,2.530449450196547,2.4473087198797736,2.1952523221228972
137.0,2.55,2.55,2.55,2.55,2.55,2.55,2.55,2.55,2.55,2.5499999999999976,2.54999999999974,2.5499999999859284,2.549999999375168,2.5499999776001303,2.549999366833941,2.549986279022056,2.5497795008788042,2.547471457265771,2.5301354371804345,2.4464555358152857,2.194105473147542
138.0,2.55,2.55,2.55,2.55,2.55,2.55,2.55,2.55,2.55,2.5499999999999967,2.5499999999997085,2.549999999984437,2.5499999993182376,2.5499999758824528,2.549999327087001,2.5499855997586085,2.5497713307067635,2.547406469994028,2.529819699491996,2.4456035457339365,2.192963251210834
139.0,2.55,2.55,2.55,2.55,2.55,2.55,2.55,2.55,2.55,2.549999999999996,2.5499999999996734,2.549999999982803,2.5499999992567153,2.5499999740510453,2.549999285262601,2.5499848940503926,2.549762944849374,2.5473405070553974,2.529502257681475,2.4447527566087985,2.191825608588029
140.0,2.55,2.55,2.55,2.55,2.55,2.55,2.55,2.55,2.55,2.549999999999995,2.549999999999635,2.5499999999810146,2.5499999991902813,2.5499999720996134,2.549999241275204,2.5499841611715217,2.549754340232189,2.547273566896682,2.529183132137296,2.4439031750612816,2.190692498356309
141.0,2.55,2.55,2.55,2.55,2.55,2.55,2.55,2.55,2.55,2.549999999999994,2.5499999999995913,2.5499999999790584,2.5499999991185947,2.5499999700215863,2.549999195036801,2.549983400386102,2.5497455137911684,2.547205648093745,2.528862343084765,2.443054807372738,2.1895638743762964
142.0,2.55,2.55,2.55,2.55,2.55,2.55,2.55,2.55,2.55,2.549999999999993,2.5499999999995433,2.5499999999769205,2.5499999990412965,2.549999967810109,2.5499991464568743,2.5499826109483266,2.54973646247338,2.54713674934949,2.52853991058491,2.442207659495679,2.1884396912741004
143.0,2.55,2.55,2.55,2.55,2.55,2.55,2.55,2.55,2.55,2.5499999999999923,2.5499999999994905,2.5499999999745873,2.5499999989580067,2.549999965458033,2.549999095442365,2.5499817921025736,2.549727183237688,2.5470668694918452,2.5282158545334514,2.4413617370646143,2.1873199044238754
144.0,2.55,2.55,2.55,2.55,2.55,2.55,2.55,2.55,2.55,2.5499999999999914,2.5499999999994314,2.5499999999720404,2.5499999988683224,2.5499999629579113,2.5499990418976375,2.549980943083506,2.5497176730554187,2.546996007471739,2.5278901946599093,2.440517045406526,2.1862044699308933
145.0,2.55,2.55,2.55,2.55,2.55,2.55,2.55,2.55,2.55,2.5499999999999905,2.549999999999367,2.549999999969265,2.5499999987718196,2.5499999603019816,2.5499989857244514,2.5499800631161778,2.549707928911017,2.546924162361081,2.5275629505268267,2.4396735895509982,2.1850933446150798
146.0,2.55,2.55,2.55,2.55,2.55,2.55,2.55,2.55,2.55,2.5499999999999896,2.5499999999992955,2.5499999999662415,2.5499999986680506,2.5499999574821652,2.549998926821925,2.5499791514161387,2.5496979478026827,2.546851333350747,2.5272341415291133,2.438831374240005,2.18398648599503
147.0,2.55,2.55,2.55,2.55,2.55,2.55,2.55,2.55,2.55,2.5499999999999883,2.5499999999992164,2.5499999999629503,2.549999998556542,2.5499999544900556,2.549998865086506,2.5499782071895494,2.549687726742992,2.5467775197485585,2.526903786893502,2.437990403937378,2.1828838522724703
148.0,2.55,2.55,2.55,2.55,2.55,2.55,2.55,2.55,2.55,2.5499999999999865,2.5499999999991303,2.549999999959371,2.549999998436797,2.549999951316906,2.5499988004119416,2.5499772296332925,2.549677262759504,2.546702720977277,2.5265719056781086,2.4371506828379497,2.1817854023171543
149.0,2.55,2.55,2.55,2.55,2.55,2.55,2.55,2.55,2.55,2.5499999999999847,2.5499999999990344,2.5499999999554808,2.549999998308289,2.549999947953623,2.549998732689247,2.5499762179350927,2.549666552895348,2.5466269365725953,2.526238516772098,2.43631221487641,2.180691095652181
150.0,2.55,2.55,2.55,2.55,2.55,2.55,2.55,2.55,2.55,2.549999999999983,2.549999999998929,2.5499999999512557,2.5499999981704655,2.549999944390758,2.5499986618066757,2.549975171273635,2.5496555942097983,2.5465501661811443,2.525903638895442,2.4354750037358555,2.179600892439719
151.0,2.55,2.55,2.55,2.55,2.55,2.55,2.55,2.55,2.55,2.549999999999981,2.5499999999988137,2.549999999946671,2.549999998022744,2.5499999406184957,2.5499985876496924,2.54997408881869,2.5496443837788303,2.5464724095585005,2.5255672905987727,2.4346390528560646,2.178514753467122
152.0,2.55,2.55,2.55,2.55,2.55,2.55,2.55,2.55,2.55,2.5499999999999785,2.5499999999986867,2.549999999941699,2.5499999978645134,2.5499999366266444,2.549998510100944,2.5499729697312397,2.5496329186956643,2.546393666567205,2.5252294902633228,2.433804365441503,2.1774326401334325
153.0,2.55,2.55,2.55,2.55,2.55,2.55,2.55,2.55,2.55,2.549999999999975,2.549999999998547,2.5499999999363103,2.549999997695129,2.549999932404628,2.5499984290402318,2.5499718131636047,2.5496211960712873,2.546313937174796,2.524890256100949,2.4329709444690604,2.1763545144362397
154.0,2.55,2.55,2.55,2.55,2.55,2.55,2.55,2.55,2.55,2.5499999999999714,2.549999999998395,2.5499999999304745,2.549999997513914,2.5499999279414745,2.549998344344485,2.5499706182595787,2.549609213034967,2.5462332214518444,2.5245496061542343,2.432138792695537,2.1752803389589075
155.0,2.55,2.55,2.55,2.55,2.55,2.55,2.55,2.55,2.55,2.5499999999999674,2.549999999998227,2.549999999924159,2.5499999973201586,2.549999923225806,2.549998255887736,2.5499693841545605,2.549596966734743,2.5461515195700124,2.5242075582966668,2.431307912664886,2.1742100768581363
156.0,2.55,2.55,2.55,2.55,2.55,2.55,2.55,2.55,2.55,2.549999999999963,2.549999999998044,2.5499999999173295,2.549999997113116,2.549999918245832,2.5499981635410927,2.5499681099756892,2.5495844543379067,2.546068831800112,2.5238641302328872,2.430478306715221,2.1731436918518643
157.0,2.55,2.55,2.55,2.55,2.55,2.55,2.55,2.55,2.55,2.549999999999958,2.549999999997844,2.5499999999099483,2.5499999968920037,2.5499999129893336,2.5499980671727167,2.5499667948419864,2.549571673031464,2.545985158510188,2.523519339499008,2.429649976985595,2.172081148207487
158.0,2.55,2.55,2.55,2.55,2.55,2.55,2.55,2.55,2.55,2.5499999999999527,2.549999999997625,2.549999999901976,2.549999996656001,2.5499999074436586,2.549997966647798,2.5499654378644925,2.5495586200225855,2.5459005001636097,2.5231732034629935,2.428822925422556,2.1710224107303957
159.0,2.55,2.55,2.55,2.55,2.55,2.55,2.55,2.55,2.55,2.549999999999947,2.549999999997386,2.5499999998933713,2.549999996404247,2.549999901595709,2.5499978618285324,2.5499640381464133,2.5495452925390367,2.545814857317178,2.522825739325103,2.4279971537864955,2.1699674447528072
160.0,2.55,2.55,2.55,2.55,2.55,2.55,2.55,2.55,2.55,2.5499999999999408,2.5499999999971252,2.54999999988409,2.54999999613584,2.549999895431931,2.5499977525740998,2.5499625947832625,2.5495316878295964,2.5457282306192486,2.522476964118391,2.4271726636577897,2.168916216122899
161.0,2.55,2.55,2.55,2.55,2.55,2.55,2.55,2.55,2.55,2.549999999999934,2.5499999999968406,2.5499999998740837,2.5499999958498356,2.549999888938304,2.549997638740642,2.5499611068630084,2.549517803164462,2.5456406208078706,2.522126894709261,2.426349456442743,2.167868691194217
162.0,2.55,2.55,2.55,2.55,2.55,2.55,2.55,2.55,2.55,2.5499999999999265,2.5499999999965306,2.5499999998633047,2.549999995545246,2.5499998821003302,2.5499975201812433,2.5499595734662233,2.5495036358356353,2.545552028708943,2.52177554779807,2.4255275333793396,2.166824836815365
163.0,2.55,2.55,2.55,2.55,2.55,2.55,2.55,2.55,2.55,2.5499999999999186,2.5499999999961926,2.5499999998517,2.549999995221037,2.5499998749030266,2.5499973967459093,2.5499579936662324,2.549489183157297,2.5454624552343876,2.5214229399197854,2.424706895542813,2.165784620319962
164.0,2.55,2.55,2.55,2.55,2.55,2.55,2.55,2.55,2.55,2.5499999999999097,2.549999999995825,2.5499999998392124,2.549999994876126,2.5499998673309117,2.5499972682815493,2.5499563665292664,2.5494744424661677,2.5453719013803395,2.521069087444687,2.4238875438510306,2.1647480095168437
165.0,2.55,2.55,2.55,2.55,2.55,2.55,2.55,2.55,2.55,2.5499999999999003,2.549999999995425,2.5499999998257845,2.549999994509384,2.549999859367995,2.5499971346319583,2.5499546911146123,2.5494594111218514,2.5452803682253546,2.520714006579105,2.423069479069717,2.163714972680536
166.0,2.55,2.55,2.55,2.55,2.55,2.55,2.55,2.55,2.55,2.549999999999889,2.5499999999949896,2.5499999998113534,2.549999994119629,2.549999850997769,2.5499969956377986,2.5499529664747698,2.5494440865071675,2.5451878569286386,2.520357713366212,2.4222527018174986,2.1626854785419485
167.0,2.55,2.55,2.55,2.55,2.55,2.55,2.55,2.55,2.55,2.549999999999877,2.5499999999945175,2.549999999795853,2.5499999937056272,2.5499998422031944,2.549996851136583,2.5499511916556057,2.549428466028468,2.545094368728291,2.5200002236868397,2.4214372125707966,2.1616594962793214
168.0,2.55,2.55,2.55,2.55,2.55,2.55,2.55,2.55,2.55,2.5499999999998635,2.5499999999940046,2.5499999997792138,2.5499999932660917,2.5499998329666935,2.5499967009626627,2.5499493656965124,2.5494125471159426,2.544999904939572,2.5196415532603402,2.4206230116685603,2.160636995509387
169.0,2.55,2.55,2.55,2.55,2.55,2.55,2.55,2.55,2.55,2.5499999999998493,2.549999999993448,2.5499999997613623,2.5499999927996786,2.549999823270137,2.5499965449472075,2.5499474876305626,2.549396327223907,2.5449044669531853,2.51928171764548,2.4198100993168485,2.1596179462787566
170.0,2.55,2.55,2.55,2.55,2.55,2.55,2.55,2.55,2.55,2.5499999999998337,2.5499999999928447,2.549999999742222,2.549999992304985,2.549999813094834,2.5499963829181955,2.54994555648467,2.549379803831081,2.544808056233582,2.5189207322413627,2.418998475593272,2.158602319055527
171.0,2.55,2.55,2.55,2.55,2.55,2.55,2.55,2.55,2.55,2.5499999999998164,2.5499999999921914,2.5499999997217095,2.5499999917805507,2.5499998024215214,2.5499962147003994,2.5499435712797496,2.5493629744408537,2.5447106743172867,2.5185586122883845,2.4181881404512904,2.1575900847210865
172.0,2.55,2.55,2.55,2.55,2.55,2.55,2.55,2.55,2.549999999999999,2.5499999999997973,2.549999999991484,2.5499999996997396,2.549999991224852,2.549999791230353,2.549996040115373,2.5499415310308757,2.5493458365815327,2.5446123228112407,2.5181953728692124,2.4173790937243727,2.156581214562127
173.0,2.55,2.55,2.55,2.55,2.55,2.55,2.55,2.55,2.549999999999998,2.549999999999777,2.5499999999907184,2.5499999996762215,2.5499999906363033,2.5499997795008875,2.549995858981442,2.5499394347474453,2.5493283878065833,2.5445130033911667,2.5178310289097947,2.4165713351300306,2.155575680262849
174.0,2.55,2.55,2.55,2.55,2.55,2.55,2.55,2.55,2.549999999999997,2.5499999999997542,2.5499999999898906,2.5499999996510585,2.5499999900132515,2.5499997672120793,2.5499956711136917,2.5499372814333388,2.549310625694857,2.544412717799954,2.517465595180393,2.4157648642737253,2.1545734538973633
175.0,2.55,2.55,2.55,2.55,2.55,2.55,2.55,2.55,2.5499999999999963,2.5499999999997294,2.5499999999889953,2.549999999624151,2.549999989353977,2.5499997543422683,2.5499954763239585,2.5499350700870815,2.5492925478508015,2.544311467846064,2.517099086296632,2.414959680652646,2.153574507922269
176.0,2.55,2.55,2.55,2.55,2.55,2.55,2.55,2.55,2.5499999999999954,2.5499999999997027,2.549999999988028,2.549999999595393,2.5499999886566895,2.5499997408691653,2.5499952744208207,2.5499327997020087,2.5492741519046644,2.5442092554019586,2.5167315167205784,2.414155783659374,2.1525788151694147
177.0,2.55,2.55,2.55,2.55,2.55,2.55,2.55,2.55,2.5499999999999945,2.549999999999673,2.5499999999869845,2.5499999995646725,2.549999987919529,2.549999726769845,2.5499950652095906,2.5499304692664264,2.5492554355126855,2.5441060824025463,2.5163629007618296,2.4133531725854356,2.151586348838833
178.0,2.55,2.55,2.55,2.55,2.55,2.55,2.55,2.55,2.5499999999999936,2.549999999999641,2.5499999999858582,2.549999999531872,2.549999987140559,2.549999712020734,2.549994848492308,2.5499280777637754,2.54923639635727,2.5440019508436524,2.515993252578627,2.4125518466247344,2.150597082491842
179.0,2.55,2.55,2.55,2.55,2.55,2.55,2.55,2.55,2.5499999999999927,2.549999999999606,2.549999999984643,2.549999999496869,2.5499999863177694,2.5499996965975997,2.5499946240677334,2.549925624172795,2.549217032147161,2.543896862780506,2.515622586178984,2.411751804876887,2.1496109900443168
180.0,2.55,2.55,2.55,2.55,2.55,2.55,2.55,2.55,2.549999999999992,2.5499999999995677,2.5499999999833345,2.5499999994595344,2.5499999854490696,2.549999680475539,2.5499943917313432,2.549923107467688,2.5491973406175905,2.543790820326255,2.515250915421826,2.410953046350448,2.148628045760109
181.0,2.55,2.55,2.55,2.55,2.55,2.55,2.55,2.55,2.549999999999991,2.549999999999526,2.5499999999819245,2.5499999994197315,2.5499999845322896,2.5499996636289683,2.549994151275325,2.5499205266182816,2.5491773195304295,2.5436838256504943,2.5148782540181447,2.4101555699676647,2.147648251939178
182.0,2.55,2.55,2.55,2.55,2.55,2.55,2.55,2.55,2.5499999999999896,2.549999999999481,2.549999999980407,2.5499999993773184,2.549999983565176,2.5499996460316123,2.549993902488575,2.5499178805901943,2.5491569666743166,2.5435758809778206,2.5145046155321693,2.4093593745722646,2.146671556826906
183.0,2.55,2.55,2.55,2.55,2.55,2.55,2.55,2.55,2.549999999999989,2.549999999999432,2.549999999978774,2.549999999332146,2.5499999825453905,2.5499996276564936,2.549993645156694,2.549915168344998,2.5491362798647854,2.543466988586407,2.5141300133825446,2.408564458927292,2.1456979356739216
184.0,2.55,2.55,2.55,2.55,2.55,2.55,2.55,2.55,2.5499999999999883,2.5499999999993785,2.5499999999770178,2.549999999284057,2.5499999814705068,2.5499996084759218,2.5499933790619864,2.549912388840381,2.5491152569443774,2.543357150806596,2.5137544608435247,2.407770821716303,2.1447273640547593
185.0,2.55,2.55,2.55,2.55,2.55,2.55,2.55,2.55,2.549999999999987,2.549999999999321,2.5499999999751304,2.5499999992328872,2.5499999803380096,2.549999588461483,2.5499931039834585,2.549909541030312,2.5490938957827427,2.5432463700195194,2.513377971046171,2.4069784615461405,2.143759817861979
186.0,2.55,2.55,2.55,2.55,2.55,2.55,2.55,2.55,2.549999999999985,2.5499999999992577,2.549999999973103,2.549999999178465,2.5499999791452908,2.5499995675840283,2.5499928196968185,2.549906623865205,2.5490721942767367,2.543134648655734,2.5130005569795593,2.4061873769496156,2.142795273300426
187.0,2.55,2.55,2.55,2.55,2.55,2.55,2.55,2.55,2.5499999999999834,2.54999999999919,2.549999999970926,2.5499999991206095,2.5499999778896467,2.549999545813664,2.5499925259744787,2.5499036362920773,2.5490501503505003,2.5430219891938783,2.5126222314919957,2.405397566388113,2.1418337068816258
188.0,2.55,2.55,2.55,2.55,2.55,2.55,2.55,2.55,2.5499999999999816,2.5499999999991156,2.5499999999685894,2.549999999059132,2.5499999765682766,2.549999523119741,2.5499922225855545,2.549900577254718,2.5490277619555366,2.5429083941593538,2.512243007292233,2.4046090282541135,2.1408750954183002
189.0,2.55,2.55,2.55,2.55,2.55,2.55,2.55,2.55,2.54999999999998,2.5499999999990357,2.549999999966084,2.549999998993836,2.5499999751782805,2.549999499470845,2.5499919092958687,2.549897445693844,2.5490050270707734,2.5427938661230254,2.5118628969506953,2.403821760873636,2.1399194160190165
190.0,2.55,2.55,2.55,2.55,2.55,2.55,2.55,2.55,2.549999999999978,2.549999999998949,2.549999999963397,2.549999998924513,2.549999973716655,2.5499994748347836,2.549991585867954,2.5498942405472658,2.548981943702622,2.542678407699941,2.511481912900707,2.4030357625086074,2.138966646082954
191.0,2.55,2.55,2.55,2.55,2.55,2.55,2.55,2.55,2.549999999999975,2.549999999998855,2.5499999999605185,2.549999998850949,2.5499999721802924,2.5499994491785785,2.5499912520610573,2.5498909607500444,2.548958509885021,2.542562021548072,2.5111000674397213,2.402251031359163,2.1380167632947873
192.0,2.55,2.55,2.55,2.55,2.55,2.55,2.55,2.55,2.5499999999999714,2.5499999999987537,2.5499999999574356,2.549999998772918,2.5499999705659775,2.5499994224684537,2.5499909076311424,2.549887605234655,2.548934723679475,2.542444710367077,2.5107173727305554,2.4014675655658677,2.1370697456196854
193.0,2.55,2.55,2.55,2.55,2.55,2.55,2.55,2.55,2.549999999999968,2.549999999998644,2.549999999954135,2.549999998690183,2.5499999688703836,2.5499993946698263,2.5499905523309,2.5498841729311432,2.5489105831750862,2.542326476897083,2.510333840802622,2.4006853632118785,2.136125571298425
194.0,2.55,2.55,2.55,2.55,2.55,2.55,2.55,2.55,2.5499999999999643,2.549999999998526,2.549999999950604,2.5499999986024986,2.5499999670900717,2.5499993657472952,2.5499901859097496,2.5498806627672854,2.548886086488576,2.5422073239174874,2.509949483553166,2.399904422325034,2.1351842188426073
195.0,2.55,2.55,2.55,2.55,2.55,2.55,2.55,2.55,2.54999999999996,2.5499999999983975,2.5499999999468272,2.5499999985096076,2.5499999652214864,2.549999335664631,2.54998980811385,2.5498770736687466,2.5488612317642954,2.542087254245782,2.509564312748502,2.3991247408798833,2.134245667029988
196.0,2.55,2.55,2.55,2.55,2.55,2.55,2.55,2.55,2.5499999999999554,2.5499999999982594,2.5499999999427905,2.549999998411241,2.5499999632609542,2.5499993043847686,2.5499894186861054,2.5498734045592366,2.548836017174234,2.541966270736393,2.509178340025245,2.398346316799651,2.133309894899903
197.0,2.55,2.55,2.55,2.55,2.55,2.55,2.55,2.55,2.549999999999951,2.5499999999981107,2.5499999999384766,2.5499999983071193,2.549999961204681,2.549999271869792,2.5499890173661743,2.5498696543606663,2.548810440918017,2.541844376279544,2.5087915768915487,2.397569147958147,2.132376881748798
198.0,2.55,2.55,2.55,2.55,2.55,2.55,2.55,2.55,2.549999999999946,2.5499999999979504,2.5499999999338705,2.5499999981969497,2.549999959048746,2.5499992380809298,2.549988603890479,2.5498658219933015,2.5487845012228947,2.5417215738001397,2.5084040347283363,2.3967932321816114,2.1314466071258518
199.0,2.55,2.55,2.55,2.55,2.55,2.55,2.55,2.55,2.5499999999999408,2.549999999997777,2.5499999999289535,2.549999998080428,2.5499999567891027,2.549999202978542,2.549988177992218,2.549861906375921,2.5487581963437274,2.541597866256663,2.5080157247905293,2.396018567250506,2.130519050828704
200.0,2.55,2.55,2.55,2.55,2.55,2.55,2.55,2.55,2.549999999999935,2.549999999997591,2.549999999923706,2.549999997957237,2.5499999544215752,2.549999166522112,2.549987739401374,2.5498579064259648,2.548731524562962,2.5414732566401,2.5076266582082787,2.395245150901255,2.1295941928992606
201.0,2.55,2.55,2.55,2.55,2.55,2.55,2.55,2.55,2.5499999999999288,2.5499999999973904,2.5499999999181107,2.549999997827046,2.549999951941855,2.5499991286702355,2.549987287844727,2.5498538210596893,2.5487044841905986,2.541347747972875,2.5072368459881877,2.3944729808279277,2.128672013619604
202.0,2.55,2.55,2.55,2.55,2.55,2.55,2.55,2.55,2.5499999999999226,2.5499999999971745,2.549999999912145,2.549999997689511,2.5499999493454943,2.5499990893806133,2.549986823045866,2.549849649192317,2.548677073564158,2.541221343307814,2.506846299014534,2.393702054683871,2.1277524935079803
203.0,2.55,2.55,2.55,2.55,2.55,2.55,2.55,2.55,2.5499999999999154,2.5499999999969427,2.549999999905788,2.5499999975442726,2.5499999466279117,2.5499990486100392,2.549986344725206,2.5498453897381856,2.5486492910486334,2.541094045727116,2.5064550280504867,2.392932370083294,2.126835613314878
204.0,2.55,2.55,2.55,2.55,2.55,2.55,2.55,2.55,2.549999999999908,2.5499999999966936,2.5499999998990175,2.5499999973909584,2.5499999437843788,2.5499990063143922,2.5499858525999946,2.5498410416108985,2.5486211350364414,2.540965858341354,2.5060630437393194,2.392163924602805,2.1259213540191833
205.0,2.55,2.55,2.55,2.55,2.55,2.55,2.55,2.55,2.5499999999999,2.5499999999964253,2.549999999891808,2.54999999722918,2.549999940810026,2.549998962448629,2.549985346384334,2.54983660372347,2.5485926039473688,2.5408367842884854,2.5056703566056187,2.391396715782901,2.125009696824428
206.0,2.55,2.55,2.55,2.55,2.55,2.55,2.55,2.55,2.549999999999891,2.5499999999961376,2.5499999998841365,2.5499999970585328,2.5499999376998335,2.5499989169667705,2.549984825789192,2.5498320749884726,2.548563696228507,2.540706826732885,2.505276977056489,2.3906307411294088,2.124100623155102
207.0,2.55,2.55,2.55,2.55,2.55,2.55,2.55,2.55,2.549999999999881,2.549999999995829,2.5499999998759755,2.5499999968785976,2.549999934448631,2.5499988698218963,2.5499842905224197,2.549827454318182,2.5485344103541867,2.540575988864396,2.5048829153827468,2.389865998114889,2.123194114653055
208.0,2.55,2.55,2.55,2.55,2.55,2.55,2.55,2.55,2.5499999999998697,2.549999999995497,2.5499999998672975,2.549999996688938,2.5499999310510946,2.5499988209661364,2.5499837402887677,2.5498227406247183,2.5485047448259026,2.540444273897398,2.504488181760117,2.3891024841799924,2.122290153173965
209.0,2.55,2.55,2.55,2.55,2.55,2.55,2.55,2.55,2.5499999999998577,2.549999999995142,2.5499999998580734,2.5499999964891,2.5499999275017426,2.5499987703506584,2.5499831747899027,2.549817932820191,2.5484746981722344,2.5403116850698897,2.5040927862504168,2.3883401967347773,2.1213887207838833
210.0,2.55,2.55,2.55,2.55,2.55,2.55,2.55,2.55,2.5499999999998453,2.549999999994761,2.549999999848273,2.549999996278612,2.5499999237949336,2.549998717925664,2.549982593724427,2.549813029816838,2.5484442689487645,2.5401782256425944,2.503696738802738,2.3875791331599876,2.1204897997558523
211.0,2.55,2.55,2.55,2.55,2.55,2.55,2.55,2.549999999999999,2.549999999999832,2.5499999999943532,2.549999999837864,2.549999996056987,2.5499999199248604,2.549998663640377,2.5499819967878956,2.5498080305271658,2.5484134557379883,2.5400438988980776,2.5033000492546154,2.38681929080829,2.119593372566587
212.0,2.55,2.55,2.55,2.55,2.55,2.55,2.55,2.549999999999998,2.5499999999998177,2.549999999993916,2.549999999826815,2.5499999958237143,2.54999991588555,2.549998607443036,2.5499813836728364,2.5498029338640853,2.5483822571492167,2.5399087081398863,2.5029027273332,2.386060667005477,2.1186994218932322
213.0,2.55,2.55,2.55,2.55,2.55,2.55,2.55,2.549999999999997,2.5499999999998018,2.549999999993448,2.5499999998150877,2.5499999955782684,2.549999911670861,2.549998549280887,2.5499807540687702,2.5497977387410504,2.5483506718184823,2.5397726566916994,2.5025047826564135,2.385303259051631,2.1178079306101774
214.0,2.55,2.55,2.55,2.55,2.55,2.55,2.55,2.5499999999999963,2.5499999999997844,2.5499999999929472,2.5499999998026484,2.5499999953201016,2.5499999072744757,2.5499984891001737,2.5499801076622295,2.5497924440721933,2.548318698408431,2.539635747896499,2.5021062247341033,2.3845470642222537,2.1169188817859452
215.0,2.55,2.55,2.55,2.55,2.55,2.55,2.55,2.5499999999999954,2.5499999999997662,2.5499999999924117,2.549999999789457,2.549999995048646,2.549999902689901,2.5499984268461313,2.5499794441367816,2.5497870487724557,2.5482863356082186,2.539497985115757,2.501707062969185,2.3837920797693632,2.116032258680135
216.0,2.55,2.55,2.55,2.55,2.55,2.55,2.55,2.5499999999999945,2.5499999999997467,2.5499999999918392,2.5499999997754754,2.549999994763314,2.5499998979104657,2.5499983624629774,2.5499787631730495,2.5497815517577216,2.5482535821333943,2.5393593717286342,2.501307306658783,2.383038302922554,2.115148044740426
217.0,2.55,2.55,2.55,2.55,2.55,2.55,2.55,2.5499999999999936,2.5499999999997245,2.5499999999912273,2.5499999997606597,2.549999994463496,2.5499998929293115,2.549998295893905,2.5499780644487333,2.549775951944949,2.548220436725786,2.539219911131203,2.500906964995356,2.382285730890032,2.1142662235996554
218.0,2.55,2.55,2.55,2.55,2.55,2.55,2.55,2.5499999999999927,2.5499999999997014,2.5499999999905736,2.5499999997449665,2.5499999941485605,2.5499998877393963,2.5499982270810757,2.549977347638634,2.5497702482522966,2.5481868981533804,2.539079606735677,2.500506047067823,2.38153436085961,2.113386779072935
219.0,2.55,2.55,2.55,2.55,2.55,2.55,2.55,2.549999999999992,2.549999999999677,2.549999999989876,2.549999999728351,2.5499999938178513,2.549999882333487,2.5499981559656106,2.549976612414676,2.549764439599252,2.548152965210197,2.5389384619696616,2.500104561862672,2.3807841899996784,2.1125096951548357
220.0,2.55,2.55,2.55,2.55,2.55,2.55,2.55,2.549999999999991,2.54999999999965,2.5499999999891316,2.549999999710765,2.549999993470691,2.549999876704157,2.5499980824875834,2.5499758584459316,2.549758524906757,2.5481186367161612,2.5387964802754186,2.499702518265068,2.3800352154601456,2.111634956016631
221.0,2.55,2.55,2.55,2.55,2.55,2.55,2.55,2.54999999999999,2.5499999999996215,2.549999999988337,2.5499999996921585,2.5499999931063773,2.5499998708437843,2.5499980065860157,2.549975085398645,2.5497525030973325,2.548083911516973,2.5386536651091434,2.499299925059949,2.3792874343733503,2.110762546003581
222.0,2.55,2.55,2.55,2.55,2.55,2.55,2.55,2.549999999999989,2.5499999999995904,2.5499999999874894,2.549999999672479,2.549999992724184,2.549999864744545,2.549997928198868,2.5499742929362568,2.549746373095201,2.5480487884839693,2.5385100199402606,2.4988967909331135,2.3785408438549447,2.1098924496322864
223.0,2.55,2.55,2.55,2.55,2.55,2.55,2.55,2.5499999999999883,2.5499999999995566,2.549999999986586,2.5499999996516722,2.549999992323358,2.5499998583984125,2.5499978472630325,2.549973480719429,2.5497401338264045,2.5480132665139887,2.538365548250733,2.498493124472302,2.3777954410047513,2.109024651588079
224.0,2.55,2.55,2.55,2.55,2.55,2.55,2.55,2.5499999999999874,2.549999999999521,2.549999999985623,2.5499999996296814,2.549999991903121,2.549999851797153,2.5499977637143276,2.549972648406074,2.549733784218928,2.5479773445292278,2.538220253534381,2.498088934168265,2.377051222907597,2.108159136722474
225.0,2.55,2.55,2.55,2.55,2.55,2.55,2.55,2.5499999999999865,2.5499999999994825,2.5499999999845975,2.549999999606447,2.549999991462669,2.549999844932323,2.5499976774874913,2.549971795651375,2.549727323202812,2.5479410214770954,2.5380741392962243,2.497684228415828,2.3763081866341165,2.107295890050665
226.0,2.55,2.55,2.55,2.55,2.55,2.55,2.55,2.5499999999999856,2.549999999999441,2.5499999999835055,2.549999999581908,2.549999991001168,2.549999837795264,2.5499975885161756,2.5499709221078186,2.5497207497102745,2.547904296330069,2.537927209051828,2.4972790155149434,2.3755663292415363,2.106434896749068
227.0,2.55,2.55,2.55,2.55,2.55,2.55,2.55,2.5499999999999847,2.5499999999993967,2.5499999999823437,2.549999999555999,2.5499999905177586,2.549999830377101,2.5499974967329395,2.549970027425218,2.549714062675819,2.5478671680855403,2.5377794663266715,2.4968733036717334,2.374825647774434,2.1055761421529153
228.0,2.55,2.55,2.55,2.55,2.55,2.55,2.55,2.549999999999984,2.5499999999993497,2.5499999999811074,2.5499999995286533,2.549999990011551,2.5499998226687373,2.549997402069243,2.5499691112507437,2.54970726103635,2.5478296357656625,2.5376309146555225,2.4964671009995283,2.3740861392654704,2.104719611753894
229.0,2.55,2.55,2.55,2.55,2.55,2.55,2.55,2.549999999999982,2.5499999999992986,2.549999999979792,2.5499999994998013,2.549999989481627,2.549999814660853,2.5499973044554407,2.549968173228948,2.549700343731285,2.547791698417197,2.53748155758183,2.496060415519891,2.3733478007361057,2.1038652911978257
230.0,2.55,2.55,2.55,2.55,2.55,2.55,2.55,2.5499999999999803,2.549999999999244,2.5499999999783944,2.549999999469369,2.549999988927037,2.5499998063439,2.549997203820779,2.5499672130017976,2.54969330970266,2.547753355111354,2.537331398657131,2.4956532551636346,2.3726106291972897,2.1030131662823983
231.0,2.55,2.55,2.55,2.55,2.55,2.55,2.55,2.5499999999999785,2.5499999999991854,2.5499999999769085,2.5499999994372815,2.5499999883467996,2.5499997977080993,2.549997100093387,2.5499662302086987,2.54968615789524,2.5477146049436303,2.5371804414404617,2.4952456277718293,2.371874621650132,2.1021632229549283
232.0,2.55,2.55,2.55,2.55,2.55,2.55,2.55,2.549999999999976,2.5499999999991227,2.5499999999753302,2.5499999994034592,2.5499999877399038,2.5499997887434347,2.549996993200275,2.549965224486528,2.549678887256623,2.5476754470336482,2.5370286894977943,2.4948375410968047,2.371139775086554,2.1013154473101787
233.0,2.55,2.55,2.55,2.55,2.55,2.55,2.55,2.549999999999973,2.5499999999990557,2.5499999999736542,2.54999999936782,2.5499999871053047,2.5499997794396556,2.549996883067325,2.5499641954696632,2.5496714967373446,2.547635880524991,2.536876146401475,2.4944290028031344,2.3704060864899175,2.100469825588209
234.0,2.55,2.55,2.55,2.55,2.55,2.55,2.55,2.5499999999999705,2.5499999999989837,2.5499999999718748,2.5499999993302787,2.549999986441924,2.5499997697862664,2.54999676961929,2.5499631427900114,2.54966398529098,2.5475959045850356,2.5367228157296786,2.494020020468622,2.3696735528356365,2.0996263441722647
235.0,2.55,2.55,2.55,2.55,2.55,2.55,2.55,2.5499999999999674,2.5499999999989074,2.549999999969986,2.549999999290746,2.549999985748649,2.5499997597725272,2.549996652779787,2.5499620660770397,2.549656351874246,2.547555518404783,2.536568701065879,2.4936106015852677,2.3689421710917706,2.098784989586713
236.0,2.55,2.55,2.55,2.55,2.55,2.55,2.55,2.549999999999964,2.5499999999988248,2.5499999999679823,2.549999999249129,2.549999985024334,2.549999749387449,2.549996532471293,2.5499609649578066,2.5496485954470973,2.5475147211986893,2.536413805998323,2.4932007535602327,2.3682119382195976,2.097945748495008
237.0,2.55,2.55,2.55,2.55,2.55,2.55,2.55,2.5499999999999603,2.5499999999987373,2.549999999965858,2.549999999205332,2.549999984267793,2.5499997386197917,2.54999640861514,2.549959839056992,2.5496407149728255,2.547473512204491,2.536258134119522,2.4927904837167927,2.367482851174172,2.0971086076977
238.0,2.55,2.55,2.55,2.55,2.55,2.55,2.55,2.5499999999999567,2.5499999999986436,2.549999999963605,2.5499999991592546,2.549999983477809,2.5499997274580575,2.549996281131512,2.5499586879969303,2.5496327094181535,2.547431890683033,2.5361016890257564,2.49237979929528,2.366754906904865,2.096273554130478
239.0,2.55,2.55,2.55,2.55,2.55,2.55,2.55,2.5499999999999527,2.549999999998543,2.549999999961218,2.5499999991107933,2.5499999826531234,2.549999715890489,2.549996149939439,2.54995751139764,2.549624577753331,2.547389855918094,2.5359444743165858,2.4919687074540176,2.3660281023558865,2.0954405748622467
240.0,2.55,2.55,2.55,2.55,2.55,2.55,2.55,2.5499999999999483,2.5499999999984366,2.5499999999586893,2.54999999905984,2.5499999817924404,2.5499997039050672,2.5499960149567955,2.5499563088768555,2.549616318952225,2.5473474072162072,2.535786493594374,2.491557215270246,2.365302434466795,2.094609657093244
241.0,2.55,2.55,2.55,2.55,2.55,2.55,2.55,2.549999999999944,2.549999999998322,2.549999999956011,2.5499999990062827,2.549999980894426,2.5499996914895053,2.5499958761002954,2.5499550800500614,2.5496079319924094,2.5473045439064825,2.535627750463824,2.4911453297410384,2.3645779001685545,2.09378071126763
242.0,2.55,2.55,2.55,2.55,2.55,2.55,2.55,2.5499999999999394,2.549999999998201,2.549999999953176,2.5499999989500046,2.5499999799577044,2.5499996786312473,2.5499957332854892,2.5499538245305238,2.5495994158552566,2.5472612653404285,2.5354682485315214,2.4907330577842046,2.3638544963710695,2.0929537989833316
243.0,2.55,2.55,2.55,2.55,2.55,2.55,2.55,2.549999999999934,2.549999999998071,2.5499999999501752,2.5499999988908857,2.5499999789808596,2.549999665317463,2.5499955864267596,2.549952541929322,2.549590769526022,2.5472175708917715,2.535307991405496,2.490320406239181,2.3631322199775147,2.0921289078760097
244.0,2.55,2.55,2.55,2.55,2.55,2.55,2.55,2.5499999999999288,2.549999999997933,2.549999999947,2.5499999988288002,2.549999977962435,2.5499996515350443,2.549995435437318,2.5499512318553834,2.5495819919939287,2.547173459956273,2.5351469826947834,2.489907381867913,2.362411067889267,2.091306025703519
245.0,2.55,2.55,2.55,2.55,2.55,2.55,2.55,2.5499999999999234,2.5499999999977856,2.5499999999436422,2.5499999987636186,2.5499999769009296,2.5499996372706044,2.549995280229205,2.549949893915515,2.549573082252256,2.5471289319515473,2.534985226009004,2.489493991355724,2.3616910370063002,2.0904851403442786
246.0,2.55,2.55,2.55,2.55,2.55,2.55,2.55,2.549999999999917,2.5499999999976284,2.5499999999400917,2.5499999986952053,2.5499999757947984,2.5499996225104704,2.549995120713283,2.5499485277144385,2.5495640392984136,2.5470839863168786,2.534822724957949,2.4890802413121813,2.3609721242275707,2.0896662397956556
247.0,2.55,2.55,2.55,2.55,2.55,2.55,2.55,2.549999999999911,2.5499999999974614,2.549999999936339,2.5499999986234205,2.5499999746424535,2.5499996072406823,2.5499949567992353,2.5499471328548218,2.5495548621340287,2.5470386225130346,2.5346594831511786,2.48866613827195,2.3602543264513907,2.088849312172387
248.0,2.55,2.55,2.55,2.55,2.55,2.55,2.55,2.549999999999905,2.5499999999972838,2.549999999932374,2.5499999985481203,2.54999997344226,2.549999591446989,2.5499947883955665,2.549945708937313,2.5495455497650203,2.5469928400220843,2.5344955041976265,2.488251688695642,2.359537640575787,2.088034345705022
249.0,2.55,2.55,2.55,2.55,2.55,2.55,2.55,2.5499999999998977,2.5499999999970946,2.5499999999281857,2.549999998469154,2.5499999721925373,2.5499995751148443,2.549994615409597,2.5499442555605785,2.54953610120168,2.546946638347209,2.534330791705215,2.4878368989706527,2.358822063498857,2.0872213287383876
250.0,2.55,2.55,2.55,2.55,2.55,2.55,2.55,2.5499999999998897,2.549999999996893,2.5499999999237626,2.549999998386366,2.5499999708915566,2.5499995582294046,2.5499944377474586,2.549942772321331,2.5495265154587434,2.5469000170125193,2.5341653492804834,2.487421775411995,2.3581075921191035,2.0864102497300783
251.0,2.55,2.55,2.55,2.55,2.55,2.55,2.55,2.5499999999998817,2.549999999996679,2.549999999919094,2.5499999982995964,2.5499999695375415,2.5499995407755236,2.5499942553141004,2.549941258814369,2.549516791555466,2.5468529755628637,2.5339991805282183,2.487006324263118,2.357394223335766,2.085601097248975
252.0,2.55,2.55,2.55,2.55,2.55,2.55,2.55,2.549999999999872,2.549999999996451,2.5499999999141663,2.5499999982086763,2.549999968128666,2.549999522737749,2.54999406801328,2.549939714632608,2.5495069285156946,2.546805513563644,2.5338322890510985,2.486590551696725,2.356681954049141,2.084793859973782
253.0,2.55,2.55,2.55,2.55,2.55,2.55,2.55,2.549999999999862,2.549999999996209,2.549999999908968,2.5499999981134343,2.5499999666630533,2.549999504100323,2.549993875747564,2.5499381393671166,2.5494969253679383,2.546757630600627,2.5336646784493473,2.486174463815576,2.355970781160889,2.0839885266915865
254.0,2.55,2.55,2.55,2.55,2.55,2.55,2.549999999999999,2.5499999999998515,2.5499999999959524,2.5499999999034855,2.549999998013691,2.5499999651387744,2.549999484847172,2.5499936784183266,2.549936532607151,2.549486781145436,2.546709326279755,2.533496352320391,2.485758066653287,2.3552607015743336,2.0831850862964494
255.0,2.55,2.55,2.55,2.55,2.55,2.55,2.549999999999998,2.549999999999841,2.5499999999956797,2.5499999998977043,2.5499999979092616,2.5499999635538497,2.5499994649619095,2.549993475925752,2.5499348939401902,2.5494764948862265,2.546660600226959,2.5333273142585315,2.4853413661751205,2.3545517121947563,2.0823835277880067
256.0,2.55,2.55,2.55,2.55,2.55,2.55,2.549999999999997,2.549999999999829,2.54999999999539,2.5499999998916105,2.549999997799955,2.549999961906246,2.5499994444278284,2.5499932681688264,2.549933222951971,2.5494660656332098,2.5466114520879666,2.5331575678546194,2.4849243682787647,2.3538438099296712,2.081583840270102
257.0,2.55,2.55,2.55,2.55,2.55,2.55,2.5499999999999963,2.5499999999998164,2.549999999995083,2.54999999988519,2.549999997685572,2.5499999601938734,2.5499994232278995,2.549993055045343,2.5499315192265226,2.549455492434215,2.546561881528117,2.5329871166957423,2.4845070787951076,2.3531369916891025,2.0807860129494387
258.0,2.55,2.55,2.55,2.55,2.55,2.55,2.5499999999999954,2.5499999999998026,2.549999999994757,2.5499999998784255,2.5499999975659096,2.5499999584145896,2.5499994013447695,2.5499928364518993,2.549929782346203,2.549444774342061,2.5465118882321685,2.5328159643649175,2.4840895034890007,2.352431254385845,2.0799900351342453
259.0,2.55,2.55,2.55,2.55,2.55,2.55,2.5499999999999945,2.549999999999788,2.5499999999944114,2.549999999871302,2.5499999974407555,2.549999956566193,2.549999378760753,2.549992612283896,2.549928011891732,2.5494339104146184,2.5464614719041117,2.532644114440794,2.4836716480600156,2.35172659493572,2.07919589623298
260.0,2.55,2.55,2.55,2.55,2.55,2.55,2.5499999999999936,2.5499999999997724,2.549999999994045,2.5499999998638017,2.54999999730989,2.5499999546464256,2.549999355457835,2.549992382435539,2.5499262074422293,2.549422899714867,2.5464106322669777,2.5324715704973597,2.4832535181431936,2.3510230102578227,2.078403585753035
261.0,2.55,2.55,2.55,2.55,2.55,2.55,2.5499999999999927,2.549999999999756,2.549999999993656,2.549999999855907,2.5499999971730873,2.549999952652971,2.549999331417662,2.549992146799835,2.54992436857525,2.5494117413109554,2.5463593690626523,2.5322983361036613,2.482835119309785,2.350320497274762,2.077613093299476
262.0,2.55,2.55,2.55,2.55,2.55,2.55,2.549999999999992,2.5499999999997387,2.5499999999932443,2.5499999998476,2.549999997030114,2.5499999505834525,2.549999306621543,2.5499919052685964,2.549922494866816,2.549400434276257,2.5463076820516823,2.5321244148235253,2.482416457067981,2.3496190529128915,2.0768244085737932
263.0,2.55,2.55,2.55,2.55,2.55,2.55,2.549999999999991,2.54999999999972,2.5499999999928082,2.549999999838861,2.5499999968807296,2.5499999484354334,2.549999281050443,2.5499916577324395,2.5499205858914573,2.5493889776894245,2.5462555710130914,2.5319498102152913,2.4819975368636387,2.3489186741025305,2.076037521372678
264.0,2.55,2.55,2.55,2.55,2.55,2.55,2.54999999999999,2.5499999999996996,2.5499999999923464,2.5499999998296707,2.549999996724684,2.5499999462064142,2.549999254684984,2.549991404080783,2.549918641222243,2.549377370634444,2.5462030357441883,2.53177452583155,2.4815783640809967,2.348219357778188,2.0752524215868124
265.0,2.55,2.55,2.55,2.55,2.55,2.55,2.549999999999989,2.5499999999996783,2.549999999991857,2.5499999998200087,2.5499999965617195,2.549999943893832,2.5499992275054355,2.549991144201852,2.5499166604308203,2.5493656122006847,2.5461500760603775,2.531598565218888,2.4811589440433846,2.3475211008787635,2.0744690991996837
266.0,2.55,2.55,2.55,2.55,2.55,2.55,2.5499999999999883,2.549999999999655,2.54999999999134,2.549999999809853,2.549999996391571,2.5499999414950603,2.549999199491717,2.549990877982677,2.5499146430874484,2.549353701482953,2.5460966917949754,2.5314219319176425,2.480739282013921,2.346823900347756,2.0736875442864133
267.0,2.55,2.55,2.55,2.55,2.55,2.55,2.5499999999999874,2.549999999999631,2.5499999999907925,2.5499999997991805,2.5499999962139643,2.5499999390074075,2.549999170623391,2.5499906053090937,2.5499125887610328,2.549341637581538,2.546042882799016,2.5312446294616584,2.4803193831962083,2.346127753133457,2.0729077470126067
268.0,2.55,2.55,2.55,2.55,2.55,2.55,2.5499999999999865,2.5499999999996046,2.5499999999902134,2.549999999787969,2.549999996028616,2.549999936428116,2.549999140879662,2.5499903260657475,2.5499104970191655,2.5493294196022602,2.5459886489410706,2.5310666613780555,2.479899252735017,2.345432656189141,2.072129697633218
269.0,2.55,2.55,2.55,2.55,2.55,2.55,2.5499999999999856,2.5499999999995775,2.549999999989601,2.549999999776194,2.549999995835235,2.5499999337543597,2.549999110239372,2.549990040136091,2.5499083674281557,2.549317046656518,2.545933990107053,2.5308880311869992,2.479478895716962,2.344738606473249,2.0713533864914346
270.0,2.55,2.55,2.55,2.55,2.55,2.55,2.5499999999999847,2.5499999999995477,2.5499999999889544,2.54999999976383,2.5499999956335193,2.5499999309832444,2.5499990786809983,2.549989747402387,2.549906199553069,2.549304517861332,2.5458789062000386,2.530708742401482,2.4790583171711718,2.3440456009495634,2.0705788040175794
271.0,2.55,2.55,2.55,2.55,2.55,2.55,2.549999999999984,2.5499999999995167,2.5499999999882705,2.549999999750852,2.5499999954231596,2.5499999281118053,2.5499990461826507,2.5499894477457117,2.5499039929577614,2.549291832339387,2.545823397140075,2.5305287985271048,2.4786375220699526,2.3433536365873806,2.06980594072803
272.0,2.55,2.55,2.55,2.55,2.55,2.55,2.549999999999983,2.549999999999484,2.5499999999875484,2.5499999997372322,2.5499999952038346,2.5499999251370076,2.549999012722066,2.5499891410459528,2.5499017472049146,2.5492789892190766,2.545767462863998,2.5303482030618722,2.4782165153294393,2.3426627103616773,2.0690347872241506
273.0,2.55,2.55,2.55,2.55,2.55,2.55,2.549999999999982,2.5499999999994483,2.5499999999867855,2.549999999722943,2.5499999949752157,2.5499999220557434,2.5499989782766077,2.5499888271818154,2.5498994618560737,2.549265987634542,2.5457111033252446,2.530166959495986,2.4777953018102457,2.3419728192532663,2.0682653341912474
274.0,2.55,2.55,2.55,2.55,2.55,2.55,2.549999999999981,2.549999999999411,2.54999999998598,2.5499999997079543,2.549999994736962,2.549999918864833,2.549998942823261,2.5499885060308216,2.54989713647168,2.54925282672571,2.5456543184936704,2.5299850713116507,2.4773738863181,2.341283960248954,2.0674975723975333
275.0,2.55,2.55,2.55,2.55,2.55,2.55,2.5499999999999803,2.549999999999371,2.54999999998513,2.549999999692237,2.549999994488724,2.5499999155610205,2.5499989063386312,2.5499881774693143,2.549894770611109,2.549239505638335,2.545597108355363,2.529802541982879,2.4769522736044802,2.3405961303416856,2.0667314926931115
276.0,2.55,2.55,2.55,2.55,2.55,2.55,2.5499999999999785,2.5499999999993292,2.5499999999842324,2.54999999967576,2.5499999942301392,2.549999912140974,2.54999886879894,2.549987841372457,2.5498923638327033,2.549226023524028,2.5455394729124614,2.5296193749753115,2.4765304683672382,2.3399093265306923,2.065967086008978
277.0,2.55,2.55,2.55,2.55,2.55,2.55,2.549999999999976,2.549999999999284,2.549999999983286,2.54999999965849,2.5499999939608378,2.549999908601287,2.549998830180022,2.5499874976142394,2.549889915693811,2.5492123795403003,2.545481412182972,2.5294355737460306,2.4761084752512144,2.3392235458216257,2.065204343356032
278.0,2.55,2.55,2.55,2.55,2.55,2.55,2.549999999999973,2.5499999999992364,2.5499999999822878,2.5499999996403937,2.5499999936804345,2.5499999049384723,2.549998790457323,2.549987146067479,2.549887425750819,2.5491985728505915,2.545422926200586,2.5292511417433907,2.475686298848853,2.3385387852266923,2.064443255824106
279.0,2.55,2.55,2.55,2.55,2.55,2.55,2.5499999999999705,2.549999999999186,2.5499999999812353,2.549999999621436,2.5499999933885373,2.549999901148966,2.549998749605896,2.5499867866038226,2.5498848935591885,2.5491846026243046,2.5453640150144987,2.5290660824068465,2.4752639437007997,2.3378550417647848,2.063683814581012
280.0,2.55,2.55,2.55,2.55,2.55,2.55,2.549999999999968,2.549999999999132,2.549999999980126,2.549999999601581,2.5499999930847395,2.5499998972291205,2.5499987076003987,2.5499864190937522,2.54988231867349,2.5491704680368366,2.54530467868923,2.5288803991667885,2.474841414296503,2.3371723124615995,2.0629260108715974
281.0,2.55,2.55,2.55,2.55,2.55,2.55,2.549999999999965,2.5499999999990752,2.549999999978956,2.549999999580791,2.5499999927686234,2.549999893175209,2.5499986644150914,2.5499860434065855,2.5498797006474394,2.549156168269608,2.5452449173044425,2.5286940954443864,2.4744187150747994,2.3364905943497623,2.06216983601682
282.0,2.55,2.55,2.55,2.55,2.55,2.55,2.5499999999999625,2.549999999999015,2.5499999999777243,2.5499999995590277,2.54999999243976,2.549999888983421,2.5499986200238327,2.5499856594104813,2.5498770390339325,2.5491417025100924,2.545184730954764,2.5285071746514323,2.4739958504244988,2.335809884468938,2.0614152814128333
283.0,2.55,2.55,2.55,2.55,2.55,2.55,2.549999999999959,2.549999999998951,2.5499999999764276,2.5499999995362503,2.549999992097706,2.5499998846498615,2.5499985744000773,2.549985266972441,2.549874333385078,2.5491270699518447,2.5451241197496106,2.528319640190192,2.4735728246849575,2.3351301798659447,2.060662338530089
284.0,2.55,2.55,2.55,2.55,2.55,2.55,2.5499999999999554,2.549999999998883,2.5499999999750615,2.5499999995124174,2.5499999917420073,2.5499998801705503,2.549998527516874,2.5499848659583155,2.5498715832522363,2.549112269794527,2.5450630838130075,2.5281314954532643,2.47314964214665,2.3344514775948575,2.059910998912448
285.0,2.55,2.55,2.55,2.55,2.55,2.55,2.549999999999952,2.5499999999988114,2.5499999999736236,2.5499999994874853,2.549999991372196,2.5499998755414195,2.549998479346863,2.549984456232804,2.5498687881860502,2.5490973012439317,2.545001623283412,2.527942743823437,2.4727263070517256,2.3337737747171117,2.0591612541763116
286.0,2.55,2.55,2.55,2.55,2.55,2.55,2.5499999999999483,2.549999999998735,2.54999999997211,2.54999999946141,2.549999990987791,2.549999870758315,2.5499984298622707,2.5499840376594625,2.549865947736481,2.5490821635120082,2.544939738313541,2.5277533886735517,2.4723028235945708,2.333097068301602,2.058413096009758
287.0,2.55,2.55,2.55,2.55,2.55,2.55,2.5499999999999448,2.549999999998655,2.5499999999705176,2.5499999994341453,2.5499999905882977,2.549999865816992,2.549998379034911,2.549983610100707,2.5498630614528435,2.5490668558168856,2.544877429070194,2.5275634333663772,2.4718791959223534,2.332421355424774,2.0576665161716994
288.0,2.55,2.55,2.55,2.55,2.55,2.55,2.5499999999999403,2.54999999999857,2.5499999999688434,2.5499999994056437,2.549999990173208,2.5499998607131156,2.549998326836179,2.549983173417814,2.5498601288838385,2.5490513773828942,2.5448146957340807,2.5273728812544825,2.4714554281355663,2.3317466331707175,2.056921506491044
289.0,2.55,2.55,2.55,2.55,2.55,2.55,2.549999999999936,2.5499999999984793,2.5499999999670813,2.549999999375856,2.5499999897419996,2.54999985544226,2.549998273237051,2.5499827274709315,2.5498571495775897,2.5490357274405837,2.544751538499649,2.5271817356801103,2.471031524288564,2.3310728986312523,2.0561780588658785
290.0,2.55,2.55,2.55,2.55,2.55,2.55,2.5499999999999314,2.549999999998384,2.5499999999652294,2.5499999993447298,2.5499999892941356,2.549999849999905,2.5499982182080814,2.549982272119077,2.549854123081674,2.5490199052267464,2.5446879575749106,2.526989999975066,2.4706074883900913,2.3304001489060107,2.0554361652626545
291.0,2.55,2.55,2.55,2.55,2.55,2.55,2.549999999999927,2.549999999998283,2.5499999999632834,2.549999999312213,2.5499999888290645,2.5499998443814365,2.5499981617193983,2.5499818072201474,2.5498510489431596,2.549003909984433,2.544623953181273,2.526797677460599,2.470183324403807,2.3297283811025196,2.054695817715393
292.0,2.55,2.55,2.55,2.55,2.55,2.55,2.549999999999922,2.5499999999981764,2.549999999961238,2.549999999278252,2.5499999883462197,2.549999838582146,2.5499981037407045,2.5499813326309195,2.5498479267086354,2.548987740962972,2.54455952555337,2.5266047714472974,2.4697590362488007,2.3290575923362757,2.0539570083248972
293.0,2.55,2.55,2.55,2.55,2.55,2.55,2.5499999999999168,2.5499999999980636,2.5499999999590894,2.549999999242789,2.5499999878450197,2.5499998325972264,2.5499980442412706,2.549980848207058,2.5498447559242474,2.548971397417983,2.544494674938891,2.52641128523498,2.4693346278001047,2.328387779730819,2.05321972925798
294.0,2.55,2.55,2.55,2.55,2.55,2.55,2.5499999999999114,2.549999999997944,2.5499999999568326,2.549999999205766,2.549999987324867,2.5499998264217743,2.5499979831899378,2.549980353803118,2.549841536135731,2.548954878611394,2.544429401598414,2.526217222112595,2.468910102889198,2.3277189404178023,2.052483972746698
295.0,2.55,2.55,2.55,2.55,2.55,2.55,2.5499999999999057,2.5499999999978185,2.549999999954463,2.549999999167123,2.5499999867851484,2.549999820050785,2.5499979205551107,2.5499798492725536,2.5498382668884436,2.5489381838114564,2.5443637058052424,2.526022585358124,2.4684854653045054,2.327051071537059,2.0517497310876034
296.0,2.55,2.55,2.55,2.55,2.55,2.55,2.5499999999998995,2.5499999999976852,2.549999999951975,2.549999999126798,2.549999986225234,2.549999813479154,2.549997856304758,2.5499793344677206,2.5498349477273994,2.548921312292755,2.5442975878452336,2.5258273782384855,2.4680607187918904,2.3263841702366674,2.0510169966409983
297.0,2.55,2.55,2.55,2.55,2.55,2.55,2.5499999999998932,2.5499999999975445,2.549999999949364,2.549999999084726,2.5499999856444777,2.549999806701675,2.5499977904064086,2.5499788092398816,2.5498315781973,2.548904263336225,2.5442310480166395,2.525631604009447,2.467635867055142,2.325718233673012,2.0502857618302097
298.0,2.55,2.55,2.55,2.55,2.55,2.55,2.549999999999886,2.5499999999973957,2.549999999946624,2.5499999990408413,2.549999985042217,2.5499997997130377,2.5499977228271513,2.549978273439213,2.5498281578425694,2.548887036229157,2.5441640866299418,2.5254352659155366,2.467210913756457,2.325053259010839,2.049556019140865
299.0,2.55,2.55,2.55,2.55,2.55,2.55,2.5499999999998795,2.5499999999972394,2.5499999999437497,2.549999998995075,2.549999984417771,2.549999792507828,2.549997653533632,2.5499777269148116,2.5498246862073843,2.5488696302652114,2.5440967040076874,2.525238367189959,2.4667858625169137,2.324389243423316,2.048827761120185
300.0,2.55,2.55,2.55,2.55,2.55,2.55,2.549999999999872,2.549999999997074,2.5499999999407352,2.5499999989473565,2.5499999837704417,2.549999785080525,2.549997582492047,2.5499771695146984,2.5498211628357064,2.548852044744427,2.544028900484331,2.5250409110545204,2.4663607169169435,2.3237261840920826,2.048100980376287
301.0,2.55,2.55,2.55,2.55,2.55,2.549999999999999,2.549999999999863,2.5499999999969,2.549999999937574,2.5499999988976128,2.5499999830995144,2.5499997774255014,2.549997509668149,2.5499766010858234,2.5498175872713165,2.548834278973229,2.5439606764060745,2.524842900719543,2.465935480496794,2.323064078208097,2.047375683676836
302.0,2.55,2.55,2.55,2.55,2.55,2.549999999999998,2.549999999999854,2.5499999999967162,2.5499999999342604,2.5499999988457684,2.5499999824042536,2.5499997695370213,2.5499974350272394,2.5499760214740763,2.549813959057845,2.5488163322644355,2.543892032130705,2.5246443393838014,2.4655101567569875,2.32240292297402,2.0466518501490607
303.0,2.55,2.55,2.55,2.55,2.55,2.549999999999997,2.5499999999998444,2.5499999999965226,2.5499999999307867,2.549999998791746,2.549999981683907,2.5499997614092376,2.549997358534167,2.549975430524289,2.5498102777388034,2.5487982039372645,2.54382296802744,2.524445230234445,2.465084749158777,2.32174271560176,2.045929472570216
304.0,2.55,2.55,2.55,2.55,2.55,2.5499999999999963,2.549999999999834,2.5499999999963183,2.549999999927147,2.5499999987354647,2.549999980937704,2.5499997530361926,2.5499972801533275,2.5499748280802415,2.549806542857616,2.5487798933173402,2.5437534844767713,2.5242455764469356,2.464659261124593,2.321083453311707,2.045208543776099
305.0,2.55,2.55,2.55,2.55,2.55,2.5499999999999954,2.5499999999998235,2.5499999999961025,2.549999999923333,2.549999998676843,2.549999980164854,2.549999744411818,2.5499971998486606,2.549974213984671,2.5498027539576507,2.548761399736696,2.543683581870306,2.5240453811849806,2.4642336960384914,2.320425133332784,2.0444890566603786
306.0,2.55,2.55,2.55,2.55,2.55,2.5499999999999945,2.5499999999998124,2.549999999995876,2.5499999999193395,2.549999998615795,2.5499999793645443,2.5499997355299295,2.549997117583647,2.549973588079278,2.549798910582252,2.548742722533779,2.543613260610617,2.523844647600474,2.463808057246586,2.3197677529024885,2.0437710041739443
307.0,2.55,2.55,2.55,2.55,2.55,2.5499999999999936,2.549999999999801,2.549999999995637,2.5499999999151575,2.549999998552233,2.549999978535946,2.549999726384228,2.5499970333213087,2.5499729502047286,2.549795012274768,2.548723861053454,2.5435425211110863,2.523643378833437,2.4633823480574857,2.319111309266935,2.043054379324256
308.0,2.55,2.55,2.55,2.55,2.55,2.5499999999999927,2.549999999999788,2.5499999999953853,2.5499999999107783,2.5499999984860664,2.5499999776782074,2.5499997169682995,2.5499969470242068,2.5499723002006682,2.549791058578585,2.5487048146470053,2.543471363795754,2.523441578011963,2.46295657174272,2.3184557996808968,2.0423391751747113
309.0,2.55,2.55,2.55,2.55,2.55,2.549999999999992,2.5499999999997742,2.54999999999512,2.5499999999061953,2.5499999984172024,2.549999976790457,2.5499997072756093,2.5499968586544384,2.5499716379057222,2.5497870490371555,2.548685582672135,2.5433997890991686,2.5232392482521653,2.4625307315371616,2.317801221407839,2.0416253848440125
310.0,2.55,2.55,2.55,2.55,2.55,2.549999999999991,2.54999999999976,2.5499999999948417,2.5499999999013987,2.5499999983455437,2.549999975871802,2.5499996972995063,2.549996768173636,2.549970963157507,2.5497829831940293,2.5486661644929667,2.543327797466236,2.5230363926581276,2.462104830639444,2.317147571719958,2.0409130015055545
311.0,2.55,2.55,2.55,2.55,2.55,2.54999999999999,2.549999999999745,2.549999999994548,2.549999999896381,2.549999998270992,2.5499999749213282,2.5499996870332184,2.549996675542964,2.549970275792635,2.549778860592883,2.548646559480045,2.5432553893520726,2.522833014321856,2.461678872212372,2.316494847898212,2.040202018386811
312.0,2.55,2.55,2.55,2.55,2.55,2.549999999999989,2.549999999999729,2.5499999999942395,2.5499999998911314,2.549999998193446,2.549999973938099,2.549999676469851,2.5499965807231204,2.549969575646722,2.5497746807775497,2.5486267670103313,2.543182565221856,2.522629116323236,2.4612528593833307,2.3158430472323532,2.0394924287687393
313.0,2.55,2.55,2.55,2.55,2.55,2.5499999999999883,2.5499999999997125,2.549999999993915,2.5499999998856415,2.5499999981127996,2.5499999729211558,2.549999665602387,2.549996483674332,2.549968862554395,2.549770443292049,2.548606786467207,2.543109325550681,2.5224247017299897,2.4608267952446847,2.315192167020955,2.0387842259851836
314.0,2.55,2.55,2.55,2.55,2.55,2.5499999999999874,2.5499999999996943,2.549999999993574,2.5499999998799012,2.549999998028945,2.549999971869518,2.5499996544236847,2.5499963843563536,2.549968136349299,2.549766147680614,2.5485866172404643,2.5430356708234134,2.522219773597635,2.4604006828541785,2.31454220457144,2.0380774034222973
315.0,2.55,2.55,2.55,2.55,2.55,2.5499999999999865,2.549999999999675,2.549999999993215,2.5499999998739007,2.5499999979417707,2.5499999707821805,2.5499996429264775,2.5499962827284683,2.5499673968641057,2.5497617934877237,2.5485662587263094,2.5429616015345484,2.5220143349694517,2.459974525235326,2.3138931572001065,2.0373719545179667
316.0,2.55,2.55,2.55,2.55,2.55,2.5499999999999856,2.549999999999655,2.549999999992838,2.549999999867629,2.5499999978511627,2.549999969658116,2.549999631103371,2.549996178749484,2.549966643930518,2.5497573802581304,2.5485457103273528,2.542887118188064,2.521808388876443,2.4595483253777983,2.313245022232147,2.036667872761241
317.0,2.55,2.55,2.55,2.55,2.55,2.5499999999999847,2.5499999999996343,2.5499999999924414,2.549999999861075,2.5499999977570025,2.5499999684962735,2.5499996189468415,2.549996072377732,2.5499658773792824,2.5497529075368863,2.5485249714526077,2.5428122212972855,2.521601938337308,2.4591220862378083,2.3125977970016747,2.0359651516917827
318.0,2.55,2.55,2.55,2.55,2.55,2.549999999999984,2.5499999999996117,2.549999999992025,2.5499999998542275,2.5499999976591687,2.5499999672955767,2.549999606449238,2.5499959635710674,2.5499650970401904,2.5497483748693743,2.5485040415174836,2.5427369113847402,2.5213949863584055,2.4586958107384858,2.311951478851738,2.0352637848993083
319.0,2.55,2.55,2.55,2.55,2.55,2.549999999999983,2.5499999999995877,2.549999999991587,2.549999999847076,2.549999997557537,2.5499999660549246,2.5499995936027777,2.549995852286865,2.549964302742093,2.549743781801334,2.5484829199437797,2.542661188982022,2.5211875359337315,2.4582695017702543,2.311306065134343,2.034563766023054
320.0,2.55,2.55,2.55,2.55,2.55,2.549999999999982,2.5499999999995633,2.549999999991128,2.5499999998396072,2.5499999974519785,2.549999964773192,2.549999580399544,2.5499957384820218,2.549963494312903,2.5497391278788917,2.5484616061596785,2.542585054629652,2.5209795900448917,2.4578431621911974,2.310661553210465,2.0338650887512366
321.0,2.55,2.55,2.55,2.55,2.55,2.549999999999981,2.549999999999537,2.549999999990645,2.549999999831809,2.5499999973423613,2.5499999634492285,2.5499995668314894,2.5499956221129514,2.5499626715796073,2.5497344126485855,2.5484400995997376,2.542508508876942,2.5207711516610742,2.457416794827424,2.3100179404500674,2.033167746820526
322.0,2.55,2.55,2.55,2.55,2.55,2.5499999999999803,2.549999999999509,2.549999999990139,2.549999999823668,2.5499999972285496,2.5499999620818565,2.549999552890429,2.5499955031355865,2.5499618343682715,2.5497296356573944,2.5484183997048815,2.542431552281861,2.5205622237390357,2.4569904024734295,2.3093752242321104,2.0324717340155276
323.0,2.55,2.55,2.55,2.55,2.55,2.5499999999999794,2.5499999999994802,2.5499999999896077,2.5499999998151717,2.5499999971104033,2.5499999606698727,2.549999538568044,2.549995381505374,2.54996098250405,2.549724796452763,2.5483965059223936,2.5423541854109,2.5203528092230743,2.4565639878924492,2.3087334019445667,2.0317770441682708
324.0,2.55,2.55,2.55,2.55,2.55,2.5499999999999785,2.549999999999449,2.5499999999890504,2.5499999998063054,2.549999996987779,2.5499999592120473,2.5499995238558757,2.5499952571772795,2.549960115811193,2.5497198945826325,2.5483744177059044,2.542276408838938,2.5201429110450144,2.456137553816812,2.308092470984427,2.0310836711577
325.0,2.55,2.55,2.55,2.55,2.55,2.549999999999977,2.5499999999994167,2.549999999988466,2.5499999997970555,2.54999999686053,2.549999957707124,2.5499995087453287,2.5499951301057786,2.5499592341130564,2.549714929595462,2.548352134515384,2.542198223149113,2.5199325321241943,2.4557111029482876,2.3074524287577116,2.0303916089091794
326.0,2.55,2.55,2.55,2.55,2.55,2.549999999999975,2.5499999999993825,2.549999999987852,2.549999999787407,2.5499999967285034,2.5499999561538176,2.549999493227666,2.549995000244864,2.549958337232109,2.5497099010402584,2.5483296558171307,2.5421196289326886,2.5197216753674474,2.4552846379584263,2.3068132726794763,2.0297008513940007
327.0,2.55,2.55,2.55,2.55,2.55,2.5499999999999723,2.549999999999346,2.549999999987209,2.549999999777345,2.549999996591544,2.549999954550815,2.54999947729401,2.5499948675480386,2.5499574249899406,2.5497048084666005,2.548306981083758,2.5420406267889266,2.5195103436690927,2.4548581614889016,2.306175000173818,2.0290113926288975
328.0,2.55,2.55,2.55,2.55,2.55,2.5499999999999696,2.549999999999308,2.5499999999865355,2.5499999997668534,2.549999996449492,2.5499999528967754,2.549999460935341,2.549994731968316,2.5499564972072704,2.549699651424666,2.5482841097941846,2.5419612173249604,2.519298539910924,2.454431676151844,2.3055376086738817,2.0283232266755693
329.0,2.55,2.55,2.55,2.55,2.55,2.549999999999967,2.549999999999268,2.5499999999858285,2.549999999755916,2.5499999963021827,2.549999951190329,2.549999444142495,2.5499945934582215,2.549955553703957,2.5496944294652555,2.548261041433622,2.541881401155664,2.5190862669622027,2.4540051845301707,2.304901095621858,2.0276363476402053
330.0,2.55,2.55,2.55,2.55,2.55,2.5499999999999643,2.5499999999992253,2.5499999999850878,2.5499999997445157,2.5499999961494475,2.5499999494300756,2.54999942690616,2.54999445196979,2.5499545942990056,2.5496891421398193,2.5482377754935586,2.541801178903529,2.5188735276796477,2.453578689177913,2.3042654584689912,2.0269507496730266
331.0,2.55,2.55,2.55,2.55,2.55,2.5499999999999616,2.5499999999991805,2.549999999984311,2.5499999997326355,2.549999995991112,2.5499999476145865,2.5499994092168823,2.5499943074545635,2.5499536188105774,2.549683789000481,2.5482143114717504,2.541720551198541,2.518660324907433,2.4531521926205406,2.3036306946755767,2.026266426967821
332.0,2.55,2.55,2.55,2.55,2.55,2.549999999999959,2.549999999999134,2.549999999983499,2.5499999997202574,2.5499999958269988,2.5499999457424027,2.5499993910650574,2.549994159863594,2.5499526270559967,2.549678369600062,2.548190648872204,2.541639518678054,2.5184466614771837,2.4527256973552776,2.302996801710961,2.025583373761494
333.0,2.55,2.55,2.55,2.55,2.55,2.5499999999999563,2.549999999999084,2.549999999982648,2.5499999997073632,2.549999995656925,2.5499999438120335,2.549999372440931,2.549994009147439,2.549951618851763,2.549672883492107,2.548166787205162,2.541558081986669,2.518232540207973,2.4522992058514195,2.302363777053541,2.0249015843336187
334.0,2.55,2.55,2.55,2.55,2.55,2.549999999999953,2.5499999999990326,2.549999999981757,2.5499999996939335,2.549999995480703,2.5499999418219574,2.549999353334602,2.5499938552561647,2.5499505940135565,2.5496673302309096,2.54814272598709,2.541476241776114,2.5180179639063214,2.4518727205506456,2.301731618190761,2.0242210530059994
335.0,2.55,2.55,2.55,2.55,2.55,2.5499999999999496,2.5499999999989775,2.549999999980824,2.549999999679949,2.54999999529814,2.549999939770623,2.5499993337360136,2.5499936981393416,2.5499495523562494,2.54966170937153,2.548118464740658,2.5413939987051233,2.5178029353662,2.451446243867325,2.3011003226191096,2.0235417741422346
336.0,2.55,2.55,2.55,2.55,2.55,2.549999999999946,2.54999999999892,2.549999999979847,2.5499999996653884,2.5499999951090393,2.5499999376564437,2.549999313634959,2.549993537746046,2.549948493693913,2.5496560204698264,2.5480940029947283,2.54131135343932,2.5175874573690296,2.45101977818882,2.300469887844114,2.022863742147288
337.0,2.55,2.55,2.55,2.55,2.55,2.5499999999999425,2.5499999999988594,2.5499999999788256,2.5499999996502316,2.549999994913197,2.5499999354778025,2.549999293021075,2.5499933740248597,2.5499474178398267,2.5496502630824724,2.548069340284335,2.541228306651096,2.517371532683687,2.4505933258757895,2.2998403113803345,2.0221869514670656
338.0,2.55,2.55,2.55,2.55,2.55,2.549999999999939,2.5499999999987955,2.5499999999777563,2.5499999996344567,2.5499999947104053,2.54999993323305,2.549999271883846,2.5499932069238684,2.54994632460649,2.549644436766984,2.5480444761506673,2.5411448590194987,2.5171551640665104,2.4501668892624826,2.2992115907513604,2.0215113965879987
339.0,2.55,2.55,2.55,2.55,2.55,2.5499999999999354,2.549999999998729,2.549999999976639,2.5499999996180414,2.549999994500451,2.5499999309205017,2.5499992502125965,2.5499930363906627,2.5499452138056276,2.5496385410817397,2.548019410141057,2.5410610112301137,2.5169383542613017,2.4497404706570336,2.2985837234897986,2.02083707203663
340.0,2.55,2.55,2.55,2.55,2.55,2.5499999999999314,2.5499999999986582,2.5499999999754697,2.5499999996009626,2.549999994283115,2.5499999285384396,2.549999227996496,2.5499928623723367,2.5499440852482014,2.5496325755860036,2.5479941418089544,2.5409767639749523,2.5167211059993404,2.449314072341751,2.297956707137267,2.020163972379209
341.0,2.55,2.55,2.55,2.55,2.55,2.549999999999927,2.549999999998584,2.549999999974247,2.5499999995831963,2.549999994058174,2.549999926085112,2.5499992052245517,2.5499926848154866,2.549942938744419,2.549626539839949,2.547968670713912,2.540892117952338,2.5165034219993894,2.448887696573404,2.2973305392443866,2.01949209222129
342.0,2.55,2.55,2.55,2.55,2.55,2.5499999999999226,2.549999999998506,2.549999999972969,2.5499999995647196,2.5499999938253968,2.5499999235587305,2.5499991818856143,2.549992503666213,2.5499417741037407,2.5496204334046797,2.5479429964215683,2.5408070738667936,2.5162853049677043,2.4484613455835054,2.2967052173707705,2.0188214262073325
343.0,2.55,2.55,2.55,2.55,2.55,2.549999999999918,2.549999999998424,2.549999999971633,2.5499999995455056,2.5499999935845477,2.5499999209574744,2.5499991579683705,2.54999231887012,2.5499405911348925,2.5496142558422497,2.5479171185036247,2.5407216324289337,2.516066757598047,2.4480350215785918,2.2960807390850118,2.0181519690203173
344.0,2.55,2.55,2.55,2.55,2.55,2.5499999999999137,2.549999999998338,2.549999999970238,2.5499999995255287,2.5499999933353847,2.549999918279485,2.549999133461344,2.5499921303723125,2.5499393896458744,2.549608006715689,2.547891036537829,2.540635794355352,2.5158477825716976,2.4476087267404973,2.295457101964672,2.017483715381354
345.0,2.55,2.55,2.55,2.55,2.55,2.5499999999999083,2.5499999999982483,2.5499999999687795,2.549999999504763,2.549999993077661,2.5499999155228674,2.5499991083528957,2.5499919381173983,2.5499381694439665,2.5496016855890193,2.5478647501079545,2.5405495603685146,2.5156283825574683,2.447182463226631,2.2948343035962706,2.016816660049304
346.0,2.55,2.55,2.55,2.55,2.55,2.549999999999903,2.549999999998153,2.5499999999672562,2.549999999483181,2.5499999928111228,2.5499999126856903,2.5499990826312215,2.5499917420494893,2.5499369303357424,2.5495952920272797,2.547838258803779,2.540462931196654,2.515408560211719,2.4467562331702406,2.2942123415752715,2.0161507978204005
347.0,2.55,2.55,2.55,2.55,2.55,2.5499999999998977,2.549999999998053,2.549999999965665,2.549999999460753,2.549999992535508,2.549999909765985,2.5499990562843498,2.549991542112198,2.5499356721270776,2.5495888255965453,2.5478115622210633,2.540375907573659,2.515188318178372,2.446330038680685,2.2935912135060668,2.0154861235278814
348.0,2.55,2.55,2.55,2.55,2.55,2.5499999999998924,2.549999999997949,2.5499999999640037,2.5499999994374507,2.549999992250552,2.5499999067617454,2.5499990293001424,2.5499913382486397,2.5499343946231576,2.549582285863946,2.5477846599615335,2.540288490238974,2.5149676590889296,2.445903881843693,2.2929709170019636,2.014822632041621
349.0,2.55,2.55,2.55,2.55,2.55,2.549999999999886,2.5499999999978393,2.549999999962269,2.5499999994132434,2.549999991955981,2.5499999036709253,2.549999001666292,2.549991130401432,2.549933097628488,2.549575672397691,2.5477575516328566,2.5402006799374948,2.514746585562493,2.445477764721626,2.292351449685171,2.014160318267767
350.0,2.55,2.55,2.55,2.55,2.549999999999999,2.54999999999988,2.5499999999977243,2.549999999960458,2.5499999993881017,2.5499999916515157,2.549999900491443,2.549998973370322,2.5499909185126954,2.5499317809469053,2.549568984767083,2.5477302368486203,2.540112477419462,2.5145251002057796,2.4450516893537335,2.2917328091867795,2.013499177148385
351.0,2.55,2.55,2.55,2.55,2.549999999999999,2.5499999999998737,2.5499999999976035,2.5499999999585685,2.549999999361992,2.5499999913368696,2.5499998972211744,2.549998944399584,2.5499907025240534,2.5499304443815847,2.5495622225425425,2.5477027152283096,2.5400238834403623,2.514303205613145,2.4446256577564096,2.291114993146749,2.0128392036611062
352.0,2.55,2.55,2.55,2.55,2.549999999999998,2.549999999999867,2.5499999999974774,2.5499999999565963,2.549999999334882,2.5499999910117497,2.549999893857957,2.5499989147412565,2.5499904823766295,2.549929087735051,2.5495553852956254,2.5476749863972863,2.5399348987608286,2.5140809043666046,2.4441996719234402,2.290497999213889,2.012180392818776
353.0,2.55,2.55,2.55,2.55,2.549999999999997,2.549999999999859,2.549999999997345,2.5499999999545393,2.5499999993067384,2.5499999906758553,2.549999890399588,2.5499988843823473,2.5499902580110536,2.549927710809186,2.54954847259904,2.5476470499867636,2.5398455241465383,2.5138581990358517,2.4437737338262555,2.2898818250458426,2.011522739669114
354.0,2.55,2.55,2.55,2.55,2.5499999999999963,2.549999999999851,2.5499999999972056,2.549999999952394,2.5499999992775253,2.549999990328879,2.549999886843824,2.5499988533096873,2.549990029367457,2.549926313405242,2.54954148402667,2.5476189056337857,2.5397557603681173,2.5136350921782835,2.4433478454141717,2.2892664683090658,2.0108662392943724
355.0,2.55,2.55,2.55,2.55,2.5499999999999954,2.549999999999842,2.54999999999706,2.549999999950156,2.549999999247208,2.5499999899705066,2.549999883188379,2.549998821509933,2.549989796385475,2.549924895323848,2.549534419153589,2.5475905529812035,2.539665608201039,2.5134115863390227,2.4429220086146355,2.2886519266788117,2.0102108868110014
356.0,2.55,2.55,2.55,2.55,2.5499999999999945,2.5499999999998333,2.549999999996907,2.549999999947823,2.54999999921575,2.5499999896004164,2.549999879430926,2.5499987889695634,2.5499895590042456,2.549923456365021,2.5495272775560816,2.547561991677651,2.539575068425533,2.513187684050946,2.4424962253334614,2.2880381978391107,2.0095566773693165
357.0,2.55,2.55,2.55,2.55,2.5499999999999936,2.5499999999998235,2.5499999999967473,2.54999999994539,2.549999999183113,2.5499999892182785,2.549999875569097,2.5499987556748804,2.5499893171624137,2.549921996328175,2.5495200588116593,2.547533221377521,2.5394841418264833,2.512963387834705,2.4420704974550707,2.287425279482747,2.0089036061531713
358.0,2.55,2.55,2.55,2.55,2.5499999999999927,2.5499999999998137,2.54999999999658,2.5499999999428544,2.5499999991492572,2.549999988823756,2.549999871600479,2.549998721612006,2.5499890707981256,2.5499205150121296,2.5495127624990794,2.547504241740942,2.539392829193341,2.512738700198752,2.4416448268427233,2.2868131693112437,2.0082516683796414
359.0,2.55,2.55,2.55,2.55,2.549999999999992,2.5499999999998035,2.5499999999964045,2.549999999940212,2.5499999991141444,2.549999988416504,2.549999867522616,2.549998686766884,2.549988819849035,2.549919012215124,2.5495053881983623,2.5474750524337537,2.539301131320026,2.512513623639372,2.4412192153387506,2.2862018650348386,2.0076008592986945
360.0,2.55,2.55,2.55,2.55,2.549999999999991,2.549999999999793,2.5499999999962206,2.5499999999374583,2.5499999990777322,2.5499999879961694,2.5499998633330097,2.5499986511252737,2.5499885642523,2.549917487734821,2.5494979354908076,2.54744565312748,2.539209049004838,2.512288160640704,2.4407936647647817,2.2855913643724644,2.0069511741928845
361.0,2.55,2.55,2.55,2.55,2.54999999999999,2.5499999999997813,2.5499999999960288,2.5499999999345895,2.549999999039979,2.549999987562392,2.5499998590291155,2.549998614672756,2.549988303944586,2.5499159413683214,2.549490403959014,2.5474160434993083,2.5391165830503626,2.5120623136747753,2.440368176921971,2.2849816650529124,2.006302629693744
362.0,2.55,2.55,2.55,2.55,2.549999999999989,2.549999999999769,2.5499999999958276,2.549999999931601,2.549999999000841,2.5499999871148025,2.5499998546083456,2.5499985773947254,2.5499880388620637,2.54991437291217,2.549482793186892,2.5473862232320617,2.539023734263385,2.511836085201525,2.439942753591221,2.2843727648182792,2.0056552005790236
363.0,2.55,2.55,2.55,2.55,2.5499999999999883,2.549999999999756,2.5499999999956167,2.549999999928489,2.5499999989602737,2.5499999866530243,2.549999850068065,2.5499985392763937,2.549987768940412,2.5499127821623695,2.5494751027596827,2.5473561920141723,2.5389305034547958,2.511609477668837,2.4395173965334043,2.2837646614202334,2.005008882213109
364.0,2.55,2.55,2.55,2.55,2.5499999999999874,2.5499999999997427,2.5499999999953955,2.549999999925248,2.5499999989182314,2.5499999861766707,2.549999845405594,2.5499985003027863,2.549987494114819,2.5499111689143854,2.549467332263974,2.547325949539659,2.538836891439508,2.511382493512569,2.4390921074895844,2.283157352618791,2.004363669992253
365.0,2.55,2.55,2.55,2.55,2.5499999999999865,2.5499999999997285,2.549999999995165,2.549999999921874,2.549999998874666,2.5499999856853477,2.549999840618206,2.5499984604587436,2.5499872143199798,2.549909532963162,2.549459481287716,2.547295495508101,2.5387428990363654,2.511155135156585,2.438666888181232,2.2825508361823035,2.0037195593442587
366.0,2.55,2.55,2.55,2.55,2.5499999999999856,2.549999999999714,2.549999999994924,2.549999999918362,2.5499999988295303,2.549999985178652,2.549999835703126,2.549998419728917,2.5499869294901005,2.5499078741031234,2.5494515494202363,2.5472648296246083,2.5386485270680597,2.5109274050127843,2.438241740310441,2.281945109887441,2.003076545728164
367.0,2.55,2.55,2.55,2.55,2.5499999999999847,2.5499999999996987,2.5499999999946716,2.5499999999147067,2.5499999987827744,2.5499999846561714,2.5499998306575344,2.5499983780977695,2.549986639558897,2.549906192128194,2.5494435362522556,2.5472339515998,2.538553776361046,2.5106993054811375,2.437816665560138,2.2813401715191803,2.0024346246339326
368.0,2.55,2.55,2.55,2.55,2.549999999999984,2.549999999999682,2.549999999994408,2.549999999910903,2.5499999987343465,2.549999984117486,2.5499998254785616,2.549998335549576,2.5499863444595956,2.5499044868317995,2.5494354413759033,2.547202861149777,2.538458647745453,2.510470838949714,2.4373916655942933,2.280736018870787,2.001793791582145
369.0,2.55,2.55,2.55,2.55,2.549999999999983,2.5499999999996645,2.5499999999941316,2.5499999999069454,2.5499999986841955,2.549999983562164,2.549999820163289,2.5499982920684188,2.549986044124937,2.54990275800688,2.5494272643847324,2.5471715579960916,2.5383631420550077,2.5102420077947203,2.4369667420581274,2.2801326497437993,2.0011540421237037
370.0,2.55,2.55,2.55,2.55,2.549999999999982,2.5499999999996463,2.5499999999938434,2.5499999999028287,2.5499999986322663,2.549999982989766,2.54999981470875,2.54999824763819,2.549985738487173,2.5499010054459,2.549419004873733,2.547140041865726,2.538267260126946,2.5100128143805316,2.4365418965783143,2.2795300619480114,2.0005153718395325
371.0,2.55,2.55,2.55,2.55,2.549999999999981,2.5499999999996277,2.549999999993542,2.549999999898546,2.549999998578505,2.549999982399844,2.549999809111927,2.5499982022425893,2.54998542747807,2.54989922894086,2.549410662439347,2.547108312491063,2.5381710028019375,2.5097832610597255,2.436117130763181,2.2789282533014577,1.999877776340285
372.0,2.55,2.55,2.55,2.55,2.5499999999999803,2.549999999999608,2.5499999999932266,2.5499999998940934,2.549999998522853,2.549999981791937,2.5499998033697535,2.549998155865122,2.54998511102891,2.549897428283301,2.5494022366794846,2.5470763696098584,2.538074370924,2.5095533501731193,2.435692446202912,2.2783272216303905,1.9992412512660585
373.0,2.55,2.55,2.55,2.55,2.5499999999999794,2.549999999999587,2.549999999992898,2.549999999889463,2.5499999984652533,2.5499999811655787,2.5499997974791113,2.5499981084891,2.5499847890704905,2.5498956032643196,2.549393727193535,2.547044212965214,2.537977365340423,2.5093230840498024,2.4352678444697395,2.277726964769264,1.998605792286104
374.0,2.55,2.55,2.55,2.55,2.5499999999999785,2.549999999999565,2.5499999999925542,2.5499999998846494,2.549999998405646,2.5499999805202895,2.5499997914368313,2.5499980600976384,2.5499844615331266,2.5498937536745743,2.5493851335823816,2.547011842305552,2.5378799869016895,2.509092465007175,2.4348433271181413,2.277127480560717,1.9979713950985547
375.0,2.55,2.55,2.55,2.55,2.5499999999999776,2.549999999999542,2.549999999992196,2.5499999998796454,2.54999999834397,2.549999979855581,2.5499997852396925,2.549998010673658,2.549984128346651,2.5498918793042984,2.5493764554484146,2.546979257384584,2.537782236461397,2.5088614953509816,2.4344188956850323,2.2765287668555487,1.9973380554301419
376.0,2.55,2.55,2.55,2.55,2.549999999999976,2.5499999999995184,2.5499999999918215,2.549999999874445,2.549999998280162,2.5499999791709533,2.549999778884421,2.54999796019988,2.549983789440417,2.5498899799433064,2.549367692395546,2.5469464579612877,2.537684114876181,2.508630177375351,2.433994551689953,2.275930821512702,1.9967057690359287
377.0,2.55,2.55,2.55,2.55,2.5499999999999745,2.5499999999994927,2.5499999999914307,2.549999999869041,2.549999998214158,2.5499999784658978,2.5499997723676913,2.5499979086588302,2.5499834447432974,2.549888055381006,2.549358844029219,2.546913443799875,2.5375856230056404,2.508398513362831,2.433570296635256,2.2753336423992416,1.9960745316990356
378.0,2.55,2.55,2.55,2.55,2.549999999999973,2.549999999999466,2.5499999999910226,2.5499999998634264,2.549999998145892,2.549999977739894,2.549999765686124,2.549997856032832,2.5499830941836876,2.5498861054064075,2.5493499099564265,2.546880214669768,2.5374867617122616,2.5081665055844256,2.433146132006293,2.2747372273903324,1.9954443392303771
379.0,2.55,2.55,2.55,2.55,2.549999999999972,2.5499999999994385,2.5499999999905967,2.5499999998575946,2.549999998075295,2.549999976992411,2.549999758836284,2.5499978023040115,2.549982737689507,2.5498841298081327,2.5493408897857157,2.5468467703455664,2.537387531861345,2.5079341562996356,2.4327220592715966,2.274141574369219,1.9948151874684028
380.0,2.55,2.55,2.55,2.55,2.5499999999999696,2.549999999999409,2.5499999999901526,2.549999999851537,2.5499999980022983,2.549999976222907,2.549999751814684,2.549997747454293,2.549982375188197,2.549882128374425,2.549331783127207,2.5468131106070224,2.5372879343209327,2.507701467756495,2.43229807988306,2.2735466812272036,1.9941870722788355
381.0,2.55,2.55,2.55,2.55,2.549999999999967,2.5499999999993785,2.549999999989689,2.5499999998452463,2.5499999979268306,2.5499999754308296,2.5499997446177787,2.549997691465399,2.549982006606728,2.5498801008931604,2.5493225895926033,2.546779235239014,2.5371879699617335,2.50746844219161,2.4318741952761176,2.2729525458636237,1.993559989554418
382.0,2.55,2.55,2.55,2.55,2.5499999999999643,2.549999999999347,2.549999999989205,2.549999999838714,2.5499999978488184,2.549999974615614,2.5499997372419703,2.5499976343188493,2.5499816318715958,2.5498780471518554,2.549313308795201,2.5467451440315116,2.5370876396570563,2.507235081830198,2.431450406869918,2.2723591661858284,1.99293393521466
383.0,2.55,2.55,2.55,2.55,2.5499999999999616,2.5499999999993133,2.5499999999887004,2.5499999998319325,2.549999997768187,2.5499999737766847,2.549999729683603,2.5499975759959606,2.549981250908825,2.549875966937676,2.5493039403499034,2.5467108367795546,2.5369869442827357,2.5070013888861284,2.4310267160675014,2.271766540109158,1.9923089052055922
384.0,2.55,2.55,2.55,2.55,2.5499999999999594,2.549999999999278,2.549999999988175,2.549999999824893,2.54999999768486,2.549999972913455,2.5499997219389643,2.5499975164778457,2.549980863643971,2.549873860037451,2.5492944838732297,2.546676313283219,2.536885884717064,2.5067673655619602,2.4306031242559705,2.2711746655569156,1.9916848954995199
385.0,2.55,2.55,2.55,2.55,2.5499999999999563,2.5499999999992418,2.5499999999876266,2.5499999998175866,2.5499999975987584,2.5499999720253252,2.5499997140042856,2.5499974557454115,2.549980470002121,2.5498717262376784,2.5492849389833285,2.546641573347592,2.536784461840722,2.5065330140489834,2.43017963280666,2.2705835404603496,1.9910619020947797
386.0,2.55,2.55,2.55,2.55,2.5499999999999536,2.549999999999203,2.5499999999870555,2.5499999998100047,2.5499999975098016,2.549999971111685,2.5499997058757393,2.5499973937793596,2.5499800699078934,2.549869565324536,2.5492753052999864,2.5466066167827397,2.536682676536712,2.50629833652726,2.4297562430753055,2.269993162758625,1.990439921015504
387.0,2.55,2.55,2.55,2.55,2.549999999999951,2.5499999999991627,2.5499999999864595,2.549999999802138,2.5499999974179066,2.5499999701719105,2.5499996975494392,2.549997330560185,2.5499796632854443,2.54986737708389,2.5492655824446397,2.546571443403683,2.53658052969029,2.5060633351656616,2.429332956402211,2.2694035303988027,1.9898189483113817
388.0,2.55,2.55,2.55,2.55,2.5499999999999483,2.54999999999912,2.5499999999858387,2.549999999793977,2.549999997322989,2.5499999692053663,2.5499996890214414,2.5499972660681745,2.549979250058464,2.5498651613013084,2.5492557700403857,2.5465360530303633,2.5364780221888994,2.505828012121914,2.4289097741124097,2.2688146413358106,1.9891989800574266
389.0,2.55,2.55,2.55,2.55,2.5499999999999456,2.549999999999076,2.549999999985192,2.5499999997855114,2.5499999972249623,2.549999968211405,2.5499996802877414,2.549997200283407,2.549978830150182,2.5498629177620638,2.54924586771199,2.5465004454876183,2.536375154922106,2.5055923695426356,2.4284866975158304,2.2682264935324232,1.9885800123537467
390.0,2.55,2.55,2.55,2.55,2.549999999999942,2.54999999999903,2.549999999984518,2.5499999997767318,2.549999997123737,2.5499999671893656,2.5499996713442745,2.549997133185753,2.5499784034833652,2.5498606462511506,2.549235875085899,2.5464646206051507,2.5362719287815327,2.5053564095633813,2.428063727907455,2.267639084959233,1.9879620413253198
391.0,2.55,2.55,2.55,2.55,2.5499999999999385,2.5499999999989815,2.5499999999838163,2.5499999997676275,2.549999997019223,2.549999966138575,2.5499996621869165,2.5499970647548724,2.549977969980326,2.5498583465532887,2.549225791790249,2.5464285782174976,2.5361683446607985,2.5051201343086813,2.427640866567479,2.267052413594628,1.9873450631217662
392.0,2.55,2.55,2.55,2.55,2.549999999999935,2.549999999998931,2.5499999999830854,2.5499999997581875,2.549999996911326,2.5499999650583463,2.549999652811482,2.5499969949702153,2.549977529562916,2.5498560184529344,2.549215617454875,2.5463923181640054,2.53606440345545,2.504883545892085,2.4272181147614673,2.2664664774247636,1.9867290739171266
393.0,2.55,2.55,2.55,2.55,2.5499999999999314,2.549999999998878,2.549999999982324,2.5499999997484015,2.549999996799952,2.54999996394798,2.5499996432137233,2.5499969238110203,2.5499770821525334,2.5498536617342933,2.54920535171132,2.5463558402887987,2.535960106062906,2.5046466464162034,2.426795473740509,2.2658812744435384,1.9861140699096471
394.0,2.55,2.55,2.55,2.55,2.549999999999928,2.549999999998823,2.549999999981533,2.5499999997382576,2.549999996685002,2.5499999628067624,2.54999963338933,2.5499968512563145,2.549976627670123,2.549851276181325,2.549194994192844,2.5463191444407496,2.535855453382389,2.5044094379727486,2.4263729447413707,2.265296802652567,1.9855000473215587
395.0,2.55,2.55,2.55,2.55,2.5499999999999243,2.549999999998765,2.5499999999807077,2.5499999997277447,2.5499999965663775,2.5499999616339672,2.54999962333393,2.549996777284911,2.5499761660361773,2.549848861577755,2.549184544534434,2.54628223047345,2.535750446314873,2.50417192264258,2.4259505289866494,2.2647130600611565,1.9848870023988643
396.0,2.55,2.55,2.55,2.55,2.54999999999992,2.5499999999987044,2.5499999999798497,2.5499999997168503,2.5499999964439755,2.549999960428854,2.549999613043087,2.5499967018754104,2.5499756971707406,2.5498464177070836,2.549174002372811,2.5462450982451825,2.5356450857630133,2.503934102495745,2.425528227684921,2.264130044686275,1.9842749314111314
397.0,2.55,2.55,2.55,2.55,2.5499999999999154,2.549999999998641,2.549999999978956,2.5499999997055625,2.549999996317691,2.5499999591906684,2.5499996025123015,2.5499966250062007,2.549975220993408,2.549843944352595,2.5491633673464404,2.546207747618891,2.535539372631098,2.5036959795915203,2.4251060420308876,2.2635477545525307,1.9836638306512793
398.0,2.55,2.55,2.55,2.55,2.549999999999911,2.5499999999985747,2.5499999999780263,2.5499999996938687,2.5499999961874176,2.5499999579186414,2.5499995917370093,2.549996546655454,2.5499747374233293,2.5498414412973665,2.5491526390955372,2.5461701784621513,2.535433307824981,2.503457555978458,2.424683973205526,2.2629661876921414,1.9830536964353755
399.0,2.55,2.55,2.55,2.55,2.5499999999999066,2.549999999998506,2.54999999997706,2.5499999996817557,2.549999996053045,2.5499999566119906,2.5499995807125817,2.549996466801126,2.5499742463792106,2.54983890832428,2.549141817262077,2.5461323906471405,2.5353268922520305,2.5032188336944277,2.42426202237623,2.26238534214491,1.9824445251024296
400.0,2.55,2.55,2.55,2.55,2.549999999999902,2.5499999999984335,2.5499999999760536,2.54999999966921,2.5499999959144617,2.549999955269918,2.5499995694343234,2.549996385420959,2.5499737477793154,2.549836345216028,2.549130901489801,2.54609438405061,2.535220126821068,2.5029798147666575,2.4238401906969553,2.2618052159581943,1.9818363130141963
401.0,2.55,2.55,2.55,2.5499999999999994,2.5499999999998977,2.549999999998358,2.549999999975008,2.549999999656219,2.5499999957715525,2.549999953891611,2.5499995578974737,2.549996302492477,2.549973241541469,2.5498337517551244,2.549119891424226,2.5460561585538546,2.535113012442315,2.5027405012117816,2.4234184793083586,2.2612258071868827,1.9812290565549704
402.0,2.55,2.55,2.55,2.549999999999999,2.5499999999998924,2.5499999999982794,2.5499999999739202,2.5499999996427674,2.5499999956242005,2.5499999524762433,2.549999546097206,2.5499962179929874,2.549972727583058,2.5498311277239134,2.5491087867126505,2.5460177140426836,2.535005550027336,2.5025008950358805,2.4229968893379406,2.2606471138933673,1.9806227521313962
403.0,2.55,2.55,2.55,2.549999999999998,2.549999999999887,2.5499999999981973,2.549999999972789,2.5499999996288416,2.5499999954722856,2.5499999510229725,2.5499995340286246,2.5499961318995794,2.5499722058210326,2.5498284729045793,2.5490975870041632,2.5459790504073894,2.534897740488984,2.5022609982345245,2.4225754219001816,2.2600691341475123,1.9800173961722698
404.0,2.55,2.55,2.55,2.549999999999998,2.5499999999998817,2.5499999999981116,2.5499999999716136,2.5499999996144265,2.5499999953156847,2.5499999495309402,2.5499995216867686,2.5499960441891254,2.5499716761719093,2.549825787079156,2.5490862919496466,2.5459401675427236,2.534789584741348,2.5020208127928205,2.422154078096679,2.259491866026632,1.9794129851283486
405.0,2.55,2.55,2.55,2.549999999999997,2.5499999999998764,2.549999999998022,2.5499999999703915,2.549999999599506,2.549999995154273,2.549999947999274,2.549999509066607,2.549995954838277,2.5499711385517743,2.5498230700295323,2.549074901201789,2.5459010653478606,2.534681083699698,2.501780340685454,2.4217328590162825,2.258915307615458,1.9788095154721619
406.0,2.55,2.55,2.55,2.549999999999997,2.54999999999987,2.549999999997928,2.5499999999691223,2.5499999995840663,2.549999994987921,2.5499999464270844,2.54999949616304,2.5499958638234683,2.5499705928762837,2.549820321537468,2.5490634144150843,2.545861743726374,2.5345722382804317,2.501539583876733,2.4213117657352274,2.2583394570061164,1.978206983697819
407.0,2.55,2.55,2.55,2.5499999999999963,2.549999999999864,2.5499999999978304,2.5499999999678025,2.5499999995680898,2.549999994816499,2.549999944813467,2.5499994829709003,2.549995771120912,2.549970039060666,2.549817541384595,2.5490518312458454,2.5458222025862036,2.534463049401026,2.5012985443206306,2.420890799317267,2.257764312298095,1.9776053863208314
408.0,2.55,2.55,2.55,2.549999999999996,2.549999999999857,2.5499999999977288,2.549999999966431,2.5499999995515603,2.549999994639873,2.549999943157501,2.549999469484949,2.5499956767066005,2.549969477019726,2.549814729352433,2.5490401513522065,2.545782441839628,2.5343535179799836,2.5010572239608337,2.4204699608138043,2.2571898715982197,1.9770047198779228
409.0,2.55,2.55,2.55,2.549999999999995,2.5499999999998497,2.5499999999976226,2.5499999999650074,2.549999999534461,2.549999994457905,2.549999941458249,2.5499994556998766,2.549995580556306,2.5499689066678437,2.549811885222394,2.549028374394129,2.5457424614032345,2.5342436449367822,2.500815624730782,2.420049251264018,2.2566161330206236,1.9764049809268496
410.0,2.55,2.55,2.55,2.549999999999994,2.5499999999998417,2.549999999997512,2.5499999999635277,2.549999999516775,2.5499999942704554,2.5499999397147564,2.549999441610304,2.5499954826455786,2.5499683279189815,2.549809008775794,2.549016500033408,2.5457022611978903,2.534133431191824,2.500573748553715,2.419628671694993,2.2560430946867207,1.9758061660462227
411.0,2.55,2.55,2.55,2.549999999999993,2.5499999999998337,2.5499999999973966,2.549999999961992,2.5499999994984837,2.549999994077381,2.549999937926054,2.54999942721078,2.5499953829497475,2.5499677406866814,2.5498060997938587,2.5490045279336786,2.5456618411487115,2.5340228776663904,2.5003315973427163,2.419208223121845,2.2554707547251756,1.9752082718353317
412.0,2.55,2.55,2.55,2.5499999999999923,2.5499999999998253,2.549999999997276,2.549999999960397,2.5499999994795695,2.5499999938785356,2.549999936091153,2.549999412495781,2.549995281443917,2.5499671448840706,2.549803158057736,2.5489924577604213,2.545621201185037,2.5339119852825887,2.5000891730007573,2.418787906547847,2.254899111271879,1.9746112949139643
413.0,2.55,2.55,2.55,2.5499999999999914,2.5499999999998164,2.5499999999971505,2.5499999999587404,2.5499999994600127,2.5499999936737705,2.5499999342090507,2.549999397459712,2.549995178102971,2.549966540423862,2.549800183348502,2.5489802891809648,2.545580341240397,2.5338007549633073,2.499846477420742,2.4183677229645517,2.2543281624699145,1.9740152319222388
414.0,2.55,2.55,2.55,2.5499999999999905,2.5499999999998075,2.549999999997019,2.549999999957021,2.5499999994397946,2.549999993462932,2.5499999322787237,2.549999382096903,2.5499950729015697,2.5499659272183584,2.549797175447172,2.5489680218644946,2.5455392612524834,2.5336891876321666,2.4996035124855505,2.4179476733519136,2.253757906469535,1.9734200795204295
415.0,2.55,2.55,2.55,2.5499999999999896,2.549999999999798,2.5499999999968828,2.5499999999552365,2.5499999994188958,2.5499999932458643,2.549999930299132,2.5499993664016123,2.5499949658141485,2.5499653051794526,2.5497941341347063,2.5489556554820556,2.545497961163122,2.5335772842134756,2.4993602800680854,2.4175277586784087,2.2531883414281335,1.9728258343887999
416.0,2.55,2.55,2.55,2.5499999999999887,2.5499999999997884,2.5499999999967407,2.5499999999533847,2.5499999993972953,2.549999993022409,2.5499999282692185,2.549999350368023,2.5499948568149193,2.549964674218633,2.5497910591920228,2.548943189706557,2.5454564409182434,2.5334650456321817,2.4991167820313143,2.417107979901156,2.25261946551021,1.9722324932274313
417.0,2.55,2.55,2.55,2.549999999999988,2.5499999999997787,2.549999999996592,2.549999999951463,2.5499999993749727,2.5499999927924035,2.5499999261879087,2.549999333990244,2.5499947458778687,2.5499640342469814,2.549787950400001,2.5489306242127787,2.5454147004678527,2.533352472813828,2.4988730202283147,2.4166883379660344,2.2520512768873493,1.971640052756058
418.0,2.55,2.55,2.55,2.549999999999987,2.549999999999767,2.549999999996438,2.549999999949469,2.5499999993519067,2.549999992555681,2.5499999240541085,2.549999317262308,2.549994632976759,2.5499633851751806,2.5497848075394947,2.548917958677372,2.5453727397660018,2.5332395666845087,2.4986289965023207,2.4162688338077998,2.2514837737381903,1.9710485097139083
419.0,2.55,2.55,2.55,2.549999999999986,2.5499999999997556,2.5499999999962766,2.549999999947401,2.5499999993280746,2.549999992312072,2.5499999218667058,2.5499993001781736,2.5499945180851284,2.549962726913513,2.5497816303913377,2.548905192778868,2.5453305587707593,2.5331263281708236,2.4983847126867644,2.415849468350199,2.250916954248397,1.970457860859537
420.0,2.55,2.55,2.55,2.549999999999985,2.5499999999997436,2.549999999996109,2.5499999999452556,2.549999999303455,2.5499999920614043,2.5499999196245704,2.549999282731722,2.5499944011762867,2.5499620593718655,2.5497784187363535,2.5488923261976786,2.5452881574441832,2.5330127581998356,2.498140170605322,2.415430242506086,2.2503508166106303,1.9698681029706648
421.0,2.55,2.55,2.55,2.5499999999999843,2.549999999999731,2.5499999999959346,2.5499999999430303,2.5499999992780245,2.5499999918035003,2.549999917326552,2.5499992649167575,2.5499942822233193,2.5499613824597303,2.5497751723553645,2.5488793586161025,2.545245535752289,2.5328988576990286,2.4978953720719588,2.4150111571775335,2.249785359025304,1.969279247160645
422.0,2.55,2.55,2.55,2.5499999999999834,2.5499999999997183,2.549999999995753,2.5499999999407237,2.5499999992517592,2.54999999153818,2.549999914971483,2.549999246727008,2.549994161199086,2.5499606960862087,2.5497718910291987,2.5488662897183256,2.5452026936650247,2.5327846275962633,2.4976503188909724,2.414592213255945,2.2492205797028513,1.968691276426665
423.0,2.55,2.55,2.55,2.5499999999999825,2.549999999999705,2.549999999995564,2.549999999938331,2.549999999224636,2.549999991265259,2.5499999125581745,2.549999228156122,2.5499940380762185,2.549960000160014,2.5497685745386987,2.548853119190429,2.5451596311562383,2.5326700688197366,2.4974050128570378,2.414173411622168,2.2486564768612403,1.9681041875936969
424.0,2.55,2.55,2.55,2.5499999999999816,2.5499999999996907,2.5499999999953666,2.549999999935851,2.5499999991966296,2.5499999909845497,2.549999910085419,2.549999209197672,2.549993912827121,2.549959294589471,2.5497652226647305,2.5488398467203885,2.545116348203652,2.53255518229794,2.497159455755252,2.4137547531466015,2.2480930487251545,1.9675179775055902
425.0,2.55,2.55,2.55,2.5499999999999807,2.549999999999676,2.549999999995162,2.54999999993328,2.5499999991677145,2.54999999069586,2.54999990755199,2.54999918984515,2.5499937854239727,2.549958579282524,2.5497618351881917,2.5488264719980807,2.545072844788832,2.5324399689596206,2.49691364936118,2.4133362386893094,2.24753029352597,1.9669326430249046
426.0,2.55,2.55,2.55,2.54999999999998,2.54999999999966,2.5499999999949488,2.5499999999306153,2.5499999991378646,2.5499999903989945,2.54999990495664,2.5499991700919677,2.549993655838724,2.549957854146733,2.5497584118900183,2.548812994715283,2.5450291208971603,2.5323244297337393,2.496667595440896,2.412917869100124,2.246968209501732,1.9663481810327446
427.0,2.55,2.55,2.55,2.5499999999999785,2.5499999999996437,2.5499999999947267,2.549999999927855,2.5499999991070537,2.5499999900937533,2.549999902298102,2.5499991499314594,2.5499935240430966,2.5499571190892825,2.5497549525511953,2.548799414565679,2.544985176517807,2.532208565549431,2.4964212957510292,2.4124996452187566,2.2464067948971325,1.9657645884285968
428.0,2.55,2.55,2.55,2.5499999999999776,2.549999999999627,2.549999999994496,2.549999999924994,2.549999999075254,2.5499999897799324,2.5499998995750883,2.549999129356878,2.549993390008586,2.5499563740169804,2.5497514569527624,2.5487857312448594,2.5449410116437,2.53209237733597,2.49617475203881,2.4120815678748992,2.2458460479634894,1.9651818621301742
429.0,2.55,2.55,2.55,2.549999999999976,2.549999999999609,2.5499999999942555,2.5499999999220297,2.549999999042438,2.549999989457325,2.5499998967862902,2.5499991083613938,2.5499932537064565,2.549955618836261,2.5497479248758244,2.548771944450328,2.5448966262714965,2.5319758660227247,2.4959279660421094,2.411663637888332,2.2452859669587215,1.9645999990732532
430.0,2.55,2.55,2.55,2.549999999999975,2.5499999999995913,2.5499999999940055,2.549999999918959,2.549999999008577,2.549999989125719,2.5499998939303787,2.549999086938098,2.549993115107747,2.5499548534531895,2.5497443561015567,2.5487580538814987,2.5448520204015592,2.5318590325391264,2.4956809394894903,2.411245856069022,2.244726550147325,1.9640189962115224
431.0,2.55,2.55,2.55,2.549999999999973,2.5499999999995717,2.5499999999937457,2.5499999999157787,2.5499999989736413,2.5499999887848968,2.549999891006003,2.5499990650799997,2.5499929741832665,2.549954077773462,2.549740750411214,2.548744059239702,2.5448071940379218,2.5317418778146283,2.4954336741002456,2.4108282232172296,2.244167795800351,1.9634388505164242
432.0,2.55,2.55,2.55,2.549999999999972,2.5499999999995513,2.5499999999934757,2.549999999912485,2.549999998937601,2.5499999884346387,2.5499998880117922,2.5499990427800228,2.549992830903595,2.549953291702412,2.5497371075861404,2.548729960228186,2.5447621471882647,2.53162440277867,2.4951861715844466,2.4104107401236057,2.243609702195384,1.9628595589770088
433.0,2.55,2.55,2.55,2.5499999999999705,2.54999999999953,2.5499999999931946,2.5499999999090743,2.549999998900426,2.5499999880747204,2.5499998849463528,2.549999020031012,2.5499926852390833,2.5499524951450097,2.5497334274077748,2.548715756552117,2.544716879863885,2.531506608360642,2.494938433642983,2.4099934075692904,2.243052267616513,1.9622811185997795
434.0,2.55,2.55,2.55,2.549999999999969,2.549999999999508,2.549999999992903,2.549999999905543,2.5499999988620843,2.5499999877049127,2.5499998818082696,2.5499989968257264,2.5499925371598526,2.549951688005866,2.54972970965766,2.5487014479185834,2.54467139207967,2.531388495489848,2.494690461967612,2.4095762263260134,2.2424954903543144,1.9617035264085503
435.0,2.55,2.55,2.55,2.549999999999968,2.5499999999994856,2.5499999999925995,2.5499999999018863,2.5499999988225435,2.549999987324981,2.549999878596106,2.5499989731568413,2.549992386635796,2.549950870189236,2.5497259541174477,2.548687034036596,2.54462568385407,2.5312700650954714,2.494442258240995,2.4091591971561894,2.241939368705822,1.9611267794442955
436.0,2.55,2.55,2.55,2.549999999999966,2.5499999999994616,2.549999999992284,2.549999999898102,2.5499999987817716,2.5499999869346874,2.549999875308403,2.549998949016948,2.5499922336365755,2.54995004159902,2.549722160568912,2.548672514617089,2.5445797552090674,2.5311513181065415,2.49419382413675,2.4087423208130145,2.2413839009745082,1.96055087476501
437.0,2.55,2.55,2.55,2.5499999999999643,2.5499999999994367,2.5499999999919565,2.5499999998941854,2.5499999987397333,2.5499999865337895,2.5499998719436787,2.5499989243985537,2.549992078131625,2.5499492021387695,2.5497183287939507,2.548657889372924,2.5445336061701505,2.5310322554518976,2.4939451613194903,2.40832559804056,2.2408290854702555,1.9599758094455653
438.0,2.55,2.55,2.55,2.5499999999999616,2.549999999999411,2.549999999991616,2.549999999890132,2.5499999986963955,2.549999986122038,2.5499998685004286,2.5499988992940787,2.5499919200901475,2.549948351711686,2.549714458574597,2.5486431580188884,2.5444872367662867,2.5309128780601555,2.4936962714448687,2.407909029573867,2.240274920509335,1.9594015805775673
439.0,2.55,2.55,2.55,2.549999999999959,2.5499999999993834,2.5499999999912624,2.5499999998859373,2.549999998651722,2.5499999856991824,2.5499998649771256,2.5499988736958583,2.5499917594811157,2.549947490220627,2.5497105496930264,2.5486283202716975,2.5444406470298953,2.5307931868596767,2.493447156159622,2.4074926161390384,2.2397214044143823,1.958828185269222
440.0,2.55,2.55,2.55,2.5499999999999563,2.549999999999355,2.549999999990895,2.549999999881597,2.5499999986056774,2.5499999852649644,2.549999861372219,2.5499988475961404,2.5499915962732738,2.5499466175681085,2.549706601931561,2.5486133758499956,2.544393836996816,2.530673182778532,2.4931978171016143,2.4070763584533306,2.23916853551437,1.9582556206451966
441.0,2.55,2.55,2.55,2.5499999999999536,2.5499999999993257,2.5499999999905136,2.549999999877108,2.5499999985582242,2.549999984819122,2.549999857684136,2.549998820987088,2.549991430435134,2.549945733656305,2.5497026150726825,2.5485983244743573,2.5443468067062875,2.5305528667444737,2.492948255899881,2.406660257225244,2.238616312144588,1.957683883846484
442.0,2.55,2.55,2.55,2.549999999999951,2.5499999999992955,2.5499999999901175,2.549999999872464,2.549999998509325,2.5499999843613885,2.549999853911278,2.5499987938607758,2.5499912619349807,2.5499448383870575,2.549698588899035,2.548583165867287,2.5442995562009143,2.5304322396849006,2.492698474174672,2.4062443131546116,2.2380647326466145,1.9571129720302691
443.0,2.55,2.55,2.55,2.5499999999999483,2.549999999999263,2.549999999989706,2.5499999998676612,2.549999998458941,2.549999983891492,2.5499998500520236,2.5499987662091894,2.5499910907408667,2.54994393166187,2.549694523193434,2.54856789975322,2.544252085526644,2.5303113025268273,2.4924484735374937,2.4058285269326896,2.2375137953682946,1.9565428823697997
444.0,2.55,2.55,2.55,2.5499999999999456,2.5499999999992298,2.5499999999892786,2.549999999862694,2.5499999984070323,2.5499999834091542,2.5499998461047277,2.549998738024228,2.549990916820615,2.5499430133819194,2.5496904177388746,2.548552525858524,2.544204394732738,2.5301900561968553,2.4921982555911546,2.405412899242242,2.236963498663714,1.9559736120542517
445.0,2.55,2.55,2.55,2.549999999999943,2.549999999999195,2.5499999999888354,2.549999999857558,2.5499999983535577,2.5499999829140934,2.549999842067721,2.5499987092977014,2.549990740141819,2.5499420834480526,2.549686272318537,2.548537043911499,2.5441564838717454,2.530068501621141,2.4919478219298057,2.4049974307576294,2.236413840893175,1.9554051582886052
446.0,2.55,2.55,2.55,2.5499999999999403,2.5499999999991587,2.549999999988376,2.549999999852248,2.5499999982984773,2.549999982406022,2.5499998379393087,2.5499986800213303,2.5499905606718416,2.5499411417607933,2.549682086715794,2.548521453642374,2.544108352999474,2.5299466397253667,2.491697174138986,2.404582122144894,2.235864820423171,1.954837518293512
447.0,2.55,2.55,2.55,2.5499999999999368,2.5499999999991205,2.5499999999878984,2.549999999846759,2.5499999982417485,2.5499999818846466,2.549999833717772,2.5499986501867453,2.5499903783778137,2.549940188220342,2.54967786071422,2.5485057547833128,2.544060002174967,2.529824471434711,2.4914463137956653,2.404166974061842,2.2353164356263635,1.9542706893051751
448.0,2.55,2.55,2.55,2.549999999999933,2.5499999999990814,2.549999999987403,2.5499999998410843,2.5499999981833277,2.549999981349669,2.5499998294013655,2.5499986197854874,2.5499901932266393,2.5499392227265814,2.5496735940975963,2.5484899470684095,2.544011431460472,2.52970199767382,2.491195242468284,2.4037519871581314,2.2347686848815553,1.953704668575219
449.0,2.55,2.55,2.55,2.5499999999999297,2.5499999999990406,2.549999999986889,2.549999999835219,2.5499999981231705,2.549999980800786,2.549999824988321,2.5499985888090064,2.54999000518499,2.549938245179078,2.5496692866499187,2.548474030233691,2.5439626409214204,2.529579219366779,2.4909439617168005,2.40333716207535,2.234221566573667,1.9531394533705722
450.0,2.55,2.55,2.55,2.549999999999926,2.549999999998998,2.5499999999863556,2.549999999829158,2.5499999980612316,2.5499999802376867,2.5499998204768426,2.549998557248662,2.549989814219308,2.549937255477087,2.549664938155402,2.5484580040171143,2.5439136306263928,2.5294561374370845,2.4906924730927296,2.4029224994471017,2.23367507909371,1.9525750409733407
451.0,2.55,2.55,2.55,2.5499999999999226,2.5499999999989535,2.5499999999858027,2.549999999822895,2.549999997997465,2.5499999796600568,2.54999981586511,2.549998525095722,2.5499896202958063,2.5499362535195518,2.549660548398493,2.5484418681585694,2.5438644006471,2.5293327528076155,2.4904407781391855,2.4025079998990844,2.2331292208387667,1.9520114286806913
452.0,2.55,2.55,2.55,2.549999999999919,2.5499999999989074,2.5499999999852294,2.549999999816424,2.549999997931823,2.549999979067575,2.5499998111512756,2.5499984923413614,2.5499894233804667,2.5499352392051096,2.5496561171638703,2.548425622399875,2.5438149510583523,2.5292090664006075,2.4901888783909287,2.402093664049172,2.2325839902119595,1.9514486138047307
453.0,2.55,2.55,2.55,2.5499999999999154,2.549999999998859,2.5499999999846352,2.5499999998097387,2.5499999978642585,2.5499999784599154,2.549999806333467,2.549998458976664,2.549989223439042,2.549934212432095,2.549651644236457,2.5484092664847795,2.543765281938035,2.529085079137626,2.4899367753744013,2.4016794925074905,2.2320393856224303,1.9508865936723871
454.0,2.55,2.55,2.55,2.549999999999912,2.549999999998809,2.5499999999840184,2.549999999802834,2.5499999977947208,2.5499999778367455,2.5499998014097836,2.549998424992621,2.5499890204370548,2.549933173098541,2.5496471294014222,2.5483928001589615,2.5437153933670817,2.52896079193954,2.4896844706077754,2.4012654858765012,2.2314954054853136,1.9503253656252988
455.0,2.55,2.55,2.549999999999999,2.549999999999908,2.549999999998757,2.5499999999833793,2.549999999795702,2.5499999977231607,2.549999977197727,2.5499997963783,2.5499983903801295,2.5499888143397995,2.549932121102183,2.5496425724441933,2.5483762231700258,2.543665285429449,2.5288362057264946,2.48943196560099,2.4008516447510733,2.2309520482217113,1.9497649270196933
456.0,2.55,2.55,2.549999999999999,2.5499999999999035,2.5499999999987026,2.5499999999827168,2.5499999997883362,2.5499999976495262,2.549999976542514,2.5499997912370618,2.5499983551299925,2.5499886051123393,2.549931056340462,2.5496379731504564,2.5483595352675064,2.5436149582120895,2.5287113214178882,2.4891792618557984,2.400437969718564,2.2304093122586703,1.949205275226276
457.0,2.55,2.55,2.549999999999998,2.549999999999899,2.5499999999986462,2.54999999998203,2.54999999978073,2.549999997573764,2.5499999758707577,2.549999785984089,2.5499983192329196,2.549988392719509,2.5499299787105287,2.5496333313061688,2.5483427362028617,2.543564411804927,2.5285861399323446,2.4889263608658023,2.400024461358892,2.2298671960291547,1.948646407630119
458.0,2.55,2.55,2.549999999999998,2.5499999999998946,2.5499999999985876,2.5499999999813188,2.5499999997728766,2.549999997495822,2.549999975182101,2.549999780617373,2.549998282679527,2.5499881771259134,2.549928888109243,2.5496286466975615,2.5483258257294747,2.5435136463008305,2.5284606621876895,2.488673264116502,2.3996111202446144,2.2293256979720244,1.9480883216305498
459.0,2.55,2.55,2.549999999999997,2.54999999999989,2.5499999999985263,2.549999999980581,2.5499999997647684,2.549999997415644,2.5499999744761803,2.5499997751348786,2.5499982454603334,2.54998795829593,2.549927784433182,2.5496239191111476,2.5483088036026533,2.543462661795589,2.528334889100928,2.488419973085332,2.399197946941,2.228784816532006,1.947531014641036
460.0,2.55,2.55,2.5499999999999967,2.5499999999998857,2.549999999998463,2.5499999999798173,2.549999999756399,2.5499999973331744,2.549999973752626,2.5499997695345415,2.5499982075657632,2.5499877361937067,2.549926667578638,2.5496191483337274,2.548291669579626,2.543411458387885,2.5282088215882164,2.4881664892417046,2.398784942006102,2.2282445501596717,1.946974484089084
461.0,2.55,2.55,2.5499999999999963,2.549999999999881,2.5499999999983967,2.549999999979026,2.54999999974776,2.5499999972483556,2.5499999730110634,2.5499997638142693,2.549998168986147,2.5499875107831613,2.5499255374416263,2.549614334152397,2.5482744234195414,2.5433600361792705,2.5280824605648444,2.48791281404705,2.3983721059908323,2.227704897311412,1.946418727416125
462.0,2.55,2.55,2.549999999999996,2.5499999999998755,2.5499999999983283,2.5499999999782057,2.5499999997388434,2.5499999971611302,2.54999997225111,2.549999757971942,2.5499981297117156,2.5499872820279856,2.5499243939178853,2.5496094763545516,2.5482570648834684,2.543308395274141,2.5279558069452053,2.4876589489548584,2.3979594394390316,2.227165856449413,1.9458637420774134
463.0,2.55,2.55,2.5499999999999954,2.54999999999987,2.5499999999982568,2.549999999977357,2.5499999997296423,2.549999997071437,2.549999971472376,2.54999975200541,2.5499980897326053,2.5499870498916426,2.549923236902881,2.549604574727894,2.5482395937343916,2.543256535779711,2.5278288616427793,2.487404895410722,2.397546942887542,2.2266274260416314,1.9453095255419162
464.0,2.55,2.55,2.5499999999999945,2.549999999999865,2.5499999999981826,2.5499999999764773,2.549999999720148,2.549999996979216,2.5499999706744676,2.549999745912496,2.549998049038855,2.549986814337366,2.549922066291809,2.549599629060441,2.5482220097372115,2.5432044578059863,2.5277016255701072,2.4871506548523725,2.397134616866276,2.2260896045617677,1.9447560752922128
465.0,2.55,2.55,2.5499999999999945,2.5499999999998595,2.5499999999981053,2.5499999999755665,2.549999999710353,2.549999996884406,2.549999969856981,2.5499997396909913,2.5499980076204074,2.5499865753281634,2.549920881979599,2.549594639140526,2.5482043126587404,2.5431521614657457,2.5275740996387714,2.486896228709724,2.3967224618982876,2.2255523904892445,1.9442033888243897
466.0,2.55,2.55,2.5499999999999936,2.5499999999998533,2.5499999999980254,2.5499999999746232,2.5499999997002476,2.5499999967869407,2.549999969019507,2.5499997333386597,2.5499979654671048,2.5499863328268146,2.5499196838609155,2.549589604756812,2.5481865022677037,2.543099646874508,2.5274462847593693,2.486641618404914,2.39631047849984,2.225015782309179,1.9436514636479374
467.0,2.55,2.55,2.5499999999999927,2.549999999999846,2.549999999997942,2.549999999973647,2.5499999996898235,2.5499999966867577,2.5499999681616305,2.5499997268532346,2.549997922568692,2.5499860867958724,2.549918471830164,2.5495845256982888,2.5481685783347348,2.5430469141505134,2.5273181818414985,2.4863868253523433,2.395898667180473,2.2244797785123627,1.943100297285652
468.0,2.55,2.55,2.549999999999992,2.549999999999839,2.5499999999978558,2.549999999972637,2.549999999679072,2.54999999658379,2.549999967282928,2.54999972023242,2.549997878914817,2.5499858371976614,2.5499172457814936,2.5495794017542854,2.5481505406323737,2.5429939634146965,2.5271897917937296,2.4861318509587154,2.395487028443073,2.223944377595232,1.942549887273531
469.0,2.55,2.55,2.549999999999991,2.549999999999832,2.549999999997766,2.549999999971591,2.5499999996679836,2.54999999647797,2.549999966382969,2.5499997134738885,2.549997834495027,2.5499855839942818,2.5499160056087975,2.549574232714476,2.5481323889350658,2.542940794790662,2.5270611155235905,2.4858766966230763,2.395075562783937,2.223409578059846,1.942000231160678
470.0,2.55,2.55,2.54999999999999,2.549999999999824,2.549999999997673,2.5499999999705087,2.5499999996565497,2.5499999963692295,2.5499999654613164,2.549999706575283,2.5499977892987706,2.5499853271476054,2.549914751205719,2.5495690183688806,2.5481141230191584,2.5428874084046615,2.5269321539375436,2.485621363736857,2.3946642706928407,2.2228753784138644,1.9414513265092008
471.0,2.55,2.55,2.549999999999989,2.549999999999816,2.549999999997576,2.5499999999693888,2.5499999996447595,2.5499999962574975,2.5499999645175255,2.5499996995342156,2.549997743315396,2.5499850666192807,2.549913482465653,2.549563758507877,2.548095742662897,2.5428338043855687,2.526802907940966,2.485365853683911,2.3942531526531017,2.2223417771705183,1.9409031708941207
472.0,2.55,2.55,2.5499999999999883,2.549999999999808,2.549999999997475,2.54999999996823,2.549999999632605,2.5499999961427027,2.549999963551144,2.5499996923482677,2.5499976965341524,2.549984802370728,2.54991219928175,2.5495584529222004,2.5480772476464253,2.542779982864854,2.526673378438131,2.4851101678405536,2.3938422091416456,2.2218087728485907,1.9403557619032656
473.0,2.55,2.55,2.5499999999999874,2.5499999999998,2.549999999997371,2.549999999967031,2.549999999620074,2.5499999960247717,2.5499999625617127,2.5499996850149893,2.549997648944186,2.5499845343631433,2.5499109015469195,2.5495531014029567,2.5480586377517818,2.5427259439765626,2.5265435663321867,2.484854307575605,2.3934314406290693,2.221276363972388,1.9398090971371866
474.0,2.55,2.55,2.5499999999999865,2.549999999999791,2.5499999999972625,2.549999999965791,2.5499999996071576,2.5499999959036304,2.5499999615487643,2.549999677531899,2.549997600534545,2.5499842625574978,2.549909589153832,2.5495477037416197,2.548039912762895,2.5426716878572897,2.5264134725251397,2.4845982742504233,2.3930208475797055,2.22074454907172,1.9392631742090531
475.0,2.55,2.55,2.5499999999999856,2.549999999999782,2.5499999999971497,2.549999999964508,2.5499999995938447,2.549999995779202,2.5499999605118244,2.549999669896484,2.5499975512941746,2.549983986914539,2.549908261994923,2.5495422597300434,2.548021072465584,2.542617214646159,2.526283097917836,2.4843420692189504,2.392610430451683,2.2202133266818724,1.9387179907445682
476.0,2.55,2.55,2.5499999999999847,2.549999999999773,2.5499999999970324,2.5499999999631817,2.549999999580125,2.549999995651409,2.54999995945041,2.549999662106199,2.5499975012119185,2.549983707394789,2.549906919962397,2.5495367691604645,2.548002116647552,2.5425625244847945,2.5261524434099405,2.4840856938277476,2.3922001896969913,2.2196826953435855,1.9381735443818688
477.0,2.55,2.55,2.549999999999984,2.5499999999997627,2.549999999996911,2.54999999996181,2.549999999565987,2.5499999955201726,2.5499999583640314,2.549999654158467,2.5499974502765195,2.5499834239585466,2.549905562948228,2.5495312318255072,2.547983045098386,2.5425076175173005,2.52602150989992,2.4838291494160343,2.391790125761539,2.219152653603028,1.9376298327714412
478.0,2.55,2.55,2.549999999999983,2.549999999999752,2.549999999996786,2.5499999999603915,2.5499999995514195,2.5499999953854116,2.5499999572521896,2.549999646050678,2.5499973984766164,2.5499831365658876,2.5499041908441655,2.5495256475181907,2.5479638576095516,2.542452493890239,2.525890298285028,2.4835724373157273,2.3913802390852164,2.218623200011774,1.9370868535760248
479.0,2.55,2.55,2.549999999999982,2.549999999999741,2.5499999999966554,2.549999999958925,2.5499999995364107,2.5499999952470436,2.5499999561143794,2.54999963778019,2.5499973458007474,2.5499828451766646,2.5499028035417366,2.5495200160319333,2.5479445539743923,2.542397153752604,2.5257588094612844,2.4833155588514817,2.3909705301019564,2.2180943331267793,1.9365446044705241
480.0,2.55,2.55,2.549999999999981,2.5499999999997294,2.5499999999965195,2.5499999999574094,2.5499999995209492,2.5499999951049857,2.5499999549500862,2.5499996293443274,2.549997292237345,2.5499825497505073,2.5499014009322485,2.5495143371605593,2.5479251339881244,2.542341597255799,2.525627044323459,2.4830585153407236,2.3905609992397903,2.217566051510357,1.9360030831419208
481.0,2.55,2.55,2.5499999999999803,2.549999999999718,2.5499999999963787,2.5499999999558427,2.5499999995050233,2.5499999949591516,2.5499999537587876,2.549999620740382,2.5499972377747406,2.549982250246824,2.549899982906793,2.5495086106983,2.547905597447833,2.5422858245536157,2.525495003765057,2.482801308093695,2.3901516469209114,2.217038353732102,1.9354623233320163
482.0,2.55,2.55,2.5499999999999794,2.5499999999997054,2.549999999996233,2.549999999954223,2.5499999994886196,2.549999994809454,2.5499999525399524,2.5499996119656116,2.549997182401161,2.5499819466248015,2.549898549356249,2.549502836439805,2.5478859441524717,2.5422298358022095,2.5253626886782987,2.482543938413488,2.3897424735617294,2.2165112383745544,1.9349222879539543
483.0,2.55,2.55,2.5499999999999776,2.549999999999693,2.549999999996082,2.54999999995255,2.549999999471726,2.549999994655804,2.5499999512930422,2.549999603017241,2.5499971261047296,2.5499816388434047,2.549897100171286,2.549497014180143,2.547866173902855,2.542173631160077,2.525230099954107,2.482286407596083,2.389333479572934,2.215984704027096,1.9343829747073082
484.0,2.55,2.55,2.5499999999999767,2.54999999999968,2.5499999999959253,2.5499999999508205,2.5499999994543296,2.5499999944981115,2.549999950017509,2.5499995938924607,2.549997068873464,2.5499813268613787,2.549895635242365,2.549491143714807,2.5478462865016587,2.5421172107880357,2.525097238482089,2.4820287169303885,2.3889246653595553,2.215458749283953,1.9338443813042034
485.0,2.55,2.55,2.549999999999975,2.5499999999996668,2.5499999999957628,2.5499999999490335,2.549999999436417,2.549999994336284,2.549999948712796,2.5499995845884267,2.5499970106952783,2.5499810106372482,2.5498941544597464,2.549485224839722,2.547826281753414,2.542060574849197,2.5249641051505227,2.4817708676982755,2.3885160313210214,2.2149333727441927,1.9333065054691951
486.0,2.55,2.55,2.5499999999999736,2.5499999999996517,2.549999999995594,2.5499999999471874,2.5499999994179743,2.5499999941702267,2.549999947378339,2.549999575102261,2.5499969515579815,2.549980690129318,2.5498926577134884,2.5494792573512486,2.547806159464504,2.542003723508948,2.524830700846339,2.4815128611746196,2.388107577851219,2.2144085730117125,1.93276934493915
487.0,2.55,2.55,2.5499999999999723,2.5499999999996366,2.549999999995419,2.54999999994528,2.549999999398988,2.5499999939998435,2.549999946013565,2.549999565431051,2.5499968914492763,2.5499803652956734,2.5498911448934534,2.549473241046187,2.547785919443159,2.541946656934928,2.52469702645511,2.481254698627333,2.387699305338549,2.213884348695231,1.9322328974631306
488.0,2.55,2.55,2.549999999999971,2.5499999999996215,2.5499999999952383,2.54999999994331,2.5499999993794438,2.5499999938250375,2.5499999446178903,2.549999555571849,2.5499968303567617,2.549980036094181,2.549889615889309,2.549467175721782,2.5477655614994577,2.541889375297005,2.5245630828610306,2.4809963813174063,2.3872912141659866,2.213360698408279,1.93169716080228
489.0,2.55,2.55,2.5499999999999696,2.5499999999996055,2.549999999995051,2.549999999941276,2.5499999993593274,2.5499999936457085,2.549999943190724,2.549999545521672,2.5499967682679285,2.5499797024824913,2.5498880705905336,2.5494610611757302,2.547745085445315,2.5418318787672565,2.524428870946907,2.4807379104989433,2.3868833047111337,2.2128376207691893,1.9311621327297115
490.0,2.55,2.55,2.549999999999968,2.5499999999995886,2.5499999999948564,2.5499999999391756,2.549999999338623,2.549999993461755,2.5499999417314654,2.549999535277502,2.5499967051701624,2.5499793644180344,2.5498865088864173,2.5494548972061817,2.547724491094486,2.541774167519945,2.5242943915941414,2.4804792874191977,2.386475577346274,2.212315114401086,1.9306278110303992
491.0,2.55,2.55,2.549999999999967,2.5499999999995717,2.5499999999946548,2.549999999937006,2.5499999993173175,2.5499999932730746,2.5499999402395055,2.549999524836285,2.5499966410507424,2.549979021858025,2.5498849306660656,2.5494486836117467,2.5477037782625565,2.5417162417314985,2.524159645682718,2.48022051331861,2.3860680324384314,2.2117931779318747,1.9300941935010716
492.0,2.55,2.55,2.549999999999965,2.549999999999553,2.5499999999944456,2.5499999999347667,2.5499999992953932,2.549999993079561,2.549999938714225,2.5499995141949303,2.5499965758968415,2.549978674759462,2.5498833358184037,2.5494424201914985,2.547682946766942,2.541658101580487,2.52402463409119,2.479961589430845,2.385660670349418,2.211271809994228,1.929561277950105
493.0,2.55,2.55,2.549999999999964,2.5499999999995344,2.5499999999942293,2.5499999999324547,2.5499999992728357,2.549999992881107,2.549999937154996,2.549999503350313,2.549996509695524,2.5499783230791255,2.5498817242321783,2.549436106744981,2.5476619964268825,2.541599747247602,2.523889357696664,2.4797025169828273,2.385253491435892,2.2107510092255813,1.929029062197423
494.0,2.55,2.55,2.5499999999999625,2.549999999999515,2.5499999999940055,2.549999999930068,2.5499999992496285,2.5499999926776034,2.5499999355611793,2.54999949229927,2.5499964424337485,2.549977966773583,2.549880095795963,2.54942974307221,2.547640927063438,2.5415411789156357,2.523753817374791,2.479443297194779,2.3848464960494056,2.210230774268112,1.9284975440743939
495.0,2.55,2.55,2.549999999999961,2.5499999999994944,2.5499999999937737,2.549999999927605,2.5499999992257543,2.549999992468939,2.5499999339321295,2.5499994810386024,2.549996374098364,2.5499776057991865,2.5498784503981575,2.54942332897368,2.547619738499484,2.5414823967694584,2.5236180139997497,2.4791839312802533,2.384439684536459,2.2097111037687345,1.9279667214237304
496.0,2.55,2.55,2.549999999999959,2.549999999999474,2.549999999993533,2.549999999925062,2.5499999992011975,2.549999992255001,2.549999932267188,2.549999469565074,2.549996304676114,2.549977240112074,2.549876787926994,2.549416864250367,2.5475984305597086,2.541423400995999,2.5234819484442355,2.4789244204461727,2.3840330572385486,2.2091919963790834,1.9274365920993948
497.0,2.55,2.55,2.5499999999999563,2.549999999999452,2.5499999999932843,2.5499999999224383,2.54999999917594,2.5499999920356733,2.54999993056569,2.5499994578754115,2.54999623415363,2.5499768696681695,2.549875108270541,2.549410348703735,2.5475770030706073,2.541364191784222,2.5233456215794474,2.478664765892864,2.3836266144922207,2.2086734507555033,1.926907153966501
498.0,2.55,2.55,2.5499999999999536,2.5499999999994287,2.5499999999930267,2.549999999919731,2.5499999991499642,2.5499999918108385,2.5499999288269573,2.549999445966305,2.5499961625174388,2.5499764944231846,2.549873411316703,2.5494037821357383,2.5475554558604774,2.5413047693251096,2.523209034275078,2.4784049688140932,2.3832203566291175,2.208155465559036,1.9263784049012225
499.0,2.55,2.55,2.549999999999951,2.549999999999405,2.5499999999927603,2.5499999999169383,2.549999999123252,2.5499999915803766,2.549999927050304,2.549999433834405,2.5499960897539564,2.549976114332619,2.5498716969532262,2.549397164348826,2.547533788759415,2.5412451338116373,2.5230721873992987,2.478145030397102,2.3828142839760265,2.2076380394554036,1.925850342790698
500.0,2.55,2.55,2.5499999999999483,2.5499999999993808,2.549999999992484,2.5499999999140566,2.549999999095785,2.5499999913441664,2.549999925235034,2.5499994214763264,2.5499960158494908,2.5499757293517593,2.5498699650677024,2.5493904951459467,2.5475120015993116,2.541185285438757,2.5229350818187495,2.477884951822643,2.3824083968549306,2.207121171115,1.9253229655329418
501.0,2.55,2.55,2.5499999999999456,2.5499999999993554,2.549999999992198,2.549999999911084,2.549999999067545,2.5499999911020845,2.5499999233804402,2.549999408888645,2.5499959407902395,2.549975339435683,2.5498682155475674,2.549383774330554,2.5474900942138454,2.541125224403374,2.522797718398528,2.4776247342650137,2.382002695583053,2.2066048592128737,1.924796271036752
502.0,2.55,2.55,2.549999999999943,2.549999999999329,2.5499999999919023,2.549999999908018,2.549999999038511,2.5499999908540034,2.5499999214858056,2.5499993960678973,2.549995864562292,2.5499749445392554,2.5498664482801114,2.549377001706608,2.5474680664384812,2.5410649509043273,2.5226600980021763,2.4773643788920947,2.3815971804729066,2.2060891024287166,1.9242702572216273
503.0,2.55,2.55,2.5499999999999403,2.5499999999993013,2.5499999999915968,2.5499999999048555,2.5499999990086657,2.5499999905997948,2.5499999195504017,2.549999383010583,2.549995787151626,2.5499745446171347,2.5498646631524777,2.549370177078581,2.5474459181104625,2.54100446514237,2.5225222214916743,2.4771038868653794,2.381191851832339,2.205573899446847,1.9237449220176752
504.0,2.55,2.55,2.5499999999999376,2.5499999999992733,2.5499999999912797,2.5499999999015945,2.549999998977988,2.5499999903393284,2.5499999175734924,2.5499993697131615,2.549995708544112,2.549974139623768,2.5498628600516646,2.5493633002514615,2.5474236490688087,2.540943767320149,2.522384089727423,2.476843259340014,2.3807867099645788,2.2050592489561955,1.9232202633655304
505.0,2.55,2.55,2.549999999999935,2.549999999999243,2.5499999999909524,2.549999999898232,2.5499999989464572,2.5499999900724717,2.549999915554328,2.549999356172053,2.5499956287255077,2.5499737295133946,2.549861038864532,2.5493563710307585,2.5474012591543085,2.540882857642184,2.522245703568239,2.476582497464828,2.3803817551682807,2.2045451496502952,1.9226962792162685
506.0,2.55,2.55,2.549999999999932,2.549999999999212,2.5499999999906136,2.549999999894765,2.5499999989140525,2.549999989799088,2.54999991349215,2.54999934238364,2.549995547681461,2.549973314240047,2.549859199477802,2.5493493892225034,2.5473787482095167,2.540821736314849,2.522107063871342,2.476321602382372,2.379976987737571,2.2040316002272595,1.9221729675313244
507.0,2.55,2.55,2.549999999999929,2.5499999999991805,2.5499999999902627,2.54999999989119,2.549999998880753,2.5499999895190406,2.5499999113861875,2.549999328344263,2.5499954653975103,2.54997289375755,2.549857341778063,2.549342354633257,2.547356116078748,2.540760403546352,2.521968171492344,2.4760605752289466,2.3795724079620912,2.2035185993897732,1.9216503262824098
508.0,2.55,2.55,2.5499999999999257,2.549999999999147,2.5499999999899003,2.5499999998875054,2.5499999988465367,2.549999989232189,2.5499999092356607,2.549999314050225,2.5499953818590813,2.5499724680195235,2.549855465651775,2.549335267070111,2.5473333626080747,2.5406988595467155,2.521829027285242,2.4757994171346436,2.3791680161270436,2.203006145845075,1.9211283534514352
509.0,2.55,2.5499999999999994,2.549999999999922,2.549999999999113,2.5499999999895255,2.549999999883707,2.549999998811381,2.5499999889383904,2.549999907039777,2.549999299497788,2.549995297051489,2.54997203697938,2.5498535709852668,2.5493281263406917,2.5473104876453174,2.5406371045277565,2.521689632102406,2.4755381292233745,2.378763812513232,2.2024942383049435,1.920607047030428
510.0,2.55,2.549999999999999,2.5499999999999186,2.5499999999990774,2.5499999999891383,2.549999999879793,2.549999998775264,2.549999988637499,2.5499999047977333,2.5499992846831723,2.549995210959939,2.5499716005903297,2.549851657664746,2.549320932253165,2.5472874910400427,2.540575138703068,2.5215499867945708,2.4752767126129065,2.3783597973971067,2.2019828754856796,1.9200864050214557
511.0,2.55,2.5499999999999985,2.549999999999915,2.54999999999904,2.549999999988737,2.5499999998757583,2.549999998738161,2.5499999883293683,2.5499999025087163,2.54999926960256,2.5499951235695226,2.5499711588053766,2.5498497255762977,2.54931368461624,2.5472643726435584,2.540512962287999,2.5214100922108265,2.475015168414894,2.3779559710508047,2.201472056108093,1.9195664254365494
512.0,2.55,2.549999999999998,2.5499999999999114,2.5499999999990015,2.549999999988323,2.549999999871601,2.5499999987000503,2.5499999880138473,2.5499999001719,2.5499992542520906,2.549995034865221,2.5499707115773234,2.5498477746058894,2.5493063832391702,2.547241132308907,2.540450575499637,2.5212699491986097,2.4747534977349153,2.377552333742196,2.2009617788974882,1.9190471062976258
513.0,2.55,2.549999999999997,2.549999999999908,2.5499999999989624,2.549999999987895,2.5499999998673175,2.5499999986609065,2.5499999876907835,2.5499998977864466,2.549999238627864,2.5499949448319033,2.54997025885877,2.5498458046393715,2.5492990279317613,2.547217769890861,2.5403879785567858,2.5211295586036933,2.474491701672502,2.37714888573492,2.2004520425836445,1.9185284456364156
514.0,2.55,2.5499999999999967,2.5499999999999043,2.5499999999989207,2.5499999999874525,2.549999999862904,2.549999998620706,2.549999987360022,2.5499998953515086,2.549999222725937,2.5499948534543257,2.5499698006021143,2.5498438155624856,2.549291618504372,2.5471942852459195,2.5403251716799495,2.520988921270181,2.4742297813211764,2.3767456272884306,2.1999428459008037,1.9180104414943868
515.0,2.55,2.5499999999999963,2.549999999999901,2.549999999998878,2.549999999986995,2.5499999998583576,2.549999998579422,2.549999987021404,2.549999892866225,2.549999206542326,2.549994760717132,2.549969336759553,2.549841807260862,2.549284154767916,2.5471706782322983,2.5402621550913143,2.520848038040495,2.473967737768481,2.3763425586580347,2.199434187587652,1.9174930919226731
516.0,2.55,2.549999999999996,2.549999999999897,2.549999999998833,2.5499999999865226,2.5499999998536738,2.5499999985370305,2.549999986674769,2.5499998903297234,2.5499991900730063,2.5499946666048547,2.5499688672830834,2.5498397796200263,2.549276636533869,2.5471469487099303,2.5401989290147253,2.520706909755371,2.4737055720960113,2.375939680094932,2.1989260663873074,1.9169763949820013
517.0,2.55,2.5499999999999954,2.5499999999998924,2.5499999999987875,2.549999999986033,2.54999999984885,2.5499999984935044,2.5499999863199543,2.5499998877411207,2.54999917331391,2.5499945711019127,2.5499683921245038,2.5498377325254014,2.5492690636142696,2.5471230965404565,2.540135493675674,2.520565537253849,2.4734432853794512,2.3755369918462583,2.198418481047299,1.9164603487426204
518.0,2.55,2.5499999999999945,2.549999999999888,2.5499999999987395,2.5499999999855287,2.5499999998438816,2.549999998448817,2.549999985956793,2.549999885099521,2.549999156260928,2.549994474192612,2.549967911235413,2.5498356658623096,2.549261435821724,2.5470991215872214,2.5400718493012757,2.520423921373263,2.4731808786886016,2.37513449415512,2.197911430319556,1.9159449512842315
519.0,2.55,2.549999999999994,2.5499999999998835,2.5499999999986898,2.5499999999850074,2.5499999998387652,2.5499999984029413,2.549999985585116,2.5499998824040153,2.5499991389099073,2.549994375861146,2.549967424567214,2.549833579515978,2.549253752969409,2.5470750237152684,2.540007996120252,2.5202820629492395,2.4729183530874157,2.374732187260638,2.197404912960386,1.9154302006959194
520.0,2.55,2.5499999999999936,2.549999999999879,2.549999999998639,2.5499999999844682,2.5499999998334966,2.54999999835585,2.5499999852047517,2.5499998796536842,2.5499991212566533,2.549994276091595,2.5499669320711105,2.5498314733715386,2.549246014871073,2.5470508027913334,2.5399439343629147,2.520139962815684,2.4726557096340303,2.374330071397982,2.196898927730463,1.9149160950760813
521.0,2.55,2.5499999999999927,2.5499999999998746,2.549999999998586,2.5499999999839114,2.5499999998280716,2.5499999983075146,2.5499999848155257,2.549999876847595,2.5499991032969285,2.5499941748679245,2.5499664336981125,2.5498293473140343,2.5492382213410427,2.54702645868384,2.5398796642611456,2.519997621804775,2.4723929493807972,2.3739281467984115,2.196393473394811,1.9144026325323626
522.0,2.55,2.5499999999999927,2.54999999999987,2.5499999999985308,2.5499999999833367,2.5499999998224863,2.5499999982579054,2.5499999844172603,2.5499998739848024,2.5499990850264522,2.5499940721739884,2.5499659293990344,2.5498272012284193,2.5492303721942235,2.5470019912628925,2.5398151860483793,2.51985504074696,2.4721300733743146,2.373526413689314,2.1958885487227837,1.9138898111815879
523.0,2.55,2.549999999999992,2.549999999999865,2.549999999998474,2.5499999999827425,2.5499999998167366,2.549999998206994,2.549999984009775,2.549999871064349,2.549999066440899,2.5499939679935264,2.5499654191244945,2.5498250349995644,2.5492224672461052,2.5469774004002725,2.539750499959585,2.519712220470946,2.4718670826554607,2.373124872294239,2.1953841524880513,1.913377629149694
524.0,2.55,2.5499999999999914,2.5499999999998595,2.5499999999984144,2.5499999999821297,2.5499999998108183,2.5499999981547496,2.549999983592887,2.5499998680852647,2.549999047535902,2.5499938623101635,2.54996490282492,2.549822848512257,2.5492145063127625,2.5469526859694342,2.53968560623125,2.5195691618036924,2.4716039782594237,2.3727235228329393,2.194880283468586,1.9128660845716696
525.0,2.55,2.549999999999991,2.549999999999854,2.5499999999983536,2.5499999999814964,2.5499999998047267,2.5499999981011423,2.5499999831664093,2.549999865046566,2.5499990283070484,2.549993755107411,2.549964380450544,2.549820641651209,2.549206489210858,2.546927847845494,2.539620505101361,2.5194258655704056,2.4713407612157305,2.3723223655214056,2.1943769404466393,1.912355175591484
526.0,2.55,2.54999999999999,2.549999999999848,2.54999999999829,2.549999999980843,2.5499999997984575,2.5499999980461405,2.549999982730152,2.5499998619472573,2.549999008749883,2.5499936463686668,2.549963851951409,2.549818414301054,2.5491984157576484,2.5469028859052294,2.5395551968093875,2.5192823325945324,2.471077432548284,2.3719214005719027,2.1938741222087312,1.9118449003620288
527.0,2.55,2.549999999999989,2.5499999999998417,2.5499999999982244,2.5499999999801686,2.5499999997920058,2.549999997989712,2.549999982283923,2.5499998587863297,2.5499989888599055,2.549993536077214,2.5499633172773657,2.5498161663463557,2.5491902857709823,2.5468778000270715,2.5394896815962626,2.5191385636977537,2.4708139932753888,2.371520628193007,2.193371827545632,1.91133525704505
528.0,2.55,2.5499999999999883,2.549999999999835,2.549999999998157,2.549999999979472,2.5499999997853666,2.549999997931825,2.5499999818275274,2.5499998555627603,2.54999896863257,2.549993424216222,2.5499627763780754,2.549813897671606,2.549182099069308,2.5468525900911003,2.5394239597043686,2.518994559699978,2.4705504444097848,2.3711200485896398,2.1928700552523432,1.910826243811091
529.0,2.55,2.5499999999999874,2.549999999999828,2.5499999999980862,2.549999999978753,2.5499999997785356,2.5499999978724457,2.5499999813607652,2.549999852275515,2.5499989480632883,2.5499933107687442,2.549962229203011,2.5498116081612316,2.5491738554716736,2.5468272559790366,2.5393580313775193,2.518850321419336,2.470286786958675,2.370719661963105,2.192368804128084,1.9103178588394272
530.0,2.55,2.5499999999999865,2.549999999999821,2.5499999999980134,2.5499999999780107,2.549999999771508,2.5499999978115415,2.549999980883435,2.5499998489235445,2.5499989271474255,2.5499931957177218,2.5499616757014554,2.549809297699595,2.54916555479773,2.5468017975742403,2.5392918968609406,2.518705849672174,2.47002302192376,2.370319468511122,2.1918680729762756,1.909810100318006
531.0,2.55,2.5499999999999856,2.5499999999998137,2.549999999997938,2.5499999999772447,2.5499999997642786,2.5499999977490777,2.5499999803953313,2.549999845505787,2.5499989058803005,2.5499930790459784,2.549961115822506,2.549806966170999,2.5491571968677342,2.546776214761701,2.539225556401256,2.51856114527305,2.4697591503012646,2.3699194684278635,2.1913678606045206,1.9093029664433847
532.0,2.55,2.5499999999999847,2.5499999999998066,2.54999999999786,2.549999999976455,2.5499999997568414,2.549999997685018,2.5499999798962456,2.549999842021166,2.5499988842571897,2.5499929607362257,2.549960549515073,2.5498046134596883,2.5491487815025513,2.5467505074280323,2.539159010246469,2.5184162090347275,2.46949517308197,2.3695196619039844,2.1908681658245874,1.9087964554206758
533.0,2.55,2.549999999999984,2.5499999999997986,2.5499999999977794,2.5499999999756398,2.5499999997491916,2.549999997619328,2.5499999793859667,2.549999838468592,2.549998862273321,2.5499928407710577,2.5499599767278815,2.549802239449852,2.5491403085236577,2.5467246754614705,2.539092258645948,2.5182710417681675,2.4692310912512436,2.3691200491266624,2.1903689874523975,1.9082905654634825
534.0,2.55,2.549999999999983,2.5499999999997907,2.5499999999976954,2.5499999999747986,2.549999999741324,2.5499999975519714,2.549999978864279,2.5499998348469632,2.5499988399238784,2.5499927191329563,2.549959397409472,2.549799844025629,2.5491317777531433,2.5466987187518617,2.5390253018504065,2.518125644282528,2.4689669057890686,2.3687206302796255,2.1898703243080035,1.9077852947938425
535.0,2.5500000000000003,2.5499999999999816,2.5499999999997827,2.549999999997609,2.5499999999739313,2.549999999733233,2.54999999748291,2.5499999783309635,2.5499998311551613,2.5499988172039982,2.5499925958042864,2.5499588115082013,2.5497974270711086,2.5491231890137147,2.5466726371906625,2.5389581401118906,2.517980017385158,2.4687026176700737,2.36832140554319,2.189372175215577,1.90728064164217
536.0,2.5500000000000007,2.5499999999999803,2.5499999999997747,2.549999999997519,2.549999999973037,2.549999999724913,2.5499999974121073,2.5499999777857987,2.549999827392056,2.549998794108771,2.5499924707672967,2.549958218972244,2.5497949884703335,2.549114542128696,2.54664643067093,2.538890773683759,2.5178341618815887,2.4684382278635617,2.3679223750942904,2.188874539003388,1.9067766042471992
537.0,2.5500000000000007,2.5499999999999785,2.549999999999766,2.5499999999974268,2.549999999972114,2.5499999997163583,2.5499999973395244,2.549999977228559,2.549999823556501,2.549998770633242,2.549992344004123,2.549957619749593,2.5497925281073046,2.5491058369220347,2.5466200990873173,2.5388232028206708,2.5176880785755333,2.468173737333541,2.367523539106514,2.1883774145037913,1.9062731808559266
538.0,2.550000000000001,2.549999999999977,2.5499999999997565,2.549999999997331,2.5499999999711624,2.5499999997075626,2.5499999972651217,2.549999976659016,2.549999819647337,2.549998746772407,2.5499922154967853,2.5499570137880596,2.549790045865981,2.5490970732182983,2.5465936423360676,2.538755427778566,2.51754176826888,2.467909147038752,2.3671248977501307,2.1878808005532093,1.9057703697235562
539.0,2.5500000000000016,2.549999999999976,2.5499999999997467,2.5499999999972314,2.549999999970181,2.5499999996985205,2.54999999718886,2.5499999760769363,2.5499998156633894,2.549998722521217,2.5499920852271867,2.549956401035276,2.549787541630287,2.549088250842683,2.5465670603150077,2.538687448814651,2.5173952317616894,2.4676444579326997,2.366726451192129,2.187384695992113,1.9052681691134412
540.0,2.5500000000000016,2.549999999999974,2.549999999999736,2.5499999999971292,2.549999999969169,2.5499999996892253,2.5499999971106986,2.5499999754820846,2.5499998116034703,2.5499986978745746,2.549991953177116,2.5499557814386957,2.54978501528411,2.549079369621013,2.5465403529235426,2.538619266187383,2.5172484698521886,2.4673796709636795,2.366328199596244,2.1868890996650094,1.9047665772970328
541.0,2.550000000000002,2.5499999999999727,2.5499999999997254,2.5499999999970226,2.5499999999681258,2.5499999996796707,2.5499999970305955,2.549999974874221,2.549999807466376,2.549998672827336,2.5499918193282456,2.5499551549455943,2.5497824667113074,2.54907042937974,2.54651352006265,2.5385508801564542,2.517101483336769,2.467114787074808,2.3659301431229904,2.1863940104200354,1.9042655852970205
542.0,2.5500000000000025,2.5499999999999714,2.5499999999997147,2.5499999999969134,2.5499999999670497,2.5499999996698506,2.549999996948509,2.549999974253102,2.549999803250889,2.5499986473743093,2.5499916836621335,2.549954521503071,2.549779895795707,2.5490614299459526,2.5464865616348726,2.538482290982775,2.5169542730099796,2.4668498072040492,2.365532281929694,2.1858994271078123,1.903765198408745
543.0,2.5500000000000025,2.5499999999999696,2.549999999999703,2.5499999999967997,2.549999999965941,2.549999999659758,2.549999996864396,2.5499999736184797,2.5499997989557763,2.5499986215102544,2.5499915461602214,2.5499538810580478,2.549777302421111,2.5490523711473716,2.546459477544314,2.538413498928461,2.516806839664525,2.4665847322842467,2.365134616170521,2.185405348582638,1.9032654149322137
544.0,2.550000000000003,2.5499999999999683,2.5499999999996916,2.5499999999966825,2.5499999999647978,2.549999999649387,2.5499999967782125,2.5499999729701046,2.54999979457979,2.5499985952298827,2.5499914068038336,2.5499532335572725,2.5497746864712987,2.5490432528123543,2.54643226769663,2.5383445042568153,2.5166591840912615,2.4663195632431485,2.364737145996508,2.1849117737028596,1.9027662331751538
545.0,2.5500000000000034,2.549999999999967,2.54999999999968,2.5499999999965612,2.54999999996362,2.5499999996387297,2.5499999966899147,2.5499999723077216,2.5499997901216673,2.5499985685278586,2.5499912655741817,2.5499525789473205,2.549772047830029,2.5490340747698994,2.5464049319990263,2.5382753072323134,2.5165113070791945,2.4660543010034353,2.3643398715555914,2.1844187013308556,1.9022676514529666
546.0,2.5500000000000034,2.549999999999965,2.5499999999996676,2.5499999999964356,2.549999999962406,2.54999999962778,2.5499999965994564,2.549999971631072,2.5499997855801295,2.5499985413987973,2.549991122452359,2.549951917174591,2.5497693863810436,2.5490248368496435,2.5463774703602495,2.5382059081205908,2.5163632094154718,2.465788946482753,2.363942792992638,2.1839261303330137,1.9017696680886829
547.0,2.550000000000004,2.5499999999999634,2.5499999999996548,2.5499999999963063,2.549999999961155,2.5499999996165297,2.5499999965067923,2.5499999709398935,2.5499997809538835,2.5499985138372656,2.5499909774193448,2.5499512481853146,2.549766702008069,2.5490155388818696,2.5463498826905813,2.5381363071884238,2.516214891885385,2.4655235005937337,2.363545910449473,2.183434059579716,1.9012722814129184
548.0,2.5500000000000043,2.549999999999962,2.549999999999641,2.5499999999961727,2.549999999959866,2.5499999996049723,2.5499999964118745,2.5499999702339196,2.54999977624162,2.5499984858377807,2.549990830456001,2.549950571925549,2.5497639945948203,2.5490061806975035,2.5463221689018334,2.5380665047037176,2.516066355272361,2.465257964244029,2.3631492240649083,2.1829424879453163,1.9007754897638278
549.0,2.5500000000000043,2.5499999999999607,2.549999999999627,2.549999999996034,2.549999999958538,2.5499999995931,2.5499999963146562,2.54999996951288,2.549999771442015,2.549998457394811,2.549990681543074,2.5499498883411826,2.5497612640250042,2.5489967621281187,2.546294328907342,2.53799650093549,2.515917600357965,2.4649923383363337,2.3627527339747743,2.1824514143081233,1.9002792914870617
550.0,2.5500000000000047,2.549999999999959,2.5499999999996126,2.5499999999958907,2.54999999995717,2.5499999995809057,2.549999996215088,2.5499999687765005,2.5499997665537277,2.549998428502776,2.549990530661195,2.549949197377936,2.5497585101823192,2.548987283005938,2.5462663626219584,2.5379262961538585,2.515768627921892,2.4647266237684162,2.362356440311945,2.1819608375503803,1.899783684935722
551.0,2.550000000000005,2.5499999999999576,2.5499999999995975,2.549999999995743,2.5499999999557605,2.5499999995683815,2.5499999961131197,2.549999968024503,2.549999761575402,2.549998399156045,2.549990377790878,2.54994849898136,2.5497557329504614,2.548977743163835,2.5462382699620463,2.5378558906300226,2.5156194387419646,2.4644608214331454,2.3619603432063667,2.181470756558248,1.8992886684703179
552.0,2.550000000000005,2.5499999999999563,2.5499999999995824,2.54999999999559,2.5499999999543093,2.549999999555519,2.5499999960087028,2.5499999672566047,2.549999756505666,2.5499983693489385,2.5499902229125215,2.54994779309684,2.549752932213127,2.548968142435334,2.546210050845475,2.5377852846362523,2.515470033594136,2.464194932218514,2.3615644427850895,2.180981170221785,1.8987942404587208
553.0,2.5500000000000056,2.5499999999999545,2.549999999999567,2.549999999995432,2.549999999952814,2.54999999954231,2.549999995901784,2.5499999664725195,2.5499997513431314,2.5499983390757253,2.5499900660064085,2.5499470796695958,2.549750107854012,2.548958480654617,2.5461817051916107,2.5377144784458725,2.515320413252481,2.4639289570076706,2.36116873917229,2.1804920774349297,1.8983003992761223
554.0,2.5500000000000034,2.5499999999999527,2.5499999999995504,2.5499999999952694,2.5499999999512744,2.549999999528747,2.5499999957923123,2.5499999656719554,2.5499997460863946,2.5499983083306264,2.549989907052706,2.5499463586446818,2.5497472597568187,2.548948757656518,2.5461532329213146,2.5376434723332473,2.5151705784891965,2.463662896678943,2.3607732324893047,2.1800034770954824,1.8978071433049901
555.0,2.550000000000002,2.54999999999995,2.5499999999995326,2.549999999995101,2.5499999999496885,2.549999999514821,2.549999995680234,2.549999964854618,2.549999740734034,2.549998277107811,2.5499897460314638,2.5499456299669885,2.549744387805255,2.548938973276532,2.546124633956932,2.537572266573769,2.515020530074597,2.463396752105866,2.360377922854652,2.1795153681050863,1.8973144709350238
556.0,2.55,2.5499999999999474,2.549999999999515,2.5499999999949274,2.549999999948056,2.549999999500523,2.5499999955654955,2.549999964020209,2.5499997352846133,2.5499982454013974,2.549989582922618,2.5499448935812437,2.549741491883041,2.548929127350812,2.5460959082222896,2.537500861443842,2.5148702687771163,2.463130524157209,2.3599828103840617,2.1790277493692107,1.896822380563113
557.0,2.5499999999999985,2.5499999999999448,2.5499999999994962,2.549999999994748,2.549999999946375,2.5499999994858453,2.549999995448041,2.549999963168423,2.549999729736678,2.5499982132054546,2.5499894177059854,2.5499441494320156,2.549738571873908,2.548919219716171,2.5460670556426876,2.5374292572208677,2.514719795363301,2.4628642136969994,2.3595878951905025,2.1785406197971326,1.8963308705932942
558.0,2.5499999999999963,2.549999999999942,2.5499999999994776,2.549999999994563,2.549999999944644,2.549999999470778,2.5499999953278145,2.549999962298953,2.549999724088759,2.5499981805139993,2.54998925036127,2.54994339746371,2.549735627661602,2.5489092502100874,2.5460380761448946,2.5373574541832333,2.5145691105978116,2.462597821584553,2.3591931773842085,2.178053978301918,1.8958399394367076
559.0,2.549999999999995,2.5499999999999394,2.549999999999458,2.5499999999943714,2.5499999999428624,2.549999999455312,2.54999999520476,2.5499999614114865,2.549999718339368,2.549998147320998,2.5499890808680585,2.549942637620573,2.549732659129888,2.5488992186707007,2.54600896965714,2.537285452610296,2.5144182152434196,2.462331348674495,2.3587986570727035,2.177567823800406,1.8953495855115552
560.0,2.5499999999999927,2.5499999999999368,2.549999999999437,2.5499999999941743,2.5499999999410283,2.549999999439439,2.549999995078819,2.5499999605057067,2.5499997124870024,2.549998113620365,2.5499889092058217,2.549941869846693,2.549729666162552,2.5488891249368177,2.5459797361091083,2.5372132527823705,2.514267110061004,2.46206479581679,2.358404334360831,2.1770821552131894,1.8948598072430602
561.0,2.5499999999999914,2.549999999999934,2.549999999999416,2.5499999999939704,2.549999999939141,2.5499999994231484,2.549999994949932,2.5499999595812914,2.5499997065301407,2.5499980794059645,2.5499887353539137,2.549941094086002,2.5497266486434027,2.5488789688479123,2.5459503754319335,2.5371408549807146,2.514115795809553,2.4617981638567668,2.358010209350777,2.176596971464599,1.8943706030634206
562.0,2.549999999999989,2.5499999999999314,2.549999999999394,2.54999999999376,2.5499999999371985,2.5499999994064306,2.54999999481804,2.5499999586379154,2.549999700467244,2.549998044671607,2.5499885592915748,2.549940310282275,2.5497236064562734,2.548868750244126,2.545920887558192,2.5370682594875165,2.513964273246158,2.4615314536351427,2.3576162821420965,2.176112271482685,1.8938819714117745
563.0,2.549999999999988,2.5499999999999288,2.5499999999993714,2.5499999999935428,2.549999999935199,2.549999999389276,2.5499999946830814,2.549999957675248,2.5499996942967575,2.5499980094110524,2.5499883809979282,2.5499395183791314,2.5497205394850284,2.5488584689662703,2.5458912724218976,2.5369954665858803,2.5138125431260168,2.4612646659880504,2.3572225528317405,2.1756280541992004,1.8933939107341504
564.0,2.5499999999999856,2.549999999999926,2.549999999999348,2.5499999999933185,2.549999999933142,2.5499999993716744,2.549999994544994,2.5499999566929534,2.549999688017108,2.549997973618009,2.5499882004519803,2.5499387183200373,2.5497174476135607,2.5488481248558283,2.545861529958492,2.5369224765598153,2.5136606062024294,2.4609978017470624,2.3568290215140797,2.1751443185495827,1.8929064194834342
565.0,2.5499999999999843,2.5499999999999234,2.549999999999323,2.549999999993087,2.549999999931025,2.549999999353615,2.5499999944037155,2.5499999556906916,2.549999681626706,2.549997937286132,2.5499880176326233,2.5499379100483046,2.549714330725799,2.5488377177549557,2.5458316601048434,2.536849289694219,2.513508463226797,2.4607308617392167,2.35643568828093,2.1746610634729393,1.8924194961193224
566.0,2.549999999999982,2.5499999999999208,2.549999999999298,2.549999999992848,2.5499999999288474,2.5499999993350886,2.5499999942591804,2.5499999546681185,2.549999675123943,2.549997900409024,2.549987832518634,2.5499370935070953,2.5497111887057065,2.5488272475064817,2.5458016627992355,2.536775906274867,2.513356114948622,2.460463846787043,2.3560425532215774,2.17417828791203,1.8919331391082839
567.0,2.5499999999999807,2.5499999999999177,2.5499999999992724,2.549999999992602,2.549999999926607,2.549999999316083,2.549999994111325,2.549999953624884,2.549999668507193,2.5499978629802356,2.5499876450886725,2.549936268639419,2.5497080214372856,2.5488167139539097,2.545771537981365,2.536702326588399,2.513203562115504,2.4601967577085846,2.355649616422803,2.173695990813248,1.8914473469235211
568.0,2.5499999999999785,2.549999999999914,2.549999999999245,2.549999999992348,2.549999999924302,2.549999999296588,2.549999993960082,2.5499999525606345,2.5499996617748115,2.5499978249932633,2.5499874553212836,2.5499354353881367,2.5497048288045807,2.548806116941421,2.5457412855923325,2.536628550922307,2.513050805473142,2.4599295953174254,2.355256877968908,2.173214171126604,1.8909621180449248
569.0,2.549999999999977,2.5499999999999106,2.549999999999217,2.5499999999920857,2.549999999921931,2.549999999276592,2.5499999938053843,2.5499999514750096,2.5499996549251387,2.5499977864415526,2.549987263194896,2.5499345936959603,2.5497016106916788,2.5487954563138726,2.5457109055746376,2.5365545795649203,2.5128978457653335,2.4596623604227155,2.3548643379417356,2.172732827805713,1.89047745095904
570.0,2.549999999999975,2.549999999999907,2.549999999999188,2.5499999999918153,2.5499999999194927,2.549999999256084,2.5499999936471633,2.549999950367646,2.5499996479564944,2.549997747318495,2.5499870686878245,2.549933743505454,2.549698366982714,2.5487847319168013,2.545680397872173,2.536480412805394,2.5127446837339695,2.4593950538291915,2.354471996420697,2.172251959807773,1.8899933441590233
571.0,2.5499999999999736,2.5499999999999035,2.5499999999991587,2.5499999999915364,2.5499999999169845,2.5499999992350517,2.5499999934853497,2.549999949238174,2.5499996408671795,2.5499977076174276,2.549986871778268,2.549932884759036,2.5496950975618686,2.548773943596423,2.5456497624302163,2.536406050933698,2.5125913201190393,2.459127676337208,2.3540798534827947,2.1717715660935513,1.8895097961446028
572.0,2.5499999999999714,2.5499999999999,2.549999999999127,2.5499999999912486,2.549999999914406,2.5499999992134845,2.549999993319872,2.549999948086219,2.549999633655479,2.5499976673316347,2.5499866724443083,2.5499320173989792,2.5496918023133768,2.5487630911996346,2.5456189991954252,2.536331494240603,2.5124377556586266,2.4588602287427532,2.3536879092026455,2.171291645627368,1.889026805422043
573.0,2.54999999999997,2.5499999999998963,2.549999999999095,2.549999999990952,2.549999999911754,2.5499999991913693,2.5499999931506583,2.549999946911403,2.5499996263196563,2.549997626454347,2.5499864706639146,2.549931141367412,2.5496884811215272,2.5487521745740134,2.545588108115832,2.536256743017666,2.512283991088908,2.458592711837481,2.3532961636525043,2.1708121973770798,1.8885443705040994
574.0,2.549999999999968,2.549999999999893,2.5499999999990624,2.5499999999906464,2.5499999999090273,2.5499999991686946,2.549999992977636,2.549999945713341,2.5499996188579597,2.5499975849787417,2.5499862664149395,2.5499302566063213,2.549685133870663,2.548741193567821,2.545557089140835,2.5361817975572234,2.5121300271441553,2.458325126408729,2.3529046169022867,2.1703332203140637,1.8880624899099872
575.0,2.5499999999999665,2.5499999999998892,2.549999999999028,2.549999999990331,2.5499999999062237,2.549999999145447,2.5499999928007293,2.549999944491643,2.549999611268616,2.5499975428979416,2.5499860596751205,2.54992936305755,2.549681760445188,2.5487301480300015,2.545525942221194,2.536106658152374,2.5119758645567343,2.458057473239545,2.352513269019594,2.1698547134132005,1.8875811621653376
576.0,2.5499999999999643,2.5499999999998857,2.5499999999989926,2.549999999990006,2.5499999999033416,2.5499999991216145,2.549999992619864,2.5499999432459135,2.549999603549834,2.5499975002050146,2.5499858504220816,2.5499284606628017,2.5496783607295646,2.5487190378101854,2.545494667309023,2.536031325096969,2.511821504057104,2.457789753108711,2.3521221200697315,2.1693766756528596,1.8871003858021618
577.0,2.549999999999963,2.5499999999998817,2.549999999998956,2.5499999999896708,2.549999999900378,2.5499999990971833,2.5499999924349623,2.5499999419757535,2.5499995956998034,2.5499974568929753,2.5499856386333297,2.54992754936364,2.5496749346083205,2.548707862758685,2.5454632643577844,2.535955798685599,2.511666946373815,2.4575219667907655,2.3517311701157357,2.1688991060148837,1.8866201593588134
578.0,2.5499999999999607,2.5499999999998773,2.549999999998918,2.5499999999893253,2.5499999998973326,2.549999999072141,2.5499999922459473,2.549999940680757,2.5499995877166954,2.549997412954783,2.549985424286258,2.5499266291014897,2.5496714819660493,2.5486966227265038,2.5454317333222822,2.5358800792135847,2.511512192233513,2.4572541150560294,2.3513404192183933,2.168422003484572,1.886140481379951
579.0,2.54999999999996,2.549999999999872,2.549999999998879,2.549999999988969,2.5499999998942027,2.5499999990464737,2.5499999920527383,2.549999939360512,2.549999579598662,2.5499973683833432,2.549985207358147,2.5499256998176385,2.5496680026874134,2.5486853175653277,2.5454000741586573,2.535804166976961,2.5113572423609343,2.4569861986706245,2.350949867436265,2.167945367050664,1.8856613504164985
580.0,2.549999999999958,2.5499999999998666,2.549999999998839,2.549999999988602,2.5499999998909857,2.549999999020167,2.549999991855256,2.549999938014603,2.5499995713438346,2.549997323171504,2.549984987826159,2.549924761453238,2.549664496657144,2.5486739471275337,2.5453682868243783,2.535728062272468,2.5112020974789098,2.456718218396503,2.3505595148257052,2.167469195705328,1.885182765025612
581.0,2.549999999999957,2.5499999999998613,2.549999999998797,2.5499999999882235,2.54999999988768,2.549999998993208,2.549999991653417,2.5499999366426085,2.5499995629503265,2.549997277312062,2.549984765667344,2.5499238139493055,2.5496609637600476,2.548662511266187,2.5453363712782373,2.5356517653975392,2.5110467583083627,2.456450174991464,2.3501693614408863,2.16699348844414,1.8847047237706398
582.0,2.5499999999999554,2.549999999999856,2.5499999999987537,2.5499999999878336,2.5499999998842835,2.5499999989655815,2.5499999914471383,2.5499999352441,2.5499995544162304,2.5499972307977563,2.5499845408586386,2.549922857246722,2.549657403881004,2.548651009835041,2.5453043274803435,2.53557527665029,2.510891225568309,2.4561820692091816,2.34977940733382,2.1665182442660713,1.8842272252210874
583.0,2.5499999999999545,2.5499999999998506,2.5499999999987093,2.549999999987432,2.549999999880793,2.549999998937273,2.5499999912363362,2.549999933818645,2.5499995457396194,2.5499971836212705,2.5499843133768634,2.5499218912862385,2.5496538169049723,2.5486394426885397,2.5452721553921163,2.5354985963295054,2.5107354999758575,2.4559139017992253,2.3493896525543754,2.1660434621734743,1.8837502679525797
584.0,2.5499999999999527,2.5499999999998453,2.549999999998663,2.549999999987018,2.549999999877207,2.549999998908268,2.5499999910209237,2.5499999323658056,2.5499995369185484,2.549997135775234,2.5499840831987255,2.549920916008473,2.549650202716992,2.5486278096818187,2.5452398549762796,2.5354217247346282,2.5105795822462125,2.455645673507084,2.3490000971503027,2.1655691411720666,1.8832738505468276
585.0,2.549999999999952,2.549999999999839,2.549999999998615,2.549999999986592,2.5499999998735223,2.549999998878551,2.5499999908008144,2.5499999308851358,2.5499995279510497,2.5499970872522195,2.5499838503008188,2.5499199313539123,2.5496465612021835,2.5486161106707046,2.545207426196854,2.535344662165751,2.510423473092671,2.455377385074186,2.3486107411672537,2.165095280270913,1.88279797159159
586.0,2.54999999999995,2.549999999999833,2.5499999999985663,2.5499999999861522,2.549999999869738,2.549999998848107,2.5499999905759196,2.549999929376187,2.549999518835137,2.549997038044744,2.549983614659623,2.549918937262915,2.5496428922457524,2.548604345511715,2.545174869019152,2.5352674089236,2.5102671732266257,2.455109037237924,2.3482215846488015,2.164621878482416,1.8823226296806383
587.0,2.549999999999949,2.5499999999998266,2.5499999999985157,2.5499999999856993,2.5499999998658502,2.54999999881692,2.5499999903461488,2.5499999278385017,2.549999509568804,2.549996988145269,2.5499833762515034,2.5499179336757116,2.5496391957329925,2.548592514062061,2.5451421834097725,2.535189965309529,2.5101106833575626,2.4548406307316766,2.3478326276364627,2.164148934822295,1.881847823413723
588.0,2.5499999999999474,2.5499999999998204,2.549999999998463,2.549999999985233,2.549999999861857,2.5499999987849744,2.5499999901114108,2.549999926271619,2.5499995001500233,2.5499969375461995,2.5499831350527136,2.549916920532405,2.549635471549286,2.548580616179648,2.545109369336592,2.5351123316255055,2.509954004193065,2.45457216628483,2.347443870169715,2.1636764483095767,1.8813735513965373
589.0,2.5499999999999465,2.549999999999814,2.549999999998409,2.5499999999847525,2.5499999998577554,2.5499999987522535,2.5499999898716124,2.5499999246750704,2.5499994905767482,2.549996886239884,2.549982891039392,2.5499158977729723,2.5496317195801055,2.5485686517230732,2.5450764267687602,2.535034508174099,2.5097971364388107,2.454303644622801,2.3470553122860194,2.1632044179665764,1.8808998122406813
590.0,2.5499999999999448,2.549999999999807,2.5499999999983527,2.5499999999842577,2.5499999998535436,2.5499999987187407,2.54999998962666,2.549999923048383,2.54999948084691,2.5499968342186143,2.549982644187565,2.549914865337266,2.5496279397110198,2.548556620551628,2.545043355676692,2.5349564952584727,2.509640080798577,2.454035066467056,2.346666954020839,2.162732842818886,1.8804266045636295
591.0,2.549999999999944,2.5499999999998,2.549999999998295,2.549999999983749,2.549999999849219,2.5499999986844193,2.549999989376457,2.549999921391076,2.54999947095842,2.5499967814746265,2.5499823944731457,2.5499138231650145,2.5496241318276915,2.5485445225252996,2.5450101560320637,2.5348782931823717,2.509482837974237,2.4537664325351383,2.3462787954076596,2.1622617218953577,1.879953926988696
592.0,2.549999999999942,2.549999999999793,2.549999999998235,2.549999999983225,2.5499999998447773,2.5499999986492723,2.5499999891209066,2.549999919702665,2.5499994609091683,2.5499967280000995,2.5499821418719337,2.549912771195825,2.5496202958158825,2.5485323575047696,2.5449768278078047,2.534799902250113,2.5093254086657635,2.4534977435406846,2.3458908364780084,2.1617910542280905,1.879481778144999
593.0,2.549999999999941,2.5499999999997858,2.5499999999981737,2.5499999999826852,2.549999999840218,2.549999998613282,2.5499999888599096,2.549999917982656,2.549999450697025,2.5499966737871547,2.549981886359617,2.549911709369183,2.5496164315614553,2.548520125351414,2.544943370978093,2.534721322766573,2.5091677935712284,2.4532290001934483,2.3455030772614727,2.1613208388524168,1.879010156667429
594.0,2.5499999999999394,2.5499999999997787,2.5499999999981102,2.5499999999821297,2.549999999835536,2.54999999857643,2.5499999885933664,2.5499999162305524,2.5499994403198394,2.549996618827857,2.5499816279117704,2.549910637624454,2.5496125389503743,2.548507825927307,2.5449097855183473,2.5346425550371796,2.509009993386805,2.452960203199322,2.3451155177857212,2.1608510748068848,1.8785390611966137
595.0,2.549999999999939,2.54999999999977,2.549999999998044,2.5499999999815577,2.54999999983073,2.5499999985386994,2.5499999883211744,2.5499999144458494,2.549999429775437,2.549996563114215,2.5499813665038564,2.549909555900883,2.549608617868709,2.548495459095216,2.54487607140522,2.5345635993678988,2.508852008806768,2.4526913532603576,2.344728158076521,2.1603817611332476,1.878068490378886
596.0,2.5499999999999376,2.549999999999761,2.5499999999979766,2.549999999980969,2.549999999825796,2.5499999985000703,2.549999988043231,2.549999912628036,2.5499994190616255,2.5499965066381782,2.5499811021112255,2.5499084641376006,2.549604668202636,2.548483024718607,2.5448422286165933,2.534484456065228,2.5086938405234944,2.4524224510747885,2.344340998157755,2.1599128968764476,1.8775984428662498
597.0,2.549999999999937,2.549999999999752,2.5499999999979064,2.549999999980363,2.5499999998207317,2.549999998460525,2.5499999877594304,2.549999910776595,2.5499994081761885,2.5499964493916396,2.5499808347091157,2.5499073622736175,2.5496006898384405,2.548470522661642,2.5448082571315727,2.5344051254361832,2.5085354892274667,2.4521534973370485,2.3439540380514456,2.159444481084602,1.8771289173163468
598.0,2.549999999999936,2.549999999999743,2.5499999999978344,2.5499999999797396,2.549999999815534,2.5499999984200437,2.5499999874696666,2.5499999088910035,2.5499993971168884,2.549996391366435,2.549980564272654,2.5499062502478305,2.5495966826625196,2.5484579527891795,2.5447741569304787,2.53432560778829,2.508376955607271,2.451884492737795,2.3435672777777676,2.15897651280899,1.8766599123924248
599.0,2.5499999999999345,2.5499999999997334,2.54999999999776,2.5499999999790974,2.549999999810199,2.549999998378607,2.5499999871738317,2.549999906970731,2.549999385881468,2.5499963325543424,2.5499802907768556,2.5499051279990232,2.5495926465613836,2.5484453149667754,2.5447399279948435,2.534245903429572,2.508218240349601,2.451615437963929,2.3431807173550694,2.1585089911040374,1.8761914267633062
600.0,2.5499999999999314,2.5499999999997236,2.5499999999976835,2.5499999999784375,2.549999999804724,2.5499999983361956,2.549999986871815,2.549999905015241,2.549999374467646,2.54999627294708,2.549980014196624,2.549903995465865,2.5495885814216575,2.5484326090606837,2.544705570307401,2.5341660126685444,2.5080593441392574,2.4513463336986163,2.3427943567998897,2.1580419150273054,1.8757234591033545
601.0,2.5499999999999283,2.549999999999714,2.5499999999976035,2.549999999977758,2.5499999997991063,2.5499999982927886,2.549999986563507,2.549999903023991,2.54999936287312,2.5499962125363114,2.549979734506751,2.5499028525869134,2.549584487130085,2.548419834937855,2.544671083852083,2.5340859358141987,2.507900267659152,2.451077180621307,2.3424081961269767,2.1575752836341024,1.8752559058453278
602.0,2.549999999999925,2.549999999999704,2.549999999997522,2.549999999977059,2.549999999793341,2.549999998248366,2.5499999862487925,2.5499999009964305,2.5499993510955665,2.549996151313639,2.549979451681918,2.549901699300615,2.549580363573528,2.548406992465937,2.5446364686140153,2.534005673176,2.507741011590305,2.450807979407757,2.3420222353493023,2.1571090959617636,1.874788864437454
603.0,2.549999999999922,2.5499999999996934,2.5499999999974374,2.5499999999763396,2.5499999997874263,2.5499999982029062,2.549999985927558,2.5499998989320036,2.549999339132638,2.5499960892706084,2.549979165696696,2.5499005355453077,2.5495762106389717,2.548394081513278,2.5446017245795063,2.5339252250638697,2.5075815766118508,2.450538730730047,2.3416364744780713,2.1566433510464207,1.874322333634431
604.0,2.5499999999999194,2.5499999999996827,2.5499999999973504,2.5499999999756,2.5499999997813574,2.549999998156389,2.549999985599686,2.5499998968301476,2.5499993269819665,2.549996026398707,2.549978876525545,2.5498993612592216,2.5495720282135235,2.5483811019489204,2.5445668517360445,2.5338445917881813,2.5074219634010366,2.450269435256606,2.341250913522731,2.1561780479284183,1.8738563121941265
605.0,2.5499999999999168,2.549999999999671,2.5499999999972607,2.5499999999748386,2.5499999997751317,2.549999998108792,2.5499999852650594,2.5499998946902913,2.5499993146411604,2.5499959626893625,2.5499785841428135,2.549898176380478,2.5495678161844175,2.5483680536426068,2.544531850072291,2.5337637736597487,2.5072621726332267,2.4500000936522266,2.3408655524909756,2.1557131856522593,1.8733907988776488
606.0,2.549999999999914,2.5499999999996588,2.5499999999971683,2.5499999999740557,2.549999999768745,2.5499999980600934,2.549999984923558,2.549999892511859,2.549999302107806,2.549995898133945,2.5499782885227416,2.5498969808470924,2.5495635744390155,2.5483549364647784,2.5444967195780737,2.5336827709898175,2.507102204981901,2.4497307065780904,2.340480391388762,2.1552487632665542,1.8729257924494087
607.0,2.5499999999999114,2.5499999999996463,2.5499999999970724,2.5499999999732506,2.5499999997621945,2.549999998010271,2.5499999845750603,2.5499998902942673,2.5499992893794676,2.549995832723766,2.5499779896394577,2.549895774596977,2.5495593028648083,2.548341750286572,2.5444614602443814,2.5336015840900545,2.506942061118659,2.4494612746917825,2.3400954302203147,2.1547847798239657,1.872461291677179
608.0,2.549999999999909,2.549999999999634,2.549999999996974,2.5499999999724228,2.5499999997554754,2.549999997959301,2.5499999842194425,2.5499998880369246,2.549999276453686,2.549995766450077,2.5499776874669826,2.5498945575679395,2.5495550013494195,2.5483284949798253,2.5444260720633567,2.533520213272539,2.5067817417132208,2.449191798647315,2.3397106689881397,2.1543212343811615,1.8719972953321458
609.0,2.549999999999906,2.549999999999621,2.5499999999968725,2.549999999971571,2.5499999997485845,2.5499999979071615,2.54999998385658,2.5499998857392328,2.5499992633279787,2.5499956993040724,2.5499773819792253,2.549893329697686,2.549550669780605,2.5483151704170712,2.5443905550282904,2.5334386588497546,2.5066212474334293,2.448922279095144,2.3393261076930343,2.153858125998767,1.8715338021889643
610.0,2.5499999999999035,2.5499999999996077,2.5499999999967673,2.5499999999706944,2.5499999997415173,2.549999997853828,2.5499999834863445,2.5499998834005884,2.549999249999842,2.549995631276885,2.5499770731499867,2.5498920909238194,2.549546308046259,2.5483017764715425,2.544354909133616,2.533356921134578,2.5064605789452514,2.4486527166821936,2.338941746334101,2.1533954537413154,1.8710708110258014
611.0,2.549999999999901,2.5499999999995944,2.5499999999966594,2.5499999999697947,2.54999999973427,2.549999997799277,2.5499999831086084,2.549999881020379,2.5499992364667468,2.549995562359591,2.5499767609529584,2.549890841183844,2.5495419160344106,2.5482883130171685,2.5443191343749034,2.533275000440272,2.506299736912781,2.448383112051869,2.3385575849087585,2.152933216677204,1.8706083206243806
612.0,2.5499999999998986,2.5499999999995797,2.549999999996548,2.5499999999688687,2.5499999997268383,2.549999997743484,2.5499999827232402,2.5499998785979856,2.5499992227261425,2.5499954925432053,2.5499764453617235,2.5498895804151656,2.5495374936332302,2.548274779928577,2.5442832307488508,2.5331928970804753,2.50613872199824,2.448113465844081,2.338173623412757,2.1524714138786476,1.8701463297700225
613.0,2.549999999999896,2.5499999999995646,2.549999999996433,2.549999999967917,2.549999999719219,2.549999997686424,2.549999982330107,2.549999876132781,2.549999208775455,2.5499954218186844,2.549976126349756,2.549888308555091,2.5495330407310286,2.548261177081092,2.544247198253282,2.5331106113691932,2.5059775348619806,2.447843778695262,2.337789861840188,2.152010044421637,1.86968483725168
614.0,2.5499999999998915,2.549999999999549,2.5499999999963148,2.5499999999669383,2.5499999997114067,2.5499999976280714,2.5499999819290755,2.549999873624132,2.5499991946120852,2.549995350176925,2.549975803890422,2.549887025540832,2.549528557216261,2.548247504350737,2.544211036887137,2.5330281436207907,2.5058161761624875,2.447574051238386,2.3374063001835035,2.151549107385896,1.869223841861973
615.0,2.549999999999887,2.549999999999533,2.549999999996193,2.549999999965933,2.549999999703398,2.549999997568402,2.5499999815200085,2.549999871071398,2.5499991802334128,2.5499952776087635,2.5499754779569797,2.5498857313095042,2.549524042977527,2.548233761614232,2.5441747466504694,2.532945494149981,2.5056546465563807,2.4473042841029886,2.337022938433525,2.1510886018548407,1.8687633423972208
616.0,2.5499999999998826,2.549999999999517,2.549999999996067,2.5499999999648995,2.5499999996951876,2.549999997507388,2.5499999811027676,2.54999986847393,2.549999165636792,2.549995204104978,2.549975148522578,2.549884425798129,2.5495194979035745,2.5482199487489927,2.5441383275444363,2.5328626632718194,2.5054929466984164,2.4470344779151847,2.336639776579461,2.150628526915538,1.8683033376574691
617.0,2.549999999999878,2.5499999999994998,2.5499999999959377,2.549999999963837,2.5499999996867713,2.5499999974450036,2.5499999806772125,2.5499998658310714,2.5499991508195543,2.5499951296562853,2.5499748155602604,2.549883108943635,2.549514921883299,2.548206065633133,2.5441017795712955,2.532779651301693,2.5053310772414887,2.446764633297685,2.3362568146089213,2.1501688816586695,1.8678438264465145
618.0,2.549999999999874,2.549999999999482,2.549999999995804,2.549999999962746,2.5499999996781444,2.549999997381222,2.5499999802432014,2.5499998631421597,2.5499991357790064,2.549995054253343,2.5499744790429615,2.5498817806828584,2.5495103148057483,2.548192112145463,2.5440651027343986,2.5326964585553116,2.5051690388366348,2.446494750869819,2.33587405250793,2.1497096651784906,1.8673848075719328
619.0,2.54999999999987,2.549999999999464,2.549999999995667,2.5499999999616243,2.5499999996693026,2.549999997316016,2.5499999798005897,2.5499998604065235,2.549999120512431,2.5499949778867483,2.549974138943509,2.5498804409525464,2.5495056765601225,2.5481780881654883,2.5440282970381833,2.5326130853487028,2.5050068321330334,2.4462248312475507,2.3354914902609427,2.1492508765727956,1.8669262798450952
620.0,2.549999999999866,2.549999999999445,2.549999999995525,2.5499999999604714,2.5499999996602405,2.549999997249357,2.5499999793492303,2.5499998576234835,2.549999105017087,2.549994900547039,2.549973795234624,2.5498790896893553,2.5495010070357753,2.548163993573411,2.54399136248817,2.5325295319981986,2.5048444577780113,2.445954875043496,2.335109127850861,2.1487925149428815,1.8664682420811893
621.0,2.549999999999862,2.549999999999426,2.5499999999953795,2.549999999959287,2.549999999650954,2.549999997181217,2.549999978888976,2.5499998547923535,2.5499990892902105,2.5499948222246913,2.5499734478889216,2.5498777268298545,2.5494963061222187,2.5481498282501303,2.543954299090954,2.532445798820431,2.5046819164170415,2.445684882866943,2.334726965259047,2.148334579393511,1.8660106930992393
622.0,2.549999999999858,2.5499999999994065,2.5499999999952285,2.5499999999580703,2.5499999996414378,2.5499999971115668,2.5499999784196747,2.549999851912439,2.54999907332901,2.5499947429101217,2.54997309687891,2.5498763523105255,2.549491573709121,2.5481355920772373,2.5439171068542006,2.5323618861323225,2.504519208693748,2.445414855323869,2.334345002465341,2.1478770690328823,1.8655536317221157
623.0,2.5499999999998533,2.549999999999385,2.549999999995074,2.54999999995682,2.5499999996316864,2.5499999970403775,2.5499999779411757,2.5499998489830373,2.549999057130672,2.5499946625936865,2.549972742176992,2.5498749660677626,2.549486809686311,2.5481212849370216,2.543879785786638,2.5322777942510766,2.5043563352499083,2.4451447930169588,2.333963239448073,2.1474199829725915,1.865097056776554
624.0,2.5499999999998475,2.549999999999364,2.549999999994915,2.549999999955536,2.5499999996216953,2.549999996967619,2.5499999774533233,2.5499998460034385,2.5499990406923576,2.5499945812656817,2.549972383755464,2.549873568037879,2.5494820139437793,2.548106906712465,2.543842335898053,2.532193523494171,2.5041932967254543,2.444874696545621,2.3335816761840813,2.146963320327603,1.8646409670931645
625.0,2.5499999999998417,2.549999999999342,2.5499999999947507,2.549999999954217,2.549999999611459,2.549999996893261,2.549999976955961,2.549999842972925,2.5499990240112034,2.549994498916342,2.549972021586518,2.5498721581571,2.5494771863716807,2.5480924572872437,2.543804757199283,2.532109074179351,2.5040300937584776,2.444604566506009,2.3332003126487266,2.146507080216217,1.8641853615064417
626.0,2.549999999999836,2.54999999999932,2.5499999999945815,2.5499999999528624,2.549999999600972,2.549999996817273,2.5499999764489294,2.549999839890771,2.5499990070843213,2.549994415535841,2.5499716556422385,2.5498707363615725,2.5494723268603345,2.548077936545729,2.5437670497022107,2.5320244466246176,2.503866726985229,2.4443344034910366,2.3328191488159087,2.146051261760039,1.8637302388547752
627.0,2.5499999999998306,2.5499999999992964,2.5499999999944074,2.549999999951471,2.5499999995902294,2.549999996739624,2.549999975932068,2.5499998367562413,2.549998989908797,2.5499943311142936,2.5499712858946078,2.5498693025873607,2.549467435300227,2.5480633443729843,2.5437292134197595,2.531939641148224,2.5037031970401222,2.444064208090394,2.33243818465808,2.1455958640839476,1.8632755979804552
628.0,2.5499999999998253,2.5499999999992715,2.549999999994228,2.5499999999500425,2.5499999995792244,2.549999996660281,2.5499999754052136,2.549999833568594,2.549998972481692,2.549994245641751,2.549970912315503,2.5498678567704474,2.549462511582012,2.548048680654766,2.543691248365886,2.5318546580686636,2.5035395045557385,2.4437939808905673,2.3320574201462634,2.14514088631607,1.8628214377296808
629.0,2.54999999999982,2.5499999999992466,2.5499999999940433,2.5499999999485743,2.5499999995679525,2.549999996579213,2.5499999748682,2.5499998303270783,2.549998954800044,2.5499941591082056,2.5499705348766963,2.549866398846739,2.5494575555965167,2.5480339452775222,2.543653154555576,2.5317694977046674,2.503375650162825,2.4435237224748563,2.3316768552500653,2.1446863275877472,1.8623677569525614
630.0,2.549999999999814,2.5499999999992213,2.549999999993853,2.549999999947068,2.549999999556408,2.5499999964963864,2.5499999743208597,2.549999827030936,2.549998936860862,2.5499940715035874,2.5499701535498556,2.549864928752063,2.5494525672347366,2.548019138128395,2.5436149320048353,2.5316841603751903,2.503211634490303,2.4432534334233895,2.3312964899376922,2.14423218703351,1.8619145545031242
631.0,2.549999999999807,2.5499999999991942,2.5499999999936573,2.5499999999455207,2.5499999995445837,2.5499999964117683,2.549999973763023,2.549999823679399,2.549998918661134,2.549993982817766,2.549969768306546,2.5498634464221714,2.549447546387844,2.5480042590952143,2.543576580730688,2.531598646399408,2.5030474581652644,2.4429831143131433,2.3309163241759654,2.1437784637910524,1.8614618292393137
632.0,2.5499999999998,2.5499999999991667,2.5499999999934557,2.5499999999439327,2.549999999532475,2.549999996325325,2.5499999731945167,2.549999820271693,2.5499989001978185,2.5499938930405497,2.549969379118229,2.549861951792739,2.5494424929471844,2.547989308066504,2.5435381007511664,2.531512956096707,2.50288312181298,2.4427127657179577,2.3305363579303373,2.1433251570011995,1.861009580022994
633.0,2.549999999999793,2.5499999999991387,2.5499999999932483,2.549999999942302,2.5499999995200753,2.5499999962370214,2.5499999726151663,2.5499998168070324,2.5499988814678503,2.5499938021616853,2.549968985956263,2.5498604447993687,2.549437406804281,2.5479742849314766,2.543499492085309,2.5314270897866784,2.5027186260568985,2.442442388208553,2.3301565911649043,2.1428722658078887,1.8605578057199508
634.0,2.5499999999997858,2.5499999999991094,2.5499999999930347,2.5499999999406286,2.5499999995073783,2.549999996146823,2.5499999720247954,2.549999813284625,2.549998862468138,2.5499937101708587,2.549968588791904,2.549858925377589,2.549432287850836,2.547959189580033,2.543460754753153,2.53134104778911,2.5025539715186524,2.44217198235255,2.329777023842425,2.142419789358138,1.860106505199888
635.0,2.549999999999779,2.5499999999990792,2.549999999992815,2.549999999938911,2.5499999994943776,2.5499999960546944,2.549999971423224,2.549999809703671,2.5499988431955654,2.549993617057694,2.549968187596304,2.549857393462858,2.549427135978732,2.547944021902766,2.543421888775727,2.5312548304239786,2.5023891588180573,2.4419015487144806,2.329397655924332,2.141967726802025,1.8596556773364288
636.0,2.5499999999997716,2.549999999999048,2.549999999992589,2.5499999999371474,2.5499999994810674,2.5499999959605986,2.549999970810272,2.5499998060633597,2.5499988236469884,2.549993522811754,2.5499677823405147,2.549855848990562,2.5494219510800322,2.547928781790955,2.5433828941750485,2.531168438011445,2.502224188573119,2.441631087855809,2.329018487370749,2.1415160772926596,1.8592053210071122
637.0,2.549999999999763,2.5499999999990157,2.5499999999923557,2.5499999999353378,2.54999999946744,2.5499999958645,2.5499999701857536,2.5499998023628723,2.5499988038192383,2.5499934274225398,2.5499673729954866,2.5498542918960183,2.5494167330469835,2.5479134691365664,2.543343770974114,2.5310818708718417,2.502059061400031,2.441360600334948,2.3286395181405037,2.1410648399861634,1.858755435093389
638.0,2.5499999999997547,2.549999999998983,2.5499999999921164,2.54999999993348,2.5499999994534894,2.5499999957663606,2.549999969549482,2.549999798601382,2.5499987837091194,2.54999333087949,2.5499669595320658,2.5498527221144767,2.549411481772019,2.5478980838322545,2.5433045191968984,2.5309951293256727,2.5018937779131836,2.4410900867072733,2.3282607481911444,2.1406140140416428,1.8583060184806215
639.0,2.5499999999997462,2.5499999999989487,2.5499999999918703,2.549999999931574,2.549999999439209,2.549999995666143,2.5499999689012696,2.549999794778053,2.5499987633134107,2.549993233171984,2.549966541921,2.5498511395811185,2.5494061971477566,2.5478826257713605,2.5432651388683443,2.530908213693599,2.5017283387251625,2.440819547525143,2.3278821774789518,2.14016359862117,1.8578570700580737
640.0,2.549999999999738,2.5499999999989136,2.5499999999916168,2.549999999929618,2.549999999424591,2.549999995563809,2.5499999682409236,2.5499997908920395,2.5499987426288637,2.5499931342893367,2.549966120132934,2.549849544231061,2.5494008790670044,2.54786709484791,2.5432256300143594,2.5308211242964376,2.501562744446753,2.440548983337909,2.3275038059589557,2.1397135928897564,1.85740858871891
641.0,2.5499999999997285,2.549999999998877,2.549999999991356,2.5499999999276115,2.5499999994096294,2.5499999954593187,2.549999967568251,2.549999786942489,2.549998721652204,2.5499930342208024,2.5499656941384132,2.549847935999355,2.5493955274227575,2.5478514909566146,2.543185992661809,2.530733861455151,2.5013969956869433,2.440278394691939,2.327125633584948,2.1392639960153335,1.8569605733601895
642.0,2.5499999999997183,2.54999999999884,2.549999999991088,2.549999999925552,2.5499999993943168,2.549999995352633,2.5499999668830546,2.549999782928538,2.549998700380131,2.5499929329555737,2.549965263907884,2.5498463148209893,2.5493901421082046,2.5478358139928696,2.543146226838512,2.5306464254908416,2.501231093052927,2.4400077821306274,2.3267476603094983,2.138814807168732,1.856513022882857
643.0,2.5499999999997085,2.549999999998801,2.5499999999908125,2.5499999999234397,2.5499999993786453,2.549999995243712,2.549999966185135,2.5499997788493145,2.549998678809316,2.549992830482781,2.5499648294116897,2.5498446806308883,2.5493847230167255,2.547820063852754,2.5431063325732333,2.530558816724745,2.5010650371501084,2.4397371461944157,2.3263698860839646,2.1383660255236574,1.856065936191737
644.0,2.5499999999996987,2.549999999998761,2.549999999990529,2.549999999921272,2.5499999993626075,2.5499999951325147,2.5499999654742913,2.549999774703937,2.549998656936404,2.5499927267914924,2.5499643906200777,2.549843033363917,2.5493792700418947,2.5478042404330283,2.54306630989568,2.530471035478223,2.500898828582101,2.439466487420805,2.325992310858511,2.137917650256673,1.8556193121955284
645.0,2.5499999999996894,2.5499999999987195,2.5499999999902374,2.5499999999190486,2.5499999993461966,2.549999995018999,2.5499999647503193,2.549999770491517,2.5499986347580137,2.5499926218707145,2.549963947503194,2.5498413729548792,2.549373783077482,2.5477883436311357,2.543026158836494,2.5303830820727566,2.5007324679507352,2.4391958063443733,2.325614934582119,2.137469680547178,1.855173149806792
646.0,2.549999999999678,2.5499999999986773,2.5499999999899376,2.549999999916768,2.5499999993294042,2.549999994903123,2.549999964013012,2.549999766211153,2.549998612270736,2.549992515709392,2.549963500031086,2.5498396993385204,2.5493682620174543,2.547772373345202,2.5429858794272477,2.5302949568299393,2.5005659558560582,2.438925103496792,2.325237757202602,2.1370221155773885,1.854727447941947
647.0,2.5499999999996663,2.549999999998634,2.5499999999896295,2.549999999914429,2.549999999312223,2.549999994784844,2.5499999632621595,2.5499997618619368,2.549998589471135,2.5499924082964065,2.5499630481737032,2.549838012449529,2.5493627067559776,2.5477563294740313,2.5429454717004387,2.53020666007147,2.5003992928963408,2.43865437940684,2.324860778666617,2.1365749545323154,1.8542822055212589
648.0,2.549999999999655,2.5499999999985885,2.5499999999893124,2.54999999991203,2.5499999992946436,2.549999994664119,2.54999996249755,2.5499997574429507,2.549998566355748,2.5499922996205786,2.5499625919008975,2.5498363122225345,2.5493571171874168,2.5477402119171075,2.5429049356894815,2.530118192119149,2.5002324796680764,2.43838363460042,2.3244839989196797,2.136128196599749,1.85383742146883
649.0,2.5499999999996437,2.549999999998542,2.5499999999889864,2.5499999999095695,2.5499999992766593,2.549999994540904,2.5499999617189673,2.5499997529532665,2.5499985429210845,2.5499921896706654,2.5499621311824217,2.549834598592114,2.5493514932063395,2.5477240205745932,2.542864271428705,2.530029553294869,2.5000655167659858,2.438112869600575,2.3241074179061783,2.1356818409702383,1.8533930947125918
650.0,2.549999999999631,2.5499999999984935,2.5499999999886516,2.5499999999070466,2.549999999258262,2.5499999944151535,2.5499999609261956,2.5499997483919477,2.5499985191636254,2.5499920784353622,2.549961665987932,2.5498328714927876,2.5493458347075135,2.5477077553473286,2.542823478953347,2.5299407439206085,2.499898404783023,2.4378420849275018,2.3237310355693834,2.1352358868370738,1.852949224184293
651.0,2.549999999999618,2.5499999999984446,2.549999999988307,2.5499999999044594,2.549999999239442,2.5499999942868223,2.5499999601190138,2.5499997437580464,2.549998495079826,2.549991965903303,2.5499611962869873,2.5498311308590234,2.5493401415859145,2.547691416136832,2.5427825582995447,2.529851764318427,2.4997311443103745,2.4375712810985672,2.3233548518514637,2.134790333396267,1.8525058088194912
652.0,2.5499999999996055,2.549999999998393,2.5499999999879526,2.5499999999018064,2.5499999992201916,2.5499999941558644,2.5499999592971987,2.5499997390506075,2.5499984706661127,2.549991852063058,2.5499607220490503,2.5498293766252385,2.5493344137367213,2.547675002845295,2.5427415095043338,2.529762614810458,2.499563735937465,2.437300458628325,2.3229788666934983,2.134345179846537,1.852062847557539
653.0,2.5499999999995917,2.5499999999983407,2.5499999999875884,2.5499999998990863,2.5499999992005016,2.549999994022233,2.5499999584605244,2.549999734268664,2.549998445918885,2.5499917369031357,2.549960243243487,2.5498276087257965,2.549328651055319,2.547658515375587,2.5427003326056408,2.5296732957189034,2.49939618025196,2.437029618028527,2.322603080035487,2.133900425389287,1.8516203393415747
654.0,2.5499999999995775,2.549999999998287,2.5499999999872145,2.5499999998962974,2.549999999180364,2.5499999938858804,2.5499999576087617,2.5499997294112404,2.5499984208345126,2.549991620411982,2.5499597598395667,2.549825827095014,2.549322853437303,2.547641953631249,2.5426590276422774,2.5295838073660253,2.499228477839769,2.4367587598081437,2.3222274918163652,2.133456069228594,1.8511782831185126
655.0,2.5499999999995633,2.5499999999982315,2.5499999999868304,2.549999999893439,2.549999999159769,2.5499999937467592,2.5499999567416802,2.5499997244773516,2.5499983954093395,2.549991502577981,2.5499592718064643,2.5498240316671574,2.549317020778478,2.5476253175164976,2.5426175946539353,2.5294941500741426,2.499060629285049,2.4364878844733733,2.3218521019740153,2.1330121105711877,1.8507366778390288
656.0,2.5499999999995486,2.5499999999981737,2.5499999999864356,2.549999999890508,2.549999999138707,2.5499999936048194,2.5499999558590436,2.549999719466001,2.54999836963968,2.5499913833894525,2.5499587791132594,2.549822222376446,2.549311152974857,2.54760860693622,2.5425760336811813,2.5294043241656228,2.4988926351702085,2.4362169925276618,2.321476910445279,2.1325685486264323,1.8502955224575501
657.0,2.549999999999533,2.549999999998115,2.549999999986029,2.549999999887503,2.549999999117169,2.5499999934600117,2.549999954960616,2.549999714376184,2.5499983435218208,2.5499912628346557,2.5499582817289355,2.5498203991570536,2.5493052499226696,2.547591821795974,2.5425343447654507,2.5293143299628777,2.4987244960759094,2.4359460844717145,2.321101917165967,2.1321253826063167,1.8498548159322417
658.0,2.5499999999995175,2.549999999998054,2.549999999985612,2.549999999884424,2.5499999990951463,2.5499999933122854,2.5499999540461564,2.549999709206885,2.5499983170520206,2.549991140901786,2.5499577796223827,2.549818561943107,2.5492993115183555,2.54757496200199,2.5424925279490433,2.529224167788355,2.4985562125810716,2.4356751608035134,2.3207271220708754,2.131682611725432,1.849414557224997
659.0,2.5499999999995007,2.549999999997991,2.5499999999851837,2.549999999881268,2.5499999990726283,2.5499999931615904,2.549999953115422,2.549999703957078,2.549998290226509,2.5499910175789773,2.5499572727623976,2.549816710668691,2.54929333765857,2.5475580274611653,2.5424505832751167,2.529133837964536,2.498387785262876,2.4354042220183296,2.3203525250937944,2.1312402352009605,1.8489747453014218
660.0,2.549999999999484,2.549999999997927,2.5499999999847436,2.5499999998780334,2.549999999049606,2.5499999930078734,2.5499999521681653,2.5499996986257276,2.549998263041488,2.5499908928542996,2.5499567611176808,2.5498148452678455,2.5492873282401862,2.5475410180810667,2.542408510787682,2.529043340813926,2.4982192146967677,2.435133268608739,2.3199781261675203,2.1307982522526565,1.8485353791308243
661.0,2.549999999999467,2.54999999999786,2.5499999999842915,2.549999999874719,2.549999999026068,2.549999992851083,2.5499999512041382,2.549999693211788,2.5499982354931303,2.5499907667157613,2.5499562446568413,2.5498129656745707,2.5492812831602922,2.547523933769927,2.542366310531597,2.5289526766590504,2.498050501456461,2.434862301064636,2.3196039252238663,2.130356662104358,1.8480964870802874
662.0,2.5499999999994483,2.549999999997792,2.549999999983827,2.5499999998713223,2.5499999990020057,2.549999992691165,2.5499999502230883,2.549999687714203,2.5499982075775796,2.549990639151307,2.549955723348396,2.549811071822824,2.549275202316197,2.5475067744366466,2.542323982552561,2.52886184582245,2.4978816461139397,2.4345913198732516,2.3192299221936747,2.1299154639884277,1.8476580397276543
663.0,2.5499999999994296,2.5499999999977208,2.54999999998335,2.549999999867842,2.5499999989774076,2.5499999925280656,2.54999994922476,2.5499996821319058,2.549998179290952,2.54999051014882,2.549955197160767,2.5498091636465263,2.5492690856054265,2.5474895399907904,2.542281526897113,2.5287708486266727,2.4977126492394643,2.4343203255191614,2.318856117006833,2.1294746571409777,1.8472200360351108
664.0,2.54999999999941,2.549999999997648,2.54999999998286,2.549999999864276,2.5499999989522637,2.5499999923617294,2.549999948208894,2.5499996764638198,2.5499981506293325,2.549990379696119,2.5499546660622854,2.5498072410795563,2.549262932925732,2.5474722303425867,2.542238943612621,2.5286796853942697,2.4975435114015734,2.434049318484305,2.318482509592284,2.129034240800315,1.8467824749691237
665.0,2.5499999999993896,2.5499999999975733,2.549999999982357,2.5499999998606224,2.5499999989265634,2.549999992192101,2.5499999471752295,2.549999670708858,2.549998121588781,2.5499902477809635,2.54995413002119,2.5498053040557576,2.549256744175082,2.5474548454029264,2.5421962327472802,2.5285883564477905,2.497374233167086,2.433778299248001,2.3181090998780403,2.128594214206938,1.8463453555004024
666.0,2.549999999999369,2.549999999997496,2.5499999999818397,2.5499999998568788,2.5499999989002955,2.549999992019124,2.549999946123502,2.5499996648659216,2.549998092165324,2.5499901143910457,2.5499535890056286,2.549803352508938,2.549250519251674,2.547437385083364,2.5421533943501062,2.528496862109775,2.497204815101108,2.433507268286954,2.3177358877911995,2.1281545766035332,1.8459086766038566
667.0,2.549999999999348,2.549999999997417,2.549999999981309,2.5499999998530445,2.5499999988734485,2.5499999918427405,2.5499999450534427,2.5499996589339027,2.5499980623549607,2.549989979513998,2.5499530429836588,2.5498013863728692,2.5492442580539247,2.5474198492961126,2.5421104284709313,2.528405202702751,2.497035257767034,2.4332362260752793,2.3173628732579528,2.127715327234971,1.8454724372585585
668.0,2.5499999999993266,2.5499999999973353,2.5499999999807637,2.549999999849117,2.549999998846012,2.549999991662892,2.5499999439647816,2.5499996529116826,2.549998032153661,2.5499898431373893,2.5499524919232464,2.5497994055812887,2.5492379604804816,2.5474022379540466,2.5420673351603966,2.5283133785492238,2.496865561726551,2.432965173084508,2.3169900562035997,2.127276465348303,1.8450366364477047
669.0,2.5499999999993035,2.549999999997251,2.549999999980204,2.5499999998450935,2.549999998817974,2.54999999147952,2.5499999428572435,2.549999646798131,2.5499980015573662,2.5499897052487257,2.549951935792266,2.549797410067902,2.549231626430216,2.5473845509706976,2.5420241144699496,2.528221389971679,2.4966957275396435,2.4326941097836046,2.3166174365525594,2.126837990192761,1.8446012731585808
670.0,2.54999999999928,2.5499999999971643,2.5499999999796295,2.5499999998409724,2.549999998789323,2.549999991292564,2.549999941730551,2.549999640592108,2.5499979705619866,2.5499895658354506,2.5499513745585056,2.549795399766383,2.5492252558022286,2.547366788260256,2.5419807664518377,2.5281292372925686,2.4965257557645937,2.432423036638982,2.316245014228382,2.126399901019748,1.8441663463825264
671.0,2.5499999999992555,2.549999999997075,2.5499999999790397,2.549999999836751,2.549999998760047,2.549999991101965,2.5499999405844234,2.549999634292461,2.5499979391634042,2.5499894248849437,2.549950808189661,2.549793374610374,2.5492188484958493,2.5473489497375663,2.541937291159103,2.528036920834311,2.496355646957988,2.432151954114513,2.3158727891537594,2.125962197082838,1.8437318551148967
672.0,2.549999999999231,2.549999999996983,2.549999999978434,2.5499999998324285,2.5499999987301343,2.5499999909076596,2.5499999394185764,2.5499996278980284,2.54999790735747,2.549989282384524,2.5499502366533395,2.549791334533489,2.549212404410639,2.5473310353181287,2.5418936886455765,2.527944440919285,2.49618540167472,2.431880862671546,2.3155007612505365,2.12552487763777,1.8432977983550347
673.0,2.5499999999992053,2.5499999999968885,2.5499999999778122,2.549999999828002,2.5499999986995725,2.549999990709586,2.5499999382327223,2.549999621407637,2.549997875140006,2.5499891383214455,2.549949659917061,2.549789279469311,2.5492059234463884,2.5473130449180985,2.5418499589658743,2.5278517978698227,2.4960150204679934,2.4316097627689164,2.3151289304397227,2.1250879419424464,1.8428641751062331
674.0,2.5499999999991783,2.5499999999967917,2.5499999999771736,2.549999999823469,2.549999998668349,2.5499999905076804,2.5499999370265707,2.549999614820102,2.549997842506805,2.5499889926829002,2.5499490779482556,2.5497872093513982,2.5491994055031233,2.5472949784542815,2.541806102175391,2.5277589920082066,2.4958445038893275,2.4313386548629623,2.3147572966415004,2.1246513892569237,1.8424309843757065
675.0,2.5499999999991516,2.549999999996692,2.549999999976519,2.5499999998188274,2.549999998636451,2.5499999903018793,2.5499999357998266,2.5499996081342284,2.549997809453629,2.5499888454560176,2.549948490714266,2.549785124113283,2.5491928504811017,2.5472768358441367,2.541762118330297,2.5276660236566633,2.495673852488559,2.4310675394075387,2.3143858597752365,2.124215218843414,1.8419982251745568
676.0,2.549999999999123,2.549999999996589,2.5499999999758467,2.549999999814075,2.549999998603867,2.5499999900921164,2.549999934552193,2.5499996013488095,2.54999777597621,2.549988696627864,2.5499478981823493,2.5497830236884704,2.549186258280816,2.547258617005772,2.54171800748753,2.527572893137358,2.4955030668138436,2.4307964168540277,2.314014619759493,2.123779429966275,1.8415658965177466
677.0,2.5499999999990948,2.5499999999964835,2.5499999999751566,2.5499999998092093,2.5499999985705823,2.549999989878327,2.5499999332833685,2.5499995944626277,2.54999774207025,2.549988546185444,2.5499473003196735,2.5497809080104425,2.5491796288029964,2.5472403218579447,2.541673769704792,2.5274796007723923,2.4953321474116663,2.4305252876513554,2.3136435765120327,2.1233440218920077,1.8411339974240664
678.0,2.5499999999990646,2.5499999999963743,2.5499999999744487,2.5499999998042275,2.549999998536584,2.5499999896604435,2.5499999319930478,2.549999587474453,2.5499977077314204,2.5499883941156973,2.549946697093321,2.5497787770126576,2.549172961948608,2.5472219503200595,2.541629405040545,2.527386146883796,2.4951610948268392,2.430254152246004,2.313272729949835,2.122908993889252,1.840702526916107
679.0,2.5499999999990335,2.5499999999962624,2.549999999973722,2.5499999997991276,2.5499999985018595,2.549999989438398,2.549999930680923,2.549999580383046,2.5499976729553637,2.549988240405502,2.5499460884702883,2.5497766306285534,2.5491662576188547,2.5472035023121684,2.541584913554003,2.5272925317935235,2.4949899096025074,2.429983011082024,2.3129020799890987,2.1224743452287798,1.8402714840202319
680.0,2.5499999999990015,2.549999999996148,2.549999999972977,2.549999999793908,2.549999998466394,2.5499999892121217,2.549999929346683,2.5499995731871548,2.5499976377376896,2.549988085041674,2.549945474417485,2.5497744687915462,2.5491595157151794,2.5471849777549673,2.541540295305131,2.5271987558234494,2.4948185922801525,2.4297118646010487,2.3125316265452565,2.1220400751834907,1.8398408677665476
681.0,2.5499999999989686,2.549999999996029,2.5499999999722123,2.5499999997885636,2.5499999984301747,2.5499999889815443,2.5499999279900125,2.5499995658855155,2.5499976020739794,2.549987928010966,2.549944854901736,2.5497722914350316,2.5491527361392654,2.5471663765697974,2.5414955503546364,2.5271048192953627,2.494647143399595,2.4294407132423075,2.31216136953298,2.1216061830284074,1.8394106771888794
682.0,2.549999999998935,2.549999999995907,2.549999999971427,2.549999999783094,2.5499999983931865,2.5499999887465963,2.5499999266105915,2.549999558476854,2.5499975659597838,2.549987769300067,2.5499442298897828,2.549770098492388,2.5491459187930356,2.54714769867864,2.5414506787639652,2.527010722530964,2.4944755634990017,2.4291695574426377,2.3117913088661908,2.1211726680406686,1.8389809113247428
683.0,2.5499999999989,2.5499999999957823,2.5499999999706224,2.549999999777497,2.549999998355416,2.5499999885072047,2.5499999252080987,2.549999550959882,2.5499975293906205,2.5499876088956035,2.5499435993482806,2.549767889896975,2.549139063578658,2.547128944004122,2.5414056805952985,2.526916465851859,2.4943038531148853,2.428898397636499,2.311421444458068,2.120739529499527,1.8385515692153171
684.0,2.549999999998864,2.549999999995654,2.5499999999697964,2.5499999997717673,2.549999998316847,2.549999988263297,2.5499999237822077,2.5499995433333034,2.5499974923619795,2.549987446784141,2.5499429632438013,2.549765665582137,2.54913217039854,2.5471101124695052,2.5413605559115444,2.5268220495795535,2.4941320127821105,2.4286272342559863,2.311051776221056,2.1203067666863378,1.8381226499054228
685.0,2.549999999998827,2.549999999995521,2.5499999999689495,2.5499999997659044,2.549999998277466,2.5499999880148008,2.5499999223325887,2.549999535595807,2.5499974548693176,2.5499872829521806,2.549942321542834,2.5497634254812,2.549125239155334,2.5470912039986935,2.5413153047763366,2.5267274740354515,2.4939600430338973,2.4283560677308413,2.3106823040668747,2.11987437888456,1.8376941524434935
686.0,2.5499999999987883,2.549999999995385,2.5499999999680805,2.549999999759905,2.549999998237258,2.5499999877616397,2.549999920858908,2.5499995277460723,2.549997416908062,2.549987117386161,2.549941674211783,2.5497611695274793,2.549118269751939,2.547072218516228,2.541269927254027,2.526632739540848,2.4937879444018245,2.428084898488466,2.310313027906527,2.1194423653797445,1.837266075881555
687.0,2.5499999999987493,2.5499999999952454,2.5499999999671896,2.5499999997537657,2.5499999981962063,2.549999987503739,2.5499999193608276,2.5499995197827645,2.549997378473609,2.549986950072458,2.5499410212169713,2.5497588976542747,2.5491112620914986,2.5470531559472844,2.541224423409683,2.5265378464169252,2.4936157174158335,2.427813726953937,2.309943947650306,2.1190107254595336,1.836838419275197
688.0,2.549999999998709,2.5499999999951015,2.5499999999662757,2.5499999997474845,2.5499999981542967,2.5499999872410224,2.549999917838008,2.549999511704539,2.5499973395613225,2.5499867809973864,2.5499403625246386,2.5497566097948736,2.549104216077402,2.5470340162176743,2.5411787933090784,2.5264427949847494,2.4934433626042334,2.4275425535500155,2.3095750632078023,2.1185794584136497,1.8364111816835533
689.0,2.549999999998667,2.549999999994953,2.549999999965338,2.5499999997410567,2.549999998111513,2.549999986973411,2.549999916290103,2.549999503510038,2.5499973001665355,2.549986610147196,2.549939698100944,2.5497543058825523,2.5490971316132884,2.5470147992538417,2.541133037018694,2.526347585565264,2.493270880493702,2.427271378697162,2.309206374487914,2.118148563533895,1.8359843621692769
690.0,2.5499999999986236,2.5499999999948013,2.5499999999643777,2.5499999997344815,2.549999998067839,2.549999986700827,2.5499999147167647,2.549999495197891,2.5499972602845515,2.5499864375080756,2.5499390279119636,2.5497519858505777,2.5490900086030432,2.546995504982864,2.5410871546057097,2.5262522184792884,2.493098271609293,2.4270002028135464,2.3088378813988535,2.117718040114141,1.8355579597985179
691.0,2.5499999999985787,2.549999999994645,2.549999999963392,2.549999999727754,2.5499999980232584,2.54999998642319,2.54999991311764,2.5499994867667173,2.5499972199106407,2.5499862630661507,2.549938351923694,2.549749649632206,2.549082846950804,2.546976133332447,2.541041146137998,2.5261566940475095,2.4929255364744365,2.426729026315065,2.3084695838481544,2.117287887450325,1.8351319736409002
692.0,2.5499999999985326,2.5499999999944847,2.549999999962382,2.549999999720872,2.5499999979777552,2.5499999861404197,2.549999911492373,2.549999478215123,2.5499971790400426,2.5499860868074844,2.54993767010205,2.549747297160687,2.549075646560956,2.546956684230929,2.540995011684124,2.526061012590482,2.492752675610946,2.426457849615348,2.3081014817426784,2.1168581048404422,1.8347064027695021
693.0,2.549999999998486,2.5499999999943195,2.5499999999613454,2.549999999713833,2.5499999979313124,2.549999985852433,2.5499999098406025,2.549999469541701,2.5499971376679653,2.549985908718078,2.549936982412868,2.5497449283692624,2.549068407338138,2.546937157607273,2.5409487513133366,2.525965174428622,2.4925796895390206,2.4261866731257746,2.307733574988625,2.1164286915845416,1.834281246260831
694.0,2.549999999998437,2.5499999999941503,2.5499999999602836,2.5499999997066323,2.549999997883912,2.549999985559148,2.5499999081619653,2.5499994607450347,2.5499970957895854,2.5499857287838688,2.549936288821904,2.5497425431911678,2.549061129187239,2.5469175533910686,2.5409023650955653,2.5258691798822013,2.492406578777248,2.425915497255484,2.3073658634915373,2.1159996469847187,1.8338565031948058
695.0,2.5499999999983873,2.5499999999939753,2.549999999959195,2.5499999996992675,2.5499999978355374,2.5499999852604804,2.549999906456092,2.549999451823692,2.5499970534000473,2.5499855469907335,2.5499355892948334,2.5497401415596332,2.549053812013402,2.5468978715125337,2.5408558531014154,2.5257730292713454,2.49223334384261,2.4256443224113897,2.306998347156308,2.1155709703451073,1.8334321726547331
696.0,2.5499999999983354,2.5499999999937963,2.5499999999580787,2.549999999691735,2.549999997786171,2.549999984956344,2.549999904722611,2.5499994427762296,2.5499970104944634,2.5499853633244842,2.5499348837972544,2.549737723407885,2.5490464557220243,2.546878111902506,2.5408092154021626,2.5256767229160304,2.492059985250485,2.4253731489981885,2.306631025887188,2.1151426609718773,1.8330082537272898
697.0,2.549999999998283,2.5499999999936125,2.5499999999569347,2.5499999996840312,2.549999997735795,2.5499999846466537,2.5499999029611455,2.549999433601193,2.5499969670679157,2.549985177770873,2.5499341722946873,2.5497352886691487,2.5490390602187554,2.5468582744924477,2.5407624520697496,2.5255802611360747,2.491886503514655,2.4251019774183744,2.306263899587795,2.114714718173224,1.8325847455024986
698.0,2.549999999998228,2.5499999999934237,2.5499999999557623,2.5499999996761527,2.5499999976843912,2.549999984331321,2.5499999011713155,2.549999424297112,2.5499969231154522,2.549984990315588,2.5499334547525727,2.549732837276644,2.549031625409503,2.546838359214442,2.5407155631767786,2.52548364425114,2.4917128991473034,2.4248308080722514,2.3058969681611163,2.114287141259366,1.8321616470737123
699.0,2.549999999998172,2.5499999999932297,2.5499999999545597,2.5499999996680964,2.549999997631941,2.549999984010258,2.549999899352736,2.549999414862507,2.5499968786320912,2.549984800944256,2.549932731136276,2.549730369163592,2.54902415120043,2.546818366001189,2.540668548796511,2.5253868725807225,2.491539172659026,2.4245596413579436,2.3055302315095187,2.113859929542534,1.8317389575375906
700.0,2.549999999998114,2.5499999999930303,2.549999999953328,2.5499999996598586,2.549999997578426,2.5499999836833744,2.5499998975050184,2.5499994052958845,2.5499968336128176,2.549984609642441,2.549932001411084,2.5497278842632136,2.549016637497956,2.5467982947860093,2.5406214090028594,2.525289946444154,2.4913653245588296,2.4242884776714084,2.305163689534755,2.11343308233697,1.8313166759940833
701.0,2.549999999998054,2.549999999992825,2.5499999999520657,2.549999999651435,2.5499999975238277,2.5499999833505793,2.54999989562777,2.549999395595737,2.5499967880525842,2.549984416395644,2.5499312655422077,2.5497253825087305,2.549009084208759,2.5467781455028393,2.540574143870383,2.525192866160595,2.4911913553541387,2.4240173174064474,2.3047973421379684,2.113006598958913,1.8308948015464102
702.0,2.5499999999979925,2.5499999999926146,2.549999999950772,2.549999999642823,2.5499999974681247,2.549999983011781,2.5499998937205937,2.549999385760546,2.5499967419463108,2.549984221189306,2.549930523494782,2.5497228638333667,2.5490014912397747,2.5467579180862296,2.5405267534742855,2.5250956320490294,2.4910172655507976,2.4237461609547193,2.3044311892197022,2.1125804787266014,1.830473333301042
703.0,2.5499999999979295,2.549999999992398,2.5499999999494465,2.549999999634017,2.549999997411299,2.5499999826668858,2.549999891783088,2.5499993757887784,2.5499966952888875,2.5499840240088036,2.549929775233866,2.5497203281703475,2.548993858498199,2.546737612471345,2.5404792378904077,2.5249982444282644,2.490843055653076,2.4234750087057497,2.3040652306799054,2.1121547209602607,1.83005227036768
704.0,2.5499999999978638,2.549999999992176,2.5499999999480885,2.5499999996250153,2.549999997353331,2.5499999823157995,2.549999889814848,2.5499993656788904,2.5499966480751697,2.5499838248394533,2.549929020724444,2.5497177754529057,2.5489861858914877,2.546717228593963,2.5404315971952247,2.5249007036169235,2.490668726163671,2.423203861046945,2.3036994664179375,2.111729324982099,1.8296316118592433
705.0,2.5499999999977963,2.5499999999919476,2.5499999999466967,2.549999999615813,2.5499999972941993,2.5499999819584254,2.549999887815463,2.549999355429323,2.5499966002999805,2.5499836236665074,2.5499282599314252,2.549715205614276,2.548978473327357,2.54669676639047,2.540383831465841,2.5248030099334464,2.4904942775837133,2.422932718363602,2.303333896332577,2.1113042901162986,1.8292113568918427
706.0,2.549999999997727,2.549999999991714,2.549999999945271,2.5499999996064053,2.549999997233885,2.549999981594668,2.54999988578452,2.5499993450385054,2.5499965519581123,2.5499834204751584,2.549927492819645,2.5497126185877006,2.5489707207137844,2.546676225797863,2.540335940779985,2.524705163696081,2.4903197104127694,2.42266158103892,2.3029685203220254,2.1108796156890106,1.8287915045847691
707.0,2.5499999999976564,2.5499999999914733,2.549999999943811,2.54999999959679,2.549999997172366,2.5499999812244276,2.5499998837215996,2.5499993345048537,2.5499965030443223,2.5499832152505357,2.5499267193538655,2.549710014306428,2.548962927959011,2.5466556067537454,2.5402879252160044,2.524607165222883,2.4901450251488466,2.4223904494540127,2.3026033382839164,2.1104553010283507,1.8283720540604742
708.0,2.549999999997583,2.5499999999912264,2.549999999942315,2.5499999995869613,2.5499999971096217,2.549999980847606,2.5499998816262783,2.5499993238267695,2.5499964535533373,2.5499830079777075,2.549925939498774,2.549707392703716,2.5489550949715394,2.546634909196328,2.540239784852865,2.52450901483171,2.4899702222883953,2.4221193239879204,2.3022383501153203,2.110031345464386,1.8279530044445498
709.0,2.5499999999975076,2.549999999990973,2.5499999999407823,2.5499999995769165,2.5499999970456306,2.549999980464102,2.54999987949813,2.549999313002643,2.5499964034798506,2.5499827986416803,2.5499251532189864,2.54970475371283,2.548947221660137,2.5466141330644247,2.5401915197701412,2.5244107128402202,2.489795302326316,2.421848205017617,2.3018735557127505,2.1096077483291373,1.8275343548657146
710.0,2.54999999999743,2.549999999990712,2.549999999939213,2.54999999956665,2.5499999969803717,2.5499999800738142,2.549999877336722,2.549999302030849,2.549996352818521,2.549982587227397,2.5499243604790456,2.5497020972670463,2.5489393079338347,2.5465932782974545,2.540143130048016,2.524312259565867,2.489620265755959,2.421577092918027,2.3015089549721695,2.1091845089565635,1.827116104455795
711.0,2.54999999999735,2.549999999990445,2.5499999999376053,2.549999999556158,2.5499999969138214,2.5499999796766386,2.549999875141619,2.5499992909097506,2.5499963015639775,2.5499823737197405,2.549923561243422,2.5496994232996517,2.5489313537019287,2.5465723448354356,2.5400946157672735,2.524213655325897,2.489445113069133,2.4213059880620325,2.3011445477889945,2.1087616266825613,1.8266982523497093
712.0,2.5499999999972682,2.5499999999901704,2.5499999999359586,2.549999999545436,2.5499999968459592,2.549999979272471,2.5499998729123794,2.5499992796376967,2.549996249710814,2.5499821581035325,2.5499227554765165,2.549696731743945,2.5489233588739815,2.5465513326189884,2.540045977009296,2.5241149004373447,2.4892698447561057,2.4210348908204855,2.3007803340581043,2.108339100844956,1.8262807976854496
713.0,2.5499999999971843,2.549999999989889,2.5499999999342715,2.549999999534479,2.5499999967767604,2.549999978861205,2.549999870648558,2.549999268213023,2.5499961972535923,2.549981940363532,2.549921943142657,2.549694022533237,2.5489153233598207,2.5465302415893305,2.5399972138560587,2.524015995217031,2.4890944613056076,2.4207638015622193,2.300416313673846,2.107916930783494,1.8258637396040656
714.0,2.5499999999970977,2.5499999999895997,2.5499999999325444,2.5499999995232834,2.549999996706204,2.549999978442734,2.5499998683497047,2.5499992566340515,2.54999614418684,2.5499817204844377,2.5499211242061026,2.549691295600854,2.5489072470695415,2.546509071688276,2.539948326390127,2.5239169399815586,2.4889189632048394,2.4204927206540603,2.3000524865300367,2.1074951158398387,1.8254470772496494
715.0,2.5499999999970084,2.5499999999893026,2.549999999930776,2.5499999995118445,2.5499999966342655,2.54999997801695,2.5499998660153658,2.54999924489909,2.5499960905050534,2.549981498450885,2.54992029863104,2.549688550880136,2.548899129913507,2.5464878228582366,2.5398993146946482,2.5238177350473086,2.4887433509394716,2.420221648460836,2.2996888525199752,2.107073655357561,1.8250308097693175
716.0,2.5499999999969165,2.5499999999889984,2.549999999928965,2.549999999500156,2.5499999965609206,2.5499999775837425,2.5499998636450814,2.549999233006433,2.5499960362026943,2.5499812742474504,2.5499194663815885,2.549685788304439,2.548890971802348,2.546466495042215,2.5398501788533534,2.5237183807304384,2.488567624993652,2.419950585345388,2.2993254115364437,2.106652548682134,1.8246149363131965
717.0,2.549999999996822,2.549999999988686,2.5499999999271115,2.5499999994882154,2.5499999964861457,2.5499999771430004,2.549999861238388,2.549999220954362,2.549995981274191,2.5499810478586467,2.549918627421798,2.549683007807135,2.5488827726469645,2.546445088183809,2.5398009189505473,2.5236188773468777,2.4883917858500078,2.4196795316685833,2.2989621634717152,2.1062317951609275,1.8241994560344053
718.0,2.5499999999967256,2.5499999999883656,2.5499999999252125,2.549999999476017,2.5499999964099174,2.5499999766946115,2.549999858794817,2.549999208741143,2.5499959257139397,2.5499808192689275,2.5499177817156493,2.549680209321615,2.5488745323585253,2.5464236022272053,2.539751535071107,2.5235192252123237,2.48821583398965,2.4194084877893225,2.298599108217557,2.105811394143199,1.8237843680890413
719.0,2.5499999999966256,2.549999999988036,2.5499999999232688,2.549999999463555,2.5499999963322098,2.5499999762384613,2.549999856313895,2.54999919636503,2.5499958695163025,2.5499805884626836,2.549916929227055,2.549677392781288,2.5488662508484703,2.54640203711718,2.5397020273004767,2.523419424642241,2.488039769892177,2.419137454064553,2.2982362456652408,2.1053913449800885,1.823369671636163
720.0,2.5499999999965226,2.5499999999876986,2.5499999999212792,2.549999999450826,2.549999996252998,2.549999975774435,2.549999853795144,2.5499991838242617,2.549995812675607,2.5499803554242466,2.5499160699198598,2.549674558119582,2.548857928028509,2.5463803927990982,2.539652395724664,2.523319475951856,2.4878635940356792,2.4188664308492793,2.2978735757055433,2.1049716470246103,1.822955365837777
721.0,2.549999999996417,2.549999999987352,2.5499999999192426,2.549999999437823,2.549999996172257,2.5499999753024154,2.549999851238081,2.5499991711170633,2.549995755186149,2.5499801201378847,2.549915203757841,2.5496717052699456,2.5488495638106237,2.5463586692189084,2.5396026404302345,2.523219379456155,2.4876873068967438,2.4185954184965697,2.2975110982287545,2.10455229963354,1.8225414868211953
722.0,2.549999999996308,2.549999999986997,2.5499999999171576,2.549999999424541,2.5499999960899604,2.549999974822285,2.5499998486422184,2.5499991582416452,2.5499956970421898,2.549979882587808,2.5499143307047114,2.5496688341658498,2.548841158107065,2.5463368663231463,2.5395527615043094,2.52311913546988,2.4875109089504557,2.4183244173575718,2.297148813124683,2.104133302172946,1.8221279980357017
723.0,2.549999999996196,2.5499999999866323,2.549999999915024,2.549999999410976,2.5499999960060817,2.549999974333923,2.5499998460070636,2.549999145196205,2.5499956382379576,2.5499796427581636,2.5499134507241146,2.549665944740787,2.54883271083036,2.546314984058929,2.53950275903456,2.523018744307527,2.4873344006704055,2.4180534277815218,2.2967867202826655,2.1037146540122675,1.8217148986294938
724.0,2.549999999996081,2.5499999999862584,2.5499999999128398,2.549999999397122,2.549999995920595,2.549999973837209,2.5499998433321194,2.5499991319789252,2.5499955787676454,2.5499794006330387,2.5499125637796305,2.5496630369282727,2.5488242218933053,2.5462930223739555,2.5394526331092027,2.522918206283342,2.4871577825286897,2.4177824501157517,2.296424819591574,2.1032963545223997,1.8213021877544384
725.0,2.549999999995964,2.5499999999858747,2.5499999999106047,2.5499999993829725,2.549999995833473,2.5499999733320213,2.5499998406168825,2.549999118587974,2.549995518625415,2.549979156196459,2.5499116698347724,2.549660110661847,2.5488156912089726,2.5462709812165034,2.539402383816997,2.5228175217113176,2.4869810549959173,2.4175114847057024,2.2960631109398255,2.1028784030756973,1.820889864566023
726.0,2.5499999999958427,2.5499999999854817,2.5499999999083167,2.5499999993685236,2.5499999957446886,2.5499999728182354,2.549999837860846,2.549999105021506,2.549995457805392,2.549978909432391,2.5499107688529894,2.5496571658750753,2.5488071186907075,2.54624886053543,2.53935201124724,2.5227166909051917,2.486804218541213,2.417240531894933,2.295701594215387,2.102460799045984,1.820477928223306
727.0,2.549999999995718,2.5499999999850775,2.5499999999059755,2.549999999353769,2.549999995654214,2.549999972295725,2.549999835063498,2.54999909127766,2.549995396301669,2.54997866032474,2.549909860797666,2.5496542025015483,2.548798504252129,2.5462266602801678,2.5393015154897625,2.5226157141784427,2.4866272736322212,2.416969592025131,2.2953402693057874,2.1020435418085563,1.8200663778888746
728.0,2.54999999999559,2.5499999999846636,2.549999999903579,2.549999999338703,2.5499999955620205,2.5499999717643638,2.5499998322243203,2.549999077354561,2.549995334108304,2.5499784088573514,2.549908945632123,2.5496512204748836,2.548789847807132,2.5462043804007246,2.5392508966349245,2.5225145918442875,2.4864502207351094,2.4166986654361233,2.294979136098122,2.101626630740191,1.8196552127287995
729.0,2.5499999999954586,2.5499999999842395,2.549999999901128,2.549999999323319,2.54999999546808,2.5499999712240236,2.5499998293427906,2.5499990632503207,2.5499952712193226,2.5499781550140086,2.549908023319618,2.5496482197287267,2.5487811492698853,2.5461820208476817,2.539200154773611,2.5224133242156803,2.4862730603145735,2.416427752465885,2.29461819447906,2.101210065219153,1.8192444319125938
730.0,2.549999999995323,2.5499999999838048,2.5499999998986196,2.549999999307612,2.549999995372364,2.5499999706745746,2.5499998264183805,2.5499990489630346,2.549995207628715,2.5499778987784367,2.549907093823345,2.549645200196753,2.5487724085548358,2.5461595815721925,2.5391492899972303,2.5223119116053057,2.486095792833839,2.4161568534505484,2.294257444334849,2.100793844625196,1.8188340346131706
731.0,2.549999999995184,2.5499999999833585,2.5499999998960527,2.5499999992915754,2.5499999952748427,2.5499999701158846,2.549999823450559,2.549999034490785,2.5499951433304378,2.5499776401343,2.5499061571064363,2.549642161812665,2.5487636255767043,2.546137062525978,2.539098302397705,2.5222103543255794,2.4859184187546703,2.4158859687244165,2.293896885551326,2.10037796833957,1.8184240200068054
732.0,2.549999999995041,2.5499999999829006,2.5499999998934277,2.5499999992752036,2.5499999951754866,2.5499999695478204,2.549999820438787,2.5499990198316373,2.549995078318413,2.549977379065202,2.5499052131319617,2.549639104510199,2.5487548002504905,2.5461144636613313,2.539047192067474,2.5221086526886447,2.4857409385373677,2.415615098619969,2.2935365180139193,2.099962435745024,1.8180143872730974
733.0,2.549999999994895,2.5499999999824308,2.5499999998907414,2.54999999925849,2.5499999950742653,2.549999968970248,2.5499998173825213,2.549999004983645,2.5499950125865287,2.5499771155546873,2.5499042618629297,2.54963602822312,2.54874593249147,2.546091784931109,2.5389959590994833,2.522006807006368,2.4855633526407774,2.4153442434678745,2.2931763416076554,2.099547246225814,1.817605135594933
734.0,2.5499999999947445,2.54999999998195,2.5499999998879934,2.549999999241428,2.5499999949711483,2.5499999683830312,2.5499998142812137,2.549998989944844,2.5499949461286384,2.5499768495862396,2.5499033032622886,2.549632932885226,2.548737022215196,2.5460690262887344,2.538944603587185,2.521904817590339,2.485385661522292,2.415073403597,2.292816356217166,2.0991323991676993,1.8171962641584505
735.0,2.549999999994589,2.5499999999814564,2.5499999998851823,2.5499999992240117,2.5499999948661043,2.549999967786032,2.549999811134311,2.5499989747132576,2.549994878938562,2.5499765811432846,2.549902337292925,2.549629818430348,2.548728069337501,2.5460461876881944,2.538893125624532,2.5218026847518655,2.4852078656378556,2.4148025793344177,2.2924565617266928,2.0987178939579536,1.8167877721530061
736.0,2.5499999999944305,2.549999999980951,2.5499999998823073,2.5499999992062348,2.5499999947591023,2.5499999671791103,2.549999807941253,2.5499989592868926,2.549994811010084,2.549976310209187,2.549901363917666,2.5496266847923508,2.548719073774495,2.546023269084037,2.538841525305974,2.521700408801972,2.485029965441968,2.4145317710054206,2.292096958020091,2.0983037299853633,1.8163796587711398
737.0,2.5499999999942675,2.5499999999804324,2.5499999998793665,2.5499999991880897,2.5499999946501095,2.5499999665621256,2.5499998047014767,2.5499989436637414,2.5499947423369544,2.549976036767251,2.549900383099279,2.5496235319051355,2.548710035442567,2.5460002704313713,2.538789802726455,2.5215979900513963,2.4848519613876894,2.414260978933526,2.291737544980837,2.097889906640231,1.8159719232085432
738.0,2.5499999999941,2.549999999979901,2.5499999998763583,2.5499999991695708,2.5499999945390948,2.5499999659349353,2.549999801414412,2.549998927841782,2.5499946729128906,2.5499757608007236,2.549899394800473,2.5496203597026375,2.548700954258387,2.5459771916858642,2.5387379579814078,2.5214954288105886,2.4846738539266413,2.4139902034404894,2.2913783224920308,2.097476423314376,1.8155645646640286
739.0,2.549999999993928,2.549999999979356,2.5499999998732816,2.5499999991506703,2.549999994426025,2.549999965297394,2.549999798079483,2.549998911818976,2.549994602731573,2.5499754822927905,2.5498983989838973,2.549617168118829,2.5486918301389014,2.545954032803739,2.5386859911667505,2.521392725389708,2.484495643509014,2.4137194448463117,2.2910192904364033,2.097063279401142,1.815157582339499
740.0,2.549999999993751,2.549999999978798,2.5499999998701357,2.5499999991313818,2.549999994310867,2.549999964649358,2.5499997946961104,2.5499988955932693,2.5499945317866493,2.5499752012265793,2.5498973956121445,2.54961395708772,2.5486826630013404,2.5459307937417757,2.538633902378883,2.5212898800986174,2.4843173305835693,2.413448703469248,2.29066044869632,2.0966504742953926,1.8147509754399191
741.0,2.5499999999935694,2.5499999999782257,2.5499999998669187,2.5499999991116975,2.5499999941935867,2.5499999639906776,2.5499997912637067,2.5499988791625956,2.5499944600717317,2.5499749175851583,2.5498963846477483,2.549610726543359,2.548673452763213,2.545907474457307,2.538581691714682,2.5211868932468855,2.4841389155976437,2.4131779796258197,2.2903017971537847,2.096238007393516,1.8143447431732846
742.0,2.5499999999933833,2.5499999999776395,2.5499999998636285,2.549999999091611,2.549999994074151,2.5499999633212047,2.5499997877816813,2.5499988625248715,2.549994387580397,2.5499746313515352,2.5498953660531862,2.549607476419833,2.5486641993423085,2.5458840749082183,2.5385293592714984,2.521083765143782,2.4839603989971533,2.4129072736308217,2.289943335690444,2.0958258780934247,1.813938884750597
743.0,2.549999999993191,2.5499999999770386,2.5499999998602645,2.549999999071115,2.5499999939525244,2.5499999626407868,2.5499997842494375,2.549998845677997,2.549994314306189,2.549974342508661,2.549894339790878,2.5496042066512694,2.548654902656699,2.545860595052944,2.5384769051471543,2.5209804960982747,2.483781781226596,2.4126365857973324,2.289585064187593,2.095414085794557,1.813533399385835
744.0,2.5499999999929948,2.549999999976423,2.5499999998568246,2.5499999990502014,2.5499999938286724,2.5499999619492724,2.549999780666372,2.549998828619858,2.549994240242615,2.5499740510394275,2.549893305823189,2.549600917171837,2.5486455626247375,2.545837034850469,2.5384243294399353,2.520877086419029,2.483603062729059,2.4123659164367233,2.2892269825261784,2.0950026298978788,1.8131282862959281
745.0,2.5499999999927923,2.549999999975792,2.549999999853308,2.5499999990288638,2.549999993702559,2.5499999612465056,2.5499997770318767,2.549998811348325,2.5499941653831484,2.549973756926666,2.5498922641124278,2.5495976079157456,2.5486361791650585,2.5458133942603225,2.5383716322485914,2.5207735364144024,2.4834242439462204,2.4120952658586665,2.2888690905868017,2.0945915098058814,1.8127235447007333
746.0,2.5499999999925853,2.549999999975146,2.549999999849712,2.5499999990070936,2.5499999935741484,2.549999960532331,2.5499997733453377,2.549998793861252,2.5499940897212277,2.549973460153151,2.549891214620847,2.5495942788172474,2.5486267521965793,2.5457896732425813,2.5383188136723303,2.5206698463924453,2.4832453253183524,2.411824634371147,2.2885113882497263,2.094180724922585,1.8123191738230078
747.0,2.5499999999923713,2.549999999974484,2.5499999998460368,2.549999998984883,2.5499999934434046,2.549999959806591,2.549999769606135,2.549998776156478,2.5499940132502568,2.5499731607015974,2.5498901573106467,2.5495909298106385,2.5486172816384998,2.545765871757865,2.538265873810814,2.520566016660898,2.483066307284327,2.411554022280468,2.288153875394878,2.0937702746535356,1.8119151728883842
748.0,2.5499999999921528,2.5499999999738057,2.5499999998422793,2.549999998962224,2.54999999331029,2.549999959069125,2.5499997658136433,2.549998758231828,2.549993935963604,2.549972858554663,2.5498890921439714,2.549587560830258,2.548607767410303,2.545741989767335,2.5382128127641566,2.520462047527187,2.482887190281619,2.411283429891264,2.28779655190185,2.093360158405806,1.8115115411253515
749.0,2.5499999999919294,2.54999999997311,2.5499999998384384,2.54999999893911,2.549999993174768,2.5499999583197717,2.549999761967232,2.549998740085108,2.549993857854602,2.5499725536949445,2.549888019082912,2.5495841718104924,2.548598209431755,2.545718027232693,2.538159630632917,2.520357939298423,2.4827079747463103,2.411012857506505,2.2874394176499098,2.092950375587997,1.811108277765226
750.0,2.5499999999916994,2.549999999972398,2.549999999834512,2.5499999989155313,2.5499999930368,2.5499999575583674,2.5499997580662646,2.549998721714111,2.5499937789165505,2.5499722461049843,2.5498869380895055,2.5495807626857716,2.5485886076229054,2.545693984116179,2.5381063275181006,2.520253692281401,2.4825286611130934,2.41074230542751,2.287082472517996,2.0925409256102334,1.810705382042133
751.0,2.549999999991464,2.5499999999716687,2.549999999830499,2.5499999988914803,2.5499999928963475,2.549999956784747,2.5499997541100967,2.549998703116613,2.5499936991427115,2.5499719357672643,2.5498858491257375,2.5495773333905736,2.5485789619040875,2.5456698603805705,2.5380529035211503,2.520149306782595,2.4823492498152766,2.4104717739539527,2.2867257163847294,2.0921318078841664,1.8103028531929841
752.0,2.549999999991221,2.5499999999709217,2.549999999826397,2.549999998866949,2.5499999927533716,2.549999955998743,2.5499997500980816,2.549998684290374,2.5499936185263143,2.5499716226642084,2.5498847521535417,2.5495738838594235,2.548569272195919,2.5456456559891807,2.5379993587439467,2.5200447831081583,2.4821697412847867,2.4102012633838727,2.286369149128413,2.091723021822971,1.8099006904574542
753.0,2.5499999999909715,2.549999999970156,2.5499999998222047,2.549999998841928,2.549999992607834,2.549999955200187,2.549999746029564,2.5499986652331383,2.5499935370605518,2.5499713067781844,2.5498836471347985,2.5495704140268938,2.5485595384193025,2.545621370905854,2.537945693288801,2.51994012156392,2.4819901359521723,2.4099307740136826,2.286012770627034,2.091314566841345,1.8094988930779623
754.0,2.549999999990716,2.5499999999693728,2.5499999998179206,2.5499999988164093,2.5499999924596928,2.549999954388908,2.549999741903883,2.549998645942634,2.5499934547385816,2.5499709880915,2.549882534031337,2.5495669238276073,2.5485497604954244,2.5455970050949692,2.5378919072584547,2.519835322455381,2.4818104342466105,2.409660306138176,2.285656580758272,2.090906442355508,1.8090974602996504
755.0,2.549999999990454,2.54999999996857,2.5499999998135428,2.5499999987903843,2.5499999923089085,2.5499999535647335,2.5499997377203734,2.5499986264165737,2.5499933715535263,2.5499706665864075,2.549881412804938,2.5495634131962364,2.5485399383457557,2.5455725585214335,2.5378380007560732,2.5197303860877174,2.4816306365959075,2.4093898600505392,2.2853005793994976,2.0904986477831997,1.8086963913703633
756.0,2.549999999990185,2.5499999999677483,2.549999999809068,2.549999998763843,2.54999999215544,2.549999952727488,2.549999733478362,2.549998606652653,2.549993287498473,2.549970342245101,2.5498802834173286,2.5495598820675034,2.548530071892055,2.5455480311506844,2.537783973885245,2.5196253127657724,2.4814507434265054,2.4091194360423573,2.2849447664277793,2.090091182543679,1.8082956855406294
757.0,2.5499999999899083,2.549999999966907,2.5499999998044967,2.5499999987367774,2.549999991999246,2.549999951876996,2.5499997291771708,2.5499985866485524,2.5499932025664744,2.5499700150497175,2.5498791458301886,2.5495563303761832,2.5485201610563633,2.5455234229486834,2.537729826749975,2.5195201027940586,2.481270755163484,2.408849034403623,2.284589141719886,2.0896840460577213,1.8078953420636419
758.0,2.5499999999896255,2.549999999966045,2.549999999799825,2.549999998709178,2.549999991840284,2.549999951013078,2.5499997248161153,2.5499985664019356,2.5499931167505467,2.549969684982336,2.5498780000051475,2.549552758057102,2.5485102057610094,2.54549873388192,2.5376755594546827,2.5194147564767544,2.4810906722305655,2.4085786554227466,2.2842337051522885,2.089277237747617,1.807495360195239
759.0,2.549999999989335,2.549999999965163,2.549999999795052,2.549999998681036,2.5499999916785114,2.549999950135555,2.5499997203945046,2.5499985459104497,2.5499930300436713,2.5499693520249793,2.5498768459037873,2.5495491650451383,2.5485002059286064,2.545473963917405,2.5376211721042,2.5193092741177,2.480910495050119,2.4083082993865625,2.283878456601166,2.08887075703717,1.8070957391938862
760.0,2.549999999989037,2.5499999999642595,2.5499999997901757,2.549999998652342,2.549999991513885,2.5499999492442433,2.549999715911642,2.549998525171725,2.549992942438794,2.5499690161596127,2.549875683487639,2.5495455512752265,2.5484901614820554,2.545449113022671,2.537566664803763,2.519203656020399,2.480730224043163,2.4080379665803386,2.2835233959424066,2.088464603351694,1.8066964783206583
761.0,2.5499999999887306,2.5499999999633345,2.549999999785193,2.5499999986230852,2.549999991346361,2.549999948338959,2.5499997113668256,2.549998504183378,2.549992853928826,2.5499686773681445,2.549874512718188,2.5495419166823545,2.5484800723445424,2.5454241811657727,2.537512037659015,2.5190979024880154,2.4805498596293716,2.4077676572877853,2.283168523051612,2.088058776118014,1.8062975768392218
762.0,2.549999999988417,2.5499999999623872,2.549999999780103,2.5499999985932567,2.5499999911758966,2.5499999474195154,2.5499997067593454,2.549998482943006,2.549992764506641,2.549968335632428,2.549873333556871,2.5495382612015645,2.54846993843954,2.5453991683152806,2.5374572907759965,2.518992013823368,2.480369402227077,2.407497371791063,2.282813837804102,2.0876532747644583,1.8058990340158176
763.0,2.5499999999880956,2.549999999961418,2.5499999997749034,2.5499999985628463,2.5499999910024442,2.5499999464857246,2.549999702088486,2.5499984614481908,2.549992674165079,2.549967990934258,2.5498721459650797,2.5495345847679562,2.5484597596908083,2.545374074440283,2.537402424261146,2.5188859903289353,2.4801888522532716,2.4072271103707896,2.282459340074915,2.0872480987208606,1.8055008491192432
764.0,2.549999999987765,2.5499999999604257,2.549999999769593,2.5499999985318444,2.5499999908259605,2.549999945537396,2.5499996973535266,2.5499984396964965,2.549992582896944,2.549967643255374,2.5498709499041574,2.5495308873166858,2.548449536022394,2.5453488995103815,2.537347438221295,2.5187798323068478,2.480008210123615,2.406956873306051,2.282105029738812,2.086843247418556,1.8051030214208375
765.0,2.5499999999874268,2.54999999995941,2.5499999997641676,2.5499999985002404,2.5499999906463993,2.5499999445743375,2.549999692553739,2.5499984176854733,2.549992490695004,2.5499672925774584,2.5498697453354033,2.5495271687829666,2.5484392673586305,2.5453236434956934,2.537292332763666,2.518673540058889,2.4798274762524373,2.4066866608744064,2.2817509066702817,2.086438720290378,1.804705550194463
766.0,2.549999999987079,2.549999999958371,2.5499999997586267,2.549999998468025,2.5499999904637125,2.5499999435963545,2.5499996876883886,2.549998395412652,2.549992397551992,2.5499669388821387,2.5498685322200694,2.549523429102071,2.5484289536241396,2.545298306366846,2.5372371079958658,2.518567113886493,2.4796466510527413,2.406416473351899,2.2813969707435406,2.0860345167706558,1.8043084347164904
767.0,2.5499999999867233,2.5499999999573064,2.549999999752967,2.5499999984351867,2.5499999902778536,2.54999994260325,2.5499996827567344,2.5499983728755478,2.5499923034606042,2.549966582150985,2.549867310519364,2.5495196682093297,2.548418594743829,2.545272888094976,2.5371817640258856,2.5184605540907423,2.4794657349362073,2.4061463110130625,2.2810432218325394,2.085630636295212,1.803911674265783
768.0,2.5499999999863587,2.5499999999562175,2.549999999747187,2.5499999984017148,2.549999990088775,2.549999941594826,2.5499996777580307,2.5499983500716583,2.549992208413503,2.549966222365513,2.549866080194451,2.5495158860401332,2.5484081906428955,2.5452473886517284,2.537126300962095,2.5183538609723666,2.4792847283131976,2.405876174130929,2.2806896598109634,2.085227078301359,1.803515268123681
769.0,2.5499999999859844,2.5499999999551033,2.5499999997412837,2.549999998367599,2.5499999898964294,2.549999940570881,2.5499996726915235,2.549998326998467,2.5499921124033134,2.5499658595071812,2.5498648412064497,2.549512082529934,2.5483977412468217,2.5452218080092552,2.5370707189132404,2.51824703483174,2.4791036315927597,2.4056060629770384,2.2803362845522366,2.0848238422278964,1.803119215573985
770.0,2.5499999999856007,2.549999999953963,2.549999999735255,2.549999998332828,2.5499999897007655,2.5499999395312125,2.5499996675564525,2.549998303653436,2.5499920154226254,2.549965493557394,2.549863593516437,2.549508257614244,2.548387246481381,2.5451961461402126,2.537015017988441,2.518140075968881,2.47892244518263,2.405335977821446,2.279983095929526,2.084420927515109,1.8027235159029429
771.0,2.549999999985207,2.549999999952796,2.549999999729099,2.549999998297391,2.5499999895017353,2.549999938475616,2.5499996623520507,2.549998280034015,2.549991917463994,2.5499651244974992,2.549862337085445,2.5495044112286394,2.5483767062726317,2.5451704030177593,2.5369591982971857,2.5180329846834493,2.478741169489239,2.4050659189327273,2.2796300938157428,2.08401833360476,1.8023281683992347
772.0,2.549999999984803,2.549999999951601,2.549999999722813,2.549999998261277,2.5499999892992884,2.549999937403884,2.549999657077546,2.5499982561376338,2.549991818519936,2.54996475230879,2.5498610718744654,2.549500543308756,2.5483661205469224,2.545144578615556,2.5369032599493284,2.5179257612747445,2.4785598049177127,2.4047958865779915,2.2792772780835464,2.083616059940094,1.8019331723539573
773.0,2.5499999999843896,2.5499999999503795,2.5499999997163942,2.5499999982244734,2.549999989093373,2.5499999363158072,2.549999651732158,2.5499982319617054,2.5499917185829353,2.549964376972504,2.5498597978444475,2.549496653790296,2.548355489230889,2.545118672907761,2.5368472030550864,2.517818406041706,2.4783783518718794,2.4045258810228827,2.2789246486053467,2.0832141059658253,1.8015385270606088
774.0,2.5499999999839655,2.5499999999491294,2.549999999709841,2.54999999818697,2.5499999888839384,2.5499999352111735,2.5499996463151007,2.549998207503627,2.5499916176454382,2.549963998469824,2.549858514956298,2.549492742609025,2.5483448122514565,2.5450926858690335,2.5367910277250365,2.5177109192829086,2.4781968107542713,2.4042559025315944,2.278572205253308,2.082812471128143,1.8011442318150779
775.0,2.549999999983531,2.5499999999478504,2.5499999997031497,2.5499999981487553,2.549999988670933,2.5499999340897697,2.549999640825581,2.5499981827607776,2.5499915156998556,2.549963616781878,2.549857223170884,2.549488809700772,2.548334089535838,2.5450666174745264,2.536734734070112,2.5176033012965626,2.4780151819661285,2.4039859513668715,2.278219947899352,2.082411154874702,1.8007502859156266
776.0,2.549999999983086,2.549999999946542,2.5499999996963183,2.549999998109816,2.5499999884543025,2.5499999329513803,2.5499996352627994,2.5499981577305184,2.549991412738563,2.549963231889739,2.54985592244903,2.5494848550014337,2.5483233210115355,2.545040467699888,2.536678322201597,2.5174955523805127,2.4778334659074046,2.403716027790021,2.2778678764151596,2.0820101566546216,1.800356688662879
777.0,2.549999999982629,2.5499999999452037,2.549999999689344,2.5499999980701404,2.5499999882339948,2.549999931795786,2.5499996296259493,2.5499981324101952,2.5499913087538992,2.5499628437744266,2.549854612751524,2.549480878446972,2.5483125066063383,2.5450142365212582,2.536621792231128,2.5173876728322346,2.4776516629767684,2.403446132060919,2.2775159906721756,2.081609475918482,1.7999634393598056
778.0,2.5499999999821616,2.549999999943834,2.5499999996822242,2.5499999980297163,2.5499999880099553,2.5499999306227674,2.549999623914217,2.549998106797135,2.549991203738167,2.549962452416904,2.5498532940391105,2.549476879973416,2.5483016462483272,2.544987923915269,2.5365651442706865,2.517279662948835,2.477469773571611,2.403176264438017,2.27716429054161,2.081209112118321,1.7995705373117123
779.0,2.5499999999816816,2.5499999999424334,2.5499999996749563,2.5499999979885315,2.5499999877821287,2.5499999294321016,2.549999618126783,2.549998080888648,2.5499910976836353,2.549962057798082,2.549851966272498,2.5494728595168628,2.5482907398658687,2.544961529859041,2.5365083784325977,2.5171715230270504,2.4772877980880432,2.402906425178352,2.276812775894441,2.0808090647076285,1.7991779818262246
780.0,2.549999999981191,2.549999999941001,2.5499999996675378,2.549999997946573,2.5499999875504606,2.549999928223563,2.5499996122628215,2.5499980546820273,2.5499909905825344,2.549961659898817,2.5498506294123544,2.549468817013478,2.548279787387621,2.5449350543301827,2.536451494829526,2.517063253363243,2.4771057369209077,2.4026366145375513,2.2764614466014206,2.0804093331413442,1.7987857722132774
781.0,2.549999999980688,2.5499999999395353,2.549999999659965,2.5499999979038286,2.5499999873148944,2.5499999269969256,2.5499996063214967,2.549998028174547,2.5499908824270596,2.54996125869991,2.549849283419312,2.549464752399495,2.5482687887425293,2.544908497306788,2.536394493574473,2.5169548542534033,2.476923590463776,2.402366832769841,2.276110302533074,2.080009916881119,1.7983940118804231
782.0,2.549999999980173,2.549999999938037,2.5499999996522362,2.5499999978602848,2.549999987075373,2.5499999257519583,2.549999600301969,2.5499980013634653,2.5499907732093705,2.54996085418211,2.5498479282539623,2.5494606656112198,2.548257743859829,2.544881858767435,2.5363373747807736,2.516846325993144,2.476741359108955,2.402097080128054,2.2757593435597063,2.0796108154107156,1.798002599528824
783.0,2.549999999979643,2.549999999936504,2.549999999644348,2.5499999978159282,2.54999998683184,2.54999992448843,2.549999594203391,2.5499979742460215,2.5499906629215907,2.5499604463261116,2.5498465638768626,2.5494565565850253,2.548246652669045,2.544855138691184,2.536280138562094,2.5167376688777034,2.4765590432474927,2.4018273568636355,2.2754085695514155,2.0792120282195654,1.7976115344124575
784.0,2.549999999979102,2.5499999999349363,2.549999999636297,2.5499999977707466,2.5499999865842358,2.549999923206106,2.5499995880249076,2.549997946819439,2.5499905515558074,2.5499600351125555,2.549845190248531,2.5494524252573587,2.5482355150999894,2.5448283370575764,2.536222785032427,2.51662888320194,2.4763766432691776,2.401557663226652,2.275057980378099,2.0788135547974402,1.7972208157897238
785.0,2.5499999999785468,2.549999999933333,2.5499999996280804,2.549999997724725,2.5499999863325025,2.54999992190475,2.549999581765658,2.549997919080922,2.5499904391040724,2.5499596205220296,2.5498438073294523,2.5494482715647377,2.548224331082765,2.5448014538466324,2.53616531430609,2.516519969260333,2.476194159562546,2.4012879994657994,2.27470757590947,2.078415394634489,1.7968304429233408
786.0,2.549999999977978,2.5499999999316945,2.549999999619696,2.549999997677851,2.54999998607658,2.5499999205841233,2.5499995754247724,2.5499978910276573,2.5499903255584,2.5499592025350686,2.5498424150800725,2.549444095443752,2.5482131005477635,2.5447744890388493,2.5361077264977214,2.51641092734698,2.476011592514884,2.4010183658284063,2.274357356015065,2.078017547221269,1.7964404150802415
787.0,2.5499999999773952,2.5499999999300185,2.5499999996111393,2.5499999976301093,2.549999985816408,2.5499999192439837,2.549999569001376,2.5499978626568143,2.54999021091077,2.5499587811321542,2.5498410134608056,2.549439896831064,2.548201823425667,2.5447474426152,2.5360500217222772,2.516301757755598,2.4758289425122335,2.4007487625604456,2.2740073205642526,2.0776200120487807,1.7960507315314798
788.0,2.5499999999767993,2.5499999999283047,2.5499999996024085,2.5499999975814873,2.5499999855519264,2.549999917884088,2.549999562494585,2.549997833965544,2.549990095153126,2.549958356293715,2.5498396024320287,2.5494356756634122,2.5481904996474443,2.544720314557131,2.5359922000950292,2.5161924607795187,2.4756462099393928,2.4004791899065374,2.273657469426243,2.0772227886084953,1.795661391552136
789.0,2.5499999999761878,2.549999999926553,2.5499999995934997,2.5499999975319696,2.5499999852830726,2.549999916504189,2.5499995559035096,2.54999780495098,2.5499899782773747,2.5499579280001274,2.5498381819540854,2.5494314318776077,2.548179129144355,2.5446931048465613,2.5359342617315597,2.516083036711689,2.475463395179922,2.4002096481099606,2.273307802470095,2.0768258763923875,1.795272394421229
790.0,2.549999999975562,2.5499999999247613,2.54999999958441,2.5499999974815415,2.5499999850097836,2.549999915104039,2.5499995492272527,2.5499977756102377,2.549989860275387,2.549957496231715,2.549836751987286,2.549427165410537,2.548167711847949,2.54466581346588,2.5358762067477607,2.515973485844671,2.4752804986161467,2.3999401374126568,2.2729583195647236,2.076429274892961,1.7948837394216324
791.0,2.5499999999749208,2.54999999992293,2.549999999575136,2.5499999974301897,2.549999984731998,2.549999913683386,2.54999954246491,2.5499977459404146,2.5499897411389982,2.549957060968748,2.5498353124919073,2.549422876199163,2.5481562476900637,2.5446384403979456,2.535818035259831,2.5158638084706366,2.4750975206291628,2.399670658055238,2.2726090205789062,2.0760329836032767,1.7944954258399912
792.0,2.5499999999742644,2.5499999999210576,2.5499999995656744,2.5499999973778973,2.54999998444965,2.5499999122419763,2.549999535615569,2.5499977159385905,2.549989620860007,2.5499566221914467,2.549833863428193,2.5494185641805243,2.5481447366028256,2.544610985626083,2.5357597473842706,2.515754004881372,2.4749144615988374,2.399401210276994,2.2722599053812855,2.07563700201698,1.794107452966648
793.0,2.5499999999735925,2.549999999919144,2.5499999995560216,2.549999997324651,2.5499999841626755,2.549999910779554,2.5499995286783106,2.549997685601826,2.549989499430175,2.549956179879978,2.549832404756355,2.5494142292917363,2.5481331785186527,2.5445834491340813,2.5357013432378794,2.5156440753682716,2.4747313219038154,2.3991317943159,2.2719109738403787,2.075241329628323,1.7937198200955657
794.0,2.549999999972904,2.5499999999171874,2.549999999546175,2.549999997270435,2.5499999838710092,2.549999909295861,2.54999952165221,2.5499976549271643,2.5499893768412303,2.549955734014456,2.5498309364365728,2.549409871469994,2.548121573370249,2.544555830906196,2.5356428229377563,2.515534020222338,2.4745481019215223,2.3988624104086225,2.2715622258245802,2.074845965932192,1.793332526524256
795.0,2.549999999972199,2.549999999915188,2.5499999995361295,2.5499999972152327,2.549999983574585,2.5499999077906343,2.5499995145363314,2.5499976239116307,2.549989253084862,2.549955284574945,2.549829458428995,2.5494054906525685,2.5481099210906115,2.5445281309271417,2.5355841866012914,2.5154238397341837,2.474364802028168,2.3985930587905258,2.271213661202165,2.074450910424127,1.7929455715537144
796.0,2.549999999971477,2.5499999999131444,2.5499999995258826,2.5499999971590297,2.5499999832733353,2.5499999062636114,2.5499995073297343,2.5499975925522325,2.5499891281527245,2.5499548315414566,2.54982797069374,2.5494010867768093,2.5480982216130235,2.5445003491820937,2.535525434346167,2.515313534194026,2.474181422598748,2.3983237396956807,2.2708652798412947,2.0740561626003435,1.7925589544883507
797.0,2.549999999970739,2.549999999911056,2.549999999515431,2.5499999971018092,2.549999982967193,2.549999904714525,2.54999950003147,2.549997560845957,2.549989002036436,2.5499543748939506,2.549826473190895,2.549396659780149,2.5480864748710577,2.5444724856566876,2.5354665662903533,2.515203103891686,2.473997964007052,2.3980544533568704,2.270517081610018,2.073661721957757,1.7921726746359306
798.0,2.549999999969982,2.5499999999089207,2.54999999950477,2.549999997043556,2.549999982656089,2.549999903143107,2.5499994926405822,2.549997528789775,2.5499888747275783,2.5499539146123373,2.5498249658805174,2.5493922096000965,2.548074680798578,2.5444445403370137,2.535407582552105,2.515092549116592,2.4738144266256636,2.3977852000055964,2.2701690663762775,2.073267587994001,1.7917867313075098
799.0,2.5499999999692076,2.5499999999067393,2.5499999994938967,2.549999996984252,2.549999982339955,2.5499999015490853,2.5499994851561074,2.5499974963806387,2.5499887462176973,2.549953450676475,2.549823448722636,2.549387736174244,2.5480628393297344,2.5444165132096175,2.5353484832499604,2.514981870157774,2.4736308108259655,2.3975159798720878,2.269821234007909,2.072873760207445,1.791401123817382
800.0,2.549999999968415,2.54999999990451,2.5499999994828073,2.5499999969238827,2.549999982018719,2.549999899932185,2.5499994775770736,2.5499974636154805,2.549988616498302,2.549952983066171,2.549821921677249,2.5493832394402633,2.5480509503989683,2.5443884042614995,2.5352892685027357,2.5148710673038637,2.4734471169781433,2.397246793185305,2.269473584372645,2.0724802380972136,1.791015851483019
801.0,2.549999999967604,2.549999999902232,2.5499999994714972,2.54999999686243,2.5499999816923102,2.54999989829213,2.5499994699025024,2.5499974304912163,2.5499884855608657,2.5499525117611817,2.5498203847043284,2.54937871933591,2.5480390139410085,2.5443602134801098,2.535229938429525,2.5147601408430935,2.4732633454511883,2.396977640172949,2.2691261173381183,2.072087021163205,1.7906309136250202
802.0,2.549999999966772,2.549999999899904,2.5499999994599634,2.549999996799877,2.549999981360658,2.5499998966286404,2.5499994621314075,2.5499973970047414,2.5499883533968255,2.5499520367412134,2.5498188377638162,2.54937417579902,2.548027029890873,2.5443319408533505,2.5351704931496943,2.5146490910632964,2.473079496612902,2.396708521061467,2.2687788327718628,2.071694108906108,1.7902463095670587
803.0,2.549999999965922,2.5499999998975253,2.549999999448201,2.5499999967362057,2.54999998102369,2.5499998949414335,2.549999454262794,2.549997363152934,2.5499882199975823,2.5499515579859224,2.5498172808156285,2.549369608767515,2.54801499818387,2.54430358636957,2.535110932782881,2.5145379182519036,2.472895570829901,2.3964394360760592,2.2684317305413146,2.0713015008274147,1.789862038635833
804.0,2.5499999999650513,2.5499999998950953,2.5499999994362077,2.5499999966714,2.5499999806813314,2.549999893230225,2.549999446295661,2.549997328932653,2.5499880853545016,2.549951075474915,2.5498157138196538,2.549365018179399,2.5480029187555937,2.5442751500175644,2.5350512574489925,2.514426622695944,2.4727115684676164,2.396170385440686,2.2680848105138156,2.0709091964294393,1.7894781001610203
805.0,2.549999999964161,2.549999999892613,2.549999999423978,2.5499999966054414,2.5499999803335083,2.549999891494727,2.5499994382289977,2.5499972943407387,2.5499879494589104,2.5499505891877456,2.549814136735753,2.5493604039727606,2.5479907915419293,2.5442466317865757,2.534991467268198,2.5143152046820427,2.472527489890302,2.3959013693780737,2.267738072556613,2.0705171952153316,1.7890944934752295
806.0,2.5499999999632488,2.549999999890076,2.549999999411507,2.549999996538311,2.549999979980145,2.5499998897346488,2.549999430061788,2.5499972593740137,2.5499878123021027,2.5499500991039206,2.5498125495237627,2.5493557660857733,2.5479786164790488,2.5442180316662864,2.5349315623609314,2.5142036644964225,2.4723433354610362,2.3956323881097212,2.2673915165368626,2.070125496689089,1.7887112179139584
807.0,2.549999999962316,2.549999999887485,2.5499999993987927,2.5499999964699924,2.549999979621167,2.549999887949697,2.5499994217930055,2.5499972240292803,2.549987673875333,2.549949605202897,2.549810952143493,2.5493511044566954,2.5479663935034145,2.5441893496468224,2.5348715428478847,2.5140920024248983,2.4721591055417247,2.395363441855909,2.2670451423216273,2.069734100355573,1.7883282728155483
808.0,2.5499999999613614,2.5499999998848377,2.549999999385829,2.549999996400466,2.549999979256496,2.5499998861395765,2.5499994134216175,2.549997188303323,2.549987534169822,2.5499491074640814,2.5498093445547294,2.5493464190238737,2.5479541225517757,2.544160585718749,2.534811408850008,2.513980218752881,2.471974800493106,2.395094530835701,2.2666989497778807,2.069343005720519,1.7879456575211474
809.0,2.5499999999603844,2.549999999882134,2.549999999372613,2.549999996329713,2.549999978886055,2.549999884303987,2.549999404946583,2.5499971521929075,2.549987393176754,2.549948605866831,2.5498077267172317,2.5493417097257387,2.5479418035611694,2.5441317398730683,2.534751160488505,2.5138683137653732,2.4717904206747527,2.3948256552669553,2.2663529387725063,2.06895221229055,1.7875633713746684
810.0,2.5499999999593843,2.549999999879372,2.549999999359139,2.549999996257715,2.549999978509765,2.5499998824426284,2.5499993963668537,2.5499971156947794,2.549987250887276,2.5499481003904547,2.549806098590737,2.5493369765008094,2.5479294364689222,2.5441028121012215,2.5346907978848305,2.5137562877469692,2.471605966445078,2.3945568153663292,2.2660071091723,2.068561719573186,1.7871814137227504
811.0,2.549999999958362,2.54999999987655,2.549999999345403,2.5499999961844524,2.5499999781275466,2.549999880555196,2.549999387681372,2.549997078805667,2.5499871072925,2.549947591014212,2.5498044601349577,2.5493322192876935,2.5479170212126476,2.544073802395082,2.5346303211606886,2.513644140981855,2.471421438161337,2.3942880113492855,2.2656614608439694,2.0681715270768573,1.786799783914724
812.0,2.549999999957315,2.5499999998736684,2.5499999993314004,2.5499999961099054,2.5499999777393194,2.5499998786413816,2.5499993788890727,2.5499970415222784,2.5499869623834996,2.5499470777173143,2.5498028113095828,2.5493274380250863,2.547904557730247,2.544044710746958,2.5345697304380286,2.513531873753807,2.4712368361796306,2.3940192434300984,2.265315993654135,2.0677816343109128,1.7864184813025739
813.0,2.5499999999562437,2.549999999870726,2.5499999993171274,2.549999996034055,2.549999977345002,2.5499998767008756,2.5499993699888845,2.5499970038413036,2.549986816151316,2.5499465604789235,2.549801152074279,2.549322632651772,2.547892045959911,2.5440155371495887,2.534509025839044,2.51341948634619,2.47105216085491,2.393750511821861,2.264970707469331,2.067392040785631,1.786037505240905
814.0,2.5499999999551473,2.5499999998677203,2.5499999993025786,2.549999995956881,2.5499999769445125,2.549999874733365,2.549999360979725,2.549996965759412,2.5499866685869503,2.549946039278153,2.549799482388691,2.5493178031066233,2.547879485840115,2.5439862815961414,2.5344482074861676,2.5133069790419578,2.4708674125409806,2.3934818167364913,2.2646256021560056,2.0670027460122293,1.7856568550869114
815.0,2.549999999954027,2.5499999998646503,2.549999999287749,2.5499999958783635,2.5499999765377668,2.5499998727385336,2.5499993518605057,2.5499969272732566,2.5499865196813705,2.5499455140940697,2.5497978022124412,2.5493129493286055,2.5478668773096245,2.5439569440802146,2.5343872755020715,2.5131943521236515,2.4706825915905037,2.3932131583847362,2.2642806775805218,2.06661374950287,1.7852765302003413
816.0,2.54999999995288,2.549999999861516,2.549999999272634,2.5499999957984807,2.549999976124682,2.549999870716063,2.54999934263013,2.5499968883794684,2.549986369425506,2.5499449849056908,2.5497961115051306,2.549308071256772,2.5478542203074905,2.543927524595829,2.5343262300096616,2.5130816058733987,2.4704976983550013,2.3929445369761826,2.263935933609159,2.0662250507706723,1.7848965299434676
817.0,2.549999999951708,2.549999999858315,2.549999999257229,2.5499999957172133,2.5499999757051732,2.549999868665631,2.5499993332874924,2.5499968490746605,2.549986217810252,2.549944451691986,2.54979441022634,2.5493031688302685,2.547841514773053,2.5438980231374333,2.534265071132078,2.512968740572914,2.47031273318486,2.3926759527192587,2.26359137010811,2.0658366493297198,1.7845168536810576
818.0,2.5499999999505083,2.549999999855047,2.549999999241529,2.549999995634539,2.5499999752791536,2.549999866586913,2.5499993238314778,2.5499968093554277,2.5499860648264665,2.549943914431878,2.5497926983356285,2.549298241988332,2.5478287606459373,2.543868439699898,2.5342037989926904,2.5128557565034955,2.4701276964293335,2.3924074058212437,2.2632469869434857,2.0654485446950646,1.7841375007803453
819.0,2.5499999999492813,2.5499999998517096,2.5499999992255287,2.5499999955504364,2.5499999748465365,2.5499998644795805,2.5499993142609663,2.5499967692183434,2.549985910464972,2.5499433731042416,2.5497909757925368,2.549293290670291,2.5478159578660557,2.5438387742785147,2.534142413715096,2.5127426539460265,2.469942588436547,2.392138896488271,2.262902783981314,2.065060736382738,1.7837584706110001
820.0,2.5499999999480267,2.5499999998483025,2.549999999209223,2.5499999954648853,2.5499999744072346,2.5499998623433036,2.549999304574827,2.549996728659963,2.5499857547165536,2.5499428276879046,2.549789242556585,2.549288314815569,2.5478031063736086,2.5438090268689946,2.5340809154231163,2.512629433180975,2.469757409553501,2.3918704249253375,2.262558761087539,2.064673223909754,1.7833797625451038
821.0,2.5499999999467433,2.5499999998448235,2.5499999991926074,2.5499999953778634,2.5499999739611585,2.5499998601777483,2.5499992947719217,2.5499966876768227,2.5499855975719625,2.549942278161648,2.549787498587274,2.5492833143636804,2.54779020610908,2.543779197467468,2.5340193042407955,2.5125160944883906,2.469572160126073,2.391601991336306,2.2622149181280227,2.06428600679412,1.78300137595712
822.0,2.549999999945431,2.549999999841272,2.5499999991756757,2.5499999952893484,2.5499999735082186,2.549999857982578,2.549999284851104,2.5499966462654386,2.5499854390219117,2.5499417245042046,2.549785743844087,2.5492782892542336,2.5477772570132444,2.5437492860704793,2.5339575802923977,2.5124026381479045,2.4693868404990242,2.391333595923915,2.261871254968545,2.063899084554836,1.7826233102238722
823.0,2.54999999994409,2.549999999837646,2.5499999991584232,2.5499999951993173,2.549999973048325,2.5499998557574526,2.549999274811219,2.549996604422307,2.5499852790570796,2.5499411666942624,2.549783978286489,2.549273239426933,2.5477642590271588,2.54371929267499,2.5338957437024043,2.5122890644387303,2.469201451015999,2.391065238889782,2.261527771474805,2.0635124567119085,1.7822455647245157
824.0,2.549999999942717,2.549999999833945,2.5499999991408444,2.549999995107748,2.549999972581385,2.5499998535020283,2.5499992646511016,2.5499965621439067,2.5499851176681068,2.5499406047104607,2.549782201873926,2.5492681648215747,2.5477512120921677,2.5436892172783727,2.533833794595511,2.5121753736396624,2.469015992019533,2.3907969204344095,2.26118446751242,2.063126122786347,1.7818681388405164
825.0,2.549999999941313,2.5499999998301663,2.5499999991229334,2.5499999950146175,2.5499999721073063,2.5499998512159605,2.5499992543695815,2.5499965194266947,2.5499849548455997,2.549940038531395,2.5497804145658285,2.549263065378054,2.547738116149901,2.5436590598784115,2.5337717330966263,2.5120615660290744,2.4688304638510505,2.390528640757192,2.260841342946927,2.0627400823001754,1.781491031955625
826.0,2.5499999999398777,2.5499999998263094,2.549999999104685,2.549999994919902,2.5499999716259953,2.5499998488988984,2.549999243965478,2.5499964762671095,2.549984790580128,2.5499394681356122,2.5497786163216096,2.5492579410363594,2.5477249711422756,2.543628820473302,2.5337095593308683,2.51194764188492,2.4686448668508767,2.390260400056423,2.260498397643783,2.062354334776433,1.7811142434558551
827.0,2.5499999999384113,2.5499999998223726,2.5499999990860935,2.5499999948235783,2.549999971137357,2.549999846550491,2.5499992334376023,2.5499964326615707,2.5499846248622244,2.5499388935016154,2.549776807100666,2.5492527917365755,2.5477117770114903,2.5435984990616465,2.533647273423562,2.511833601484731,2.468459201358231,2.3899921985292973,2.2601556314683653,2.0619688797391804,1.7807377727294633
828.0,2.5499999999369116,2.549999999818355,2.549999999067153,2.5499999947256224,2.549999970641295,2.549999844170383,2.5499992227847565,2.549996388606477,2.5499844576823874,2.5499383146078602,2.5497749868623787,2.549247617418885,2.547698533700033,2.5435680956424527,2.533584875500238,2.5117194451056175,2.4682734677112395,2.3897240363719208,2.259813044285972,2.0615837167135025,1.7803616191669225
829.0,2.5499999999353786,2.5499999998142533,2.5499999990478583,2.54999999462601,2.549999970137714,2.549999841758215,2.549999212005734,2.5499963440982074,2.5499842890310784,2.5499377314327587,2.549773155566113,2.5492424180235673,2.547685241150674,2.543537610215134,2.5335223656866273,2.5116051730242672,2.4680876662469324,2.3894559137793117,2.2594706359618235,2.0611988452255128,1.7799857821609066
830.0,2.549999999933812,2.5499999998100673,2.549999999028203,2.5499999945247174,2.5499999696265157,2.549999839313625,2.549999201099321,2.549996299133122,2.5499841188987222,2.5499371439546756,2.5497713131712203,2.549237193491,2.5476718993064686,2.5435070427795075,2.5334597441086633,2.5114907855169446,2.4679017973012503,2.38918783094541,2.25912840636106,2.0608142648023566,1.7796102611062667
831.0,2.5499999999322096,2.549999999805796,2.5499999990081808,2.5499999944217184,2.5499999691076,2.549999836836249,2.5499991900642933,2.54999625370756,2.5499839472757095,2.549936552151932,2.549769459637036,2.5492319437616575,2.5476585081107586,2.5434763933357907,2.533397010892475,2.51137628285949,2.467715861209048,2.3889197880630832,2.2587863553487466,2.0604299749722133,1.7792350554000127
832.0,2.5499999999305722,2.5499999998014364,2.5499999989877864,2.5499999943169893,2.5499999685808685,2.5499998343257175,2.5499991788994194,2.5499962078178426,2.549983774152393,2.5499359560028023,2.5497675949228826,2.5492266687761145,2.5476450675071676,2.5434456618846006,2.533334166164387,2.5112616653273188,2.4675298583040948,2.3886517853241287,2.25844448278987,2.060045975264301,1.7788601644412927
833.0,2.549999999928899,2.549999999796988,2.549999998967013,2.5499999942105043,2.54999996804622,2.54999983178166,2.549999167603458,2.5499961614602693,2.5499835995190905,2.549935355485518,2.549765718988069,2.5492213684750444,2.547631577439604,2.5434148484269534,2.5332712100509167,2.5111469331954224,2.4673437889190817,2.3883838229192813,2.258102788549341,2.0596622652088783,1.778485587631376
834.0,2.549999999927188,2.5499999997924485,2.5499999989458546,2.549999994102237,2.5499999675035525,2.549999829203701,2.5499991561751605,2.5499961146311216,2.5499834233660845,2.5499347505782644,2.549763831791891,2.54921604279922,2.5476180378522613,2.5433839529642612,2.5332081426787716,2.5110320867383673,2.4671576533856223,2.388115901038221,2.2577612724919938,2.059278844337245,1.7781113243736337
835.0,2.54999999992544,2.5499999997878158,2.5499999989243047,2.549999993992162,2.549999966952763,2.5499998265914625,2.549999144613267,2.549996067326658,2.549983245683621,2.5499341412591843,2.549761933293631,2.549210691689515,2.547604448689615,2.543352975498331,2.5331449641748476,2.510917126230292,2.466971452034258,2.3878480198695735,2.2574199344825887,2.058895712181748,1.7777373740735203
836.0,2.549999999923653,2.5499999997830898,2.549999998902358,2.5499999938802524,2.5499999663937465,2.5499998239445634,2.5499991329165104,2.549996019543122,2.549983066461909,2.549933527506375,2.54976002345256,2.549205315086903,2.547590809896424,2.5433219160313625,2.5330816746662252,2.5108020519449092,2.4667851851944596,2.387580179600919,2.2570787743858105,2.05851286827578,1.7773637361385577
837.0,2.5499999999218264,2.549999999778267,2.549999998880006,2.549999993766483,2.5499999658263985,2.5499998212626185,2.5499991210836157,2.5499959712767315,2.549982885691124,2.5499329092978895,2.549758102227936,2.549199912932458,2.5475771214177323,2.543290774565949,2.5330182742801686,2.5106868641555047,2.466598853194633,2.3873123804187983,2.2567377920662715,2.0581303121537826,1.7769904099783174
838.0,2.5499999999199603,2.549999999773347,2.5499999988572433,2.5499999936508244,2.5499999652506125,2.549999818545241,2.5499991091132976,2.5499959225236886,2.5499827033614033,2.5499322866117393,2.5497561695790085,2.549194485167358,2.547563383198864,2.5432595511050704,2.5329547631441227,2.510571563134937,2.4664124563621197,2.387044622508715,2.2563969873885092,2.057748043351248,1.7766173950044024
839.0,2.549999999918053,2.5499999997683274,2.549999998834063,2.549999993533251,2.5499999646662808,2.5499998157920376,2.549999097004261,2.5499958732801726,2.5499825194628505,2.5499316594258885,2.549754225465013,2.5491890317328796,2.547549595185428,2.543228245652098,2.5328911413857123,2.510456149155635,2.466225995023202,2.386776906055146,2.2560563602169905,2.0573660614047196,1.776244690630434
840.0,2.5499999999161043,2.5499999997632066,2.549999998810459,2.549999993413735,2.5499999640732947,2.549999813002615,2.5499990847552043,2.5499958235423446,2.5499823339855316,2.5499310277182614,2.549752269845176,2.549183552570405,2.547535757323314,2.5431968582107873,2.5328274091327354,2.510340622489601,2.466039469503108,2.38650923124154,2.255715910416109,2.0569843658517946,1.7758722962720352
841.0,2.549999999914113,2.5499999997579827,2.5499999987864226,2.5499999932922472,2.5499999634715445,2.5499998101765744,2.5499990723648147,2.5499957733063447,2.549982146919478,2.549930391466738,2.5497503026787136,2.5491780476214174,2.547521869558695,2.5431653887852814,2.5327635665131676,2.5102249834084067,2.4658528801260102,2.3862415982503276,2.255375637850189,2.056602956226641,1.7755001216185375
842.0,2.5499999999120786,2.5499999997526537,2.5499999987619484,2.5499999931687602,2.5499999628609196,2.549999807313514,2.549999059831772,2.549995722568293,2.549981958254685,2.5499297506491545,2.5497483239248337,2.549172516827503,2.5475079318380245,2.543133837380105,2.532699613655153,2.5101092321831944,2.4656662272150336,2.3859740072629267,2.255035542383481,2.05622183204687,1.775128252833788
843.0,2.54999999991,2.5499999997472176,2.5499999987370296,2.549999993043245,2.5499999622413076,2.5499998044130283,2.549999047154745,2.54999567132429,2.5499817679811136,2.549929105243305,2.549746333542733,2.5491669601303544,2.5474939441080386,2.543102204000165,2.532635550687007,2.509993369084677,2.4654795110922576,2.3857064584597447,2.2546956238801594,2.0558409928275445,1.7747566893928606
844.0,2.5499999999078753,2.5499999997416727,2.549999998711657,2.549999992915673,2.5499999616125963,2.54999980147471,2.5499990343323953,2.5499956195704145,2.5499815760886864,2.5499284552269406,2.549744331491601,2.5491613774717647,2.547479906315755,2.5430704886507494,2.5325713777372116,2.5098773943831363,2.4652927320787166,2.385438952020185,2.2543558822043126,2.055460438085708,1.7743854307709346
845.0,2.549999999905705,2.549999999736017,2.5499999986858253,2.549999992786014,2.54999996097467,2.5499997984981455,2.5499990213633734,2.5499955673027257,2.549981382567292,2.549927800577771,2.549742317730618,2.549155768793635,2.54746581840847,2.543038691337524,2.5325070949344144,2.5097613083484243,2.465105890494409,2.3851714881226544,2.2540163172199383,2.0550801673403565,1.7740144764433579
846.0,2.549999999903488,2.549999999730249,2.5499999986595263,2.5499999926542385,2.5499999603274137,2.54999979548292,2.5499990082463233,2.5499955145172635,2.5499811874067833,2.549927141273463,2.5497402922189583,2.5491501340379696,2.547451680333764,2.543006812066531,2.5324427024074248,2.5096451112499594,2.464918986658295,2.3849040669445642,2.253676928790939,2.0547001801124027,1.7736438258857117
847.0,2.5499999999012237,2.5499999997243656,2.549999998632753,2.549999992520317,2.5499999596707115,2.549999792428615,2.5499989949798767,2.5499954612100457,2.5499809905969775,2.549926477291642,2.5497382549157868,2.549144473146878,2.5474374920394967,2.54297485084419,2.532378200285212,2.5095288033567313,2.4647320208883023,2.3846366886623382,2.253337716781117,2.0543204759246505,1.7732734785738649
848.0,2.549999999898911,2.5499999997183656,2.5499999986054966,2.549999992384219,2.5499999590044444,2.549999789334807,2.549998981562659,2.549995407377071,2.5499807921276565,2.54992580860989,2.549736205780262,2.549138786062577,2.5474232534738057,2.5429428076772913,2.532313588696906,2.5094123849372956,2.4645449935013293,2.384369353451416,2.252998681054169,2.053941054301762,1.7729034339840302
849.0,2.5499999998965475,2.5499999997122464,2.549999998577751,2.5499999922459127,2.5499999583284936,2.54999978620107,2.549998967993285,2.5499953530143173,2.549980591988566,2.54992513520575,2.549734144771538,2.5491330727273884,2.547408964585111,2.5429106825730012,2.5322488677717905,2.5092958562597767,2.46435790481325,2.3841020614862605,2.2526598214736855,2.053561914770232,1.7725336915928165
850.0,2.5499999998941343,2.5499999997060065,2.549999998549507,2.5499999921053673,2.549999957642739,2.549999783026975,2.5499989542703583,2.549995298117743,2.5499803901694165,2.549924457056722,2.54973207184876,2.5491273330837414,2.5473946253221103,2.5428784755388536,2.5321840376393046,2.509179217591865,2.4641707551389125,2.383834812940359,2.2523211379031474,2.053183056858359,1.7721642508772757
851.0,2.54999999989167,2.5499999996996427,2.549999998520758,2.549999991962551,2.5499999569470595,2.549999779812087,2.5499989403924763,2.5499952426832837,2.5499801866598837,2.549923774140265,2.5497299869710686,2.549121567074172,2.547380235633783,2.542846186582753,2.5321190984290385,2.509062469200818,2.463983544792149,2.3835676079862296,2.251982630205923,2.0528044800962184,1.7717951113149526
852.0,2.549999999889153,2.5499999996931546,2.5499999984914954,2.5499999918174323,2.549999956241332,2.5499997765559703,2.5499989263582243,2.5499951867068567,2.549979981449607,2.549923086433797,2.5497278900976,2.549115774641324,2.5473657954693847,2.5428138157129707,2.5320540502707325,2.508945611353461,2.463796274085774,2.3833004467954293,2.251644298245268,2.052426184015638,1.7714262723839247
853.0,2.549999999886582,2.5499999996865377,2.5499999984617108,2.5499999916699787,2.549999955525432,2.549999773258184,2.5499989121661812,2.5499951301843575,2.5499797745281905,2.5499223939146964,2.549725781187485,2.549109955727949,2.5473513047784504,2.5427813629381433,2.5319888932942733,2.508828644316184,2.463608943331588,2.3830333295385535,2.2513061418843234,2.052048168150171,1.7710577335628457
854.0,2.5499999998839566,2.5499999996797915,2.549999998431396,2.549999991520158,2.549999954799235,2.549999769918283,2.549998897814914,2.5499950731116616,2.549979565885203,2.5499216965602995,2.5497236601998496,2.5491041102769074,2.5473367635107955,2.5427488282672734,2.531923627629695,2.508711568354944,2.463421552840384,2.382766256385244,2.250968160986116,2.0516704320350736,1.770689494330983
855.0,2.549999999881275,2.549999999672913,2.5499999984005433,2.5499999913679363,2.5499999540626144,2.5499997665358203,2.549998883302981,2.5499950154846243,2.549979355510179,2.5499209943479033,2.5497215270938174,2.549098238231167,2.54732217161651,2.5427162117097244,2.5318582534071727,2.5085943837352627,2.4632341029219464,2.382499227504192,2.2506303554135565,2.0512929752072813,1.7703215541682562
856.0,2.549999999878537,2.5499999996659,2.5499999983691435,2.54999999121328,2.5499999533154423,2.549999763110343,2.54999886862893,2.549994957299079,2.5499791433926164,2.5499202872547646,2.549719381828507,2.5490923395338063,2.5473075290459644,2.5426835132752217,2.5317927707570247,2.5084770907222276,2.4630465938850588,2.3822322430631457,2.2502927250294413,2.0509157972053838,1.7699539125552708
857.0,2.5499999998757414,2.54999999965875,2.5499999983371886,2.549999991056156,2.5499999525575903,2.5499997596413966,2.5499988537913016,2.54999489855084,2.549978929521978,2.5499195752580994,2.5497172243630355,2.5490864141280127,2.547292835749805,2.5426507329738497,2.5317271798097076,2.5083596895804914,2.4628590260375027,2.3819653032289114,2.249955269696452,2.0505388975696057,1.7695865689733512
858.0,2.5499999998728873,2.5499999996514617,2.549999998304669,2.5499999908965294,2.5499999517889274,2.5499997561285217,2.5499988387886243,2.5499948392356986,2.5499787138876915,2.5499188583350865,2.549715054656516,2.5490804619570837,2.5472780916789555,2.542617870816051,2.531661480695814,2.5082421805742703,2.462671399686065,2.381698408167358,2.249617989277156,2.0501622758417843,1.7692195229045704
859.0,2.549999999869974,2.549999999644031,2.5499999982715766,2.5499999907343662,2.5499999510093216,2.549999752571255,2.5499988236194184,2.549994779349429,2.5499784964791496,2.549918136462862,2.54971287266806,2.5490744829644267,2.547263296784616,2.542584926812626,2.531595673546073,2.508124563967347,2.4624837151365373,2.381431558043425,2.2492808836340084,2.0497859315653475,1.7688527738317825
860.0,2.549999999866998,2.549999999636456,2.5499999982379022,2.5499999905696304,2.5499999502186412,2.5499997489691304,2.549998808282194,2.549994718887781,2.5499782772857094,2.549917409618524,2.549710678356778,2.549068477093559,2.5472484510182634,2.5425519009747273,2.5315297584913456,2.508006840023066,2.4622959726937212,2.381164753021125,2.2489439526293524,2.0494098642852947,1.7684863212386468
861.0,2.54999999986396,2.549999999628735,2.549999998203637,2.549999990402287,2.549999949416751,2.5499997453216765,2.549998792775452,2.5499946578464856,2.549978056296694,2.549916677779133,2.549708471681777,2.5490624442881105,2.5472335543316493,2.542518793313862,2.531463735662625,2.507889009004338,2.4621081726614333,2.3808979932635475,2.24860719612542,2.0490340735481762,1.7681201646096558
862.0,2.5499999998608587,2.5499999996208644,2.549999998168772,2.5499999902323003,2.5499999486035168,2.549999741628419,2.5499987770976826,2.5499945962212527,2.5499778335013907,2.5499159409217085,2.5497062526021654,2.549056384491821,2.547218606676804,2.5424856038418895,2.5313976051910316,2.5077710711736367,2.461920315342504,2.380631278932863,2.2482706139843374,2.0486585589020776,1.7677543034301593
863.0,2.5499999998576928,2.549999999612842,2.5499999981332984,2.549999990059633,2.5499999477788,2.54999973788888,2.549998761247368,2.549994534007772,2.5499776088890505,2.549915199023233,2.54970402107705,2.5490502976485434,2.54720360800603,2.5424523325710187,2.5313313672078137,2.507653026792998,2.461732401038784,2.3803646101903304,2.2479342060681207,2.0482833198965964,1.767388737186386
864.0,2.5499999998544616,2.5499999996046654,2.5499999980972055,2.54999998988425,2.5499999469424637,2.5499997341025775,2.5499987452229784,2.5499944712017095,2.5499773824488923,2.549914452060649,2.549701777065538,2.5490441837022413,2.5471885582719063,2.5424189795138066,2.5312650218443444,2.507534876124023,2.4615444300511466,2.3800979871962964,2.2475979722386836,2.047908356082827,1.7670234653654677
865.0,2.5499999998511633,2.5499999995963316,2.549999998060484,2.549999989706113,2.5499999460943683,2.5499997302690254,2.5499987290229758,2.549994407798714,2.5499771541700973,2.5499137000108623,2.5496995205267368,2.549038042596993,2.5471734574272853,2.5423855446831585,2.531198569232119,2.5074166194278744,2.461356402679489,2.3798314101102056,2.247261912357836,2.0475336670133424,1.7666584874554592
866.0,2.5499999998477954,2.549999999587838,2.549999998023125,2.5499999895251846,2.549999945234373,2.549999726387733,2.5499987126458117,2.5499943437944106,2.5499769240418124,2.5499129428507405,2.5496972514197545,2.549031874276986,2.547158305425296,2.5423520280923233,2.531132009502755,2.50729825696528,2.4611683192227405,2.3795648790905997,2.246926026287287,2.0471592522421784,1.7662938029453554
867.0,2.5499999998443594,2.549999999579182,2.5499999979851182,2.549999989341427,2.5499999443623347,2.549999722458207,2.5499986960899275,2.5499942791844057,2.549976692053151,2.549912180557112,2.5496949697037,2.549025678686525,2.5471431022193385,2.5423184297548955,2.5310653427879877,2.5071797889965275,2.4609801799788587,2.379298394295125,2.246590313888649,2.046785111324816,1.7659294113251125
868.0,2.5499999998408516,2.5499999995703613,2.549999997946453,2.5499999891548013,2.5499999434781104,2.54999971847995,2.549998679353755,2.5499942139642826,2.5499764581931905,2.5499114131067686,2.5496926753376847,2.5490194557700265,2.5471278477630888,2.5422847496848116,2.5309985692196695,2.5070612157814702,2.46079198524484,2.3790319558805333,2.246254775023438,2.0464112438181656,1.7655653120856627
869.0,2.5499999998372727,2.549999999561372,2.5499999979071206,2.5499999889652694,2.549999942581555,2.5499997144524595,2.5499986624357165,2.5499941481296053,2.5499762224509737,2.5499106404764658,2.549690368280821,2.5490132054720194,2.5471125420104936,2.542250987896348,2.530931688929768,2.506942537579521,2.4606037353167154,2.3787655640026917,2.2459194095530752,2.0460376492805534,1.765201504718931
870.0,2.549999999833619,2.5499999995522113,2.549999997867111,2.5499999887727913,2.5499999416725228,2.54999971037523,2.549998645334224,2.5499940816759157,2.549975984815508,2.54990986264292,2.5496880484922246,2.549006927737148,2.547097184915775,2.5422171444041215,2.530864702050365,2.5068237546496572,2.460415430489559,2.378499218816581,2.2455842173388936,2.045664327271703,1.7648379887178511
871.0,2.549999999829891,2.5499999995428775,2.5499999978264123,2.5499999885773272,2.5499999407508644,2.5499997062477515,2.5499986280476774,2.5499940145987345,2.5499757452757676,2.549909079582812,2.5496857159310133,2.549000622510172,2.5470817764334255,2.5421832192230864,2.5307976087136526,2.5067048672504164,2.46022707105749,2.378232920476302,2.2452491982421363,2.0452912773527236,1.7644747635763778
872.0,2.549999999826087,2.5499999995333664,2.549999997785015,2.549999988378837,2.549999939816432,2.5499997020695107,2.549998610574471,2.5499939468935633,2.5499755038206913,2.5499082912727853,2.5496833705563082,2.548994289735965,2.5470663165182117,2.5421492123685336,2.5307304090519307,2.5065858756398995,2.4600386573136728,2.3779666691350814,2.2449143521239625,2.044918499086095,1.7641118287895032
873.0,2.5499999998222043,2.549999999523675,2.549999997742909,2.54999998817728,2.5499999388690737,2.549999697839989,2.549998592912985,2.5499938785558793,2.549975260439182,2.549907497689447,2.5496810123272353,2.548987929359516,2.5470508051251697,2.542115123856087,2.5306631031976097,2.50646678007577,2.459850189550324,2.3777004649452724,2.2445796788454486,2.044545992035654,1.7637491838532644
874.0,2.549999999818243,2.5499999995138016,2.5499999977000827,2.549999987972616,2.5499999379086393,2.549999693558665,2.5499985750615903,2.549993809581142,2.5499750151201104,2.549906698809368,2.549678641202923,2.5489815413259294,2.547035242209607,2.5420809537017064,2.530595691283203,2.5063475808152513,2.4596616680587133,2.377434308058361,2.24424517826759,2.0441737557665784,1.7633868282647593
875.0,2.549999999814201,2.5499999995037417,2.549999997656526,2.549999987764802,2.5499999369349733,2.5499996892250114,2.5499985570186494,2.549993739964787,2.549974767852311,2.5499058946090827,2.5496762571425053,2.5489751255804256,2.5470196277271056,2.542046701921681,2.530528173441329,2.5062282781151293,2.459473093129168,2.377168198624971,2.243910850251306,2.0438017898453795,1.7630247615221564
876.0,2.549999999810077,2.5499999994934925,2.549999997612227,2.5499999875537975,2.5499999359479215,2.5499996848384994,2.5499985387825133,2.5499936697022303,2.549974518624584,2.5499050850650904,2.54967386010512,2.5489686820683417,2.5470039616335125,2.5420123685326304,2.530460549804708,2.5061088722317515,2.4592844650510735,2.376902136794865,2.2435766946574414,2.0434300938398833,1.762662983124703
877.0,2.549999999805869,2.5499999994830516,2.549999997567175,2.5499999873395582,2.549999934947328,2.549999680398594,2.549998520351523,2.549993598788866,2.5499742674256956,2.5499042701538546,2.549671450049911,2.5489622107351297,2.5469882438849494,2.5419779535515055,2.5303928205061594,2.505989363421027,2.45909578411288,2.3766361227169504,2.2432427113467703,2.0430586673192233,1.7623014925727374
878.0,2.5499999998015763,2.5499999994724147,2.5499999975213585,2.5499999871220425,2.5499999339330337,2.5499996759047567,2.549998501724009,2.549993527220067,2.549974014244377,2.5499034498518025,2.5496690269360283,2.54895571152636,2.5469724744378053,2.5419434569955808,2.530324985678601,2.5058697519384268,2.458907050602101,2.3763701565392834,2.242908900179997,2.042687509853825,1.7619402893676959
879.0,2.549999999797196,2.54999999946158,2.5499999974747674,2.5499999869012058,2.54999993290488,2.5499996713564452,2.5499984828982916,2.549993454991186,2.5499737590693266,2.5499026241353273,2.5496665907226257,2.548949184387719,2.5469566532487398,2.541908878882459,2.530257045455048,2.5057500380389817,2.45871826480532,2.3761042384090723,2.2425752610177616,2.042316621015395,1.7615793730121219
880.0,2.549999999792727,2.5499999994505425,2.5499999974273884,2.5499999866770047,2.549999931862706,2.5499996667531124,2.5499984638726803,2.5499933820975524,2.5499735018892062,2.549901792980786,2.5496641413688663,2.548942629265012,2.5469407802746806,2.541874219230065,2.5301889999686082,2.505630221977285,2.4585294270081937,2.375838368472681,2.24224179372064,2.0419460003769108,1.761218743009673
881.0,2.5499999997881693,2.5499999994392994,2.54999999737921,2.549999986449395,2.549999930806349,2.549999662094207,2.5499984446454764,2.5499933085344764,2.5499732426926456,2.5499009563645023,2.5496616788339184,2.5489360461041604,2.5469248554728243,2.541839478056648,2.530120849352484,2.5055103040074913,2.4583405374954506,2.3755725468756355,2.241908498149148,2.041575647512609,1.7608583988651285
882.0,2.54999999978352,2.5499999994278477,2.5499999973302208,2.5499999862183316,2.5499999297356446,2.549999657379174,2.5499984252149677,2.5499932342972453,2.549972981468239,2.5499001142627638,2.549659203076958,2.548929434851204,2.546908878800636,2.541804655380777,2.530052593739968,2.505390284383316,2.4581515965508993,2.375306773762624,2.241575374163746,2.0412055619979728,1.7604983400843954
883.0,2.549999999778778,2.5499999994161833,2.549999997280409,2.549999985983769,2.5499999286504282,2.5499996526074535,2.5499984055794336,2.5499931593811267,2.5499727182045464,2.5498992666518245,2.5496567140571686,2.5489227954523024,2.5468928502158468,2.541769751221343,2.5299842332644413,2.505270163358035,2.4579626044574296,2.3750410492775034,2.2412424216248374,2.040835743409725,1.7601385661745144
884.0,2.5499999997739407,2.549999999404304,2.549999997229762,2.549999985745661,2.5499999275505325,2.5499996477784816,2.549998385737143,2.5499930837813656,2.5499724528900947,2.5498984135079046,2.5496542117337424,2.5489161278537305,2.5468767696764587,2.5417347655975524,2.5299157680593725,2.505149941184488,2.457773561497013,2.3747753735633017,2.2409096403927764,2.040466191325815,1.759779076643666
885.0,2.5499999997690064,2.5499999993922042,2.5499999971782676,2.5499999855039617,2.5499999264357887,2.5499996428916907,2.5499983656863545,2.5499930074931854,2.5499721855133757,2.5498975548071896,2.5496516960658786,2.548909432001886,2.5468606371407367,2.5416996985289293,2.5298471982583166,2.505029618115072,2.457584467950708,2.3745097467622243,2.2405770303278665,2.0400969053254094,1.759419871001176
886.0,2.5499999997639744,2.5499999993798816,2.549999997125913,2.5499999852586237,2.549999925306027,2.5499996379465073,2.5499983454253137,2.549992930511788,2.5499719160628485,2.549896690525831,2.549649167012787,2.5489027078432835,2.546844452567215,2.541664550035313,2.5297785239949127,2.504909194401748,2.4573953240986657,2.374244169015655,2.2402445912903657,2.039727884988883,1.7590609487575182
887.0,2.5499999997588416,2.5499999993673326,2.5499999970726863,2.5499999850095993,2.5499999241610753,2.5499996329423547,2.5499983249522584,2.5499928528323554,2.549971644526937,2.5498958206399487,2.5496466245336853,2.548895955324557,2.546828215914693,2.541629320136858,2.5297097454028807,2.504788670296037,2.4572061302201256,2.37397864046416,2.239912323140489,2.0393591298978073,1.7587023094243226
888.0,2.5499999997536076,2.549999999354553,2.549999997018574,2.5499999847568415,2.549999923000761,2.5499996278786523,2.5499983042654155,2.5499927744500472,2.549971370894032,2.5498949451256276,2.549644068587801,2.5488891743924618,2.546811927142236,2.541594008854029,2.5296408626160223,2.504668046049021,2.457016886593425,2.373713161247494,2.2395802257384094,2.0389906396349446,1.7583439525143736
889.0,2.54999999974827,2.549999999341539,2.549999996963563,2.549999984500301,2.5499999218249085,2.549999622754814,2.549998283363001,2.549992695360001,2.5499710951524897,2.54989406395892,2.5496414991343723,2.5488823649938706,2.5467955862091736,2.541558616207602,2.529571875768217,2.5045473219113434,2.4568275934959996,2.3734477315046023,2.239248298944264,2.0386224137842355,1.7579858775416184
890.0,2.549999999742826,2.5499999993282874,2.549999996907641,2.5499999842399292,2.5499999206333417,2.5499996175702493,2.5499982622432196,2.5499926155573336,2.5499708172906335,2.549893177115846,2.549638916132648,2.5488755270757792,2.5467791930751016,2.5415231422186624,2.5295027849934213,2.50442649813321,2.4566382512043865,2.3731823513736248,2.2389165426181523,2.038254451930792,1.757628084021169
891.0,2.549999999737275,2.5499999993147933,2.5499999968507936,2.549999983975676,2.5499999194258827,2.5499996123243647,2.549998240904266,2.5499925350371404,2.549970537296752,2.5498922845723917,2.549636319541885,2.5488686605853017,2.546762747699879,2.5414875869086044,2.5294335904256684,2.504305574964384,2.4564488599942256,2.372917020991899,2.2385849566201435,2.037886753660889,1.7572705714693027
892.0,2.549999999731616,2.549999999301053,2.549999996793008,2.5499999837074925,2.5499999182023516,2.5499996070165603,2.549998219344323,2.5499924537944945,2.549970255159101,2.5498913863045125,2.549633709321355,2.5488617654696752,2.54674625004363,2.5414519502991277,2.5293642921990624,2.504184552654195,2.456259420140265,2.3726517404959657,2.238253540810273,2.0375193185619542,1.7569133394034677
893.0,2.549999999725845,2.5499999992870634,2.549999996734271,2.5499999834353275,2.5499999169625673,2.5499996016462334,2.549998197561565,2.549992371824448,2.549969970865903,2.5498904822881303,2.549631085430339,2.5488548416762553,2.546729700066741,2.541416232412237,2.5292948904477828,2.50406343145153,2.456069931916364,2.3723865100215704,2.237922295048552,2.037152146222561,1.7565563873422838
894.0,2.5499999997199603,2.5499999992728197,2.5499999966745674,2.54999998315913,2.549999915706347,2.5499995962127757,2.549998175554154,2.549992289122032,2.549969684405346,2.549889572499136,2.54962844782813,2.5488478891525217,2.5467130977298633,2.541380433270241,2.5292253853060767,2.503942211604839,2.4558803955954924,2.37212132970367,2.2375912191949645,2.0367852362324212,1.7561997148055435
895.0,2.5499999997139615,2.5499999992583176,2.5499999966138844,2.5499999828788473,2.5499999144335046,2.549999590715575,2.5499981533202414,2.549992205682255,2.5499693957655847,2.549888656913388,2.549625796474034,2.5488409078460736,2.546696442993909,2.5413445528957506,2.529155776908261,2.5038208933621324,2.4556908114497373,2.371856199676433,2.2372603131094726,2.036418588182376,1.7558433213142157
896.0,2.549999999707845,2.5499999992435534,2.5499999965522075,2.5499999825944277,2.549999913143856,2.549999585154014,2.5499981308579676,2.5499921215001047,2.5499691049347404,2.5498877355067133,2.5496231313273707,2.5488338977046334,2.546679735820053,2.541308591311676,2.5290860653887197,2.5036994769709837,2.4555011797503035,2.3715911200732456,2.2369295766520176,2.036052201664387,1.755487206390446
897.0,2.5499999997016083,2.5499999992285227,2.5499999964895235,2.5499999823058186,2.549999911837212,2.549999579527471,2.549998108165463,2.549992036570546,2.549968811900902,2.549886808254908,2.5496204523474697,2.548826858676044,2.5466629761697335,2.5412725485412277,2.5290162508819014,2.503577962678526,2.4553115007675177,2.371326091026714,2.236599009682524,2.035686076271533,1.7551313695575586
898.0,2.549999999695251,2.549999999213221,2.5499999964258158,2.5499999820129675,2.5499999105133835,2.54999957383532,2.549998085240846,2.549991950888524,2.5499685166521227,2.549885875133738,2.5496177594936773,2.548819790708273,2.546646164004648,2.5412364246079138,2.5289463335223195,2.5034563507314553,2.4551217747708307,2.3710611126686696,2.2362686120608997,2.0353202115979987,1.7547758103400546
899.0,2.5499999996887706,2.5499999991976443,2.549999996361071,2.549999981715819,2.549999909172179,2.5499995680769305,2.549998062082225,2.54999186444896,2.5499682191764257,2.5498849361189366,2.549615052725351,2.5488126937494084,2.546629299286755,2.541200219535538,2.528876313444549,2.5033346413760293,2.454932002028821,2.370796185130171,2.2359383836470403,2.034954607239067,1.754420528263617
900.0,2.5499999996821643,2.549999999181788,2.5499999962952744,2.5499999814143197,2.5499999078134055,2.549999562251667,2.549998038687697,2.5499917772467557,2.549967919461799,2.549883991186207,2.549612332001864,2.5488055677476624,2.546612381978276,2.5411639333482006,2.528806190783225,2.503212834858066,2.4547421828091958,2.370531308541509,2.2356083243008285,2.034589262791116,1.7540655228551072
901.0,2.54999999967543,2.5499999991656477,2.54999999622841,2.5499999811084137,2.549999906436868,2.5499995563588898,2.5499980150553485,2.5499916892767898,2.5499676174961974,2.549883040311221,2.549609597282604,2.5487984126513696,2.5465954120416896,2.541127566070294,2.528735965673044,2.503090931422947,2.4545523173787953,2.370266483032209,2.235278433882141,2.03422417784381,1.7537106357537318
902.0,2.5499999996685654,2.549999999149219,2.549999996160463,2.549999980798046,2.54999990504237,2.5499995503979536,2.549997991183255,2.5499916005339194,2.549967313267543,2.5498820834696234,2.549606848526974,2.548791228408988,2.546578389439736,2.541091117726502,2.5286656382487562,2.502968931315616,2.454362406003596,2.370001708731036,2.2349487122508434,2.033859351957261,1.7533560191563993
903.0,2.5499999996615696,2.549999999132497,2.5499999960914193,2.54999998048316,2.549999903629714,2.54999954436821,2.54999796706948,2.5499915110129807,2.5499670067637257,2.5498811206370258,2.54960408569439,2.5487840149691,2.546561314135412,2.541054588341801,2.52859520864517,2.5028468347805766,2.454172448948711,2.3697369857659956,2.2346191592667815,2.033494784686374,1.7530016726867157
904.0,2.549999999654439,2.549999999115477,2.5499999960212616,2.5499999801636988,2.549999902198699,2.549999538269004,2.5499979427120762,2.5499914207087873,2.5499666979726,2.549880151789012,2.5496013087442857,2.5487767722804104,2.546544186091976,2.541017977941454,2.5285246769971486,2.5027246420618976,2.453982446478396,2.3694723142643417,2.234289774789772,2.0331304755887203,1.7526475959662882
905.0,2.5499999996471714,2.549999999098155,2.5499999959499746,2.5499999798396056,2.549999900749124,2.549999532099677,2.5499979181090864,2.549991329616131,2.5499663868819913,2.549879176901135,2.5495985176361096,2.5487695002917485,2.546527005272943,2.5409812865510153,2.5284540434396057,2.5026023534032085,2.45379239885605,2.3692076943525757,2.2339605586795903,2.0327664242244805,1.752293788614861
906.0,2.5499999996397635,2.549999999080525,2.549999995877542,2.5499999795108215,2.5499998992807855,2.549999525859566,2.549997893258541,2.5499912377297833,2.5499660734796885,2.549878195948919,2.549595712329329,2.548762198952068,2.5465097716420866,2.5409445141963225,2.528383308107508,2.5024799690477018,2.4536023063442176,2.368943126156454,2.233631510795965,2.0324026301563802,1.7519402502504455
907.0,2.5499999996322145,2.549999999062583,2.5499999958039483,2.5499999791772883,2.5499998977934784,2.549999519548002,2.5499978681584605,2.5499911450444928,2.5499657577534496,2.5498772089078603,2.5495928927834246,2.5487548682104473,2.5464924851634354,2.5409076609034984,2.528312471135872,2.502357489238132,2.453412169204594,2.3686786098009875,2.2333026309985686,2.0320390929496326,1.7515869804894424
908.0,2.5499999996245224,2.549999999044324,2.5499999957291775,2.5499999788389474,2.5499998962869945,2.5499995131643125,2.549997842806852,2.549991051554985,2.5499654396909994,2.549876215753424,2.5495900589578966,2.548747508016089,2.5464751458012787,2.5408707266989516,2.528241532659761,2.5022349142168174,2.4532219876980257,2.368414145410449,2.232973919147011,2.031675812171883,1.7512339789467564
909.0,2.5499999996166833,2.5499999990257427,2.549999995653212,2.5499999784957375,2.5499998947611253,2.5499995067078194,2.549997817201715,2.5499909572559663,2.5499651192800306,2.549875216461048,2.5495872108122617,2.548740118318321,2.5464577535201594,2.5408337116093707,2.528170492814286,2.502112244225639,2.453031762084514,2.3681497331083734,2.232645375100836,2.031312787393153,1.7508812452359104
910.0,2.549999999608695,2.5499999990068334,2.5499999955760355,2.5499999781476,2.549999893215661,2.5499995001778397,2.5499977913410334,2.5499908621421197,2.5499647965082035,2.5498742110061414,2.5495843483060536,2.5487326990665964,2.5464403082848754,2.5407966156617263,2.528099351734603,2.50198947950604,2.452841492623217,2.367885373017563,2.2323169987195173,2.0309500181857896,1.750528778969149
911.0,2.549999999600556,2.5499999989875923,2.5499999954976307,2.5499999777944726,2.5499998916503888,2.549999493573686,2.549997765222783,2.549990766208107,2.5499644713631446,2.549873199364085,2.5495814713988265,2.5487252502104933,2.5464228100604833,2.540759438883268,2.528028109555911,2.501866620299027,2.452651179572455,2.367621065260089,2.2319887898624526,2.0305875041244117,1.7501765797575366
912.0,2.5499999995922615,2.5499999989680138,2.549999995417981,2.5499999774362943,2.5499998900650933,2.549999486894666,2.5499977388449286,2.549990669448567,2.5499641438324487,2.5498721815102328,2.5495785800501514,2.548717771699714,2.5464052588122916,2.540722181301523,2.527956766413453,2.501743666845173,2.4524608231897087,2.367356809957299,2.2316607483889648,2.0302252447858633,1.7498246472110563
913.0,2.549999999583811,2.549999998948092,2.5499999953370693,2.5499999770730017,2.54999988845956,2.5499994801400816,2.5499977122054203,2.5499905718581184,2.5499638139036787,2.549871157419909,2.549575674219618,2.5487102634840886,2.5463876545058657,2.5406848429442963,2.5278853224425095,2.5016206193846102,2.4522704237316257,2.367092607229815,2.2313328741582974,2.0298632397491647,1.7494729809386993
914.0,2.549999999575201,2.5499999989278224,2.5499999952548773,2.549999976704533,2.549999886833569,2.549999473309231,2.5499976853021997,2.5499904734313565,2.5499634815643644,2.549870127068412,2.5495727538668356,2.548702725513573,2.546369997107022,2.5406474238396672,2.527813777778404,2.5014974781570376,2.452079981454021,2.36682845719754,2.2310051670296147,2.0295014885954648,1.7491215805485492
915.0,2.549999999566428,2.5499999989071993,2.5499999951713876,2.549999976330824,2.5499998851869012,2.549999466401407,2.549997658133197,2.5499903741628556,2.5499631468020043,2.549869090431012,2.5495698189514333,2.548695157738247,2.5463522865818344,2.540609924015989,2.527742132556496,2.5013742434017177,2.451889496611881,2.3665643599796606,2.230677626862001,2.029139990908001,1.7487704456478672
916.0,2.5499999995574902,2.549999998886217,2.549999995086582,2.5499999759518106,2.5499998835193356,2.5499994594158975,2.54999763069633,2.5499902740471674,2.5499628096040636,2.5498680474829523,2.54956686943306,2.5486875601083194,2.5463345228966268,2.5405723435018874,2.5276703869121806,2.501250915357476,2.4516989694593656,2.3663003156946494,2.230350253514462,2.028778746272049,1.748419575843168
917.0,2.549999999548385,2.5499999988648696,2.5499999950004426,2.5499999755674283,2.5499998818306473,2.5499994523519844,2.5499976029895053,2.5499901730788226,2.5499624699579764,2.5498669981994495,2.549563905271386,2.5486799325741227,2.546316706017976,2.54053468232626,2.527598540980889,2.501127494262704,2.451508400249811,2.3660363244602696,2.230023046845922,2.02841775427489,1.748068970740295
918.0,2.549999999539109,2.5499999988431528,2.549999994912951,2.5499999751776103,2.5499998801206107,2.5499994452089463,2.549997575010618,2.5499900712523296,2.5499621278511446,2.549865942555693,2.5495609264260994,2.54867227508612,2.5462988359127117,2.540496940518273,2.5275265948980867,2.5010039803553576,2.451317789235732,2.3657723863935756,2.229696006715228,2.0280570145057615,1.747718629944491
919.0,2.54999999952966,2.5499999988210593,2.5499999948240877,2.549999974782291,2.5499998783889986,2.5499994379860564,2.5499975467575524,2.5499899685621754,2.549961783270937,2.549864880526847,2.5495579328569127,2.5486645875948963,2.546280912547915,2.5404591181073624,2.5274545487992692,2.500880373872957,2.451127136668824,2.36550850161092,2.2293691329811516,2.027696526555826,1.747368553060465
920.0,2.549999999520035,2.5499999987985844,2.5499999947338345,2.5499999743814046,2.5499998766355816,2.5499994306825813,2.5499975182281798,2.549989865002824,2.549961436204692,2.5498638120880477,2.549554924523557,2.5486568700511683,2.5462629358909177,2.5404212151232306,2.5273824028199643,2.500756675052587,2.450936442799968,2.3652446702279533,2.2290424255023873,2.0273362900181273,1.7470187396924572
921.0,2.5499999995102303,2.549999998775722,2.5499999946421728,2.5499999739748826,2.549999874860128,2.549999423297785,2.5499974894203614,2.5499897605687183,2.5499610866397155,2.5498627372144065,2.5495519013857866,2.548649122405776,2.546244905909303,2.540383231595846,2.5273101570957284,2.5006328841308987,2.450745707879231,2.364980892359628,2.2287158841375563,2.0269763044875573,1.7466691894442996
922.0,2.5499999995002436,2.5499999987524653,2.5499999945490837,2.549999973562657,2.549999873062405,2.549999415830924,2.549997460331946,2.5499896552542785,2.5499607345632818,2.549861655881009,2.5495488634033774,2.5486413446096896,2.546226822570904,2.54034516755544,2.5272378117621463,2.500509001344109,2.4505549321558693,2.364717168120203,2.228389508745211,2.02661656956082,1.7463199019194733
923.0,2.5499999994900717,2.549999998728809,2.549999994454546,2.549999973144658,2.5499998712421768,2.549999408281251,2.5499974309607714,2.5499895490539037,2.5499603799626325,2.5498605680629147,2.549545810536127,2.5486335366140063,2.546208685843803,2.5403070230325095,2.5271653669548293,2.500385026927999,2.4503641158783314,2.364453497623244,2.2280632991838343,2.026257084836397,1.745970876721166
924.0,2.5499999994797116,2.549999998704747,2.549999994358541,2.5499999727208174,2.549999869399206,2.5499994006480136,2.5499974013046636,2.5499894419619706,2.5499600228249797,2.5498594737351588,2.5495427427438564,2.548625698369949,2.5461904956963313,2.540268798057811,2.527092822809413,2.5002609611179176,2.4501732592942593,2.3641898809816295,2.227737255311844,2.0258978499145166,1.7456221134523227
925.0,2.54999999946916,2.5499999986802733,2.5499999942610483,2.5499999722910642,2.549999867533254,2.5499993929304536,2.549997371361436,2.5499893339728343,2.5499596631375026,2.54985837287275,2.5495396599864097,2.5486178298288715,2.5461722520970698,2.540230492662362,2.5270201794615588,2.500136804148779,2.449982362650493,2.36392631830755,2.2274113769875963,2.025538864397117,1.7452736117156966
926.0,2.5499999994584135,2.5499999986553816,2.5499999941620484,2.5499999718553275,2.549999865644078,2.549999385127808,2.5499973411288925,2.5499892250808274,2.5499593008873487,2.5498572654506733,2.549536562223654,2.5486099309422547,2.546153955014846,2.5401921068774405,2.5269474370469487,2.5000125562550632,2.449791426193072,2.3636628097125154,2.2270856640693877,2.0251801278878205,1.744925371113897
927.0,2.54999999944747,2.5499999986300645,2.549999994061521,2.549999971413536,2.5499998637314354,2.5499993772393084,2.549997310604823,2.549989115280261,2.549958936061635,2.5498561514438878,2.5495334494154807,2.5486020016617053,2.5461356044187378,2.5401536407345793,2.526874595701287,2.4998882176708186,2.449600450167238,2.3633993553073545,2.2267601164154596,2.0248216399919015,1.7445773912494353
928.0,2.549999999436325,2.549999998604317,2.549999993959444,2.549999970965617,2.549999861795082,2.549999369264182,2.5499972797870063,2.5499890045654237,2.5499585686474466,2.5498550308273304,2.549530321521804,2.548594041938962,2.546117200278067,2.5401150942655697,2.5268016555602966,2.49976378862966,2.4494094348174364,2.36313595520222,2.2264347338839996,2.0244634003162574,1.7442296717247674
929.0,2.5499999994249753,2.549999998578132,2.549999993855798,2.5499999705114966,2.5499998598347693,2.54999936120165,2.5499972486732103,2.5499888929305836,2.5499581986318374,2.549853903575911,2.549527178502564,2.5485860517258896,2.546098742562404,2.5400764675024585,2.5267286167597205,2.499639269364769,2.4492183803873218,2.3628726095065895,2.2261095163331492,2.02410540846938,1.7438822121423363
930.0,2.5499999994134184,2.5499999985515025,2.5499999937505606,2.5499999700511022,2.5499998578502483,2.549999353050928,2.5499972172611907,2.5499887803699837,2.5499578260018305,2.5498527696645175,2.549524020317724,2.5485780309744825,2.5460802312415662,2.5400377604775444,2.526655479435318,2.4995146601088942,2.4490272871197574,2.3626093183292705,2.225784463621003,2.023747664061331,1.7435350121046091
931.0,2.5499999994016505,2.549999998524422,2.549999993643712,2.5499999695843587,2.549999855841267,2.5499993448112273,2.5499971855486905,2.5499886668778484,2.549957450744418,2.549851629068013,2.5495208469272734,2.548569979636864,2.5460616662856137,2.53999897322338,2.526582243722865,2.499389961094354,2.448836155256818,2.3623460817784014,2.225459575605615,2.0233901667037126,1.7431880712141192
932.0,2.5499999993896676,2.549999998496884,2.5499999935352298,2.549999969111191,2.5499998538075728,2.549999336481753,2.5499971535334414,2.5499885524483776,2.5499570728465595,2.5498504817612373,2.5495176582912267,2.5485618976652864,2.5460430476648543,2.539960105772767,2.5265089097581503,2.4992651725530335,2.4486449850397953,2.362082899961455,2.225134852145001,2.0230329160096443,1.7428413890734962
933.0,2.5499999993774667,2.5499999984688815,2.5499999934250916,2.549999968631523,2.5499998517489093,2.549999328061705,2.5499971212131647,2.5499884370757515,2.5499566922951855,2.549849327719007,2.5495144543696244,2.548553785012131,2.54602437534984,2.539921158158761,2.5264354776769777,2.499140294716387,2.4484537767091963,2.361819772985243,2.2248102930971445,2.022675911593738,1.7424949652855048
934.0,2.5499999993650437,2.5499999984404074,2.549999993313276,2.5499999681452783,2.549999849665019,2.549999319550279,2.549997088585567,2.5499883207541254,2.549956309077195,2.549848166916116,2.5495112351225315,2.548545641629908,2.546005649311366,2.5398821304146617,2.5263619476151633,2.4990153278154357,2.4482625305047483,2.3615567009559157,2.2244858983199975,2.0223191530720728,1.7421487994530749
935.0,2.549999999352396,2.5499999984114554,2.5499999931997612,2.5499999676523784,2.5499998475556422,2.549999310946664,2.5499970556483453,2.5499882034776356,2.5499559231794553,2.549846999327334,2.5495080005100412,2.5485374674712578,2.545986869520472,2.5398430225740185,2.5262883197085317,2.4988902720807724,2.4480712466654024,2.3612936839789676,2.224161667671488,2.0219626400621733,1.7418028911793326
936.0,2.549999999339519,2.549999998382017,2.5499999930845227,2.549999967152746,2.5499998454205164,2.5499993022500447,2.549997022399184,2.549988085240394,2.549955534588805,2.54984582492741,2.5495047504922717,2.54852926248895,2.545968035948441,2.539803834670627,2.5262145940929193,2.4987651277425575,2.4478799254293335,2.361030722159239,2.2238376010095204,2.0216063721829878,1.7414572400676314
937.0,2.5499999993264097,2.549999998352086,2.549999992967539,2.549999966646302,2.5499998432593785,2.5499992934595985,2.549996988835755,2.5499879660364924,2.54995514329205,2.5498446436910682,2.5495014850293707,2.5485210266358838,2.545949148566798,2.5397645667385245,2.5261407709041697,2.4986398950305215,2.447688567033942,2.3607678156009184,2.2235136981919816,2.0212503490548643,1.7411118457215775
938.0,2.549999999313064,2.5499999983216544,2.549999992848787,2.549999966132966,2.549999841071962,2.549999284574499,2.549996954955719,2.5499878458599987,2.549954749275967,2.5498434555930127,2.5494982040815093,2.548512759865087,2.5459302073473107,2.5397252188119954,2.5260668502781343,2.4985145741739654,2.4474971717158613,2.360504964407546,2.2231899590767448,2.0208945702995336,1.7407667077450597
939.0,2.5499999992994784,2.5499999982907156,2.5499999927282424,2.549999965612658,2.549999838857998,2.549999275593915,2.5499969207567235,2.54998772470496,2.549954352527301,2.5498422606079245,2.5494949076088895,2.5485044621297206,2.545911212261988,2.5396857909255646,2.5259928323506693,2.498389165401759,2.4473057397109557,2.360242168682017,2.222866383521671,2.020539035540083,1.7404218257422728
940.0,2.5499999992856477,2.5499999982592616,2.549999992605883,2.5499999650852967,2.549999836617216,2.5499992665170077,2.5499968862364053,2.5499876025654,2.549953953032768,2.549841058710463,2.54949159557174,2.5484961333830736,2.545892163283079,2.5396462831139974,2.525918717257636,2.498263668942343,2.447114271254323,2.359979428526584,2.2225429713846165,2.020183744400944,1.7400771993177424
941.0,2.5499999992715705,2.5499999982272845,2.549999992481683,2.5499999645508002,2.549999834349344,2.549999257342934,2.549996851392388,2.5499874794353232,2.549953550779053,2.5498398498752657,2.5494882679303186,2.5484877735785645,2.545873060383075,2.5396066954122984,2.525844505134899,2.49813808502373,2.4469227665802977,2.3597167440428577,2.222219722523434,2.019828696507866,1.7397328280763482
942.0,2.54999999925724,2.5499999981947767,2.54999999235562,2.5499999640090847,2.549999832054107,2.5499992480708458,2.5499968162222837,2.549987355308709,2.549953145752811,2.5498386340769494,2.5494849246449096,2.5484793826697425,2.5458539035347068,2.5395670278557123,2.5257701961183248,2.4980124138735023,2.446731225922457,2.359454115331814,2.221896636795977,2.019473891487903,1.7393887116233464
943.0,2.5499999992426545,2.5499999981617307,2.5499999922276686,2.549999963460068,2.5499998297312274,2.5499992386998884,2.5499967807236925,2.5499872301795166,2.5499527379406657,2.5498374112901088,2.549481565675828,2.548470960610289,2.545834692710945,2.5395272804797187,2.5256957903437813,2.4978866557188155,2.4465396495136167,2.359191542493793,2.2215737140601037,2.0191193289693943,1.7390448495643915
944.0,2.5499999992278086,2.549999998128139,2.549999992097805,2.549999962903664,2.5499998273804265,2.5499992292292024,2.5499967448942025,2.5499871040416826,2.549952327329213,2.5498361814893196,2.549478190983418,2.5484625073540146,2.5458154278849987,2.5394874533200342,2.5256212879471356,2.497760810786396,2.446348037585839,2.358929025628503,2.221250954173681,2.0187650085819455,1.7387012415055536
945.0,2.5499999992126985,2.549999998093993,2.5499999919660032,2.549999962339789,2.5499998250014224,2.549999219657922,2.5499967087313884,2.549986976889121,2.5499519139050157,2.5498349446491346,2.549474800528052,2.5484540228548602,2.545796109030316,2.5394475464126094,2.5255466890642535,2.4976348793025416,2.4461563903704304,2.358666564835024,2.2209283569945875,2.018410929956413,1.738357887053341
946.0,2.5499999991973197,2.5499999980592847,2.5499999918322382,2.549999961768356,2.549999822593932,2.549999209985177,2.5499966722328145,2.5499868487157245,2.549951497654609,2.549833700744087,2.5494713942701326,2.5484455070668988,2.5457767361205823,2.539407559793628,2.5254719938309984,2.497508861493124,2.4459647080979487,2.35840416021181,2.2206059223807175,2.0180570927248893,1.7380147858147152
947.0,2.5499999991816686,2.5499999980240053,2.549999991696484,2.549999961189278,2.5499998201576686,2.5499992002100895,2.549996635396031,2.549986719515363,2.549951078564499,2.5498324497486906,2.5494679721700937,2.5484369599443326,2.5457573091297205,2.5393674934995074,2.52539720238323,2.497382757583588,2.4457729909982024,2.3581418118566915,2.2202836501899843,2.0177034965206833,1.7376719373971115
948.0,2.54999999916574,2.549999997988148,2.549999991558716,2.549999960602468,2.5499998176923437,2.5499991903317785,2.549996598218577,2.549986589281885,2.549950656621159,2.5498311916374385,2.549464534188398,2.5484283814414965,2.545737828031892,2.5393273475668923,2.525322314856803,2.4972565677989493,2.445581239300254,2.357879519866878,2.219961540280323,2.0173501409783077,1.737329341408452
949.0,2.54999999914953,2.5499999979517023,2.5499999914189075,2.549999960007837,2.5499998151976677,2.5499991803493556,2.5499965606979798,2.549986458009118,2.549950231811035,2.549829926384803,2.54946108028554,2.5484197715128554,2.5457182928014914,2.5392871220326603,2.5252473313875647,2.4971302923638,2.445389453232422,2.3576172843389616,2.219639592509697,2.016997025733464,1.7369869974571648
950.0,2.549999999133034,2.5499999979146617,2.5499999912770317,2.5499999594052962,2.549999812673347,2.549999170261927,2.549996522831753,2.5499863256908646,2.5499498041205433,2.549828653965238,2.5494576104220448,2.548411130113006,2.5456987034131533,2.5392468169339146,2.525172252111357,2.497003931502305,2.445197633022283,2.35735510536892,2.2193178067360955,2.016644150423028,1.7366449051521964
951.0,2.549999999116248,2.5499999978770163,2.549999991133062,2.5499999587947544,2.549999810119086,2.549999160068594,2.549996484617399,2.5499861923209073,2.5499493735360694,2.549827374353178,2.5494541245584688,2.548402457196676,2.5456790598417447,2.5392064323079877,2.525097077164013,2.496877485438203,2.445005778896675,2.3570929830521172,2.218996182817542,2.016291514685033,1.736303064103028
952.0,2.549999999099168,2.5499999978387575,2.5499999909869717,2.549999958176122,2.549999807534589,2.5499991497684515,2.549996446052407,2.5499860578930074,2.5499489400439703,2.5498260875230376,2.5494506226554,2.548393752718724,2.545659362062368,2.539165968192437,2.5250218066813552,2.496750954394808,2.4448138910816986,2.3568309174833093,2.2186747206120967,2.015939118158661,1.735961473919687
953.0,2.5499999990817868,2.549999997799876,2.549999990838734,2.549999957549306,2.5499998049195556,2.5499991393605876,2.5499964071342553,2.5499859224009014,2.549948503630574,2.549824793449214,2.549447104673458,2.5483850166341417,2.545639610050361,2.5391254246250434,2.524946440799197,2.4966243385950078,2.4446219698027214,2.356568908756644,2.2183534199778556,2.015586960484224,1.735620134212761
954.0,2.549999999064103,2.5499999977603647,2.5499999906883204,2.549999956914214,2.5499998022736827,2.5499991288440875,2.549996367860408,2.5499857858383064,2.5499480642821775,2.549823492106084,2.5494435705732954,2.5483762488980517,2.5456198037812943,2.5390848016438126,2.524870979653339,2.4964976382612676,2.444430015284377,2.3563069569656667,2.218032280772959,2.015235041303156,1.7352790445934114
955.0,2.54999999904611,2.549999997720213,2.5499999905357034,2.549999956270753,2.5499997995966672,2.549999118218028,2.549996328228317,2.5499856481989163,2.549947621985051,2.5498221834680064,2.549440020315597,2.548367449465707,2.5455999432309713,2.539044099286972,2.524795423379568,2.496370853615627,2.44423802775057,2.3560450622033207,2.2177113028555917,2.0148833602579983,1.7349382046733821
956.0,2.5499999990278024,2.5499999976794117,2.5499999903808552,2.5499999556188273,2.5499997968882013,2.549999107481481,2.5499962882354237,2.549985509476403,2.549947176725434,2.549820867509322,2.5494364538610794,2.548358618292494,2.5455800283754293,2.5390033175929694,2.524719772113659,2.496243984879702,2.444046007424478,2.355783224561951,2.2173904860839855,2.014531916992386,1.7345976140650143
957.0,2.5499999990091773,2.5499999976379524,2.5499999902237462,2.549999954958343,2.5499997941479764,2.549999096633513,2.5499962478791547,2.5499853696644164,2.549946728489537,2.5498195442043534,2.549432871170494,2.5483497553339305,2.5455600591909384,2.5389624566004727,2.5246440259913707,2.496117032274686,2.443853954528553,2.355521444133306,2.2170698303164236,2.014180711151039,1.7342572723812537
958.0,2.549999998990228,2.5499999975958247,2.5499999900643493,2.549999954289203,2.5499997913756807,2.549999085673184,2.5499962071569255,2.5499852287565847,2.549946277263542,2.5498182135274052,2.549429272204624,2.5483408605456654,2.545540035653998,2.538921516348369,2.524568185148446,2.495989996021347,2.4436618692845236,2.3552597210085437,2.216749335411241,2.0138297423797478,1.7339171792356634
959.0,2.5499999989709496,2.5499999975530194,2.5499999899026347,2.54999995361131,2.549999788571,2.549999074599548,2.5499961660661383,2.5499850867465135,2.549945823033603,2.5498168754527653,2.5494256569242877,2.5483319338834813,2.545519957741339,2.5388804968757617,2.5244922497206104,2.4958628763400332,2.4434697519133977,2.3549980552782293,2.2164290012268313,2.013479010325365,1.7335773342424305
960.0,2.549999998951338,2.549999997509527,2.5499999897385726,2.549999952924567,2.549999785733619,2.549999063411654,2.549996124604184,2.549984943627786,2.5499453657858435,2.549815529954702,2.549422025290336,2.5483229753032917,2.5454998254299257,2.53883939822197,2.5244162198435713,2.4957356734506684,2.4432776026354652,2.354736447032341,2.2161088276216447,2.0131285146357922,1.7332377370163792
961.0,2.549999998931388,2.5499999974653376,2.549999989572134,2.549999952228874,2.5499997828632184,2.549999052108544,2.5499960827684403,2.549984799393965,2.5499449055063605,2.5498141770074696,2.5494183772636543,2.5483139847611422,2.5454796386969503,2.5387982204265294,2.524340095653017,2.4956083875727564,2.4430854216703004,2.3544748963602737,2.2157888144541946,2.012778254966614,1.7328985232344456
962.0,2.549999998911094,2.549999997420442,2.549999989403288,2.549999951524132,2.549999779959477,2.5499990406892548,2.5499960405562705,2.5499846540385906,2.5499444421812205,2.5498128165853022,2.549414712805164,2.548304962213212,2.545459397519834,2.5387569635291873,2.5242638772846147,2.4954810189253767,2.4428932092367623,2.3542134033508386,2.2154689615830603,2.0124282310005475,1.7325595609258877
963.0,2.5499999988904496,2.5499999973748286,2.549999989232005,2.549999950810241,2.5499997770220704,2.549999029152817,2.549995997965029,2.5499845075551795,2.5499439757964613,2.54981144866242,2.5494110318758185,2.5482959076158105,2.5454391018762283,2.538715627569905,2.52418756487401,2.495353567727191,2.4427009655529996,2.353951968092269,2.2151492688668992,2.012078442426684,1.7322208496280083
964.0,2.549999998869451,2.5499999973284893,2.549999989058254,2.549999950087098,2.549999774050674,2.549999017498256,2.5499959549920534,2.549984359937228,2.549943506338094,2.5498100732130244,2.54940733443661,2.548286820925382,2.5454187517440126,2.5386742125888557,2.5241111585568268,2.4952260341964374,2.442508690836452,2.3536905906722216,2.214829736164462,2.011728888933768,1.7318823888814714
965.0,2.549999998848092,2.5499999972814127,2.5499999888820044,2.5499999493546017,2.5499997710449573,2.54999900572459,2.5499959116346718,2.54998421117821,2.5499430337921014,2.549808690211302,2.5494036204485626,2.548277702098501,2.545398347101294,2.538632718626421,2.5240346584686653,2.4950984185509357,2.44231638530385,2.3534292711777782,2.214510363334604,2.011379570210229,1.731544178230197
966.0,2.549999998826367,2.549999997233588,2.5499999887032243,2.5499999486126477,2.549999768004591,2.549998993830831,2.5499958678901993,2.549984061271577,2.549942558144436,2.549807299631422,2.5493998898727375,2.5482685510918754,2.5453778879264077,2.538591145723192,2.5239580647451016,2.494970721008085,2.4421240491712197,2.353168009695451,2.2141911502362963,2.0110304859442225,1.731206217221256
967.0,2.549999998804272,2.549999997185005,2.5499999885218823,2.5499999478611324,2.549999764929241,2.5499989818159867,2.5499958237559373,2.5499839102107593,2.5499420793810237,2.5498059014475385,2.5493961426702327,2.5482593678623466,2.5453573741979154,2.5385494939199678,2.5238813775216853,2.4948429417848654,2.4419316826538857,2.3529068063111827,2.2138720967286356,2.0106816358236634,1.7308685054047743
968.0,2.5499999987817996,2.5499999971356537,2.549999988337947,2.5499999470999497,2.549999761818571,2.549998969679057,2.549995779229174,2.5499837579891644,2.549941597487763,2.5498044956337904,2.5493923788021813,2.548250152366887,2.545336805894604,2.5385077632577544,2.5238045969339398,2.494715081097837,2.441739285966472,2.352645661110352,2.213553202670855,2.0103330195362594,1.7305310423338394
969.0,2.549999998758944,2.549999997085523,2.5499999881513853,2.549999946328994,2.549999758672242,2.5499989574190374,2.5499957343071866,2.5499836046001785,2.5499411124505222,2.5498030821643005,2.5493885982297524,2.548240904562603,2.5453161829954896,2.538465953777763,2.523727723117361,2.494587139163142,2.4415468593229033,2.3523845741777736,2.213234467922328,2.009984636769543,1.7301938275644109
970.0,2.549999998735701,2.549999997034602,2.5499999879621655,2.5499999455481577,2.5499997554899143,2.549998945034915,2.549995688987239,2.549983450037165,2.549940624255143,2.5498016610131757,2.5493848009141526,2.548231624406733,2.5452955054798077,2.5384240655214096,2.5236507562074166,2.494459116196505,2.441354402936409,2.352123545597703,2.2129158923425796,2.009636487210905,1.7298568606552365
971.0,2.549999998712063,2.549999996982879,2.5499999877702537,2.5499999447573334,2.5499997522712428,2.549998932525673,2.5499956432665813,2.5499832942934653,2.549940132887441,2.5498002321545092,2.549380986816626,2.548222311856649,2.5452747733270247,2.538382098530313,2.5235736963395436,2.4943310124132303,2.4411619170195236,2.35186257545384,2.2125974757912914,2.0092885705476213,1.729520141167772
972.0,2.5499999986880253,2.549999996930344,2.5499999875756165,2.5499999439564114,2.549999749015882,2.549998919890287,2.549995597142451,2.5499831373624007,2.5499396383332016,2.5497987955623787,2.549377155898453,2.548212966869855,2.5452539865168275,2.5383400528462934,2.52349654364915,2.4942028280282087,2.4409694017840913,2.351601663829327,2.2122792181283057,2.0089408864668847,1.7291836686661017
973.0,2.5499999986635804,2.549999996876985,2.5499999873782206,2.549999943145282,2.5499997457234826,2.5499989071277267,2.5499955506120746,2.5499829792372686,2.549939140578182,2.549797351210847,2.549373308120953,2.5482035894039887,2.545233145029127,2.5382979285113727,2.5234192982716115,2.494074563255911,2.440776857441266,2.351340810806758,2.211961119213633,2.008593434655832,1.7288474427168694
974.0,2.549999998638724,2.549999996822791,2.5499999871780323,2.549999942323833,2.5499997423936938,2.549998894236957,2.5499955036726636,2.549982819911345,2.549938639608116,2.5497958990739633,2.5493694434454808,2.5481941794168197,2.5452122488440576,2.5382557255677725,2.5233419603422713,2.493946218310393,2.440584284201514,2.351080016468177,2.211643178907453,2.008246214801571,1.7285114628892035
975.0,2.5499999986134485,2.5499999967677507,2.5499999869750165,2.549999941491954,2.5499997390261617,2.5499988812169345,2.549995456321418,2.549982659377884,2.5499381354087056,2.549794439125762,2.549365561833431,2.548184736866252,2.5451912979419773,2.5382134440579116,2.523264529996439,2.493817793405294,2.4403916822746163,2.3508192808950827,2.2113253970701208,2.0078992265912046,1.7281757287546553
976.0,2.549999998587748,2.549999996711851,2.549999986769139,2.549999940649531,2.5499997356205286,2.5499988680666115,2.5499954085555245,2.5499824976301166,2.5499376279656274,2.549792971340264,2.549361663246238,2.5481752617103215,2.545170292303464,2.538171084024408,2.52318700736939,2.493689288753837,2.440199051869672,2.350558604168431,2.21100777356217,2.0075524697118583,1.727840239887129
977.0,2.549999998561616,2.5499999966550817,2.549999986560365,2.54999993979645,2.549999732176437,2.549998854784932,2.549995360372156,2.5499823346612556,2.549937117264531,2.5497914956914762,2.549357747645372,2.5481657539071976,2.5451492319093174,2.538128645510075,2.5231093925963646,2.4935607045688317,2.4400063931950973,2.3502979863686386,2.2106903082443137,2.0072059438507024,1.7275049958628275
978.0,2.5499999985350463,2.549999996597429,2.549999986348659,2.549999938932597,2.549999728693524,2.549998841370836,2.5499953117684746,2.549982170464488,2.549936603291038,2.5497900121533923,2.5493538149923425,2.548156213415183,2.5451281167405604,2.5380861285579224,2.523031685812567,2.4934320410626714,2.439813706458632,2.350037427575584,2.2103730009774467,2.0068596486949755,1.7271699962601885
979.0,2.5499999985080324,2.5499999965388827,2.549999986133984,2.549999938057854,2.549999725171425,2.5499988278232557,2.5499952627416276,2.5499820050329807,2.549936086030744,2.5497885206999924,2.5493498652486997,2.5481466401927135,2.545106946778434,2.5380435332111513,2.522953887153164,2.4933032984473353,2.4396209918673373,2.3497769278686125,2.2100558516226494,2.0065135839320054,1.7268352406598326
980.0,2.549999998480568,2.5499999964794293,2.549999985916305,2.549999937172106,2.549999721609773,2.5499988141411167,2.5499952132887502,2.549981838359878,2.549935565469217,2.549787021305243,2.5493458983760324,2.548137034198358,2.5450857220043983,2.5380008595131587,2.522875996753283,2.4931744769343895,2.4394282496276007,2.349516487326537,2.209738860041187,2.006167749249233,1.7265007286445082
981.0,2.549999998452646,2.549999996419057,2.5499999856955853,2.549999936275233,2.549999718008198,2.54999880032334,2.5499951634069635,2.549981670438302,2.549935041591997,2.5497855139430987,2.5493419143359692,2.5481273953908183,2.545064442400135,2.5379581075075315,2.522798014748014,2.4930455767349873,2.439235479945138,2.3492561060276445,2.2094220260945105,2.0058221443342292,1.7261664597990416
982.0,2.5499999984242603,2.5499999963577533,2.5499999854717874,2.5499999353671177,2.549999714366328,2.549998786368839,2.549995113093378,2.549981501261355,2.5499345143845993,2.5497839985875004,2.5493379130901785,2.5481177237289296,2.545043107947544,2.5379152772380476,2.5227199412724066,2.4929165980598667,2.439042683024993,2.348995784049694,2.20910534964426,2.0054767688747184,1.7258324337102875
983.0,2.5499999983954034,2.549999996295505,2.5499999852448747,2.54999993444764,2.549999710683787,2.5499987722765205,2.549995062345089,2.5499813308221144,2.549933983832512,2.5497824752123783,2.5493338946003687,2.548108019171661,2.5450217186287416,2.5378723687486753,2.5226417764614695,2.4927875411193554,2.4388498590715435,2.3487355214699246,2.2087888305522614,2.0051316225585936,1.7254986499670837
984.0,2.549999998366068,2.5499999962322994,2.549999985014809,2.549999933516677,2.5499997069601985,2.5499987580452856,2.549995011159179,2.5499811591136385,2.549933449921196,2.549780943791648,2.549329858828289,2.548098281678116,2.5450002744260622,2.537829382083571,2.52256352045017,2.492658406123369,2.4386570082884997,2.3484753183650535,2.2084724686805295,2.0047867050739367,1.7251651081602055
985.0,2.549999998336248,2.5499999961681237,2.549999984781552,2.5499999325741074,2.5499997031951804,2.5499987436740295,2.5499949595327185,2.549980986128963,2.549932912636086,2.549779404299215,2.5493258057357293,2.548088511207527,2.5449787753220603,2.537786317287078,2.522485173373431,2.49252919328141,2.4384641308789092,2.3482151748112825,2.2081562638912655,2.0044420161090355,1.7248318078823237
986.0,2.549999998305936,2.549999996102965,2.549999984545066,2.549999931619808,2.5499996993883505,2.549998729161639,2.5499949074627644,2.549980811861101,2.5499323719625897,2.5497778567089715,2.5493217352845194,2.548078707719265,2.5449572212995024,2.5377431744037255,2.522406735366134,2.4923999028025716,2.4382712270451563,2.3479550908843,2.20784021604686,2.0040975553523994,1.7244987487279626
987.0,2.5499999982751245,2.54999999603681,2.5499999843053125,2.5499999306536547,2.549999695539321,2.5499987145069967,2.54999485494636,2.5499806363030437,2.549931827886089,2.549776300994799,2.5493176474365327,2.5480688711728314,2.5449356123413747,2.5376999534782296,2.5223282065631145,2.4922705348955354,2.4380782969889667,2.3476950666592824,2.2075243250098886,2.003753322492776,1.7241659302934642
988.0,2.5499999982438046,2.5499999959696447,2.549999984062251,2.549999929675522,2.5499996916477046,2.5499986997089774,2.5499948019805365,2.5499804594477613,2.5499312803919407,2.5497747371305675,2.5493135421536817,2.5480590015278617,2.5449139484308754,2.537656654555488,2.522249587099164,2.4921410897685723,2.437885340911408,2.3474351022108997,2.207208590643115,2.0034093172191674,1.7238333521769456
989.0,2.5499999982119714,2.549999995901455,2.5499999838158427,2.5499999286852835,2.549999687713109,2.54999868476645,2.5499947485623116,2.549980281288203,2.5499307294654736,2.5497731650901354,2.549309419397921,2.548049098744124,2.5448922295514205,2.5376132776805838,2.5221708771090268,2.492011567629546,2.4376923590128925,2.347175197613316,2.2068930128094872,2.003065539220843,1.7235010139782674
990.0,2.5499999981796164,2.5499999958322292,2.5499999835660474,2.549999927682811,2.5499996837351393,2.549998669678277,2.549994694688689,2.5499801018172934,2.5499301750919914,2.5497715848473503,2.5493052791312474,2.5480391627815226,2.5448704556866395,2.537569822898781,2.522092076727401,2.4918819686859077,2.4374993514931793,2.3469153529401936,2.2065775913721386,2.002721988187355,1.723168915298999
991.0,2.549999998146732,2.5499999957619517,2.5499999833128246,2.5499999266679767,2.549999679713399,2.549998654443313,2.549994640356661,2.5499799210279384,2.5499296172567716,2.54976999637605,2.5493011213157004,2.548029193600091,2.5448486268203743,2.5375262902555242,2.522013186088936,2.4917522931447023,2.437306318551375,2.346655568264695,2.2062623261943854,2.0023786638085515,1.7228370557423827
992.0,2.549999998113311,2.5499999956906088,2.549999983056134,2.5499999256406505,2.549999675647488,2.5499986390604077,2.5499945855632045,2.54997973891302,2.5499290559450665,2.5497683996500604,2.5492969459133623,2.54801919116,2.5448267429366815,2.5374826797964376,2.521934205328233,2.491622541212566,2.4371132603859387,2.3463958436594874,2.2059472171397267,2.002035565774589,1.7225054349133047
993.0,2.5499999980793446,2.549999995618186,2.549999982795934,2.5499999246007015,2.5499996715370017,2.5499986235284036,2.5499945303052853,2.5499795554654,2.5499284911421016,2.549766794643197,2.5492927528863563,2.5480091554215516,2.5448048040198303,2.537438991567324,2.5218551345798432,2.491492713095726,2.4369201771946805,2.346136179196744,2.205632264071843,2.0016926937759467,1.7221740524182632
994.0,2.549999998044825,2.5499999955446695,2.549999982532183,2.5499999235479978,2.5499996673815364,2.549998607846137,2.549994474579855,2.5499793706779177,2.5499279228330787,2.549765181329266,2.5492885421968503,2.547999086345182,2.5447828100543006,2.537395225614165,2.5217759739782677,2.4913628090000044,2.4367270691747667,2.3458765749481483,2.205317466854595,2.001350047503435,1.7218429078653406
995.0,2.5499999980097465,2.549999995470044,2.549999982264839,2.5499999224824066,2.5499996631806825,2.549998592012437,2.549994418383851,2.549979184543391,2.5499273510031712,2.549763559682064,2.549284313807054,2.5479889838914604,2.5447607610247855,2.537351381983118,2.5216967236579566,2.491232829130815,2.4365339365227188,2.3456170309848936,2.20500282535202,2.00100762664821,1.7215120008641738
996.0,2.5499999979740977,2.549999995394295,2.5499999819938592,2.549999921403794,2.549999658934028,2.549998576026126,2.5499943617142007,2.549978997054615,2.5499267756375295,2.549761929675376,2.5492800676792204,2.5479788480210903,2.5447386569161887,2.5373074607205153,2.521617383753307,2.4911027736931644,2.436340779434419,2.3453575473776906,2.204688339428335,2.0006654309017837,1.7211813310259292
997.0,2.549999997937873,2.549999995317408,2.5499999817192007,2.5499999203120245,2.5499996546411596,2.5499985598860206,2.5499943045678135,2.549978808204366,2.5499261967212767,2.549760291282979,2.5492758037756476,2.5479686786949083,2.5447164977136243,2.537263461872864,2.521537954398664,2.4909726428916565,2.4361475981051104,2.3450981241967668,2.204374008947931,2.0003234599560336,1.720850897963276
998.0,2.549999997901062,2.549999995239368,2.549999981440821,2.549999919206961,2.54999965030166,2.5499985435909296,2.5499942469415906,2.5499786179853956,2.549925614239513,2.5497586444786413,2.5492715220586772,2.5479584758738842,2.544694283402415,2.5372193854868446,2.5214584357283183,2.4908424369304862,2.435954392729398,2.344838761511872,2.2040598337753727,1.9999817135032125,1.7205207012903603
999.0,2.549999997863657,2.5499999951601593,2.5499999811586758,2.5499999180884663,2.5499996459151086,2.5499985271396564,2.549994188832416,2.5499784263904353,2.549925028177311,2.54975698923612,2.549267222490694,2.5479482395191213,2.544672013968096,2.53717523160931,2.5213788278765072,2.4907121560134464,2.435761163501251,2.3445794593922766,2.2037458137753987,1.9996401912359603,1.7201907406227823
1000.0,2.5499999978256493,2.5499999950797667,2.549999980872721,2.549999916956402,2.549999641481082,2.5499985105309966,2.5499941302371614,2.549978233412194,2.549924438519721,2.549755325529165,2.5492629050341264,2.547937969591857,2.5446496893964072,2.5371310002872853,2.521299130977411,2.490581800343924,2.435567910614009,2.3443202179067795,2.203431948812917,1.9992988928473103,1.7198610155775735
1001.0,2.5499999977870322,2.5499999949981746,2.5499999805829123,2.549999915810628,2.549999636999155,2.5499984937637397,2.5499940711526863,2.5499780390433595,2.5499238452517643,2.549753653331517,2.549258569651449,2.547927666053461,2.5446273096732996,2.5370866915679633,2.5212193451651554,2.4904513701249034,2.435374634260378,2.3440610371237076,2.203118238753006,1.9989578180307004,1.7195315257731743
1002.0,2.5499999977477956,2.549999994915367,2.549999980289204,2.5499999146510026,2.5499996324688974,2.549998476836669,2.549994011575836,2.549977843276599,2.549923248358442,2.549751972616907,2.5492542163051812,2.547917328865438,2.544604874784932,2.537042305498708,2.521139470573809,2.4903208655589637,2.4351813346324356,2.3438019171109197,2.2028046834609114,1.9986169664799798,1.7192022708294121
1003.0,2.549999997707931,2.549999994831328,2.5499999799915516,2.549999913477385,2.5499996278898784,2.549998459748559,2.549993951503443,2.5499776461045567,2.5499226478247277,2.549750283359061,2.5492498449578864,2.547906957989424,2.5445823847176685,2.536997842127051,2.521059507337381,2.490190286848284,2.434988011921633,2.3435428579358097,2.2024912828020446,1.998276337889418,1.7188732503674808
1004.0,2.5499999976674284,2.549999994746042,2.5499999796899084,2.549999912289631,2.5499996232616624,2.5499984424981803,2.549993890932325,2.549977447519856,2.5499220436355703,2.549748585531693,2.5492454555721733,2.547896553387191,2.544559839458082,2.5369533015006924,2.520979455589825,2.4900596341946377,2.4347946663187967,2.3432838596653074,2.2021780366419823,1.9979359319537118,1.718544464009923
1005.0,2.549999997626279,2.5499999946594922,2.549999979384228,2.5499999110875957,2.549999618583812,2.5499984250842935,2.5499938298592877,2.5499772475150984,2.549921435775895,2.549746879108512,2.5492410481106966,2.5478861150206416,2.54453723899295,2.536908683667495,2.520899315465033,2.4899289077993996,2.4346012980141296,2.3430249223658826,2.201864944846463,1.997595748367993,1.7182159113806075
1006.0,2.549999997584475,2.549999994571662,2.549999979074464,2.5499999098711337,2.549999613855886,2.549998407505655,2.549993768281123,2.549977046082864,2.549920824230602,2.549745164063218,2.5492366225361565,2.547875642851814,2.5445145833092546,2.5368639886754902,2.5208190870968386,2.4897981078635407,2.434407907197216,2.3427660461035487,2.201552007281387,1.9972557868278353,1.7178875921047139
1007.0,2.549999997542006,2.549999994482535,2.549999978760569,2.549999908640098,2.5499996090774397,2.5499983897610132,2.5499937061946096,2.5499768432157115,2.549920208984568,2.5497434403695034,2.549232178811299,2.547865136842879,2.544491872394185,2.5368192165728716,2.520738770619013,2.4896672345876323,2.4342144940570183,2.3425072309438626,2.2012392238128142,1.996916047029262,1.7175595058087134
1008.0,2.549999997498862,2.549999994392095,2.549999978442496,2.5499999073943407,2.5499996042480273,2.54999837184911,2.5499936435965123,2.5499766389061778,2.549919590022644,2.549741708001054,2.549227716898917,2.5478545969561397,2.544469106235134,2.536774367407996,2.5206583661652675,2.4895362881718457,2.434021058781884,2.3422484769519296,2.200926594306963,1.996576528668749,1.7172316521203532
1009.0,2.549999997455035,2.5499999943003235,2.549999978120196,2.5499999061337126,2.549999599367198,2.54999835376868,2.5499935804835827,2.549976433146779,2.549918967329659,2.5497399669315484,2.549223236761848,2.5478440231540347,2.5444462848196974,2.5367294412293813,2.52057787386925,2.4894052688159514,2.433827601559545,2.341989784192406,2.2006141186302073,1.9962372314432355,1.716904030668637
1010.0,2.5499999974105156,2.5499999942072047,2.549999977793621,2.549999904858063,2.5499995944344995,2.5499983355184517,2.5499935168525587,2.5499762259300094,2.549918340890415,2.5497382171346583,2.5492187383629776,2.5478334153991344,2.5444234081356756,2.5366844380857088,2.5204972938645467,2.489274176719322,2.4336341225771214,2.3417311527294995,2.2003017966490757,1.9958981550501262,1.7165766410838126
1011.0,2.5499999973652927,2.54999999411272,2.549999977462721,2.5499999035672394,2.5499995894494756,2.5499983170971454,2.549993452700166,2.5499760172483414,2.549917710689692,2.5497364585840483,2.5492142216652383,2.5478227736541426,2.54440047617107,2.5366393580258184,2.520416626284678,2.4891430120809295,2.433440622021122,2.3414725826269756,2.199989628230251,1.995559299187299,1.7162494829973534
1012.0,2.5499999973193574,2.5499999940168525,2.549999977127447,2.5499999022610886,2.5499995844116663,2.5499982985034757,2.549993388023114,2.549975807094226,2.5499170767122465,2.549734691253377,2.549209686631608,2.5478120978818968,2.544377488914087,2.5365942010987084,2.5203358712631023,2.489011775099349,2.4332471000774465,2.3412140739481537,2.1996776132405675,1.9952206635531087,1.7159225560419464
1013.0,2.5499999972726997,2.5499999939195845,2.549999976787749,2.549999900939457,2.5499995793206103,2.5499982797361493,2.549993322818101,2.5499755954600944,2.5499164389428097,2.549732915116298,2.549205133225112,2.5478013880453667,2.5443544463531316,2.5365489673535357,2.5202550289332106,2.4888804659727577,2.4330535569313883,2.3409556267559175,2.199365751547011,1.9948822478463923,1.715595859851475
1014.0,2.549999997225308,2.5499999938208973,2.5499999764435772,2.5499998996021893,2.5499995741758417,2.549998260793867,2.5499932570818116,2.5499753823383546,2.549915797366091,2.549731130146456,2.549200561408825,2.547790644107657,2.5443313484768115,2.5365036568396144,2.52017409942833,2.4887490848989353,2.4328599927676353,2.3406972411127125,2.1990540430167136,1.994544051766475,1.7152693940610075
1015.0,2.5499999971771743,2.549999993720774,2.5499999760948793,2.5499998982491285,2.549999568976892,2.549998241675322,2.5499931908109157,2.5499751677213944,2.549915151966774,2.5497293363174918,2.5491959711458683,2.5477798660320037,2.5443081952739344,2.5364582696064146,2.5200930828817194,2.4886176320752647,2.4326664077702724,2.340438917080548,2.1987424875169577,1.9942060750131732,1.7149431583067816
1016.0,2.549999997128287,2.5499999936191937,2.549999975741605,2.549999896880116,2.549999563723289,2.549998222379201,2.5499931240020706,2.5499749516015795,2.5499145027295205,2.5497275336030403,2.5491913623994105,2.547769053781778,2.5442849867335084,2.53641280570356,2.520011979426571,2.488486107698733,2.432472802122784,2.340180654721004,2.19843108491517,1.9938683172867995,1.7146171522261935
1017.0,2.5499999970786362,2.54999999351614,2.549999975383702,2.549999895494993,2.5499995584145587,2.549998202904182,2.5499930566519193,2.549974733971254,2.549913849638968,2.5497257219767318,2.549186735132668,2.5477582073204808,2.5442617228447406,2.5363672651808318,2.519930789196009,2.488354511965931,2.4322791760080564,2.3399224540952277,2.1981198350789226,1.993530778288167,1.7142913754577838
1018.0,2.549999997028211,2.5499999934115944,2.5499999750211173,2.549999894093599,2.5499995530502235,2.549998183248938,2.549992988757092,2.5499745148227424,2.5499131926797327,2.549723901412189,2.5491820893089057,2.54774732661175,2.544238403597037,2.53632164808816,2.519849512323089,2.4882228450730564,2.4320855296083774,2.339664315263942,2.1978087378759303,1.9931934577185921,1.7139658276412253
1019.0,2.549999996977,2.5499999933055366,2.5499999746537982,2.549999892675771,2.5499995476298016,2.5499981634121336,2.5499929203142044,2.5499742941483463,2.5499125318364046,2.5497220718830316,2.5491774248914387,2.5477364116193533,2.5442150289800027,2.536275954475629,2.5197681489407966,2.488091107215909,2.4318918631054403,2.339406238287443,2.197497793174051,1.9928563552798995,1.7136405084173116
1020.0,2.5499999969249947,2.5499999931979476,2.549999974281692,2.549999891241348,2.549999542152809,2.5499981433924264,2.5499928513198604,2.5499740719403468,2.5499118670935523,2.549720233362874,2.5491727418436287,2.547725462307193,2.544191598983439,2.5362301843934745,2.5196866991820484,2.4879592985898973,2.431698176680345,2.3391482232256045,2.1971870008412835,1.9925194706744245,1.713315417427945
1021.0,2.5499999968721823,2.549999993088808,2.5499999739047436,2.549999889790164,2.549999536618758,2.5499981231884683,2.549992781770648,2.549973848191003,2.549911198435722,2.5497183858253263,2.5491680401288868,2.547714478639305,2.5441681135973457,2.5361843378920805,2.5196051631796887,2.487827419390035,2.4315044705136017,2.33889027013788,2.196876360745765,1.9921828036108893,1.7129906758967144
1022.0,2.549999996818552,2.5499999929780985,2.5499999735228993,2.549999888322053,2.549999531027158,2.5499981027989027,2.5499927116631422,2.549973622892554,2.549910525847435,2.5497165292439923,2.549163319710673,2.5477034605798567,2.544144572811919,2.5361384150219823,2.5195235410664916,2.4876954698109435,2.4313107447851285,2.3386323790833057,2.196565872755774,1.9918463538216,1.7126661658639784
1023.0,2.549999996764092,2.5499999928658,2.549999973136104,2.549999886836848,2.5499995253775145,2.549998082222366,2.5499926409939055,2.5499733960372164,2.5499098493131926,2.549714663592474,2.549158580552498,2.5476924080931482,2.5441209766175508,2.5360924158338634,2.5194418329751582,2.4875634500468506,2.4311169996742588,2.338374550120502,2.1962555367397383,1.9915101210441248,1.7123418869046148
1024.0,2.5499999967087916,2.54999999275189,2.5499999727443026,2.549999885334381,2.549999519669331,2.5499980614574875,2.5499925697594863,2.5499731676171873,2.5499091688174715,2.549712788844368,2.549153822617919,2.5476813211436133,2.544097325004829,2.5360463403785514,2.5193600390383173,2.487431360291594,2.430923235359739,2.3381167833076755,2.195945352566242,1.991174105015359,1.7120178385969365
1025.0,2.549999996652639,2.5499999926363515,2.5499999723474387,2.5499998838144826,2.5499995139021063,2.5499980405028895,2.549992497956418,2.549972937624642,2.549908484344727,2.549710904973267,2.549149045870547,2.5476701996958186,2.5440736179645373,2.536000188707024,2.519278159388525,2.487299200738618,2.430729452019734,2.337859078702622,2.195635320104033,1.9908383054715708,1.7116940205225861
1026.0,2.5499999965956235,2.5499999925191617,2.5499999719454554,2.549999882276981,2.549999508075338,2.5499980193571883,2.5499924255812214,2.549972706051733,2.5499077958793905,2.549709011952761,2.549144250274039,2.5476590437144626,2.5440498554876507,2.535953960870401,2.519196194158261,2.4871669715809777,2.4305356498318256,2.3376014363627293,2.1953254392220307,1.9905027221484426,1.711370432266428
1027.0,2.549999996537733,2.5499999924003003,2.5499999715382966,2.549999880721704,2.549999502188518,2.5499979980189904,2.5499923526304045,2.5499724728905946,2.549907103405872,2.549707109756435,2.5491394357921036,2.5476478531643765,2.5440260375653425,2.5359076569199495,2.519114143479933,2.487034673011337,2.430341828973016,2.337343856344977,2.195015709789332,1.9901673547811112,1.7110470734164498
1028.0,2.5499999964789555,2.549999992279747,2.5499999711259047,2.549999879148478,2.5499994962411363,2.5499979764868974,2.5499922791004592,2.5499722381333374,2.54990640690856,2.5497051983578736,2.5491346023885004,2.5476366280105247,2.544002164188975,2.5358612769070783,2.5190320074858703,2.48690230522197,2.43014798961973,2.3370863387059417,2.194706131675216,1.9898322031042088,1.7107239435636634
1029.0,2.5499999964192783,2.5499999921574794,2.549999970708221,2.549999877557128,2.549999490232679,2.5499979547595015,2.5499922049878663,2.549972001772053,2.5499057063718196,2.549703277730654,2.5491297500270393,2.547625368218004,2.5439782353501075,2.5358148208833393,2.518949786308329,2.486769868404763,2.4299541319478166,2.336828883501797,2.1943967047491477,1.9894972668519002,1.7104010423020173
1030.0,2.5499999963586903,2.5499999920334773,2.5499999702851874,2.5499998759474773,2.54999948416263,2.5499979328353897,2.54999213028909,2.5499717637988115,2.5499050017799947,2.5497013478483552,2.549124878671579,2.547614073752044,2.5439542510404882,2.5357682889004254,2.5188674800794875,2.4866373627512113,2.4297602561325524,2.3365714907883186,2.194087428880782,1.9891625457579183,1.7100783692283061
1031.0,2.5499999962971778,2.5499999919077188,2.549999969856745,2.5499998743193477,2.5499994780304687,2.5499979107131407,2.5499920550005846,2.549971524205661,2.5499042931174056,2.5496994086845497,2.5491199882860305,2.547602744578005,2.543930211252059,2.5357216810101697,2.5187850889314456,2.4865047884524243,2.4295663623486385,2.336314160620882,2.1937783039399674,1.9888280395556013,1.7097559239420892
1032.0,2.549999996234729,2.549999991780182,2.5499999694228337,2.5499998726725606,2.549999471835671,2.549997888391326,2.5499919791187864,2.5499712829846293,2.5499035803683534,2.5496974602128097,2.5491150788343564,2.547591380661382,2.5439061159769514,2.5356749972645467,2.5187026129962273,2.4863721456991223,2.4293724507702086,2.3360568930544696,2.193469329796746,1.9884937479779254,1.7094337060456088
1033.0,2.5499999961713335,2.5499999916508456,2.549999968983393,2.5499998710069343,2.5499994655777103,2.5499978658685105,2.549991902640121,2.5499710401277236,2.549902863517116,2.549695502406705,2.549110150280569,2.5475799819678002,2.543881965207489,2.5356282377156685,2.5186200524057765,2.4862394346816394,2.4291785215708286,2.335799688143668,2.1931605063213584,1.9881596707575375,1.7091117151437163
1034.0,2.5499999961069744,2.5499999915196856,2.549999968538363,2.549999869322288,2.549999459256057,2.54999784314325,2.5499918255609995,2.5499707956269297,2.5499021425479493,2.549693535239802,2.5491052025887333,2.547568548463019,2.5438577589361837,2.535581402415785,2.518537407291958,2.486106655589923,2.4289845749234957,2.335542545942676,2.1928518333842435,1.987825807626788,1.7087899508437967
1035.0,2.549999996041642,2.5499999913866813,2.5499999680876817,2.549999867618438,2.5499994528701766,2.549997820214095,2.549991747877818,2.5499705494742133,2.5499014174450885,2.5496915586856663,2.5491002357229653,2.5475570801129286,2.5438334971557395,2.535534491417282,2.518454677786558,2.485973808613535,2.428790611000645,2.3352854665053018,2.192543310856039,1.9874921583177592,1.7084684127557017
1036.0,2.5499999959753223,2.5499999912518088,2.5499999676312872,2.549999865895199,2.549999446419532,2.5499977970795875,2.5499916695869596,2.549970301661518,2.5499006881927477,2.5496895727178623,2.5490952496474324,2.5475455768835515,2.5438091798590468,2.535487504772684,2.518371864021281,2.48584089394165,2.428596629974148,2.335028449884966,2.1922349386075815,1.987158722562297,1.7081471004916793
1037.0,2.5499999959080024,2.5499999911150457,2.5499999671691174,2.549999864152384,2.549999439903583,2.5499977737382613,2.5499915906847948,2.5499700521807673,2.5498999547751184,2.5496875773099514,2.5490902443263543,2.547534038741043,2.5437848070391857,2.5354404425346484,2.5182889661277508,2.4857079117630616,2.428402632015315,2.3347714961347084,2.1919267165099097,1.9868255000920372,1.7078260136663137
1038.0,2.5499999958396686,2.549999990976368,2.549999966701109,2.5499998623898072,2.5499994333217852,2.549997750188644,2.549991511167678,2.549969801023865,2.5498992171763724,2.549685572435495,2.549085219724004,2.5475224656516895,2.5437603786894236,2.535393304755968,2.51820598423751,2.4855748622661755,2.4282086172948985,2.3345146053071826,2.1916186444342616,1.9864924906384327,1.7075051518964632
1039.0,2.5499999957703077,2.5499999908357527,2.5499999662271984,2.5499998606072776,2.5499994266735913,2.549997726429256,2.5499914310319514,2.549969548182691,2.549898475380659,2.5496835580680526,2.549080175804704,2.5475108575819094,2.543735894803216,2.5353460914895667,2.5181229184820197,2.485441745639015,2.4280145859830924,2.3342577774546647,2.191310722252073,1.9861596939327808,1.7071845148012004
1040.0,2.5499999956999058,2.5499999906931765,2.5499999657473222,2.549999858804606,2.549999419958451,2.54999770245861,2.5499913502739426,2.5499692936491085,2.5498977293721072,2.549681534181183,2.5490751125328326,2.547499214498253,2.543711355374204,2.535298802788504,2.518039768992656,2.4853085620692212,2.427820538249538,2.334001012629053,2.19100294983498,1.9858271097062485,1.7068641020017572
1041.0,2.5499999956284496,2.5499999905486153,2.5499999652614145,2.549999856981599,2.5499994131758097,2.54999767827521,2.549991268889966,2.549969037414956,2.5498969791348243,2.549679500748444,2.5490700298728184,2.547487536367403,2.543686760396216,2.535251438705968,2.517956535900714,2.485175311744052,2.4276264742633216,2.333744310881869,2.1906953270548155,1.9854947376898953,1.706543913121472
1042.0,2.5499999955559236,2.5499999904020436,2.5499999647694116,2.549999855138065,2.5499994063251092,2.5499976538775546,2.549991186876322,2.5499687794720542,2.5498962246528993,2.549677457743393,2.549064927789143,2.547475823156173,2.5436621098632655,2.5352039992952786,2.517873219337403,2.4850419948503824,2.4274323941929774,2.333487672264262,2.1903878537836086,1.9851625776146968,1.7062239477857377
1043.0,2.5499999954823145,2.549999990253439,2.549999964271246,2.549999853273807,2.549999399405789,2.5499976292641335,2.5499911042292958,2.549968519812202,2.5498954659103985,2.5496754051395873,2.5490598062463423,2.547464074831509,2.5436374037695506,2.5351564846098853,2.5177898194338497,2.484908611574707,2.4272382982064915,2.33323109682701,2.190080529893585,1.9848306292115687,1.7059042056219513
1044.0,2.54999999540761,2.549999990102775,2.5499999637668522,2.5499998513886295,2.549999392417284,2.549997604433429,2.549991020945161,2.549968258427178,2.5498947028913665,2.5496733429105842,2.5490546652090047,2.5474522913604876,2.543612642109455,2.535108894703367,2.517706336321094,2.48477516210314,2.4270441864713015,2.33297458462052,2.1897733552571625,1.9844988922113869,1.7055846862594686
1045.0,2.549999995331793,2.5499999899500274,2.5499999632561625,2.549999849482335,2.549999385359026,2.549997579383916,2.5499909370201754,2.5499679953087395,2.5498939355798305,2.5496712710299407,2.5490495046417716,2.547440472710317,2.543587824877546,2.535061229629429,2.517622770130091,2.4846416466214145,2.426850059154299,2.3327181356948348,2.1894663297469528,1.9841673663450088,1.7052653893295575
1046.0,2.5499999952548498,2.549999989795171,2.54999996273911,2.549999847554724,2.549999378230442,2.549997554114062,2.549990852450584,2.549967730448624,2.5498931639597946,2.549669189471213,2.5490443245093384,2.547428618848337,2.543562952068574,2.535013489441904,2.5175391209917097,2.484508065314883,2.426655916421833,2.3324617500996303,2.1891594532357552,1.9838360513432938,1.7049463144653567
1047.0,2.5499999951767665,2.54999998963818,2.549999962215626,2.549999845605596,2.549999371030958,2.549997528622327,2.549990767232617,2.549967463838548,2.5498923880152446,2.5496670982079603,2.5490391247764546,2.547416729742019,2.5435380236774723,2.5349656741947526,2.517455389036732,2.484374418368521,2.4264617584397064,2.3322054278842206,2.1888527255965604,1.9835049469371213,1.704627461301831
1048.0,2.5499999950975263,2.549999989479029,2.5499999616856415,2.5499998436347466,2.5499993637599943,2.5499975029071638,2.5499906813624915,2.549967195470208,2.549891607730145,2.54966499721374,2.5490339054079216,2.5474048053589655,2.543513039699358,2.534917783942058,2.517371574395853,2.4842407059669247,2.4262675853731857,2.331949169097559,2.1885461467025427,1.9831740528574104,1.704308829475735
1049.0,2.549999995017115,2.549999989317692,2.549999961149087,2.5499998416419736,2.5499993564169694,2.5499974769670155,2.5499905948364106,2.5499669253352795,2.5498908230884405,2.549662886462111,2.549028666368598,2.54739284566691,2.5434880001295284,2.53486981873803,2.5172876771996795,2.4841069282943105,2.426073397386997,2.33169297378824,2.188239716427062,1.9828433688351375,1.7039904186255708
1050.0,2.5499999949355177,2.5499999891541423,2.549999960605893,2.5499998396270716,2.549999349001296,2.54999745080032,2.5499905076505627,2.5499666534254173,2.549890034074056,2.549660765926633,2.5490234076233937,2.5473808506337177,2.5434629049634623,2.5348217786369993,2.5172036975787306,2.483973085534519,2.425879194645329,2.3314368420045026,2.187933434643661,1.9825128946013528,1.7036722283915555
1051.0,2.549999994852718,2.549999988988353,2.549999960055989,2.549999837589833,2.549999341512385,2.549997424405507,2.5499904198011225,2.5499663797322567,2.549889240670897,2.5496586355808675,2.5490181291372744,2.547368820227383,2.5434377541968205,2.5347736636934224,2.517119635663435,2.4838391778710145,2.4256849773118367,2.33118077379423,2.1876273012260614,1.9821826298871978,1.703354258415581
1052.0,2.5499999947687026,2.5499999888202987,2.549999959499303,2.54999983553005,2.5499993339496427,2.5499973977809978,2.549990331284252,2.549966104247411,2.549888442862848,2.5496564953983762,2.549012830875261,2.5473567544160325,2.543412547825442,2.534725473961875,2.5170354915841338,2.4837052054868836,2.4254907455496406,2.330924769204954,2.187321316048163,1.9818525744239204,1.7030365083411843
1053.0,2.549999994683454,2.549999988649951,2.5499999589357625,2.5499998334475116,2.5499993263124727,2.549997370925207,2.5499902420960976,2.5499658269624756,2.5498876406337754,2.5496543453527236,2.5490075128024277,2.547344653167923,2.543387285845347,2.5346772094970556,2.516951265471077,2.483571168564838,2.4252964995213304,2.330668828283856,2.187015478984042,1.98152272794289,1.7027189778135123
1054.0,2.5499999945969556,2.549999988477283,2.5499999583652966,2.5499998313420074,2.549999318600274,2.54999734383654,2.549990152232793,2.5499655478690233,2.5498868339675247,2.5496521854174747,2.5490021748839027,2.547332516451443,2.543361968252735,2.5346288703537807,2.5168669574544245,2.4834370672872144,2.4251022393889654,2.3304129510777685,2.1867097899079457,1.981193090175613,1.7024016664792918
1055.0,2.549999994509192,2.5499999883022664,2.549999957787831,2.5499998292133226,2.5499993108124426,2.5499973165133962,2.5499900616904556,2.5499652669586075,2.549886022847923,2.5496500155661974,2.5489968170848725,2.5473203442351107,2.543336595043982,2.534580456586988,2.516782567664245,2.483302901835974,2.424907965314078,2.3301571376331793,2.186404248694295,1.9808636608537462,1.7020845739867982
1056.0,2.549999994420147,2.549999988124874,2.5499999572032914,2.549999827061244,2.5499993029483696,2.5499972889541667,2.549989970465193,2.549964984222761,2.549885207258778,2.5496478357724612,2.5489914393705764,2.547308136487575,2.543311166215644,2.5345319682517324,2.5166980962305154,2.483168672392705,2.424713677457674,2.3299013879962294,2.1860988552176774,1.9805344397091105,1.7017676999858269
1057.0,2.5499999943298057,2.549999987945078,2.5499999566116047,2.549999824885555,2.549999295007445,2.5499972611572344,2.5499898785530952,2.549964699652998,2.5498843871838774,2.549645646009838,2.548986041706309,2.5472958931776146,2.5432856817644547,2.5344834054031873,2.5166135432831216,2.483034379138622,2.424519375980234,2.32964570221272,2.185793609352848,1.9802054264737041,1.7014510441276651
1058.0,2.549999994238149,2.549999987762849,2.5499999560126954,2.5499998226860376,2.5499992869890518,2.549997233120975,2.549989785950239,2.549964413240809,2.549883562606991,2.5496434462519013,2.5489806240574207,2.54728361427414,2.5432601416873233,2.5344347680966415,2.516528908951856,2.482900022254566,2.4243250610417175,2.3293900803281113,2.1854885109747264,1.9798766208797145,1.7011346060650658
1059.0,2.5499999941451605,2.549999987578159,2.549999955406487,2.549999820462472,2.5499992788925727,2.5499972048437556,2.549989692652688,2.5499641249776674,2.5498827335118692,2.5496412364722287,2.5489751863893186,2.5472712997461917,2.5432345459813366,2.5343860563875,2.516444193366419,2.4827656019210074,2.4241307328015624,2.329134522387523,2.185183559958393,1.9795480226595306,1.7008183854522192
1060.0,2.549999994050823,2.5499999873909784,2.549999954792903,2.549999818214637,2.5499992707173837,2.5499971763239366,2.5499895986564907,2.549963834855025,2.5498818998822426,2.5496390166444,2.5489697286674637,2.547258949562938,2.543208894643756,2.5343372703312834,2.5163593966564157,2.4826311183180434,2.423936391418687,2.3288790284357406,2.184878756179088,1.9792196315457555,1.700502381944733
1061.0,2.5499999939551206,2.5499999872012777,2.549999954171868,2.5499998159423107,2.549999262462859,2.5499971475598704,2.5499895039576828,2.5499635428643153,2.549881061701824,2.5496367867419965,2.5489642508573747,2.54724656369368,2.5431831876720192,2.534288409983626,2.516274518951359,2.4824965716254006,2.423742037051493,2.328623598517214,2.1845740995122096,1.9788914472712156,1.7001865951996022
1062.0,2.5499999938580356,2.549999987009028,2.5499999535433027,2.549999813645268,2.5499992541283687,2.5499971185499004,2.5499894085522854,2.5499632489969484,2.549880218954308,2.5496345467386043,2.5489587529246256,2.5472341421078477,2.5431574250637388,2.534239475400275,2.516189560380666,2.482361962022436,2.423547669857866,2.328368232676061,2.18426958983331,1.9785634695689722,1.6998710248751887
1063.0,2.549999993759549,2.549999986814199,2.549999952907129,2.549999811323284,2.549999245713277,2.5499970892923636,2.549989312436305,2.5499629532443175,2.5498793716233696,2.549632296607814,2.5489532348348463,2.547221684775,2.543131606816701,2.5341904666370905,2.5161045210736606,2.4822272896881357,2.4233532899951786,2.3281129309560677,2.1839652270180965,1.9782356981723321,1.6995556706312014
1064.0,2.549999993659644,2.54999998661676,2.5499999522632675,2.54999980897613,2.549999237216948,2.5499970597855883,2.549989215605735,2.5499626555977937,2.5498785196926654,2.549630036323217,2.548947696553724,2.5472091916648276,2.543105732928866,2.5341413837500455,2.5160194011595696,2.4820925548011163,2.423158897620291,2.3278576934006914,2.183661010942424,1.9779081328148571,1.6992405321286694
1065.0,2.549999993558303,2.5499999864166814,2.549999951611639,2.5499998066035774,2.5499992286387396,2.549997030027895,2.549989118056555,2.54996235604873,2.5498776631458346,2.5496277658584092,2.5489421380470016,2.5471966627471487,2.543079803398368,2.534092226795222,2.5159342007675236,2.481957757539627,2.4229644928895517,2.3276025200530626,2.1833569414822995,1.9775807732303725,1.6989256090299245
1066.0,2.549999993455507,2.5499999862139306,2.549999950952163,2.5499998042053953,2.549999219978006,2.5499970000175973,2.5499890197847295,2.5499620545884567,2.549876801966497,2.549625485186992,2.548936559280479,2.5471840979919125,2.5430538182235116,2.5340429958288118,2.515848920026558,2.481822898081548,2.422770075958802,2.3273474109559853,2.183053018513875,1.9772536191529775,1.6986109009985815
1067.0,2.5499999933512387,2.549999986008479,2.5499999502847586,2.549999801781351,2.5499992112340992,2.5499969697529994,2.549988920786208,2.5499617512082873,2.549875936138255,2.5496231942825687,2.548930960220013,2.547171497369197,2.5430277774027754,2.533993690907119,2.5157635590656113,2.481687976604391,2.4225756469833764,2.327092366151941,2.182749241913446,1.9769266703170538,1.698296407699517
1068.0,2.5499999932454775,2.5499999858002935,2.5499999496093437,2.5499997993312107,2.5499992024063647,2.5499969392323987,2.5499888210569295,2.5499614458995135,2.5498750656446934,2.549620893118748,2.5489253408315187,2.5471588608492084,2.5430016809348097,2.5339443120865512,2.5156781180135237,2.4815529932853035,2.4223812061181027,2.326837385683089,2.1824456115574526,1.9765999264572724,1.6979821287988521
1069.0,2.5499999931382065,2.5499999855893423,2.5499999489258354,2.5499997968547383,2.549999193494147,2.549996908454084,2.5499887205928156,2.5499611386534067,2.5498741904693776,2.5496185816691423,2.5489197010809654,2.5471461884022846,2.5429755288184346,2.5338948594236284,2.5155925969990376,2.481417948301064,2.4221867535173067,2.3265824695912674,2.1821421273224746,1.9762733873086034,1.6976680639639325
1070.0,2.5499999930294055,2.5499999853755932,2.5499999482341513,2.549999794351696,2.5499991844967846,2.549996877416337,2.5499886193897745,2.549960829461221,2.5498733105958573,2.54961625990737,2.548914040934382,2.547133479998891,2.5429493210526406,2.533845332974974,2.5155069961507985,2.4812828418280866,2.4219922893348125,2.3263276179179977,2.1818387890852304,1.9759470526063225,1.6973542128633123
1071.0,2.549999992919056,2.5499999851590154,2.5499999475342077,2.549999791821845,2.549999175413613,2.5499968461174296,2.5499885174437016,2.5499605183141876,2.549872426007662,2.5496139278070533,2.548908360357854,2.5471207356096217,2.5429230576365907,2.53379573279732,2.515421315597352,2.4811476740424205,2.421797813723942,2.326072830704483,2.181535596722576,1.9756209220860186,1.6970405751667383
1072.0,2.549999992807139,2.549999984939575,2.5499999468259187,2.5499997892649446,2.549999166243964,2.549996814555628,2.549988414750477,2.5499602052035204,2.5498715366883062,2.5496115853418186,2.548902659317525,2.5471079552052,2.5428967385696133,2.533746058947502,2.5153355554671455,2.481012445119749,2.4216033268375217,2.3258181079916125,2.1812325501115017,1.9752949954836012,1.6967271505451311
1073.0,2.549999992693634,2.5499999847172385,2.5499999461092,2.5499997866807522,2.549999156987165,2.549996782729189,2.5499883113059676,2.5499598901204124,2.5498706426212845,2.549609232485299,2.5488969377795954,2.547095138756479,2.542870363851209,2.533696311482459,2.5152497158885256,2.480877155235392,2.421408828827879,2.325563449819961,2.1809296491291312,1.9749692725353065,1.6964139386705694
1074.0,2.5499999925785226,2.5499999844919734,2.5499999453839655,2.5499997840690227,2.5499991476425405,2.549996750636362,2.5499882071060256,2.5499595730560367,2.5498697437900764,2.5496068692111318,2.548891195710323,2.5470822862344384,2.542843933481045,2.533646490459237,2.5151637969897402,2.4807418045643077,2.4212143198468477,2.325308856229793,2.18062689365272,1.9746437529777046,1.6961009392162782
1075.0,2.549999992461783,2.5499999842637457,2.549999944650128,2.54999978142951,2.549999138209409,2.5499967182753878,2.5499881021464885,2.549959254001547,2.5498688401781426,2.54960449549296,2.548885433076026,2.5470693976101884,2.542817447458957,2.5335965959349807,2.5150777988989357,2.480606393281089,2.4210198000457677,2.325054327261062,2.180324283559654,1.9743184365477044,1.6957881518566094
1076.0,2.549999992343396,2.549999984032522,2.5499999439076,2.5499997787619675,2.5499991286870873,2.5499966856445,2.549987996423181,2.5499589329480785,2.5498679317689272,2.549602111304432,2.5488796498430792,2.5470564728549663,2.542790905784948,2.533546627966941,2.5149917217441575,2.4804709215599683,2.420825269575487,2.324799862953413,2.1800218187274463,1.9739933229825612,1.6954755762670297
1077.0,2.5499999922233405,2.5499999837982674,2.549999943156294,2.5499997760661444,2.5499991190748874,2.549996652741923,2.5499878899319137,2.549958609886745,2.549867018545857,2.5495997166192033,2.548873845977914,2.5470435119401382,2.542764308459188,2.533496586612466,2.514905565653351,2.480335389574816,2.4206307285863646,2.3245454633461837,2.179719499033737,1.9736684120198817,1.695163212124108
1078.0,2.549999992101598,2.549999983560947,2.5499999423961213,2.5499997733417903,2.5499991093721173,2.5499966195658743,2.549987782668482,2.5499582848086417,2.5498661004923426,2.549597311410934,2.5488680214470225,2.547030514837198,2.5427376554820116,2.533446471929008,2.5148193307543587,2.480199797499141,2.4204361772282703,2.324291128478408,2.179417324356292,1.9733437033976289,1.6948510591054986
1079.0,2.5499999919781446,2.549999983320526,2.549999941626991,2.549999770588652,2.5499990995780806,2.5499965861145624,2.5499876746286674,2.5499579577048452,2.5498651775917764,2.54959489565329,2.548862176216955,2.547017481517769,2.542710946853921,2.5333962839741164,2.5147330171749216,2.480064145506093,2.4202416156505864,2.3240368583888147,2.179115294573,1.9730191968541275,1.6945391168899304
1080.0,2.5499999918529603,2.5499999830769697,2.5499999408488145,2.549999767806475,2.5499990896920774,2.549996552386187,2.549987565808238,2.54995762856641,2.549864249827535,2.549592469319945,2.54885631025432,2.5470044119536004,2.542684182575583,2.5333460228054405,2.5146466250426776,2.4799284337684613,2.420047044002213,2.323782653115831,2.1788134095618727,1.972694892128069,1.6942273851571938
1081.0,2.5499999917260245,2.5499999828302418,2.549999940061499,2.5499997649950017,2.549999079713404,2.549996518378943,2.549987456202947,2.549957297384374,2.5498633171829788,2.549590032384579,2.548850423525784,2.54699130611657,2.542657362647829,2.5332956884807274,2.5145601544851615,2.4797926624586752,2.419852462431563,2.3235285126975835,2.1785116692010424,1.972370788948301,1.6939156497239358
1082.0,2.549999991597315,2.5499999825803066,2.5499999392649535,2.5499997621539743,2.549999069641352,2.5499964840910136,2.5499873458085345,2.5499569641497537,2.5498623796414503,2.5495875848208773,2.5488445159980735,2.546978163978684,2.542630487071654,2.533245281057822,2.5144736056298056,2.479656831748807,2.4196578710865717,2.323274437171899,2.178210073368755,1.9720468870039063,1.6936041171776928
1083.0,2.5499999914668097,2.5499999823271278,2.5499999384590843,2.5499997592831325,2.5499990594752098,2.549996449520575,2.5499872346207253,2.5499566288535487,2.5498614371862773,2.5495851266025333,2.5488385876379738,2.546964985512075,2.542603555848217,2.533194800594666,2.514386978603938,2.4795209418105704,2.419463270114691,2.323020426576308,2.1779086219433577,1.97172318597609,1.6932927873237646
1084.0,2.549999991334487,2.549999982070669,2.5499999376437996,2.549999756382215,2.549999049214261,2.549996414665796,2.5499871226352306,2.549956291486735,2.5498604898007704,2.5495826577032474,2.548832638412329,2.546951770689004,2.5425765689788404,2.533144247149296,2.5143002735347824,2.479384992815321,2.419268659662897,2.3227664809480433,2.1776073148032773,1.971399685548511,1.6929816599643563
1085.0,2.549999991200325,2.5499999818108923,2.549999936819004,2.5499997534509573,2.549999038857785,2.5499963795248357,2.549987009847748,2.549955952040274,2.5498595374682234,2.5495801780967264,2.5488266682880427,2.5469385194818597,2.542549526465008,2.5330936207798453,2.5142134905494573,2.4792489849340593,2.4190740398776867,2.3225126003240435,2.1773061518270067,1.9710763854072164,1.692670734898741
1086.0,2.5499999910643014,2.549999981547761,2.549999935984603,2.5499997504890946,2.5499990284050593,2.549996344095846,2.54998689625396,2.549955610505105,2.549858580171915,2.549577687756685,2.5488206772320776,2.546925231863156,2.5425224283083674,2.5330429215445394,2.5141266297749776,2.4791129183374285,2.418879410905083,2.3222587847409537,2.177005132893088,1.9707532852405745,1.6923600119234137
1087.0,2.5499999909263926,2.549999981281237,2.5499999351405007,2.5499997474963587,2.5499990178553533,2.549996308376971,2.549986781849535,2.5499552668721495,2.549857617895108,2.5495751866568455,2.548814665211456,2.5469119078055362,2.5424952745107254,2.5329921495017,2.5140396913382523,2.4789767931957165,2.4186847728906353,2.3220050342351284,2.1767042578801,1.9704303847392128,1.6920494908322385
1088.0,2.549999990786576,2.5499999810112826,2.5499999342866007,2.5499997444724807,2.5499990072079366,2.5499962723663465,2.549986666630129,2.5499549211323087,2.5498566506210487,2.549572674770937,2.54880863219326,2.546898547281768,2.5424680650740514,2.532941304709739,2.5139526753660846,2.4788406096788567,2.418490125979422,2.3217513488426293,2.1764035266666477,1.9701076835959581,1.6917391714165906
1089.0,2.549999990644829,2.5499999807378586,2.5499999334228054,2.5499997414171895,2.5499989964620715,2.549996236062099,2.5499865505913815,2.549954573276465,2.5498556783329684,2.549570152072698,2.548802578144632,2.546885150264748,2.5424408000004752,2.5328903872271624,2.513865581985171,2.478704367956427,2.418295470316048,2.32149772859923,2.1761029391313524,1.9697851815057756,1.6914290534654848
1090.0,2.549999990501127,2.5499999804609272,2.5499999325490172,2.549999738330212,2.549998985617018,2.5499961994623472,2.549986433728919,2.549954223295482,2.5498547010140817,2.549567618535874,2.548796503032772,2.546871716727499,2.5424134792922857,2.532839397112567,2.513778411322103,2.4785680681976534,2.418100806044653,2.3212441735404163,2.17580249515284,1.9694628781657146,1.6911191367657046
1091.0,2.5499999903554476,2.549999980180449,2.5499999316651376,2.5499997352112747,2.549998974672031,2.549996162565202,2.549986316038354,2.549953871180205,2.5498537186475883,2.5495650741342195,2.5487904068249434,2.54685824664317,2.542386102951931,2.53278833442464,2.5136911635033634,2.4784317105714075,2.417906133308908,2.3209906837013863,2.1755021946097375,1.9691407732748534,1.6908094211019242
1092.0,2.5499999902077666,2.5499999798963837,2.549999930771066,2.5499997320600993,2.5499989636263614,2.5499961253687653,2.5499861975152847,2.549953516921458,2.549852731216673,2.549562518841496,2.5487842894884674,2.546844739985036,2.5423586709820194,2.532737199222159,2.5136038386553294,2.478295295246209,2.417711452252018,2.320737259117053,2.1752020373806626,1.9688188665342439,1.6904999062568187
1093.0,2.54999999005806,2.549999979608692,2.5499999298667033,2.549999728876408,2.549998952479257,2.549996087871132,2.5499860781552943,2.5499531605100474,2.549851738704504,2.549559952631475,2.5487781509907252,2.5468311967264996,2.542331183385316,2.532685991563989,2.513516436904269,2.4781588223902253,2.4175167630167245,2.320483899822044,2.174902023344221,1.9684971576468633,1.6901905920111788
1094.0,2.5499999899063033,2.5499999793173336,2.5499999289519466,2.5499997256599203,2.54999894122996,2.549996050070386,2.549985957953954,2.5499528019367625,2.549850741094235,2.549557375477935,2.54877199129916,2.5468176168410883,2.5423036401647447,2.532634711509086,2.5134289583763434,2.478022292171273,2.4173220657453065,2.3202306058507043,2.174602152379001,1.968175646317564,1.6898814781440101
1095.0,2.5499999897524703,2.5499999790222674,2.5499999280266947,2.5499997224103543,2.5499989298777086,2.5499960119646077,2.549985836906818,2.54995244119237,2.549849738369005,2.549554787354665,2.5487658103812745,2.546804000302456,2.542276041323387,2.5325833591164932,2.5133414031976047,2.477885704756817,2.4171273605795833,2.3199773772370964,2.174302424363569,1.9678543322530235,1.6895725644326351
1096.0,2.5499999895965377,2.549999978723453,2.5499999270908447,2.549999719127425,2.549998918421738,2.5499959735518636,2.549985715009429,2.54995207826762,2.5498487305119384,2.5495521882354626,2.548759608204631,2.5467903470843822,2.54224838686448,2.5325319344453385,2.5132537714939973,2.4777490603139745,2.4169326476609134,2.319724214015001,2.1740028391764668,1.9675332151617015,1.6892638506527866
1097.0,2.549999989438481,2.549999978420849,2.5499999261442934,2.549999715810847,2.549998906861278,2.549995934830215,2.549985592257314,2.549951713153244,2.5498477175061427,2.5495495780941337,2.5487533847368544,2.546776657160773,2.5422206767914175,2.532480437554839,2.5131660633913557,2.4776123590095107,2.4167379271301974,2.319471116217919,2.17370339669621,1.9672122947537938,1.688955336578698
1098.0,2.549999989278274,2.5499999781144123,2.5499999251869347,2.549999712460332,2.5499988951955546,2.5499958957977147,2.5499854686459855,2.5499513458399545,2.5498466993347124,2.549546956904495,2.548747139945629,2.5467629305056585,2.5421929111077493,2.532428868504296,2.5130782790154056,2.4774756010098433,2.4165431991278807,2.319218083879072,2.1734040968012844,1.9668915707411878,1.6886470219831877
1099.0,2.549999989115891,2.5499999778041023,2.549999924218665,2.549999709075591,2.5499988834237897,2.5499958564524063,2.5499853441709432,2.5499509763184434,2.549845675980726,2.549544324640371,2.5487408737987005,2.5467491670931963,2.54216508981718,2.532377227353094,2.512990418491762,2.477338786481042,2.4163484637939545,2.318965117031402,2.173104939370148,1.9665710428374232,1.6883389066377428
1100.0,2.5499999889513063,2.549999977489876,2.5499999232393766,2.5499997056563304,2.5499988715452,2.5499958167923253,2.549985218827672,2.549950604579386,2.5498446474272494,2.5495416812755973,2.5487345862638757,2.5467353668976678,2.5421372129235693,2.5323255141607053,2.5129024819459307,2.4772019155888287,2.416153721267955,2.318712215707574,2.172805924281227,1.9662507107576506,1.6880309903125963
1101.0,2.5499999887844935,2.54999997717169,2.5499999222489635,2.549999702202258,2.5499988595589986,2.5499957768154986,2.549985092611642,2.5499502306134385,2.549843613657332,2.549539026784019,2.5487282773090216,2.546721529893479,2.5421092804309313,2.5322737289866835,2.512814469503307,2.4770649884985767,2.415958971688969,2.318459379939976,2.1725070514129197,1.9659305742185926,1.6877232727767992
1102.0,2.5499999886154265,2.5499999768495005,2.5499999212473172,2.5499996987130764,2.5499988474643955,2.549995736519945,2.549984965518311,2.5499498544112384,2.54984257465401,2.5495363611394906,2.548721946902068,2.5467076560551636,2.5420812923434326,2.5322218718906635,2.512726381289175,2.476928005375316,2.4157642151956322,2.318206609760721,2.172208320643592,1.9656106329385064,1.6874157537982957
1103.0,2.5499999884440783,2.5499999765232646,2.5499999202343293,2.549999695188489,2.5499988352605945,2.549995695903675,2.5499848375431204,2.5499494759634045,2.5498415304003053,2.5495336843158776,2.548715595011004,2.546693745357378,2.5420532486653946,2.532169942932365,2.5126382174287087,2.4767909663837293,2.4155694519261317,2.3179539052016462,2.1719097318515823,1.9652908866371464,1.6871084331439865
1104.0,2.5499999882704216,2.5499999761929386,2.54999991920989,2.549999691628196,2.5499988229467956,2.5499956549646905,2.5499847086814986,2.549949095260536,2.5498404808792254,2.549530996287055,2.5487092216038825,2.546679797774903,2.5420251494012898,2.5321179421715883,2.5125499780469696,2.4766538716881534,2.415374682018207,2.3177012662943133,2.171611284915202,1.964971335035732,1.686801310579795
1105.0,2.5499999880944295,2.5499999758584764,2.5499999181738895,2.549999688031896,2.549998810522196,2.5499956137009847,2.54998457892886,2.549948712293216,2.549839426073764,2.5495282970269093,2.5487028266488156,2.5466658132826456,2.5419969945557437,2.5320658696682123,2.5124616632689074,2.4765167214525814,2.415179905609155,2.317448693070012,2.1713129797127335,1.9646519778569105,1.6864943858707298
1106.0,2.549999987916075,2.5499999755198335,2.5499999171262155,2.5499996843992845,2.549998797985986,2.549995572110542,2.549984448280605,2.5499483270520074,2.5498383659669,2.5495255865093363,2.548696410113979,2.546651791855636,2.541968784133534,2.532013725482198,2.512373273219361,2.4763795158406627,2.414985122835824,2.3171961855597587,2.1710148161224367,1.9643328148247257,1.6861876587809397
1107.0,2.54999998773533,2.5499999751769655,2.549999916066756,2.549999680730056,2.5499987853373542,2.54999553019134,2.549984316732119,2.5499479395274545,2.5498373005416006,2.549522864708243,2.548689971967608,2.5466377334690304,2.541940518139587,2.531961509673585,2.5122848080230553,2.4762422550157033,2.4147903338346244,2.3169437437942975,2.1707167940225474,1.9640138456645864,1.6858811290737752
1108.0,2.5499999875521664,2.5499999748298254,2.5499999149953982,2.5499996770239033,2.5499987725754822,2.5499954879413465,2.5499841842787734,2.549947549710085,2.5498362297808166,2.549520131597548,2.5486835121780023,2.546623638098107,2.5419121965789833,2.5319092223024913,2.512196267804604,2.4761049391406664,2.4145955387415228,2.3166913678041023,2.170418913291281,1.9636950701032356,1.6855747965118357
1109.0,2.5499999873665553,2.549999974478368,2.5499999139120284,2.5499996732805164,2.5499987596995495,2.54999544535852,2.549984050915926,2.549947157590406,2.5498351536674875,2.5495173871511816,2.548677030713521,2.546609505718269,2.5418838194569506,2.5318568634291125,2.512107652688507,2.4759675683781732,2.4144007376920467,2.316439057619374,2.170121173806836,1.963376487868722,1.685268660857026
1110.0,2.5499999871784684,2.5499999741225463,2.5499999128165314,2.5499996694995835,2.54999874670873,2.549995402440811,2.5499839166389204,2.549946763158908,2.549834072184537,2.549514631343083,2.548670527542587,2.5465953363050433,2.5418553867788667,2.5318044331137224,2.512018962799151,2.475830142890503,2.4142059308212858,2.316186813270045,2.169823575447393,1.9630580986903694,1.6849627218706005
1111.0,2.549999986987877,2.549999973762313,2.549999911708791,2.549999665680791,2.5499987336021936,2.5499953591861626,2.5499837814430864,2.549946366406062,2.549832985314879,2.5495118641472043,2.548664002633684,2.546581129834081,2.54182689855026,2.53175193141667,2.5119301982608095,2.4756926628395957,2.4140111182638933,2.315934634785779,2.1695261180911207,1.96273990229875,1.684656979313213
1112.0,2.5499999867947523,2.5499999733976204,2.5499999105886912,2.549999661823824,2.5499987203791052,2.549995315592508,2.5499836453237377,2.549945967322322,2.54983189304141,2.5495090855375104,2.548657455955359,2.5465668862811563,2.5417983547768053,2.53169935839838,2.511841359197641,2.4755551283870494,2.413816300154086,2.31568252219597,2.169228801616179,1.962421898425658,1.6843514329449576
1113.0,2.549999986599065,2.549999973028421,2.549999909456115,2.549999657928364,2.5499987070386263,2.549995271657773,2.549983508276176,2.5499455658981236,2.5498307953470154,2.5495062954879755,2.5486508874762213,2.5465526056221672,2.5417697554643275,2.5316467141193546,2.5117524457336904,2.4754175396941234,2.41362147662565,2.3154304755297437,2.1689316259007194,1.962104086804085,1.6840460825254162
1114.0,2.549999986400784,2.5499999726546667,2.549999908310943,2.5499996539940897,2.549998693579913,2.5499952273798745,2.5499833702956876,2.5499451621238833,2.5498296922145687,2.549503493972587,2.548644297164941,2.546538287833134,2.5417411006187978,2.531593998640167,2.511663457992889,2.475279896921738,2.413426647811936,2.3151784948159597,2.1686345908228892,1.961786467168192,1.6837409278136932
1115.0,2.54999998619988,2.549999972276308,2.549999907153056,2.549999650020681,2.5499986800021186,2.549995182756719,2.549983231377546,2.5499447559900004,2.5498285836269288,2.5495006809653438,2.5486376849902532,2.5465239328902016,2.5417123902463343,2.5315412120214673,2.511574396099052,2.475142200230475,2.413231813845865,2.3149265800832097,2.168337696260836,1.9614690392532887,1.683435968568457
1116.0,2.5499999859963234,2.549999971893296,2.5499999059823337,2.549999646007813,2.549998666304389,2.5499951377862073,2.549983091517009,2.549944347486856,2.5498274695669414,2.5494978564402584,2.5486310509209535,2.5465095407696365,2.541683624353202,2.531488354323977,2.5114852601758804,2.4750044497805788,2.4130369748599287,2.314674731359821,2.168040942092707,1.9611518027958073,1.6831312045479776
1117.0,2.5499999857900817,2.5499999715055823,2.549999904798656,2.5499996419551607,2.5499986524858684,2.5499950924662302,2.5499829507093223,2.549943936604813,2.549826350017441,2.549495020371354,2.5486243949259006,2.546495111447829,2.541654802945813,2.53143542560849,2.511396050346959,2.4748666457319564,2.4128421309861907,2.314422948673853,2.1677443281966573,1.9608347575332823,1.682826635510161
1118.0,2.5499999855811257,2.5499999711131145,2.5499999036018997,2.5499996378623946,2.549998638545695,2.5499950467946686,2.5499828089497147,2.5499435233342167,2.549825224961249,2.5494921727326663,2.5486177169740167,2.5464806449012913,2.541625926030722,2.5313824259358726,2.5113067667357574,2.474728788244178,2.4126472823562874,2.3141712320531034,2.167447854450851,1.9605179032043278,1.6825222612125814
1119.0,2.549999985369423,2.5499999707158434,2.549999902391942,2.5499996337291853,2.5499986244830026,2.549995000769397,2.5499826662334026,2.549943107665394,2.549824094381173,2.5494893134982446,2.548611017034286,2.5464661411066585,2.5415969936146325,2.5313293553670633,2.511217409465629,2.474590877476479,2.412452429101431,2.313919581525103,2.1671515207334635,1.9602012395486164,1.6822180814125158
1120.0,2.549999985154942,2.549999970313719,2.5499999011686585,2.5499996295551997,2.549998610296922,2.5499949543882803,2.549982522555588,2.5499426895886543,2.54982295826001,2.549486442642151,2.5486042950757564,2.5464516000406876,2.5415680057043897,2.5312762139630687,2.511127978659812,2.4744529135877578,2.41225757135241,2.313667997117123,2.1668553269226845,1.9598847663068584,1.681914095866974
1121.0,2.549999984937653,2.549999969906687,2.549999899931925,2.549999625340104,2.549998595986578,2.549994907649174,2.54998237791146,2.5499422690942897,2.5498218165805433,2.5494835601384596,2.5485975510675383,2.546437021680258,2.541538962306984,2.531223001784967,2.511038474441427,2.4743148967365807,2.412062709239589,2.3134164788561673,2.1665592728967242,1.9595684832207838,1.681610304332728
1122.0,2.549999984717521,2.5499999694946984,2.5499998986816155,2.5499996210835603,2.5499985815510895,2.5499948605499263,2.5499822322961907,2.5499418461725734,2.549820669325545,2.5494806659612586,2.5485907849788054,2.546422406002372,2.5415098634295488,2.5311697188939046,2.510948896933478,2.474176827081177,2.411867842892913,2.3131650267689805,2.1662633585338136,1.959252390033121,1.6813067065663387
1123.0,2.549999984494515,2.5499999690776995,2.549999897417603,2.5499996167852315,2.549998566989574,2.5499948130883756,2.5499820857049404,2.549941420813762,2.5498195164777755,2.549477760084649,2.5485839967787944,2.546407752984153,2.541480709079361,2.5311163653510977,2.510859246258852,2.4740387047794448,2.4116729724419055,2.312913640882046,2.1659675837122103,1.9589364864875805,1.681003302324186
1124.0,2.5499999842686023,2.549999968655638,2.54999989613976,2.5499996124447755,2.5499985523011426,2.5499947652623516,2.549981938132855,2.549940993008093,2.549818358019981,2.5494748424827445,2.5485771864368054,2.5463930626028457,2.5414514992638395,2.5310629412178294,2.510769522540319,2.4739005299889483,2.411478098015674,2.3126623212215858,2.165671948310199,1.958620772328836,1.6807000913624908
1125.0,2.549999984039749,2.5499999682284598,2.549999894847957,2.5499996080618494,2.5499985374849024,2.549994717069677,2.549981789575065,2.549940562745788,2.5498171939348993,2.5494719131296737,2.5485703539222015,2.5463783348358167,2.541422233990546,2.5310094465554496,2.510679725900531,2.4737623028669207,2.4112832197429084,2.312411067813562,2.1653764522060968,1.9583052473025075,1.6803970734373435
1126.0,2.549999983807923,2.5499999677961123,2.549999893542066,2.549999603636108,2.5499985225399557,2.549994668508163,2.5499816400266893,2.549940130017049,2.549816024205252,2.5494689719995787,2.54856349920441,2.5463635696605547,2.5413929132671824,2.5309558814253768,2.5105898564620226,2.4736240235702622,2.411088337751881,2.312159880683676,2.1650810952782567,1.9579899111551442,1.6800942483047236
1127.0,2.549999983573089,2.54999996735854,2.549999892221954,2.5499995991672035,2.5499985074654,2.549994619575614,2.54998148948283,2.549939694812063,2.549814848813753,2.5494660190666143,2.5485566222529217,2.546348767054668,2.541363537101593,2.530902245889093,2.5104999143472106,2.473485692255543,2.410893452170453,2.3119087598573733,2.1647858774050697,1.957674763634209,1.679791615720525
1128.0,2.549999983335213,2.5499999669156894,2.549999890887491,2.5499995946547873,2.549998492260329,2.5499945702698255,2.549981337938576,2.549939257120998,2.5498136677431034,2.54946305430495,2.5485497230372895,2.546333926995887,2.541334105501763,2.5308485400081473,2.5104098996783923,2.473347309079002,2.4106985631260693,2.3116577053598393,2.1644907984649673,1.9573598044880622,1.6794891754405767
1129.0,2.5499999830942617,2.549999966467505,2.549999889538544,2.5499995900985066,2.5499984769238297,2.5499945205885837,2.5499811853890026,2.549938816934003,2.5498124809759917,2.5494600776887704,2.548542801527132,2.5463190494620633,2.5413046184758152,2.5307947638441535,2.5103198125777477,2.47320887419655,2.410503670745766,2.311406717216003,2.1641958583364276,1.9570450334659477,1.6791869272206639
1130.0,2.5499999828502005,2.5499999660139303,2.549999888174979,2.5499995854980084,2.5499984614549875,2.549994470529666,2.5499810318291707,2.549938374241213,2.549811288495097,2.549457089192272,2.54853585769213,2.5463041344311694,2.541275076032014,2.5307409174587883,2.510229653167337,2.473070387763767,2.410308775156167,2.311155795450537,2.163901056897974,1.9567304503179774,1.678884870816546
1131.0,2.549999982602993,2.5499999655549104,2.5499998867966616,2.549999580852935,2.5499984458528804,2.549994420090842,2.549980877254127,2.549937929032743,2.5498100902830863,2.549454088789668,2.5485288915020297,2.5462891818812965,2.541245478178764,2.530687000913793,2.5101394215691024,2.4729318499359065,2.410113876483489,2.310904940087858,2.1636063940281827,1.9564160547951168,1.6785830059839772
1132.0,2.5499999823526043,2.5499999650903886,2.549999885403457,2.54999957616293,2.5499984301165837,2.549994369269871,2.5499807216589048,2.5499374812986915,2.5498088863226145,2.5494510764551848,2.5485219029266393,2.5462741917906593,2.5412158249246044,2.5306330142709714,2.510049117904866,2.4727932608678924,2.409918974853539,2.3106541511521277,2.1633118696056823,1.9561018466491717,1.6782813324787251
1133.0,2.549999982099,2.549999964620307,2.549999883995227,2.549999571427631,2.5499984142451666,2.549994318064504,2.5499805650385223,2.549937031029139,2.549807676596327,2.5494480521630645,2.548514891935832,2.54625916413759,2.5411861162782157,2.53057895759219,2.5099587422963303,2.4726546207143216,2.409724070391719,2.3104034286672532,2.1630174835091585,1.9557878256327759,1.6779798500565857
1134.0,2.549999981842142,2.5499999641446083,2.549999882571835,2.5499995666466764,2.549998398237694,2.549994266472484,2.5499804073879844,2.549936578214152,2.5498064610868565,2.5494450158875632,2.548507858499545,2.546244098900541,2.5411563522484153,2.530524830939376,2.5098682948650786,2.4725159296294654,2.4095291632230253,2.3101527726568887,2.1627232356173556,1.9554739914993768,1.6776785584734017
1135.0,2.5499999815819954,2.549999963663235,2.549999881133142,2.5499995618196993,2.549998382093227,2.549994214491545,2.5499802487022807,2.549936122843775,2.5498052397768274,2.549441967602953,2.54850080258778,2.546228996058087,2.541126532844157,2.5304706343745185,2.509777775732574,2.4723771877672673,2.409334253472051,2.3099021831444357,2.1624291258090818,1.955160344003224,1.6773774574850777
1136.0,2.549999981318523,2.549999963176128,2.5499998796790084,2.549999556946334,2.5499983658108203,2.54999416211941,2.5499800889763886,2.5499356649080385,2.5498040126488517,2.54943890728352,2.5484937241706023,2.5462138555889196,2.541096658074532,2.530416367959666,2.5096871850201583,2.472238395281347,2.409139341262986,2.3096516601530426,2.162135153963209,1.954846882899356,1.6770765468475959
1137.0,2.549999981051687,2.549999962683228,2.5499998782092934,2.5499995520262106,2.5499983493895257,2.549994109353797,2.5499799282052704,2.549935204396955,2.549802779685532,2.5494358349035666,2.5484866232181407,2.5461986774718524,2.541066727948767,2.5303620317569284,2.5095965228490553,2.472099552324999,2.4089444267196187,2.309401203705609,2.161841319958677,1.9545336079435909,1.6767758263170294
1138.0,2.5499999807814504,2.5499999621844758,2.549999876723856,2.549999547058957,2.54999833282839,2.549994056192412,2.549979766383874,2.5499347413005196,2.549801540869459,2.54943275043741,2.5484794997005906,2.5461834616858168,2.5410367424762255,2.5303076258284727,2.509505789340365,2.471960659051194,2.4087495099653387,2.309150813824781,2.1615476236744957,1.9542205188925126,1.6764752956495583
1139.0,2.5499999805077747,2.549999961679811,2.549999875222552,2.5499995420441985,2.5499983161264534,2.549994002632953,2.549979603507135,2.5499342756087113,2.549800296183213,2.549429653859383,2.5484723535882097,2.5461682082098642,2.541006701666404,2.5302531502365255,2.509414984615069,2.4718217156125784,2.4085545911231354,2.3089004905329578,2.1612540649897483,1.9539076155034614,1.6761749546014804
1140.0,2.5499999802306244,2.5499999611691733,2.549999873705239,2.5499995369815593,2.549998299282753,2.549993948673109,2.549979439569972,2.5499338073114926,2.5497990456093653,2.5494265451438345,2.548465184851321,2.5461529170231643,2.540976605528936,2.5301986050433727,2.5093241087940266,2.471682722161476,2.408359670315601,2.3086502338522887,2.1609606437835924,1.953594897534523,1.6758748029292254
1141.0,2.5499999799499586,2.5499999606525012,2.549999872171771,2.54999953187066,2.549998282296321,2.5499938943105613,2.5499792745672925,2.549933336398807,2.5497977891304773,2.549423424265129,2.548457993460312,2.546137588105007,2.5409464540735875,2.5301439903113554,2.509233161997976,2.4715436788498875,2.4081647476649333,2.3084000438046757,2.1606673599352657,1.9532823647561277,1.6755750860439826
1142.0,2.5499999796657393,2.5499999601297336,2.5499998706220026,2.5499995267111206,2.5499982651661846,2.549993839542981,2.549979108493988,2.549932862860583,2.549796526729098,2.5494202911976465,2.548450779385635,2.5461222214347994,2.540916247310259,2.5300893061028726,2.509142144347534,2.471404585829493,2.407969823292932,2.308149920411773,2.1603742133240886,1.9529700169850512,1.6752755659995007
1143.0,2.549999979377927,2.549999959600808,2.549999869055787,2.5499995215025564,2.5499982478913656,2.5499937843680307,2.549978941344937,2.5499323866867307,2.549795258387769,2.5494171459157844,2.5484435425978065,2.5461068169920686,2.540885985248984,2.53003455248038,2.509051055963195,2.471265443251651,2.407774897321006,2.3078998636949883,2.1600812038294865,1.95265785404818,1.6749762424134713
1144.0,2.5499999790864813,2.5499999590656612,2.549999867472976,2.549999516244582,2.5499982304708824,2.5499937287833636,2.5499787731150034,2.549931907867146,2.549793984089021,2.549413988393956,2.548436283067408,2.546091374756459,2.540855667899929,2.5299797295063873,2.508959896965332,2.4711262512673997,2.4075799698701683,2.3076498736754862,2.159788331331009,1.9523458757707652,1.6746771149084139
1145.0,2.549999978791363,2.5499999585242312,2.5499998658734198,2.54999951093681,2.549998212903746,2.5499936727866244,2.5499786037990377,2.549931426391705,2.549792703815374,2.5494108186065896,2.5484290007650854,2.5460758947077333,2.5408252952733923,2.529924837243461,2.508868667474196,2.470987010027457,2.407385041061044,2.307399950374184,2.1594955957083513,1.9520340819764939,1.6743781831114897
1146.0,2.5499999784925325,2.5499999579764534,2.5499998642569697,2.549999505578849,2.549998195188966,2.5499936163754495,2.549978433391875,2.549930942250269,2.549791417549341,2.549407636528131,2.5484216956615504,2.5460603768257735,2.5407948673798035,2.529869875754221,2.5087773676099148,2.4708477196822214,2.4071901110138665,2.3071500938117575,2.1592029968413695,1.9517224724875586,1.6740794466543263
1147.0,2.5499999781899483,2.5499999574222634,2.5499998626234732,2.5499995001703066,2.5499981773255453,2.549993559547465,2.549978261888339,2.549930455432683,2.5497901252734234,2.549404442133044,2.5484143677275783,2.546044821090578,2.5407643842297247,2.5298148451013414,2.5086859974924947,2.470708380381774,2.4069951798484794,2.3069003040086393,2.1589105346100963,1.9514110471247212,1.6737809051728494
1148.0,2.5499999778835702,2.5499999568615968,2.549999860972778,2.5499994947107885,2.5499981593124814,2.5499935023002887,2.5499780892832375,2.549929965928774,2.549788826970113,2.549401235395807,2.548407016934011,2.546029227482263,2.5407338458338495,2.5297597453475493,2.508594557241818,2.4705689922758767,2.4068002476843398,2.3066505809850204,2.1586182088947563,1.9510998057073792,1.6734825583071247
1149.0,2.5499999775733557,2.549999956294388,2.549999859304731,2.5499994891998963,2.5499981411487673,2.54999344463153,2.549977915571364,2.549929473728354,2.5497875226218936,2.5493980162909167,2.5483996432517535,2.546013595981063,2.5407032522029978,2.529704576555625,2.5085030469776446,2.4704295555139737,2.406605314640518,2.3064009247608506,2.1583260195757763,1.9507887480536255,1.6731844057012029
1150.0,2.549999977259263,2.549999955720571,2.549999857619178,2.549999483637231,2.549998122833392,2.549993386538788,2.5499777407474995,2.5499289788212165,2.549786212211239,2.549394784792886,2.548392246651778,2.54599792656733,2.5406726033481246,2.529649338788401,2.5084114668196116,2.4702900702451926,2.4064103808356982,2.3061513353558425,2.1580339665337975,1.9504778739803093,1.672886447002976
1151.0,2.5499999769412507,2.5499999551400787,2.5499998559159627,2.549999478022389,2.5499981043653386,2.549993328019654,2.5499775648064094,2.5499284811971403,2.5497848957206144,2.5493915408762464,2.548384827105119,2.5459822192215316,2.540641899280311,2.5295940321087595,2.5083198168872323,2.4701505366183456,2.4062154463881824,2.3059018127894673,2.1577420496496837,1.9501671833030927,1.6725886818640414
1152.0,2.549999976619275,2.5499999545528453,2.549999854194928,2.5499994723549664,2.549998085743586,2.5499932690717095,2.549977387742847,2.5499279808458883,2.5497835731324754,2.5493882845155453,2.54837738458288,2.545966473924254,2.5406111400107676,2.529538656579637,2.5082280972998965,2.470010954781928,2.406020511415887,2.305652357080961,2.1574502688045305,1.9498566758365072,1.6722911099395654
1153.0,2.549999976293295,2.549999953958803,2.5499998524559166,2.5499994666345565,2.549998066967107,2.5499932096925275,2.54997720955155,2.5499274777572047,2.549782244429269,2.5493850156853486,2.548369919056227,2.5459506906562,2.5405803255508337,2.529483212264018,2.50813630817687,2.469871324884121,2.405825576036348,2.3054029682493233,2.157158623879672,1.949546351394006,1.6719937308881607
1154.0,2.5499999759632654,2.549999953357883,2.5499998506987693,2.5499994608607492,2.5499980480348716,2.5499931498796715,2.549977030227242,2.5499269719208195,2.549780909593433,2.549381734360239,2.5483624304963906,2.5459348693981885,2.540549455911977,2.5294276992249376,2.508044449637296,2.4697316470727904,2.4056306403667214,2.3051536463133186,2.156867114756685,1.9492362097880167,1.6716965443717648
1155.0,2.5499999756291425,2.549999952750017,2.549999848923326,2.5499994550331335,2.549998028945842,2.5499930896306973,2.5499768497646356,2.5499264633264453,2.5497795686073976,2.549378440514818,2.5483549188746704,2.545919010131155,2.540518531105792,2.5293721175254795,2.50795252180019,2.4695919214954896,2.405435704523783,2.304904391291477,2.1565757413173987,1.94892625082999,1.6713995500555257
1156.0,2.5499999752908833,2.5499999521351358,2.549999847129426,2.5499994491512936,2.5499980096989785,2.5499930289431494,2.5499766681584255,2.54992595196378,2.5497782214535842,2.549375134123704,2.5483473841624282,2.545903112836151,2.5404875511440004,2.529316467228777,2.5078605247844483,2.4694521482994576,2.405240768623929,2.3046552032020986,2.156284503443892,1.9486164743304502,1.6711027476076932
1157.0,2.5499999749484425,2.5499999515131693,2.549999845316905,2.549999443214814,2.5499979902932335,2.5499929678145645,2.549976485403295,2.5499254378225027,2.549776868114404,2.5493718151615345,2.5483398263310924,2.545887177494345,2.54045651603845,2.529260748398012,2.5077684587088394,2.469312327631621,2.405045832783181,2.3044060820632493,2.155993401018503,1.9483068800990382,1.670806136699514
1158.0,2.549999974601774,2.5499999508840467,2.549999843485602,2.549999437223275,2.549997970727557,2.549992906242471,2.549976301493912,2.54992492089228,2.5497755085722624,2.5493684836029638,2.5483322453521575,2.54587120408702,2.540425425801116,2.5292049610964122,2.507676323692008,2.469172459638595,2.404850897117182,2.3041570278927677,2.1557024339238273,1.9479974679445584,1.6705097170051317
1159.0,2.5499999742508352,2.549999950247698,2.5499998416353504,2.5499994311762553,2.549997951000892,2.5499928442243864,2.549976116424933,2.5499244011627598,2.5497741428095546,2.549365139422665,2.5483246411971816,2.5458551925955772,2.540394280444098,2.5291491053872552,2.5075841198524738,2.4690325444666827,2.404655961741202,2.3039080407082633,2.155411602042723,1.947688237675022,1.6702134882014927
1160.0,2.549999973895579,2.549999949604051,2.5499998397659853,2.54999942507333,2.549997931112178,2.549992781757821,2.549975930190998,2.5499238786235745,2.549772770808669,2.54936178259533,2.548317013837791,2.54583914300153,2.5403630799796213,2.529093181333862,2.5074918473086316,2.4688925822618764,2.4044610267701376,2.3036591205271177,2.15512090525831,1.9473791890976875,1.6699174499682534
1161.0,2.5499999735359586,2.549999948953033,2.5499998378773396,2.549999418914073,2.5499979110603483,2.549992718840275,2.5499757427867324,2.549923353264341,2.5497713925519845,2.549358413095669,2.548309363245675,2.54582305528651,2.5403318244200355,2.5290371889996015,2.507399506178752,2.4687525731698576,2.404266092318511,2.3034102673664894,2.1548303434539706,1.9470703220191012,1.6696216019876948
1162.0,2.549999973171928,2.5499999482945723,2.5499998359692446,2.549999412698054,2.549997890844332,2.549992655469239,2.5499755542067524,2.54992282507466,2.5497700080218735,2.5493550308984116,2.548301689392592,2.5458069294322625,2.5403005137778143,2.528981128447888,2.5073070965809787,2.468612517336,2.4040711585004733,2.3031614812433103,2.154539916513351,1.9467616362451368,1.6693259439446395
1163.0,2.5499999728034397,2.549999947628595,2.5499998340415306,2.5499994064248437,2.549997870463052,2.5499925916421953,2.5499753644456553,2.5499222940441166,2.5497686172007006,2.5493516359783044,2.548293992250363,2.545790765420648,2.5402691480655566,2.52892499974218,2.507214618633331,2.4684724149053663,2.4038762254298067,2.3029127621742913,2.1542496243203617,1.9464531315810314,1.6690304755263727
1164.0,2.549999972430446,2.549999946955027,2.5499998320940285,2.549999400094006,2.549997849915428,2.5499925273566166,2.549975173498027,2.5499217601622806,2.5497672200708204,2.5493482283101145,2.548286271790876,2.5457745632336435,2.5402377272959824,2.528868802945981,2.5071220724537024,2.468332266022712,2.403681293219923,2.3026641101759218,2.1539594667591726,1.946144807831422,1.6687351964225638
1165.0,2.5499999720529005,2.549999946273794,2.5499998301265654,2.549999393705105,2.5499978292003735,2.5499924626099677,2.5499749813584387,2.5499212234187043,2.549765816614583,2.5493448078686276,2.548278527986085,2.5457583228533376,2.540206251481936,2.5288125381228364,2.5070294581598604,2.468192070832485,2.403486361983867,2.302415525264471,2.153669443714217,1.945836664800381,1.6684401063251963
1166.0,2.5499999716707533,2.549999945584821,2.5499998281389686,2.5499993872577016,2.549997808316796,2.549992397399703,2.5499747880214487,2.5499206838029265,2.5497644068143286,2.5493413746286486,2.54827076080801,2.545742044261936,2.540174720636384,2.5287562053363386,2.5069367758694465,2.4680518294788243,2.4032914318343153,2.302167007455991,2.153379555070188,1.9455287022914476,1.6681452049284973
1167.0,2.5499999712839556,2.5499999448880315,2.549999826131064,2.5499993807513537,2.5499977872636004,2.5499923317232676,2.5499745934816005,2.5499201413044688,2.549762990652391,2.5493379285650017,2.5482629702287367,2.545725727441757,2.540143134772414,2.5286998046501195,2.5068440256999764,2.467911542105563,2.4030965028835793,2.3019185567663167,2.153089800712037,1.945220920107662,1.6678504919288728
1168.0,2.5499999708924603,2.54999994418335,2.5499998241026764,2.5499993741856173,2.5499977660396835,2.5499922655780987,2.549974397733424,2.5499195959128387,2.549761568111097,2.54933446965253,2.548255156220417,2.5457093723752346,2.540111493903236,2.528643336127855,2.5067512077688403,2.46777120885623,2.4029015752436056,2.301670173211068,2.1528001805249715,1.944913318051595,1.6675559670248405
1169.0,2.5499999704962164,2.549999943470699,2.5499998220536293,2.549999367560046,2.5499977446439397,2.5499921989616228,2.5499742007714365,2.549919047617526,2.549760139172765,2.549330997866098,2.5482473187552688,2.545692979044916,2.54007979804218,2.5285867998332616,2.5066583221933003,2.4676308298740457,2.4027066490259776,2.301421856805651,2.1525106943944525,1.9446058959253798,1.6672616299169725
1170.0,2.549999970095174,2.5499999427500004,2.5499998199837446,2.5499993608741893,2.5499977230752564,2.5499921318712584,2.5499740025901394,2.549918496408007,2.5497587038197076,2.5493275131805873,2.548239457805576,2.545676547433461,2.5400480472026974,2.528530195830098,2.5065653690904934,2.4674904053019273,2.4025117243419154,2.30117360756526,2.152221342206193,1.9442986535307383,1.6669674803078345
1171.0,2.5499999696892823,2.549999942021177,2.549999817892844,2.5499993541275963,2.5499977013325164,2.5499920643044147,2.549973803184022,2.5499179422737424,2.5497572620342295,2.549324015570901,2.5482315733436876,2.545660077523645,2.5400162413983596,2.5284735241821616,2.506472348577429,2.4673499352824884,2.402316801302279,2.3009254255048797,2.151932123846156,1.9439915906690117,1.6666735179019332
1172.0,2.5499999692784914,2.54999994128415,2.549999815780746,2.549999347319812,2.5499976794145978,2.5499919962584903,2.549973602547559,2.5499173852041754,2.5497558137986296,2.549320505011962,2.548223665342021,2.545643569298355,2.539984380642857,2.528416784953293,2.506379260770991,2.4672094199580368,2.4021218800175674,2.300677310639285,2.1516430392005503,1.9436847071411845,1.6663797424056583
1173.0,2.5499999688627497,2.549999940538838,2.5499998136472706,2.5499993404503796,2.549997657320373,2.549991927730877,2.5499734006752113,2.5499168251887365,2.549754359095198,2.5493169814787118,2.548215733773058,2.5456270227405917,2.5399524649499994,2.5283599782073702,2.506286105787935,2.4670688594705785,2.40192696059792,2.3004292629830436,2.1513540881558284,1.9433780027479124,1.6660861535272349
1174.0,2.549999968442003,2.549999939785163,2.549999811492234,2.549999333518839,2.54999763504871,2.5499918587189554,2.5499731975614264,2.5499162622168394,2.5497528979062203,2.5493134449461143,2.548207778609348,2.54561043783347,2.539920494333716,2.5283031040083106,2.50619288374489,2.4669282539618176,2.4017320431531193,2.3001812825505175,2.151065270598683,1.9430714772895459,1.6657927509766735
1175.0,2.549999968016203,2.549999939023043,2.549999809315453,2.5499993265247283,2.54999761259847,2.5499917892200976,2.549972993200638,2.5499156962778837,2.549751430213974,2.5493098953891526,2.5481997998235046,2.5455938145602155,2.539888468808053,2.5282461624200705,2.5060995947583575,2.466787603573155,2.40153712779259,2.2999333693558657,2.150776586416044,1.9427651305661544,1.6654995344657213
1176.0,2.5499999675852942,2.5499999382523972,2.5499998071167425,2.549999319467582,2.5499975899685112,2.549991719231667,2.549972787587266,2.549915127361252,2.549749956000731,2.54930633278283,2.5481917973882102,2.545577152904168,2.539856388387176,2.5281891535066445,2.5060062389447126,2.466646908445691,2.4013422146254015,2.299685523413042,2.150488035495077,1.942458962377551,1.665206503707821
1177.0,2.549999967149225,2.5499999374731432,2.549999804895916,2.549999312346933,2.5499975671576847,2.549991648751017,2.549972580715717,2.549914555456314,2.549748475248756,2.54930275710217,2.548183771276211,2.5455604528487794,2.5398242530853663,2.5281320773320646,2.505912816420202,2.466506168720225,2.4011473037602684,2.2994377447358016,2.150199617723177,1.942152972523312,1.6649136584180617
1178.0,2.54999996670794,2.5499999366851984,2.5499998026527853,2.549999305162311,2.5499975441648375,2.5499915777754922,2.5499723725803833,2.5499139805524225,2.5497469879403085,2.5492991683222184,2.5481757214603222,2.5455437143776134,2.539792062917023,2.5280749339603994,2.5058193273009453,2.466365384537256,2.400952395305551,2.2991900333376987,2.149911332987967,1.9418471608027996,1.6646209983131426
1179.0,2.5499999662613875,2.5499999358884793,2.5499998003871616,2.549999297913243,2.5499975209888106,2.549991506302428,2.549972163175643,2.549913402638917,2.5497454940576407,2.5492955664180403,2.5481676479134228,2.5455269374743468,2.5397598178966607,2.5280177234557546,2.505725771702934,2.4662245560369835,2.400757489369258,2.2989423892320895,2.1496231811772955,1.941541527015184,1.664328523111331
1180.0,2.5499999658095107,2.5499999350829023,2.549999798098855,2.5499992905992546,2.549997497628441,2.5499914343291494,2.5499719524958615,2.54991282170512,2.5497439935829993,2.549291951364722,2.5481595506084607,2.5455101221227667,2.5397275180389123,2.5279604458822718,2.5056321497420315,2.466083683359308,2.4005625860590465,2.2986948124321342,2.1493351621792307,1.9412360709594592,1.664036232532423
1181.0,2.549999965352255,2.5499999342683823,2.5499997957876746,2.549999283219866,2.5499974740825584,2.5499913618529737,2.54997174053539,2.5499122377403403,2.549742486498625,2.549288323137371,2.5481514295184486,2.545493268306773,2.539695163358523,2.527903101304129,2.505538461533974,2.465942766643832,2.400367685482223,2.2984473029507964,2.149047275882059,1.940930792434468,1.663744126297709
1182.0,2.5499999648895666,2.549999933444834,2.549999793453426,2.549999275774597,2.549997450349989,2.549991288871209,2.549971527288567,2.549911650733871,2.549740972786753,2.549284681711116,2.548143284616466,2.5454763760103756,2.5396627538703562,2.5278456897855364,2.50544470719437,2.4658018060298597,2.4001727877457446,2.298199860800848,2.1487595221742803,1.9406256912389148,1.663452204129937
1183.0,2.5499999644213878,2.549999932612171,2.5499997910959165,2.5499992682629644,2.5499974264295533,2.5499912153811524,2.549971312749716,2.5499110606749933,2.5497394524296118,2.549281027061107,2.5481351158756596,2.5454594452176993,2.539630289589388,2.527788211390743,2.505350886838698,2.465660801656398,2.399977892956221,2.297952485994867,2.1484719009446067,1.9403207671713862,1.66316046575328
1184.0,2.5499999639476627,2.549999931770307,2.54999978871495,2.549999260684482,2.5499974023200664,2.5499911413800933,2.549971096913147,2.5499104675529694,2.549737925409424,2.5492773591625144,2.5481269232692423,2.5454424759129752,2.539597770530709,2.527730666184028,2.50525700058231,2.4655197536621563,2.399783001219914,2.297705178545243,2.148184412081956,1.9400160200303684,1.6628689108932997
1185.0,2.549999963468334,2.549999930919155,2.5499997863103303,2.549999253038661,2.549997378020338,2.5499910668653114,2.5499708797731575,2.549909871357049,2.549736391708409,2.549273677990532,2.5481187067704942,2.5454254680805493,2.5395651967095243,2.5276730542297066,2.5051630485404286,2.4653786621855507,2.39958811264274,2.2974579384641736,2.1478970554754517,1.9397114496142622,1.6625775392769215
1186.0,2.5499999629833447,2.5499999300586254,2.5499997838818587,2.549999245325009,2.5499973535291725,2.549990991834077,2.5499706613240307,2.549909272076468,2.5497348513087785,2.549269983520374,2.5481104663527594,2.5454084217048756,2.5395325681411514,2.5276153755921262,2.5050690308281474,2.4652375273646987,2.39939322733027,2.2972107657636713,2.1476098310144165,1.9394070557213998,1.6622863506323984
1187.0,2.5499999624926373,2.5499999291886315,2.549999781429336,2.549999237543032,2.549997328845368,2.54999091628365,2.5499704415600357,2.5499086697004456,2.5497333041927384,2.5492662757272755,2.548102201989452,2.5453913367705203,2.539499884841021,2.527557630335668,2.504974947560432,2.4650963493374243,2.399198345387733,2.29696366045556,2.1473227385883717,1.9391028381500597,1.6619953446892863
1188.0,2.549999961996152,2.5499999283090826,2.5499997789525617,2.549999229692233,2.5499973039677197,2.549990840211284,2.549970220475428,2.5499080642181875,2.5497317503424917,2.5492625545864946,2.5480939136540517,2.545374213262159,2.539467146824677,2.5274998185247424,2.5048807988521204,2.464955128241257,2.3990034669200115,2.2967166225514797,2.1470357780870315,1.9387987966984812,1.6617045211784132
1189.0,2.5499999614938313,2.549999927419889,2.549999776451335,2.5499992217721124,2.549997278895016,2.54999076361422,2.5499699980644515,2.549907455618885,2.5497301897402336,2.5492588200733115,2.5480856013201043,2.5453570511645784,2.539434354107774,2.527441940223795,2.5047865848179196,2.464813864213432,2.39880859203165,2.2964696520628864,2.146748949400301,1.9384949311648794,1.6614138798318538
1190.0,2.549999960985615,2.54999992652096,2.5499997739254505,2.5499992137821685,2.5499972536260396,2.549990686489692,2.549969774321334,2.5499068438917147,2.5497286223681566,2.5492550721630285,2.548077264961222,2.5453398504626747,2.539401506706079,2.5273839954973,2.5046923055724086,2.4646725573908923,2.3986137208268525,2.2962227490010543,2.1464622524182744,1.9381912413474578,1.6611234203829048
1191.0,2.5499999604714443,2.549999925612204,2.549999771374705,2.5499992057218943,2.5499972281595675,2.5499906088349227,2.5499695492402905,2.549906229025839,2.549727048208447,2.549251310830969,2.5480689045510845,2.545322611141453,2.53936860463547,2.5273259844097637,2.5045979612300373,2.4645312079102872,2.3984188534094812,2.295975913377075,2.146175687031228,1.9378877270444226,1.6608331425660574
1192.0,2.549999959951257,2.5499999246935285,2.5499997687988922,2.5499991975907834,2.5499972024943736,2.5499905306471278,2.5499693228155236,2.5499056110104057,2.5497254672432854,2.549247536052479,2.548060520063439,2.54530533318603,2.539335647911936,2.5272679070257222,2.5045035519051266,2.464389815907974,2.3982239898830615,2.2957291452018627,2.145889253129621,1.9375843880539936,1.660543046116976
1193.0,2.5499999594249925,2.5499999237648403,2.5499997661978044,2.5499991893883234,2.5499971766292235,2.5499904519235113,2.549969095041221,2.5499049898345487,2.54972387945485,2.549243747802928,2.5480521114720984,2.5452880165816287,2.539302636551575,2.527209763409742,2.504409077711867,2.4642483815200196,2.39802913035078,2.2954824444861526,2.1456029506040917,1.9372812241744182,1.6602531307724733
1194.0,2.54999995889259,2.5499999228260464,2.5499997635712335,2.5499991811140017,2.5499971505628793,2.5499903726612696,2.5499688659115565,2.5499043654873867,2.5497222848253127,2.549239946057707,2.5480436787509424,2.5452706613135847,2.539269570570597,2.527151553626417,2.504314538764322,2.4641069048821995,2.397834274915489,2.2952358112405014,2.145316779345451,1.9369782352039815,1.6599633962704898
1195.0,2.549999958353987,2.5499999218770517,2.5499997609189693,2.5499991727673015,2.549997124294097,2.549990292857589,2.549968635420693,2.549903737958026,2.5497206833368407,2.5492361307922295,2.548035221873918,2.5452532673673405,2.539236449985319,2.527093277740372,2.5042199351764225,2.463965386129998,2.3976394236797054,2.294989245475291,2.145030739244685,1.936675420941019,1.659673842350071
1196.0,2.5499999578091224,2.5499999209177613,2.5499997582407996,2.5499991643477036,2.549997097821628,2.5499902125096456,2.5499684035627768,2.549903107235557,2.5497190749715974,2.5492323019819323,2.5480267408150397,2.545235834728448,2.5392032748121682,2.5270349358162587,2.504125267061973,2.4638238253986104,2.3974445767456105,2.2947427472007305,2.144744830192947,1.9363727811839264,1.6593844687513482
1197.0,2.5499999572579313,2.5499999199480796,2.549999755536512,2.549999155854686,2.549997071144216,2.5499901316146087,2.5499681703319426,2.549902473309057,2.549717459711742,2.549228459602275,2.5480182355483865,2.545218363382567,2.5391700450676797,2.5269765279187575,2.5040305345346465,2.4636822228229427,2.3972497342150545,2.294496316426853,2.144459052081558,1.93607031573117,1.659095275215516
1198.0,2.549999956700352,2.5499999189679103,2.549999752805893,2.549999147287725,2.549997044260603,2.5499900501696353,2.5499679357223113,2.5499018361675887,2.5497158375394275,2.54922460362874,2.548009706048107,2.5452008533154666,2.539136760768498,2.5269180541125764,2.5039357377079856,2.4635405785376117,2.3970548961895553,2.2942499531635203,2.144173404802003,1.9357680243812978,1.6588062614848178
1199.0,2.549999956136318,2.5499999179771553,2.549999750048726,2.549999138646291,2.5499970171695217,2.5499899681718756,2.54996769972799,2.5499011958002007,2.5497142084368054,2.549220734036833,2.5480011522884154,2.5451833045130243,2.539103421931374,2.5268595144624495,2.5038408766954054,2.4633988926769472,2.3968600627702985,2.294003657420425,2.143887888245927,1.9354659069329483,1.658517427302522
1200.0,2.5499999555657666,2.5499999169757173,2.5499997472647946,2.549999129929855,2.549996989869702,2.549989885618468,2.549967462343073,2.549900552195929,2.5497125723860226,2.5492168508020825,2.5479925742435934,2.5451657169612245,2.5390700285731667,2.5268009090331383,2.5037459516101888,2.463257165374991,2.3966652340581422,2.2937574292070866,2.1436025023051344,1.9351639631848592,1.6582287724129083
1201.0,2.5499999549886336,2.5499999159634967,2.54999974445388,2.5499991211378825,2.5499969623598666,2.549989802506543,2.5499672235616395,2.5498999053437945,2.5497109293692204,2.54921295390004,2.547983971887989,2.545148090646161,2.5390365807108397,2.52674223788943,2.5036509625654895,2.463115396765497,2.3964704101536145,2.2935112685328596,2.143317246871585,1.93486219292325,1.6579400265389967
1202.0,2.549999954404851,2.549999914940395,2.5499997416157627,2.5499991122698384,2.5499969346387332,2.5499897188332215,2.5499669833777574,2.5498992552328046,2.5497092793685376,2.5492090433062815,2.5479753451960185,2.5451304255540332,2.5390030783614663,2.5266835010961373,2.503555909674332,2.462973586981934,2.3962755911569156,2.293265175406928,2.143032121837388,1.9345605958848318,1.6576514507532933
1203.0,2.549999953814353,2.549999913906311,2.5499997387502216,2.5499991033251836,2.549996906705016,2.5499896345956152,2.549966741785481,2.549898601851952,2.5497076223661086,2.5492051189964053,2.5479666941421626,2.5451127216711495,2.5389695215422234,2.526624698718098,2.50346079304961,2.4628317361574847,2.3960807771679202,2.2930191498383117,2.1427471270947778,1.9342591717962119,1.6573630449545325
1204.0,2.549999953217074,2.5499999128611446,2.5499997358570337,2.549999094303375,2.5499968785574207,2.5499895497908254,2.5499664987788497,2.549897945190218,2.549705958344065,2.5492011809460338,2.547958018700972,2.5450949789839252,2.5389359102703937,2.526565830820175,2.5033656128040866,2.4626898444250465,2.395885968286177,2.292773191835864,2.1424622625360956,1.933957920386665,1.6570748090373564
1205.0,2.5499999526129455,2.549999911804793,2.5499997329359747,2.5499990852038685,2.549996850194648,2.549989464415945,2.54996625435189,2.549897285236569,2.5497042872845332,2.549197229130814,2.5479493188470617,2.545077197478882,2.5389022445633658,2.5265068974672547,2.5032703690503944,2.462547911917232,2.39569116461091,2.292527301408274,2.142177528053767,1.9336568413880564,1.656786742892511
1206.0,2.549999952001901,2.549999910737154,2.54999972998682,2.549999076026117,2.5499968216153954,2.5499893784680565,2.5499660084986164,2.549896621979957,2.549702609169639,2.549193263526414,2.547940594555117,2.54505937714265,2.538868524438633,2.526447898724249,2.503175061901037,2.4624059387663704,2.395496366241021,2.2922814785640684,2.141892923540282,1.9333559345347644,1.6564988464070316
1207.0,2.549999951383871,2.5499999096581236,2.5499997270093417,2.549999066769569,2.549996792818352,2.5499892919442355,2.549965761213029,2.549895955409321,2.549700923981502,2.549189284108529,2.5479318457998863,2.5450415179619643,2.538834749913791,2.5263888346560908,2.5030796914683857,2.462263925104505,2.3953015732750877,2.2920357233116104,2.14160844888818,1.9330551995636083,1.6562111194644202
1208.0,2.549999950758786,2.5499999085675995,2.549999724003312,2.5499990574336713,2.5499967638022034,2.5499892048415442,2.5499655124891136,2.5498952855135864,2.5496992317022396,2.549185290852877,2.547923072556189,2.5450236199236667,2.5388009210065423,2.526329705327737,2.502984257864682,2.4621218710634,2.395106785811368,2.291790035659103,2.1413241039900353,1.9327546362137764,1.6559235619448134
1209.0,2.549999950126578,2.5499999074654753,2.5499997209685006,2.5499990480178676,2.549996734565629,2.549989117157039,2.5499652623208453,2.549894612281666,2.549697532313966,2.5491812837351997,2.5479142747989085,2.545005683014706,2.53876703773469,2.526270510804168,2.5028887612020383,2.461979776774533,2.3949120039477996,2.2915444156145885,2.141039888738441,1.9324542442267578,1.655636173725142
1210.0,2.5499999494871752,2.549999906351646,2.549999717904676,2.5499990385215985,2.5499967051073025,2.5499890288877647,2.5499650107021834,2.5498939357024595,2.5496958257987927,2.5491772627312628,2.547905452502997,2.5449877072221367,2.5387331001161413,2.5262112511503862,2.502793201592434,2.461837642369103,2.3947172277820004,2.2912988631859488,2.1407558030260017,1.9321540233462753,1.6553489546792859
1211.0,2.5499999488405076,2.549999905226004,2.549999714811606,2.5499990289443013,2.5499966754258914,2.549988940030757,2.549964757627076,2.54989325576485,2.549694112138827,2.549173227816858,2.5478966056434733,2.544969692533119,2.538699108168907,2.5261519264314134,2.502697579147718,2.461695467978026,2.39452245741127,2.2910533783809073,2.1404718467453185,1.9318539733182227,1.6550619046782182
1212.0,2.549999948186505,2.549999904088444,2.549999711689056,2.549999019285411,2.5499966455200584,2.5499888505830435,2.549964503089455,2.549892572457712,2.5496923913161753,2.5491691789677993,2.547887734195423,2.5449516389349185,2.5386650619110984,2.5260925367122944,2.5026018939796106,2.461553253731937,2.3943276929325927,2.2908079612070296,2.1401880197889844,1.9315540938906013,1.6547750235901448
1213.0,2.549999947525094,2.5499999029388567,2.5499997085367903,2.5499990095443597,2.5499966153884603,2.5499887605416403,2.549964247083243,2.549891885769904,2.549690663312939,2.549165116159927,2.5478788381339985,2.5449335464149074,2.538630961360929,2.5260330820580954,2.502506146199699,2.4614109997611933,2.394132934442636,2.2905626116717235,2.1399043220495755,1.9312543848134605,1.6544883112806357
1214.0,2.549999946856203,2.5499999017771326,2.5499997053545718,2.5499989997205756,2.5499965850297484,2.5499886699035557,2.5499639896023463,2.5498911956902717,2.549688928111218,2.549161039369105,2.5478699174344213,2.5449154149605615,2.5385968065367144,2.525973562533901,2.5024103359194405,2.461268706195869,2.3939381820377514,2.2903173297822397,2.1396207534196416,1.9309548458388404,1.6542017676127523
1215.0,2.5499999461797587,2.5499999006031633,2.549999702142162,2.549998989813485,2.5499965544425693,2.549988578665788,2.549963730640659,2.5498905022076475,2.5496871856931103,2.549156948571222,2.547860972071978,2.544897244559463,2.5385625974568695,2.525913978204817,2.502314463250161,2.4611263731657615,2.393743435813977,2.290072115545674,2.1393373137917067,1.9306554767207151,1.6539153924471652
1216.0,2.5499999454956876,2.549999899416838,2.5499996988993203,2.5499989798225102,2.5499965236255617,2.5499884868253258,2.549963470192062,2.549889805310851,2.5496854360407095,2.549152843742192,2.547852002022023,2.5448790351992994,2.538528334139912,2.5258543291359676,2.5022185283030556,2.46098400080039,2.3935486958670396,2.289826968968965,2.139054003058258,1.9303562772149387,1.6536291856422733
1217.0,2.549999944803915,2.5499998982180454,2.549999695625805,2.5499989697470715,2.5499964925773604,2.549988394379148,2.549963208250424,2.549889104988689,2.5496836791361095,2.549148724857954,2.5478430072599774,2.5448607868678605,2.5384940166044574,2.525794615392499,2.502122531189188,2.4608415892289943,2.393353962292352,2.289581890058896,2.138770821111747,1.9300572470791937,1.6533431470543067
1218.0,2.5499999441043664,2.549999897006673,2.549999692321373,2.5499989595865857,2.549996461296595,2.549988301324225,2.549962944809598,2.549888401229956,2.549681914961399,2.5491445918944704,2.54783398776133,2.5448424995530425,2.538459644869222,2.5257348370395722,2.502026472019492,2.4606991385805372,2.3931592351850175,2.2893368788220965,2.1384877678445844,1.92975838607294,1.6530572765374372
1219.0,2.5499999433969673,2.549999895782608,2.5499996889857792,2.5499989493404676,2.5499964297818876,2.5499882076575173,2.5499626798634267,2.5498876940234325,2.5496801434986667,2.549140444827731,2.5478249435016367,2.544824173242845,2.538425218953021,2.525674994142369,2.5019303509047672,2.4605566489837054,2.3929645146398295,2.2890919352650414,2.1382048431491385,1.9294596939573658,1.652771573943873
1220.0,2.54999994268164,2.5499998945457376,2.5499996856187783,2.549998939008126,2.5499963980318556,2.5499881133759748,2.5499624134057384,2.5498869833578857,2.5496783647299974,2.5491362836337506,2.5478158744565205,2.5448058079253735,2.5383907388747686,2.525615086766088,2.5018341679556855,2.4604141205669086,2.3927698007512728,2.2888470593940515,2.1379220469177342,1.9291611704953417,1.6524860391239564
1221.0,2.5499999419583093,2.5499998932959453,2.5499996822201214,2.5499989285889706,2.5499963660451113,2.5499880184765398,2.5499621454303476,2.549886269222071,2.549676578637475,2.5491321082885676,2.5478067806016718,2.5447874035888347,2.5383562046534776,2.525555114975946,2.5017379232827857,2.4602715534582806,2.392575093613524,2.2886022512152935,2.137639379042652,1.9288628154513736,1.6522006719262525
1222.0,2.549999941226897,2.549999892033118,2.5499996787895594,2.5499989180824048,2.5499963338202605,2.5499879229561437,2.5499618759310567,2.5498855516047314,2.5496747852031825,2.5491279187682476,2.5477976619128473,2.544768960221541,2.538321616308258,2.5254950788371753,2.5016416169964746,2.460128947785681,2.3923803933204537,2.2883575107347816,2.137356839416127,1.9285646285915599,1.6519154721976375
1223.0,2.549999940487327,2.5499998907571384,2.5499996753268412,2.549998907487831,2.5499963013559035,2.5499878268117095,2.5499616049016547,2.549884830494597,2.549672984409198,2.5491237150488804,2.5477885183658717,2.544750477811906,2.5382869738583187,2.525434978415026,2.501545249207029,2.4599863036766942,2.3921856999656264,2.288112837958376,2.13707442793035,1.9282666096835488,1.6516304397833788
1224.0,2.549999939739519,2.5499998894678892,2.5499996718317153,2.5499988968046488,2.5499962686506343,2.54998773004015,2.5499613323359176,2.5498841058803845,2.5496711762376005,2.5491194971065823,2.5477793499366372,2.54473195634845,2.538252277322964,2.525374813774765,2.5014488200245926,2.45984362125863,2.3919910136423015,2.2878682328917854,2.1367921444774685,1.927968758496497,1.6513455745272156
1225.0,2.549999938983394,2.549999888165252,2.549999668303927,2.5499988860322516,2.5499962357030435,2.549987632638368,2.549961058227608,2.5498833777507985,2.5496693606704675,2.5491152649174955,2.5477701566011013,2.5447133958197927,2.5382175267215974,2.5253145849816745,2.5013523295591797,2.4597009006585253,2.391796334443436,2.2876236955405655,2.136509988949585,1.9276710748010297,1.6510608762714338
1226.0,2.549999938218872,2.5499998868491094,2.549999664743221,2.5499988751700333,2.5499962025117124,2.5499875346032588,2.549960782570477,2.5498826460945314,2.5496675376898725,2.5491110184577868,2.547760938335291,2.5446947962146598,2.5381827220737168,2.5252542921010503,2.501255777920672,2.459558142003145,2.3916016624616834,2.2873792259101187,2.1362279612387627,1.9273735583692038,1.6507763448569375
1227.0,2.549999937445875,2.549999885519341,2.5499996611493394,2.5499988642173834,2.549996169075219,2.5499874359317056,2.5499605053582597,2.5498819109002624,2.5496657072778905,2.54910675770365,2.547751695115299,2.5446761575218773,2.5381478633989163,2.525193935198205,2.5011591652188185,2.4594153454189804,2.391406997789395,2.2871348240056966,2.1359460612370245,1.9270762089744689,1.6504919801233175
1228.0,2.549999936664319,2.549999884175826,2.549999657522025,2.5499988531736872,2.549996135392135,2.5499873366205836,2.5499602265846812,2.5498811721566588,2.5496638694165927,2.549102482631305,2.547742426917286,2.5446574797303745,2.5381129507168865,2.5251335143384654,2.5010624915632382,2.4592725110322506,2.3912123405186234,2.2868904898323974,2.135664288836354,1.9267790263916331,1.6502077819089171
1229.0,2.549999935874124,2.5499998828184434,2.5499996538610157,2.5499988420383293,2.549996101461027,2.549987236666759,2.549959946243453,2.5498804298523763,2.549662024088051,2.5490981932169974,2.547733133717479,2.5446387628291838,2.538077984047413,2.5250730295871735,2.5009657570634185,2.459129638968904,2.39101769074112,2.2866462233951683,2.135382643928702,1.9264820103968283,1.6499237500508939
1230.0,2.5499999350752076,2.5499998814470706,2.5499996501660505,2.5499988308106887,2.549996067280454,2.5499871360670867,2.5499596643282714,2.549879683976057,2.5496601712743354,2.5490938894369974,2.5477238154921724,2.5446200068074383,2.5380429634103754,2.525012481009683,2.500868961828713,2.4589867293546184,2.390823048548337,2.2864020246988055,2.1351011264059845,1.926185160767476,1.649639884385281
1231.0,2.549999934267487,2.549999880061585,2.5499996464368655,2.5499988194901433,2.549996032848971,2.549987034818413,2.549959380832823,2.5498789345163315,2.549658310957514,2.5490895712676047,2.547714472217728,2.5446012116543733,2.538007888825749,2.524951868671363,2.500772105968347,2.4588437823148013,2.390628414031431,2.2861578937479523,2.1348197361600882,1.925888477282256,1.6493561847470437
1232.0,2.5499999334508785,2.549999878661862,2.549999642673197,2.5499988080760665,2.5499959981651257,2.5499869329175753,2.5499590957507783,2.5498781814618177,2.5496564431196553,2.549085238685144,2.547705103870575,2.544582377359326,2.5379727603136017,2.5248911926375937,2.5006751895914103,2.4587007979745903,2.39043378728126,2.285913830547101,2.134538473082873,1.9255919597210742,1.649072650970134
1233.0,2.5499999326252976,2.549999877247777,2.5499996388747768,2.549998796567829,2.549995963227462,2.5499868303614015,2.5499588090757976,2.5498774248011222,2.5496545677428255,2.5490808916659646,2.5476957104272095,2.5445635039117365,2.5379375778940956,2.5248304529737693,2.5005782128068637,2.4585577764588544,2.390239168388386,2.285669835100592,2.134257337066173,1.9252956078650343,1.648789282887543
1234.0,2.549999931790659,2.5499998758192044,2.549999635041337,2.5499987849647985,2.549995928034516,2.5499867271467083,2.5499585208015265,2.5498766645228383,2.5496526848090912,2.5490765301864458,2.5476862918641943,2.5445445913011424,2.5379023415874857,2.524769649745296,2.500481175723534,2.458414717892194,2.390044557443079,2.2854259074126158,2.1339763280018027,1.9249994214964068,1.6485060803313505
1235.0,2.549999930946879,2.5499998743760175,2.549999631172608,2.54999877326634,2.5499958925848194,2.549986623270305,2.5499582309216002,2.5498759006155485,2.5496507943005184,2.5490721542229897,2.5476768481581598,2.544525639517187,2.5378670514141204,2.5247087830175916,2.500384078450119,2.458271622398941,2.389849954535311,2.28518204748721,2.1336954457815582,1.9247034003986028,1.6482230431327742
1236.0,2.5499999300938696,2.5499998729180877,2.5499996272683183,2.549998761471813,2.5499958568768966,2.549986518728989,2.549957939429638,2.5498751330678235,2.5496488961991717,2.5490677637520287,2.547667379285804,2.5445066485496097,2.53783170739444,2.524647852856086,2.500286921095181,2.45812849010316,2.389655359754765,2.284938255328262,2.133414690297221,1.924407544356145,1.6479401711222137
1237.0,2.549999929231544,2.549999871445288,2.549999623328194,2.5499987495805776,2.5499958209092677,2.549986413519551,2.549957646319248,2.5498743618682207,2.5496469904871155,2.5490633587500198,2.5476578852238907,2.5444876183882554,2.537796309548977,2.5245868593262184,2.5001897037671528,2.457985321128649,2.38946077319083,2.2846945309395092,2.1331340614405625,1.9241118531546428,1.6476574641292956
1238.0,2.549999928359815,2.549999869957489,2.5499996193519605,2.549998737591987,2.549995784680447,2.5499863076387705,2.5499573515840246,2.549873587005286,2.5496450771464136,2.5490589391934484,2.547648365949252,2.5444685490230654,2.5377608578983546,2.524525802493441,2.5000924265743354,2.4578421155989387,2.389266194932605,2.284450874324535,2.132853559103346,1.9238163265807673,1.6473749219829144
1239.0,2.549999927478595,2.5499998684545595,2.549999615339342,2.549998725505394,2.5499957481889406,2.5499862010834176,2.5499570552175506,2.549872808467555,2.5496431561591306,2.549054505058825,2.5476388214387864,2.544449440444083,2.5377253524632892,2.5244646824232158,2.4999950896248966,2.457698873637296,2.3890716250688966,2.2842072854867768,2.1325731831773314,1.923520964422225,1.647092544511274
1240.0,2.5499999265877955,2.5499998669363677,2.549999611290059,2.549998713320147,2.5499957114332514,2.5499860938502525,2.5499567572133954,2.5498720262435493,2.5496412275073297,2.5490500563226886,2.54762925166946,2.5444302926414517,2.5376897932645868,2.524403499181013,2.4998976930268726,2.45755559536672,2.3888770636882253,2.283963764429516,2.132292933554278,1.9232257664677364,1.6468103315419258
1241.0,2.549999925687325,2.549999865402783,2.549999607203833,2.549998701035591,2.549995674411875,2.5499859859360265,2.5499564575651155,2.5498712403217807,2.5496392911730736,2.549045592961605,2.5476196566183056,2.5444111056054144,2.5376541803231443,2.524342252832314,2.499800236888168,2.4574122809099475,2.388682510878822,2.2837203111558866,2.1320128101259486,1.9229307325070117,1.6465282829018033
1242.0,2.5499999247770946,2.549999863853672,2.5499996030803818,2.5499986886510686,2.5499956371233017,2.5499858773374813,2.549956156266254,2.54987045069075,2.549637347138426,2.549041114952168,2.547610036262424,2.5443918793263136,2.5376185136599476,2.524280943442609,2.4997027213165546,2.457268930389449,2.3884879667286296,2.2834769256688707,2.1317328127841124,1.9226358623307291,1.6462463984172602
1243.0,2.5499999238570132,2.5499998622888995,2.549999598919423,2.5499986761659175,2.5499955995660155,2.5499857680513487,2.5499558533103435,2.5498696573389434,2.549635395385452,2.549036622270998,2.547600390578981,2.5443726137945917,2.5375827932960724,2.5242195710773965,2.4996051464196727,2.4571255439274333,2.3882934313253057,2.283233607971302,2.1314529414205503,1.9223411557305137,1.6459646779141026
1244.0,2.5499999229269896,2.549999860708332,2.5499995947206706,2.549998663579475,2.549995561738495,2.5499856580743514,2.549955548690902,2.549868860254837,2.549633435896212,2.549032114894743,2.5475907195452123,2.5443533090007895,2.5375470192526857,2.5241581358021845,2.4995075123050308,2.4569821216458436,2.388098904756222,2.2829903580658604,2.1311731959270563,1.9220466124989164,1.6456831212176224
1245.0,2.5499999219869305,2.549999859111833,2.549999590483839,2.549998650891072,2.549995523639212,2.549985547403202,2.5499552424014356,2.549868059426898,2.5496314686527723,2.549027592800078,2.547581023138418,2.5443339649355474,2.53751119155104,2.5240966376824887,2.4994098190800043,2.4568386636663635,2.387904387108467,2.282747175955079,2.1308935761954424,1.921752232429395,1.645401728152626
1246.0,2.5499999210367434,2.549999857499265,2.5499995862086395,2.549998638100038,2.549995485266633,2.549985436034604,2.549954934435437,2.549867254843578,2.549629493637196,2.5490230559637066,2.5475713013359673,2.544314581589605,2.537475310212481,2.524035076783833,2.499312066851838,2.4566951701104123,2.3877098784688435,2.2825040616413395,2.1306140821175426,1.921458015316293,1.6451204985434673
1247.0,2.5499999200763335,2.5499998558704915,2.549999581894782,2.549998625205699,2.5499954466192194,2.5499853239652506,2.5499546247863867,2.5498664464933203,2.549627510831548,2.549018504362359,2.547561554115295,2.544295158953799,2.5374393752584377,2.523973453171747,2.499214255727643,2.4565516410991486,2.3875153789238714,2.282261015126873,2.1303347135852144,1.9211639609548232,1.644839432214073
1248.0,2.549999919105608,2.549999854225373,2.5499995775419757,2.5499986122073777,2.549995407695425,2.549985211191827,2.5499543134477527,2.5498656343645547,2.549625520217893,2.5490139379727945,2.5475517814539033,2.544275697019067,2.5374033867104293,2.523911766911768,2.499116385814399,2.45640807675347,2.38732088855979,2.2820180364137617,2.1300554704903454,1.920870069141048,1.6445585289879707
1249.0,2.5499999181244704,2.5499998525637695,2.5499995731499263,2.549998599104393,2.5499953684936987,2.5499850977110077,2.54995400041299,2.5498648184457022,2.549623521778297,2.5490093567717995,2.5475419833293618,2.544256195776442,2.537367344590062,2.5238500180694414,2.4990184572189538,2.456264477194015,2.387126407462558,2.2817751255039393,2.129776352724853,1.9205763396718631,1.6442777886883178
1250.0,2.5499999171328245,2.5499998508855413,2.5499995687183388,2.5499985858960605,2.549995329012483,2.5499849835194577,2.549953685675542,2.5498639987251708,2.5496215154948265,2.549004760736188,2.5475321597193066,2.544236655217057,2.537331248919029,2.523788206710318,2.4989204700480223,2.4561208425411594,2.386931935717852,2.281532282399187,2.129497360180691,1.9202827723449807,1.6439972111379215
1251.0,2.5499999161305746,2.549999849190546,2.5499995642469173,2.5499985725816936,2.549995289250214,2.5499848686138322,2.549953369228839,2.5498631751913576,2.5496195013495484,2.5490001498428025,2.5475223106014413,2.544217075332143,2.5372950997191097,2.523726332899953,2.4988224244081882,2.4559771729150226,2.386737473411071,2.2812895071011394,2.1292184927498514,1.9199893669589108,1.6437167961592671
1252.0,2.549999915117623,2.549999847478641,2.549999559735362,2.549998559160602,2.549995249205323,2.549984752990777,2.5499530510662978,2.5498623478326494,2.5496174793245308,2.548995524068514,2.5475124359535366,2.544197456113026,2.5372588970121708,2.5236643967039094,2.498724320405903,2.455833468435463,2.386543020627334,2.281046799611282,2.128939750324368,1.9196961233129493,1.6434365435745395
1253.0,2.5499999140938723,2.549999845749683,2.5499995551833736,2.54999854563209,2.5499952088762354,2.549984636646929,2.549952731181324,2.5498615166374217,2.5496154494018435,2.548990883390221,2.547502535753428,2.544177797551132,2.537222640820164,2.523602398187755,2.4986261581474847,2.455689729222082,2.3863485774514848,2.2808041599309496,2.12866113279632,1.9194030412071603,1.6431564532056444
1254.0,2.5499999130592226,2.549999844003527,2.549999550590649,2.5499985319954623,2.549995168261369,2.5499845195789153,2.549952409567311,2.549860681594039,2.5496134115635556,2.5489862277848503,2.547492609979021,2.544158099637984,2.5371863311651257,2.523540337417061,2.4985279377391203,2.4555459553942227,2.386154143968087,2.280561588061331,2.1283826400578345,1.9191101204423617,1.6428765248742314
1255.0,2.5499999120135746,2.5499998422400285,2.549999545956886,2.5499985182500176,2.5499951273591366,2.549984401783353,2.5499520862176377,2.549859842690854,2.5496113657917387,2.5489815572293577,2.5474826586082866,2.5441383623652003,2.537149968069179,2.5234782144574046,2.498429659286864,2.4554021470709717,2.3859597202614324,2.2803190840034637,2.1281042720010896,1.918817360820111,1.6425967584017123
1256.0,2.549999910956828,2.5499998404590394,2.5499995412817777,2.5499985043950515,2.549995086167945,2.54998428325685,2.549951761125672,2.54985899991621,2.5496093120684655,2.548976871700727,2.547472681619262,2.5441185857244974,2.5371135515545307,2.523416029374367,2.4983313228966386,2.455258304371158,2.3857653064155353,2.28007664775824,2.127826028518319,1.9185247621426913,1.6423171536092818
1257.0,2.5499999098888817,2.549999838660413,2.5499995365650174,2.549998490429857,2.5499950446861948,2.5499841639960037,2.54995143428477,2.549858153258439,2.5496072503758094,2.54897217117597,2.547462678990052,2.544098769707688,2.5370770816434716,2.5233537822335323,2.498232928674234,2.4551144274133554,2.385570902514136,2.279834279326403,2.1275479095018124,1.9182323242130992,1.6420377103179369
1258.0,2.549999908809634,2.549999836844001,2.5499995318062956,2.549998476353723,2.549995002912281,2.5499840439974033,2.5499511056882733,2.5498573027058615,2.549605180695846,2.5489674556321282,2.5474526506988284,2.54407891430668,2.5370405583583784,2.5232914731004894,2.498134476725308,2.454970516315881,2.385376508640701,2.2795919787085483,2.1272699148439203,1.9179400468350307,1.6417584283484925
1259.0,2.549999907718982,2.549999835009653,2.5499995270053013,2.549998462165936,2.549994960844592,2.5499839232576282,2.5499507753295125,2.549856448246789,2.549603103010652,2.548962725046272,2.5474425967238297,2.54405901951348,2.5370039817217087,2.5232291020408293,2.498035967155387,2.4548265711967985,2.3851821248784253,2.279349745905125,2.126992044437057,1.9176479298128684,1.6414793075216016
1260.0,2.5499999066168217,2.5499998331572193,2.5499995221617224,2.549998447865779,2.5499949184815103,2.5499838017732475,2.5499504432018067,2.5498555898695208,2.5496010173023054,2.548957979395498,2.5474325170433616,2.5440390853201893,2.5369673517560054,2.523166669120146,2.4979374000698638,2.4546825921739153,2.3849877513102324,2.279107580916434,2.126714298173702,1.91735597295167,1.6412003476577701
1261.0,2.549999905503051,2.549999831286547,2.5499995172752437,2.54999843345253,2.5499948758214126,2.5499836795408206,2.549950109298461,2.549854727562346,2.5495989235528866,2.5489532186569352,2.547422411635795,2.5440191117190043,2.536930668483893,2.523104174404037,2.4978387755740004,2.454538579364786,2.3847933880187737,2.2788654837426305,2.126436675946404,1.917064176060746,1.6409216261044481
1262.0,2.549999904377562,2.5499998293974846,2.5499995123455497,2.549998418925465,2.549994832862669,2.549983556556899,2.549949773612768,2.5498538613135437,2.549596821744477,2.5489484428077382,2.54741228047957,2.5439990987022174,2.5368939319280797,2.5230416179581,2.4977400937729257,2.4543945328867105,2.3845990350864303,2.2786234543837236,2.1261591776477844,1.91677253896416,1.6406430676391184
1263.0,2.549999903240252,2.549999827489878,2.5499995073723216,2.5499984042838566,2.549994789603644,2.549983432818022,2.5499494361380095,2.5498529911113827,2.5495947118591604,2.5489436518250934,2.5474021235531907,2.5439790462622165,2.5368571421113546,2.522978999847936,2.497641354771637,2.454250452856737,2.384404692595316,2.278381492839576,2.1258818031705444,1.9164810614895276,1.6403646720388487
1264.0,2.5499999020910127,2.5499998255635727,2.5499995023552398,2.5499983895269747,2.5499947460426964,2.549983308320722,2.5499490968674543,2.5498521169441197,2.549592593879023,2.548938845686215,2.5473919408352312,2.543958954391484,2.536820299056589,2.5229163201391476,2.4975425586749993,2.454106339391661,2.384210360627275,2.278139599109905,2.1256045524074745,1.916189743464377,1.640086439082046
1265.0,2.5499999009297376,2.5499998236184123,2.5499994972939817,2.5499983746540833,2.5499947021781777,2.54998318306152,2.5499487557943588,2.549851238800004,2.5495904677861514,2.548934024368345,2.5473817323043284,2.5439388230825997,2.5367834027867353,2.522853578897337,2.497443705587745,2.4539621926080253,2.3840160392638823,2.277897773194283,2.1253274252514616,1.9158985847161651,1.6398083685484095
1266.0,2.5499998997563185,2.5499998216542408,2.549999492188225,2.5499983596644453,2.5499946580084343,2.5499830570369273,2.5499484129119665,2.549850356667272,2.549588333562636,2.5489291878487577,2.547371497939189,2.5439186523282347,2.5367464533248283,2.522790776188109,2.4973447956144748,2.453818012622122,2.3838217285864483,2.2776560150921377,2.125050421595495,1.9156075850722878,1.6395304602188883
1267.0,2.549999898570646,2.5499998196708997,2.5499994870376446,2.549998344557319,2.5499946135318057,2.5499829302434476,2.549948068213511,2.5498494705341512,2.549586191190569,2.548924336104754,2.547361237718585,2.543898442121157,2.536709450693981,2.522727912077068,2.4972458288596577,2.4536737995499927,2.383627428676016,2.2774143248027516,2.1247735413326745,1.9153167443600965,1.6392527138756388
1268.0,2.549999897372612,2.5499998176682306,2.5499994818419114,2.5499983293319595,2.5499945687466266,2.5499828026775737,2.549947721692211,2.5498485803888586,2.549584040652044,2.5489194691136654,2.547350951621355,2.543878192454227,2.536672394917389,2.5226649866298168,2.4971468054276293,2.453529553507428,2.383433139613363,2.277172702325265,2.1244967843562153,1.9150260624069078,1.638975129301986
1269.0,2.5499998961621033,2.5499998156460726,2.5499994766006973,2.5499983139876186,2.5499945236512245,2.549982674335788,2.549947373341274,2.549847686219602,2.549581881929157,2.548914586852852,2.547340639626406,2.5438579033204016,2.5366352860183263,2.5226019999119624,2.4970477254225947,2.4533852746099694,2.383238861479003,2.276931147658673,2.1242201505594527,1.9147355390400174,1.6386977062823882
1270.0,2.5499998949390124,2.5499998136042654,2.549999471313671,2.549998298523545,2.549994478243921,2.549982545214565,2.549947023153896,2.5498467880145768,2.5495797150040094,2.5489096892997054,2.547330301712709,2.54383757471273,2.5365981240201476,2.522538951989108,2.4969485889486256,2.453240962972907,2.383044594353186,2.2766896608018294,2.123943639835849,1.914445174086711,1.638420444602397
1271.0,2.5499998937032244,2.5499998115426474,2.5499994659805005,2.549998282938983,2.5499944325230315,2.5499824153103687,2.54994667112326,2.54984588576197,2.549577539858701,2.548904776431644,2.547319937859303,2.5438172066243556,2.536560908946286,2.522475842926856,2.496849396109662,2.4530966187112853,2.3828503383158983,2.276448241753444,2.1236672520789948,1.9141549673742762,1.638143344048628
1272.0,2.549999892454627,2.5499998094610548,2.5499994606008505,2.5499982672331742,2.549994386486865,2.5499822846196536,2.5499463172425374,2.5498449794499596,2.549575356475337,2.5488998482261187,2.547309548045293,2.543796799048515,2.536523640820253,2.522412672790808,2.4967501470095126,2.452952241939898,2.3826560934468644,2.276206890512086,2.1233909871826153,1.9138649187300119,1.6378664044087248
1273.0,2.5499998911931074,2.549999807359323,2.549999455174384,2.549998251405356,2.5499943401337246,2.5499821531388647,2.5499459615048865,2.5498440690667117,2.5495731648360245,2.548894904660607,2.54729913224985,2.5437763519785372,2.5364863196656398,2.5223494416465657,2.496650841751853,2.452807832773293,2.382461859825546,2.2759656070761825,2.1231148450405732,1.9135750279812402,1.6375896254713311
1274.0,2.5499998899185496,2.549999805237287,2.5499994497007634,2.549998235454763,2.549994293461909,2.5499820208644377,2.5499456039034554,2.5498431546003832,2.549570964922873,2.5488899457126193,2.5472886904522136,2.5437558654078476,2.536448945506115,2.522286149559727,2.496551480440227,2.4526633913257694,2.382267637531146,2.2757243914440206,2.122838825546872,1.9132852949553163,1.6373130070260602
1275.0,2.5499998886308393,2.5499998030947815,2.5499994441796474,2.549998219380625,2.5499942464697067,2.549981887792798,2.5499452444313784,2.5498422360391233,2.5495687567179948,2.5488849713596937,2.5472782226316872,2.543735339329961,2.5364115183654254,2.522222796595889,2.4964520631780465,2.45251891771138,2.382073426642606,2.2754832436137464,2.122562928595657,1.9129957194796374,1.6370365488634677
1276.0,2.5499998873298604,2.549999800931637,2.549999438610695,2.5499982031821706,2.549994199155404,2.549981753920363,2.5499448830817784,2.5498413133710685,2.5495665402035064,2.5488799815793994,2.547267728767643,2.543714773738486,2.536374038267395,2.5221593828206452,2.496352590068592,2.452374412043932,2.381879227238609,2.275242163583367,2.122287154081222,1.9127063013816534,1.6367602507750239
1277.0,2.5499998860154953,2.549999798747686,2.5499994329935607,2.549998186858623,2.549994151517279,2.5499816192435385,2.5499445198477675,2.5498403865843464,2.549564315361527,2.5488749763493352,2.5472572088395173,2.5436941686271255,2.5363365052359237,2.522095908299587,2.496253061215012,2.4522298744369864,2.3816850393975795,2.27500115135075,2.122011501898006,1.9124170404888738,1.6364841125530902
1278.0,2.549999884687627,2.549999796542758,2.549999427327899,2.549998170409202,2.5499941035536033,2.5499814837587214,2.549944154722443,2.5498394556670765,2.5495620821741776,2.5488699556471297,2.5472466628268147,2.5436735239896713,2.5362989192949903,2.5220323730983036,2.4961534767203215,2.4520853050038585,2.3814908631976848,2.274760206913625,2.1217359719405997,1.9121279366288788,1.6362081339908934
1279.0,2.549999883346136,2.5499997943166823,2.5499994216133612,2.5499981538331244,2.5499940552626437,2.5499813474623,2.5499437876988926,2.5498385206073673,2.5495598406235835,2.548864919450443,2.547236090709105,2.54365283982001,2.5362612804686484,2.52196877728238,2.496053836687405,2.45194070385762,2.381296698716833,2.274519330269584,2.1214605641037454,1.911838989629326,1.6359323148825031
1280.0,2.549999881990902,2.5499997920692876,2.549999415849598,2.549998137129603,2.5499940066426596,2.549981210350652,2.549943418770191,2.5498375813933185,2.549557590691875,2.5488598677369634,2.547225492466025,2.5436321161121187,2.5362235887810276,2.5219051209173973,2.495954141219016,2.4517960711110987,2.381102546032678,2.2742785214160826,2.1211852782823377,1.9115501993179578,1.6356566550228118
1281.0,2.549999880621807,2.5499997898004003,2.5499994100362575,2.5499981202978486,2.549993957691905,2.5499810724201453,2.5499430479294016,2.54983663801302,2.549555332361182,2.5488548004844107,2.547214868077277,2.543611352860067,2.536185844256334,2.521841404068933,2.4958543904177732,2.451651406876877,2.380908405222618,2.2740377803504392,2.120910114371427,1.9112615655226122,1.6353811542075098
1282.0,2.5499998792387286,2.5499997875098463,2.5499994041729854,2.5499981033370656,2.549993908408627,2.54998093366714,2.549942675169576,2.549835690454553,2.549553065613641,2.548849717670535,2.54720421752263,2.5435905500580156,2.536148046918848,2.5217776268025602,2.495754584386167,2.451506711267296,2.3807142763637956,2.2737971070698366,2.1206350722662184,1.9109730880712261,1.63510581223307
1283.0,2.549999877841544,2.54999978519745,2.5499993982594265,2.5499980862464566,2.5499938587910673,2.5499807940879853,2.549942300483753,2.5498347387059876,2.5495507904313914,2.5488446192731176,2.547193540781919,2.5435697077002164,2.536110196792926,2.521713789183848,2.4956547232265525,2.4513619843944525,2.3805201595330994,2.273556501571324,2.1203601518620734,1.910684766791846,1.6348306288967251
1284.0,2.549999876430131,2.5499997828630345,2.5499993922952227,2.549998069025221,2.54999380883746,2.54998065367902,2.5499419238649605,2.549833782755387,2.5495485067965755,2.548839505269968,2.547182837835046,2.543548825781012,2.5360722939029987,2.5216498912783605,2.4955548070411555,2.4512172263702032,2.380326054807166,2.273315963851815,2.1200853530545105,1.9103966015126321,1.634555603996452
1285.0,2.549999875004365,2.549999780506423,2.5499993862800143,2.5499980516725533,2.5499937585460346,2.549980512436575,2.549941545306214,2.549832822590804,2.5495462146913397,2.548834375638929,2.5471721086619787,2.5435279042948364,2.53603433827357,2.521585933151656,2.4954548359320694,2.451072437306161,2.380131962262377,2.273075493908091,2.119810675739206,1.9101085920618672,1.6342807373309531
1286.0,2.549999873564122,2.549999778127437,2.54999938021344,2.5499980341876456,2.5499937079150126,2.549980370356971,2.549941164800517,2.5498318582002812,2.549543914097834,2.5488292303578723,2.5471613532427497,2.5435069432362143,2.535996329929219,2.521521914869287,2.495354810001256,2.450927617313699,2.3799378819748642,2.272835091736799,2.1195361198119955,1.9098207382679604,1.634006028699641
1287.0,2.549999872109276,2.5499997757258948,2.549999374095135,2.549998016569685,2.549993656942611,2.549980227436519,2.5499407823408617,2.5498308895718553,2.549541604998214,2.548824069404701,2.547150571557459,2.5434859425997605,2.535958268894598,2.5214578364968023,2.4952547293505445,2.4507827665039494,2.3797438140205074,2.2725947573344563,2.11926168516887,1.909533039959456,1.6337314779026195
1288.0,2.5499998706397005,2.549999773301616,2.5499993679247344,2.549997998817857,2.54999360562704,2.5499800836715205,2.5499403979202286,2.5498299166935503,2.5495392873746363,2.5488188927573474,2.547139763586272,2.5434649023801805,2.5359201551944315,2.5213936980997413,2.4951545940816335,2.4506378849878043,2.379549758474936,2.272354490697448,2.118987371705982,1.9092454969650374,1.6334570847406733
1289.0,2.549999869155268,2.54999977085442,2.549999361701871,2.549997980931341,2.5499935539665017,2.549979939058267,2.5499400115315867,2.5498289395533833,2.549536961209265,2.5488137003937776,2.5471289293094217,2.5434438225722698,2.535881988853519,2.521329499743641,2.49505440429609,2.450492972875916,2.379355715413529,2.272114291822029,2.118713179319642,1.9089581091135333,1.6331828490152496
1290.0,2.549999867655851,2.549999768384122,2.5499993554261744,2.5499979629093144,2.549993501959195,2.549979793593042,2.5499396231678926,2.5498279581393626,2.549534626484265,2.548808492291986,2.5471180687072046,2.5434227031709122,2.5358437698967293,2.521265241494029,2.494954160095349,2.4503480302786986,2.379161684911418,2.2718741607043245,2.118439107906317,1.9086708762339226,1.6329087705284462
1291.0,2.549999866141319,2.5499997658905365,2.5499993490972743,2.5499979447509507,2.5499934496033103,2.5499796472721177,2.5499392328220916,2.549826972439486,2.549532283181808,2.5488032684299995,2.5471071817599853,2.5434015441710836,2.5358054983490077,2.521200923416427,2.4948538615807134,2.4502030573063256,2.3789676670434856,2.271634097340331,2.1181651573626357,1.908383798155341,1.632634849082998
1292.0,2.5499998646115416,2.549999763373479,2.5499993427147953,2.549997926455419,2.5499933968970323,2.549979500091758,2.5499388404871164,2.5498259824417446,2.549529931284069,2.548798028785875,2.547096268448193,2.5433803455678476,2.5357671742353673,2.5211365455763493,2.4947535088533557,2.4500580540687342,2.378773661884365,2.271394101725918,2.1178913275853826,1.9080968747070832,1.6323610844822645
1293.0,2.5499998630663896,2.549999760832762,2.549999336278362,2.5499979080218864,2.5499933438385396,2.5499793520482155,2.54993844615589,2.549824988134119,2.5495275707732272,2.548792773337701,2.5470853287523223,2.543359107356358,2.535728797580895,2.521072108039302,2.494653102014316,2.4499130206756234,2.3785796695084453,2.271154173856826,2.117617618471501,1.9078101057186112,1.6320874765302162
1294.0,2.5499998615057295,2.5499997582681972,2.5499993297875982,2.5499978894495143,2.5499932904260048,2.5499792031377355,2.549938049821323,2.5498239895045822,2.5495252016314667,2.5487875020635977,2.5470743626529355,2.5433378295318567,2.535690368410747,2.5210076108707855,2.4945526411645034,2.449767957236454,2.3783856899898677,2.2709143137286705,2.1173440299180926,1.9075234910195555,1.6318140250314266
1295.0,2.5499998599294305,2.5499997556795955,2.5499993232421225,2.549997870737461,2.549993236657593,2.5499790533565525,2.549937651476313,2.5498229865410984,2.5495228238409764,2.548782214941715,2.54706337013066,2.5433165120896746,2.535651886750153,2.52094305413629,2.494452126404697,2.449622863860453,2.3781917234025283,2.2706745213369413,2.1170705618224153,1.9072370304397217,1.6315407297910562
1296.0,2.5499998583373564,2.549999753066766,2.5499993166415544,2.549997851884883,2.549993182531464,2.5499789027008912,2.5499372511137475,2.549821979231622,2.549520437383949,2.5487769119502355,2.5470523511661876,2.5432951550252323,2.5356133526244116,2.520878437901298,2.4943515578355413,2.449477740656608,2.3779977698200776,2.2704347966770033,2.1167972140818847,1.9069507238090935,1.631267590614847
1297.0,2.5499998567293733,2.5499997504295173,2.549999309985509,2.5499978328909303,2.5499931280457706,2.549978751166968,2.549936848726502,2.5498209675641013,2.5495180422425827,2.548771593067373,2.547041305740277,2.543273758334038,2.5355747660588905,2.5208137622312834,2.494250935557552,2.449332587733672,2.3778038293159236,2.2701951397440974,2.1165239865940717,1.9066645709578367,1.6309946073091077
1298.0,2.549999855105346,2.5499997477676564,2.5499993032736006,2.549997813754751,2.54999307319866,2.5499785987509886,2.5499364443074413,2.5498199515264734,2.5495156383990807,2.5487662582713715,2.547030233833753,2.543252322011687,2.5355361270790295,2.5207490271917115,2.494150259671113,2.4491874052001643,2.377609901963231,2.269955550533341,2.1162508792567034,1.9063785717163042,1.6307217796807085
1299.0,2.5499998534651374,2.549999745080988,2.549999296505442,2.5499977944754884,2.549993017988272,2.5499784454491494,2.549936037849417,2.5498189311066692,2.5495132258356508,2.548760907540507,2.5470191354275054,2.5432308460538646,2.5354974357103357,2.5206842328480383,2.494049530276477,2.4490421931643676,2.3774159878349193,2.2697160290397305,2.115977891967663,1.906092725915038,1.6304491075370684
1300.0,2.5499998518086104,2.549999742369318,2.5499992896806427,2.549997775052283,2.5499929624127415,2.549978291257638,2.5499356293452715,2.54981790629261,2.5495108045345054,2.548755540853088,2.5470080105024895,2.5432093304563432,2.5354586919783864,2.5206193792657094,2.4939487474737647,2.448896951734331,2.377222087003669,2.269476575258139,2.115705024624986,1.9058070333847734,1.630176590686147
1301.0,2.5499998501356265,2.549999739632449,2.5499992827988107,2.549997755484271,2.549992906470196,2.549978136172631,2.549935218787833,2.549816877072209,2.5495083744778615,2.5487501581874534,2.5469968590397265,2.5431877752149816,2.535419895908829,2.5205544665101627,2.4938479113629666,2.4487516810178693,2.377028199541917,2.269237189183321,2.1154322771268643,1.9055214939564435,1.6299042289364365
1302.0,2.5499998484460464,2.549999736870183,2.5499992758595518,2.549997735770585,2.5499928501587563,2.549977980190296,2.5499348061699205,2.5498158434333718,2.549505935647943,2.5487447595219748,2.546985681020303,2.543166180325728,2.535381047527377,2.5204894946468244,2.493747022043942,2.4486063811225662,2.3768343255218607,2.268997870809909,2.1151596493716416,1.9052361074611808,1.6296320220969547
1303.0,2.5499998467397287,2.549999734082322,2.5499992688624697,2.5499977159103535,2.5499927934765374,2.5499778233067936,2.549934391484341,2.5498148053639955,2.5495034880269776,2.548739344835055,2.546974476425371,2.5431445457846165,2.535342146859813,2.5204244637411106,2.4936460796164193,2.4484610521557713,2.376640465015458,2.2687586201324184,2.1148871412578147,1.90495087373032,1.6293599699772336
1304.0,2.5499998450165338,2.549999731268664,2.549999261807166,2.549997695902702,2.5499927364216486,2.5499776655182704,2.5499339747238894,2.5498137628519677,2.549501031597199,2.5487339141051275,2.546963245236148,2.543122871587768,2.5353031939319886,2.520359373858427,2.493545084179995,2.4483156942246005,2.376446618094426,2.268519437145245,2.114614752684031,1.9046657925954027,1.6290880723873158
1305.0,2.549999843276318,2.549999728429008,2.5499992546932395,2.549997675746752,2.549992678992192,2.5499775068208677,2.54993355588135,2.54981271588517,2.549498566340846,2.548728467310659,2.5469519874339173,2.543101157731391,2.53526418876982,2.520294225064169,2.493444035834135,2.44817030743594,2.3762527848302453,2.268280321842667,2.1143424835490903,1.9043808638881794,1.6288163291377442
1306.0,2.5499998415189378,2.5499997255631506,2.5499992475202893,2.5499976554416204,2.549992621186263,2.5499773472107137,2.549933134949497,2.5498116644514757,2.5494960922401626,2.548723004430148,2.5469407030000264,2.54307940421178,2.5352251313992937,2.5202290174237203,2.493342934678175,2.448024891896444,2.376058965294157,2.2680412742188483,2.114070333751942,1.9040960874406108,1.6285447400395576
1307.0,2.54999983974425,2.549999722670889,2.54999924028791,2.5499976349864215,2.5499925630019504,2.54997718668393,2.54993271192109,2.549810608538748,2.5494936092773983,2.5487175254421244,2.5469293919158895,2.543057611025316,2.535186021846462,2.520163751002454,2.4932417808113194,2.4478794477125363,2.3758651595571667,2.2678022942678338,2.113798303191685,1.9038114630848726,1.6282733049042808
1308.0,2.5499998379521087,2.549999719752016,2.5499992329956944,2.549997614380265,2.5499925044373386,2.5499770252366267,2.5499322867888803,2.5498095481348457,2.549491117434809,2.54871203032515,2.546918054162986,2.5430357781684667,2.5351468601374423,2.52009842586573,2.493140574332642,2.4477339749904092,2.3756713676900416,2.2675633819835554,2.113526391767568,1.9035269906533565,1.6280020235439212
1309.0,2.549999836142368,2.549999716806326,2.5499992256432336,2.549997593622257,2.5499924454905036,2.5499768628649058,2.5499318595456066,2.5498084832276158,2.5494886166946564,2.548706519057819,2.546906689722859,2.543013905637785,2.53510764629842,2.5200330420788983,2.493039315341085,2.447588473836026,2.375477589763314,2.26732453735983,2.113254599378986,1.9032426699786726,1.6277308957709626
1310.0,2.5499998343148804,2.54999971383361,2.5499992182301163,2.5499975727115,2.5499923861595155,2.5499766995648585,2.549931430183997,2.549807413804901,2.5494861070392063,2.548700991618758,2.5468952985771187,2.5429919934299097,2.5350683803556455,2.5199675997072957,2.4929380039354605,2.44744294435512,2.375283825847282,2.2670857603903616,2.1129829259254826,1.9029585008936523,1.6274599213983552
1311.0,2.5499998324694984,2.54999971083366,2.54999921075593,2.549997551647092,2.549992326442438,2.5499765353325676,2.549930998696767,2.549806339854534,2.549483588450732,2.548695447986624,2.5468838807074388,2.5429700415415657,2.5350290623354343,2.5199020988162455,2.4928366402144504,2.4472973866531964,2.3750900760120084,2.2668470510687406,2.1127113713067467,1.9026744832313498,1.6271891002395154
1312.0,2.5499998306060716,2.5499997078062644,2.549999203220259,2.549997530428128,2.5499922663373287,2.5499763701641056,2.5499305650766235,2.549805261364341,2.5494810609115115,2.5486898881401094,2.5468724360955592,2.5429480499695627,2.534989692264169,2.519836539471061,2.4927352242766054,2.447151800835532,2.374896340327322,2.2666084093884464,2.112439935422613,1.9023906168250444,1.6269184321083163
1313.0,2.5499998287244505,2.5499997047512117,2.5499991956226857,2.5499975090536986,2.549992205842237,2.5499762040555365,2.5499301293162597,2.5498041783221392,2.549478524403831,2.5486843120579357,2.546860964723285,2.542926018710796,2.534950270168294,2.5197709217370403,2.4926337562203464,2.447006187007174,2.374702618862819,2.2663698353428465,2.1121686181730612,1.9021069015082421,1.6266479168190837
1314.0,2.5499998268244832,2.549999701668289,2.549999187962791,2.5499974875228917,2.549992144955209,2.5499760370029136,2.5499296914083596,2.5498030907157396,2.54947597890998,2.5486787197188585,2.5468494665724855,2.542903947762245,2.534910796074322,2.5197052456794693,2.4925322361439624,2.446860545272945,2.3745089116878626,2.2661313289251983,2.1118974194582156,1.9018233371146773,1.6263775541865924
1315.0,2.549999824906019,2.549999698557281,2.5499991802401514,2.549997465834789,2.549992083674282,2.5499758690022816,2.5499292513455947,2.5498019985329465,2.5494734244122554,2.5486731111016656,2.5468379416250952,2.542881837120975,2.5348712700088267,2.5196395113636205,2.4924306641456138,2.4467148757374373,2.374315218871586,2.2658928901286504,2.111626339178343,1.9015399234783155,1.6261073440260583
1316.0,2.5499998229689043,2.5499996954179727,2.5499991724543447,2.549997443988471,2.549992021997488,2.5499757000496754,2.549928809120627,2.5498009017615546,2.549470860892961,2.5486674861851766,2.546826389863114,2.5428596867841353,2.5348316919984475,2.519573718854752,2.492329040323328,2.4465691785050185,2.3741215404828897,2.265654518946241,2.1113553772338522,1.9012566604333538,1.625837286153136
1317.0,2.549999821012983,2.5499996922501467,2.5499991646049436,2.5499974219830124,2.549991959922851,2.54997553014112,2.549928364726105,2.5497998003893523,2.549468288334406,2.548661844948244,2.5468148112686064,2.5428374967489593,2.5347920620698865,2.519507868218109,2.4922273647750055,2.446423453679831,2.3739278765904452,2.265416215370902,2.1110845335252946,1.900973547814223,1.6255673803839141
1318.0,2.549999819038102,2.5499996890535845,2.54999915669152,2.5499973998174847,2.5499918974483897,2.5499753592726324,2.549927918154668,2.5497986944041204,2.549465706718906,2.5486561873697524,2.546803205823702,2.542815267012765,2.5347523802499095,2.519441959518921,2.492125637598414,2.446277701365789,2.373734227262694,2.2651779793954567,2.1108138079533623,1.9006905854555884,1.6252976265349084
1319.0,2.549999817044103,2.549999685828066,2.5499991487136424,2.549997377490956,2.5499918345721166,2.5499751874402183,2.549927469398945,2.549797583793633,2.549463116028785,2.54865051342862,2.5467915735105935,2.5427929975729535,2.534712646565346,2.519375992822405,2.4920238588911925,2.4461319216665833,2.373540592567847,2.2649398110126215,2.1105432004188867,1.9004077731923534,1.6250280244230617
1320.0,2.54999981503083,2.54999968257337,2.5499991406708786,2.5499973550024895,2.5499917712920377,2.549975014639875,2.5499270184515517,2.5497964685456553,2.549460516246371,2.5486448231037957,2.54677991431154,2.542770688427011,2.534672861043087,2.5193099681937623,2.4919220287508486,2.44598611468568,2.3733469725738896,2.264701710215009,2.110272710822839,1.9001251108596575,1.6247585738657353
1321.0,2.5499998129981236,2.549999679289275,2.5499991325627933,2.549997332351145,2.5499917076061505,2.5499748408675895,2.5499265653050944,2.549795348647948,2.549457907353998,2.5486391163742637,2.546768228208867,2.5427483395725066,2.534633023710087,2.5192438856981787,2.491820147274761,2.44584028052632,2.3731533673485767,2.264463676995124,2.1100023390663303,1.899842598302873,1.6244894928038107
1322.0,2.5499998109458244,2.549999675975557,2.5499991243889495,2.5499973095359785,2.549991643512449,2.549974666119341,2.5499261099521684,2.5497942240882625,2.54945528933401,2.5486333932190384,2.5467565151849607,2.542725951007092,2.534593134593361,2.519177745400826,2.4917182145601764,2.445694419291521,2.3729597769594406,2.264225711345368,2.109732085050611,1.899560235406891,1.6242205698876546
1323.0,2.5499998088737725,2.5499996726319893,2.5499991161489075,2.5499972865560427,2.5499915790089194,2.5499744903910977,2.549925652385358,2.549793094854344,2.549452662168756,2.548627653617169,2.5467447752222743,2.5427035227285035,2.5345531937199866,2.5191115473668595,2.4916162307042145,2.445548531084078,2.372766201473782,2.2639878132580398,2.1094619486770894,1.899278022064956,1.6239518048157717
1324.0,2.5499998067818064,2.549999669258347,2.5499991078422255,2.549997263410385,2.5499915140935405,2.549974313678818,2.5499251925972373,2.5497919609339306,2.549450025840591,2.548621897547737,2.5467330083033257,2.542681054734559,2.534513201117103,2.519045291661419,2.491514195803863,2.4454026160065627,2.37257264095868,2.263749982725334,2.109191929847342,1.8989959581685685,1.6236831972910242
1325.0,2.549999804669762,2.5499996658544015,2.54999909946846,2.5499972400980493,2.549991448764286,2.549974135978453,2.5499247305803676,2.549790822314753,2.5494473803318796,2.548616124989855,2.546721214410696,2.5426585470231595,2.5344731568119108,2.5189789783496295,2.4914121099559803,2.445256674161324,2.3723790954809862,2.263512219739342,2.10892202846313,1.89871404360755,1.6234147470204676
1326.0,2.5499998025374766,2.549999662419924,2.5499990910271633,2.549997216618076,2.5499913830191216,2.5499739572859426,2.5499242663273014,2.549789678984536,2.5494447256249897,2.5486103359226715,2.546709393527032,2.5426359995922896,2.53443306083167,2.5189126074965977,2.491309973257295,2.4451107056504893,2.3721855651073307,2.263274524292056,2.1086522444264104,1.8984322782701102,1.6231464537151898
1327.0,2.5499998003847857,2.549999658954684,2.5499990825178878,2.549997192969502,2.5499913168560084,2.5499737775972173,2.549923799830579,2.5497885309309964,2.5494420617022984,2.548604530325366,2.5466975456350442,2.542613412440015,2.534392913203703,2.518846179167417,2.491207785804406,2.444964710575964,2.371992049904118,2.263036896375366,2.108382577639348,1.898150662042911,1.6228783170901582
1328.0,2.5499997982115223,2.549999655458448,2.5499990739401825,2.5499971691513585,2.5499912502728987,2.5499735969081985,2.5499233310827307,2.5497873781418456,2.549439388546191,2.5485987081771513,2.546685670717507,2.5425907855644825,2.5343527139553905,2.5187796934271605,2.4911055476937833,2.444818689039434,2.37179854993753,2.262799335981062,2.1081130280043223,1.897869194811126,1.6226103368640779
1329.0,2.5499997960175205,2.5499996519309844,2.549999065293594,2.5499971451626746,2.5499911832677404,2.549973415214799,2.5499228600762764,2.549786220604786,2.549436706139057,2.548592869457274,2.5466737687572607,2.542568118963924,2.5343124631141745,2.518713150340888,2.491003259021766,2.4446726411423625,2.3716050652735268,2.262561843100835,2.1078435954239367,1.8975878764585015,1.62234251275925
1330.0,2.5499997938026118,2.549999648372058,2.5499990565776685,2.549997121002474,2.5499911158384734,2.549973232512921,2.5499223868037255,2.549785058307517,2.549434014463296,2.5485870141450127,2.546661839737208,2.542545412636651,2.534272160707556,2.5186465499736403,2.490900919884565,2.444526566985995,2.371411595977847,2.262324417726278,2.107574279801026,1.8973067068674125,1.6220748445014426
1331.0,2.5499997915666266,2.5499996447814324,2.549999047791947,2.549997096669778,2.549991047983032,2.5499730487984573,2.5499219112575746,2.5497838912377273,2.549431313501315,2.5485811422196805,2.546649883640317,2.5425226665810565,2.5342318067630942,2.51857989239044,2.4907985303782603,2.4443804666713547,2.3712181421160086,2.2620870598488843,2.1073050810386618,1.8970256859189194,1.6218073318197628
1332.0,2.5499997893093957,2.549999641158869,2.5499990389359697,2.5499970721636016,2.549990979699343,2.5499728640672927,2.5499214334303115,2.549782719383102,2.5494286032355253,2.5485752536606223,2.5466379004496194,2.5424998807956154,2.5341914013084095,2.5185131776562946,2.4906960905988043,2.444234340299248,2.3710247037533083,2.261849769460052,2.107035999040157,1.89674481349282,1.6215399744465364
1333.0,2.5499997870307465,2.54999963750413,2.549999030009274,2.549997047482958,2.5499909109853274,2.5499726783153007,2.5499209533144134,2.549781542731318,2.5494258836483494,2.5485693484472174,2.5466258901482117,2.542477055278883,2.53415094437118,2.518446405836192,2.490593600642019,2.4440881879702623,2.3708312809548246,2.261612546551084,2.10676703370907,1.896464089467702,1.6212727721171951
1334.0,2.5499997847305074,2.5499996338169746,2.5499990210113954,2.5499970226268553,2.5499908418388992,2.549972491538347,2.5499204709023466,2.549780361270046,2.5494231547222146,2.548563426558878,2.546613852719254,2.5424541900294972,2.53411043597914,2.5183795769951023,2.4904910606035977,2.4439420097847644,2.370637873785416,2.261375391113185,2.106498184949206,1.8961835137209924,1.6210057245701648
1335.0,2.5499997824085043,2.549999630097161,2.5499990119418676,2.549996997594298,2.549990772257966,2.5499723037322863,2.549919986186567,2.549779174986952,2.549420416439558,2.5485574879750494,2.54660178814597,2.5424312850461748,2.5340698761600855,2.518312691197977,2.4903884705791035,2.443795805842906,2.3704444823097237,2.2611383031374688,2.106229452664624,1.8959030861290058,1.6207388315467615
1336.0,2.5499997800645615,2.549999626344446,2.549999002800221,2.549996972384286,2.5499907022404296,2.5499721148929657,2.5499194991595187,2.5497779838696935,2.549417668782823,2.5485515326752117,2.546589696411648,2.542408340327714,2.534029264941868,2.5182457485097514,2.490285830663972,2.4436495762446206,2.370251106592171,2.2609012826149533,2.1059608367596336,1.8956228065669913,1.62047209279109
1337.0,2.5499997776985044,2.549999622558585,2.5499989935859846,2.549996946995816,2.549990631784184,2.5499719250162216,2.549919009813637,2.549776787905923,2.549414911734461,2.548545560638876,2.5465775774996384,2.5423853558729927,2.5339886023523963,2.5181787489953384,2.4901831409535085,2.443503321089623,2.370057746696965,2.2606643295365645,2.1056923371387977,1.8953426749091766,1.620205508049951
1338.0,2.549999775310156,2.549999618739331,2.549998984298684,2.54999692142788,2.5499905608871165,2.549971734097882,2.549918518141346,2.5497755870832863,2.549412145276933,2.548539571845589,2.5465654313933594,2.54236233168097,2.533947888419638,2.5181116927196348,2.49008040154289,2.443357040477415,2.3698644026880937,2.2604274438931378,2.1054239537069344,1.8950626910288113,1.6199390770727453
1339.0,2.549999772899338,2.5499996148864374,2.5499989749378424,2.549996895679466,2.549990489547109,2.549971542133764,2.549918024135059,2.5497743813894225,2.5494093693927047,2.548533566274929,2.546553258076288,2.542339267750684,2.5339071231716157,2.518044579747518,2.4899776125271638,2.4432107345072795,2.369671074629334,2.260190625675417,2.105155686369116,1.8947828547982097,1.6196727996113915
1340.0,2.5499997704658717,2.549999610999655,2.549998965502982,2.5499968697495583,2.549990417762036,2.549971349119677,2.54991752778718,2.5497731708119655,2.5494065840642532,2.548527543906511,2.54654105753197,2.5423161640812526,2.53386630663641,2.517977410143845,2.4898747740012492,2.443064403278285,2.3694777625842445,2.259953874874056,2.1048875350306666,1.8945031660887905,1.6194066754202368
1341.0,2.5499997680095743,2.5499996070787327,2.5499989559936216,2.549996843637137,2.5499903455297654,2.5499711550514204,2.5499170290901008,2.549771955338543,2.5494037892740615,2.5485215047199805,2.5465288297440103,2.542293020671874,2.5338254388421566,2.517910183973453,2.489771886059937,2.4429180468892855,2.369284466616171,2.259717191479621,2.104619499597164,1.894223624771116,1.619140704255981
1342.0,2.5499997655302664,2.549999603123419,2.5499989464092785,2.549996817341178,2.5499902728481585,2.5499709599247837,2.549916528036204,2.549770734956777,2.5494009850046218,2.5485154486950177,2.5465165746960805,2.5422698375218244,2.533784519817047,2.51784290130116,2.489668948797889,2.4427716654389187,2.369091186788246,2.2594805754825886,2.1043515799744372,1.8939442307149292,1.6188748858775974
1343.0,2.549999763027765,2.5499995991334603,2.549998936749466,2.5499967908606536,2.5499901997150713,2.549970763735548,2.549916024617862,2.5497695096542823,2.5493981712384333,2.548509375811337,2.5465042923719134,2.5422466146304616,2.533743549589331,2.5177755621917655,2.489565962309639,2.4426252590256086,2.368897923163388,2.2592440268733505,2.1040837760685647,1.8936649837891908,1.6186092200462623
1344.0,2.5499997605018847,2.549999595108602,2.5499989270136965,2.549996764194531,2.5499901261283515,2.549970566479485,2.5499155188274365,2.549768279418669,2.549395347958006,2.5485032860486863,2.546491982755308,2.5422233519972193,2.5337025281873102,2.5177081667100456,2.4894629266895905,2.442478827747567,2.368704675804304,2.2590075456422114,2.1038160877858725,1.893385883862114,1.6183437065252806
1345.0,2.549999757952442,2.5499995910485875,2.54999891720148,2.549996737341774,2.54999005208584,2.549970368152356,2.549915010657278,2.549767044237541,2.5493925151458554,2.5484971793868465,2.5464796458301238,2.542200049621612,2.5336614556393435,2.5176407149207587,2.4893598420320204,2.44233237170279,2.36851144477349,2.258771131779391,2.1035485150329323,1.893106930801198,1.6180783450800222
1346.0,2.54999975537925,2.5499995869531586,2.5499989073123226,2.5499967103013423,2.5499899775853727,2.5499701687499132,2.549914500099729,2.549765804098496,2.549389672784507,2.548491055805634,2.5464672815802865,2.5421767075032315,2.5336203319738435,2.51757320688864,2.489256708431076,2.4421858909890615,2.368318230133229,2.2585347852750255,2.103281057716558,1.8928281244732614,1.6178131354778569
1347.0,2.5499997527821225,2.549999582822056,2.5499988973457306,2.549996683072192,2.5499899026247776,2.549969968267901,2.5499139871471197,2.5497645589891267,2.549386820856495,2.5484849152848974,2.5464548899897834,2.5421533256417495,2.533579157219278,2.517505642678407,2.489153525980779,2.4420393857039544,2.3681250319455955,2.258298506119168,2.1030137157438062,1.8925494647444732,1.6175480774880924
1348.0,2.5499997501608687,2.5499995786550196,2.549998887301205,2.549996655653273,2.5499898272018764,2.5499697667020524,2.549913471791771,2.549763308897019,2.5493839593443615,2.5484787578045203,2.546442471042666,2.542129904036914,2.533537931404169,2.517438022354753,2.4890502947750184,2.441892855944829,2.3679318502724556,2.258062294301789,2.1027464890219676,1.892270951480383,1.6172831708819135
1349.0,2.5499997475153,2.5499995744517863,2.5499988771782456,2.549996628043534,2.5499897513144845,2.5499695640480926,2.5499129540259933,2.549762053809755,2.5493810882306573,2.5484725833444197,2.5464300247230476,2.542106442688553,2.533496654557091,2.517370345982351,2.4889470149075588,2.4417463018088315,2.367738685175463,2.25782614981278,2.102479377458569,1.8919925845459509,1.6170184154323284
1350.0,2.549999744845225,2.5499995702120923,2.5499988669763507,2.5499966002419185,2.5499896749604103,2.549969360301737,2.5499124338420867,2.54976079371491,2.5493782074979423,2.548466391884547,2.5464175510151064,2.5420829415965693,2.533455326706675,2.517302613625853,2.4888436864720354,2.441599723392901,2.367545536716066,2.2575900726419507,2.102212380961369,1.8917143638055753,1.6167538109141133
1351.0,2.5499997421504523,2.5499995659356722,2.549998856695015,2.549996572247364,2.549989598137456,2.549969155458691,2.549911911232342,2.549759528600054,2.5493753171287854,2.5484601834048872,2.5464050499030826,2.5420594007609467,2.533413947881602,2.517234825349889,2.4887403095619556,2.4414531207937635,2.367352404955504,2.257354062779032,2.101945499438352,1.8914362891231211,1.6164893571037593
1352.0,2.549999739430788,2.5499995616222586,2.549998846333731,2.549996544058806,2.5499895208434156,2.5499689495146525,2.5499113861890392,2.549758258452751,2.5493724171057637,2.54845395788546,2.5463925213712795,2.542035820181744,2.5333725181106086,2.5171669812190682,2.488636884270699,2.441306494107934,2.3671592899548104,2.2571181202136774,2.10167873279773,1.8911583603619444,1.6162250537794234
1353.0,2.5499997366860367,2.5499995572715837,2.54999883589199,2.5499965156751747,2.549989443076079,2.549968742465308,2.549910858704448,2.5497569832605613,2.5493695074114635,2.5484477153063185,2.546379965404064,2.542012199859098,2.5333310374224833,2.5170990812979745,2.4885334106915167,2.4411598434317208,2.36696619177481,2.256882244935462,2.101412080947934,1.8908805773849195,1.615960900720882
1354.0,2.5499997339160037,2.549999552883378,2.5499988253692782,2.5499964870953975,2.549989364833227,2.5499685343063367,2.5499103287708285,2.549755703011037,2.549366588028481,2.54844145564755,2.546367381985866,2.5419885397932216,2.5332895058460663,2.5170311256511724,2.4884298889175334,2.44101316886122,2.3667731104761254,2.2566464369338872,2.1011455437976125,1.8906029400544637,1.6156968977094832
1355.0,2.549999731120491,2.549999548457369,2.5499988147650816,2.5499964583183967,2.5499892861126354,2.549968325033406,2.5499097963804305,2.549754417691729,2.54936365893942,2.548435178889277,2.5463547711011776,2.5419648399844066,2.533247923410251,2.5169631143432025,2.4883263190417453,2.4408664704923186,2.3665800461191715,2.2564106961983756,2.100879121255628,1.8903254482325593,1.6154330445281018
1356.0,2.5499997282993005,2.549999543993284,2.549998804078883,2.5499964293430892,2.5499892069120724,2.549968114642177,2.549909261525495,2.549753127290179,2.5493607201268933,2.5484288850116545,2.546342132734554,2.5419411004330192,2.533206290143983,2.5168950474385836,2.4882227011570213,2.440719748420698,2.3663869987641606,2.256175022718279,2.100612813231055,1.890048101780777,1.6151693409611012
1357.0,2.549999725452233,2.549999539490848,2.549998793310162,2.54999640016839,2.5499891272293,2.5499679031282994,2.549908724198251,2.549751831793925,2.549357771573525,2.5484225739948734,2.5463294668706133,2.5419173211395028,2.533164606076258,2.5168269250018103,2.4881190353561022,2.4405730027418286,2.3661939684710993,2.2559394164828737,2.1003466196331724,1.8897709005602996,1.6149057867942882
1358.0,2.549999722579088,2.5499995349497855,2.549998782458397,2.549996370793209,2.5499890470620734,2.549967690487414,2.549908184390918,2.5497505311905,2.549354813261947,2.548416245819158,2.5463167734940364,2.5418935021043767,2.5331228712361242,2.516758747097355,2.4880153217316034,2.4404262335509737,2.366000955299794,2.2557038774813645,2.1000805403714637,1.8894938444319407,1.614642381814876
1359.0,2.5499997196796627,2.549999530369818,2.5499987715230636,2.5499963412164512,2.549988966408141,2.5499674767151532,2.5499076420957074,2.5497492254674334,2.549351845174801,2.5484099004647676,2.5463040525895657,2.541869643328237,2.5330810856526806,2.5166905137896665,2.48791156037601,2.440279440943191,2.365807959309846,2.255468405702884,2.0998145753556106,1.8892169332561677,1.6143791258114486
1360.0,2.5499997167537534,2.5499995257506676,2.5499987605036347,2.5499963114370185,2.549988885265244,2.549967261807139,2.5499070973048195,2.5497479146122464,2.5493488672947366,2.548403537911995,2.546291304142008,2.541845744811755,2.5330392493550775,2.516622225143169,2.4878077513816823,2.44013262501333,2.3656149805606574,2.255233001136495,2.099548724495491,1.8889401668931192,1.6141160185739198
1361.0,2.5499997138011565,2.5499995210920514,2.54999874939958,2.549996281453808,2.5499888036311193,2.5499670457589865,2.549906550010444,2.5497465986124586,2.5493458796044157,2.5483971581411677,2.5462785281362312,2.5418218065556766,2.532997362372514,2.516553881222265,2.4877038948408523,2.4399857858560345,2.365422019111427,2.25499766377119,2.0992829877011747,1.8886635452026264,1.6138530598935057
1362.0,2.549999710821667,2.5499995163936884,2.549998738210368,2.5499962512657124,2.5499887215034938,2.549966828566298,2.5499060002047615,2.5497452774555818,2.5493428820865076,2.548390761132649,2.5462657245571663,2.541797828560825,2.5329554247342427,2.516485482091331,2.4875999908456254,2.439838923565742,2.3652290750211553,2.2547623935958914,2.0990173648829202,1.8883870680442296,1.6135902495626842
1363.0,2.5499997078150756,2.549999511655294,2.5499987269354634,2.54999622087162,2.54998863888009,2.5499666102246694,2.5499054478799437,2.549743951129125,2.5493398747236915,2.548384346866834,2.5462528933898065,2.541773810828098,2.5329134364695625,2.516417027814721,2.4874960394879797,2.439692038236684,2.3650361483486417,2.2545271905994566,2.0987518559511695,1.8881107352771975,1.6133275873751682
1364.0,2.549999704781176,2.549999506876582,2.5499987155743296,2.5499961902704156,2.549988555758622,2.5499663907296855,2.5499048930281507,2.5497426196205915,2.5493368574986572,2.548377915324154,2.546240034619207,2.5417497533584674,2.532871397607823,2.5163485184567635,2.4873920408597665,2.4395451299628887,2.3648432391524867,2.254292054770672,2.098486460816548,1.8878345467605433,1.6130650731258733
1365.0,2.5499997017197584,2.5499995020572657,2.549998704126426,2.54999615946098,2.549988472136799,2.549966170076924,2.5499043356415347,2.5497412829174797,2.5493338303941036,2.548371466485076,2.5462271482304866,2.5417256561529804,2.5328293081784254,2.516279954081763,2.487287995052711,2.4393981988381777,2.364650347491093,2.25405698609826,2.0982211793898555,1.8875585023530412,1.6128027066108879
1366.0,2.54999969863061,2.549999497197057,2.5499986925912115,2.549996128442189,2.5499883880123217,2.5499659482619514,2.5499037757122363,2.5497399410072843,2.5493307933927394,2.548365000330098,2.5462142342088256,2.5417015192127597,2.5327871682108176,2.516211334753999,2.487183902158411,2.439251244956169,2.3644574734226653,2.253821984570876,2.0979560115820686,1.887282601913244,1.6125404876274438
1367.0,2.5499996955135202,2.5499994922956644,2.5499986809681405,2.5499960972129134,2.549988303382886,2.5499657252803267,2.5499032132323878,2.549738593877494,2.5493277464772834,2.548358516839757,2.546201292539465,2.5416773425390007,2.532744977734496,2.516142660537726,2.4870797622683383,2.4391042684102784,2.3642646170052117,2.253587050177111,2.0976909573043327,1.8870068452994961,1.6122784159738932
1368.0,2.5499996923682757,2.549999487352796,2.549998669256666,2.5499960657720218,2.5499882182461793,2.5499655011275975,2.5499026481941116,2.5497372415155937,2.5493246896304633,2.5483520159946216,2.5461883232077103,2.5416531261329744,2.532702736779009,2.516073931497174,2.4869755754738363,2.438957269293716,2.364071778296543,2.253352182905492,2.097426016467962,1.88673123236995,1.612016491449676
1369.0,2.549999689194661,2.5499994823681575,2.5499986574562383,2.5499960341183767,2.549988132599884,2.5499652757993054,2.5499020805895203,2.5497358839090642,2.549321622835019,2.548345497775296,2.5461753261989273,2.5416288699960257,2.532660445373949,2.5160051476965473,2.4868713418661246,2.4388102476994904,2.3638789573542742,2.2531173827444837,2.097161188984433,1.8864557629825802,1.6117547138552997
1370.0,2.54999968599246,2.549999477341455,2.549998645566304,2.5499960022508374,2.5499880464416735,2.549965049290979,2.5499015104107174,2.549734521045382,2.5493185460736996,2.548338962162419,2.546162301498544,2.5416045741295727,2.53261810354896,2.5159363092000238,2.4867670615362942,2.438663203720408,2.363686154235827,2.252882649682485,2.096896474765383,1.8861804369951969,1.6114930829923133
1371.0,2.549999682761456,2.5499994722723898,2.5499986335863087,2.5499959701682577,2.5499879597692168,2.549964821598141,2.549900937649795,2.5497331529120175,2.549315459329262,2.548332409136665,2.546149249092051,2.541580238535108,2.53257571133373,2.5158674160717585,2.486662734575312,2.438516137449072,2.3634933689984274,2.2526479837078357,2.0966318737226075,1.8859052542654595,1.6112315986632824
1372.0,2.5499996795014295,2.5499994671606645,2.549998621515695,2.549995937869488,2.549987872580175,2.5499645927163037,2.5499003622988385,2.549731779496438,2.549312362584477,2.5483258386787413,2.546136168965001,2.5415558632141964,2.532533268757999,2.515798468375877,2.486558361074017,2.438369048977885,2.3633006016991076,2.2524133848088135,2.0963673857680556,1.8856302146508892,1.6109702606717689
1373.0,2.5499996762121606,2.549999462005979,2.549998609353902,2.5499959053533754,2.5499877848722026,2.54996436264097,2.549899784349922,2.549730400786106,2.5493092558221235,2.5483192507693917,2.546123061103007,2.5415314481684765,2.5324907758515502,2.5157294661764804,2.4864539411231226,2.4382219383990478,2.3631078523947067,2.2521788529736346,2.096103010813828,1.885355318008882,1.6107090688223065
1374.0,2.549999672893428,2.54999945680803,2.549998597100367,2.54999587261876,2.5499876966429476,2.5499641313676333,2.5498992037951096,2.549729016768481,2.549306139024991,2.5483126453893945,2.546109925491745,2.5415069933996612,2.532448232644216,2.515660409537645,2.486349474813217,2.4380748058045603,2.362915121141871,2.2519443881904566,2.095838748772172,1.8850805641967199,1.610448022920383
1375.0,2.5499996695450093,2.549999451566515,2.5499985847545243,2.54999583966448,2.54998760789005,2.5499638988917797,2.5498986206264576,2.5497276274310163,2.54930301217588,2.5483060225195624,2.5460967621169512,2.5414824989095344,2.5324056391658747,2.5155912985234195,2.4862449622347604,2.4379276512862225,2.3627224079970564,2.251709990447377,2.09557459955548,1.884805953071583,1.6101871227724176
1376.0,2.54999966616668,2.549999446281128,2.5499985723158067,2.549995806489369,2.5499875186111454,2.5499636652088844,2.549898034836012,2.549726232761162,2.5492998752576,2.5482993821407427,2.546083570964426,2.541457964699954,2.532362995446452,2.5155221331978246,2.48614040347809,2.437780474935635,2.362529713016526,2.251475659732434,2.0953105630762887,1.8845314844905607,1.6099263681857416
1377.0,2.549999662758216,2.549999440951563,2.549998559783643,2.549995773092255,2.5499874288038606,2.5499634303144134,2.5498974464158097,2.5497248327463655,2.5492967282529735,2.5482927242338187,2.5460703520200285,2.54143339077285,2.5323203015159184,2.5154529136248565,2.4860357986334156,2.4376332768441964,2.362337036256355,2.2512413960336097,2.095046639247271,1.8842571583106618,1.6096657589685806
1378.0,2.5499996593193885,2.5499994355775106,2.54999854715746,2.5499957394719623,2.549987338465817,2.5499631942038254,2.5498968553578774,2.549723427374068,2.5492935711448315,2.5482860487797088,2.5460571052696803,2.5414087771302243,2.5322775574042904,2.5153836398684835,2.4859311477908212,2.4374860571031096,2.3621443777724256,2.2510071993388268,2.0947828279812386,1.883982974388825,1.6094052949300348
1379.0,2.5499996558499705,2.549999430158661,2.549998534436682,2.5499957056273113,2.549987247594628,2.549962956872568,2.5498962616542338,2.549722016631708,2.5492904039160154,2.548279355759364,2.5460438306993654,2.5413841237741517,2.5322347631416315,2.515314311992646,2.485826451040266,2.4373388158033773,2.3619517376204318,2.2507730696359514,2.0945191291911356,1.8837089325819303,1.609144975880063
1380.0,2.549999652349734,2.549999424694702,2.54999852162073,2.5499956715571175,2.549987156187901,2.5499627183160807,2.549895665296887,2.549720600506719,2.54928722654938,2.548272645153774,2.5460305282951277,2.5413594307067777,2.5321919187580484,2.515244930061259,2.485721708471584,2.4371915530358033,2.3617591158558806,2.250539006912793,2.094255542790037,1.8834350327468061,1.608884801629466
1381.0,2.549999648818445,2.54999941918532,2.549998508709023,2.5499956372601913,2.5499870642432367,2.5499624785297943,2.549895066277837,2.549719178986532,2.549284039027788,2.5482659169439597,2.5460171980430726,2.5413346979303206,2.5321490242836946,2.5151754941382087,2.4856169201744827,2.437044268890994,2.3615665125340897,2.2503050111571063,2.093992068691148,1.8831612747239115,1.6086244119418738
1382.0,2.5499996452558737,2.549999413630199,2.5499984957009767,2.5499956027353408,2.549986971758229,2.549962237509129,2.549894464589074,2.549717752058573,2.549280841334115,2.5482591711109803,2.546003839929368,2.54130992544707,2.5321060797487682,2.515106004287353,2.485512086238545,2.4368969634593594,2.361373927710191,2.25007108235659,2.0937287068077906,1.8828876582894796,1.6083641552524832
1383.0,2.549999641661786,2.5499994080290227,2.5499984825960054,2.549995567981368,2.549986878730464,2.549961995249498,2.5498938602225776,2.549716319710265,2.549277633451246,2.548252407635928,2.5459904539402416,2.541285113259386,2.5320630851835118,2.5150364605725244,2.485407206753229,2.4367496368311112,2.3611813614391277,2.249837220498887,2.093465457053383,1.8826141832064494,1.6081040315709207
1384.0,2.549999638035947,2.549999402381471,2.549998469393519,2.5499955329970714,2.5499867851575235,2.549961751746304,2.549893253170321,2.549714881929027,2.549274415362077,2.548245626499932,2.545977040061982,2.5412602613697017,2.5320200406182116,2.514966863057525,2.4853022818078676,2.4366022890962653,2.3609888137756587,2.2496034255715873,2.0932023193414078,1.8823408492409797,1.6078440409011587
1385.0,2.549999634378119,2.549999396687225,2.549998456092927,2.5499954977812456,2.54998669103698,2.549961506994941,2.5498926434242666,2.549713438702274,2.5492711870495164,2.5482388276841546,2.5459635982809394,2.5412353697805203,2.5319769460831987,2.5148972118061295,2.4851973114916683,2.436454920344641,2.3607962847743575,2.2493696975622264,2.0929392935853905,1.8820676561623484,1.607584183241761
1386.0,2.5499996306880655,2.549999390945961,2.5499984426936337,2.5499954623326775,2.5499865963664,2.549961260990793,2.5498920309763675,2.5497119900174186,2.5492679484964826,2.548232011169794,2.545950128583525,2.541210438494414,2.5319338016088473,2.5148275068820842,2.4850922958937134,2.4363075306658626,2.360603774489613,2.2491360364582857,2.0926763796988723,1.8817946037428555,1.6073244585861277
1387.0,2.5499996269655476,2.549999385157356,2.549998429195042,2.549995426650154,2.5499865011433434,2.549961013729238,2.549891415818568,2.549710535861868,2.5492646996859056,2.548225176938084,2.5459366309562106,2.541185467514028,2.5318906072255762,2.5147577483491084,2.484987235102962,2.4361601201493586,2.3604112829756287,2.2489024422471946,2.0924135775953925,1.8815216917577302,1.607064866922718
1388.0,2.549999623210324,2.5499993793210836,2.5499984155965523,2.5499953907324553,2.549986405365364,2.5499607652056415,2.5498907979428043,2.549709076223027,2.549261440600727,2.548218324970294,2.545923105385529,2.5411604568420767,2.5318473629638456,2.5146879362708905,2.484882129208247,2.4360126888843623,2.360218810286428,2.248668914916328,2.0921508871884678,1.8812489199850382,1.6068054082352705
1389.0,2.549999619422154,2.549999373436817,2.549998401897562,2.549995354578358,2.5499863090300074,2.549960515415362,2.549890177341002,2.549707611088298,2.5492581712238973,2.5482114552477277,2.545909551858073,2.541135406481345,2.5318040688541608,2.5146180707110903,2.4847769782982776,2.435865236959913,2.3600263564758475,2.2484354544530096,2.0918883083915785,1.8809762882055958,1.606546082503008
1390.0,2.5499996156007922,2.5499993675042263,2.5499983880974653,2.5499953181866326,2.5499862121348134,2.549960264353748,2.5498895540050777,2.5497061404450783,2.549254891538382,2.548204567751725,2.545895970360497,2.541110316434688,2.5317607249270684,2.5145481517333406,2.4846717824616382,2.435717764464856,2.359833921597545,2.24820206084451,2.091625841118152,1.880703796202884,1.6062868897008349
1391.0,2.5499996117459953,2.5499993615229806,2.5499983741956544,2.5499952815560474,2.5499861146773144,2.549960012016139,2.5498889279269403,2.5497046642807617,2.5492516015271556,2.5481976624636595,2.5458823608795154,2.54108518670503,2.5317173312131587,2.514478179401243,2.4845665417867884,2.435570271487843,2.359641505704996,2.2479687340780465,2.0913634852815526,1.8804314437629661,1.6060278297995267
1392.0,2.549999607857517,2.5499993554927474,2.549998360191519,2.5499952446853653,2.5499860166550374,2.549959758397868,2.5498882990984892,2.54970318258274,2.549248301173204,2.548190739364943,2.5458687234019037,2.541060017295365,2.5316738877430627,2.514408153778371,2.484461256362064,2.4354227581173316,2.3594491088514946,2.2477354741407867,2.0911012407950684,1.8801592306744097,1.605768902765907
1393.0,2.5499996039351087,2.549999349413192,2.549998346084445,2.549995207573344,2.5499859180655005,2.549959503494255,2.549887667511615,2.5497016953384017,2.549244990459526,2.5481837984370195,2.5458550579144967,2.5410348082087575,2.5316303945474554,2.514338074928268,2.484355926275677,2.435275224441588,2.359256731090156,2.2475022810198437,2.090839107571904,1.8798871567282085,1.605510108563021
1394.0,2.5499995999785225,2.549999343283977,2.549998331873817,2.549995170218738,2.549985818906216,2.549959247300614,2.549887033158199,2.5497002025351305,2.54924166936913,2.54817683966137,2.5458413644041915,2.54100955944834,2.5315868516570523,2.514267942914447,2.4842505516157143,2.4351276705486855,2.3590643724739144,2.2472691547022796,2.090577085525171,1.8796152217177085,1.6052514471502963
1395.0,2.5499995959875066,2.549999337104766,2.5499983175590146,2.549995132620297,2.549985719174691,2.5499589898122483,2.5498863960301135,2.549698704160308,2.5492383378850394,2.548169863019511,2.545827642857944,2.5409842710173143,2.5315432591026097,2.514197757800394,2.4841451324701405,2.4349800965265045,2.358872033055526,2.247036095175104,2.0903151745678845,1.8793434254385368,1.604992918483702
1396.0,2.54999959196181,2.549999330875218,2.549998303139417,2.549995094776765,2.549985618868422,2.5499587310244536,2.5498857561192225,2.5496972002013147,2.549234995990286,2.548162868492995,2.5458138932627694,2.5409589429189516,2.5314996169149264,2.514127519649561,2.484039668926794,2.4348325024627346,2.35867971288757,2.246803102425273,2.0900533746129524,1.8790717676885325,1.604734522515893
1397.0,2.549999587901178,2.5499993245949915,2.5499982886143995,2.5499950566868836,2.5499855179849025,2.5499584709325163,2.549885113417382,2.5496956906455246,2.5492316436679134,2.5481558560634077,2.5458001156057453,2.540933575156592,2.5314559251248427,2.514057228525372,2.483934161073391,2.4346848884448753,2.358487412022445,2.246570176439693,2.0897916855731773,1.8788002482676789,1.6044762591963568
1398.0,2.5499995838053575,2.549999318263743,2.549998273983335,2.5499950183493887,2.5499854165216167,2.5499582095317126,2.5498844679164363,2.549694175480311,2.54922828090098,2.548148825712372,2.5457863098740092,2.540908167733643,2.5314121837632375,2.5139868844912225,2.4838286089975243,2.434537254560233,2.3582951305123743,2.2463373172052146,2.0895301073612473,1.878528866978039,1.6042181284715458
1399.0,2.5499995796740906,2.5499993118811273,2.5499982592455934,2.549994979763012,2.549985314476044,2.5499579468173117,2.5498838196082243,2.5496926546930423,2.549224907672553,2.548141777421547,2.545772476054757,2.540882720653581,2.5313683928610318,2.5139164876104747,2.483723012786662,2.4343896008959263,2.3581028684094063,2.2461045247086378,2.0892686398897395,1.8782576236236939,1.6039601302850066
1400.0,2.5499995755071194,2.5499993054467973,2.549998244400541,2.5499949409264806,2.549985211845655,2.549957682784573,2.549883168484574,2.5496911282710872,2.5492215239657128,2.548134711172625,2.545758614135246,2.540857233919951,2.531324552449187,2.51384603794646,2.4836173725281485,2.4342419275388814,2.3579106257654123,2.2458717989367076,2.089007283071113,1.8779865180106812,1.6037022645775076
1401.0,2.5499995713041845,2.5499992989604037,2.549998229447544,2.5499949018385166,2.5499851086279155,2.5499574174287467,2.5498825145373063,2.5496895962018087,2.549218129763552,2.548127626947336,2.545744724102792,2.540831707536365,2.5312806625587037,2.5137755355624813,2.483511688309206,2.434094234575838,2.3577184026320865,2.2456391398761166,2.0887460368177115,1.877715549946938,1.6034445312871517
1402.0,2.5499995670650266,2.549999292421596,2.5499982143859627,2.5499948624978375,2.5499850048202823,2.5499571507450747,2.5498818577582325,2.5496880584725683,2.5492147250491755,2.548120524727444,2.545730805944772,2.5408061415065033,2.531236723220623,2.51370498052181,2.483405960216934,2.433946522093343,2.3575261990609526,2.245406547513503,2.088484901041763,1.8774447192422425,1.6031869303494926
1403.0,2.5499995627893814,2.549999285830021,2.549998199215156,2.549994822903159,2.549984900420206,2.5499568827287895,2.5498811981391545,2.549686515070724,2.5492113098056985,2.5481134044947504,2.545716859648623,2.540780535834113,2.5311927344660248,2.513634372887685,2.4833001883383066,2.433798790177758,2.3573340151033575,2.2451740218354503,2.088223875655378,1.877174025708162,1.602929461697642
1404.0,2.5499995584769866,2.549999279185325,2.5499981839344805,2.5499947830531884,2.5499847954251322,2.549956613375115,2.5498805356718677,2.5496849659836336,2.5492078840162504,2.5481062662310903,2.54570288520184,2.5407548905230106,2.531148696326028,2.5135637127233155,2.483194372760176,2.4336510389152544,2.357141850810475,2.2449415628284886,2.087962960570553,1.8769034691579982,1.6026721252623732
1405.0,2.549999554127576,2.549999272487151,2.549998168543289,2.549994742946631,2.5499846898324976,2.549956342679266,2.549879870348157,2.549683411198648,2.5492044476639713,2.5480991099183354,2.5456888825919792,2.5407292055770783,2.5311046088317917,2.5134930000918785,2.483088513569273,2.433503268391817,2.3569497062333076,2.2447091704790916,2.087702155699171,1.8766330494067378,1.6024149209722178
1406.0,2.5499995497408827,2.5499992657351416,2.5499981530409315,2.549994702582187,2.5499845836397332,2.5499560706364495,2.5498792021598,2.549681850703119,2.549201000732016,2.5480919355383933,2.5456748518066545,2.540703481000264,2.531060472014513,2.51342223505652,2.482982610852203,2.433355478693242,2.3567575814226847,2.2444768447736783,2.087441460953004,1.876362766271002,1.6021578487535624
1407.0,2.5499995453166395,2.5499992589289358,2.5499981374267557,2.549994661958551,2.549984476844262,2.549955797241862,2.5498785310985643,2.5496802844843947,2.549197543203548,2.5480847430732063,2.5456607928335417,2.5406777167965853,2.5310162859054284,2.5133514176803535,2.482876664695449,2.433207669905139,2.3565654764292647,2.2442445856986097,2.087180876243715,1.8760926195690013,1.6019009085307376
1408.0,2.5499995408545737,2.5499992520681722,2.549998121700107,2.5499946210744158,2.549984369443501,2.5499555224906922,2.5498778571562117,2.549678712529821,2.549194075061746,2.548077532504753,2.545646705660375,2.540651912970124,2.5309720505358113,2.5132805480264615,2.4827706751853724,2.433059842112931,2.3563733913035345,2.244012393240192,2.0869204014828604,1.8758226091204868,1.6016441002261024
1409.0,2.5499995363544166,2.5499992451524864,2.5499981058603263,2.5499945799284656,2.5499842614348616,2.54995524637812,2.549877180324493,2.5496771348267417,2.5491905962898,2.548070303815048,2.545632590274946,2.54062606952503,2.5309277659369736,2.5132096261578942,2.4826646424082126,2.432911995401855,2.356181326095811,2.2437802673846745,2.0866600365818946,1.8755527347467071,1.6013874237601315
1410.0,2.5499995318158937,2.549999238181514,2.5499980899067536,2.5499945385193836,2.549984152815745,2.549954968899316,2.5498765005951514,2.549675551362497,2.5491871068709138,2.5480630569861407,2.545618446665109,2.540600186465518,2.530883432140266,2.51313865213767,2.4825585664500847,2.432764129856962,2.3559892808562406,2.2435482081182485,2.086399781452171,1.8752829962703674,1.6011308790514884
1411.0,2.5499995272387315,2.5499992311548865,2.549998073838724,2.549994496845846,2.54998404358355,2.549954690049442,2.549875817959922,2.549673962124426,2.549183606788302,2.5480557920001172,2.5456042748187753,2.54057426379587,2.530839049177076,2.513067626028775,2.482452447396982,2.4326162455631177,2.3557972556348012,2.243316215427045,2.0861396360049493,1.875013393515585,1.6008744660171061
1412.0,2.5499995226226524,2.5499992240722347,2.5499980576555714,2.5499944549065265,2.549983933735664,2.549954409823652,2.5498751324105315,2.5496723670998658,2.549180096025192,2.5480485088391,2.5455900747239157,2.5405483015204338,2.530794617078829,2.5129965478941614,2.4823462853347773,2.4324683426050027,2.3556052504813025,2.2430842892971397,2.0858796001513955,1.8747439263078514,1.6006181845722562
1413.0,2.5499995179673807,2.5499992169331875,2.549998041356626,2.5499944127000935,2.5499838232694714,2.54995412821709,2.5498744439386978,2.54967076627615,2.549176574564826,2.5480412074852445,2.5455758463685596,2.540522299643622,2.5307501358769864,2.512925417796751,2.482240080349219,2.4323204210671125,2.355413265445386,2.2428524297145467,2.0856196738025883,1.8744745944739933,1.600362034630619
1414.0,2.5499995132726347,2.549999209737371,2.5499980249412157,2.5499943702252095,2.549983712182347,2.5499538452248918,2.549873752536131,2.549669159640611,2.5491730423904557,2.5480338879207447,2.5455615897407955,2.540496258169914,2.530705605603047,2.5128542357994323,2.482133832525935,2.43217248103376,2.3552213005765243,2.2426206366652206,2.0853598568695215,1.8742053978421356,1.6001060161043503
1415.0,2.5499995085381357,2.5499992024844107,2.5499980084086644,2.5499943274805346,2.549983600471661,2.549953560842184,2.5498730581945335,2.5496675471805794,2.549169499485348,2.5480265501278296,2.5455473048287725,2.5404701771038525,2.5306610262885467,2.5127830019650608,2.4820275419504303,2.4320245225890726,2.3550293559240245,2.2423889101350563,2.085100149263112,1.8739363362416643,1.5998501289041447
1416.0,2.5499995037636016,2.549999195173929,2.5499979917582944,2.5499942844647223,2.5499834881347745,2.549953275064086,2.5498723609055975,2.5496659288833827,2.549165945832782,2.5480191940887638,2.5455329916206964,2.540444056450048,2.530616397965057,2.512711716356458,2.481921208708089,2.431876545816995,2.3548374315370264,2.2421572501098868,2.0848405508941985,1.8736674095031935,1.5995943729392956
1417.0,2.549999498948748,2.5499991878055472,2.5499979749894246,2.5499942411764227,2.5499833751690435,2.549952987885706,2.5498716606610095,2.549664304736347,2.5491623814160493,2.548011819785848,2.545518650104832,2.540417896213174,2.530571720664187,2.5126403790364136,2.4818148328841727,2.431728550801289,2.354645527464505,2.241925656575485,2.0845810616735525,1.87339861745853,1.599338748117755
1418.0,2.5499994940932877,2.5499991803788844,2.549997958101371,2.5499941976142804,2.5499832615718163,2.5499526993021453,2.5498709574524456,2.5496626747267968,2.549158806218455,2.5480044272014184,2.545504280269504,2.540391696397969,2.5305269944175803,2.5125689900676837,2.4817084145638217,2.4315805376255337,2.354453643755268,2.241694129517559,2.0843216815118777,1.8731299599406415,1.5990832543461873
1419.0,2.549999489196936,2.5499991728935574,2.549997941093446,2.549994153776937,2.549983147340435,2.549952409308496,2.549870251271576,2.5496610388420535,2.5491552202233168,2.547997016317847,2.5454898821030945,2.5403654570092375,2.530482219256916,2.5124975495129904,2.481601953832056,2.4314325063731266,2.3542617804579615,2.2414626689217583,2.0840624103198175,1.8728614367836265,1.5988278915300258
1420.0,2.5499994842594034,2.5499991653491816,2.549997923964961,2.549994109663027,2.549983032472233,2.5499521178998408,2.54986954211006,2.549659397069439,2.5491516234139655,2.5479895871175433,2.5454754555940458,2.540339178051847,2.5304373952139096,2.5124260574350243,2.4814954507737723,2.431284457127282,2.3540699376210634,2.241231274773666,2.08380324800796,1.8725930478226815,1.5985726595735203
1421.0,2.5499994792804,2.5499991577453702,2.5499979067152214,2.549994065271184,2.5499829169645403,2.549951825071255,2.549868829959551,2.54965774939627,2.5491480157737456,2.54798213958295,2.545461000730856,2.5403128595307294,2.5303925223203123,2.5123545138964394,2.481388905473747,2.4311363899710345,2.3538781152928907,2.240999947058804,2.0835441944868394,1.8723247928940752,1.59831755837979
1422.0,2.549999474259633,2.5499991500817343,2.549997889343533,2.5499940206000327,2.5499828008146768,2.549951530817804,2.549868114811694,2.549656095809866,2.549144397286013,2.547974673696547,2.545446517502083,2.5402865014508813,2.530347600607909,2.5122829189598574,2.4812823180166355,2.4309883049872365,2.353686313521596,2.240768685762627,2.0832852496669454,1.8720566718351155,1.5980625878508679
1423.0,2.54999946919681,2.5499991423578834,2.5499978718491962,2.5499939756481957,2.549982684019958,2.5499512351345452,2.5498673966581253,2.54965443629754,2.549140767934139,2.5479671894408518,2.545432005896344,2.5402601038173622,2.53030263010852,2.5122112726878667,2.4811756884869713,2.430840202258561,2.3534945323551684,2.2405374908705284,2.0830264134587244,1.8717886844841267,1.597807747887748
1424.0,2.549999464091634,2.549999134573425,2.54999785423151,2.5499939304142902,2.5499825665776896,2.549950938016528,2.549866675490474,2.549652770846607,2.549137127701507,2.5479596867984156,2.5454174659023137,2.540233666635297,2.530257610854,2.5121395751430207,2.4810690169691685,2.430692081867499,2.353302771841438,2.2403063623678348,2.0827676857725863,1.8715208306804207,1.5975530383904262
1425.0,2.5499994589438106,2.5499991267279642,2.5499978364897693,2.5499938848969297,2.5499824484851734,2.5499506394587916,2.5498659513003608,2.5496510994443784,2.549133476571515,2.547952165751826,2.5454028975087235,2.540207189909872,2.5302125428762388,2.512067826387838,2.4809623035475195,2.4305439438963647,2.3531110320280693,2.2400753002398073,2.082509066518907,1.871253110264272,1.5972984592579456
1426.0,2.54999945375304,2.5499991188211046,2.549997818623267,2.5499938390947214,2.549982329739703,2.549950339456367,2.549865224079398,2.549649422078165,2.5491298145275714,2.5479446262837078,2.545388300704366,2.540180673646338,2.530167426207158,2.511996026484805,2.480855548306196,2.4303957884272895,2.352919312962567,2.2398443044716414,2.0822505556080366,1.8709855230768926,1.597044010388433
1427.0,2.5499994485190225,2.5499991108524473,2.5499978006312918,2.549993793006269,2.5499822103385656,2.5499500380042774,2.5498644938191912,2.549647738735276,2.549126141553101,2.54793706837672,2.545373675478088,2.540154117850009,2.530122260878716,2.511924175496371,2.4807487513292483,2.4302476155422283,2.3527276146922755,2.2396133750484655,2.0819921529503005,1.8707180689604093,1.5967896916791395
1428.0,2.549999443241457,2.549999102821592,2.549997782513131,2.549993746630171,2.54998209027904,2.5499497350975373,2.549863760511338,2.549646049403018,2.5491224576315417,2.5479294920135587,2.545359021818797,2.540127522526262,2.5300770469229032,2.511852273484953,2.4806419127006083,2.4300994253229566,2.3525359372643777,2.239382511955343,2.0817338584560057,1.8704507477578391,1.5965355030264767
1429.0,2.549999437920039,2.5499990947281352,2.549997764268068,2.5499936999650226,2.5499819695584005,2.5499494307311514,2.5498630241474265,2.5496443540686986,2.5491187627463434,2.547921897176956,2.5453443397154576,2.540100887680536,2.530031784371743,2.5117803205129317,2.480535032504086,2.4299512178510714,2.352344280725899,2.2391517151772673,2.0814756720354457,1.8701835593130687,1.5962814443260511
1430.0,2.549999432554465,2.549999086571674,2.549997745895383,2.5499936530094116,2.5499818481739136,2.5499491249001167,2.5498622847190386,2.549642652719622,2.5491150568809706,2.54791428384968,2.5453296291570915,2.5400742133183334,2.5299864732572934,2.511708316642654,2.480428110823371,2.4298029932079928,2.3521526451237036,2.238920984699166,2.0812175935989035,1.8699165034708312,1.5960275154726995
1431.0,2.5499994271444266,2.5499990783518003,2.549997727394354,2.549993605761925,2.549981726122838,2.549948817599421,2.549861542217748,2.549640945343091,2.549111340018901,2.5479066520145346,2.5453148901327793,2.540047499445219,2.5299411136116445,2.5116362619364305,2.4803211477420333,2.4296547514749625,2.351961030504497,2.2386903205058992,2.0809596230566583,1.8696495800766866,1.5957737163605215
1432.0,2.5499994216896162,2.5499990700681066,2.5499977087642556,2.54999355822114,2.5499816034024256,2.5499485088240452,2.5498607966351203,2.5496392319264105,2.5491076121436267,2.54789900165436,2.5453001226316587,2.540020746066819,2.5298957054669193,2.511564156456538,2.480214143343524,2.4295064927330454,2.351769436914826,2.238459722582257,2.0807017603189863,1.8693827889770014,1.5955200468829094
1433.0,2.5499994161897246,2.549999061720181,2.549997690004359,2.5499935103856344,2.5499814800099236,2.5499481985689596,2.5498600479627145,2.5496375124568793,2.5491038732386535,2.5478913327520325,2.545285326642925,2.5399939531888234,2.529850248855273,2.5114920002652172,2.480107097711172,2.429358217063131,2.351577864401081,2.2382291909129615,2.0804440052961697,1.8691161300189285,1.59526650693258
1434.0,2.5499994106444395,2.549999053307612,2.5499976711139327,2.5499934622539775,2.5499813559425704,2.549947886829127,2.5498592961920807,2.5496357869217983,2.5491001232875004,2.547883645290464,2.5452705021558306,2.539967120816982,2.529804743808894,2.511419793424674,2.480000010928188,2.4292099245459315,2.3513863130094927,2.2379987254826657,2.080186357898496,1.8688496030503887,1.5950130964016025
1435.0,2.5499994050534482,2.5499990448299834,2.5499976520922427,2.549993413824736,2.549981231197598,2.5499475735995016,2.5498585413147614,2.5496340553084673,2.5490963622736995,2.547875939252603,2.545255649159686,2.5399402489571075,2.529759190360002,2.5113475359970785,2.4798928830776634,2.4290616152619826,2.351194782786136,2.2377683262759547,2.0799288180362656,1.8685832079200537,1.5947598151814273
1436.0,2.549999399416435,2.5499990362868794,2.5499976329385503,2.54999336509647,2.549981105772231,2.549947258875029,2.5498577833222926,2.5496323176041833,2.5490925901807984,2.5478682146214346,2.5452407676438575,2.5399133376150744,2.529713588540848,2.511275228044565,2.4797857142425674,2.4289132892916463,2.3510032737769304,2.237537993277343,2.0796713856197946,1.8683169444773264,1.5945066631629115
1437.0,2.5499993937330845,2.549999027677881,2.5499976136521165,2.549993316067737,2.5499809796636876,2.549946942650645,2.5498570222062016,2.549630573796244,2.549088806992358,2.547860471379979,2.545225857597771,2.5398863867968178,2.529667938383716,2.511202869629233,2.479678504505753,2.4287649467151082,2.3508117860276365,2.237307726471276,2.079414060559419,1.8680508125723256,1.5942536402363452
1438.0,2.5499993880030765,2.5499990190025676,2.549997594232196,2.549993266737089,2.54998085286918,2.5499466249212794,2.5498562579580093,2.549628823871945,2.5490850126919535,2.5478527095112926,2.545210919010908,2.5398593965083336,2.5296222399209203,2.5111304608131446,2.479571253949952,2.42861658761238,2.350620319583861,2.237077525842128,2.0791568427654976,1.867784812055869,1.5940007462914765
1439.0,2.549999382226091,2.549999010260516,2.549997574678043,2.5499932171030717,2.549980725385913,2.549946305681852,2.5498554905692274,2.549627067818582,2.549081207263174,2.5478449289984684,2.545195951872807,2.5398323667556806,2.5295764931848073,2.511058001658328,2.479463962657777,2.428468212063299,2.3504288744910546,2.2368473913742046,2.078899732148417,1.8675189427794572,1.5937479812175357
1440.0,2.5499993764018067,2.549999001451301,2.5499975549889085,2.5499931671642284,2.549980597211083,2.5499459849272745,2.5498547200313615,2.5496253056234495,2.5490773906896216,2.5478371298246354,2.5451809561730636,2.5398052975449765,2.529530698207754,2.510985492226773,2.479356630711723,2.4283198201475282,2.3502374507945136,2.2366173230517408,2.0786427286185942,1.8672532045952581,1.5934953449032565
1441.0,2.5499993705299,2.549998992574496,2.549997535164038,2.5499931169190964,2.549980468341882,2.549945662652449,2.54985394633591,2.549623537273841,2.5490735629549137,2.5478293119729596,2.5451659319013316,2.5397781888824005,2.529484855022168,2.5109129325804345,2.479249258194164,2.4281714119445574,2.3500460485393795,2.236387320858901,2.0783858320864823,1.8669875973649217,1.593243033832587
1442.0,2.549999364610046,2.5499989836296706,2.5499975152026773,2.5499930663662087,2.5499803387754936,2.5499453388522713,2.549853169474361,2.5496217627570497,2.549069724042682,2.5478214754266415,2.5451508790473207,2.5397510407741923,2.5294389636604864,2.5108403227812306,2.479141845187357,2.428022987533703,2.3498546677706385,2.236157384779779,2.078129042462575,1.8667221209854432,1.5929908575064393
1443.0,2.5499993586419176,2.5499989746163942,2.5499974951040674,2.549993015504093,2.549980208509094,2.5499450135216266,2.549852389438199,2.5496199820603667,2.5490658739365726,2.547813620168919,2.545135797600797,2.539723853226651,2.529393024155179,2.510767662891044,2.4790343917734385,2.42787454699411,2.3496633085331258,2.235927514798399,2.077872359657423,1.8664567753616246,1.5927388157059308
1444.0,2.549999352625186,2.5499989655342343,2.5499974748674448,2.549992964331273,2.5499800775398542,2.549944686655393,2.5498516062188994,2.549618195171085,2.549062012620244,2.547805746183065,2.5451206875515844,2.539696626246137,2.529347036538745,2.510694952971718,2.4789268980344277,2.4277260904047493,2.3494719708715213,2.2356977108987115,2.0776157835816518,1.8661915603971382,1.5924869082152298
1445.0,2.5499993465595185,2.549998956382754,2.5499974544920456,2.5499929128462666,2.549979945864938,2.54994435824844,2.5498508198079297,2.5496164020764946,2.5490581400773715,2.5477978534523906,2.545105548889562,2.5396693598390696,2.529301000843711,2.510622193085063,2.4788193640522245,2.4275776178444213,2.349280654830352,2.2354679730646003,2.077359314145977,1.8659264759945708,1.5922351348214372
1446.0,2.5499993404445864,2.549998947161516,2.549997433977101,2.5499928610475884,2.5499798134815013,2.549944028295628,2.5498500301967515,2.549614602763887,2.549054256291643,2.547789941960242,2.5450903816046675,2.539642054011929,2.5292549171026364,2.51054938329285,2.4787117899086106,2.427429129391753,2.3490893604539935,2.235238301279876,2.077102951261218,1.865661522055467,1.5919834953144638
1447.0,2.5499993342800535,2.5499989378700807,2.54999741332184,2.5499928089337467,2.549979680386693,2.5499436967918103,2.549849237376818,2.549612797220551,2.549050361246762,2.5477820116900003,2.545075185686893,2.5396147087712544,2.5292087853481093,2.5104765236568136,2.47860417568525,2.427280625125202,2.348898087786669,2.235008695528278,2.0768466948383115,1.8653966984803731,1.591731989486924
1448.0,2.549999328065584,2.549998928508007,2.5499973925254884,2.5499927565032463,2.5499795465776574,2.5499433637318307,2.549848441339575,2.5496109854337776,2.5490464549264464,2.5477740626250855,2.545059961126287,2.5395873241236435,2.529162605612747,2.5104036142386517,2.4784965214636885,2.4271321051230546,2.3487068368724504,2.2347791557934773,2.076590544788324,1.865132005168875,1.5914806171340259
1449.0,2.549999321800841,2.5499989190748504,2.549997371587268,2.5499927037545858,2.5499794120515293,2.5499430291105245,2.5498476420764624,2.549609167390855,2.5490425373144268,2.5477660947489515,2.545044707912957,2.539559900075755,2.529116377929194,2.5103306551000255,2.478388827325352,2.4269835694634256,2.3485156077552567,2.234549682059072,2.0763345010224605,1.8648674420196398,1.5912293780534699
1450.0,2.549999315485484,2.5499989095701645,2.549997350506399,2.549992650686261,2.5499792768054386,2.54994269292272,2.549846839578912,2.5496073430790727,2.5490386083944516,2.5477581080450897,2.545029426037064,2.5395324366343055,2.529070102330126,2.5102576463025574,2.4782810933515513,2.426835018224261,2.348324400478858,2.2343202743085913,2.076078563452075,1.8646030089304535,1.5909782720453556
1451.0,2.5499993091191735,2.5499988999935006,2.5499973292820965,2.54999259729676,2.5499791408365065,2.549942355163235,2.5498460338383477,2.5496055124857184,2.5490346681502807,2.5477501024970275,2.5450141154888257,2.5395049338060716,2.529023778848247,2.5101845879078333,2.478173319623477,2.426686451483337,2.3481332150868717,2.2340909325254925,2.075822731988679,1.8643387057982577,1.5907272989120842
1452.0,2.5499993027015657,2.549998890344409,2.549997307913575,2.549992543584569,2.549979004141848,2.549942015826881,2.5498452248461883,2.5496036755980818,2.549030716565691,2.547742078088328,2.544998776258517,2.5394773915978854,2.528977407516288,2.510111479977403,2.4780655062222037,2.4265378693182598,2.347942051622768,2.233861656693164,2.0755670065439484,1.8640745325191839,1.5904764584582765
1453.0,2.5499992962323157,2.5499988806224367,2.5499972864000435,2.5499924895481683,2.5499788667185728,2.54994167490846,2.5498444125938438,2.54960183240345,2.549026753624472,2.5477340348025916,2.544983408336468,2.5394498100166434,2.5289309883670104,2.5100383225727763,2.4779576532286876,2.426389271806467,2.3477509101298644,2.2336324467949247,2.0753113870297297,1.86381048898859,1.5902257504906834
1454.0,2.5499992897110775,2.549998870827129,2.5499972647407088,2.549992435186033,2.5499787285637816,2.5499413324027667,2.5498435970727176,2.5495999828891116,2.5490227793104303,2.5477259726234536,2.544968011713065,2.539422189069294,2.528884521433201,2.509965115755426,2.4778497607237675,2.426240659025228,2.3475597906513306,2.233403302814024,2.075055873358047,1.863546575101092,1.5899751748181128
1455.0,2.549999283137503,2.5499988609580297,2.549997242934774,2.549992380496634,2.5499785896745695,2.549940988304586,2.549842778274207,2.549598127042354,2.549018793607386,2.5477178915345866,2.54495258637875,2.539394528762848,2.5288380067476766,2.509891859586788,2.4777418287881656,2.4260920310516436,2.3473686932301865,2.2331742247336415,2.0748004654411063,1.8632827907505969,1.5897247312513467
1456.0,2.5499992765112403,2.549998851014679,2.5499972209814405,2.549992325478436,2.549978450048024,2.5499406426086964,2.5498419561897,2.5495962648504653,2.5490147964991734,2.5477097915196993,2.54493713232402,2.5393668291043725,2.5287914443432804,2.509818554128259,2.4776338575024854,2.425943387962647,2.3471776179093036,2.2329452125368867,2.074545163191299,1.8630191358303323,1.5894744196030721
1457.0,2.5499992698319387,2.549998840996616,2.549997198879905,2.549992270129901,2.549978309681226,2.549940295309866,2.549841130810581,2.5495943963007335,2.549010787969643,2.5477016725625363,2.544921649539429,2.539339090100993,2.528744834252884,2.5097451994411992,2.477525846947215,2.425794729835003,2.346986564731406,2.2327162662068023,2.074289966521206,1.8627556102328784,1.5892242396878118
1458.0,2.5499992630992443,2.5499988309033776,2.5499971766293617,2.5499922144494853,2.5499781685712497,2.549939946402857,2.5498403021282234,2.549592521380447,2.54900676800266,2.547693534646879,2.5449061380155866,2.539311311759893,2.5286981765093843,2.50967179558693,2.4774177972027247,2.425646056745311,2.3467955337390682,2.2324873857263636,2.074034875343603,1.8624922138501947,1.5889741913218574
1459.0,2.5499992563128013,2.549998820734497,2.549997154229002,2.5499921584356393,2.549978026715163,2.5499395958824214,2.5498394701339975,2.549590640076893,2.5490027365821035,2.547685377756545,2.544890597743156,2.5392834940883127,2.5286514711457073,2.5095983426267336,2.4773097083492672,2.425497368770002,2.346604524974718,2.2322585710784772,2.0737798895714596,1.8622289465736492,1.5887242743232057
1460.0,2.5499992494722523,2.549998810489507,2.549997131678013,2.5499921020868097,2.549977884110025,2.5499392437433035,2.549838634819265,2.5495887523773595,2.5489986936918694,2.5476772018753877,2.544875028712859,2.53925563709355,2.528604718194805,2.5095248406218547,2.4772015804669802,2.425348665985342,2.346413538480636,2.232029822245983,2.0735250091179434,1.8619658082940456,1.5884744885114992
1461.0,2.549999242577239,2.5499988001679377,2.5499971089755795,2.5499920454014378,2.5499777407528903,2.5499388899802398,2.54983779617538,2.5495868582691363,2.5489946393158665,2.547669006987298,2.54485943091547,2.5392277407829607,2.5285579176896555,2.5094512896334997,2.4770934136358833,2.42519994846743,2.346222574298956,2.2318011392116537,2.0732702338964213,1.8617027989016477,1.5882248337079685
1462.0,2.549999235627398,2.5499987897693166,2.5499970861208827,2.5499919883779607,2.5499775966408045,2.5499385345879584,2.549836954193691,2.54958495773951,2.548990573438022,2.5476607930762007,2.5448438043418204,2.5391998051639555,2.5285110696632636,2.5093776897228364,2.4769852079358805,2.4250512162922,2.3460316324716652,2.2315725219581974,2.0730155638204604,1.861439918286206,1.587975309735376
1463.0,2.5499992286223674,2.549998779293169,2.549997063113101,2.5499919310148096,2.5499774517708085,2.549938177561179,2.5498361088655406,2.5495830507757713,2.548986496042274,2.5476525601260605,2.5448281489827957,2.539171830244004,2.5284641741486604,2.509304040950993,2.476876963446759,2.42490246953542,2.3458407130406043,2.2313439704682554,2.072760998803829,1.8611771663369816,1.5877259164179658
1464.0,2.5499992215617833,2.5499987687390195,2.5499970399514087,2.549991873310412,2.5499773061399345,2.549937818894614,2.5498352601822614,2.549581137365209,2.54898240711258,2.5476443081208746,2.544812464829338,2.5391438160306317,2.528417231178903,2.5092303433790604,2.47676868024819,2.424753708272694,2.3456498160474686,2.231115484724406,2.0725065387604977,1.8609145429427687,1.587476653581411
1465.0,2.5499992144452768,2.549998758106387,2.549997016634978,2.54999181526319,2.5499771597452088,2.5499374585829657,2.549834408135183,2.549579217495112,2.54897830663291,2.547636037044679,2.5447967518724415,2.539115762531421,2.5283702407870736,2.509156597068089,2.476660358419729,2.4246049325794607,2.345458941533807,2.230887064709161,2.072252183604638,1.860652047991918,1.587227521052767
1466.0,2.5499992072724806,2.549998747394792,2.549996993162977,2.5499917568715613,2.54997701258365,2.5499370966209307,2.5498335527156257,2.5495772911527714,2.548974194587251,2.5476277468815454,2.5447810101031596,2.5390876697540086,2.5283232030062814,2.509082802079092,2.476551998040814,2.4244561425309956,2.345268089541025,2.2306587104049713,2.071997933250623,1.8603896813723586,1.5869785186604268
1467.0,2.549999200043023,2.54999873660375,2.549996969534571,2.549991698133937,2.5499768646522716,2.5499367330031957,2.5498326939149045,2.5495753583254768,2.5489700709596033,2.547619437615581,2.5447652395125973,2.5390595377060903,2.528276117869659,2.509008958473042,2.47644359919077,2.4243073382024094,2.345077260110382,2.2304304217942232,2.0717437876130282,1.860127442971618,1.586729646234073
1468.0,2.549999192756533,2.5499987257327756,2.549996945748922,2.5499916390487254,2.5499767159480777,2.549936367724439,2.5498318317243274,2.5495734190005197,2.5489659357339844,2.5476111092309313,2.5447494400919153,2.539031366395416,2.5282289854103657,2.5089350663108743,2.476335161948803,2.424158519668649,2.344886453282993,2.230202198859241,2.071489746606629,1.859865332676843,1.5864809036046408
1469.0,2.549999185412636,2.549998714781381,2.5499969218051888,2.5499915796143293,2.5499765664680676,2.549936000779333,2.5498309661351954,2.549571473165192,2.5489617888944274,2.5476027617117754,2.544733611832329,2.539003155829792,2.5281818056615846,2.508861125653482,2.4762266863940057,2.424009687004499,2.3446956690998313,2.2299740415822877,2.0712358101464012,1.85960335037482,1.5862322906042752
1470.0,2.549999178010955,2.5499987037490763,2.5499968977025267,2.549991519829146,2.5499764162092333,2.5499356321625393,2.5498300971388037,2.549569520806786,2.5489576304249795,2.547594395042331,2.5447177547251103,2.5389749060170796,2.528134578656526,2.508787136561721,2.4761181726053536,2.423860840284582,2.3445049076017224,2.229745949945566,2.0709819781475196,1.859341495951992,1.5859838070662922
1471.0,2.5499991705511116,2.5499986926353686,2.5499968734400875,2.549991459691567,2.549976265168559,2.549935261868713,2.5498292247264405,2.5495675619125944,2.548953460309704,2.547586009206851,2.5447018687615826,2.5389466169651955,2.5280873044284213,2.5087130990964073,2.4760096206617086,2.4237119795833557,2.344314168829351,2.2295179239312173,2.0707282505253555,1.8590797692944785,1.5857354528251448
1472.0,2.549999163032727,2.549998681439763,2.5499968490170204,2.5499913991999827,2.549976113343024,2.549934889892502,2.5498283488893874,2.54956559646991,2.54894927853268,2.547577604189626,2.5446859539331266,2.538918288682113,2.528039983010529,2.508639013318318,2.4759010306418157,2.423563104975118,2.344123452823259,2.2292899635213255,2.0704746271954773,1.8588181702880922,1.5854872277163854
1473.0,2.549999155455418,2.549998670161762,2.5499968244324718,2.5499913383527737,2.5499759607295984,2.549934516228543,2.54982746961892,2.5495636244660296,2.548945085078002,2.54756917997498,2.5446700102311746,2.5388899211758598,2.5279926144361307,2.5085648792881896,2.4757924026243057,2.4234142165340042,2.3439327596238453,2.2290620686979152,2.0702211080736492,1.8585566988183555,1.5852391315766332
1474.0,2.5499991478188013,2.5499986588008676,2.549996799685583,2.5499912771483197,2.5499758073252465,2.5499341408714677,2.549826586906307,2.5495616458882466,2.548940879929781,2.547560736547277,2.5446540376472155,2.538861514454518,2.527945198738532,2.508490697066719,2.4756837366876945,2.423265314333989,2.3437420892713656,2.228834239442952,2.0699676930758266,1.8582953547705185,1.5849911642435404
1475.0,2.54999914012249,2.5499986473565768,2.549996774775493,2.549991215584993,2.5499756531269266,2.5499337638158988,2.5498257007428116,2.5495596607238564,2.5489366630721424,2.5475522738909144,2.5446380361727927,2.538833068526225,2.527897735951063,2.5084164667145634,2.475575032910383,2.4231163984488844,2.3435514418059347,2.2286064757383457,2.0697143821181587,1.858034138029573,1.5847433255557646
1476.0,2.549999132366098,2.5499986358283864,2.5499967497013376,2.5499911536611615,2.5499754981315883,2.5499333850564505,2.549824811119689,2.5495576689601576,2.5489324344892275,2.547543791990327,2.544622005799501,2.5388045833991724,2.527850226107076,2.50834218829234,2.4754662913706573,2.4229674689523426,2.3433608172675253,2.2283787775659487,2.0694611751169822,1.8577730484802681,1.5844956153529364
1477.0,2.549999124549236,2.5499986242157897,2.5499967244622503,2.5499910913751895,2.549975342336176,2.549933004587729,2.5498239180281894,2.549555670584448,2.548928194165195,2.547535290829987,2.5446059465189927,2.538776059081607,2.5278026692399482,2.5082678618606256,2.475357512146688,2.422818525917857,2.3431702156959684,2.2281511449075593,2.069208071988824,1.8575120860071261,1.584248033475633
1478.0,2.549999116671509,2.5499986125182788,2.549996699057359,2.549991028725435,2.5499751857376274,2.549932622404334,2.549823021459556,2.5495536655840256,2.548923942084217,2.547526770394401,2.544589858322972,2.538747495581829,2.5277550653830794,2.508193487479958,2.4752486953165325,2.4226695694187583,2.342979637130955,2.227923577744919,2.0689550726503936,1.857251250494454,1.5840005797653491
1479.0,2.5499991087325253,2.549998600735342,2.54999667348579,2.54999096571025,2.549975028332871,2.5499322385008543,2.549822121405027,2.5495516539461915,2.548919678230484,2.5475182306681132,2.5445737412031972,2.538718892908193,2.527707414569891,2.508119065210834,2.4751398409581333,2.422520599528219,2.3427890816120356,2.2276960760597166,2.0687021770185883,1.8569905418263604,1.5837532540644732
1480.0,2.54999910073189,2.549998588866466,2.5499966477466662,2.5499909023279845,2.549974870118832,2.549931852871874,2.5498212178558326,2.549549635658245,2.5489154025882,2.5475096716357037,2.544557595151481,2.5386902510691076,2.5276597168338304,2.5080445951137094,2.4750309491493185,2.4223716163192526,2.3425985491786205,2.227468639833587,2.0684493850104837,1.8567299598867655,1.5835060562162604
1481.0,2.549999092669205,2.5499985769111353,2.5499966218391057,2.5499908385769814,2.549974711092424,2.549931465511967,2.5498203108031974,2.5495476107074904,2.548911115141586,2.547501093281789,2.54454142015969,2.5386615700730353,2.5276119722083656,2.5079700772490017,2.474922019967803,2.422222619864714,2.34240803986998,2.2272412690481134,2.068196696543337,1.8564695045594162,1.5832589860648116
1482.0,2.54999908454407,2.549998564868832,2.5499965957622255,2.549990774455579,2.5499745512505587,2.5499310764157004,2.54981940023834,2.5495455790812294,2.5489068158748798,2.547492495591022,2.5445252162197436,2.5386328499284927,2.527564180726987,2.507895511677085,2.4748130534911854,2.422073610237297,2.3422175537252437,2.2270139636848256,2.0679441115345822,1.8562091757278971,1.583012043455047
1483.0,2.5499990763560842,2.5499985527390363,2.5499965695151374,2.549990709962112,2.5499743905901386,2.5499306855776327,2.549818486152473,2.5495435407667677,2.548902504772334,2.5474838785480918,2.5445089833236163,2.5386040906440477,2.5275163424232074,2.5078208984582964,2.4747040497969532,2.4219245875095394,2.3420270907834033,2.2267867237252035,2.0676916299018293,1.855948973275642,1.5827652282326863
1484.0,2.5499990681048432,2.5499985405212255,2.5499965430969507,2.5499906450949075,2.5499742291080594,2.549930292992314,2.5498175685368034,2.549541495751411,2.5488981818182186,2.5474752421377236,2.5444927214633344,2.538575292228325,2.527468457330563,2.507746237652929,2.4745950089624786,2.4217755517538215,2.3418366510833124,2.226559549150676,2.0674392515628606,1.8556888970859466,1.5825185402442292
1485.0,2.5499990597899425,2.5499985282148745,2.5499965165067717,2.549990579852291,2.54997406680121,2.549929898654289,2.5498166473825306,2.549539444022466,2.548893846996818,2.54746658634468,2.5444764306309784,2.538546454689998,2.52742052548261,2.507671529321237,2.474485931065021,2.421626503042364,2.3416462346636853,2.226332439942622,2.06718697643563,1.8554289470419776,1.582271979336931
1486.0,2.5499990514109725,2.549998515819455,2.5499964897437017,2.5499905142325785,2.549973903666473,2.5499295025580913,2.549815722680849,2.5495373855672416,2.548889500292434,2.547457911153759,2.544460110818683,2.5385175780377973,2.527372546912927,2.507596773523433,2.4743768161817257,2.421477441447231,2.341455841563098,2.2261053960823736,2.0669348044382607,1.8551691230267844,1.582025545358787
1487.0,2.5499990429675266,2.5499985033344386,2.54999646280684,2.5499904482340865,2.549973739700723,2.5499291046982484,2.5498147944229475,2.5495353203730478,2.548885141689384,2.5474492165497953,2.5444437620186355,2.5384886622805034,2.5273245216551157,2.5075219703196887,2.4742676643896244,2.4213283670403314,2.3412654718199892,2.2258784175512116,2.0666827354890405,1.8549094249233102,1.5817792381585105
1488.0,2.5499990344591916,2.5499984907592923,2.549996435695283,2.549990381855122,2.5499735749008297,2.54992870506928,2.5498138626000064,2.5495332484271955,2.548880771172002,2.547440502517659,2.5444273842230762,2.5384597074269513,2.527276449742796,2.507447119770136,2.474158475765636,2.4211792798934146,2.3410751254726607,2.2256515043303713,2.066430769506423,1.8546498526143993,1.5815330575855193
1489.0,2.5499990258855534,2.549998478093481,2.549996408408123,2.5499903150939893,2.5499734092636537,2.549928303665697,2.5498129272032037,2.549531169716998,2.548876388724638,2.547431769042257,2.544410977424298,2.538430713486027,2.5272283312096118,2.5073722219348644,2.474049250386566,2.4210301800780765,2.340884802559277,2.225424656401042,2.066178906409024,1.8543904059828087,1.5812870034899138
1490.0,2.549999017246197,2.5499984653364685,2.5499963809444486,2.549990247948987,2.5499732427860504,2.549927900482004,2.549811988223709,2.5495290842297695,2.5488719943316593,2.5474230161085334,2.544394541614648,2.5384016804666696,2.5271801660892264,2.5072972768739232,2.473939988329108,2.4208810676657553,2.3406945031178656,2.225197873744364,2.065927146115619,1.8541310849112165,1.5810410757224647
1491.0,2.5499990085407047,2.5499984524877153,2.549996353303345,2.549990180418409,2.5499730754648677,2.549927495512696,2.549811045652686,2.5495269919528267,2.548867587977448,2.5474142437014677,2.544378076786525,2.5383726083778697,2.5271319544153252,2.507222284647319,2.4738306896698408,2.4207319427277336,2.3405042271863183,2.224971156341435,2.0656754885451414,1.85387188928223,1.5807952741345943
1492.0,2.5499989997686554,2.54999843954668,2.549996325483894,2.549990112500544,2.5499729072969473,2.549927088752262,2.549810099481295,2.549524892873487,2.5488631696464035,2.5474054518060765,2.5443615829323827,2.53834349722867,2.5270836962216126,2.5071472453150183,2.4737213544852326,2.4205828053351395,2.340313974802392,2.224744504173308,2.0654239336166795,1.8536128189783956,1.580549598578362
1493.0,2.549998990929629,2.5499984265128175,2.549996297485176,2.5499900441936756,2.5499727382791226,2.549926680195181,2.549809149700687,2.5495227869790695,2.5488587393229416,2.547396640407411,2.544345060044726,2.538314347028167,2.5270353915418147,2.507072158936946,2.473611982851637,2.4204336555589463,2.340123746003705,2.2245179172209895,2.0651724812494754,1.853353873882206,1.5803040489064504
1494.0,2.5499989820232014,2.549998413385582,2.5499962693062654,2.549989975496082,2.549972568408222,2.5499262698359266,2.54980819630201,2.5495206742568954,2.5488542969914945,2.5473878094905613,2.5443285081161124,2.538285157785505,2.5269870404096775,2.5069970255729848,2.4735025748452966,2.420284493469972,2.339933540827744,2.224291395465444,2.0649211313629228,1.8530950538761077,1.58005862497215
1495.0,2.5499989730489454,2.5499984001644247,2.549996240946233,2.549989906406039,2.549972397681067,2.549925857668963,2.549807239276404,2.549518554694288,2.5488498426365105,2.547378959040651,2.5443119271391526,2.538255929509882,2.526938642858966,2.5069218452829762,2.4733931305423407,2.4201353191388804,2.3397433593118597,2.2240649388875946,2.0646698838765656,1.8528363588425099,1.5798133266293473
1496.0,2.549998964006434,2.5499983868487934,2.549996212404149,2.549989836921813,2.5499722260944706,2.5499254436887475,2.549806278615005,2.5495164282785705,2.548845376242455,2.547370089042843,2.54429531710651,2.538226662210548,2.526890198923467,2.5068466181267213,2.473283650018787,2.419986132636182,2.3395532014932687,2.22383854746832,2.0644187387100934,1.8525777886637904,1.5795681537325104
1497.0,2.5499989548952384,2.549998373438135,2.5499961836790774,2.549989767041669,2.5499720536452397,2.549925027889729,2.5498053143089425,2.5495142949970715,2.5488408977938097,2.547361199482333,2.5442786780108992,2.538197355896803,2.5268417086369857,2.506771344163978,2.4731741333505415,2.419836934032232,2.339363067409052,2.2236122211884597,2.064167695783342,1.852319343222304,1.5793231061366768
1498.0,2.5499989457149246,2.549998359931892,2.5499961547700796,2.549989696763865,2.5499718803301743,2.54992461026635,2.5498043463493403,2.549512154837118,2.548836407275073,2.5473522903443553,2.54426200984509,2.5381680105779982,2.526793172033348,2.5066960234544613,2.4730645806133964,2.4196877233972347,2.3391729570961592,2.2233859600288106,2.0639167550162894,1.8520610224003882,1.5790781836974415
1499.0,2.5499989364650584,2.549998346329507,2.5499961256762145,2.549989626086655,2.549971706146069,2.5499241908130434,2.5498033747273166,2.5495100077860404,2.5488319046707604,2.547343361614181,2.544245312601901,2.5381386262635357,2.526744589146397,2.506620656057848,2.472954991883034,2.4195385008012398,2.3389828705914053,2.2231597639701297,2.0636659163290556,1.8518028260803692,1.5788333862709458
1500.0,2.5499989271452046,2.549998332630417,2.5499960963965362,2.549989555008288,2.549971531089711,2.549923769524236,2.549802399433985,2.5495078538311713,2.5488273899654033,2.5473344132771154,2.5442285862742056,2.5381092029628682,2.5266959600099974,2.506545242033769,2.4728453672350237,2.4193892663141447,2.338792807931473,2.222933632993136,2.0634151796419,1.851544754144571,1.5785887137138648
1501.0,2.5499989177549236,2.5499983188340596,2.5499960669300963,2.549989483527007,2.549971355157879,2.5499233463943454,2.5498014204604513,2.549505692959846,2.54882286314355,2.5473254453185015,2.5442118308549286,2.538079740685499,2.526647284658031,2.5064697814418158,2.472735706744824,2.4192400200056943,2.3386027691529128,2.2227075670785075,2.06316454487522,1.8512868064725077,1.5783441026815703
1502.0,2.5499989082937757,2.5499983049398685,2.5499960372759425,2.549989411641051,2.5499711783473464,2.5499229214177834,2.549800437797818,2.549503525159399,2.5488183241897655,2.547316457723719,2.5441950463370455,2.538050239440981,2.5265985631244003,2.5063942743415355,2.4726260104877817,2.419090761945482,2.3384127542921425,2.222481566206884,2.062914011949545,1.8510289829326516,1.5780996142469892
1503.0,2.5499988987613174,2.5499982909472747,2.5499960074331183,2.5499893393486532,2.549971000654879,2.5499224945889525,2.549799451437181,2.54950135041717,2.548813773088633,2.547307450478182,2.544178232713586,2.538020699238919,2.5265497954430245,2.506318720792436,2.4725162785391324,2.418941492202949,2.338222763385448,2.2222556303588687,2.062663580785536,1.8507712833912002,1.5778552483021904
1504.0,2.549998889157105,2.5499982768557063,2.549995977400666,2.5499892666480424,2.5499708220772375,2.549922065902249,2.5497984613696305,2.5494991687205,2.548809209824751,2.5472984235673417,2.54416138997763,2.537991120088966,2.5265009816478425,2.50624312085398,2.472406510974,2.4187922108473847,2.338032796468985,2.222029759515026,2.0624132513039743,1.8505137077149216,1.5776110047386387
1505.0,2.5499988794806896,2.549998262664591,2.549995947177622,2.5499891935374412,2.5499706426111732,2.5499216353520606,2.549797467586252,2.549496980056732,2.5488046343827353,2.547289376976687,2.5441445181223106,2.537961502000826,2.5264521217728113,2.506167474585589,2.472296707867397,2.418642917947929,2.337842853578777,2.2218039536558853,2.0621630234257604,1.8502562557711415,1.5773668834472288
1506.0,2.549998869731625,2.5499982483733508,2.54999591676302,2.549989120015069,2.549970462253434,2.5499212029327674,2.5497964700781246,2.549494784413211,2.5488000467472176,2.547280310691741,2.544127617140811,2.5379318449842523,2.5264032158519054,2.506091782046643,2.472186869294227,2.4184936135735695,2.337652934750718,2.221578212761937,2.0619128970719043,1.849998927427731,1.5771228843183198
1507.0,2.5499988599094583,2.5499982339814085,2.549995886155892,2.549989046079139,2.5499702810007565,2.5499207686387426,2.549795468836323,2.549492581777284,2.548795446902849,2.547271224698064,2.5441106870263672,2.537902149049047,2.5263542639191185,2.5060160432964778,2.4720769953292807,2.4183442977931433,2.337463040020571,2.221352536813637,2.0616628721635237,1.8497417225530943,1.5768790072417678
1508.0,2.5499988500137363,2.5499982194881827,2.549995855355262,2.549988971727858,2.5499700988498746,2.5499203324643513,2.5497944638519163,2.549490372136302,2.5487908348342962,2.5472621189812523,2.5440937277722666,2.5378724142050633,2.5263052660084613,2.505940258394388,2.4719670860472385,2.4181949706753394,2.3372731694239697,2.2211269257914075,2.061412948621839,1.849484641016156,1.5766352521069558
1509.0,2.5499988400440037,2.5499982048930896,2.5499958243601553,2.549988896959431,2.5499699157975133,2.5499198944039514,2.549793455115968,2.549488155477616,2.5487862105262415,2.5472529935269383,2.5440767393718478,2.537842640462202,2.526256222153961,2.505864427399625,2.471857141522671,2.4180456322886945,2.3370833229964187,2.220901379675633,2.0611631263681693,1.849227682686351,1.5763916188028222
1510.0,2.549998829999803,2.549998190195542,2.5499957931695922,2.5499888217720548,2.549969731840392,2.549919454451893,2.5497924426195366,2.5494859317885807,2.5487815739633874,2.5472438483207913,2.544059721818501,2.5378128278304137,2.526207132389665,2.5057885503713964,2.4717471618300375,2.417896282701597,2.336893500773292,2.2206758984466655,2.0609134053239275,1.8489708474336117,1.576148107217892
1511.0,2.5499988198806736,2.5499981753949523,2.5499957617825877,2.5499887461639235,2.5499695469752224,2.5499190126025186,2.549791426353674,2.5494837010565545,2.5487769251304515,2.547234683348516,2.5440426751056675,2.537782976319698,2.5261579967496353,2.5057126273688697,2.471637147043687,2.4177469219822867,2.336703702789837,2.2204504820848228,2.060663785410618,1.848714135128358,1.575904717240298
1512.0,2.549998809686155,2.5499981604907287,2.5499957301981553,2.549988670133224,2.5499693611987095,2.5499185688501633,2.5497904063094285,2.5494814632688962,2.5487722640121677,2.547225498595853,2.5440255992268397,2.5377530859401025,2.526108815267952,2.5056366584511673,2.4715270972378596,2.4175975501988534,2.3365139290811716,2.2202251305703884,2.060414266549834,1.8484575456414876,1.5756614487578102
1513.0,2.549998799415781,2.5499981454822773,2.5499956984153043,2.5499885936781395,2.549969174507552,2.549918123189155,2.549789382477843,2.549479218412968,2.548767590593289,2.547216294048581,2.5440084941755616,2.537723156701725,2.526059587978712,2.505560643677369,2.471417012486684,2.4174481674192383,2.336324179682287,2.2199998438836133,2.0601648486632547,1.8482010788443644,1.5754183016578578
1514.0,2.5499987890690865,2.5499981303690014,2.5499956664330403,2.549988516796848,2.5499689868984414,2.549917675613813,2.5497883548499547,2.549476966476135,2.5487629048585854,2.547207069692513,2.5439913599454282,2.5376931886147096,2.5260103149160305,2.5054845831065125,2.4713068928641784,2.4172987737112357,2.336134454628045,2.2197746220047154,2.059915531672641,1.8479447346088091,1.575175275827552
1515.0,2.5499987786456035,2.5499981151503017,2.549995634250365,2.549988439487522,2.549968798368062,2.5499172261184517,2.5497873234167954,2.5494747074457647,2.548758206792842,2.547197825513498,2.5439741965300846,2.53766318168925,2.525960996114037,2.5054084767975917,2.4711967384442537,2.417149369142492,2.335944753953182,2.2195494649138805,2.0596663154998365,1.8476885128070906,1.5749323711537089
1516.0,2.5499987681448606,2.5499980998255776,2.5499956018662777,2.549988361748329,2.549968608913093,2.5499167746973757,2.5497862881693925,2.549472441309227,2.5487534963808636,2.547188561497423,2.543957003923228,2.5376331359355877,2.5259116316068777,2.505332324809557,2.4710865493007086,2.416999953780503,2.3357550776923075,2.2193243725912613,2.0594172000667625,1.8474324133119155,1.5746895875228688
1517.0,2.549998757566385,2.5499980843942245,2.5499955692797736,2.5499882835774326,2.549968418530205,2.549916321344882,2.5497852490987682,2.5494701680538956,2.5487487736074717,2.54717927763021,2.5439397821186063,2.5376030513640133,2.5258622214287163,2.5052561272013167,2.4709763255072335,2.4168505276926204,2.3355654258799046,2.2190993450169803,2.0591681852954182,1.8471764359964205,1.5744469248213162
1518.0,2.549998746909702,2.5499980688556354,2.5499955364898437,2.5499882049729883,2.5499682272160626,2.5499158660552617,2.5497842061959393,2.549467887667145,2.548744038457505,2.547169973897816,2.5439225311100175,2.537572927984863,2.5258127656137317,2.505179884031735,2.4708660671374094,2.4167010909460487,2.33537579855033,2.218874382171128,2.0589192711078774,1.8469205807341624,1.5742043829350998
1519.0,2.549998736174333,2.5499980532092015,2.5499955034954764,2.54998812593315,2.5499680349673244,2.5499154088227978,2.549783159451918,2.5494656001363545,2.548739290915818,2.5471606502862363,2.54390525089131,2.5375427658085226,2.525763264196119,2.5051035953596337,2.4707557742647075,2.4165516436078436,2.335186195737815,2.2186494840337625,2.0586704574262886,1.846664847399111,1.5739619617500495
1520.0,2.5499987253597993,2.5499980374543103,2.5499954702956558,2.549988046456064,2.549967841780641,2.5499149496417655,2.5497821088577113,2.5494633054489046,2.5487345309672853,2.547151306781502,2.5438879414563833,2.5375125648454238,2.52571371721009,2.5050272612437903,2.4706454469624894,2.416402185744917,2.3349966174764667,2.218424650584912,2.058421744172873,1.8464092358656403,1.5737196611517925
1521.0,2.549998714465619,2.549998021590348,2.549995436889362,2.549987966539872,2.5499676476526565,2.5499144885064333,2.5497810544043205,2.54946100359218,2.5487297585967976,2.5471419433696783,2.543870602799187,2.5374823251060463,2.52566412468987,2.5049508817429382,2.47053508530401,2.416252717424033,2.3348070638002656,2.2181998818045745,2.0581731312699247,1.8461537460085204,1.5734774810257706
1522.0,2.549998703491308,2.549998005616697,2.549995403275574,2.549987886182712,2.5499674525800082,2.549914025411063,2.5497799960827434,2.549458694553568,2.548724973789263,2.5471325600368684,2.543853234913722,2.537452046600918,2.525614486669701,2.5048744569157693,2.470424689362412,2.4161032387118095,2.33461753474307,2.2179751776727175,2.057924618639806,1.8458983777029117,1.5732354212572561
1523.0,2.5499986924363798,2.549997989532738,2.5499953694532644,2.5499878053827154,2.549967256559328,2.549913560349906,2.549778933883972,2.5494563783204587,2.5487201765296073,2.547123156769212,2.543835837794039,2.5374217293406125,2.52556480318384,2.5047979868209307,2.4703142592107317,2.4159537496747214,2.3344280303386133,2.2177505381692777,2.057676206204951,1.8456431308243546,1.572993481731366
1524.0,2.549998681300345,2.5499979733378475,2.5499953354214036,2.549987724138009,2.5499670595872397,2.5499130933172105,2.549777867798993,2.549454054880245,2.5487153668027736,2.5471137335528824,2.543818411434238,2.5373913733357507,2.5255150742665595,2.5047214715170254,2.4702037949218956,2.4158042503790953,2.334238550620505,2.217525963274163,2.057427893887863,1.8453880052487657,1.5727516623330755
1525.0,2.5499986700827146,2.549997957031402,2.5499953011789573,2.5499876424467143,2.5499668616603595,2.5499126243072148,2.5497767978187893,2.5494517242203236,2.5487105445937233,2.547104290374092,2.5438009558284707,2.5373609785969995,2.525465299952147,2.5046449110626128,2.4700932965687223,2.4156547408911155,2.3340490956222313,2.2173014529672495,2.057179681611113,1.845133000852428,1.5725099629472328
1526.0,2.549998658782994,2.549997940612773,2.5499952667248893,2.5499875603069473,2.549966662775299,2.5499121533141507,2.549775723934339,2.549449386328094,2.5487057098874346,2.547094827219087,2.5437834709709373,2.5373305451350743,2.525415480274904,2.5045683055162105,2.469982764223922,2.4155052212768204,2.333859665377157,2.217077007228387,2.056931569297341,1.8448781175119873,1.5722683834585705
1527.0,2.549998647400689,2.549997924081331,2.5499952320581576,2.5499874777168205,2.5499664629286625,2.549911680332243,2.549774646136615,2.549447041190958,2.5487008626689036,2.547085344074151,2.5437659568558892,2.5373000729607353,2.5253656152691475,2.504491654936289,2.469872197960096,2.4153556916021053,2.333670259918523,2.2168526260373933,2.0566835568692543,1.8446233551044422,1.5720269237517188
1528.0,2.549998635935302,2.5499979074364414,2.5499951971777186,2.5499873946744387,2.5499662621170462,2.549911205355708,2.5497735644165846,2.5494446887963216,2.548696002923144,2.547075840925603,2.543748413477627,2.537269562084789,2.5253157049692074,2.504414959381278,2.4697615978497383,2.41520615193272,2.333480879279448,2.216628309374059,2.056435644249627,1.8443687135071416,1.5717855837112173
1529.0,2.549998624386331,2.5499978906774707,2.5499951620825243,2.5499873111779037,2.5499660603370407,2.5499107283787557,2.5497724787652123,2.5494423291315935,2.548691130635188,2.547066317759798,2.543730840830502,2.5372390125180893,2.52526574940943,2.5043382189095613,2.4696509639652344,2.415056602334272,2.333291523492932,2.216404057218144,2.056187831361301,1.8441141925977755,1.571544363221525
1530.0,2.5499986127532774,2.5499978738037803,2.549995126771523,2.5499872272253117,2.54996585758523,2.5499102493955896,2.5497713891734564,2.5494399621841866,2.5486862457900834,2.5470567745631274,2.5437132389089134,2.537208424271534,2.5252157486241753,2.5042614335794795,2.4695402963788617,2.414907042872226,2.33310219259185,2.21617986954938,2.055940118127186,1.8438597922543716,1.5713032621670306
1531.0,2.5499986010356332,2.549997856814729,2.5499950912436598,2.549987142814753,2.549965653858191,2.549909768400404,2.549770295632271,2.549437587941516,2.5486813483728987,2.5470472113220186,2.5436956077073125,2.537177797356068,2.525165702647815,2.5041846034493287,2.4694295951627905,2.4147574736119006,2.3329128866089577,2.215955746347471,2.055692504470256,1.8436055123552881,1.5710622804320657
1532.0,2.5499985892328936,2.5499978397096728,2.5499950554978748,2.549987057944313,2.549965449152494,2.5499092853873875,2.549769198132606,2.549435206391001,2.5486764383687177,2.5470376280229345,2.543677947220197,2.5371471317826826,2.525115611514737,2.5041077285773605,2.4693188603890825,2.4146078946184746,2.3327236055768905,2.2157316875920925,2.055444990313554,1.8433513527792096,1.5708214179009115
1533.0,2.5499985773445486,2.5499978224879656,2.5499950195331054,2.549986972612073,2.549965243464703,2.549908800350721,2.5497680966654053,2.5494328175200636,2.548671515762644,2.5470280246523744,2.5436602574421174,2.5371164275624123,2.525065475259342,2.504030809021783,2.4692080921296933,2.414458305956984,2.332534349528164,2.2155076932628903,2.0551975755801886,1.8430973134051394,1.5705806744578072
1534.0,2.549998565370088,2.5499978051489594,2.5499949833482862,2.549986886816108,2.549965036791374,2.549908313284579,2.5497669912216105,2.549430421316129,2.5486665805397974,2.547018401196874,2.543642538367672,2.53708568470634,2.525015293916045,2.5039538448407606,2.4690972904564696,2.4143087076923218,2.332345118495174,2.2152837633394844,2.054950260193336,1.842843394112398,1.570340049986963
1535.0,2.5499985533089964,2.5499977876920017,2.5499949469423466,2.5499868005544877,2.549964829129058,2.5499078241831277,2.5497658817921565,2.549428017766627,2.5486616326853175,2.5470087576430034,2.543624789991507,2.5370549032255907,2.5249650675192736,2.5038768360924117,2.4689864554411525,2.4141590998892397,2.332155912510195,2.2150598978014635,2.054703044076238,1.8425895947806155,1.5700995443725643
1536.0,2.5499985411607593,2.5499977701164385,2.549994910314213,2.5499867138252768,2.549964620474297,2.549907333040527,2.549764768367976,2.5494256068589904,2.5486566721843587,2.5469990939773703,2.543607012308321,2.537024083131336,2.524914796103468,2.503799782834812,2.468875587155374,2.4140094826123484,2.331966731605386,2.2148360966283915,2.0544559271522047,1.842335915289727,1.5698591574987817
1537.0,2.5499985289248577,2.5499977524216133,2.5499948734628086,2.549986626626536,2.5499644108236295,2.5499068398509293,2.549763650939995,2.549423188580656,2.5486516990220967,2.5469894101866184,2.5435892053128595,2.536993224434794,2.5248644797030826,2.5037226851259917,2.4687646856706613,2.413859855926116,2.3317775758127848,2.214612359799803,2.0542089093446125,1.842082355519969,1.5696188892497784
1538.0,2.549998516600771,2.549997734606866,2.549994836387053,2.54998653895632,2.549964200173584,2.5499063446084795,2.5497625294991355,2.5494207629190617,2.5486467131837225,2.5469797062574253,2.543571368999917,2.5369623271472244,2.5248141183525847,2.503645543023937,2.4686537510584334,2.4137102198948703,2.3315884451643125,2.2143886872952043,2.0539619905769055,1.8418289153518748,1.5693787395097172
1539.0,2.5499985041879745,2.549997716671534,2.54999479908586,2.5499864508126784,2.5499639885206853,2.549905847307317,2.549761404036316,2.5494183298616533,2.548641714654448,2.5469699821765075,2.543553503364338,2.536931391279933,2.524763712086453,2.503568356586589,2.4685427833900024,2.413560574582799,2.331399339691771,2.2141650790940752,2.053715170772595,1.8415755946662689,1.5691387081627675
1540.0,2.549998491685945,2.549997698614952,2.5499947615581426,2.5499863621936543,2.549963775861449,2.549905347941572,2.549760274542451,2.5494158893958767,2.5486367034195005,2.546960237930615,2.5435356084010152,2.5369004168442695,2.52471326093918,2.5034911258718457,2.4684317827365745,2.4134109200539493,2.331210259426846,2.2139415351758682,2.05346844985526,1.8413223933442646,1.5688987950931128
1541.0,2.5499984790941532,2.5499976804364533,2.549994723802808,2.5499862730972884,2.549963562192386,2.5499048465053686,2.5497591410084492,2.5494134415091834,2.548631679464126,2.546950473506534,2.5435176841048897,2.536869403851629,2.52466276494527,2.5034138509375596,2.468320749169249,2.4132612563722278,2.3310212044011047,2.213718055520008,2.053221827748548,1.841069311267259,1.5686590001849565
1542.0,2.5499984664120703,2.5499976621353655,2.549994685818761,2.549986183521613,2.549963347509999,2.549904342992825,2.5497580034252154,2.549410986189028,2.5486266427735904,2.546940688891088,2.5434997304709537,2.5368383523134495,2.52461222413924,2.503336531841536,2.4682096827590194,2.4131115836014017,2.330832174646001,2.2134946401058926,2.0529753043761736,1.840816348316928,1.568419323322527
1543.0,2.549998453639163,2.5499976437110172,2.549994647604902,2.549986093464658,2.549963131810785,2.54990383739805,2.549756861783651,2.549408523422869,2.548621593333175,2.5469308840711347,2.5434817474942437,2.536807262241214,2.5245616385556193,2.5032591686415406,2.468098583576773,2.412961901805099,2.3306431701928676,2.213271288912891,2.052728879661921,1.840563504375225,1.5681797643900846
1544.0,2.549998440774897,2.5499976251627308,2.549994609160128,2.549986002924447,2.5499629150912337,2.5499033297151477,2.549755716074653,2.5494060531981693,2.5486165311281814,2.546921059033569,2.543463735169849,2.53677613364645,2.5245110082289477,2.5031817613952905,2.46798745169329,2.4128122110468087,2.330454191072925,2.213048001920347,2.0524825535296434,1.840310779324375,1.5679403232719273
1545.0,2.5499984278187338,2.5499976064898284,2.5499945704833324,2.549985911898998,2.549962697347828,2.5499028199382137,2.5497545662891126,2.549403575502394,2.548611456143928,2.546911213765321,2.543445693492905,2.5367449665407267,2.5244603331937787,2.5031043101604578,2.467876287179245,2.41266251138988,2.3302652373172776,2.212824779107577,2.0522363259032628,1.840058173046872,1.5677009998523956
1546.0,2.5499984147701342,2.5499975876916277,2.549994531573404,2.5499858203863246,2.5499624785770454,2.5499023080613377,2.5497534124179184,2.549401090323015,2.5486063683657525,2.5469013482533565,2.543427622458596,2.5367137609356574,2.5244096134846763,2.503026814994672,2.4677650901052073,2.412512802897524,2.3300763089569125,2.21260162045387,2.05199019670677,1.8398056854254752,1.5674617940158768
1547.0,2.549998401628557,2.549997568767445,2.5499944924292284,2.549985728384435,2.549962258775355,2.549901794078601,2.549752254451955,2.549398597647505,2.5486012677790093,2.546891462484677,2.543409522062155,2.5366825168428995,2.5243588491362168,2.5029492759555163,2.467653860541641,2.4123630856328147,2.3298874060227037,2.2123785259384894,2.0517441658642266,1.8395533163432063,1.5672227056468115
1548.0,2.549998388393457,2.5499975497165934,2.5499944530496883,2.549985635891331,2.549962037939221,2.549901277984079,2.5497510923821016,2.549396097463343,2.548596154369074,2.54688155644632,2.5433913922988625,2.536651234274154,2.5243080401829863,2.502871693100529,2.4675425985589032,2.4122133596586854,2.3296985285454106,2.21215549554067,2.051498233299764,1.8393010656833455,1.5669837346296973
1549.0,2.549998375064287,2.5499975305383815,2.5499944134336614,2.549985542905011,2.5499618160650996,2.5499007597718406,2.549749926199234,2.54939358975801,2.5485910281213364,2.5468716301253593,2.543373233164048,2.536619913241163,2.524257186659584,2.502794066487203,2.4674313042272464,2.4120636250379355,2.329509676555678,2.211932529239622,2.0512523989375833,1.8390489333294284,1.5667448808490931
1550.0,2.5499983616404984,2.5499975112321183,2.5499943735800223,2.5499854494234677,2.5499615931494413,2.5499002394359467,2.5497487558942247,2.5493910745189936,2.5485858890212088,2.5468616835089035,2.5433550446530875,2.5365885537557142,2.5242062886006194,2.5027163961729872,2.4673199776168175,2.4119138818332235,2.3293208500840383,2.211709627014528,2.051006662701958,1.838796919165243,1.566506144189623
1551.0,2.5499983481215382,2.5499974917971073,2.549994333487642,2.5499853554446883,2.5499613691886887,2.549899716970452,2.5497475814579413,2.5493885517337844,2.5485807370541194,2.5468517165840976,2.543336826761407,2.5365571558296365,2.524155346040712,2.502638682215284,2.467208618797659,2.4117641301070725,2.3291320491609087,2.2114867888445437,2.050761024517231,1.8385450230748273,1.5662675245359818
1552.0,2.549998334506852,2.549997472232651,2.549994293155387,2.549985260966654,2.5499611441792798,2.5498991923694043,2.5497464028812464,2.549386021389876,2.5485755722055146,2.5468417293381225,2.543318579484478,2.5365257194748017,2.524104359014494,2.5025609246714513,2.467097227839707,2.4116143699218693,2.3289432738165936,2.2112640147087994,2.050515484307818,1.838293244942466,1.5660290217729376
1553.0,2.5499983207958863,2.5499974525380473,2.54999425258212,2.5499851659873416,2.5499609181176437,2.5498986656268436,2.5497452201550015,2.5493834834747675,2.54857039446086,2.546831721758194,2.5433003028178227,2.5364942447031247,2.524053327556607,2.502483123598802,2.466985804812794,2.4114646013398633,2.328754524081286,2.2110413045863986,2.050270041998206,1.8380415846526872,1.5657906357853346
1554.0,2.549998306988079,2.549997432712593,2.5499942117667014,2.549985070504724,2.5499606910002037,2.5498981367368048,2.549744033270061,2.549380937975962,2.5485652038056408,2.546821693831565,2.5432819967570084,2.5364627315265613,2.5240022517017033,2.502405279054604,2.4668743497866465,2.411314824423168,2.328565799985065,2.2108186584564185,2.0500246975129537,1.8377900420902609,1.5655523664580995
1555.0,2.5499982930828686,2.5499974127555816,2.549994170707987,2.549984974516766,2.5499604628233774,2.5498976056933143,2.5497428422172774,2.549378384880967,2.5485600002253577,2.546811645545522,2.543263661297651,2.5364311799571118,2.523951131484445,2.5023273910960775,2.4667628628308873,2.41116503923376,2.3283771015579005,2.210596076297911,2.0497794507766938,1.8375386171401955,1.565314213676242
1556.0,2.549998279079693,2.549997392666303,2.549994129404828,2.54998487802143,2.549960233583575,2.549897072490393,2.549741646987499,2.5493758241772935,2.5485547837055327,2.546801576887389,2.5432452964354137,2.536399590006817,2.523899966939504,2.5022494597804004,2.466651344015034,2.411015245833482,2.3281884288296473,2.210373558089901,2.0495343017141296,1.837287309687735,1.5650761773248594
1557.0,2.5499982649779853,2.549997372444045,2.5499940878560725,2.549984781016672,2.5499600032772003,2.5498965371220534,2.54974044757157,2.549373255852458,2.5485495542317054,2.5467914878445246,2.5432269021660083,2.5363679616877595,2.5238487581015643,2.5021714851647037,2.4665397934085003,2.41086544428404,2.327999781830051,2.2101511038113886,2.0492892502500397,1.8370361196183573,1.5648382572891404
1558.0,2.5499982507771755,2.5499973520880914,2.5499940460605655,2.5499846835004414,2.5499597719006495,2.549895999582303,2.549739243960331,2.549370679893981,2.548544311789433,2.5467813784043245,2.543208478485192,2.536336295012065,2.523797505005318,2.5020934673060724,2.4664282110805953,2.4107156346470067,2.3278111605887455,2.2099287134413466,2.049044296309275,1.8367850468177715,1.5646004534543656
1559.0,2.549998236476693,2.5499973315977256,2.5499940040171465,2.549984585470684,2.549959539450314,2.5498954598651413,2.549738036144618,2.5493680962893874,2.548539056364293,2.5467712485542178,2.5431900253887707,2.5363045899918992,2.523746207685468,2.502015406261547,2.4663165971005236,2.4105658169838176,2.327622565135255,2.2097063869587226,2.0487994398167606,1.8365340911719157,1.5643627657059125
1560.0,2.5499982220759634,2.549997310972227,2.549993961724653,2.549984486925341,2.549959305922577,2.5498949179645622,2.5497368241152643,2.549365505026206,2.54853378794188,2.546761098281671,2.543171542872597,2.5362728466394704,2.523694866176726,2.5019373020881215,2.466204951537387,2.4104159913557743,2.3274339954989935,2.20948412434244,2.0485546806974946,1.8362832525669548,1.5641251939292578
1561.0,2.549998207574411,2.5499972902108703,2.549993919181917,2.549984387862347,2.5499590713138156,2.549894373874552,2.5497356078630995,2.5493629060919707,2.548528506507808,2.546750927574185,2.5431530309325714,2.5362410649670286,2.523643480513813,2.5018591548427453,2.4660932744601816,2.4102661578240467,2.3272454517092633,2.2092619255713952,2.048310018876551,1.8360325308903263,1.5638877618190175
1562.0,2.5499981929714566,2.5499972693129296,2.5499938763877683,2.5499842882796324,2.549958835620401,2.5498938275890897,2.5497343873789484,2.5493602994742206,2.548523212047709,2.5467407364192964,2.54313448956464,2.536209244986863,2.523592050731461,2.5017809645823217,2.465981565937802,2.4101163164496677,2.3270569337952596,2.2090397906244577,2.0480654542790777,1.8357819260338126,1.5636504461967464
1563.0,2.549998178266519,2.5499972482776756,2.549993833341032,2.5499841881751206,2.549958598838697,2.549893279102149,2.5497331626536326,2.5493576851604978,2.548517904547235,2.546730524804579,2.543115918764797,2.5361773867113078,2.5235405768644092,2.501702731363708,2.4658698260390373,2.409966467293539,2.3268684417860666,2.2088177194804746,2.047820986830301,1.835531437890272,1.5634132469355921
1564.0,2.549998163459014,2.5499972271043756,2.549993790040529,2.549984087546732,2.5499583609650616,2.549892728407696,2.549731933677971,2.5493550631383504,2.5485125839920553,2.5467202927176404,2.5430973185290817,2.536145490152734,2.523489058947406,2.5016244552437157,2.465758054832573,2.409816610416426,2.326679975710661,2.208595712118266,2.047576616455524,1.8352810663525752,1.5631761639092214
1565.0,2.549998148548356,2.549997205792294,2.549993746485078,2.5499839863923794,2.5499581219958447,2.549892175499691,2.549730700442778,2.54935243339533,2.5485072503678587,2.5467100401461242,2.5430786888535826,2.5361135553235554,2.5234374970152107,2.501546136279111,2.4656462523869926,2.4096667458789645,2.32649153559791,2.208373768516627,2.047332343080132,1.8350308113136116,1.5629391969918025
1566.0,2.549998133533954,2.5499971843406937,2.5499937026734916,2.549983884709973,2.549957881927391,2.5498916203720863,2.5497294629388643,2.549349795918995,2.5485019036603527,2.5466997670777096,2.543060029734434,2.5360815822362257,2.523385891102589,2.5014677745266134,2.4655344187707753,2.409516873741655,2.3263031214765726,2.2081518886543283,2.047088166629591,1.834780672666292,1.5627023460579914
1567.0,2.549998118415219,2.549997162748833,2.5499936586045804,2.5499837824974154,2.5499576407560385,2.549891063018829,2.5497282211570385,2.5493471506969057,2.5484965438552627,2.546689473500111,2.5430413411678163,2.53604957090324,2.5233342412443163,2.501389370042898,2.465422554052298,2.409366994064867,2.326114733375301,2.2079300725101145,2.0468440870294513,1.834530650303556,1.5624656109829211
1568.0,2.549998103191556,2.549997141015968,2.54999361427715,2.5499836797526054,2.5499573984781185,2.549890503433858,2.5497269750881038,2.5493444977166284,2.5484911709383344,2.5466791594010787,2.5430226231499553,2.536017521337133,2.5232825474751763,2.501310922884594,2.4653106582998334,2.4092171069088364,2.3259263713226392,2.2077083200627055,2.0466001042053477,1.834280744118374,1.5622289916421863
1569.0,2.5499980878623694,2.5499971191413517,2.549993569690004,2.5499835764734367,2.549957155089955,2.5498899416111076,2.549725724722861,2.549341836965735,2.5484857848953313,2.546668824768398,2.543003875677127,2.535985433550481,2.523230809829961,2.5012324331082816,2.4651987315815522,2.409067212333669,2.3257380353470243,2.2074866312907977,2.046356218083001,1.8340309540037514,1.561992487911834
1570.0,2.549998072427058,2.5499970971242347,2.5499935248419385,2.5499834726577966,2.549956910587867,2.549889377544504,2.549724470052107,2.5493391684318025,2.5484803857120366,2.5466584695898895,2.542985098745649,2.535953307555898,2.523179028343472,2.5011539007704986,2.4650867739655222,2.408917310399338,2.3255497254767863,2.2072650061730608,2.0461124285882177,1.8337812798527344,1.5617560996683495
1571.0,2.5499980568850225,2.5499970749638643,2.54999347973175,2.5499833683035673,2.5499566649681658,2.549888811227967,2.5497232110666355,2.5493364921024106,2.548474973374251,2.5466480938534106,2.5429662923518888,2.53592114336604,2.5231272030505165,2.5010753259277347,2.4649747855197086,2.4087674011656848,2.3253614417401485,2.207043444688141,2.0458687356468945,1.8335317215584128,1.5615198267886474
1572.0,2.5499980412356584,2.549997052659485,2.5499934343582282,2.5499832634086266,2.549956418227156,2.549888242655411,2.5497219477572366,2.549333807965146,2.5484695478677954,2.5466376975468528,2.5429474564922585,2.5358889409936016,2.5230753339859104,2.5009967086364338,2.464862766311974,2.4086174846924204,2.3251731841652283,2.206821946814661,2.0456251391850144,1.8332822790139232,1.56128366915006
1573.0,2.5499980254783576,2.549997030210338,2.54999338872016,2.549983157970847,2.5499561703611358,2.549887671820742,2.5497206801146977,2.5493311160075995,2.5484641091785094,2.5466272806581425,2.5429285911632165,2.535856700451318,2.5230234211844795,2.5009180489529954,2.464750716410079,2.4084675610391253,2.3249849527800377,2.2066005125312182,2.045381639128651,1.8330329521124538,1.5610476266303286
1574.0,2.549998009612511,2.549997007615662,2.5499933428163275,2.549983051988095,2.549955921366397,2.5498870987178615,2.549719408129802,2.5493284162173664,2.5484586572922505,2.5466168431752427,2.542909696361267,2.535824421751963,2.5229714646810533,2.5008393469337706,2.4646386358816814,2.4083176302652483,2.3247967476124827,2.2063791418163845,2.045138235403967,1.8327837407472471,1.5608116991075922
1575.0,2.549997993637508,2.549996984874692,2.5499932966455106,2.5499829454582317,2.5499556712392266,2.5498865233406627,2.5497181317933304,2.5493257085820478,2.5484531921948967,2.546606385086151,2.542890772082961,2.535792104908351,2.5229194645104727,2.500760602635065,2.464526524794337,2.4081676924301094,2.3246085686903637,2.2061578346487107,2.044894927937216,1.832534644811604,1.5605758864603796
1576.0,2.5499979775527333,2.549996961986662,2.5499932502064846,2.549982838379114,2.549955419975902,2.549885945683033,2.549716851096059,2.549322993089251,2.548447713872344,2.546595906378901,2.542871818324894,2.535759749933334,2.522867420707584,2.500681816113138,2.4644143832155003,2.408017747592898,2.3244204160413764,2.2059365910067212,2.044651716654743,1.8322856641988863,1.5603401885676005
1577.0,2.5499979613575694,2.5499969389508,2.54999320349802,2.549982730748593,2.549955167572696,2.549885365738854,2.549715566028763,2.5493202697265858,2.5484422223105074,2.546585407041561,2.5428528350837083,2.5357273568398053,2.522815333307241,2.5006029874242035,2.4643022112125226,2.4078677958126735,2.3242322896931134,2.205715410868918,2.0444086014829823,1.8320367988025203,1.5601046053085372
1578.0,2.5499979450513974,2.549996915766334,2.5499931565188847,2.5499826225645137,2.549954914025874,2.5498847835020007,2.549714276582212,2.5493175384816693,2.5484367174953224,2.546574887062235,2.5428338223560916,2.5356949256406947,2.5227632023443047,2.5005241166244283,2.4641900088526554,2.4077178371483674,2.324044189673061,2.2054942942137794,2.044165582348461,1.831788048516,1.5598691365628357
1579.0,2.549997928633595,2.549996892432487,2.5499931092678416,2.549982513824717,2.5499546593316964,2.5498841989663408,2.549712982747174,2.549314799342123,2.5484311994127413,2.546564346429061,2.5428147801387775,2.5356624563489722,2.5227110278536435,2.500445203769933,2.4640777762030472,2.40756787165878,2.323856116008603,2.205273241019758,2.0439226591777984,1.8315394132328895,1.5596337822105002
1580.0,2.549997912103537,2.5499968689484804,2.549993061743651,2.549982404527039,2.5499544034864146,2.5498836121257358,2.549711684514413,2.5493120522955737,2.548425668048737,2.546553785130214,2.542795708428544,2.5356299489776464,2.5226588098701317,2.5003662489167917,2.4639655133307445,2.407417899402584,2.3236680687270184,2.2050522512652866,2.0436798318977036,1.831290892846826,1.5593985421318832
1581.0,2.549997895460596,2.5499968453135313,2.549993013945068,2.5499822946693085,2.5499541464862765,2.5498830229740417,2.5497103818746907,2.5493092973296525,2.548420123389302,2.5465432031539033,2.5427766072222155,2.5355974035397644,2.5226065484286515,2.5002872521210326,2.4638532203026946,2.4072679204383243,2.3234800478554836,2.2048313249287723,2.0434371004349803,1.831042487251522,1.5591634162076802
1582.0,2.5499978787041417,2.5499968215268556,2.5499929658708442,2.549982184249351,2.549953888327521,2.5498824315051074,2.549709074818765,2.5493065344319974,2.5484145654204458,2.5465326004883733,2.5427574765166607,2.5355648200484118,2.522554243564091,2.5002082134386363,2.4637408971857417,2.4071179348244156,2.3232920534210724,2.2046104619886004,2.0431944647165223,1.83079419634077,1.558928404318922
1583.0,2.5499978618335417,2.549996797587664,2.5499929175197265,2.549982073264985,2.5499536290063816,2.5498818377127757,2.5497077633373912,2.5493037635902507,2.5484089941281995,2.5465219771219036,2.542738316308796,2.5355321985167123,2.5225018953113443,2.500129132925538,2.4636285440466295,2.406967942619146,2.3231040854507548,2.204389662423133,2.042951924669316,1.830546020008442,1.5586935063469702
1584.0,2.5499978448481606,2.549996773495166,2.5499928688904605,2.549981961714026,2.549953368519085,2.549881241590882,2.549706447421321,2.549300984792061,2.5484034094986114,2.5465113330428104,2.54271912659558,2.5354995389578274,2.522449503705313,2.5000500106376267,2.4635161609520004,2.406817943880676,2.3229161439714,2.2041689262107083,2.042709480220441,1.8302979581484937,1.5584587221735087
1585.0,2.5499978277473607,2.5499967492485665,2.549992819981785,2.549981849594282,2.549953106861852,2.5498806431332577,2.549705127061304,2.549298198025081,2.5483978115177504,2.5465006682394424,2.5426999073740184,2.5354668413849577,2.522397068780904,2.4999708466307426,2.4634037479683975,2.406667938667038,2.3227282290097735,2.2039482533296444,2.0424671312970677,1.830050010654967,1.558224051680538
1586.0,2.5499978105305,2.5499967248470696,2.549992770792436,2.5499817369035567,2.549952844030897,2.549880042333726,2.5497038022480867,2.54929540327697,2.5483922001717034,2.5464899827001855,2.542680658641161,2.5354341058113405,2.5223445905730304,2.4998916409606835,2.463291305162261,2.4065179270361376,2.322540340592541,2.2037276437582345,2.0422248778264582,1.8298021774219912,1.5579894947503716
1587.0,2.5499977931969364,2.549996700289874,2.549992721321146,2.549981623639648,2.549952580022426,2.5498794391861037,2.549702472972411,2.549292600535392,2.548386575446578,2.5464792764134607,2.5426613803941027,2.5354013322502515,2.5222920691166113,2.4998123936831957,2.4631788325999326,2.406367909045753,2.3223524787462644,2.203507097474751,2.041982719735967,1.8295544583437855,1.5577550512656289
1588.0,2.5499977757460233,2.5499966755761765,2.549992671566642,2.5499815098003498,2.549952314832641,2.549878833684202,2.549701139225018,2.549289789788017,2.5483809373285,2.546468549367722,2.5426420726299828,2.5353685207150036,2.522239504446573,2.4997331048539824,2.4630663303476528,2.4062178847535365,2.3221646434974055,2.2032866144574443,2.0417406569530403,1.829306853314662,1.5575207211092301
1589.0,2.549997758177112,2.5499966507051717,2.5499926215276494,2.549981395383449,2.549952048457737,2.549878225821827,2.5496998009966445,2.5492869710225206,2.548375285803615,2.5464578015514605,2.5426227353459856,2.535335671218948,2.5221868965978445,2.4996537745286993,2.46295379847156,2.4060678542170137,2.3219768348723266,2.2030661946845416,2.0414986894052167,1.8290593622290259,1.5572865041643913
1590.0,2.5499977404895517,2.549996625676049,2.5499925712028877,2.5499812803867283,2.5499517808939016,2.5498776155927763,2.5496984582780264,2.549284144226583,2.5483696208580877,2.546447032953202,2.54260336853934,2.535302783775472,2.522134245605363,2.499574402762953,2.4628412370376958,2.4059178174935845,2.321789052897288,2.20284583813425,2.0412568170201246,1.8288119849813786,1.557052400314621
1591.0,2.549997722682688,2.5499966004879973,2.5499925205910725,2.5499811648079653,2.549951512137316,2.549877002990842,2.549697111059895,2.549281309387892,2.548363942478102,2.546436243561507,2.5425839722073214,2.535269858398,2.52208155150407,2.499494989612307,2.4627286461119984,2.405767774640523,2.32160129759845,2.2026255447847545,2.041015039725484,1.8285647214663205,1.5568184094437134
1592.0,2.5499977047558646,2.5499965751402005,2.549992469690917,2.5499810486449306,2.5499512421841564,2.549876388009812,2.549695759332979,2.5492784664941386,2.548358250649861,2.5464254333649703,2.542564546347246,2.535236895099995,2.522028814328912,2.499415535132276,2.4626160257603087,2.4056177257149765,2.321413569001873,2.202405314614218,2.0407733574491065,1.8283175715785505,1.5565845314357447
1593.0,2.549997686708421,2.5499965496318406,2.549992418501129,2.5499809318953925,2.54995097103059,2.5498757706434647,2.5496944030880044,2.549275615533021,2.548352545359588,2.546414602352223,2.5425450909564775,2.5352038938949564,2.5219760341148416,2.4993360393783277,2.462503376048366,2.405467670773969,2.3212258671335184,2.202185147600783,2.0405317701188936,1.8280705352128686,1.5563507661750704
1594.0,2.549997668539696,2.5499965239620965,2.549992367020412,2.5499808145571112,2.549950698672782,2.5498751508855744,2.5496930423156954,2.549272756492244,2.5483468265935256,2.5464037505119306,2.542525606032422,2.5351708547964193,2.5219232108968157,2.4992565024058844,2.462390697041812,2.4053176098743982,2.3210381920192473,2.201965043722571,2.0402902776628378,1.827823612264178,1.5561171135463188
1595.0,2.5499976502490247,2.5499964981301426,2.549992315247467,2.549980696627843,2.5499504251068856,2.549874528729909,2.549691677006773,2.5492698893595156,2.5483410943379345,2.5463928778327927,2.5425060915725313,2.5351377778179565,2.5218703447097965,2.4991769242703197,2.4622779888061865,2.405167543073038,2.3208505436848226,2.2017450029576815,2.0400488800090213,1.827576802627486,1.5558835734343885
1596.0,2.5499976318357396,2.549996472135151,2.5499922631809904,2.549980578105339,2.5499501503290514,2.5498739041702305,2.5496903071519545,2.5492670141225515,2.548335348579096,2.5463819843035456,2.542486547574301,2.535104662973177,2.5218174355887513,2.4990973050269614,2.4621652514069305,2.4050174704265377,2.3206629221559085,2.2015250252841954,2.0398075770856168,1.8273301061979066,1.555650145724445
1597.0,2.5499976132991695,2.5499964459762916,2.549992210819675,2.5499804589873434,2.5499498743354234,2.5498732772002937,2.549688932741957,2.549264130769073,2.5483295893033113,2.5463710699129587,2.5424669740352686,2.535071510275726,2.521764483568651,2.4990176447310906,2.4620524849093868,2.4048673919914205,2.3204753274580696,2.2013051106801704,2.0395663688208856,1.8270835228706606,1.5554168303019156
1598.0,2.5499975946386426,2.5499964196527314,2.549992158162208,2.549980339271597,2.5499495971221373,2.5498726478138476,2.549687553767492,2.549261239286807,2.5483238164968998,2.5463601346498375,2.5424473709530195,2.535038319739286,2.521711488684472,2.498937943437941,2.461939689378799,2.4047173078240887,2.3202877596167735,2.201085259123646,2.0393252551431784,1.826837052541077,1.5551836270524877
1599.0,2.5499975758534825,2.5499963931636316,2.5499921052072736,2.549980218955835,2.549949318685324,2.5498720160046364,2.5496861702192706,2.549258339663486,2.5483180301462007,2.546349178503021,2.5424277383251805,2.535005091377573,2.5216584509711946,2.4988582012026983,2.46182686488031,2.4045672179808193,2.32010021865739,2.2008654705926416,2.039084235980936,1.826590695104596,1.5549505358621034
1600.0,2.5499975569430116,2.5499963665081538,2.5499920519535526,2.549980098037786,2.5499490390211075,2.5498713817663967,2.5496847820880006,2.549255431886848,2.548312230237574,2.5463382014613845,2.542408076149422,2.534971825204342,2.5216053704638037,2.498778418080504,2.4617140114789655,2.404417122517766,2.3199127046051915,2.2006457450651555,2.038843311262687,1.8263444504567683,1.5547175566169582
1601.0,2.5499975379065476,2.549996339685454,2.549991998399721,2.549979976515175,2.5499487581256055,2.5498707450928606,2.5496833893643878,2.549252515944639,2.5483064167573977,2.546327203513838,2.5423883844234587,2.534938521233382,2.5215522471972887,2.49869859412645,2.4616011292397117,2.404267021490961,2.3197252174853515,2.2004260825191664,2.038602480917049,1.8260983184932569,1.5544846892034967
1602.0,2.5499975187434067,2.549996312694686,2.549991944544451,2.54997985438572,2.5499484759949285,2.549870105977752,2.549681992039135,2.5492495918246094,2.5483005896920696,2.5463161846493247,2.5423686631450493,2.5349051794785193,2.5214990812066427,2.4986187293955813,2.461488218227396,2.404116914956311,2.3195377573229496,2.2002064829326335,2.0383617448727254,1.8258522991098394,1.5542519335084088
1603.0,2.5499974994529024,2.549996285535001,2.549991890386411,2.5499797316471353,2.549948192625182,2.5498694644147912,2.549680590102942,2.5492466595145156,2.5482947490280083,2.5463051448568237,2.5423489123119962,2.5348717999536143,2.5214458725268627,2.498538823942897,2.461375278506767,2.4039668029696015,2.3193503241429654,2.199986946283497,2.038121103058511,1.825606392202407,1.554019289418631
1604.0,2.5499974800343446,2.549996258205546,2.5499918359242657,2.5499796082971296,2.549947908012464,2.5498688203976902,2.549679183546507,2.5492437190021207,2.548288894751651,2.546294084125349,2.542329131922144,2.5348383826725636,2.5213926211929487,2.4984588778233485,2.4612623101424767,2.4038166855864964,2.319162917970284,2.1997674725496763,2.0378805554032846,1.8253605976669671,1.5537867568213373
1605.0,2.549997460487042,2.5499962307054655,2.5499917811566744,2.549979484333404,2.549947622152867,2.549868173920157,2.5496777723605266,2.549240770275194,2.548283026849454,2.546283002443949,2.5423093219733826,2.5348049276492977,2.5213393272399065,2.49837889109184,2.461149313199077,2.4036665628625364,2.3189755388296946,2.199548061709074,2.0376401018360144,1.8251149153996442,1.5535543356039425
1606.0,2.5499974408102997,2.549996203033901,2.5499917260822933,2.549979359753658,2.549947335042477,2.549867524975893,2.549676356535693,2.5492378133215094,2.5482771453078934,2.5462718998017064,2.542289482463644,2.5347714348977846,2.5212859907027427,2.4982988638032286,2.461036287741022,2.403516434853141,2.3187881867458904,2.199328713739572,2.037399742285754,1.8248693452966802,1.5533220256540938
1607.0,2.549997421003419,2.5499961751899907,2.5499916706997743,2.549979234555583,2.549947046677373,2.5498668735585928,2.549674936062697,2.5492348481288496,2.5482712501134666,2.5462607761877396,2.5422696133909035,2.5347379044320264,2.52123261161647,2.498218796012324,2.460923233832669,2.4033663016136075,2.318600861743467,2.1991094286190345,2.0371594766816434,1.824623887254436,1.553089826859674
1608.0,2.549997401065701,2.5499961471728687,2.549991615007766,2.549979108736866,2.549946757053629,2.549866219661946,2.5496735109322293,2.5492318746850007,2.548265341252689,2.5462496315912,2.5422497147531797,2.5347043362660595,2.5211791900161034,2.498138687773889,2.460810151538275,2.4032161631991142,2.318413563846928,2.1988902063253066,2.0369193049529097,1.8243785411693918,1.5528577391087957
1609.0,2.5499973809964396,2.549996118981668,2.549991559004912,2.5499789822951895,2.5499464661673104,2.5498655632796363,2.549672081134974,2.5492288929777573,2.548259418712096,2.5462384660012756,2.5422297865485337,2.5346707304139557,2.5211257259366597,2.498058539142639,2.460697040922002,2.4030660196647156,2.31822629308068,2.198671046836214,2.0366792270288636,1.8241333069381485,1.5526257622897992
1610.0,2.549997360794931,2.549996090615516,2.549991502689852,2.549978855228229,2.5499461740144778,2.5498649044053403,2.5496706466616157,2.5492259029949187,2.548253482478243,2.5462272794071867,2.5422098287750705,2.5346370868898216,2.5210722194131607,2.497978350173242,2.4605839020479126,2.402915871065346,2.3180390494690357,2.1984519501295647,2.0364392428389047,1.8238881844574275,1.552393896291251
1611.0,2.5499973404604654,2.54999606207354,2.549991446061222,2.549978727533656,2.5499458805911868,2.5498642430327307,2.549669207502837,2.5492229047242914,2.5482475325377054,2.5462160717981908,2.542189841430938,2.5346034057077986,2.5210186704806317,2.4978981209203197,2.460470734979973,2.4027657174558223,2.3178518330362134,2.1982329161831506,2.0361993523125137,1.823643173624073,1.5521621410019424
1612.0,2.5499973199923307,2.5499960333548604,2.549991389117654,2.549978599209136,2.5499455858934836,2.549863579155473,2.5496677636493175,2.549219898153688,2.548241568877078,2.546204843163577,2.5421698245143256,2.534569686882061,2.520965079174098,2.4978178514384446,2.46035753978205,2.4026155588908367,2.3176646438063377,2.1980139449747433,2.035959555379258,1.8233982743350519,1.5519304963108844
1613.0,2.549997299389812,2.5499960044585976,2.5499913318577754,2.54997847025233,2.549945289917411,2.5498629127672277,2.549666315091735,2.549216883270928,2.548235591482974,2.546193593492671,2.542149778023467,2.5345359304268182,2.52091144552859,2.4977375417821435,2.460244316517916,2.402465395424965,2.317477481803438,2.197795036482097,2.0357198519687905,1.823153486487454,1.5516989621073096
1614.0,2.5499972786521923,2.549995975383867,2.5499912742802104,2.549978340660892,2.549944992659003,2.549862243861648,2.549664861820764,2.549213860063836,2.5482296003420295,2.5461823227748335,2.5421297019566382,2.5345021363563154,2.5208577695791403,2.497657192005894,2.460131065251245,2.4023152271126604,2.3172903470514514,2.197576190682949,2.035480242010846,1.8229088099784931,1.5514675382806673
1615.0,2.5499972577787506,2.5499959461297816,2.549991216383578,2.549978210432472,2.549944694114289,2.5498615724323828,2.549663403827079,2.549210828520245,2.548223595440897,2.546171030999457,2.542109596312157,2.534468304684829,2.520804051360784,2.4975768021641294,2.460017786045613,2.40216505400826,2.3171032395742213,2.1973574075550193,2.035240725435245,1.8226642447055081,1.5512362247206224
1616.0,2.5499972367687653,2.549995916695451,2.5499911581664936,2.549978079564716,2.549944394279292,2.5498608984730744,2.549661941101351,2.5492077886279914,2.548217576766252,2.546159718155971,2.542089461088384,2.5344344354266717,2.520750290908558,2.497496372311233,2.459904478964501,2.4020148761659788,2.316916159395499,2.1971386870760083,2.0350013021718896,1.8224197905659634,1.5510050213170539
1617.0,2.5499972156215085,2.549995887079982,2.5499910996275688,2.549977948055262,2.549944093150028,2.54986022197736,2.5496604736342485,2.549204740374921,2.5482115443047864,2.546148384233838,2.542069296283723,2.5344005285961884,2.520696488257501,2.4974159025015408,2.459791144071292,2.401864693639914,2.3167291065389417,2.1969200292236035,2.034761972150766,1.8221754474574485,1.5507739279600532
1618.0,2.5499971943362527,2.5499958572824766,2.5499910407654114,2.5499778159017437,2.5499437907225078,2.54985954293887,2.549659001416439,2.5492016837488856,2.5482054980432154,2.546137029222556,2.5420491018966187,2.534366584207759,2.520642643442657,2.497335392789342,2.459677781429272,2.4017145064840455,2.316542081028115,2.1967014339754707,2.0345227353019437,1.8219312152776799,1.5505429445399217
1619.0,2.5499971729122657,2.549995827302036,2.549990981578623,2.5499776831017904,2.549943486992734,2.5498588613512303,2.549657524438589,2.5491986187377424,2.5481994379682718,2.546125653111655,2.542028877925559,2.5343326022757955,2.520588756499068,2.4972548432288795,2.459564391101632,2.4015643147522328,2.316355082886492,2.1964829013092624,2.0342835915555737,1.821687093924501,1.5503120709471698
1620.0,2.549997151348813,2.549995797137756,2.5499909220658044,2.5499775496530246,2.5499431819567047,2.5498581772080606,2.549656042691361,2.5491955453293564,2.5481933640667087,2.5461142558907026,2.5420086243690747,2.5342985828147437,2.52053482746178,2.4971742538743458,2.459450973151466,2.4014141184982183,2.316168112137455,2.1962644312026134,2.0340445408418897,1.8214430832958821,1.5500813070725148
1621.0,2.5499971296451567,2.5499957667887307,2.54999086222555,2.549977415553064,2.5499428756104114,2.549857490502975,2.549654556165416,2.5491924635115986,2.5481872763253,2.5461028375492987,2.541988341225736,2.5342645258390837,2.520480856365841,2.4970936247798887,2.4593375276417717,2.4012639177756263,2.3159811688042935,2.1960460236331407,2.033805583091208,1.8211991832892267,1.549850636862469
1622.0,2.549997107800557,2.54999573625405,2.54999080205645,2.5499772807995216,2.5499425679498398,2.5498568012295815,2.549653064851414,2.5491893732723465,2.5481811747308383,2.5460913980770776,2.541968028494158,2.534230431363328,2.5204268432463,2.4970129559996073,2.4592240546354502,2.4011137126379634,2.3157942529102056,2.1958276785784476,2.033566718233925,1.820955393799331,1.5496200756560075
1623.0,2.5499970858142698,2.5499957055328015,2.5499907415570924,2.549977145390005,2.549942258970967,2.5498561093814827,2.549651568740013,2.549186274599485,2.5481750592701373,2.5460799374637086,2.5419476861729953,2.534196299402022,2.5203727881382076,2.4969322475875524,2.459110554195308,2.4009635031386187,2.3156073644782995,2.1956093960161187,2.0333279462005187,1.8207117147205523,1.54938962335285
1624.0,2.549997063685551,2.5499956746240686,2.549990680726058,2.549977009322115,2.5499419486697663,2.549855414952275,2.5496500678218683,2.549183167480905,2.5481689299300294,2.5460684556988946,2.5419273142609473,2.5341621299697437,2.520318691076617,2.496851499597728,2.4589970263840546,2.4008132893308645,2.3154205035315916,2.195391175923723,2.033089266921544,1.8204681459475132,1.5491592798526461
1625.0,2.5499970414136492,2.5499956435269326,2.5499906195619273,2.5499768725934486,2.5499416370422043,2.5498547179355504,2.549648562087634,2.5491800519045045,2.5481627866973677,2.5460569527723727,2.5419069127567515,2.5341279230811047,2.520264552096581,2.4967707120840914,2.458883471264304,2.400663071267857,2.3152336700930087,2.195173018278815,2.0328506803276345,1.820224687375096,1.548929045054986
1626.0,2.5499970189978134,2.5499956122404703,2.549990558063273,2.5499767352015974,2.549941324084241,2.549854018324895,2.5496470515279626,2.5491769278581886,2.548156629559025,2.546045428673915,2.5418864816591893,2.5340936787507475,2.5202103712331545,2.496689885100551,2.4587698888985754,2.4005128490026344,2.3150468641853865,2.194954923058932,2.0326121863495006,1.8199813388984403,1.5486989188594105
1627.0,2.5499969964372893,2.5499955807637553,2.5499904962286664,2.5499765971441475,2.54994100979183,2.5498533161138885,2.5496455361335038,2.549173795329869,2.548150458501895,2.546033883393326,2.541866020967084,2.5340593969933503,2.5201561485213944,2.4966090187009673,2.4586562793492908,2.400362622588119,2.314860085831471,2.1947368902415967,2.0323737849179273,1.8197381004129372,1.5484689011654178
1628.0,2.5499969737313193,2.549995549095859,2.549990434056673,2.549976458418678,2.54994069416092,2.549852611296105,2.5496440158949074,2.5491706543074644,2.5481442735128903,2.546022316920447,2.541845530679298,2.534025077823621,2.520101883996357,2.4965281129391546,2.4585426426787786,2.4002123920771172,2.3146733350539197,2.194518919804316,2.032135475963774,1.819494971814228,1.5482389918724726
1629.0,2.549996950879141,2.549995517235849,2.5499903715458547,2.5499763190227664,2.5499403771874514,2.549851903865114,2.54964249080282,2.5491675047788993,2.5481380745789437,2.5460107292451513,2.5418250107947387,2.5339907212563,2.5200475776931013,2.4964471678688787,2.458428978949271,2.4000621575223198,2.3144866118752985,2.1943010117245807,2.0318972594179736,1.819251952998198,1.5480091908800158
1630.0,2.5499969278799925,2.5499954851827886,2.54999030869477,2.5499761789539805,2.54994005886736,2.54985119381448,2.5496409608478876,2.5491643467321072,2.5481318616870086,2.545999120357346,2.541804461312352,2.533956327306161,2.5199932296466856,2.4963661835438575,2.4583152882229062,2.3999119189763016,2.3142999163180864,2.1940831659798663,2.0316591352115325,1.819009043860976,1.5477794980874662
1631.0,2.5499969047331064,2.5499954529357396,2.549990245501972,2.5499760382098864,2.5499397391965752,2.549850481137759,2.5496394260207538,2.549161180155026,2.548125634824058,2.5459874902469743,2.541783882231125,2.533921895988009,2.51993883989217,2.496285160017761,2.458201570561726,2.3997616764915226,2.3141132484046723,2.1938653825476346,2.031421103275528,1.8187662442989279,1.5475499133942356
1632.0,2.549996881437714,2.54999542049376,2.5499901819660096,2.549975896788043,2.549939418171019,2.5498497658285046,2.54963788631206,2.549158005035603,2.5481193939770845,2.545975838904012,2.541763273550088,2.5338874273166807,2.5198844084646135,2.4962040973442132,2.4580878260276795,2.3996114301203266,2.3139266081573564,2.1936476614053317,2.0311831635411104,1.8185235542086546,1.5473204366997289
1633.0,2.5499968579930434,2.549995387855903,2.54999011808543,2.5499757546860033,2.549939095786609,2.5498490478802633,2.5496363417124477,2.5491548213617907,2.5481131391331022,2.5459641663184684,2.5417426352683106,2.5338529213070458,2.5198299353990783,2.496122995576788,2.457974054682618,2.399461179914944,2.3137399955983513,2.193430002530389,2.0309453159395,1.8182809734869896,1.5470910679033536
1634.0,2.5499968343983177,2.5499953550212213,2.5499900538587728,2.549975611901317,2.5499387720392566,2.5498483272865777,2.549634792212556,2.5491516291215506,2.5481068702791436,2.5459524724803884,2.5417219673849036,2.5338183779740033,2.5197754207306247,2.4960418547690124,2.457860256588301,2.39931092592749,2.3135534107497806,2.1932124059002223,2.030707560401986,1.8180385020309946,1.5468618069045248
1635.0,2.5499968106527593,2.549995321988761,2.549989989284575,2.5499754684315272,2.549938446924865,2.5498476040409828,2.5496332378030218,2.549148428302849,2.5481005874022626,2.54594075737985,2.5417012698990193,2.533783797332486,2.5197208644943143,2.495960674974367,2.457746431806392,2.399160668209965,2.3133668536336804,2.1929948714922345,2.030469896859931,1.8177961397379572,1.5466326536026727
1636.0,2.5499967867555875,2.549995288757568,2.5499899243613706,2.549975324274171,2.5499381204393323,2.5498468781370094,2.5496316784744817,2.5491452188936607,2.548094290489533,2.545929021006964,2.541680542809851,2.5337491793974567,2.519666266725209,2.4958794562462834,2.457632580398461,2.399010406814255,2.3131803242720004,2.1927773992838127,2.030232325244763,1.8175538865053875,1.5464036078972458
1637.0,2.5499967627060167,2.5499952553266825,2.5499898590876873,2.5499751794267818,2.549937792578551,2.5498461495681832,2.5496301142175706,2.5491420008819676,2.5480879795280487,2.5459172633518765,2.541659786116631,2.5337145241839107,2.51961162745837,2.495798198638145,2.457518702425984,2.398860141792134,2.3129938226866016,2.1925599892523295,2.0299948454879826,1.8173117422310165,1.5461746696877174
1638.0,2.54999673850326,2.5499952216951423,2.549989793462049,2.549975033886887,2.549937463338408,2.549845418328024,2.5496285450229212,2.5491387742557583,2.548081654504923,2.545905484404768,2.541638999818635,2.5336798317068734,2.5195569467288585,2.495716902203288,2.4574047979503417,2.3987098731952603,2.312807348899258,2.192342641375144,2.029757457521158,1.8170697068127915,1.5459458388735925
1639.0,2.5499967141465283,2.5499951878619824,2.549989727482978,2.5499748876520076,2.549937132714782,2.5498446844100466,2.5496269708811656,2.5491355390030286,2.5480753154072895,2.545893684155852,2.5416181839151766,2.5336451019814015,2.519502224571737,2.4956355669950003,2.4572908670328224,2.398559601075181,2.3126209029316582,2.192125355629601,2.0295201612759244,1.8168277801488748,1.5457171153544083
1640.0,2.5499966896350275,2.5499951538262344,2.549989661148988,2.5499747407196613,2.5499368007035477,2.5498439478077595,2.549625391782935,2.5491322951117827,2.548068962222304,2.5458818625953747,2.5415973384056123,2.5336103350225825,2.5194474610220654,2.495554193066523,2.45717690973462,2.3984093254833274,2.312434484805403,2.1919081319930314,2.029282956683988,1.8165859621376406,1.545488499029742
1641.0,2.5499966649679613,2.5499951195869244,2.5499895944585926,2.5499745930873594,2.549936467300572,2.549843208514667,2.5496238077188567,2.5491290425700304,2.5480625949371394,2.5458700197136186,2.5415764632893367,2.5335755308455354,2.5193926561149054,2.4954727804710486,2.4570629261168335,2.3982590464710207,2.3122480945420074,2.1916909704427505,2.0290458436771215,1.8163442526776716,1.5452599897992154
1642.0,2.5499966401445313,2.5499950851430784,2.5499895274102995,2.5499744447526065,2.549936132501717,2.5498424665242676,2.549622218679559,2.5491257813657895,2.548056213538991,2.545858155500897,2.5415555585657863,2.5335406894654096,2.519337809885318,2.4953913292617216,2.4569489162404707,2.398108764089468,2.312061732162901,2.1914738709560626,2.0288088221871656,1.8161026516677594,1.5450315875624965
1643.0,2.5499966151639337,2.5499950504937177,2.549989460002611,2.5499742957129046,2.549935796302838,2.5498417218300538,2.5496206246556703,2.5491225114870852,2.548049818015074,2.5458462699475595,2.5415346242344374,2.533505810897384,2.5192829223683617,2.4953098394916395,2.456834880166444,2.3979584783897634,2.311875397689426,2.1912568335102556,2.0285718921460294,1.8158611590068987,1.5448032922193058
1644.0,2.549996590025365,2.549995015637859,2.5499893922340275,2.5499741459657477,2.5499354586997844,2.549840974425514,2.5496190256378135,2.5491192329219494,2.548043408352623,2.545834363043988,2.5415136602948065,2.533470895156669,2.519227993599096,2.4952283112138502,2.4567208179555733,2.397808189422891,2.3116890911428403,2.191039858082606,2.028335053485689,1.8156197745942873,1.5445751036694184
1645.0,2.5499965647280165,2.5499949805745175,2.5499893241030436,2.5499739955086262,2.5499351196883997,2.5498402243041314,2.5496174216166136,2.549115945658423,2.5480369845388937,2.5458224347805984,2.5414926667464495,2.533435942258505,2.5191730236125798,2.495146744481356,2.456606729668585,2.3976578972397204,2.3115028125443176,2.1908229446503746,2.028098306138189,1.8153784983293226,1.54434702181267
1646.0,2.5499965392710764,2.5499949453027035,2.5499892556081503,2.549973844339026,2.5499347792645204,2.549839471459383,2.5496158125826938,2.5491126496845533,2.5480305465611615,2.5458104851478405,2.5414716435889635,2.533400952218163,2.5191180124438697,2.4950651393471093,2.4564926153661126,2.3975076018910118,2.3113165619149445,2.1906060931908096,2.0278616500356406,1.8151373301116007,1.5441190465489572
1647.0,2.5499965136537295,2.549994909821425,2.549989186747834,2.549973692454424,2.5499344374239783,2.549838715884741,2.5496141985266747,2.549109344988394,2.548024094406723,2.5457985141361976,2.5414505908219844,2.5333659250509433,2.519062960128023,2.4949834958640156,2.456378475108698,2.3973573034274134,2.311130339275725,2.1903893036811466,2.027625085110223,1.8148962698409126,1.5438911777782434
1648.0,2.54999648787516,2.5499948741296867,2.5499891175205773,2.549973539852296,2.549934094162598,2.549837957573672,2.5496125794391773,2.5491060315580083,2.548017628062893,2.5457865217361855,2.54142950844519,2.533330860772177,2.519007866700095,2.4949018140849315,2.456264308956788,2.3972070018994605,2.3109441446475767,2.190172576098607,2.0273886112941826,1.814655317417244,1.5436634154005593
1649.0,2.5499964619345477,2.549994838226489,2.549989047924859,2.54997338653011,2.5499337494761987,2.549837196519638,2.549610955310822,2.549102709381465,2.548011147517009,2.5457745079383556,2.541408396458294,2.5332957593972245,2.518952732195139,2.4948200940626672,2.456150116970739,2.3970566973575798,2.3107579780513348,2.189955910420399,2.027152228519834,1.8144144727407716,1.54343575931601
1650.0,2.5499964358310683,2.5499948021108296,2.549988977959152,2.5499732324853293,2.5499334033605936,2.549836432716096,2.549609326132225,2.549099378446842,2.5480046527564273,2.545762472733292,2.5413872548610534,2.533260620941476,2.5188975566482092,2.4947383358499837,2.4560358992108116,2.396906389852086,2.310571839507749,2.189739306623718,2.0269159367195577,1.8141737357118632,1.543208209424772
1651.0,2.5499964095638954,2.5499947657817024,2.5499889076219264,2.5499730777154115,2.5499330558115894,2.549835666156497,2.549607691894005,2.549096038742224,2.5479981437685257,2.545750416111611,2.5413660836532626,2.533225445420351,2.518842340094357,2.4946565394995943,2.455921655737178,2.3967560794331852,2.3103857290374865,2.1895227646857465,2.026679735825802,1.8139331062310737,1.542980765627102
1652.0,2.5499963831321995,2.5499947292380987,2.5499888369116475,2.54997292221781,2.549932706824987,2.5498348968342874,2.5496060525867774,2.549092690255704,2.5479916205407007,2.5457383380639644,2.541344882834757,2.5331902328492992,2.5187870825686316,2.4945747050641653,2.455807386609915,2.3966057661509703,2.31019964666113,2.1893062845836537,2.0264436257710843,1.8136925841991447,1.5427534278233344
1653.0,2.5499963565351482,2.5499946924790047,2.5499887658267775,2.549972765989971,2.5499323563965812,2.549834124742909,2.5496044082011586,2.5490893329753805,2.5479850830603707,2.545726238581036,2.54132365240541,2.5331549832437985,2.518731784106083,2.494492832596313,2.455693091889009,2.396455450055427,2.3100135923991805,2.1890898662945957,2.026207606487987,1.8134521695170018,1.5425261959138872
1654.0,2.549996329771906,2.549994655503405,2.549988694365773,2.5499726090293366,2.5499320045221614,2.5498333498757977,2.5496027587277608,2.5490859668893626,2.547978531314974,2.5457141176535436,2.5413023923651368,2.533119696619358,2.5186764447417564,2.4944109221486075,2.4555787716343533,2.3963051311964296,2.3098275662720544,2.188873509795716,2.0259716779091606,1.8132118620857547,1.5422990697992631
1655.0,2.549996302841633,2.5499946183102806,2.5499886225270854,2.5499724513333444,2.5499316511975096,2.549832572226384,2.5496011041571993,2.5490825919857647,2.5479719652919686,2.545701975272238,2.541281102713888,2.533084372991513,2.518621064510698,2.49432897377357,2.4554644259057508,2.3961548096237433,2.309641568300087,2.188657215064146,2.0257358399673246,1.8129716618066924,1.5420720493800506
1656.0,2.5499962757434886,2.5499945808986073,2.5499885503091653,2.549972292899425,2.549931296418403,2.5498317917880944,2.5495994444800854,2.549079208252711,2.547965384978834,2.5456898114279043,2.5412597834516575,2.5330490123758307,2.51856564344795,2.494246987523674,2.4553500547629104,2.3960044853870244,2.3094555985035297,2.188440982077004,2.0255000925952635,1.8127315685812855,1.5418451345569284
1657.0,2.549996248476627,2.54999454326736,2.549988477710456,2.549972133725004,2.549930940180613,2.5498310085543494,2.549597779687031,2.5490758156783313,2.5479587903630696,2.54567762611136,2.5412384345784744,2.533013614787906,2.518510181588555,2.494164963451345,2.455235658265451,2.395854158535821,2.3092696569025524,2.188224810811395,2.0252644357258323,1.8124915823111807,1.5416183252306654
1658.0,2.5499962210402005,2.5499945054155075,2.5499884047293975,2.5499719738075024,2.549930582479904,2.549830222518565,2.549596109768646,2.549072414250764,2.547952181432194,2.545665419313456,2.54121705609441,2.5329781802433624,2.51845467896755,2.4940829016089596,2.4551212364728996,2.3957038291195696,2.3090837435172435,2.1880087012444127,2.0250288692919507,1.8122517028982021,1.5413916213021241
1659.0,2.5499961934333575,2.5499944673420174,2.5499883313644256,2.549971813144335,2.549930223312035,2.549829433674152,2.549594434715541,2.5490690039581567,2.5479455581737493,2.545653191025077,2.541195647999573,2.532942708757852,2.518399135619974,2.4940008020488484,2.4550067894446914,2.395553497187601,2.3088978583676085,2.187792653353137,2.0247933932266085,1.8120119302443491,1.5411650226722606
1660.0,2.549996165655244,2.549994429045853,2.5499882576139714,2.5499716517329123,2.5499298626727587,2.549828642014517,2.5495927545183243,2.5490655847886625,2.547938920575294,2.5456409412371404,2.541174210294111,2.532907200347056,2.5183435515808608,2.4939186648232914,2.454892317240171,2.395403162789136,2.3087120014735723,2.1875766671146377,2.0245580074628613,1.8117722642517942,1.540938529242129
1661.0,2.549996137705002,2.549994390525974,2.549988183476463,2.5499714895706393,2.5499295005578224,2.5498278475330602,2.5495910691676045,2.549062156730444,2.5479322686244097,2.545628669940597,2.5411527429782104,2.532871655026683,2.5182879268852423,2.4938364899845227,2.454777819918591,2.395252825973289,2.3085261728549793,2.1873607425059705,2.024322711933834,1.811532704822882,1.5407121409128806
1662.0,2.5499961095817727,2.5499943517813364,2.5499881089503225,2.549971326654914,2.549929136962967,2.5498270502231772,2.5495893786539887,2.5490587197716703,2.5479256023086987,2.545616377126431,2.541131246052097,2.5328360728124713,2.5182322615681487,2.4937542775847263,2.454663297539114,2.3951024867890656,2.308340372531591,2.1871448795041792,2.024087506572718,1.811293251860128,1.5404858575857667
1663.0,2.5499960812846902,2.549994312810894,2.5499880340339685,2.549971162983131,2.549928771883927,2.5498262500782602,2.5495876829680837,2.5490552739005206,2.547918921615782,2.5456040627856593,2.541109719516034,2.5328004537201867,2.518176555664608,2.4936720276760407,2.4545487501608103,2.3949521452853633,2.30815460052309,2.1869290780862958,2.0238523913127744,1.811053905266217,1.5402596791621397
1664.0,2.5499960528128884,2.549994273613595,2.5499879587258154,2.549970998552679,2.549928405316432,2.549825447091695,2.5495859821004956,2.549051819105179,2.547912226533302,2.5455917269093327,2.541088163370324,2.5327647977656227,2.5181208092096434,2.4935897403105542,2.4544341778426606,2.394801801510972,2.307968856849076,2.1867133382293407,2.0236173660873304,1.8108146649440025,1.5400336055434551
1665.0,2.549996024165498,2.5499942341883868,2.549987883024274,2.549970833360941,2.549928037256205,2.5498246412568624,2.5495842760418292,2.5490483553738406,2.547905517048922,2.5455793694885336,2.5410665776153083,2.532729104964601,2.518065022238278,2.493507415540307,2.4543195806435545,2.394651455514577,2.3077831415290717,2.186497659910321,2.0233824308297828,1.8105755307965048,1.5398076366312725
1666.0,2.5499959953416464,2.5499941945342104,2.549987806927749,2.5499706674052955,2.549927667698964,2.5498238325671387,2.5495825647826895,2.549044882694706,2.547898793150326,2.5455669905143794,2.5410449622513656,2.532693375332971,2.51800919478553,2.493425053417293,2.4542049586222916,2.3945011073447535,2.3075974545825173,2.186282043106234,2.023147585473596,1.81033650272691,1.5395817723272562
1667.0,2.549995966340457,2.549994154650006,2.5499877304346423,2.549970500683114,2.549927296640419,2.549823021015896,2.5495808483136804,2.549041401055986,2.5478920548252164,2.545554589978019,2.5410233172789134,2.5326576088866113,2.5179533268864156,2.493342653993456,2.45409031183758,2.3943507570499722,2.3074117960287746,2.186066487794063,2.0229128299523027,1.8100975806385684,1.5393560125331773
1668.0,2.549995937161049,2.5499941145347087,2.5499876535433517,2.549970333191765,2.549926924076277,2.5498222065965,2.5495791266254058,2.5490379104458976,2.547885302061318,2.545542167870635,2.541001642698408,2.5326218056414262,2.5178974185759477,2.4932602173206933,2.4539756403480384,2.394200404678596,2.3072261658871245,2.185850993950781,2.022678164199503,1.8098587644349942,1.539130357150915
1669.0,2.549995907802541,2.54999407418725,2.5499875762522692,2.5499701649286095,2.5499265500022363,2.549821389302314,2.5495773997084683,2.5490344108526672,2.547878534846376,2.5455297241834427,2.5409799385103415,2.5325859656133485,2.517841469889137,2.493177743450852,2.4538609442121944,2.3940500502788833,2.30704056417677,2.185635561553349,2.022443588148866,1.809620054019863,1.5389048060824575
1670.0,2.549995878264047,2.5499940336065596,2.5499874985597843,2.5499699958910056,2.549926174413991,2.5498205691266933,2.54957566755347,2.5490309022645286,2.547871753168155,2.5455172589076915,2.5409582047152477,2.532550088818337,2.517785480860989,2.493095232435734,2.4537462234884875,2.393899693898984,2.3068549909168334,2.185420190578717,2.0222091017341306,1.8093814492970128,1.5386793592299024
1671.0,2.5499958485446776,2.5499939927915616,2.54998742046428,2.5499698260763033,2.549925797307229,2.549819746062991,2.5495739301510136,2.549027384669724,2.5478649570144425,2.5455047720346617,2.5409364413136952,2.5325141752723805,2.517729451526508,2.4930126843270908,2.453631478235265,2.3937493355869437,2.306669446126361,2.1852048810038216,2.021974704889102,1.8091429501704415,1.5384540164954588
1672.0,2.5499958186435423,2.549993951741177,2.5499873419641377,2.5499696554818483,2.549925418677633,2.549818920104555,2.549572187491699,2.549023858056503,2.5478581463730445,2.5454922635556674,2.540914648306293,2.5324782249914923,2.5176733819206936,2.4929300991766272,2.4535167085107856,2.393598975390704,2.306483929824317,2.184989632805591,2.0217403975476547,1.8089045565443054,1.538228777781447
1673.0,2.549995788559744,2.549993910454325,2.5499872630577314,2.5499694841049823,2.549925038520877,2.549818091244727,2.5495704395661294,2.5490203224131243,2.547851321231787,2.5454797334620567,2.540892825693685,2.532442237991714,2.5176172720785415,2.492847477035998,2.453401914373218,2.3934486133580983,2.306298442029589,2.184774445960939,2.0215061796437324,1.808666268322919,1.5380036429903008
1674.0,2.549995758292386,2.5499938689299197,2.5499871837434336,2.54996931194304,2.549924656832633,2.549817259476845,2.549568686364903,2.5490167777278554,2.5478444815785184,2.545467181745208,2.540870973476555,2.5324062142891135,2.517561122035046,2.492764817956812,2.4532870958806425,2.3932982495368567,2.306112982760986,2.1845593204467706,2.0212720511113464,1.8084280854107546,1.5377786120245682
1675.0,2.5499957278405643,2.5499938271668716,2.5499871040196105,2.5499691389933514,2.5499242736085646,2.549816424794243,2.549566927878621,2.54901322398897,2.5478376274011074,2.5454546083965353,2.5408490916556237,2.5323701538997874,2.5175049318251954,2.492682121990628,2.4531722530910485,2.3931478839746045,2.3059275520372404,2.184344256239978,2.021038011884578,1.8081900077124404,1.53755368478691
1676.0,2.549995697203376,2.549993785164088,2.5499870238846256,2.5499689652532416,2.5499238888443303,2.549815587190249,2.549565164097883,2.549009661184752,2.5478307586874416,2.545442013407483,2.5408271802316493,2.532334056839857,2.517448701483975,2.4925993891889586,2.4530573860623366,2.3929975167188617,2.305742149877005,2.1841292533174426,2.020804061897576,1.8079520351327596,1.5373288611801046
1677.0,2.5499956663799117,2.5499937429204733,2.5499869433368367,2.5499687907200297,2.5499235025355818,2.5498147466581873,2.5495633950132897,2.549006089303493,2.547823875425431,2.5454293967695305,2.5408052392054286,2.53229792312547,2.5173924310463662,2.492516619603266,2.4529424948523184,2.3928471478170437,2.3055567762988556,2.1839143116560362,2.0205702010845585,1.8077141675766502,1.5371041411070445
1678.0,2.549995635369261,2.5499937004349276,2.549986862374598,2.549968615391029,2.5499231146779673,2.5498139031913767,2.549561620615437,2.5490025083334924,2.5478169776030057,2.5454167584741874,2.540783268577793,2.5322617527728024,2.517336120547347,2.4924338132849666,2.4528275795187158,2.3926967773164627,2.3053714313212925,2.1836994312326174,2.020336429379813,1.8074764049492025,1.53687952447074
1679.0,2.549995604170509,2.549993657706348,2.549986780996259,2.5499684392635493,2.5499227252671277,2.549813056783132,2.5495598408949265,2.5489989182630586,2.5478100652081164,2.5454040985129973,2.5407612683496152,2.5322255457980556,2.517279770021891,2.4923509702854267,2.452712640119163,2.3925464052643273,2.3051861149627366,2.183484612024036,2.0201027467176953,1.8072387471556608,1.5366550111743182
1680.0,2.5499955727827377,2.549993614733627,2.549986699200165,2.549968262334894,2.549922334298697,2.549812207426763,2.549558055842356,2.5489953190805075,2.5478031382287334,2.5453914168775373,2.5407392385218017,2.532189302217456,2.5172233795049674,2.4922680906559656,2.4525976767112043,2.3923960317077406,2.3050008272415328,2.1832698540071296,2.01986915303263,1.80700119410142,1.5364306011210251
1681.0,2.5499955412050266,2.549993571515654,2.5499866169846572,2.54996808460236,2.5499219417683063,2.5498113551155757,2.5495562654483237,2.548991710774164,2.5477961966528495,2.5453787135594155,2.5407171790952976,2.5321530220472592,2.517166949031541,2.4921851744478536,2.452482689352296,2.392245656693704,2.304815568175951,2.1830551571587256,2.0196356482591113,1.8067637456930643,1.5362063182377
1682.0,2.5499955094364504,2.549993528051316,2.549986534348072,2.549967906063241,2.5499215476715777,2.5498104998428697,2.549554469703428,2.5489880933323628,2.547789240468477,2.5453659885502735,2.540695090071085,2.5321167053037437,2.5171104786365723,2.4921022217123134,2.4523676780998054,2.3920952802691136,2.3046303377841815,2.1828405214556414,2.0194022323317022,1.8065264018414104,1.5359821391491284
1683.0,2.5499954774760827,2.5499934843394954,2.549986451288741,2.549967726714824,2.5499211520041296,2.5498096416019416,2.549552668598266,2.548984466743444,2.547782269663648,2.545353241841785,2.5406729714501832,2.5320803520032165,2.517053968355019,2.49201923250052,2.4522526430110116,2.3919449024807653,2.3044451360843423,2.1826259468746825,2.019168905185038,1.8062891624582722,1.535758063746383
1684.0,2.5499954453229927,2.549993440379071,2.5499863678049937,2.549967546554392,2.5499207547615743,2.5498087803860834,2.5495508621234357,2.548980830995758,2.547775284226417,2.545340473425656,2.5406508232336478,2.5320439621620086,2.516997418221832,2.4919362068636,2.4521375841431063,2.3917945233753493,2.3042599630944722,2.1824114333926454,2.018935666753825,1.8060520274554104,1.5355340919210587
1685.0,2.5499954129762457,2.5499933961689183,2.5499862838951524,2.5499673655792208,2.5499203559395185,2.549807916188582,2.5495490502695355,2.548977186077665,2.547768284144859,2.5453276832936256,2.5406286454225713,2.5320075357964766,2.5169408282719594,2.49185314485263,2.452022501553191,2.3916441429994553,2.3040748188325364,2.1821969809863146,2.0187025169728425,1.8058149967445387,1.535310223565255
1686.0,2.5499953804349045,2.5499933517079088,2.5499861995575364,2.549967183786582,2.5499199555335617,2.54980704900272,2.5495472330271625,2.548973531977531,2.5477612694070677,2.5453148714374656,2.5406064380180835,2.531971072923005,2.516884198540343,2.491770046518642,2.4519073952982806,2.39149376139957,2.3038897033164236,2.181982589632467,2.018469455776948,1.8055780702373299,1.5350864585715633
1687.0,2.5499953476980295,2.54999330699491,2.549986114790461,2.549967001173742,2.5499195535392993,2.5498061788217754,2.549545410386914,2.5489698686837325,2.54775424000116,2.54530203784898,2.5405842010213506,2.5319345735580017,2.5168275290619215,2.491686911912617,2.4517922654353015,2.3913433786220786,2.303704616563949,2.1817682593078658,2.018236483101072,1.8053412478454196,1.5348627968330517
1688.0,2.5499953147646766,2.549993262028787,2.549986029592236,2.5499668177379617,2.54991914995232,2.549805305639022,2.5495435823393877,2.548966196184654,2.5477471959152727,2.5452891825200044,2.5405619344335757,2.5318980377179003,2.5167708198716277,2.4916037410854877,2.451677112021093,2.3911929947132617,2.30351955859285,2.181553989989266,2.0180035988802256,1.8051045294804147,1.5346392382432512
1689.0,2.5499952816338975,2.549993216808401,2.5499859439611683,2.549966633476497,2.549918744768207,2.5498044294477284,2.549541748875181,2.5489625144686876,2.547740137137561,2.545276305442407,2.540539638255998,2.5318614654191602,2.5167140710043894,2.49152053408814,2.4515619351124065,2.391042609719302,2.3033345294207903,2.1813397816534135,2.0177708030494967,1.8048679150538949,1.5344157826961424
1690.0,2.5499952483047434,2.549993171332609,2.5499858578955594,2.549966448386597,2.549918337982538,2.54980355024116,2.5495399099848903,2.548958823524236,2.547733063656204,2.5452634066080884,2.540517312489892,2.5318248566782655,2.51665728249513,2.4914372909714118,2.451446734765905,2.3908922236862775,2.3031495290653607,2.181125634277042,2.0175380955440514,1.8046314044774205,1.534192430086144
1691.0,2.549995214776259,2.549993125600266,2.549985771393706,2.5499662624655084,2.549917929590885,2.5498026680125765,2.5495380656591147,2.5489551233397094,2.5477259754594006,2.5452504860089826,2.5404949571365716,2.531788211511726,2.5166004543787683,2.4913540117860915,2.451331511038165,2.3907418366601676,2.302964557544076,2.180911547836878,2.0173054762991374,1.8043949976625349,1.5339691803080997
1692.0,2.549995181047488,2.54999307961022,2.5499856844539024,2.5499660757104694,2.549917519588814,2.5498017827552344,2.54953621588845,2.5489514139035263,2.547718872535369,2.5452375436370547,2.540472572197384,2.531751529936076,2.516543586690216,2.491270696582921,2.451216263985675,2.3905914486868487,2.3027796148743764,2.1806975223096354,2.017072945250081,1.804158694520771,1.5337460332572672
1693.0,2.5499951471174707,2.5499930333613188,2.5499855970744365,2.549965888118714,2.5499171079718854,2.5498008944623853,2.549534360663496,2.5489476952041152,2.54771175487235,2.545224579484302,2.540450157673714,2.531714811967875,2.516486679464381,2.491187345412593,2.451100993664838,2.390441059812097,2.3025947010736294,2.1804835576720203,2.016840502332291,1.803922494963655,1.533522988829308
1694.0,2.5499951129852434,2.549992986852405,2.5499855092535917,2.5499656996874727,2.549916694735654,2.5498000031272756,2.5495324999748483,2.5489439672299117,2.5477046224586033,2.545211593542754,2.540427713566983,2.5316780576237066,2.5164297327361664,2.4911039583257506,2.450985700131967,2.3902906700815887,2.3024098161591287,2.180269653900729,2.0166081474812554,1.8036863989027094,1.5333000469202758
1695.0,2.5499950786498373,2.5499929400823182,2.549985420989648,2.5499655104139682,2.549916279875669,2.549799108743148,2.549530633813106,2.5489402299693618,2.547697475282411,2.5451985858044734,2.5404052398786465,2.5316412669201798,2.516372746540468,2.491020535372992,2.45087038344329,2.3901402795408986,2.302224960148094,2.1800558109724486,2.016375880632546,1.80345040624946,1.5330772074266081
1696.0,2.5499950441102848,2.549992893049894,2.549985332280882,2.5499653202954184,2.5499158633874734,2.549798211303242,2.549528762168866,2.548936483410919,2.547690313332075,2.5451855562615533,2.540382736610198,2.5316044398739272,2.5163157209121776,2.490937076604865,2.4507550436549486,2.389989888235502,2.302040133057672,2.179842028863856,2.0161437017218145,1.803214516915437,1.5328544702451141
1697.0,2.5499950093656105,2.5499928457539642,2.5499852431255636,2.5499651293290375,2.549915445266606,2.549797310800791,2.5495268850327273,2.548932727543047,2.5476831365959187,2.545172504906121,2.540360203763166,2.5315675765016072,2.5162586558861806,2.4908535820718694,2.450639680822997,2.389839496210774,2.301855334904935,2.1796283075516203,2.015911610684795,1.80297873081218,1.5326318352729682
1698.0,2.5499949744148385,2.5499927981933563,2.54998515352196,2.5499649375120335,2.5499150255085983,2.549796407229025,2.5495250023952885,2.548928962354216,2.547675945062285,2.5451594317303337,2.5403376413391143,2.5315306768199015,2.5162015514973577,2.490770051824458,2.450524295003402,2.38968910351199,2.301670565706885,2.1794146470123996,2.0156796074573045,1.8027430478512425,1.5324093024077
1699.0,2.5499949392569876,2.549992750366896,2.5499850634683323,2.549964744841608,2.5499146041089764,2.5497955005811694,2.5495231142471484,2.548925187832908,2.547668738719538,2.5451463367263822,2.540315049339644,2.531493740845516,2.5161444077805815,2.4906864859130344,2.4504088862520446,2.3895387101843255,2.3014858254804498,2.1792010472228442,2.0154476919752407,1.8025074679441944,1.5321868715471862
1700.0,2.549994903891075,2.5499927022734044,2.5499849729629402,2.5499645513149582,2.5499141810632606,2.5497945908504462,2.549521220578905,2.5489214039676114,2.5476615175560626,2.5451332198864884,2.5402924277663894,2.5314567685951808,2.516087224770722,2.490602884387954,2.4502934546247204,2.389388316272858,2.3013011142424844,2.178987508159597,2.0152158641745848,1.802271991002626,1.5319645425896404
1701.0,2.549994868316114,2.549992653911698,2.5499848820040354,2.5499643569292756,2.549913756366968,2.5497936780300714,2.5495193213811573,2.5489176107468254,2.5476542815602663,2.545120081202907,2.540269776621023,2.531419760085651,2.5160300025026414,2.4905192472995243,2.4501780001771376,2.3892379218225646,2.3011164320097723,2.178774029799289,2.0149841239913995,1.8020366169381503,1.5317423154336112
1702.0,2.5499948325311146,2.549992605280591,2.5499847905898676,2.549964161681748,2.549913330015607,2.5497927621132583,2.5495174166445063,2.548913808159057,2.5476470307205736,2.545106920667924,2.540247095905251,2.531382715333703,2.5159727410111956,2.4904355746980054,2.450062522964919,2.389087526878324,2.3009317787990256,2.1785606121185443,2.0147524713618292,1.8018013456624082,1.5315201899779678
1703.0,2.5499947965350813,2.5499925563788937,2.549984698718682,2.5499639655695563,2.5499129020046807,2.549791843093216,2.5495155063595516,2.5489099961928225,2.5476397650254334,2.545093738273857,2.5402243856208164,2.5313456343561413,2.515915440331235,2.490351866633608,2.4499470230436007,2.3889371314849157,2.3007471546268823,2.17834725509398,2.0145209062221006,1.8015661770870697,1.5312981661218974
1704.0,2.5499947603270186,2.5499925072054115,2.5499846063887173,2.549963768589876,2.549912472329688,2.549790920963149,2.549513590516893,2.548906174836646,2.5476324844633136,2.545080534013057,2.5402016457694954,2.5313085171697898,2.5158581004976033,2.4902681231564947,2.4498315004686333,2.3887867356870216,2.3005625595099115,2.1781339587022024,2.014289428508522,1.8013311111238381,1.5310762437648966
1705.0,2.5499947239059253,2.5499924577589472,2.54998451359821,2.5499635707398784,2.549912040986122,2.549789995716257,2.5495116691071313,2.5489023440790635,2.547625189022703,2.5450673078779045,2.540178876353102,2.5312713637914976,2.515800721545139,2.4901843443167815,2.4497159552953827,2.388636339529225,2.3003779934646085,2.1779207229198105,2.014058038157484,1.8010961476844523,1.5308544228067666
1706.0,2.549994687270798,2.5499924080383005,2.5499844203453916,2.5499633720167285,2.54991160796947,2.549789067345737,2.5495097421208675,2.548898503908617,2.5476178786921113,2.5450540598608136,2.5401560773734837,2.531234174238138,2.515743303508674,2.4901005301645345,2.4496003875791272,2.3884859430560117,2.3001934565073996,2.1777075477233954,2.0138267351054564,1.8008612866806892,1.5306327031476046
1707.0,2.5499946504206297,2.5499923580422665,2.5499843266284885,2.5499631724175864,2.549911173275214,2.5497881358447807,2.549507809548703,2.5488946543138593,2.547610553460069,2.5450407899542293,2.540133248832523,2.531196948526608,2.515685846423032,2.4900166807497732,2.4494847973750615,2.388335546311768,2.3000089486546393,2.1774944330895396,2.0135955192889927,1.800626528024368,1.5304110846878003
1708.0,2.54999461335441,2.549992307769636,2.549984232445724,2.5499629719396077,2.5499107368988287,2.5497872012065756,2.54950587138124,2.5488907952833513,2.547603213315128,2.5450274981506293,2.5401103907321385,2.5311596866738255,2.5156283503230332,2.489932796122468,2.4493691847382935,2.388185149340785,2.29982446992261,2.1772813789948184,2.013364390644726,1.8003918716273506,1.5301895673280272
1709.0,2.5499945760711245,2.5499922572191975,2.549984137795315,2.549962770579941,2.5499102988357856,2.549786263424306,2.5495039276090816,2.548886926805664,2.5475958582458595,2.5450141844425223,2.5400875030742838,2.531122388696734,2.515570815243489,2.489848876332541,2.4492535497238475,2.388034752187254,2.299640020327525,2.177068385415799,2.0131333491093697,1.800157317401546,1.5299681509692404
1710.0,2.5499945385697553,2.549992206389735,2.549984042675475,2.549962568335731,2.549909859081549,2.5497853224911515,2.5495019782228305,2.5488830488693774,2.5475884882408573,2.5450008488224483,2.5400645858609456,2.531085054612298,2.515513241219204,2.4897649214298667,2.44913789238666,2.3878843548952715,2.299455599885528,2.176855452329042,2.0129023946197178,1.7999228652589114,1.5297468355126693
1711.0,2.5499945008492824,2.549992155280029,2.5499839470844146,2.5499623652041166,2.5499094176315786,2.549784378400288,2.54950002321309,2.5488791614630797,2.547581103288735,2.544987491282979,2.540041639094148,2.5310476844375067,2.515455628284978,2.489680931464272,2.449022212781586,2.3877339575088348,2.29927120861269,2.176642579711099,2.0126715271126443,1.7996885151114552,1.5295256208598125
1712.0,2.5499944629086815,2.5499921038888558,2.549983851020337,2.549962161182232,2.549908974481328,2.549783431144887,2.5494980625704646,2.5488752645753694,2.5475737033781263,2.5449741118167193,2.540018662775946,2.531010278189372,2.5153979764756023,2.4895969064855334,2.448906510963393,2.387583560071846,2.2990868465250136,2.1764297675385156,2.0124407465251033,1.7994542668712388,1.5293045069124325
1713.0,2.5499944247469246,2.5499920522149893,2.549983754481443,2.5499619562672056,2.5499085296262463,2.549782480718116,2.5494960962855595,2.5488713581948534,2.547566288497688,2.5449607104163032,2.539995656908434,2.530972835884928,2.5153402858258618,2.4895128465433825,2.448790786986765,2.38743316262811,2.2989025136384327,2.176217015787829,2.012210052794128,1.7992201204503786,1.5290834935725544
1714.0,2.5499943863629824,2.5499920002571974,2.549983657465929,2.5499617504561596,2.5499080830617755,2.549781527113139,2.5494941243489793,2.548867442310148,2.547558858636096,2.5449472870743985,2.539972621493737,2.5309353575412312,2.5152825563705346,2.489428751687501,2.4486750409063,2.3872827652213346,2.298718209968809,2.1760043244355707,2.0119794458568294,1.7989860757610492,1.5288625807424563
1715.0,2.549994347755818,2.549991948014247,2.5499835599719862,2.549961543746213,2.549907634783353,2.549780570323116,2.549492146751332,2.548863516909879,2.5475514137820463,2.5449338417837026,2.539949556534017,2.530897843175361,2.515224788144391,2.4893446219675224,2.4485592727765133,2.387132367895134,2.298533935531937,2.1757916934582644,2.0117489256503993,1.7987521327154845,1.5286417683246685
1716.0,2.5499943089243944,2.549991895484899,2.549983461997801,2.5499613361344777,2.5499071847864117,2.5497796103412025,2.549490163483222,2.548859581982681,2.5475439539242575,2.544920374536946,2.5399264620314694,2.530860292804419,2.5151669811821957,2.489260457433032,2.448443482651835,2.3869819706930233,2.2983496903435414,2.175579122832427,2.0115184921121063,1.7985182912259794,1.528421056221968
1717.0,2.549994269867671,2.549991842667911,2.549983363541556,2.5499611276180607,2.5499067330663765,2.54977864716055,2.5494881745352584,2.548855637517198,2.5475364790514687,2.5449068853268897,2.5399033379883225,2.53082270644553,2.515109135518705,2.4891762581335684,2.44832767058661,2.3868315736584247,2.298165474419278,2.175366612534569,2.011288145179296,1.7982845512048917,1.5282004443373756
1718.0,2.549994230584603,2.549991789562039,2.549983264601429,2.5499609181940657,2.5499062796186687,2.549777680774306,2.549486179898049,2.5488516835020842,2.547528989152439,2.544893374146326,2.539880184406842,2.5307850841158404,2.515051251188668,2.4890920241186216,2.4482118366351013,2.386681176834662,2.297981287774734,2.1751541625411948,2.011057884789394,1.7980509125646447,1.5279799325741497
1719.0,2.5499941910741413,2.549991736166032,2.549983165175594,2.549960707859588,2.549905824438704,2.5497767111756153,2.549484179562203,2.548847719926002,2.5475214842159497,2.544879840988079,2.5398570012893247,2.5307474258325184,2.5149933282268266,2.4890077554376324,2.448095980851486,2.3865307802649665,2.2977971304254265,2.1749417728288005,2.010827710879901,1.7978173752177278,1.5277595208357853
1720.0,2.5499941513352344,2.5499916824786375,2.5499830652622197,2.5499604966117193,2.549905367521892,2.549775738357618,2.5494821735183297,2.5488437467776235,2.5475139642308005,2.544866285845004,2.539833788638104,2.530709731612755,2.514935366667915,2.4889234521399946,2.4479801032898574,2.3863803839924724,2.297613002386807,2.174729443373878,2.0105976233883953,1.797583939076699,1.5275392090260094
1721.0,2.549994111366828,2.5499916284985984,2.5499829648594714,2.549960284447547,2.5499049088636374,2.54977476231345,2.5494801617570397,2.5488397640456304,2.547506429185815,2.5448527087099877,2.5398105464555445,2.530672001473763,2.5148773665466613,2.488839114275053,2.4478642040042256,2.3862299880602205,2.297428903674257,2.174517174152913,2.0103676222525313,1.7973506040541865,1.5273189970487762
1722.0,2.549994071167863,2.549991574224654,2.549982863965508,2.549960071364151,2.5499044484593387,2.5497737830362444,2.549478144268945,2.5488357717187142,2.5474988790698356,2.544839109575947,2.5397872747440475,2.5306342354327764,2.5148193278977837,2.488754741892106,2.447748283048517,2.386079592511155,2.29724483430309,2.174304965142383,2.010137707410039,1.7971173700628886,1.5270988848082656
1723.0,2.549994030737276,2.5499915196555394,2.5499827625784866,2.5499598573586075,2.549903986304391,2.5497728005191287,2.549476121044658,2.5488317697855747,2.547491313871726,2.544825488435832,2.539763973506047,2.5305964335070517,2.5147612507559947,2.4886703350404025,2.447632340476574,2.385929197388127,2.297060794288553,2.1740928163187623,2.0099078787987246,1.7968842370155778,1.5268788722088793
1724.0,2.549993990074004,2.5499914647899873,2.5499826606965574,2.5499596424279862,2.5499035223941817,2.5497718147552275,2.5494740920747914,2.548827758234922,2.5474837335803713,2.5448118452826236,2.53974064274401,2.5305585957138668,2.514703135155998,2.4885858937691436,2.447516376342156,2.3857788027338946,2.296876783645824,2.173880727658518,2.0096781363564697,1.7966512048251002,1.5266589591552377
1725.0,2.5499939491769763,2.549991409626724,2.549982558317868,2.5499594265693535,2.549903056724093,2.5497708257376623,2.5494720573499596,2.548823737055476,2.547476138184676,2.5447981801093316,2.5397172824604386,2.530520722070521,2.5146449811324896,2.488501418127483,2.4474003906989394,2.385628408591119,2.296692802390014,2.1736686991381116,2.0094484800212298,1.7964182734043772,1.5264391455521769
1726.0,2.549993908045121,2.549991354164476,2.54998245544056,2.549959209779769,2.549902589289503,2.54976983345955,2.549470016860778,2.5488197062359648,2.5474685276735682,2.5447844929089993,2.5396938926578683,2.530482812594335,2.514586788720158,2.4884169081645267,2.4472843836005165,2.3854780150023682,2.296508850536169,2.1734567307339985,2.009218909731035,1.7961854426664077,1.5262194313047461
1727.0,2.549993866677361,2.5499912984019613,2.5499823520627705,2.549958992056287,2.5499021200857834,2.549768837914004,2.5494679705978616,2.5488156657651273,2.5474609020359944,2.544770783674701,2.539670473338867,2.530444867302651,2.5145285579536845,2.4883323639293313,2.4471683551003975,2.3853276220101183,2.2963249280992635,2.173244822422631,2.0089894254239917,1.7959527125242682,1.5259998163182038
1728.0,2.549993825072618,2.5499912423378976,2.5499822481826344,2.5499587733959577,2.5499016491083006,2.5497678390941343,2.5494659185518285,2.5488116156317107,2.547453261260922,2.5447570523995404,2.5396470245060363,2.530406886212833,2.5144702888677397,2.488247785470906,2.4470523052520083,2.38517722965675,2.2961410350942093,2.173032974180453,2.008760027038276,1.7957200828911148,1.525780300498017
1729.0,2.5499937832298087,2.549991185970998,2.549982143798279,2.5499585537958245,2.5499011763524164,2.5497668369930464,2.5494638607132964,2.5488075558244736,2.547445605337342,2.5447432990766536,2.539623546162013,2.530368869342266,2.5144119814969894,2.4881631728382128,2.4469362341086938,2.385026837984552,2.29595717153585,2.172821185983904,2.008530714512141,1.795487553680184,1.5255608837498575
1730.0,2.549993741147847,2.54999112929997,2.54998203890783,2.549958333252927,2.5499007018134865,2.549765831603843,2.549461797072884,2.548803486332183,2.547437934254263,2.544729523699208,2.539600038309466,2.5303308167083545,2.5143536358760885,2.488078526080165,2.4468201417237148,2.384876447035719,2.2957733374389635,2.172609457809421,2.00830148778391,1.7952551248047937,1.5253415659795986
1731.0,2.549993698825641,2.549991072323521,2.5499819335094065,2.549958111764299,2.5499002254868612,2.549764822919622,2.5494597276212123,2.5487994071436137,2.5474302480007154,2.5447157262604,2.539576500951096,2.5302927283285257,2.514295252039686,2.4879938452456267,2.44670402815025,2.3847260568523527,2.295589532818261,2.1723977896334326,2.0080723467919803,1.795022796178345,1.5251223470933142
1732.0,2.5499936562620995,2.5499910150403498,2.5499818276011235,2.549957889326968,2.549899747367886,2.549763810933479,2.5494576523489014,2.5487953182475547,2.547422546565751,2.5447019067534598,2.539552934089639,2.530254604220227,2.514236830022421,2.487909130383417,2.446587893441396,2.3845756674764633,2.2954057576883873,2.172186181432364,2.007843291474822,1.7947905677143217,1.5249032269972762
1733.0,2.5499936134561243,2.5499909574491557,2.5499817211810925,2.5499576659379586,2.549899267451901,2.5497627956385047,2.5494555712465736,2.5487912196327995,2.5474148299384436,2.5446880651716457,2.5395293377278625,2.530216444400927,2.514178369858925,2.487824381542305,2.446471737650166,2.3844252789499683,2.2952220120639226,2.1719746331826375,2.007614321770976,1.794558439326293,1.5246842055979504
1734.0,2.549993570406614,2.5499908995486322,2.54998161424742,2.5499574415942883,2.54989878573424,2.5497617770277867,2.5494534843048537,2.5487871112881555,2.5474070981078856,2.5446742015082484,2.5395057118685695,2.530178248888115,2.5141198715838193,2.487739598771012,2.4463555608294922,2.3842748913146914,2.2950382959593805,2.171763144860667,2.0073854376190536,1.794326410927913,1.5244652828019973
1735.0,2.5499935271124663,2.5499908413374683,2.549981506798207,2.54995721629297,2.5498983022102326,2.5497607550944092,2.5494513915143657,2.5487829932024377,2.5473993510631923,2.5446603157565892,2.5394820565145926,2.530140017699299,2.5140613352317196,2.487654782118212,2.4462393630322237,2.3841245046123656,2.294854609389209,2.171551716442864,2.007156638957741,1.7940944824329228,1.524246458516268
1736.0,2.5499934835725715,2.5499907828143513,2.5499813988315507,2.549956990031011,2.549897816875203,2.5497597298314525,2.549449292865735,2.5487788653644703,2.5473915887934977,2.54464640791002,2.5394583716688,2.53010175085201,2.5140027608372306,2.48756993163253,2.4461231443111284,2.383974118884632,2.2946709523677917,2.171340347905636,2.0069279257257913,1.7938626537551505,1.5240277326478027
1737.0,2.5499934397858195,2.5499907239779622,2.5499812903455448,2.549956762805413,2.5498973297244696,2.5497587012319936,2.5494471883495886,2.5487747277630888,2.5473838112879585,2.544632477961924,2.539434657334091,2.5300634483637983,2.513944148434949,2.4874850473625445,2.446006904718891,2.38382373417304,2.294487324909448,2.1711290392253857,2.00669929786203,1.7936309248085127,1.523809105103828
1738.0,2.5499933957510956,2.5499906648269803,2.5499811813382776,2.549956534613174,2.549896840753345,2.5497576692891055,2.5494450779565554,2.548770580387137,2.5473760185357524,2.5446185259057135,2.5394109135133984,2.5300251102522346,2.513885498059465,2.487400129356785,2.445890644308116,2.3836733505190466,2.2943037270284297,2.1709177903785113,2.006470755305352,1.7933992955070148,1.5235905757917574
1739.0,2.5499933514672817,2.5499906053600796,2.5499810718078324,2.549956305451286,2.5498963499571383,2.549756633995858,2.5494429616772645,2.5487664232254703,2.547368210526076,2.5446045517348335,2.539387140209688,2.5299867365349105,2.513826809745355,2.4873151776637332,2.4457743631313256,2.383522967964018,2.2941201587389264,2.170706601341407,2.006242297994723,1.7931677657647516,1.5233721446191861
1740.0,2.5499933069332545,2.549990545575931,2.549980961752289,2.549956075316735,2.549895857331152,2.549755595345317,2.5494408395023465,2.5487622562669525,2.54736038724815,2.544590555442759,2.5393633374259563,2.529948327229435,2.513768083527191,2.4872301923318245,2.44565806124096,2.3833725865492297,2.293936620055063,2.1704954720904635,2.0060139258691776,1.7929363354959083,1.5231538114938912
1741.0,2.54999326214789,2.5499904854732005,2.549980851169722,2.5499558442065027,2.5498953628706835,2.5497545533305455,2.549438711422434,2.5487580795004563,2.5473525486912125,2.5445765370229942,2.539339505165234,2.52990988235344,2.513709319439535,2.4871451734094445,2.4455417386893794,2.383222206315866,2.293753110990898,2.170284402602067,2.0057856388678195,1.7927050046154505,1.5229355924102725
1742.0,2.549993217110057,2.5499904250505523,2.549980740058201,2.5499556121175653,2.549894866571025,2.5497535079446028,2.5494365774281604,2.548753892914867,2.547344694844525,2.544562496469076,2.5393156434305846,2.5298714019245767,2.513650517516939,2.487060120944931,2.445425395528861,2.383071827305021,2.2935696315604295,2.1700733928525993,2.0055574369298212,1.7924737730411429,1.5227174716864984
1743.0,2.5499931718186257,2.5499903643066437,2.5499806284157933,2.5499553790468936,2.5498943684274638,2.549752459180545,2.5494344375101607,2.548749696499078,2.547336825697368,2.5445484337745703,2.5392917522251026,2.5298328859605155,2.5135916777939458,2.486975034986576,2.4453090318116018,2.3829214495576974,2.2933861817775885,2.16986244281844,2.005329319994426,1.7922426406914065,1.5224994492225623
1744.0,2.549993126272458,2.5499903032401323,2.5499805162405584,2.5499551449914537,2.5498938684352814,2.5497514070314238,2.5494322916590706,2.548745490241992,2.547328941239045,2.544534348933074,2.539267831551915,2.5297943344789457,2.5135328003050903,2.486889915582621,2.445192647589718,2.3827710731148084,2.293202761656243,2.169651552475964,2.0051012880009473,1.7920116074846213,1.5222815249188977
1745.0,2.549993080470416,2.5499902418496685,2.5499804035305544,2.549954909948206,2.549893366589754,2.5497503514902884,2.5494301398655272,2.548741274132523,2.547321041458879,2.5445202419382156,2.539243881414181,2.529755747497579,2.5134738850848977,2.486804762781262,2.445076242915244,2.382620698017176,2.2930193712101996,2.169440721801543,2.004873340888769,1.7917806733391328,1.5220636986763667
1746.0,2.5499930344113526,2.549990180133899,2.5499802902838327,2.5499546739141055,2.5498928628861544,2.549749292550184,2.549427982120171,2.548737048159594,2.5473131263462134,2.5445061127836515,2.539219901815093,2.5297171250341433,2.5134149321678834,2.4867195766306454,2.444959817840134,2.382470324305533,2.2928360104531986,2.169229950771545,2.004645478597347,1.7915498381732564,1.5218459703962472
1747.0,2.5499929880941243,2.5499901180914684,2.5499801764984413,2.5499544368861033,2.549892357319747,2.5497482302041528,2.5494258184136416,2.5487328123121396,2.5473051958904147,2.544491961463071,2.539195892757874,2.529678467106388,2.5133559415885536,2.48663435717887,2.444843372416261,2.382319952020523,2.2926526793989197,2.169019239362335,2.00441770106621,1.7913191019052812,1.5216283399802233
1748.0,2.54999294151758,2.5499900557210156,2.549980062172424,2.549954198861143,2.5498918498857943,2.549747164445234,2.549423648736581,2.548728566579101,2.5472972500808684,2.5444777879701923,2.5391718542457795,2.5296397737320806,2.513296913381406,2.4865491044739896,2.444726906695418,2.3821695812026995,2.2924693780609777,2.168808587550275,2.004190008234959,1.791088464453475,1.521410807330373
1749.0,2.5499928946805634,2.549989993021177,2.549979947303818,2.549953959836165,2.549891340579551,2.549746095266462,2.549421473079632,2.5487243109494324,2.5472892889069807,2.544463592298764,2.539147786282097,2.52960104492901,2.5132378475809274,2.4864638185640056,2.444610420729318,2.3820192118925263,2.292286106452926,2.168597995311723,2.003962400043267,1.7908579257360893,1.5211933723491582
1750.0,2.5499928475819185,2.5499899299905846,2.549979831890658,2.549953719808104,2.549890829396268,2.5497450226608698,2.5494192914334413,2.5487200454120975,2.54728131235818,2.544449374442567,2.539123688870146,2.5295622807149813,2.513178744221596,2.486378499496875,2.444493914569592,2.381868844130379,2.2921028645882546,2.1683874626230333,2.003734876430881,1.790627485671362,1.520976034939417
1751.0,2.549992800220484,2.549989866627866,2.5499797159309736,2.5499534787738893,2.549890316331192,2.5497439466214855,2.549417103788654,2.548715769956069,2.5472733204239155,2.5444351343954086,2.539099562013277,2.5295234811078213,2.5131196033378798,2.486293147320506,2.444377388267792,2.381718477956542,2.2919196524803924,2.1681769894605605,2.0035074373376207,1.790397144177522,1.5207587950043513
1752.0,2.5499927525950934,2.5499898029316457,2.54997959942279,2.5499532367304445,2.5498898013795612,2.5497428671413345,2.549414910135919,2.5487114845703305,2.547265313093656,2.5444208721511297,2.5390754057148723,2.5294846461253746,2.5130604249642383,2.4862077620827594,2.4442608418753897,2.3815681134112143,2.2917364701427037,2.1679665758006523,2.0032800827033803,1.790166901172794,1.52054165244752
1753.0,2.549992704704579,2.5499897389005435,2.5499794823641273,2.549952993674689,2.5498892845366123,2.549741784213439,2.5494127104658855,2.548707189243875,2.5472572903568924,2.5444065877036,2.539051219978347,2.5294457757855033,2.5130012091351204,2.4861223438314477,2.4441442754437763,2.3814177505345038,2.2915533175884937,2.1677562216196566,2.003052812468126,1.7899367565754014,1.5203246071728296
1754.0,2.549992656547768,2.549989674533176,2.5499793647530016,2.549952749603537,2.5498887657975757,2.5497406978308184,2.549410504769205,2.5487028839657064,2.5472492522031365,2.54439228104672,2.5390270048071457,2.5294068701060906,2.5129419558849637,2.4860368926143366,2.444027689024264,2.381267389366431,2.291370194831003,2.167545926893917,2.0028256265718984,1.789706710303569,1.520107659084526
1755.0,2.5499926081234854,2.549989609828155,2.5499792465874247,2.5499525045138958,2.5498882451576748,2.549739607986488,2.5494082930365307,2.548698568724838,2.54724119862192,2.544377952174419,2.5390027602047462,2.5293679291050366,2.512882665248198,2.485951408479143,2.4439110826680843,2.3811170299469278,2.2911871018834136,2.1673356915997743,2.002598524954812,1.789476762275529,1.5198908080871862
1756.0,2.5499925594305495,2.5499895447840903,2.5499791278654023,2.5499522584026697,2.5498877226121306,2.5497385146734604,2.549406075258517,2.548694243510294,2.5472331296027964,2.5443636010806583,2.538978486174657,2.5293289528002614,2.5128233372592432,2.4858658914735368,2.44379445642639,2.3809666723158385,2.2910040387588433,2.1671255157135674,2.002371507557053,1.7892469124095207,1.5196740540857125
1757.0,2.549992510467779,2.5499894793995854,2.549979008584938,2.5499520112667566,2.5498871981561573,2.549737417884744,2.5494038514258204,2.5486899083111076,2.5472250451353404,2.5443492277594273,2.538954182720418,2.5292899412097034,2.5127639719525083,2.48578034164514,2.443677810350253,2.3808163165129184,2.29082100547035,2.166915399211632,2.0021445743188826,1.7890171606237977,1.519457396985322
1758.0,2.549992461233986,2.549989413673241,2.549978888744029,2.54995176310305,2.5498866717849644,2.549736317613345,2.5494016215290993,2.5486855631163228,2.547216945209146,2.544334832204747,2.538929849845599,2.529250894351318,2.512704569362392,2.4856947590415275,2.4435611444906677,2.380665962577837,2.290638002030931,2.166705342070304,2.001917725180634,1.7887875068366288,1.5192408366915435
1759.0,2.549992411727981,2.5499893476036544,2.5499787683406687,2.5499515139084377,2.549886143493757,2.549735213852267,2.5493993855590134,2.5486812079149943,2.54720882981383,2.544320414410667,2.5389054875538037,2.5292118122430804,2.5126451295232837,2.4856091437102257,2.4434444588985476,2.3805156105501757,2.2904550284535206,2.166495344265914,2.0016909600827133,1.7885579509663005,1.5190243731102073
1760.0,2.549992361948569,2.549989281189417,2.5499786473728445,2.5499512636798016,2.549885613277734,2.549734106594509,2.5493971435062233,2.548676842696186,2.5472006989390295,2.544305974371268,2.538881095848664,2.529172694902983,2.512585652469562,2.485523495698714,2.443327753624727,2.380365260469428,2.290272084750995,2.166285405774792,2.0014642789656008,1.788328492931122,1.5188080061474412
1761.0,2.549992311894551,2.54998921442912,2.549978525838542,2.54995101241402,2.549885081132091,2.549732995833068,2.5493948953613934,2.5486724674489727,2.5471925525744012,2.5442915120806595,2.538856674733845,2.5291335423490375,2.5125261382355957,2.485437815054424,2.443211028719963,2.3802149123750005,2.2900891709361684,2.166075526573265,2.0012376817698483,1.7880991326494262,1.518591735709662
1762.0,2.549992261564727,2.5499891473213454,2.5499784037357403,2.549950760107965,2.5498845470520153,2.549731881560937,2.549392641115189,2.5486680821624392,2.5471843907096243,2.5442770275329822,2.5388322242130403,2.5290943545992732,2.5124665868557425,2.4853521018247395,2.4430942842349315,2.380064566306213,2.289906287021794,2.1658657066376596,2.0010111684360794,1.7878698700395734,1.5183755617035744
1763.0,2.5499922109578903,2.5499890798646767,2.5499782810624136,2.5499505067585035,2.5498840110326926,2.549730763771107,2.5493903807582767,2.5486636868256807,2.5471762133343985,2.544262520722405,2.5388077442899775,2.5290551316717362,2.5124069983643498,2.4852663560569974,2.442977520220231,2.3799142223022995,2.2897234330205674,2.165655945944298,2.000784738904991,1.787640705019953,1.518159484036158
1764.0,2.5499921600728337,2.549989012057689,2.5499781578165335,2.549950252362498,2.5498834730693023,2.5497296424565645,2.5493881142813253,2.5486592814278026,2.547168020438445,2.5442479916431284,2.538783234968412,2.529015873584492,2.5123473727957566,2.485180577798486,2.4428607367263804,2.3797638804024057,2.2895406089451207,2.1654462444695035,2.000558393117351,1.787411637508988,1.5179435026146677
1765.0,2.5499921089083437,2.5499889438989563,2.549978033996066,2.549949996916805,2.5498829331570176,2.549728517610294,2.5493858416750053,2.5486548659579205,2.547159812011503,2.544233440289381,2.538758696252131,2.5289765803556223,2.5122877101842884,2.485094767096446,2.4427439338038206,2.3796135406455927,2.28935781480803,2.1652366021895952,2.000332131013999,1.787182667425134,1.5177276173466263
1766.0,2.5499920574632036,2.549988875387047,2.5499779095989714,2.549949740418276,2.5498823912910096,2.5497273892252768,2.5493835629299904,2.54865044040516,2.547151588043337,2.544218866655423,2.538734128144953,2.528937252003228,2.512228010564262,2.4850089239980733,2.442627111502914,2.3794632030708343,2.2891750506218074,2.1650270190808936,2.0001059525358453,1.7869537946868856,1.51751182813982
1767.0,2.549992005736194,2.549988806520527,2.5499777846232066,2.549949482863757,2.549881847466441,2.5497262572944903,2.5493812780369542,2.548646004758658,2.547143348523729,2.5442042707355417,2.5387095306507272,2.5288978885454276,2.512168273969982,2.4849230485505127,2.442510269873944,2.3793128677170197,2.2889923163989097,2.1648174951197143,1.9998798576238719,1.7867250192127755,1.5172961349022926
1768.0,2.5499919537260904,2.549988737297957,2.549977659066724,2.549949224250091,2.549881301678471,2.5497251218109103,2.549378986986574,2.548641559007561,2.5471350934424835,2.5441896525240564,2.5386849037733317,2.528858490000356,2.512108500435745,2.484837140800863,2.4423934089671167,2.3791625346229504,2.2888096121517316,2.164608030282373,1.9996538462191311,1.7864963409213779,1.5170805375423415
1769.0,2.5499919014316657,2.5499886677178933,2.549977532927471,2.5499489645741136,2.549880753922255,2.549723982767509,2.5493766897695274,2.5486371031410266,2.5471268227894246,2.5441750120153146,2.5386602475166753,2.5288190563861654,2.5120486899958343,2.484751200796176,2.442276528832559,2.379012203827344,2.288626937892611,2.1643986245451843,1.9994279182627448,1.7862677597313112,1.5168650359685136
1770.0,2.5499918488516893,2.5499885977788903,2.549977406203392,2.549948703832656,2.5498802041929416,2.549722840157255,2.5493743863764964,2.5486326371482213,2.5471185365543993,2.5441603492036937,2.5386355618846985,2.5287795877210275,2.5119888426845236,2.484665228583455,2.4421596295203205,2.3788618753688313,2.288444293633825,2.1641892778844616,1.9992020736959055,1.7860392755612389,1.5166496300895995
1771.0,2.5499917959849254,2.5499885274794973,2.549977278892423,2.5499484420225427,2.549879652485675,2.5497216939731153,2.5493720767981616,2.548628161018324,2.547110234727273,2.5441456640836013,2.5386108468813715,2.528740084023128,2.5119289585360742,2.4845792242096563,2.442042711080372,2.378711549285959,2.2882616793875923,2.1639799902765167,1.9989763124598745,1.7858108883298722,1.5164343198146315
1772.0,2.5499917428301355,2.5499884568182587,2.5499771509924996,2.549948179140597,2.5498790987955946,2.5497205442080526,2.5493697610252086,2.5486236747405213,2.5471019172979346,2.544130956649474,2.5385861025106937,2.528700545310672,2.511869037584739,2.48449318772169,2.4419257735626085,2.3785612256171884,2.2880790951660734,2.16377076169766,1.9987506344959824,1.785582597955972,1.5162191050528775
1773.0,2.549991689386078,2.549988385793715,2.54997702250155,2.549947915183633,2.5498785431178357,2.5497193908550275,2.549367439048324,2.5486191783040133,2.5470935842562916,2.5441162268957775,2.5385613287766953,2.528660971601881,2.511809079864758,2.4844071191664163,2.441808817016845,2.378410904400896,2.2878965409813707,2.1635615921242017,1.9985250397456296,1.7853544043583502,1.5160039857138383
1774.0,2.5499916356515056,2.5499883144044055,2.5499768934175004,2.549947650148461,2.549877985447527,2.5497182339069973,2.549365110858197,2.548614671698009,2.5470852355922737,2.544101474817008,2.538536525683437,2.5286213629149943,2.5117490854103606,2.4843210185906504,2.44169184149282,2.3782605856753736,2.287714016845528,2.1633524815324514,1.998299528150284,1.7851263074558719,1.5157889617072444
1775.0,2.54999158162517,2.549988242648862,2.5499767637382695,2.549947384031887,2.5498774257797936,2.5497170733569163,2.549362776445518,2.5486101549117275,2.5470768712958316,2.544086700407689,2.538511693235009,2.5285817192682667,2.511689054255765,2.4842348860411585,2.4415748470401946,2.3781102694788276,2.2875315227705304,2.1631434298987164,1.9980740996514816,1.7848983071674565,1.5155740329430505
1776.0,2.5499915273058167,2.549988170525613,2.5499766334617737,2.5499471168307117,2.5498768641097547,2.549715909197737,2.5493604358009803,2.5486056279343994,2.5470684913569355,2.544071903662376,2.5384868314355318,2.5285420406799695,2.511628986435179,2.48414872156466,2.441457833708553,2.377959955849382,2.2873490587683065,2.1629344371993042,1.9978487541908265,1.78467040341208,1.5153591993314335
1777.0,2.549991472692189,2.5499880980331855,2.5499765025859236,2.54994684854173,2.5498763004325258,2.5497147414224073,2.5493580889152785,2.548601090755265,2.547060095765578,2.544057084575652,2.5384619402891544,2.5285023271683933,2.5115688819827975,2.4840625252078263,2.4413408015474003,2.3778096448250743,2.2871666248507263,2.162725503410522,1.9976234917099898,1.7844425961087769,1.5151444607827893
1778.0,2.549991417783024,2.5499880251700997,2.5499763711086256,2.549946579161732,2.5498757347432157,2.549713570023874,2.549355735779111,2.5485965433635767,2.5470516845117714,2.54404224314213,2.5384370198000568,2.5284625787518427,2.511508740932806,2.483976297017283,2.441223750606167,2.3776593364438607,2.2869842210296025,2.1625166285086754,1.99739831215071,1.78421488517664,1.5149298172077292
1779.0,2.549991362577059,2.5499879519348734,2.549976239027782,2.549946308687502,2.549875167036931,2.54971239499508,2.5493533763831753,2.548591985748595,2.54704325758555,2.5440273793564523,2.5384120699724484,2.52842279544864,2.5114485633193775,2.4838900370396075,2.4411066809342046,2.377509030743612,2.286801847316691,2.162307812470071,1.9971732154547919,1.7839872705348236,1.514715268517075
1780.0,2.549991307073025,2.5499878783260184,2.5499761063412896,2.549946037115821,2.5498745973087704,2.549711216328966,2.5493510107181754,2.548587417899592,2.5470348149769686,2.54401249321329,2.538387090810568,2.5283829772771234,2.5113883491766735,2.48380374532133,2.4409895925807885,2.3773587277621155,2.286619503723689,2.162099055271013,1.9969482015641071,1.7837597521025446,1.5145008146218597
1781.0,2.54999125126965,2.549987804342045,2.549975973047041,2.5499457644434624,2.5498740255538292,2.54971003401847,2.5493486387748137,2.5485828398058517,2.5470263566761018,2.543997584707343,2.5383620823186845,2.528343124255648,2.5113280985388453,2.483717421908932,2.440872485595117,2.3772084275370746,2.2864371902622382,2.161890356887807,1.996723270420593,1.7835323297990828,1.5142864554333229
1782.0,2.549991195165656,2.549987729981458,2.549975839142925,2.5499454906671963,2.5498734517671995,2.5497088480565258,2.549346260543797,2.548578251456667,2.5470178826730465,2.5439826538333414,2.5383370445010955,2.5283032364025853,2.51126781144003,2.4836310668488504,2.440755360026313,2.3770581301061116,2.2862549069439235,2.161681717296757,1.9964984219662518,1.7833050035437834,1.514072190862906
1783.0,2.549991138759765,2.549987655242759,2.5499757046268243,2.5499452157837874,2.5498728759439655,2.5497076584360663,2.5493438760158345,2.5485736528413425,2.5470093929579196,2.543967700586044,2.5383119773621288,2.528263313736322,2.5112074879143567,2.4835446801874728,2.4406382159234212,2.376907835506762,2.2860726537802716,2.161473136474168,1.9962736561431527,1.7830777732560574,1.513858020822252
1784.0,2.549991082050692,2.5499875801244443,2.5499755694966177,2.549944939789996,2.549872298079208,2.549706465150021,2.5493414851816363,2.5485690439491924,2.5470008875208596,2.5439527249602385,2.5382868809061403,2.5282233562752623,2.51114712799594,2.4834582619711405,2.4405210533354103,2.376757543776483,2.2858904307827546,2.1612646143963437,1.996048972893428,1.7828506388553835,1.5136439452232018
1785.0,2.5499910250371505,2.5499875046250073,2.5499754337501805,2.5499446626825746,2.5498717181680037,2.549705268191317,2.549339088031916,2.548564424769542,2.546992366352025,2.5439377269507415,2.5382617551375155,2.5281833640378255,2.511086731718884,2.483371812246147,2.4404038723111734,2.376607254952646,2.285708237962787,2.1610561510395883,1.9958243721592759,1.782623600261309,1.5134299639777935
1786.0,2.5499909677178487,2.549987428742937,2.5499752973853815,2.549944384458274,2.5498711362054234,2.5497040675528777,2.5493366845573893,2.548559795291728,2.546983829441596,2.543922706552399,2.53823660006067,2.5281433370424455,2.5110262991172814,2.48328533105874,2.4402866728995263,2.3764569690725406,2.2855260753317275,2.1608477463802074,1.9955998538829576,1.7823966573934502,1.5132160769982563
1787.0,2.5499909100914926,2.5499873524767183,2.549975160400086,2.5499441051138376,2.549870552186533,2.5497028632276253,2.549334274748774,2.548555155505097,2.546975276779772,2.543907663760085,2.538211415680048,2.528103275307575,2.510965830225212,2.4831988184551186,2.44016945514921,2.3763066861733746,2.2853439429008793,2.160639400394504,1.9953754180067997,1.782169810171495,1.5130022841970119
1788.0,2.549990852156782,2.549987275824832,2.549975022792154,2.549943824646005,2.549869966106394,2.5497016552084784,2.5493318585967906,2.5485505053990067,2.546966708356776,2.543892598568704,2.5381862020001233,2.5280631788516814,2.5109053250767444,2.4831122744814342,2.4400522191088885,2.3761564062922718,2.285161840681489,2.1604311130587837,1.9951510644731913,1.7819430585152018,1.5127885854866703
1789.0,2.549990793912415,2.5499871987857547,2.5499748845594423,2.5499435430515094,2.549869377960065,2.549700443488353,2.5493294360921617,2.5485458449628253,2.546958124162849,2.5438775109731884,2.538160959025397,2.528023047693246,2.510844783705935,2.4830256991837936,2.4399349648271498,2.376006129466277,2.2849797686847486,2.1602228843493503,1.9949267932245853,1.7817164023444032,1.5125749807800273
1790.0,2.5499907353570865,2.5499871213579595,2.5499747456998016,2.54994326032708,2.5498687877425965,2.5496992280601627,2.5493270072256125,2.5485411741859316,2.546949524188255,2.543862400968499,2.5381356867604,2.527982881850768,2.5107842061468286,2.4829390926082535,2.439817692352507,2.3758558557323513,2.2847977269217927,2.160014714242509,1.9947026042034977,1.7814898415790044,1.5123614699900634
1791.0,2.549990676489484,2.549987043539915,2.5499746062110793,2.549942976469441,2.5498681954490356,2.5496980089168177,2.5493245719878708,2.548536493057715,2.5469409084232772,2.543847268549627,2.5381103852096922,2.527942681342761,2.5107235924334583,2.4828524548008253,2.439700401733397,2.375705585127374,2.2846157154037035,2.159806602714566,1.994478497352507,1.7812633761389856,1.5121480530299423
1792.0,2.549990617308294,2.5499869653300857,2.5499744660911166,2.5499426914753105,2.549867601074426,2.5496967860512276,2.5493221303696676,2.5485318015675755,2.5469322768582208,2.54383211371159,2.538085054377863,2.5279024461877535,2.5106629425998435,2.482765785807474,2.439583093018181,2.3755553176881437,2.2844337341415057,2.159598549741826,1.9942544726142535,1.7810370059444023,1.5119347298130066
1793.0,2.5499905578121984,2.5499868867269324,2.549974325337752,2.549942405341403,2.5498670046138048,2.5496955594562976,2.549319682361735,2.548527099704926,2.5469236294834117,2.5438169364494363,2.5380596942695277,2.527862176404291,2.5106022566799933,2.482679085674115,2.4394657662551453,2.3754050534513773,2.2842517831461695,2.1593905553005968,1.9940305299314403,1.7808107309153858,1.5117215002527773
1794.0,2.5499904979998758,2.549986807728912,2.5499741839488177,2.549942118064426,2.549866406062205,2.549694329124932,2.5493172279548078,2.5485223874591876,2.5469149662891954,2.543801736758242,2.538034304889334,2.5278218720109322,2.5105415347079036,2.482592354446619,2.439348421492501,2.37525479245371,2.2840698624286104,2.1591826193671837,1.993806669246832,1.7805845509721454,1.5115083642629525
1795.0,2.549990437870002,2.5499867283344755,2.549974041922142,2.5499418296410834,2.5498658054146546,2.5496930950500296,2.549314767139624,2.548517664819793,2.54690628726594,2.543786514633113,2.538008886241955,2.5277815330262534,2.510480776717559,2.482505592170809,2.4392310587783834,2.3751045347316984,2.2838879719996905,2.158974741917894,1.9935828905032544,1.7803584660349683,1.5112953217574046
1796.0,2.549990377421245,2.5499866485420735,2.5499738992555487,2.5499415400680743,2.5498652026661777,2.5496918572244907,2.5493122999069247,2.548512931776186,2.546897592404033,2.5437712700691812,2.5379834383320943,2.5277411594688437,2.51041998274293,2.4824187988924598,2.4391136781608527,2.3749542803218153,2.2837061118702158,2.158766922929037,1.9933591936435955,1.7801324760242192,1.511082372650179
1797.0,2.5499903166522744,2.549986568350149,2.549973755946857,2.5499412493420914,2.5498645978117938,2.54969061564121,2.549309826247453,2.5485081883178218,2.5468888816938833,2.54375600306161,2.5379579611644827,2.5277007513573087,2.5103591528179763,2.482331974657301,2.438996279687894,2.3748040292604546,2.2835242820509385,2.1585591623769202,1.9931355786108031,1.7799065808603436,1.5108695168554922
1798.0,2.549990255561751,2.5499864877571414,2.549973611993882,2.549940957459824,2.549863990846516,2.5496893702930814,2.549307346151954,2.5485034344341653,2.546880155125921,2.54374071360559,2.5379324547438795,2.527660308710268,2.510298286976645,2.482245119511015,2.438878863407419,2.37465378158393,2.2833424825525572,2.1583514602378546,1.9929120453478868,1.779680780463866,1.5106567542877296
1799.0,2.549990194148335,2.549986406761488,2.549973467394432,2.549940664417955,2.5498633817653555,2.5496881211729954,2.5493048596111763,2.548498670114693,2.546871412690596,2.54372540169634,2.5379069190750725,2.527619831546356,2.5102373852528697,2.4821582334992356,2.438761429367263,2.374503537328474,2.2831607133857155,2.1581438164881495,1.9926885937979153,1.7794550747553917,1.510444084861445
1800.0,2.549990132410681,2.5499863253616204,2.5499733221463137,2.5499403702131627,2.5498627705633163,2.5496868682738407,2.549302366615871,2.5484938953488925,2.5468626543783808,2.5437100673291084,2.537881354162878,2.5275793198842234,2.5101764476805735,2.482071316667551,2.4386439776151865,2.3743532965302396,2.2829789745610043,2.1579362311041157,1.9924652239040181,1.779229463655608,1.5102315084913591
