time_s,C_r0.0_cm_kg_kg,C_r0.1_cm_kg_kg,C_r0.2_cm_kg_kg,C_r0.3_cm_kg_kg,C_r0.4_cm_kg_kg,C_r0.5_cm_kg_kg,C_r0.6_cm_kg_kg,C_r0.7_cm_kg_kg,C_r0.8_cm_kg_kg,C_r0.9_cm_kg_kg,C_r1.0_cm_kg_kg,C_r1.1_cm_kg_kg,C_r1.2_cm_kg_kg,C_r1.3_cm_kg_kg,C_r1.4_cm_kg_kg,C_r1.5_cm_kg_kg,C_r1.6_cm_kg_kg,C_r1.7_cm_kg_kg,C_r1.8_cm_kg_kg,C_r1.9_cm_kg_kg,C_r2.0_cm_kg_kg,药材表面
60.0,2.55,2.55,2.55,2.55,2.55,2.55,2.55,2.55,2.55,2.55,2.55,2.55,2.55,2.55,2.55,2.5499999999999043,2.549999999861523,2.5499998770059924,2.549940102149042,2.5375638843475117,,1.9938326426783959
120.0,2.55,2.55,2.55,2.55,2.55,2.55,2.55,2.55,2.55,2.55,2.55,2.55,2.55,2.55,2.5499999999998595,2.5499999999243945,2.549999972795649,2.549993779417452,2.549204752469038,2.5042643319292965,,1.8806075484091667
180.0,2.55,2.55,2.55,2.55,2.55,2.55,2.55,2.55,2.55,2.55,2.55,2.55,2.55,2.549999999999961,2.549999999986079,2.5499999967286913,2.549999466689614,2.549944254133575,2.546680151147467,2.456529065249409,,1.7910691180046896
240.0,2.55,2.55,2.55,2.55,2.55,2.55,2.55,2.55,2.55,2.55,2.55,2.55,2.55,2.549999999998218,2.54999999967473,2.5499999564187648,2.5499959285436464,2.5497539034008314,2.5413619221978117,2.399722085230575,,1.7174872158161674
300.0,2.55,2.55,2.55,2.55,2.55,2.55,2.55,2.55,2.55,2.55,2.55,2.55,2.5499999999998133,2.5499999999702196,2.5499999964935833,2.549999695306672,2.549981444192599,2.5492618439175088,2.532611779540702,2.3376528591801726,,1.6560046984403594
360.0,2.55,2.55,2.55,2.55,2.55,2.55,2.55,2.55,2.55,2.55,2.55,2.5499999999999896,2.5499999999973886,2.5499999997190392,2.5499999767978627,2.5499985810955343,2.5499388529759424,2.5482614887653976,2.5201486995339133,2.2728343738532097,,1.6032440504893113
420.0,2.55,2.55,2.55,2.55,2.55,2.55,2.55,2.55,2.55,2.55,2.55,2.5499999999997836,2.5499999999774685,2.5499999982084685,2.549999890197642,2.549994999584472,2.5498386057878544,2.546446550023453,2.501721185376008,2.194207648498504,,1.5572067143940844
480.0,2.55,2.55,2.55,2.55,2.55,2.55,2.55,2.55,2.55,2.55,2.549999999999997,2.5499999999981924,2.54999999986003,2.5499999914131393,2.549999592962926,2.5499848132329315,2.54959262798871,2.5429974128405095,2.477074459521741,2.115468795997637,,1.5163049486093347
540.0,2.55,2.55,2.55,2.55,2.55,2.55,2.55,2.55,2.55,2.55,2.549999999999861,2.549999999988952,2.549999999321974,2.549999966162163,2.5499985551753426,2.5499566723463545,2.549109615169916,2.5379747689561785,2.448636927040616,2.0393058445244074,,1.479972658509015
600.0,2.55,2.55,2.55,2.55,2.55,2.55,2.55,2.55,2.55,2.55,2.549999999999126,2.549999999945971,2.549999997069702,2.5499998678946665,2.5499956514543403,2.5498970830956553,2.5483009069505806,2.5312163554008724,2.417054125113464,1.9659347077703917,,1.4473569937550308
660.0,2.55,2.55,2.55,2.55,2.55,2.55,2.55,2.55,2.55,2.5499999999999337,2.5499999999956615,2.549999999754272,2.5499999883105744,2.5499995829561137,2.5499889209937776,2.5497854200152354,2.54706231990783,2.5226299964180066,2.3829189852243893,1.8954337884001229,,1.418042492599383
720.0,2.55,2.55,2.55,2.55,2.55,2.55,2.55,2.55,2.55,2.5499999999996543,2.5499999999800114,2.549999998994641,2.5499999614433886,2.549998870664431,2.5499750726870327,2.54959471432321,2.545289414456171,2.5121808886884804,2.3467438043337743,1.8277964843288634,,1.3912733605796281
780.0,2.55,2.55,2.55,2.55,2.55,2.55,2.55,2.55,2.5499999999999936,2.5499999999984317,2.549999999915828,2.5499999965441535,2.54999988975244,2.5499972835433495,2.5499491202144178,2.5492919682665387,2.5428833936237085,2.4998879400945633,2.3089987062829103,1.7629471312931244,,1.3668173807642325
840.0,2.55,2.55,2.55,2.55,2.55,2.55,2.55,2.55,2.549999999999881,2.5499999999931564,2.549999999698867,2.5499999896160475,2.549999718535653,2.5499940599315725,2.5499040257506236,2.548838965270587,2.539755140569939,2.4858069379713124,2.270072398787716,1.7007826898871636,,1.3442418296565906
900.0,2.55,2.55,2.55,2.55,2.55,2.55,2.55,2.55,2.549999999999468,2.5499999999744984,2.5499999990522673,2.549999972016114,2.549999345198341,2.5499879942517203,2.5498304184359175,2.5481934340407384,2.5358286385629896,2.4700266779432356,2.2303124949875572,1.6411559261536568,,1.3232974728261488
960.0,2.55,2.55,2.55,2.55,2.55,2.55,2.55,2.5499999999999714,2.5499999999979144,2.5499999999160696,2.549999997314894,2.549999931121405,2.5499985910204996,2.549977292314192,2.5497164307254048,2.5473104748161832,2.531042310541525,2.4526525673102784,2.1899873526642186,1.5839369265873626,,1.3040363125354115
1020.0,2.55,2.55,2.55,2.55,2.55,2.55,2.55,2.5499999999998395,2.549999999992807,2.549999999750657,2.5499999930373303,2.549999843037235,2.549997163578602,2.5499594180861234,2.549547619561309,2.546143633389257,2.5253472154287233,2.433793566727797,2.1493103639737985,1.529025018023283,,1.286023138237093
1080.0,2.55,2.55,2.55,2.55,2.55,2.55,2.55,2.549999999999409,2.549999999977604,2.549999999320883,2.5499999832661038,2.5499996652992327,2.5499946093082846,2.54993094122018,2.5493070209729765,2.5446464439724483,2.518709703066435,2.41357290017075,2.1084781825922865,1.4759608463646248,,1.2695640113057496
1140.0,2.55,2.55,2.55,2.55,2.55,2.55,2.5499999999999643,2.549999999998065,2.5499999999360288,2.549999998284014,2.549999962353177,2.5499993264799095,2.5499902568185577,2.5498873964422435,2.54897528322898,2.5427730894008502,2.511105313453155,2.392096289182982,2.066971659486361,1.420066947171971,,1.2541665092152083
1200.0,2.55,2.55,2.55,2.55,2.55,2.55,2.5499999999998395,2.5499999999942,2.5499999998303866,2.5499999959394617,2.549999920079095,2.549998712012313,2.5499831508383344,2.549823150234902,2.5485308410365035,2.54047950792378,2.502522738979244,2.3693407190178166,2.020284445529376,1.3669690253260047,,1.2398128878453192
1260.0,2.55,2.55,2.55,2.55,2.55,2.55,2.549999999999496,2.5499999999838656,2.5499999995787324,2.5499999909326965,2.549999838833489,2.549997645735008,2.5499719804084506,2.5497313124744103,2.5479503448860013,2.5377248700098733,2.492962640401686,2.341905188400861,1.9743686641931144,1.3163345856873327,,1.2261678829541336
1320.0,2.55,2.55,2.55,2.55,2.55,2.549999999999975,2.5499999999985303,2.5499999999579743,2.54999999901262,2.5499999807716502,2.5499996895662953,2.5499958668552343,2.5499550036904597,2.5496036807380604,2.547209081907718,2.534472400712756,2.4809221884945303,2.3136388808856596,1.9292840724471711,1.2681716508394316,,1.2135770758213529
1380.0,2.55,2.55,2.55,2.55,2.55,2.5499999999998626,2.549999999995988,2.549999999896731,2.549999997802734,2.5499999610713675,2.5499994262030414,2.5499930022341615,2.5499299721119386,2.549430712048513,2.546281262859919,2.530354852670223,2.4675342239170828,2.284663611759596,1.8850420926198947,1.222310327418608,,1.2018090199002305
1440.0,2.55,2.55,2.55,2.55,2.55,2.549999999999635,2.549999999989663,2.54999999975914,2.549999995333671,2.5499999244189495,2.5499989781769643,2.5499885335689876,2.54989405120611,2.5492014951707787,2.5451403043991134,2.5252589834369874,2.4531129987660774,2.2551099766807035,1.8417031505003119,,,1.1905728011273498
1500.0,2.55,2.55,2.55,2.55,2.549999999999994,2.549999999999016,2.5499999999747356,2.5499999994641107,2.5499999905012887,2.549999858727083,2.549998240777989,2.549981760454363,2.5498437533225498,2.548903842596439,2.543532330841762,2.5194664064872825,2.437717522269855,2.2251046358905415,1.7993022063642612,,,1.1797606740720026
1560.0,2.55,2.55,2.55,2.55,2.549999999999892,2.549999999997484,2.549999999941127,2.5499999988577495,2.549999981396912,2.549999744930634,2.5499970631478157,2.5499717607579213,2.5497748856466087,2.5485096132320573,2.5415935652238573,2.512966657024005,2.421414116344438,2.194765584856154,1.757839099322285,,,1.169609190175031
1620.0,2.55,2.55,2.55,2.55,2.549999999999751,2.5499999999938567,2.54999999986865,2.5499999976589094,2.549999964832512,2.549999553871024,2.5499952338253493,2.5499573494054704,2.549682510961286,2.54795510486733,2.5393007086596144,2.505754021720582,2.4042619816792947,2.16417342606128,1.7172900894548944,,,1.1599002750778067
1680.0,2.55,2.55,2.55,2.55,2.5499999999993954,2.5499999999856424,2.5499999997184117,2.549999995371703,2.5499999356490464,2.5499992421923823,2.549992463601179,2.54993703444825,2.54955682482109,2.5472628866553997,2.5366279740663606,2.497828787136168,2.386326011392244,2.1334189521295777,1.677658975795633,,,1.1507081157452768
1740.0,2.55,2.55,2.55,2.549999999999921,2.549999999998527,2.549999999967784,2.54999999941811,2.54999999114937,2.5499998857377673,2.5499987470822885,2.5499883658889844,2.5499089750208173,2.5493746487583575,2.546413899785151,2.533552079644557,2.489195482042064,2.3676638773662986,2.1025574937573794,1.6389047650305024,,,1.1422234359629393
1800.0,2.55,2.55,2.55,2.5499999999998213,2.549999999996538,2.5499999999303786,2.549999998837745,2.549999983588894,2.5499998026939736,2.549997979699641,2.549982434556718,2.5498709377849194,2.5491392341106915,2.545388625834107,2.5300512275030496,2.4798589860854405,2.348323675191044,2.0716316262137244,1.601028555275096,,,1.134221430416495
1860.0,2.55,2.55,2.55,2.5499999999995815,2.5499999999923064,2.5499999998570604,2.549999997784707,2.549999970851645,2.549999672518797,2.549996858445566,2.549974342311198,2.549819006019728,2.5488656236148177,2.5442742729580115,2.526482429393617,2.4709182955548936,2.3309458707092636,2.045747419370773,1.5722043121355007,,,1.1265097955903665
1920.0,2.55,2.55,2.5499999999999488,2.5499999999990655,2.549999999983475,2.549999999715672,2.5499999958975113,2.549999949567305,2.5499994691675,2.54999521708562,2.5499632134375294,2.549749649467094,2.548528985879789,2.542979511412853,2.522539285776403,2.4614579960243868,2.3132054463480354,2.0200585755913814,1.5422996027131366,,,1.1189159598910952
1980.0,2.55,2.55,2.54999999999986,2.54999999999797,2.5499999999656344,2.549999999450891,2.5499999926043575,2.5499999148486627,2.5499991583135238,2.54999286006643,2.5499481625385574,2.549660135412328,2.548120296601269,2.5414905117970754,2.518215671805396,2.4515018484728213,2.29516016524531,1.9946208562523957,1.5131579738190186,,,1.1115844059516589
2040.0,2.55,2.55,2.5499999999997,2.5499999999957,2.5499999999306713,2.549999998968458,2.5499999869993775,2.549999859480917,2.549998692663494,2.5499895356918474,2.549928124719485,2.5495464083142174,2.5476302606110077,2.539794492466307,2.513508206007075,2.4410731222944237,2.2768514613319875,1.9690337551139505,1.48489105704208,,,1.1046068503088355
2100.0,2.55,2.5499999999999643,2.5499999999993532,2.549999999991135,2.549999999864081,2.549999998111828,2.549999977680642,2.5499997730373853,2.5499980083004132,2.549984925495814,2.5499013169661575,2.549403987882588,2.5470493150893523,2.5378792868593183,2.508414411947554,2.430192901602674,2.2583151827450325,1.9422431163905622,1.4574677593734502,,,1.0978313218354436
2160.0,2.550000000000008,2.5499999999998835,2.5499999999986382,2.549999999982192,2.549999999740592,2.549999996627227,2.549999962525646,2.5499996407448404,2.54999702034003,2.549978632551041,2.5498644697583535,2.54922797851261,2.54636773366335,2.535733726925951,2.502934446194878,2.4188861923800142,2.2395934729957823,1.915882915127977,1.4308455854349227,,,1.091297006358876
2220.0,2.549999999999973,2.549999999999748,2.549999999997193,2.5499999999651206,2.5499999995172997,2.5499999941125298,2.5499999383866863,2.5499994420582714,2.549995617920483,2.54997016949366,2.5498169122904404,2.549013107898679,2.54557579935308,2.533347899925107,2.49707067563324,2.4071776419278983,2.220431436290786,1.8899452448389777,1.4049859588385565,,,1.0851697554125797
2280.0,2.5499999999998715,2.549999999999483,2.549999999994341,2.549999999933324,2.5499999991230338,2.5499999899441326,2.5499999006865472,2.5499991489097393,2.549993658544681,2.549958946280955,2.5497563930627427,2.548753747418067,2.544663793413886,2.5307126188251243,2.4908255473197265,2.3950875622693335,2.199965748550553,1.8644198935988512,1.3798771156476914,,,1.0792067609254279
2340.0,2.549999999999785,2.5499999999989384,2.549999999988846,2.5499999998754443,2.549999998442396,2.549999983174578,2.549999842891318,2.54999872358255,2.5499909616755803,2.5499442571023803,2.549680375169414,2.5484439280921705,2.5436220547595902,2.5278197150537047,2.4842035894207335,2.3826401359739697,2.179463280865886,1.8393165217861884,1.3554740795581994,,,1.0735373839733253
2400.0,2.549999999999589,2.549999999997864,2.5499999999785077,2.5499999997723806,2.5499999972921996,2.549999972391838,2.5499997558346865,2.5499981161754337,2.5499873017062704,2.5499252679368323,2.5495860345148262,2.548077400644715,2.5424411505660367,2.524662149469856,2.477210127083815,2.369855742599508,2.1589427987251852,1.8146217914961669,1.331765869639359,,,1.0680634633959165
2460.0,2.549999999999177,2.549999999995775,2.5499999999594816,2.549999999588778,2.5499999953874535,2.5499999555296538,2.5499996268681464,2.5499972616354203,2.5499824003544904,2.54989966963716,2.549470256179737,2.5476476542266306,2.541111849949295,2.521233864721406,2.469852082371037,2.355954182317583,2.1384339060393347,1.7903471431391846,1.3087191010024832,,,1.0628737560740884
2520.0,2.5499999999983496,2.549999999991805,2.5499999999252085,2.549999999271039,2.5499999922931753,2.5499999296163125,2.5499994388078138,2.5499960763256952,2.549975918544562,2.5498666838765986,2.5493296418834226,2.5471479930404963,2.5396253302085277,2.517530050384386,2.46213718124764,2.3415750765821266,2.1179522230567187,1.7664797443447082,1.286324074257701,,,1.0578428826595367
2580.0,2.549999999996717,2.549999999984416,2.5499999998647107,2.549999998733817,2.549999987357444,2.54999989044767,2.549999168652636,2.549994454137679,2.549967447947408,2.5498251091618807,2.5491605141938583,2.5465715554553223,2.5379731070957723,2.513546870993489,2.454074572218824,2.3269412839713617,2.0975273397163665,1.7430407850340672,1.2645205677510964,,,1.0528252638862
2640.0,2.549999999993576,2.5499999999709444,2.549999999759975,2.549999997842795,2.549999979619915,2.5499998321682944,2.549998786044761,2.5499922621297526,2.5499565022939534,2.549773291814215,2.548958939955332,2.5459114453803537,2.536147480798457,2.5092827165828853,2.4456771727878706,2.312083968798355,2.077186853904944,1.7200262486423783,1.2432664036675856,,,1.048091978008429
2700.0,2.549999999987665,2.5499999999468645,2.5499999995819906,2.549999996391788,2.5499999676891174,2.5499997467447666,2.5499982514637463,2.5499893358385886,2.5499425093694987,2.5497093853339217,2.5487207624741335,2.5451607965161993,2.5341413500603425,2.504736501380684,2.4363423104222104,2.2970214754144105,2.0569317807951064,1.697402688897164,1.2225879037064908,,,1.0435290083519009
2760.0,2.549999999976772,2.5499999999046263,2.549999999284856,2.5499999940697426,2.549999949580796,2.549999623314416,2.549997514132815,2.5499854741614665,2.549924802339088,2.54963134278534,2.5484415910042153,2.544312674071339,2.5319478226156047,2.4999072585149724,2.426666853559122,2.2817761547293207,2.0367835219303934,1.6751884835113273,1.2024233612940307,,,1.0389622580143334
2820.0,2.549999999957099,2.5499999998318703,2.549999998797196,2.5499999904152317,2.5499999225077796,2.549999447386957,2.5499965095914656,2.5499804337299135,2.5499024487779325,2.5495369140257966,2.5481168373457894,2.543360267018503,2.529560992369427,2.4947965853592278,2.4166853127467074,2.2663783244947227,2.0167709429860485,1.6533925140638566,1.1827063165751233,,,1.0344529359813621
2880.0,2.549999999922228,2.5499999997087115,2.5499999980098376,2.549999984754551,2.549999882611218,2.5499991998846863,2.549995156981757,2.549973923308422,2.549873340279567,2.5494236573034397,2.547741788806331,2.5422970636404574,2.5269760585420853,2.4894076774458775,2.4064158557440085,2.2508509239170995,1.9969019976318532,1.6319843064617248,1.16344865676651,,,1.030178500409576
2940.0,2.5499999998615714,2.5499999995036986,2.549999996758409,2.54999997611913,2.5499998246232285,2.5499988560135147,2.549993356084626,2.549965598226283,2.5498372780086394,2.5492889456190624,2.547311618333683,2.541116725317891,2.524188571417684,2.4835110541547647,2.395872222765646,2.235207787775391,1.9771766487490396,1.610949183302218,1.1446630960118687,,,1.0259330302170966
3000.0,2.5499999997578917,2.5499999991678917,2.549999994799251,2.5499999631370325,2.549999741449245,2.549998383943161,2.5499909840305093,2.5499550543281417,2.549793022151157,2.549129964081082,2.546821378459494,2.5398130716203426,2.521194685642724,2.477179059888504,2.3850722153930786,2.2194749261565843,1.957620571965802,1.590304472631619,1.1256718562499233,,,1.0216897598082688
3060.0,2.5499999995836724,2.549999998626332,2.549999991776469,2.549999943892432,2.549999623656464,2.5499977432790377,2.5499878917242023,2.549941822095758,2.5497391955311755,2.5489437309969856,2.5462661031198395,2.538380395179446,2.517991844411994,2.4705671959547364,2.3740337599648185,2.203671106802647,1.93823682054185,1.5700233301552267,1.1070754466161756,,,1.0175946091291026
3120.0,2.549999999295698,2.5499999977659544,2.5499999871776207,2.549999915746397,2.5499994588591957,2.5499968833437463,2.549983900166656,2.549925361545205,2.549674283631193,2.548727115729801,2.5456408275212157,2.5368133249787634,2.5145780073517114,2.463682961654273,2.362772493250856,2.187811274172305,1.9190258370338045,1.5500819969271875,1.0889792167492294,,,1.013761766917951
3180.0,2.5499999988271838,2.549999996418722,2.5499999802750484,2.549999875112013,2.5499992309904815,2.549995741255661,2.5499787965649645,2.549905056918048,2.549596632709654,2.5484768437330825,2.5449405743081015,2.535106689781095,2.510951149441398,2.456532097323105,2.3512975915825507,2.1718964513203125,1.8999683297460266,1.5301172467533761,1.0714219893646637,,,1.0101141074043023
3240.0,2.5499999980765398,2.549999994338462,2.5499999700492353,2.54999981717549,2.549998919445301,2.5499942397764928,2.549972330119483,2.549880210656837,2.5495044439220433,2.54818948231328,2.5441602823679927,2.533255311697177,2.5069728407051084,2.4491202785836097,2.3396212183847394,2.1559418588398147,1.8810814137550111,1.5098922216928143,1.0542587801888392,,,1.0064877894083222
3300.0,2.54999999689154,2.549999991169447,2.5499999550898376,2.549999735553206,2.5499984980761243,2.5499922848934276,2.54996420747223,2.5498500374185666,2.549395772308518,2.54786146635125,2.5432949438587595,2.5312545395835055,2.5026680836216646,2.4414559014845874,2.3277590674139774,2.139963534129245,1.8623728486730609,1.4900647984474162,1.0374925422397228,,,1.0029535708484176
3360.0,2.549999995047355,2.5499999864043317,2.5499999334693513,2.549999621875395,2.54999793403883,2.549989763228347,2.5499540884308396,2.5498125047007996,2.5492685357350586,2.547489139533961,2.542339681061873,2.5291002320143643,2.498134533694756,2.4335475733659258,2.315725445335571,2.123974977662121,1.8438503396243657,1.4706290323071343,1.0209931103777463,,,0.9993670999692544
3420.0,2.5499999922165175,2.549999979328637,2.5499999025842293,2.54999946528918,2.5499971864914444,2.5499865393021746,2.5499415818104634,2.5497669136027676,2.549120521163464,2.5470687748276175,2.5412897710450992,2.5267887856785736,2.4933742076794196,2.425405427599756,2.303537388047673,2.107994901768152,1.8252004930677415,1.451572251137838,1.004818863534032,,,0.9958489610860747
3480.0,2.5499999879284694,2.5499999689484607,2.5499998589576887,2.5499992518724723,2.5499962051411686,2.5499824526682215,2.549926241504444,2.5497124746554003,2.5489493970163526,2.5465966170077627,2.540140735999897,2.5243172603290143,2.4883900749771946,2.41703981442099,2.2912094900601865,2.092034390602337,1.8061718377009708,1.4328723023933685,,,,0.9922743744105168
3540.0,2.5499999815158074,2.549999953897665,2.549999797998213,2.549998963952946,2.549994928652495,2.549977314997712,2.5499075629761467,2.5496479283501694,2.548752723944109,2.5460688999014236,2.5388883202732893,2.5216832091366883,2.483185734588596,2.408461754831244,2.278758346692162,2.076111024906915,1.7874043892765168,1.4145187162038817,,,,0.9887321918868577
3600.0,2.549999972044007,2.5499999323202394,2.549999713707614,2.549998579326191,2.549993282917806,2.5499709071094276,2.549884980036256,2.5495719139009645,2.548527969906243,2.545481889254552,2.5375285911665437,2.5187743849556643,2.4777657279080403,2.399682422137736,2.2661974888879013,2.0602311041640764,1.7688809191638624,1.3964678880343184,,,,0.9853967156666906
3660.0,2.5499999582169375,2.549999901692188,2.5499995981034376,2.5499980678766883,2.5499911669417576,2.549962922700971,2.5498576542135214,2.549481746439427,2.548268759412294,2.544821417179426,2.536031397062407,2.515565070137726,2.4719647098652584,2.390401308778034,2.2530197576991693,2.0435833688478473,1.7493510885031367,1.3771638017219383,,,,0.982177572385209
3720.0,2.54999993825861,2.549999858685501,2.5499994412489353,2.549997396212063,2.54998847982687,2.549953095978082,2.5498249975525957,2.5493766640819016,2.5479750523660165,2.544091709472613,2.5344143482511545,2.5121674959852953,2.4659390148114335,2.380914214885189,2.2397278527111832,2.0260714160336235,1.7300561722869845,1.3581953320557847,,,,0.9789930681928308
3780.0,2.5499999097689856,2.549999798908238,2.54999923041525,2.549996521880783,2.5499850943262072,2.549941087042689,2.5497862132236184,2.549254919107967,2.5476438895110096,2.543288772827821,2.5326735932982496,2.508580771358583,2.4596931150291637,2.3712312198117895,2.2263339831187645,2.008640075303836,1.7109902569205924,1.3395430986265915,,,,0.9759472638257832
3840.0,2.549999869536798,2.5499997166342045,2.549998949586075,2.5499953933439405,2.549980861281881,2.5499265106028375,2.5497404268994077,2.549114660231822,2.54727224579564,2.542408686356225,2.530805559880906,2.504804389383989,2.453231324938313,2.3613608133623996,2.2128469417591754,1.9912921618211263,1.692150165838804,1.3212075676312314,,,,0.972881753924673
3900.0,2.5499998133107886,2.549999604469524,2.5499985787870645,2.549993948546439,2.5499756071585993,2.5499089328379188,2.5496866847944837,2.5489539355072686,2.5468570348992428,2.541447588908169,2.5288069053040823,2.5008382437205365,2.4465584937203206,2.3513127154583016,2.199278996358142,1.9740385100809732,1.6735449749731384,1.3031817815209703,,,,0.969814007475121
3960.0,2.5499997355204824,2.549999452955918,2.549998089564192,2.5499921133588113,2.549969131477009,2.5498878683396935,2.5496224204744897,2.54877069918317,2.5463951345643077,2.540401749722303,2.5265999397366476,2.4966830509198217,2.4396806281299757,2.3410978748430926,2.1851536089864827,1.956887376938309,1.6551738069215947,1.2854449633664882,,,,0.966800171806931
4020.0,2.5499996289391644,2.5499992501036766,2.5499974508237924,2.5499897999146275,2.54996120429038,2.549862777686543,2.5495467188428145,2.548562823837967,2.5458834160642634,2.5392676072057085,2.52420971847703,2.492340059389325,2.4326039084783053,2.330726424054393,2.17072754074506,1.9398442589950415,1.6370342693413762,1.2679885896984846,,,,0.9637213721900434
4080.0,2.549999484282493,2.5499989808493924,2.549996626279608,2.549986904868122,2.549951563732705,2.5498330653955277,2.5494590228991565,2.5483281092844896,2.54531875718712,2.5380417680713645,2.5216726588729226,2.4878110356480074,2.4253350907387214,2.3202094807785727,2.1562787644998744,1.9229201071892426,1.6191320796412738,1.250796699547846,,,,0.9605843146433711
4140.0,2.549999289735937,2.549998626432679,2.5499955702353847,2.549983307575765,2.5499399136317615,2.5497980782703777,2.5493579777330257,2.5480642956581483,2.5446980738831457,2.536721077089598,2.518987399337017,2.4830985953843707,2.4178819385958343,2.3095589078025536,2.1418194178142507,1.9061199775143947,1.6014559351049904,1.2338349982695986,,,,0.9576194558697408
4200.0,2.549999030404754,2.549998163688212,2.549994227971066,2.5499788682517956,2.549925921376644,2.549757104743581,2.5492421543572092,2.547769080030442,2.5440183453001888,2.5353026120224453,2.516152943537441,2.4782053353448696,2.4102507140928715,2.2987818114906826,2.1273516014477507,1.8894340826369032,1.5839826323794908,1.2165212648932215,,,,0.95466299266584
4260.0,2.5499986876828493,2.5499975642526165,2.5499925344802166,2.5499734261089424,2.5499092158880154,2.5497093739773233,2.5491100515021885,2.5474401133869353,2.543276572585073,2.5337835251628253,2.5131682811703,2.473133420800196,2.4024469273064017,2.2874942224240056,2.112882971003393,1.8728684524754986,1.566718716853273,1.1993643626579011,,,,0.9517520356335359
4320.0,2.5499982385318396,2.5499967936759083,2.5499904131010953,2.5499667973770017,2.5498893853232114,2.549654054092606,2.5489600957696057,2.547075003267943,2.5424697961031577,2.5321611426963115,2.510032779577207,2.467885601942885,2.394476815346044,2.2759238090363514,2.0984177290593804,1.8564171301962213,1.5496453468626847,1.1824650104045213,,,,0.9490333575271461
4380.0,2.5499976546608174,2.549995810428979,2.549987774044343,2.549958773291362,2.549865975080273,2.5495902518666034,2.548790646719454,2.546671326470849,2.541595107087254,2.530392690729931,2.5067458505132794,2.4624640794766135,2.3863447603128147,2.2642564712650146,2.0839561690292503,1.8400757932884773,1.5327627397257904,1.1658474105569303,,,,0.9461872302248638
4440.0,2.5499969016059123,2.549994564811686,2.549984512836322,2.54994911805513,2.549838485758967,2.5495170115232906,2.5485999963612853,2.5462266216367198,2.540649618622721,2.5284717366506464,2.5033071079772125,2.4568716859413087,2.378057495663186,2.252503777472923,2.06951460796451,1.8238673820323386,1.5156765615578573,1.1494556647022363,,,,0.9432376125014843
4500.0,2.54999593769917,2.5499929977484017,2.5499805086528697,2.549937566734169,2.549806371282887,2.5494333151041535,2.548386378658073,2.5457384288217573,2.5396306012109253,2.526434320681247,2.4997172931082168,2.4511133107428806,2.3696245747754836,2.2406787743884853,2.055103792907048,1.8077934134776552,1.4985601875121857,1.133261931549202,,,,0.9403881037485515
4560.0,2.549994712937788,2.5499910395016894,2.5499756226700763,2.5499238235911736,2.5497690388372556,2.549338088255593,2.548147990771553,2.5452043344049238,2.538535529949804,2.5242789805318817,2.4959774792338907,2.4451933130650256,2.3610526840813444,2.2287874184093526,2.0407231988183008,1.7918434382990773,1.48165179214546,1.1172920244749187,,,,0.9376142671998062
4620.0,2.5499931677877394,2.5499886083534875,2.5499696965028655,2.549907560727409,2.5497258489311383,2.549230202922593,2.547882995034876,2.544621946856642,2.537361965619406,2.5220043256155584,2.492088484130379,2.4391151319829816,2.351927115445093,2.216834604729325,2.0263743550258706,1.776014259669857,1.4649439325618068,1.1015478033782011,,,,0.9349271524007059
4680.0,2.549991231897966,2.549985609203883,2.5499625505560117,2.54988841643897,2.54967611422464,2.54910847629012,2.5475895146446548,2.5439888806990467,2.5361075283324874,2.519609050116063,2.4880510971734786,2.4328819335033605,2.342673549181502,2.2048238427483313,2.0120561283136302,1.7602985670303732,1.4484289100788506,1.086047286979443,,,,0.9323057263219965
4740.0,2.549988822695363,2.5499819320505637,2.5499539822519024,2.54986599343578,2.5496190983073825,2.5489683845557303,2.547265634158615,2.5433027543719904,2.534769889000757,2.5170919161317764,2.483866090349628,2.4264968257250303,2.3332991475859823,2.192760993570039,1.9977740230760854,1.7441100643402063,1.4321161475533992,1.0707686923725617,,,,0.9297127062638321
4800.0,2.5499858438662093,2.5499774503637016,2.54994376418548,2.5498398570660616,2.54955401470368,2.5488109323716857,2.5469094051538663,2.5425612090496035,2.533346832549358,2.5144519464861856,2.4795346771060776,2.4199635916714213,2.3238100899456344,2.1806517652419286,1.9835305007530217,1.7280060285917054,1.4159997567269769,1.055695051986837,,,,0.9270853248552164
4860.0,2.5499821837451266,2.5499720193948083,2.549931642320068,2.549809533909957,2.5494800271481717,2.54863500938676,2.5465188586885423,2.541761930583488,2.531836278308486,2.5116883856354626,2.4750582775819736,2.4132861315232095,2.3142127381571056,2.1685031664790198,1.969332735036924,1.7120533685758628,1.4000889263239158,1.0407812334915265,,,,0.9243814323931056
4920.0,2.549977713650117,2.5499654744697655,2.5499173342896624,2.5497745106907073,2.549396250306397,2.54843916874139,2.546092015545348,2.5409026698642263,2.530186964462458,2.5088008597644555,2.4704389797549324,2.406469505391792,2.3045152875952604,2.1563244253450793,1.9551887504141041,1.696254628575085,1.3843698540826224,1.0260350426741907,,,,0.9217964827107598
4980.0,2.549972286182088,2.549957629291212,2.549900527869754,2.5497342337605478,2.549301752111554,2.54822192732653,2.5456269077396225,2.5399812831983137,2.528431172933493,2.5057893566145184,2.465679128589987,2.3993906821252002,2.294723534084268,2.1441188035417866,1.941096212577227,1.6805998924523537,1.3688314880683787,1.0114752064182446,,,,0.9191083865740493
5040.0,2.5499657335546946,2.5499482743335675,2.5498808797287125,2.549688109108807,2.549195556274218,2.5479817712339563,2.5451215789114423,2.5389957000495817,2.526578439051258,2.502653930672644,2.4607809905138898,2.3920012084573257,2.2848449446554593,2.131896339397483,1.9267082059454887,1.665108401231833,1.3534943303125633,0.9969567337521399,,,,0.916305330654453
5100.0,2.5499578659059594,2.5499371752301934,2.5498580141442604,2.5496355020370762,2.5490766436845753,2.547717160408994,2.5445740976619753,2.5379439738701937,2.524627604057497,2.4993952861169646,2.455748066078532,2.384488513295641,2.274889132460352,2.119666570502196,1.9121851126253278,1.6497729013384148,1.338325918776145,0.982281558863182,,,,0.9135626055207455
5160.0,2.549948469645243,2.5499240712738414,2.549831522169146,2.549575738410155,2.5489439587166483,2.5474265463070687,2.5439825941536425,2.5368243340230703,2.5225778246707002,2.4960144291212276,2.4505837097952057,2.37685830988064,2.2648615129727796,2.1074312784546767,1.8977470601393456,1.6345748109304976,1.3232967514579679,0.9678409470881534,,,,0.9110041434403539
5220.0,2.5499373060337702,2.5499086742448056,2.54980096134061,2.5495081063026404,2.5487964132684118,2.5471083746596426,2.5433452409477275,2.535635090511963,2.5204282884323295,2.492512052240015,2.445290143399223,2.369113687819353,2.2547630021690206,2.0951861903654194,1.883381798827728,1.6194958007683842,1.3084060412787855,0.9536213653793232,,,,0.9084576804966339
5280.0,2.549924109719548,2.5498906671087846,2.5497658548009756,2.5494318553399276,2.5486328838782217,2.546761071706832,2.5426602073782307,2.534374527479019,2.5181780352559104,2.488888423448858,2.439868924871826,2.3612575212139695,2.2445969883125745,2.0829361030544145,1.8690977083719975,1.604553493478894,1.2936896764093582,0.9394532808002696,,,,0.9057733920082572
5340.0,2.549908586916528,2.5498697022276455,2.5497256895038483,2.549346194490111,2.5484522080660796,2.5463830396710008,2.541925668528846,2.5330409886647858,2.5158263085828145,2.4851443912787166,2.4343230807885092,2.3532957477648075,2.2343716863589638,2.0706905562426288,1.8549024319951155,1.5897506857925343,1.2790232516527709,0.925478154327688,,,,0.9032053157917955
5400.0,2.549890413560569,2.5498453996762933,2.5496799152104987,2.5492502932749987,2.548253191972268,2.54597268268086,2.5411398730213377,2.5316330147261166,2.5133727345806482,2.4812813272526966,2.428655999043363,2.34523353512827,2.2240916503310264,2.05813901907694,1.8407896262477217,1.575074208530133,1.2641060945574232,0.9115770763435134,,,,0.9005550888752918
5460.0,2.5498692398991696,2.5498173757252176,2.5496281276447172,2.5491438493055436,2.5480361225162373,2.5455333787297123,2.5403120147540013,2.5301714899650363,2.5108711828317243,2.477396035931333,2.4229010125372006,2.337370457175921,2.2141933695257867,2.0460980893226295,1.8276357524299038,1.5616163435825,1.2507231905829856,0.8994945481416038,,,,0.8980346365761044
5520.0,2.549844687321306,2.5497851803108897,2.5495695992833554,2.549025589100669,2.547798681288528,2.545059631368864,2.539431508779201,2.528636224376875,2.508273136224984,2.4734025551903374,2.41697526542983,2.329427882677636,2.2042604810127138,2.0340885378076994,1.8145643279144552,1.5482714214473934,1.237474942277872,,,,,0.8955028281634934
5580.0,2.549816340597046,2.549748340838627,2.549503688665844,2.5488946136201585,2.5475396721609775,2.544549987611744,2.53849692798455,2.526997234321093,2.5055786191866343,2.4693021318529453,2.410946071939632,2.3214087520014055,2.1942957798341083,2.022113424904244,1.8015814545779563,1.5350526737133294,1.224380192352137,,,,,0.8928646823601603
5640.0,2.5497837511600894,2.5497063508350415,2.549429719906537,2.54874999361177,2.547257881615759,2.544003002910759,2.53750688542627,2.525266818028242,2.5027878301249906,2.4650964430248306,2.404817053339308,2.313318110604778,2.18430511013705,2.010178039718264,1.788690261768542,1.5219593960658626,1.2114192239702308,,,,,0.8902558790510068
5700.0,2.549746436116504,2.5496586692486805,2.5493469829749227,2.5485907722053143,2.5469520869722255,2.54341726431989,2.5364600896820546,2.523457483172351,2.4999012610868427,2.460787518424015,2.3985920508784204,2.3051606674857688,2.174292835026875,1.9982845638945448,1.7758893467023404,1.5089625021946769,1.1985780060292033,,,,,0.8876915685273529
5760.0,2.549703878075649,2.549604720790162,2.5492547356286592,2.548415969738839,2.546621064985886,2.5427914005558683,2.535355342489601,2.5215686928800896,2.4969195086787876,2.456377300247627,2.392274317134152,2.2969396125311405,2.1642603895256762,1.9864305781063,1.7631717509587743,1.4956961195770615,1.1858592169034317,,,,,0.8851454489525553
5820.0,2.549655525300321,2.54954389647556,2.5491522049192628,2.548224585905343,2.5462635918382404,2.542124070613421,2.534191496664601,2.519599945285713,2.4938430933448243,2.451867462903394,2.385866713866338,2.288658248068663,2.1542113483100986,1.9746205994528838,1.7505450858207625,1.4825634773007716,1.1732753515107013,,,,,0.8824490472084237
5880.0,2.5496007913955196,2.549475553489211,2.5490385873422086,2.548015599600272,2.5458741091244104,2.5414139627606964,2.5329674731433918,2.5175508723566935,2.490672808335987,2.4472602908124608,2.3793734014239716,2.280322198161934,2.143891586393536,1.9628611882795821,1.738014109056083,1.4695638287160435,1.1608004508525338,,,,,0.8798195208712071
5940.0,2.5495390552552513,2.5493990155629036,2.5489130507300217,2.547787974478844,2.5454538784503074,2.5406598295133733,2.5316823341046026,2.515421358809739,2.487409810548491,2.442558457722224,2.3727986023777503,2.2719360234027746,2.1334952276636696,1.951150869976999,1.7255693824525764,1.456673708605657,1.1484131773570379,,,,,0.8773563502645508
6000.0,2.5494696625216595,2.549313575128236,2.548774738472216,2.547540666382826,2.545002881972458,2.5398604896187496,2.5303352413531144,2.5132113601621975,2.484055094018544,2.437763836398137,2.3661443327654794,2.263499713548438,2.1230947763186996,1.9394773422714982,1.713190552939939,1.4438691348032409,1.136138407547063,,,,,0.8750237838778249
6060.0,2.5493919267578846,2.5492184946022434,2.5486227703776096,2.54727262013281,2.5445199101552283,2.5390147660757516,2.5289253003146013,2.510920582723629,2.480609000164477,2.4328760592621537,2.35941108578606,2.2550127784197946,2.112689109543111,1.9278414658575298,1.700885221227994,1.4311740760955445,1.1240127007671101,,,,,0.8725730310016954
6120.0,2.5493051276038905,2.5491130038407865,2.5484562373688693,2.546982757418677,2.5440037349572227,2.538121455316327,2.527451568236748,2.508548691753814,2.47707200931529,2.427753647368902,2.3526016470182065,2.2464794752019897,2.1022845152866316,1.9162521005059365,1.6886652493178822,1.4186051869366056,1.112013356423308,,,,,0.8699757865273097
6180.0,2.5492085084595772,2.5489962978719074,2.5482742000956486,2.546669980281252,2.5434531310838855,2.5371794005933177,2.5259132397151287,2.5060956826166945,2.473445280112963,2.422542083698651,2.345720557416514,2.237905996574049,2.0918883307994025,1.9047163590959009,1.6761907559154656,1.406156448400937,1.1000954058865242,,,,,0.8675393011380323
6240.0,2.549101278637629,2.5488675402412775,2.548075696534972,2.546333188282081,2.542866911021179,2.536187551227251,2.524309716129603,2.503561878858227,2.4697303413864753,2.4172443125778877,2.3387713141756903,2.2292947549679916,2.081498897058757,1.8932250329787306,1.663775974761749,1.393798125626569,1.0882776332887887,,,,,0.8651313273873393
6300.0,2.5489826182316326,2.548725868801447,2.547859749999894,2.5459712875219287,2.542243925657458,2.5351449204777587,2.522640441153213,2.500947486143502,2.46592817482604,2.4118619618072246,2.3317552860388813,2.220646200989905,2.0711159437906095,1.8817794560031382,1.6514502229486168,1.3815481058401808,1.0765777631536642,,,,,0.8626792003441971
6360.0,2.54885167948509,2.5485703965130715,2.5476253671279037,2.5455831799320614,2.5415830342709915,2.5340505278360643,2.5209048409299935,2.498252675574459,2.462039830572788,2.406397188244492,2.3246755129241015,2.211964203286128,2.060744044869611,1.8703846405980584,1.6392177233188654,1.3694093733758301,1.06483656299758,,,,,0.8601126634479859
6420.0,2.5487075854780765,2.548400210027917,2.5473715367026344,2.5451677650717133,2.540883119574411,2.532903454825946,2.5191024667375936,2.4954778567293046,2.4580667684029773,2.4008527615064055,2.3175357763070767,2.20309283000028,2.050388118398907,1.8590457370737423,1.6270834119762787,1.3573841552072115,1.0529245856438496,,,,,0.8575283556793931
6480.0,2.5485494327817033,2.5482143732177813,2.547097236213378,2.544723953031979,2.5401431116025686,2.5317028824763708,2.5172330389020954,2.492623698916028,2.45401080357925,2.395231881737426,2.310340277930537,2.1940968388519666,2.040052536055835,1.8477658246177593,1.6150473659407767,1.3454652678718184,1.0410788580162724,,,,,0.8548727644168295
6540.0,2.5483762966662153,2.5480119332098936,2.5468014402890433,2.5442506764251513,2.5393620031134247,2.5304481050319643,2.5152731306616825,2.4896910730896282,2.449873923768567,2.3895377551873405,2.303092839944297,2.185084793100355,2.0297394207098565,1.836543869061402,1.6031017809286514,1.3336322794681772,1.0292963526734493,,,,,0.8524632616286129
6600.0,2.5481872364805795,2.547791926183874,2.5464831272869852,2.5437468963629146,2.538538849438516,2.5291385085788893,2.513229481791363,2.486680853587438,2.4456578383725875,2.3837726242768253,2.2957949600533123,2.1760556149530697,2.0194426412288893,1.8253667895501142,1.5912259504828101,1.321865967461042,1.0176356508271063,,,,,0.8499944703376981
6660.0,2.5479812983429495,2.5475533794265384,2.5461412782999227,2.5432115916724647,2.537672731324152,2.5277734731189523,2.5111169020657464,2.4835935197893244,2.4413634246544964,2.37793746050788,2.288447105927019,2.167009473335149,2.0091638414035415,1.8139444946646388,1.579436439869299,1.3102021292093533,1.0060611137608786,,,,,0.8474424501295585
6720.0,2.5477575107906536,2.547295305216453,2.5457748653461594,2.54264373692267,2.536762723440487,2.526352360023242,2.508935283655618,2.480429667025595,2.436992131868738,2.3720348955947723,2.2810532098248544,2.157951899214361,1.9989098921016124,1.802563333775761,1.5677364722279217,1.2986348884532903,0.9945493154596085,,,,,0.8449022927358125
6780.0,2.5475148827164595,2.547016699659133,2.5453828549039947,2.542042321213348,2.5358079531416142,2.5248746518457104,2.5066847610942813,2.477190306379312,2.432545972864379,2.3660679744688533,2.273616698001056,2.1488856306011566,1.9886810500000123,1.7912446495930576,1.5561154044242924,1.2870660164116035,0.983117254929591,,,,,0.8424492756247554
6840.0,2.5472524123467406,2.546716553266036,2.5449642230124185,2.54140636867223,2.5348076178456354,2.5233399300392345,2.504365559288223,2.4738764114727108,2.428008527770741,2.3600386663071315,2.2661389361843742,2.1398103686806524,1.9784744755937564,1.7799829528590771,1.544567533775886,1.2753352755796805,0.971777023063497,,,,,0.8399381592598401
6900.0,2.54696909257554,2.546393855417307,2.5445179556316266,2.540734926632544,2.533760944430574,2.521747782686942,2.501977837293811,2.470488757431737,2.423306446914698,2.3539486999106054,2.2586217601663825,2.130728180660213,1.9682930479736624,1.7687824944161648,1.533098528135675,1.2636926151219192,0.9605144670284507,,,,,0.8375665870639238
6960.0,2.5466639083690534,2.546047590720558,2.5440430421741516,2.540027056172336,2.5326671841099455,2.520097831585105,2.499521811251065,2.4670282411366613,2.418533218218072,2.347800092854501,2.2510668570338686,2.1216390173475004,1.9581327979817955,1.7576324854142342,1.521689802873802,1.2521166163432542,0.9493830709431884,,,,,0.8352385357136212
7020.0,2.5463358374665237,2.54567674008413,2.5435384779606216,2.539281836890418,2.53152561619522,2.5183897131350794,2.4969976384505976,2.4634954931157647,2.4136898150457897,2.3415935325438606,2.243474075236416,2.11254171987005,1.947992526124104,1.7465342256746879,1.5103499296009788,1.2406316918323064,0.938332455980066,,,,,0.8328534416794338
7080.0,2.545983848948825,2.545280277778427,2.5430032558335327,2.5384983465268114,2.530335507364986,2.516623020660305,2.4944053975287233,2.459891093848897,2.4087774030790876,2.335330627200015,2.235652649358303,2.1034390991900573,1.9378759457470405,1.73549221530948,1.499084861289299,1.229242378338603,0.9273387810769791,,,,,0.8304114338675992
7140.0,2.545606899344068,2.5448571678335257,2.5424363650846526,2.537675670242169,2.5290961523851885,2.514797416157699,2.491745323038591,2.4562159437064226,2.4037977179356598,2.329013844619267,2.227789618183944,2.0943349585935276,1.927787372373782,1.7245109212488117,1.4878989061440664,1.2179436200117701,0.9164009607135895,,,,,0.8280128265371927
7200.0,2.545203940352894,2.5444063736740525,2.5418368074150117,2.536812928573348,2.5278069197022783,2.512912690958616,2.489017856151092,2.452471231642691,2.398752814408795,2.322645805820641,2.2198993443748702,2.0852311021894545,1.917503285691772,1.713586105016116,1.4767830219658138,1.2067198246477067,0.9055322939308112,,,,,0.825579404471647
7260.0,2.544774313071181,2.5439284376773927,2.5412108849836157,2.5359267174616615,2.5265110360137464,2.5110494269598065,2.486388623791772,2.4489245572981977,2.394115979806597,2.3169157162631833,2.2130557765863585,2.077560836896566,1.9091991572753495,1.7051931419283357,1.4687257464010388,1.199263591676042,0.899005811683272,,,,,0.8231030419391497
7320.0,2.5443174671246385,2.543421869720858,2.540552321999093,2.535002127621852,2.5251700470988183,2.5091356939976293,2.483706345922243,2.445328173610888,2.3894394891269823,2.311163381038152,2.206213756181699,2.069916735495852,1.9009460686527424,1.6968664867042473,1.4606768321120023,1.191874811477748,0.8924643857516381,,,,,0.820477643579659
7380.0,2.5438325345244817,2.5428858382656587,2.539860398369813,2.5340386504296246,2.5237837788838373,2.5071717618310334,2.480971825223576,2.441683383398141,2.3847251100327616,2.305390927424431,2.1993759009265297,2.0623023688681688,1.8927492737550897,1.6886136325438164,1.4526441329494664,1.1845495656965022,0.8859053391453001,,,,,0.8179056682476247
7440.0,2.5433186673401766,2.542319535006168,2.5391344264725144,2.5330358249290987,2.522352131086839,2.5051580209703097,2.4781860753644693,2.437991849893277,2.3799751426458555,2.2996010142669543,2.192544679536294,2.054718867567301,1.8846067245601605,1.6804270724943764,1.444679962047102,1.1772675306212073,0.8793741819696743,,,,,0.8152609640361411
7500.0,2.542775049360013,2.541722187926144,2.538373767989148,2.531993258467636,2.5208750910091835,2.5030949504530144,2.4753501383190932,2.434255071341199,2.3751913109406146,2.293795123024741,2.1857209382700273,2.0471664070662623,1.8765185403868214,1.6723080981678144,1.4367864304926194,1.1700325373505962,0.8727651174318795,,,,,0.8127098871976451
7560.0,2.542200900623339,2.54109306372169,2.537577828593079,2.5309106043965834,2.51935268172701,2.500983034266197,2.472465012218172,2.4304744628515937,2.3703752674245604,2.287974721062103,2.17890535540657,2.039643905277349,1.8684803832904158,1.664247263213401,1.4289476798611205,1.162831567642968,0.8662274436505085,,,,,0.8101553244202135
7620.0,2.5415954724349974,2.540431461847523,2.5367460494785288,2.5297875502572453,2.517784945505812,2.498822730930916,2.4695315656123125,2.4266511084471842,2.365527996522467,2.282140207628383,2.172097427565308,2.0321501713060734,1.8604914608646634,1.6562464358797528,1.42117141666547,1.1556853174681654,0.8596741250653832,,,,,0.8075157764112197
7680.0,2.54095803910694,2.5397367042815073,2.535877890994613,2.528623791038565,2.516171906198625,2.4966144434525557,2.4665505929947726,2.422786099064072,2.360650821068095,2.2762930757583577,2.165298958534332,2.024687579578134,1.8525547352929335,1.6483086877479647,1.4134601804586857,1.1485891808555733,0.8531363989194618,,,,,0.804901434935566
7740.0,2.540287892122497,2.539008131005447,2.5349728343309423,2.527419048662227,2.5145136314965617,2.494358659373277,2.4635230584643653,2.418880828413335,2.355745496294221,2.2704352226720883,2.1585116734862146,2.017257125872487,1.8446694260843108,1.6404301178763323,1.4058051992429048,1.1415273044843957,0.8466766910018279,,,,,0.8023858687934163
7800.0,2.539584352401553,2.538245114148116,2.534030400772668,2.5261730970148615,2.512810254089233,2.4920559340500805,2.460449955556038,2.4149365799302367,2.3508133075909328,2.2645673604205774,2.1517349017053338,2.0098557763327314,1.8368291959657248,1.6326012871693747,1.398196269089267,1.134503015233491,0.8402378793057375,,,,,0.7997952635531462
7860.0,2.538846775863712,2.537447061252195,2.5330501459943338,2.524885734349894,2.51106189651274,2.4897067325612374,2.4573320347057797,2.410954173892785,2.3458548757439313,2.2586896335733835,2.144968372302249,2.0024835104626617,1.8290355657091804,1.6248268852002254,1.3906418178653717,1.1275230411946273,0.8338836009702156,,,,,0.7973497333568025
7920.0,2.538074537965082,2.5366133972779514,2.532031635639883,2.523556753303744,2.5092686528552473,2.4873114751987844,2.454170030325946,2.406934542062156,2.340871175696545,2.252802729677178,2.138211874363113,1.995138078710962,1.8212823297295462,1.6170950273159714,1.3831248862133387,1.120576013026983,0.8276012133625641,,,,,0.7948966134077805
7980.0,2.5372670281794614,2.5357435607182435,2.530974446967702,2.5221859522103234,2.5074306063990592,2.484870528922747,2.4509645153408295,2.4028782302613703,2.3358624179788405,2.246906198840635,2.1314643364832793,1.9878186794326411,1.8135712312869485,1.6094139860853045,1.3756653746854215,1.1136955769228103,0.8212675358443537,,,,,0.792335584089336
8040.0,2.5364236440371384,2.5348369955137384,2.529878154052379,2.5207731094662473,2.5055477981555994,2.482384210763087,2.447716086448474,2.398786090109068,2.330829820778583,2.24100185358246,2.1247285847595276,1.9805294587154054,1.8059073593292756,1.6017884645719394,1.3682648331084866,1.1068631584540798,0.8149750513979017,,,,,0.7898222879085665
8100.0,2.5355437930487716,2.5338931574097256,2.52874235071983,2.519318044172427,2.503620360891625,2.4798530274224704,2.4444256835009073,2.394659473489494,2.325775084043886,2.2350914716702626,2.1180059339806157,1.9732704363197437,1.7982884599360855,1.5942139102964321,1.3609172797228484,1.1000753647786952,0.8086855049924343,,,,,0.7872653905417335
8160.0,2.5346269233565915,2.5329115466272096,2.5275666865117765,2.5178206474501916,2.501648513507092,2.477277564506547,2.4410942601826786,2.3904995950137664,2.3206995547139972,2.229176387246025,2.111297771405103,1.9660434830354052,1.790717663738571,1.5866953069297973,1.353626829443241,1.0933271297205773,0.8024943674489037,,,,,0.7848221579004687
8220.0,2.5336725320066806,2.531891713462458,2.5263508638858365,2.51628086582431,2.4996325322291555,2.474658469759161,2.4377228496657612,2.3863077759769302,2.315604636390067,2.2232575823121046,2.1046036139765265,1.9588449420615783,1.7831856260816166,1.5792155835667079,1.3463687755541978,1.086602748362679,0.7963497767117957,,,,,0.7823770121652664
8280.0,2.532680164684929,2.530833257155974,2.5250946330934116,2.5146986832862352,2.49757269100175,2.4719962837248493,2.434312134054818,2.3820845412061935,2.310490282337387,2.217334043746923,2.0979215458529645,1.9516731325056782,1.7756937223890783,1.5717831513926537,1.3391623798765704,1.079933832156617,0.790252336356656,,,,,0.7799630480447772
8340.0,2.5316493888195644,2.5297357931254227,2.5237977420326794,2.5130740454579423,2.4954691713231543,2.4692914062979443,2.4308626920567145,2.3778305765390275,2.3053573075739004,2.2114067883242807,2.0912528802745554,1.9445295278504713,1.7682427924675874,1.5643970529100049,1.332005028914698,1.0733151698074666,0.7840596893748513,,,,,0.7774122454449686
8400.0,2.5305797754852515,2.5285989398362143,2.522459942018518,2.5114069081988104,2.4933221910678354,2.4665443311838677,2.4273752908791426,2.37354686388145,2.3002068957845534,2.2054772494377906,2.084599648326075,1.9374175455562057,1.7608389329480396,1.5570673523974148,1.324910034489436,1.0667467259461336,0.7779322089257241,,,,,0.7749203642132627
8460.0,2.5294709218291813,2.527422133253182,2.5210810217620985,2.509696256811339,2.491132065170421,2.463752724802437,2.423851010173976,2.369228321727673,2.295040990165594,2.1995363210837526,2.077963742275507,1.9303220100595244,1.7534784790607019,1.5497660053774351,1.3178566984541258,1.0601775876233341,,,,,,0.7724709281935978
8520.0,2.528322481878374,2.5262041918387057,2.519660843647562,2.5079379519905127,2.4888992141267963,2.460905170777941,2.4202908744640843,2.364849699019507,2.289860355873856,2.1935391328770826,2.071343624249882,1.9231787665192657,1.746157145019522,1.5424197058987967,1.3108422671623603,1.0535271444470684,,,,,,0.7701057789938288
8580.0,2.527134166873459,2.5249459004085133,2.5181993127573175,2.5061371513798845,2.4866240036502663,2.458017142317978,2.4166955646704245,2.360444520634796,2.284665143128016,2.1875420021754004,2.064737598291435,1.9160630195410977,1.738870484957942,1.5351118075651353,1.303862536447732,1.0469173414247976,,,,,,0.7677019386695229
8640.0,2.5259057053633756,2.523647032600427,2.51669632705099,2.504293933067079,2.4843067022311875,2.455089060922163,2.4130655172545614,2.35601308562842,2.279455337929766,2.1815446208761253,2.058145516308074,1.9089758190519426,1.731622690161346,1.5278516681767782,1.296934621674715,1.0403652023705945,,,,,,0.7652799707226947
8700.0,2.524636816245095,2.522307348581381,2.5151517609105527,2.502408340600865,2.4819475485145532,2.4521213717744166,2.409401366784553,2.3515562620875228,2.274232143501137,2.1755487365413675,2.051569902274627,1.9019204431639338,1.72441724866245,1.520641790014088,1.2900585431067657,1.033857782177714,,,,,,0.7627887540376159
8760.0,2.5233272283165444,2.520926622076403,2.5135655158563606,2.5004804758694887,2.479546901717636,2.4491147394003585,2.405704090671133,2.34707535060467,2.2689971243716656,2.169556091189235,2.045012518469009,1.8948984529130326,1.7172553447995424,1.5134828189477683,1.2832331014087537,1.0273845512821127,,,,,,0.760328572462313
8820.0,2.5219767253428365,2.519504686110184,2.5119375652548936,2.4985105326071735,2.4771052359456984,2.4460699577959524,2.401974777884967,2.3425716823194205,2.2637516863440905,2.163567924787458,2.0384740424759524,1.8879093820557233,1.7101346608194152,1.5063696794164325,1.2764484778514853,1.0209350678932725,,,,,,0.757879487141236
8880.0,2.520585161237689,2.5180414447520807,2.5102679543277913,2.4964987724240397,2.474623072244933,2.4429878119888135,2.398214383799203,2.3380462252982035,2.258496498675216,2.157584229524648,2.0319533617330747,1.880950672258625,1.7030512637152657,1.499297459330233,1.269699824001769,1.014514923287915,,,,,,0.7555047643173542
8940.0,2.5191524412616046,2.51653684951936,2.5085567616733964,2.494445460089947,2.4721008766037227,2.4398689383100662,2.3944235874817994,2.3334995423368476,2.253231794511721,2.1516047959483946,2.025449951758587,1.8740219777986507,1.6960060982773535,1.492269704950635,1.2629956772133557,1.0081421022792927,,,,,,0.7530126101606028
9000.0,2.5176784857519077,2.5149908621702646,2.5068040618333494,2.4923508343837826,2.469539067054954,2.4367139248216865,2.3906030921095445,2.3289324359309487,2.2479585100341035,2.1456308759283718,2.0189657171788493,1.8671261320178623,1.6890027542331552,1.4852891102330161,1.2563343112758372,1.001792152559982,,,,,,0.7507014329312878
9060.0,2.5161631952696677,2.513403289325168,2.5050094372588267,2.490213855019339,2.466935763215415,2.43351905778353,2.3867470290240425,2.32433493328074,2.2426622017760254,2.139640210118999,2.012469899480391,1.8602186517025265,1.681981889116485,1.4782760185593204,1.2496183093229056,0.9953789332264467,,,,,,0.7485236561786358
9120.0,2.5146065050808315,2.5117742347215546,2.503173422368614,2.4880359742743106,2.464293572450176,2.430289016585513,2.382862201813031,2.3197174779033363,2.2373565530364816,2.133652110280277,2.0059870461956635,1.8533338418829617,1.6749892637545272,1.471296184193743,1.2429402900680033,0.9890369547324763,,,,,,0.7461607453547069
9180.0,2.5130083664854572,2.5101036788251654,2.50129607061742,2.485817334330429,2.461612688543342,2.427023979016323,2.378948675503436,2.3150800373015463,2.232041686701488,2.127667550601687,1.999520248512023,1.8464784625028716,1.6680365318817167,1.4643658389050846,1.2363189220577957,0.9827398236184554,,,,,,0.7437766963629403
9240.0,2.5113686766411556,2.5083915483923067,2.4993773900796845,2.483558069527268,2.4588934101786455,2.423724470906962,2.375007293768039,2.310423933278682,2.226719541831062,2.121689042563968,1.993072013563913,1.839653502830125,1.6611207633501692,1.4574758729845778,1.2297367370687662,0.9764667417945383,,,,,,0.7414014739829008
9300.0,2.5096873709257492,2.5066378195647085,2.4974174718048476,2.4812584523290235,2.456136237267764,2.4203912434607813,2.3710390079220156,2.3057502047352743,2.221391017594323,2.1157171158361447,1.9866424561157807,1.8328590760894206,1.6542432717903959,1.4506302589890827,1.2231983637277613,0.9702223562124408,,,,,,0.7391278141898634
9360.0,2.5079644652276096,2.5048425486396897,2.495416483187851,2.4789188179275015,2.45334169944027,2.417025024183849,2.3670446892862587,2.301059790764027,2.2160569568783015,2.1097522241109417,1.980231073111908,1.8260926749370152,1.6473982280159392,1.443818461763909,1.216688521991779,0.9640103387815238,,,,,,0.7367933343364901
9420.0,2.5062000320653057,2.5030058457938407,2.4933746356281192,2.4765395234388854,2.4505103006396496,2.4136264201844186,2.363024910974947,2.2963530435071706,2.2107172583245225,2.1037937053932714,1.973836916301796,1.8193540139755189,1.6405878145861044,1.4370469236343322,1.2102192603031283,0.9578326887206555,,,,,,0.7345242439983031
9480.0,2.5043941604747144,2.501127831216036,2.4912921310086804,2.4741208849005374,2.4476424678995476,2.410195948217457,2.358980224243116,2.291630519600724,2.205372454515109,2.097842007369332,1.967460105848845,1.8126421452210248,1.633808681062833,1.430307883715818,1.2037775079937085,0.9516844352791127,,,,,,0.7323110498308001
9540.0,2.5025469390145387,2.499208623852826,2.4891691685357458,2.471663215092245,2.444738623279057,2.4067341021008954,2.354911080715223,2.2868924639205765,2.2000223374718777,2.091896213896412,1.961098904352123,1.8059547403337368,1.6270587863959431,1.4236011679321905,1.1973676820890944,0.9455785752997367,,,,,,0.7300995736805451
9600.0,2.5006584529913605,2.4972483347062044,2.4870059243782054,2.4691667753779893,2.4417990925035937,2.403241223728944,2.3508177431660466,2.2821389821683398,2.194666815962081,2.0859561223811043,1.9547532805639034,1.799292434066201,1.6203402000677076,1.4169315296264473,1.1909327918624055,0.939522865659003,,,,,,0.7277949325931319
9660.0,2.4987287636774083,2.495247048279655,2.4848025430376603,2.466631794374977,2.4388241871896943,2.399717705369435,2.346700680083725,2.2773706907181532,2.189306837530513,2.0800234013597394,1.9484262272737636,1.792660212331345,1.6136601940933597,1.4103074675579033,1.1845096624255695,0.9334898051627525,,,,,,0.7255889420384681
9720.0,2.49675793918417,2.493204861957878,2.48255920316953,2.4640585814298115,2.435814388986018,2.396164253119203,2.3425608597218357,2.272588839917842,2.1839438089706182,2.0740991509655373,1.9421175062615812,1.786054593997247,1.607009833282472,1.4037131388520923,1.1781129018458922,0.9274862586015922,,,,,,0.7232890323079165
9780.0,2.4947461221905627,2.4911219522357504,2.4802761721673674,2.461447536727748,2.432770232103431,2.392581488574943,2.338398846224861,2.2677937243718196,2.1785775236787783,2.06818265816722,1.9358265279703337,1.7794769452617105,1.60033966448725,1.3971641069927723,1.1717691936974706,0.9215195395854721,,,,,,0.7209592679184744
9840.0,2.4926934958233398,2.4889985280881746,2.477953726334858,2.458799033392241,2.429692193864115,2.3889700097649604,2.3342153980735523,2.2629864137360065,2.1732096320494843,2.0622765150270643,1.9295570141779568,1.7729315698873238,1.593679996760077,1.3906581299196763,1.165463968571979,0.9155628480277316,,,,,,0.7187242288676399
9900.0,2.4906002785334063,2.486834840927021,2.475592209041666,2.4561135630860575,2.4265809574463666,2.3853307276267963,2.330011635842715,2.2581681355840617,2.167841160658395,2.0563809030038103,1.9233073109423193,1.7664136195389912,1.587051832978525,1.3841815939503246,1.1591807526548321,0.909631115551238,,,,,,0.7164752710060001
9960.0,2.4884667758827703,2.4846312285447625,2.4731920421045372,2.4533916632970922,2.4234371576218683,2.381664298574327,2.3257880586489206,2.253338977278851,2.162471495553251,2.0504943367740434,1.9170752756388192,1.7599211431935937,1.580454819222966,1.3777371257901994,1.152926853199763,0.9037283459022962,,,,,,0.7143558179177529
10020.0,2.486293302601053,2.4823880248796373,2.4707536044871,2.4506337636859086,2.420261238438404,2.3779711192208897,2.321544916424256,2.248498952974199,2.1571003319895383,2.0446160863340843,1.9108256890284754,1.7534516154901725,1.5738843602782513,1.371317150106672,1.1466938014103203,0.8978663084089263,,,,,,0.7122201592660344
10080.0,2.484080121096612,2.480105506355169,2.468277203630524,2.4478402021093717,2.417053527175758,2.3742514344242065,2.317282245674411,2.2436477463701068,2.151726868844082,2.0387448518278455,1.9045552427036871,1.747004210510885,1.5673418856368995,1.3649281959495523,1.1404986281885083,0.8920541414419447,,,,,,0.7100462791991805
10140.0,2.481827425633732,2.4777838764842666,2.465763061494639,2.4450112157073938,2.4138142474716027,2.3705054296766854,2.313000186089076,2.2387855473214473,2.146351594618371,2.0328819128125004,1.898303353601477,1.7405837007032778,1.5608341662222673,1.3585778660960326,1.1343453418407583,0.8862664679531819,,,,,,0.7079280018156742
10200.0,2.479535367663331,2.4754233027720995,2.4632113888748735,2.442147087092166,2.4105437790302515,2.3667336261082297,2.30869944355163,2.2339132827769865,2.140975580809666,2.027028115961894,1.8920698143854837,1.7341873629342395,1.5543543483237638,1.352254822446704,1.1282194075943275,0.8805142126636861,,,,,,0.7057463889470332
10260.0,2.4772041481249367,2.473024008684217,2.4606224680726076,2.439248183317367,2.407242567705948,2.3629365105163505,2.304380444960013,2.2290311873070006,2.1355987686679425,2.021183239353079,1.8858548720610004,1.7278174843649747,1.5479091002702865,1.345972525591864,1.1221403087629003,0.874785345221915,,,,,,0.7035220794427648
10320.0,2.4748340051603663,2.470586249853953,2.457996599616157,2.4363148719903727,2.403911057487352,2.3591146284501043,2.3000438821970897,2.224140212491763,2.130222508913827,2.015349099291564,1.8796605365215684,1.7214753123934274,1.5414971369402408,1.3397248125046033,1.1160933024657822,0.8690722666957755,,,,,,0.7013529947484773
10380.0,2.472425222539009,2.4681103338253303,2.4553341555216943,2.4333476267854843,2.4005498426479237,2.3552687006462865,2.2956905604794366,2.2192411579413402,2.1248336158495413,2.009525975763876,1.873486604816702,1.7151602883203456,1.5351178699957568,1.333510960889478,1.1100751723423672,0.8633770999631794,,,,,,0.6992413224751841
10440.0,2.469978155823637,2.465596638175596,2.4526355700973763,2.430346963077794,2.3971595147080262,2.3513993663326067,2.2913210852226196,2.2143344565597474,2.119410255434287,2.0037130553044613,1.8673307872458051,1.7088678346246584,1.5287637684615132,1.3273207781371714,1.1040781739459322,0.8577212859751213,,,,,,0.697074730457712
10500.0,2.4674931884476794,2.4630455604121972,2.449901271794628,2.42731333893859,2.3937405169670556,2.3475069722707285,2.286935577542304,2.209419889585205,2.113988040500155,1.997909867623978,1.8611937532906733,1.7026018816854205,1.5224448413627045,1.3211728992738332,1.098130891538345,0.8520580002476694,,,,,,0.6948132425689546
10560.0,2.464970659843967,2.4604574481394756,2.4471316269012657,2.4242471489908834,2.3902932802417602,2.343592034161948,2.282534748244803,2.2044986066971197,2.1085688847885695,1.992119407397785,1.8550794967886903,1.6963664446240427,1.5161626159787343,1.3150624257458168,1.09221437848309,0.8462733165894925,,,,,,0.6926968465363058
10620.0,2.4624109318747514,2.457832686890869,2.444327087715962,2.4211489598485816,2.3868185264706954,2.3396554664209854,2.278119686068844,2.199571743913663,2.10315363242838,1.9863415418912023,1.8489858746475503,1.6901560789462267,1.5099070558161514,1.3089739969193637,1.0863080380628503,0.8405185748227731,,,,,,0.6906913475401976
10680.0,2.459814473025005,2.4551717664340473,2.4414881958173664,2.418019375835645,2.383316882097402,2.3356978100130807,2.2736906282878553,2.194638881082832,2.0977407445307463,1.9805731032493992,1.8429077191764067,1.683963717398681,1.5036700424105414,1.3029004359323073,1.0804142836030615,0.834826019070094,,,,,,0.6887607184109967
10740.0,2.4571817287850157,2.452475130906211,2.438615378261815,2.4148587646237485,2.3797885590368666,2.33171897959738,2.269247013630983,2.189698830082024,2.0923283951333675,1.9748119586596047,1.8368433874352388,1.677789649961591,1.4974556569666075,1.296851806989048,1.0745551541767717,0.8291909701229737,,,,,,0.6867449496486266
10800.0,2.4545129735555555,2.4497430423558777,2.4357088544975083,2.4116672663899337,2.3762335697392336,2.3277188377152487,2.26478858402597,2.18475136975245,2.0869166931207213,1.9690590044041507,1.830794991167555,1.671637394273668,1.4912683748961943,1.2908169400453604,1.0687336042887992,0.8235768827088169,,,,,,0.6847122945260111
10860.0,2.4518080678353655,2.446974193829384,2.432764501927233,2.408434698288291,2.3726343205699756,2.3236668241067244,2.2602709889215022,2.1797298005699957,2.0814105210842944,1.9631921892410265,1.8246007383135743,1.6653090743088073,1.4848600290653557,1.2844424131133776,1.0625938235526362,0.8175616570893187,,,,,,0.6827215409364418
10920.0,2.4490668737903105,2.444169585312465,2.429786065397892,2.4051707461525047,2.3690077861609042,2.3195927633101068,2.255737776872114,2.174700022680902,2.07590424768631,1.9573327710429511,1.818421483669363,1.6590012433943169,1.4784775116235664,1.2780991815878078,1.056490375068707,0.8115790521370333,,,,,,0.6806716711972761
10980.0,2.4462895878520547,2.4413294235497816,2.4267737766430852,2.4018756790714924,2.365354271556821,2.3154970014467007,2.251174722086008,2.169662546381224,2.0703986387449356,1.951482067528586,1.8122595405323034,1.6527178164045127,1.4721269925969642,1.2717956066054588,1.0504309725971188,0.805611113071874,,,,,,0.6785970226242498
11040.0,2.443476453062585,2.438453966063698,2.423727933202574,2.398549867099375,2.3616742541214633,2.3113801865291603,2.246577158755745,2.164618642243961,2.0648954442072855,1.9456423411217505,1.8061174649690988,1.646461041186804,1.4658090837538627,1.26552810854572,1.0444017785981563,0.7996596264464728,,,,,,0.6766193291706305
11100.0,2.440627824925677,2.435543592284242,2.420648980855633,2.395193867277493,2.3579684339463594,2.3072431817086927,2.241966347880734,2.159569281786214,2.059395298519699,1.9398133102108008,1.7999931815036632,1.640226098991611,1.459515416285139,1.2592844549241091,1.0383897531377435,0.7937462113672753,,,,,,0.6746305204489714
11160.0,2.437744182216735,2.432598797479299,2.417537453210504,2.3918082568474617,2.3542373927741136,2.30308648330124,2.237342541582844,2.154514247735691,2.0538973179105167,1.9339934061629624,1.79388483430097,1.633997552780452,1.4532476384445487,1.2530709756769212,1.0324108666537557,0.7878598647735718,,,,,,0.6726262864580682
11220.0,2.434825991435231,2.429620048294543,2.4143938096304023,2.3883934715574147,2.3504815061044586,2.2989103776941526,2.232705935308627,2.149453731478069,2.048401915459729,1.9281836748206214,1.7877946375255347,1.6277311023997472,1.4470114196829107,1.246894663270094,1.0264717796916103,0.7819741479507885,,,,,,0.6704973584407531
11280.0,2.4318736608513833,2.426607758435722,2.4112184776508725,2.384949968723311,2.3467012808745444,2.294715474163408,2.2280573198309397,2.1443888247871072,2.04291061018957,1.9223861353956848,1.7817249712191663,1.6214926216270178,1.4408074282102417,1.2407522588720576,1.0205580970784855,0.7760983931919017,,,,,,0.6685632826636807
11340.0,2.4288876492537046,2.4235624045618005,2.4080119827815523,2.3814783567457956,2.342897430098562,2.290502601285137,2.2233975949475795,2.13932033658154,2.0374237627497314,1.9166000550837443,1.7756729887307907,1.6152759884341124,1.4346254493561565,1.2346298884800693,1.0146573627720712,0.7702845339101331,,,,,,0.6665961470517177
11400.0,2.4258685017772703,2.4204845420101906,2.4047748998645746,2.377979220898013,2.3390704943525553,2.2862721479092687,2.2187268320270985,2.134247825780527,2.0319403238799434,1.9108239891215342,1.7696376341917748,1.6090819687028388,1.428469934509824,1.2285364816715865,1.0087854102574831,0.7644923848544684,,,,,,0.6647057994253597
11460.0,2.4228167123236113,2.417374659407624,2.4015076960861217,2.3744529860256174,2.3352208220548043,2.2820243639963222,2.2140451759339004,2.1291713480978123,2.0264602438231294,1.9050576161805899,1.7636177263765156,1.6029074404710528,1.422334413714395,1.222462201418791,1.002933509532256,0.7587457667865148,,,,,,0.6627426499171414
11520.0,2.419732692612457,2.4142331647734303,2.398210762835878,2.3709000072911235,2.3313486893557553,2.277759388011489,2.2093525519838972,2.124090564184238,2.0209830041311485,1.899300667831164,1.7576143353282732,1.5967566827457755,1.416229034728311,1.2164257605548374,0.9971285231534932,0.752983964506254,,,,,,0.6607100955112334
11580.0,2.416616780590597,2.411060392742466,2.394884423904397,2.36732060026101,2.327454419791347,2.2734776259697336,2.2046495959131103,2.119006597041856,2.0155105294171185,1.8935560784388321,1.7516311067818906,1.5906327715230402,1.4101535547159543,1.2104194070581622,0.9913083114989418,0.7472340230817618,,,,,,0.6587834410879605
11640.0,2.4134693515619436,2.4078567350877753,2.391529118031425,2.3637152895939253,2.3235386557888824,2.269179856804967,2.19993716681215,2.1139201709098296,2.010042929584547,1.887822549440751,1.7456641814966936,1.5845282735711037,1.4040969553443785,1.2044304374034598,0.9854240600525466,0.741532896432109,,,,,,0.6568262273650477
11700.0,2.4102908917384913,2.404622684892844,2.388145347751063,2.3600845697913884,2.3196018198872657,2.264866315930993,2.1952151550721117,2.108830691487448,2.004579172080747,1.8820595287749684,1.7397139066026388,1.5784470151563137,1.3980693304382572,1.1984769083218794,0.9795805619856676,0.7358197713141834,,,,,,0.6548165795042793
11760.0,2.407081831944081,2.4013586656830888,2.3847335128458838,2.3564288067026244,2.315644242842012,2.2605373514036406,2.1904840508241294,2.1037390221733028,1.999120778023423,1.876288503398664,1.733783093024168,1.572391002070119,1.392069295615757,1.1925502294379402,0.9737553768229766,0.7301444371221264,,,,,,0.6529445960882982
11820.0,2.403842593772087,2.3980651090812724,2.3812940727368415,2.3527485120356824,2.311666504756917,2.2561936156801314,2.185744519107096,2.098645656418841,1.9936676796723942,1.8705293194883699,1.7278684685862242,1.5663541351111123,1.3860875744828807,1.1866383870099217,0.9679392244585693,0.7245520079047151,,,,,,0.651174518576211
11880.0,2.4005736633223482,2.3947425031751055,2.3778275118157843,2.3490441428373274,2.3076689685507072,2.2518352562477664,2.180996306773604,2.0935497029065107,1.988218119141691,1.8647792682898026,1.7219666878173032,1.5603333482808084,1.38012325105993,1.1807460520481214,0.9621541209156592,0.7189895792884788,,,,,,0.6492733147653296
11940.0,2.3972754322069783,2.3913912212586004,2.3743341436980088,2.3453159032634763,2.3036516649550767,2.2474620818157724,2.1762390092967197,2.0884506984571996,1.98277199653474,1.8590393832038605,1.7160811479168152,1.5543357637488286,1.3741881712579764,1.1748900718807078,0.9564150365329055,0.7133989508571938,,,,,,0.6473560764095719
12000.0,2.39394814726381,2.38801150280728,2.370814189868021,2.3415640081706206,2.2996148432856733,2.243074489568492,2.1714733474957586,2.0833499135884472,1.977331297185217,1.8533122437213916,1.7102142710075707,1.5483619228677845,1.3682783822651086,1.1690588907867687,0.9506930137875598,0.7078399705791385,,,,,,0.6455133917760004
12060.0,2.390592123026388,2.3846036786545417,2.3672680266971056,2.337788913447249,2.295541959990452,2.238673121592417,2.1666999520672228,2.07824771798389,1.9718956529873615,1.8475960624612864,1.7043620559058974,1.5424050039574495,1.3623179030155186,1.163241388513925,0.9449808686304189,0.702365125312155,,,,,,0.6438035355449212
12120.0,2.3872077822288946,2.3811681720788447,2.363696068830037,2.333990995229598,2.2914476086048463,2.2342579961982265,2.1619184098855664,2.073143052258654,1.9664631908769077,1.8418881876079913,1.6985215482549783,1.5364628601299666,1.3563642162208305,1.1574436064293736,0.9393004280282364,0.6969171529281583,,,,,,0.6419643634564655
12180.0,2.3837954436886255,2.377705280770216,2.360098547540001,2.3301703676899566,2.2873344178055137,2.2298288406158404,2.1571282637229197,2.068035439290743,1.9610338186250789,1.836189605211488,1.6926958635995464,1.5305419654518189,1.350438732553769,1.151681514806166,0.9336669168126442,0.6914193168562773,,,,,,0.6400375636880946
12240.0,2.3803552809579394,2.374215170025247,2.3564756082171643,2.3263271679619484,2.283202563852258,2.2253859850577222,2.1523302018518176,2.0629262159113115,1.9556098652283258,1.8305038834267928,1.6868897840645272,1.5246477409588641,1.344546298464435,1.145957360931721,0.9280668549360854,0.6858622658896288,,,,,,0.638108838498226
12300.0,2.376887554603876,2.3706981221402255,2.352827598626345,2.322461872754325,2.2790527315667295,2.2209304153824125,2.1475255950982945,2.057817158369159,1.9501933951294537,1.8248330449651489,1.6811046952851258,1.5187800507674971,1.3386842492851219,1.1402637925852883,0.9224839955393624,0.6802768431209801,,,,,,0.6362454122783275
12360.0,2.373392780993551,2.3671546811110757,2.3491551376229536,2.3185752202270167,2.2748858012415845,2.2164631313082386,2.142715475023179,2.0527091341628205,1.9447847652549544,1.8191764672581017,1.6753384719620477,1.5129348256172406,1.332846451244256,1.1345922165211537,0.9169145549848122,0.674719546396463,,,,,,0.6343676481740401
12420.0,2.3698716461941025,2.3635855416657496,2.345458935797368,2.3146679279532805,2.270702454142394,2.211984682451409,2.1379001281165286,2.047602009999988,1.9393832886724522,1.8135328965325879,1.6695895040837576,1.5071104945366256,1.3270315523655967,1.1289408586547331,0.9113583909715852,0.669202430151017,,,,,,0.632569427661928
12480.0,2.3663248100542416,2.359991354013262,2.3417396093452263,2.3107405452772753,2.266503122481412,2.207495309090356,2.133079515083201,2.042473692774085,1.9339879575313885,1.8079004936129535,1.6638547913028452,1.5013025237229958,1.3212333828485177,1.1233035924272972,0.9058191497095383,0.6637351738508614,,,,,,0.630768279039325
12540.0,2.3627528029636053,2.356372629485406,2.337997608634105,2.306793410110591,2.2622879633283417,2.2029949018429393,2.12825319627512,2.037324448475986,1.928597899888872,1.8022788363656435,1.6581354335914933,1.4955150574613008,1.3154604438513353,1.1176940882790718,0.9003125653578812,0.658258979990072,,,,,,0.6289495837063381
12600.0,2.359155980315708,2.3527297063391592,2.334233223851669,2.3028267477764084,2.2580571430957437,2.1984836167001562,2.1234214251348074,2.032175668032098,1.9232139130982693,1.7966688339359551,1.6524317284641281,1.4897461321569971,1.3097062693837447,1.1120998889398126,0.8948179137322215,0.6528993372992399,,,,,,0.6272784520902371
12660.0,2.355535376152935,2.349066396635179,2.3304568420634113,2.2988645544376225,2.253855059175827,2.1940279424728018,2.118685211918883,2.0271713910719478,1.9180209494556115,1.791313826680702,1.6470163116223706,1.4843653753916302,1.3044224928041652,1.107048791020883,0.8899811455269546,0.6483112785239926,,,,,,0.6255526712089933
12720.0,2.351892020409098,2.3453809865535846,2.326660239626292,2.2948850979514788,2.2496396361384075,2.1895636309281685,2.1139455176540993,2.022169003960159,1.912834777787369,1.785970402298013,1.6415914618546301,1.4790036825721176,1.2991611561526553,1.1020240493349667,0.8851815316153371,0.6436425782054298,,,,,,0.6237061349095109
12780.0,2.348226126680393,2.341673675554641,2.3228435767512843,2.2908884862537695,2.2454109369121857,2.1850907477274304,2.1092025280400954,2.017169007846752,1.90765650973305,1.780640590798261,1.6361856655071207,1.4736651025763072,1.2939263240219798,1.09699436885236,0.8804020948421136,0.6390369871507738,,,,,,0.6219603332574628
12840.0,2.344537915517014,2.337944689671173,2.319007097666592,2.2868750091871526,2.2411693358990457,2.180609794991795,2.104456890519957,2.0121721140356015,1.9024866197679198,1.7753239639283178,1.6307964983589627,1.4683437759716795,1.2887076387480394,1.091944316072026,0.8756294839612244,0.6345023800503228,,,,,,0.6202657393692469
12900.0,2.3408277281077083,2.3341943732579233,2.315151148764947,2.282844998553904,2.236915098362102,2.176120860934749,2.0997083458137102,2.0071775077578144,1.8973235853535395,1.7700183817324873,1.6254217875991746,1.463038921585274,1.2835077510715258,1.0869153650684191,0.8708846563266628,0.6300157568233813,,,,,,0.6186072056155338
12960.0,2.33709586873397,2.3304230122443816,2.3112759599318045,2.2787985880527466,2.2326482228430455,2.1716237872223307,2.0949566132091313,2.002184902340658,1.8921673513867616,1.7647243334888625,1.6200628970937896,1.4577530757977386,1.2783305148757789,1.0819134386643043,0.8661762769023954,0.6254035562974006,,,,,,0.6167833842992191
13020.0,2.333342542333646,2.326630801753137,2.3073817004240915,2.2747359193062384,2.2283688426730612,2.167118755675962,2.090202043178526,1.9971950135946646,1.8870193183573931,1.7594443487782185,1.614724039211534,1.4524926999525107,1.273184776639672,1.0769490241133406,0.8614998414413503,0.620774801443649,,,,,,0.6149496617854386
13080.0,2.3295680041865885,2.322818009113205,2.3034686764720407,2.2706573866151496,2.2240775155489,2.162606596909926,2.0854458744555275,1.9922095905396129,1.8818817142861892,1.754180766269018,1.609406747296358,1.4472567626388273,1.2680642455653748,1.0720061533517167,0.8568219899322763,0.6163041769520763,,,,,,0.6132754546054937
13140.0,2.3257727419820213,2.318985145903667,2.299537463941266,2.266563664372776,2.2197750174048165,2.1580881214075665,2.0806887580390536,1.9872287335489585,1.8767534288432786,1.7489303500593507,1.6041047209187194,1.442035399673978,1.2629562063085213,1.0670714522569014,0.8521528286150458,0.6118203672700631,,,,,,0.6115683664910168
13200.0,2.321957365911442,2.3151328111229335,2.2955886172551754,2.262455197285084,2.215461568796225,2.153563153858798,2.0759299369492674,1.9822510038155337,1.871632528882099,1.743691431470698,1.5988181228900809,1.4368330906989313,1.257872054929605,1.0621653146011514,0.8475207249622232,,,,,,,0.6097679329558577
13260.0,2.3181222825594676,2.311261381657206,2.2916224305129247,2.2583321587694862,2.211137220219143,2.149031691651676,2.0711695472542346,1.9772769890028323,1.866520450378976,1.738466564587095,1.5935504459590555,1.4316531997443076,1.252812697206074,1.0572836838840394,0.8429034424449193,,,,,,,0.608074933291604
13320.0,2.314267807410961,2.307371174770607,2.2876392297871746,2.2541949075076184,2.206802399419365,2.1444942690023985,2.0664082368602426,1.9723073655556325,1.8614176582868733,1.7332555479309293,1.5883002100943608,1.4264923032108652,1.247772340812338,1.0524183118538932,0.8382973496543858,,,,,,,0.6063811006996123
13380.0,2.3103943537746843,2.3034626066092483,2.2836394340957002,2.2500438554782183,2.202457476777648,2.1399511404373683,2.061646023407038,1.967341747693321,1.8563231792333819,1.7280566638727775,1.5830649138154151,1.4213472552181197,1.2427475074534602,1.047565985663147,0.833704973076023,,,,,,,0.6047860900956054
13440.0,2.3065023201480033,2.2995360600023957,2.2796233763632814,2.245879241470261,2.1981025367091696,2.1354021570676984,2.0568824382860025,1.962379267753903,1.8512357095065526,1.7228682159311965,1.5778426807766672,1.4162165369954909,1.2377382242444857,1.0427313420698756,0.8291440697817911,,,,,,,0.6030883577816236
13500.0,2.302591959326317,2.295591763686647,2.2755912153623323,2.241701110586004,2.1937374762689323,2.130847061828326,2.0521171408040026,1.9574197027936733,1.8461555676673194,1.717691781584707,1.5726372730548601,1.411106960754915,1.2327544518372915,1.0379261133243156,0.8246112820924136,,,,,,,0.6014488416934451
13560.0,2.2986634140702833,2.291629855096864,2.2715430792507223,2.2375096025579033,2.189362500983196,2.126286219626471,2.0473507725727167,1.952464026468715,1.8410839186102954,1.7125281340271634,1.5674479291021697,1.4060146543618517,1.227788104270497,1.0331388673839292,0.8200130568286441,,,,,,,0.5997264202759415
13620.0,2.294716930408922,2.2876505888445653,2.2674792435860267,2.233305021031295,2.184977930908019,2.121719927575965,2.0425835536947643,1.9475123686551186,1.8360209696659293,1.707378153057495,1.5622774051298856,1.4009360013244079,1.2228510970210895,1.028385957688286,0.8154262216652228,,,,,,,0.5979775068127756
13680.0,2.29075283882171,2.2836542999903915,2.2634000589206758,2.22908775964342,2.180584254242891,2.1171488555291598,2.0378164588515912,1.9425660930632194,1.8309683756794146,1.7022431806507616,1.5571253306704436,1.3958379452698042,1.2179319511608802,1.0236456695706195,0.8108351771314133,,,,,,,0.5963516494051112
13740.0,2.286771619995947,2.279641481732883,2.2593060484697123,2.2248583760701632,2.1761820291155405,2.112573457640339,2.0330496278746044,1.9376247111466927,1.8259246732932581,1.6971205903439968,1.5519882838613859,1.3907568375406678,1.2130309759219455,1.0189246381901913,0.8062699415416184,,,,,,,0.5946238453108283
13800.0,2.282773777502777,2.2756126207602048,2.255197645296647,2.2206172038091467,2.1717714382939213,2.107993730719933,2.028282911050731,1.9326881099020599,1.8208778507608891,1.6920118712590901,1.5468697837310714,1.3856989987258734,1.208157197942475,1.0142334678713916,0.8017284068270785,,,,,,,0.5928794256822977
13860.0,2.278759707803949,2.2715681069196743,2.251075225663097,2.2163646218066964,2.1673529132227154,2.1034102524817415,2.02351717319513,1.9277575683024313,1.8158180183771855,1.6869188944077413,1.5417710904592996,1.3806636744622407,1.2033057456094998,1.0095607316534911,0.7971893220778477,,,,,,,0.5911889658481868
13920.0,2.274729902283526,2.2675084441960958,2.246939327387319,2.212101221703178,2.162927100643534,2.098823683378624,2.0187529657775203,1.9228332842332883,1.8107688829533515,1.6818398301774824,1.536688509147173,1.375644802982902,1.198467920303463,1.0048947931643315,0.792651771348975,,,,,,,0.589640879899655
13980.0,2.270684934079516,2.2634341962163,2.242790478175063,2.207827446063839,2.1584942691124893,2.094233974151426,2.013989711410555,1.9179138941753135,1.80572802296159,1.6767710057247962,1.5316171413049142,1.3706367368798569,1.1936386380842372,1.0002349360627372,0.7881404235592071,,,,,,,0.588072384056363
14040.0,2.266625189771056,2.25934571049791,2.238628908941317,2.2035433187204174,2.1540541367301858,2.0896404464491853,2.0092263026805806,1.9129979701135442,1.8006940462436025,1.6717118318133857,1.526558339975562,1.3656440811598576,1.188826742115333,0.9955957341438948,0.7836620277497,,,,,,,0.5865250742438726
14100.0,2.262550742218918,2.2552430286733736,2.2344545784841117,2.1992486869318792,2.1496064519804294,2.085042821318027,2.004462578998815,1.9080856412050062,1.795667478894711,1.6666630984917317,1.5215125558195166,1.360665817698614,1.1840285989756028,0.9909714144833693,0.7792072009991937,,,,,,,0.5849894426672527
14160.0,2.2584615731236397,2.2511261274571157,2.230267450427613,2.194943499695764,2.145151148837044,2.0804394228713265,1.999698409201445,1.9031767021956336,1.7906480437878056,1.6616246077455412,1.5164801144056428,1.3557037199508921,1.179249201968027,0.9863721321071763,0.7747857616116091,,,,,,,0.5833870096256683
14220.0,2.2543576859220353,2.2469950072572478,2.226067517634022,2.1906277479492524,2.140688238682711,2.0758121028803838,1.9949340706427194,1.8982718089089161,1.7856370330064346,1.6565985750020553,1.5114642962333047,1.3507619474675394,1.1744928871479394,0.9817995769178869,0.7703814494244152,,,,,,,0.5818184786961709
14280.0,2.2502391760192006,2.2428497766394595,2.221854928799224,2.1863016621203704,2.1362180855914663,2.0711812799036227,1.99017033418673,1.8933718979644478,1.7806353404757504,1.6515854093800086,1.5064643714948114,1.345838100227354,1.1697557843197974,0.9772489270608022,0.7659973086056219,,,,,,,0.5801314850472702
14340.0,2.2461063330506468,2.2386907376835463,2.2176300172885886,2.1819656199429778,2.1317411092967498,2.066547399974721,1.9854076625993202,1.8884775073821378,1.7756438067783185,1.6465868159414645,1.5014839111519347,1.340938961428527,1.1650488365313185,0.97273318001016,0.7616259402140618,,,,,,,0.5784185021117996
14400.0,2.2419595728376667,2.2345183179049224,2.213393246941378,2.1776201648242974,2.1272580002472066,2.061911401414178,1.9806473723740166,1.8835904270563089,1.77066462225164,1.6416049049922297,1.496523732384302,1.336061938918382,1.1603627711267621,0.9682306710212678,0.757242331713522,,,,,,,0.5768627131278458
14460.0,2.2377998134598065,2.230334518549313,2.2091491661427103,2.1732749747670947,2.1227858515945957,2.057300100091193,1.975925844363417,1.8787606024681383,1.7657630987300807,1.6367183801502811,1.4916808285814425,1.3313247299637678,1.1557915614601586,0.9639102752608335,0.7530905270023216,,,,,,,0.5752870570197952
14520.0,2.2336280391116237,2.2261392481579314,2.204895136277562,2.168922232045535,2.1183092404115236,2.0526879013531123,1.9712070750969855,1.873937142386358,1.7608712262026116,1.6318440000646617,1.4868523617564182,1.3266039561573943,1.1512343805399685,0.9596062498470184,0.7489611001708852,,,,,,,0.5737151868820005
14580.0,2.22944468189138,2.2219329035131454,2.200631456803648,2.1645620890300963,2.11382815099518,2.048074645504096,1.9664908498201616,1.8691199181328706,1.7559891122606075,1.6269821995062683,1.4820390034158673,1.3219001467726794,1.1466947056072658,0.9553189793695275,0.7448497109540908,,,,,,,0.5721471027319748
14640.0,2.2252499974068636,2.21771572647609,2.1963583331139676,2.16019470240823,2.1093426918642084,2.0434604056909245,1.9617772282422619,1.8643089959117134,1.7511168390529384,1.622133079639141,1.4772408458387167,1.3172132910045675,1.1421724904557198,0.951048857007856,0.7407551178672477,,,,,,,0.5705838104075314
14700.0,2.2210442127825987,2.2134879385344317,2.192075970687852,2.15582025513178,2.104853019559157,2.0388453108174494,1.957066312899536,1.8595044534740093,1.7462544603004284,1.6172966762374903,1.4724578877916044,1.3125433055119247,1.1376677104499973,0.9467959241915567,0.7366767379607243,,,,,,,0.569025790406827
14760.0,2.2168275636979944,2.209249771029075,2.1877845879414526,2.1514389463466053,2.1003593081102614,2.0342295047854546,1.9523582140540736,1.8547063652169657,1.7414020135968493,1.6124729951558083,1.4676900860910649,1.3078900879274404,1.133180322399519,0.9425600872210612,0.7326142454366049,,,,,,,0.5674733056762349
14820.0,2.212600297455341,2.205001466805174,2.1834844143511534,2.1470509851080557,2.095861739233292,2.0296131356234266,1.9476530412433624,1.8499147992884635,1.7365595246147187,1.6076620237517223,1.4629373765433735,1.3032535329496462,1.1287102568995617,0.9383412086395503,0.7285674313823798,,,,,,,0.5659265166330157
14880.0,2.2083626697753846,2.200743276804074,2.1791756865793763,2.1426565860666753,2.091360497994469,2.0249963518984004,1.9429509014123074,1.845129818189494,1.7317270103627578,1.6028503241080052,1.4581996845789842,1.298633535348835,1.1242574226552524,0.9341391412951211,0.7245361452297477,,,,,,,0.5643855271099119
14940.0,2.2041149412859347,2.1964754566025926,2.1748586451820935,2.1382559665322503,2.0868557704927886,2.020379301332933,1.9382518987652084,1.8403514799634164,1.7269044816366754,1.598030303698253,1.4534769308217004,1.2940299898120753,1.1198217133468038,0.9299537404351786,0.7205202672842643,,,,,,,0.5628504051328357
15000.0,2.1998573748168884,2.192198263793493,2.1705335322343173,2.1338493445185542,2.0823477424957972,2.015762130188515,1.9335561349887649,1.8355798392053302,1.7220919447843965,1.5932231903096887,1.4487690339591102,1.2894427905889916,1.115403013594916,0.9257848674891483,0.7165196946196002,,,,,,,0.5613211938123508
15060.0,2.195590233512901,2.187911956169813,2.166200589715379,2.1294369374595763,2.077836598600069,2.0111449829562775,1.9288637094942265,1.8308149477917541,1.7172894029642176,1.5884289383593344,1.4440759121856614,1.2848718314881717,1.1110012033086532,0.9216323907086758,0.7125343333610139,,,,,,,0.5597979179340997
15120.0,2.1913137795679085,2.183616790511295,2.1618600584398955,2.1250189613754507,2.0733225217066056,2.00652800219061,1.9241747196063272,1.8260568553866292,1.712496857040716,1.5836475006861779,1.4393974839156118,1.2803170061446383,1.1066161605985243,0.9174961846659258,0.7085640943117999,,,,,,,0.5582805884018187
15180.0,2.1870282733935102,2.179313021788591,2.157512177361186,2.1205956303363753,2.0688056926938314,2.001911328418207,1.9194892606992087,1.8213056097928786,1.707714306221156,1.5788788293816585,1.434733668136441,1.2757782084007916,1.1022477636233312,0.9133283899374212,0.7046088904500024,,,,,,,0.5567692054358202
15240.0,2.1827339730801487,2.1750009026486357,2.1531571831235805,2.116167156122934,2.064286290217041,1.9972951000904777,1.914807426293758,1.8165612572016503,1.7029417485049445,1.5741228763024515,1.4300843845913294,1.2712553326914293,1.0978958917027042,0.9091640485545897,0.7006686355158168,,,,,,,0.5552637609566908
15300.0,2.1784311340530027,2.1706806830868324,2.1487953097795165,2.1117337480154306,2.0597644905893655,1.9926794535624386,1.9101293081298814,1.8118238423737827,1.698179180998695,1.5693795933798518,1.425449553882343,1.2667482743772898,1.0935604259449057,0.9050158558856183,0.6967432432477226,,,,,,,0.5537642403926101
15360.0,2.17412000885655,2.1663526102426176,2.144426788615235,2.1072956126677713,2.055240467715427,1.9880645230883702,1.9054549962233278,1.8070934087754966,1.6934266001356313,1.5646489328032553,1.4208290975365951,1.2622569300073592,1.0892412495642299,0.9008836986891449,0.6928326270055596,,,,,,,0.5522706240620616
15420.0,2.169800847023986,2.162016928276299,2.1400518480478556,2.1028529540365595,2.0507143930590384,1.9834504408284954,1.9007845789132505,1.8023699986823738,1.6886840018279003,1.559930847128055,1.4162229380536697,1.2577811975096347,1.0849382480053942,0.8967674664855786,0.6889366996217606,,,,,,,0.5507828882378811
15480.0,2.1654738950024095,2.1576738782992932,2.135670713569258,2.0984059733462153,2.0461864356329373,1.9788373368630754,1.8961181429041927,1.7976536532608522,1.683951381572606,1.5552252893393055,1.4116309989415914,1.2533209763189286,1.080651308952104,0.8926670510875472,0.6850553733835953,,,,,,,0.5493010059703054
15540.0,2.1611393961146486,2.1533236983394857,2.1312836077206394,2.0939548690774603,2.0416567620027144,1.9742253392116131,1.8914557733045898,1.792944412633534,1.6792287345264403,1.5505322128900407,1.4070532047439859,1.2488761674532523,1.0763803222695885,0.8885823462387368,0.6811885600871213,,,,,,,0.547824947727195
15600.0,2.156797590545247,2.148966623329597,2.126890750087075,2.0894998369709716,2.037125536300004,1.9696145738555915,1.886797553662929,1.788242315932661,1.6745160555593406,1.5458515717252244,1.4024894810593445,1.244446673550266,1.0721251799126477,0.8845132473389415,0.6773361711269821,,,,,,,0.5463546818953013
15660.0,2.152448715342222,2.144602885110651,2.122492357305109,2.085041070040799,2.032592920241629,1.9650051647636881,1.8821435660021966,1.7835474013449604,1.6698133392942769,1.541183320297463,1.3979397545528647,1.2400323988739512,1.067885775818673,0.880459651236254,0.673498117600813,,,,,,,0.5448901751757088
15720.0,2.1480930044292412,2.1402327124453144,2.1180886430788224,2.0805787585940485,2.0280590731526815,1.9603972339186553,1.8774938908529475,1.7788597061501181,1.6651205801379567,1.5365274135777898,1.3934039529613864,1.2356332492998943,1.06366200579733,0.8764214560708234,0.6696743104160486,,,,,,,0.5434313928984609
15780.0,2.1437306886245833,2.135856331037672,2.1136757255203804,2.076113090254628,2.0235241519921083,1.9557909013453247,1.872836056232347,1.7741792667545608,1.6604377723055201,1.5318838070632088,1.3888625981978822,1.2312491322857686,1.0594537674235498,0.872398561157763,0.6657994364417005,,,,,,,0.5419782992751989
15840.0,2.139361995664527,2.1314739635571924,2.1092544884809263,2.0716442499895162,2.0189883113799585,1.9511862851392967,1.8681723106859038,1.7695061187217365,1.6557649098412166,1.5272524567818193,1.3843190733021016,1.226879956832132,1.0552609599373486,0.8683908668995819,0.661884218699416,,,,,,,0.5405308576040312
15900.0,2.134987150229658,2.127085829665386,2.104828546560895,2.067172420136647,2.014451703625688,1.9465835014960202,1.8635132123902298,1.764840296799766,1.6511019866362946,1.5226333192959036,1.379789541647998,1.2225256334373027,1.0510834841520384,0.8643982747207324,0.6579829009442552,,,,,,,0.5390890304373376
15960.0,2.1306063739730092,2.122692146044202,2.1003981029038763,2.06269778043383,2.0099144787571106,1.9419826647400245,1.858858835599541,1.7601818349470626,1.6464489964447984,1.5180263517031871,1.375273930249635,1.2181860740490742,1.0469212423712466,0.8604206870186626,0.6540953903661969,,,,,,,0.5376527797206004
16020.0,2.126219885549383,2.118293126425496,2.0959633578344334,2.0582205080482288,2.005376784549749,1.9373838873541547,1.8542092532338683,1.755530766356326,1.641805932897755,1.513431511636349,1.3707721672485784,1.2138611920152516,1.0427741383144988,0.8564580071271254,0.650221594341462,,,,,,,0.5362220669084141
16080.0,2.1218279006454543,2.1138889816211766,2.0915245088884142,2.0537407776062384,2.0008387665563796,1.932787280008667,1.8495645369066531,1.7508871234772132,1.6371727895159645,1.5088487572609275,1.3662841818901417,1.209550902034364,1.0386420770507516,0.8525101392885722,0.6463614205027148,,,,,,,0.5347968530623407
16140.0,2.1174306320102367,2.1094799195537415,2.087081750843522,2.049258761223528,1.9963005681366515,1.9281929515901357,1.844924756951601,1.7462509380378488,1.6325495597215407,1.5042780472717123,1.3618099044979164,1.2052551201074744,1.0345249649391628,0.8485769886332523,0.6425147768004268,,,,,,,0.5333770989341953
16200.0,2.113028289485882,2.1050661452870196,2.0826352757500084,2.044774628535152,1.9917623304866816,1.923601009230062,1.8402899824488306,1.7416222410653237,1.6279362368482972,1.499719340887765,1.3573492664471616,1.2009737634916902,1.0304227095762706,0.84465846116325,0.6386815715564533,,,,,,,0.5319627650375205
16260.0,2.108621790981706,2.100651209454396,2.078196549649533,2.0403104170347337,1.9872637769051749,1.9190742088729602,1.8357512694503588,1.7371193769028455,1.6234886363061936,1.4953704704493394,1.3531464301488134,1.196993011933271,1.0266772024704964,0.8411627579848231,0.6353666771652673,,,,,,,0.5305442281857683
16320.0,2.1042120540442313,2.096233393034495,2.073755926110024,2.0358458762876968,1.9827669180958607,1.9145514381228035,1.8312190658192187,1.7326253399943305,1.619052038416371,1.4910344009596184,1.3489576887036554,1.1930268372682455,1.022946331232737,0.8376809766562204,0.63206123268444,,,,,,,0.5291264965449601
16380.0,2.0997992834110804,2.0918128954484265,2.0693135900406476,2.031381166881752,1.9782718836913207,1.9100327901599996,1.8266934249323605,1.7281401446003206,1.6146264200679932,1.4867110768620488,1.3447829614683748,1.1890751464831493,1.0192299805712746,0.8342127463173549,0.6287653682195558,,,,,,,0.5277111811924968
16440.0,2.095383680653793,2.087389913015935,2.0648697234261197,2.0269164467927085,1.9737788011156452,1.9055183564561409,1.8221743990401322,1.7236638044662391,1.6102117582641118,1.4824004432896443,1.3406221688580995,1.1851378459348816,1.0155280108744558,0.8307577346509026,0.625479374484535,,,,,,,0.5262990283919857
16500.0,2.090965444217935,2.0829646389951426,2.060424505365519,2.0224518714212567,1.9692877956185946,1.901008226804259,1.8176620392905007,1.7191963328377051,1.6058080301239703,1.4781024460384817,1.3364752320423556,1.181214838838317,1.0118402644723632,0.8273156943226507,0.6222034773665447,,,,,,,0.5248904697488026
16560.0,2.0865447694630657,2.0785372636221346,2.0559781121108522,2.017987593629451,1.9647989903093186,1.8965024893484093,1.813156395752308,1.7147377424746797,1.6014152128823023,1.4738170315051442,1.3323420723910635,1.177297630971652,1.0081665785797997,0.823886445042239,0.618937837271986,,,,,,,0.5234857853242059
16620.0,2.0821218487024478,2.074107974150298,2.0515307171053587,2.0135237637768473,1.9603125061896196,1.892001230612615,1.808657517437744,1.7102880456644267,1.597033283881505,1.4695441465661339,1.3282226108570203,1.1733741681150263,1.0045067947023407,0.8204698508949896,0.6156825656581185,,,,,,,0.522085169099146
16680.0,2.0776968712424644,2.0696769548893448,2.0470824910214804,2.0090605297562747,1.955828462186757,1.887504535529265,1.8041654523240465,1.705847254232559,1.5926622205506344,1.4652837384055188,1.3241167675366823,1.1694648750732008,1.0008607632214923,0.8170658041310427,0.6124377382857756,,,,,,,0.5206887608054247
16740.0,2.0732700234217227,2.0652443872440105,2.0426336017984994,2.004598037029238,1.951346975185823,1.8830124874669203,1.7996802473742846,1.7014153795507587,1.5883020003674093,1.4610357543255748,1.320024461520351,1.1655696371249926,0.9972283447942786,0.813674214791728,0.6092034044873317,,,,,,,0.519296663482354
16800.0,2.06884148864985,2.060810449752465,2.038184214679852,2.000136428660963,1.9468681600616697,1.878525168257536,1.7952019485568735,1.6969924325395565,1.5839526008047295,1.456800141581405,1.3159456110043652,1.1616883399143445,0.9936094101140952,0.8102950042203376,0.605979593603467,,,,,,,0.5179089540520636
16860.0,2.064411447445989,2.056375318124395,2.033734492250109,1.995675845355063,1.9423921297103834,1.8740426582229985,1.7907306008633406,1.6925784236651427,1.5796139992683282,1.452576847267536,1.3118801335744303,1.157820870676697,0.9900038389759884,0.806928100988887,0.6027663195377336,,,,,,,0.5165256901173856
16920.0,2.0599800774769874,2.051939165278784,2.029284594471644,1.9912164254878488,1.9379189950802806,1.869565036200834,1.7862662483238254,1.688173362930272,1.5752861730343113,1.448365818266021,1.3078279465670055,1.1539671190530196,0.986411519134775,0.8035734383130525,0.5995635840560556,,,,,,,0.5151469145555335
16980.0,2.055547553595284,2.047502161381388,2.02483467872094,1.98675830514224,1.9334488652023976,1.8650923795689314,1.7818089340199417,1.6837772598605005,1.5709690991946397,1.4441670012511842,1.3037889674398786,1.1501269775694125,0.9828323451830456,0.8002309523920706,0.5963713792326724,,,,,,,0.5137726587479292
17040.0,2.051114047876497,2.0430644738818953,2.020384899824582,1.9823016181412894,1.9289818472203888,1.860624764269084,1.7773587000949114,1.6793901234877766,1.5666627546160046,1.439980342738513,1.299763114110497,1.1463003418716227,0.9792662175411209,0.7969005813321968,0.5931896893018671,,,,,,,0.512402944925594
17100.0,2.046679729656709,2.0386262675507734,2.0159354100949027,1.977846496081297,1.9245180464198048,1.8561622648291964,1.772915587761188,1.675001930931558,1.5623671159146268,1.4358057891631397,1.295750305242237,1.1424871107915064,0.9757130415858827,0.7935822644443118,0.5900184920864195,,,,,,,0.5110377879185324
17160.0,2.0422447655694285,2.0341877045157966,2.0114863593652785,1.9733930683644696,1.9200575662566293,1.8517049543840642,1.7684796373060827,1.670613485207905,1.558082159447037,1.4316432869746212,1.2917504604729093,1.1386871863043284,0.9721727269161252,0.7902759417850499,0.5868577601180316,,,,,,,0.5096771964903698
17220.0,2.0378093195822524,2.0297489442982584,2.007037895025038,1.968941462231117,1.9156005083850316,1.8472529046947481,1.7640508880960575,1.6662341386574377,1.5538078613151494,1.4274927827373944,1.2877635005879535,1.1349004734192454,0.968645186740355,0.7869815538585492,0.5837074615292073,,,,,,,0.5083211743764193
17280.0,2.033373553033215,2.0253101438488352,2.002590162054026,1.9644918027913263,1.9111469726842574,1.8428061861666312,1.7596293785804367,1.6618638970464783,1.5495441973830688,1.4233542232292828,1.2837893476446074,1.1311268800321117,0.9651303373696419,0.7836990414253105,0.5805675607725569,,,,,,,0.5069697211046507
17340.0,2.0289376246667845,2.020871457583135,1.9981433030567497,1.9600442130560973,1.9066970572846533,1.838364867866334,1.7552151462952363,1.6575027656114028,1.54529114330273,1.4192275555330498,1.2798279250548483,1.127366316760067,0.9616102114930961,0.7804283453830652,0.5774380192076977,,,,,,,0.5056228326544872
17400.0,2.0245016906695734,2.016433037416877,1.9936974582961178,1.9555988139678808,1.902250858592799,1.833929017537726,1.7508082278676895,1.6531507490609039,1.541048674545587,1.415112727118123,1.2758791576348039,1.123618696770528,0.9580865330919242,0.7771694066963296,0.5743187955851451,,,,,,,0.504280501992272
17460.0,2.020065904705686,2.0119950328007232,1.9892527657267238,1.9511557244305129,1.8978084713158114,1.8294987016172812,1.7464086590219499,1.6488078515829832,1.5368167664378825,1.411009685911121,1.271942971627685,1.1198839356124817,0.9545754384789199,0.7739221663589267,0.5712098464489688,,,,,,,0.502942719511436
17520.0,2.0156304179516913,2.0075575907547356,1.9848093610276847,1.946715061338519,1.8933699884848398,1.825073985249049,1.742016474586252,1.6444740768560948,1.5325953941974615,1.4069183803549254,1.2680192947062932,1.1161619510548018,0.9510768503200024,0.7706865653787892,0.568111126474696,,,,,,,0.501609473398018
17580.0,2.011195379131282,2.0031208559024267,1.9803673776349917,1.9422769396057875,1.8889355014778895,1.8206549322994643,1.7376317085016832,1.640149428063709,1.5283845329705263,1.402838759456681,1.2641080559601183,1.1124526629341907,0.9475906929735278,0.7674625447777026,0.5650225887549748,,,,,,,0.5002807499369375
17640.0,2.0067609345495248,1.998684970504415,1.9759269467733565,1.9378414721936197,1.8845051000420214,1.8162416053722132,1.7332543938326106,1.6358339079115216,1.524184157867162,1.3987707728255598,1.2602091858711277,1.1087559930140032,0.944116892314535,0.7642500456009282,0.5619441850427469,,,,,,,0.4989565337707156
17700.0,2.002327228126717,1.9942500744916571,1.9714881974875542,1.9334087701381708,1.8800788723150619,1.811834065823316,1.7288845627787015,1.6315275186466003,1.519994243994779,1.3947143707013123,1.2563226162814891,1.1050718648542737,0.9406553755882184,0.7610490089331626,0.5588758659594993,,,,,,,0.4976368081196449
17760.0,1.9978944014318412,1.9898163054982358,1.9670512566732474,1.92897894257732,1.8756569048469118,1.8074323737765432,1.72452224668839,1.6272302620778054,1.515814766488954,1.390669503974706,1.252448280355765,1.1014002036928021,0.937206071287303,0.7578593759184037,0.5558175811746209,,,,,,,0.4963215549704025
17820.0,1.9934625937156074,1.9853837988936942,1.9626162491072818,1.9245520967770022,1.8712392826205537,1.8030365881392585,1.7201674760736243,1.622942139596892,1.511645700541348,1.3866361242009464,1.24858611253957,1.0977409363367654,0.93376890904902,0.7546810877819976,0.5527692795606198,,,,,,,0.49501075523859417
17880.0,1.9890319419430318,1.9809526878149133,1.9581832974774775,1.9201283381570442,1.8668260890728485,1.7986467666187078,1.715820280625685,1.6186631521998278,1.5074870214245695,1.3826141836071373,1.2447360485161894,1.094093991064182,0.930343819568219,0.7515140858536814,0.5497309093280935,,,,,,,0.49370438890962187
17940.0,1.9846025808255807,1.9765231031975052,1.9537525224119094,1.9157077703165557,1.862417406115189,1.7942629657387872,1.711480689231863,1.6143933005079074,1.5033387045139903,1.3786036350947233,1.2408980251622999,1.0904592975344682,0.926930734523776,0.7483583115908112,0.5467024181435507,,,,,,,0.49240243516136656
18000.0,1.9801746428528526,1.9720951738067443,1.9493240425076968,1.9112904950589154,1.8580133141540705,1.7898852408572528,1.7071487299927754,1.6101325847883834,1.499200725306585,1.3746044322377609,1.2370719805036474,1.086836786707308,0.9235295865160215,0.7451682903731307,0.5436837532326663,,,,,,,0.4911048724715349
18060.0,1.975747843906246,1.967667086736748,1.9448914677530178,1.9068640332198348,1.8535912514024668,1.7854780493951095,1.7027731062479625,1.6058113483457586,1.4949862314390407,1.3705069975975757,1.2331234052515128,1.0830645211239338,0.9199471750057552,0.7417487948484826,0.5403964968528958,,,,,,,0.48981688671767243
18120.0,1.9713218982057563,1.9632400794434222,1.9404605987280488,1.9024402532991387,1.849173149736425,1.781076292985244,1.698404478376211,1.601498638688521,1.4907809127139269,1.3664204258480395,1.2291864435633748,1.079304219064198,0.9163766449778172,0.7383407362629286,0.5371219432645215,,,,,,,0.48853570780958094
18180.0,1.9668969326142403,1.9588142754596056,1.9360315498799456,1.8980192545675363,1.844759089100508,1.776680028776106,1.694042878499127,1.5971944621650391,1.486561921332764,1.3623446798698886,1.2252610432752433,1.0755558209295721,0.912817952829307,0.7349442798491499,0.5338593162417633,,,,,,,0.48726042006192744
18240.0,1.962473072032653,1.9543897963981098,1.931604433848632,1.8936011346830393,1.840349148067904,1.7722893128357295,1.6896883380002312,1.5928988247891214,1.4823528026181274,1.3582797230981032,1.221347153203615,1.0718192701081095,0.9092710748931131,0.7315595195434059,0.5306081778638899,,,,,,,0.4859905737560012
18300.0,1.9580504394256877,1.949966761976737,1.9271793614902175,1.8891859897118433,1.8359434038590365,1.767904200169192,1.6853408875425522,1.5886117322564335,1.47815353850082,1.354225519521871,1.217444723341932,1.068094514660289,0.9057359979486844,0.7281864749358179,0.5273682306065391,,,,,,,0.48472588923478704
18360.0,1.9536291558469896,1.9455452900429266,1.922756441900121,1.8847739141490565,1.8315419323602369,1.7635247447362394,1.6810005570860276,1.5843331899598885,1.4739641110597737,1.3501820337107047,1.2135537052124965,1.0643815077198395,0.902212709095885,0.7248251207510539,0.5241392493021225,,,,,,,0.4834661687508269
18420.0,1.9492093404640414,1.941125496598046,1.918335782435909,1.8803650009393194,1.8271448081424875,1.7591509994689964,1.6766673759046098,1.5800632030042758,1.4697845025337135,1.3461492308796514,1.2096740522015703,1.060680206615737,0.8987011904478046,0.7214754072090086,0.5209195434320376,,,,,,,0.4822112610498145
18480.0,1.9447911105826625,1.9367074958213615,1.913917488739897,1.8759593414973168,1.8227521044802064,1.7547830162896991,1.6723413726030654,1.5758017762208165,1.4656146953408054,1.3421270769839353,1.2058057197236494,1.0569905714919963,0.8952014174827628,0.71813727145804,0.5176488577181152,,,,,,,0.48096104416271274
18540.0,1.9403745816711804,1.9322914000936975,1.909501664761506,1.8715570257281848,1.818363893370039,1.7504208461283748,1.6680225751335311,1.5715489141827848,1.461454672108417,1.3381155388160215,1.2019486651810591,1.0533125640081846,0.8917133592107608,0.7148106438311577,0.5143885805352525,,,,,,,0.4797154159319485
18600.0,1.9359598673842986,1.9278773200207981,1.9050884127794163,1.8671581420478274,1.8139802455496463,1.7460645389404876,1.66371101081206,1.5673046212232629,1.4573044157109987,1.3341145840784,1.1981028477702504,1.0496461463500855,0.8882369790301092,0.7114954513150905,0.5111385827767688,,,,,,,0.4784742883198215
18660.0,1.9315470795866267,1.9234653644563993,1.9006778334235075,1.8627627774031368,1.8096012305164746,1.741714143724522,1.6594067063354696,1.5630689014555816,1.453163909310725,1.3301241814173947,1.1942682282083181,1.045991280569128,0.88477223573937,0.708191619511923,0.5078987470183429,,,,,,,0.47723758376207565
18720.0,1.9271363283759382,1.9190556405250512,1.896270025696603,1.8583710172921184,1.8052269165464712,1.7373697085395816,1.655109687798772,1.5588417587961205,1.4490331363947608,1.3261443004161844,1.1904447684399884,1.0423479281890295,0.8813190844864559,0.7048990737657507,0.5046689648589737,,,,,,,0.4760052327135608
18780.0,1.9227277221061363,1.9146482536446796,1.8918650869960454,1.85398294578392,1.800857370712786,1.7330312805230719,1.6508199807133919,1.5546231969884188,1.444912080804215,1.3221749115536365,1.186632431362897,1.0387160500044526,0.8778774775836086,0.701617739814327,0.5014491350555532,,,,,,,0.4747771719303921
18840.0,1.9183213674099673,1.9102433075489131,1.8874631131350783,1.8495945476114117,1.7964926589044228,1.7286989059085676,1.6465376100261537,1.5504132196271563,1.440800726751995,1.3182056862270024,1.1828311805898484,1.0350956060076546,0.8744473651790654,0.698347544163868,0.4982391621718148,,,,,,,0.4735533432287992
18900.0,1.913917369221483,1.9058409043091729,1.883064198364079,1.845204005022805,1.7921328458449044,1.72437263004391,1.6422626001388174,1.5462118301805294,1.4366990588288557,1.314231876705117,1.1790409802540402,1.0314865553954387,0.8710286957994359,0.6950884142992924,0.4950389555735826,,,,,,,0.4723336925644655
18960.0,1.909515830798262,1.901441144356573,1.878668435391616,1.8408174204465326,1.7877779951109491,1.7200524974095666,1.6379949749278297,1.542019032009844,1.432607061998512,1.3102686133684018,1.1752617948559365,1.027888856623327,0.8676214167833024,0.6918402787951858,0.491848428664643,,,,,,,0.4711181693342624
19020.0,1.9051168537434133,1.8970441265035913,1.8742759154053692,1.8364348728181037,1.7834281691512035,1.715738551637206,1.6337347577638417,1.5378348283855143,1.4285247215835866,1.3063158678195086,1.1714935891470246,1.0243024674850407,0.8642254746262988,0.6886030673663731,0.4886674982943714,,,,,,,0.4699067258365112
19080.0,1.9007205380273706,1.8926499479655725,1.8698867280928926,1.8320564397330832,1.7790834293050257,1.7114308355284151,1.6294819715305506,1.5336592224991068,1.4244520232445463,1.3023736122048222,1.1677363280445088,1.0207273452032128,0.860840815255354,0.6853767108816778,0.48549608429078894,,,,,,,0.4686993168468696
19140.0,1.8963269820094721,1.888258704382026,1.8655009616622469,1.8276821974668407,1.774743835821318,1.7071293910734082,1.6252366386424861,1.5294922174713892,1.420388952953742,1.2984418191363087,1.163989976570978,1.017163446522658,0.8574673842466602,0.6821611413554288,0.48233410908705654,,,,,,,0.4674958992802354
19200.0,1.8919362824593744,1.8838704898377643,1.8611187028625114,1.8233122209942563,1.7704094478774102,1.7028342594695904,1.6209987810614428,1.5253338163566637,1.4163354969665014,1.294520461622176,1.1602544998137134,1.01361072780099,0.8541051269990984,0.6789562919257903,0.4791814974188071,,,,,,,0.46629643191777964
19260.0,1.8875485345782597,1.8794853968838778,1.8567400370041762,1.8189465840093813,1.7660803235979248,1.6985454811397995,1.6167684203113464,1.5211840221437756,1.4122916417908282,1.2906095130066155,1.1565298628991127,1.0100691450937527,0.8507539888723805,0.675762096825619,0.4760381760760055,,,,,,,0.46510087518405213
19320.0,1.8831638320198874,1.8751035165585455,1.8523650479794238,1.8145853589450607,1.761756520073586,1.6942630957500966,1.6125455774914657,1.5170428377543357,1.4082573741569815,1.2867089469182704,1.1528160309785065,1.0065386542326156,0.8474139152972128,0.6725784913494655,0.47290407369735715,,,,,,,0.4639091909631008
19380.0,1.8787822669114838,1.8707249384077163,1.847993818282313,1.810228616992498,1.7574380933799214,1.6899871422269603,1.6083302732879432,1.5129102660386806,1.4042326809878334,1.2828187372267712,1.149106636582183,1.0030192108960985,0.844084851863212,0.6694054118189792,0.46977912059833105,,,,,,,0.46272134244537977
19440.0,1.8744039298744717,1.8663497505056383,1.843626429028868,1.805876428120747,1.7531250985957714,1.6857176587737694,1.6041225279837041,1.5087863097701082,1.400217549370675,1.2789388580065184,1.1453870928828944,0.9995107706728636,0.8407667443890645,0.6662427955481441,0.4666632486260349,,,,,,,0.4615372939992152
19500.0,1.870028910045066,1.8619780394752734,1.8392629599770642,1.801528861096128,1.7488175898215426,1.6814546828865218,1.5999223614668452,1.5046709716378632,1.3962119665308592,1.2750692835068285,1.1416783819409948,0.9960132891179032,0.8374595389784829,0.6630905808092095,0.46355639103574875,,,,,,,0.46035701106205157
19560.0,1.8656572950947288,1.8576098905085774,1.8349034895467213,1.797185983501498,1.744515620197162,1.6771982513687207,1.5957297932376384,1.5005642542392978,1.3922159198075519,1.2712099881275831,1.137980467248493,0.9925267218020927,0.834163182064742,0.6599487067998182,0.460458482385085,,,,,,,0.4591804600477762
19620.0,1.8612891712505002,1.853245387386672,1.8305480948392883,1.7928478617554051,1.7402192419196485,1.6729484003454194,1.5915448424143102,1.4964661600715614,1.3882293966316583,1.2673609463995728,1.1342933123540708,0.9890510243557158,0.8308776204460149,0.6568171136116255,,,,,,,,0.45800760826723175
19680.0,1.8569246233152004,1.8488846124998979,1.8261968516575176,1.7885145611310296,1.7359285062602778,1.668705165276424,1.587367527737759,1.4923766915231185,1.3842523845059649,1.263522132968817,1.1306168808748058,0.9855861525065243,0.8276028013132671,0.6536957422005318,,,,,,,,0.4568384238596081
19740.0,1.852563734687528,1.8445276468677536,1.8218498345250125,1.784186145774936,1.7316434635812823,1.6644685809686675,1.5831978675753664,1.488295850865336,1.3802848709874187,1.259693522584208,1.1269511365083602,0.9821320621128984,0.824338672272103,0.6505845343585631,,,,,,,,0.45567287573289184
19800.0,1.8482065873820215,1.8401745701587144,1.8175071167056305,1.7798626787255676,1.7273641633520787,1.6602386815878014,1.5790358799240813,1.484223640244298,1.3763268436714378,1.2558750900879114,1.1232960430451946,0.9786887091926803,0.8210851813597032,0.6474834326873949,,,,,,,,0.4545109335118908
19860.0,1.843853677317136,1.8358273902298228,1.8131752245667279,1.775558156235411,1.7231129974160273,1.6560504967891914,1.5749318321451196,1.4802279743871671,1.3724660825786574,1.2521765670960638,1.119785437850606,0.9753915866713173,0.8180285864548204,0.6446180204184129,,,,,,,,0.4533475861471067
19920.0,1.839505497404406,1.8314850787290577,1.808848584456406,1.7712594893181963,1.7188684202804472,1.6518697608758557,1.5708361193306928,1.476241481336869,1.3686152144451413,1.24848847911128,1.116285581282059,0.9720991727701258,0.8149824151334311,0.6417620305296797,,,,,,,,0.45218543175493625
19980.0,1.8351621230656774,1.8271477086816885,1.804527262853275,1.7669667340591106,1.7146304744169203,1.647696500999606,1.5667487525940547,1.472264156608369,1.3647742205498652,1.2448107950345535,1.1127964317780183,0.9688174976698903,0.8119465827428212,0.6389151413366673,,,,,,,,0.4510252944549129
20040.0,1.830823628332262,1.8228153517593406,1.8002113249837701,1.7626799454565891,1.7103992014362908,1.6435307437066606,1.5626697427037386,1.4682959955991783,1.3609430822135593,1.2411434838941608,1.1093179478315478,0.9655465074429387,0.8089209829108462,0.6360771962312052,,,,,,,,0.4498675542977803
20100.0,1.8264900858667725,1.8184880783015378,1.7959008348427363,1.7583991774409007,1.706174642103501,1.6393725149466134,1.5585991000848387,1.4643369935835104,1.3571217807901217,1.2374865148225282,1.1058500876278274,0.9622861432859761,0.8059055056319149,0.6332481194974593,,,,,,,,0.44871242896606744
20160.0,1.8221615669847722,1.8141659573370073,1.791595855213718,1.7541244828923566,1.7019568363519058,1.6352218400809515,1.5545368348201856,1.4603871457069646,1.3533102976561824,1.2338398569916178,1.1023928085441492,0.9590363418321578,0.8029000486229764,0.6304278693196281,,,,,,,,0.4475600579932926
20220.0,1.817838141676215,1.8098490566047565,1.7872964476889555,1.7498559136590877,1.6977458232971017,1.6310787438911487,1.5504829566515026,1.4564464469812777,1.3495086141939667,1.2302034795004568,1.098946066784705,0.9557970369223816,0.7999045206255604,0.627616417764924,,,,,,,,0.4464105366657242
20280.0,1.8135198786266264,1.8055374425748962,1.7830026726890555,1.7455935205744262,1.6935353585215218,1.6269432505864017,1.5464374749804675,1.4525148922782072,1.3457167117629818,1.2265773512411757,1.0955098172974602,0.9525681615391759,0.7968982757227743,0.6248137422088654,,,,,,,,0.4452639325147784
20340.0,1.8092068452380798,1.8012311804692036,1.7787145894823513,1.741337353473882,1.6893270715525823,1.6228153838110357,1.5424003988695623,1.4485924763212412,1.341934571660326,1.2229614407827196,1.0920840139406192,0.949349649286185,0.7938863904073582,0.6220198215482959,,,,,,,,0.4441202944064284
20400.0,1.8048991076499008,1.7969303342814076,1.774432256203917,1.7370874612117102,1.6851257303360232,1.6186951666515872,1.5383717370424022,1.4446791936741048,1.338162175074379,1.219355716299733,1.0886686097905094,0.9461414353209401,0.7908842672393723,0.6192346345113571,,,,,,,,0.4429796580075786
20460.0,1.8005967307591162,1.792634966797199,1.7701557298742665,1.7328438916770883,1.6809313709467932,1.614582621643518,1.5343514978832071,1.4407750387258937,1.334399503039171,1.2157601455544866,1.0852635574912017,0.9429434568503057,0.7878918452136188,0.6164581589292385,,,,,,,,0.4418420492921333
20520.0,1.7962997782406211,1.7883451396139456,1.765885066417694,1.7286066918098986,1.6767440287006703,1.6104777707774949,1.5303396894351091,1.4368800056736724,1.3306465363961018,1.2121746959250956,1.081868809582454,0.9397556533290179,0.7849090679691675,0.6136903714637417,,,,,,,,0.4407074869037172
20580.0,1.7920083125670871,1.7840609131600986,1.7616203206802783,1.7243759076161391,1.6725637381656384,1.6063806355051318,1.5263363193971708,1.432994088504046,1.3269032557672824,1.208599334466615,1.0784843187757582,0.9365779664755066,0.7819358827697016,0.6109312475537654,,,,,,,,0.43957598381152896
20640.0,1.7877223950285488,1.7797823467143103,1.7573615464475467,1.7201515841829351,1.6683905331728417,1.6022912367441062,1.5223413951202633,1.4291172809754595,1.3231696415420466,1.205034027991051,1.0751100381700804,0.9334103401844078,0.7789722397273962,0.6081447058526838,,,,,,,,0.43844754850832557
20700.0,1.7834420857517121,1.775509498424223,1.7531087964617882,1.7159337656931837,1.6642244468271097,1.5982095948825907,1.5183549236021086,1.4252495766027518,1.319445673876007,1.2014787431546703,1.0717459214105047,0.9302527203867336,0.7760180912139049,0.6053336536797206,,,,,,,,0.43732218590029326
20760.0,1.7791674437189557,1.77124242532494,1.748862122439016,1.711722495439806,1.6600655115169813,1.5941357297830177,1.5143769114819507,1.421390968645079,1.3157313327007243,1.1979334465443265,1.068391922798024,0.9271050548887336,0.7730733914126111,0.6025310915403838,,,,,,,,0.43619989798287606
20820.0,1.774898526786997,1.766981183357183,1.7446215750855827,1.707517815839594,1.6559137589242503,1.5900696607852352,1.510407365035368,1.417541450097785,1.3120265977414824,1.1943981047575278,1.0650479973600004,0.9239672932074605,0.7701380959769643,0.5997369900879091,,,,,,,,0.43508068436384956
20880.0,1.7706353917052793,1.7627258273851065,1.7403872041144388,1.7033197684466657,1.6517692200329979,1.586011406709183,1.5064462901696831,1.4137010136883723,1.3083314485406523,1.190872684473388,1.0617141008902118,0.9208393864129397,0.7672121617684547,0.5969513191579862,,,,,,,,0.4339645426748354
20940.0,1.7663780941339997,1.7584764112137923,1.7361590582610245,1.6991283939654878,1.6476319251381495,1.5819609858572514,1.502493692420361,1.4098696518763583,1.3046458644843517,1.1873571525133186,1.0583901899661634,0.9177212869818762,0.7642955466545717,0.5941740478837628,,,,,,,,0.43285146889967563
21000.0,1.7621266886618219,1.7542329876064013,1.7319371852988037,1.6949437322635026,1.6435019038535668,1.5779184160164834,1.4985495769486556,1.4060473568565737,1.3009698248305854,1.1838514758913892,1.0550762219498537,0.9146129486649228,0.7613882093521565,0.5914051447996909,,,,,,,,0.43174145763975535
21060.0,1.7578812288232717,1.7499956083009824,1.7277216320544238,1.6907658223833117,1.6393791851197528,1.5738837144608164,1.494613948540646,1.4022341205653586,1.297303308737373,1.1803556218549824,1.0517721549768653,0.9115143263678649,0.7584901093052834,0.5886445779343739,,,,,,,,0.43063450233076367
21120.0,1.7536417671157705,1.7457643240269356,1.723512444422492,1.6865947025544743,1.6352637972112183,1.5698568979534957,1.490686811607756,1.398429934689032,1.2936462952898946,1.1768695579166746,1.0484779479375015,0.9084253760461627,0.755601206589564,0.5858923148930927,,,,,,,,0.4295305954215206
21180.0,1.7494083550163444,1.7415391845211274,1.7193096673799904,1.682430410204903,1.6311557677435855,1.5658379827498103,1.486768170188662,1.3946347906740788,1.2899987635259242,1.1733932518784542,1.0451935604527418,0.9053460546118458,0.7527214618367803,0.5831483229309337,,,,,,,,0.42842972852281347
21240.0,1.7451810429979813,1.737320238543644,1.7151133450002973,1.6782729819718947,1.6270551236805195,1.5618149218400785,1.482858027952544,1.3908486797385022,1.2863606924591497,1.169926671849383,1.0419189528470876,0.9022763198515691,0.7498508361752395,0.580412569017476,,,,,,,,0.42733189253224657
21300.0,1.7409598805456452,1.7331075338931945,1.7109235204668538,1.6741224537128305,1.6229618913405421,1.5577988891208596,1.4789563882035224,1.387071592883887,1.2827320611001372,1.166469786257728,1.0386540861197795,0.8992161303545945,0.7469892911823619,0.5776850198939841,,,,,,,,0.4262370777397215
21360.0,1.7367449161719248,1.7289011174221494,1.7067402360864559,1.6699788605155619,1.618876096403803,1.553790857684732,1.4750632538861161,1.3833035209077875,1.2791128484749057,1.1630225638585434,1.0353989219154474,0.8961654454495346,0.7441367888468212,0.5749656421239728,,,,,,,,0.4251452739171234
21420.0,1.732536197432336,1.7247010350512197,1.7025635333022022,1.6658422367085413,1.6147977639188744,1.5497908417005655,1.4711786275915635,1.379544454416139,1.2755030336411206,1.1595849737375148,1.0321534224949669,0.893124225148758,0.7412932915381857,0.5722544021379294,,,,,,,,0.42405647039502187
21480.0,1.728333770940261,1.720507331783784,1.698393452706098,1.6617126158707172,1.6107269183095956,1.5457988548483261,1.467302511564838,1.3757943838354267,1.2719025957020451,1.156156985311806,1.0289175507070063,0.8900924300994906,0.7384587619824617,0.5695512662729006,,,,,,,,0.4229706561286202
21540.0,1.7241376823815369,1.7163200517198616,1.6942300340513499,1.6575900308412295,1.606663583382032,1.5418149103247243,1.4634349077121833,1.3720532994244667,1.2683115138183827,1.1527385683285039,1.025691269960602,0.8870700215407352,0.7356331632423144,0.5668562008075504,,,,,,,,0.4218878197547265
21600.0,1.7199479765286998,1.712139238069741,1.6900733162643506,1.6534745137289522,1.6026077823315374,1.537839020849303,1.4595758176090412,1.3683211912856352,1.264729767218181,1.1493296928612036,1.0224745441989822,0.8840569612652442,0.7328164587009912,0.5641691719932397,,,,,,,,0.4208079496411887
21660.0,1.715765204235082,1.7079672796040706,1.6859311739520235,1.649382987334778,1.5985889080359643,1.533916280440744,1.4557858147138647,1.364679727885302,1.2612627056893857,1.1460618495491441,1.0194276217040288,0.8812457625961685,0.7302399212421632,0.5617775420089958,,,,,,,,0.41972508452589413
21720.0,1.7115899120742268,1.703802873027639,1.681796783339191,1.645299521701906,1.594578478939777,1.5300024014363054,1.4520050163257978,1.3610477852921488,1.2578053599015395,1.1428037516131861,1.0163902766048352,0.8784437581804584,0.7276719482970646,0.5593926941314136,,,,,,,,0.41864236425836343
21780.0,1.7074221370270801,1.699646053729848,1.6776701754443861,1.6412241409193862,1.5905765101302607,1.526097388454778,1.4482334160930415,1.3574253461498458,1.2543577025007189,1.1395553637934075,1.01336246884223,0.8756509045795716,0.7251124341612636,0.5570143377784871,,,,,,,,0.41756078934645713
21840.0,1.7032619151595327,1.6954968562100525,1.6735513804633166,1.6371568683574038,1.586583016107399,1.5222012456802239,1.4444710074009075,1.3538123930360682,1.250919706287523,1.136316651189598,1.0103441585610533,0.8728671526266267,0.7225612519970901,0.5546424284807998,,,,,,,,0.4164808340011668
21900.0,1.6991092816371152,1.6913553140916586,1.6694404277814467,1.6330977266778397,1.5825980107926982,1.5183139768701048,1.4407095610840417,1.3502089084697593,1.2474913442177473,1.1330875792142197,1.0073353054648742,0.8700924458828913,0.7200182850195327,0.5522769885449,,,,,,,,0.4154027783910499
21960.0,1.6949642707393355,1.687221460135916,1.6653373459863567,1.629046737844779,1.5786215075381107,1.514435585363516,1.4369540493933433,1.346614874917513,1.244072589397264,1.1298681134800066,1.0043358680999148,0.867326722675192,0.7174834361429463,0.5499180546017559,,,,,,,,0.41432680875440925
22020.0,1.6908269158737288,1.6830953262554114,1.6612421628799166,1.6250039231349402,1.574653519135007,1.5105660740894653,1.4332077613206453,1.3430302747984908,1.240663415064371,1.1266582196258172,1.0013458034756055,0.8645699192458137,0.7149566268685765,0.5475656622494072,,,,,,,,0.4132530578499641
22080.0,1.6866972495895616,1.678976943527299,1.6571549054902586,1.6209693031480623,1.5706940578232222,1.5067054455751698,1.4294706890204452,1.3394550904865494,1.2372637945546843,1.1234578631303958,0.9983650671239871,0.8618219723183907,0.7124377934304637,0.54521984174267,,,,,,,,0.41218162468106917
22140.0,1.6825753035912798,1.6748663422062617,1.6530756000835822,1.6169428978172367,1.5667431353001138,1.5028537019542882,1.4257428244250159,1.3358893043079312,1.233873701250506,1.1202670091695213,0.9953936134596135,0.8590828206901616,0.7099268830447802,0.5428806171831925,,,,,,,,0.4111125853881632
22200.0,1.6784611087516699,1.670763551737247,1.6490042721758122,1.6129247264191853,1.562800762729642,1.4990108449750126,1.422024159249983,1.3323328985334597,1.2304931085231627,1.1170856225457597,0.9924313962586624,0.8563524060253632,0.707423850933173,0.5405480068340737,,,,,,,,0.4100459998132425
22260.0,1.6743546951247694,1.666668600767963,1.6449409465440845,1.6089148075844841,1.5588669507514192,1.4951768760078878,1.4183146849982178,1.3287858553654959,1.2271219896788714,1.113913667691007,0.9894783691295075,0.8536306731243165,0.7049286581149553,0.5382220237560321,,,,,,,,0.4089819157201006
22320.0,1.6702560919585452,1.6625815171611766,1.6408856472381164,1.604913159307724,1.55494170948969,1.4913517960531653,1.4146143929616994,1.3252481569211845,1.2237603179165135,1.1107511087250128,0.9865344859107743,0.8509175698890324,0.7024412698086004,0.5359026764849194,,,,,,,,0.40792037164587613
22380.0,1.666165327707341,1.6585023280068087,1.6368383975914271,1.6009197989576063,1.5510250485621901,1.487535605747527,1.4109232742212745,1.3217197852143319,1.2204080663017645,1.1075979095484427,0.9835997009769986,0.8482130471318159,0.6999616542820681,0.5335899696563107,,,,,,,,0.406861398905488
22440.0,1.6620824300441233,1.6544310596338514,1.6327992202324417,1.596934743286937,1.5471169770888042,1.4837283053700312,1.4072413196446103,1.318195398702476,1.2170652077582276,1.1044540339513478,0.9806739694556424,0.8455170583152162,0.6974897820251553,0.5312839045515299,,,,,,,,0.40580502304667204
22500.0,1.65800742587253,1.650367737622104,1.6287681370954539,1.5929580084425328,1.5432175036999485,1.479929894847182,1.4035685198828387,1.3146730760667487,1.2137317150736544,1.1013194457230289,0.9777572473690861,0.8428295592733452,0.6950256251512078,0.5289844795646881,,,,,,,,0.40475126493479724
22560.0,1.6539403413387326,1.6463123868137504,1.6247451694314736,1.588989609974963,1.5393266365446159,1.4761403737571526,1.3999048653666086,1.3111600841786821,1.210407560918036,1.098194108754309,0.9748494917175459,0.8401505079410452,0.6925691569623658,0.5266916905988246,,,,,,,,0.4037001415800867
22620.0,1.6498812018431372,1.6422650313247773,1.620730337818938,1.5850295628481479,1.5354443832980216,1.4723597413332612,1.396250346302192,1.3076564040962515,1.2070927178699769,1.0950779871273657,0.9719506605177267,0.8374798641037068,0.6901203516320202,0.5244055314012692,,,,,,,,0.4026516667806818
22680.0,1.6458300320519075,1.6382256945562397,1.6167236621742744,1.5810778814487392,1.5315707511688312,1.4685879964668513,1.3926049526682678,1.3041620167290362,1.2037871584480666,1.0919710451911095,0.9690607128095632,0.834817589172788,0.6876791839718389,0.5221259938479438,,,,,,,,0.40160585163093093
22740.0,1.641786855908328,1.6341943992053698,1.6127251617623204,1.577134579595287,1.5277057469059632,1.4648251377097985,1.3889686742138077,1.300676902841857,1.2004908551445053,1.088873247622016,0.9661796086408014,0.8321636459878976,0.6852456292602673,0.5198530681851335,,,,,,,,0.40056270492903434
22800.0,1.6377516966440306,1.6301711672765444,1.6087348552065694,1.5731996705471325,1.5238493768050079,1.4610711632768525,1.3853415004573864,1.2972010430621075,1.1972037804588473,1.08578455947133,0.9633073090368425,0.8295179986441766,0.6828196631160507,0.517586743235899,,,,,,,,0.3995222335081774
22860.0,1.6337245767900535,1.6261560200920946,1.6047527604992469,1.5692731670130753,1.5200016467143065,1.4573260710480234,1.3817234206880231,1.2937344178900194,1.1939190712168704,1.082704946200159,0.9604437759612863,0.8268806123427327,0.6804012614049425,0.5153270065770685,,,,,,,,0.39848444250857434
22920.0,1.629705518187745,1.6221489783029504,1.6007788950111925,1.5653550811597368,1.516162562040758,1.453589858571186,1.3781144239675895,1.2902770077110135,1.1906368419040192,1.0796343737041096,0.9575889722711594,0.8242514532615445,0.6779904001710316,0.5130738446916939,,,,,,,,0.3974493356032398
22980.0,1.62569454199953,1.618150061899136,1.5968132755015483,1.5614454246197011,1.5123321277554302,1.4498625230650457,1.3745144991346694,1.2868287928094388,1.1873638192569498,1.0765728083291768,0.9547428616696256,0.8216304884442636,0.6755870555864425,0.5108272431009393,,,,,,,,0.396416915187059
23040.0,1.621691668719494,1.6141592902200832,1.5928559181272397,1.557544208499395,1.5085103483990654,1.4461440614225505,1.3709236348097484,1.2833897533830683,1.1840999755582247,1.0735202168804423,0.9519054086581165,0.8190176857044931,0.6731912039147895,0.5085871864786863,,,,,,,,0.3953871825364215
23100.0,1.6176969181838248,1.6101766819647745,1.5889068384522465,1.553651443386765,1.5046972280875304,1.4424344702148253,1.3673418194015103,1.2799598695577954,1.1808452832420255,1.0704765666249594,0.9490765784892135,0.8164130135433991,0.6708028214849787,0.5063536587515206,,,,,,,,0.394360137944999
23160.0,1.6137103095810668,1.606202255201707,1.5849660514566783,1.5497671393587626,1.5008927705172952,1.4387337456956415,1.363769041114056,1.2765391214021473,1.1775997149118056,1.0674396000130926,0.946256337121123,0.8138164410787161,0.6684218846728067,0.5041266431863071,,,,,,,,0.39333578084001064
23220.0,1.6097318614622076,1.6022360273786636,1.5810335715456434,1.5458913059886739,1.4970969789709803,1.4350418838063979,1.3602052879548185,1.2731274889412902,1.174363243354764,1.0643990265894787,0.9434446511742958,0.8112279379835241,0.666048369888451,0.5019061224671925,,,,,,,,0.3923141098823869
23280.0,1.605761591750586,1.5982780153323066,1.577109412557933,1.5420239523533272,1.4933098563230305,1.4313588801816064,1.3566505477429815,1.2697249521702827,1.1711358415533994,1.0613673562732127,0.9406414878904722,0.8086474744333569,0.6636822535683903,0.4996920787635313,,,,,,,,0.3912951230535459
23340.0,1.6017995177516136,1.5943282352975765,1.5731935877745253,1.5381650870402133,1.4895314050455217,1.4276847301548312,1.3531048081182155,1.2663314910664631,1.1679174826944427,1.0583445575388042,0.9378468150943108,0.8060750210604332,0.6613235121706804,0.4974844937900131,,,,,,,,0.39027881773095857
23400.0,1.5978456561623067,1.590386702916915,1.5692861099269289,1.5343147181545351,1.485761627214146,1.424019428765007,1.3495680565495656,1.262947085600837,1.164708140175462,1.0553305993049094,0.9350606011576084,0.8035105489139739,0.6589721221727295,0.4952833488600452,,,,,,,,0.38926519075425825
23460.0,1.5938999261875673,1.5864529848497262,1.56538549434896,1.5304696292652293,1.4819949239206958,1.4203543833067491,1.3460281411272714,1.259555505914596,1.1614870239465371,1.0522996533775912,0.9322366422117889,0.8009173682059395,0.6565838375764074,0.4930331569332265,,,,,,,,0.38825537313345093
23520.0,1.5899622472443422,1.5825273530495865,1.5614930646441005,1.526632876739449,1.4782367362931506,1.4166980330034509,1.3424970673957863,1.2561728463648578,1.1582748043442004,1.049277450346136,0.9294192383071221,0.7983321362658821,0.6542029154199436,0.4907896792311897,,,,,,,,0.3872487547677429
23580.0,1.5860326354661103,1.578609822648782,1.557608833178327,1.5228044685389865,1.4744870665415717,1.413050373347588,1.3389748236464851,1.2527990881910955,1.1550714565537017,1.0462639613763984,0.9266102455304229,0.7957548264782061,0.6518293499458203,0.4885529222288481,,,,,,,,0.3862451404611239
23640.0,1.5821111064185795,1.5747004082260438,1.5537328118026472,1.5189844121717644,1.47074591650306,1.4094113995600608,1.3354613980274577,1.2494342126525142,1.151876955969955,1.0432591580155088,0.9238096345363478,0.7931721142101505,0.6494631384294927,0.4863228456796285,,,,,,,,0.38524443315937934
23700.0,1.5781976751080817,1.5707991238146823,1.549865011860623,1.5151727146986804,1.467013287648384,1.4057811065974537,1.3319567785516098,1.2460782010346187,1.1486912781970398,1.0402630121877112,0.9210173766239749,0.7905884070527797,0.6471042741300208,0.4840994052438528,,,,,,,,0.3842465721810617
23760.0,1.5742923559898105,1.566905982910598,1.5460054441958229,1.5113693827404737,1.4632891810887032,1.4021594891593407,1.3284609531044207,1.2427310346549516,1.1455143990480816,1.0372754962057509,0.9182334438650396,0.7880125866355224,0.6447527452063593,0.48188255898503357,,,,,,,,0.3832515143841024
23820.0,1.570395162975932,1.563020998480173,1.5421541191592174,1.5075744224846221,1.459573597582402,1.3985465416955531,1.324973909451329,1.2393926948682499,1.1423462945472151,1.0342965827949437,0.9154578091409805,0.7854446318649434,0.6423783136800113,0.4796722680083284,,,,,,,,0.382259226533895
23880.0,1.5665061094435635,1.5591441829680568,1.5383110466165217,1.5037878396922852,1.4558665375419757,1.394942258413412,1.3214956352447629,1.2360631630713894,1.13918694093465,1.031326245117271,0.9126904460802411,0.7828845216647239,0.6400063418241582,0.47746849607567915,,,,,,,,0.3812696815869827
23940.0,1.5626252082426406,1.555275548304855,1.5344762359555062,1.5000096397052494,1.4521680010409628,1.3913466332848674,1.3180261180308817,1.2327424207085382,1.1360363146741494,1.0283644567835903,0.9099313289382474,0.7803322346581323,0.6376416414025984,0.4752225164195,,,,,,,,0.38028285664679495
24000.0,1.5587524717036745,1.5514151059147399,1.5306496960932627,1.4962398274529205,1.4484779878209002,1.3877596600535305,1.3145653452560986,1.2294304492767618,1.13289439246094,1.0254111918491424,0.9071804324634778,0.7777877490362526,0.6352841898345025,0.4729431902710562,,,,,,,,0.3792987317388702
24060.0,1.5548879116454242,1.5475628667229786,1.526831435483445,1.4924784074593083,1.4447964972982714,1.3841813322416117,1.3111133042735152,1.226127230332018,1.1297611512278412,1.0224664247940292,0.9044377317758237,0.7752510425347241,0.6329339635892033,0.47067000372224177,,,,,,,,0.37831728902943595
24120.0,1.551031539382477,1.5437188411633964,1.523021462123483,1.488725383850036,1.441123528571455,1.3806116431567665,1.307669982349324,1.2228327454951955,1.126636568148091,1.0195301304933255,0.9017032022678494,0.7727220924660771,0.6305909385224977,0.46840292493494556,,,,,,,,0.3773385123022767
24180.0,1.5471833657327556,1.5398830391857807,1.5192197835617725,1.4849807603593415,1.4374590804276466,1.3770505858988669,1.304235366669175,1.219546976457754,1.1235206206342514,1.016602284181918,0.8989768195302584,0.7702008757762896,0.628255090106867,0.4661419230807324,,,,,,,,0.3763623865949493
24240.0,1.5433434010249647,1.5360554702632367,1.5154264069048389,1.4812445403370753,1.4338031513497433,1.3734981533667092,1.3008094443444789,1.2162699049865358,1.1204132863334033,1.0136828614180662,0.8962585592986129,0.7676873691084641,0.625926393590384,0.4638869681747904,,,,,,,,0.3753888979379169
24300.0,1.5395116551059642,1.532236143399479,1.511641338824479,1.4775167267556857,1.4301557395232152,1.369954338264673,1.2973922024185114,1.2130015129274263,1.1173145431192424,1.0107718380484718,0.8935483974170639,0.7651815488649985,0.6236048241073777,0.4616380309464594,,,,,,,,0.3744180331626829
24360.0,1.5356881373480997,1.5284250671361053,1.5078645855648722,1.4737973222171887,1.426516842842924,1.3664191331092956,1.2939836278722407,1.2097417822077237,1.1142243690819358,1.0078691901763759,0.8908463098149351,0.7626833912643167,0.6212903567561529,0.4593950827372408,,,,,,,,0.37344977975764054
24420.0,1.5318728566564905,1.524622249559805,1.5040961529496821,1.4700863289601154,1.4228864589199253,1.3628925302357553,1.2905837076297255,1.2064906948371785,1.1111427425165485,1.0049748941334302,0.8881522724926534,0.7601928723907647,0.6189829666539659,0.4571580954196133,,,,,,,,0.37248412575778855
24480.0,1.5280658214762528,1.520827698309547,1.5003360463891122,1.4663837488664402,1.419264585088209,1.3593745218042108,1.287192428563018,1.2032482329078333,1.1080696419107734,1.0020889264554518,0.8854662615142491,0.7577099682375329,0.6166826289761147,0.4549270413317684,,,,,,,,0.37152105965903665
24540.0,1.524267039799706,1.5170414205837233,1.4965842708869481,1.4626895834684777,1.4156512184113876,1.355865099805971,1.2838097774965072,1.2000143785927764,1.1050050459325242,0.9992112638619077,0.8827882530043586,0.7552346547430875,0.6143893189838271,0.4527018932246583,,,,,,,,0.37056057035070383
24600.0,1.5204765191735228,1.5132634231472617,1.4928408310475758,1.4590038339557485,1.412046355689325,1.3523642560694336,1.280435741210679,1.1967891141440365,1.101948933417809,0.996341883238738,0.8801182231481818,0.7527669078218211,0.6121030120441527,0.45048262421866236,,,,,,,,0.3696026470617068
24660.0,1.5166942667058547,1.5094937123387102,1.4891057310829543,1.4553265011818113,1.408449993464663,1.348871982265787,1.2770703064452933,1.193572421889797,1.098901283359171,0.9934807616241222,0.8774561481933305,0.7503067033896909,0.6098236836441214,0.4482692077678293,,,,,,,,0.3686472793172028
24720.0,1.5129202890734175,1.5057322940772817,1.4853789748195765,1.451657585671045,1.4048621280292475,1.3453882699144128,1.2737134599020081,1.1903642842311124,1.0958620748948553,0.9906278761967424,0.8748020044527718,0.747854017385578,0.6075513094007375,0.4460616176301464,,,,,,,,0.3676944569033219
24780.0,1.5091545925285494,1.5019791738698693,1.4816605657053852,1.4479970876253854,1.4012827554304237,1.341913110388001,1.2703651882464895,1.1871646836383207,1.0928312872988188,0.987783204266131,0.8721557683083568,0.745408825789031,0.6052858650679347,0.4438598278426447,,,,,,,,0.3667441698382297
24840.0,1.5053971829062305,1.4982343568180365,1.4779505068166503,1.4443450069309862,1.3977118714771992,1.3384464949173505,1.2670254781100738,1.1839736026472452,1.0898088999715905,0.9849467232647687,0.8695174162145642,0.7429711046349716,0.6030273265413051,0.4416638127004067,,,,,,,,0.3657964083481971
24900.0,1.5016480656310702,1.4944978476249628,1.4742488008648225,1.4407013431648277,1.394149471746234,1.3349884145958613,1.2636943160910168,1.180791023855344,1.0867948924319843,0.982118410741593,0.8668869247022286,0.740540830025856,0.6007756698611848,0.4394735467387474,,,,,,,,0.36485116284766267
24960.0,1.4979072457242757,1.490769650602363,1.4705554502033202,1.4370660956012262,1.3905955515876742,1.3315388603837257,1.2603716887554142,1.177616929917872,1.083789244309632,0.9792982443566648,0.8642642703821005,0.738117978141703,0.5985308712145218,0.43728900471800425,,,,,,,,0.363908423922519
25020.0,1.4941747278105582,1.487049769677365,1.4668704568342834,1.4334392632182618,1.3870501061307938,1.3280978231118161,1.2570575826378285,1.1744513035441284,1.0807919353382611,0.9764862018767729,0.8616494299481421,0.7357025252483456,0.5962929069358398,0.4351101616104615,,,,,,,,0.36296818231599864
25080.0,1.4904505161250339,1.4833382083993545,1.4631938224152619,1.4298208447041032,1.383513130289456,1.3246652934853071,1.253751984241696,1.171294127493836,1.0778029453497007,0.9736822611717908,0.8590423801805211,0.7332944477041974,0.594061753507533,0.4329369925890567,,,,,,,,0.3620304289166975
25140.0,1.4867346145200724,1.4796349699467735,1.4595255482658498,1.4262108384632224,1.3799846187673868,1.321241262087033,1.250454880039539,1.1681453845737073,1.074822254268498,0.9708864002116325,0.856443097948273,0.7308937219657683,0.5918373875596636,0.4307694730175598,,,,,,,,0.36109515474834664
25200.0,1.4830270264721035,1.4759400571338712,1.4558656353742419,1.422609242622494,1.3764645660632497,1.3178257193806062,1.2471662564730484,1.1650050576341744,1.071849842107121,0.9680985970636928,0.8538515602116226,0.7285003245921415,0.5896197858693846,0.4286075784419939,,,,,,,,0.3601623509610323
25260.0,1.4793280314411266,1.4722547516053555,1.452218354019796,1.4190252486697645,1.372968931341347,1.3144431263988066,1.2439206830257998,1.1619193071668605,1.0689448569220599,0.9653924039290637,0.8513574177263068,0.7262226391602665,0.5875417071103436,0.42662666512431985,,,,,,,,0.35922875484917843
25320.0,1.4756379059533233,1.4685783199070326,1.4485799595518105,1.4154501537194863,1.3694821934500085,1.3110693972807574,1.2406838920188539,1.1588421926727877,1.0660482827293978,0.9626943091932769,0.8488709682877812,0.7239521424659261,0.5854701440757167,0.42465000628459165,,,,,,,,0.35829610999314115
25380.0,1.4719566485404818,1.464910759942961,1.4449504481464908,1.4118839512584576,1.3660043425005326,1.3077045184356086,1.237455866236399,1.1557736937729044,1.0631600967355175,0.9600042885264782,0.8463921868301233,0.721688806157914,0.5834049975384331,0.4226777586679946,,,,,,,,0.3573649477872983
25440.0,1.4682842573853692,1.461252069280506,1.4413298156775831,1.4083266345261494,1.3625353684290669,1.3043484761794446,1.2342365884504143,1.1527137901421667,1.060280276241903,0.9573223177011813,0.8439210480416148,0.7194325959777642,0.5813461765519656,0.42071005302359427,,,,,,,,0.35643552293303676
25500.0,1.4646207303288015,1.457602245157276,1.4377180577229216,1.4047781965204447,1.3590752610009513,1.3010012567375109,1.2310260414203764,1.1496624615071103,1.057408798640821,0.9546483725497886,0.8414575258254832,0.7171834726273599,0.5792936132562707,0.4187469809624572,,,,,,,,0.35550798595105
25560.0,1.4609660648766176,1.4539612844879835,1.43411516957086,1.4012386300032451,1.3556240098148837,1.2976628462463204,1.2278242078929573,1.1466196876433967,1.0545456414064367,0.9519824288714742,0.8390015928953136,0.7149413947055286,0.5772472589025797,0.4167886064343442,,,,,,,,0.35458243659636957
25620.0,1.4573202582065914,1.450329183871198,1.4305211462265994,1.3977079275059145,1.3521816043069428,1.294333230755654,1.2246310706017103,1.143585448372765,1.0516907820765249,0.949324462309758,0.8365532207378904,0.7127063211878331,0.5752070776956136,0.4148349745670181,,,,,,,,0.35365894567772604
25680.0,1.4536833071752417,1.446705939596011,1.4269359824183874,1.3941860813345999,1.3487480337544633,1.2910123962304614,1.2214466122666512,1.1405597235583296,1.0488441982231442,0.9466744482462671,0.8341123798710106,0.7104782128248096,0.5731730421487451,0.4128861173281452,,,,,,,,0.35273756574319964
25740.0,1.450055208324551,1.4430915476486004,1.4233596726036009,1.3906730835754006,1.345323287279762,1.2877003285526472,1.218270815593518,1.1375424930972176,1.0460058674162125,0.9440323617432442,0.8316790402236919,0.7082570327060203,0.5711451300267285,0.4109420571663022,,,,,,,,0.3518183369908151
25800.0,1.4464359578885972,1.4394860037186965,1.419792210974723,1.3871689260994087,1.3419073538537492,1.2843970135227234,1.2151036632724361,1.1345337369102053,1.0431757671871726,0.9413981775413323,0.8292531715100777,0.7060427463407742,0.5691233224000255,0.4090028094297681,,,,,,,,0.3509012908316436
25860.0,1.442825551800082,1.4358893032059388,1.41623359146518,1.3836736005676131,1.3385002222993854,1.2811024368612578,1.2119451379757114,1.1315334349289676,1.0403538749994732,0.938771870101314,0.8268347435360786,0.7038353215028503,0.5671076024100411,0.4070683840304542,,,,,,,,0.34998645217933805
25920.0,1.439223985696752,1.4323014412261188,1.4126838077550692,1.380187098435667,1.3351018812950146,1.2778165842100364,1.208795222354617,1.128541567082278,1.0375401682298488,0.9361534136725679,0.8244237264237274,0.7016347279814931,0.5650979544800145,0.4051387866254949,,,,,,,,0.34907384099553534
25980.0,1.435631254927724,1.4287224126173308,1.409142853276763,1.3767094109585334,1.331712319377517,1.2745394411328548,1.2056538990352526,1.1255581132827326,1.034734624161397,0.9335427823726332,0.8220200907606228,0.6994409373120739,0.5630943638062007,0.4032140194799344,,,,,,,,0.34816347337460846
26040.0,1.4320473545597046,1.4251522119459938,1.4056107212203863,1.3732405291949876,1.3283315249452852,1.2712709931158852,1.2025211506137234,1.1225830534153298,1.0319372199872596,0.9309399502666423,0.8196238076894817,0.6972539225207326,0.5610968160273264,0.4012940821118957,,,,,,,,0.34725536232974163
26100.0,1.4284722793830906,1.4215908335127674,1.4020874045391798,1.3697804440119778,1.3249594862609761,1.2680112255676104,1.199396959651015,1.1196163673288275,1.0291479328225837,0.9283448914398342,0.8172348489533136,0.6950736578967492,0.5591052970090196,0.3993789717852161,,,,,,,,0.3463495183778424
26160.0,1.42490602391796,1.4180382713583497,1.3985728959547343,1.3663291460888398,1.3215961914540362,1.2647601238183672,1.1962813086679713,1.1166580348302781,1.0263667397221723,0.9257575800598007,0.8148531869094284,0.6929001187961793,0.5571197927033409,0.39746868389248974,,,,,,,,0.345445949984603
26220.0,1.4213485824199523,1.4144945192691645,1.3950671879620948,1.362886625921352,1.318241628522962,1.2615176731195845,1.1931741801407483,1.113708035682756,1.0235936177013878,0.9231779904274341,0.8124787945225556,0.6907332814755386,0.5551402890579924,0.39556321225765506,,,,,,,,0.3445446639096837
26280.0,1.4177999488860489,1.4109595707829246,1.3915702728347374,1.3594528738256118,1.3148957853373209,1.2582838586428362,1.1900755564970282,1.1107663496059719,1.0208285437583697,0.9206060970169294,0.8101116453446535,0.6885731229523899,0.5531667719586922,0.39366254937839584,,,,,,,,0.34364566547889097
26340.0,1.4142601170602096,1.4074334191940825,1.3880821426294103,1.3560278799417436,1.3115586496395415,1.2550586654788318,1.1869854201131835,1.1078329562793126,1.0180714948960852,0.9180418745059107,0.807751713486796,0.6864196208891429,0.5511992271938667,0.39176668662273995,,,,,,,,0.34274895880191775
26400.0,1.41072908043891,1.4039160575591463,1.3846027891908308,1.3526116342374246,1.308230209046501,1.2518420786364717,1.183903753312482,1.104907835346779,1.015322448143201,0.9154852977970588,0.8053989735868787,0.6842727534964632,0.5492376404344146,0.38987561439028706,,,,,,,,0.34185454694875866
26460.0,1.4072068322765598,1.400407478701881,1.3811322041562362,1.349204126511227,1.3049104510509628,1.2486340830420848,1.1808305383643385,1.1019909664233167,1.0125813805731634,0.9129363420326504,0.8030534007756577,0.6821324994530584,0.5472819972236782,0.38798932224573973,,,,,,,,0.3409624320942699
26520.0,1.4036933655907866,1.3969076752183804,1.3776703789597935,1.3458053463957944,1.301599363022896,1.2454346635389186,1.1777657574845517,1.0990823291020289,1.0098482693211308,0.9103949826033481,0.8007149706427701,0.6799988378390427,0.545332282974291,0.3861077990304893,,,,,,,,0.34007261563782243
26580.0,1.4001886731676028,1.3934166394819956,1.3742173048368487,1.3424152833608587,1.298296932210736,1.2422438048869566,1.174709392836444,1.0961819029618898,1.0071230915986389,0.9078611951524105,0.7983836592037794,0.6778717480805252,0.5433884829696252,0.3842310329566101,,,,,,,,0.3391850983032474
26640.0,1.3966927475664472,1.389934363648143,1.3707729728280356,1.339033926716104,1.2950031457426332,1.2390614917630953,1.1716614265327516,1.0932896675756032,1.0044058247060166,0.9053349555763455,0.7960594428688736,0.6757512099034634,0.5414505823682663,0.38235901168663183,,,,,,,,0.33829988022300034
26700.0,1.393205581125078,1.3864608396589675,1.367337373783232,1.3356612656139275,1.2917179906277145,1.235887708761691,1.1686218406381592,1.0904056025173725,1.001696446042673,0.9028162400228283,0.7937422984135517,0.6736372032951651,0.5395185662104242,0.380491722401674,,,,,,,,0.33741696100956353
26760.0,1.3897271659643555,1.3829960592478632,1.363910498365381,1.3322972890520774,1.2884414537574276,1.232722440395482,1.1655906171723154,1.0875296873703597,0.9989949331154018,0.9003050248865969,0.7914322029514492,0.6715297084721062,0.5375924194255115,0.37862915186001445,,,,,,,,0.33653633981643294
26820.0,1.3862574939928713,1.3795400139438692,1.3604923370541668,1.32894198587622,1.285173521906945,1.2295656710968506,1.1625677381132327,1.0846619017337211,0.996301263544922,0.897801286803855,0.7891291339093335,0.6694287058529693,0.5356721268403691,0.3767712864477026,,,,,,,,0.33565801539053575
26880.0,1.382796556911444,1.376092695075913,1.3570828801495778,1.3255953447824407,1.2819141817366886,1.2264173852194227,1.1595531854009204,1.0818022252291166,0.9936154150708383,0.8953050026456398,0.7868330690042024,0.6673341760360239,0.5337576731877777,0.3749181122225369,,,,,,,,0.3347819861175305
26940.0,1.3793443462174875,1.3726540937769307,1.3536821177753435,1.3222573543197074,1.2786634197939826,1.2232775670399352,1.156546940941186,1.0789506375066529,0.9909373655552337,0.8928161495104995,0.7845439862224068,0.6652460997800927,0.5318490431149901,0.3730696149524414,,,,,,,,0.33390825006116526
27000.0,1.375900853209231,1.3692242009878477,1.3502900398822728,1.318928002892308,1.2754212225148158,1.2201462007603585,1.153548986609485,1.0761071182502226,0.9882670929850795,0.890334704716749,0.7822618638006484,0.663164457988521,0.5299462211921292,0.37122578014911933,,,,,,,,0.33303680499763827
27060.0,1.3724665882803828,1.3658054181012373,1.346914686690844,1.3156246154695634,1.2722176837749708,1.2170694249512564,1.150624549452142,1.0733588104242375,0.9857163537615508,0.8879998314655746,0.7801566995875486,0.6612955282759851,0.5283036095062161,0.36972794307652984,,,,,,,,0.33216143245607915
27120.0,1.3690420560561636,1.3623963443198002,1.3435489765582875,1.312330756588563,1.269023504516417,1.2140017775775194,1.1477089397486446,1.0706189516930438,0.9831736023379023,0.8856724001090809,0.7780583513028048,0.6594327183378291,0.526666249947663,0.36823134850605926,,,,,,,,0.3312855167821602
27180.0,1.3656272389135986,1.3589969617217033,1.3401928907392815,1.3090464062363094,1.2658386631533372,1.2109432353450322,1.1448021325628968,1.0678875158075802,0.9806388118424829,0.8833523842798164,0.775966794405241,0.6575759985800027,0.5250339491436536,0.3667368585486417,,,,,,,,0.3304100680482107
27240.0,1.3622221190710242,1.3556072522336018,1.336846410356297,1.3057715442967446,1.2626631380330682,1.2078937749356387,1.1419041029874328,1.0651644766139143,0.9781119555730221,0.8810397578136125,0.7738820037297954,0.6557253262557853,0.523406556834332,0.3652449210752753,,,,,,,,0.3295355817433775
27300.0,1.3588266785921919,1.3522271976345437,1.3335095164029582,1.3025061505535025,1.2594969074385605,1.204853373009857,1.1390148261464943,1.0624498080552265,0.9755930069915777,0.8787344946515052,0.7718039523520138,0.6538806490417233,0.5217839821217406,0.3637558123234999,,,,,,,,0.32866235643802677
27360.0,1.3554408993902776,1.3488567795597601,1.3301821897473576,1.2992502046926773,1.2563399495909031,1.2018220062096012,1.1361342771988925,1.059743484172925,0.9730819397090298,0.8764365686413284,0.7697326108694086,0.6520419119610348,0.5201661745601769,0.3622697203867188,,,,,,,,0.32779059403365446
27420.0,1.352064763231751,1.3454959795043617,1.3268644111353047,1.2960036863056106,1.253192242651894,1.1987996511609003,1.1332624313405995,1.0570454791057706,0.970578727450087,0.874145953293599,0.7676679474901765,0.6502090622912324,0.5185531077416985,0.3607867814625222,,,,,,,,0.32692044106005547
27480.0,1.348698251740166,1.3421447788269572,1.3235561611935447,1.292766574891684,1.2500537647266519,1.1957862844765625,1.1303992638068572,1.0543557670850687,0.9680833439970852,0.8718626215857672,0.7656099286742745,0.6483820518685027,0.5169447690176826,0.3593070982799125,,,,,,,,0.32605200898342485
27540.0,1.345341346399842,1.338803158753181,1.320257420432934,1.2895388498611235,1.2469244938662536,1.1927818827587506,1.1275447498734072,1.0516743224241913,0.9655957631217441,0.869586545872262,0.7635585199424252,0.6465608377073899,0.5153411534661562,0.35783075054992985,,,,,,,,0.3251853854671903
27600.0,1.341994028559464,1.3354711003791513,1.3169681692515756,1.2863204905378205,1.2438044080703703,1.1897864226013668,1.124698864856319,1.049001119502065,0.9631159585194443,0.8673176979033412,0.7615136866089771,0.6447453817750951,0.5137422603741718,0.35635780138072815,,,,,,,,0.32432064117269843
27660.0,1.338656279435599,1.3321485846748702,1.3136883879379353,1.2831114761621356,1.2406934852898752,1.1867998805920894,1.1218615841099313,1.046336132742127,0.9606439037584412,0.8650560489237051,0.7594753943440242,0.642935650423539,0.5121480911697651,0.35488830145760664,,,,,,,,0.32345783413588325
27720.0,1.335328080116149,1.3288355924875577,1.310418056673918,1.2799117858937157,1.2375917034293944,1.183822233313918,1.1190328830227374,1.04367933658945,0.9581795722506038,0.8628015698145962,0.757443609557376,0.6411316137349168,0.5105586481951195,0.3534222918965277,,,,,,,,0.32259701272579655
27780.0,1.3320094115637384,1.3255321045449375,1.3071571555379191,1.2767213988142747,1.2344990403497262,1.180853457346033,1.116212737011403,1.0410307054890222,0.9557229372443986,0.8605542312492944,0.7554182996330551,0.639333244896209,0.5089739339760382,0.3519598062662065,,,,,,,,0.32173821772436645
27840.0,1.3287002546190285,1.3222381014584668,1.3039056645078544,1.2735402939303584,1.2314154738700673,1.1778935292638881,1.1134011215134239,1.03839021386763,0.9532739718370162,0.8583140038419365,0.7533994330512845,0.6375405196467592,0.5073939507894712,0.35048919148593505,,,,,,,,0.32088148383584447
27900.0,1.325400590003996,1.318953563726535,1.3006635634641444,1.2703684501760324,1.2283409817700022,1.174942425638504,1.1105980119791832,1.0357578361208761,0.9508326490007433,0.8560808582785653,0.7513869794314996,0.6357534158093469,0.5058187004128872,0.3490018967482728,,,,,,,,0.32002684081182364
27960.0,1.3221103983251554,1.3156784717376009,1.2974308321926764,1.2672058464155007,1.2252755417911565,1.1720001230350645,1.1078033838641268,1.0331335466059253,0.9483989416184773,0.8538547654258031,0.7493809095229149,0.6339719129005315,0.5042481839859548,0.34751802633929313,,,,,,,,0.31917431430877413
28020.0,1.3188296600767373,1.3124128057733015,1.2942074503877086,1.2640524614456083,1.2222191316385216,1.1690665980109582,1.1050172126217488,1.030517319639841,0.9459728225238984,0.8516356964166142,0.7473811951621975,0.6321959918106284,0.5026824019420971,0.3460375953080365,,,,,,,,0.31832392655437314
28080.0,1.3155583556438155,1.309156546011517,1.29099339765473,1.260908273998194,1.2191717289814423,1.1661418271134965,1.1022394736978807,1.0279091295028577,0.943554264542791,0.8494236227148521,0.7453878092120223,0.6304256345425042,0.5011163386128981,0.34456061563965684,,,,,,,,0.3174756968739686
28140.0,1.3122964653053995,1.3059096725293855,1.2877886535132466,1.2577732627422944,1.2161333114542616,1.1632257868775047,1.0994701425265911,1.0253089504456758,0.9411432405330026,0.8472185161613366,0.7434007254898808,0.6286608239990145,0.49953559373169043,0.3430870967020865,,,,,,,,0.31662964211262534
28200.0,1.309043969237481,1.3026721653062738,1.2845931973994849,1.254647406286165,1.2131038566567154,1.1603184538230407,1.096709194527844,1.022716756699777,0.9387397234213911,0.8450203490044925,0.7414199186933341,0.6269015438102229,0.4979595441183791,0.34161704560899864,,,,,,,,0.3157857769778525
28260.0,1.3058008475160352,1.2994440042266955,1.2814070086690112,1.2515306831791218,1.2100833421541033,1.157419804453404,1.0939566051068905,1.0201325224898086,0.9363436862368383,0.8428290939184883,0.7394453643256682,0.6251477781929456,0.49638818759372033,0.3401504675181161,,,,,,,,0.31494411432110125
28320.0,1.3025670801199716,1.2962251690831572,1.2782300665992352,1.2484230719132139,1.207071745477337,1.1545298152535923,1.0912123496552735,1.017556222047194,0.9339551021388817,0.8406447240114931,0.737477038624367,0.6233995118364998,0.4948215213119717,0.33868736587891457,,,,,,,,0.314104665371358
28380.0,1.2993426469340226,1.2930156395789503,1.275062350391815,1.2453245509247282,1.2040690441229396,1.15164846268929,1.0884764035532661,1.0149878296242392,0.9315739444418987,0.8384672128263156,0.7355149184937977,0.6216529151433338,0.49325954179798776,0.3372277426401926,,,,,,,,0.3132674399307675
28440.0,1.2961275277515785,1.2898153953308533,1.2719038391749447,1.242235098595562,1.201075215553063,1.1487757232064697,1.085748742173496,1.0124273195081976,0.9292001866350199,0.8362965343352948,0.7335589814427877,0.6199028279745712,0.4917022449851126,0.3357715984254591,,,,,,,,0.31243244653982327
28500.0,1.2929217022774477,1.286624415871768,1.2687545120055204,1.2391546932544861,1.1980902371955988,1.145911573231601,1.083029340885522,1.0098746660348614,0.926833802398065,0.8341326629309695,0.7316092055273672,0.6181582027557025,0.49014962625267644,0.33431893268225255,,,,,,,,0.3115996926179195
28560.0,1.2897251501305544,1.2834426806532506,1.2656143478712107,1.2360833131783175,1.1951140864444254,1.143055989172462,1.0803181750611293,1.0073298436013671,0.9244747656138946,0.83197557341375,0.7296655692986284,0.6164190253339165,0.48860168046232605,0.33286974381014034,,,,,,,,0.3107691845837683
28620.0,1.2865378508465288,1.2802701690479632,1.2624833256924053,1.2330209365930593,1.1921467406598454,1.140208947419516,1.0776152200801106,1.0047928266780224,0.922123050377585,0.8298252409775422,0.7277280517555119,0.6146852817102305,0.4870584019927646,0.3314240292711375,,,,,,,,0.3099409279592115
28680.0,1.283359783880242,1.2771068603520284,1.2593614243240845,1.229967541674997,1.1891881771692336,1.137370424347798,1.0749204513363508,1.002263589819043,0.9197786310028517,0.8276816411940892,0.7257966323022197,0.6129569580045727,0.48551978477266183,0.3299817856855124,,,,,,,,0.30911492745924646
28740.0,1.280190928608224,1.2739527337872876,1.2562486225576086,1.2269231065518305,1.1862383732679134,1.1345403963192315,1.072233844244031,0.9997421076721233,0.9174414820260918,0.8255447499965879,0.7238674771921689,0.6112340404273265,0.4839858223116232,0.32854300891535065,,,,,,,,0.30829118707050535
28800.0,1.2770312643310162,1.270807768503481,1.2531448991224197,1.2238876093038114,1.1832973062202714,1.1317188396853401,1.0695553742438253,0.9972283549868479,0.9151115782084385,0.8234145436630305,0.7219392586787645,0.6095165152561663,0.4824565077292157,0.3271076941378152,,,,,,,,0.3074697101200161
28860.0,1.2738806102919038,1.2676711954535997,1.2500477305789313,1.2208556370661896,1.1803555877092595,1.1288913670398,1.0668646992193191,0.9946951397947498,0.9127540117987178,0.821247483417389,0.719962007586471,0.6077368582421578,0.48084615231533895,0.3255590130542948,,,,,,,,0.3066524726735609
28920.0,1.270738787489303,1.264543428095661,1.2469592969842762,1.217832279463998,1.1774223105619115,1.1260721051687912,1.0641819420634266,0.9921694822232743,0.9104035717936438,0.8190870480022967,0.7179908374452038,0.6059626628874013,0.4792406051976807,0.3240148915384958,,,,,,,,0.305838384127268
28980.0,1.2676057777400198,1.2614244480876984,1.2438795795499755,1.2148175170085502,1.1744974543931668,1.1232610326730181,1.0615070803771747,0.9896513591524069,0.9080602351101142,0.816933215786169,0.7160257299929219,0.604193919333212,0.4776399218060185,0.32247500034536447,,,,,,,,0.305027133620523
29040.0,1.264481562781359,1.258314237011401,1.2408085594195932,1.2118113301558993,1.1715809987799208,1.1204581281415351,1.0588400917960676,0.9871407475725122,0.9057239788715931,0.8147859654163371,0.7140666674823067,0.6024306222656575,0.47604413655645095,0.3209391703949585,,,,,,,,0.3042185663893292
29100.0,1.261366124272973,1.2552127763738592,1.2377462176702732,1.208813699308327,1.168672923263137,1.1176633701553496,1.0561809539951108,0.9846376245879804,0.9033947804056185,0.8126433003381216,0.712113633030053,0.6006727693985645,0.4744532623949522,0.3194072950080684,,,,,,,,0.3034125884189063
29160.0,1.2582594437986676,1.2521200476092733,1.2346925353142721,1.2058246048159282,1.1657732073500904,1.114876737291034,1.0535296446934508,0.9821419674202073,0.9010726172437515,0.8105004738074358,0.710166610820319,0.5989203590697769,0.47286729884954404,0.3178792982264775,,,,,,,,0.3026091355645367
29220.0,1.2551615028681478,1.2490360320806333,1.2316474933005188,1.2028440269782825,1.162881830516734,1.112098208124322,1.0508861416586628,0.9796537534103393,0.8987574671268768,0.8083641916457281,0.7082255860411454,0.5971733886612901,0.4712862378627327,0.31635512161906437,,,,,,,,0.30180816069980426
29280.0,1.2520722829187332,1.2459607110813609,1.2286110725161996,1.1998719460462246,1.1599987722101595,1.1093277612336423,1.0482504227107161,0.9771729600224373,0.896449308016582,0.8062344338711569,0.7062905446458818,0.5954318539197735,0.46971006718869773,0.314834717768987,,,,,,,,0.3010096273770432
29340.0,1.2489917653170288,1.2428940658369538,1.2255832537883753,1.196908342223682,1.157124011851131,1.1065653752035751,1.0456224657257687,0.9746995648476815,0.8941481181100136,0.8041111809710487,0.7043614730682374,0.5936957488224747,0.46813877229669276,0.31331804666156143,,,,,,,,0.3002135063136514
29400.0,1.2459199313605829,1.2398360775066113,1.222564017885628,1.1939531956695963,1.1542575288366546,1.103811028628244,1.0430022486399375,0.9722335456098086,0.8918538758539174,0.8019944138818011,0.7024383579694831,0.591965065700234,0.46657233744149307,0.3118050735071798,,,,,,,,0.29941977327565883
29460.0,1.2428567622795141,1.2367867271848665,1.2195533455197491,1.1910064864999084,1.1513993025425986,1.1010647001146472,1.0403897494532073,0.9697748801714456,0.8895665599541138,0.7998841139439575,0.7005211860462061,0.5902397954544399,0.4650107462732901,0.3102957673453476,,,,,,,,0.2986284077214388
29520.0,1.2398022392381558,1.233745995903224,1.2165512173474697,1.1880681947895981,1.1485493123263315,1.0983263682859636,1.0377849462335647,0.9673235465405933,0.8872861493784261,0.7977802628442742,0.6986099438988904,0.5885199277891646,0.4634539821890514,0.3087901001058152,,,,,,,,0.297839391890011
29580.0,1.236756343336679,1.2307138646318088,1.2135576139722164,1.1851383005747786,1.145707537529386,1.0955960117848953,1.0351878171213238,0.9648795228764282,0.8850065837024826,0.7956828425545006,0.6967046179505341,0.5868054514252037,0.4619020285357366,0.3072880459527583,,,,,,,,0.29705271016451107
29640.0,1.233719055612729,1.2276903142810338,1.2105725159459242,1.1822167838548348,1.1428739574801325,1.0928736092770353,1.0325983403335206,0.9624427874937446,0.8827324535952271,0.7935918352732841,0.6948051944024332,0.5850963542848964,0.4603548687269606,0.30578958081237095,,,,,,,,0.29626834861387835
29700.0,1.23069035704308,1.2246753257032839,1.2075959037708672,1.1793036245946011,1.1400485514964993,1.0901591394542882,1.0300164941681793,0.9600133188655899,0.8804651938244633,0.791507223374683,0.6929116592158236,0.5833926236465119,0.45881248630825894,0.30429468202379795,,,,,,,,0.2954862946543374
29760.0,1.227670228545288,1.2216688796946291,1.2046277579015325,1.176398802726574,1.1372312988887134,1.0874525810383133,1.0274422570082689,0.9575910956239589,0.8782047842096188,0.7894289893646373,0.6910239981105762,0.5816942462709964,0.45727486499150566,0.3028033280756298,,,,,,,,0.2947065367939439
29820.0,1.2246586509793866,1.2186709569965588,1.2016680587465343,1.1735022981531666,1.1344221789620732,1.0847539127839423,1.0248756073251482,0.9551760965586128,0.8759512047737086,0.7873571158454868,0.6891421965745603,0.580001208505091,0.4557419886707219,0.30131549840333716,,,,,,,,0.2939290644362688
29880.0,1.221655605149584,1.2156815382977402,1.1987167866705544,1.1706140907489884,1.1316211710197406,1.0820631134825098,1.0223165236813914,0.9527683006142376,0.8737044357245567,0.7852915854878704,0.6872662398792257,0.578313496364888,0.4542138414266947,0.2998311732310799,,,,,,,,0.29315386772712615
29940.0,1.2186610718059911,1.2127006042358097,1.1957739219963122,1.1677341603631708,1.1288282543655555,1.0793801619650563,1.0197649847329013,0.9503676868862577,0.8714644574366349,0.7832323810090738,0.685396113098403,0.5766310956034396,0.452690407524951,0.2983503334464756,,,,,,,,0.2923809374332611
30000.0,1.2156750316463831,1.2097281353991851,1.1928394450065796,1.1648624868217115,1.1260434083068303,1.076705037105317,1.0172209692303,0.9479742346156128,0.8692312504340345,0.7811794851567662,0.6835318011283591,0.5749539917654972,0.4511716714099175,0.2968729605002692,,,,,,,,0.2916102648451792
30060.0,1.2126974653179743,1.2067641123289226,1.1899133359462135,1.1619990499298454,1.123266612157112,1.0740377178224525,1.0146844560196095,0.9455879231828304,0.867004795374894,0.7791328806971564,0.6816732887078709,0.5732821702318923,0.4496576176970204,0.295399036325091,,,,,,,,0.2908418416984676
30120.0,1.2097283534192345,1.2038085155205773,1.1869955750242287,1.1591438294744305,1.120497845238895,1.0713781830834983,1.0121554240422712,0.9432066675073182,0.8647850730374014,0.7770925504066716,0.6798205604375498,0.5716156162555932,0.4481482311638138,0.29392854326905515,,,,,,,,0.29007566010949815
30180.0,1.2067676765017197,1.2008613254261125,1.1840861424158882,1.156296805226345,1.1177370868862455,1.0687264119054993,1.0096338523345876,0.9408280178343044,0.8625720643074068,0.7750584770664152,0.6779736007980036,0.5699543149910788,0.4466434967408183,0.29246146404102014,,,,,,,,0.28931171252242355
30240.0,1.203815415071943,1.197922522455834,1.1811850182648238,1.1534579569428702,1.1149843164473163,1.0660823833573125,1.0071197200266597,0.9384564745135059,0.8603657501675764,0.7730306434587705,0.6761323941666105,0.5682982515183265,0.4451433995024789,0.2909977816651276,,,,,,,,0.2885499916651548
30300.0,1.2008715495932627,1.1949920869803472,1.1782921826851747,1.1506272643700712,1.1122395132867466,1.0634460765610994,1.004613006340917,0.9360920173099049,0.8581661116879961,0.7710090323656404,0.6742969248328394,0.5666474108624526,0.44364792465847824,0.28953747944278246,,,,,,,,0.2877904905125456
30360.0,1.197936060487811,1.1920699993325397,1.1754076157637376,1.1478047072451314,1.1095026567879207,1.0608174706934859,1.0021136905903099,0.9337346260975083,0.8559731300180851,0.7689936265679208,0.672467177012109,0.5650017780098371,0.44215705754554324,0.2880805409206587,,,,,,,,0.28703320225540707
30420.0,1.1950089281384368,1.189156239809589,1.17253129756213,1.1449902652986592,1.1067737263550572,1.0581965449864479,0.9996217521762564,0.9313842808532738,0.8537867863797023,0.7669844088458734,0.6706431348582715,0.5633613379213963,0.44067078361980655,0.28662694986361703,,,,,,,,0.2862781202742732
30480.0,1.192090132890678,1.186250788674997,1.1696632081189577,1.1421839182569398,1.1040527014151604,1.0555832787279174,0.9971371705864233,0.929040961651409,0.8516070620612802,0.7649813619801515,0.6688247824747842,0.5617260755435294,0.43918908844974475,,,,,,,,,0.285525238117085
30540.0,1.189179655054761,1.1833536261606297,1.1668033274519614,1.139385645844117,1.1013395614197874,1.0529776512621383,0.9946599253923686,0.9267046486580514,0.8494339384128828,0.7629844687532786,0.6670121039246888,0.5600959758171709,0.4377119577096832,,,,,,,,,0.2847745494801062
30600.0,1.1862774749076108,1.1804647324687818,1.1639516355601762,1.1365954277843169,1.0986342858466756,1.050379641989823,0.9921899962471378,0.924375322126359,0.8472673968420529,0.760993711951424,0.6652050832394979,0.5584710236852906,0.4362393771738505,,,,,,,,,0.284026048191533
30660.0,1.183383869279306,1.1775854843734561,1.1611127902278138,1.133823328169795,1.0959543830302496,1.0478161315964207,0.9897654476013453,0.9221061028858272,0.8451754152631087,0.7590938522116768,0.6635079071136789,0.5569795802939413,0.4349359232425172,,,,,,,,,0.283275956040462
30720.0,1.180499111463662,1.1747150465590632,1.1582826498696897,1.1310597577655122,1.0932827632043973,1.0452605882975508,0.9873484827929695,0.9198440394353722,0.8430900878228055,0.7572000992608444,0.6618162558490226,0.5554930513492002,0.4336365889937749,,,,,,,,,0.2825263883259795
30780.0,1.1776231764101022,1.1718533939549547,1.1554611893699294,1.1283046914443826,1.0906194013607373,1.0427129874583887,0.9849390779409156,0.9175891090217645,0.841011393377661,0.7553124337570343,0.6601301116824362,0.5540114125496831,0.4323412295819975,,,,,,,,,0.2817779194510103
30840.0,1.1747560390705465,1.1690005014968536,1.1526483836300379,1.1255581041147027,1.0879642725494145,1.0401733045259713,0.982537209260623,0.9153412889846156,0.8389393108494548,0.7534308363699087,0.6584494561977681,0.552534630678107,0.4310497624648202,,,,,,,,,0.28103083757144454
30900.0,1.1718976744014804,1.1661563441289036,1.1498442075708746,1.1228199707217612,1.08531735187984,1.0376415150284755,0.9801428530616649,0.9131005567531564,0.8368738192216656,0.7515552877216769,0.6567742696382847,0.5510626679823885,0.4297621478986834,,,,,,,,,0.2802853165222934
30960.0,1.1690480573660258,1.1633208968057063,1.14704863613454,1.1200902662493375,1.0826786145213154,1.0351175945744253,0.9777559857454255,0.9108668898430874,0.8348148975301174,0.7496857682706173,0.6551045306062767,0.5495954869071051,0.4284783686718873,,,,,,,,,0.2795414730983457
31020.0,1.1662071629359636,1.1604941344943218,1.1442616442862357,1.1173689657211214,1.0800480357035582,1.0326015188518542,0.9753742652221381,0.9086402658528329,0.8327625248428783,0.7478222581772928,0.6534402162703161,0.5481330526675064,0.4271984187512518,,,,,,,,,0.2787993912338702
31080.0,1.1633749660937591,1.1576760321762367,1.1414832070160443,1.114656044202026,1.077425590717124,1.0300932636274407,0.9729985483078862,0.9064206624581154,0.8307166802289961,0.7459647372083935,0.6517813028478009,0.5466753341001152,0.4259222974310055,,,,,,,,,0.2780591340261469
31140.0,1.1605514418345382,1.1548665648492906,1.1387132993406477,1.1119514767994196,1.074811254913738,1.0275928047455936,0.970630267225305,0.9042080574038956,0.8286773427216466,0.7441131847059207,0.6501277661249468,0.5452223036122607,0.424650006328112,,,,,,,,,0.27732075043774007
31200.0,1.1577365651680418,1.1520657075295682,1.1359518963049877,1.109255238664272,1.0722050037065534,1.0251001181274675,0.9682693986436715,0.9020024284934679,0.8266444912838377,0.7422675796179005,0.6484795818893143,0.5437739367666331,0.42338154782421994,,,,,,,,,0.27658427935393254
31260.0,1.1549303111205407,1.1492734352532334,1.1331989729838605,1.1065673049922151,1.0696068125703302,1.0226151797698684,0.9659159193109915,0.8998037535754947,0.8246181047832983,0.7404279005708422,0.6468367262399346,0.5423302117709808,0.42211692425585784,,,,,,,,,0.2758497521960559
31320.0,1.1521326547367017,1.1464897230783264,1.1304545044834327,1.1038876510245303,1.0670166570415274,1.020137965743951,0.9635698060494088,0.8976120105304106,0.8225981619797524,0.738594125962294,0.6451991757848506,0.5408911089898596,0.42085613750098044,,,,,,,,,0.2751171946877133
31380.0,1.149343571081415,1.143714546086495,1.127718465942709,1.1012162520490483,1.0644345127182966,1.0176684521936528,0.9612310357498293,0.8954271772577581,0.8205846415245991,0.7367662340567459,0.6435669077507482,0.5394566105200587,0.4195991887797868,,,,,,,,,0.27438662809528314
31440.0,1.146563035241572,1.1409478793846857,1.1249908325349167,1.0985530834009718,1.0618603552603567,1.015206615333808,0.9588995853660289,0.8932492316657171,0.8185775219709743,0.7349442030743635,0.6419399000299747,0.5380266998378077,0.4183460785728727,,,,,,,,,0.27365807012701315
31500.0,1.1437910223277854,1.1381896981067647,1.1222715794688385,1.0958981204636218,1.0592941603887323,1.0127524314479501,0.9565754319085856,0.8910781516636263,0.8165767817913252,0.7331280112672333,0.6403181311858073,0.5366013615123794,0.41709680660376225,,,,,,,,,0.2729315356019515
31560.0,1.1410275074760698,1.1354399774150872,1.1195606819900472,1.0932513386690876,1.056735903885323,1.0103058768858155,0.9542585524390407,0.8889139151577484,0.8145823993995971,0.7313176369813483,0.6387015804315522,0.5351805809764187,0.41585137185624893,,,,,,,,,0.2722070369587774
31620.0,1.138272465849439,1.1326986925020097,1.1168581153821089,1.0906127134987753,1.0541855615923124,1.0078669280606478,0.9519489240646136,0.8867565000501854,0.8125943531755597,0.7295130587046774,0.6370902275944023,0.5337643443428906,0.4146097726098117,,,,,,,,,0.2714845846502765
31680.0,1.1355258726394843,1.1299658185913362,1.1141638549676878,1.0879822204838594,1.051643109411408,1.0054355614464046,0.9496465239337282,0.8846058842405373,0.8106126214893576,0.7277142551027503,0.6354840530714511,0.5323526382595687,0.4133720064835186,,,,,,,,,0.2707641874542348
31740.0,1.1327877030678606,1.127241330939702,1.111477876109573,1.0853598352056268,1.0491085233029271,1.0030117535749696,0.9473513292325199,0.8824620456297962,0.8086371827249603,0.7259212050436118,0.6338830377826802,0.5309454497934586,0.41213807048296724,,,,,,,,,0.2700458527220204
31800.0,1.1300579323877233,1.1245252048378926,1.1088001542116361,1.0827455332956963,1.0465817792847691,1.0005954810334927,0.945063317182369,0.8803249621259169,0.8066680153016673,0.724133887614073,0.632287163123951,0.5295427663389721,0.4109079610471582,,,,,,,,,0.26932958657988854
31860.0,1.1273365358851062,1.1218174156120928,1.1061306647197011,1.0801392904361404,1.0440628534312892,0.9981867204619332,0.942782465038462,0.8781946116505185,0.8047050976932068,0.7223522821290266,0.6306964109218158,0.5281445755449068,0.4096816740936222,,,,,,,,,0.2686153940938598
31920.0,1.1246234888802285,1.1191179386250685,1.10346938312232,1.0775410823594964,1.0415517218721286,0.995785448550901,0.9405087500893003,0.8760709721462706,0.8027484084442437,0.720576368135368,0.6291107633911655,0.5267508652563366,0.40845920506093647,,,,,,,,,0.2679032794061421
31980.0,1.121918766728731,1.116426749277275,1.1008162849514727,1.0749508848486884,1.0390483607910395,0.9933916420398357,0.9382421496570563,0.8739540215845513,0.8007979261843053,0.7188061254118324,0.6275302030962085,0.5253616234683288,0.40724054894824346,,,,,,,,,0.26719324584903903
32040.0,1.1192223448228589,1.1137438230078882,1.0981713457831779,1.072368673736864,1.0365527464247404,0.9910052777155448,0.9359826410986348,0.871843737973082,0.7988536296392544,0.7170415339657983,0.6259547129149391,0.5239768382890717,0.4060257003516852,,,,,,,,,0.2664852960408611
32100.0,1.1165341985925508,1.11106913529576,1.0955345412380126,1.0697944249071736,1.0340648550618345,0.9886263324111285,0.9337302018073186,0.8697400993633081,0.796915497640506,0.7152825740279103,0.6243842760070565,0.5225964979104974,0.4048146534978107,,,,,,,,,0.26577943196728643
32160.0,1.11385430350647,1.108402661660299,1.09290584698156,1.0672281142924969,1.0315846630418348,0.9862547830052569,0.9314848092148529,0.8676430838573534,0.7949835091322216,0.7135292260451883,0.6228188757851718,0.521220590584905,0.4036074022741161,,,,,,,,,0.2650756550508588
32220.0,1.1111826350729483,1.1057443776622702,1.090285238724773,1.0646697178751403,1.0291121467542907,0.9838906064218094,0.9292464407938568,0.865552669614449,0.7930576431767274,0.7117814706731446,0.6212584958890817,0.5198491046063813,0.4024039402569076,,,,,,,,,0.26437396621073267
32280.0,1.1085191688408709,1.103094258904523,1.0876726922242925,1.0621192116865281,1.0266472826380646,0.9815337796298146,0.9270150740604395,0.8634688348567657,0.7911378789584036,0.7100392887673083,0.6197031201628496,0.5184820282960863,0.40120426073670823,,,,,,,,,0.2636743659143319
32340.0,1.1058638804004617,1.1004522810326334,1.08506818328267,1.0595765718068917,1.0241900471807364,0.9791842796436829,0.9247906865769381,0.86139155787462,0.7892241957862531,0.7083026613744515,0.6181527326344362,0.5171193499906435,0.4000083567414086,,,,,,,,,0.2629768542222553
32400.0,1.1032167453840127,1.0978184197354908,1.08247168774858,1.0570417743649723,1.0217404169181696,0.9768420835236725,0.9225732559546908,0.8593208170310558,0.7873165730953728,0.7065715697237538,0.6166073174976248,0.5157610580330357,0.39881622105738296,,,,,,,,,0.2622814308275119
32460.0,1.1005776033919015,1.0951920033896947,1.079881008652214,1.054510107578711,1.0192902141462568,0.9744946441225389,0.920344114032403,0.8572317813736756,0.7853831870782859,0.7048062446750349,0.615017828225275,0.5143463978836731,0.39754910095755963,,,,,,,,,0.2615898956982707
32520.0,1.0979462957115989,1.0925733886145992,1.0772980399365852,1.0519859998842347,1.0168473601692785,0.972154285771627,0.9181217490619151,0.8551491465671242,0.7834557750691952,0.703046421375834,0.6134333325510531,0.5129362004964019,0.39628593471790546,,,,,,,,,0.2609012157661904
32580.0,1.0953228005602398,1.0899625536646842,1.074722759958323,1.0494694298177618,1.014411833784926,0.9698172653973184,0.9159061405248241,0.8530728926739283,0.7815343180708496,0.7012920824569068,0.611853815776961,0.5115304587200776,0.3950267796153889,,,,,,,,,0.2602151232829575
32640.0,1.0927070961850092,1.0873594768252703,1.0721551471066195,1.0469603759495358,1.011983613825491,0.9674871779773169,0.9136972679499928,0.8510029998308234,0.7796187972011643,0.6995432106995038,0.6102792636310552,0.5101291696495533,0.39377165833554434,,,,,,,,,0.25953147929389925
32700.0,1.090099160863574,1.0847641364128489,1.0695951798033472,1.0444588168837876,1.0095626791581311,0.9651641270114829,0.9114951109158776,0.8489394482507804,0.7777091936926026,0.6977997890560287,0.6087096625746239,0.508732332366876,0.3925205723289193,,,,,,,,,0.258850197599367
32760.0,1.0874989729044573,1.0821765107753776,1.0670428365031601,1.0419647312587668,1.0071490086852086,0.9628480916747696,0.9092996490526783,0.8468822182247165,0.7758054888939234,0.696061800696509,0.6071449999233745,0.5073399456913524,0.39127351261577314,,,,,,,,,0.25817121855584774
32820.0,1.0849065106473925,1.0795965782925423,1.0644980956936037,1.0394780977468194,1.004742581344729,0.960539051182635,0.9071108620443213,0.8448312901232108,0.7739076642765119,0.6943292290625566,0.6055852637372631,0.505952007022269,0.3900304653352106,,,,,,,,,0.2574944978387314
32880.0,1.0823217524636035,1.0770243173759915,1.0619609358952382,1.036998895054523,1.0023433761108516,0.958236984792303,0.9049287296303168,0.8427866443987021,0.7720157014454784,0.6926020579045377,0.6040304425896691,0.5045685119947876,0.3887914144509024,,,,,,,,,0.2568200008139603
32940.0,1.0797446767560925,1.0744597064695487,1.0594313356617684,1.0345271019228723,0.999951371994456,0.955941871804015,0.9027532316075667,0.8407482615886253,0.7701295821531504,0.6908802712899181,0.6024805253238376,0.503189454542747,0.38755634307965475,,,,,,,,,0.2561476993913956
33000.0,1.0771752619598636,1.0719027240494206,1.0569092735801904,1.032062697127524,0.9975665480437615,0.9536536915622816,0.9005843478322526,0.8387161223195932,0.7682492883114709,0.6891638535845996,0.6009355008518096,0.5018148271174954,0.3863252341509147,,,,,,,,,0.2554775701187658
33060.0,1.0746134865421584,1.0693533486243827,1.0543947282709576,1.0296056594790675,0.9951888833449878,0.9513724234571329,0.8984220582219147,0.8366902073123379,0.7663748020004402,0.6874527894160065,0.5993953580104641,0.5004446209407418,0.38509807073268904,,,,,,,,,0.25480959295508565
33120.0,1.072059329002648,1.0668115587359683,1.0518876783881663,1.0271559678233593,0.9928183570230494,0.9490980469254112,0.8962663427577708,0.8346704973868223,0.7645061054712081,0.685747063627483,0.5978600854695002,0.4990788262406456,0.38387483618672447,,,,,,,,,0.25414375044328535
33180.0,1.0695127678736447,1.0642773329586548,1.0493881026197627,1.024713601041881,0.9904549482422933,0.946830541452118,0.8941171814872645,0.8326569734668888,0.7626431811437695,0.6840466612314263,0.5963296716797859,0.4977174324543204,0.3826555142346329,,,,,,,,,0.2534800271307203
33240.0,1.0669737817202747,1.0617506499000529,1.0468959796877706,1.0222785380521366,0.9880986362072682,0.9445698865718419,0.8919745545267459,0.8306496165838937,0.7607860116001366,0.6823515673658235,0.5948041048503996,0.49636042839462907,0.3814400889772423,,,,,,,,,0.2528184091506382
33300.0,1.0644423491406876,1.0592314882011056,1.0444112883485404,1.0198507578080924,0.9857494001635415,0.9423160618702752,0.8898384420641396,0.8286484078790141,0.7589345795742123,0.680661767256571,0.5932833729448028,0.49500780238476694,0.38022854488963703,,,,,,,,,0.25215888391207647
33360.0,1.0619184487662294,1.056719826536284,1.0419340073930252,1.0174302393006434,0.9834072193985627,0.9400690469857932,0.8877088243614495,0.826653328604097,0.7570888679396424,0.6789772461863774,0.5917674636890293,0.49365954236573706,0.3790208668040373,,,,,,,,,0.2515014398650841
33420.0,1.0594020592616529,1.054215643613814,1.0394641156470736,1.0150169615581157,0.9810720732425758,0.9378288216110785,0.8855856817569595,0.8246643601210928,0.7552488596967427,0.6772979894701018,0.5902563645868956,0.4923156359817712,0.3778170398871828,,,,,,,,,0.2508460663196671
33480.0,1.0568931593253184,1.051718918175898,1.037001591971752,1.0126109036468032,0.978743941069579,0.9355953654947383,0.8834689946670313,0.8226814839002571,0.753414537959341,0.6756239824358928,0.5887500629388758,0.49097607064812265,0.37661704961585685,,,,,,,,,0.25019275330391455
33540.0,1.054391727689407,1.049229628998961,1.034546415263687,1.010212044671549,0.976422802298321,0.933368658442876,0.8813587435874214,0.820704681517335,0.7515858859421409,0.6739552104112865,0.5872485458624326,0.4896408336048847,0.37542088175251676,,,,,,,,,0.24954149145126298
33600.0,1.0518977431201544,1.0467477548939086,1.0320985644554352,1.007820363776349,0.9741086363933271,0.931148680320562,0.8792549090941049,0.8187339346499773,0.7497628869489918,0.6722916587134045,0.5857518003124286,0.4883099119597806,0.3742285223220577,,,,,,,,,0.2488922719098122
33660.0,1.0494111844180913,1.0442732747064039,1.0296580185158808,1.0054358401449968,0.9718014228659325,0.928935411053173,0.8771574718436089,0.8167692250736257,0.7479455243622776,0.6706333126424451,0.584259813100789,0.4869832927222402,0.3730399575901884,,,,,,,,,0.2482450862685799
33720.0,1.0469320304183032,1.0418061673171672,1.027224756450652,1.0030584530017537,0.9695011412753143,0.9267288306275687,0.875066412572882,0.8148105346570806,0.7461337816335161,0.6689801574777626,0.5827725709149459,0.4856609628306099,0.371855174043606,,,,,,,,,0.24759992649693643
33780.0,1.0444602599906987,1.0393464116422906,1.0247987573025719,1.0006881816120397,0.9672077712294971,0.9245289190930723,0.8729817120987597,0.8128578453579289,0.7443276422751791,0.6673321784759417,0.581290060334841,0.484342909173915,0.3706741583719866,,,,,,,,,0.24695678489443576
33840.0,1.0419958520403174,1.0368939866335707,1.022380000152123,0.9983250052831513,0.9649212923863193,0.9223356565622585,0.870903351317077,0.8109111392179698,0.7425270898536673,0.6656893608703802,0.5798122678484037,0.483029118609303,0.36949689745171266,,,,,,,,,0.2463156540489207
33900.0,1.039538785507631,1.034448871278874,1.019968464117951,0.995968903364971,0.9626416844543413,0.9201490232115371,0.868831311201494,0.8089703983587505,0.7407321079833699,0.6640516898719843,0.5783391798655263,0.48171957797605425,0.36832337833122303,,,,,,,,,0.24567652680128968
33960.0,1.03708903936888,1.0320110446025133,1.0175641283573675,0.9936198552506981,0.96036892719369,0.9179689992815385,0.866765572802091,0.8070356049772909,0.7389426803217004,0.6624191506706704,0.5768707827305951,0.4804142741068434,0.3671535882178464,,,,,,,,,0.24503939621566959
34020.0,1.0346465926364365,1.0295804856656425,1.0151669720668932,0.9912778403775585,0.9581030004168214,0.9157955650773144,0.8647061172437975,0.8051067413420483,0.7371587905649942,0.6607917284374245,0.5754070627336876,0.47911319383680545,0.36598751446597694,,,,,,,,,0.24440425555400816
34080.0,1.0322114243591685,1.0271571735666916,1.0127769744827975,0.9889428382275066,0.9558438839892032,0.9136287009683594,0.8626529257247,0.8031837897891566,0.7353804224451707,0.659169408326735,0.5739480061205372,0.4778163240108367,0.3648251445664605,,,,,,,,,0.24377109825432053
34140.0,1.0297835136228402,1.024741087441794,1.010394114881657,0.9866148283279025,0.9535915578299012,0.9114683873884825,0.8606059795142802,0.8012667327189571,0.7336075597270494,0.6575521754792524,0.572493599101385,0.4765236514894677,0.3636664661370556,,,,,,,,,0.24313991791195957
34200.0,1.027362839550534,1.0223322064652507,1.0080183725809195,0.9842937902521655,0.9513460019120836,0.9093146048355428,0.8585652599516128,0.7993555525928286,0.7318401862062325,0.6559400150245681,0.5710438278588315,0.47523516315359543,0.3625114669138623,,,,,,,,,0.2425107082634178
34260.0,1.0249495067119743,1.0199311123530834,1.0056517533859566,0.9819840792160647,0.9491148127773277,0.9071797684567986,0.8565482054657919,0.7974734941583876,0.7301081633221335,0.6543703515525917,0.5696450247362833,0.47400858313655636,0.36143581200738917,,,,,,,,,0.2418817377165688
34320.0,1.0225436181936258,1.0175374274480178,1.003292445037159,0.9796815163478806,0.9468905468171916,0.9050515838764884,0.85453746439316,0.7955973616973225,0.7283816379646206,0.6528057257682921,0.5682507781572174,0.47278606402399603,0.36036360807204554,,,,,,,,,0.24125400770057415
34380.0,1.0201451509612227,1.0151511287910426,1.000940424788555,0.9773860792741084,0.9446731822185883,0.9029300300130187,0.8525330167032452,0.7937271364929506,0.7266605929041806,0.6512461219152684,0.5668610735561906,0.471567588217966,0.3592947777608781,,,,,,,,,0.24062775775777281
34440.0,1.017754082033272,1.0127721934768201,0.9985956699505992,0.9750977456824651,0.9424621029814524,0.9008150858582135,0.8505348424385012,0.7918627998887925,0.7249450109454346,0.6496915242367411,0.5654758960689129,0.47035313409309265,0.3582215444517828,,,,,,,,,0.2400031110949493
34500.0,1.015370388481478,1.0104005986541456,0.9962581578906452,0.9728164933222779,0.9402561061887426,0.8987067304765571,0.8485429217126427,0.7900043332866952,0.7232348749259706,0.6481419169524856,0.5640952302461335,0.4691426783420146,0.3571283692099771,,,,,,,,,0.23938014183376294
34560.0,1.0129940474312016,1.00803632152641,0.9939278660334094,0.9705423000048287,0.9380569573167677,0.8966049430044063,0.8465572347090609,0.7881517181450803,0.7215301677129744,0.6465972842131756,0.5627190599497294,0.4679361981483003,0.35603842988881046,,,,,,,,,0.23875889900651157
34620.0,1.0106250360619011,1.0056793393520533,0.991604771861411,0.9682751436036476,0.9358646347708626,0.8945097026491815,0.84457776167931,0.786304935977059,0.7198308721958293,0.6450576100491063,0.561347368463023,0.4667336722267385,0.3549517226371698,,,,,,,,,0.2381394170416067
34680.0,1.0082633316076017,1.003329629445021,0.9892888529153882,0.9660150020547698,0.9336791170239063,0.8924209886885379,0.842604482941634,0.7844639683480191,0.7181369712745836,0.643522878334858,0.5599801387069064,0.4655350810781901,0.3538682451357093,,,,,,,,,0.2375217210692765
34740.0,1.0059089113573347,1.0009871691752072,0.9869800867946936,0.9637618533569403,0.9315003826161133,0.8903387804695346,0.8406373788794623,0.7826287968723312,0.7164484478464157,0.6419930727800924,0.5586173534620252,0.4643404068747109,0.3527879953962459,,,,,,,,,0.23690582990629336
34800.0,1.003561752655576,0.9986519359688859,0.9846784511576635,0.9615156755717847,0.9293284101547876,0.8882630574077823,0.8386764299397854,0.7807994032090891,0.7147652847931243,0.6404681769444303,0.5572589955483049,0.4631496332163718,0.35171097122299083,,,,,,,,,0.2362917578717759
34860.0,1.0012218329027003,0.9963239073091358,0.9823839237219537,0.9592764468239348,0.9271631783140375,0.8861937989865611,0.8367216166313046,0.7789757690571524,0.7130874649720996,0.6389481742683689,0.5559050479504449,0.4619627448711009,0.3506371699829586,,,,,,,,,0.2356795159597064
34920.0,0.9988891295553993,0.994003060736241,0.9800964822648592,0.9570441453011178,0.9250046658344532,0.8841309847558917,0.8347729195223338,0.7771578761499861,0.7114149712119758,0.6374330481116925,0.5545554938955145,0.4607797275406622,0.34956658852392763,,,,,,,,,0.2350691126322682
34980.0,0.9965636201270976,0.9916893738480805,0.9778161046235966,0.9548187492542141,0.9228528515227485,0.8820745943315199,0.8328303192384527,0.775345706250855,0.709747786312975,0.6359227817928259,0.5532103168940228,0.45960056766483215,0.34849922316317694,,,,,,,,,0.23446055437713953
35040.0,0.9942452821883522,0.9893828243004967,0.9755427686955656,0.9526002369972707,0.9207077142513612,0.8800246073938179,0.8308937964600037,0.7735392411488289,0.708085893051197,0.634417358625043,0.5518695007554868,0.45842525226318603,0.3474350697093969,,,,,,,,,0.23385384611120988
35100.0,0.9919340933672368,0.9870833898076462,0.9732764524385769,0.9503885869074892,0.9185692329580037,0.8779810036865786,0.8289633319195536,0.7717384626558939,0.7064292741857813,0.6329167619475062,0.5505330295873369,0.4572537688095207,0.34637412349898183,,,,,,,,,0.2332489914806588
35160.0,0.9896300313497054,0.9847910481423202,0.9710171338710541,0.9481837774251676,0.9164373866451616,0.8759437630157305,0.8270389063994408,0.7699433526052717,0.7047779124678493,0.6314209751504748,0.5492008877836371,0.4560861051330586,0.34531637943722115,,,,,,,,,0.2326459930889067
35220.0,0.9873330738799402,0.9825057771362555,0.9687647910722056,0.9459857870536156,0.9143121543795378,0.8739128652479864,0.8251205007295376,0.7681538928509264,0.703131790650275,0.6299299816948718,0.5478730600080962,0.4549222493410447,0.3442618320396769,,,,,,,,,0.23204485267304806
35280.0,0.9850431987606705,0.9802275546804102,0.9665194021821707,0.9437945943590252,0.9121935152914427,0.8718882903094625,0.8232080957853222,0.7663700652681144,0.7014908914975541,0.6284437651267956,0.5465495311743361,0.45376218975817917,0.3432104754714699,,,,,,,,,0.23144557124264256
35340.0,0.9827603838534782,0.9779563587252234,0.9642809454021302,0.9416101779703004,0.9100814485741293,0.8698700181843139,0.821301672486307,0.7645918517547969,0.6998551977952623,0.6269623090877424,0.5452302864253356,0.45260591487923,0.3421623035835105,,,,,,,,,0.23084814919046426
35400.0,0.9804846070790755,0.9756921672808447,0.9620493989943917,0.9394325165788523,0.9079759334830912,0.8678580289134166,0.8194012117948603,0.7628192342337088,0.6982246923587573,0.6254855973213179,0.5439153111132105,0.4514534133319245,0.3411173099453611,,,,,,,,,0.23025258638198567
35460.0,0.978215846417561,0.9734349584173396,0.9598247412824363,0.9372615889383479,0.9058769493353354,0.8658523025931321,0.8175066947154199,0.7610521946548826,0.6965993580409523,0.624013613677155,0.5426045907800143,0.45030467384787365,0.3400754878747714,,,,,,,,,0.22965888222850517
35520.0,0.9759540799086439,0.971184710264866,0.9576069506509425,0.9350973738644294,0.9037844755086286,0.8638528193741853,0.815618102294071,0.7592907149984585,0.6949791777390779,0.6225463421126596,0.5412981111399213,0.4491493282345087,0.3390368304640859,,,,,,,,,0.22906703574749898
35580.0,0.9736992856518547,0.9689414010138283,0.9553960055457695,0.9329398502343971,0.9016984914407538,0.8618595594606733,0.813735415618452,0.7575347772776228,0.693364134400429,0.6210837666931163,0.5399958580629436,0.44799602116522014,0.33800133060379406,,,,,,,,,0.2284770456128943
35640.0,0.9714514418067215,0.9667050089149973,0.9531918844739127,0.9307889969868614,0.8996189766287739,0.8598725031092147,0.8118586158179447,0.7557843635415584,0.6917542110271475,0.6196258715905678,0.5386978175602141,0.4468464461808864,0.3369689810035117,,,,,,,,,0.2278889101972844
35700.0,0.9692105265929158,0.9644755122796054,0.9509945660034278,0.928644793121375,0.897545910628319,0.8578916306282525,0.809987684064104,0.7540394558783167,0.6901493906801144,0.6181726410818208,0.5374039757707846,0.44570059231107484,0.3359397742106817,,,,,,,,,0.22730262760764733
35760.0,0.9669765182903819,0.9622528894794121,0.9488040287633259,0.926507217698048,0.8954792730529183,0.8559169223774928,0.8081226015712626,0.7523000364175481,0.6885496564820348,0.6167240595458435,0.5361143189498492,0.4445584486158006,0.3349137026272517,,,,,,,,,0.22671819571577417
35820.0,0.9647493952394273,0.9600371189467374,0.9466202514434404,0.9243762498371498,0.8934190435733742,0.8539483587674933,0.8062633495972834,0.7505660873330373,0.6869549916198185,0.6152801114607575,0.5348288334582796,0.4434200041785784,0.33389075852456607,,,,,,,,,0.22613561218435746
35880.0,0.9625291358407898,0.9578281791744735,0.9444432127942697,0.9222518687187087,0.8913652019171866,0.8519859202593747,0.8044099094444054,0.748837590845022,0.685365379346346,0.6138407814005956,0.5335475057533572,0.44228524810104974,0.3328709340566916,,,,,,,,,0.22555487448948153
35940.0,0.9603157185556783,0.9556260487160625,0.9422728916267964,0.9201340535821122,0.8893177278680369,0.8500295873646493,0.8025622624601522,0.7471145292222824,0.683780802981702,0.6124060540319386,0.5322703223805765,0.441154169498867,0.3318542212723532,,,,,,,,,0.22497597994012608
36000.0,0.9581091219057778,0.9534307061854503,0.9401092668122899,0.9180227837257142,0.8872766012653299,0.8480793406451546,0.8007203900382677,0.7453968847839904,0.6822012459139681,0.6109759141105154,0.5309972699664074,0.4400267574985735,0.33084061212565585,,,,,,,,,0.224398925695156
36060.0,0.9559093819843015,0.9512424098581255,0.9379532599542549,0.915920075820975,0.8852456309269061,0.8461409621055398,0.7988924280673568,0.7436955225472909,0.6806406962821587,0.6095679408301556,0.5297501938369586,0.43893189567402474,0.3298704176518971,,,,,,,,,0.22382288168740908
36120.0,0.9537165342301306,0.9490609714382369,0.9358040148692072,0.9138239711413187,0.8832210544104107,0.8442087031406585,0.7970702588889492,0.7419995787213995,0.6790851488557033,0.6081645190078787,0.5285071941031404,0.43784062872200197,0.3289032035654396,,,,,,,,,0.223248337994
36180.0,0.951530556279195,0.9468863686642549,0.9336615095818397,0.9117344481834274,0.881202850816394,0.8422825436449836,0.7952538633214686,0.740309035176819,0.6775345867388545,0.606765633281668,0.5272682573251657,0.43675294352304556,0.32793893384115236,,,,,,,,,0.22267540369849234
36240.0,0.9493514258345074,0.9447185793415042,0.9315257221828337,0.9096514855079074,0.8791909993059185,0.8403624635694358,0.7934432222383518,0.7386238738442856,0.6759889931078288,0.6053712683658931,0.5260333699940274,0.43566882508808796,0.32697759183608377,,,,,,,,,0.22210413579094138
36300.0,0.9471791206660202,0.9425575813419793,0.9293966308285821,0.9075750617389511,0.8771854791003455,0.8384484429215934,0.7916383165688073,0.7369440767155321,0.6744483512099261,0.6039814090376888,0.5248025183992968,0.4345882577313673,0.32601916957607846,,,,,,,,,0.22153456850702194
36360.0,0.9450136186104564,0.9404033526041422,0.9272742137409145,0.9055051555640282,0.875186269481172,0.836540461765932,0.7898391272985154,0.7352696258438519,0.672912644361554,0.6025960401138537,0.5235756885761074,0.4335112260733313,0.3250636624811666,,,,,,,,,0.2209667242172876
36420.0,0.9428548975711357,0.938255871132711,0.9251584492068187,0.9034417457336,0.8731933497898993,0.8346385002240756,0.7880456354702589,0.733600503344388,0.6713818559444333,0.6012151464252466,0.5223528663477037,0.432437715493997,0.3241110671111621,,,,,,,,,0.22040061829322538
36480.0,0.9407029355177704,0.9361151149984377,0.9230493155781737,0.9013848110608548,0.8712066994279425,0.8327425384750592,0.7862578221844697,0.7319366913940057,0.6698559693999473,0.5998387127978876,0.5211340374167235,0.43136771222469317,0.3231613802181004,,,,,,,,,0.2198362616023519
36540.0,0.9385577104862618,0.9339810623378786,0.9209467912714817,0.899334330421467,0.8692262978565631,0.8308525567555842,0.7844756685996631,0.730278172230632,0.6683349682224956,0.5984667240453564,0.5199191874607196,0.43030120327610444,0.32221459835455074,,,,,,,,,0.21927366192415693
36600.0,0.9364192005784837,0.9318536913531561,0.9188508547676133,0.8972902827533853,0.8672521245968325,0.8289685353602678,0.7826991559327232,0.7286249281520384,0.6668188359531363,0.5970991649718126,0.5187083022096047,0.42923817631363104,0.32127071772353405,,,,,,,,,0.21871282481724896
36660.0,0.9342873839620525,0.9297329803117249,0.916761484611554,0.8952526470566295,0.8652841592296093,0.8270904546418621,0.7809282654590104,0.7269769415141744,0.6653075561745789,0.5957360203823207,0.5175013674994531,0.4281786195297691,0.3203297341354539,,,,,,,,,0.21815375418250318
36720.0,0.9321622388700976,0.9276189075461302,0.9146786594121704,0.8932214023931183,0.8633223813955333,0.8252182950114362,0.7791629785122683,0.7253341947292838,0.663801112508086,0.5943772750967906,0.5162983693051295,0.4271225215318666,0.319391643012316,,,,,,,,,0.21759645264615507
36780.0,0.9300437436010286,0.9255114514537687,0.9126023578419751,0.8911965278865086,0.8613667707950257,0.8233520369385063,0.7774032764843465,0.7236966702640245,0.66229948861234,0.5930229139646703,0.5150992937567185,0.4260698712496788,0.31845643941191987,,,,,,,,,0.21704092183037174
36840.0,0.9279318765182941,0.9234105904966521,0.9105325586369086,0.8891780027220497,0.8594173071882947,0.8214916609511008,0.7756491408247613,0.7220643506378187,0.6608026681840051,0.5916729218785547,0.5139012521364301,0.4250206578616642,0.3175241180592761,,,,,,,,,0.21648716255036193
36900.0,0.9258266160501514,0.921316303201174,0.9084692405961293,0.8871658061464552,0.8574739703953282,0.8196371476357562,0.7739005530401691,0.7204372184215603,0.6593106349595504,0.5903272837857743,0.5127037732100082,0.42397487073720286,0.3165946733793177,,,,,,,,,0.21593517496174322
36960.0,0.9237279406894268,0.9192285681578798,0.9064123825818147,0.8851599174677798,0.8555367402958759,0.8177884776374464,0.7721574946937857,0.7188152562367526,0.6578233727178852,0.5889859846976184,0.5115101863661267,0.4229324993917017,0.3156680995282166,,,,,,,,,0.21538495867318697
37020.0,0.9216358289932853,0.9171473640212409,0.9043619635189686,0.8831603160553051,0.8536055968294174,0.8159456316594548,0.7704199474048177,0.7171984467550758,0.6563408652834113,0.5876490096962532,0.5103204783366148,0.4218935334518755,0.3147443904222144,,,,,,,,,0.21483651283417426
37080.0,0.9195502595830036,0.9150726695094384,0.902317962395241,0.8811669813394297,0.8516805199951075,0.8141085904631953,0.7686878928479586,0.7155867726983481,0.6548630965291757,0.5863163439395531,0.509134635987982,0.42085796262896147,0.31382353976361343,,,,,,,,,0.2142898362045031
37140.0,0.9174712111437461,0.9130044634041518,0.9002803582607544,0.8791798928115603,0.8497614898516985,0.8122773348680068,0.7669613127529634,0.7139802168388153,0.6533900503799047,0.5849879726641678,0.507952646310789,0.4198257766980915,0.31290554106397594,,,,,,,,,0.21374492721014932
37200.0,0.915398662424343,0.9109427245503521,0.8982491302279353,0.8771990300239989,0.8478484865174454,0.8104518457509297,0.7652401889043302,0.7123787619996826,0.6519217108147667,0.5836638811871458,0.5067744964093107,0.41879696548243245,0.31199038766471543,,,,,,,,,0.2132017839887439
37260.0,0.9133325922370885,0.9088874318561023,0.8962242574713504,0.8752243725898309,0.8459414901699899,0.8086321040464827,0.7635245031410969,0.7107823910558334,0.6504580618697827,0.5823440549064324,0.505600173491819,0.4177715188410125,0.3110780727553343,,,,,,,,,0.21266040442702308
37320.0,0.9112729794575234,0.9068385642923648,0.8942057192275518,0.8732559001828035,0.8440404810462282,0.8068180907464488,0.7618142373567413,0.7091910869346413,0.6489990876398494,0.581028479300491,0.5044296648616132,0.41674942665941195,0.3101685893895757,,,,,,,,,0.21212078619198335
37380.0,0.9092198030242458,0.9047961008928147,0.8921934947949194,0.871293592537203,0.8421454394421741,0.805009786899687,0.7601093734991846,0.7076048326168397,0.6475447722803671,0.5797171399272839,0.5032629579088769,0.4157306788426751,0.30926193049974215,,,,,,,,,0.2115829267570489
37440.0,0.9071730419387071,0.9027600207536585,0.890187563533508,0.869337429447726,0.8402563457128114,0.803207173611967,0.7584098935708751,0.706023611137384,0.6460951000084901,0.5784100224227936,0.5021000401033455,0.41471526530995056,0.308358088909403,,,,,,,,,0.2110468234242289
37500.0,0.9051326752650359,0.9007303030334565,0.8881879048648955,0.8673873907693445,0.8383731802719472,0.8014102320458426,0.756715779628941,0.7044474055862812,0.6446500551040261,0.5771071124992179,0.5009408989877654,0.41370317599048323,0.30745705734470785,,,,,,,,,0.21051247334302609
37560.0,0.9030986821298467,0.8987069269529491,0.8861944982720299,0.8654434564171678,0.8364959235920648,0.7996189434205474,0.755027013785399,0.7028761991093535,0.6432096219100285,0.5758083959429758,0.4997855221720745,0.4126944008206573,0.30655882844447085,,,,,,,,,0.2099798735266851
37620.0,0.9010710417220633,0.8966898717948883,0.8842073232990828,0.8635056063663032,0.8346245562041902,0.7978332890119362,0.7533435782073947,0.7013099749089244,0.6417737848331119,0.5745138586125847,0.4986338973282641,0.41168892974186516,0.3056633947691899,,,,,,,,,0.20944902086624703
37680.0,0.8990497332927471,0.8946791169038725,0.8822263595512936,0.8615738206517166,0.8327590586977581,0.7960532501524461,0.751665455117463,0.699748716244416,0.6403425283435332,0.5732234864364988,0.49748601218583577,0.4106867526990209,0.30477074880912913,,,,,,,,,0.20891991214277372
37740.0,0.8970347361549261,0.8926746416861805,0.8802515866948188,0.8596480793680882,0.8308994117204959,0.7942788082310918,0.7499926267938019,0.6981924064328405,0.6389158369750769,0.5719372654109407,0.49634185452780794,0.4096878596395797,0.30388088299158433,,,,,,,,,0.20839254403804244
37800.0,0.8950260296834295,0.8906764256096131,0.8782829844565861,0.8577283626696776,0.8290455959783132,0.7925099446934765,0.7483250755705397,0.6966410288492082,0.6374936953247737,0.5706551815977755,0.49520141218720337,0.4086922405129502,0.30299378968742746,,,,,,,,,0.2078669131439481
37860.0,0.8930236459544142,0.8886847075423411,0.8763214092902066,0.8558165472652299,0.8272011603716724,0.7907520526959144,0.7466703998026772,0.6951047466055087,0.6360892139766623,0.5693937545292774,0.4940861670934963,0.4077273700970816,0.30214847028686376,,,,,,,,,0.20734222201933888
37920.0,0.891027616442905,0.8866993107390457,0.8743660626657362,0.8539108074803623,0.8253625963556832,0.7889997674920193,0.7450210156281866,0.6935733955385236,0.6346892645406381,0.5681364293914527,0.492974583222991,0.40676570325773165,0.30130579254604595,,,,,,,,,0.2068189511576378
37980.0,0.8890379197191959,0.8847202138722516,0.8724169235417265,0.8520111227451889,0.8235298839780127,0.7872530699469314,0.743376904895234,0.6920469586497325,0.6332938313655597,0.5668831921131914,0.49186664830603694,0.4058072276198084,0.3004657255857559,,,,,,,,,0.20629719917683537
38040.0,0.8870545344213121,0.8827473956819012,0.8704739709432837,0.8501174725550181,0.8217030033499892,0.7855119409879533,0.7417380495136832,0.6905254190035954,0.6319028988648676,0.5656340286816856,0.49076234999188884,0.40485192920256974,0.29962825748072913,,,,,,,,,0.20577701858043684
38100.0,0.8850774392548209,0.8807808349751649,0.8685371839618953,0.8482298364702092,0.8198819346465227,0.7837763616045857,0.7401044314552208,0.6890087597274974,0.6305164515155969,0.5643889251322194,0.48966167573613784,0.40389979357040656,0.29879338327751837,,,,,,,,,0.20525844104250393
38160.0,0.8831066129926408,0.8788205106262591,0.8666065417552565,0.8463481941160237,0.8180666581060286,0.7820463128485605,0.7384760327534515,0.6874969640116056,0.6291344738566104,0.5631478675300076,0.4885646127605103,0.4029508066805352,0.29796110035101336,,,,,,,,,0.20474148719110233
38220.0,0.8811420344748581,0.8768664015762625,0.8646820235471036,0.8444725251824967,0.8162571540303627,0.7803217758338704,0.736852835503953,0.6859900151085762,0.6277569504854564,0.5619108419494059,0.48747114809475156,0.4020049552295233,0.29713140661641924,,,,,,,,,0.204226171086427
38280.0,0.8791836826085373,0.8749184868329365,0.8627636086270473,0.8426028094243038,0.8144534027847581,0.7786027317367907,0.7352348218642921,0.6844878963329968,0.626383866053733,0.5606778344580748,0.4863812686591285,0.4010622266991048,0.2963042998427792,,,,,,,,,0.20371250254825604
38340.0,0.8772315363675427,0.8729767454705467,0.8608512763504109,0.840739026660638,0.8126553847977671,0.7768891617958924,0.7336219740539707,0.6829905910604647,0.6250152052616114,0.5594488311102629,0.4852949613495121,0.40012260927331483,0.29547977740479275,,,,,,,,,0.2032004884868445
38400.0,0.8752855747923576,0.8710411566296875,0.8589450061380761,0.8388811567750898,0.8108630805612047,0.7751810473120369,0.7320142743542851,0.6814980827262548,0.623650952852498,0.5582238179490265,0.4842122131061309,0.39918609171839037,0.29465783621373004,,,,,,,,,0.20269013372140418
38460.0,0.873345776989904,0.8691116995171116,0.8570447774763268,0.8370291797155338,0.8090764706300941,0.7734783696483529,0.7304117051080615,0.6800103548236673,0.6222910936087385,0.5570027810148312,0.4831330109613598,0.3982526632649954,0.2938384727216169,,,,,,,,,0.202181441512791
38520.0,0.8714121221333716,0.8671883534055594,0.8551505699167009,0.8351830754940182,0.8072955356226054,0.7717811102301766,0.7288142487192615,0.6785273909022019,0.6209356123488504,0.5557857063575034,0.48205734206879314,0.3973223135066325,0.2930216829538594,,,,,,,,,0.2016744139261809
38580.0,0.8694845894620391,0.8652710976335947,0.8532623630758466,0.8333428241866576,0.805520256219997,0.7700892505449574,0.7272218876524535,0.6770491745657481,0.619584493926387,0.5545725800490543,0.48098519371797793,0.39639503231691664,0.2922074625509076,,,,,,,,,0.2011690520872107
38640.0,0.8675631582811124,0.8633599116054396,0.8513801366353771,0.8315084059335284,0.8037506131665392,0.7684027721421101,0.7256346044321796,0.6755756894709565,0.6182377232302415,0.5533633881957707,0.47991655333914246,0.3954708097841481,0.2913958068106101,,,,,,,,,0.2006653563684557
38700.0,0.8656478079615519,0.8614547747908174,0.849503870341737,0.8296788817121142,0.8019865872694332,0.7667216566328228,0.7240523816422516,0.6741069193259198,0.6168952851860539,0.5521551564472463,0.4788514085014151,0.39454963616034466,0.29058671072782544,,,,,,,,,0.20016332652869717
38760.0,0.8637385179399124,0.8595556667247969,0.8476335440060653,0.8278549110327371,0.8002281593987093,0.7650458856898037,0.7224752019250221,0.6726428478892054,0.6155571647583614,0.5509500506767833,0.47778974690710785,0.3936315018218662,0.28978016903009557,,,,,,,,,0.19966296181922413
38820.0,0.8618352677181842,0.857662567007638,0.8457691375040602,0.8260367199337092,0.7984753104871077,0.7633754410469966,0.7209030479806768,0.6711834589692678,0.614223346953146,0.5497488476057661,0.47673155638385056,0.39271639723913454,0.2889761762091864,,,,,,,,,0.19916426106651167
38880.0,0.8599380368636338,0.8557754553046435,0.8439106307758536,0.8242242887829504,0.7967280215299403,0.7617103044992533,0.719335902566573,0.6697287364242002,0.6128938168205268,0.5485515335356217,0.4756768248757625,0.39180431295340307,0.2881747265487295,,,,,,,,,0.19866722273758647
38940.0,0.8580468050086526,0.8538943113460131,0.8420580038258769,0.8224175980119187,0.7949862735849309,0.7600504579019872,0.7177737484966663,0.6682786641617805,0.6115685594573823,0.5473580948358405,0.47462554043441657,0.39089523955897904,0.28737581414835295,,,,,,,,,0.19817184499245807
39000.0,0.8561615518506069,0.8520191149266978,0.8402112367227347,0.8206166281154853,0.7932500477720337,0.7583958831708134,0.7162165686410242,0.6668332261397538,0.6102475600097784,0.5461685179458448,0.47357769121005105,0.389989167689641,0.28657943294473553,,,,,,,,,0.19767812572671317
39060.0,0.854282257151687,0.8501498459062587,0.8383703095990744,0.8188213596518018,0.7915193252732388,0.7567465622811953,0.7146643459254504,0.6653924063662774,0.6089308036751206,0.5449827893758131,0.4725332654433012,0.38908608800829786,0.2857855767299934,,,,,,,,,0.1971860626065192
39120.0,0.852408900738767,0.8482864842087282,0.8365352026514542,0.8170317732421636,0.7897940873323592,0.7551024772681009,0.7131170633312024,0.6639561889004834,0.6076182757039875,0.5438008957066919,0.4714922514575765,0.388185991199148,0.28499423916777267,,,,,,,,,0.19669565309768383
39180.0,0.8505414625032577,0.8464290098224704,0.834705896140213,0.8152478495708578,0.7880743152548136,0.7534636102256782,0.7115747038948026,0.6625245578530999,0.6063099614016401,0.5426228235895985,0.4704546376521364,0.38728886796176976,0.2842054138073643,,,,,,,,,0.19620689449000578
39240.0,0.8486799224009689,0.8445774028000423,0.8328823703893313,0.8134695693850104,0.7863599904073948,0.7518299433069605,0.7100372507079381,0.6610974973870919,0.6050058461292062,0.5414485597447786,0.46942041249587013,0.38639470900671846,0.2834190940961312,,,,,,,,,0.19571978391785363
39300.0,0.8468242604519688,0.8427316432580598,0.8310646057862953,0.8116969134944169,0.7846510942180437,0.7502014587236011,0.7085046869174203,0.6596749917182869,0.6037059153045767,0.5402780909602543,0.46838956452174707,0.3855035050522762,0.2826352733904736,,,,,,,,,0.19523431837768507
39360.0,0.8449744567404436,0.8408917113770555,0.8292525827819509,0.8099298627713764,0.7829476081756206,0.7485781387456362,0.7069769957252068,0.6582570251159643,0.6024101544030258,0.539111404090264,0.4673620823218929,0.3846152468221163,0.2818539449655439,,,,,,,,,0.1947504947430747
39420.0,0.843130491414561,0.8390575874013421,0.8274462818903621,0.8081683981505139,0.7812495138296814,0.7469599657012859,0.7054541603884592,0.6568435819033888,0.6011185489575942,0.5379484860535794,0.46633795454324445,0.38372992504366504,0.28107510202387687,,,,,,,,,0.19426830977768217
39480.0,0.8412923446863322,0.8372292516388724,0.8256456836886568,0.8064125006286028,0.7795567927902641,0.745346921976776,0.7039361642196368,0.6554346464582762,0.599831084559268,0.5367893238317569,0.46531716988371874,0.38284753044701225,0.2802987377030821,,,,,,,,,0.19378776014651186
39540.0,0.8394599968314694,0.8354066844610977,0.8238507688168764,0.8046621512643787,0.7778694267276784,0.7437389900162004,0.7024229905865991,0.6540302032131888,0.5985477468569814,0.5356339044673751,0.4642997170888531,0.3819680537642501,0.279524845082719,,,,,,,,,0.19330884242574217
39600.0,0.837633428189249,0.8335898663028222,0.8220615179778195,0.8029173311783633,0.7761873973723112,0.7421361523213955,0.7009146229127242,0.6526302366558528,0.5972685215574691,0.5344822150622869,0.46328558494885635,0.3810914857291353,0.27875341719046426,,,,,,,,,0.19283155311135206
39660.0,0.8358125710675572,0.831778537216153,0.8202770968210495,0.8011760693392264,0.7745073618075033,0.7405333438733618,0.6994039322486933,0.6512252098875495,0.5959810928632445,0.5333180932965975,0.4622544599349971,0.38019167579619995,0.27794669633402846,,,,,,,,,0.19235665166557805
39720.0,0.8339973584389093,0.8299728240941299,0.8184982114858936,0.7994402173238025,0.7728325546408007,0.7389355352064979,0.697897969281401,0.6498245998619245,0.5946977367527544,0.5321576846584758,0.46122666153423486,0.3792948034679425,0.2771425414936095,,,,,,,,,0.19188365830659015
39780.0,0.8321877717299156,0.8281727084490529,0.8167248437242094,0.7977097572517727,0.7711629585362387,0.7373427096752653,0.6963967181945698,0.648428391729868,0.5934184394970656,0.5310009767022015,0.46020217887078896,0.3784008617043094,0.27634096603653174,,,,,,,,,0.19141247673284953
39840.0,0.8303837924241633,0.8263781718500222,0.8149569753441481,0.7959846712983076,0.7694985562119878,0.7357548506866904,0.6949001632234267,0.6470365706941213,0.5921431874202326,0.5298479570344552,0.4591810012143974,0.37750984488656586,0.2755419646923838,,,,,,,,,0.190943051009014
39900.0,0.8285854020621025,0.8245891959228243,0.813194588210021,0.7942649416939238,0.7678393304402424,0.7341719417003433,0.6934082886547895,0.6456491220092913,0.5908719668989485,0.528698613320108,0.45816311807226984,0.376621747746578,0.27474552614017606,,,,,,,,,0.1904753440607983
39960.0,0.8267925822409282,0.822805762349799,0.8114376642421652,0.7925505507243502,0.7661852640471135,0.7325939662283134,0.6919210788271349,0.6442660309818276,0.5896047643627045,0.5275529332948106,0.457148519217897,0.3757365646260516,0.2739516373028132,,,,,,,,,0.19000932898158493
40020.0,0.8250053146144515,0.8210278528697205,0.8096861854168144,0.7908414807303946,0.7645363399125319,0.7310209078351959,0.6904385181306458,0.6428872829700204,0.5883415662949782,0.5264109047800459,0.4561371946516674,0.37485428918805,0.27316028487273286,,,,,,,,,0.189544984947471
40080.0,0.8232235808929824,0.8192554492776672,0.8079401337659597,0.789137714107818,0.7628925409701565,0.7294527501380728,0.688960591007242,0.6415128633841164,0.5870823592356087,0.5252725156944275,0.4551291345282901,0.37397491438944586,0.2723714558502186,,,,,,,,,0.18908229506208088
40140.0,0.8214473628432019,0.8174885334248945,0.8061994913772251,0.7874392333072052,0.7612538502072907,0.7278894768064924,0.6874872819506156,0.6401427576866436,0.5858271297839337,0.5241377540576438,0.4541243290823806,0.3730984325625586,0.27158513771099546,,,,,,,,,0.18862124511419975
40200.0,0.8196766422880355,0.8157270872187069,0.8044642403937335,0.7857460208338526,0.7596202506647998,0.7263310715624502,0.6860185755062888,0.638776951393001,0.5845758646019558,0.5230066079870136,0.45312276856789063,0.37222483552702784,0.2708013184313164,,,,,,,,,0.18816182281092872
40260.0,0.8179114011065277,0.81397109262233,0.8027343630139806,0.7840580592476484,0.7579917254370334,0.7247775181803702,0.6845544562717165,0.6374154300722642,0.583328550416796,0.5218790656886428,0.45212444321537715,0.3713541146981209,0.2700199864596782,,,,,,,,,0.18770401727821243
40320.0,0.8161516212337105,0.8122205316547815,0.8010098414917077,0.7823753311629613,0.7563682576717533,0.7232288004870919,0.6830949088964554,0.6360581793481234,0.5820851740219928,0.5207551154456798,0.45112934320536213,0.37048626117982275,0.2692411306711777,,,,,,,,,0.18724781872123228
40380.0,0.8143972846604807,0.8104753863907426,0.7992906581357772,0.7806978192485343,0.7547498305700614,0.721684902361874,0.6816399180823917,0.634705184899793,0.5808457222775124,0.5196347456057497,0.45013745865416227,0.3696212658406355,0.2684647403191613,,,,,,,,,0.18679321818525535
40440.0,0.8126483734334663,0.8087356389604307,0.7975767953100502,0.7790255062273781,0.7531364273863353,0.7201458077364142,0.6801894685840327,0.6333564324627821,0.5796101821085851,0.5185179445689977,0.44914877960855265,0.36875911937365285,0.2676908049898775,,,,,,,,,0.18634020738225726
40500.0,0.8109048696549015,0.8070012715494729,0.7958682354332662,0.7773583748766714,0.7515280314281686,0.7186115005948905,0.6787435452088199,0.6320119078294152,0.5783785405035994,0.5174047007775245,0.4481632960462693,0.36789981234351693,0.26691931456206464,,,,,,,,,0.18588877856211822
40560.0,0.8091667554824991,0.8052722663987804,0.7941649609789252,0.7756964080276594,0.7499246260563193,0.717081964974025,0.6773021328174443,0.6306715968490608,0.5771507845113595,0.5162950027065656,0.44718099788012,0.36704333522287436,0.26615025917177504,,,,,,,,,0.18543892441492227
40620.0,0.8074340131293235,0.8035486058044236,0.7924669544751707,0.7740395885655629,0.7483261946846667,0.7155571849631632,0.6758652163241289,0.6293354854280434,0.5759269012379733,0.5151888388574453,0.4462018749641427,0.36618967842059474,0.26538362918209724,,,,,,,,,0.18499063799550258
40680.0,0.8057066248636623,0.8018302721175075,0.7907741985046767,0.7723878994294883,0.7467327207801803,0.7140371447043674,0.6744327806968515,0.6280035595292662,0.5747068778436013,0.5140861977521751,0.4452259171007504,0.3653388323035949,0.26461941515722315,,,,,,,,,0.18454391266425413
40740.0,0.8039845730089057,0.800117247744053,0.7890866757045355,0.7707413236123392,0.7451441878628916,0.7125218283925114,0.6730048109574873,0.6266758051715732,0.5734907015392489,0.5129870679295029,0.4442531140481863,0.3644907872137221,0.2638576078402551,,,,,,,,,0.18409874204006324
40800.0,0.8022678399434224,0.7984095151448717,0.7874043687661504,0.7690998441607397,0.7435605795058828,0.7110112202753691,0.6715812921818601,0.6253522084289099,0.5722783595837125,0.5118914379421599,0.44328345552786275,0.3636455334808261,0.26309819813420077,,,,,,,,,0.1836551199624176
40860.0,0.8005564081004304,0.796707056835453,0.7857272604351289,0.7674634441749598,0.7419818793352772,0.7095053046536909,0.6701622094996961,0.6240327554293255,0.5710698392807821,0.510799296355094,0.4423169312313318,0.3628030614328806,0.262341177085659,,,,,,,,,0.18321304046057518
40920.0,0.798850259967889,0.7950098553858432,0.7840553335111807,0.7658321068088444,0.7404080710302311,0.7080040658812563,0.6687475480944801,0.6227174323538704,0.5698646237105073,0.5097106317444831,0.44135353082676293,0.3619633614038284,0.26158653587078196,,,,,,,,,0.18277249772823057
40980.0,0.7971493780883674,0.7933178934205318,0.782388570848019,0.7642058152697483,0.738839138322932,0.7065074883648945,0.667337293203224,0.6214062254354362,0.5686603810674812,0.5086254326973475,0.44039324396486007,0.36112642373965775,0.2608342657831527,,,,,,,,,0.18233348610252054
41040.0,0.7954537450589346,0.791631153618341,0.7807269553532636,0.762584552818479,0.7372750649985903,0.7050155565644779,0.6659314301161513,0.6200991209575698,0.567459932697956,0.5075436878116204,0.4394360602842119,0.3602922388031029,0.2600843582232861,,,,,,,,,0.1818960000464819
41100.0,0.7937633435310429,0.7899496187123145,0.7790704699883492,0.7609683027692372,0.7357158348954281,0.7035282549928763,0.6645299441763177,0.6187961052532959,0.5662632660329997,0.5064653856965562,0.4384819694160899,0.3594607969772728,0.25933680468949943,,,,,,,,,0.18146003413429307
41160.0,0.7920781562104161,0.7882732714896102,0.7774190977684374,0.7593570484895638,0.7341614319046559,0.7020455682158743,0.6631328207791667,0.6174971647039718,0.5650703685389908,0.5053905149733742,0.43753096098872557,0.35863208866844154,0.25859159676995125,,,,,,,,,0.18102558303877167
41220.0,0.7903981658569355,0.7866020947913966,0.7757728217623292,0.7577507734002846,0.7326118399704435,0.700567480852053,0.661740045372051,0.6162022857381912,0.563881227716457,0.5043190642760745,0.4365830246311109,0.3578061043081821,0.2578487261356747,,,,,,,,,0.18059264152072185
41280.0,0.7887233552845365,0.7849360715127508,0.7741316250923824,0.7561494609754598,0.7310670430898745,0.699093977572638,0.6603516034537119,0.6149114548307397,0.5626958310991271,0.5032510222523581,0.43563814997636036,0.356982834354986,0.2571081845344554,,,,,,,,,0.18016120441980704
41340.0,0.7870537073610984,0.7832751846025587,0.7724954909344325,0.7545530947423237,0.7295270253128842,0.6976250431013101,0.6589674805737408,0.6136246585016345,0.5615141662531692,0.5021863775646074,0.43469632666468194,0.3561622692954747,0.25636996378544447,,,,,,,,,0.179731266646687
41400.0,0.7853892050083489,0.78161941706342,0.7708644025177125,0.7529616582812303,0.727991770742191,0.6961606622139956,0.6575876623320286,0.6123418833152166,0.5603362207765995,0.5011251188908977,0.43375754434599734,0.3553443996452956,0.2556340557743945,,,,,,,,,0.1793028231762146
41460.0,0.7837299193489864,0.7799691991793246,0.7692398635132959,0.7513787811132447,0.726467478161937,0.694710264429543,0.6562254592707237,0.611080981724847,0.5591860509753651,0.5000977076819426,0.4328602575131004,0.35457907783255754,0.2549737008021392,,,,,,,,,0.1788743987028132
41520.0,0.7820759204547438,0.7783242392989234,0.7676205013716397,0.749800950877675,0.7249480486148272,0.6932644986367877,0.6548676142070251,0.6098241264379101,0.5580395920221255,0.4990736406827047,0.4319659346774209,0.35381633844676347,0.2543154042088521,,,,,,,,,0.17844692710017468
41580.0,0.7804271897598486,0.7766845189541526,0.7660062979001532,0.7482281498200958,0.7234334649805063,0.6918233485251953,0.6535141118081896,0.6085713032457769,0.5568968309038596,0.498052906112166,0.4310745651497589,0.35305616794123257,0.2536591218563894,,,,,,,,,0.17802057121353723
41640.0,0.7787837087632442,0.77505001974146,0.7643972349702208,0.7466603602493301,0.7219237102007195,0.6903867978443666,0.652164936797613,0.607322497988252,0.5557577546441541,0.49703549221039,0.4301861380655647,0.35229855029485907,0.25300484684249286,,,,,,,,,0.1775954231384961
41700.0,0.7771454590284332,0.7734207233216559,0.7627932945170615,0.7450975645372976,0.720418767279106,0.6889548304036759,0.650820073954264,0.6060776965529788,0.5546223503028376,0.4960213872271319,0.4293006422288518,0.351543469018414,0.2523525827708595,,,,,,,,,0.17717154065194535
41760.0,0.7755124221833283,0.7717966114197655,0.7611944585395877,0.7435397451188634,0.718918619280973,0.6875274300719001,0.6494795081121397,0.6048368848748852,0.5534906049748047,0.4950105793996513,0.42841806606759036,0.3507909084655859,0.2517023355468601,,,,,,,,,0.1767489626082814
41820.0,0.7738845799201014,0.7701776658248791,0.7596007091002617,0.7419868844916748,0.7174232493330636,0.6861045807768416,0.6481432241597406,0.6036000489355814,0.5523625057872377,0.4940030569269338,0.4275383977038046,0.350040854310407,0.251054110758122,,,,,,,,,0.17632771638573733
41880.0,0.7722619139950343,0.7685638683900096,0.7580120283249423,0.740438965215987,0.7159326406233132,0.6846862665049525,0.6468112070395505,0.6023671747625832,0.5512380398949149,0.4929988079502605,0.426661625077882,0.34929329356504707,0.25040791288924785,,,,,,,,,0.17590782188860615
41940.0,0.770644406228374,0.7669552010319437,0.7564283984027431,0.7388959699144921,0.7144467764005948,0.6832724713009496,0.6454834417475134,0.6011382484282005,0.5501171944742455,0.4919978205457105,0.4257877360748211,0.34854821441333583,0.2497637451691705,,,,,,,,,0.1754892938824762
42000.0,0.7690320385041785,0.7653516457310936,0.7548498015858702,0.7373578812721276,0.7129656399744567,0.6818631792674338,0.6441599133324617,0.5999132560480184,0.5489999567171683,0.49100008272868717,0.4249167186265825,0.3478056059985863,0.24912160963531463,,,,,,,,,0.17507214344749694
42060.0,0.7674247927701761,0.7637531845313486,0.7532762201894696,0.7358246820358912,0.7114892147148558,0.6804583745644971,0.6428406068954702,0.5986921837790073,0.5478863138261233,0.4900055824673004,0.42404856078408226,0.34706545822325235,0.2484815072632143,,,,,,,,,0.17465637893037747
42120.0,0.7658226510376125,0.7621597995399246,0.7517076365914639,0.734296355014637,0.7100174840518836,0.6790580414093179,0.6415255075891062,0.5974750178174031,0.5467762530108361,0.48901430770064513,0.42318325076185004,0.346327761579197,0.24784343810563578,,,,,,,,,0.17424200659444358
42180.0,0.7642255953811058,0.7605714729272126,0.7501440332323885,0.7327728830788746,0.7085504314754789,0.6776621640757287,0.6402146006165693,0.5962617443965715,0.5456697614872075,0.4880262463585861,0.42232077696149306,0.3455925070109551,0.24720740142141695,,,,,,,,,0.1738290310789316
42240.0,0.7626336079384881,0.7589881869266223,0.7485853926152167,0.7312542491605554,0.7070880405351373,0.6762707268937572,0.6389078712307344,0.5950523497850684,0.5445668264781658,0.4870413863807236,0.42146112798013274,0.3448596858083744,0.24657339578827572,,,,,,,,,0.17341745573288272
42300.0,0.7610466709106622,0.7574099238344283,0.747031697305192,0.7297404362528571,0.7056302948396088,0.6748837142491229,0.6376053047331341,0.5938468202850417,0.5434674352161175,0.4860597157331918,0.4206042926089048,0.34412928952344707,0.24594141919921872,,,,,,,,,0.17300728286380168
42360.0,0.7594647665614388,0.7558366660096091,0.7454829299296429,0.7282314274099593,0.7041771780565768,0.6735011105827027,0.6363068864729252,0.5926451422311051,0.5423715749465345,0.48508122242268953,0.41975025982532527,0.34340130990634804,0.2453114691441052,,,,,,,,,0.17259851392670622
42420.0,0.7578878772173874,0.7542683958736845,0.743939073177805,0.7267272057468122,0.7027286739123267,0.672122900389958,0.6350126018458899,0.5914473019896858,0.5412792329322386,0.4841058945076479,0.4188990187822007,0.3426757388564201,0.24468354267843487,,,,,,,,,0.17219114967045338
42480.0,0.7563159852676731,0.7527050959105492,0.742400109800631,0.7252277544388962,0.7012847661913928,0.6707490682203374,0.6337224362935144,0.5902532859588574,0.5401903964579802,0.4831337201067106,0.4180505587948943,0.3419525683846912,0.24405763648139012,,,,,,,,,0.17178519025278216
42540.0,0.754749073163894,0.7511467486663052,0.7408660226105968,0.723733056721974,0.6998454387361892,0.6693795986766663,0.6324363753021816,0.5890630805685975,0.5391050528350256,0.48216468740485596,0.41720486932811585,0.3412317905852456,0.2434337469049248,,,,,,,,,0.17138063533202086
42600.0,0.7531871234199168,0.7495933367490882,0.7393367944815038,0.7222430958918347,0.6984106754466247,0.6680144764145397,0.6311544044024966,0.587876672281396,0.5380231894055378,0.48119878465752614,0.41636193998296367,0.3405133976133895,0.24281187001543286,,,,,,,,,0.17097748414108946
42660.0,0.7516301186117109,0.7480448428288919,0.737812408348277,0.7207578553040204,0.6969804602797026,0.6666536861417278,0.6298765091687653,0.5866940475931448,0.5369447935465967,0.4802360001931341,0.41552176048464656,0.3397973816690296,0.24219200162926308,,,,,,,,,0.17057573554787872
42720.0,0.7500780413771719,0.7465012496373853,0.7362928472067501,0.7192773183735551,0.6955547772491122,0.665297212617606,0.6286026752186207,0.5855151930342172,0.5358698526737958,0.4792763224142888,0.41468432067111,0.33908373498405575,0.24157413734311756,,,,,,,,,0.17017538810499758
42780.0,0.7485308744159496,0.7449625399677303,0.7347780941134517,0.7178014685746504,0.6941336104248125,0.6639450406526288,0.6273328882127917,0.5843400951706798,0.5347983542443647,0.4783197397980148,0.41384961048266167,0.33837244981281217,0.24095827256018626,,,,,,,,,0.16977644009113158
42840.0,0.7469886004892662,0.7434286966743892,0.7332681321853822,0.7163302894404122,0.6927169439326157,0.6625971551078441,0.6260671338550066,0.58316874060556,0.5337302857598275,0.4773662408952235,0.41301761995262165,0.33766351842494546,0.24034440251271622,,,,,,,,,0.16937888954570604
42900.0,0.7454512024197313,0.7418997026729317,0.7317629445997829,0.7148637645625334,0.6913047619537741,0.6612535408944635,0.6248053978920112,0.5820011159801373,0.5326656347682037,0.4764158143296317,0.4121883391989519,0.3369569331000921,0.2397325222815831,,,,,,,,,0.16898273429815372
42960.0,0.7439186630911585,0.7403755409398358,0.730262514593897,0.7134018775909833,0.6898970487245786,0.6599141829734856,0.6235476661136837,0.5808372079751927,0.5316043888657904,0.47546844879628514,0.41136175841681516,0.336252686123988,0.23912262681333263,,,,,,,,,0.16858797199279732
43020.0,0.7423909654483675,0.7388561945122807,0.7287668254647272,0.7119446122336927,0.6884937885359598,0.6585790663553707,0.6222939243532285,0.5796770033122136,0.5305465356985617,0.47452413305981705,0.4105378678719866,0.3355507697856809,0.23851471093508245,,,,,,,,,0.1681946001101339
43080.0,0.7408680924969853,0.7373416464879347,0.7272758605687869,0.7104919522562332,0.687094965733122,0.657248176099775,0.6210441584874336,0.5785204887545092,0.5294920629632305,0.4735828559525384,0.40971665789503686,0.334851176375597,0.23790876936759717,,,,,,,,,0.1678026159851495
43140.0,0.7393500273032443,0.735831880024741,0.7257896033218394,0.7090438814815004,0.6857005647151796,0.6559214973153333,0.6197983544369687,0.5773676511082402,0.5284409584080106,0.4726446063724379,0.4088981188762136,0.3341538981842651,0.23730479673680596,,,,,,,,,0.16741201682316195
43200.0,0.737836752993776,0.7343268783406942,0.7243080371986437,0.707600383789392,0.6843105699348228,0.6545990151594865,0.6185564981667188,0.5762184772233431,0.5273932098331278,0.471709373281148,0.40808224126094056,0.33345892750155487,0.23670278758398205,,,,,,,,,0.1670227997135946
43260.0,0.736328292981849,0.7328268322458112,0.7228318534524292,0.7061631424557632,0.6829278651471798,0.6532851254891251,0.6173248061032145,0.5750813205100862,0.5263601068918116,0.4707914947732062,0.407287200463906,0.33278998729728815,0.23613820677929578,,,,,,,,,0.16663425343243427
43320.0,0.7348246702290768,0.7313315962191907,0.7213604029201978,0.7047305102532895,0.6815495952023816,0.6519754518066843,0.6160970702784139,0.5739478236399387,0.5253303410234866,0.46987659936371584,0.4064947727706906,0.3321232912697378,0.23557545971960725,,,,,,,,,0.16624683826637876
43380.0,0.7333258672786409,0.7298411529025218,0.719893668520898,0.7033024705422334,0.6801757440776329,0.6506699788480736,0.6148732763028102,0.5728179731970402,0.5243038998826358,0.46896467598779984,0.4057049486373825,0.33145882995867054,0.23501452407877724,,,,,,,,,0.16586062635045834
43440.0,0.7318318667386612,0.72835548500199,0.7184316332366384,0.7018790067436402,0.6788062958072854,0.6493686914020169,0.6136534098363867,0.5716917558153923,0.5232807711787468,0.46805571363715626,0.4049177184837414,0.33079659280872536,0.23445539530160886,,,,,,,,,0.16547565912701992
43500.0,0.730342651281934,0.7268745752879997,0.7169742801123863,0.7004601023390221,0.6774412344825891,0.648071574310016,0.6124374565889076,0.5705691581792519,0.5222609426759013,0.4671497013535407,0.40413307262583914,0.3301365690310753,0.23389807364636675,,,,,,,,,0.16509196252317654
43560.0,0.7288582036456563,0.7253984065948911,0.7155215922556625,0.6990457408700557,0.676080544251458,0.646778612466333,0.6112254023201871,0.5694501670234299,0.521244402191963,0.46624662821811624,0.4033510012530432,0.3294787481788043,0.2333425602561307,,,,,,,,,0.16470955367408108
43620.0,0.7273785066311516,0.723926961820656,0.7140735528362419,0.697635905938279,0.6747242093182612,0.6454897908179856,0.6100172328403327,0.5683347691334787,0.520231137597089,0.46534648333931883,0.40257149445225526,0.3288231203638824,0.23278885593933618,,,,,,,,,0.16432844428125232
43680.0,0.7259035431035871,0.7224602239266498,0.7126301450858548,0.6962305812048115,0.6733722139436253,0.6442050943647457,0.6088129340099583,0.5672229513457333,0.5192211368114545,0.46444925584306923,0.40179454225590205,0.328169676271754,0.23223696082975576,,,,,,,,,0.16394864245798327
43740.0,0.724433295991695,0.7209981759373054,0.7111913522978912,0.6948297503900767,0.6720245424442566,0.6429245081591513,0.6076124917403565,0.566114700547155,0.5182143878024066,0.4635549348676303,0.4010201346923341,0.32751840709243585,0.23168687434298624,,,,,,,,,0.163570153822988
43800.0,0.7229677482874876,0.7195408009398445,0.7097571578271064,0.6934333972735375,0.670681179192774,0.6416480173065109,0.6064158919936151,0.5650100036749471,0.5172108785814916,0.46266350956332336,0.4002482618275076,0.32686930442944234,0.23111411687284297,,,,,,,,,0.1631929821888104
43860.0,0.7215068830459711,0.7180880820839873,0.7083275450893382,0.692041505693442,0.6693421086175556,0.6403756069649081,0.6052231207826803,0.5639088477159642,0.5162105972018047,0.4617749690959989,0.3994789137947085,0.32622236021266715,0.23052981363302305,,,,,,,,,0.16281713001678197
43920.0,0.7200506833848588,0.7166400025816659,0.7069024975612237,0.6906540595465825,0.6680073152025934,0.6391072623451958,0.6040341641713336,0.5628112197059575,0.5152135317559893,0.4608893026527414,0.3987120808131571,0.3255775666241297,0.22994715222259463,,,,,,,,,0.16244259872994635
43980.0,0.7185991324842866,0.7151965457067408,0.7054819987799209,0.6892710427880551,0.6666767834873552,0.6378429687109776,0.6028490082740994,0.561717106728747,0.5142196703750256,0.46000649944847516,0.39794775319781306,0.3249349160380155,0.229366129760249,,,,,,,,,0.1620693889355582
44040.0,0.7171522135865264,0.7137576947947128,0.7040660323428374,0.6878924394310375,0.6653504980666551,0.6365827113785674,0.6016676392560762,0.5606264959153942,0.5132290012277849,0.459126548732479,0.39718592136282754,0.3242944009736206,0.2287867429975532,,,,,,,,,0.16169750058777396
44100.0,0.7157099099957,0.7123234332424431,0.7026545819073651,0.6865182335465703,0.664028443590522,0.6353264757169309,0.6004900433327113,0.5595393744434635,0.5122415125212407,0.458249439794233,0.3964265758207464,0.3236560140590051,0.22820898837138062,,,,,,,,,0.16132693310948726
44160.0,0.714272205077499,0.710893744507874,0.7012476311906197,0.685148409263346,0.6627106047640718,0.634074247147592,0.599316206769528,0.5584557295364044,0.5112571925011669,0.4573751619682939,0.3956697071790548,0.3230197480031886,0.2276328620481721,,,,,,,,,0.16095768548546638
44220.0,0.7128390822589006,0.7094686121097517,0.6998451639691861,0.6837829507675044,0.6613969663473744,0.6328260111445259,0.5981461158818326,0.5573755484630911,0.5102760294531589,0.4565037046381207,0.3949153061352052,0.32238559557500407,0.2270583599612377,,,,,,,,,0.1605897563348405
44280.0,0.7114105250278937,0.7080480196273584,0.6984471640788684,0.6824218423024333,0.6600875131553198,0.6315817532340231,0.5969797570344203,0.5562988185375247,0.5092980117038228,0.45563505723888326,0.39416336347091935,0.32175354958710567,0.22648547784223905,,,,,,,,,0.16022314396841228
44340.0,0.7099865169331978,0.70663195070024,0.6970536154144472,0.6810650681685724,0.6587822300574732,0.6303414589945366,0.5958171166412907,0.5552255271186871,0.5083231276220178,0.45476920925937375,0.39341387004626777,0.3211236028839196,0.225914211247846,,,,,,,,,0.15985784643460504
44400.0,0.7085670415839997,0.7052203890279437,0.6956645019294412,0.6797126127232194,0.6574811019779317,0.6291051140565121,0.5946581811653905,0.554155661610519,0.5073513656200604,0.4539061502431397,0.3926668167938583,0.32049574833262734,0.2253445555824121,,,,,,,,,0.1594938615567663
44460.0,0.7071520826496761,0.703813318369759,0.6942798076358712,0.6783644603803411,0.6561841138951684,0.6278727041022116,0.5935029371183868,0.553089209462011,0.5063827141548222,0.4530458697889939,0.39192219471331957,0.3198699788164584,0.22477650611734412,,,,,,,,,0.15913118696378575
44520.0,0.7057416238595371,0.7024107225444595,0.6928995166040325,0.6770205956103813,0.6548912508418704,0.6266442148655356,0.5923513710604827,0.5520261581673646,0.5054171617286923,0.4521883575510184,0.3911799948661893,0.3192462872297616,0.22421005800773763,,,,,,,,,0.15876982011548538
44580.0,0.7043356490025611,0.7010125854300542,0.6915236129622658,0.6756810029400746,0.6536024979047764,0.6254196321318372,0.5912034696002649,0.5509664952662094,0.5044546968903808,0.451333603238187,0.39044020837124693,0.31862466647442744,0.22364520630672824,,,,,,,,,0.15840975832386464
44640.0,0.7029341419271415,0.699618890963538,0.6901520808967356,0.674345666952252,0.652317840224504,0.6241989417377515,0.5900592193945945,0.5499102083438459,0.5034953082355579,0.45048159661369747,0.38970282640030557,0.3180051094573571,0.22308194597793762,,,,,,,,,0.1580509987710261
44700.0,0.7015370865408352,0.6982296231406507,0.6887849046512112,0.6730145722856564,0.6510372629953798,0.6229821295710227,0.5889186071485227,0.5488572850315009,0.5025389844073354,0.4496323274940972,0.38896784017444913,0.3173876090887242,0.22252027190630855,,,,,,,,,0.1576935385244139
44760.0,0.7001444668101123,0.6968447660156354,0.6874220685268468,0.6716877036347458,0.6497607514652645,0.6217691815703466,0.5877816196152419,0.5478077130065745,0.5015857140965903,0.4487857857482679,0.388235240960685,0.31677215828084637,0.2219601789075895,,,,,,,,,0.15733737454986174
44820.0,0.6987562667601118,0.6954643037010031,0.6860635568819701,0.6703650457495107,0.6484882909353786,0.6205600837252208,0.5866482435960542,0.5467610044276304,0.5006354860421618,0.4479419612963204,0.38750502006899057,0.31615874994752663,0.22140166173666762,,,,,,,,,0.15698250372283315
44880.0,0.6973724704744055,0.6940882203673009,0.684709354131865,0.6690465834352792,0.64721986676013,0.6193548220758064,0.5855184659403563,0.5457166749436964,0.4996882890309169,0.4471008441084385,0.38677716884970365,0.3155473770037448,0.22084471509491585,,,,,,,,,0.1566289228381633
44940.0,0.695993062094757,0.6927165002428805,0.6833594447485631,0.6677323015525242,0.6459554643469448,0.6181533827127994,0.5843922735456388,0.5446756652080408,0.4987441118977129,0.4462624242037062,0.3860516786912365,0.31493803236562373,0.22028933363670625,,,,,,,,,0.1562766286185506
45000.0,0.6946180258208908,0.691349127613675,0.6820138132606336,0.6664221850166806,0.6446950691560976,0.6169557517773131,0.5832696533574901,0.5436379630638627,0.49780294352527116,0.44542669164893695,0.38532854101807,0.3143307089505938,0.2197355119751937,,,,,,,,,0.1559256177219914
45060.0,0.6932473459102606,0.6899860868229728,0.680672444252974,0.6651162187979529,0.6434386667005504,0.6157619154607713,0.5821505923696035,0.5426035564014695,0.49686477284397346,0.44459363655752937,0.38460774728900093,0.3137253996777129,0.21918324468747646,,,,,,,,,0.1555758867483259
45120.0,0.6918810066778238,0.6886273622711969,0.6793353223666054,0.6638143879211256,0.6421862425457909,0.6145718600048039,0.5810350776237778,0.5415724331583353,0.4959295888315913,0.44376324908835085,0.3838892889956132,0.31312209746809505,0.2186325263192148,,,,,,,,,0.155227432245022
45180.0,0.6905189924958166,0.6872729384156866,0.6780024322984668,0.6625166774653832,0.6409377823096782,0.613385571701153,0.5799230962099216,0.5405445813191223,0.49499738051296865,0.4429355194446689,0.3831731576609427,0.3125207952454185,0.21808335138877566,,,,,,,,,0.15488025071231046
45240.0,0.6891612877935317,0.6859227997704809,0.6766737588012119,0.6612230725641235,0.6396932716622903,0.6122030368915843,0.5788146352660438,0.5395199889156653,0.49406813695966184,0.44211043787312976,0.38245934483831806,0.31192148593649227,0.21753571439096409,,,,,,,,,0.1545343386077591
45300.0,0.6878078770571013,0.6845769309061056,0.6753492866830099,0.6599335584047759,0.638452696325779,0.611024241967797,0.5777096819782366,0.5384986440269167,0.49314184728954763,0.44128799466278523,0.3817478421103537,0.31132416247185957,0.21698960980039242,,,,,,,,,0.15418969235036456
45360.0,0.6864587448292777,0.6832353164493594,0.6740290008073427,0.6586481202286264,0.6372160420742246,0.6098491733713414,0.5766082235806472,0.53748053477887,0.4922185006664087,0.44046818014417644,0.38103864108807517,0.3107288177864209,0.21644503207452986,,,,,,,,,0.15384630832422294
45420.0,0.685113875709221,0.6818979410831053,0.6727128860928119,0.6573667433306367,0.6359832947334975,0.608677817593535,0.57551024735544,0.5364656493444471,0.491298086299504,0.43965098468846797,0.3803317334101615,0.3101354448200702,0.21590197565646796,,,,,,,,,0.15350418288183434
45480.0,0.6837732543522864,0.6805647895460619,0.6714009275129393,0.6560894130592749,0.6347544401811217,0.6075101611753755,0.5744157406327441,0.535453975943362,0.4903805934431237,0.43883639870663665,0.3796271107422909,0.30954403651833523,0.21536043497743879,,,,,,,,,0.15316331234708622
45540.0,0.6824368654698132,0.6792358466325992,0.670093110095977,0.6548161148163424,0.6335294643461408,0.6063461907074582,0.573324690790591,0.5344455028419614,0.48946601139614404,0.438024412648708,0.37892476477657705,0.308954585833011,0.21482040445910755,,,,,,,,,0.1528236930179555
45600.0,0.6811046938289159,0.6779110971925316,0.6687894189247133,0.6535468340568062,0.632308353208984,0.6051858928298854,0.572237085254836,0.5334402183530497,0.48855432950157607,0.43721501700304527,0.37822468723107994,0.3083670857227858,0.2142818785156687,,,,,,,,,0.15248532116896116
45660.0,0.6797767242522817,0.6765905261309207,0.6674898391362863,0.6522815562886339,0.6310910928013405,0.604029254232177,0.5711529114990724,0.532438110835686,0.48764553714611675,0.4364082022956844,0.3775268698493906,0.3077815291538547,0.21374485155576625,,,,,,,,,0.15214819305339705
45720.0,0.678452941617962,0.6752741184078737,0.666194355921997,0.6510202670726296,0.6298776692060273,0.6028762616531755,0.570072157044529,0.5314391686949782,0.4867396237597051,0.4356039590897103,0.37683130440027174,0.30719790910051553,0.21320931798424858,,,,,,,,,0.15181230490536904
45780.0,0.677133330859174,0.6739618590383436,0.6649029545271237,0.6497629520222729,0.6286680685568617,0.6017269018809475,0.5689948094599607,0.5304433803818561,0.48583657881508374,0.43480227798468085,0.3761379826773524,0.30661621854575133,0.21267527220378912,,,,,,,,,0.15147765294165855
45840.0,0.675817876964101,0.6726537330919377,0.6636156202507423,0.6485095968035606,0.627462277038535,0.6005811617526807,0.5679208563615233,0.5294507343928374,0.48493639182736925,0.4340031496160851,0.3754468964988685,0.3060364504817917,0.21214270861637127,,,,,,,,,0.1511442333634297
45900.0,0.6745065649756885,0.6713497256927217,0.6623323384455423,0.6472601871348498,0.6262602808864847,0.5994390281545758,0.5668502854126456,0.5284612192697842,0.4840390523536281,0.4332065646548411,0.3747580377074427,0.3054585979106516,0.2116116216246603,,,,,,,,,0.15081204235779866
45960.0,0.6731993799914591,0.6700498220190311,0.6610530945176534,0.6460147087867002,0.6250620663867644,0.5983004880217365,0.5657830843238825,0.5274748235996515,0.48314454999246953,0.4324125138068291,0.3740713981698984,0.30488265384465557,0.21108200563326932,,,,,,,,,0.15048107609927652
46020.0,0.6718963071633103,0.6687540073032789,0.6597778739264666,0.6447731475817234,0.6238676198759178,0.5971655283380494,0.564719240852769,0.5264915360142348,0.4822528743836441,0.43162098781245295,0.37338696977710567,0.3043086113069397,0.2105538550499309,,,,,,,,,0.1501513307511006
46080.0,0.6705973316973236,0.6674622668317702,0.6585066621844625,0.6435354893944264,0.6226769277408466,0.5960341361360645,0.5636587428036622,0.5255113451899066,0.4813640152076547,0.43083197744623647,0.37270474444385265,0.30373646333193327,0.21002716428657842,,,,,,,,,0.1498228024664635
46140.0,0.6693024388535802,0.6661745859445187,0.6572394448570383,0.6423017201510632,0.6214899764186826,0.594906298496868,0.5626015780275728,0.5245342398473559,0.4804779621853791,0.430045473516444,0.3720247141087383,0.30316620296581803,0.20950192776035195,,,,,,,,,0.14949548738965085
46200.0,0.6680116139459679,0.6648909500350615,0.6559762075623372,0.6410718258294822,0.6203067523966512,0.5937820025499516,0.5615477344219988,0.5235602087513228,0.4795947050777074,0.4292614668647278,0.371346870734088,0.3025978232669721,0.20897813989453162,,,,,,,,,0.14916938165709548
46260.0,0.6667248423420017,0.6636113445502813,0.654716935971081,0.6398457924589765,0.6191272422119415,0.5926612354730734,0.560497199930745,0.5225892407103345,0.4787142336851876,0.4284799483657997,0.3706712063058837,0.3020313173063926,0.208455795119402,,,,,,,,,0.14884448139835638
46320.0,0.6654421094626352,0.6623357549902227,0.6534616158064026,0.6386236061201329,0.6179514324515671,0.591543984492123,0.5594499625437415,0.5216213245764416,0.47783653784768365,0.427700908927123,0.3699977128337109,0.3014666781680999,0.20793488787306108,,,,,,,,,0.1485207827370277
46380.0,0.6641634007820812,0.6610641669079192,0.6522102328436807,0.6374052529446829,0.6167793097522333,0.5904302368809736,0.5584060102968608,0.520656449244951,0.4769616074440473,0.4269243394886271,0.3693263823507159,0.3009038989495224,0.20741541260216836,,,,,,,,,0.14819828179158717
46440.0,0.6628887018276317,0.6597965659092168,0.6509627729103765,0.6361907191153542,0.6156108608001923,0.5893199799613351,0.5573653312717232,0.5196946036541661,0.4760894323917985,0.42615023102243926,0.3686572069135775,0.30034297276186783,0.20689736376264609,,,,,,,,,0.1478769746761844
46500.0,0.6616179981794816,0.6585329376526003,0.6497192218858686,0.6349799908657191,0.6144460723311052,0.5882132011026012,0.5563279135955067,0.5187357767851248,0.47522000264682096,0.4253785745326346,0.36799017860248495,0.2997838927304723,0.20638073582033245,,,,,,,,,0.14755685750137923
46560.0,0.6603512754705514,0.6572732678490207,0.6484795657012928,0.6337730544800474,0.6132849311298991,0.5871098877216954,0.5552937454407497,0.5177799576613401,0.47435330820306193,0.42460936105500074,0.3673252895211256,0.29922665199513826,0.20586552325159024,,,,,,,,,0.14723792637482974
46620.0,0.6590885193863142,0.6560175422617247,0.6472437903393801,0.6325698962931564,0.6121274240306206,0.5860100272829123,0.5542628150251543,0.516827135348547,0.47348933909225,0.42384258165681854,0.36666253179667824,0.29867124371045417,0.20535172054387668,,,,,,,,,0.14692017740193775
46680.0,0.6578297156646226,0.6547657467060878,0.646011881834297,0.631370502690258,0.6109735379162902,0.584913607297755,0.5532351106113849,0.515877298954448,0.47262808538361806,0.42307822743665474,0.3660018975798137,0.2981176610460985,0.20483932219627835,,,,,,,,,0.14660360668645353
46740.0,0.6565748500955374,0.6535178670494451,0.644783826271488,0.6301748601068103,0.6098232597187524,0.5838206153247716,0.5522106205068692,0.5149304376284651,0.4717695371836374,0.42231628952416916,0.36534337904469927,0.2975658971871328,0.20432832272000773,,,,,,,,,0.14628821033104178
46800.0,0.6553239085211602,0.6522738892109243,0.6435596097875138,0.6289829550283673,0.6086765764185235,0.5827310389693908,0.5511893330635927,0.5139865405614943,0.4709136846357605,0.4215567590799321,0.364686968389006,0.29701594533427733,0.20381871663887063,,,,,,,,,0.14597398443781442
46860.0,0.6540768768354617,0.6510337991612825,0.642339218569895,0.627794773990425,0.6075334750446428,0.5816448658837481,0.5501712366779006,0.5130455969856594,0.4700605179201756,0.42079962729525133,0.3640326578339217,0.2964677987041754,0.20331049848970587,,,,,,,,,0.1456609251088304
46920.0,0.6528337409841194,0.6497975829227394,0.6411226388569522,0.6266103035782713,0.6063939426745165,0.5805620837665195,0.5491563197902898,0.5121075961740816,0.4692100272535643,0.42004488539201185,0.3633804396241649,0.2959214505296459,0.2028036628227927,,,,,,,,,0.14534902844656727
46980.0,0.65159448696435,0.64856522656882,0.6399098569376532,0.6254295304268309,0.6052579664337602,0.5794826803627482,0.5481445708852085,0.5111725274406363,0.46836220288887404,0.41929252462251987,0.362730306028,0.29537689405992057,0.2022982042022376,,,,,,,,,0.1450382905543647
47040.0,0.6503591008247415,0.6473367162241838,0.6387008591514491,0.6242524412205142,0.6041255334960449,0.5784066434636678,0.5471359784908546,0.5102403801397275,0.46751703511509235,0.4185425362693593,0.3620822493372567,0.2948341225608749,0.20179411720633628,,,,,,,,,0.14472870753684103
47100.0,0.6491275686650975,0.6461120380644702,0.6374956318881243,0.6230790226930607,0.6029966310829353,0.5773339609065299,0.546130531178969,0.5093111436660618,0.46667451425703144,0.41779491164525434,0.36143626186734745,0.2942872438778842,0.20129139642790927,,,,,,,,,0.14442027550029024
47160.0,0.6478998766362665,0.644891178316137,0.6362941615876349,0.6219092616273865,0.6018712464637334,0.5762646205744273,0.5451282175646385,0.5083848074544218,0.4658346306751215,0.4170496420929377,0.3607923359572883,0.2937404295134873,0.200790036474625,,,,,,,,,0.1441129905530529
47220.0,0.6466760109399879,0.6436741232562954,0.6350964347399543,0.6207431448554268,0.6007493669553119,0.5751986103961129,0.5441290263060895,0.5074613609794503,0.46499737476520675,0.4163067189850258,0.3601504639697173,0.2931953855821855,0.20029003196929518,,,,,,,,,0.1438068488058692
47280.0,0.6454559578287237,0.6424608592125566,0.6339024378849141,0.61958065925798,0.599630979921957,0.5741359183458264,0.5431329461044925,0.5065407937554341,0.4641627369583506,0.4155661337239021,0.359510638290916,0.2926521054710409,0.19979137755015733,,,,,,,,,0.14350184637221142
47340.0,0.6442397036055039,0.6412513725628707,0.6327121576120507,0.618421791764552,0.5985160727752004,0.5730765324431129,0.5421399657037612,0.505623095336094,0.46333070772064633,0.41482787774160174,0.3588728513308291,0.29211058258437195,0.1992940678711397,,,,,,,,,0.1431979793686006
47400.0,0.6430272346237649,0.6400456497353664,0.6315255805604456,0.6172665293531961,0.5974046329736581,0.5720204407526424,0.5411500738903521,0.5047082553143758,0.4625012775530333,0.4140919424997035,0.35823709552308325,0.29157081034392457,0.198798097602107,,,,,,,,,0.14289524391490446
47460.0,0.6418185372871879,0.6388436772081946,0.6303426934185716,0.6161148590503578,0.596296648022863,0.5709676313840316,0.5401632594930733,0.5037962633222476,0.4616744369911185,0.413358319489227,0.3576033633250076,0.2910327821890335,0.19830346142909597,,,,,,,,,0.14259363613462153
47520.0,0.6406135980495451,0.6376454415093703,0.6291634829241324,0.614966767930714,0.595192105475099,0.5699180924916631,0.5391795113828852,0.5028871090304998,0.4608501766050036,0.41262700023053167,0.3569716472176507,0.29049649157677493,0.1978101540545332,,,,,,,,,0.1422931521551495
47580.0,0.6394124034145365,0.6364509292166134,0.6279879358639067,0.613822243117012,0.5940909929292356,0.5688718122745079,0.538198818472708,0.5019807821485491,0.46002848699911697,0.41189797627322045,0.3563419397057992,0.28996193198211195,0.19731817019744202,,,,,,,,,0.1419937881080417
47640.0,0.6382149399356386,0.6352601269571916,0.6268160390735906,0.6126812717799135,0.5929932980305571,0.5678287789759423,0.5372211697172302,0.5010772724242467,0.4592093588120497,0.4111712391960481,0.35571423331799407,0.2894290968980315,0.19682750459363452,,,,,,,,,0.14169554012924804
47700.0,0.6370211942159371,0.6340730214077658,0.6256477794376413,0.6115438411378304,0.5918990084705976,0.5667889808835687,0.536246554112716,0.5001765696436844,0.4583927827163966,0.41044678060683115,0.35508852060654483,0.2888979798356754,0.196338151995896,,,,,,,,,0.1413984043593478
47760.0,0.635831152907977,0.6328895992942281,0.6244831438891174,0.6104099384567673,0.5908081119869723,0.5657524063290373,0.535274960696821,0.49927866363101386,0.4575787494186023,0.40972459214236134,0.35446479414754645,0.28836857432446594,0.19585010717415313,,,,,,,,,0.14110237694376726
47820.0,0.6346448027136016,0.6317098473915468,0.6233221194095211,0.6092795510501529,0.5897205963632061,0.5647190436878671,0.534306378548399,0.4983835442482619,0.4567672496588077,0.4090046654683208,0.3538430465408909,0.28784087391222085,0.19536336491563583,,,,,,,,,0.1408074540329904
47880.0,0.6334621303837993,0.6305337525236094,0.6221646930286417,0.6081526662786869,0.5886364494285677,0.563688881379264,0.5333407967873209,0.4974912013951494,0.45595827421070595,0.40828699227920157,0.353223270410279,0.28731487216526674,0.19487792002502707,,,,,,,,,0.1405136317827559
47940.0,0.632283122718539,0.6293613015630645,0.6210108518243951,0.6070292715501722,0.5875556590578975,0.5626619078659474,0.5323782045742909,0.49660162500891664,0.4551518138813959,0.4075715642982255,0.3526054584032315,0.28679056266854214,0.19439376732460423,,,,,,,,,0.14022090635424836
48000.0,0.6311077665666194,0.628192481431163,0.6198605829226642,0.6059093543193546,0.5864782131714396,0.5616381116539678,0.5314185911106604,0.49571480506414783,0.45434785951124296,0.40685837327726665,0.35198960319109923,0.2862679390256995,0.19391090165437183,,,,,,,,,0.13992927391427903
48060.0,0.6299360488255099,0.6270272790976047,0.6187138734971427,0.604792902087756,0.5854040997346713,0.5606174812925335,0.530461945638254,0.49483073157260216,0.45354640197374224,0.4061474109967759,0.35137569746906827,0.2857469948591986,0.19342931787218468,,,,,,,,,0.13963873063545698
48120.0,0.628767956441191,0.6258656815803745,0.6175707107691746,0.6036799024035155,0.5843333067581357,0.559600005373831,0.5295082574391855,0.49394939458304454,0.45274743217538316,0.40543866926570765,0.35076373395617033,0.28522772381039424,0.1929490108538647,,,,,,,,,0.13934927269635566
48180.0,0.6276034764080022,0.6247076759455905,0.616431082007593,0.6025703428612245,0.5832658222972688,0.558585672532852,0.5285575158356828,0.49307078418108113,0.45195094105551836,0.4047321399214443,0.3501537053952838,0.2847101195396215,0.19246997549330883,,,,,,,,,0.1390608962816686
48240.0,0.6264425957684798,0.6235532493073417,0.6152949745285629,0.601464211101762,0.5822016344522327,0.5575744714472165,0.5276097101899153,0.4921948904889959,0.4511569195862359,0.40402781482972805,0.34954560455314077,0.2841941757262764,0.1919922067025916,,,,,,,,,0.13877359758236055
48300.0,0.6252853016132004,0.6224023888275333,0.6141623756954209,0.6003614948121304,0.5811407313677446,0.5565663908370014,0.5266648299038185,0.4913217036655909,0.4503653587722313,0.4033256858845908,0.3489394242203272,0.28367988606888705,0.19151569941205812,,,,,,,,,0.13848737279581053
48360.0,0.6241315810806248,0.6212550817157254,0.6130332729185118,0.5992621817252946,0.5800831012329098,0.5555614194645621,0.5257228644189209,0.490451213906029,0.44957624965068527,0.40262574500828263,0.34833515721128383,0.2831672442851865,0.19104044857041327,,,,,,,,,0.13820221812594943
48420.0,0.6229814213569381,0.6201113152289798,0.6119076536550334,0.5981662596200116,0.5790287322810495,0.5545595461343663,0.5247838032161775,0.4895834114416779,0.44878958329114105,0.40192798415120706,0.3477327963643069,0.2826562441121784,0.19056644914480425,,,,,,,,,0.1379181297833913
48480.0,0.6218348096758934,0.6189710766716933,0.6107855054088732,0.5970737163206749,0.5779776127895359,0.5535607596928198,0.5238476358158003,0.4887182865399566,0.448005350795385,0.4012323952918511,0.3471323345415434,0.2821468793061971,0.19009369612089475,,,,,,,,,0.1376351039855593
48540.0,0.6206917333186563,0.6178343533954457,0.609666815730447,0.595984539697142,0.5769297310796212,0.5525650490280946,0.5229143517770902,0.48785582950418627,0.4472235432973301,0.4005389704367221,0.3465337646289912,0.2816391436429677,0.1896221845029389,,,,,,,,,0.1373531369568057
48600.0,0.619552179613642,0.616701132798841,0.6085515722165409,0.5948987176645759,0.5758850755162707,0.5515724030699621,0.5219839406982764,0.4869960306734396,0.4464441519628989,0.39984770162027855,0.34593707953649155,0.28113303091765995,0.18915190931384332,,,,,,,,,0.1370722249285271
48660.0,0.6184161665259553,0.6155715691457375,0.6074403370198713,0.5938176232257716,0.5748460039599477,0.5505864264173853,0.5210615183132544,0.4861461159696785,0.4456765827188027,0.39917063134561326,0.34535771920755987,0.28065095910211063,0.18872623661268312,,,,,,,,,0.13679172870869719
48720.0,0.617283711687767,0.6144455429380827,0.6063325803028227,0.5927399110582875,0.5738101805152553,0.5496035293324661,0.520141975365818,0.48529885530232214,0.44491141472401924,0.3984956903402207,0.3447802037930591,0.28017045415635927,0.188301684685553,,,,,,,,,0.13651209146824883
48780.0,0.6161548020015877,0.6133230411541983,0.605228289258224,0.5916655687027578,0.572777593209655,0.5486237004528294,0.5192253012144354,0.4844542388326205,0.4441486390285063,0.3978228705865091,0.34420452620484987,0.2796915088379395,0.1878782573640043,,,,,,,,,0.136233362614504
48840.0,0.6150294244206672,0.6122040508228705,0.6041274511285971,0.5905945837482418,0.571748230117181,0.5476469284602499,0.5183114852587232,0.4836122567594612,0.4433882467158348,0.3971521640957318,0.34363067934479746,0.27921411527869255,0.1874559600793046,,,,,,,,,0.13595557262167665
48900.0,0.6139075659488061,0.6110885590231668,0.6030300532059747,0.5895269438320366,0.5707220793582567,0.5466732020804692,0.51740051693927,0.48277289931921374,0.442630228903037,0.3964835629061176,0.34305865607089764,0.27873826546822367,0.18703479748590296,,,,,,,,,0.135678741236528
48960.0,0.6127892136401701,0.6099765528842497,0.6019360828317112,0.5884626366394915,0.5696991290995037,0.5457025100830097,0.5164923857374618,0.4819361567855736,0.44187457674034525,0.39581705907909204,0.34248844918003546,0.27826395159399003,0.18661477295672235,,,,,,,,,0.13540288165112752
49020.0,0.6116743545991074,0.6088680195851935,0.6008455273962984,0.5874016499038178,0.5686793675535549,0.5447348412809936,0.5155870811753069,0.48110201946939934,0.4411212814107122,0.39515264469435696,0.34192005141377657,0.27779116618838046,0.1861958886199706,,,,,,,,,0.1351280028066313
49080.0,0.6105629759799627,0.607762946354797,0.5997583743391772,0.5863439714059039,0.5676627829788699,0.5437701845309576,0.5146845928152693,0.48027047771852727,0.44037033412902354,0.394490311845357,0.3413534554792362,0.27731990215505903,0.18577814553246333,,,,,,,,,0.13485411075312714
49140.0,0.609455064986894,0.6066613204713993,0.5986746111485571,0.5852895889741286,0.5666493636795485,0.5428085287326752,0.5137849102600914,0.47944152191754275,0.4396217261410406,0.3938300526363847,0.34078865407489495,0.2768501527382501,0.18536154386523315,,,,,,,,,0.13458120949738928
49200.0,0.6083506088736865,0.6055631292626962,0.5975942253612251,0.5842384904841752,0.5656390980051459,0.5418498628289741,0.512888023152618,0.4786151424874917,0.438875448722207,0.393171859181783,0.3402256399145753,0.27638191147199354,0.18494608306654015,,,,,,,,,0.1343093015557571
49260.0,0.6072495949435698,0.6044683601055559,0.5965172045623641,0.583190663858845,0.564631974350488,0.5408941758055584,0.5119939211756102,0.4777913298855228,0.43813149317649186,0.3925157236070608,0.3396644057465193,0.27591517212732847,0.18453176199609,,,,,,,,,0.13403838832852585
49320.0,0.6061520105490315,0.6033770004258306,0.5954435363853673,0.5821460970678745,0.5636279811554895,0.539941456690825,0.5111025940515477,0.4769700746044722,0.4373898508354291,0.39186163805138796,0.3391049443669251,0.2754499286648649,0.18411857903299148,,,,,,,,,0.13376847036164768
49380.0,0.6050578430916358,0.602289037698179,0.5943732085116511,0.5811047781277486,0.5626271069049706,0.5389916945556869,0.5102140315424117,0.47615136717240847,0.4366505130574534,0.39120959467087674,0.3385472486285346,0.2749861751950019,0.18370653216199745,,,,,,,,,0.133499547534679
49440.0,0.603967080021838,0.6012044594458762,0.5933062086704758,0.5800666951015172,0.5616293401284733,0.5380448785133837,0.5093282234494495,0.47533519815217057,0.43591347122756663,0.39055958564213733,0.3379913114452655,0.27452390594576326,0.18329561904244018,,,,,,,,,0.13323161919894816
49500.0,0.6028797088388023,0.6001232532406321,0.5922425246387569,0.5790318360986116,0.5606346694000801,0.537100997719297,0.5084451596129247,0.4745215581409252,0.43517871675732345,0.38991160316574086,0.3374371257939503,0.2740631152373428,0.18288583706358194,,,,,,,,,0.13296468428121025
49560.0,0.6017957170902144,0.5990454067024086,0.5911821442408849,0.5780001892746626,0.5596430833382317,0.5361600413707511,0.5075648299118497,0.47371043776977256,0.43444624108508906,0.38926563946935216,0.33688468471404365,0.2736037974622211,0.1824771833893247,,,,,,,,,0.1326987413628081
49620.0,0.6007150923721013,0.5979709074992325,0.5901250553485395,0.5769717428313147,0.5586545706055421,0.5352219987068174,0.5066872242637182,0.4729018277034132,0.43371603567649963,0.3886216868104134,0.3363339813060235,0.27314594706976425,0.18206965499457398,,,,,,,,,0.132433788741084
49680.0,0.5996378223286473,0.5968997433470199,0.5890712458805071,0.5759464850160467,0.5576691199086148,0.5342868590081093,0.5058123326242278,0.4720957186398912,0.4329880920250676,0.38797973747833725,0.3357850087289922,0.2726895585543706,0.18166324869502912,,,,,,,,,0.1321698244776988
49740.0,0.5985638946520141,0.5958319020093841,0.5880207038024998,0.5749244041219864,0.5566867199978559,0.533354611596569,0.5049401449870157,0.4712921013104105,0.4322624016528635,0.387339783796215,0.33523776019785667,0.27223462644638896,0.18125796117175488,,,,,,,,,0.13190684643712638
49800.0,0.597493297082151,0.5947673712974602,0.5869734171269717,0.5739054884877292,0.5557073596672851,0.5324252458352551,0.5040706513834028,0.4704909664792265,0.43153895611123005,0.3867018181220861,0.3346922289803369,0.2717811453051959,0.1808537889915954,,,,,,,,,0.13164485231767106
49860.0,0.5964260174066207,0.5937061390697187,0.585929373912937,0.5728897264971538,0.5547310277543475,0.5314987511281307,0.503203841882154,0.4696923049435985,0.4308177469814796,0.3860658328498157,0.33414840839397353,0.2713291097139488,0.18045072862423878,,,,,,,,,0.13138383967671943
49920.0,0.5953620434604092,0.5926481932317843,0.5848885622657862,0.5718771065792424,0.5537577131397218,0.530575116919844,0.5023397065892627,0.4688961075337981,0.430098765875558,0.3854318204096447,0.33360629180324414,0.2708785142756284,0.1800487764565783,,,,,,,,,0.1311238059514897
49980.0,0.5943013631257499,0.5915935217362556,0.583850970337109,0.570867617207891,0.5527874047471245,0.5296543326955169,0.5014782356477513,0.4681023651131597,0.42938200443664387,0.3847997732684679,0.33306587261684656,0.27042935361009024,0.17964792880486666,,,,,,,,,0.1308647484762264
50040.0,0.5932439643319409,0.5905421125825226,0.5828165863245081,0.5698612469017303,0.5518200915431188,0.5287363879805348,0.5006194192374984,0.4673110685781624,0.42866745433967823,0.38416968392989476,0.33252714428518537,0.26998162235188133,0.17924818192505865,,,,,,,,,0.1306066644965637
50100.0,0.5921898350551611,0.5894939538165861,0.5817853984714174,0.5688579842239394,0.5508557625369181,0.527821272340343,0.49976324757508356,0.46652220885853496,0.4279551072918185,0.3835415449341347,0.3319901002980746,0.26953531514866136,0.17884953202166584,,,,,,,,,0.13034955118160899
50160.0,0.591138963318293,0.5884490335308719,0.5807573950669249,0.5678578177820582,0.5498944067801929,0.5269089753802486,0.49890971091365904,0.4657357769173707,0.4272449550328125,0.38291534885775497,0.3314547341826583,0.2690904266600824,0.17845197525536521,,,,,,,,,0.1300934056341757
50220.0,0.5900913371907369,0.5874073398640574,0.5797325644455865,0.5668607362278032,0.5489360133668746,0.5259994867452283,0.49805879954283283,0.4649517637512459,0.42653698933529766,0.3822910883133362,0.33092103950153823,0.2686469515570225,0.17805550774957746,,,,,,,,,0.12983822489950342
50280.0,0.5890469447882347,0.5863688610008869,0.5787108949872457,0.5658667282568811,0.547980571432965,0.5250927961197477,0.49721050378857296,0.4641701603903388,0.4258312020050295,0.38166875594906063,0.33038900985109915,0.2682048845210931,0.17766012559617445,,,,,,,,,0.12958400597273362
50340.0,0.5880057742726873,0.5853335851719892,0.5776923751168491,0.5648757826088039,0.5470280701563445,0.5241888932275867,0.4963648140131244,0.4633909578985392,0.425127584881043,0.38104834444824814,0.3298586388600181,0.26776422024435653,0.17726582486045117,,,,,,,,,0.12933074580534742
50400.0,0.5869678138519749,0.5843015006537009,0.5766769933042698,0.5638878880666989,0.5460784987565864,0.5232877678316711,0.4955217206149356,0.46261414737354567,0.42442612983575567,0.38042984652886347,0.32932992018793694,0.26732495342920315,0.17687260158547857,,,,,,,,,0.12907844131074409
50460.0,0.5859330238480476,0.5832724403480082,0.5756642009845448,0.5629017368995121,0.5451296264300753,0.5223860187031447,0.4946764006587511,0.4618329121975907,0.42371795329668827,0.3798018657341363,0.32878819632871065,0.2668656228817483,0.1764374801134416,,,,,,,,,0.1288277023130959
50520.0,0.5849013649694502,0.5822464934028463,0.5746544717457547,0.5619185672804601,0.5441836213120989,0.5214869929858752,0.4938336331296816,0.4610540375353994,0.4230119203146667,0.3791757942293086,0.3282481362109891,0.26640772048406286,0.17600353654928233,,,,,,,,,0.12857808447039748
50580.0,0.5838728260696164,0.5812236487336143,0.5736477946780489,0.5609383685796845,0.5432404731658838,0.5205906809324499,0.49299340885309456,0.46027751484043833,0.4223080230496998,0.37855162495065137,0.3277097336347568,0.2659512419272731,0.17557075417140922,,,,,,,,,0.1283295376966624
50640.0,0.5828473960435671,0.5802038952970581,0.5726441589122306,0.5599611302068369,0.5423001717924768,0.5196970728311323,0.4921557186877625,0.4595033355980004,0.42160625369327526,0.3779293508659345,0.3271729824515569,0.26549618343635795,0.17513911718599703,,,,,,,,,0.1280820278053495
50700.0,0.5818250638277518,0.5791872220911124,0.5716435536195978,0.5589868416109168,0.5413627070305892,0.5188061590057486,0.491320553525831,0.4587314913252402,0.4209066044682984,0.377308964975186,0.3266378765901871,0.26504254137302913,0.17470861153540396,,,,,,,,,0.12783552995539957
50760.0,0.580805818399896,0.5781736181547416,0.5706459680117848,0.5580154922801132,0.5404280687564528,0.5179179298155786,0.49048790429278544,0.4579619735711913,0.4202090676290758,0.37669046031288866,0.32610441007155083,0.26459031196293453,0.17427922484478825,,,,,,,,,0.12759002516989404
50820.0,0.5797896487788403,0.5771630725677841,0.5696513913406017,0.5570470717416431,0.5394962468836726,0.5170323756552547,0.4896577619474158,0.4571947739167768,0.4195136354614343,0.3760738299511713,0.32557257700627285,0.26413949117542224,0.17385094616774874,,,,,,,,,0.12734549834838674
50880.0,0.578776544024387,0.5761555744507941,0.5686598128978787,0.5560815695616017,0.5385672313630868,0.5161494869546611,0.4888301174817801,0.45642988397481693,0.4188203002830438,0.37545906700293075,0.32504237157982097,0.26369007469949785,0.17342376572149587,,,,,,,,,0.12710193706325237
50940.0,0.5777664932371389,0.5751511129648872,0.5676712220153055,0.5551189753448034,0.5376410121826298,0.5152692541788344,0.48800496192116805,0.4556672953900555,0.4181290544439366,0.3748461646239069,0.3245137880325503,0.2632420579667025,0.1729976746603921,,,,,,,,,0.12685933079469122
51000.0,0.5767594855583505,0.5741496773115788,0.5666856080642784,0.5541592787346303,0.5367175793671959,0.514391667827875,0.48718228632405985,0.45490699983921296,0.41743989032715,0.37423511601325704,0.32398682064016376,0.2627954361915803,0.17257266489399256,,,,,,,,,0.12661767042460959
51060.0,0.575755510169764,0.5731512567326305,0.5657029604557408,0.5532024694128839,0.5357969229785124,0.5135167184368471,0.4863620817820919,0.4541489890310823,0.4167528003493629,0.37362591441266324,0.3234614636974214,0.2623502044149502,0.17214872894393818,,,,,,,,,0.12637694789027817
51120.0,0.5747545562934557,0.5721558405098944,0.5647232686400288,0.552248537099632,0.5348790331150042,0.5126443965756963,0.48554433942002495,0.45339325470665737,0.4160677769614141,0.37301855310430526,0.3229377115059752,0.26190635754352937,0.17172585983198063,,,,,,,,,0.12613715594043862
51180.0,0.5737566131916807,0.5711634179651557,0.5637465221067157,0.5512974715530655,0.5339638999116721,0.511774692849157,0.48472905039572184,0.4526397886392901,0.4153848126486195,0.3724130254081236,0.32241555836613656,0.26146389038369555,0.17130405099218374,,,,,,,,,0.12589828795926988
51240.0,0.5727616701667169,0.5701739784599761,0.5627727103844624,0.5503492625693517,0.5330515135399704,0.510907597896672,0.4839162059001345,0.45188858263484977,0.4147038999308446,0.371809324678767,0.3218949985719219,0.26102279766916076,0.17088329620168807,,,,,,,,,0.12566033783659303
51300.0,0.5717697165607066,0.5691875113955406,0.5618018230408619,0.5494038999824925,0.5321418642076806,0.5100431023923088,0.48310579715730145,0.4511396285318703,0.4140250313623327,0.37120744430253066,0.3213760264086151,0.260583074083144,0.17046358952572718,,,,,,,,,0.12542329987036077
51360.0,0.5707807417555039,0.5682040062125023,0.5608338496822893,0.5484613736641831,0.5312349421587969,0.5091811970446827,0.48229781542435035,0.45039291820166344,0.41334819953132135,0.3706073776944866,0.32085863615215005,0.26014471427589086,0.17004492527361878,,,,,,,,,0.12518716869218635
51420.0,0.5697947351725234,0.5672234523908288,0.5598686918998265,0.5475216735236714,0.5303307376734091,0.508321872596887,0.48149198738347215,0.4496484435483838,0.4126733970594796,0.37000911829593264,0.32034190924670014,0.2597077128783894,0.16962729796326032,,,,,,,,,0.12495193920962591
51480.0,0.5688116862725784,0.56624583944965,0.5589061893241994,0.5465847895076229,0.5294292410675895,0.5074651198264223,0.4806878529878353,0.4489061965090397,0.41200061660122367,0.36941265957221375,0.31982427893142945,0.2592720645130432,0.16921070229226137,,,,,,,,,0.12471760656085798
51540.0,0.5678315845557326,0.5652711569471045,0.5579465711921265,0.5456507115999825,0.5285304426932821,0.5066109295451338,0.4798861230963805,0.4481661690534415,0.41132985084295276,0.3688179950109214,0.31930821932116177,0.25883776380193435,0.1687951331142979,,,,,,,,,0.12448416607867452
51600.0,0.5668544195611481,0.5642993944801892,0.5569898272570766,0.5447194298218442,0.5276343329381942,0.5057592925991476,0.47908678908404995,0.44742835318409685,0.4106610925022459,0.368225118120457,0.3187937246655138,0.25840480537319616,0.16838058541960235,,,,,,,,,0.12425161326156348
51660.0,0.5658801808669289,0.5633305416846093,0.5560359473105939,0.5437909342313176,0.5267409022256923,0.5049101998688116,0.4782898423589395,0.446692740936046,0.4099943343270563,0.367634022428922,0.31828078921256203,0.25797318386590556,0.16796705431875383,,,,,,,,,0.12401994375026093
51720.0,0.5649088580899757,0.5623645882346285,0.5550849211821568,0.5428652149233987,0.5258501410146992,0.5040636422686368,0.4774952743622637,0.44595932437665586,0.40932956909492785,0.3670447014832922,0.3177694072110953,0.2575428939338207,0.167554535029129,,,,,,,,,0.12378915330856924
51780.0,0.5639404408858304,0.561401523842919,0.5541367387390316,0.5419422620298427,0.5249620397995941,0.5032196107472354,0.476703076568305,0.4452280956053751,0.4086667896122472,0.36645714884883435,0.3172595729127732,0.25711393024821616,0.16714302286350047,,,,,,,,,0.12355923780753758
51840.0,0.5629749189485305,0.5604413382604181,0.5531913898861371,0.5410220657190384,0.5240765891101135,0.502378096287259,0.4759132404843428,0.4444990467534569,0.4080059887135549,0.3658713581087233,0.3167512805741498,0.25668628750002226,0.16673251322039317,,,,,,,,,0.12333019321231836
51900.0,0.562012282010457,0.5594840212761778,0.5522488645658998,0.5401046161958858,0.5231937795112565,0.5015390899053314,0.47512575765056675,0.4437721699836635,0.40734715926090875,0.36528732286382004,0.3162445244585366,0.2562599604014119,0.1663230015758793,,,,,,,,,0.12310201557117229
51960.0,0.5610525198421927,0.5585295627172236,0.5513091527581196,0.5391899037016709,0.5223136016031863,0.5007025826519766,0.47434061963996915,0.44304745748995455,0.4066902941433123,0.364705036732579,0.3157392988377044,0.25583494368696696,0.16591448347655985,,,,,,,,,0.12287470100620598
52020.0,0.5600956222523712,0.5575779524484075,0.5503722444798352,0.5382779185139512,0.5214360460211379,0.4998685656115435,0.4735578180582247,0.44232490149717035,0.40603538627620567,0.3641244933510566,0.31523559799342,0.25541123211451366,0.16550695453353786,,,,,,,,,0.12264824570553651
52080.0,0.5591415790875323,0.556629180372267,0.5494381297851871,0.5373686509464323,0.5205611034353207,0.49903702990212245,0.47277734454355175,0.44160449426071186,0.405382428601015,0.3635456863729929,0.3147334162188208,0.25498882046569854,0.16510041041721138,,,,,,,,,0.122422645916611
52140.0,0.5581903802319798,0.5556832364288856,0.548506798765284,0.5364620913488543,0.519688764550825,0.4982079666754573,0.47199919076656555,0.44088622806622535,0.40473141408476015,0.36296860946995174,0.31423274781964433,0.2545677035463678,0.16469484685276095,,,,,,,,,0.12219789794049185
52200.0,0.5572420156076394,0.5547401105957485,0.5475782415480732,0.5355582301068744,0.518819020107521,0.49738136711684905,0.4712233484301154,0.4401700952292924,0.4040823357197125,0.36239325633150143,0.31373358711531724,0.25414787618679247,0.16429025961621813,,,,,,,,,0.12197399812693993
52260.0,0.5562965007802636,0.5537999382245749,0.5466530316491287,0.5346582756758737,0.5179539483171596,0.4965604139917589,0.4704545847399659,0.4394625153981347,0.40344358205507735,0.36183042067915144,0.3132507074642656,0.25374991780236666,0.16392929141775753,,,,,,,,,0.12175035111230512
52320.0,0.5553538510454284,0.5528626141281927,0.5457306233239944,0.5337610438230478,0.5170914903830024,0.495741937960793,0.46968813799171605,0.4387570662363686,0.4028067526847961,0.36126928667212344,0.31276930029022765,0.25335319932190786,0.1635691739272641,,,,,,,,,0.12152738853243844
52380.0,0.5544140559782864,0.5519281279418035,0.5448110063729452,0.5328665246288454,0.516231636770443,0.49492592997325463,0.46892399970035603,0.43805373991975916,0.40217184050764654,0.3607098479508026,0.3122893599134212,0.2529577147950547,0.1632099209597694,,,,,,,,,0.12130514831325687
52440.0,0.5534771051943446,0.550996469340732,0.5438941706357554,0.5319747082122047,0.5153743779820833,0.494112381014141,0.46816216141468237,0.43735252865484053,0.40153883844834587,0.36015209817557337,0.3118108806514,0.25256345787432466,0.16285154275192917,,,,,,,,,0.12108365501526525
52500.0,0.5525429883493134,0.5500676280402704,0.5429801059915492,0.5310855847304193,0.5145197045576078,0.49330128210400576,0.46740261471709693,0.4366534246786575,0.40090773945737684,0.35959603102617954,0.3113338567986529,0.2521704221546034,0.16249404662460892,,,,,,,,,0.12086292507325813
52560.0,0.5516116951389447,0.5491415937955263,0.54206880235866,0.5301991443790076,0.5136676070736591,0.49249262429881097,0.4666453512234085,0.4359564202585197,0.4002785365107935,0.359041640200022,0.31085828261447385,0.2517786013926366,0.16213743764623156,,,,,,,,,0.12064296969561544
52620.0,0.5506832152988843,0.5482183564012735,0.5411602496944867,0.5293153773915792,0.5128180761437041,0.491686398689778,0.46589036258262934,0.4352615076917671,0.3996512226099391,0.3584889194096506,0.3103841523241995,0.25138798960071124,0.16178171916613532,,,,,,,,,0.12042379657421803
52680.0,0.5497575386045122,0.5472979056917995,0.5402544379953509,0.5284342740396991,0.5119711024179092,0.49088259640323734,0.4651376404767786,0.4345686793055379,0.3990257907810254,0.3579378623801885,0.309911460130458,0.2509985810635067,0.1614268932183091,,,,,,,,,0.12020541094677945
52740.0,0.5488346548707959,0.5463802315407562,0.5393513572963559,0.5275558246327618,0.5111266765830025,0.49008120860047166,0.4643871766206844,0.4338779274565299,0.3984022340745626,0.35738846284744297,0.30944020022881424,0.2506103703177191,0.16107296082215744,,,,,,,,,0.11998781628579275
52800.0,0.5479145539521364,0.5454653238610154,0.5384509976712467,0.5266800195178523,0.5102847893621398,0.48928222647756087,0.46363896276178806,0.4331892445307445,0.397780545564696,0.35684071455709887,0.30897036682345885,0.25022335211772817,0.16071992220665465,,,,,,,,,0.11977101476162572
52860.0,0.5469972257422209,0.5445531726045205,0.5375533492322688,0.5258068490796132,0.5094454315147677,0.4884856412652221,0.4628929906799473,0.43250262294320396,0.3971607183485253,0.3562946112650348,0.3085019541405621,0.24983752139908588,0.16036777697860935,,,,,,,,,0.11955500756338089
52920.0,0.5460826601738757,0.5436437677621402,0.5366584021300278,0.5249363037401098,0.5086085938364823,0.48769144422865124,0.46214925218723407,0.43181805513764504,0.3965427455454984,0.35575014673855787,0.3080349564384555,0.24945287324503965,0.16001652425023824,,,,,,,,,0.11933979512704276
52980.0,0.5451708472189183,0.5427370993635244,0.5357661465533529,0.5240683739586953,0.507774267158894,0.4868996266673602,0.46140773912773425,0.4311355335861947,0.39592662029694403,0.35520731475825634,0.3075693680146755,0.2490694028579081,0.1596661627369454,,,,,,,,,0.11912537730138203
53040.0,0.5442617768880109,0.541833157476964,0.534876572729155,0.5232030502318757,0.5069424423494795,0.48611017991501443,0.46066844337733415,0.4304550507890372,0.39531233576577957,0.35466610912017005,0.30710518321032443,0.2486871055355359,0.15931669083309344,,,,,,,,,0.11891175347098529
53100.0,0.5433554392305187,0.540931932209242,0.5339896709222894,0.5223403230931711,0.5061131103114429,0.48532309533926715,0.45993135684350545,0.4297765992740917,0.39469988513640486,0.35412652363803687,0.30664239641232865,0.2483059766523595,0.15896810667134803,,,,,,,,,0.1186989226490825
53160.0,0.5424518243343613,0.5400334137054966,0.5331054314354172,0.5214801831129794,0.5052862619835694,0.484538364341592,0.45919647146508213,0.4291001715967126,0.3940892616147654,0.3535885521454368,0.30618100205413507,0.24792601164440306,0.15862040816962716,,,,,,,,,0.11848688354866518
53220.0,0.5415509223258752,0.5391375921490767,0.532223844608867,0.5206226208984378,0.5044618883400767,0.4837559783571112,0.45846377921203746,0.42842576033942087,0.39348045842855783,0.35305218849772757,0.3057209946153229,0.24754720599749785,0.15827359306860483,,,,,,,,,0.1182756346377325
53280.0,0.5406527233696671,0.5382444577614045,0.5313449008204953,0.5197676270932835,0.5036399803904699,0.48297592885442414,0.457733272085259,0.4277533581116774,0.3928734688275453,0.35251742657371343,0.3052623686204943,0.24716955523810114,0.15792765896193306,,,,,,,,,0.1180651741827371
53340.0,0.5397572176684754,0.5373540008018298,0.5304685904855487,0.5189151923777178,0.5028205291793912,0.4821982073354301,0.4570049421163275,0.4270829575497017,0.392268286083947,0.3519842602770268,0.30480511863771725,0.2467930549261732,0.1575826033208043,,,,,,,,,0.1178555002831364
53400.0,0.5388643954630268,0.5364662115674943,0.5295949040565271,0.5180653074682589,0.5020035257864696,0.4814228053351527,0.45627878136730055,0.42641455131633627,0.39166490349286864,0.35145268353722875,0.3043492392767324,0.24641770064967833,0.15723842351406664,,,,,,,,,0.11764661089915482
53460.0,0.5379742470318983,0.5355810803931927,0.5287238320230419,0.5172179631176078,0.5011889613261683,0.4806497144215596,0.4555547819305109,0.4257481321009504,0.3910633143727496,0.35092269031064743,0.30389472518705685,0.24604348802036122,0.15689511682482035,,,,,,,,,0.11743850387429494
53520.0,0.5370867626913762,0.5346985976512296,0.5278553649116791,0.5163731501145027,0.5003768269476299,0.47987892619538763,0.4548329359283698,0.42508369261938606,0.39046351206580376,0.3503942745809904,0.3034415710560859,0.24567041267051745,0.1565526804642009,,,,,,,,,0.11723117695375215
53580.0,0.5362019327953165,0.533818753751284,0.5269894932858611,0.5155308592835779,0.4995671138345223,0.47911043228996114,0.45411323551318844,0.42442122561393425,0.3898654899384388,0.3498674303597521,0.3029897716072514,0.2452984702505404,0.15621111158290293,,,,,,,,,0.11702462779959327
53640.0,0.5353197477350066,0.5329415391402684,0.526126207745707,0.5146910814852191,0.4987598132048844,0.4783442243710198,0.45339567286701177,0.42376072385333874,0.3892692413816403,0.34934215168645655,0.302539321598278,0.24492765642707237,0.1558704072808649,,,,,,,,,0.11681885400336214
53700.0,0.5344401979390284,0.5320669443021924,0.5252654989278922,0.5138538076154219,0.49795491631096633,0.47758029413654485,0.45268024020146796,0.42310218013282,0.38867475981131755,0.3488184326287615,0.3020902158195587,0.24455796688162842,0.15553056461546177,,,,,,,,,0.11661385309661673
53760.0,0.5335632738731129,0.5311949597580231,0.5244073575055104,0.5130190286056431,0.49715241443907565,0.47681863331658975,0.4519669297576315,0.4224455872741141,0.38808203866860536,0.3482962672824512,0.3016424490926583,0.24418939730958214,0.15519158060846608,,,,,,,,,0.11640962255979487
53820.0,0.5326889660400113,0.5303255760655461,0.5235517741879325,0.5121867354226589,0.49635229890941834,0.4760592336731157,0.45125573380589884,0.4217909381255219,0.3874910714201176,0.34777564977134046,0.30119601626894565,0.24382194341943816,0.15485345225199082,,,,,,,,,0.11620615982971605
53880.0,0.5318172649793502,0.5294587838192271,0.5226987397206684,0.5113569190684173,0.4955545610759432,0.475302086999833,0.4505466446458792,0.42113822556195973,0.3869018515581593,0.34725657424711126,0.3007509122283542,0.24345560093232205,0.1545161765135919,,,,,,,,,0.11600346230596328
53940.0,0.5309481612674973,0.5285945736500752,0.5218482448852226,0.5105295705798908,0.49475919232618676,0.47454718512204574,0.4498396546062945,0.42048744248501657,0.3863143726008925,0.3467390348890986,0.30030713187826485,0.24309036558164102,0.15417975034065867,,,,,,,,,0.1158015273563417
54000.0,0.5300816455174192,0.5277329362255041,0.5210002804989585,0.509704681028933,0.49396618408111836,0.47379451989650306,0.44913475604488984,0.4198385818230047,0.38572862809246383,0.3462230259040364,0.2998646701524979,0.24272623311287336,0.15384417066421732,,,,,,,,,0.1156003523215684
54060.0,0.5292177083785503,0.5268738622491915,0.5201548374149534,0.508882241522128,0.49317552779498586,0.4730440832112557,0.4484319413483526,0.41919163653100566,0.38514461160309343,0.34570854152578007,0.2994235220104124,0.24236319928345848,0.1535094344022282,,,,,,,,,0.1153999345193206
54120.0,0.528356340536647,0.5260173424609426,0.5193119065218569,0.5080622432006455,0.49238721495516674,0.47229586698551906,0.44773120293223867,0.41854659959091434,0.3845623167291306,0.345195576015009,0.29898368243609796,0.24200125986276141,0.15317553846246124,,,,,,,,,0.11520027124774479
54180.0,0.5274975327136562,0.5251633676365511,0.5184714787437542,0.5072446772400945,0.4916012370820177,0.47154986316954023,0.44703253324090325,0.41790346401146866,0.3839817370930794,0.3446841236589216,0.29854514643765423,0.24164041063209488,0.15284247974501075,,,,,,,,,0.1150013597885105
54240.0,0.5266412756675721,0.5243119285876578,0.5176335450400179,0.5064295348503762,0.49081758572872786,0.47080606374447026,0.44633592474743694,0.4172622228282763,0.3834028663435981,0.344174178770924,0.29810790904654344,0.24128064738478186,0.15251025514449706,,,,,,,,,0.1148031974094782
54300.0,0.5257875601923023,0.5234630161616161,0.5167980964051718,0.5056168072755389,0.4900362524811734,0.47006446072224184,0.44564136995360587,0.41662286910382745,0.38282569815547407,0.34366573569032033,0.297671965317018,0.24092196592625006,0.15217886155200572,,,,,,,,,0.11460578136703656
54360.0,0.5249363771175267,0.52261662124135,0.5159651238687455,0.5048064857936322,0.4892572289577764,0.4693250461454507,0.4449488613897912,0.41598539592750183,0.3822502262295789,0.3431587887820055,0.2972373103256039,0.24056436207414655,0.1518482958567972,,,,,,,,,0.11440910890816239
54420.0,0.5240877173085636,0.5217727347452151,0.5151346184951334,0.5039985617165642,0.488480506809365,0.46858781208724204,0.44425839161493164,0.41534979641556247,0.38167644429280706,0.34265333243616425,0.2968039391706424,0.24020783165846707,0.1515185549478154,,,,,,,,,0.11421317727223232
54480.0,0.5232415716662223,0.5209313476268591,0.5143065713834543,0.5031930263899562,0.4877060777190351,0.4678527506511986,0.44356995321646786,0.4147160637111434,0.3811043460979989,0.34214936106797983,0.2963718469718796,0.23985237052169542,0.15118963571503005,,,,,,,,,0.11401798369263266
54540.0,0.522397931126674,0.5200924508750837,0.5134809736674082,0.5023898711930034,0.48693393340201585,0.46711985397123496,0.4428835388102833,0.414084190984226,0.380533925423851,0.3416468691173468,0.2959410288700973,0.23949797451894556,0.15086153505062258,,,,,,,,,0.1138235253981833
54600.0,0.5215567866613082,0.5192560355137036,0.5126578165151373,0.5015890875383289,0.48616406560553815,0.4663891142114916,0.44219914104064606,0.413454171431608,0.3799651760748164,0.341145851048601,0.2955114800267852,0.23914463951810697,0.15053424985004787,,,,,,,,,0.11362979961440897
54660.0,0.5207181292765961,0.5184220926014083,0.511837091129082,0.5007906668718491,0.4853964661087038,0.4656605235662317,0.4415167525801503,0.4128259982768637,0.3793980918809972,0.34064630135025237,0.2950831956238441,0.23879236139998747,0.15020777701297433,,,,,,,,,0.11343680356466973
54720.0,0.5198819500139483,0.5175906132316221,0.5110187887458421,0.4999946006726308,0.484631126722358,0.4649340742597424,0.44083636612965427,0.41219966477029657,0.37883266669802945,0.3401482145347345,0.2946561708633195,0.2384411360584552,0.1498821134441294,,,,,,,,,0.11324453447117591
54780.0,0.5190482399495814,0.5167615885323659,0.5102029006360399,0.49920088045275585,0.48386803928896327,0.46420975854623564,0.4401579744182181,0.41157516418888446,0.37826889440696226,0.3396515851381592,0.294230400967163,0.23809095940057484,0.14955725605405307,,,,,,,,,0.11305298955589582
54840.0,0.518216990194376,0.5159350096661165,0.5093894181041747,0.498409497757184,0.48310719568247645,0.46348756870975083,0.43948157020303713,0.41095248983622074,0.37770676891413335,0.3391564077200887,0.29380588117701384,0.2377418273467392,0.14923320175977245,,,,,,,,,0.11286216604137134
54900.0,0.5173881918937369,0.515110867829669,0.5085783324884897,0.4976204441636192,0.48234858780822676,0.4627674970640579,0.4388071462693776,0.4103316350424464,0.3771462841510417,0.3386626768633106,0.2933826067540053,0.23739373583079526,0.14890994748541053,,,,,,,,,0.1126720611514552
54960.0,0.5165618362274605,0.5142891542539991,0.5077696351608288,0.4968337112823749,0.48159220760279475,0.4620495359525629,0.4381346954305047,0.4097125931641784,0.37658743407421624,0.3381703871736272,0.2929605729785835,0.23704668080016295,0.14858749016272804,,,,,,,,,0.11248267211197163
55020.0,0.5157379144095874,0.5134698602041236,0.5069633175265056,0.4960492907562425,0.4808380470338954,0.46133367774821366,0.43746421052761275,0.40909535758443377,0.37603021266508546,0.33767953327965244,0.292539775150347,0.23670065821594866,0.1482658267316141,,,,,,,,,0.11229399615131722
55080.0,0.5149164176882743,0.5126529769789603,0.5061593710241593,0.4952671742603601,0.480086098100261,0.4606199148534032,0.43679568442974925,0.4084799217125479,0.3754746139298442,0.33719010983262054,0.2921202085878992,0.2363556640530506,0.14794495414052747,,,,,,,,,0.11210603050100351
55140.0,0.514097337345649,0.5118384959111951,0.505357787125626,0.4944873535020832,0.47933635283152437,0.4599082396998787,0.43612911003374205,0.40786627898409006,0.3749206318993197,0.3367021115061985,0.29170186862870845,0.23601169430025892,0.14762486934689165,,,,,,,,,0.11191877239614928
55200.0,0.513280664697676,0.5110264083671426,0.504558557335799,0.49370982022085613,0.478588803288105,0.45919864474864547,0.4354644802641169,0.4072544228607762,0.3743682606288407,0.3362155329963116,0.2912847506289868,0.23566874496034756,0.14730556931745495,,,,,,,,,0.11173221907592829
55260.0,0.5124663910940186,0.5102167057466094,0.5037616731924954,0.49293456618808534,0.47784344156109715,0.45849112248987306,0.43480178807302133,0.406644346830377,0.37381749419810356,0.33573036902097336,0.29086884996357143,0.23532681205015984,0.14698705102861004,,,,,,,,,0.1115463677839762
55320.0,0.5116545079179045,0.5094093794827587,0.5029671262663248,0.49216158320701286,0.47710025977215614,0.457785665442802,0.4341410264401395,0.406036044406625,0.37326832671104127,0.33524661432012404,0.29045416202581903,0.234985891600688,0.14666931146668635,,,,,,,,,0.11136121576876183
55380.0,0.5108450065859858,0.5086044210419752,0.5021749081605562,0.49139086311259167,0.47635925007338775,0.45708226615564934,0.43348218837260893,0.40542950912911974,0.3727207522956928,0.33476426365547596,0.2900406822275042,0.23464597965714684,0.14635234762821203,,,,,,,,,0.11117676028392484
55440.0,0.5100378785482055,0.507801821923729,0.5013850105109846,0.4906223977713617,0.47562040464723704,0.45638091720551316,0.432825266904935,0.4048247345632278,0.372174765104074,0.33428331181036447,0.28962840599872597,0.2343070722790397,0.14603615652014906,,,,,,,,,0.11099299858858588
55500.0,0.509233115287664,0.5070015736604434,0.5005974249858002,0.4898561790813283,0.4748837157063797,0.45568161119827844,0.4321702550989032,0.4042217142999863,0.3716303593120496,0.33380375358960523,0.2892173287878213,0.23396916554022062,0.1457207351601084,,,,,,,,,0.11080992794762928
55560.0,0.5084307083204835,0.5062036678173601,0.49981214328546447,0.4890921989718381,0.4741491754936114,0.4549843407685219,0.43151714604348973,0.403620441956002,0.37108752911920617,0.3333255838193573,0.2888074460612796,0.23363225552894834,0.1454060805765396,,,,,,,,,0.11062754563196142
55620.0,0.50763064919567,0.5054080959924082,0.4990291571425733,0.48833044940346,0.47341677628174095,0.45428909857941496,0.4308659328547716,0.40302091117334743,0.37054626874872854,0.33284879734698936,0.28839875330366554,0.23329633834793675,0.14509218980890448,,,,,,,,,0.11044584891874903
55680.0,0.5068329294949864,0.5046148498160685,0.4982484583217343,0.48757092236786526,0.4726865103734806,0.45359587732263024,0.43021660867583467,0.4024231156194613,0.3700065724472761,0.332373389040955,0.28799124601754306,0.23296141011440089,0.14477905990783338,,,,,,,,,0.11026483509163582
55740.0,0.506037540832818,0.503823920951247,0.4974700386194374,0.48681360988770717,0.4719583701013391,0.45290466971824184,0.42956916667668044,0.40182704898704474,0.3694684344848607,0.3318993537906676,0.2875849197234048,0.23262746696009529,0.14446668793526207,,,,,,,,,0.11008450144094359
55800.0,0.5052444748560386,0.5030353010931417,0.4966938898639296,0.4860585040165047,0.47123234782751444,0.45221546851463174,0.4289236000541318,0.40123270499395663,0.3689318491547281,0.33142668650638246,0.28717976995960315,0.23229450503134963,0.14415507096456015,,,,,,,,,0.10990484526385588
55860.0,0.504453744764068,0.5022491093535806,0.49592051893118144,0.48530667440835545,0.4705102858408521,0.45153110022117215,0.42828415524050656,0.4006458186987071,0.3684043378524663,0.33096511070267814,0.2867892280771581,0.2319814698453088,0.14388613973953934,,,,,,,,,0.1097253136447956
55920.0,0.5036653635352742,0.5014652522112688,0.49514944251549387,0.4845570719808645,0.4697903583522974,0.450848749737753,0.42764659042853215,0.4000606526121629,0.367878368792112,0.330504883507011,0.2863998316326431,0.23166937120383896,0.14361783292828217,,,,,,,,,0.10954632539955625
55980.0,0.5028793225353589,0.5006837210839754,0.4943806521799139,0.4838096885410394,0.46907255750298593,0.450168409623529,0.42701089866645586,0.39947720034656287,0.3673539362079724,0.33004599981962357,0.2860115762019042,0.2313582047218933,0.14335016923138133,,,,,,,,,0.10936790984374305
56040.0,0.5020956131647362,0.49990450742396736,0.4936141395213845,0.48306451592879485,0.46835687546565463,0.4494900724676952,0.42637707303083067,0.39889545554047845,0.3668310343584192,0.329588454562048,0.2856244573660638,0.23104796574138536,0.14308316187890965,,,,,,,,,0.10919008694803223
56100.0,0.5013142268583848,0.4991276027178586,0.4928498961706029,0.4823215460168205,0.46764330444451807,0.44881373088937554,0.4257451066264048,0.39831541185869934,0.3663096575257618,0.3291322426766039,0.2852384706990097,0.23073864956195397,0.14281682027874396,,,,,,,,,0.10901287062143775
56160.0,0.5005351550857069,0.4983529984864709,0.49208791379188194,0.481580770710451,0.4669318366751493,0.44813937753750765,0.42511499258601054,0.39773706299211614,0.3657898000161036,0.3286773591253529,0.28485361175957186,0.2304302515886719,0.1425511511051711,,,,,,,,,0.10883627067194429
56220.0,0.499758389350377,0.4975806862846877,0.49132818408301343,0.48084218194753436,0.4662224644243563,0.44746700509072906,0.4244867240704518,0.3971604026576047,0.3652714561591514,0.3282237988885626,0.28446987609121616,0.23012276739735715,0.14228615903521388,,,,,,,,,0.10866029403711408
56280.0,0.4989839211902041,0.4968106577013157,0.4905706987751304,0.4801057716983037,0.46551517999006303,0.44679660625726525,0.42386029426839344,0.3965854245979041,0.3647546203079492,0.32777155696300225,0.28408725922768524,0.22981619274906284,0.1420218472584494,,,,,,,,,0.10848494558850333
56340.0,0.49821174217698616,0.4960429043589406,0.4898154496325698,0.4793715319652463,0.4648099757011869,0.4461281737748131,0.4232356963962474,0.3960121225814886,0.3642392868385287,0.3273206283604739,0.2837057567016425,0.22951052357893123,0.14175821783772075,,,,,,,,,0.10831022867545644
56400.0,0.49744184391636925,0.49527741791378926,0.4890624284527384,0.4786394547829778,0.46410684391751994,0.4454617004104278,0.42261292369805914,0.3954404904024251,0.3637254501494857,0.3268710081068582,0.28332536405384895,0.22920575597457477,0.14149527196942974,,,,,,,,,0.10813614550323897
56460.0,0.4966742180477073,0.4945141900555881,0.4883116270659769,0.47790953221811155,0.46340577702960734,0.4447971789604084,0.4219919694453931,0.3948705218802148,0.3632131046615272,0.3264226912417759,0.2829460768413658,0.22890188615200216,0.1412330101747331,,,,,,,,,0.10796269740237649
56520.0,0.4959088562439186,0.4937532125074274,0.4875630373354258,0.4771817563691335,0.46270676745862743,0.4441346022501831,0.4213728269372141,0.3943022108596152,0.3627022448170232,0.3259756728188177,0.2825678906441155,0.22859891043289177,0.14097143244225813,,,,,,,,,0.10778988502453465
56580.0,0.49514575021135077,0.4929944770256211,0.48681665115689193,0.4764561193662726,0.46200980765627286,0.44347396313419485,0.4207554894997668,0.3937355512104466,0.3621928650796161,0.32552994790622053,0.2821908010696713,0.228296825224721,0.14071053833618832,,,,,,,,,0.10761770848758714
56640.0,0.49438489168963995,0.4922379753995707,0.48607246045871655,0.47573261337137596,0.4613148901046301,0.442815254495784,0.4201399504864462,0.39317053682738345,0.36168495993390426,0.325085511587826,0.2818148037564299,0.22799562700412412,0.14045032707920377,,,,,,,,,0.10744616748479732
56700.0,0.493626272451573,0.4914836994516298,0.48533045720164164,0.4750112305777837,0.46062200731605846,0.44215846924707347,0.41952620327766904,0.3926071616297468,0.361178523885223,0.32464235896418575,0.2814398943754483,0.22769531230331413,0.14019079761690253,,,,,,,,,0.10727526136817789
56760.0,0.49286988430295164,0.4907316410369674,0.4845906333786806,0.47429196321020123,0.45993115183307365,0.4415036003288499,0.4189142412807352,0.3920454195612945,0.36067355145951957,0.32420048515369226,0.28106606863124234,0.22739587769919278,0.1399319486683849,,,,,,,,,0.10710498921296613
56820.0,0.4921157190824557,0.48998179204343373,0.48385298101498475,0.47357480352457565,0.45924231622822514,0.4408506407104451,0.41830405792968595,0.3914853045900221,0.36017003720331736,0.3237598852936545,0.28069332226181853,0.22709731980472328,0.1396737787663808,,,,,,,,,0.106935349868077
56880.0,0.4913637686615073,0.48923414439142704,0.48311749216771527,0.4728597438079698,0.45855549310397814,0.44019958338961473,0.41769564668516124,0.39092681070797936,0.359667975683753,0.3233205545412674,0.28032165103817064,0.22679963526215596,0.13941628628937638,,,,,,,,,0.1067663419960124
56940.0,0.4906140249441377,0.4884886900337598,0.4823841589259141,0.4721467763784398,0.4578706750925933,0.43955042139241585,0.41708900103425117,0.3903699319311077,0.35916736148867084,0.3228824880744378,0.2799510507634221,0.22650282073775124,0.13915946948756122,,,,,,,,,0.10659796410473697
57000.0,0.48986647986685156,0.4877454209555252,0.48165297341037244,0.47143589358490867,0.45718785485600566,0.4389031477730836,0.4164841144903512,0.3898146622990946,0.3586681892267586,0.3224456810924662,0.27958151727175184,0.22620687291769723,0.13890332650395382,,,,,,,,,0.10643021457337262
57060.0,0.48912112539849584,0.4870043291739681,0.48092392777350373,0.4707270878070443,0.4565070250857057,0.43825775561390345,0.4158809805930162,0.3892609958752544,0.35817045352770654,0.3220101288165794,0.279213046427205,0.22591178850497376,0.13864785539172533,,,,,,,,,0.10626309167308075
57120.0,0.48837795354012553,0.48626540673834956,0.4801970141992159,0.4700203514551347,0.45582817850261576,0.4376142380250869,0.41527959290782024,0.388708926746426,0.3576741490423791,0.32157582649032357,0.2788456341224633,0.22561756421696336,0.13839305412851047,,,,,,,,,0.10609659358416751
57180.0,0.4876369563248732,0.48552864572982085,0.4794722249027839,0.4693156769699652,0.45515130785697133,0.4369725881446435,0.41467994502621824,0.388158449022892,0.35717927044298287,0.32114276937983555,0.2784792762776219,0.22532419678364962,0.13813892062830546,,,,,,,,,0.10593071841019648
57240.0,0.4868981258178167,0.48479403826129036,0.478749552130723,0.46861305682269583,0.4544764059281969,0.4363327991382522,0.4140820305654147,0.38760955683831444,0.35668581242322994,0.3207109527740056,0.27811396883900946,0.22503168294627435,0.13788545275141592,,,,,,,,,0.10576546418971103
57300.0,0.48616145411585016,0.4840615764772959,0.4780289881606615,0.46791248351473624,0.4538034655247848,0.4356948641991343,0.4134858431682374,0.3870622443496835,0.35619376969848404,0.3202803719845446,0.2777497077780683,0.22474001945635425,0.13763264831282948,,,,,,,,,0.10560082890603292
57360.0,0.4854269333475522,0.4833312525538752,0.4773105253012151,0.4672139495776257,0.4531324794841716,0.4350587765479273,0.41289137650301844,0.38651650573727697,0.35570313700588746,0.3198510223459792,0.2773864890903095,0.22444920307497504,0.13738050508929436,,,,,,,,,0.10543681049550202
57420.0,0.4846945556730606,0.4826030586984384,0.47659415589186166,0.4665174475729065,0.4524634406726163,0.43442452943256016,0.4122986242634807,0.38597233520462987,0.3552139091044671,0.3194228992155807,0.2770243087943477,0.2241592305723059,0.13712902082533746,,,,,,,,,0.10527340685444334
57480.0,0.48396431328393913,0.4818769871496396,0.4758798723028152,0.46582297009200474,0.45179634198507673,0.4337921161281266,0.41170758016863046,0.3854297269785062,0.35472608077521756,0.3189959979732462,0.27666316293101767,0.22387009872727787,0.13687819323840433,,,,,,,,,0.10511061584508896
57540.0,0.4832361984030512,0.48115303017725214,0.4751676669349024,0.46513050975610504,0.4511311763450874,0.43316152993676516,0.41111823796265706,0.38488867530887877,0.35423964682116016,0.31857031402133923,0.2763030475625657,0.22358180432739277,0.13662802002326796,,,,,,,,,0.10494843530063705
57600.0,0.48251020328443506,0.480431180082038,0.47445753221943665,0.4644400592160288,0.4504679367046363,0.4325327641875386,0.4105305914148358,0.3843491744689053,0.3537546020673812,0.3181458427845032,0.27594395877192224,0.22329434416863053,0.13637849885582964,,,,,,,,,0.10478686302959261
57660.0,0.4817863202131729,0.4797114291956254,0.4737494606180942,0.4637516111521111,0.4498066160440434,0.4319058122363145,0.409944634319439,0.38381121875490887,0.35327094136104725,0.31772257970945117,0.27558589266203887,0.22300771505543024,0.13612962739640339,,,,,,,,,0.1046258968195111
57720.0,0.4810645415052672,0.47899376988038217,0.4730434446227907,0.463065158274079,0.44914720737183983,0.431280667465652,0.4093603604956475,0.38327480248635154,0.3527886595714025,0.3173005202647415,0.27522884535529607,0.2227219138007269,0.1358814032925707,,,,,,,,,0.10446553444023726
57780.0,0.4803448595075146,0.4782781945292896,0.472339476755557,0.46238069332092896,0.4484897037246454,0.4306573232846866,0.4087777637874666,0.3827399200058104,0.35230775158974686,0.3168796599405456,0.274872812992968,0.22243693722603064,0.13563382418166636,,,,,,,,,0.10430577364672017
57840.0,0.47962726659737864,0.47756469556581854,0.4716375495684159,0.4616982090608046,0.44783409816705017,0.43003577312901997,0.4081968380636468,0.3822065656789465,0.35182821232939765,0.31645999424840554,0.2745177917347432,0.22215278216153345,0.13538688769295243,,,,,,,,,0.10414661218146942
57900.0,0.47891175518286755,0.4768532654438054,0.47093765564325996,0.46101769829087635,0.4471803837914959,0.429416010460612,0.40761757721760616,0.38167473389446965,0.3513500367256377,0.3160415187209955,0.27416377775829237,0.221869445446237,0.13514059144952464,,,,,,,,,0.10398804777670578
57960.0,0.47819831770240784,0.476143896647328,0.47023978759172713,0.46033915383721896,0.44652855371815636,0.42879802876767276,0.4070399751673525,0.3811444190641003,0.35087321973565067,0.31562422891188124,0.2738107672588835,0.22158692392809543,0.13489493306998834,,,,,,,,,0.10383007815624776
58020.0,0.47748694662472146,0.4754365816905812,0.46954393805508104,0.45966256855469206,0.44587860109482214,0.4281818215645594,0.406464025855409,0.38061561562252644,0.3503977563384436,0.315208120395283,0.2734587564490346,0.22130521446416496,0.13464991016994035,,,,,,,,,0.1036727010371766
58080.0,0.4767776344487008,0.4747313131177555,0.46885009970408587,0.45898793532681864,0.4452305190967843,0.42756738239167386,0.40588972324873807,0.3800883180273546,0.3499236415347632,0.31479318876584306,0.2731077415582029,0.22102431392075744,0.1344055203632736,,,,,,,,,0.10351591413130593
58140.0,0.47607037370328664,0.4740280835029122,0.4681582652388869,0.458315247065666,0.44458430092671936,0.4269547048153604,0.4053170613386697,0.37956252075905667,0.34945087034700106,0.3143794296383977,0.27275771883250494,0.220744219173596,0.13416176126333995,,,,,,,,,0.10335971514648681
58200.0,0.47536515694734593,0.4733268854498634,0.46746842738888866,0.4576444967117276,0.44393993981457713,0.4263437824278095,0.4047460341408236,0.3790382183209114,0.3489794378190939,0.3139667590564869,0.27240868453446526,0.22046492710796708,0.13391863048397884,,,,,,,,,0.10320410178776343
58260.0,0.4746619767695476,0.47262771159204753,0.46678057891263364,0.4569756772338026,0.4432974290174674,0.4257346088469569,0.40417663569503953,0.378515405238943,0.34850933901641795,0.3135543938232011,0.2720606349427911,0.22018643461887194,0.13367612564043654,,,,,,,,,0.10304907175840752
58320.0,0.4739608257882416,0.47193055459240996,0.46609471259768226,0.45630878162888067,0.4426567618195499,0.42512717771638786,0.4036088600652973,0.37799407606185403,0.3480405690256787,0.3131431901586478,0.27171356635216726,0.2199087386111701,0.13343424435018458,,,,,,,,,0.10289462276083985
58380.0,0.4732616966513368,0.47123540714327994,0.46541082126049194,0.45564380292202217,0.44201793153192287,0.4245214827052438,0.4030427013396442,0.377474225360954,0.3475731229547966,0.3127331437503928,0.271367475073071,0.21963183599972008,0.13319298423365158,,,,,,,,,0.10274075249745449
58440.0,0.47256458203618135,0.4705422619662506,0.4647288977463003,0.4549807341662444,0.44138093149251584,0.4239175175081245,0.4024781536301179,0.3769558477300864,0.34710699593279204,0.31232425030519095,0.27102235743160613,0.21935572370951142,0.13295234291487873,,,,,,,,,0.10258745867136057
58500.0,0.4718694746494376,0.46985111181205846,0.46404893492900173,0.4543195684424051,0.44074575506598007,0.4233152758449963,0.4019152110726674,0.3764389377855511,0.3466421831096655,0.3119165055488,0.2706782097693503,0.21908039867579251,0.13271231802210937,,,,,,,,,0.1024347389870473
58560.0,0.47117636722696665,0.4691619494604636,0.46337092571103305,0.45366029885908676,0.44011239564358356,0.42271475146109794,0.4013538678270763,0.3759234901660219,0.3461786796562785,0.311509905225805,0.2703350284432157,0.21880585784418838,0.13247290718831525,,,,,,,,,0.1022825911509847
58620.0,0.4704852525337049,0.4684747677201294,0.4626948630232533,0.4530029185524834,0.43948084664310305,0.42211593812684817,0.40079411807688115,0.3754094995324653,0.3457164807642339,0.31110444509944735,0.2699928098253233,0.21853209817081382,0.13223410805167268,,,,,,,,,0.10213101287216364
58680.0,0.4697961233635455,0.467789559428504,0.4620207398248266,0.452347420686288,0.43885110150872053,0.4215188296377532,0.4002359560292923,0.3748969605680525,0.3452555816457531,0.310700120951463,0.2696515503028869,0.21825911662237857,0.13199591825599039,,,,,,,,,0.10198000186258627
58740.0,0.46910897253921924,0.4671063174517016,0.4613485491031064,0.4516937984515784,0.43822315371091797,0.42092341981431475,0.39967937591511116,0.37438586797807355,0.3447959775335566,0.310296928581924,0.2693112462781055,0.21798691017628535,0.13175833545109433,,,,,,,,,0.10182955583770827
58800.0,0.4684237929121755,0.46642503468438334,0.4606782838735169,0.4510420450667066,0.43759699674637437,0.4203297025019379,0.3991243719886465,0.3738762164898455,0.34433766368074387,0.3098948638090914,0.26897189416806555,0.21771547582072032,0.13152135729317638,,,,,,,,,0.10167967251684193
58860.0,0.4677405773624625,0.46574570404963994,0.4600099371794395,0.45039215377718694,0.436972624137862,0.41973767157083874,0.3985709385276322,0.37336800085262145,0.3438806353606709,0.3094939224692694,0.26863349040464823,0.21744481055473827,0.13128498144510725,,,,,,,,,0.1015303496235199
58920.0,0.4670593187986123,0.4650683184988749,0.45934350209209707,0.4497441178555862,0.4363500294341454,0.4191473209159533,0.3980190698331396,0.3728612158374973,0.3434248878668347,0.3090941004166665,0.26829603143444525,0.2171749113883408,0.13104920557672173,,,,,,,,,0.1013815848858268
58980.0,0.4663800101575187,0.46439287101168725,0.45867897171043814,0.44909793060141456,0.43572920620987865,0.4185586444568456,0.3974687602294937,0.3723558562373181,0.34297041651275234,0.3086953935232633,0.26795951371867816,0.2169057753425471,0.13081402736507297,,,,,,,,,0.1012333760367026
59040.0,0.46570264440432574,0.4637193545957551,0.4580163391610249,0.44845358534101487,0.43511014806550463,0.4179716361376163,0.3969200040641849,0.37185191686658164,0.34251721663184526,0.30829779767868465,0.2676239337331231,0.2166373994494598,0.13057944449466596,,,,,,,,,0.10108572081421693
59100.0,0.465027214532306,0.46304776228671995,0.45735559759791894,0.4478110754274554,0.43449284862715554,0.41738628992681026,0.3963727957077811,0.37134939256134386,0.3420652835773229,0.3079013087900755,0.26728928796804097,0.2163697807523254,0.13034545465766573,,,,,,,,,0.1009386169618205
59160.0,0.4643537135627486,0.46237808714807177,0.4566967402025686,0.4471703942404227,0.4338773015465502,0.41680259981732376,0.3958271295538391,0.37084827817912036,0.34161461272207133,0.30750592278198235,0.26695557292811034,0.2161029163055884,0.13011205555408795,,,,,,,,,0.1007920622285749
59220.0,0.4636821345448413,0.46171032227103354,0.45603976018369646,0.44653153518611305,0.4332635005008962,0.41622055982631406,0.39528300001881606,0.3703485685987912,0.34116519945853574,0.307111635596239,0.2666227851323626,0.21583680317493922,0.12987924489196873,,,,,,,,,0.10064605436936144
59280.0,0.4630124705555552,0.461044460774448,0.45538465077718854,0.44589449169712725,0.4326514391927905,0.4156401639951065,0.39474040154197826,0.3698502587205009,0.3407170391986132,0.30671844319185426,0.2662909211141212,0.21557143843735985,0.12964702038752007,,,,,,,,,0.10050059114507368
59340.0,0.4623447146995312,0.4603804958046632,0.4547314052459826,0.445259257232364,0.4320411113501195,0.41506140638910144,0.39419932858531187,0.3693533434655642,0.34027012737354123,0.3063263415449066,0.26595997742094424,0.21530681918116176,0.12941537976526923,,,,,,,,,0.10035567032279234
59400.0,0.46167886010896675,0.4597184205354198,0.454080016879959,0.44462582527691485,0.43143251072596156,0.4144842810976835,0.39365977563342974,0.3688578177763641,0.33982445943378936,0.30593532664843875,0.26562995061456657,0.21504294250602152,0.12918432075818398,,,,,,,,,0.10021128967594564
59460.0,0.46101491807303613,0.4590583403354151,0.45343093578817617,0.4439951470230242,0.4308272779264349,0.41391130951125266,0.3931255416917548,0.36836882670280624,0.3393868063525384,0.30555464979255453,0.26531308851941804,0.21479727814698946,0.12899497526118048,,,,,,,,,0.1000669371178084
59520.0,0.46035289970018606,0.4584001717375191,0.4527837320547526,0.4433662889340179,0.43022378654982685,0.413339980119831,0.3925928318416942,0.36788122323268924,0.3389503883207525,0.30517504201861306,0.26499711605653214,0.21455231621101034,0.1288060838071758,,,,,,,,,0.09992301561485106
59580.0,0.45969279789421963,0.4577439076902399,0.4521383987546736,0.4427392442958778,0.4296220301715883,0.412770286862031,0.3920616404514977,0.367395002228347,0.3385152007485032,0.30479649932400144,0.2646820298334747,0.21430805349602214,0.12861766483083065,,,,,,,,,0.09977954738308806
59640.0,0.4590346055883064,0.45708954117126777,0.4514949289915992,0.4421140064224213,0.4290220023938819,0.4122022237018052,0.39153196191317546,0.36691015857405196,0.3380812390656687,0.304419017723354,0.2643678264650475,0.2140644866165296,0.1284297315809131,,,,,,,,,0.09963654819833342
59700.0,0.45837831574485377,0.45643706518735244,0.4508533158977427,0.4414905686551847,0.4284236968454694,0.41163578462834244,0.391003790642396,0.3664266871759067,0.3376484987218258,0.3040425932482754,0.2640545025660994,0.2138216121470494,0.12824229366473552,,,,,,,,,0.09949402941855198
59760.0,0.4577239213553824,0.45578647277417655,0.4502135526337467,0.4408689243633057,0.42782710718160205,0.41107096365595913,0.39047712107838195,0.3659445829617389,0.3372169751861303,0.3036672219468055,0.26374205474650797,0.21357942671964822,0.12805535806518092,,,,,,,,,0.09935199927549299
59820.0,0.45707141544040075,0.45513775699623205,0.4495756323885625,0.4402490669434081,0.4272322270839112,0.4105077548239978,0.38995194768380553,0.3654638408809943,0.33678666394718426,0.30329289988260394,0.26343047961013066,0.21333792707156046,0.1278689298324122,,,,,,,,,0.09921046373230855
59880.0,0.45642079104927896,0.4544909109466959,0.4489395483793314,0.43963098981948484,0.42663905026029697,0.40994615219671865,0.38942826494468546,0.3649844559046292,0.3363575605128678,0.3029196231339909,0.26311977375722356,0.2130971100599492,0.12768301256711398,,,,,,,,,0.09906942707125084
59940.0,0.4557720412601272,0.45384592774730886,0.44830529385126233,0.4390146864427841,0.4260475704448185,0.409386149863196,0.3889060673702826,0.36450642302499997,0.3359296604101301,0.3025473877930401,0.26280993378890427,0.21285697265873255,0.12749760876581362,,,,,,,,,0.09892889230703063
60000.0,0.45512515917967,0.4532028005482508,0.4476728620775145,0.4384001502916945,0.4254577813975859,0.4088277419372128,0.3883853494929955,0.3640297372557491,0.3355029591847397,0.3021761899648796,0.2625009563123087,0.212617511947089,0.12731272007245947,,,,,,,,,0.09878886148399302
60060.0,0.45448013794312525,0.45256152252802073,0.4470422463590766,0.4377873748716303,0.42486967690464955,0.4082709225571554,0.3878661058682569,0.3635543936316819,0.33507745240100767,0.30180602576729787,0.2621928379455149,0.21237872509509909,0.12712834746480067,,,,,,,,,0.09864933589379973
60120.0,0.4538369707140808,0.45192208689331487,0.446413440024651,0.43717635371491814,0.42428325077789275,0.4077156858859076,0.38734833107442695,0.3630803872086362,0.3346531356415023,0.30143689133066287,0.2618855753217304,0.21214060934935827,0.1269444913945142,,,,,,,,,0.09851031623749243
60180.0,0.45319565068437245,0.4512844868789061,0.44578643643053373,0.4365670803806831,0.42369849685492145,0.4071620261107475,0.38683201971268844,0.3626077130633403,0.3342300045067792,0.3010687827981145,0.2615791650925576,0.2119031620198724,0.1267611518939447,,,,,,,,,0.09837180274788268
60240.0,0.4525561710739652,0.4506487157475249,0.4451612289604988,0.4359595484547358,0.42311540899895655,0.4066099374432402,0.38631716640693586,0.36213636629326895,0.3338080546151393,0.3007016963259587,0.2612736039303395,0.211666380468726,0.12657832865837018,,,,,,,,,0.09823379528316185
60300.0,0.4519185251308312,0.4500147667897388,0.44453781102568135,0.4353537515494601,0.42253398109872714,0.4060594141191348,0.38580376580366654,0.361666342016488,0.33338728160243325,0.3003356280841976,0.26096888852969546,0.21143026210058677,0.12639602111008483,,,,,,,,,0.09809629339932278
60360.0,0.45128270613082994,0.4493826333238345,0.44391617606446093,0.4347496833037015,0.42195420706836007,0.4055104503982566,0.3852918125718652,0.3611976353715023,0.3329676811219123,0.29997057425711426,0.2606650156083824,0.21119480435491286,0.1262142284488063,,,,,,,,,0.09795929640677273
60420.0,0.4506487073775898,0.44875230869569915,0.4432963175423466,0.4341473373826536,0.42137608084727274,0.4049630405644022,0.384781301402891,0.3607302415171044,0.33254924884412834,0.2996065310438746,0.2603619819076334,0.21096000469965343,0.1260329496916801,,,,,,,,,0.09782280341501041
60480.0,0.4500165222023895,0.44812378627870303,0.4426782289518613,0.4335467074777491,0.42079959640006764,0.40441717892523327,0.38427222701035807,0.36026415563222786,0.332131980456879,0.2992434946590934,0.26005978419210324,0.21072586062620882,0.12585218370529025,,,,,,,,,0.09768681336819329
60540.0,0.4493861439640397,0.4474970594735825,0.44206190381242766,0.43294778730654665,0.4202247477164216,0.40387285981216875,0.3837645841300178,0.3597993729158093,0.3317158716651941,0.29888146133334714,0.25975841924953486,0.21049236964543652,0.12567192923147313,,,,,,,,,0.09755132507368261
60600.0,0.448757566048765,0.44687212170832324,0.4414473356702538,0.432350570612621,0.4196515288109808,0.40333007758027617,0.3832583675196397,0.3593358885866612,0.33130091819134627,0.2985204273136147,0.2594578838902378,0.21025952928451228,0.12549218490828393,,,,,,,,,0.09741633722512631
60660.0,0.4481307818700886,0.44624896643804446,0.44083451809821905,0.431755051165453,0.4190799337232521,0.40278882660816545,0.3827535719588909,0.35887369788335305,0.3308871157748903,0.2981603888636417,0.2591581749464441,0.21002733708447888,0.12531294928713804,,,,,,,,,0.0972818484212567
60720.0,0.4475057848687143,0.4456275871448829,0.4402234446957615,0.4311612227603187,0.4185099565174964,0.40224910129787717,0.3822501922492187,0.3584127960641065,0.33047446017271365,0.29780134226422483,0.2588592892716037,0.2097957905983508,0.12513422084691722,,,,,,,,,0.09714785718130013
60780.0,0.4468825685124126,0.44500797733787895,0.43961410908876514,0.43056907921818144,0.4179415912826196,0.4017108960747753,0.3817482232137333,0.35795317840669955,0.33006294715909607,0.2974432838134241,0.25856122373964635,0.20956488738966006,0.12495599800564347,,,,,,,,,0.09701436195768845
60840.0,0.44626112629590287,0.4443901305528607,0.4390065049294474,0.42997861438557955,0.4173748321320667,0.40117420538743603,0.38124765969709473,0.3574948402083842,0.3296525725257704,0.29708620982670797,0.25826397524424954,0.2093346250313531,0.12477827913019901,,,,,,,,,0.09688136114660559
60900.0,0.4456414517407414,0.44377404035233176,0.43840062589624623,0.4293898221345198,0.4168096732037137,0.400639023707539,0.3807484965653995,0.35703777678580867,0.32924333208198187,0.2967301166370364,0.2579675406981236,0.20910500110496627,0.12460106254445898,,,,,,,,,0.096748853096789
60960.0,0.44502353839520536,0.4431597003253558,0.43779646569371083,0.42880269636236706,0.4162461086597591,0.40010534552975796,0.38025072870607335,0.3565819834749518,0.3288352216545396,0.29637500059489347,0.2576719170323277,0.2088760132000202,0.12442434653613066,,,,,,,,,0.0966168361169101
61020.0,0.44440737983417894,0.4425471040874452,0.43719401805238867,0.4282172309917346,0.41568413268661747,0.39957316537165144,0.3797543510277658,0.35612745563106163,0.3284282370878614,0.2960208580682737,0.2573771011956278,0.20864765891358616,0.12424812936253499,,,,,,,,,0.09648530848179707
61080.0,0.4437929696590418,0.44193624528044817,0.4365932767287158,0.4276334199703782,0.41512373949481124,0.39904247777355334,0.37925935846024816,0.3556741886286005,0.3280223742440065,0.29566768544263416,0.25708309015389624,0.20841993584998644,0.12407240925551394,,,,,,,,,0.09635426843770623
61140.0,0.44318030149755416,0.44132711757243587,0.43599423550490535,0.42705125727108545,0.4145649233188633,0.39851327729846825,0.37876574595431717,0.3552221778611941,0.32761762900269914,0.29531547912081557,0.25678988088955873,0.20819284162060134,0.12389718442561361,,,,,,,,,0.09622371420680509
61200.0,0.4425693690037463,0.4407197146575916,0.4353968881888391,0.42647073689156884,0.4140076784171895,0.3979855585319615,0.37827350848169766,0.3547714187415813,0.32721399726133804,0.2949642355229367,0.2564974704010839,0.20796637384375435,0.12372245306566701,,,,,,,,,0.09609364399100559
61260.0,0.4419601492087318,0.4401139248534932,0.43480079781812425,0.4258909487784667,0.41345044315800994,0.3974569262089044,0.37777903823157427,0.3543170230420026,0.3268050392362504,0.29460513414583406,0.2561941479965113,0.20772374726351342,0.1235075326687613,,,,,,,,,0.0959645460098563
61320.0,0.44135261935614184,0.43950981472462186,0.43420635823157117,0.42531276290797754,0.4128947432512005,0.3969297448850948,0.37728591909650827,0.3538638623313325,0.32639718626681524,0.29424699725928194,0.2558916372625944,0.2074817744603446,0.1232932187280552,,,,,,,,,0.09583602242988132
61380.0,0.4407467734563485,0.43890737831777304,0.43361356357789416,0.42473617360030025,0.41234057325266465,0.39640400941230197,0.376794146275065,0.3534119322070354,0.32599043439019815,0.293889821374167,0.25558993523673995,0.20724045332040741,0.12307949071105534,,,,,,,,,0.09570805017550815
61440.0,0.4401426055435523,0.43830660970343327,0.43302240802912356,0.4241611751983096,0.4117879277400865,0.3958797146629221,0.376303714985063,0.35296122828439264,0.3255847796602928,0.2935336030175164,0.2552890389755784,0.20699978189688556,0.12286633258640614,,,,,,,,,0.09558061148792288
61500.0,0.4395401096756829,0.43770750297568556,0.43243288578050976,0.42358776206746085,0.4112368013128377,0.3953568555298852,0.3758146204635034,0.3525117461964612,0.3251802181476873,0.2931783387324679,0.25498894555999,0.206759758301567,0.12265373154617198,,,,,,,,,0.09545369234946938
61560.0,0.43893927993430454,0.43711005225211236,0.4318449910504278,0.42301592859569626,0.4106871885918833,0.3948354269265705,0.37532685796649884,0.3520634815940344,0.324776745939628,0.2928240250784223,0.25468965209884165,0.20652038062681827,0.12244167714550243,,,,,,,,,0.09532728144659773
61620.0,0.43834011042452103,0.43651425167370145,0.4312587180802833,0.4224456691933522,0.41013908421969064,0.39431542378671813,0.3748404227692039,0.351616430145597,0.3243743591399856,0.292470658631395,0.2543911557299589,0.2062816469045901,0.12223016070596877,,,,,,,,,0.09520136946352614
61680.0,0.43774259527487797,0.4359200954047488,0.43067406113441836,0.4218769782930624,0.40959248286013694,0.3937968410643439,0.37435531016574686,0.3511705875372822,0.32397305386924213,0.29211823598449954,0.2540934536185033,0.20604355509125394,0.12201917489157621,,,,,,,,,0.0950759485876375
61740.0,0.4371467286372692,0.4353275776327651,0.43009101450001536,0.4213098503496685,0.40904737919841744,0.39327967373365635,0.37387151546916236,0.350725949472828,0.3235728262644972,0.2917667537484229,0.2537965429536716,0.20580610306738553,0.12180871340128295,,,,,,,,,0.09495101215514336
61800.0,0.4365525046868417,0.43473669256837977,0.42950957248700483,0.42074427984012425,0.4085037679409569,0.39276391678897243,0.37338903401132606,0.35028251167353236,0.3231736724795022,0.29141620855177913,0.2535004209446966,0.20556928864506058,0.1215987707421195,,,,,,,,,0.09482655439232615
61860.0,0.4359599176218984,0.4341474344452481,0.42892972942797086,0.42018026126340385,0.40796164381531796,0.3922495652446367,0.37290786114288726,0.34984026987821415,0.3227755886847144,0.29106659704126076,0.2532050848168656,0.20533310957821463,0.12138934205926152,,,,,,,,,0.09470257022346389
61920.0,0.4353689616638088,0.43355979751995605,0.428351479678058,0.41961778914041065,0.4074210015701138,0.39173661413493976,0.3724279922332053,0.3493992198431761,0.3223785710673578,0.29071791588157014,0.25291053180799067,0.20509756357361655,0.12118042300707836,,,,,,,,,0.09457905512621823
61980.0,0.4347796310569086,0.4329737760719262,0.42777481761487746,0.41905685801388326,0.4068818359749188,0.39122505851403816,0.3719494226702851,0.34895935734217465,0.32198261583147947,0.2903701617551461,0.2526167591655197,0.20486264830122528,0.12097200965014099,,,,,,,,,0.09445600502139044
62040.0,0.43419192006841156,0.43238936440332537,0.4271997376384145,0.4184974624483072,0.4063441418201808,0.3907148934558765,0.3714721478607148,0.348520678166392,0.32158771919798473,0.2900233313617289,0.25232376414432955,0.2046283614033892,0.12076409838642807,,,,,,,,,0.09433341618794039
62100.0,0.43360582298831235,0.43180655683896896,0.42662623417093587,0.4179395970298205,0.40580791391713505,0.39020611405410754,0.37099616322960555,0.348083178124413,0.32119387740464816,0.2896774214178155,0.25203154400515115,0.2043947005027248,0.12055668588719343,,,,,,,,,0.09421128519682037
62160.0,0.43302133412929433,0.4312253477262313,0.4260543016568983,0.4173832563661265,0.40527314709771756,0.3896987154220178,0.37052146422053095,0.3476468530421996,0.32080108670608504,0.2893324286560534,0.251740096013538,0.20416166320870907,0.12034976904946493,,,,,,,,,0.09408960885898796
62220.0,0.43243844782663776,0.43064573143495016,0.42548393456285516,0.41682843508640216,0.40473983621448023,0.38919269269244844,0.3700480462954705,0.347211698763068,0.32040934337369203,0.2889883498246126,0.251449417439277,0.20392924712310503,0.12014334495823102,,,,,,,,,0.09396838418421763
62280.0,0.4318571584381247,0.43006770235733555,0.4249151273773663,0.41627512784120874,0.4042079761405045,0.3886880410177228,0.36957590493475323,0.34677771114765893,0.32001864369555166,0.2886451816865737,0.2511595055561386,0.20369744984437144,0.1199374108561102,,,,,,,,,0.09384760834821596
62340.0,0.4312774603439481,0.42949125490787715,0.4243478746109054,0.4157233293024032,0.40367756176931946,0.38818475556956955,0.3691050356370022,0.34634488607390335,0.3196289839763067,0.2883029210193466,0.25087035764188503,0.2034662689712132,0.11973196411885728,,,,,,,,,0.09372727866617776
62400.0,0.4306993479466198,0.42891638352325245,0.4237821707957707,0.4151730341630502,0.40314858801481684,0.3876828315390525,0.3686354339190796,0.3459132194369825,0.3192403605370098,0.2879615646141436,0.25058197097846013,0.20323570210541703,0.11952700223545462,,,,,,,,,0.0936073925713786
62460.0,0.4301228156708783,0.42834308266223664,0.4232180104859932,0.41462423713733276,0.4026210498111696,0.3871822641364956,0.36816709531603375,0.34548270714927815,0.318852769714954,0.2876211092755075,0.2502943428523039,0.20300574685409725,0.11932252279183378,,,,,,,,,0.0934879475977359
62520.0,0.4295478579635966,0.4277713468056086,0.42265538825724763,0.4140769329604668,0.4020949421127493,0.38668304859141484,0.36770001538104263,0.34505334514031355,0.31846620786349095,0.2872815518209002,0.25000747055474537,0.20277640083146234,0.11911852345748465,,,,,,,,,0.09336894136551767
62580.0,0.42897446929369215,0.427201170456063,0.42209429870676224,0.41353111638861234,0.4015702598940455,0.386185180152445,0.3672341896853588,0.3446251293566892,0.31808067135183654,0.28694288908035226,0.2497213513824397,0.20254766166019159,0.11891500197438302,,,,,,,,,0.09325037156956478
62640.0,0.4284026441520352,0.4266325481381177,0.42153473645322986,0.41298678219878887,0.4010469981495846,0.3856886540872713,0.36676961381825324,0.3441980557620076,0.31769615656487954,0.2866051178961667,0.2494359826378244,0.20231952697249775,0.11871195614778586,,,,,,,,,0.09313223596953424
62700.0,0.4278323770513595,0.42606547439802483,0.4209766961367189,0.41244392518878764,0.40052515189385135,0.3851934656825603,0.3663062833869537,0.34377212033679183,0.3173126599029846,0.2862682351226761,0.24915136162957555,0.20209199441093795,0.11850938383854123,,,,,,,,,0.0930145323817729
62760.0,0.4272636625261697,0.42549994380368045,0.42042017241858426,0.4119025401770893,0.40000471616120864,0.3846996102438902,0.36584419401658635,0.34334731907839744,0.3169301777818033,0.2859322376260424,0.2488674856730491,0.20186506162902249,0.11830728295663515,,,,,,,,,0.09289725867251858
62820.0,0.42669649513265295,0.42493595094453523,0.41986515998138085,0.4113626220027761,0.39948568600582035,0.38420708309568286,0.3653833413501102,0.34292364800091896,0.3165487066320886,0.28559712228410267,0.24858435209070381,0.20163872629166138,0.11810565145574506,,,,,,,,,0.0927804127521833
62880.0,0.4261308694485891,0.424373490431505,0.4193116535287752,0.4108241655254502,0.3989680565015718,0.3837158795811341,0.36492372104825227,0.3425011031350912,0.3161682428995173,0.285262885986242,0.24830195821249457,0.20141298607548472,0.11790448732863187,,,,,,,,,0.09266399257052611
62940.0,0.4255667800732623,0.4238125568968826,0.41875964778545754,0.41028716562514894,0.3984518227419943,0.3832259950621459,0.36446532878944005,0.34207968052818827,0.3157887830445217,0.284929525633301,0.24802030137623712,0.20118783866905907,0.11770378860321638,,,,,,,,,0.09254799611255952
63000.0,0.4250042216273706,0.4232531449942485,0.41820913749705707,0.4097516172022621,0.39793697984018755,0.3827374249192571,0.36400816026972804,0.34165937624391957,0.3154103235421312,0.2845970381375058,0.24773937892794118,0.2009632817730248,0.11750355333923113,,,,,,,,,0.09243242139506183
63060.0,0.42444318875293785,0.4226952493983852,0.41766011743005327,0.40921751517744853,0.39742352292874383,0.38225016455157224,0.363552211202728,0.3412401863623233,0.3150328608818236,0.28426542042241654,0.24745918822211263,0.20073931310016999,0.11730377962534494,,,,,,,,,0.09231726646359589
63120.0,0.42388367611322625,0.4221388648051858,0.4171125823716928,0.4086848544915561,0.3969114471596711,0.38176420937669375,0.3630974773195321,0.3408221069796608,0.3146563915673841,0.283934669422895,0.24717972662202367,0.20051593037545484,0.1171044655766924,,,,,,,,,0.09220252938995005
63180.0,0.42332567839264795,0.4215839859315712,0.41656652712990255,0.40815363010553846,0.3964007477043182,0.3812795548306501,0.3626439543686357,0.34040513420830976,0.3142809121167784,0.2836047820850831,0.24690099149995598,0.20029313133599735,0.11690560933273542,,,,,,,,,0.09208820826993283
63240.0,0.4227691902966786,0.4210306075153997,0.41602194653320507,0.40762383700037474,0.3958914197532984,0.38079619636782425,0.36219163811586036,0.339989264176659,0.31390641906202993,0.28327575536638994,0.24662298023741405,0.20007091373103025,0.11670720905540978,,,,,,,,,0.09197430122146578
63300.0,0.4222142065517687,0.4204787243153829,0.4154788354306338,0.40709547017698927,0.39538345851641493,0.3803141294608818,0.3617405243442721,0.3395744930290029,0.3135329089491087,0.28294758623548966,0.24634569022531588,0.19984927532183427,0.11650926292751163,,,,,,,,,0.0918608063829284
63360.0,0.4216607219052585,0.4199283311109984,0.4149371886916513,0.40656852465617066,0.3948768592225862,0.3798333496006988,0.36129060885410175,0.33916081692543754,0.31316037833782867,0.28262027167232,0.24606911886415597,0.1996282138816562,0.11631176915128816,,,,,,,,,0.09174772191171675
63420.0,0.4211087311252904,0.41937942270240586,0.4143970012060628,0.4060429954784927,0.394371617119769,0.37935385229628793,0.36084188746266094,0.3387482320417606,0.3127888238017507,0.2822938086680903,0.24579326356414938,0.19940772719561137,0.1161147259472031,,,,,,,,,0.09163504598298466
63480.0,0.42055822900072487,0.41883199391035947,0.41385826788393487,0.405518877704235,0.39386772747488474,0.3788756330747247,0.3603943560042617,0.3383367345693696,0.31241824192809203,0.28196819422528685,0.24551812174535548,0.19918781306058092,0.11591813155284869,,,,,,,,,0.09152277678853857
63540.0,0.42000921034105365,0.41828603957612637,0.41332098365551256,0.4049961664133029,0.39336518557374434,0.37839868748107336,0.3599480103301302,0.337926320715167,0.31204862931764477,0.2816434253576826,0.2452436908377827,0.1989684692851004,0.11572198422198812,,,,,,,,,0.09141091253586726
63600.0,0.4194616699763162,0.41774155456139916,0.4127851434711372,0.40447485670515027,0.3928639867209722,0.377923011078311,0.35950284630832635,0.3375169867014629,0.3116799825846966,0.28131949909034415,0.24496996828147782,0.19874969368924525,0.11552628222370845,,,,,,,,,0.09129945144728477
63660.0,0.41891560275701345,0.41719853374821486,0.41225074230116415,0.4039549436987001,0.39236412623993216,0.37744859944725306,0.359058859823657,0.33710872876588394,0.31131229835695917,0.28099641245964185,0.2446969515266011,0.1985314841045142,0.11533102384166449,,,,,,,,,0.09118839175917234
63720.0,0.41837100355402396,0.4166569720388696,0.4117177751358819,0.4034364225322664,0.3918655994726515,0.37697544818647594,0.35861604677759557,0.33670154316128204,0.3109455732754997,0.28067416251325555,0.24442463803348508,0.1983138383737109,0.1151362073734091,,,,,,,,,0.09107773172130541
63780.0,0.4178278672585217,0.4161168643558361,0.41118623698543116,0.4029192883634768,0.3913684017797446,0.3765035529122416,0.35817440308819526,0.33629542615564606,0.31057980399467466,0.28035274631018203,0.2441530252726859,0.1980967543508274,0.11492157204761881,,,,,,,,,0.0909674695962544
63840.0,0.41728618878189105,0.4155782056416816,0.410656122879724,0.40240353636919446,0.39087252854034066,0.3760329092584219,0.3577339246900085,0.33589037403201655,0.3102149871820699,0.28003216092073807,0.243882110725021,0.19788022990092752,0.11470370754467848,,,,,,,,,0.09085760365884984
63900.0,0.41674596305564515,0.41504099085898466,0.41012742786836365,0.4018891617454401,0.39037797515200373,0.37556351287641865,0.35729460753400377,0.3354863830884028,0.30985111951844313,0.27971240342656234,0.24361189188159804,0.19766426290003034,0.11448623771305519,,,,,,,,,0.09074813219570335
63960.0,0.4162071850313416,0.414505214990255,0.4096001470205643,0.4013761597073158,0.38988473703066195,0.3750953594350893,0.35685644758748336,0.33508344963770126,0.30948819769766717,0.27939347092061606,0.24334236624383518,0.197448851234999,0.11426916115833584,,,,,,,,,0.09063905350477718
64020.0,0.4156698496805022,0.4139708730378501,0.4090742754250723,0.4008645254889267,0.3893928096105279,0.37462844462066996,0.35641944083400184,0.3346815700076166,0.30912621842667554,0.27907536050718107,0.24307353132347423,0.19723399280342907,0.11405247649744626,,,,,,,,,0.09053036589499713
64080.0,0.4151339519945306,0.4134379600238958,0.4085498081900857,0.4003542543433049,0.3889021883440256,0.3741627641366964,0.35598358327328583,0.3342807405405835,0.3087651784254139,0.278758069301855,0.24280538464258664,0.19701968551354038,0.11383618235827025,,,,,,,,,0.0904220676859028
64140.0,0.41459948698463206,0.4129064709902044,0.4080267404431758,0.3998453415423319,0.38841286870171315,0.3736983137039281,0.3555488709211544,0.3338809575936929,0.3084050744267877,0.2784415944315433,0.2425379237335736,0.19680592728407112,0.11362027737930931,,,,,,,,,0.09031415720733073
64200.0,0.4140664496817291,0.4123764009981952,0.4075050673312098,0.39933778237666306,0.38792484617220757,0.3732350890602715,0.35511529980943884,0.3334822175386182,0.30804590317661407,0.27812593303445354,0.24227114613916054,0.19659271604417647,0.11340476020936865,,,,,,,,,0.09020663279912715
64260.0,0.41353483513638495,0.4118477451288143,0.40698478402027016,0.3988315721556492,0.3874381162621098,0.3727730859607022,0.3546828659859052,0.33308451676154277,0.3076876614335754,0.2778110822600806,0.2420050494123873,0.19638004973332643,0.11318962950727023,,,,,,,,,0.09009949281088599
64320.0,0.41300463841872087,0.41132049848245483,0.40646588569557723,0.3983267062072626,0.3869526744959287,0.37231230017718875,0.35425156551417675,0.33268785166309045,0.30733034596917164,0.2774970392691952,0.2417396311165938,0.19616792630121008,0.11297488394158992,,,,,,,,,0.08999273560171053
64380.0,0.4124758546183392,0.4107946561788782,0.40594836756141317,0.3978231798780185,0.3864685164160041,0.37185272749861714,0.3538213944736578,0.3322922186582564,0.30697395356767526,0.2771838012338287,0.2414748888254021,0.19595634370764026,0.11276052219041471,,,,,,,,,0.08988635953999419
64440.0,0.41194847884423846,0.4102702133571351,0.4054322248410414,0.39732098853290015,0.38598563758243337,0.3713943637307126,0.3533923489594566,0.3318976141763406,0.30661848102608624,0.27687136533725565,0.24121082012269487,0.19574529992246142,0.11254654294111938,,,,,,,,,0.08978036300322054
64500.0,0.41142250622474086,0.40974716517548654,0.40491745277663166,0.39682012755528223,0.3855040335729947,0.3709372046959657,0.3529644250823117,0.33150403466088024,0.3062639251540871,0.2765597287739737,0.24094742260259153,0.195534792925461,0.11233294489015823,,,,,,,,,0.08967474437777874
64560.0,0.41089793190740875,0.40922550681132513,0.40440404662918195,0.39632059234685657,0.38502369998307173,0.37048124623355533,0.35253761896851765,0.3311114765695866,0.30591028277399956,0.27624888874968434,0.2406846938694215,0.1953248207062822,0.11211972674287414,,,,,,,,,0.08956950205879344
64620.0,0.41037475105896876,0.40870523346109955,0.40389200167844164,0.39582237832755457,0.3845446324255797,0.3700264841992742,0.35211192675985115,0.3307199363742803,0.30555755072074015,0.27593884248126765,0.24042263153769453,0.19511538126433925,0.1119068872133192,,,,,,,,,0.08946463444996824
64680.0,0.40985295886523243,0.4081863403402336,0.4033813132228354,0.39532548093547226,0.38406682653088847,0.3695729144654546,0.35168734461349965,0.3303294105608285,0.30520572584177624,0.2756295871967615,0.2401612332320701,0.19490647260873617,0.1116944250240862,,,,,,,,,0.08936013996343906
64740.0,0.4093325505310186,0.407668822683051,0.4028719765793849,0.3948298956267948,0.3835902779467493,0.3691205329208926,0.3512638687019888,0.3299398956290833,0.3048548049970831,0.2753211201353327,0.2399004965873242,0.19469809275818595,0.11148233890615324,,,,,,,,,0.08925601701963978
64800.0,0.408813521280076,0.4071526757426976,0.4023639870836358,0.39433561787572274,0.38311498233821933,0.3686693354707752,0.3508414952131118,0.329551388092821,0.30450478505910067,0.2750134385472516,0.2396404192483159,0.19449023974093363,0.11127062759873851,,,,,,,,,0.08915226404717586
64860.0,0.4082958805492739,0.4066379887628553,0.40185772678160453,0.3938434562203985,0.3826423368179107,0.3682214742869416,0.3504234799005189,0.32916831431950894,0.30416151914243145,0.27471460743359166,0.23939177466472678,0.19429850269431856,0.11111126160020746,,,,,,,,,0.08904842648569605
64920.0,0.407779637642549,0.4061246908555873,0.4013528306589807,0.393352617182537,0.3821709566457327,0.36777480619305886,0.3500065714594621,0.328786247607547,0.3038191483101596,0.2744165487854556,0.23914376840711887,0.1941072602704567,0.11095217718445007,,,,,,,,,0.08894487962014277
64980.0,0.40726478761361096,0.4056127771063273,0.4008492938911988,0.39286309608781866,0.38170083735393334,0.36732932698101073,0.34959076598931005,0.3284051844085407,0.3034776694018463,0.2741192598553647,0.23889639815930253,0.19391651038688393,0.11079338961219652,,,,,,,,,0.0888416380991276
65040.0,0.4067513255363737,0.4051022426205908,0.40034711167342873,0.3923748882810769,0.3812319744931023,0.36688503245998005,0.34917605960546355,0.32802512118864735,0.3031370792700229,0.2738227379072871,0.23864966161247456,0.1937262508623968,0.11063491036100409,,,,,,,,,0.08873871288549437
65100.0,0.40623924650486665,0.4045930825238867,0.39984627922048865,0.39188798912621264,0.3807643636320867,0.36644191845636676,0.3487624484392763,0.3276460544285131,0.3027973747801411,0.2735269802165422,0.23840355646209008,0.19353647948409042,0.11047674813127643,,,,,,,,,0.08863611223648638
65160.0,0.4057285456331516,0.40408529196163584,0.39934679176676174,0.3914023940061121,0.3802980003579111,0.3659999808137118,0.3483499286379837,0.32726798062320905,0.30245855281052186,0.2732319840696075,0.2381580804052986,0.1933471940585204,0.11031890954438937,,,,,,,,,0.08853384238395665
65220.0,0.405219218055234,0.4035788660990805,0.3988486445661113,0.3909180983225619,0.3798328802756944,0.36555921539261466,0.3479384963646286,0.3268908962821686,0.30212061025229986,0.2729377467638194,0.2379132311398494,0.1931583924406438,0.11016139964034553,,,,,,,,,0.08843190801925636
65280.0,0.4047112589249797,0.40307380012120186,0.3983518328917958,0.39043509749616734,0.37936899900856896,0.3651196180706574,0.34752814779798996,0.3265147979291256,0.30178354400935736,0.2726442656069897,0.237669006364501,0.19297007254625018,0.11000422224028264,,,,,,,,,0.08833031264644776
65340.0,0.4042046634160266,0.40257008923263454,0.39785635203638403,0.38995338696626763,0.3789063521975982,0.3646811847423247,0.34711887913250916,0.32613968210205035,0.3014473509982446,0.27235153791701167,0.2374254037805069,0.19278223235424305,0.10984738021527846,,,,,,,,,0.08822905884420931
65400.0,0.40369942672170256,0.40206772865758167,0.3973621973116735,0.3894729621908552,0.3784449355016978,0.3642439113189276,0.3467106865782195,0.32576554535308566,0.301112028148082,0.2720595610215081,0.23718242109365872,0.1925948699033958,0.1096908756886584,,,,,,,,,0.08812814846294992
65460.0,0.40319554405494,0.40156671363973,0.39686936404860423,0.38899381864649196,0.3779847445975535,0.3638077937285263,0.34630356636067416,0.32539238424848277,0.3007775724004503,0.2717683322575745,0.23694005601646428,0.19240798328652292,0.10953471019020147,,,,,,,,,0.08802758277505188
65520.0,0.40269301064819013,0.4010670394421669,0.396377847597177,0.38851595182822823,0.37752577517954233,0.36337282791585257,0.3458975147208779,0.3250201953685306,0.3004439807092694,0.27147784897163574,0.2366983062701766,0.19222157064378478,0.10937888477498128,,,,,,,,,0.08792736259065492
65580.0,0.40219182175333884,0.40056870134729583,0.3958876433263704,0.3880393572495207,0.3770680229596522,0.3629390098422354,0.3454925279152134,0.32464897530748565,0.3001112500406731,0.27118810851942016,0.23645716958652782,0.1920356301560597,0.10922340011584286,,,,,,,,,0.08782748834775192
65640.0,0.40169197264162604,0.4000716946567527,0.39539874662405744,0.38756403044215076,0.37661148366740327,0.3625063354855237,0.34508860221537285,0.32427872067349667,0.29977937737289073,0.2708991082660307,0.23621664370910256,0.19185016003885355,0.10906825657598689,,,,,,,,,0.08772796018290381
65700.0,0.4011934586035581,0.3995760146913234,0.39491115289692336,0.38708996695614356,0.37615615304976896,0.362074800840012,0.34468573390828655,0.3239094280885287,0.2994483596961349,0.2706108455860924,0.235976726394356,0.19166515853693608,0.10891345426638761,,,,,,,,,0.08762877798717579
65760.0,0.40069627494882737,0.3990816567908604,0.39442485757038326,0.386617162359688,0.3757020268710966,0.3616444019163661,0.3442839192960512,0.3235410941882817,0.29911819401250545,0.2703233178639515,0.2357374154123062,0.1914806239197477,0.10875899309153629,,,,,,,,,0.08752994145070081
65820.0,0.4002004170062285,0.3985886163142002,0.39393985608850174,0.38614561223905564,0.37524910091303115,0.3612151347415476,0.3438831546958589,0.3231737156221123,0.2987888773359107,0.2700365224939059,0.2354987085469517,0.1912965544775388,0.10860487278612088,,,,,,,,,0.08743145009841409
65880.0,0.3997058801235748,0.39809688863908044,0.3934561439139092,0.38567531219852114,0.3747973709744355,0.3607869953587396,0.34348343643992374,0.3228072890529531,0.2984604066920066,0.2697504568804408,0.23526060359646309,0.19111294851817265,0.1084510929446187,,,,,,,,,0.0873333033188827
65940.0,0.3992126596676174,0.3976064691620592,0.39297371652772195,0.38520625786028173,0.3743468328713156,0.3603599798272735,0.3430847608754107,0.32244181115723347,0.29813277911814984,0.2694651184384607,0.2350230983732,0.19092980436450196,0.10829765304530789,,,,,,,,,0.08723550038769708
66000.0,0.3987207510239622,0.3971173532984323,0.39249256942946126,0.3847384448643788,0.3738974824367403,0.35993408422255535,0.3426871243643613,0.3220772786248054,0.29780599166337185,0.2691805045935022,0.23478619070359635,0.19074712035223923,0.10814455246985008,,,,,,,,,0.08713804048655069
66060.0,0.39823014959699,0.3966295364821518,0.3920126981369727,0.38427186886861864,0.37344931552076793,0.3595093046359903,0.34229052328362103,0.32171368815886936,0.2974800413883616,0.2688966127819235,0.23454987842794878,0.19056489482823755,0.10799179051934468,,,,,,,,,0.08704092271888263
66120.0,0.3977408508097706,0.3961430141657455,0.3915340981863454,0.38380652554849215,0.3730023279903675,0.3590856371749102,0.34189495402476594,0.3213510364759044,0.29715492536545907,0.26861344045106544,0.23431415940014116,0.1903831261491151,0.10783936642755265,,,,,,,,,0.08694414612276159
66180.0,0.3972528501039881,0.39565778182023503,0.3910567651318323,0.3833424105970995,0.3725565157293437,0.3586630779625007,0.34150041299403083,0.3209893203056039,0.29683064067865944,0.268330985059383,0.23407903148732567,0.19020181268016034,0.10768727937183692,,,,,,,,,0.08684770968154806
66240.0,0.39676614293985535,0.3951738349350566,0.3905806945457712,0.3828795197250691,0.3721118746382621,0.3582416231377267,0.3411068966122359,0.3206285363908149,0.296507184423619,0.26804924407654473,0.23384449256958187,0.19002095279446843,0.1075355284822534,,,,,,,,,0.08675161233275497
66300.0,0.39628072479603477,0.3946911690179808,0.3901058820185044,0.382417848660482,0.3716684006343711,0.35782126885525906,0.340714401314717,0.3202686814874807,0.2961845537076668,0.26776821498350645,0.23361054053956476,0.1898405448722642,0.10738411284913757,,,,,,,,,0.08665585297544179
66360.0,0.3957965911695578,0.3942097795950306,0.3896323231582998,0.38195739314879285,0.3712260896515289,0.35740201128540255,0.34032292355125254,0.31990975236458763,0.2958627456498146,0.26748789527255695,0.2333771733021541,0.18966058730037832,0.10723303152945876,,,,,,,,,0.08656043047641067
66420.0,0.39531373757574545,0.39372966221040423,0.38916001359127317,0.3814981489527539,0.37078493764012793,0.35698384661402216,0.33993245978599856,0.3195517458041153,0.295541757380768,0.26720828244734096,0.2331443887741102,0.1894810784718447,0.10708228355216512,,,,,,,,,0.08646534367541724
66480.0,0.394832159548128,0.3932508124263946,0.38868894896130873,0.38104011185233727,0.37034494056701955,0.35656677104247053,0.33954300649741703,0.3191946586009909,0.2952215860429341,0.2669293740228587,0.23291218488374504,0.1893020167855955,0.1069318679226906,,,,,,,,,0.08637059138956932
66540.0,0.3943518526383675,0.39277322582331,0.388219124929981,0.3805832776446594,0.3699060944154407,0.35615078078751744,0.3391545601782126,0.3188384875630437,0.2949022287904268,0.2666511675254503,0.23268055957060604,0.1891234006462362,0.10678178362677777,,,,,,,,,0.08627617241705454
66600.0,0.39387281241617467,0.39229689799939627,0.3877505371764769,0.3801276421439044,0.3694683951849388,0.3557358720812774,0.3387671173352651,0.31848322951096547,0.2945836827890681,0.26637366049276334,0.2324495107851797,0.18894522846388256,0.10663202963372194,,,,,,,,,0.08618208554030787
66660.0,0.3933950344692356,0.3918218245707573,0.3872831813975204,0.37967320118124737,0.36903183889129804,0.3553220411711366,0.33838067448956716,0.3181288812782688,0.2942659452163846,0.26609685047370646,0.23221903648861392,0.18876749865404607,0.10648260489913856,,,,,,,,,0.08608832952871456
66720.0,0.3929185144031292,0.3913480011712784,0.38681705330729066,0.37921995060477987,0.368596421566466,0.35490928431968555,0.33799522817616223,0.31777543971124855,0.2939490132616011,0.2658207350283932,0.23198913465245855,0.1885902096375591,0.10633350836733078,,,,,,,,,0.08599490314092177
66780.0,0.3924432478412496,0.390875423452547,0.38635214863735146,0.3787678862794339,0.3681621392584804,0.35449759780464846,0.3376107749440838,0.31742290166894466,0.2936328841256276,0.2655453117280778,0.2317598032584252,0.1884133598405308,0.10618473897331847,,,,,,,,,0.08590180512682309
66840.0,0.39196923042472975,0.3904040870837758,0.3858884631365686,0.37831700408690744,0.36772898803139653,0.3540869779188117,0.33722731135629525,0.31707126402310404,0.2933175550210416,0.265270578155084,0.2315310402981652,0.18823694769432536,0.10603629564458658,,,,,,,,,0.08580903422926703
66900.0,0.39149645781236375,0.3899339877517252,0.3854259925710371,0.37786729992558915,0.36729696396521355,0.3536774209699588,0.33684483398963244,0.3167205236581439,0.2930030231720685,0.26499653190272576,0.2313028437730638,0.18806097163555854,0.105888177302589,,,,,,,,,0.08571658918553132
66960.0,0.39102492568052716,0.3894651211606273,0.3849647327240044,0.3774187697104837,0.3668660631558038,0.3532689232808002,0.3364633394347453,0.3163706774711142,0.2926892858145558,0.2647231705752292,0.23107521169405137,0.18788543010610786,0.10574038286405468,,,,,,,,,0.08562446872859997
67020.0,0.39055462972310323,0.38899748303210746,0.38450467939579386,0.37697140937313833,0.36643628171484105,0.35286148118890664,0.33608282429604247,0.3160217223716603,0.2923763401959421,0.264450491787647,0.23084814208142979,0.18771032155313233,0.10559291124211631,,,,,,,,,0.08553267158827081
67080.0,0.39008556565140506,0.3885310691051104,0.3840458284037307,0.376525214861569,0.3660076157697272,0.3524550910466443,0.3357032851916355,0.3156736552819847,0.2920641835752261,0.26417849316577346,0.23062163296471086,0.1875356444291005,0.10544576134729318,,,,,,,,,0.0854411964921197
67140.0,0.38961772919409804,0.3880658751358218,0.3835881755820663,0.3760801821401857,0.3655800614635233,0.3520497492211058,0.3353247187532836,0.31532647313680884,0.2917528132229293,0.26390717234605926,0.2303956823824707,0.18736139719182113,0.10529893208834674,,,,,,,,,0.08535004216634107
67200.0,0.3891511160971256,0.3876018968975945,0.38313171678190205,0.37563630718972085,0.36515361495487936,0.35164545209404985,0.3349471216263414,0.3149801728833336,0.2914422264210545,0.2636365269755229,0.2301702883822124,0.18718757830447838,0.10515242237302874,,,,,,,,,0.08525920733648369
67260.0,0.3886857221236315,0.3871391301808716,0.3826764478711176,0.3751935860071561,0.36472827241796346,0.3512421960618328,0.334570490469703,0.3146347514811985,0.2911324204630467,0.26336655471166653,0.22994544902024222,0.18701418623566884,0.10500623110873479,,,,,,,,,0.08516869072809412
67320.0,0.3882215430538866,0.3866775707931122,0.3822223647342943,0.3747520146056488,0.364304030042392,0.3508399775353476,0.3341948219557508,0.31429020590244294,0.2908233926537469,0.2630972532223883,0.2297211623615533,0.18684121945943805,0.1048603572030776,,,,,,,,,0.08507849106728227
67380.0,0.3877585746852118,0.38621721455871594,0.38176946327264233,0.3743115890144605,0.36388088403316193,0.35043879293995855,0.333820112770303,0.3139465331314614,0.29051514030934444,0.2628286201858986,0.2294974264797192,0.1866686764553176,0.10471479956439106,,,,,,,,,0.08498860708121893
67440.0,0.38729681283190465,0.38575805731894836,0.38131773940392666,0.3738723052788861,0.3634588306105814,0.3500386387154421,0.33344635961255903,0.31360373016496335,0.2902076607573302,0.2625606532906371,0.2292742394567957,0.18649655570836116,0.10456955710217204,,,,,,,,,0.08489903749857389
67500.0,0.3868362533251631,0.3853000949318683,0.38086718906239486,0.3734341594601808,0.3630378660102012,0.3496395113159217,0.3330735591950505,0.3132617940119281,0.28990095133644384,0.26229335023518907,0.2290515993832284,0.1863248557091783,0.10442462872747219,,,,,,,,,0.08480978104990336
67560.0,0.38637689201301245,0.3848433232722517,0.38041780819870197,0.37299714763549063,0.36261798648274973,0.3492414072098088,0.33270170824358647,0.31292072169356067,0.28959500939662536,0.26202670872820716,0.22882950435776817,0.18615357495396817,0.10428001335324195,,,,,,,,,0.08472083646799142
67620.0,0.38591872476023203,0.3843877382315194,0.3799695927798406,0.3725612658977801,0.3621991882940622,0.34884432287974065,0.3323308034972039,0.3125805102432475,0.2892898322989598,0.26176072648833115,0.2286079524873919,0.18598271194454954,0.10413570989463417,,,,,,,,,0.08463220248815373
67680.0,0.3854617474482782,0.3839333357176628,0.37952253878906594,0.37212651035576444,0.36178146772501724,0.34844825482252034,0.3319608417081139,0.3122411567065095,0.28898541741562445,0.261495401244112,0.22838694188722825,0.1858122651883896,0.1039917172692732,,,,,,,,,0.0845438778485059
67740.0,0.3850059559752157,0.3834801116551716,0.3790766422258261,0.371692877133836,0.36136482107146867,0.3480531995490574,0.33159181964165174,0.31190265814095575,0.2886817621298351,0.2612307307339373,0.22816647068048776,0.18564223319862955,0.10384803439749389,,,,,,,,,0.08445586129020177
67800.0,0.3845513462556399,0.38302806198496137,0.37863189910568845,0.37126036237199844,0.3609492446441819,0.34765915358430793,0.3312237340762243,0.3115650116162362,0.28837886383578987,0.2609667127059561,0.2279465369983988,0.18547261449410965,0.10370466020255223,,,,,,,,,0.0843681515576456
67860.0,0.3840979142206083,0.3825771826642996,0.3781883054602703,0.3708289622257955,0.3605347347687667,0.34726611346721464,0.33085658180325805,0.3112282142139936,0.2880767199386157,0.2607033449180102,0.2277271389801447,0.18530340759938962,0.10356159361081166,,,,,,,,,0.0842807473986805
67920.0,0.3836456558175639,0.3821274696667345,0.37774585733716637,0.37039867286624334,0.36012128778561214,0.34687407575065105,0.3304903596271484,0.3108922630278146,0.28777532785431115,0.26044062513756344,0.22750827477280713,0.18513461104476853,0.10341883355190952,,,,,,,,,0.08419364756475572
67980.0,0.38319456701026566,0.38167891898202416,0.37730455079987774,0.36996949047976074,0.35970890004982486,0.3464830370013587,0.33012506436520633,0.31055715516318216,0.28747468500969076,0.26017855114163335,0.2272899425313095,0.18496622336630142,0.10327637895890537,,,,,,,,,0.08410685081107716
68040.0,0.382744643778717,0.3812315266160631,0.3768643819277434,0.3695414112681031,0.3592975679311628,0.34609299379989233,0.32976069284760773,0.31022288773742374,0.28717478884233005,0.25991712071672535,0.22707214041836624,0.18479824310581452,0.10313422876840875,,,,,,,,,0.08402035589673888
68100.0,0.3822958821190919,0.3807852885908121,0.37642534681586926,0.36911443144829276,0.35888728781397183,0.3457039427405599,0.32939724191734165,0.3098894578796641,0.2868756368005098,0.2596563316587692,0.22685486660443147,0.18463066881091666,0.10299238192069625,,,,,,,,,0.08393416158484296
68160.0,0.3818482780436654,0.3803402009442275,0.3759874415750582,0.3686885472525539,0.358478056097124,0.34531588043136746,0.32903470843015736,0.30955686273077276,0.2865772263431584,0.2593961817730554,0.22663811926765226,0.1844634990350108,0.10285083735981444,,,,,,,,,0.08384826664260453
68220.0,0.3814018275807416,0.3798962597301907,0.37555066233174117,0.3682637549282442,0.35806986919395345,0.344928722640576,0.3286730892545126,0.3092250994433141,0.28627955493979895,0.2591366688741737,0.2264218965938222,0.1842967323373008,0.10270959403366922,,,,,,,,,0.08376266984144577
68280.0,0.38095652677458325,0.37945346101843697,0.37511500522790825,0.36784005073778925,0.3576627235321935,0.34454250096061445,0.32831238127152157,0.3088941651814979,0.2859826200704911,0.2588777907859539,0.22620619677633788,0.1841303672828001,0.10256865089410779,,,,,,,,,0.08367736995707989
68340.0,0.3805123716853426,0.3790118008944855,0.37468046642103936,0.367417430958616,0.35725661555391625,0.3441572583088029,0.32795258137490263,0.30856405712112633,0.285686419225779,0.25861954534140674,0.22599101801615556,0.18396440244233433,0.1024280068969867,,,,,,,,,0.08359236576958538
68400.0,0.38006935838898936,0.3785712754595718,0.3742470420840378,0.3669958918830871,0.3568515417154697,0.3437729913458777,0.3275936864709267,0.30823477244954467,0.28539094990663283,0.25836193038266736,0.225776358521751,0.18379883639254474,0.10228766100223617,,,,,,,,,0.08350765606347194
68460.0,0.37962748297724225,0.3781318808305769,0.37381472840516045,0.3665754298184361,0.3564474984874157,0.34338969674599273,0.32723569347836423,0.3079063083655892,0.2850962096243984,0.2581049437609394,0.2255622165090788,0.18363366771588996,0.10214761217391456,,,,,,,,,0.08342323962773973
68520.0,0.3791867415574996,0.3776936131399579,0.3733835215879509,0.36615604108670086,0.356044482354471,0.3430073711966649,0.3268785993284328,0.30757866207953505,0.28480219590073963,0.2578485833364399,0.22534859020153444,0.18346889500064487,0.1020078593802546,,,,,,,,,0.0833391152559304
68580.0,0.37874713025276946,0.3772564685356796,0.37295341785117225,0.3657377220246621,0.3556424898154443,0.342626011398716,0.3265224009647454,0.3072518308130463,0.2845089062675861,0.2575928469783464,0.22513547782991586,0.1833045168408991,0.10186840159370697,,,,,,,,,0.08325528174617344
68640.0,0.3783086452016013,0.3768204431811482,0.37252441342874126,0.365320468983776,0.3552415173831765,0.34224561406621956,0.3261670953432582,0.30692581179912354,0.2842163382670805,0.2573377325647436,0.2249228776323866,0.18314053183655343,0.10172923779097535,,,,,,,,,0.08317173790122642
68700.0,0.3778712825580183,0.37638553325514024,0.37209650456965937,0.3649042783301111,0.3548415615844813,0.34186617592644136,0.3258126794322174,0.3066006022820533,0.28392448945152454,0.2570832379825746,0.2247107878544407,0.18297693859331582,0.10159036695304777,,,,,,,,,0.08308848252850998
68760.0,0.3774350384914478,0.3759517349517375,0.37166968753794893,0.36448914644428604,0.35444261896008455,0.3414876937197869,0.32545915021210786,0.3062761995173561,0.28363335738332685,0.2568293611275878,0.22449920674886653,0.18281373572269444,0.10145178806522286,,,,,,,,,0.0830055144401389
68820.0,0.37699990918665444,0.3755190444802578,0.3712439586125859,0.3640750697214045,0.3540446860645633,0.34111016419974466,0.3251065046755999,0.30595260077173425,0.2833429396349514,0.25657609990428815,0.22428813257571226,0.182650921841991,0.1013135001171324,,,,,,,,,0.08292283245294851
68880.0,0.37656589084367276,0.37508745806518984,0.370819314087435,0.3636620445709934,0.35364775946628935,0.3407335841328294,0.32475473982749725,0.30562980332302303,0.2830532337888653,0.2563234522258889,0.22407756360225178,0.1824884955742938,0.10117550210276036,,,,,,,,,0.08284043538851792
68940.0,0.3761329796777394,0.3746569719461246,0.3703957502711846,0.3632500674169396,0.3532518357473683,0.3403579502985292,0.3244038526846858,0.30530780446013783,0.28276423743748846,0.256071416014265,0.2238674981029516,0.18232645554846655,0.10103779302045725,,,,,,,,,0.0827583220731895
69000.0,0.3757011719192268,0.3742275823776905,0.36997326348728143,0.3628391346974282,0.3528569115035796,0.3399832594892489,0.32405384027608053,0.3049866014830232,0.2824759481831415,0.2558199891999043,0.2236579343594376,0.1821648003991396,0.10090037187295327,,,,,,,,,0.08267649133808506
69060.0,0.375270463813576,0.3737992856294872,0.3695518500738662,0.36242924286488043,0.3524629833443207,0.33960950851025506,0.3237046996425734,0.304666191702603,0.28218836363799715,0.25556916972186244,0.22344887066046173,0.18200352876669834,0.10076323766736732,,,,,,,,,0.08259494201911997
69120.0,0.3748408516212318,0.37337207798601957,0.36913150638370956,0.3620203883858914,0.35207004789254726,0.33923669417962216,0.3233564278369816,0.30434657244072855,0.28190148142402893,0.2553189555277178,0.22324030530187086,0.18184263929727124,0.10062638941521351,,,,,,,,,0.08251367295701377
69180.0,0.3744123316175763,0.37294595574663225,0.36871222878414806,0.3616125677411696,0.35167810178471437,0.33886481332817714,0.3230090219239958,0.3040277410301294,0.28161529917296346,0.2550693445735267,0.22303223658657437,0.18168213064271718,0.10048982613240642,,,,,,,,,0.0824326829972993
69240.0,0.37398490009286206,0.37252091522544495,0.3682940136570211,0.3612057774254741,0.35128714167071945,0.3384938627994455,0.3226624789801285,0.3037096948143622,0.2813298145262304,0.2548203348237783,0.22282466282451277,0.18152200146061215,0.10035354683926262,,,,,,,,,0.08235197099032898
69300.0,0.37355855335214827,0.3720969527512874,0.3678768573986061,0.36080001394755706,0.3508971642138451,0.33812383944959634,0.3223167960936608,0.3033924311477604,0.28104502513491364,0.2545719242513512,0.22261758233262577,0.18136225041423448,0.10021755056050158,,,,,,,,,0.08227153579127944
69360.0,0.37313328771523735,0.3716740646676358,0.36746075641955867,0.3603952738300998,0.3505081660907009,0.3377547401473876,0.32197197036459335,0.30307594739538485,0.28076092865970453,0.2543241108374726,0.22241099343482218,0.18120287617255032,0.10008183632524406,,,,,,,,,0.08219137626015424
69420.0,0.37270909951660663,0.3712522473325478,0.3670457071448465,0.35999155360965385,0.3501201439911662,0.33738656177411447,0.3216279989045932,0.30276024093297377,0.28047752277085286,0.25407689257167393,0.22220489446194874,0.18104387741019828,0.09994640316700963,,,,,,,,,0.0821114912617852
69480.0,0.37228598510534755,0.3708314971185996,0.36663170601368983,0.3595888498365817,0.3497330946183337,0.33701930122355256,0.3212848788369421,0.30244530914689394,0.28019480514812073,0.25383026745174997,0.22199928375175995,0.18088525280747278,0.09981125012371146,,,,,,,,,0.08203187966583203
69540.0,0.371863940845099,0.37041181041282134,0.36621874947949773,0.35918715907499604,0.3493470146884523,0.3366529554019066,0.320942607296487,0.3021311494340903,0.27991277348073507,0.2535842334837164,0.22179415964888713,0.18072700105030795,0.09967637623765087,,,,,,,,,0.08195254034677997
69600.0,0.37144296311398656,0.3699931836166354,0.3658068340098064,0.3587864779027014,0.34896190093087065,0.3362875212277545,0.32060118142958827,0.30181775920203846,0.2796314254673417,0.25333878868177034,0.22158952050480887,0.1805691208302612,0.09954178055551101,,,,,,,,,0.08187347218393715
69660.0,0.3710230483045571,0.36957561314579335,0.3653959560862197,0.35838680291113395,0.3485777500879807,0.33592299563199585,0.3202605983940675,0.30150513586869465,0.2793507588159588,0.2530939310682496,0.2213853646778206,0.18041161084449378,0.09940746212834746,,,,,,,,,0.08179467406143032
69720.0,0.37060419282371615,0.36915909543031267,0.36498611220434657,0.35798813070530283,0.34819455891516204,0.3355593755577987,0.3199208553591591,0.30119327686244785,0.2790707712439311,0.25284965867359255,0.2211816905330054,0.1802544697957545,0.09927342001157903,,,,,,,,,0.08171614486819917
69780.0,0.370186393092667,0.36874362691441465,0.3645772988737393,0.35759045790373273,0.3478123241807259,0.3351966579605447,0.3195819495054582,0.30088217962207064,0.2787914604778864,0.25260596953629827,0.2209784964422035,0.18009769639236026,0.0991396532649784,,,,,,,,,0.08163788349798988
69840.0,0.36976964554684494,0.36832920405646413,0.36416951261783537,0.35719378113840433,0.3474310426658592,0.33483483980777856,0.3192438780248705,0.30057184159667255,0.2785128242536877,0.25236286170288824,0.22077578078398397,0.1799412893481779,0.0990061609526608,,,,,,,,,0.08155988884934814
69900.0,0.3693539466358579,0.3679158233289058,0.3637627499738955,0.35679809705469684,0.34705071116456965,0.33447391807915305,0.31890663812056247,0.30026226024565084,0.27823486031639083,0.25212033322786725,0.2205735419436143,0.17978524738260485,0.09887294214307113,,,,,,,,,0.08148215982561062
69960.0,0.368939292823426,0.36750348121820403,0.3633570074929447,0.3564034023113295,0.34667132648362986,0.3341138897663787,0.31857022700691123,0.2999534330386448,0.2779575664202004,0.25187838217368447,0.22037177831303184,0.17962956922054926,0.09873999590897277,,,,,,,,,0.08140469533489605
70020.0,0.36852568058731494,0.36709217422478224,0.36295228173971167,0.3560096935803047,0.34629288544252257,0.33375475187316905,0.31823464190945483,0.29964535745548576,0.2776809403284236,0.251637006610697,0.2201704882908142,0.17947425359241098,0.09860732132743281,,,,,,,,,0.08132749429009528
70080.0,0.3681131064192805,0.36668189886296154,0.36254856929257057,0.35561696754685024,0.34591538487338613,0.333396501415191,0.3178998800648416,0.29933803098615325,0.27740497981343026,0.2513962046171292,0.21996967028215098,0.17931929923406104,0.09847491747981028,,,,,,,,,0.0812505556088615
70140.0,0.3677015668250048,0.36627265166090106,0.3621458667434799,0.3552252209093626,0.3455388216209599,0.3330391354200111,0.3175659387207831,0.29903145113072493,0.2771296826566062,0.2511559742790388,0.21976932269881405,0.17916470488682165,0.09834278345173832,,,,,,,,,0.08117387821359826
70200.0,0.36729105832403564,0.3658644291605366,0.36174417069792786,0.3548344503793506,0.3451631925425299,0.3326826509270446,0.31723281513600177,0.29872561539933323,0.27685504664831223,0.2509163136902774,0.21956944395912972,0.1790104692974449,0.09821091833311224,,,,,,,,,0.08109746103144864
70260.0,0.36688157744972805,0.36545722791752255,0.3613434777748684,0.3544446526813769,0.34478849450787363,0.33232704498750315,0.31690050658018426,0.2984205213121167,0.27658106958784257,0.2506772209524547,0.2193700324879491,0.17885659121809308,0.09807932121807256,,,,,,,,,0.08102130299428265
70320.0,0.3664731207491814,0.3650510445011712,0.3609437846066666,0.3540558245530036,0.344414724399207,0.331972314664343,0.3165690103339321,0.29811616639917554,0.27630774928337987,0.25043869417490267,0.2191710867166206,0.17870306940631703,0.09794799120498847,,,,,,,,,0.08094540303868436
70380.0,0.3660656847831837,0.36464587549439403,0.3605450878390405,0.35366796274473583,0.3440418791111312,0.33161845703221615,0.3162383236887119,0.2978125482005242,0.276035083551955,0.25020073147463745,0.21897260508296057,0.17854990262503484,0.09781692739644329,,,,,,,,,0.08086976010593966
70440.0,0.3656592661261493,0.3642417174936419,0.3601473841310017,0.35328106401996473,0.3436699555505779,0.3312654691774161,0.3159084439468084,0.29750966426604797,0.2757630702194061,0.24996333097632503,0.21877458603122518,0.17839708964251139,0.0976861288992158,,,,,,,,,0.08079437314202155
70500.0,0.36525386136606025,0.36383856710884854,0.3597506701547989,0.35289512515491345,0.3432989506367573,0.33091334819782897,0.31557936842127493,0.2972075121554565,0.2754917071203354,0.24972649081224524,0.21857702801208265,0.17824462923233636,0.09755559482426507,,,,,,,,,0.08071924109757689
70560.0,0.36484946710440785,0.3634364209633702,0.3593549425958608,0.35251014293858,0.34292886130110267,0.33056209120288377,0.3152510944358869,0.2969060894382382,0.27522099209807,0.2494902091222558,0.2183799294825847,0.17809252017340232,0.09742532428671084,,,,,,,,,0.08064436292791198
70620.0,0.3644460799561354,0.3630352756939277,0.35896019815273933,0.35212611417268475,0.3425596844872206,0.3302116953134982,0.3149236193250932,0.2966053936936164,0.2749509230046203,0.24925448405375875,0.2181832889061384,0.17794076124988334,0.09729531640581791,,,,,,,,,0.08056973759297793
70680.0,0.3640436965495768,0.36263512795054903,0.3585664335370509,0.35174303567161186,0.34219141715083545,0.3298621576620323,0.3145969404339676,0.2963054225105053,0.27468149770063843,0.24901931376166236,0.2179871047524785,0.17778935125121328,0.09716557030497744,,,,,,,,,0.08049536405735555
70740.0,0.36364231352640247,0.3622359743965127,0.3581736454734238,0.35136090426235816,0.3418240562597392,0.329513475392237,0.31427105511816356,0.29600617348746444,0.27441271405538026,0.24878469640835005,0.21779137549763863,0.17763828897206363,0.09703608511168778,,,,,,,,,0.0804212412902401
70800.0,0.36324192754155815,0.3618378117082893,0.3577818306994389,0.3509797167844765,0.34145759879373716,0.3291656456592033,0.3139459607438657,0.29570764423265594,0.2741445699466639,0.24855063016364373,0.21759609962392537,0.17748757321232167,0.09690685995753869,,,,,,,,,0.0803473682654259
70860.0,0.3628425352632107,0.3614406365754832,0.35739098596557406,0.35059947009002207,0.3410920417445972,0.32881866562931483,0.3136216546877421,0.2954098323637991,0.27387706326083056,0.2483171132047701,0.21740127561988865,0.17733720277706833,0.09677789397819028,,,,,,,,,0.08027374396129058
70920.0,0.36244413337268777,0.3610444457007797,0.35700110803515045,0.35022016104349857,0.34072738211599735,0.3284725324801955,0.3132981343368998,0.29511273550812867,0.2736101918927054,0.24808414371632675,0.21720690198029494,0.17718717647655524,0.0966491863133557,,,,,,,,,0.08020036736077893
70980.0,0.36204671856442305,0.36064923579988456,0.3566121936842742,0.3498417865218046,0.34036361692347455,0.3281272434006629,0.3129753970888365,0.29481635130235073,0.2733439537455567,0.2478517198902481,0.21701297720610008,0.177037493126184,0.09652073610678145,,,,,,,,,0.08012723745138695
71040.0,0.3616502875458989,0.36025500360147006,0.356224239701784,0.34946434341417987,0.34000074319437334,0.3277827955906776,0.31265344035139375,0.2945206773925994,0.27307834673106024,0.24761983992577188,0.21681949980442092,0.17688815154648238,0.09639254250622942,,,,,,,,,0.08005435322514523
71100.0,0.36125483703759054,0.3598617458471185,0.35583724288919455,0.34908782862215165,0.33963875796779325,0.32743918626129503,0.3123322615427133,0.29422571143439435,0.2728133687692562,0.247388502029406,0.2166264682885085,0.17673915056308295,0.09626460466345678,,,,,,,,,0.07998171367860231
71160.0,0.3608603637729094,0.35946945929126584,0.3554512000606412,0.34871223905948256,0.33927765829454004,0.32709641263461736,0.3120118580911891,0.2939314510925979,0.27254901778851515,0.24715770441489476,0.21643388117772122,0.17659048900670024,0.09613692173419754,,,,,,,,,0.0799093178128084
71220.0,0.360466864498148,0.3590781407011471,0.35506610804282807,0.3483375716521166,0.3389174412370725,0.32675447194374335,0.3116922274354225,0.2936378940413735,0.2722852917254967,0.2469274453031865,0.21624173699749702,0.1764421657131088,0.09600949287814291,,,,,,,,,0.07983716463329796
71280.0,0.36007433597242294,0.3586877868567404,0.3546819636749719,0.3479638233381275,0.3385581038694542,0.32641336143272176,0.31137336702417656,0.2933450379641426,0.27202218852511284,0.24669772292239997,0.21605003427932587,0.17629417952312024,0.09588231725892189,,,,,,,,,0.07976525315007317
71340.0,0.3596827749676197,0.35829839455071233,0.3542987638087479,0.34759099106766583,0.3381996432773013,0.3260730783565032,0.31105527431633084,0.2930528805535427,0.2717597061404901,0.24646853550779232,0.21585877156072422,0.17614652928256064,0.09575539404408209,,,,,,,,,0.07969358237758656
71400.0,0.35929217826834087,0.357909960588364,0.35391650530823665,0.3472190718029072,0.3378420565577333,0.3257336199808914,0.31073794678083716,0.2927614195113874,0.2714978425329318,0.24623988130172625,0.21566794738520695,0.1759992138422488,0.09562872240506981,,,,,,,,,0.07962215133472364
71460.0,0.3589025426718462,0.35752248178757473,0.35353518504987086,0.34684806251799843,0.3374853408193227,0.32539498358249597,0.3104213818966728,0.2924706525486227,0.2712365956718806,0.2460117585536378,0.21547756030226092,0.17585223205797323,0.09550230151721072,,,,,,,,,0.07955095904478571
71520.0,0.35851386498800236,0.3571359549787498,0.35315479992238175,0.3464779601990098,0.3371294931820459,0.3250571664486858,0.3101055771527982,0.292180577385287,0.270975963534881,0.24578416552000446,0.21528760886731843,0.17570558279047033,0.0953761305596907,,,,,,,,,0.07948000453547255
71580.0,0.3581261420392259,0.3567503770047653,0.35277534682674594,0.3461087618438794,0.33677451077723236,0.32472016587754043,0.30979053004811147,0.2918911917504702,0.27071594410754524,0.24555710046431267,0.2150980916417297,0.17555926490540097,0.09525020871553569,,,,,,,,,0.07940928683886485
71640.0,0.35773937066043054,0.3563657447209142,0.35239682267613254,0.3457404644623643,0.33642039074751673,0.3243839791778048,0.30947623809140423,0.2916024933822727,0.27045653538351183,0.2453305616570268,0.2149090071927374,0.17541327727332848,0.09512453517159215,,,,,,,,,0.07933880499140637
71700.0,0.35735354769897265,0.35598205499485414,0.3520192243958509,0.34537306507598825,0.3360671302467889,0.3240486036688413,0.3091626988013172,0.2913144800277638,0.2701977353644132,0.24510454737555692,0.21472035409345017,0.175267618769697,0.09499910911850759,,,,,,,,,0.0792685580338864
71760.0,0.35696867001459887,0.35559930470655277,0.3516425489232985,0.3450065607179917,0.33571472644014516,0.32371403668058263,0.3088499097062984,0.2910271494429431,0.26993954205983767,0.24487905590422743,0.21453213092281506,0.17512228827480783,0.09487392975071038,,,,,,,,,0.0791985450114221
71820.0,0.3565847344793896,0.3552174907482353,0.35126679320790777,0.3446409484332805,0.33536317650383934,0.3233802755534873,0.3085378683445573,0.2907404993926994,0.26968195348729385,0.2446540855342457,0.21434433626559296,0.1749772846737978,0.09474899626639115,,,,,,,,,0.07912876497344085
71880.0,0.35620173797771,0.35483661002433226,0.35089195421109487,0.3442762252783763,0.33501247762523556,0.3230473176384933,0.30822657226402256,0.29045452765077073,0.26942496767217433,0.24442963456367153,0.21415696871233106,0.17483260685661678,0.09462430786748202,,,,,,,,,0.07905921697366217
71940.0,0.3558196774061548,0.3544566594514254,0.3505180289062091,0.3439123883213646,0.33466262700275823,0.3227151602969693,0.30791601902229926,0.2901692319997057,0.2691685826477208,0.24420570129738556,0.2139700268593375,0.17468825371800561,0.09449986375963873,,,,,,,,,0.07898990007008011
72000.0,0.35543854967349586,0.35407763595819725,0.3501450142784799,0.3435494346418474,0.3343136218458451,0.32238380090067204,0.307606206186625,0.28988461023082185,0.2689127964549868,0.24398228404705852,0.21378350930865525,0.17454422415747317,0.09437566315221792,,,,,,,,,0.07892081332494487
72060.0,0.35505835170062977,0.35369953648537755,0.34977290732496524,0.3431873613308908,0.3339654593748988,0.3220532368317001,0.3072971313338283,0.28960066014416774,0.26865760714280473,0.24375938113112106,0.21359741466803608,0.17440051707927456,0.0942517052582609,,,,,,,,,0.07885195580474579
72120.0,0.3546790804205262,0.3533223579856926,0.3494017050545032,0.34282616549097744,0.3336181368212393,0.3217234654824477,0.3069887920502858,0.2893173795484852,0.26840301276774975,0.24353699087473213,0.21341174155091494,0.17425713139238927,0.09412798929447229,,,,,,,,,0.07878332658019255
72180.0,0.3543007327781743,0.35294609742381206,0.34903140448765846,0.34246584423595544,0.3332716514270573,0.3213944842555596,0.3066811859318794,0.2890347662611672,0.2681490113941048,0.24331511160975036,0.21322648857638418,0.1741140660104985,0.09400451448120051,,,,,,,,,0.07871492472619775
72240.0,0.3539233057305351,0.3525707517762991,0.34866200265667274,0.3421063946909912,0.33292600044536547,0.3210662905638883,0.3063743105839539,0.2887528181082219,0.2678956010938266,0.24309374167470202,0.21304165436916794,0.1739713198519632,0.09388128004241886,,,,,,,,,0.07864674932185843
72300.0,0.3535467962464842,0.3521963180315581,0.3482934966054157,0.3417478139925185,0.3325811811399533,0.32073888183044624,0.3060681636212771,0.28847153292423267,0.267642779946509,0.24287287941475216,0.21285723755959665,0.17382889183980224,0.09375828520570578,,,,,,,,,0.07857879945043875
72360.0,0.35317120130676494,0.35182279318978465,0.34792588338933234,0.34139009928819153,0.3322371907853377,0.32041225548836283,0.30576274266799636,0.28819090855232077,0.2673905460393508,0.24265252318167432,0.21267323678358174,0.17368678090166978,0.09363552920222622,,,,,,,,,0.07851107419935141
72420.0,0.35279651790393607,0.35145017426291425,0.34755916007539583,0.3410332477368348,0.33189402666671897,0.32008640898084073,0.3054580453575972,0.2879109428441068,0.2671388974671222,0.24243267133382088,0.2124896506825905,0.17354498596983417,0.09351301126671058,,,,,,,,,0.07844357266014025
72480.0,0.3524227430423192,0.35107845827457174,0.34719332374205547,0.34067725650839636,0.3315516860799337,0.3197613397611106,0.3051540693328628,0.2876316336596721,0.2668878323321278,0.24221332223609313,0.21230647790362026,0.1734035059811562,0.09339073063743704,,,,,,,,,0.07837629392846174
72540.0,0.352049873737952,0.35070764226002105,0.346828371479189,0.3403221227838986,0.3312101663314071,0.3194370452923875,0.3048508122458324,0.28735297886752253,0.2666373487441758,0.24199447425991194,0.21212371709917396,0.1732623398770662,0.09326868655621168,,,,,,,,,0.07830923710406723
72600.0,0.35167790701853396,0.3503377232661149,0.34646430038805204,0.33996784375539085,0.33086946473810835,0.31911352304782853,0.30454827175776017,0.2870749763445489,0.26638744482054244,0.24177612578318855,0.21194136692723448,0.17312148660354304,0.09314687826834897,,,,,,,,,0.07824240129078522
72660.0,0.3513068399233791,0.34996869835124694,0.3461011075812306,0.3396144166259018,0.3305295786275052,0.3187907705104874,0.3042464455390761,0.2867976239759921,0.26613811868593873,0.24155827519029552,0.21175942605124054,0.17298094511109255,0.09302530502265313,,,,,,,,,0.07817578559650278
72720.0,0.3509366695033638,0.3496005645852979,0.3457387901825905,0.3392618386093925,0.33019050533751665,0.3184687851732716,0.3039453312693428,0.2865209196554047,0.26588936847247835,0.24134092087203726,0.21157789314006104,0.17284071435472556,0.09290396607139939,,,,,,,,,0.07810938913314847
72780.0,0.35056739282087823,0.349233319049591,0.3453773453272295,0.338910106930707,0.32985224221646947,0.3181475645388995,0.3036449266372185,0.2862448612846133,0.26564119231964434,0.24112406122562116,0.2113967668679713,0.17270079329393648,0.09278286067031392,,,,,,,,,0.07804321101667402
72840.0,0.35019900694977757,0.34886695883683955,0.34501677016142973,0.33855921882552803,0.32951478662305167,0.3178271061198584,0.3033452293404136,0.2859694467736829,0.2653935883742547,0.24090769465462908,0.21121604591462742,0.17256118089268155,0.09266198807855602,,,,,,,,,0.07797725036703639
72900.0,0.34983150897533144,0.3485014810510985,0.34465706184260864,0.33820917154032915,0.32917813592626805,0.31750740743836064,0.30304623708565376,0.2856946740408794,0.26514655479043026,0.2406918195689889,0.21103572896504222,0.17242187611935864,0.09254134755869833,,,,,,,,,0.07791150630817975
72960.0,0.34946489599417563,0.34813688280771665,0.3442982175392712,0.33785996233232707,0.3288422875053954,0.317188466026301,0.30274794758863777,0.285420541012634,0.26490008972956397,0.24047643438494512,0.21085581470956086,0.172282877946784,0.09242093837670881,,,,,,,,,0.07784597796801833
73020.0,0.34909916511426303,0.34777316123328744,0.3439402344309622,0.33751158846943746,0.3285072387499378,0.31687027942521534,0.3024503585739995,0.2851470456235069,0.2646541913602848,0.2402615375250311,0.2106763018438369,0.17214418535217277,0.09230075980193153,,,,,,,,,0.07778066447841774
73080.0,0.34873431345481337,0.3474103134656011,0.34358310970821826,0.3371640472302255,0.3281729870595822,0.3165528451862374,0.3021534677752687,0.28487418581615076,0.26440885785842866,0.24004712741804132,0.21049718906880732,0.1720057973171166,0.09218081110706827,,,,,,,,,0.07771556497517806
73140.0,0.3483703381462691,0.34704833665359497,0.34322684057252173,0.3368173359038644,0.32783952984415426,0.3162361608700583,0.30185727293483056,0.28460195954127565,0.2641640874070042,0.23983320249900214,0.2103184750906688,0.17186771282756286,0.09206109156815945,,,,,,,,,0.0776506785980152
73200.0,0.34800723633024255,0.3466872279573079,0.34287142423625194,0.33647145179008436,0.32750686452357436,0.3159202240468832,0.3015617718038877,0.2843303647576119,0.2639198781961628,0.2396197612091448,0.21014015862085378,0.1717299308737945,0.09194160046456658,,,,,,,,,0.07758600449054422
73260.0,0.3476450051594702,0.34632698454783106,0.3425168579226407,0.3361263921991312,0.3271749885278134,0.3156050322963901,0.30126696214242155,0.2840593994318758,0.26367622842316424,0.23940680199587708,0.20996223837600658,0.1715924504504076,0.09182233707895315,,,,,,,,,0.07752154180026105
73320.0,0.3472836417977656,0.34596760360726053,0.3421631388657216,0.33578215445171933,0.3268438992968509,0.3152905832076906,0.3009728417191534,0.283789061538734,0.26343313629234766,0.23919432331275559,0.2097847130779591,0.17145527055629187,0.09170330069726623,,,,,,,,,0.07745728967852453
73380.0,0.34692314341996966,0.3456090823286503,0.3418102643102879,0.3354387358789855,0.326513594280629,0.3149768743792851,0.3006794083115059,0.2835193490607688,0.2631906000150982,0.23898232361945856,0.20960758145370792,0.1713183901946087,0.09158449060871858,,,,,,,,,0.07739324728053998
73440.0,0.34656350721190476,0.34525141791596525,0.3414582315118433,0.3350961338224466,0.3261840709390111,0.31466390341902456,0.30038665970556516,0.28325025998844205,0.2629486178098166,0.23877080138175782,0.20943084223538952,0.17118180837277142,0.0914659061057704,,,,,,,,,0.07732941376534051
73500.0,0.3462047303703272,0.34489460758403384,0.3411070377365571,0.33475434563395134,0.3258553267417379,0.31435166794407005,0.30009459369604274,0.2829817923200615,0.2627071879018872,0.23855975507149163,0.20925449416025846,0.1710455241024239,0.09134754648411093,,,,,,,,,0.07726578829577
73560.0,0.3458468101028802,0.3445386485585026,0.34075668026121775,0.33441336867563853,0.32552735916838577,0.31404016558084885,0.29980320808623734,0.2827139440617447,0.2624663085236472,0.23834918316653836,0.20907853597066203,0.17090953639942094,0.0912294110426409,,,,,,,,,0.07720237003846553
73620.0,0.34548974362804785,0.3441835380757878,0.3404071563731873,0.334073200319891,0.3252001657083225,0.3137293939650186,0.29951250068799806,0.2824467132273868,0.26222597791435687,0.23813908415078794,0.20890296641401832,0.17077384428380685,0.0911114990834544,,,,,,,,,0.07713915816384043
73680.0,0.3451335281751067,0.3438292733830303,0.34005846337035683,0.33373383794929257,0.3248737438606662,0.31341935074142313,0.29922246932168556,0.2821800978386242,0.26198619432016773,0.23792945651411612,0.20872778424279276,0.17063844677979562,0.09099380991182095,,,,,,,,,0.07707615184606638
73740.0,0.34477816098408287,0.3434758517380499,0.33971059856109903,0.3333952789565832,0.3245480911342422,0.3131100335640544,0.2989331118161361,0.2819140959248009,0.2617469559940909,0.237720298752357,0.20855298821447443,0.17050334291575056,0.09087634283616797,,,,,,,,,0.07701335026305622
73800.0,0.3444236393057013,0.3431232704092991,0.33936355926422546,0.33305752074461503,0.3242232050475417,0.31280144009601313,0.29864442600862323,0.2816487055229346,0.26150826119596965,0.2375116093672765,0.2083785770915537,0.17036853172416377,0.09075909716806257,,,,,,,,,0.07695075259644692
73860.0,0.3440699604013443,0.3427715266758165,0.33901734280894,0.3327205607263103,0.3238990831286796,0.3124935680094669,0.29835640974482225,0.2813839246776838,0.26127010819244595,0.23730338686654626,0.20820454964149857,0.17023401224163695,0.09064207222219489,,,,,,,,,0.07688835803158221
73920.0,0.34371712154300227,0.34242061782718314,0.33867194653479515,0.33238439632461486,0.32357572291535214,0.31218641498561345,0.2980690608787729,0.28111975144131346,0.26103249525693195,0.23709562976371643,0.2080309046367334,0.17009978350885993,0.09052526731636003,,,,,,,,,0.07682616575749539
73980.0,0.34336512001323116,0.3420705411634754,0.33832736779164635,0.3320490249724589,0.3232531219547969,0.3118799787146402,0.2977823772728407,0.28085618387366046,0.2607954206695803,0.23688833657818958,0.20785764085461395,0.169965844570592,0.09040868177144018,,,,,,,,,0.07676417496689222
74040.0,0.3430139531051047,0.34172129399522083,0.3379836039396092,0.3317144441127104,0.32293127780374997,0.31157425689568374,0.297496356797684,0.2805932200421014,0.2605588827172533,0.23668150583519484,0.2076847570774067,0.16983219447564157,0.09029231491138835,,,,,,,,,0.07670238485613423
74100.0,0.34266361812217094,0.34137287364335456,0.33764065234901464,0.3313806511981344,0.32261018802840585,0.31126924723679317,0.2972109973322158,0.28033085802152047,0.26032287969349405,0.2364751360657619,0.20751225209226568,0.1696988322768461,0.09017616606321109,,,,,,,,,0.07664079462522111
74160.0,0.3423141123784058,0.34102527743917194,0.33729851040036435,0.33104764369135004,0.32228985020437684,0.3109649474548898,0.2969262967635677,0.28006909589427426,0.2600874098984958,0.23626922580669418,0.20734012469120958,0.16956575703105312,0.09006023455694978,,,,,,,,,0.07657940347777424
74220.0,0.3419654331981702,0.3406785027242856,0.33695717548428855,0.3307154190647868,0.3219702619166505,0.31066135527573063,0.296642252987054,0.27980793175016005,0.2598524716390732,0.23606377360054395,0.20716837367110005,0.16943296779910005,0.08994451972566544,,,,,,,,,0.07651821062101964
74280.0,0.3416175779161634,0.3403325468505816,0.33661664500150085,0.3303839748006438,0.3216514207595509,0.310358468433866,0.2963588639061368,0.27954736368638344,0.2596180632286337,0.2358587779955864,0.20699699783361936,0.1693004636457947,0.08982902090542111,,,,,,,,,0.07645721526577125
74340.0,0.3412705438773811,0.3399874071801748,0.336276916362756,0.3300533083908469,0.3213333243366976,0.31005628467260654,0.29607612743238926,0.27928738980752515,0.2593841829871467,0.2356542375457932,0.20682599598524792,0.16916824363989658,0.08971373743526408,,,,,,,,,0.07639641662641397
74400.0,0.3409243284370692,0.33964308108536495,0.33593798698880695,0.32972341733700705,0.32101597026096523,0.3097548017439808,0.295794041485461,0.279028008225509,0.25915082924111643,0.2354501508108086,0.20665536693724304,0.1690363068540966,0.08959866865721124,,,,,,,,,0.07633581392088715
74460.0,0.34057892896068065,0.3392995659485924,0.33559985431036005,0.3293942991503785,0.32069935615444417,0.30945401740869943,0.2955126039930428,0.2787692170595695,0.2589180003235517,0.23524651635592309,0.20648510950561644,0.16890465236499821,0.08948381391623036,,,,,,,,,0.07627540637066796
74520.0,0.3402343428238333,0.33895685916239643,0.3352625157680347,0.3290659513518175,0.32038347964840047,0.30915392943611797,0.29523181289083084,0.27851101443622006,0.25868569457393736,0.2350433327520478,0.2063152225111124,0.1687732792530987,0.08936917256022432,,,,,,,,,0.07621519320075447
74580.0,0.3398905674122614,0.3386149581293696,0.3349259688123197,0.3287383714717406,0.32006833838323506,0.3088545356041977,0.29495166612249335,0.2782533984892209,0.25845391033820664,0.23484059857569048,0.2061457047791861,0.16864218660276983,0.08925474394001433,,,,,,,,,0.07615517363964953
74640.0,0.339547600121779,0.3382738602621169,0.33459021090353047,0.32841155705008324,0.31975393000844693,0.3085558336994697,0.2946721616396338,0.27799636735954697,0.25822264596871175,0.23463831240892938,0.20597655513998242,0.16851137350223808,0.089140527409324,,,,,,,,,0.07609534691934397
74700.0,0.33920543835823097,0.33793356298321137,0.3342552395117674,0.3280855056362598,0.3194402521825909,0.3082578215169966,0.29439329740175785,0.27773991919535784,0.25799189982419585,0.2344364728393889,0.20580777242831425,0.1683808390435668,0.08902652232476269,,,,,,,,,0.07603571227530044
74760.0,0.3388640795374549,0.33759406372515127,0.33392105211687373,0.32776021478912215,0.3191273025732406,0.30796049686033683,0.29411507137623843,0.2774840521519635,0.25776167026976415,0.23423507846021532,0.20563935548364054,0.16825058232263732,0.08891272804580924,,,,,,,,,0.07597626894643696
74820.0,0.33852352108523304,0.337255359930319,0.3335876462083939,0.32743568207691903,0.3188150788569481,0.30766385754150727,0.2938374815382817,0.27722876439179567,0.25753195567685855,0.23403412787005157,0.20547130315004564,0.16812060243912955,0.08879914393479582,,,,,,,,,0.07591701617511024
74880.0,0.3381837604372541,0.336917449050937,0.3332550192855314,0.32711190507725574,0.3185035787192064,0.30736790138094555,0.2935605258708928,0.27697405408437564,0.2573027544232254,0.2338336196730123,0.20530361427621766,0.1679908984965043,0.08868576935689224,,,,,,,,,0.07585795320710041
74940.0,0.33784479503906967,0.33658032854902686,0.33292316885710843,0.3267888813770536,0.31819279985441035,0.30707262620747555,0.2932842023648416,0.2767199194062829,0.2570740648928917,0.2336335524786602,0.205136287715428,0.16786146960198395,0.08857260368008951,,,,,,,,,0.07579907929159398
75000.0,0.3375066223460493,0.3362439958963667,0.3325920924415231,0.3264666085725103,0.31788273996581806,0.30677802985826996,0.2930085090186295,0.27646635854112517,0.25684588547613446,0.23343392490198173,0.2049693223255091,0.1677323148665344,0.08845964627518425,,,,,,,,,0.07574039368116807
75060.0,0.3371692398233437,0.33590844857444935,0.33226178756670915,0.3261450842690606,0.31757339676551327,0.3064841101788134,0.2927334438384559,0.27621336967950677,0.2566182145694555,0.23323473556336238,0.20480271696883492,0.1676034334048466,0.08834689651576239,,,,,,,,,0.07568189563177408
75120.0,0.33683264494583715,0.33557368407444116,0.3319322517700963,0.3258243060813354,0.3172647679743662,0.3061908650228685,0.2924590048381841,0.275960951018999,0.25639105057555295,0.2330359830885627,0.20463647051229925,0.16747482433531855,0.08823435377818464,,,,,,,,,0.07562358440272225
75180.0,0.3364968351981107,0.3352396998971406,0.331603482598566,0.3255042716331222,0.31695685132199725,0.3058982922524382,0.292185190039308,0.27570910076410815,0.25616439190329393,0.23283766610869466,0.20447058182729522,0.16734648678003644,0.08812201744156963,,,,,,,,,0.0755654592566653
75240.0,0.3361618080743961,0.334906493552936,0.33127547760841575,0.32518497855732775,0.31664964454673794,0.3056063897377311,0.2919119974709204,0.275457817126247,0.25593823696768747,0.23263978326019769,0.20430504978969447,0.1672184198647574,0.08800988688777894,,,,,,,,,0.07550751945958263
75300.0,0.3358275610785403,0.33457406256176614,0.33094823436531473,0.3248664244959364,0.3163431453955937,0.30531515535712594,0.29163942516967833,0.2752070983237041,0.2557125841898581,0.23244233318481478,0.2041398732798267,0.16709062271889116,0.08789796150140189,,,,,,,,,0.07544976428076482
75360.0,0.3354940917239582,0.3342424044530785,0.3306217504442655,0.32454860709997196,0.3160373516242078,0.3050245869971358,0.2913674711797702,0.274956942581613,0.2554874319970174,0.2322453145295688,0.20397505118246015,0.16696309447548183,0.0877862406697401,,,,,,,,,0.07539219299279765
75420.0,0.3351613975335951,0.3339115167657879,0.33029602342956343,0.32423152402946026,0.3157322609968223,0.30473468255237374,0.29109613355288516,0.27470734813192343,0.2552627788224394,0.23204872594673948,0.20381058238677943,0.16683583427119034,0.08767472378279141,,,,,,,,,0.07533480487154624
75480.0,0.33482947603988644,0.333581397048237,0.32997105091475737,0.3239151729533889,0.31542787128624156,0.3044454399255172,0.29082541034817855,0.2744583132133712,0.2550386231054325,0.2318525660938391,0.20364646578636655,0.16670884124627733,0.08756341023323581,,,,,,,,,0.0752775991961399
75540.0,0.33449832478471475,0.33325204285815685,0.32964683050260957,0.32359955154966935,0.3151241802737967,0.3041568570272728,0.29055529963223975,0.27420983607144866,0.25481496329131376,0.23165683363359052,0.2034827002791807,0.16658211454458427,0.08745229941642085,,,,,,,,,0.07522057524895655
75600.0,0.33416794131937066,0.3329234517626241,0.3293233598050568,0.3232846575050984,0.3148211857493067,0.30386893177634283,0.29028579947906114,0.27396191495837535,0.2545917978313814,0.2314615272339026,0.20331928476753777,0.16645565331351672,0.08734139073034458,,,,,,,,,0.07516373231560652
75660.0,0.33383832320451506,0.33259562133802256,0.3290006364431701,0.32297048851532023,0.31451888551104434,0.30358166209939047,0.2900169079700048,0.2737145481330676,0.2543691251828899,0.2312666455678479,0.20315621815809046,0.16632945670402702,0.08723068357564225,,,,,,,,,0.0751070696849182
75720.0,0.33350946801013337,0.33226854917000365,0.328678658047117,0.32265704228478875,0.3142172773656981,0.3032950459310038,0.289748623193771,0.27346773386111173,0.25414694380902214,0.2310721873136393,0.202993499361809,0.16620352387059592,0.08712017735557126,,,,,,,,,0.07505058664892195
75780.0,0.3331813733155008,0.33194223285344737,0.3283574222561214,0.3223443165267299,0.3139163591283366,0.303009081213665,0.28948094324636725,0.27322147041473244,0.2539252521788659,0.230878151154608,0.2028311272939604,0.1660778539712163,0.08700987147599665,,,,,,,,,0.07499428250283525
75840.0,0.33285403670914043,0.33161666999242134,0.3280369267184249,0.3220323089631027,0.3136161286223724,0.3027237658977127,0.28921386623107614,0.2729757560727665,0.25370404876738595,0.23068453577917933,0.20266910087408976,0.16595244616737562,0.08689976534537497,,,,,,,,,0.07493815654504697
75900.0,0.3325274557887847,0.33129185820014145,0.3277171690912499,0.32172101732456415,0.3133165836795262,0.30243909794131063,0.2889473902584219,0.2727305891206316,0.25348333205539864,0.23049133988085185,0.20250741902599967,0.16582729962403905,0.08678985837474276,,,,,,,,,0.07488220807710304
75960.0,0.33220162816133453,0.3309677950989345,0.32739814704075876,0.3214104393504293,0.3130177221397917,0.3021550753104126,0.2886815134461431,0.2724859678502995,0.2532631005295471,0.2302985621581729,0.20234608067773155,0.16570241350963166,0.08668014997769892,,,,,,,,,0.07482643640369033
76020.0,0.33187655144282235,0.33064447832019783,0.3270798582420168,0.3211005727886371,0.3127195418513998,0.30187169597872976,0.28841623391915794,0.2722418905602661,0.2530433526822749,0.23010620131471762,0.20218508476154598,0.16557778699602238,0.08657063957039189,,,,,,,,,0.07477084083262261
76080.0,0.331552223258371,0.3303219055043614,0.32676230037895543,0.32079141539571093,0.3124220406707822,0.3015889579276958,0.2881515498095351,0.2719983555555244,0.25282408701180087,0.22991425605906632,0.20202443021390315,0.1654534192585064,0.08646132657150526,,,,,,,,,0.07471542067482478
76140.0,0.331228641242156,0.3300000743008488,0.326445471144331,0.32048296493672324,0.31212521646253794,0.3013068591464367,0.2878874592564622,0.2717553611475358,0.25260530202209375,0.22972272510478167,0.20186411597544407,0.1653293094757889,0.08635221040224383,,,,,,,,,0.07466017524431867
76200.0,0.33090580303736783,0.32967898236803905,0.32612936823969113,0.3201752191852582,0.311829067099397,0.30102539763173364,0.2876239604062145,0.2715129056542017,0.2523869962228472,0.2295316071703873,0.20170414099097098,0.165205456829968,0.0862432904863183,,,,,,,,,0.07460510385820748
76260.0,0.33058370629617073,0.3293586273732284,0.32581398937533385,0.3198681759233764,0.31153359046218615,0.30074457138799315,0.2873610514121263,0.2712709873998362,0.2521691681294551,0.2293409009793454,0.20154450420942893,0.16508186050651866,0.08613456624993288,,,,,,,,,0.07455020583666183
76320.0,0.33026234867966786,0.3290390069925918,0.32549933227027245,0.31956183294157714,0.31123878443979447,0.30046437842721385,0.287098730434558,0.27102960471513715,0.2519518162629856,0.22915060526003447,0.2013852045838861,0.16495851969427575,0.08602603712177005,,,,,,,,,0.07449548050290447
76380.0,0.32994172785786063,0.32872011891114555,0.32518539465219604,0.31925618803876366,0.31094464692913815,0.3001848167689522,0.28683699564086795,0.2707887559371606,0.251734939150157,0.2289607187457286,0.20122624107151574,0.16483543358541747,0.08591770253297815,,,,,,,,,0.07444092718319588
76440.0,0.3296218415096108,0.32840196082270967,0.32487217425743525,0.3189512390222062,0.3106511758351257,0.2999058844402913,0.2865758452053801,0.27054843940929085,0.2515184358914797,0.22877124017457448,0.20106761263357642,0.16471260137544957,0.08580956191715529,,,,,,,,,0.07438654520681943
76500.0,0.3293026873226055,0.32808453042986985,0.3245596688309232,0.3186469837075064,0.3103583690706256,0.299627579475809,0.2863152773093554,0.2703086534812143,0.2513022646749218,0.22858216828957043,0.20090931823539443,0.16459002226318845,0.08570161471033802,,,,,,,,,0.07433233390606742
76560.0,0.32898426299331657,0.32776782544394095,0.32424787612615913,0.3183434199185627,0.31006622455642974,0.29934989991754457,0.2860552901409632,0.2700693965088915,0.25108656428639375,0.22839350183854534,0.2007513568463446,0.1644676954507457,0.0855938603509864,,,,,,,,,0.0742782926162259
76620.0,0.32866656622696333,0.3274518435849282,0.32393679390517294,0.3180405454875338,0.30977474022122137,0.2990728438149675,0.2857958818952481,0.2698306668545312,0.250871333273565,0.2282052395741365,0.2005937274398317,0.16434562014351084,0.08548629827997084,,,,,,,,,0.07422442067556112
76680.0,0.3283495947374778,0.3271365825814924,0.3236264199384883,0.3177383582548033,0.30948391400154046,0.29879640922494505,0.28553705077410285,0.26959246288656236,0.2506565701896371,0.2280173802537687,0.20043642899327238,0.1642237955501368,0.08537892794055871,,,,,,,,,0.07417071742530448
76740.0,0.3280333462474643,0.3268220401709114,0.32331675200508486,0.31743685606894545,0.3091937438417508,0.2985205942117106,0.28527879498623776,0.2693547829796071,0.25044227359332044,0.22782992263963245,0.20027946048807685,0.16410222088252283,0.08527174877840066,,,,,,,,,0.07411718220963869
76800.0,0.32771781848816584,0.326508214099043,0.32300778789236506,0.3171360367866901,0.3089042276940054,0.29824539684683293,0.2850211127471523,0.26911762551445434,0.2502284420488107,0.22764286549866408,0.20012282090963074,0.16398089535579918,0.08516476024151864,,,,,,,,,0.07406381437568357
76860.0,0.3274030091994249,0.3261951021202907,0.32269952539611624,0.31683589827288683,0.3086153635182142,0.29797081520918367,0.2847640022791057,0.26888098887803324,0.25001507412576324,0.2274562076025234,0.19996650924727627,0.16385981818831108,0.08505796178029024,,,,,,,,,0.0740106132734816
76920.0,0.32708891612964786,0.32588270199756497,0.32239196232047534,0.3165364384004714,0.30832714928201077,0.29769684738490587,0.2845074618110868,0.2686448714633854,0.24980216839927077,0.22726994772757397,0.19981052449429507,0.16373898860160307,0.08495135284743781,,,,,,,,,0.07395757825598426
76980.0,0.32677553703576834,0.32557101150224826,0.32208509647789396,0.31623765505043067,0.3080395829607185,0.297423491467384,0.28425148957878693,0.26840927166964096,0.24958972344983865,0.22708408465486135,0.19965486564788978,0.1636184058204039,0.08484493289801462,,,,,,,,,0.07390470867903794
77040.0,0.32646286968321075,0.32526002841415924,0.3217789256891018,0.31593954611176883,0.30775266253731903,0.2971507455572129,0.2839960838245688,0.2681741879019897,0.24937773786336254,0.22689861717009305,0.1994995317091663,0.16349806907261008,0.08473870138939191,,,,,,,,,0.07385200390136996
77100.0,0.3261509118458543,0.3249497505215151,0.3214734477830721,0.3156421094814724,0.30746638600241805,0.2968786077621652,0.28374124279743973,0.26793961857165643,0.24916621023110422,0.2267135440636172,0.19934452168311567,0.16337797758927147,0.08463265778124578,,,,,,,,,0.0737994632845744
77160.0,0.32583966130599784,0.3246401756208979,0.32116866059698657,0.31534534306447726,0.3071807513542143,0.29660707619716237,0.28348696475302254,0.2677055620958744,0.24895513914966771,0.2265288641304033,0.19918983457859726,0.1632581306045751,0.08452680153554493,,,,,,,,,0.0737470861930988
77220.0,0.3255291158543224,0.324331301517218,0.3208645619762007,0.31504924477363383,0.30689575659846613,0.2963361489842431,0.28323324795352717,0.2674720168978593,0.24874452322097668,0.22634457617002057,0.19903546940832012,0.16313852735582995,0.08442113211653712,,,,,,,,,0.07369487199423022
77280.0,0.3252192732898575,0.32402312602367866,0.32056114977420835,0.3147538125296739,0.3066113997484594,0.29606582425253364,0.282980090667722,0.2672389814067841,0.2485343610522516,0.2261606789866181,0.198881425188826,0.16301916708345232,0.08431564899073812,,,,,,,,,0.07364282005808144
77340.0,0.32491013141994396,0.32371564696174077,0.32025842185260794,0.3144590442611765,0.3063276788249757,0.2957961001382168,0.28272749117090684,0.267006454057753,0.2483246512559861,0.225977171388905,0.19872770094047187,0.1629000490309506,0.08421035162691733,,,,,,,,,0.07359092975757753
77400.0,0.32460168806019973,0.32340886216108894,0.31995637608106675,0.3141649379045354,0.3060445918562602,0.29552697478450274,0.2824754477448828,0.2667744332917748,0.24811539244992428,0.22579405219012924,0.19857429568741258,0.1627811724449097,0.08410523949608635,,,,,,,,,0.07353920046844215
77460.0,0.3242939410344833,0.32310276945959476,0.3196550103372878,0.3138714914039254,0.30576213687798937,0.2952584463415973,0.2822239586779272,0.26654291755573906,0.2479065832570377,0.225611320208059,0.19842120845758368,0.1626625365749762,0.08400031207148596,,,,,,,,,0.07348763156918409
77520.0,0.3239868881748617,0.3227973667032828,0.31935432250697554,0.3135787027112687,0.30548031193324016,0.2949905129666738,0.2819730222647633,0.26631190530239035,0.24769822230550295,0.22542897426496167,0.19826843828268367,0.16254414067384385,0.08389556882857463,,,,,,,,,0.07343622244108393
77580.0,0.32368052732157276,0.3224926517462963,0.31905431048380106,0.3132865697862028,0.3051991150724582,0.29472317282384225,0.2817226368065344,0.26608139499030214,0.24749030822867935,0.22524701318758444,0.19811598419815743,0.16242598399723845,0.08379100924501538,,,,,,,,,0.07338497246818068
77640.0,0.32337485632299046,0.3221886224508632,0.31875497216936893,0.31299509059604724,0.304918544353426,0.2944564240841208,0.2814728006107756,0.26585138508385275,0.2472828396650861,0.22506543580713473,0.19796384524317961,0.16230806580390397,0.08368663280066481,,,,,,,,,0.07333388103725821
77700.0,0.323069873035593,0.32188527668725975,0.318456305473184,0.3127042631157708,0.30463859784123226,0.2941902649254044,0.28122351199138584,0.2656218740532001,0.2470758152583794,0.22488424095926018,0.19781202046063656,0.16219038535558597,0.08358243897755932,,,,,,,,,0.07328294753783247
77760.0,0.32276557532392564,0.3215826123337781,0.31815830831261666,0.3124140853279593,0.30435927360823994,0.2939246935324374,0.2809747692686018,0.2653928603742567,0.2468692336573305,0.22470342748402933,0.19766050889711054,0.16207294191701907,0.08347842725990441,,,,,,,,,0.07323217136213789
77820.0,0.322461961060568,0.3212806272766923,0.31786097861287005,0.31212455522278376,0.30408056973405634,0.29365970809678327,0.2807265707689709,0.26516434252866466,0.2466630935158048,0.22452299422591182,0.19750930960286214,0.16195573475591124,0.08337459713406259,,,,,,,,,0.0731815519051146
77880.0,0.3221590281260999,0.32097931941022456,0.3175643143069473,0.31183567079796665,0.3038024843055024,0.293395306816796,0.2804789148253229,0.2649363190037717,0.24645739349273735,0.22434294003375993,0.19735842163181408,0.16183876314292983,0.08327094808854033,,,,,,,,,0.07313108856439476
77940.0,0.32185677440906646,0.32067868663650967,0.3172683133356176,0.31154743005875146,0.3035250154165795,0.2931314878975904,0.28023179977674434,0.2647087882926058,0.2462521322521129,0.2241632637607879,0.19720784404153507,0.1617220263516872,0.08316747961397834,,,,,,,,,0.0730807807402907
78000.0,0.3215551978059454,0.32037872686556407,0.3169729736473832,0.3112598310178692,0.30324816116844344,0.2928682495510149,0.27998522396855097,0.2644817488938522,0.24604730846294331,0.22398396426455394,0.1970575758932217,0.16160552365872657,0.08306419120313785,,,,,,,,,0.07303062783578079
78060.0,0.32125429622111407,0.3200794380152513,0.316678293198448,0.31097287169550863,0.3029719196693695,0.2926055899956208,0.27973918575226214,0.26425519931182756,0.24584292079924538,0.2238050404069405,0.19690761625168382,0.16148925434350725,0.08296108235089031,,,,,,,,,0.07298062925649716
78120.0,0.3209540675668139,0.31978081801124764,0.31638426995268293,0.3106865501192828,0.30269628903472456,0.2923435074566355,0.2794936834855727,0.2640291380564566,0.2456389679400202,0.2236264910541355,0.19675796418532704,0.1613732176883909,0.08285815255420506,,,,,,,,,0.07293078441071293
78180.0,0.32065450976311877,0.3194828647870112,0.3160909018815959,0.3104008643241988,0.30242126738693725,0.29208200016593283,0.2792487155323288,0.2638035636432474,0.24543544856923036,0.22344831507661395,0.196608618766137,0.16125741297862803,0.08275540131213807,,,,,,,,,0.07288109270932913
78240.0,0.3203556207379009,0.3191855762837474,0.31579818696429673,0.31011581235262475,0.3021468528554671,0.2918210663620052,0.2790042802624991,0.2635784745932688,0.2452323613757797,0.22327051134911777,0.1964595790696626,0.16114183950234312,0.08265282812582031,,,,,,,,,0.07283155356586232
78300.0,0.3200573984267989,0.31888895045037663,0.3155061231874672,0.30983139225426093,0.3018730435767748,0.29156070428993597,0.2787603760521512,0.26335386943312467,0.245029705053491,0.22309307875063833,0.1963108441750007,0.16102649655052123,0.08255043249844694,,,,,,,,,0.07278216639643213
78360.0,0.31975984077318453,0.31859298524350244,0.31521470854532696,0.30954760208610665,0.3015998376942918,0.2913009122013707,0.2785170012834235,0.2631297466949318,0.24482747830108526,0.22291601616439716,0.19616241316477945,0.16091138341699407,0.08244821393526587,,,,,,,,,0.07273293061974795
78420.0,0.31946294572812867,0.3182976786273773,0.3149239410396047,0.3092644399124305,0.30132723335839245,0.29104168835449,0.2782741543445008,0.2629061049162962,0.24462567982216055,0.2227393224778278,0.19601428512514252,0.160796499398426,0.08234617194356586,,,,,,,,,0.07268384565709704
78480.0,0.3191667112503711,0.3180030285738717,0.3146338186795022,0.30898190380473983,0.3010552287263635,0.29078303101398006,0.27803183362958717,0.2626829426402877,0.24442430832517012,0.22256299658255685,0.19586645914573295,0.16068184379430114,0.08224430603266603,,,,,,,,,0.07263491093233218
78540.0,0.31887113530628575,0.31770903306244125,0.3143443394816663,0.3086999918417486,0.30078382196237485,0.2905249384510074,0.2777900375388823,0.2624602584154191,0.24422336252340285,0.22238703737438625,0.19571893431967793,0.16056741590690876,0.08214261571390458,,,,,,,,,0.07258612587185868
78600.0,0.3185762158698509,0.3174156900800951,0.31405550147015615,0.30841870210934785,0.30051301123745006,0.29026740894319025,0.2775487644785531,0.26223805079562085,0.24402284113496112,0.22221144375327392,0.19557170974357288,0.16045321504133064,0.08204110050062807,,,,,,,,,0.07253748990462264
78660.0,0.31828195092261446,0.3171229976213636,0.3137673026764114,0.30813803270057627,0.30024279472943843,0.2900104407745706,0.27730801286071194,0.2620163183402193,0.24382274288274114,0.22203621462331696,0.1954247845174653,0.1603392405054265,0.0819397599081796,,,,,,,,,0.07248900246209806
78720.0,0.3179883384536644,0.31683095368826675,0.3134797411392216,0.30785798171558715,0.29997317062298523,0.2897540322355871,0.2770677811033875,0.2617950596139125,0.24362306649441107,0.22186134889273215,0.1952781577448398,0.1602254916098223,0.08183859345388902,,,,,,,,,0.07244066297827549
78780.0,0.317695376459595,0.31653955629028246,0.31319281490469486,0.3075785472616222,0.2997041371095026,0.289498181623049,0.2768280676305023,0.2615742731867484,0.24342381070239116,0.2216868454738392,0.19513182853260216,0.160111967667895,0.08173760065706205,,,,,,,,,0.07239247088964901
78840.0,0.31740306294447584,0.31624880344431533,0.31290652202622693,0.3072997274529786,0.2994356923871414,0.28924288724010844,0.2765888708718468,0.2613539576341007,0.243224974243834,0.221512703283042,0.19498579599106464,0.15999866799576118,0.08163678103896876,,,,,,,,,0.07234442563520477
78900.0,0.3171113959198209,0.31595869317466535,0.3126208605644706,0.3070215204109795,0.29916783466076274,0.28898814739623274,0.2763501892630541,0.2611341115366472,0.24302655586060215,0.2213389212408106,0.19484005923392947,0.15988559191226226,0.08153613412283293,,,,,,,,,0.0722965266564084
78960.0,0.316820373404557,0.315669223512996,0.3123358285873055,0.30674392426394653,0.29890056214190974,0.2887339604071792,0.27611202124557555,0.26091473348034616,0.2428285542992497,0.22116549827166432,0.1946946173782749,0.1597727387389523,0.08143565943382254,,,,,,,,,0.07224877339719367
79020.0,0.3165299934249918,0.31538039249830396,0.3120514241698071,0.3064669371471665,0.2986338730487798,0.28848032459496703,0.27587436526665604,0.2606958220564147,0.2426309683110015,0.22099243330415336,0.1945494695445388,0.1596601078000848,0.08133535649903788,,,,,,,,,0.0722011653039499
79080.0,0.31624025401478273,0.3150921981768875,0.3117676453942153,0.3061905572028661,0.2983677656061944,0.2882272382878522,0.2756372197793091,0.260477375861306,0.24243379665173265,0.22081972527084098,0.19440461485650465,0.15954769842259942,0.08123522484750283,,,,,,,,,0.07215370182551069
79140.0,0.3159511532149071,0.31480463860231656,0.3114844903499068,0.3059147825801795,0.2981022380455732,0.2879746998203,0.27540058324229233,0.26025939349668675,0.24223703808194905,0.22064737310828678,0.19426005244128564,0.1594355099361098,0.0811352640101521,,,,,,,,,0.07210638241314157
79200.0,0.31566268907362927,0.3145177118354017,0.31120195713336274,0.3056396114351214,0.29783728860490516,0.28772270753295903,0.27516445412008345,0.2600418735694152,0.24204069136676715,0.2204753757570289,0.19411578142930982,0.1593235416728901,0.0810354735198228,,,,,,,,,0.07205920652052866
79260.0,0.31537486759298405,0.3142314790254631,0.3109203097993791,0.305365604809307,0.2975738910284904,0.28747286966410096,0.2749311349455436,0.2598279739144456,0.24184920651815892,0.22030965706763297,0.19397986653065172,0.1592238005400316,0.08098525268694169,,,,,,,,,0.07201184701477602
79320.0,0.3150876947115081,0.31394589075160323,0.31063929529370266,0.3050922115703113,0.29731107998454004,0.28722358425167965,0.2746983271166259,0.25961453786626676,0.2416581310437902,0.22014428674990416,0.19384423154544575,0.1591242604311746,0.08093513636483793,,,,,,,,,0.07196459763028214
79380.0,0.3148011683935555,0.3136609449918024,0.31035891163352775,0.30481942980028554,0.29704885364458405,0.2869748495800305,0.274466029052762,0.25940156399970304,0.24146746369279212,0.21997926374548807,0.1937088756253552,0.15902492070045052,0.08088512989631891,,,,,,,,,0.07191746337543511
79440.0,0.3145152866112992,0.31337663973180496,0.31007915684366155,0.3045472575887353,0.29678721018715687,0.28672666394005347,0.2742342391794249,0.259189050895024,0.24127720321907595,0.21981458700009374,0.1935737979251392,0.15892578068541316,0.08083523766259602,,,,,,,,,0.07187044834742148
79500.0,0.3142300473446953,0.31309297296508837,0.3098000289564871,0.3042756930324912,0.29652614779776826,0.28647902562918404,0.2740029559281023,0.2589769971379167,0.2410873483813142,0.21965025546347303,0.19343899760234692,0.15882683971412528,0.08078546325660758,,,,,,,,,0.07182355589658887
79560.0,0.31394544858145407,0.31280994269282675,0.3095215260119332,0.30400473423567387,0.2962656646688713,0.2862319329513659,0.27377217773626905,0.25876540131946557,0.24089789794291802,0.21948626808939356,0.1933044738169776,0.15872809711257416,0.080735809621387,,,,,,,,,0.07177678875765457
79620.0,0.31366148831700147,0.3125275469238584,0.3092436460574397,0.3037343793096637,0.2960057589998327,0.2859853842170205,0.273541903047362,0.2585542620361258,0.24070885067201647,0.2193226238356062,0.19317022573120834,0.15862955221031563,0.08068627916160818,,,,,,,,,0.07173014915547167
79680.0,0.3133781645544458,0.3122457836746533,0.3089663871479251,0.3034646263730686,0.2957464289969026,0.2857393777430207,0.2733121303107535,0.25834357788970064,0.24052020534143434,0.21915932166380156,0.19303625250924103,0.15853120434415124,0.080636873834212,,,,,,,,,0.07168363889095226
79740.0,0.3130954753045465,0.31196465096927667,0.3086897473457539,0.3031954735516926,0.2954876728731836,0.2854939118526608,0.27308285798172477,0.25813334748731753,0.2403319607286715,0.21899636053956142,0.19290255331727718,0.1584330528602005,0.0805875952225077,,,,,,,,,0.07163725941131582
79800.0,0.31281341858567907,0.3116841468393591,0.30841372472070433,0.3029269189785038,0.29522948884860173,0.2852489848756298,0.2728540845214414,0.2579235694414054,0.240144115615879,0.21883373943230613,0.19276912732359924,0.1583350971148191,0.08053844459708716,,,,,,,,,0.07159101186782935
79860.0,0.3125319924238017,0.31140426932406123,0.3081383173499342,0.3026589607936038,0.29497187514987566,0.2850045951479815,0.2726258083969245,0.25771424236967044,0.23995666878983618,0.21867145731524268,0.19263597369872731,0.15823733647474647,0.08048942296612518,,,,,,,,,0.07154489716348067
79920.0,0.31225119485242225,0.3111250164700423,0.30786352331795197,0.30239159714419583,0.2947148300104883,0.28476074101210885,0.2723980280810293,0.2575053648950726,0.23976961904192567,0.21850951316531703,0.1925030916156176,0.15813977031677573,0.08044053111707664,,,,,,,,,0.07149891599249239
79980.0,0.3119710239125656,0.3108463863314266,0.30758934071658084,0.30212482618455416,0.29445835167065576,0.28451742081671444,0.272170742052416,0.25729693564580236,0.23958296516810682,0.21834790596317336,0.1923704802498777,0.15804239802714748,0.08039176965136088,,,,,,,,,0.07145306887318592
80040.0,0.3116914776527414,0.3105683769697704,0.3073157676449297,0.301858646075993,0.2942024383772981,0.2842746329167837,0.2719439487955252,0.25708895325525666,0.23939670596889007,0.2181866346931211,0.19223813877997742,0.15794521900080777,0.08034313901330059,,,,,,,,,0.0714073561753972
80100.0,0.31141255412890934,0.31029098645403036,0.30704280220936,0.3015930549868356,0.29394708838401123,0.28403237567355805,0.27171764680055366,0.2568814163620166,0.23921084024931,0.21802569834311258,0.19210606638744168,0.15784823264062145,0.08029463951433186,,,,,,,,,0.07136177814340934
80160.0,0.3111342514044486,0.3100142128605311,0.3067704425234543,0.30132805109238386,0.29369229995103685,0.2837906474545057,0.2714918345634279,0.2566743236098217,0.2390253668188973,0.21786509590472772,0.1919742622570197,0.1577514383565928,0.0802462713533102,,,,,,,,,0.0713163349151841
80220.0,0.31085656755012525,0.3097380542729331,0.3064986867079846,0.30106363257488805,0.293438071345234,0.28354944663329607,0.2712665105857795,0.2564676736475471,0.23884028449165226,0.21770482637316757,0.19184272557682422,0.15765483556513105,0.08019803463357915,,,,,,,,,0.07127102653852474
80280.0,0.3105795006440598,0.30946250878220033,0.3062275328908814,0.3007997976235164,0.2931844008400489,0.2833087715897721,0.2710416733749195,0.25626146512917897,0.23865559208601883,0.21754488874725358,0.19171145553844288,0.1575584236883774,0.0801499293773495,,,,,,,,,0.07122585298469003
80340.0,0.3103030487716932,0.30918757448656914,0.30595697920720233,0.30053654443432487,0.29293128671548746,0.2830686207099233,0.27081732144381326,0.25605569671379097,0.2384712884248595,0.21738528202943214,0.19158045133701962,0.15746220215359688,0.0801019555378362,,,,,,,,,0.07118081415988352
80400.0,0.3100272100257594,0.30891324949151455,0.30568702379910023,0.3002738712102269,0.29267872725808647,0.2828289923858582,0.27059345331105655,0.255850367065519,0.23828737233543026,0.21722600522578236,0.19144971217131232,0.1573661703926428,0.08005411300952231,,,,,,,,,0.07113590991496799
80460.0,0.3097519825062488,0.30863953190972243,0.30541766481579474,0.3000117761609634,0.29242672076088483,0.28258988501577953,0.2703700675008487,0.25564547485353795,0.23810384264935905,0.21706705734602613,0.19131923724372793,0.15727032784148812,0.08000640163685369,,,,,,,,,0.07109114005369348
80520.0,0.3094773643203795,0.30836641986105456,0.30514890041353854,0.2997502575030739,0.2921752655233952,0.2823512970039559,0.27014716254296944,0.25544101875203756,0.23792069820262476,0.21690843740353905,0.19118902576033714,0.15717467393981932,0.07995882122161731,,,,,,,,,0.07104650433967837
80580.0,0.30920335358256684,0.30809391147251913,0.3048807287555887,0.2994893134598664,0.2919243598515764,0.2821132267606941,0.26992473697275343,0.25523699744019696,0.23773793783553618,0.21675014441536206,0.1910590769308742,0.1570792081306872,0.07991137152921327,,,,,,,,,0.07100200250234279
80640.0,0.30892994841438703,0.30782200487823863,0.3046131480121751,0.29922894226138763,0.29167400205780386,0.28187567270231767,0.26970278933106495,0.2550334096021631,0.23755556039271394,0.21659217740221043,0.1909293899687232,0.15698392986020934,0.07986405229399225,,,,,,,,,0.0709576342419565
80700.0,0.3086571469445524,0.30755069821942116,0.30434615636047047,0.2989691421443942,0.29142419046084417,0.2816386332511343,0.26948131816427373,0.2548302539270252,0.2373735647230736,0.21643453538848348,0.190799964090894,0.15688883857731814,0.07981686322380936,,,,,,,,,0.07091339923394611
80760.0,0.30838494730887556,0.3072799896443265,0.30407975198456083,0.29870991135232333,0.29117492338582474,0.2814021068354141,0.2692603220242291,0.2546275291087932,0.23719194967980975,0.21627721740227182,0.19067079851799063,0.156793933733548,0.07976980400390897,,,,,,,,,0.07086929713256776
80820.0,0.3081133476502409,0.30700987730823764,0.303813933075415,0.2984512481352636,0.2909261991642064,0.28116609188936104,0.2690397994682382,0.25442523384637444,0.23701071412037947,0.2161202224753612,0.1905418924741719,0.1566992147828566,0.07972287430024863,,,,,,,,,0.07082532757404944
80880.0,0.30784234611857386,0.30674035937342997,0.30354869783085364,0.2981931507499261,0.2906780161337587,0.2809305868530889,0.2688197490590382,0.25422336684355085,0.23682985690648886,0.21596354964323577,0.1904132451871101,0.1566046811814766,0.07967607376234488,,,,,,,,,0.07078149017928086
80940.0,0.30757194087080814,0.30647143400913973,0.30328404445552165,0.29793561745961566,0.29043037263852844,0.2806955901725933,0.26860016936477343,0.2540219268089565,0.23664937690407972,0.21580719794507874,0.19028485588794622,0.15651033238779286,0.07962940202571266,,,,,,,,,0.07073778455611854
81000.0,0.3073021300708591,0.3062030993915358,0.3030199711608571,0.2976786465342032,0.29018326702881486,0.2804611002997277,0.26838105895897196,0.2538209124560578,0.23646927298331513,0.21565116642377005,0.19015672381124107,0.15641616786223927,0.07958285871396023,,,,,,,,,0.07069421030136536
81060.0,0.307032904456481,0.3059352933431769,0.302756220997241,0.29742169580484557,0.2899357604870618,0.2802255677107031,0.2681601991939013,0.25361727944289997,0.23628524963148445,0.2154897292814016,0.19002103958582553,0.15631052895956582,0.07948751989302741,,,,,,,,,0.07065108034416961
81120.0,0.30676425483674763,0.3056680598323782,0.30249303351558093,0.2971652912794486,0.28968877736950227,0.2799905298435188,0.2679397992829864,0.25341406579009634,0.23610160005307362,0.2153286143830657,0.1898856201298754,0.15620508997980193,0.07939237155190361,,,,,,,,,0.07060810996648184
81180.0,0.30649617949249536,0.3054013971509795,0.3022304070390062,0.2969094313333788,0.2894423161234609,0.27975598523564144,0.2677198578724812,0.25321127026894996,0.2359183231580972,0.21516782079259203,0.18975046467743106,0.1560998503719571,0.0792974081286929,,,,,,,,,0.07056529387779152
81240.0,0.30622867671083565,0.30513530359705676,0.30196833989676386,0.2966541143479279,0.28919637520191965,0.27952193242985973,0.26750037361355516,0.25300889165520746,0.23573541786051672,0.21500734757734108,0.1896155724658777,0.15599480960211254,0.07920262488222948,,,,,,,,,0.07052262755511927
81300.0,0.30596174478513205,0.3048697774748965,0.3017068304241957,0.2963993387102865,0.288950953063493,0.2792883699742615,0.26728134516227176,0.25280692872904276,0.23555288307823077,0.21484719380819656,0.18948094273611416,0.1558899671482596,0.07910801775038802,,,,,,,,,0.07048010711062067
81360.0,0.3056953820149735,0.304604817094969,0.3014458769627115,0.29614510281352124,0.2887060481724065,0.2790552964222114,0.26706277117956695,0.2526053802750375,0.2353707177330612,0.21468735855955884,0.18934657473275662,0.15578532249461868,0.07901358323570526,,,,,,,,,0.07043772918470964
81420.0,0.3054295867061472,0.3043404207739035,0.3011854778597649,0.29589140505654976,0.2884616589984702,0.27882271033232997,0.266844650331229,0.252404245082166,0.23518892075074466,0.2145278409093434,0.18921246770430472,0.1556808751271405,0.07891931831225628,,,,,,,,,0.07039549085904177
81480.0,0.3051643571706145,0.3040765868344617,0.3009256314688264,0.29563824384411613,0.2882177840170589,0.27859061026846765,0.2666269812878783,0.2522035219437758,0.23500749106091898,0.21436863993898442,0.1890786209032255,0.1555766245304412,0.07882522034931347,,,,,,,,,0.07035338958518078
81540.0,0.30489969172648457,0.3038133136055128,0.3006663361493619,0.2953856175867667,0.2879744217090851,0.2783589947996875,0.26640976272494626,0.25200320965757295,0.23482642759711445,0.21420975473344223,0.18894503358594597,0.15547257018596405,0.07873128704841098,,,,,,,,,0.07031142312578838
81600.0,0.3046355886979878,0.30355059942200835,0.30040759026680375,0.2951335247008253,0.2877315705609784,0.2781278625002395,0.26619299332265567,0.2518033070256045,0.23464572929674046,0.21405118438121448,0.18881170501276479,0.15536871157105137,0.07863751639121865,,,,,,,,,0.07026958950591417
81660.0,0.3043720464154527,0.3032884426249572,0.30014939219252756,0.2948819636083708,0.28748922906466245,0.2778972119495414,0.26597667176600126,0.2516038128542409,0.23446539510107658,0.2138929279743457,0.18867863444770297,0.15526504815865116,0.07854390659619351,,,,,,,,,0.07022788697248726
81720.0,0.3041090632152784,0.3030268415613988,0.2998917403038287,0.2946309327372121,0.2872473957175304,0.27766704173215445,0.26576079674472813,0.2514047259541611,0.23428542395526303,0.2137349846084353,0.18854582115831972,0.15516157941743589,0.0784504560824088,,,,,,,,,0.07018631396051414
81780.0,0.30384663743991114,0.3027657945843802,0.29963463298389653,0.29438043052086327,0.28700606902242337,0.2774373504377636,0.2655453669533147,0.25120604514033557,0.23410581480829018,0.21357735338263933,0.1884132644155098,0.15505830481216765,0.07835716343928217,,,,,,,,,0.07014486906478737
81840.0,0.3035847674378177,0.3025053000529299,0.29937806862178956,0.29413045539852206,0.28676524748760696,0.2772081366611559,0.2653303810909513,0.25100776923201107,0.23392656661299127,0.21342003339966775,0.18828096349330173,0.15495522380420612,0.07826402740117028,,,,,,,,,0.07010355101614218
81900.0,0.3033234515634608,0.3022453563320327,0.2991220456124117,0.29388100581504456,0.28652492962674897,0.2769793990021979,0.26511583786152104,0.25080989705269413,0.2337476783260322,0.21326302376577358,0.18814891766866526,0.15485233585207353,0.07817104682599799,,,,,,,,,0.07006235866148286
81960.0,0.3030626881772764,0.3019859617926066,0.29886656235648823,0.2936320802209225,0.28628511395889666,0.2767511360658162,0.2649017359735806,0.2506124274301367,0.23356914890790473,0.21310632359073553,0.1880171262213369,0.15474887080467892,0.07807822067724418,,,,,,,,,0.07002129094694355
82020.0,0.30280247564564494,0.3017271148114772,0.2986116172605415,0.29338367707225943,0.2860457990084543,0.27652334646197446,0.2646880741403429,0.2504153591963196,0.23339097732291694,0.21294993198783538,0.18788558843366593,0.15464436261030817,0.07798554800872116,,,,,,,,,0.06998034690366271
82080.0,0.30254281234087044,0.3014688137713528,0.2983572087368664,0.29313579483074775,0.28580698330516124,0.27629602880565435,0.2644748510796563,0.2502186911874385,0.2332131625391838,0.21279384807382876,0.18775430359048395,0.15454004836967175,0.07789302795169567,,,,,,,,,0.06993952563574247
82140.0,0.30228369664115334,0.3012110570608011,0.2981033352035065,0.2928884319636442,0.2855686653840689,0.27606918171683253,0.2642620655139867,0.2500224222438886,0.2330357035286173,0.21263807096891316,0.18762327097899545,0.15443592753073576,0.07780065970396877,,,,,,,,,0.0698988263100404
82200.0,0.3020251269305686,0.30095384307422346,0.2978499950842313,0.29264158694374914,0.2853308437855192,0.27584280382046206,0.2640497161703988,0.24982655121025016,0.23285859926691568,0.21248259979669254,0.18749248988869072,0.1543319995411561,0.0777084425206041,,,,,,,,,0.06985824814750019
82260.0,0.3017671015990392,0.30069717021183245,0.29759718680851155,0.2923952582493818,0.28509351705512254,0.27561689374644976,0.26383780178053845,0.2496310769352738,0.2326818487335513,0.21232743368413812,0.18736195961127636,0.1542282638486664,0.0776163757060408,,,,,,,,,0.0698177904157774
82320.0,0.301509619042313,0.3004410368796264,0.2973449088114946,0.2921494443643571,0.28485668374373535,0.27539145012963745,0.2636263210806139,0.24943599827186588,0.23250545091175745,0.21217257176155135,0.18723167944062302,0.1541247199014177,0.0775244586073756,,,,,,,,,0.06977745242295762
82380.0,0.30125267766193764,0.30018544148936704,0.2970931595339836,0.2919041437779641,0.2846203424074392,0.27516647160978097,0.2634152728113776,0.24924131407707434,0.23232940478851444,0.21201801316252333,0.18710164867272752,0.15402136714827155,0.07743269060863316,,,,,,,,,0.0697372335121974
82440.0,0.30099627586523825,0.2999303824585535,0.29684193742241133,0.29165935498494255,0.28438449160751844,0.2749419568315304,0.2632046557181091,0.24904702321207364,0.2321537093545338,0.21186375702389723,0.18697186660568654,0.15391820503905396,0.07734107112587052,,,,,,,,,0.06969713305714577
82500.0,0.3007404120652919,0.299675858210401,0.29659124092881933,0.29141507648546033,0.2841491299104388,0.2747179044444076,0.26299446855059627,0.24885312454214992,0.23197836360424343,0.2117098024857291,0.18684233253968108,0.15381523302477035,0.07724959960299065,,,,,,,,,0.06965715045802783
82560.0,0.3004850846809052,0.2994218671738149,0.29634106851083264,0.2911713067850911,0.28391425588782576,0.2744943131027906,0.2627847100631183,0.24865961693668695,0.23180336653576822,0.21155614869125275,0.18671304577696804,0.1537124505577883,0.07715827550815564,,,,,,,,,0.06961728513828928
82620.0,0.30023029213658914,0.2991684077833692,0.2960914186316373,0.29092804439479186,0.2836798681164437,0.27427118146588964,0.2625753790144288,0.24846649926915032,0.23162871715091402,0.21140279478684407,0.18658400562187913,0.1536098570919922,0.07706709833071204,,,,,,,,,0.06957753654171871
82680.0,0.2999760328625377,0.2989154784792812,0.29584228975995863,0.29068528783088066,0.28344596517817416,0.27404850819772947,0.26236647416773673,0.24827377041707263,0.2314544144551479,0.21124973992198812,0.1864552113808231,0.153507452082911,0.07697606757854918,,,,,,,,,0.06953790412997622
82740.0,0.2997223052946024,0.29866307770739015,0.2955936803700359,0.29044303561501456,0.2832125456599943,0.2738262919671301,0.26215799429069014,0.24808142926203802,0.23128045745758022,0.21109698324924844,0.18632666236229398,0.15340523498782335,0.07688518277582819,,,,,,,,,0.0694983873804671
82800.0,0.299469107874269,0.2984112039191326,0.2953455889416024,0.2902012862741666,0.28297960815395773,0.2736045314476855,0.2619499381553592,0.2478894746896667,0.23110684517094326,0.21094452392423718,0.18619835787687974,0.15330320526584607,0.07679444346102798,,,,,,,,,0.0694589857845123
82860.0,0.2992164460306022,0.29815991351556914,0.2950982595331101,0.28996055882010796,0.28274805431980005,0.2733847182017198,0.2617444444955776,0.24770084530987838,0.23093773153275676,0.21079790818338062,0.18607787774354836,0.15321469912199584,0.07675232614035236,,,,,,,,,0.06941939777116904
82920.0,0.2989643251392544,0.2979091607155251,0.2948514580725378,0.28972034327607266,0.282516990226318,0.27316536652824663,0.26153937838281927,0.24751260389097726,0.2307689607630623,0.21065158444006474,0.18595763228757392,0.15312636101863392,0.07671029304786961,,,,,,,,,0.06937989769078907
82980.0,0.29871274357037314,0.2976589438999949,0.2946051829721153,0.28948063810603586,0.2822864144087211,0.272946475052471,0.2613347385502011,0.24732474929060688,0.23060053186020946,0.210505551849678,0.1858376208353729,0.1530381904431581,0.07666834827364072,,,,,,,,,0.0693404893641983
83040.0,0.29846169970017,0.29740926145599605,0.2943594326499758,0.28924144177967503,0.28205632540764847,0.2727280424046858,0.2611305237355282,0.2471372803706543,0.2304324438262891,0.21035980957067946,0.1857178427154347,0.15295018687288467,0.07662649521664151,,,,,,,,,0.06930117595958343
83100.0,0.29821119191089673,0.2971601117765446,0.29411420553012996,0.28900275277234666,0.2818267217691461,0.2725100672202498,0.26092673268127314,0.24695019599723245,0.23026469566711175,0.21021435676457634,0.18559829725817475,0.15286234977914015,0.07658473669993181,,,,,,,,,0.06926196010134854
83160.0,0.29796121859081803,0.29691149326062705,0.2938695000424405,0.28876456956506197,0.2815976020446423,0.2722925481395669,0.26072336413455866,0.24676349504066133,0.23009728639218668,0.2100691925959013,0.18547898379575734,0.15277467863171953,0.07654307506460056,,,,,,,,,0.06922284395890493
83220.0,0.2977117781341865,0.29666340431317734,0.29362531462259744,0.28852689064446246,0.2813689647909271,0.2720754838080653,0.26052041684713756,0.24657717637544946,0.2299302150147005,0.20992431623218583,0.18535990166194485,0.15268717290243736,0.07650151224697262,,,,,,,,,0.06918382931963524
83280.0,0.29746286894121643,0.2964158433450492,0.29338164771209296,0.2882897145027957,0.2811408085701278,0.271858872876176,0.26031788957537283,0.2463912388802749,0.22976348055149726,0.20977972684393154,0.18524105019200385,0.1525998320675741,0.07646004984244414,,,,,,,,,0.06914491764921482
83340.0,0.29721448941805817,0.2961688087729921,0.2931384977581957,0.2880530396378908,0.2809131319496869,0.2716427139993104,0.26011578108022027,0.24620568143796648,0.22959708202305593,0.20963542360457726,0.185122428722681,0.15251265560936794,0.07641868915852415,,,,,,,,,0.06910611014172782
83400.0,0.29696663797677414,0.29592229901962525,0.29289586321392813,0.2878168645531355,0.28068593350233884,0.2714270058378432,0.259914090127207,0.2460205029354855,0.2294310184534712,0.20949140569046443,0.1850040365922426,0.15242564301678488,0.07637743125908797,,,,,,,,,0.0690674077614749
83460.0,0.29671931303531124,0.2956763125134128,0.2926537425380394,0.2875811877574522,0.28045921180608785,0.2712117470570872,0.2597128154864135,0.24583570226390616,0.22926528887043102,0.20934767228080403,0.18488587314056035,0.1523387937857827,0.07633627700142932,,,,,,,,,0.06902881127797277
83520.0,0.2964725130174767,0.29543084768863953,0.2924121341949831,0.28734600776527386,0.2802329654441868,0.270996936327276,0.2595119559324548,0.24565127831839711,0.22909989230519587,0.20920422255764318,0.18476793770922847,0.15225210741923997,0.07629522706737694,,,,,,,,,0.06899032129534324
83580.0,0.2962262363529139,0.2951859029853845,0.29217103665489086,0.2871113230965215,0.2800071930051126,0.2707825723235418,0.25931151024446025,0.24546722999820209,0.22893482779257712,0.20906105570583722,0.18465022964169786,0.15216558342667716,0.07625428198949419,,,,,,,,,0.06895193827705462
83640.0,0.29598048147707673,0.29494147684949773,0.2919304483935492,0.28687713227657974,0.2797818930825473,0.27056865372589495,0.2591114772060557,0.24528355620662118,0.22877009437091478,0.20891817091302553,0.1845327482834117,0.15207922132385918,0.07621344217319262,,,,,,,,,0.06891366256680138
83700.0,0.295735246831204,0.2946975677325739,0.2916903678923761,0.2866434338362737,0.2795570642753532,0.2703551792192027,0.2589118556053426,0.245100255850992,0.22860569108205564,0.2087755673696125,0.18441549298193702,0.1519930206323418,0.07617270791543433,,,,,,,,,0.06887549440616036
83760.0,0.2954905308622951,0.2944541740919298,0.29145079363839554,0.28641022631184604,0.2793327051875515,0.2701421474931711,0.2587126442348798,0.24491732784266992,0.22844161697133172,0.20863324426875382,0.18429846308708298,0.15190698087900092,0.07613207942058067,,,,,,,,,0.06883743394955048
83820.0,0.2952463320230867,0.2942112943905776,0.29121172412421387,0.2861775082449349,0.27910881442830165,0.26992955724232304,0.2585138418916655,0.24473477109700972,0.22827787108753816,0.20849120080634875,0.18418165795100636,0.15182110159557244,0.0760915568138461,,,,,,,,,0.06879948127693004
83880.0,0.2950026487720271,0.2939689270972028,0.2909731578479966,0.28594527818254933,0.2788853906118787,0.2697174071659779,0.2583154473771158,0.24455258453334508,0.2281144524829123,0.20834943618103374,0.1840650769282981,0.15173538231821787,0.07605114015273703,,,,,,,,,0.06876163640459058
83940.0,0.294759479573251,0.29372707068613885,0.2907350933134444,0.2857135346770472,0.2786624323576521,0.2695056959682315,0.25811745949704734,0.24437076707497066,0.2279513602131136,0.20820794959418343,0.18394871937605528,0.1516498225871205,0.07601082943679435,,,,,,,,,0.06872389929434841
84000.0,0.2945168228965573,0.2934857236373429,0.2904975290297697,0.28548227628611295,0.278439938290065,0.26929442235793655,0.2579198770616579,0.2441893176491226,0.22778859333720286,0.20806674024991154,0.18383258465393532,0.15156442194612427,0.07597062461589887,,,,,,,,,0.06868626986137927
84060.0,0.2942746772173832,0.2932448844363725,0.2902604635116731,0.285251501572734,0.2782179070386105,0.2690835850486827,0.25772269888550686,0.24400823518695838,0.2276261509176251,0.20792580735507546,0.1837166721241966,0.151479179942407,0.07593052559736693,,,,,,,,,0.06864874798091034
84120.0,0.2940330410167817,0.2930045515743611,0.29002389527931965,0.2850212091051795,0.27799633723781214,0.2688731827587747,0.2575259237874963,0.24382751862353896,0.2274640320201893,0.20778515011928092,0.18360098115172577,0.1513940961261922,0.07589053225201439,,,,,,,,,0.06861133349393854
84180.0,0.2937919127813959,0.2927647235479949,0.28978782285831617,0.2847913974569765,0.2777752275272032,0.26866321421121514,0.25732955059085233,0.24364716689780863,0.22730223571405414,0.20764476775488883,0.18348551110405345,0.15130917005049718,0.07585064441935002,,,,,,,,,0.06857402621212691
84240.0,0.29355129100343663,0.29252539885948886,0.2895522447796878,0.28456206520688876,0.2775545765513041,0.268453678133682,0.25713357812310594,0.24346717895257705,0.22714076107171016,0.20750465947702038,0.1833702613513597,0.1512244012709129,0.07581086191202537,,,,,,,,,0.06853682592199929
84300.0,0.2933111741806592,0.2922865760165635,0.28931715957985565,0.2843332109388948,0.27733438295960156,0.2682445732585111,0.25693800521607296,0.24328755373449987,0.22697960716896506,0.2073648245035637,0.18325523126647222,0.1511397893454122,0.07577118451965402,,,,,,,,,0.06849973238853985
84360.0,0.29307156081633756,0.2920482535324211,0.2890825658006128,0.28410483324216507,0.2771146454065287,0.26803589832267466,0.2567428307058368,0.24310829019406058,0.2268187730849303,0.2072252620551782,0.18314042022485813,0.15105533383418676,0.07573161201209141,,,,,,,,,0.0684627453582837
84420.0,0.2928324494192429,0.2918104299257225,0.28884846198910225,0.28387693071104014,0.2768953625514439,0.26782765206776216,0.25654805343272885,0.24292938728555222,0.22665825790200628,0.2070859713552994,0.18302582760460848,0.15097103429950495,0.07569214414225613,,,,,,,,,0.068425864561975
84480.0,0.29259383850361975,0.29157310372056383,0.2886148466977948,0.28364950194500915,0.2766765330586091,0.26761983323996125,0.25635367224130895,0.24275084396705912,0.226498060705871,0.20694695163014218,0.18291145278642124,0.15088689030559232,0.07565278064855796,,,,,,,,,0.06838908971685398
84540.0,0.29235572658916126,0.2913362734464553,0.28838171848446476,0.28342254554868784,0.2764581555971699,0.26741244059003666,0.25615968598034755,0.2425726592004401,0.22633818058546695,0.20680820210870177,0.18279729515357895,0.15080290141852817,0.07561352125699072,,,,,,,,,0.06835242052862799
84600.0,0.2921181122009906,0.2910999376382944,0.28814907591216943,0.2831960601317976,0.27624022884113447,0.2672054728733128,0.2559660935028067,0.24239483195130954,0.2261786166329898,0.206669722022755,0.18268335409192438,0.15071906720615832,0.07557436568293664,,,,,,,,,0.06831585669317046
84660.0,0.29188098731700796,0.29086403923116283,0.28791668129345077,0.2829695432408786,0.2760218816067715,0.26699748968412873,0.25577082916974336,0.24221452260072993,0.2260153500091039,0.2065261387971888,0.18256227459174565,0.15062239847273765,0.07548733943027652,,,,,,,,,0.06827968695921059
84720.0,0.2916443439744224,0.290628619514772,0.2876847572379294,0.28274348331684307,0.2758039725296694,0.2667899209326551,0.2555759504192466,0.242034565268805,0.22585239755893316,0.20638282684927994,0.18244141834394753,0.15052590072753153,0.07540047497880345,,,,,,,,,0.06824364558928595
84780.0,0.291408180795035,0.2903936771196741,0.2874533024010439,0.28251787905670345,0.2755865003641632,0.26658276544513765,0.2553814561645641,0.2418549589690914,0.22568975840756864,0.20623978542772903,0.18232078473315674,0.15042957351988182,0.07531376798351108,,,,,,,,,0.06820772847675692
84840.0,0.2911724964055141,0.290159210681258,0.2872223154429791,0.28229272916206777,0.27536946386897676,0.2663760220519546,0.2551873453227613,0.2416757027185909,0.2255274316831318,0.2060970137838971,0.1822003731465022,0.15033341641058953,0.07522721469937632,,,,,,,,,0.06817193207323152
84900.0,0.2909372894373777,0.2899252188397287,0.28699179502864625,0.2820680323391209,0.27515286180720555,0.26616968958759996,0.2549936168147056,0.24149679553773648,0.22536541651676514,0.20595451117180177,0.182080182973706,0.15023742896884706,0.07514081188550037,,,,,,,,,0.06813625329948791
84960.0,0.2907025585269697,0.28969170024008795,0.28676173982766373,0.28184378729860626,0.27493669294629974,0.2659637668906656,0.2548002695650496,0.24131823645037698,0.22520371204262388,0.20581227684811537,0.181960213607202,0.15014161076874025,0.07505455672616411,,,,,,,,,0.06810068947210945
85020.0,0.2904683023154441,0.2894586535321144,0.2865321485143381,0.2816199927558066,0.2747209560580454,0.265758252803826,0.254607302502215,0.24114002448376454,0.22504231739786626,0.20567031007216288,0.18184046444223853,0.150045961386364,0.07496844676538127,,,,,,,,,0.06806523824266189
85080.0,0.29023451944874445,0.2892260773703454,0.2863030197676451,0.281396647430527,0.2745056499185481,0.2655531461738187,0.2544147145583765,0.240962158668539,0.22488123172264526,0.20552861010592474,0.18172093487694316,0.14995048039776313,0.07488247985235437,,,,,,,,,0.06802989754699953
85140.0,0.2900012085775833,0.2889939704140566,0.28607435227121114,0.28117375004707496,0.2742907733082139,0.2653484458514308,0.2542225046694476,0.24078463803871542,0.2247204541600997,0.2053871762140396,0.18160162431233529,0.14985516737761082,0.074796654095822,,,,,,,,,0.06799466556283124
85200.0,0.2897683683574246,0.2887623313272425,0.2858461447132935,0.280951299334244,0.27407632501173274,0.26514415069147884,0.2540306717750627,0.24060746163167057,0.22455998385634535,0.20524600766381082,0.18148253215229157,0.14976002189846804,0.07471096782570512,,,,,,,,,0.06795954067406867
85260.0,0.2895359974484618,0.28853115877859853,0.28561839578676307,0.2807292940252936,0.2738623038180609,0.2649402595527944,0.25383921481856253,0.24043062848812966,0.22439981996046732,0.20510510372521243,0.18136365780347322,0.14966504353045826,0.07462541956078979,,,,,,,,,0.06792452144078132
85320.0,0.28930409451560307,0.2883004514415018,0.2853911041890843,0.2805077328579319,0.27364870852040435,0.26473677129820683,0.2536481327469792,0.24025413765215284,0.2242399616245108,0.20496446367089452,0.18124500067522462,0.14957023184122958,0.07454000798141827,,,,,,,,,0.06788960657380766
85380.0,0.2890726582284473,0.2880702079939908,0.28516426862229716,0.2802866145742992,0.2734355379162,0.2645336847945277,0.2534574245110198,0.2400779881711228,0.22408040800347562,0.20482408677618588,0.1811265601794594,0.1494755863961021,0.07445473190636383,,,,,,,,,0.06785479491325083
85440.0,0.2888416872612693,0.2878404271187492,0.2849378877929989,0.28006593792094797,0.2732227908070995,0.26433099891253226,0.25326708906505196,0.23990217909573194,0.2239211582553065,0.2046839723190934,0.18100833573053834,0.14938110675832453,0.0743695902732043,,,,,,,,,0.06782008541022716
85500.0,0.2886111802929973,0.2876111075030837,0.2847119604123264,0.27984570164882544,0.27301046599895096,0.2641287125269448,0.2530771253670886,0.23972670947996985,0.22376221154088755,0.20454411958029844,0.18089032674515032,0.14928679248939478,0.07428458212163322,,,,,,,,,0.06778547711134462
85560.0,0.28838113600719756,0.28738224783890837,0.28448648519593517,0.27962590451325653,0.2727985623017833,0.26392682451642185,0.2528875323787727,0.23955157838111044,0.2236035670240359,0.20440452784314941,0.18077253264219986,0.14919264314940214,0.07419970657924858,,,,,,,,,0.06775096914548223
85620.0,0.28815155309205365,0.28715384682272443,0.2842614608639842,0.27940654527392583,0.27258707852978964,0.2637253337635364,0.2526983090653625,0.23937678485970063,0.22344522387149263,0.20426519639364968,0.18065495284270466,0.14909865829737246,0.07411496284942672,,,,,,,,,0.06771656071251032
85680.0,0.28792243024034697,0.28692590315560235,0.28403688614111594,0.2791876226948597,0.2723760135013083,0.26352423915476125,0.25250945439571776,0.23920232797954816,0.2232871812529177,0.20412612452044293,0.18053758676970466,0.14900483749160165,0.0740303502009663,,,,,,,,,0.0676822510736537
85740.0,0.2876937661494407,0.28669841554316244,0.2838127597564389,0.278969135544409,0.27216536603880687,0.2633235395804535,0.252320967342284,0.2390282068077092,0.22312943834088156,0.20398731151479513,0.18042043384818376,0.1489111802899659,0.07394586795922724,,,,,,,,,0.0676480395432458
85800.0,0.2874655595212594,0.28647138269555844,0.2835890804435085,0.2787510825952317,0.2719551349688661,0.2631232339348379,0.25213284688107873,0.2388544204144772,0.22297199431085774,0.20384875667057506,0.1803034935050033,0.14881768625020647,0.07386151549854268,,,,,,,,,0.06761392548166587
85860.0,0.2872378090622716,0.28624480332745683,0.283365846940312,0.2785334626242751,0.2717453191221618,0.26292332111599287,0.2519450919916763,0.2386809678733711,0.2228148483412139,0.20371045928423148,0.1801867651688488,0.14872435493018732,0.07377729223571036,,,,,,,,,0.06757990828927998
85920.0,0.28701051348347095,0.28601867615802073,0.283143057989247,0.2783162744127589,0.2715359173334502,0.2627238000258317,0.2517577016571948,0.23850784826112437,0.22265799961320354,0.20357241865477105,0.18007024827018406,0.1486311858881227,0.0736931976244047,,,,,,,,,0.06754598740123889
85980.0,0.286783671500358,0.2857929999108908,0.2829207123371063,0.2780995167461577,0.27132692844154993,0.26252466957009,0.2515706748642815,0.2383350606576726,0.22250144731095678,0.20343463408373297,0.1799539422412185,0.14853817868277883,0.07360923115037571,,,,,,,,,0.0675121622830055
86040.0,0.2865572818329232,0.2855677733141673,0.28269880873505915,0.2778831884141839,0.27111835128932504,0.26232592865830867,0.25138401060309856,0.23816260414614288,0.22234519062146932,0.20329710487516628,0.17983784651587925,0.1484453328736499,0.07352539232731439,,,,,,,,,0.0674784324265055
86100.0,0.28633134320562614,0.2853429951003919,0.28247734593863427,0.2776672882107704,0.27091018472367007,0.262127576203818,0.2511977078673097,0.23799047781284252,0.2221892287345926,0.2031598303356044,0.17972196052979264,0.14835264802111006,0.07344168069329465,,,,,,,,,0.06744479734681147
86160.0,0.2861058543473807,0.28511866400653085,0.2822563227077006,0.27745181493405413,0.27070242759549296,0.26192961112372376,0.25101176565406674,0.2378186807472473,0.2220335608430218,0.20302280977404275,0.1796062837202708,0.1482601236865438,0.0733580958077033,,,,,,,,,0.0674112565792826
86220.0,0.28588081399153575,0.28489477877395625,0.28203573780645175,0.2772367673863581,0.2704950787596979,0.2617320323388909,0.25082618296399417,0.23764721204199038,0.2218781861422848,0.20288604250191444,0.17949081552630167,0.14816775943245905,0.0732746372485916,,,,,,,,,0.06737780967709596
86280.0,0.28565622087585657,0.28467133814842777,0.28181559000338774,0.2770221443741757,0.2702881370751717,0.26153483877392836,0.2506409588011784,0.2374760707928505,0.22172310383072935,0.20274952783306863,0.17937555538854633,0.14807555482258034,0.07319130461038716,,,,,,,,,0.0673444562091128
86340.0,0.28543207374250806,0.284448340880077,0.28159587807129804,0.2768079447081532,0.27008160140476445,0.26133802935717393,0.2504560921731519,0.2373052560987407,0.2215683131095112,0.20261326508374874,0.17926050274933578,0.14798350942192973,0.07310809750191247,,,,,,,,,0.06731119575803199
86400.0,0.28520837133803784,0.2842257857233875,0.28137660078724447,0.276594167203072,0.269875470615276,0.2611416030206805,0.250271582090881,0.23713476706169673,0.22141381318257944,0.20247725357257224,0.1791456570526725,0.14789162279689325,0.07302501554467425,,,,,,,,,0.06727802791879331
86460.0,0.2849851185880913,0.2840037249638036,0.2811579848949588,0.2763812944650553,0.26967058388399134,0.2609469500529769,0.25008942491665526,0.23696735141755446,0.22126349943316204,0.20234670878308722,0.17903817161939367,0.14781257562631694,0.07298956603442261,,,,,,,,,0.06724467433491584
86520.0,0.2847623203730763,0.2837821159599352,0.28093981274011315,0.27616885214300624,0.26946610914156893,0.2607526856321077,0.24990762794243304,0.23680026293951073,0.22111347512813684,0.20221641075361954,0.17893088461070175,0.14773367010312832,0.07295418461348786,,,,,,,,,0.06721139116572479
86580.0,0.2845399753785225,0.2835609574059983,0.2807220830419583,0.2759568389976657,0.2692620452059224,0.26055880864832354,0.2497261901452917,0.23663350070492845,0.22096373945827372,0.2020863588017626,0.17882379548354876,0.14765490582054466,0.07291887446518099,,,,,,,,,0.06717818138917378
86640.0,0.28431808229469036,0.2833402480009103,0.280504794524353,0.27574525379422765,0.26905839089920486,0.2603653179958444,0.24954511050596037,0.23646706379446603,0.22081429161724392,0.20195655224750908,0.17871690369654572,0.14757628236557016,0.07288363826754374,,,,,,,,,0.06714504750576036
86700.0,0.2840966398165551,0.28311998644826836,0.28028794591574346,0.2755340953023187,0.2688551450477909,0.2601722125728441,0.24936438800880414,0.23630095129206397,0.2206651308016049,0.20182699041323457,0.17861020870987943,0.14749779932153195,0.07284847827152878,,,,,,,,,0.06711199161246895
86760.0,0.28387564664378545,0.28290017145633367,0.280071535949145,0.2753233622959808,0.2686523064822568,0.25997949128143244,0.24918402164180986,0.23613516228493164,0.22051625621078516,0.2016976726236812,0.17850370998520712,0.14741945627079764,0.07281339636595083,,,,,,,,,0.06707901546419734
86820.0,0.2836551014807266,0.2826808017380069,0.27985556336212225,0.2751130535536526,0.26844987403736614,0.2597871530276395,0.24900401039657183,0.2359696958635329,0.2203676670470704,0.20156859820593864,0.1783974069855603,0.14734125279698906,0.07277839413175992,,,,,,,,,0.0670461205250803
86880.0,0.28343500303637476,0.2824618760108144,0.2796400268967713,0.27490316785815044,0.26824784655205025,0.2595951967214007,0.24882435326827654,0.23580455112157328,0.2202193625155875,0.20143976648942516,0.17829129917527728,0.14726318848655962,0.0727434728876018,,,,,,,,,0.06701330801156963
86940.0,0.28321535002436454,0.2822433929968838,0.27942492529969976,0.27469370399665133,0.26804622286939095,0.2594036212765389,0.2486450492556883,0.23563972715598572,0.22007134182429136,0.20131117680586635,0.17818538601997247,0.14718526292980635,0.07270863372821151,,,,,,,,,0.06698057892873358
87000.0,0.28299614116294614,0.2820253514229285,0.27921025732200794,0.2744846607606735,0.26784500183660387,0.2592124256107485,0.24846609736113548,0.23547522306691634,0.21992360418394877,0.20118282848927185,0.17807966698654457,0.14710747572143862,0.07267387755687113,,,,,,,,,0.06694793410094071
87060.0,0.2827773751749658,0.28180775002022673,0.27899602171927107,0.2742760369460586,0.2676441823050213,0.2590216086455805,0.24828749659049437,0.23531103795771227,0.21977614880812446,0.2010547208759127,0.1779741415432132,0.14702982646082524,0.07263920511292438,,,,,,,,,0.06691537419786753
87120.0,0.28255905078784777,0.2815905875246029,0.27878221725151997,0.2740678313529542,0.2674437631300742,0.2588311693064264,0.24810924595317507,0.23514717093490556,0.21962897491316527,0.2009268533042989,0.17786880915957926,0.14695231475201878,0.07260461699515418,,,,,,,,,0.06688289975659285
87180.0,0.28234116673357507,0.28137386267640907,0.27856884268322163,0.27386004278579523,0.26724374317127614,0.2586411065225024,0.24793134446210802,0.23498362110820148,0.21948208171818553,0.20079922511515935,0.17776366930669732,0.1468749402036343,0.07257011368168936,,,,,,,,,0.06685051120040927
87240.0,0.2821237217486707,0.281157574220505,0.27835589678326184,0.27365267005328614,0.2670441212922064,0.2584514192268319,0.24775379113372825,0.23482038759046323,0.21933546844505217,0.2006718356514221,0.17765872145715436,0.146797702428639,0.07253569554698391,,,,,,,,,0.0668182088548662
87300.0,0.2819067145741782,0.2809417209062407,0.2781433783249276,0.2734457119683837,0.2668448963604918,0.25826210635623303,0.24757658498796192,0.23465746949769864,0.21918913431836812,0.20054468425820043,0.17755396508514912,0.1467206010440933,0.0725013628763243,,,,,,,,,0.06678599296147512
87360.0,0.28169014395564246,0.280726301487437,0.27793128608588596,0.2732391673482786,0.2666460672477915,0.2580731668513003,0.2473997250482113,0.2344948659490463,0.21904307856545777,0.20041777028277866,0.17744939966656625,0.14664363567086955,0.07246711587824411,,,,,,,,,0.06675386368943642
87420.0,0.28147400864309224,0.28051131472236795,0.2777196188481692,0.273033035014378,0.266447632829779,0.2578845996563903,0.2472232103413405,0.23433257606676103,0.2188973004163512,0.20029109307460338,0.1773450246790444,0.14656680593336827,0.0724329546951608,,,,,,,,,0.06672182114568524
87480.0,0.28125830739102087,0.28029675937373966,0.27750837539815415,0.27282731379228886,0.2662495919861263,0.2576964037196061,0.2470470398976609,0.23417059897620007,0.2187517991037698,0.2001646519852758,0.177240839602035,0.14649011145924148,0.07239887941250191,,,,,,,,,0.06668986538350943
87540.0,0.2810430389583677,0.280082634208675,0.27729755452654564,0.27262200251179947,0.2660519436004878,0.25750857799278104,0.24687121275091717,0.2340089338058099,0.2186065738631102,0.2000384463685481,0.17713684391685297,0.14641355187913405,0.07236489006654406,,,,,,,,,0.0666579964099509
87600.0,0.280828202108499,0.2798689379986942,0.2770871550283571,0.2724171000068625,0.26585468656048244,0.25732112143146507,0.24669572793827288,0.23384757968711112,0.21846162393243065,0.1999124755803197,0.17703303710671664,0.14633712682644295,0.07233098665115392,,,,,,,,,0.0666262141921692
87660.0,0.28061379560919064,0.27965566951969495,0.2768771757028941,0.2722126051155775,0.26565781975767816,0.2571340329949077,0.2465205845002958,0.23368653575468457,0.21831694855243639,0.19978673897863622,0.17692941865677972,0.1462608359370981,0.0722971691235907,,,,,,,,,0.06659451866291848
87720.0,0.28039981823261,0.279442827551937,0.27666761535373524,0.272008516680174,0.26546134208757544,0.2569473116460441,0.246345781480944,0.23352580114615817,0.21817254696646726,0.19966123592369056,0.1768259880541552,0.14618467884936776,0.07226343740950657,,,,,,,,,0.06656290972526638
87780.0,0.28018626875529584,0.279230410880022,0.276458472788716,0.27180483354699436,0.2652652524495919,0.25676095635147844,0.24617131792755143,0.23336537500219204,0.21802841842048265,0.19953596577782318,0.17672274478793054,0.14610865520368155,0.07222979140725912,,,,,,,,,0.06653138725666334
87840.0,0.2799731459581427,0.27901841829287655,0.27624974681990944,0.27160155456647705,0.26506954974704444,0.2565749660814699,0.2459971928908137,0.23320525646646517,0.2178845621630509,0.19941092790552345,0.1766196883491782,0.14603276464247575,0.07219623099163412,,,,,,,,,0.06649995111245459
87900.0,0.27976044862638083,0.2788068485837333,0.2760414362636101,0.2713986785931385,0.26487423288713485,0.25638933980991707,0.2458234054247737,0.23304544468566113,0.2177409774453365,0.19928612167343177,0.17651681823095813,0.1459570068100573,0.07216275601706246,,,,,,,,,0.0664686011289147
87960.0,0.27954817554955924,0.2785957005501146,0.2758335399403151,0.2711962044855579,0.2646793007809325,0.25620407651434385,0.2456499545868075,0.23288593880945502,0.21759766352108864,0.19916154645034037,0.17641413392831778,0.14588138135248463,0.0721293663204023,,,,,,,,,0.06643733712587144
88020.0,0.2793363255215273,0.2783849729938125,0.2756260566747083,0.27099413110635917,0.26448475234335955,0.2560191751758826,0.24547683943761062,0.23272673799049953,0.21745461964663115,0.19903720160719465,0.176311634938287,0.14580588791746385,0.07209606172334623,,,,,,,,,0.0664061589089756
88080.0,0.2791248973404176,0.278174664720874,0.27541898529564063,0.27079245732219503,0.26429058649317355,0.2558346347792616,0.24530405904118333,0.232567841384411,0.21731184508085094,0.1989130865170946,0.17620932075986917,0.14573052615425808,0.07206284203450705,,,,,,,,,0.06637506627166744
88140.0,0.278913889808628,0.2779647745415807,0.2752123246361165,0.2705911820037296,0.2640968021529534,0.2556504543127879,0.24513161246481643,0.23240924814975703,0.217169339085188,0.19878920055529417,0.1761071908940305,0.14565529571361027,0.07202970705122595,,,,,,,,,0.06634405899688119
88200.0,0.27870330173280305,0.2777553012704328,0.2750060735332728,0.2703903040256224,0.2639033982490818,0.25546663276833376,0.24495949877907813,0.2322509574480429,0.21702710092362693,0.19866554309920137,0.1760052448436869,0.14558019624767626,0.07199665656114031,,,,,,,,,0.0663131368585225
88260.0,0.2784931261107814,0.2775461922241814,0.2748000109714824,0.2701893553884585,0.26370956235712195,0.2552818247071047,0.24478578571499027,0.23209030842739037,0.21688135407480358,0.1985370518533711,0.17589652834455452,0.1454928575384493,0.07191670178259421,,,,,,,,,0.06628256671150864
88320.0,0.2782833559900965,0.2773374863129031,0.2745943447975553,0.2699887918461984,0.2635160959266889,0.25509736637887703,0.24461239835160548,0.23192995711015385,0.21673587330978422,0.19840879074700044,0.1757880015926265,0.14540566444129194,0.07183688581169997,,,,,,,,,0.06625210057806422
88380.0,0.27807399025797236,0.27712918243082796,0.27438907392565043,0.2697886123463078,0.2633229979511974,0.2549132568347425,0.24443933580986635,0.23176990269793335,0.2165906579200439,0.19828075917148813,0.17567966408930719,0.14531861658969936,0.0717572052411485,,,,,,,,,0.06622173524892232
88440.0,0.2778650278054304,0.27692127947596085,0.2741841972736304,0.2695888158398386,0.2631302674274869,0.25472949512901477,0.24426659721369334,0.23161014439501681,0.21644570719942013,0.19815295652028841,0.17557151533790422,0.14523171362479312,0.07167765710589762,,,,,,,,,0.06619146792575557
88500.0,0.27765646752727674,0.2767137763500655,0.273979713763047,0.26938940128141486,0.2629379033558089,0.2545460803192195,0.24409418168997316,0.2314506814083699,0.2163010204441055,0.1980253821889087,0.1754635548436786,0.14514495519339385,0.07159823881733486,,,,,,,,,0.06616129616011432
88560.0,0.277448308322087,0.27650667195865036,0.27377562231912755,0.26919036762921933,0.26274590473981285,0.25436301146608026,0.24392208836854537,0.231291512947624,0.21615659695263958,0.19789803557490643,0.17535578211391104,0.14505834094586753,0.0715189481081411,,,,,,,,,0.06613121780228606
88620.0,0.27724054909218987,0.27629996521095346,0.27357192187075835,0.268991713844979,0.26255427058653275,0.2541802876335042,0.24375031638219136,0.2311326382250669,0.2160124360259017,0.19777091607788866,0.17524819665796715,0.14497187053431562,0.07143978298588663,,,,,,,,,0.06610123095824773
88680.0,0.277033188743655,0.27609365501992855,0.27336861135047236,0.26879343889394997,0.26236299990637313,0.25399790788857196,0.24357886486662214,0.23097405645563052,0.21586853696710442,0.1976440230995105,0.17514079798734045,0.14488554361124265,0.07136074169381507,,,,,,,,,0.06607133395328145
88740.0,0.2768262261862761,0.275887740302229,0.27316568969443317,0.26859554174490563,0.26217209171309835,0.25381587130152344,0.24340773296046572,0.23081576685688157,0.2157248990817853,0.1975173560434773,0.1750335856156705,0.14479935982866307,0.07128182267758977,,,,,,,,,0.06604152530111759
88800.0,0.27661966033355634,0.27568221997819375,0.2729631558424221,0.2683980213701208,0.2619815450238157,0.2536341769457454,0.24323691980525622,0.23065776864901086,0.2155815216778007,0.1973909143155457,0.17492655905873128,0.14471331883756502,0.07120302455701766,,,,,,,,,0.06601180367769152
88860.0,0.2764134901026941,0.2754770929718338,0.2727610087378214,0.2682008767453596,0.2617913588589636,0.2534528238977586,0.24306642454542118,0.23050006105482293,0.2154384040653188,0.1972646973235278,0.1748197178343954,0.14462742028763845,0.07112434610194758,,,,,,,,,0.06598216789877112
88920.0,0.2762077144145701,0.2752723582108155,0.2725592473276043,0.26800410684986015,0.2616015322423004,0.2532718112372061,0.24289624632827037,0.23034264329972623,0.21529554555681277,0.19713870447729195,0.1747130614625801,0.14454166382719197,0.07104578621168142,,,,,,,,,0.06595261690084168
88980.0,0.27600233219372916,0.2750680146264484,0.2723578705623165,0.26780771066632175,0.26141206420088825,0.2530911380468396,0.24272638430398424,0.23018551461172232,0.21515294546705455,0.19701293518876514,0.17460658946518196,0.14445604910319948,0.07096734389735879,,,,,,,,,0.06592314972474661
89040.0,0.27579734236836917,0.27486406115366985,0.272156877396065,0.2676116871808914,0.26122295376508115,0.2529108034125085,0.24255683762560193,0.23002867422139717,0.21501060311310818,0.19688738887193324,0.17450030136600364,0.14437057576142445,0.07088901826685473,,,,,,,,,0.06589376550166165
89100.0,0.2755927438703246,0.27466049673102977,0.2719562667865026,0.2674160353831493,0.26103419996851274,0.25273080642314594,0.24238760544901045,0.22987212136191057,0.21486851781432476,0.1967620649428375,0.1743941966906807,0.1442852434465962,0.07081080851181892,,,,,,,,,0.06586446344105301
89160.0,0.27538853563505394,0.2744573203006798,0.27175603769481377,0.26722075426609704,0.26084580184808215,0.25255114617075697,0.24221868693293233,0.2297158552689872,0.21472668889233537,0.19663696281957171,0.17428827496660923,0.14420005180261164,0.0707327138965343,,,,,,,,,0.06583524282032482
89220.0,0.2751847166016231,0.2742545308083544,0.27155618908570234,0.2670258428261416,0.2606577584439416,0.25237182175040757,0.24205008123891522,0.2295598751809063,0.21458511567104618,0.19651208192227526,0.174182535722878,0.1441150004727427,0.07065473374832962,,,,,,,,,0.06580610297590776
89280.0,0.2749812857126928,0.2740521272033594,0.27135671992737603,0.266831300063084,0.2604700687994841,0.2521928322602106,0.24188178753132047,0.2294041803384928,0.21444379747663256,0.19638742167312506,0.17407697849020648,0.14403008909984377,0.07057686744931878,,,,,,,,,0.06577704329557946
89340.0,0.2747782419145055,0.2738501084385584,0.2711576291915337,0.26663712498010583,0.26028273196132873,0.25201417680131494,0.24171380497731162,0.22924876998510785,0.2143027336375323,0.19626298149632473,0.17397160280089044,0.14394531732655064,0.07049911442927607,,,,,,,,,0.06574806321183947
89400.0,0.2745755841568679,0.2736484734703585,0.2709589158533504,0.266443316583754,0.2600957469793103,0.25183585447789253,0.24154613274684378,0.22909364336663998,0.21416192348444024,0.196138760818093,0.1738664081887523,0.1438606847954659,0.07042147415948664,,,,,,,,,0.0657191621961881
89460.0,0.2743733113931408,0.27344722125869364,0.2707605788914658,0.26624987388393,0.25990911290646496,0.25165786439712723,0.2413787700126527,0.2289387997314958,0.2140213663503015,0.19601475906664986,0.17376139418910108,0.1437761911493286,0.07034394614742955,,,,,,,,,0.0656903397541811
89520.0,0.27417142258022187,0.2732463507670158,0.270562617287968,0.26605679589387515,0.2597228287990189,0.2514802056692019,0.24121171595024338,0.22878423833059097,0.21388106157030554,0.1958909756722035,0.1736565603386973,0.14369183603116847,0.07026652993218147,,,,,,,,,0.0656615954211511
89580.0,0.27396991667853393,0.2730458609622768,0.270365030028382,0.2658640816301581,0.2595368937163742,0.2513028774072874,0.24104496973787973,0.22862995841734196,0.21374100848187838,0.19576741006693332,0.17355190617572339,0.14360761908444306,0.07018922508043646,,,,,,,,,0.06563292875850274
89640.0,0.2737687926520106,0.2728457508149157,0.27016781610165513,0.2656717301126614,0.25935130672109696,0.2511258787275305,0.24087853055657385,0.22847595924765582,0.2136012064246758,0.19564406168497606,0.17344743123976172,0.14352353995316064,0.07011203118305823,,,,,,,,,0.06560433935050188
89700.0,0.2735680494680817,0.2726460192988472,0.2699709745001439,0.26547974036456756,0.2591660668789055,0.25094920874904175,0.24071239759007498,0.22832224007992297,0.213461654740576,0.19552092996240925,0.1733431350717751,0.14343959828198685,0.07003494785208955,,,,,,,,,0.06557582680149007
89760.0,0.2733676860976609,0.2724466653914452,0.2697745042196015,0.265288111412349,0.25898117325865644,0.25077286659388376,0.24054657002485985,0.22816880017500707,0.21332235277367087,0.19539801433723536,0.1732390172140927,0.14335579371633841,0.06995797471815735,,,,,,,,,0.06554739073346683
89820.0,0.2731677015151303,0.2722476880735304,0.269578404259162,0.26509684228575187,0.2587966249323344,0.25059685138706056,0.24038104705012095,0.22801563879623749,0.21318329987025825,0.19527531424936653,0.17313507721039936,0.14327212590246427,0.06988111142821933,,,,,,,,,0.06551903078398925
89880.0,0.2729680946983283,0.27204908632935665,0.26938267362133056,0.26490593201778495,0.2586124209750383,0.2504211622565051,0.24021582785775758,0.22786275520939936,0.2130444953788336,0.19515282914060875,0.1730313146057279,0.1431885944875155,0.06980435764360571,,,,,,,,,0.0654907466043454
89940.0,0.2727688646285361,0.2718508591465985,0.26918731131196716,0.2647153796447063,0.2584285604649681,0.2502457983330674,0.24005091164236367,0.22771014868272563,0.21290593865008073,0.19503055845464776,0.1729277289464526,0.14310519911960448,0.06972771303831446,,,,,,,,,0.06546253785796538
90000.0,0.27257001029046346,0.27165300551633625,0.26899231634027493,0.26452518420601073,0.25824504248341495,0.2500707587505045,0.23988629760121938,0.2275578184868879,0.21276762903686303,0.19490850163703316,0.17282431978028773,0.1430219394478562,0.06965117729752889,,,,,,,,,0.06543440421903754
90060.0,0.27237153616647414,0.27145557413508115,0.26879790036055345,0.26433579656908573,0.25806265169723785,0.24989734532714358,0.2397238575606165,0.22740834512175953,0.2126332347475026,0.19479158274264896,0.17272786318966762,0.14295091047410566,0.06962126097113608,,,,,,,,,0.06540608831078187
90120.0,0.2721734467003668,0.27125852508968806,0.268603860013402,0.26414677342552484,0.25788060998567935,0.24972426133967954,0.23956172318292154,0.22725914966991834,0.21249908660573708,0.1946748739464824,0.1726315756856785,0.14288000195432035,0.06959140020089435,,,,,,,,,0.0653778293050861
90180.0,0.27197574082436066,0.2710618573193791,0.2684101942582312,0.2639581137682025,0.2576989163877529,0.249551505885567,0.23939989363579992,0.2271102313802243,0.21236518395240023,0.19455837469251458,0.17253545682663518,0.1428092135623233,0.06956159747026905,,,,,,,,,0.06534962954101879
90240.0,0.2717784174743937,0.2708655697670679,0.26821690205807086,0.2637698165934895,0.2575175699458014,0.2493790780653783,0.23923836808978216,0.22696158950411977,0.21223152613059887,0.19444208442661745,0.17243950617218112,0.14273854496802324,0.06953185489052305,,,,,,,,,0.0653214910040547
90300.0,0.2715814755901068,0.2706696613793471,0.26802398237955405,0.26358188090124035,0.2573365697054836,0.24920697698278949,0.23907714571825303,0.22681322329562026,0.21209811248570176,0.19432600259654237,0.172343723283239,0.14266799583904652,0.0695021742545203,,,,,,,,,0.06529341537723092
90360.0,0.2713849141148282,0.2704741311064704,0.2678314341929042,0.2633943056947763,0.2571559147157595,0.24903520174456886,0.23891622569744017,0.22666513201130392,0.21196494236532876,0.19421012865190723,0.17224810772194854,0.14259756584243818,0.06947255708211596,,,,,,,,,0.06526540408430086
90420.0,0.2711887319955588,0.2702789779023392,0.26763925647191816,0.26320708998087416,0.256975604028878,0.24886375146056436,0.23875560720640257,0.22651731491030158,0.21183201511934108,0.19409446204418335,0.172152659051604,0.14252725464606694,0.06944300465861834,,,,,,,,,0.0652374583262983
90480.0,0.2709929281829577,0.27008420072448724,0.2674474481939546,0.2630202327697509,0.2567956367003629,0.24869262524369048,0.23859528942701977,0.22636977125428615,0.21169933009982989,0.1939790022266819,0.1720573768366067,0.1424570619196514,0.06941351806749603,,,,,,,,,0.06520957911262798
90540.0,0.270797501631326,0.2698897985340671,0.267256008339916,0.26283373307504965,0.2566160117890005,0.24852182220991648,0.23843527154398028,0.2262225003074629,0.21156688666110574,0.19386374865453934,0.17196226064243753,0.14238698733544625,0.06938409821827576,,,,,,,,,0.065181767287582
90600.0,0.2706024512985932,0.2696957702958337,0.26706493589423796,0.26264758991382564,0.2564367283568252,0.24835134147825424,0.23827555274477097,0.22607550133655846,0.21143468415968877,0.19374870078470136,0.17186731003565264,0.14231703056865197,0.06935474587039542,,,,,,,,,0.06515402355300944
90660.0,0.27040777614630224,0.2695021149781297,0.2668742298448715,0.2624618023065325,0.25625778546910594,0.2481811821707453,0.23811613221966538,0.22592877361081123,0.21130272195429628,0.19363385807590744,0.17177252458389558,0.14224719129761834,0.06932546165364369,,,,,,,,,0.06512634848773993
90720.0,0.2702134751395943,0.26930883155287283,0.2666838891832711,0.2622763692770083,0.256079182194336,0.24801134341244954,0.23795700916171322,0.22578231640196078,0.2111709994058332,0.19351921998867522,0.17167790385592802,0.14217746920390234,0.06929624608570611,,,,,,,,,0.06509874256425564
90780.0,0.27001954724719507,0.2691159189955399,0.26649391290437946,0.2620912898524626,0.2559009176042158,0.24784182433143248,0.23779818276672868,0.22563612898423768,0.21103951587738085,0.19340478598528482,0.17158344742166737,0.14210786397222389,0.06926709958725258,,,,,,,,,0.0650712061630255
90840.0,0.2698259914413993,0.2689233762851524,0.2663043000066136,0.26190656306346227,0.25572299077364313,0.2476726240587535,0.23763965223328026,0.22549021063435307,0.21090827073418578,0.1932905555297665,0.171489154852232,0.14203837529035893,0.06923802249492794,,,,,,,,,0.06504373958484592
90900.0,0.26963280669805656,0.26873120240426246,0.2661150494918502,0.2617221879439173,0.25554540078069904,0.24750374172845327,0.23748141676267878,0.22534456063148836,0.21077726334364855,0.1931765280878866,0.17139502571998746,0.14196900284899164,0.069209015072553,,,,,,,,,0.06501634306148014
90960.0,0.2694399919965571,0.2685393963389385,0.26592616036541267,0.26153816353106735,0.25536814670663555,0.24733517647754302,0.23732347555896718,0.22519917825728478,0.210646493075313,0.19306270312713777,0.17130105959859293,0.14189974634154778,0.06918007752079347,,,,,,,,,0.06498901676484115
91020.0,0.2692475463198185,0.2683479570787507,0.26573763163605657,0.26135448886546897,0.25519122763586094,0.24716692744599153,0.23716582782890946,0.22505406279583295,0.21051595930085445,0.19294908011673037,0.1712072560630443,0.14183060546401893,0.06915120998551504,,,,,,,,,0.06496176081492588
91080.0,0.2690554686542684,0.2681568836167578,0.2655494623159554,0.2611711629909826,0.25501464265592944,0.24699899377671344,0.23700847278197956,0.2249092135336631,0.21038566139406956,0.19283565852758358,0.1711136146897132,0.14176157991478822,0.0691224125650102,,,,,,,,,0.06493457528667729
91140.0,0.26886375798983275,0.2679661749494906,0.26536165142068696,0.2609881849547575,0.2548383908575273,0.2468313746155581,0.23685140963035056,0.22476462975973385,0.21025559873086458,0.19272243783232146,0.1710201350563814,0.14169266939446296,0.06909368531625583,,,,,,,,,0.06490746021592496
91200.0,0.26867241331992203,0.2677758300769412,0.2651741979692201,0.2608055538072195,0.25466247133446074,0.2466640691112967,0.2366946375888837,0.22462031076542233,0.21012577068924487,0.19260941750526742,0.17092681674226903,0.14162387360571604,0.06906502826033555,,,,,,,,,0.06488041560453257
91260.0,0.268481433641415,0.26758584800254703,0.2649871009839004,0.2606232686020583,0.25448688318364254,0.24649707641561172,0.23653815587511806,0.2244762558445134,0.20999617664930437,0.1924965970224413,0.17083365932805897,0.14155519225313998,0.06903644138714243,,,,,,,,,0.06485344142486137
91320.0,0.26829081795464627,0.2673962277331765,0.26480035949043645,0.2604413283962129,0.25431162550508024,0.246330395683085,0.23638196370925896,0.2243324642931894,0.20986681599321602,0.19238397586155714,0.17074066239591484,0.14148662504311443,0.06900792465946054,,,,,,,,,0.0648265376236436
91380.0,0.2681005652633924,0.26720696827911583,0.26461397251788665,0.26025973224985977,0.2541366974018636,0.24616402607118537,0.23622606031416804,0.22418893541002044,0.20973768810521984,0.1922715535020211,0.17064782552949523,0.14141817168368384,0.06897947801651069,,,,,,,,,0.06479970412534705
91440.0,0.26791067457485707,0.2670180686540556,0.2644279390986459,0.26007847922639904,0.2539620979801521,0.2459979667402577,0.23607044491535142,0.22404566849595242,0.20960879237161528,0.19215932942493125,0.17055514831396248,0.14134983188444955,0.06895110137703174,,,,,,,,,0.06477294083509855
91500.0,0.26772114489965754,0.26682952787507686,0.2642422582684314,0.2598975683924416,0.25378782634916297,0.24583221685351164,0.23591511674094984,0.2239026628542983,0.20948012818075115,0.19204730311307602,0.17046263033598902,0.14128160535647413,0.06892279464196124,,,,,,,,,0.06474624764122679
91560.0,0.26753197525181077,0.2666413449626371,0.2640569290662694,0.2597169988177965,0.2536138816211578,0.2456667755770099,0.2357600750217277,0.22375991779072735,0.2093516949230162,0.1919354740509337,0.17037027118375941,0.14121349181219514,0.0688945576967687,,,,,,,,,0.06471962441747549
91620.0,0.2673431646487208,0.2664535189405571,0.2638719505344828,0.25953676957545774,0.25344026291143157,0.24550164207965608,0.2356053189910621,0.22361743261325487,0.20922349199083057,0.19182384172467232,0.17027807044697013,0.1411454909653502,0.06886639041348752,,,,,,,,,0.06469307102493049
91680.0,0.26715471211116393,0.2662660488360056,0.26368732171867665,0.2593568797415917,0.2532669693383008,0.24533681553318454,0.23545084788493278,0.22347520663223147,0.2090955187786379,0.1917124056221483,0.17018602771682548,0.14107760253090978,0.06883829265248628,,,,,,,,,0.0646665873136992
91740.0,0.26696661666327504,0.2660789336794885,0.26350304166772553,0.2591773283955245,0.25309400002308907,0.24517229511214852,0.23529666094191107,0.22333323916033415,0.2089677746828963,0.19160116523290577,0.1700941425860335,0.14100982622502004,0.06881026426401252,,,,,,,,,0.06464017312437427
91800.0,0.26677887733253414,0.26589217250483455,0.2633191094337606,0.25899811461972844,0.2529213540901177,0.24500807999390792,0.23514275740314874,0.22319152951255558,0.20884025910207138,0.1914901200481756,0.17000241464879895,0.14094216176495195,0.06878230508954059,,,,,,,,,0.0646138282893114
91860.0,0.26659149314975467,0.26570576434918014,0.2631355240721554,0.25881923749981084,0.2527490306666924,0.24484416935861952,0.23498913651236827,0.22305007700619434,0.2087129714366275,0.19137926956087356,0.1699108435008149,0.14087460886905695,0.06875441496294815,,,,,,,,,0.06458755263374429
91920.0,0.2664044631490674,0.265519708252959,0.26295228464151427,0.25864069612450025,0.25257702888309164,0.24468056238922523,0.23483579751585215,0.22290888096084518,0.20858591108902153,0.19126861326559902,0.16981942873925335,0.1408071672567293,0.06872659371154359,,,,,,,,,0.06456134597675828
91980.0,0.2662177863679084,0.2653340032598864,0.26276939020365825,0.25846248958563406,0.2524053478725542,0.2445172582714404,0.23468273966243233,0.22276794069838987,0.2084590774636949,0.19115815065863187,0.1697281699627562,0.1407398366483722,0.06869884115696451,,,,,,,,,0.06453520813214175
92040.0,0.26603146184700627,0.2651486484169469,0.2625868398236132,0.2582846169781467,0.25223398677126746,0.24435425619374346,0.2345299622034792,0.22262725554298668,0.20833246996706625,0.19104788123793068,0.16963706677142326,0.14067261676536963,0.06867115711596306,,,,,,,,,0.06450913890913003
92100.0,0.2658454886303682,0.26496364277438184,0.2624046325695961,0.2581070774000563,0.2520629447183574,0.24419155534736392,0.23437746439289253,0.22248682482106155,0.20820608800752533,0.19093780450312903,0.16954611876680215,0.14060550733006213,0.06864354140109324,,,,,,,,,0.06448313811305639
92160.0,0.26565986576526646,0.2647789853856755,0.26222276751300216,0.25792986995245337,0.25189222085587415,0.2440291549262717,0.2342252454870894,0.22234664786129876,0.20807993099542546,0.19082791995553286,0.1694553255518765,0.14053850806572443,0.06861599382131264,,,,,,,,,0.06445720554592187
92220.0,0.2654745923022248,0.26459467530754166,0.262041243728393,0.25775299373948757,0.2517218143287812,0.24386705412716722,0.23407330474499566,0.22220672399463123,0.20795399834307665,0.1907182270981164,0.1693646867310544,0.140471618696548,0.06858851418250922,,,,,,,,,0.0644313410068941
92280.0,0.2652896672950092,0.26441071159991203,0.2618600602934828,0.2575764478683567,0.25155172428494466,0.2437052521494681,0.23392164142803437,0.22206705255423198,0.20782828946473966,0.1906087254355177,0.16927420191015746,0.14040483894762476,0.06856110228796361,,,,,,,,,0.06440554429274487
92340.0,0.26510508980060926,0.264227093325922,0.2616792162891266,0.2574002314492923,0.25138194987512097,0.24354374819530056,0.23377025480011585,0.22192763287550438,0.20770280377661837,0.19049941447403496,0.16918387069640792,0.14033816854493486,0.06853375793875324,,,,,,,,,0.06437981519823266
92400.0,0.2649208588792301,0.26404381955189904,0.2614987107993072,0.2572243435955501,0.2512124902529456,0.24338254146948685,0.23361914412762827,0.22178846429607396,0.20757754069685433,0.19039029372162095,0.16909369269841915,0.14027160721533294,0.06850648093410805,,,,,,,,,0.06435415351643915
92460.0,0.2647369735942759,0.2638608893473481,0.2613185429111228,0.2570487834233961,0.25104334457492045,0.24322163117953577,0.23346830867942675,0.2216495461557789,0.20745249964551904,0.19028136268787907,0.16900366752618318,0.14020515468654077,0.06847927107172226,,,,,,,,,0.06432855903906423
92520.0,0.26455343301233875,0.2636783017849413,0.2611387117147745,0.2568735500520953,0.25087451200040406,0.24306101653563056,0.23331774772682337,0.22151087779666154,0.20732768004460816,0.1901726208840573,0.1689137947910591,0.14013881068713693,0.06845212814802717,,,,,,,,,0.06430303155668396
92580.0,0.2643702362031863,0.26349605594050346,0.2609592163035542,0.2566986426038998,0.2507059916915994,0.2429006967506189,0.23316746054357831,0.22137245856295978,0.20720308131803486,0.19006406782304283,0.1688240741057643,0.14007257494655045,0.06842505195843239,,,,,,,,,0.06427757085897863
92640.0,0.2641873822397486,0.26331415089299964,0.2607800557738323,0.25652406020403684,0.25053778281354205,0.24274067104000227,0.2330174464058884,0.22123428780109833,0.20707870289162258,0.18995570301935644,0.16873450508436172,0.14000644719505398,0.06839804229753622,,,,,,,,,0.06425217673493173
92700.0,0.26400487019810515,0.26313258572452375,0.2606012292250445,0.25634980198069657,0.2503698845340898,0.24258093862192487,0.23286770459237816,0.22109636485967968,0.2069545441930993,0.189847525989147,0.1686450873422511,0.13994042716375962,0.06837109895931166,,,,,,,,,0.0642268489730056
92760.0,0.2638226991574723,0.26295135952028487,0.2604227357596801,0.25617586706502005,0.25020229602391086,0.24242149871716348,0.23271823438408998,0.22095868908947658,0.20683060465209074,0.18973953625018505,0.16855582049615786,0.13987451458461267,0.06834422173726966,,,,,,,,,0.06420158736129566
92820.0,0.26364086820019084,0.26277047136859544,0.26024457448327,0.25600225459108794,0.2500350164564727,0.24226235054911632,0.23256903506447446,0.22082125984342285,0.2067068837001135,0.18963173332185695,0.16846670416412435,0.13980870919038876,0.06831741042460249,,,,,,,,,0.06417639168766591
92880.0,0.263459376411714,0.26258992036085743,0.26006674450437467,0.25582896369590935,0.24986804500803075,0.24210349334379355,0.2324201059193806,0.2206840764766056,0.20658338077056881,0.1895241167251579,0.1683777379654995,0.1397430107146901,0.0682906648143099,,,,,,,,,0.06415126173986786
92940.0,0.2632782228805953,0.262409705591553,0.25988924493457227,0.25565599351940965,0.2497013808576175,0.24194492632980552,0.23227144623704576,0.2205471383462563,0.20646009529873527,0.18941668598268654,0.16828892152093072,0.13967741889194257,0.06826398469931072,,,,,,,,,0.06412619730564595
93000.0,0.2630974066984739,0.26222982615822993,0.25971207488844544,0.2554833432044177,0.24953502318703147,0.24178664873835326,0.23212305530808716,0.22041044481174313,0.20633702672176257,0.18930944061863786,0.168200254452354,0.13961193345739226,0.06823736987254025,,,,,,,,,0.06410119817282933
93060.0,0.26291692696006586,0.2620502811614891,0.2595352334835705,0.2553110118966559,0.24936897118082615,0.24162865980321746,0.23197493242549114,0.22027399523456198,0.20621417447866533,0.18920238015879687,0.16811173638298635,0.13954655414710396,0.0682108201270366,,,,,,,,,0.06407626412941324
93120.0,0.2627367827631489,0.2618710697049745,0.25935871984050507,0.25513899874472834,0.2492032240262986,0.24147095876074903,0.23182707688460477,0.22013778897832903,0.20609153801031535,0.18909550413053178,0.16802336693731618,0.13948128069795876,0.06818433525601668,,,,,,,,,0.06405139496363067
93180.0,0.26255697320854987,0.2616921908953584,0.25918253308277667,0.2549673029001093,0.24903778091347906,0.24131354484985795,0.23167948798312613,0.22000182540877303,0.20596911675943555,0.1889888120627879,0.1679351457410962,0.1394161128476525,0.06815791505294291,,,,,,,,,0.06402659046401511
93240.0,0.26237749740013755,0.26151364384233167,0.25900667233686975,0.25479592351713093,0.24887264103512033,0.24115641731200396,0.23153216502109494,0.21986610389372555,0.20584691017059303,0.18888230348608048,0.16784707242133556,0.1393510503346924,0.068131559311582,,,,,,,,,0.06400185041945583
93300.0,0.2621983544448041,0.261335427658591,0.2588311367322156,0.2546248597529725,0.2487078035866857,0.24099957539118516,0.23138510730088319,0.21973062380311484,0.205724917690192,0.1887759779324883,0.16775914660629154,0.1392860928983966,0.06810526782605664,,,,,,,,,0.06397717461924654
93360.0,0.2620195434524572,0.2611575414598256,0.2586559254011792,0.2544541107676506,0.24854326776633903,0.24084301833392896,0.2312383141271862,0.21959538450895655,0.2056031387664679,0.18866983493564654,0.16767136792546283,0.13922124027889274,0.0680790403908914,,,,,,,,,0.06395256285312846
93420.0,0.26184106353600684,0.26097998436470743,0.25848103747904877,0.25428367572400473,0.2483790327749346,0.24068674538928225,0.23109178480701303,0.21946038538534623,0.20548157284947935,0.1885638740307411,0.16758373600958176,0.1391564922171158,0.06805287680105288,,,,,,,,,0.06392801491132802
93480.0,0.26166291381135254,0.2608027554948784,0.25830647210402247,0.2541135537876895,0.2482150978160052,0.24053075580879996,0.2309455186496781,0.2193256258084513,0.20536021939110202,0.18845809475450062,0.1674962504906081,0.13909184845480627,0.06802677685198444,,,,,,,,,0.06390353058458939
93540.0,0.26148509339737447,0.26062585397493826,0.25813222841719863,0.25394374412715986,0.24805146209575224,0.2403750488465362,0.2307995149667912,0.21919110515650345,0.2052390778450223,0.18835249664519094,0.16740891100172126,0.1390273087345093,0.06800074033963796,,,,,,,,,0.06387910966420425
93600.0,0.26130760141591713,0.2604492789324334,0.25795830556256355,0.2537742459136639,0.24788812482303466,0.24021962375903402,0.2306537730722493,0.2190568228097903,0.2051181476667288,0.1882470792426077,0.1673217171773146,0.13896287279957303,0.06797476706050098,,,,,,,,,0.06385475194203709
93660.0,0.26113043699178107,0.2602730294978446,0.25778470268697995,0.25360505832122865,0.24772508520935876,0.24006447980531626,0.23050829228222713,0.21892277815064795,0.20499742831350737,0.18814184208806975,0.16723466865298858,0.13889854039414665,0.06794885681162052,,,,,,,,,0.06383045721054756
93720.0,0.2609535992527098,0.2600971048045758,0.25761141894017603,0.2534361805266508,0.24756234246886824,0.23990961624687412,0.23036307191516855,0.21878897056345242,0.20487691924443335,0.18803678472441337,0.16714776506554407,0.13883431126317947,0.06792300939062379,,,,,,,,,0.06380622526280967
93780.0,0.2607770873293791,0.2599215039889431,0.2574384534747334,0.25326761170948436,0.2473998958183321,0.23975503234765927,0.2302181112917772,0.21865539943461312,0.20475661992036454,0.18793190669598428,0.16706100605297677,0.13877018515241896,0.06789722459573726,,,,,,,,,0.06378205589252957
93840.0,0.26060090035538436,0.2597462261901622,0.2572658054460757,0.25309935105203174,0.24723774447713606,0.2396007273740724,0.23007340973500828,0.21852206415256373,0.20463652980393468,0.1878272075486324,0.16697439125447136,0.13870616180840903,0.06787150222580239,,,,,,,,,0.06375794889406014
93900.0,0.26042503746722945,0.2595712705503373,0.25709347401245897,0.2529313977393306,0.24707588766727115,0.23944670059495501,0.22992896657005926,0.2183889641077556,0.20451664835954642,0.18772268682970464,0.1668879203103949,0.13864224097848965,0.06784584208028982,,,,,,,,,0.0637339040624141
93960.0,0.26024949780431383,0.2593966362144494,0.25692145833495816,0.2527637509591446,0.2469143246133234,0.23929295128157899,0.2297847811243612,0.21825609869264875,0.20439697505336507,0.18761834408803868,0.16680159286229138,0.13857842241079313,0.06782024395931119,,,,,,,,,0.06370992119327494
94020.0,0.2600742805089251,0.259222322330346,0.256749757577458,0.25259640990195203,0.24675305454246432,0.23913947870763713,0.22964085272757043,0.21812346730170593,0.20427750935331046,0.18751417887395644,0.16671540855287606,0.1385147058542443,0.06779470766363041,,,,,,,,,0.06368600008300723
94080.0,0.25989938472622215,0.25904832804872796,0.2565783709066404,0.2524293737609353,0.24659207668443966,0.23898628214923343,0.22949718071155956,0.21799106933138301,0.20415825072905155,0.18741019073925758,0.1666293670260306,0.13845109105855782,0.06776923299467241,,,,,,,,,0.0636621405286647
94140.0,0.25972480960422867,0.25887465252314096,0.2564072974919741,0.2522626417319699,0.24643139027156027,0.2388333608848745,0.22935376441040897,0.21785890418012277,0.20403919865199896,0.18730637923721338,0.16654346792679672,0.13838757777423727,0.06774381975453106,,,,,,,,,0.0636383423279974
94200.0,0.259550554293819,0.2587012949099613,0.25623653650570405,0.2520962130136139,0.2462709945386917,0.23868071419545855,0.22921060316039787,0.21772697124834667,0.2039203525952977,0.1872027439225603,0.166457710901371,0.13832416575257186,0.0677184677459762,,,,,,,,,0.063614605279458
94260.0,0.25937661794870676,0.2585282543683859,0.25606608712283907,0.25193008680709805,0.24611088872324302,0.23852834136426768,0.22906769629999674,0.21759526993844727,0.20380171203382128,0.1870992843514939,0.16637209559709984,0.13826085474563596,0.06769317677245928,,,,,,,,,0.06359092918220702
94320.0,0.2592029997254366,0.25835553006042206,0.2558959485211428,0.2517642623163141,0.24595107206515845,0.23837624167695726,0.22892504316985723,0.21746379965478072,0.20368327644416426,0.1869960000816623,0.1662866216624749,0.13819764450628697,0.067667946638118,,,,,,,,,0.06356731383611677
94380.0,0.25902969878336957,0.258183121150875,0.2557261198811214,0.25159873874780536,0.2457915438069065,0.23822441442154715,0.2287826431128052,0.21733255980365915,0.20356504530463576,0.18689289067215986,0.1662012887471267,0.1381345347881631,0.06764277714778093,,,,,,,,,0.06354375904177557
94440.0,0.2588567142846723,0.2580110268073384,0.255556600386014,0.2514335153107554,0.24563230319347007,0.23807285888841287,0.22864049547383172,0.21720154979334344,0.2034470180952527,0.18678995568352158,0.1661160965018208,0.1380715253456814,0.06761766810697066,,,,,,,,,0.06352026460049037
94500.0,0.2586840453943101,0.2578392462001812,0.25538738922178,0.25126859121697825,0.24547334947233687,0.23792157437027567,0.22849859960008437,0.21707076903403488,0.20332919429773344,0.186687194677717,0.16603104457845194,0.1380086159340364,0.06759261932190613,,,,,,,,,0.06349683031428872
94560.0,0.2585116912800309,0.2576677785025395,0.25521848557709037,0.25110396568090754,0.24531468189348898,0.23777056016219328,0.22835695484085944,0.21694021693786913,0.20321157339549006,0.18658460721814338,0.16594613263004052,0.1379458063091967,0.06756763059950546,,,,,,,,,0.06347345598592118
94620.0,0.25833965111235624,0.25749662289030245,0.25504988864331585,0.250939637919587,0.24515629970939395,0.2376198155615514,0.22821556054759307,0.21680989291890723,0.20309415487362295,0.1864821928696205,0.16586136031072585,0.13788309622790493,0.06754270174738716,,,,,,,,,0.0634501414188622
94680.0,0.2581679240645707,0.2573257785421041,0.25488159761451723,0.2507756071526592,0.24499820217499416,0.23746933986805419,0.22807441607385312,0.21667979639312918,0.2029769382189128,0.18637995119838477,0.16577672727576329,0.13782048544767347,0.06751783257387162,,,,,,,,,0.06342688641731123
94740.0,0.2579965093127113,0.25715524463931166,0.25471361168743334,0.25061187260235585,0.24484038854769766,0.2373191323837155,0.22793352077533144,0.2165499267784262,0.20285992291981544,0.18627788177208252,0.16569223318151813,0.13775797372678444,0.06749302288798135,,,,,,,,,0.06340369078619278
94800.0,0.257825406035556,0.25698502036601417,0.254545930061472,0.2504484334934879,0.2446828580873683,0.23716919241284953,0.22779287400983475,0.21642028349459325,0.20274310846645416,0.18617598415976444,0.1656078776854621,0.1376955608242859,0.06746827249944247,,,,,,,,,0.06338055433115738
94860.0,0.2576546134146133,0.2568151049090134,0.2543785519386988,0.25028528905343506,0.24452561005631615,0.2370195192620622,0.2276524751372773,0.21629086596332167,0.20262649435061295,0.18607425793188048,0.16552366044616793,0.13763324649999026,0.06744358121868388,,,,,,,,,0.06335747685858076
94920.0,0.2574841306341102,0.2566454974578106,0.25421147652382625,0.2501224385121355,0.2443686437192879,0.23687011224024196,0.22751232351967207,0.21616167360819233,0.20251008006573154,0.18597270266027288,0.1654395811233055,0.13757103051447225,0.06741894885683751,,,,,,,,,0.06333445817556366
94980.0,0.2573139568809842,0.2564761972045987,0.2540447030242053,0.24995988110207648,0.2442119583434577,0.23672097065855052,0.22737241852112294,0.2160327058546673,0.20239386510689716,0.18587131791817119,0.16535563937763623,0.1375089126290662,0.06739437522573784,,,,,,,,,0.06331149808993117
95040.0,0.2571440913448696,0.25630720334424995,0.25387823064981196,0.24979761605828352,0.24405555319841687,0.23657209383041533,0.22723275950781668,0.21590396213008406,0.20227784897083798,0.18577010328018634,0.16527183487101005,0.13744689260586468,0.06736986013792134,,,,,,,,,0.06328859641023196
95100.0,0.25697453321808994,0.2561385150743065,0.2537120586132403,0.24963564261831134,0.24389942755616506,0.23642348107151923,0.22709334584801472,0.2157754418636467,0.20216203115591866,0.18566905832230507,0.16518816726636043,0.1373849702077151,0.06734540340662537,,,,,,,,,0.06326575294573698
95160.0,0.2568052816956449,0.2559701315949687,0.25354618612968943,0.24947396002223365,0.2437435806911007,0.23627513169979286,0.22695417691204522,0.21564714448642014,0.2020464111621312,0.18556818262188404,0.16510463622769941,0.13732314519821817,0.06732100484578737,,,,,,,,,0.06324296750643843
95220.0,0.2566363359752015,0.25580205210908624,0.25338061241695464,0.24931256751263278,0.2435880118800118,0.23612704503540521,0.22681525207229528,0.21551906943132146,0.2019309884910908,0.18546747575764466,0.16502124142011423,0.13726141734172495,0.06729666427004344,,,,,,,,,0.06322023990304812
95280.0,0.256467695257083,0.2556342758221464,0.25321533669541757,0.24915146433459073,0.2434327204020664,0.2359792204007549,0.22667657070320243,0.21539121613311402,0.2018157626460277,0.1853669373096672,0.16493798250976202,0.13719978640333533,0.06727238149472707,,,,,,,,,0.06319756994699613
95340.0,0.2562993587442576,0.25546680194226445,0.253050358188035,0.2489906497356787,0.24327770553880365,0.23583165712046247,0.22653813218124733,0.21526358402839965,0.20170073313178233,0.18526656685938503,0.16485485916386658,0.13713825214889488,0.06724815633586778,,,,,,,,,0.06317495745042914
95400.0,0.25613132564233065,0.25529962968017333,0.25288567612033025,0.2488301229659479,0.24312296657412358,0.2356843545213606,0.2263999358849453,0.21513617255561138,0.20158589945479777,0.18516636398957995,0.16477187105071342,0.1370768143449929,0.0672239886101892,,,,,,,,,0.06315240222620848
95460.0,0.2559635905160277,0.2551327135019315,0.25272109705157636,0.24866947319786462,0.24296778879513592,0.23553612551073932,0.22626027245441627,0.21500662048703886,0.20146789314248262,0.18506179132138395,0.16468274612604197,0.13700417313971602,0.06715495355940444,,,,,,,,,0.06313013308576573
95520.0,0.2557961479655869,0.2549660882445611,0.25255680418675885,0.24850910172812618,0.24281287835582638,0.23538814999512075,0.22612084560413068,0.21487728523341545,0.20135008126090184,0.1849573874959431,0.16459376112727653,0.13693164021356627,0.06708602399240608,,,,,,,,,0.06310793398919162
95580.0,0.25562899725361515,0.25479975317520837,0.25239279680593113,0.24834900785838157,0.24265823458766814,0.23524042734344106,0.22598165474850618,0.2147481662618531,0.20123246333625242,0.18485315210605058,0.16450491572098896,0.13685921531575929,0.06701719771052242,,,,,,,,,0.06308580289597843
95640.0,0.25546213764506176,0.25463370756334813,0.2522290741914316,0.24818919089249222,0.242503856824247,0.23509295692662618,0.2258426993038009,0.21461926304113352,0.20111503889621024,0.18474908474576612,0.16441620957479303,0.1367868981990054,0.066948472769598,,,,,,,,,0.0630637379997783
95700.0,0.2552955684072111,0.2544679506807738,0.25206563562787365,0.24802965013652364,0.2423497444012544,0.23494573811758385,0.2257039786881066,0.2144905750417016,0.20099780746992618,0.18464518501041194,0.16432764235736186,0.13671468861880146,0.06687984744665715,,,,,,,,,0.06304173769783242
95760.0,0.25512928880967234,0.2543024818015881,0.25190248040213886,0.24787038489873733,0.24219589665647906,0.23479877029119692,0.22556549232134146,0.21436210173565995,0.2008807685880192,0.18454145249656684,0.16423921373845257,0.136642586332614,0.06681132021123865,,,,,,,,,0.06301980056467885
95820.0,0.25496329812437124,0.25413730020219766,0.2517396078033684,0.2477113944895825,0.24204231292979966,0.2346520528243147,0.22542723962524375,0.21423384259676168,0.20076392178257205,0.184437886802063,0.16415092338893425,0.13657059109915662,0.06674288970067689,,,,,,,,,0.06299792532947185
95880.0,0.25479759562554116,0.25397240516129993,0.25157701712295255,0.24755267822168767,0.24188899256317628,0.2345055850957471,0.22528922002336546,0.21410579710040503,0.2006472665871254,0.18433448752598183,0.16406277098081043,0.13649870267782052,0.06667455469873425,,,,,,,,,0.06297611085637096
95940.0,0.25463218058971593,0.2538077959598774,0.25141470765452417,0.24739423540985342,0.24173593490064393,0.2343593664862571,0.22515143294106446,0.21397796472362757,0.2005308025366714,0.18423125426865175,0.16397475618723453,0.13642692082826302,0.06660631411709111,,,,,,,,,0.06295435612754711
96000.0,0.2544670522957192,0.25364347188118924,0.2512526786939503,0.24723606537104323,0.24158313928830305,0.23421339637855235,0.22501387780549909,0.21385034494509905,0.20041452916764943,0.1841281866316452,0.16388687868251647,0.1363552453101296,0.06653816697928866,,,,,,,,,0.0629326602284348
96060.0,0.2543022100246568,0.2534794322107612,0.2510909295393237,0.24707816742437586,0.24143060507431388,0.23406767415727897,0.2248765540456205,0.21372293724511587,0.20029844601794047,0.18402528421777686,0.16379913814211958,0.13628367588288517,0.06647011240677253,,,,,,,,,0.06291102233491067
96120.0,0.2541376530599091,0.25331567623637846,0.2509294594909539,0.24692054089111745,0.24127833160888706,0.23392219920901502,0.2247394610921662,0.21359574110559548,0.2001825526268616,0.18392254663110277,0.1637115342426499,0.13621221230572544,0.0664021496067532,,,,,,,,,0.06288944170213544
96180.0,0.25397338068712066,0.2531522032480764,0.25076826785135914,0.24676318509467332,0.24112631824427705,0.23377697092226163,0.22460259837765417,0.21346875601006962,0.20006684853516066,0.1838199734769182,0.16362406666184004,0.13614085433755096,0.0663342778616302,,,,,,,,,0.06286791765483038
96240.0,0.2538093921941944,0.2529890125381336,0.25060735392525807,0.24660609936058056,0.24097456433477443,0.2336319886874374,0.22446596533637572,0.2133419814436787,0.19995133328501177,0.18371756436175626,0.16353673507852637,0.13606960173698093,0.06626649651977237,,,,,,,,,0.06284644957879668
96300.0,0.25364568687127986,0.25282610340106143,0.250446717019563,0.24644928301649935,0.2408230692366976,0.23348725189687047,0.2243295614043892,0.21321541689316573,0.19983600642001006,0.1836153188933867,0.16344953917262664,0.13599845426239743,0.0661988049874707,,,,,,,,,0.06282503691351068
96360.0,0.25348226401076807,0.25266347513359705,0.2502863564433698,0.24629273539220534,0.24067183230838662,0.2333427599447917,0.2241933860195124,0.2130890618468707,0.19972086748516668,0.1835132366808124,0.1633624786251141,0.1359274116720061,0.06613120272190998,,,,,,,,,0.06280367914565427
96420.0,0.25331912290728137,0.25250112703469507,0.25012627150795036,0.24613645581958196,0.24052085291019443,0.23319851222732754,0.22405743862131794,0.2129629157947244,0.19960591602690428,0.18341131733426752,0.16327555311799277,0.13585647372390908,0.0660636892250262,,,,,,,,,0.06278237580345668
96480.0,0.25315626285766596,0.25233905840551873,0.24996646152674526,0.24598044363261246,0.24037013040447983,0.23305450814249343,0.22392171865112534,0.21283697822824243,0.19949115159305222,0.18330956046521255,0.1631887623342721,0.1357856401761792,0.06599626403813141,,,,,,,,,0.06276112645174362
96540.0,0.2529936831609809,0.25217726854943273,0.24980692581535496,0.2458246981673726,0.24021966415560064,0.23291074709018633,0.2237862255519948,0.21271124864052027,0.1993765737328424,0.1832079656863322,0.16310210595794533,0.13571491078693948,0.06592892673721087,,,,,,,,,0.06273993068760145
96600.0,0.25283138311849535,0.25201575677199367,0.24964766369153182,0.24566921876202197,0.24006945352990522,0.2327672284721783,0.22365095876872132,0.21258572652622573,0.19926218199690393,0.18310653261152882,0.16301558367396718,0.13564428531443734,0.06586167692880295,,,,,,,,,0.06271878813657811
96660.0,0.2526693620336761,0.25185452238094325,0.249488674475173,0.24551400475679702,0.23991949789572642,0.23262395169210837,0.22351591774782828,0.21246041138159547,0.19914797593725872,0.18300526085591787,0.16292919516823579,0.13557376351711795,0.0657945142463884,,,,,,,,,0.062697698449352
96720.0,0.2525076192121787,0.25169356468619963,0.2493299574883108,0.24535905549400297,0.23976979662337275,0.23248091615547786,0.2233811019375604,0.21233530270442783,0.19903395510731778,0.18290415003582236,0.1628429401275751,0.13550334515369067,0.0657274383472251,,,,,,,,,0.06267666129880957
96780.0,0.2523461539618435,0.2515328829998488,0.24917151205510657,0.24520437031800638,0.23962034908512242,0.23233812126964132,0.22324651078787777,0.21221039999407773,0.19892011906187515,0.1828031997687663,0.16275681823972013,0.13543302998319148,0.06566044890956893,,,,,,,,,0.06265567637748026
96840.0,0.2521849655926848,0.2513724766361373,0.2490133375018416,0.24504994857522777,0.2394711546552156,0.23219556644380082,0.22311214375044963,0.21208570275145058,0.19880646735710442,0.18270240967346835,0.1626708291933045,0.13536281776504006,0.06559354563023609,,,,,,,,,0.06263474339528352
96900.0,0.2520240534168823,0.25121234491146416,0.24885543315690997,0.24489578961413302,0.23932221270984663,0.23205325108899902,0.2229780002786483,0.2119612104789976,0.1986929995505538,0.18260177936983535,0.16258497267784924,0.13529270825909057,0.06552672822246144,,,,,,,,,0.06261386207754925
96960.0,0.251863416748775,0.2510524871443719,0.24869779835081007,0.24474189278522748,0.23917352262715763,0.23191117461811214,0.22284407982754262,0.2118369226807092,0.19857971520114032,0.18250130847895527,0.16249924838375407,0.13522270122567784,0.06545999641401679,,,,,,,,,0.06259303216327763
97020.0,0.2517030549048515,0.2508929026555404,0.24854043241613777,0.24458825744104662,0.23902508378723092,0.23176933644584366,0.22271038185389191,0.21171283886211065,0.1984666138691466,0.1824009966230906,0.16241365600228902,0.1351527964256574,0.06539334994555558,,,,,,,,,0.0625722534036076
97080.0,0.25154296720374353,0.2507335907677773,0.24838333468757734,0.24443488293614987,0.23887689557208203,0.2316277359887171,0.22257690581613934,0.21158895853025575,0.19835369511621506,0.18230084342567074,0.1623281952255896,0.13508299362044238,0.06532678856915848,,,,,,,,,0.06255152556047035
97140.0,0.2513831529662158,0.250574550806012,0.24822650450189523,0.24428176862711234,0.2387289573656523,0.2314863726650695,0.22244365117440684,0.21146528119372113,0.19824095850534243,0.18220084851128576,0.1622428657466505,0.13501329257203398,0.0652603120470529,,,,,,,,,0.06253084840540259
97200.0,0.25122361151516065,0.25041578209728477,0.24806994119793102,0.24412891387251812,0.2385812685538018,0.23134524589504515,0.22231061739048746,0.21134180636260227,0.19812840360087586,0.18210101150567942,0.16215766725932235,0.13494369304304893,0.06519392015048442,,,,,,,,,0.06251022171850179
97260.0,0.2510643465884876,0.25025732734737866,0.24791383124266864,0.24397671652144662,0.23843452264077794,0.23120550922380162,0.22217946713378015,0.2112208329333275,0.19801931435972225,0.18200576133379176,0.16207873105132922,0.13488527392114075,0.065172056867847,,,,,,,,,0.06248942445078038
97320.0,0.250905361895656,0.250099151185503,0.24775799512031654,0.24382478509620073,0.23828803169402116,0.23106601352969836,0.22204854088144318,0.21110006363395428,0.19791040639890456,0.1819106663749435,0.16199992016787126,0.13482694413889104,0.06515023112221516,,,,,,,,,0.06246866522031521
97380.0,0.2507466567202254,0.24994125289981886,0.24760243213231437,0.2436731189202423,0.23814179506739722,0.23092675820519862,0.22191783807243776,0.21097949795741727,0.19780167927275985,0.18181572625261638,0.1619212343097914,0.13476870347935618,0.06512844446216126,,,,,,,,,0.06244794549418599
97440.0,0.25058823034808086,0.24978363178079613,0.24744714158236458,0.2435217173192209,0.23799581211685625,0.23078774264471913,0.22178735814752168,0.21085913539826978,0.19769313253704335,0.1817209405914737,0.1618426731787861,0.1347105517240379,0.0651066982273462,,,,,,,,,0.062427266540141024
97500.0,0.2504300820674204,0.24962628712120435,0.2472921227764245,0.2433705796209659,0.23785008220042442,0.23064896624462228,0.22165710054924326,0.2107389754526766,0.19758476574892345,0.18162630901735438,0.16176423647738739,0.13465248865352672,0.06508499357526966,,,,,,,,,0.0624066294521406
97560.0,0.25027221116875076,0.24946921821610513,0.24713737502269773,0.24321970515547722,0.23770460467819585,0.23051042840320904,0.2215270647219338,0.2106190176184091,0.19747657846697472,0.18153183115726595,0.1616859239089399,0.1345945140481811,0.06506333150438356,,,,,,,,,0.06238603517242628
97620.0,0.25011461694487686,0.24931242436284154,0.24698289763162457,0.24306909325491793,0.23755937891232495,0.23037212852071073,0.22139725011170128,0.21049926139483843,0.19736857025117313,0.18143750663937863,0.16160773517757587,0.13453662768871202,0.06504171287411778,,,,,,,,,0.06236548451064057
97680.0,0.24995729869089256,0.24915590486103065,0.2468286899158743,0.2429187432536054,0.23741440426701874,0.23023406599928262,0.2212676561664235,0.21037970628292965,0.19726074066288946,0.1813433350930184,0.16152966998819349,0.13447882935663633,0.0650201384222667,,,,,,,,,0.0623449781604256
97740.0,0.24980025570417186,0.24899965901255466,0.24667475119033647,0.2427686544880033,0.2372696801085284,0.23009624024299646,0.22113828233574132,0.21026035178523547,0.19715308926488356,0.18124931614865958,0.16145172804644048,0.13442111883460447,0.06499860878011203,,,,,,,,,0.06232451671385951
97800.0,0.24964348728436034,0.2488436861215515,0.24652108077211204,0.2426188262967131,0.237125205805142,0.22995865065783222,0.22100912807105252,0.21014119740589093,0.19704561562129874,0.18115544943791817,0.16137390905870477,0.13436349590661828,0.06497712448559738,,,,,,,,,0.06230410067403197
97860.0,0.24948699273336652,0.24868798549440688,0.24636767798050552,0.24246925802046645,0.23698098072717702,0.229821296651672,0.22088019282550428,0.21002224265060615,0.19693831929765584,0.18106173459354402,0.161296212732114,0.13430596035816322,0.0649556859948194,,,,,,,,,0.06228373046601189
97920.0,0.24933077135535428,0.24853255643974553,0.24621454213701616,0.24231994900211667,0.2368370042469714,0.2296841776342927,0.22075147605398718,0.20990348702666134,0.1968311998608464,0.1809681712494134,0.1612186387745384,0.1342485119762761,0.064934293692064,,,,,,,,,0.062263406446425626
97980.0,0.24917482245673173,0.24837739826842264,0.24606167256532938,0.2421708985866304,0.23669327573887766,0.2295472930173582,0.2206229772131285,0.2097849300429002,0.1967242568791285,0.18087475904052144,0.16114118689460158,0.1341911505495625,0.06491294789857882,,,,,,,,,0.06224312891182847
98040.0,0.24901914534614494,0.24822251029351483,0.24590906859130884,0.24202210612108002,0.23654979457925293,0.2294106422144125,0.22049469576128572,0.20966657120972404,0.1966174899221193,0.18078149760297502,0.16106385680169288,0.13413387586818107,0.06489164888024965,,,,,,,,,0.06222289810602925
98100.0,0.24886373933446784,0.24806789183031253,0.24575672954298786,0.24187357095463569,0.23640656014645345,0.22927422464087266,0.22036663115853972,0.20954841003908584,0.19651089856078965,0.18068838657398553,0.16098664820598302,0.1340766877238051,0.06487039685432186,,,,,,,,,0.06220271422650345
98160.0,0.24870860373479498,0.24791354219631107,0.24560465475056073,0.2417252924385563,0.23626357182082597,0.22913803971402183,0.22023878286668847,0.2094304460444838,0.1964044823674582,0.18059542559186326,0.16090956081844127,0.13401958590956936,0.06484919199529149,,,,,,,,,0.06218257743001327
98220.0,0.248553737862432,0.24775946071120186,0.2454528435463756,0.241577269926183,0.23612082898470035,0.22900208685300194,0.22011115034924064,0.20931267874095635,0.19629824091578468,0.18050261429601056,0.16083259435085057,0.13396257022000613,0.06482803444007054,,,,,,,,,0.06216248783753503
98280.0,0.2483991410348867,0.24760564669686472,0.2453012952649253,0.2414295027729304,0.2359783310223817,0.2288663654788068,0.2199837330714089,0.20919510764507504,0.1961921737807648,0.18040995232691748,0.16075574851582494,0.13390564045098016,0.06480692429252029,,,,,,,,,0.06214244553858305
98340.0,0.2482448125718637,0.2474520994773588,0.2451500092428393,0.24128199033627884,0.23583607732014333,0.22873087501427503,0.21985653050010312,0.2090777322749388,0.19608628053872368,0.18031743932615696,0.1606790230268241,0.1338487963996191,0.06478586162743113,,,,,,,,,0.06212245059500546
98400.0,0.24809075179525203,0.24729881837891513,0.2449989848188758,0.2411347319757663,0.2356940672662195,0.2285956148840831,0.21972954210392492,0.2089605521501684,0.19598056076731013,0.18022507493638026,0.16060241759816685,0.13379203786424862,0.06476484649401898,,,,,,,,,0.06210250304431844
98460.0,0.24793695802911964,0.24714580272992756,0.24484822133391348,0.24098772705298097,0.23555230025079707,0.22846058451473827,0.21960276735316042,0.20884356679190008,0.19587501404549054,0.18013285880131366,0.16052593194504247,0.1337353646443265,0.06474387891899837,,,,,,,,,0.06208260290263666
98520.0,0.24778343059970326,0.24699305186094492,0.24469771813094346,0.24084097493155324,0.23541077566600893,0.22832578333457182,0.2194762057197743,0.20872677572277978,0.1957696399535436,0.18004079056575584,0.16044956578352249,0.13367877654038318,0.0647229589092855,,,,,,,,,0.06206275016725039
98580.0,0.24763016883540148,0.2468405651046628,0.24454747455506146,0.2406944749771483,0.23526949290592655,0.2281912107737323,0.2193498566774029,0.2086101784669567,0.19566443807305395,0.1799488698755744,0.16037331883056655,0.13362227335396432,0.06470208645437563,,,,,,,,,0.06204294481889197
98640.0,0.24747717206676598,0.2466883417959151,0.24439748995345936,0.24054822655745775,0.2351284513665521,0.22805686626417845,0.21922371970134824,0.2084937745500781,0.19555940798690646,0.17985709637770403,0.16029719080403093,0.13356585488757902,0.06468126152843567,,,,,,,,,0.062023186823730744
98700.0,0.24732443962649336,0.24653638127166644,0.24424776367541778,0.2404022290421922,0.23498765044581152,0.2279227492396723,0.21909779426857215,0.20837756349928258,0.19545454927928138,0.17976546972014407,0.16022118142267275,0.13350952094465166,0.06466048409214802,,,,,,,,,0.062003476135130284
98760.0,0.24717197084941672,0.24638468287100337,0.24409829507229758,0.2402564818030742,0.23484708954354727,0.2277888591357725,0.2189720798576889,0.20826154484319476,0.19534986153564807,0.1796739895519571,0.16014529040615333,0.13345327132947796,0.0646397540943339,,,,,,,,,0.06198381269519565
98820.0,0.24701976507249854,0.24623324593512685,0.24394908349753228,0.2401109842138296,0.23470676806151106,0.22765519538982756,0.21884657594895965,0.20814571811191887,0.19524534434276025,0.17958265552326674,0.16006951747504114,0.13339710584718603,0.06461907147338393,,,,,,,,,0.061964196436136584
98880.0,0.24686782163482082,0.24608206980734373,0.2438001283066202,0.23996573565018067,0.2345666854033565,0.22752175744096897,0.21872128202428587,0.20803008283703353,0.19514099728865084,0.17949146728525645,0.1599938623508111,0.13334102430370015,0.06459843615852007,,,,,,,,,0.06194462728146995
98940.0,0.2467161398775789,0.2459311538330594,0.24365142885711663,0.23982073548983837,0.23442684097463212,0.22738854473010442,0.21859619756720303,0.20791463855158496,0.1950368199626264,0.1794004244901674,0.1599183247558462,0.13328502650570856,0.06457784807090844,,,,,,,,,0.06192510514707994
99000.0,0.24656471914407185,0.24578049735976945,0.24350298450862598,0.2396759831124948,0.23428723418277433,0.22725555669991143,0.218471322062875,0.20779938479008223,0.19493281195526285,0.17930952679129758,0.1598429044134347,0.13322911226063575,0.06455730712464117,,,,,,,,,0.061905629942153394
99060.0,0.2464135587796964,0.24563009973705172,0.24335479462279383,0.2395314778998158,0.23414786443709948,0.22712279279483039,0.21834665499808684,0.20768432108849053,0.19482897285839984,0.1792187738429993,0.15976760104776935,0.1331732813766161,0.0645368132276023,,,,,,,,,0.061886201570004615
99120.0,0.24626265813193593,0.2454799603165581,0.24320685856329963,0.2393872192354332,0.23400873114879778,0.2269902524610577,0.21822219586123953,0.20756944698422583,0.19472530226513632,0.17912816530067868,0.15969241438394385,0.13311753366247062,0.06451636628223356,,,,,,,,,0.06186681992880464
99180.0,0.24611201655035703,0.24533007845200733,0.24305917569584864,0.23924320650493766,0.23386983373092607,0.22685793514653993,0.2180979441423429,0.20745476201614943,0.19462179976982624,0.17903770082079226,0.15961734414794987,0.1330618689276875,0.06449596618621017,,,,,,,,,0.061847484912224825
99240.0,0.24596163338659685,0.24518045349917708,0.24291174538816449,0.23909943909587122,0.23373117159839985,0.22672584030096615,0.21797389933301017,0.20734026572456207,0.19451846496807337,0.17894738006084707,0.15954239006667367,0.133006286982404,0.06447561283303757,,,,,,,,,0.06182819641000499
99300.0,0.2458115079943581,0.24503108481589564,0.24276456700998153,0.23895591639772,0.23359274416798748,0.22659396737576232,0.21785006092645165,0.20722595765119786,0.19441529745672734,0.1788572026793974,0.15946755186789133,0.13295078763738968,0.06445530611257937,,,,,,,,,0.06180895430845607
99360.0,0.24566163972940136,0.2448819717620348,0.24261763993303673,0.2388126378019068,0.23345455085830216,0.226462315824084,0.2177264284174684,0.20711183733921965,0.19431229683387868,0.17876716833604278,0.15939282928026452,0.1328953707040334,0.06443504591152369,,,,,,,,,0.06178975849090402
99420.0,0.24551202794953564,0.24473311369950104,0.24247096353106312,0.23866960270178353,0.2333165910897967,0.22633088510081026,0.21760300130244642,0.20699790433321233,0.19420946269885517,0.17867727669142633,0.15931822203333557,0.1328400359943298,0.06441483211379603,,,,,,,,,0.06177060883808276
99480.0,0.24536267201461204,0.24458450999222967,0.2423245371797812,0.23852681049262456,0.23317886428475423,0.2261996746625372,0.2174797790793505,0.20688415817917882,0.19410679465221709,0.17858752740723216,0.15924372985752291,0.1327847833208685,0.06439466460092423,,,,,,,,,0.06175150522848151
99540.0,0.24521357128651494,0.24443616000617535,0.2421783602568924,0.23838426057161877,0.23304136986728255,0.22606868396757093,0.21735676124771813,0.20677059842453285,0.1940042922957527,0.17849792014618285,0.15916935248411557,0.13272961249682477,0.06437454325236155,,,,,,,,,0.06173244753865214
99600.0,0.24506472512915528,0.24428806310930562,0.24203243214207087,0.23824195233786313,0.23290410726330807,0.22593791247592193,0.2172339473086537,0.20665722461809508,0.1939019552324748,0.17840845457203736,0.15909508964526844,0.13267452333595028,0.06435446794577224,,,,,,,,,0.06171343564348093
99660.0,0.24491613290846279,0.2441402186715927,0.2418867522169562,0.23809988519235467,0.2327670759005672,0.22580735964929807,0.21711133676482222,0.20654403631008705,0.19379978306661616,0.17831913034958774,0.15902094107399659,0.1326195156525656,0.0643344385572849,,,,,,,,,0.061694469416429504
99720.0,0.24476779399237802,0.24399262606500632,0.2417413198651464,0.237958058537984,0.23263027520860094,0.2256770249510979,0.21698892912044362,0.20643103305212598,0.19369777540362537,0.17822994714465643,0.15894690650417023,0.13256458926155373,0.06431445496171688,,,,,,,,,0.06167554872974822
99780.0,0.24461970775084457,0.24384528466350572,0.2415961344721902,0.23781647177952772,0.23249370461874744,0.22554690784640566,0.2168667238812867,0.20631821439721929,0.193595931850163,0.17814090462409377,0.15887298567050995,0.1325097439783535,0.06429451703277232,,,,,,,,,0.06165667345466455
99840.0,0.24447187355580233,0.24369819384303298,0.24145119542558,0.2376751243236422,0.23235736356413553,0.22541700780198295,0.21674472055466332,0.20620557989975982,0.19349425201409706,0.17805200245577482,0.1587991783085806,0.1324549796189546,0.06427462464321855,,,,,,,,,0.06163784346155071
99900.0,0.244324290781179,0.24355135298150457,0.24130650211474375,0.23753401557885498,0.2322212514796779,0.22528732428626416,0.21662291864942254,0.2060931291155202,0.19339273550449948,0.1779632403085961,0.15872548415478688,0.13240029599989248,0.06425477766504174,,,,,,,,,0.06161905862007166
99960.0,0.24417695880288318,0.24340476145880463,0.24116205393103862,0.23739314495555908,0.2320853678020643,0.22515785676934913,0.21650131767594463,0.20598086160164808,0.19329138193164186,0.17787461785247288,0.15865190294636763,0.1323456929382448,0.06423497596958548,,,,,,,,,0.061600318799316704
100020.0,0.24402987699879716,0.2432584186567772,0.24101785026774358,0.23725251186600574,0.23194971196975506,0.22502860472299713,0.21637991714613589,0.20586877691666072,0.19319019090699124,0.17778613475833527,0.15857843442139125,0.132291170251627,0.06421521942767296,,,,,,,,,0.061581623867915686
100080.0,0.2438830447487688,0.24311232395921933,0.24087389052005168,0.23711211572429708,0.23181428342297414,0.22489956762062085,0.21625871657342158,0.2057568746204401,0.19308916204320642,0.1776977906981256,0.158505078318751,0.1322367277581891,0.06419550790971557,,,,,,,,,0.06156297369414204
100140.0,0.2437364614346048,0.24296647675187288,0.24073017408506356,0.23697195594637938,0.23167908160370324,0.22477074493727997,0.2161377154727417,0.20564515427422772,0.19298829495413375,0.1776095853447946,0.15843183437815894,0.13218236527661276,0.06417584128580991,,,,,,,,,0.06154436814600496
100200.0,0.2435901264400631,0.24282087642241815,0.24058670036177962,0.23683203195003585,0.23154410595567412,0.22464213614967504,0.21601691336054452,0.20553361544062004,0.19288758925480337,0.1775215183722983,0.15835870234014238,0.1321280826261084,0.06415621942582253,,,,,,,,,0.061525807091329814
100260.0,0.24344403915084556,0.24267552236046602,0.24044346875109338,0.23669234315488047,0.23140935592436285,0.22451374073614117,0.21589630975478055,0.20542225768356245,0.1927870445614246,0.17743358945559426,0.15828568194603856,0.13207387962641207,0.06413664219946613,,,,,,,,,0.06150729039783047
100320.0,0.24329819895458998,0.24253041395755118,0.24030047865578416,0.23655288898235083,0.23127483095698312,0.22438555817664166,0.21577590417489773,0.20531108056834582,0.19268666049138364,0.17734579827063826,0.1582127729379907,0.13201975609778416,0.06411710947636687,,,,,,,,,0.06148881793317317
100380.0,0.24315260524086416,0.24238555060712408,0.2401577294805099,0.23641366885570073,0.23114053050247974,0.22425758795276313,0.21565569614183538,0.20520008366160042,0.19258643666323633,0.17725814449438046,0.1581399750589421,0.13196571186100683,0.06409762112612369,,,,,,,,,0.06147038956503277
100440.0,0.24300725740115808,0.24224093170454508,0.24001522063180075,0.2362746821999943,0.23100645401152184,0.2241298295477077,0.21553568517801835,0.2050892665312909,0.19248637269670754,0.17717062780476206,0.1580672880526334,0.13191174673738199,0.06407817701836188,,,,,,,,,0.06145200516114347
100500.0,0.24286215482887677,0.24209655664707605,0.2398729515180511,0.23613592844209835,0.23087260093649703,0.2240022824462879,0.21541587080735186,0.20497862874671322,0.19238646821268546,0.177083247880712,0.15799471166359744,0.1318578605487295,0.06405877702277936,,,,,,,,,0.06143366458934276
100560.0,0.24271729691933205,0.2419524248338736,0.23973092154951375,0.2359974070106762,0.23073897073150415,0.22387494613492093,0.21529625255521595,0.20486816987848738,0.19228672283321785,0.17699600440214272,0.1579222456371546,0.13180405311738524,0.0640394210091888,,,,,,,,,0.06141536771761126
100620.0,0.2425726830697371,0.24180853566598257,0.2395891301382919,0.235859117336181,0.23060556285234765,0.22374782010162175,0.2151768299484601,0.20475788949855425,0.19218713618150812,0.17690889704994653,0.15784988971940966,0.13175032426619968,0.06402010884755426,,,,,,,,,0.06139711441410737
100680.0,0.24242831267919857,0.24166488854632825,0.23944757669833275,0.2357210588508489,0.23047237675653084,0.2236209038359976,0.21505760251539727,0.20464778718017002,0.19208770788191123,0.1768219255059928,0.15777764365724717,0.13169667381853684,0.06400084040802419,,,,,,,,,0.06137890454719856
100740.0,0.24228418514870947,0.24152148287970976,0.23930626064542043,0.23558323098869208,0.23033941190324947,0.22349419682924213,0.2149385697857987,0.20453786249790248,0.1919884375599299,0.1767350894531232,0.15770550719832752,0.13164310159827106,0.06398161556096041,,,,,,,,,0.06136073798548871
100800.0,0.24214029988114205,0.2413783180727929,0.23916518139716986,0.23544563318549264,0.23020666775338572,0.2233676985741296,0.21481973129088877,0.2044281150276247,0.19188932484221072,0.17664838857514842,0.1576334800910832,0.13158960742978787,0.06396243417696386,,,,,,,,,0.06134261459784246
100860.0,0.24199665628124123,0.24123539353410334,0.23902433837301848,0.23530826487879558,0.2300741437695017,0.2232414085650081,0.21470108656333922,0.20431854434651125,0.1917903693565391,0.17656182255684502,0.15756156208471483,0.1315361911379813,0.06394329612689695,,,,,,,,,0.06132453425340628
100920.0,0.24185325375561684,0.2410927086740191,0.23888373099422078,0.23517112550790278,0.2299418394158331,0.22311532629779515,0.2145826351372638,0.20420915003303364,0.19169157073183682,0.17647539108395072,0.15748975292918785,0.1314828525482521,0.06392420128190462,,,,,,,,,0.06130649682162842
100980.0,0.24171009171273736,0.240950262904765,0.23874335868384117,0.23503421451386572,0.2298097541582832,0.2229894512699698,0.21446437654821315,0.20409993166695534,0.1915929285981573,0.17638909384316176,0.15741805237522827,0.13142959148650712,0.0639051495134314,,,,,,,,,0.061288502172274835
101040.0,0.24156716956292332,0.240808055640404,0.2386032208667469,0.23489753133947977,0.2296778874644165,0.22286378298056939,0.21434631033316975,0.20399088882932723,0.1914944425866812,0.1763029305221287,0.15734646017431972,0.1313764077791583,0.06388614069323739,,,,,,,,,0.06127055017544435
101100.0,0.24142448671833922,0.24066608629683167,0.23846331696960155,0.23476107542927657,0.22954623880345262,0.2227383209301817,0.21422843603054206,0.2038820211024826,0.1913961123297131,0.17621690080945254,0.15727497607869886,0.1313233012531205,0.06386717469341238,,,,,,,,,0.06125264070158186
101160.0,0.24128204259298733,0.24052435429176883,0.23832364642085854,0.23462484622951926,0.2294148076462597,0.22261306462093938,0.2141107531801594,0.20377332807003298,0.19129793746067747,0.17613100439468152,0.1572035998413537,0.13127027173581074,0.06384825138638785,,,,,,,,,0.061234773621489644
101220.0,0.2411398366027013,0.24038285904475504,0.23818420865075407,0.23448884318819418,0.22928359346534927,0.22248801355651618,0.2139932613232671,0.2036648093168636,0.19119991761411384,0.1760452409683074,0.15713233121601874,0.13121731905514675,0.06382937064494816,,,,,,,,,0.061216948806337816
101280.0,0.2409978681651379,0.24024159997714145,0.2380450030913008,0.2343530657550057,0.2291525957348692,0.2223631672421181,0.2138759600025206,0.20355646442912811,0.19110205242567413,0.17595961022176146,0.15706116995717218,0.13116444303954553,0.06381053234223949,,,,,,,,,0.06119916612767264
101340.0,0.24085613669977224,0.24010057651208425,0.2379060291762814,0.2342175133813696,0.22902181393059778,0.22223852518448053,0.21375884876198106,0.20344829299424483,0.19100434153211726,0.1758741118474112,0.15699011582003236,0.13111164351792284,0.06379173635177877,,,,,,,,,0.06118142545742499
101400.0,0.2407146416278895,0.23995978807453847,0.23776728634124147,0.23408218552040616,0.2288912475299381,0.22211408689186063,0.21364192714710972,0.2033402946008918,0.19090678457130678,0.17578874553855667,0.15691916856055474,0.1310589203196904,0.06377298254746043,,,,,,,,,0.06116372666791649
101460.0,0.24057338237257858,0.23981923409124994,0.23762877402348345,0.233947081626935,0.22876089601191155,0.22198985187403292,0.2135251947047628,0.20323246883900214,0.19080938118220556,0.17570351098942696,0.1568483279354293,0.13100627327475625,0.06375427080356313,,,,,,,,,0.06114606963186585
101520.0,0.24043235835872598,0.23967891399075036,0.2374904916620593,0.2338122011574671,0.22863075885715223,0.2218658196422833,0.21340865098318673,0.2031248152997598,0.19071213100487208,0.1756184078951763,0.1567775937020763,0.13095370221352207,0.06373560099475525,,,,,,,,,0.061128454222393894
101580.0,0.24029156901300813,0.23953882720334968,0.23735243869776593,0.23367754357020018,0.2285008355479008,0.22174198970940348,0.21329229553201243,0.20301733357559473,0.19061503368045696,0.17553343595188073,0.15670696561864367,0.130901206966883,0.06371697299609963,,,,,,,,,0.06111088031302799
101640.0,0.24015101376388553,0.23939897316112935,0.23721461457313636,0.23354310832501132,0.22837112556799805,0.221618361589685,0.21317612790225082,0.2029100232601788,0.1905180888511992,0.17544859485653472,0.15663644344400457,0.13084878736622588,0.06369838668305768,,,,,,,,,0.06109334777770574
101700.0,0.24001069204159617,0.23925935129793605,0.23707701873243436,0.23340889488345168,0.22824162840287984,0.22149493479891413,0.21306014764628758,0.20280288394842086,0.1904212961604212,0.17536388430704739,0.15656602693775387,0.13079644324342718,0.06367984193149304,,,,,,,,,0.06107585649077836
101760.0,0.23987060327814813,0.23911996104937566,0.2369396506216486,0.23327490270873924,0.22811234353957058,0.22137170885436616,0.21294435431787767,0.20269591523646274,0.1903246552525258,0.17527930400223912,0.1564957158602046,0.13074417443085332,0.06366133861767423,,,,,,,,,0.06105840632701309
101820.0,0.2397307469073141,0.23898080185280593,0.2368025096884857,0.23314113126575334,0.22798327046667774,0.2212486832748002,0.2128287474721414,0.20258911672167462,0.19022816577299223,0.17519485364183768,0.15642550997238633,0.13069198076135746,0.06364287661827772,,,,,,,,,0.06104099716159586
101880.0,0.23959112236462388,0.2388418731473303,0.23666559538236334,0.2330075800210287,0.22785440867438575,0.22112585758045347,0.21271332666555834,0.2024824880026503,0.19013182736837153,0.17511053292647508,0.15635540903604103,0.13063986206827982,0.0636244558103898,,,,,,,,,0.06102362887013309
101940.0,0.23945172908735848,0.23870317437379157,0.2365289071544047,0.23287424844274834,0.22772575765444994,0.221003231293036,0.21259809145596317,0.20237602867920365,0.1900356396862832,0.17502634155768457,0.15628541281362152,0.130587818185445,0.06360607607150831,,,,,,,,,0.0610063013286531
102000.0,0.23931256651454386,0.23856470497476556,0.23639244445743227,0.2327411360007385,0.2275973169001916,0.22088080393572504,0.21248304140254023,0.2022697383523627,0.18993960237541163,0.17494227923789654,0.15621552106828698,0.13053584894716175,0.06358773727954399,,,,,,,,,0.06098901441360721
102060.0,0.2391736340869433,0.23842646439455434,0.23625620674596062,0.23260824216646234,0.22746908590649095,0.22075857503315977,0.2123681760658189,0.2021636166243669,0.189843715085502,0.1748583456704351,0.15614573356390182,0.1304839541882205,0.06356943931282168,,,,,,,,,0.060971768001870916
102120.0,0.2390349312470527,0.2382884520791797,0.2361201934761915,0.23247556641301328,0.22734106416978284,0.22063654411143593,0.21225349500766846,0.20205766309866188,0.18974797746735578,0.1747745405595148,0.1560760500650321,0.13043213374389268,0.06355118205008115,,,,,,,,,0.06095456197074438
102180.0,0.2388964574390923,0.23815066747637767,0.23598440410600616,0.23234310821510998,0.22721325118804983,0.2205147106981008,0.21213899779129344,0.2019518773798951,0.18965238917282773,0.17469086361023778,0.1560064703369426,0.13038038744992908,0.06353296537047763,,,,,,,,,0.06093739619795291
102240.0,0.2387582121090021,0.23801311003559145,0.23584883809496057,0.2322108670490893,0.22708564646081686,0.22039307432214678,0.21202468398122853,0.20184625907391185,0.1895569498548217,0.17460731452858957,0.15593699414559464,0.13032871514255873,0.06351478915358216,,,,,,,,,0.06092027056164707
102300.0,0.23862019470443435,0.2378757792079652,0.23571349490427781,0.2320788423929012,0.2269582494891461,0.22027163451400772,0.21191055314333396,0.2017408077877506,0.1894616591672867,0.1745238930214361,0.15586762125764309,0.13027711665848732,0.06349665327938192,,,,,,,,,0.060903184940402935
102360.0,0.23848240467474763,0.23773867444633806,0.23557837399684328,0.2319470337261027,0.2268310597756304,0.2201503908055523,0.21179660484479046,0.20163552312963898,0.18936651676521365,0.17444059879652032,0.15579835144043355,0.13022559183489532,0.06347855762827995,,,,,,,,,0.060886139213221675
102420.0,0.23834484147100055,0.23760179520523786,0.23544347483719782,0.23181544052985095,0.22670407682438837,0.22002934273007924,0.211682838654095,0.20153040470898953,0.18927152230463073,0.17435743156245964,0.15572918446200068,0.1301741405094374,0.0634605020810953,,,,,,,,,0.0608691332595296
102480.0,0.23820750454594558,0.23746514094087467,0.23530879689153125,0.23168406228689897,0.22657730014105829,0.21990848982231273,0.21156925414105548,0.2014254521363948,0.18917667544260056,0.17427439102874098,0.15566012009106406,0.13012276252024052,0.06344248651906277,,,,,,,,,0.06085216695917768
102540.0,0.23807039335402252,0.23732871111113424,0.23517433962767773,0.23155289848158828,0.22645072923279322,0.21978783161839582,0.211455850876786,0.20132066502362364,0.1890819758372155,0.1741914769057194,0.15559115809702687,0.13007145770590237,0.06342451082383174,,,,,,,,,0.06083524019244043
102600.0,0.23793350735135219,0.23719250517557317,0.23504010251510793,0.23142194859984405,0.22632436360825461,0.21966736765588646,0.21134262843370222,0.2012160429836173,0.1889874231475949,0.1741086889046132,0.1555222982499728,0.1300202259054902,0.06340657487746656,,,,,,,,,0.06081835284001609
102660.0,0.23779684599573142,0.23705652259541138,0.2349060850249245,0.23129121212916895,0.22619820277760735,0.21954709747375203,0.21122958638551695,0.20111158563048434,0.18889301703388006,0.17402602673750184,0.15545354032066355,0.12996906695853933,0.06338867856244551,,,,,,,,,0.060801504783025526
102720.0,0.23766040874662508,0.23692076283352664,0.2347722866298551,0.23116068855863733,0.22607224625251376,0.21942702061236366,0.21111672430723485,0.20100729257949707,0.18879875715723166,0.17394349011732224,0.15538488408053602,0.12991798070505203,0.06337082176166003,,,,,,,,,0.06078469590301135
102780.0,0.23752419506516148,0.23678522535444843,0.2346387068042468,0.23103037737888915,0.22594649354612892,0.21930713661349174,0.21100404177514814,0.2009031634470867,0.18870464317982583,0.17386107875786547,0.15531632930170078,0.12986696698549502,0.06335300435841384,,,,,,,,,0.06076792608193701
102840.0,0.23738820441412536,0.2366499096243517,0.23450534502406042,0.23090027808212513,0.22582094417309442,0.21918744502030071,0.21089153836683214,0.20079919785084038,0.18861067476485027,0.17377879237377417,0.15524787575693813,0.12981602564079936,0.06333522623642227,,,,,,,,,0.06075119520218598
102900.0,0.23725243625795198,0.23651481511105119,0.234372200766864,0.23077039016209994,0.2256955976495332,0.21906794537734353,0.2107792136611401,0.20069539540949538,0.1885168515765002,0.17369663068053828,0.15517952321969655,0.1297651565123577,0.06331748727981112,,,,,,,,,0.06073450314656058
102960.0,0.23711689006272174,0.23637994128399492,0.23423927351182725,0.23064071311411755,0.2255704534930443,0.21894863723055755,0.21066706723819886,0.20059175574293636,0.18842317327997488,0.17361459339449303,0.15511127146409026,0.12971435944202364,0.06329978737311599,,,,,,,,,0.06071784979828121
103020.0,0.23698156529615275,0.23624528761425806,0.23410656273971586,0.23051124643502474,0.225445511222697,0.21882952012725848,0.21055509867940433,0.20048827847219053,0.18832963954147494,0.17353268023281546,0.15504312026489667,0.12966363427211064,0.06328212640128045,,,,,,,,,0.06070123504098446
103080.0,0.2368464614275968,0.23611085357453862,0.2339740679328851,0.23038198962320575,0.22532077035902615,0.21871059361613582,0.2104433075674171,0.20038496321942367,0.18823625002819772,0.17345089091352078,0.15497506939755337,0.12961298084538894,0.06326450424965588,,,,,,,,,0.060684658758722906
103140.0,0.2367115779280312,0.2359766386391489,0.233841788575275,0.23025294217857703,0.2251962304240264,0.21859185724724825,0.21033169348615657,0.20028180960793623,0.18814300440833343,0.17336922515546002,0.15490711863815665,0.12956239900508604,0.06324692080399963,,,,,,,,,0.06066812083596319
103200.0,0.2365769142700544,0.235842642284012,0.23370972415240301,0.2301241036025808,0.22507189094114685,0.21847331057201813,0.2102202560207988,0.2001788172621585,0.18804990235106261,0.17328768267831648,0.15483926776345847,0.12951188859488388,0.06322937595047412,,,,,,,,,0.06065162115758503
103260.0,0.23644246992787957,0.23570886398665408,0.23357787415136008,0.22999547339818013,0.22494775143528578,0.21835495314322623,0.21010899475776942,0.20007598580764752,0.1879569435265512,0.17320626320260288,0.1547715165508644,0.12946144945891777,0.06321186957564535,,,,,,,,,0.06063515960887976
103320.0,0.23630824437732847,0.2355753032261996,0.2334462380608032,0.22986705106985353,0.22482381143278557,0.21823678451500775,0.20999790928474113,0.1999733148710827,0.18786412760594878,0.1731249664496585,0.15470386477843073,0.12941108144177504,0.06319440156648212,,,,,,,,,0.06061873607554935
103380.0,0.236174237095826,0.23544195948336497,0.23331481537095078,0.22973883612358886,0.22470007046142726,0.21811880424284685,0.20988699919062764,0.19987080408026137,0.18777145426138264,0.173043792141645,0.15463631222486304,0.1293607843884935,0.06317697181035424,,,,,,,,,0.060602350443704704
103440.0,0.23604044756239356,0.23530883224045315,0.2331836055735764,0.2296108280668779,0.22457652805042536,0.21800101188357193,0.20977626406558042,0.19976845306409508,0.18767892316595655,0.17296274000154524,0.15456885866951237,0.1293105581445595,0.06315958019503148,,,,,,,,,0.06058600259986449
103500.0,0.23590687525764462,0.23517592098134793,0.23305260816200388,0.22948302640871163,0.2244531837304226,0.21788340699535075,0.20966570350098374,0.1996662614526057,0.18758653399374553,0.17288180975315884,0.15450150389237485,0.12926040255590768,0.06314222660868227,,,,,,,,,0.06056969243095377
103560.0,0.23577351966377755,0.23504322519150744,0.2329218226311002,0.22935543065957345,0.22433003703348478,0.21776598913768497,0.20955531708944997,0.19956422887692152,0.18749428641979346,0.17280100112109978,0.15443424767408748,0.129210317468918,0.06312491093987209,,,,,,,,,0.0605534198243024
103620.0,0.23564038026457018,0.23491074435795853,0.23279124847727162,0.22922804033143504,0.22420708749309592,0.21764875787140645,0.20944510442481556,0.19946235496927248,0.18740218012010895,0.17272031383079342,0.15436708979592717,0.12916030273041515,0.06310763307756243,,,,,,,,,0.06053718466764392
103680.0,0.2355074565453746,0.23477847796929185,0.2326608851984566,0.22910085493775034,0.2240843346441522,0.21753171275867178,0.20933506510213637,0.1993606393629873,0.18731021477166193,0.17263974760847345,0.1543000300398079,0.12911035818766656,0.0630903929111092,,,,,,,,,0.060520986849113854
103740.0,0.23537474799311078,0.23464642551565562,0.23253073229412125,0.22897387399345018,0.2239617780229581,0.21741485336295754,0.20922519871768366,0.1992590816924887,0.1872183900523804,0.17255930218117885,0.1542330681882784,0.12906048368838186,0.06307319033026142,,,,,,,,,0.06050482625724844
103800.0,0.23524225409626162,0.2345145864887497,0.23240078926525307,0.22884709701493672,0.22383941716722017,0.21729817924905592,0.20911550486893923,0.19915768159328978,0.18712670564114653,0.17247897727675116,0.1541662040245197,0.12901067908071023,0.0630560252251598,,,,,,,,,0.06048870278098315
103860.0,0.2351099743448659,0.2343829603818206,0.23227105561435585,0.22872052352007888,0.2237172516160426,0.21718168998306903,0.2090059831545915,0.19905643870199047,0.18703516121779415,0.1723987726238313,0.15409943733234352,0.12896094421323936,0.06303889748633523,,,,,,,,,0.06047261630965111
103920.0,0.2349779082305139,0.23425154668965517,0.23214153084544414,0.2285941530282058,0.22359528090992223,0.21706538513240498,0.20889663317453067,0.19895535265627298,0.1869437564631042,0.17231868795185717,0.15403276789618933,0.12891127893499468,0.06302180700470765,,,,,,,,,0.06045656673298187
103980.0,0.23484605524634172,0.2341203449085756,0.2320122144640375,0.22846798506010257,0.22347350459074303,0.21694926426577316,0.2087874545298453,0.19885442309489795,0.18685249105880206,0.1722387229910602,0.15396619550112256,0.1288616830954369,0.06300475367158428,,,,,,,,,0.06044055394109976
104040.0,0.2347144148870247,0.23398935453643327,0.23188310597715497,0.22834201913800492,0.22335192220177139,0.21683332695317925,0.20867844682281708,0.19875364965770126,0.1867613646875533,0.17215887747246267,0.1538997199328322,0.12881215654446115,0.06298773737865822,,,,,,,,,0.06042457782452229
104100.0,0.23458298664877247,0.23385857507260374,0.23175420489331044,0.22821625478559313,0.2232305332876508,0.21671757276592085,0.20856960965691637,0.19865303198558967,0.18667037703296202,0.17207915112787497,0.1538333409776284,0.12876269913239485,0.06297075801800724,,,,,,,,,0.06040863827415896
104160.0,0.23445177002932333,0.23372800601798058,0.23162551072250587,0.22809069152798767,0.22310933739439753,0.21660200127658238,0.2084609426367992,0.1985525697205368,0.18657952777956538,0.17199954368989306,0.15376705842244048,0.1287133107099971,0.06295381548209225,,,,,,,,,0.0603927351813097
104220.0,0.23432076452793915,0.2335976468749709,0.23149702297622723,0.22796532889174342,0.22298833406939497,0.21648661205903086,0.20835244536830214,0.19845226250557982,0.1864888166128317,0.17192005489189474,0.15370087205481536,0.12866399112845672,0.06293690966375577,,,,,,,,,0.06037686843766327
104280.0,0.23418996964539884,0.23346749714748863,0.2313687411674379,0.22784016640484495,0.22286752286138944,0.2163714046884115,0.20824411745843793,0.1983521099848156,0.18639824321915643,0.17184068446803755,0.1536347816629136,0.12861474023939082,0.06292004045622043,,,,,,,,,0.06036103793529575
104340.0,0.23405938488399358,0.23333755634094983,0.23124066481057468,0.22771520359670105,0.22274690332048427,0.21625637874114223,0.20813595851539193,0.1982521118033959,0.18630780728585924,0.17176143215325584,0.15356878703550886,0.12856555789484345,0.06290320775308769,,,,,,,,,0.06034524356666923
104400.0,0.23392900974752123,0.2332078239622671,0.23111279342154123,0.22759043999813927,0.222626474998136,0.2161415337949099,0.20802796814851723,0.19815226760752516,0.18621750850118038,0.17168229768325807,0.1535028879619853,0.1285164439472839,0.06288641144833627,,,,,,,,,0.06032948522463016
104460.0,0.23379884013436958,0.23307826111999339,0.23098495964700322,0.2274655190980921,0.22250561626737447,0.21602583412172105,0.20791865071863574,0.19805050445105282,0.1861243732689295,0.1715992545073443,0.15343148125139858,0.12845716645530467,0.06282728993059523,,,,,,,,,0.06031395380597629
104520.0,0.23366887196714006,0.2329488986281053,0.23085732310277118,0.22734079019001852,0.22238494225603997,0.2159103099706796,0.20780949753477126,0.1979488923207451,0.1860313740532807,0.17151633008252032,0.15336017365438817,0.12839796658578365,0.0627682465574386,,,,,,,,,0.060298466567833345
104580.0,0.23353910478807655,0.23281973603157496,0.23072988334156996,0.2272162528396363,0.22226445254782307,0.21579496094808157,0.207700508230761,0.1978474308824589,0.1859385105560922,0.17143352415147523,0.15328896495921465,0.12833884417743244,0.06270928003218007,,,,,,,,,0.060283022325252025
104640.0,0.23340953814075122,0.23269077287669418,0.23060263991741964,0.22709190661391881,0.22214414672761484,0.2156797866613543,0.2075916824414903,0.19774611980300275,0.18584578248006664,0.1713508364576217,0.1532178549547328,0.12827979907046905,0.06265038919060004,,,,,,,,,0.06026762001429729
104700.0,0.23328017157005856,0.23256200871106963,0.23047559238563134,0.22696775108109093,0.2220240243815029,0.21556478671905296,0.20748301980288938,0.19764495875013433,0.18575318952874853,0.17126826674509463,0.15314684343039534,0.1282208311063818,0.06259157298571201,,,,,,,,,0.060252258678211504
104760.0,0.23315100462221214,0.2324334430836179,0.23034874030280308,0.22684378581062414,0.221904085096767,0.2154499607308562,0.20737451995192926,0.19754394739255682,0.1856607314065222,0.17118581475874783,0.15307593017625915,0.12816194012765517,0.06253283047436882,,,,,,,,,0.06023693745524158
104820.0,0.2330220368447391,0.2323050755445622,0.2302220832268148,0.2267200103732326,0.2217843284618747,0.21533530830756292,0.20726618252661902,0.19744308539991565,0.18556840781860695,0.1711034802441525,0.15300511498299316,0.1281031259775125,0.062474160805466694,,,,,,,,,0.06022165556791441
104880.0,0.232893267786477,0.23217690564542576,0.23009562071682424,0.22659642434086905,0.2216647540664778,0.21522082906108814,0.20715800716600083,0.19734237244279554,0.18547621847105614,0.1710212629475942,0.15293439764188563,0.128044388499703,0.06241556320954533,,,,,,,,,0.060206412313574
104940.0,0.23276469699756797,0.2320489329390296,0.2299693523332623,0.22647302728671984,0.22154536150140827,0.21510652260445962,0.20704999351014794,0.19724180819271714,0.18538416307075326,0.17093916261607137,0.15286377794485087,0.12798572753833423,0.06235703698960651,,,,,,,,,0.060191207056023543
105000.0,0.23263632402945483,0.23192115697948673,0.229843277637829,0.22634981878520122,0.22142615035867397,0.21499238855181296,0.20694214120016025,0.1971413923221334,0.1852922413254093,0.17085717899729325,0.15279325568443225,0.12792714293774807,0.06229858151300175,,,,,,,,,0.06017603921813589
105060.0,0.2325081484348759,0.23179357732219794,0.2297173961934888,0.22622679841195553,0.22130712023145438,0.21487842651838884,0.2068344498781611,0.19704112450442712,0.1852004529435604,0.17077531183967878,0.15272283065380463,0.12786863454243586,0.06224019620425798,,,,,,,,,0.060160908275314326
105120.0,0.23238016976786185,0.23166619352384746,0.22959170756446634,0.22610396574384597,0.22118827071409697,0.21476463612052862,0.20672691918729355,0.19694100441390752,0.18510879763456445,0.1706935608923541,0.15265250264677263,0.12781020219698258,0.06218188053872866,,,,,,,,,0.06014581374970205
105180.0,0.23225238758373032,0.23153900514239817,0.22946621131624226,0.22598132035895344,0.2210696014021134,0.2146510169756713,0.2066195487717173,0.19684103172580678,0.18501727510859833,0.17061192590515212,0.15258227145776723,0.12775184574603415,0.06212363403697099,,,,,,,,,0.060130755205050526
105240.0,0.23212480143908099,0.2314120117370881,0.22934090701554852,0.22585886183657114,0.22095111189217487,0.21453756870234897,0.20651233827660465,0.19674120611627693,0.18492588507665605,0.17053040662861027,0.1525121368818405,0.12769356503428525,0.06206545625976324,,,,,,,,,0.06011573224216906
105300.0,0.2319974108917927,0.23128521286842518,0.2292157942303646,0.22573658975720173,0.22083280178210857,0.21442429092018347,0.20640528734813782,0.19664152726238757,0.18483462725054486,0.17044900281397005,0.15244209871465889,0.1276353599064783,0.06200734680368847,,,,,,,,,0.06010074449488879
105360.0,0.2318702155010176,0.2311586080981832,0.22909087252991284,0.2256145037025523,0.22071467067089348,0.21431118324988255,0.20629839563350488,0.19654199484212162,0.18474350134288334,0.17036771421317465,0.15237215675249535,0.12757723020741396,0.06194930529721551,,,,,,,,,0.060085791626478924
105420.0,0.23174321482717755,0.23103219698939728,0.228966141484654,0.22549260325553067,0.22059671815865714,0.21419824531323656,0.2061916627808967,0.19644260853437256,0.1846525070670985,0.17028654057886827,0.15230231079222073,0.12751917578196625,0.061891331397223276,,,,,,,,,0.060070873326465365
105480.0,0.2316164084319597,0.23090597910635993,0.2288416006662839,0.22537088800024088,0.2204789438466706,0.214085476733114,0.20608508843950277,0.1963433680189415,0.18456164413742343,0.17020548166439398,0.15223256063129567,0.1274611964751043,0.061833424785912305,,,,,,,,,0.060055989307803335
105540.0,0.2314897958783121,0.23077995401461637,0.22871724964772816,0.2252493575219794,0.22036134733734497,0.21397287713345833,0.205978672259509,0.19624427297653438,0.18447091226889442,0.17012453722379187,0.1521629060677613,0.1274032921319148,0.06177558516806439,,,,,,,,,0.06004113930436533
105600.0,0.2313633767304387,0.23065412128096022,0.22859308800313818,0.22512801140723107,0.22024392823422864,0.21386044613928468,0.20587241389209332,0.19614532308875837,0.18438031117734896,0.17004370701179708,0.1520933469002306,0.12734546259762689,0.06171781226860605,,,,,,,,,0.06002632306870681
105660.0,0.23123715055379584,0.23052848047342986,0.22846911530788752,0.22500684924366512,0.22012668614200137,0.21374818337667514,0.20576631298942322,0.19604651803811926,0.18428984057942216,0.169962990783838,0.15202388292788097,0.12728770771763567,0.06166010583044369,,,,,,,,,0.060011540370079254
105720.0,0.2311111169150883,0.23040303116130273,0.22834533113856734,0.2248858706201304,0.22000962066647195,0.2136360884727763,0.2056603692046512,0.19594785750801771,0.1841995001925453,0.16988238829603372,0.15195451395044637,0.12723002733752836,0.061602465612538695,,,,,,,,,0.05999679099266233
105780.0,0.23098527538226368,0.230277772915093,0.22822173507298188,0.22476507512665264,0.21989273141457358,0.21352416105579472,0.2055545821919125,0.1958493411827474,0.1841092897349432,0.16980189930519118,0.15188523976821,0.12717242130310566,0.061544891388195314,,,,,,,,,0.05998207473399029
105840.0,0.23085962552450945,0.23015270530654564,0.22809832669014524,0.22464446235442884,0.21977601799436067,0.21341240075499393,0.2054489516063214,0.195750968747491,0.18401920892563103,0.16972152356880327,0.15181606018199773,0.1271148894604058,0.06148738294353735,,,,,,,,,0.05996739140355063
105900.0,0.23073416691224807,0.23002782790863338,0.22797510557027625,0.22452403189582468,0.21965948001500477,0.2133008072006903,0.20534347710396755,0.19565273988831794,0.18392925748441283,0.16964126084504563,0.15174697499317238,0.12705743165572353,0.06142994007615271,,,,,,,,,0.05995274082153673
105960.0,0.23060889911713253,0.22990314029555176,0.2278520712947947,0.2244037833443698,0.2195431170867898,0.2131893800242498,0.20523815834191306,0.19555465429218066,0.18383943513187803,0.16956111089277381,0.15167798400362825,0.1270000477356303,0.061372562593887105,,,,,,,,,0.05993812281773562
106020.0,0.2304838217120429,0.22977864204271536,0.22772922344631777,0.2242837162947541,0.21942692882111023,0.2130781188580849,0.20513299497818951,0.1954567116469125,0.18374974158939927,0.16948107347152075,0.15160908701578654,0.12694273754699192,0.061315250313768374,,,,,,,,,0.05992353723053761
106080.0,0.23035893427108164,0.22965433272675337,0.22760656160865506,0.22416383034282342,0.21931091483046553,0.2129670233356497,0.20502798667179378,0.195358911641224,0.18366017657913056,0.1694011483414933,0.1515402838325909,0.12688550093698384,0.06125800306104984,,,,,,,,,0.05990898390605262
106140.0,0.23023423636956925,0.22953021192550546,0.22748408536680498,0.22404412508557603,0.21919507472845726,0.2128560930914377,0.20492313308268584,0.19526125396470081,0.18357073982400363,0.16932133526356932,0.1514715742575037,0.12682833775310628,0.061200820668357844,,,,,,,,,0.05989446269732334
106200.0,0.23010972758404047,0.22940627921801823,0.22736179430695083,0.22392460012115858,0.21907940812978485,0.2127453277609777,0.2048184338717843,0.19516373830779996,0.18348143104772638,0.16924163399929532,0.15140295809450283,0.1267712478431968,0.061143702974930866,,,,,,,,,0.05987997346362196
106260.0,0.22998541093999086,0.22928257157853177,0.22723985077950348,0.223805602479247,0.21896452102574993,0.21263573816689796,0.20471534985170906,0.19506839091257763,0.1833951601166082,0.16916598884127396,0.15133993099790574,0.1267242916448158,0.06112855000947656,,,,,,,,,0.05986533139979934
106320.0,0.2298612894428614,0.22915905797824665,0.22711809808794955,0.2236867903423551,0.2188498120266185,0.21252631720919166,0.20461242294998305,0.19497318710025105,0.1833090171300882,0.1690904536807523,0.15127699314351306,0.12667739931110067,0.06111342095136407,,,,,,,,,0.05985071334195335
106380.0,0.229737362641025,0.22903573796835497,0.22699653579162532,0.22356816328333712,0.21873528072393694,0.2124170645031908,0.20450965281066794,0.1948781265483458,0.18322300180393153,0.16901502827681095,0.1512141443395195,0.12663057070507042,0.061098316685522756,,,,,,,,,0.05983612014300298
106440.0,0.22961363008419539,0.2289126111013821,0.22687516345117428,0.2234497208763116,0.2186209267104562,0.2123079796653596,0.2044070390788674,0.19478320893532555,0.1831371138547272,0.16893971238922179,0.1511513843946321,0.1265838056892023,0.06108323799032202,,,,,,,,,0.059821552552703876
106500.0,0.22949009132342438,0.2287896769311812,0.2267539806285427,0.2233314626966571,0.21850674958012897,0.21219906231328686,0.20430458140072258,0.19468843394058988,0.1830513529998844,0.16886450577844522,0.15108871311806613,0.12653710412566133,0.06106818554958425,,,,,,,,,0.05980701122928448
106560.0,0.2293667459110959,0.22866693501292945,0.2266329868869744,0.22321338832100737,0.21839274892810517,0.2120903120656865,0.20420227942340852,0.19459380124446973,0.18296571895762945,0.16878940820562677,0.15102613031953543,0.12649046587654397,0.06105315996318424,,,,,,,,,0.059792496749712605
106620.0,0.22924359340092104,0.22854438490312268,0.2265121817910063,0.2230954973272477,0.218278924350727,0.21198172854239064,0.2041001327951312,0.19449931052822522,0.18288021144700317,0.1687144194325941,0.15096363580924327,0.12644389080409577,0.06103816175641505,,,,,,,,,0.05977800961876678
106680.0,0.22912063334793475,0.228422026159571,0.22639156490646434,0.2229777892945094,0.21816527544552533,0.2118733113643465,0.20399814116512305,0.1944049614740416,0.18279483018785814,0.16863953922185354,0.15090122939787393,0.12639737877088872,0.06102319138827507,,,,,,,,,0.059763550277062386
106740.0,0.22899786530848942,0.22829985834139355,0.22627113580045874,0.22286026380316618,0.21805180181121533,0.21176506015361207,0.2038963041836404,0.1943107537650268,0.18270957490085496,0.168564767336587,0.1508389108965844,0.1263509296399604,0.06100824925880585,,,,,,,,,0.059749119108157986
106800.0,0.228875288840252,0.22817788100901504,0.2261508940413789,0.22274292043482946,0.21793850304769216,0.21165697453335278,0.2037946215019589,0.19421668708520792,0.18262444530746003,0.16849010354064817,0.15077668011699896,0.12630454327491486,0.060993335715597355,,,,,,,,,0.05973471644485522
106860.0,0.228752903502197,0.22805609372415978,0.22603083919888933,0.22262575877234422,0.2178253787560272,0.21154905412783703,0.20369309277237038,0.19412276111952748,0.1825394411299427,0.16841554759855973,0.15071453687120404,0.12625821953999108,0.06097845105955834,,,,,,,,,0.05972034257478655
106920.0,0.22863070885460463,0.22793449604984764,0.22591097084392517,0.22250877839978384,0.21771242853846362,0.2114412985624334,0.2035917176481796,0.1940289755538411,0.18245456209137112,0.16834109927550944,0.15065248097174738,0.1262119583001081,0.06096359555003848,,,,,,,,,0.05970599774537517
106980.0,0.22850870445905375,0.22781308755038968,0.22579128854868757,0.22239197890244708,0.21759965199841175,0.21133370746360483,0.20349049578370013,0.19393533007491404,0.18236980791561105,0.16826675833734625,0.15059051223163877,0.12616575942089006,0.060948769409378226,,,,,,,,,0.05969168216824042
107040.0,0.22838688987841857,0.22769186779138348,0.22567179188663905,0.22227535986685248,0.2174870487404462,0.2112262804589068,0.20338942683425115,0.19384182437041797,0.18228517832732105,0.1681925245505778,0.15052863046435072,0.12611962276867525,0.06093397282695218,,,,,,,,,0.05967739602311273
107100.0,0.22826526467686395,0.22757083633970826,0.2255524804324993,0.22215892088073502,0.21737461837030073,0.21111901717698267,0.20328851045615395,0.1937484581289275,0.18220067305195092,0.16811839768236586,0.1504668354838221,0.1260735482105146,0.06091920596276461,,,,,,,,,0.05966313946131454
107160.0,0.22814382841984027,0.2274499927635205,0.2254333537622409,0.22204266153304106,0.21726236049486417,0.21101191724755944,0.2031877463067283,0.1936552310399171,0.1821162918157379,0.16804437750052398,0.15040512710446183,0.1260275356141618,0.06090446895064727,,,,,,,,,0.059648912608856276
107220.0,0.2280225806740795,0.2273293366322498,0.22531441145308406,0.2219265814139245,0.21715027472217707,0.21090498030144444,0.20308713404428955,0.19356214279375872,0.18203203434570359,0.16797046377351343,0.15034350514115358,0.12598158484805863,0.06088976190110577,,,,,,,,,0.05963471556919167
107280.0,0.2279015210075903,0.2272088675165938,0.22519565308349324,0.22181068011474256,0.21703836066142726,0.21079820597052187,0.2029866733281438,0.1934691930817176,0.18194790036965172,0.16789665627044073,0.15028196940926067,0.12593569578131455,0.06087508490385306,,,,,,,,,0.05962054842567029
107340.0,0.22778064898965344,0.22708858498851378,0.2250770782331719,0.22169495722805133,0.21692661792294543,0.21069159388774777,0.20288636381858616,0.1933763815959496,0.18186388961616431,0.16782295476105413,0.15022051972463046,0.12588986828368678,0.060860438030066646,,,,,,,,,0.05960641124372232
107400.0,0.2276599641908179,0.2269684886212309,0.22495868648305903,0.22157941234760153,0.21681504611820185,0.21058514368714812,0.20278620517689586,0.1932837080294984,0.18178000181459894,0.16774935901574198,0.15015915590359943,0.1258441022255572,0.060845821334398476,,,,,,,,,0.05959230407280396
107460.0,0.22753946618289536,0.22684857798922073,0.22484047741532373,0.2214640450683346,0.2167036448598017,0.2104788550038134,0.20268619706533383,0.1931911720762916,0.18169623669508572,0.1676758688055289,0.15009787776299746,0.12579839747790889,0.060831234856767044,,,,,,,,,0.05957822694813191
107520.0,0.22741915453895697,0.22672885266820966,0.22472245061336193,0.2213488549863781,0.2165924137614821,0.2103727274738957,0.20258633914713847,0.19309877343113804,0.18161259398852467,0.16760248390207447,0.15003668512015178,0.1257527539123046,0.06081667862395431,,,,,,,,,0.059564179892228786
107580.0,0.22729902883332792,0.22660931223516995,0.22460460566179133,0.22123384169904203,0.2164813524381057,0.21026676073460504,0.20248663108652296,0.19300651178972447,0.181529073426582,0.16752920407767016,0.1499755777928905,0.12570717140086388,0.06080215265103003,,,,,,,,,0.0595501629163015
107640.0,0.2271790886415834,0.22648995626831547,0.22448694214644715,0.22111900480481392,0.21637046050566053,0.21016095442420563,0.20238707254867147,0.1929143868486129,0.18144567474168807,0.16745602910523819,0.14991455559954622,0.1256616498162424,0.06078765694262239,,,,,,,,,0.05953617602147084
107700.0,0.2270593335405442,0.22637078434709765,0.22436945965437835,0.2210043439033558,0.21625973758125247,0.21005530818201174,0.20228766319973582,0.19282239830523687,0.18136239766703294,0.16738295875832904,0.1498536183589576,0.1256161890316118,0.06077319149405118,,,,,,,,,0.05952221919986789
107760.0,0.2269397631082725,0.22625179605220083,0.22425215777384291,0.22088985859549878,0.21614918328310412,0.2099498216483846,0.20218840270683172,0.1927305458578987,0.18127924193656572,0.16730999281111988,0.1497927658904726,0.12557078892064122,0.060758756292339705,,,,,,,,,0.05950829243561316
107820.0,0.2268203769240675,0.22613299096553766,0.22413503609430344,0.22077554848323985,0.21603879723054853,0.20984449446472847,0.20208929073803683,0.19263882920576653,0.18119620728498947,0.1672371310384127,0.14973199801394907,0.1255254493574798,0.060744351317117154,,,,,,,,,0.05949439570568957
107880.0,0.2267011745684602,0.22601436867024516,0.2240180942064237,0.22066141316973822,0.2159285790440269,0.2097393262734869,0.2019903269623856,0.1925472480488708,0.1811132934477597,0.16716437321563293,0.14967131454975652,0.1254801702167398,0.06072997654142567,,,,,,,,,0.05948052898072324
107940.0,0.22658215562320982,0.22589592875068054,0.22390133170206356,0.2205474522593095,0.21581852834508441,0.2096343167181394,0.20189151104986697,0.1924558020881012,0.18103050016108113,0.16709171911882822,0.14961071531877668,0.1254349513734825,0.060715631932439805,,,,,,,,,0.05946669222567952
108000.0,0.22646331967130018,0.22577767079241662,0.2237847481742754,0.22043366535742337,0.21570864475636575,0.2095294654431978,0.20179284267142045,0.19236449102520398,0.1809478271619049,0.16701916852466633,0.14955020014240367,0.12538979270320424,0.06070131745211016,,,,,,,,,0.05945288540048552
108060.0,0.22634466629693367,0.22565959438223787,0.22366834321729945,0.2203200520706989,0.21559892790161198,0.20942477209420246,0.2016943214989335,0.19227331456277885,0.1808652741879264,0.16694672121043408,0.1494897688425439,0.12534469408182336,0.060687033057737524,,,,,,,,,0.0594391084605855
108120.0,0.22622619508552838,0.22554169910813532,0.22355211642655978,0.22020661200690003,0.21548937740565638,0.2093202363177187,0.20159594720523805,0.1921822724042757,0.18078284097758135,0.16687437695403592,0.14942942124161587,0.1252996553856692,0.060672778702487065,,,,,,,,,0.05942536135743813
108180.0,0.22610790562371352,0.22542398455930318,0.22343606739866032,0.2200933447749326,0.2153799928944206,0.2092158577613334,0.20149771946410652,0.19209136425399137,0.18070052727004415,0.16680213553399278,0.14936915716254887,0.12525467649147146,0.06065855433584723,,,,,,,,,0.05941164403896036
108240.0,0.2259897974993249,0.22530645032613486,0.22332019573138087,0.21998024998483973,0.21527077399491107,0.20911163607365146,0.2013996379502494,0.19200058981706722,0.18061833280522538,0.16672999672944017,0.14930897642878305,0.1252097572763503,0.06064435990404014,,,,,,,,,0.05939795644992425
108300.0,0.2258718703014008,0.22518909600021778,0.22320450102367262,0.2198673272477978,0.2151617203352149,0.20900757090429192,0.20130170233931152,0.19190994879948564,0.18053625732376824,0.16665796032012728,0.14924887886426721,0.12516489761780888,0.06063019535038844,,,,,,,,,0.059384298532311704
108360.0,0.22575412362017747,0.22507192117432998,0.22308898287565398,0.21975457617611255,0.21505283154449656,0.2089036619038848,0.20120391230786874,0.19181944090806705,0.1804543005670472,0.16658602608641512,0.14918886429345785,0.12512009739372332,0.060616060615644105,,,,,,,,,0.05937067022563244
108420.0,0.22563655704708596,0.22495492544243562,0.2229736408886066,0.2196419963832154,0.21494410725299398,0.20879990872406765,0.20110626753342498,0.1917290658504673,0.1803724622771643,0.16651419380927596,0.1491289325413177,0.12507535648233797,0.06060195563828123,,,,,,,,,0.05935707146720702
108480.0,0.22551917017474657,0.22483810839968044,0.2228584746649717,0.2195295874836594,0.21483554709201444,0.2086963110174814,0.20100876769440876,0.1916388233351745,0.1802907421969478,0.1664424632702912,0.14906908343331346,0.1250306747622574,0.060587880354759954,,,,,,,,,0.05934350219242204
108540.0,0.2254019625969655,0.22472146964238862,0.22274348380834552,0.219417349093115,0.21472715069393095,0.20859286843776778,0.20091141247017025,0.191548713071506,0.18020914006994873,0.16637083425165008,0.1490093167954146,0.12498605211244074,0.06057383469976045,,,,,,,,,0.05932996233495633
108600.0,0.2252849339087309,0.22460500876805792,0.22262866792347574,0.21930528082836664,0.21461891769217933,0.208489580639565,0.20081420154097737,0.1914587347696056,0.18012765564043923,0.1662993065361483,0.14894963245409087,0.12494148841219699,0.06055981860639398,,,,,,,,,0.05931645182698489
108660.0,0.22516808370620778,0.224488725375356,0.22251402661625672,0.21919338230730845,0.2145108477212537,0.20838644727850517,0.2007171345880135,0.19136888814044017,0.18004628865340955,0.16622787990718654,0.14889003023631048,0.1248969835411798,0.06054583200639109,,,,,,,,,0.059302970599360905
108720.0,0.22505141158673547,0.22437261906411568,0.22239955949372642,0.21908165314894065,0.2144029404167025,0.20828346801121006,0.2006202112933736,0.19127917289579752,0.17996503885456672,0.16615655414876884,0.14883050996953806,0.12485253737938302,0.060531874830270366,,,,,,,,,0.059289518581778736
108780.0,0.22493491714882163,0.22425668943533167,0.222285266164062,0.21897009297336606,0.21429519541512593,0.208180642495288,0.20052343134006154,0.1911895887482833,0.17988390599033047,0.1660853290455007,0.14877107148173235,0.12480814980713689,0.060517947007489165,,,,,,,,,0.059276095702919654
108840.0,0.22481859999213935,0.22414093609115598,0.22217114623657558,0.21885870140178518,0.2141876123541718,0.2080779703893304,0.20042679441198624,0.1911001354113174,0.17980288980783204,0.1660142043825889,0.1487117146013441,0.1247638207051046,0.06050404846657943,,,,,,,,,0.059262701890583025
108900.0,0.22470245971752328,0.22402535863489412,0.2220571993217108,0.21874747805649333,0.21408019087253155,0.2079754513529086,0.20033030019395928,0.19101081259913238,0.17972199005491227,0.16594317994583793,0.14865243915731371,0.12471954995427849,0.060490179135268204,,,,,,,,,0.05924933707180276
108960.0,0.2245864959269649,0.22390995667100094,0.22194342503103826,0.21863642256087668,0.21397293060993677,0.20787308504656987,0.20023394837169134,0.19092162002676977,0.17964120648011797,0.1658722555216495,0.1485932449790693,0.12467533743597821,0.060476338940586655,,,,,,,,,0.05923600117295267
109020.0,0.22447070822360837,0.2237947298050769,0.22182982297725226,0.21852553453940823,0.21386583120715602,0.20777087113183465,0.200137738631789,0.19083255741007696,0.17956053883270096,0.165801430897021,0.14853413189652376,0.12463118303184662,0.060462527808966826,,,,,,,,,0.05922269411983988
109080.0,0.22435509621174754,0.2236796776438636,0.22171639277416652,0.21841481361764406,0.2137588923059906,0.207668809271193,0.2000416706617521,0.19074362446570547,0.17947998686261488,0.16573070585954347,0.1484750997400731,0.12458708662384846,0.060448745666329275,,,,,,,,,0.05920941583778952
109140.0,0.22423965949682045,0.22356479979524035,0.22160313403671045,0.2183042594222199,0.2136521135492719,0.20756689912810083,0.19994574414996982,0.19065482091110728,0.17939955032051333,0.16566008019739922,0.14841614834059452,0.12454304809426711,0.06043499243816072,,,,,,,,,0.059196166251719695
109200.0,0.22412439768540723,0.22345009586822015,0.22149004638092482,0.21819387158084685,0.2135454945808565,0.20746514036697752,0.19984995878571868,0.19056614646453263,0.17931922895774738,0.16558955369936154,0.14835727752944314,0.12449906732570393,0.06042126804958409,,,,,,,,,0.05918294528620909
109260.0,0.22400931038522465,0.2233355654729449,0.2213771294239589,0.21808364972230806,0.21343903504562423,0.20736353265320145,0.19975431425915838,0.19047760084502688,0.17923902252636364,0.1655191261547917,0.14829848713845023,0.12445514420107441,0.06040757242542129,,,,,,,,,0.05916975286555766
109320.0,0.22389439720512222,0.2232212082206828,0.22126438278406546,0.21797359347645512,0.213332734589473,0.20726207565310711,0.19965881026132923,0.19038918377242783,0.17915893077910217,0.16544879735363774,0.14823977699992136,0.12441127860360778,0.06039390549024942,,,,,,,,,0.0591565889138408
109380.0,0.2237796577550794,0.22310702372382352,0.22115180608059806,0.21786370247420395,0.21322659285931642,0.20716076903398242,0.19956344648414956,0.1903008949673635,0.17907895346939326,0.1653785670864327,0.14818114694663373,0.1243674704168455,0.06038026716845102,,,,,,,,,0.0591434533549579
109440.0,0.22366509164620002,0.22299301159587484,0.22103939893400604,0.21775397634753135,0.21312060950307965,0.20705961246406454,0.19946822262041167,0.1902127341512488,0.17899909035135628,0.16530843514429222,0.14812259681183437,0.12432371952463883,0.060366657384259365,,,,,,,,,0.05913034611267607
109500.0,0.22355069849071016,0.22287917145145808,0.22092716096583134,0.21764441472947144,0.21301478416969685,0.20695860561253684,0.1993731383637797,0.19012470104628312,0.1789193411797972,0.16523840131891365,0.1480641264292374,0.12428002581114814,0.06035307606179882,,,,,,,,,0.05911726711066903
109560.0,0.22343647790195373,0.22276550290630506,0.2208150917987056,0.21753501725411162,0.21290911650910627,0.20685774814952596,0.19927819340878605,0.19003679537544763,0.17883970571020588,0.16516846540257316,0.1480057356330225,0.12423638916084104,0.060339523125121,,,,,,,,,0.05910421627255203
109620.0,0.2233224294943866,0.22265200557725376,0.2207031910563443,0.2174257835565894,0.212803606172248,0.20675703974609833,0.1991833874508288,0.1899490168625031,0.1787601836987548,0.16509862718812476,0.14794742425783275,0.12419280945849141,0.06032599849823757,,,,,,,,,0.05909119352191346
109680.0,0.22320855288357597,0.22253867908224467,0.2205914583635451,0.21731671327308824,0.21269825281105997,0.20665648007425685,0.19908872018616827,0.18986136523198605,0.1786807749022957,0.165028886468998,0.14788919213877208,0.12414928658917838,0.06031250210514887,,,,,,,,,0.059078198782342474
109740.0,0.22309484768619456,0.22242552304031665,0.22047989334618306,0.21720780604083478,0.21259305607847456,0.20655606880693753,0.1989941913119246,0.18977384020920737,0.17860147907835824,0.1649592430391959,0.1478310391114037,0.1241058204382845,0.060299033869870566,,,,,,,,,0.05906523197745468
109800.0,0.222981313520017,0.22231253707160392,0.22036849563120695,0.21709906149809408,0.2124880156284152,0.20645580561800703,0.19889980052607448,0.18968644152024877,0.178522295985148,0.1648896966932936,0.14777296501174828,0.12406241089149553,0.060285593716456906,,,,,,,,,0.059052293030914554
109860.0,0.22286795000391602,0.22219972079733114,0.22025726484663563,0.2169904792841675,0.2123831311157931,0.20635569018225844,0.198805547527448,0.18959916889196132,0.17844322538154306,0.1648202472264361,0.14771496967628103,0.12401905783479901,0.060272181569021255,,,,,,,,,0.0590393818664552
109920.0,0.22275475675785963,0.22208707383981063,0.2201462006215544,0.21688205903938754,0.21227840219650346,0.20625572217540888,0.19871143201572636,0.18951202205196138,0.17836426702709335,0.16475089443433635,0.14765705294193088,0.1239757611544835,0.060258797351755225,,,,,,,,,0.05902649840789684
109980.0,0.22264173340290605,0.22197459582243834,0.22003530258611156,0.21677380040511537,0.21217382852742261,0.20615590127409553,0.19861745369143813,0.1894250007286295,0.17828542068201736,0.1646816381132737,0.14759921464607748,0.12393252073713693,0.06024544098894549,,,,,,,,,0.0590136425791629
110040.0,0.2225288795612002,0.22186228636968983,0.21992457037151403,0.2166657030237369,0.21206940976640426,0.20605622715587363,0.19852361225595694,0.1893381046511067,0.17820668610720058,0.1646124780600917,0.14754145462655013,0.12388933646964624,0.06023211240498859,,,,,,,,,0.05900081430429439
110100.0,0.22241619485597103,0.22175014510711663,0.21981400361002498,0.21655776653865944,0.21196514557227608,0.20595669949921233,0.1984299074114986,0.18925133354929238,0.17812806306419288,0.16454341407219578,0.14748377272162583,0.12384620823919638,0.06021881152440438,,,,,,,,,0.05898801350746273
110160.0,0.22230367891152636,0.22163817166134256,0.2197036019349584,0.21644999059430814,0.21186103560483702,0.2058573179834915,0.1983363388611178,0.18916468715384174,0.17804955131520694,0.16447444594755228,0.14742616877002673,0.12380313593326976,0.060205538271848325,,,,,,,,,0.058975240112981636
110220.0,0.2221913313532498,0.22152636566006056,0.21959336498067736,0.21634237483612198,0.21175707952485273,0.20575808228899944,0.19824290630870547,0.18907816519616372,0.17797115062311542,0.16440557348468623,0.1473686426109191,0.12376011943964456,0.0601922925721219,,,,,,,,,0.058962494045317115
110280.0,0.2220791518075973,0.22141472673202814,0.21948329238258926,0.2162349189105511,0.21165327699405379,0.20565899209692928,0.19814960945898635,0.1889917674084176,0.17789286075144892,0.16433679648267877,0.1473111940839109,0.12371715864639475,0.060179074350182486,,,,,,,,,0.058949775229096925
110340.0,0.22196713990209282,0.2213032545070644,0.2193733837771421,0.2161276224650532,0.21154962767513097,0.2055600470893757,0.1980564480175151,0.18890549352351094,0.17781468146439455,0.16426811474116623,0.14725382302905082,0.12367425344188862,0.0601658835311515,,,,,,,,,0.058937083589118436
110400.0,0.22185529526532521,0.22119194861604613,0.21926363880182193,0.2160204851480894,0.21144613123173298,0.20546124694933196,0.19796342169067482,0.18881934327509686,0.17773661252679285,0.16419952806033775,0.14719652928682536,0.12363140371478838,0.06015272004032263,,,,,,,,,0.05892441905035651
110460.0,0.2217436175269446,0.22108080869090402,0.219154057095148,0.21591350660912123,0.21134278732846254,0.20536259136068716,0.197870530185673,0.1887333163975722,0.17765865370413617,0.16413103624093317,0.14713931269815853,0.12358860935404888,0.06013958380316792,,,,,,,,,0.05891178153796931
110520.0,0.22163210631765823,0.22096983436461912,0.21904463829667062,0.21580668649860746,0.2112395956308735,0.205264080008223,0.1977777732105394,0.1886474126260743,0.17758080476256655,0.1640626390842415,0.14708217310440871,0.12354587024891753,0.06012647474534436,,,,,,,,,0.05889917097730466
110580.0,0.22152076126922704,0.22085902527121934,0.21893538204696647,0.21570002446800046,0.2111365558054673,0.20516571257761018,0.19768515047412333,0.18856163169647883,0.1775030654688732,0.1639943363920989,0.147025110347368,0.12350318628893259,0.06011339279269902,,,,,,,,,0.058886587293904905
110640.0,0.22140958201446193,0.22074838104577596,0.21882628798763545,0.21559352016974262,0.21103366751968994,0.20506748875540617,0.19759266168609046,0.1884759733453971,0.17742543559049082,0.16392612796688694,0.1469681242692599,0.12346055736392304,0.06010033787127376,,,,,,,,,0.05887403041351144
110700.0,0.221298568187221,0.22063790132439995,0.2187173557612973,0.21548717325726305,0.21093093044192845,0.20496940822905182,0.19750030655692033,0.18839043731017444,0.17734791489549695,0.16385801361153068,0.14691121471273802,0.12341798336400768,0.060087309907309566,,,,,,,,,0.058861500262068864
110760.0,0.2211877194224049,0.22052758574423786,0.21860858501158778,0.21538098338497416,0.21082834424150818,0.2048714706868684,0.1974080847979034,0.18830502332888613,0.17727050315261045,0.1637899931294965,0.14685438152088467,0.12337546417959404,0.0600743088272503,,,,,,,,,0.05884899676572852
110820.0,0.22107703535595322,0.22041743394346916,0.21849997538315608,0.21527495020826898,0.2107259085886891,0.2047736758180544,0.1973159961211384,0.18821973114033655,0.17719320013118883,0.1637220663247904,0.1467976245372087,0.12333299970137775,0.06006133455774569,,,,,,,,,0.058836519850851365
110880.0,0.22096651562484218,0.22030744556130244,0.21839152652166005,0.21516907338351632,0.21062362315466285,0.20467602331268278,0.19722404023952975,0.18813456048405613,0.17711600560122703,0.163654233001957,0.1467409436056441,0.12329058982034209,0.06004838702565449,,,,,,,,,0.05882406944401094
110940.0,0.22085615986707977,0.2201976202379715,0.21828323807376343,0.2150633525680593,0.2105214876115499,0.2045785128616983,0.19713221686678445,0.1880495111002988,0.17703891933335408,0.16358649296607586,0.1466843385705488,0.12324823442775666,0.060035466158046835,,,,,,,,,0.05881164547199566
111000.0,0.22074596772170285,0.22008795761473224,0.21817510968713266,0.21495778742021035,0.21041950163239564,0.20448114415691346,0.19704052571741007,0.18796458273003977,0.1769619410988318,0.1635188460227612,0.14662780927670216,0.12320593341517672,0.06002257188220664,,,,,,,,,0.05879924786181101
111060.0,0.22063593882877314,0.21997845733385923,0.21806714101043326,0.21485237759924863,0.21031766489116718,0.20438391689100693,0.1969489665067112,0.18787977511497286,0.17688507066955256,0.16345129197815944,0.1465713555693049,0.12316368667444307,0.0600097041256331,,,,,,,,,0.058786876540680995
111120.0,0.22052607282937484,0.21986911903864145,0.2179593316933261,0.2147471227654172,0.21021597706275125,0.20428683075751963,0.19685753895078736,0.1877950879975088,0.17680830781803683,0.16338383063894754,0.1465149772939761,0.12312149409767992,0.059996862816042676,,,,,,,,,0.058774531436050007
111180.0,0.22041636936560935,0.21975994237337945,0.21785168138646416,0.214642022579919,0.21011443782295042,0.20418988545085226,0.19676624276653,0.18771052112077186,0.1767316523174318,0.16331646181233136,0.1464586742967526,0.1230793555772954,0.05998404788137052,,,,,,,,,0.05876221247558415
111240.0,0.22030682808059426,0.21965092698338248,0.21774418974148924,0.2145370767049137,0.21001304684847966,0.20409308066626208,0.19667507767162007,0.1876260742285983,0.17665510394150888,0.1632491853060431,0.1464024464240875,0.12303727100598014,0.05997125924977141,,,,,,,,,0.0587499195871721
111300.0,0.22019744861845644,0.21954207251496402,0.21763685641102903,0.2144322848035149,0.20991180381696384,0.20399641609986052,0.1965840433845252,0.18754174706553364,0.17657866246466158,0.1631820009283406,0.14634629352284756,0.1229952402767067,0.05995849684962073,,,,,,,,,0.058737652698926
111360.0,0.2200882306243325,0.21943337861543866,0.21752968104869272,0.21432764653978598,0.20981070840693405,0.20389989144860982,0.19649313962449716,0.18745753937683024,0.17650232766190332,0.16311490848800447,0.14629021544031323,0.12295326328272851,0.05994576060951549,,,,,,,,,0.058725411739182415
111420.0,0.21997917374436204,0.21932484493311882,0.2174226633090687,0.21422316157873775,0.2097097602978253,0.20380350641031972,0.19640236611156914,0.18737345090844523,0.17642609930886582,0.1630479077943367,0.14623421202417644,0.12291133991757941,0.059933050458274864,,,,,,,,,0.058713196636502804
111480.0,0.21987027762568676,0.21921647111731174,0.21731580284772017,0.214118829586325,0.20960895916997277,0.20370726068364586,0.19631172256655302,0.18728948140703755,0.17634997718179687,0.16298099865715948,0.1461782831225392,0.12286947007507264,0.05992036632494075,,,,,,,,,0.058701007319673995
111540.0,0.2197615419164447,0.21910825681831497,0.21720909932118274,0.21401465022944316,0.20950830470460902,0.20361115396808607,0.19622120871103713,0.1872056306199667,0.17627396105755794,0.1629141808868122,0.14612242858391197,0.12282765364930028,0.05990770813877839,,,,,,,,,0.05868884371770878
111600.0,0.21965296626576958,0.21900020168741421,0.21710255238696086,0.213910623175925,0.20940779658386077,0.2035151859639775,0.19613082426738318,0.1871218982952892,0.17619805071362246,0.16284745429415096,0.1460666482572127,0.12278589053463196,0.059895075829276,,,,,,,,,0.05867670575984549
111660.0,0.2195445503237843,0.2188923053768789,0.2169961617035244,0.2138067480945379,0.20930743449074599,0.2034193563724938,0.19604056895872404,0.18703828418175736,0.17612224592807407,0.16278081869054617,0.1460109419917653,0.12274418062571449,0.05988246932614569,,,,,,,,,0.058664593375548836
111720.0,0.21943629374160017,0.21878456753995956,0.216889926930305,0.21370302465498026,0.20920721810917114,0.20332366489564277,0.19595044250896124,0.18695478802881588,0.17604654647960408,0.1627142738878806,0.1459553096372975,0.12270252381747129,0.05986988855932299,,,,,,,,,0.058652506494509433
111780.0,0.21932819617131186,0.21867698783088496,0.2167838477276941,0.21359945252787788,0.20910714712392778,0.20322811123626316,0.1958604446427618,0.18687140958660073,0.17597095214750966,0.16264781969854797,0.1458997510439407,0.12266092000510087,0.0598573334589672,,,,,,,,,0.05864044504664408
111840.0,0.21922025726599595,0.21856956590485746,0.21667792375703787,0.21349603138478218,0.20900722122068993,0.20313269509802187,0.19577057508555612,0.18678814860593593,0.17589546271169135,0.16258145593545123,0.1458442660622276,0.12261936908407677,0.05984480395546118,,,,,,,,,0.058628408962095487
111900.0,0.2191124766797049,0.21846230141805048,0.2165721546806358,0.21339276089816592,0.20890744008601042,0.20303741618541105,0.19568083356353536,0.18670500483833125,0.17582007795265242,0.1625151824120007,0.1457888545430912,0.12257787095014605,0.059832299979411085,,,,,,,,,0.05861639817123205
111960.0,0.21900485406746614,0.21835519402760506,0.21646654016173558,0.21328964074142057,0.20880780340731872,0.20294227420374575,0.19559121980364894,0.1866219780359808,0.17574479765149523,0.16244899894211212,0.1457335163378637,0.12253642549932932,0.059819821461646425,,,,,,,,,0.05860441260464781
112020.0,0.2188973890852779,0.21824824339162682,0.21636107986453162,0.21318667058885274,0.20870831087291764,0.20284726885916096,0.19550173353360195,0.1865390679517601,0.1756696215899199,0.16238290534020566,0.14567825129827436,0.12249503262791929,0.05980736833321949,,,,,,,,,0.058592452193161865
112080.0,0.21879008139010553,0.21814144916918232,0.216255773454161,0.21308385011568182,0.2086089621719802,0.2027523998586086,0.19541237448185264,0.18645627433922363,0.17559454955022297,0.16231690142120359,0.1456230592764489,0.12245369223247998,0.05979494052540526,,,,,,,,,0.05858051686781823
112140.0,0.21868293063987865,0.21803481102029607,0.2161506205967001,0.2129811789980362,0.2085097569945468,0.2026576669098552,0.19532314237760975,0.18637359695260333,0.17551958131529444,0.16225098700052876,0.1455679401249078,0.12241240420984645,0.05978253796970094,,,,,,,,,0.058568606559885425
112200.0,0.21857593649348744,0.21792832860594713,0.21604562095916188,0.21287865691295046,0.20841069503152285,0.2025630697214786,0.19523403695083025,0.1862910355468058,0.17544471666861605,0.1621851618941028,0.145512893696565,0.12237116845712351,0.05977016059782567,,,,,,,,,0.05855672120085602
112260.0,0.21846909861078,0.21782200158806608,0.2159407742094926,0.21277628353836245,0.20831177597467482,0.20246860800286545,0.1951450579322167,0.18620858987740987,0.1753699553942599,0.16211942591834463,0.14545791984472686,0.12232998487168503,0.05975780834171986,,,,,,,,,0.05854486072244611
112320.0,0.21836241665255945,0.2177158296295312,0.21583608001656823,0.21267405855311017,0.2082129995166281,0.20237428146420902,0.195056205053215,0.18612625970066488,0.1752952972768858,0.16205377889016861,0.1454030184230904,0.1222888533511734,0.05974548113354501,,,,,,,,,0.058533025056594946
112380.0,0.21825589028057943,0.2176098123941664,0.2157315380501922,0.2125719816369284,0.20811436535086414,0.20228008981650628,0.19496747804601153,0.18604404477348846,0.1752207421017395,0.1619882206269832,0.1453481892857423,0.12224777379349827,0.05973317890568291,,,,,,,,,0.05852121413546423
112440.0,0.21814951915754166,0.21750394954673674,0.21562714798109145,0.2124700524704464,0.2080158731717166,0.20218603277155442,0.19487887664353087,0.18596194485346398,0.1751462896546508,0.16192275094668895,0.14529343228715755,0.12220674609683627,0.05972090159073537,,,,,,,,,0.0585094278914378
112500.0,0.21804330294709276,0.2173982407529464,0.21552290948091352,0.2123682707351839,0.20791752267437,0.20209211004194874,0.19479040057943345,0.18587995969883814,0.1750719397220318,0.1618573696676768,0.14523874728219763,0.12216577015962969,0.05970864912152351,,,,,,,,,0.05849766625712085
112560.0,0.21793724131382097,0.21729268567943444,0.21541882222222378,0.2122666361135491,0.2078193135548554,0.20199832134108056,0.1947020495881126,0.18579808906851963,0.17499769209087482,0.1617920766088268,0.14518413412611028,0.12212484588058599,0.05969642143108722,,,,,,,,,0.05848592916533942
112620.0,0.2178313339232526,0.21718728399377232,0.21531488587850187,0.21216514828883504,0.20772124551004909,0.20190466638313373,0.1946138234046933,0.18571633272207624,0.17492354654875023,0.16172687158950624,0.14512959267452746,0.12208397315867703,0.05968421845268467,,,,,,,,,0.05847421654913988
112680.0,0.21772558044184953,0.21708203536446116,0.21521110012413897,0.21206380694521654,0.20762331823766803,0.2018111448830823,0.19452572176502825,0.18563469041973285,0.1748495028838048,0.16166175442956793,0.14507512278346396,0.12204315189313825,0.059672040119791436,,,,,,,,,0.05846252834178803
112740.0,0.21761998053700563,0.21697693946092697,0.21510746463443453,0.2119626117677481,0.20752553143626842,0.20171775655668775,0.1944377444056963,0.18555316192236906,0.17477556088476012,0.1615967249493489,0.14502072430931695,0.12200238198346756,0.05965988636610023,,,,,,,,,0.05845086447676878
112800.0,0.21751453387704395,0.21687199595351983,0.21500397908559327,0.2118615624423598,0.20742788480524238,0.20162450112049618,0.19434989106400025,0.1854717469915176,0.17470172034090992,0.16153178296966864,0.14496639710886355,0.12196166332942497,0.05964775712551988,,,,,,,,,0.05843922488778522
112860.0,0.21740924013121252,0.21676720451350878,0.2149006431547222,0.21176065865585533,0.20733037804481455,0.2015313782918364,0.19426216147796388,0.1853904453893616,0.17462798104211827,0.1614669283118272,0.14491214103926084,0.12192099583103162,0.05963565233217508,,,,,,,,,0.0584276095087582
112920.0,0.21730409896968328,0.21666256481307955,0.21479745651982732,0.21165990009590827,0.20723301085604048,0.20143838778881673,0.1941745553863295,0.18530925687873281,0.17455434277881887,0.1614021607976038,0.14485795595804318,0.1218803793885689,0.05962357192040541,,,,,,,,,0.05841601827382546
112980.0,0.2171991100635469,0.21655807652533163,0.21469441885981105,0.21155928645105973,0.207135782940803,0.2013455293303225,0.19408707252855628,0.18522818122310913,0.17448080534201157,0.16133748024925568,0.14480384172312258,0.1218398139025779,0.05961151582476472,,,,,,,,,0.058404451117340966
113040.0,0.21709427308481086,0.21645373932427522,0.21459152985446897,0.21145881741071532,0.20703869400180971,0.20125280263601364,0.1939997126448174,0.18514721818661245,0.17440736852326166,0.16127288648951593,0.144749798192786,0.12179929927385834,0.05959948398002059,,,,,,,,,0.05839290797387431
113100.0,0.2169895877063959,0.21634955288482755,0.21448878918448672,0.2113584926651418,0.20694174374259044,0.2011602074263215,0.19391247547599735,0.1850663675340073,0.1743340321146971,0.16120837934159182,0.14469582522569527,0.12175883540346774,0.059587476321153465,,,,,,,,,0.058381388778209906
113160.0,0.2168850536021333,0.21624551688281052,0.2143861965314373,0.2112583119054652,0.2068449318674938,0.20106774342244754,0.1938253607636904,0.1849856290306976,0.17426079590900792,0.16114395862916361,0.14464192268088485,0.12171842219272105,0.05957549278335613,,,,,,,,,0.05836989346534638
113220.0,0.21678067044676164,0.21614163099494718,0.21428375157777735,0.21115827482366661,0.2067482580816853,0.20097541034635918,0.19373836825019752,0.1849050024427254,0.17418765969944286,0.161079624176383,0.14458809041776147,0.12167805954318947,0.059563533302032845,,,,,,,,,0.058358421970495726
113280.0,0.21667643791592395,0.21603789489885897,0.2141814540068454,0.2110583811125804,0.20665172209114444,0.20088320792078873,0.19365149767852435,0.1848244875367685,0.17411462327980864,0.1610153758078713,0.14453432829610255,0.12163774735669984,0.059551597812798736,,,,,,,,,0.05834697422908272
113340.0,0.21657235568616418,0.21593430827306287,0.2140793035028579,0.21095863046589097,0.2065553236026611,0.20079113586922961,0.19356474879237873,0.18474408408013818,0.17404168644446744,0.16095121334871854,0.14448063617605486,0.12159748553533364,0.059539686251479054,,,,,,,,,0.058335550176744085
113400.0,0.21646842343492376,0.21583087079696772,0.2139772997509068,0.2108590225781299,0.20645906232383415,0.20069919391593466,0.19347812133616904,0.18466379184077725,0.17396884898833564,0.16088713662448068,0.14442701391813342,0.12155727398142656,0.05952779855410842,,,,,,,,,0.0583241497493278
113460.0,0.21636464084054038,0.21572758215087198,0.21387544243695628,0.21075955714467326,0.2063629379630679,0.20060738178591347,0.1933916150550007,0.184583610587258,0.17389611070688132,0.1608231454611792,0.14437346138322038,0.12151711259756738,0.059515934656930274,,,,,,,,,0.05831277288289247
113520.0,0.21626100758224384,0.21562444201596054,0.2137737312478404,0.21066023386173824,0.2062669502295698,0.20051569920492965,0.19330522969467473,0.18450354008878025,0.17382347139612336,0.16075923968529876,0.14431997843256353,0.12147700128659732,0.05950409449639592,,,,,,,,,0.05830141951370644
113580.0,0.21615752334015273,0.21552145007430137,0.2136721658712594,0.21056105242638123,0.20617109883334742,0.20042414589949822,0.19321896500168537,0.18442358011516927,0.17375093085262885,0.16069541912378668,0.14426656492777587,0.1214369399516093,0.059492278009163846,,,,,,,,,0.05829008957824702
113640.0,0.21605418779527202,0.21541860600884324,0.21357074599577727,0.21046201253649444,0.20607538348520613,0.20033272159688337,0.19313282072321733,0.18434373043687297,0.17367848887351162,0.16063168360405045,0.1442132207308336,0.12139692849594722,0.05948048513209912,,,,,,,,,0.058278783013199956
113700.0,0.21595100062948983,0.21531590950341203,0.21346947131081903,0.2103631138908031,0.2059798038967464,0.20024142602509634,0.193046796607144,0.18426399082496128,0.17360614525643017,0.16056803295395675,0.14415994570407514,0.12135696682320495,0.05946871580227274,,,,,,,,,0.05826749975545865
113760.0,0.21584796152557473,0.2152133602427085,0.21336834150666736,0.21026435618886302,0.2058843597803608,0.20015025891289182,0.19296089240202535,0.18418436105112315,0.17353389979958614,0.1605044670018296,0.1441067397102001,0.12131705483722559,0.05945696995696059,,,,,,,,,0.058256239742123246
113820.0,0.21574507016717273,0.21511095791230495,0.21326735627446036,0.21016573913105752,0.20578905084923194,0.20005921998976706,0.19287510785710496,0.18410484088766413,0.1734617523017229,0.16044098557644895,0.14405360261226835,0.12127719244210107,0.059445247533642886,,,,,,,,,0.058245002910499964
113880.0,0.21564232623880375,0.21500870219864207,0.21316651530618794,0.21006726241859464,0.2056938768173294,0.1999683089859579,0.192789442722308,0.18402543010750536,0.17338970256212274,0.16037758850704972,0.1440005342736982,0.12123737954217088,0.05943354847000346,,,,,,,,,0.05823378919810042
113940.0,0.21553972942586042,0.21490659278902702,0.2130658182946896,0.20996892575350481,0.20559883739940737,0.19987752563243744,0.19270389674823973,0.18394612848418113,0.17331775038060593,0.1603142756233195,0.14394753455826598,0.12119761604202171,0.059421872703929124,,,,,,,,,0.058222598542640946
114000.0,0.21543727941460242,0.21480462937162925,0.2129652649336514,0.20987072883863767,0.20550393231100184,0.19978686966091283,0.19261846968618207,0.18386693579183666,0.17324589555752912,0.16025104675539772,0.14389460333010426,0.12115790184648613,0.05941022017350879,,,,,,,,,0.058211430882041754
114060.0,0.21533497589215647,0.21470281163547852,0.21286485491760318,0.20977267137765976,0.20540916126842793,0.19969634080382337,0.19253316128809195,0.18378785180522653,0.1731741378937826,0.16018790173387332,0.143841740453701,0.1211182368606425,0.059398590817032575,,,,,,,,,0.05820028615442596
114120.0,0.21523281854651138,0.21460113927046212,0.21276458794191547,0.20967475307505123,0.20531452398877797,0.1996059387943376,0.19244797130659974,0.18370887629971172,0.17310247719078933,0.16012484038978464,0.14378894579389861,0.12107862098981392,0.05938698457299166,,,,,,,,,0.05818916429811951
114180.0,0.2151308070665162,0.21449961196732104,0.21266446370279715,0.20957697363610364,0.20522002018991808,0.19951566336635174,0.192362899495006,0.1836300090512592,0.17303091325050338,0.16006186255461635,0.14373621921589239,0.1210390541395672,0.05937540138007691,,,,,,,,,0.058178065251649716
114240.0,0.21502894114187687,0.21439822941764816,0.21256448189729232,0.20947933276691716,0.20512564959048635,0.1994255142544862,0.19227794560727943,0.18355124983643867,0.17295944587540749,0.1599989680602997,0.1436835605852295,0.12099953621571244,0.05936384117717843,,,,,,,,,0.058166988953744864
114300.0,0.2149272204631538,0.21429699131388522,0.2124646422232779,0.20938183017439782,0.20503141190988936,0.19933549119408397,0.1921931093980554,0.18347259843242125,0.17288807486851163,0.15993615673920936,0.14363096976780787,0.12096006712430214,0.05935230390338481,,,,,,,,,0.058155935343333416
114360.0,0.2148256447217587,0.2141958973493191,0.21236494437946,0.2092844655662546,0.2049373068683006,0.19924559392120839,0.19210839062263313,0.18339405461697655,0.17281680003335154,0.15987342842416305,0.14357844662987518,0.12092064677163053,0.059340789497982556,,,,,,,,,0.05814490435954344
114420.0,0.21472421360995186,0.21409494721808037,0.21226538806537262,0.20918723865099742,0.20484333418665737,0.19915582217263966,0.19202378903697337,0.18331561816847214,0.17274562117398698,0.15981078294842044,0.1435259910380278,0.12088127506423252,0.05932929790045528,,,,,,,,,0.05813389594170179
114480.0,0.21462292682083955,0.2139941406151399,0.21216597298137338,0.20909014913793372,0.2047494935866585,0.1990661756858738,0.19193930439769705,0.18323728886587062,0.1726745380949996,0.15974822014568027,0.1434736028592091,0.12084195190888353,0.05931782905048248,,,,,,,,,0.05812291002933287
114540.0,0.21452178404837033,0.21389347723630542,0.2120666988286418,0.20899319673716654,0.20465578479076196,0.19897665419911933,0.19185493646208232,0.18315906648872804,0.1726035506014915,0.15968573985008033,0.14342128196070972,0.12080267721259805,0.05930638288793988,,,,,,,,,0.058111946562158984
114600.0,0.2144207849873337,0.21379295677821958,0.21196756530917588,0.20889638115959142,0.2045622075221817,0.1988872574512956,0.19177068498806293,0.18308095081719164,0.17253265849908347,0.1596233418961952,0.14336902821016434,0.12076345088262935,0.059294959352897525,,,,,,,,,0.05810100548009843
114660.0,0.21431992933335586,0.21369257893835722,0.21186857212579052,0.20879970211689378,0.20446876150488608,0.19879798518203007,0.1916865497342256,0.1830029416319983,0.17246186159391358,0.15956102611903525,0.1433168414755524,0.12072427282646868,0.05928355838561998,,,,,,,,,0.05809008672326562
114720.0,0.21421921678289832,0.21359234341502223,0.21176971898211325,0.20870315932154657,0.20437544646359454,0.19870883713165588,0.19160253045980818,0.18292503871447224,0.17239115969263508,0.159498792354045,0.1432647216251964,0.12068514295184432,0.059272179926565104,,,,,,,,,0.058079190231969946
114780.0,0.2141186470332539,0.2134922499073445,0.21167100558258253,0.20860675248680718,0.20428226212377568,0.19861981304121024,0.19151862692469757,0.1828472418465239,0.17232055260241536,0.15943664043710193,0.1432126685277604,0.12064606116672114,0.05926082391638364,,,,,,,,,0.058068315946715285
114840.0,0.2140182197825447,0.213392298115278,0.21157243163244516,0.20851048132671576,0.20418920821164502,0.19853091265243128,0.19143483888942708,0.18276955081064697,0.17225004013093329,0.15937457020451481,0.14316068205224938,0.12060702737929938,0.0592494902959182,,,,,,,,,0.05805746380819902
114900.0,0.21391793472971873,0.21329248773959728,0.21147399683775317,0.20841434555609178,0.2040962844541613,0.19844213570775607,0.19135116611517555,0.18269196538991683,0.1721796220863786,0.15931258149302263,0.14310876206800816,0.12056804149801449,0.059238179006202867,,,,,,,,,0.058046633757311596
114960.0,0.21381779157454844,0.21319281848189564,0.21137570090536156,0.20831834489053166,0.2040034905790256,0.19835348195031857,0.1912676083637637,0.18261448536798933,0.17210929827744934,0.1592506741397926,0.14305690844471997,0.12052910343153628,0.059226889988462136,,,,,,,,,0.05803582573513549
115020.0,0.2137177900176262,0.21309329004458163,0.21127754354292508,0.20822247904640667,0.2039108263146777,0.1982649511239469,0.19118416539765304,0.1825371105290978,0.17203906851335068,0.15918884798242008,0.14300512105240593,0.1204902130887674,0.05921562318411046,,,,,,,,,0.05802503968294474
115080.0,0.21361792976036317,0.2129939021308764,0.21117952445889593,0.20812674774085974,0.20381829139029464,0.19817654297316176,0.1911008369799437,0.18245984065805235,0.1719689326037937,0.15912710285892548,0.14295339976142374,0.12045137037884386,0.05920437853475169,,,,,,,,,0.05801427554220434
115140.0,0.21351821050498565,0.21289465444481123,0.21108164336252122,0.20803115069180325,0.20372588553578716,0.19808825724317264,0.19101762287437174,0.18238267554023702,0.1718988903589928,0.15906543860775418,0.14290174444246603,0.12041257521113323,0.05919315598217799,,,,,,,,,0.058003533254569195
115200.0,0.21341863195453264,0.21279554669122547,0.2109838999638404,0.20793568761791642,0.2036336084817987,0.1980000936798775,0.19093452284530782,0.18230561496160813,0.1718289415896644,0.1590038550677746,0.14285015496655976,0.12037382749523466,0.05918195546836928,,,,,,,,,0.05799281276188354
115260.0,0.21331919381285377,0.2126965785757629,0.21088629397368217,0.20784035823864286,0.2035414599597014,0.19791205202985993,0.19085153665775462,0.18222865870869276,0.17175908610702623,0.15894235207827703,0.14279863120506572,0.12033512714097776,0.05917077693549265,,,,,,,,,0.05798211400618033
115320.0,0.21321989578460548,0.21259774980486917,0.21078882510366267,0.20774516227418777,0.20344943970159518,0.19782413204038585,0.19076866407734508,0.18215180656858712,0.17168932372279422,0.15888092947897195,0.14274717302967657,0.12029647405842193,0.059159620325901635,,,,,,,,,0.05797143692968053
115380.0,0.21312073757524963,0.21249906008579011,0.21069149306618185,0.20765009944551643,0.20335754744030451,0.19773633345940264,0.1906859048703404,0.18207505832895396,0.17161965424918182,0.15881958710998903,0.14269578031241625,0.12025786815785576,0.05914848558213548,,,,,,,,,0.05796078147479235
115440.0,0.21302171889104937,0.2124005091265674,0.21059429757442202,0.20755516947435027,0.20326578290937614,0.19764865603553608,0.19060325880362752,0.18199841377802073,0.17155007749889814,0.15875832481187618,0.14264445292563874,0.12021930934979612,0.05913737264691834,,,,,,,,,0.05795014758411045
115500.0,0.2129228394390676,0.2123020966360385,0.2104972383423447,0.20746037208316517,0.20317414584307703,0.1975610995180882,0.19052072564471756,0.18192187270457882,0.1714805932851468,0.15869714242559718,0.142593190742027,0.12018079754498759,0.05912628146315878,,,,,,,,,0.05793953520041545
115560.0,0.21282409892716425,0.21220382232383084,0.21040031508468768,0.207365706995189,0.20308263597639137,0.19747366365703578,0.19043830516174357,0.18184543489798077,0.1714112014216235,0.1586360397925307,0.14254199363459208,0.12014233265440176,0.05911521197394894,,,,,,,,,0.05792894426667306
115620.0,0.21272549706399338,0.21210568590036216,0.21030352751696316,0.20727117393439903,0.2029912530450192,0.19738634820302714,0.1903559971234587,0.18176910014813819,0.17134190172251484,0.15857501675446967,0.1424908614766724,0.12010391458923644,0.05910416412256399,,,,,,,,,0.05791837472603352
115680.0,0.21262703355900078,0.21200768707683615,0.2102068753554547,0.20717677262551967,0.20289999678537343,0.1972991529073808,0.190273801299234,0.18169286824552122,0.17127269400249703,0.15851407315361912,0.14243979414193178,0.12006554326091515,0.059093137852461466,,,,,,,,,0.05790782652183096
115740.0,0.21252870812242083,0.21190982556524027,0.21011035831721547,0.2070825027940194,0.2028088669345775,0.19721207752208325,0.19019171745905647,0.18161673898115552,0.17120357807673392,0.1584532088325955,0.14238879150435949,0.12002721858108589,0.05908213310728033,,,,,,,,,0.057897299597582434
115800.0,0.2124305204652748,0.21181210107834353,0.21001397612006448,0.20698836416610955,0.20271786323046317,0.19712512179978572,0.19010974537352704,0.18154071214662099,0.1711345537608756,0.1583924236344248,0.1423378534382679,0.11998894046162098,0.059071149830840636,,,,,,,,,0.057886793896987566
115860.0,0.21233247029936744,0.2117145133296934,0.20991772848258533,0.20689435646874016,0.20262698541156826,0.19703828549380328,0.19002788481385868,0.18146478753405,0.17106562087105687,0.15833171740254118,0.14228697981829294,0.11995070881461622,0.05906018796714256,,,,,,,,,0.05787630936392762
115920.0,0.2122345573372845,0.21161706203361383,0.20982161512412284,0.20680047942959914,0.20253623321713432,0.196951568358112,0.1899461355518743,0.18138896493612564,0.1709967792238954,0.15827108998078676,0.14223617051939225,0.11991252355239018,0.05904924746036598,,,,,,,,,0.057865845942465
115980.0,0.21213678129239147,0.21151974690520234,0.20972563576478095,0.20670673277710916,0.2024456063871042,0.1968649701473472,0.189864497360005,0.18131324414607955,0.17092802863649093,0.15821054121340886,0.1421854254168442,0.1198743845874831,0.05903832825486964,,,,,,,,,0.05785540357684248
116040.0,0.2120391418788291,0.21142256766032724,0.20962979012542032,0.2066131162404253,0.20235510466212023,0.19677849061680094,0.18978297001128772,0.18123762495769075,0.17085936892642203,0.15815007094505956,0.14213474438624704,0.11983629183265707,0.05902743029519043,,,,,,,,,0.05784498221148244
116100.0,0.21194163881151193,0.21132552401562563,0.20953407792765535,0.2065196295494324,0.20226472778352145,0.19669212952241974,0.1897015532793636,0.18116210716528328,0.17079079991174714,0.15808967902079427,0.14208412730351774,0.11979824520089438,0.05901655352604297,,,,,,,,,0.05783458179098642
116160.0,0.21184427180612558,0.21122861568850124,0.20943849889385233,0.20642627243474335,0.2021744754933415,0.19660588662080355,0.18962024693847615,0.18108669056372467,0.17072232141100074,0.15802936528607045,0.14203357404489117,0.11976024460539765,0.05900569789231881,,,,,,,,,0.05782420226013435
116220.0,0.2117470405791241,0.2111318423971202,0.20934305274712656,0.2063330446276959,0.20208434753430618,0.19651976166920235,0.1895390507634684,0.18101137494842476,0.17065393324319295,0.15796912958674608,0.14198308448691907,0.11972228995958865,0.05899486333908574,,,,,,,,,0.05781384356388386
116280.0,0.21164994484772798,0.21103520386041047,0.20924773921134007,0.20623994586035144,0.2019943436498316,0.19643375442551445,0.18945796452978228,0.18093616011533314,0.1705856352278076,0.15790897176907884,0.14193265850646872,0.11968438117710735,0.058984049811587086,,,,,,,,,0.057803505647369524
116340.0,0.21155298432992098,0.21093869979805852,0.20915255801109933,0.206146975865491,0.20190446358402137,0.19634786464828458,0.1893769880134558,0.18086104586093743,0.17051742718480092,0.15784889167972452,0.14188229598072252,0.11964651817181217,0.058973257255241246,,,,,,,,,0.05779318845590244
116400.0,0.21145615874444773,0.21084232993050692,0.20905750887175242,0.20605413437661468,0.20181470708166524,0.19626209209670206,0.18929612099112147,0.18078603198226215,0.1704493089346002,0.1577888891657358,0.14183199678717653,0.11960870085777849,0.058962485615640825,,,,,,,,,0.05778289193496932
116460.0,0.2113594678108116,0.21074609397895155,0.2089625915193871,0.20596142112793775,0.20172507388823607,0.19617643653059794,0.18921536324000435,0.1807111182768666,0.17038128029810212,0.15772896407456108,0.14178176080363977,0.1195709291492983,0.058951734838552275,,,,,,,,,0.057772616030232135
116520.0,0.21126291124927205,0.21064999166533996,0.2088678056808277,0.20586883585438953,0.20163556374988795,0.1960908977104435,0.18913471453791988,0.1806363045428434,0.17031334109667068,0.15766911625404284,0.14173158790823304,0.11953320296087937,0.0589410048699148,,,,,,,,,0.057762360687527006
116580.0,0.2111664887808421,0.21055402271236798,0.20877315108363384,0.2057763782916104,0.2015461764134539,0.19600547539734797,0.1890541746632723,0.1805615905788162,0.17024549115213652,0.15760934555241704,0.14168147797938788,0.11949552220724458,0.05893029565584007,,,,,,,,,0.05775212585286395
116640.0,0.21107020012728578,0.21045818684347797,0.208678627456097,0.2056840481759499,0.201456911626444,0.1959201693530564,0.18897374339505277,0.18048697618393905,0.17017773028679523,0.15754965181831163,0.14163143089584582,0.11945788680333155,0.05891960714261163,,,,,,,,,0.057741911472426216
116700.0,0.2109740450111163,0.2103624837828562,0.2085842345272383,0.20559184524446367,0.20136776913704207,0.1958349793399482,0.18889342051283697,0.18041246115789344,0.17011005832340578,0.15749003490074484,0.1415814465366576,0.11942029666429163,0.05890893927668399,,,,,,,,,0.05773171749256942
116760.0,0.21087802315559248,0.21026691325543023,0.20848997202680652,0.20549976923491206,0.20127874869410547,0.19574990512103413,0.18881320579678393,0.1803380453008876,0.17004247508518877,0.15743049464912467,0.1415315247811814,0.1193827517054893,0.05889829200468205,,,,,,,,,0.057721543859820944
116820.0,0.21078213428471754,0.21017147498686664,0.20839583968527567,0.20540781988575757,0.2011898500471609,0.1956649464599551,0.1887330990276337,0.1802637284136541,0.16997498039582548,0.15737103091324728,0.14148166550908284,0.11934525184250154,0.05888766527340071,,,,,,,,,0.057711390520879535
116880.0,0.21068637812323576,0.21007616870356868,0.20830183723384277,0.20531599693616245,0.20110107294640361,0.19558010312097923,0.18865309998670557,0.18018951029744873,0.16990757407945623,0.1573116435432953,0.1414318686003333,0.11930779699111735,0.058877059029803946,,,,,,,,,0.057701257422614394
116940.0,0.21059075439663108,0.20998099413267377,0.20820796440442454,0.20522430012598608,0.2010124171426943,0.1954953748690009,0.18857320845589648,0.1801153907540482,0.16984025596067842,0.15725233238983782,0.14138213393520963,0.11927038706733668,0.0588664732210244,,,,,,,,,0.05769114451206474
117000.0,0.21049526283112346,0.20988595100205149,0.20811422092965626,0.2051327291957833,0.2009238823875578,0.1954107614695384,0.1884934242176787,0.18004136958574946,0.1697730258645459,0.15719309730382805,0.14133246139429206,0.11923302198737026,0.058855907794362505,,,,,,,,,0.05768105173643893
117060.0,0.21039990315366686,0.20979103904030036,0.20802060654288904,0.2050412838868023,0.20083546843318037,0.1953262626887314,0.18841374705509842,0.17996744659536743,0.16970588361656705,0.1571339381366025,0.14128285085846487,0.11919570166763858,0.058845362697286234,,,,,,,,,0.0576709790431142
117120.0,0.21030467509194745,0.20969625797674643,0.20792712097818708,0.20494996394098153,0.20074717503240788,0.1952418782933393,0.18833417675177339,0.17989362158623254,0.16963882904270308,0.15707485473987995,0.14123330220891378,0.11915842602477125,0.058834837877429956,,,,,,,,,0.05766092637963554
117180.0,0.21020957837438084,0.2096016075414404,0.20783376397032588,0.2048587691009482,0.20065900193874323,0.1951576080507394,0.18825471309189162,0.1798198943621911,0.16957186196936733,0.15701584696576026,0.14118381532712632,0.11912119497560672,0.0588243332825944,,,,,,,,,0.057650893693715614
117240.0,0.21011461273011006,0.20950708746515495,0.20774053525478975,0.2047676991100156,0.20057094890634491,0.1950734517289247,0.18817535586020925,0.17974626472760144,0.16950498222342353,0.15695691466672235,0.1411343900948903,0.1190840084371912,0.058813848860745574,,,,,,,,,0.05764088093323369
117300.0,0.2100197778890024,0.2094126974793832,0.20764743456776938,0.20467675371218164,0.2004830156900243,0.19498940909650173,0.18809610484204917,0.1796727324873339,0.16943818963218357,0.1568980576956242,0.14108502639429255,0.119046866326778,0.058803384560014535,,,,,,,,,0.05763088804623541
117360.0,0.20992507358164764,0.20931843731633634,0.2075544616461599,0.2045859326521254,0.20039520204524383,0.19490547992268908,0.18801695982329863,0.1795992974467683,0.1693714840234073,0.15683927590570101,0.14103572410771872,0.11900976856182738,0.05879294032869638,,,,,,,,,0.05762091498093176
117420.0,0.20983049953935534,0.2092243067089406,0.20746161622755827,0.20449523567520628,0.20030750772811473,0.19482166397731557,0.18793792059040748,0.17952595941179295,0.1693048652253005,0.1567805691505638,0.14098648311785217,0.11897271506000558,0.058782516115249844,,,,,,,,,0.0576109616856987
117480.0,0.2097360554941538,0.20913030539083485,0.20736889805026146,0.20440466252746053,0.2002199324953952,0.1947379610308172,0.1878589869303867,0.17945271818880223,0.16923833306651384,0.15672193728419892,0.14093730330767254,0.11893570573918388,0.058772111868296784,,,,,,,,,0.05760102810907655
117540.0,0.20964174117878565,0.2090364330963694,0.20727630685326312,0.20431421295560026,0.20013247610448823,0.19465437085423618,0.18778015863080671,0.17937957358469586,0.16917188737614033,0.15666338016096656,0.1408881845604552,0.11889874051743847,0.05876172753662162,,,,,,,,,0.05759111419976953
117600.0,0.20954755632670705,0.2089426895606029,0.2071838423762529,0.20422388670701053,0.20004513831343934,0.19457089321921914,0.18770143547979498,0.17930652540687692,0.16910552798371567,0.15660489763559898,0.1408391267597705,0.1188618193130497,0.058751363069170295,,,,,,,,,0.05758121990664466
117660.0,0.20945350067208487,0.20884907451930002,0.20709150435961318,0.20413368352974728,0.1999579188809349,0.1944875278980139,0.18762281726603508,0.1792335734632499,0.16903925471921566,0.15654648956320033,0.1407901297894822,0.11882494204450131,0.058741018415050084,,,,,,,,,0.05757134517873157
117720.0,0.2093595739497945,0.2087555877089292,0.20699929254441662,0.204043603172535,0.19987081756629932,0.19440427466346905,0.18754430377876388,0.17916071756221963,0.16897306741305498,0.15648815579924488,0.1407411935337474,0.11878810863047991,0.05873069352352896,,,,,,,,,0.057561489965221854
117780.0,0.20926577589541795,0.20866222886666108,0.206907206672425,0.2039536453847652,0.19978383412949413,0.19432113328903147,0.18746589480777057,0.17908795751268947,0.16890696589608636,0.15642989619957576,0.1406923178770152,0.11875131898987408,0.05872038834403495,,,,,,,,,0.05755165421546844
117840.0,0.20917210624524027,0.2085689977303653,0.20681524648608562,0.20386380991649425,0.1996969683311149,0.19423810354874405,0.18738759014339462,0.17901529312405953,0.1688409499995979,0.15637171062040467,0.14064350270402587,0.11871457304177416,0.05871010282615539,,,,,,,,,0.05754183787898481
117900.0,0.20907856473624872,0.20847589403860872,0.20672341172853057,0.20377409651843995,0.1996102199323897,0.1941551852172441,0.1873093895765246,0.1789427242062259,0.1687750195553133,0.15631359891830957,0.14059474789980964,0.11867787070547141,0.058699836919636525,,,,,,,,,0.05753204090544462
117960.0,0.20898515110613036,0.20838291753065313,0.20663170214357304,0.20368450494198076,0.1995235886951772,0.19407237806976144,0.18723129289859547,0.1788702505695781,0.16870917439538988,0.1562555609502341,0.14054605334968617,0.11864121190045729,0.05868959057438297,,,,,,,,,0.05752226324468114
118020.0,0.2088918650932688,0.20829006794645266,0.20654011747570686,0.20359503493915349,0.19943707438196404,0.193989681882117,0.18715329990158738,0.1787978720249977,0.1686434143524166,0.1561975965734865,0.1404974189392637,0.11860459654642308,0.05867936374045693,,,,,,,,,0.05751250484668646
118080.0,0.2087987064367424,0.2081973450266524,0.2064486574701023,0.2035056862626509,0.1993506767558639,0.1939070964307196,0.18707541037802353,0.17872558838385755,0.16857773925941327,0.15613970564573854,0.14044884455443774,0.11856802456325916,0.058669156368077666,,,,,,,,,0.057502765661611
118140.0,0.20870567487632263,0.2081047485125852,0.2063573218726058,0.20341645866581942,0.1992643955806141,0.1938246214925655,0.18699762412096937,0.17865339945801903,0.1685121489498294,0.15608188802502387,0.14040033008139072,0.11853149587105445,0.05865896840762102,,,,,,,,,0.057493045639762944
118200.0,0.20861277015247157,0.2080122781462701,0.206266110429736,0.20332735190265758,0.19917823062057483,0.19374225684523552,0.18691994092403008,0.17858130505983166,0.16844664325754263,0.15602414356973748,0.14035187540659064,0.11849501039009534,0.05864879980961887,,,,,,,,,0.057483344731607766
118260.0,0.20851999200633897,0.20791993367040992,0.20617502288868367,0.2032383657278133,0.19909218164072648,0.19366000226689434,0.18684236058134873,0.17850930500213047,0.16838122201685676,0.15596647213863443,0.14030348041679058,0.11845856804086584,0.05863865052475841,,,,,,,,,0.05747366288776744
118320.0,0.2084273401797606,0.20782771482838894,0.20608405899730747,0.2031494998965824,0.19900624840666797,0.19357785753628703,0.186764882887605,0.17843739909823564,0.16831588506250186,0.15590887359082842,0.14025514499902733,0.11842216874404651,0.05862852050388151,,,,,,,,,0.05746400005901986
118380.0,0.20833481441525709,0.2077356213642711,0.20599321850413307,0.20306075416490624,0.19892043068461443,0.1934958224327386,0.18668750763801403,0.17836558716194997,0.16825063222963102,0.1558513477857912,0.14020686904062085,0.11838581242051371,0.05861840969798437,,,,,,,,,0.057454356196298455
118440.0,0.20824241445602926,0.20764365302279744,0.20590250115835068,0.20297212828936959,0.19883472824139556,0.1934138967361514,0.18661023462832307,0.1782938690075579,0.16818546335382084,0.15579389458335074,0.14015865242917366,0.11834949899133966,0.05860831805821695,,,,,,,,,0.05744473125069159
118500.0,0.20815014004595828,0.2075518095493835,0.20581190670981303,0.20288362202719878,0.1987491408444537,0.19333208022700368,0.18653306365481181,0.17822224444982376,0.1681203782710689,0.15573651384369058,0.14011049505256937,0.11831322837779092,0.058598245535882054,,,,,,,,,0.05743512517344168
118560.0,0.20805799092960203,0.2074600906901188,0.20572143490903283,0.20279523513625944,0.19866366826184143,0.19325037268634773,0.18645599451428874,0.17815071330399057,0.1680553768177931,0.15567920542734892,0.14006239679897195,0.1182770005013288,0.05858819208243535,,,,,,,,,0.0574255379159452
118620.0,0.20796596685219398,0.2073684961917628,0.20563108550718134,0.20270696737505448,0.19857831026222011,0.19316877389580728,0.18637902700409087,0.17807927538577759,0.1679904588308303,0.15562196919521712,0.14001435755682545,0.11824081528360772,0.05857815764948425,,,,,,,,,0.05741596942975152
118680.0,0.20787406755964022,0.2072770258017437,0.20554085825608562,0.2026188185027225,0.19849306661485794,0.19308728363757707,0.18630216092208166,0.17800793051138047,0.16792562414743414,0.15556480500853867,0.1399663772148525,0.11820467264647533,0.058568142188787684,,,,,,,,,0.05740641966656275
118740.0,0.2077822927985177,0.20718567926815631,0.20545075290822687,0.20253078827903484,0.1984079370896276,0.1930059016944197,0.18622539606664945,0.177936678497468,0.1678608726052747,0.15550771272890845,0.13991845566205344,0.11816857251197187,0.05855814565225541,,,,,,,,,0.05739688857823294
118800.0,0.2076906423160718,0.20709445633975995,0.20536076921673796,0.20244287646439454,0.19832292145700486,0.19292462784966513,0.18614873223670514,0.17786551916118196,0.16779620404243747,0.15545069221827104,0.1398705927877057,0.1181325148023292,0.058548167991947286,,,,,,,,,0.05738737611676746
118860.0,0.20759911586021476,0.20700335676597528,0.20527090693540173,0.20235508281983408,0.19823801948806588,0.19284346188720758,0.18607216923168152,0.17779445232013522,0.1677316182974208,0.15539374333892023,0.13982278848136323,0.11809649943997048,0.05853820916007341,,,,,,,,,0.05737788223432304
118920.0,0.20750771317952293,0.20691238029688408,0.20518116581864876,0.20226740710701271,0.1981532309544866,0.19276240359150432,0.1859957068515307,0.17772347779240924,0.16766711520913558,0.15533686595349724,0.13977504263285537,0.11806052634750967,0.05852826910899264,,,,,,,,,0.057368406883206345
118980.0,0.20741643402323504,0.20682152668322537,0.20509154562155557,0.20217984908821518,0.19806855562853945,0.19268145274757434,0.1859193448967238,0.17765259539655456,0.16760269461690355,0.1552800599249906,0.13972735513228535,0.1180245954477507,0.05851834779121277,,,,,,,,,0.057358950015874086
119040.0,0.20732527814124954,0.20673079567639452,0.20500204609984174,0.2020924085263495,0.19798399328309194,0.19260060914099586,0.1858430831682473,0.17758180495158768,0.1675383563604563,0.15522332511673423,0.13967972587003083,0.117988706663687,0.05850844515938955,,,,,,,,,0.05734951158493212
119100.0,0.20723424528412362,0.20664018702844036,0.20491266700986888,0.202005085184945,0.1978995436916053,0.19251987255790493,0.18576692146760349,0.17751110627699024,0.16747410027993373,0.15516666139240673,0.139632154736742,0.11795285991850091,0.058498561166326304,,,,,,,,,0.05734009154313499
119160.0,0.20714333520306955,0.20654970049206353,0.2048234081086378,0.20191787882815035,0.19781520662813193,0.19243924278499355,0.18569085959680737,0.17744049919270788,0.1674099262158828,0.15511006861603033,0.13958464162334097,0.1179170551355631,0.058488695764973536,,,,,,,,,0.05733068984338553
119220.0,0.20705254764995412,0.20645933582061424,0.2047342691537869,0.2018307892207316,0.197730981867314,0.19235871960950784,0.18561489735838604,0.17736998351914787,0.16734583400925657,0.15505354665196966,0.1395371864210211,0.11788129223843212,0.05847884890842814,,,,,,,,,0.05732130643873413
119280.0,0.2069618823772954,0.20636909276809048,0.20464524990359015,0.2017438161280699,0.19764686918438132,0.19227830281924665,0.18553903455537604,0.1772995590771787,0.1672818235014124,0.15499709536493111,0.13948978902124626,0.11784557115085355,0.058469020549933,,,,,,,,,0.05731194128237822
119340.0,0.2068713391382617,0.2062789710891355,0.20455635011695475,0.20165695931616018,0.19756286835514938,0.1921979922025594,0.18546327099132312,0.17722922568812807,0.1672178945341116,0.15494071461996115,0.13944244931574937,0.11780989179675978,0.058459210642876264,,,,,,,,,0.0573025943276617
119400.0,0.20678091768666806,0.2061889705390362,0.20446756955341952,0.20157021855160864,0.1974789791560177,0.1921177875483445,0.18538760647027896,0.1771589831737813,0.16715404694951652,0.15488440428244565,0.13939516719653222,0.11777425410026897,0.05844941914079124,,,,,,,,,0.05729326552807467
119460.0,0.20669061777697573,0.2060990908737205,0.20437890797315264,0.2014835936016314,0.1973952013639678,0.1920376886460473,0.1853120407968013,0.17708883135638023,0.16709028059019151,0.15482816421810877,0.13934794255586466,0.11773865798568507,0.05843964599735549,,,,,,,,,0.05728395483725258
119520.0,0.20660043916428925,0.2060093318497562,0.20429036513694981,0.20139708423405178,0.19731153475656182,0.1919576952856596,0.1852365737759512,0.1770187700586217,0.16702659529910002,0.15477199429301192,0.13930077528628346,0.11770310337749675,0.05842989116639041,,,,,,,,,0.05727466220897584
119580.0,0.20651038160435495,0.20591969322434786,0.20420194080623177,0.20131069021729908,0.19722797911193998,0.1918778072577161,0.18516120521329177,0.17694879910365605,0.1669629909196039,0.15471589437355301,0.1392536652805917,0.11766759020037712,0.05842015460186066,,,,,,,,,0.05726538759716921
119640.0,0.20642044485355798,0.20583017475533566,0.20411363474304323,0.20122441132040633,0.19714453420881933,0.19179802435329432,0.1850859349148863,0.1768789183150861,0.16689946729546198,0.15465986432646478,0.13920661243185775,0.11763211837918296,0.058410436257873774,,,,,,,,,0.057256130955901416
119700.0,0.20633062866892116,0.20574077620119322,0.20402544671004985,0.20113824731300803,0.19706119982649173,0.19171834636401142,0.18501076268729796,0.17680912751696526,0.16683602427082928,0.15460390401881435,0.1391596166334147,0.11759668783895427,0.058400736088679545,,,,,,,,,0.057246892239384485
119760.0,0.20624093280810252,0.205651497321025,0.2039373764705374,0.20105219796533927,0.19697797574482198,0.19163877308202384,0.18493568833758636,0.17673942653379626,0.1667726616902549,0.15454801331800178,0.13911267777885922,0.11756129850491388,0.05839105404866941,,,,,,,,,0.0572376714019732
119820.0,0.2061513570293941,0.20556233787456538,0.20384942378840865,0.20096626304823284,0.19689486174424578,0.19155930430002485,0.18486071167330728,0.1766698151905296,0.16670937939868222,0.15449219209175913,0.1390657957620513,0.11752595030246656,0.05838139009237617,,,,,,,,,0.05722846839816477
119880.0,0.20606190109171835,0.20547329762217523,0.20376158842818232,0.20088044233311794,0.19681185760576872,0.19147993981124298,0.18478583250251068,0.17660029331256277,0.16664617724144662,0.15443644020814995,0.13901897047711279,0.11749064315719873,0.05837174417447342,,,,,,,,,0.057219283182598245
119940.0,0.20597256475462733,0.20538437632484122,0.20367387015499042,0.20079473559201802,0.19672896311096383,0.19140067940944053,0.1847110506337396,0.17653086072573795,0.16658305506427376,0.15438075753556746,0.1389722018184269,0.11745537699487792,0.058362116249774706,,,,,,,,,0.057210115710053695
120000.0,0.2058833477783008,0.20529557374417354,0.203586268734577,0.20070914259754874,0.19664617804196954,0.19132152288891172,0.18463636587602777,0.17646151725634143,0.1665200127132801,0.1543251439427345,0.13892548968063773,0.11742015174145175,0.05835250627323351,,,,,,,,,0.05720096593545218
120060.0,0.20579424992354364,0.20520688964240313,0.20349878393329568,0.20062366312291638,0.19656350218148885,0.19124247004448136,0.18456177803889867,0.1763922627311015,0.16645705003497027,0.15426959929870107,0.13887883395864922,0.11738496732304814,0.058342914199942406,,,,,,,,,0.057191833813854884
120120.0,0.2057052709517842,0.20511832378238068,0.20341141551810804,0.20053829694191602,0.19648093531278663,0.19116352067150227,0.18448728693236435,0.17632309697718823,0.16639416687623598,0.154214123472845,0.13883223454762425,0.11734982366597406,0.05833333998513257,,,,,,,,,0.057182719300462675
120180.0,0.20561641062507216,0.20502987592757432,0.2033241632565815,0.2004530438289298,0.19639847721968873,0.19108467456585446,0.184412892366923,0.1762540198222106,0.16633136308435592,0.15415871633486958,0.13878569134298369,0.11731472069671559,0.058323783584173616,,,,,,,,,0.057173622350615835
120240.0,0.20552766870607667,0.20494154584206764,0.20323702691688772,0.20036790355892461,0.196316127686579,0.19100593152394374,0.18433859415355758,0.17618503109421624,0.16626863850699314,0.15410337775480346,0.13873920424040592,0.11727965834193693,0.05831424495257261,,,,,,,,,0.05716454291979318
120300.0,0.2054390449580839,0.20485333329055766,0.2031500062677998,0.20028287590745014,0.19623388649839893,0.1909272913426992,0.18426439210373538,0.1761161306216897,0.1662059929921949,0.15404810760299928,0.13869277313582637,0.11724463652848002,0.058304724045973894,,,,,,,,,0.057155480963611796
120360.0,0.2053505391449967,0.204765238038353,0.20306310107869188,0.20019796065063816,0.19615175344064473,0.19084875381957214,0.18419028602940565,0.17604731823355096,0.16614342638839086,0.15399290575013289,0.13864639792543573,0.1172096551833639,0.058295220820158394,,,,,,,,,0.05714643643782641
120420.0,0.20526215103133036,0.20467725985137214,0.20297631111953582,0.20011315756519937,0.19606972829936622,0.19077031875253386,0.18411627574299744,0.17597859375915437,0.16608093854439243,0.15393777206720186,0.13860007850568024,0.11717471423378428,0.058285735231043447,,,,,,,,,0.05713740929832914
120480.0,0.20517388038221235,0.2045893984961408,0.2028896361609004,0.20002846642842234,0.19598781086116518,0.19069198594007516,0.18404236105741945,0.17590995702828707,0.1660185293093908,0.15388270642552498,0.1385538147732604,0.11713981360711313,0.058276267234681794,,,,,,,,,0.057128399501148536
120540.0,0.20508572696338054,0.20450165373979143,0.2028030759739485,0.19994388701817137,0.19590600091319327,0.19061375518120333,0.18396854178605812,0.17584140787116795,0.165956198532957,0.1538277086967413,0.13850760662513018,0.11710495323089812,0.05826681678726166,,,,,,,,,0.05711940700244962
120600.0,0.20499769054117906,0.20441402535005962,0.2027166303304362,0.19985941911288485,0.19582429824315042,0.1905356262754419,0.18389481774277577,0.17577294611844582,0.16589394606503946,0.15377277875280865,0.13846145395849654,0.11707013303286154,0.05825738384510587,,,,,,,,,0.05711043175853306
120660.0,0.20490977088255907,0.2043265130952835,0.20263029900270974,0.19977506249157367,0.19574270263928326,0.1904575990228278,0.183821188741909,0.1757045716011985,0.16583177175596364,0.15371791646600344,0.13841535667081817,0.1170353529409007,0.05824796836467132,,,,,,,,,0.05710147372583453
120720.0,0.2048219677550761,0.20423911674440084,0.2025440817637052,0.19969081693381885,0.19566121389038293,0.19037967322391042,0.18374765459826772,0.17563628415093144,0.16576967545643065,0.15366312170891874,0.1383693146598053,0.11700061288308647,0.0582385703025489,,,,,,,,,0.05709253286092473
120780.0,0.20473428092688684,0.2041518360669481,0.20245797838694482,0.19960668221977027,0.19557983178578411,0.19030184867974997,0.18367421512713378,0.17556808359957632,0.16570765701751586,0.1536083943544643,0.13832332782341833,0.11696591278766363,0.058229189615462654,,,,,,,,,0.057083609120508486
120840.0,0.20464671016674832,0.20406467083305777,0.20237198864653672,0.19952265813014458,0.19549855611536282,0.19022412519191598,0.18360087014425922,0.1754999697794894,0.16564571629066838,0.153553734275865,0.1382773960598679,0.11693125258304947,0.058219826260269406,,,,,,,,,0.05707470246142438
120900.0,0.20455925524401625,0.20397762081345697,0.20228611231717267,0.19943874444622356,0.19541738666953493,0.19014650256248516,0.1835276194658643,0.17543194252345107,0.16558385312770918,0.15349914134665982,0.13823151926761323,0.11689663219783385,0.05821048019395831,,,,,,,,,0.05706581284064432
120960.0,0.20447191592864278,0.2038906857794656,0.20220034917412544,0.19935494094985207,0.19533632323925398,0.19006898059404045,0.18345446290863712,0.1753640016646638,0.16552206738083045,0.15344461544070126,0.1381856973453622,0.11686205156077888,0.05820115137365019,,,,,,,,,0.05705694021527282
121020.0,0.20438469199117404,0.20380386550299442,0.20211469899324766,0.19927124742343733,0.1952553656160106,0.1899915590896694,0.1833814002897313,0.17529614703675067,0.16546035890259428,0.15339015643215415,0.1381399301920697,0.11682751060081766,0.05819183975659749,,,,,,,,,0.057048084542547006
121080.0,0.20429758320274982,0.20371715975654253,0.20202916155097028,0.19918766364994533,0.19517451359182958,0.18991423785296205,0.18330843142676514,0.1752283784737553,0.16539872754593155,0.15333576419549458,0.13809421770693775,0.1167930092470544,0.05818254530018327,,,,,,,,,0.05703924577983558
121140.0,0.20421058933509995,0.20363056831319634,0.20194373662430043,0.19910418941290095,0.1950937669592692,0.18983701668800967,0.1832355561378196,0.17516069581013863,0.16533717316414054,0.1532814386055094,0.13804855978941402,0.11675854742876351,0.05817326796192117,,,,,,,,,0.05703042388463876
121200.0,0.2041237101605435,0.2035440909466283,0.20185842399081924,0.19902082449638508,0.1950131255114187,0.18975989539940394,0.18316277424143743,0.17509309888077998,0.16527569561088645,0.153227179537295,0.1380029563391919,0.11672412507538929,0.05816400769945461,,,,,,,,,0.057021618814587526
121260.0,0.20403694545198717,0.203457727431093,0.2017732234286809,0.19893756868503323,0.1949325890418975,0.18968287379223397,0.18309008555662107,0.17502558752097333,0.1652142947401997,0.15317298686625597,0.13795740725620892,0.1166897421165455,0.05815476447055655,,,,,,,,,0.057012830527443305
121320.0,0.20395029498292241,0.2033714775414277,0.20168813471660996,0.19885442176403356,0.19485215734485314,0.1896059516720858,0.1830174899028324,0.17495816156642796,0.16515297040647492,0.15311886046810508,0.13791191244064677,0.1166553984820147,0.058145538233128985,,,,,,,,,0.05700405898109753
121380.0,0.2038637585274244,0.2032853410530484,0.20160315763390008,0.19877138351912593,0.19477183021495914,0.18952912884504075,0.1829449870999897,0.17489082085326613,0.16509172246447013,0.15306480021886143,0.13786647179292977,0.11662109410174772,0.05813632894520227,,,,,,,,,0.05699530413357094
121440.0,0.20377733586014973,0.20319931774194983,0.20151829196041204,0.19868845373659896,0.1946916074474141,0.18945240511767336,0.18287257696846773,0.1748235652180223,0.1650305507693053,0.15301080599485029,0.13782108521372505,0.116586828905863,0.05812713656493517,,,,,,,,,0.056986565943013566
121500.0,0.2036910267563353,0.20311340738470252,0.2014335374765725,0.1986056322032895,0.19461148883793986,0.1893757802970503,0.1828002593290953,0.17475639449764144,0.1649694551764615,0.1529568776727014,0.13777575260394098,0.11655260282464677,0.0581179610506137,,,,,,,,,0.056977844367703666
121560.0,0.20360483099179583,0.20302760975845174,0.20134889396337116,0.19852291870658015,0.19453147418278027,0.18929925419072888,0.18272803400315454,0.1746893085294784,0.16490843554177947,0.15290301512934895,0.1377304738647267,0.11651841578855161,0.058108802360651135,,,,,,,,,0.05696913936604766
121620.0,0.20351874834292208,0.20294192464091443,0.20126436120236016,0.19844031303439782,0.1944515632786981,0.18922282660675546,0.18265590081237915,0.17462230715129606,0.16484749172145888,0.15284921824202954,0.13768524889747208,0.11648426772819681,0.05809966045358769,,,,,,,,,0.05696045089657982
121680.0,0.20343277858667913,0.20285635181037914,0.2011799389756517,0.19835781497521188,0.1943717559229753,0.1891464973536634,0.18258385957895296,0.17455539020126384,0.16478662357205687,0.1527954868882826,0.13764007760380584,0.1164501585743673,0.05809053528808956,,,,,,,,,0.056951778917961306
121740.0,0.20334692150060507,0.20277089104570334,0.2010956270659162,0.19827542431803305,0.1942920519134104,0.18907026624047263,0.18251191012550877,0.17448855751795772,0.16472583095048737,0.15274182094594818,0.13759495988559575,0.11641608825801329,0.05808142682294867,,,,,,,,,0.05694312338897995
121800.0,0.20326117686280848,0.2026855421263112,0.20101142525638097,0.19819314085241085,0.19421245104831672,0.18899413307668722,0.18244005227512688,0.17442180894035753,0.16466511371401998,0.15268822029316706,0.1375498956449476,0.11638205671024983,0.058072335017082505,,,,,,,,,0.056934484268550016
121860.0,0.2031755444519682,0.20260030483219266,0.20092733333082835,0.1981109643684327,0.19413295312652148,0.18891809767229442,0.18236828585133402,0.1743551443078467,0.1646044717202783,0.152634684808379,0.13750488478420425,0.11634806386235637,0.05806325982953332,,,,,,,,,0.05692586151571144
121920.0,0.20309002404732837,0.20251517894390125,0.20084335107359363,0.19802889465672185,0.19405355794736362,0.18884215983776254,0.182296610678101,0.17428856346021063,0.16454390482723924,0.15258121437032238,0.1374599272059452,0.11631410964577624,0.05805420121946778,,,,,,,,,0.05691725508962948
121980.0,0.2030046154287,0.2024301642425524,0.20075947826956375,0.19794693150843543,0.19397426531069253,0.18876631938404045,0.18222502657984238,0.17422206623763536,0.1644834128932328,0.15252780885803358,0.13741502281298604,0.1162801939921159,0.05804515914617663,,,,,,,,,0.05690866494959434
122040.0,0.20291931837645774,0.20234526050982238,0.20067571470417558,0.19786507471526366,0.19389507501686626,0.18869057612255502,0.1821535333814147,0.1741556524807068,0.16442299577693903,0.15247446815084506,0.13737017150837727,0.11624631683314496,0.05803613356907418,,,,,,,,,0.056900091055020675
122100.0,0.20283413267153813,0.20226046752794488,0.20059206016341422,0.19778332406942725,0.19381598686675044,0.1886149298652105,0.18208213090811523,0.17408932203040853,0.16436265333738911,0.1524211921283857,0.13732537319540394,0.1162124781007953,0.05802712444769769,,,,,,,,,0.05689153336544701
122160.0,0.20274905809543797,0.202175785079711,0.20050851443381054,0.1977016793636766,0.19373700066171595,0.1885393804243867,0.18201081898568056,0.17402307472812248,0.16430238543396286,0.1523679806705786,0.13728062777758523,0.1161786777271607,0.05801813174170735,,,,,,,,,0.05688299184053561
122220.0,0.20266409443021255,0.20209121294846655,0.20042507730244064,0.19762014039128944,0.19365811620363754,0.18846392761293737,0.18193959744028493,0.1739569104156254,0.16424219192638817,0.1523148336576416,0.1372359351586728,0.11614491564449636,0.058009155410885374,,,,,,,,,0.0568744664400717
122280.0,0.20257924145847397,0.20200675091811046,0.20034174855692358,0.19753870694606948,0.1935793332948932,0.18838857124418912,0.18186846609853974,0.17389082893508903,0.1641820726747398,0.15226175097008518,0.1371912952426508,0.11611119178521842,0.05800019541513582,,,,,,,,,0.056865957123963175
122340.0,0.2024944989633896,0.20192239877309334,0.20025852798541968,0.19745737882234532,0.19350065173836145,0.1883133111319395,0.18179742478749114,0.17382483012907904,0.16412202753943836,0.15220873248871208,0.13714670793373554,0.11607750608190356,0.057991251714484146,,,,,,,,,0.056857463852240206
122400.0,0.20240986672868014,0.20183815629841564,0.20017541537662864,0.19737615581496765,0.19342207133742,0.18823814709045592,0.18172647333461955,0.17375891384055278,0.16406205638124968,0.15215577809461675,0.13710217313637382,0.11604385846728812,0.05798232426907664,,,,,,,,,0.05684898658505465
122460.0,0.2023253445386177,0.2017540232796261,0.20009241051978857,0.19729503771930876,0.19334359189594483,0.1881630789344743,0.181655611567838,0.17369307991285932,0.16400215906128326,0.15210288766918384,0.1370576907552427,0.11601024887426843,0.057973413039180216,,,,,,,,,0.05684052528267984
122520.0,0.2022409321780241,0.20166999950281972,0.20000951320467383,0.19721402433126023,0.19326521321830842,0.18808810647919721,0.1815848393154906,0.17362732818973758,0.16394233544099146,0.15205006109408775,0.13701326069524958,0.11597667723589951,0.057964517985181874,,,,,,,,,0.05683207990551005
122580.0,0.2021566294322702,0.20158608475463638,0.19992672322159333,0.19713311544723172,0.19318693510937746,0.18801322954029265,0.18151415640635166,0.17356165851531472,0.16388258538216793,0.1519972982512918,0.13696888286152975,0.11594314348539494,0.05795563906758815,,,,,,,,,0.056823650414059935
122640.0,0.20207243608727304,0.20150227882225863,0.19984404036138875,0.19705231086414937,0.19310875737451264,0.1879384479338926,0.18144356266962408,0.1734960707341058,0.1638229087469475,0.1519445990230469,0.1369245571594475,0.11590964755612669,0.05794677624702477,,,,,,,,,0.05681523676896418
122700.0,0.20198835192949416,0.20141858149341052,0.1997614644154336,0.19697161037945354,0.19303067981956576,0.187863761476592,0.181373057934938,0.17343056469101237,0.1637633053978046,0.15189196329189128,0.13688028349459463,0.11587618938162414,0.05793792948423632,,,,,,,,,0.05680683893097716
122760.0,0.20190437674593795,0.20133499255635628,0.19967899517563092,0.1968910137910983,0.19295270225087907,0.18778916998544637,0.18130264203234983,0.17336514023132146,0.16370377519755236,0.1518393909406492,0.1368360617727897,0.11584276889557368,0.05792909874008578,,,,,,,,,0.0567984568609725
122820.0,0.20182051032415174,0.20125151179989795,0.19959663243441148,0.19681052089754933,0.19287482447528426,0.18771467327797128,0.1812323147923406,0.17329979720070335,0.16364431800934162,0.1517868818524302,0.1367918919000776,0.11580938603181873,0.05792028397555407,,,,,,,,,0.05679009051994253
122880.0,0.2017367524522214,0.20116813901337346,0.19951437598473304,0.1967301314977816,0.19279704630009942,0.18764027117214108,0.18116207604581477,0.17323453544521175,0.1635849336966593,0.15173443591062863,0.13674777378272857,0.11577604072435874,0.057911485151739536,,,,,,,,,0.0567817398689979
122940.0,0.20165310291877087,0.201084873986656,0.19943222562007787,0.19664984539127922,0.1927193675331288,0.1875659634863859,0.18109192562409926,0.17316935481128187,0.16352562212332863,0.1516820529989219,0.13670370732723786,0.1157427329073488,0.05790270222985782,,,,,,,,,0.056773404869367335
123000.0,0.2015695615129614,0.2010017165101515,0.1993501811344517,0.19656966237803292,0.19264178798266066,0.1874917500395927,0.18102186335894133,0.17310425514572989,0.1634663831535072,0.15162973300127053,0.13665969244032491,0.11570946251509967,0.057893935171241036,,,,,,,,,0.05676508548239686
123060.0,0.20148612802448876,0.2009186663747976,0.19926824232238166,0.19648958225853871,0.19256430745746653,0.18741763065110179,0.1809518890825084,0.1730392362957509,0.16340721665168625,0.15157747580191697,0.1366157290289329,0.1156762294820767,0.05788518393733766,,,,,,,,,0.05675678166954967
123120.0,0.20140280224358115,0.20083572337206157,0.1991864089789148,0.19640960483379657,0.19248692576679893,0.18734360514070658,0.1808820026273858,0.17297429810891862,0.1633481224826893,0.15152528128538462,0.13657181700022766,0.11564303374289957,0.057876448489712226,,,,,,,,,0.05674849339240583
123180.0,0.20131958396099925,0.20075288729393875,0.19910468089961675,0.19632972990530825,0.19240964272039016,0.18726967332865163,0.18081220382657623,0.17290944043318374,0.16328910051167164,0.15147314933647732,0.13652795626159753,0.11560987523234208,0.0578677287900444,,,,,,,,,0.056740220612661325
123240.0,0.20123647296803326,0.20067015793295134,0.19902305788057026,0.19624995727507638,0.19233245812845112,0.18719583503563209,0.1807424925134983,0.17284466311687274,0.16323015060411963,0.1514210798402782,0.13648414672065207,0.11557675388533137,0.05785902480012928,,,,,,,,,0.056731963292128366
123300.0,0.20115346905650217,0.20058753508214588,0.19894153971837256,0.1961702867456031,0.19225537180166932,0.18712209008279093,0.18067286852198447,0.17277996600868728,0.1631712726258485,0.15136907268214908,0.13644038828522215,0.11554366963694772,0.05785033648187621,,,,,,,,,0.056723721392734225
123360.0,0.20107057201875062,0.2005050185350927,0.19886012621013477,0.19609071811988776,0.1921783835512082,0.18704843829171883,0.18060333168628118,0.17271534895770266,0.16311246644300237,0.1513171277477294,0.1363966808633586,0.1155106224224238,0.057841663797308956,,,,,,,,,0.05671549487652139
123420.0,0.20098778164764902,0.20042260808588352,0.19877881715348034,0.1960112512014256,0.19210149318870454,0.18697487948445224,0.18053388184104643,0.17265081181336658,0.16305373192205308,0.1512652449229355,0.13635302436333208,0.1154776121771447,0.05783300670856521,,,,,,,,,0.05670728370564702
123480.0,0.20090509773659057,0.20034030352913024,0.19869761234654323,0.19593188579420698,0.19202470052626822,0.18690141348347253,0.1804645188213489,0.17258635442549852,0.16299506892979948,0.1512134240939599,0.1363094186936322,0.11544463883664699,0.057824365177896006,,,,,,,,,0.05669908784238241
123540.0,0.20082252007949114,0.2002581046599634,0.1986165115879659,0.19585262170271472,0.19194800537647988,0.18682804011170376,0.18039524246266728,0.17252197664428798,0.16293647733336528,0.15116166514727045,0.13626586376296698,0.11541170233661852,0.05781573916766534,,,,,,,,,0.05669090724911264
123600.0,0.20074004847078603,0.20017601127403073,0.19853551467689842,0.19577345873192384,0.1918714075523901,0.186754759192512,0.1803260526008884,0.17245767832029368,0.16287795700019939,0.15110996796960913,0.13622235948026187,0.11537880261289789,0.057807128640349946,,,,,,,,,0.05668274188833625
123660.0,0.20065768270542947,0.20009402316749428,0.19845462141299672,0.19569439668729885,0.19179490686751713,0.18668157054970405,0.18025694907230583,0.1723934593044429,0.16281950779807408,0.15105833244799224,0.1361789057546597,0.11534593960147402,0.057798533558538694,,,,,,,,,0.056674591722664695
123720.0,0.20057542257889271,0.20001214013703048,0.1983738315964209,0.1956154353747927,0.19171850313584676,0.1866084740075258,0.18018793171361913,0.17232931944802932,0.16276112959508504,0.15100675846970824,0.13613550249551928,0.11531311323848603,0.05778995388493234,,,,,,,,,0.0566664567148221
123780.0,0.20049326788716235,0.19993036197982825,0.198293145027834,0.19553657460084578,0.1916421961718298,0.18653546939066057,0.18011900036193246,0.17226525860271322,0.1627028222596493,0.150955245922318,0.13609214961241545,0.11528032346022211,0.057781389582343114,,,,,,,,,0.0566583368276448
123840.0,0.20041121842673873,0.1998486884935862,0.19821256150839975,0.19545781417238386,0.19156598579038084,0.18646255652422838,0.18005015485475345,0.17220127662051882,0.16264458566050455,0.15090379469365353,0.13604884701513847,0.1152475702031196,0.057772840613694226,,,,,,,,,0.056650232024080885
123900.0,0.20032927399463457,0.19976711947651246,0.19813208083978184,0.1953791538968167,0.19148987180687768,0.18638973523378485,0.17998139502999158,0.17213737335383464,0.16258641966670861,0.1508524046718171,0.13600559461369252,0.1152148534037646,0.0577643069420196,,,,,,,,,0.0566421422671899
123960.0,0.20024743438837353,0.19968565472732283,0.19805170282414203,0.1953005935820369,0.19141385403715827,0.1863170053453192,0.1799127207259575,0.17207354865541166,0.16252832414763818,0.15080107574518062,0.13596239231829627,0.11518217299889111,0.057755788530463384,,,,,,,,,0.05663406752014237
124020.0,0.20016569940598833,0.19960429404523874,0.19797142726413858,0.19522213303641817,0.191337932297521,0.18624436668525254,0.17984413178136158,0.17200980237836255,0.16247029897298806,0.15074980780238512,0.13591924003938086,0.1151495289253811,0.05774728534227971,,,,,,,,,0.05662600774621955
124080.0,0.20008406884601884,0.19952303722998616,0.19789125396292515,0.19514377206881353,0.19126210640472244,0.1861718190804383,0.1797756280353124,0.17194613437616016,0.16241234401276994,0.15069860073233948,0.1358761376875908,0.11511692112026364,0.05773879734083214,,,,,,,,,0.05661796290881286
124140.0,0.2000025425075112,0.19944188408179367,0.19781118272414855,0.19506551048855444,0.19118637617597617,0.18609936235815916,0.1797072093273163,0.17188254450263665,0.16235445913731134,0.15064745442421942,0.13583308517378223,0.11508434952071488,0.05773032448959323,,,,,,,,,0.05660993297142345
124200.0,0.1999211201900161,0.19936083440139132,0.19773121335194782,0.19498734810544918,0.191110741428951,0.1860269963461266,0.17963887549727514,0.17181903261198284,0.16229664421725518,0.15059636876746768,0.13579008240902277,0.1150518140640571,0.057721866752144385,,,,,,,,,0.056601917897662064
124260.0,0.19983979943799735,0.19927985868503928,0.19765121628066715,0.1949090075407726,0.1910347166761,0.18595390778645235,0.1795694464052552,0.17175395352088518,0.1622365165795992,0.1505420879268418,0.13574254613231365,0.11501074983415141,0.05767626250105751,,,,,,,,,0.05659405127344318
124320.0,0.19975857780766357,0.19919898159447344,0.1975713164266595,0.19483076181910589,0.19095878346038228,0.18588090657940987,0.17950009949842996,0.1716889505210725,0.16217645809434936,0.1504878681646979,0.13569506166626918,0.11496972743689847,0.05763070493570822,,,,,,,,,0.05658620291471041
124380.0,0.19967745511688761,0.19911820294857263,0.1974915136116556,0.19475261076697964,0.19088294161498948,0.1858079925665797,0.17943083462867798,0.17162402347647318,0.16211646863903717,0.15043370937418998,0.13564762892169677,0.11492874680232185,0.05758519357694411,,,,,,,,,0.05657837240566827
124440.0,0.19959643118397738,0.19903752256664858,0.19741180765781233,0.1946745542113381,0.1908071909735087,0.18573516558991726,0.17936165164822654,0.17155917225133382,0.16205654809147807,0.1503796114487178,0.13560024780960753,0.11488780786084,0.05753972798438665,,,,,,,,,0.056570559365019535
124500.0,0.19951550582767485,0.19895694026844446,0.19733219838771007,0.19459659197953685,0.19073153136992257,0.18566242549175133,0.17929255040965078,0.17149439671021852,0.16199669632977184,0.15032557428192642,0.13555291824121574,0.11484691054323166,0.057494307752840326,,,,,,,,,0.05656276344281014
124560.0,0.19943467886715438,0.19887645587413336,0.1972526856243525,0.19451872389934288,0.1906559626386069,0.1855897721147835,0.17922353076587247,0.17142969671800848,0.16193691323230103,0.15027159776770574,0.13550564012794009,0.1148060547805914,0.05744893250904379,,,,,,,,,0.056554984317572915
124620.0,0.19935395012202217,0.1987960692043173,0.19717326919116468,0.1944409497989318,0.1905804846143303,0.1855172053020866,0.17915459257015917,0.17136507213989968,0.16187719867772996,0.15021768180018966,0.1354584133814034,0.11476524050428527,0.05740360190873145,,,,,,,,,0.05654722169373992
124680.0,0.19927331941231458,0.19871578008002608,0.19709394891199208,0.19436326950688837,0.1905050971322532,0.185444724897104,0.179085735676123,0.1713005228414039,0.16181755254500485,0.15016382627375546,0.13541123791343437,0.11472446764590893,0.05735831563397186,,,,,,,,,0.056539475299296475
124740.0,0.19919278655849665,0.1986355883227159,0.19701472461109965,0.19428568285220374,0.19042980002792584,0.18537233074364837,0.17901695993771968,0.171236048688346,0.1617579747133517,0.1501100310830226,0.13536411363606804,0.1146837361372508,0.05731307339075699,,,,,,,,,0.05653174488365385
124800.0,0.199112351381461,0.19855549375426773,0.19693559611317002,0.19420818966427528,0.19035459313728825,0.18530002268590098,0.1789482652092479,0.1711716495468646,0.161698465062277,0.15005629612285284,0.13531704046154663,0.11464304591026216,0.05726787490681864,,,,,,,,,0.056524030215719404
124860.0,0.19903201370252752,0.19847549619698712,0.1968565632433027,0.19413078977290518,0.1902794762966683,0.18522780056841004,0.17887965134534778,0.17110732528340972,0.1616390234715653,0.15000262128834949,0.13527001830232058,0.11460239689703167,0.05722271992964689,,,,,,,,,0.056516331082144516
124920.0,0.19895177334344077,0.1983955954736017,0.19677762582701266,0.19405348300829914,0.1902044493427807,0.18515566423609028,0.1788111182010007,0.17104307576474329,0.1615796498212797,0.14994900647485648,0.13522304707104887,0.11456178902976577,0.05717760822469539,,,,,,,,,0.05650864728573443
124980.0,0.19887163012636908,0.1983157914072612,0.19669878369022978,0.19397626920106514,0.1901295121127265,0.18508361353422106,0.17874266563152783,0.17097890085793688,0.16152034399176093,0.14989545157795803,0.13517612668059945,0.1145212222407736,0.05713253957375217,,,,,,,,,0.056500978644003615
125040.0,0.19879158387390355,0.19823608382153518,0.1966200366592963,0.1938991481822127,0.19005466444399108,0.18501164830844646,0.1786742934925886,0.17091480043037208,0.161461105863626,0.14984195649347823,0.13512925704404802,0.1144806964624565,0.057087513773462134,,,,,,,,,0.0564933249878639
125100.0,0.19871163440905776,0.19815647254041238,0.19654138456096742,0.19382211978315148,0.18997990617444394,0.18493976840477325,0.1786060016401808,0.17085077434973892,0.16140193531776773,0.14978852111747976,0.13508243807467898,0.1144402116272995,0.057042530633985365,,,,,,,,,0.05648568616043153
125160.0,0.19863178155526462,0.19807695738829922,0.19646282722240813,0.19374518383568984,0.18990523714233687,0.18486797366957028,0.17853778993063896,0.17078682248403532,0.1613428322353541,0.14973514534626475,0.1350356696859837,0.1143997676678668,0.056997589977779824,,,,,,,,,0.056478062015943825
125220.0,0.19855202513637668,0.1979975381900195,0.19638436447119387,0.19366834017203421,0.1898306571863032,0.18479626394956758,0.1784696582206337,0.17072294470156554,0.16128379649782706,0.14968182907637317,0.13498895179166046,0.11435936451679865,0.05695269163849644,,,,,,,,,0.05647045241877357
125280.0,0.1984723649766642,0.19791821477081176,0.19630599613530816,0.19359158862478773,0.18975616614535684,0.18472463909185496,0.17840160636717067,0.17065914087094045,0.16122482798690257,0.14962857220458264,0.13494228430561198,0.11431900210681081,0.05690783545997454,,,,,,,,,0.05646285724253353
125340.0,0.19839280090081485,0.19783898695632893,0.19622772204314196,0.19351492902694853,0.18968176385889085,0.18465309894388107,0.1783336342275893,0.17059541086107544,0.16116592658456844,0.1495753746279077,0.13489566714194515,0.11427868037069423,0.056863021295330295,,,,,,,,,0.05645527636926109
125400.0,0.1983133327339307,0.19775985457263717,0.19614954202349208,0.19343836121191008,0.18960745016667635,0.18458164335345253,0.1782657416595625,0.1705317545411904,0.16110709217308544,0.14952223624359978,0.13484910021496962,0.11423839924131689,0.0568182490061286,,,,,,,,,0.05644770968867742
125460.0,0.19823396030152907,0.19768081744621455,0.19607145590556033,0.1933618850134587,0.18953322490886185,0.18451027216873314,0.17819792852109467,0.17046817178080884,0.16104832463498503,0.14946915694914636,0.13480258343919577,0.11419815865162584,0.05677351846163002,,,,,,,,,0.056440157097512836
125520.0,0.19815468342953968,0.19760187540394966,0.19599346351895275,0.19328550026577251,0.18945908792597166,0.18443898523824237,0.17813019467052227,0.17040466244975633,0.16098962385306959,0.14941613664227046,0.1347561167293335,0.11415795853464973,0.05672882953810775,,,,,,,,,0.05643261849889333
125580.0,0.198075501944305,0.1975230282731406,0.19591556469367763,0.1932092068034212,0.1893850390589056,0.1843677824108544,0.1780625399665115,0.17034122641816066,0.16093098971041064,0.14936317522093015,0.13470970000029087,0.1141177988235022,0.056684182118224506,,,,,,,,,0.05642509380178171
125640.0,0.19799641567257775,0.19744427588149407,0.19583775926014468,0.1931330044613641,0.18931107814893675,0.18429666353579757,0.1779949642680579,0.17027786355645014,0.1608724220903494,0.14931027258331797,0.1346633331671721,0.114077679451385,0.05663957609046845,,,,,,,,,0.056417582920469465
125700.0,0.19791742444152044,0.19736561805712385,0.19576004704916403,0.1930568930749493,0.18923720503771155,0.1842256284626528,0.17792746743448556,0.17021457373535284,0.16081392087649507,0.14925742862786034,0.1346170161452761,0.11403760035159166,0.05659501134863902,,,,,,,,,0.056410085774113695
125760.0,0.19783852807870406,0.1972870546285495,0.19568242789194507,0.1929808724799124,0.1891634195672479,0.18415467704135285,0.17786004932544588,0.17015135682589624,0.16075548595272443,0.14920464325321678,0.13457074885009526,0.11399756145751115,0.056550487791379694,,,,,,,,,0.05640260228631564
125820.0,0.19775972641210604,0.19720858542469563,0.19560490162009517,0.1929049425123762,0.18908972157993467,0.18408380912218142,0.17779270980091688,0.1700882126994063,0.16069711720318133,0.14915191635827946,0.13452453119731397,0.11395756270263101,0.056506005321753136,,,,,,,,,0.05639513238473686
125880.0,0.19768101927011184,0.19713021027489036,0.1955274680656184,0.19282910300884828,0.18901611091853018,0.1840130245557719,0.17772544872120224,0.17002514122750625,0.16063881451227563,0.1490992478421726,0.134478363102807,0.1139176040205412,0.056461563846854634,,,,,,,,,0.05638767600074969
125940.0,0.19760240648150973,0.19705192900886473,0.19545012706091455,0.19275335380622113,0.18894258742616132,0.1839423231931066,0.17765826594693013,0.16996214228211565,0.16058057776468265,0.14904663760425182,0.13443224448263794,0.11387768534493713,0.05641716327746097,,,,,,,,,0.056380233069118484
126000.0,0.19752388787549305,0.1969737414567507,0.19537287843877857,0.19267769474177016,0.18886915094632273,0.183871704885516,0.17759116133905284,0.16989921573545025,0.1605224068453424,0.14899408554410337,0.13438617525305888,0.1138378066096231,0.056372803527709806,,,,,,,,,0.056372803527709806
126060.0,0.19744546545875327,0.19689567619266798,0.19529584906902195,0.1926023979260293,0.18879627814725092,0.18380196867876256,0.17752529500542874,0.16983797969903902,0.16046664708188638,0.1489447988135969,0.13434467424914676,0.11380642739062007,0.056365257446977866,,,,,,,,,0.056365257446977866
126120.0,0.19736714122772556,0.19681770859473524,0.19521891586092485,0.19252719476395316,0.18872349551029943,0.18373231814744864,0.1774595088618437,0.1697768173639506,0.16041095345739106,0.14889556945051569,0.13430322032161499,0.11377508236931586,0.056357721395524606,,,,,,,,,0.056357721395524606
126180.0,0.19728891499686393,0.19673983847849247,0.19514207863316954,0.19245208507944753,0.18865080286661984,0.18366275313198757,0.17739380275995753,0.16971572859503492,0.16035532585191345,0.148846397352334,0.1342618133880828,0.11374377148713645,0.056350195669770814,,,,,,,,,0.056350195669770814
126240.0,0.19721078658108063,0.19666206565993524,0.19506533720488423,0.19237706869685142,0.1885782000477772,0.18359327347318216,0.17732817655179,0.169654713257468,0.16029976414579833,0.14879728241677015,0.13422045336635774,0.11371249468539482,0.05634268053699939,,,,,,,,,0.05634268053699939
126300.0,0.1971327557957445,0.19658438995551297,0.1949886913956432,0.1923021454409356,0.18850568688574948,0.18352387901222375,0.17726263008972015,0.16959377121675007,0.16024426821967644,0.14874822454178543,0.1341791401744346,0.11368125190533236,0.05633517623800234,,,,,,,,,0.05633517623800234
126360.0,0.19705482245667932,0.1965068111821274,0.19491214102546525,0.1922273151369009,0.18843326321292578,0.1834545695906907,0.17719716322648454,0.16953290233870588,0.16018883795446415,0.14869922362558383,0.134137873730494,0.1136500430881642,0.056327682989481584,,,,,,,,,0.056327682989481584
126420.0,0.1969769863801637,0.1964293291571314,0.1948356859148114,0.19215257761037735,0.18836092886210531,0.18338534505054696,0.17713177581517647,0.16947210648948274,0.1601334732313622,0.14865027956661034,0.13409665395289908,0.11361886817512373,0.05632020098622614,,,,,,,,,0.05632020098622614
126480.0,0.1968992473829284,0.19635194369832754,0.19475932588458422,0.19207793268742276,0.18828868366649656,0.18331620523414163,0.17706646770924533,0.1694113835355499,0.16007817393185544,0.14860139226355118,0.13405548076019458,0.11358772710750169,0.05631273040308834,,,,,,,,,0.05631273040308834
126540.0,0.1968216052821548,0.19627465462396665,0.19468306075612685,0.19200338019452168,0.1882165274597151,0.18324714998420788,0.1770012387624954,0.16935073334369807,0.1600229399377115,0.14855256161533145,0.13401435407110446,0.11355661982668064,0.05630527139677796,,,,,,,,,0.05630527139677796
126600.0,0.19674405989547525,0.19619746175274713,0.1946068903512208,0.19192891995858374,0.1881444600757836,0.1831781791438606,0.17693608882908377,0.16929015578103762,0.15996777113097985,0.14850378752111631,0.1339732738045297,0.11352554627416264,0.0562978241074918,,,,,,,,,0.0562978241074918
126660.0,0.19666661104096972,0.19612036490381235,0.1945308144920854,0.19185455180694266,0.18807248134912963,0.18310929255659672,0.1768710177635211,0.16922965071499876,0.15991266739399185,0.1484550698803084,0.13393223987954703,0.11349450639159245,0.0562903886603949,,,,,,,,,0.0562903886603949
126720.0,0.19658925853716597,0.19604336389675084,0.19445483300137628,0.19178027556735477,0.1880005911145848,0.1830404900662929,0.17680602542066937,0.16916921801332913,0.1598576286093587,0.14840640859254786,0.13389125221540657,0.11346350012077476,0.05628296516696657,,,,,,,,,0.05628296516696657
126780.0,0.19651200220303727,0.19596645855159328,0.19437894570218378,0.19170609106799802,0.18792878920738348,0.1829717715172055,0.17674111165574066,0.16910885754409413,0.15980265465997212,0.14835780355771092,0.13385031073153167,0.11343252740368849,0.05627555372622439,,,,,,,,,0.05627555372622439
126840.0,0.19643484185800203,0.19588964868881303,0.19430315241803173,0.19163199813747045,0.18785707546316172,0.1829031367539687,0.17667627632429686,0.16904856917567596,0.15974774542900189,0.14830925467590927,0.13380941534751692,0.11340158818249572,0.05626815442583744,,,,,,,,,0.05626815442583744
126900.0,0.19635777732192053,0.19581293412932332,0.1942274529728771,0.19155799660478917,0.18778544971795647,0.18283458562159347,0.17661151928224877,0.168988352776772,0.15969290079989634,0.14826076184748932,0.13376856598312845,0.11337068239954935,0.05626076734313921,,,,,,,,,0.05626076734313921
126960.0,0.1962808084150962,0.1957363146944763,0.19415184719110698,0.19148408629938873,0.18771391180820332,0.18276611796546666,0.17654684038585383,0.16892820821639362,0.159638120656381,0.14821232497303097,0.13372776255830301,0.1133398099973969,0.056253392546048664,,,,,,,,,0.056253392546048664
127020.0,0.1962039349582724,0.19565979020606206,0.19407633489753856,0.19141026705112046,0.18764246157073639,0.18269773363134972,0.17648223949171682,0.16886813536386688,0.15958340488245726,0.14816394395334634,0.13368700499314773,0.113308970918783,0.0562460300939093,,,,,,,,,0.0562460300939093
127080.0,0.19612715677263218,0.1955833604863072,0.19400091591741767,0.19133653869025063,0.18757109884278622,0.18262943246537802,0.17641771645678694,0.16880813408883005,0.15952875336240258,0.14811561868947995,0.1336462932079411,0.11327816510665004,0.0562386800382528,,,,,,,,,0.0562386800382528
127140.0,0.19605047367979572,0.19550702535787368,0.19392559007641672,0.1912629010474599,0.18749982346197966,0.18256121431405867,0.17635327113835886,0.1687482042612333,0.15947416598076894,0.14806734908270677,0.133605627123132,0.11324739250413762,0.056231342423493653,,,,,,,,,0.056231342423493653
127200.0,0.19597388550182043,0.19543078464385671,0.19385035720063512,0.191189353953841,0.18742863526633752,0.1824930790242709,0.17628890339406977,0.16868834575133768,0.15941964262238242,0.14801913503453176,0.13356500665934085,0.11321665305458088,0.0562240172875626,,,,,,,,,0.0562240172875626
127260.0,0.19589739206119922,0.19535463816778484,0.19377521711659612,0.19111589724089897,0.18735753409427447,0.18242502644326372,0.17622461308189993,0.16862855842971436,0.1593651831723419,0.14797097644668913,0.1335244317373595,0.11318594670150853,0.0562167046624831,,,,,,,,,0.0562167046624831
127320.0,0.19582099318085824,0.19527858575361742,0.19370016965124653,0.1910425307405486,0.18728651978459704,0.18235705641865543,0.17616040006017056,0.1685688421672437,0.15931078751601857,0.147922873221141,0.13348390227815315,0.11315527338863957,0.0562094045748965,,,,,,,,,0.0562094045748965
127380.0,0.19574468868415665,0.19520262722574377,0.1936252146319553,0.1909692542851142,0.1872155921765028,0.1822891687984328,0.17609626418754332,0.16850919683511395,0.15925645553905501,0.14787482526007717,0.13344341820285846,0.11312463305988049,0.05620211704654081,,,,,,,,,0.05620211704654081
127440.0,0.19566847839488552,0.19512676240898222,0.19355035188651237,0.19089606770732745,0.18714475110957976,0.18222136343094888,0.17603220532301944,0.16844962230482127,0.15920218712736459,0.1478268324659138,0.1334029794327859,0.11309402565932145,0.056194842094686545,,,,,,,,,0.056194842094686545
127500.0,0.19559236213726572,0.19505099112857838,0.19347558124312703,0.19082297084032693,0.18707399642380396,0.18215364016492303,0.1759682233259383,0.1683901184481675,0.15914798216713003,0.14777889474129324,0.13336258588941985,0.11306345113123313,0.05618757973253399,,,,,,,,,0.05618757973253399
127560.0,0.1955163397359469,0.19497531321020392,0.19340090253042744,0.19074996351765683,0.18700332795953956,0.1820859988494395,0.17590431805597712,0.1683306851372607,0.15909384054480308,0.1477310119890824,0.13332223749441896,0.11303290942006239,0.05618032996957593,,,,,,,,,0.05618032996957593
127620.0,0.19544041101600607,0.1948997284799556,0.19332631557745839,0.19067704557326537,0.18693274555753642,0.18201843933394643,0.175840489373149,0.16827132224451338,0.15903976214710372,0.14768318411237286,0.1332819341696169,0.11300240047042917,0.05617309281192751,,,,,,,,,0.05617309281192751
127680.0,0.19536457580294705,0.19482423676435373,0.19325182021368087,0.190604216841504,0.18686224905893042,0.18195096146825424,0.175776737137803,0.16821202964264165,0.15898574686101893,0.14763541101447994,0.13324167583702226,0.11297192422712259,0.056165868262627386,,,,,,,,,0.056165868262627386
127740.0,0.1952888339226984,0.19474883789034095,0.19317741626897036,0.19053147715712584,0.1867918383052414,0.1818835651025355,0.1757130612106223,0.1681528072046644,0.15893179457380244,0.1475876925989416,0.13320146241881944,0.11294148063509693,0.05615865632191228,,,,,,,,,0.05615865632191228
127800.0,0.19521318520161302,0.19467353168528104,0.1931031035736161,0.19045882635528477,0.18672151313837224,0.18181625008732277,0.17564946145262328,0.1680936548039026,0.1588779051729731,0.14754002876951838,0.13316129383736866,0.11291106963946905,0.05615145698746734,,,,,,,,,0.05615145698746734
127860.0,0.19513762946646535,0.19459831797695776,0.1930288819583189,0.19038626427153424,0.18665127340060744,0.1817490162735085,0.17558593772515585,0.16803457231397834,0.15882407854631506,0.14749241943019206,0.1331211700152069,0.1128806911855144,0.05614427025465436,,,,,,,,,0.05614427025465436
127920.0,0.1950621665444521,0.19452319659357356,0.1929547512541914,0.19031379074182614,0.18658111893461282,0.18168186351234347,0.17552248988990043,0.16797555960881397,0.15877031458187613,0.14744486448516603,0.13308109087504674,0.112850345218664,0.05613709611672023,,,,,,,,,0.05613709611672023
127980.0,0.1949867962631889,0.194448167363748,0.19288071129275547,0.19024140560250913,0.18651104958343342,0.18161479165543623,0.17545911780886841,0.16791661656263124,0.15871661316796692,0.14739736383886387,0.13304105633977723,0.1128200316845012,0.056129934564987,,,,,,,,,0.056129934564987
128040.0,0.1949115184507119,0.19437323011651697,0.19280676190594162,0.19016910869032783,0.18644106519049283,0.18154780055475114,0.17539582134440102,0.16785774304994983,0.15866297419316108,0.14734991739592865,0.13300106633246483,0.11278975052875917,0.05612278558902493,,,,,,,,,0.05612278558902493
128100.0,0.19483633293547292,0.19429838468133118,0.19273290292608758,0.1900968998424222,0.18637116559959252,0.1814808900626083,0.17533260035916773,0.1677989389455873,0.15860939754629316,0.14730252506122346,0.13296112077635175,0.11275950169731788,0.05611564917681105,,,,,,,,,0.05611564917681105
128160.0,0.1947612395463412,0.1942236308880554,0.19265913418593775,0.19002477889632544,0.1863013506549096,0.1814140600316818,0.1752694547161659,0.16774020412465843,0.1585558831164589,0.14725518673982982,0.13292121959485748,0.11272928513620126,0.05610852531487324,,,,,,,,,0.05610852531487324
128220.0,0.19468623811260036,0.19414896856696673,0.192585455518641,0.1899527456899628,0.18623162020099673,0.18134731031499873,0.17520638427871946,0.16768153846257267,0.15850243079301388,0.14720790233704725,0.13288136271157766,0.11269910079157527,0.05610141398842211,,,,,,,,,0.05610141398842211
128280.0,0.19461132846394866,0.19407439754875286,0.19251186675774998,0.18988080006165173,0.18616197408278057,0.18128064076593906,0.1751433889104783,0.16762294183503534,0.15844904046557265,0.1471606717583931,0.13284155005028447,0.11266894860974502,0.05609431518147121,,,,,,,,,0.05609431518147121
128340.0,0.19453651043049658,0.19399991766451263,0.19243836773722015,0.18980894185009922,0.1860924121455609,0.1812140512382335,0.17508046847541714,0.16756441411804554,0.1583957120240082,0.14711349490960177,0.13280178153492633,0.11263882853715329,0.0560872288769467,,,,,,,,,0.0560872288769467
128400.0,0.19446178384276613,0.1939255287457526,0.19236495829140823,0.18973717089440145,0.18602293423500943,0.18114754158596302,0.17501762283783423,0.1675059551878955,0.1583424453584516,0.14706637169662448,0.13276205708962707,0.11260874052037795,0.05608015505678771,,,,,,,,,0.05608015505678771
128460.0,0.1943871485316895,0.19385123062438808,0.19229163825507115,0.18966548703404226,0.1859535401971685,0.1810811116635575,0.1749548518623512,0.16744756492116997,0.15828924035928982,0.14701930202562843,0.13272237663868675,0.11257868450613008,0.056073093702037745,,,,,,,,,0.056073093702037745
128520.0,0.1943126043286072,0.19377702313274003,0.19221840746336452,0.1895938901088926,0.1858842298784503,0.18101476132579553,0.17489215541391157,0.16738924319474482,0.15823609691716684,0.1469722858029963,0.13268274010658085,0.11254866044125247,0.056066044792928295,,,,,,,,,0.056066044792928295
128580.0,0.19423815106526832,0.19370290610353452,0.19214526575184263,0.1895223799592088,0.18581500312563576,0.18094849042780217,0.17482953335777973,0.1673309898857868,0.15818301492298148,0.14692532293532584,0.13264314741795966,0.11251866827271777,0.05605900830895499,,,,,,,,,0.05605900830895499
128640.0,0.19416378857382882,0.19362887936990233,0.19207221295645543,0.1894509564256315,0.18574585978587327,0.1808822988250486,0.17476698555954057,0.1672728048717526,0.1581299942678872,0.14687841332942986,0.1326035984976484,0.11248870794762705,0.05605198422894723,,,,,,,,,0.05605198422894723
128700.0,0.19408951668684887,0.19355494276537663,0.19199924891354922,0.189379619349185,0.18567679970667766,0.18081618637335117,0.1747045118850974,0.1672146880303874,0.15807703484329147,0.14683155689233449,0.1325640932706464,0.11245877941320823,0.056044972531131984,,,,,,,,,0.056044972531131984
128760.0,0.19401533523729414,0.19348109612389203,0.191926373459864,0.18930836857127542,0.18560782273592916,0.18075015292887062,0.1746421122006725,0.16715663923972485,0.15802413654085454,0.14678475353127998,0.13252463166212702,0.11242888261681463,0.0560379731931918,,,,,,,,,0.0560379731931918
128820.0,0.19394124405853175,0.1934073392797841,0.1918535864325333,0.18923720393369037,0.18553892872187217,0.18068419834811017,0.1745797863728054,0.16709865837808574,0.1579712992524891,0.14673800315371924,0.13248521359743726,0.11239901750592432,0.05603098619231782,,,,,,,,,0.05603098619231782
128880.0,0.19386724298433214,0.19333367206778784,0.19178088766908263,0.18916612527859727,0.1854701175131153,0.1806183224879156,0.1745175342683516,0.16704074532407712,0.15791852287036,0.14669130566731803,0.13244583900209683,0.11236918402813789,0.05602401150525836,,,,,,,,,0.05602401150525836
128940.0,0.19379333184886538,0.19326009432303543,0.1917082770074282,0.18909513244854204,0.18540138895862804,0.18055252520547335,0.17445535575448284,0.16698289995659163,0.15786580728688243,0.14664466097995407,0.13240650780179844,0.11233938213117803,0.05601704910836321,,,,,,,,,0.05601704910836321
129000.0,0.19371951048670172,0.19318660588105688,0.19163575428587626,0.18902422528644866,0.18533274290774224,0.18048680635831013,0.1743932506986844,0.16692512215480654,0.15781315239472174,0.1465980689997166,0.13236721992240616,0.11230961176288869,0.05601009897762395,,,,,,,,,0.05601009897762395
129060.0,0.19364577873280892,0.19311320657777764,0.1915633193431213,0.188953403635618,0.18526417921014915,0.18042116580429193,0.17433121896875634,0.16686741179818315,0.15776055808679298,0.14655152963490584,0.13232797528995643,0.1122798728712332,0.056003161088711166,,,,,,,,,0.056003161088711166
129120.0,0.19357213642255286,0.19303989624951792,0.19149097201824566,0.18888266733972592,0.185195697715899,0.18035560340162238,0.1742692604328107,0.16680976876646564,0.15770802425626018,0.14650504279403243,0.13228877383065624,0.11225016540429449,0.055996235417008065,,,,,,,,,0.055996235417008065
129180.0,0.19349858339169437,0.19296667473299126,0.19141871215071737,0.18881201624282293,0.18512729827540023,0.18029011900884248,0.17420737495927158,0.16675219293968058,0.15765555079653495,0.14645860838581698,0.13224961547088326,0.11222048931027322,0.055989321937641376,,,,,,,,,0.055989321937641376
129240.0,0.1934251194763889,0.1928935418653036,0.19134653958039038,0.18874145018933297,0.18505898073941876,0.18022471248482935,0.1741455624168738,0.1666946841981361,0.15760313760127667,0.14641222631919,0.1322105001371853,0.11219084453748776,0.05598242062550958,,,,,,,,,0.05598242062550958
129300.0,0.1933517445131864,0.19282049748395194,0.19127445414750202,0.1886709690240521,0.18499074495907558,0.18015938368879528,0.17408382267466244,0.16663724242242037,0.15755078456439112,0.14636589650329068,0.13217142775627963,0.112161231034373,0.05597553145530875,,,,,,,,,0.05597553145530875
129360.0,0.19327845833902918,0.1927475414268233,0.1912024556926729,0.18860057259214774,0.18492259078584722,0.18009413248028644,0.1740221556019914,0.16657986749340192,0.15749849158003007,0.14631961884746642,0.1321323982550523,0.11213164874947959,0.05596865440155584,,,,,,,,,0.05596865440155584
129420.0,0.19320526079125058,0.19267467353219367,0.19113054405690563,0.18853026073915724,0.18485451807156375,0.18002895871918248,0.17396056106852345,0.16652255929222765,0.15744625854259112,0.14627339326127312,0.13209341156055798,0.11210209763147355,0.05596178943861056,,,,,,,,,0.05596178943861056
129480.0,0.1931321517075742,0.19260189363872682,0.1910587190815831,0.1884600333109869,0.1847865266684082,0.1799638622656957,0.1738990389442281,0.1664653177003229,0.15739408534671548,0.14622721965447358,0.13205446760001935,0.11207257762913564,0.05595493654069502,,,,,,,,,0.05595493654069502
129540.0,0.19305913092611238,0.19252920158547301,0.1909869806084677,0.18838989015391097,0.18471861642891532,0.17989884298036876,0.1738375890993814,0.16640814259939066,0.15734197188728902,0.14618109793703774,0.13201556630082634,0.11204308869136037,0.05594809568191131,,,,,,,,,0.05594809568191131
129600.0,0.19298619828536556,0.19245659721186775,0.1909153284797008,0.1883198311145706,0.18465078720597058,0.17983390072407537,0.17377621140456515,0.16635103387141004,0.15728991805944081,0.14613502801914163,0.1319767075905352,0.11201363076715577,0.05594126683625853,,,,,,,,,0.05594126683625853
129660.0,0.19291335362422088,0.19238408035773133,0.19084376253780092,0.18824985603997296,0.1845830388528093,0.17976903535801836,0.17371490573066542,0.16629399139863602,0.15723792375854215,0.14608900981116738,0.13193789139686907,0.11198420380564283,0.05593444997764734,,,,,,,,,0.05593444997764734
129720.0,0.19284059678195178,0.1923116508632673,0.19077228262566256,0.18817996477748927,0.18451537122301553,0.17970424674372867,0.17365367194887266,0.16623701506359856,0.15718598888020635,0.14604304322370232,0.1318991176477167,0.11195480775605497,0.05592764507991389,,,,,,,,,0.05592764507991389
129780.0,0.19276792759821526,0.1922393085690605,0.19070088858655582,0.1881101571748549,0.18444778417052107,0.17963953474306524,0.17359250993067935,0.16618010474910155,0.15713411332028826,0.14599712816753826,0.13186038627113184,0.11192544256773726,0.055920852116832426,,,,,,,,,0.055920852116832426
129840.0,0.19269534591305226,0.19216705331607778,0.19062958026412452,0.18804043308016805,0.18438027754960473,0.1795748992182129,0.17353141954788098,0.16612326033822272,0.15708229697488285,0.14595126455367174,0.1318216971953326,0.1118961081901465,0.055914071062126466,,,,,,,,,0.055914071062126466
129900.0,0.19262285156688558,0.19209488494566543,0.19055835750238567,0.18797079234188774,0.18431285121489038,0.1795103400316829,0.1734704006725736,0.166066481714312,0.1570305397403249,0.14590545229330268,0.13178305034870175,0.11186680457285028,0.055907301889479705,,,,,,,,,0.055907301889479705
129960.0,0.19255044440051933,0.19202280329954857,0.19048722014572794,0.1879012348088342,0.18424550502134684,0.1794458570463104,0.17340945317715364,0.16600976876099094,0.15697884151318903,0.145859691297834,0.13174444565978513,0.11183753166552694,0.0559005445725452,,,,,,,,,0.0559005445725452
130020.0,0.1924781242551378,0.1919508082198295,0.19041616803891112,0.18783176033018678,0.18417823882428735,0.17938145012525422,0.17334857693431682,0.16595312136215296,0.1569272021902878,0.1458139814788712,0.13170588305729214,0.11180828941796472,0.055893799084954364,,,,,,,,,0.055893799084954364
130080.0,0.19240589097230415,0.19187889954898776,0.19034520102706473,0.1877623687554829,0.18411105247936668,0.17931711913199622,0.1732877718170579,0.16589653940196078,0.15687562166867203,0.1457683227482227,0.13166736247009372,0.11177907778006177,0.0558870654003248,,,,,,,,,0.0558870654003248
130140.0,0.19233374439395914,0.1918070771298781,0.19027431895568653,0.18769305993461805,0.18404394584258238,0.1792528639303399,0.17322703769866904,0.16584002276484694,0.15682409984562967,0.14572271501789724,0.13162888382722357,0.11174989670182557,0.05588034349226781,,,,,,,,,0.05588034349226781
130200.0,0.19226168436242075,0.1917353408057296,0.19020352167064244,0.1876238337178434,0.1839769187702723,0.17918868438440985,0.17316637445273875,0.16578357133551272,0.156772636618685,0.14567715820010482,0.13159044705787676,0.11172074613337256,0.05587363333439479,,,,,,,,,0.05587363333439479
130260.0,0.1921897107203821,0.19166369042014475,0.1901328090181644,0.1875546899557657,0.18390997111911392,0.17912458035865067,0.1731057819531523,0.16572718499892763,0.15672123188559856,0.1456316522072565,0.1315520520914085,0.11169162602492795,0.055866934900323455,,,,,,,,,0.055866934900323455
130320.0,0.192117823310911,0.19159212581709809,0.1900621808448502,0.18748562849934614,0.18384310274612378,0.17906055171782562,0.17304526007408935,0.1656708636403278,0.15666988554436612,0.14558619695196262,0.13151369885733516,0.11166253632682523,0.05586024816368347,,,,,,,,,0.05586024816368347
130380.0,0.1920460219774489,0.19152064684093528,0.18999163699766156,0.18741664919989878,0.18377631350865578,0.17899659832701625,0.17298480869002458,0.16561460714521567,0.15661859749321816,0.14554079234703332,0.13147538728533265,0.11163347698950561,0.05585357309812151,,,,,,,,,0.05585357309812151
130440.0,0.1919743065638091,0.19144925333637214,0.18992117732392422,0.1873477519090903,0.18370960326440136,0.1789327200516212,0.17292442767572586,0.16555841539936034,0.15656736763061901,0.14549543830547731,0.13143711730523622,0.11160444796351826,0.05584690967730562,,,,,,,,,0.05584690967730562
130500.0,0.19190267691417692,0.1913779451484936,0.1898508016713258,0.18727893647893828,0.18364297187138695,0.17886891675735556,0.17286411690625336,0.16550228828879476,0.1565161958552661,0.1454501347405014,0.1313988888470402,0.11157544919951932,0.05584025787492987,,,,,,,,,0.05584025787492987
130560.0,0.19183113287310738,0.1913067221227523,0.18978050988791514,0.1872102027618103,0.18357641918797452,0.1788051883102499,0.1728038762569591,0.1654462256998168,0.15646508206608992,0.14540488156551012,0.1313607018408965,0.11154648064827231,0.05583361766471795,,,,,,,,,0.05583361766471795
130620.0,0.19175967428552487,0.19123558410496766,0.18971030182210125,0.18714155061042365,0.1835099450728595,0.17874153457664918,0.17274370560348606,0.16539022751898705,0.1564140261622528,0.14535967869410568,0.13132255621711544,0.11151754226064718,0.05582698902042671,,,,,,,,,0.05582698902042671
130680.0,0.19168830099672174,0.191164530941325,0.18964017732265234,0.18707297987784322,0.18344354938507093,0.17867795542321152,0.1726836048217673,0.1653342936331291,0.15636302804314878,0.14531452604008627,0.13128445190616472,0.11148863398762036,0.055820371915849494,,,,,,,,,0.055820371915849494
130740.0,0.19161701285235697,0.19109356247837442,0.18957013623869465,0.18700449041748152,0.18337723198396905,0.17861445071690812,0.17262357378802537,0.1652784239293282,0.15631208760840262,0.14526942351744662,0.13124638883866818,0.11145975578027441,0.055813766324818756,,,,,,,,,0.055813766324818756
130800.0,0.1915458096984567,0.19102267856302918,0.18950017841971198,0.18693608208309703,0.18331099272924564,0.17855102032502215,0.17256361237877088,0.16522261829493168,0.15626120475786912,0.1452243710403768,0.13120836694540702,0.11143090758979762,0.05580717222120909,,,,,,,,,0.05580717222120909
130860.0,0.19147469138141,0.19095187904256564,0.18943030371554342,0.18686775472879344,0.18324483148092238,0.1784876641151468,0.1725037204708021,0.16516687661754595,0.15621037939163213,0.14517936852326196,0.13117038615731733,0.11140208936748378,0.05580058957893947,,,,,,,,,0.05580058957893947
130920.0,0.1914036577479716,0.19088116376462197,0.18936051197638365,0.18679950820901836,0.1831787480993498,0.1784243819551861,0.17244389794120432,0.16511119878503788,0.156159611410005,0.1451344158806816,0.13113244640549127,0.11137330106473196,0.0557940183719754,,,,,,,,,0.0557940183719754
130980.0,0.19133270864525803,0.19081053257719618,0.18929080305278123,0.18673134237856262,0.18311274244520723,0.17836117371335272,0.1723841446673486,0.16505558468553327,0.15610890071352912,0.14508951302740913,0.131094547621175,0.11134454263304626,0.05578745857433099,,,,,,,,,0.05578745857433099
131040.0,0.1912618439207476,0.19073998532864608,0.1892211767956374,0.18666325709255938,0.183046814379501,0.1782980392581674,0.1723244605268912,0.16500003420741624,0.15605824720297337,0.1450446598784115,0.13105668973576956,0.11131581402403537,0.055780910160070835,,,,,,,,,0.055780910160070835
131100.0,0.19119106342227982,0.19066952186768793,0.1891516330562057,0.186595252206483,0.1829809637635633,0.17823497845845906,0.17226484539777243,0.16494454723932808,0.15600765077933396,0.14499985634884827,0.1310188726808304,0.11128711518941242,0.055774373103311584,,,,,,,,,0.055774373103311584
131160.0,0.1911203669980529,0.19059914204339512,0.1890821716860906,0.1865273275761478,0.18291519045905252,0.17817199118336194,0.17220529915821642,0.16488912367016684,0.15595711134383294,0.14495510235407144,0.13098109638806554,0.11125844608099457,0.05576784737822331,,,,,,,,,0.05576784737822331
131220.0,0.19104975449662487,0.19052884570519796,0.18901279253724584,0.186459483057708,0.18284949432795078,0.17810907730231637,0.17214582168672996,0.16483376338908723,0.15590662879791858,0.14491039780962472,0.13094336078933635,0.11122980665070303,0.05576133295903116,,,,,,,,,0.05576133295903116
131280.0,0.19097922576691015,0.19045863270288169,0.18894349546197503,0.18639171850765512,0.1827838752325639,0.1780462366850672,0.17208641286210175,0.16477846628549858,0.15585620304326353,0.14486574263124305,0.13090566581665675,0.11120119685056255,0.055754829820016324,,,,,,,,,0.055754829820016324
131340.0,0.19090878065818045,0.1903885028865858,0.1888742803129292,0.1863240337828188,0.18271833303552032,0.17798346920166336,0.17202707256340144,0.16472323224906507,0.155805833981766,0.14482113673485228,0.13086801140219267,0.1111726166327011,0.05574833793551733,,,,,,,,,0.05574833793551733
131400.0,0.1908384190200627,0.19031845610680337,0.1888051469431061,0.18625642874036455,0.1826528675997699,0.17792077472245652,0.17196780066997913,0.16466806116970523,0.15575552151554706,0.14477658003656818,0.13083039747826178,0.11114406594935002,0.055741857279930876,,,,,,,,,0.055741857279930876
131460.0,0.19076814070253814,0.1902484922143795,0.18873609520585,0.18618890323779327,0.18258747878858383,0.1778581531181004,0.17190859706146425,0.16461295293758998,0.1557052655469517,0.1447320724526961,0.13079282397733213,0.11111554475284308,0.05573538782771286,,,,,,,,,0.05573538782771286
131520.0,0.19069794555594238,0.1901786110605108,0.18866712495484972,0.18612145713294018,0.1825221664655526,0.17779560425954982,0.17184946161776538,0.16455790744314328,0.1556550659785468,0.14468761389973062,0.13075529083202375,0.11108705299561694,0.05572892955337902,,,,,,,,,0.05572892955337902
131580.0,0.19062783343096168,0.19010881249674375,0.18859823604413764,0.1860540902839741,0.18245693049458547,0.17773312801806035,0.17179039421906828,0.16450292457704058,0.15560492271312232,0.14464320429435465,0.13071779797510585,0.1110585906302104,0.055722482431505946,,,,,,,,,0.055722482431505946
131640.0,0.19055780417863527,0.19003909637497443,0.18852942832808972,0.1859868025493963,0.18239177073991017,0.1776707242651869,0.1717313947458366,0.1644480042302088,0.15555483565368844,0.14459884355343952,0.13068034533949763,0.1110301576092644,0.05571604643673139,,,,,,,,,0.05571604643673139
131700.0,0.19048785765035262,0.18996946254744707,0.18846070166142354,0.18591959378803954,0.1823266870660711,0.17760839287278268,0.17167246307880973,0.1643931462938248,0.15550480470347694,0.14455453159404355,0.13064293285826786,0.11100175388552165,0.055709621543755125,,,,,,,,,0.055709621543755125
131760.0,0.19041799369785217,0.18989991086675323,0.18839205589919777,0.18585246385906698,0.18226167933792908,0.17754613371299907,0.17161359909900303,0.16433835065931496,0.1554548297659395,0.14451026833341274,0.13060556046463417,0.11097337941182626,0.055703207727339284,,,,,,,,,0.055703207727339284
131820.0,0.1903482121732209,0.18983044118583067,0.1883234908968112,0.18578541262197185,0.18219674742065992,0.17748394665828426,0.1715548026877064,0.16428361721835535,0.15540491074474727,0.1444660536889788,0.1305682280919624,0.11094503414112394,0.0556968049623088,,,,,,,,,0.0556968049623088
131880.0,0.19027851292889308,0.18976105335796206,0.18825500651000138,0.18571843993657552,0.1821318911797539,0.17742183158138264,0.17149607372648396,0.16422894586286968,0.15535504754379023,0.14442188757835983,0.13053093567376675,0.11091671802646116,0.05569041322355211,,,,,,,,,0.05569041322355211
131940.0,0.19020889581764955,0.1896917472367748,0.188186602594844,0.1856515456630276,0.18206711048101498,0.17735978835533364,0.1714374120971729,0.16417433648502938,0.1553052400671769,0.1443777699193593,0.13049368314370924,0.11088843102098524,0.05568403248602097,,,,,,,,,0.05568403248602097
132000.0,0.1901393606926171,0.1896225226762393,0.18811827900775172,0.185584729661804,0.1820024051905593,0.17729781685347107,0.17137881768188284,0.16411978897725288,0.1552554882192339,0.14433370062996545,0.13045647043559838,0.11086017307794394,0.05567766272473131,,,,,,,,,0.05567766272473131
132060.0,0.19006990740726576,0.18955337953066811,0.1880500356054736,0.18551799179370715,0.18193777517481513,0.1772359169494227,0.17132029036299518,0.1640653032322044,0.15520579190450454,0.1442896796283508,0.13041929748338973,0.11083194415068551,0.055671303914763125,,,,,,,,,0.055671303914763125
132120.0,0.19000053581540977,0.18948431765471585,0.1879818722450939,0.18545133191986335,0.18187322030052117,0.1771740885171089,0.17126183002316225,0.1640108791427942,0.15515615102774832,0.14424570683287213,0.13038216422118518,0.11080374419265814,0.05566495603126083,,,,,,,,,0.05566495603126083
132180.0,0.18993124577120568,0.18941533690337656,0.18791378878403062,0.1853847499017242,0.18180874043472595,0.17711233143074184,0.17120343654530645,0.163956516602177,0.1551065654939415,0.1442017821620692,0.13034507058323266,0.11077557315740989,0.055658619049433505,,,,,,,,,0.055658619049433505
132240.0,0.18986203712915192,0.18934643713198424,0.18784578508003538,0.1853182456010633,0.18174433544478755,0.17705064556482505,0.17114510981261977,0.16390221550375178,0.15505703520827493,0.14415790553466457,0.13030801650392543,0.11074743099858807,0.055652292944554885,,,,,,,,,0.055652292944554885
132300.0,0.18979290974408675,0.18927761819621094,0.1877778609911919,0.18525181887997733,0.18168000519837163,0.17698903079415157,0.17108684970856225,0.16384797574116108,0.15500756007615468,0.14411407686956335,0.13027100191780192,0.11071931766993955,0.05564597769196372,,,,,,,,,0.05564597769196372
132360.0,0.18972386347118828,0.18920887995206626,0.18771001637591522,0.18518546960088345,0.1816157495634514,0.17692748699380448,0.17102865611686272,0.1637937972082899,0.15495814000320085,0.1440702960858524,0.13023402675954512,0.11069123312531022,0.05563967326706364,,,,,,,,,0.05563967326706364
132420.0,0.18965489816597325,0.1891402222558965,0.18764225109295124,0.18511919762651968,0.1815515684083064,0.1768660140391559,0.1709705289215167,0.16373967979926546,0.15490877489524701,0.1440265631027997,0.13019709096398238,0.11066317731864453,0.055633379645323486,,,,,,,,,0.055633379645323486
132480.0,0.18958601368429573,0.18907164496438297,0.18757456500137473,0.18505300281994316,0.18148746160152157,0.1768046118058648,0.17091246800678567,0.16368562340845652,0.1548594646583399,0.14398287783985403,0.13016019446608454,0.11063515020398576,0.055627096802277044,,,,,,,,,0.055627096802277044
132540.0,0.18951720988234647,0.18900314793454173,0.18750695796058936,0.18498688504452973,0.18142342901198688,0.17674328016987775,0.17085447325719733,0.1636316279304725,0.1548102091987385,0.14393924021664486,0.13012333720096614,0.11060715173547545,0.05562082471352338,,,,,,,,,0.05562082471352338
132600.0,0.18944848661665198,0.1889347310237226,0.18743942983032608,0.1849208441639726,0.18135947050889561,0.17668201900742736,0.17079654455754412,0.1635776932601628,0.1547610084229133,0.1438956501529809,0.13008651910388475,0.11057918186735305,0.05561456335472665,,,,,,,,,0.05561456335472665
132660.0,0.18937984374407385,0.18886639408960781,0.1873719804706426,0.1848548800422817,0.18129558596174417,0.17662082819503153,0.17073868179288254,0.16352381929261653,0.1547118622375462,0.14385210756885047,0.13004974011024062,0.11055124055395585,0.05560831270161625,,,,,,,,,0.05560831270161625
132720.0,0.18931128112180712,0.18879813699021158,0.18730460974192248,0.184788992543783,0.18123177524033127,0.17655970760949274,0.1706808848485323,0.16347000592316102,0.15466277054953004,0.14380861238442083,0.1300130001555757,0.11052332774971876,0.05560207272998665,,,,,,,,,0.05560207272998665
132780.0,0.18924279860737897,0.18872995958387864,0.1872373175048739,0.18472318153311712,0.18116803821475636,0.17649865712789742,0.17062315361007624,0.16341625304736254,0.1546137332659671,0.143765164520037,0.1299762991755743,0.1104954434091741,0.055595843415697496,,,,,,,,,0.055595843415697496
132840.0,0.18917439605864916,0.18866186172928337,0.18717010362052905,0.18465744687523894,0.18110437475541968,0.1764376766276147,0.1705654879633585,0.16336256056102388,0.15456475029416944,0.14372176389622215,0.12993963710606202,0.11046758748695101,0.05558962473467347,,,,,,,,,0.05558962473467347
132900.0,0.18910607333380874,0.18859384328542914,0.18710296795024317,0.18459178843541624,0.18104078473302063,0.17637676598629579,0.17050788779448484,0.16330892836018476,0.1545158215416582,0.1436784104336767,0.1299030138830054,0.11043975993777586,0.05558341666290417,,,,,,,,,0.05558341666290417
132960.0,0.18903783029137805,0.18852590411164757,0.18703591035569317,0.18452620607922923,0.18097726801855762,0.17631592508187358,0.17045035298982147,0.16325535634112112,0.1544669469161624,0.14363510405327778,0.12986642944251142,0.11041196071647111,0.05557721917644426,,,,,,,,,0.05557721917644426
133020.0,0.18896966679020608,0.18845804406759678,0.18696893069887738,0.18446069967256945,0.1809138244833268,0.1762551537925618,0.17039288343599418,0.16320184440034485,0.1544181263256189,0.14359184467607886,0.12982988372082754,0.11038418977795582,0.05557103225141329,,,,,,,,,0.05557103225141329
133080.0,0.18890158268947121,0.18839026301326148,0.18690202884211402,0.18439526908163845,0.18085045399892083,0.1761944519968531,0.17033547901988766,0.1631483924346018,0.15436935967817178,0.14354863222330919,0.12979337665434135,0.11035644707724519,0.055564855863995434,,,,,,,,,0.055564855863995434
133140.0,0.18883357784867816,0.18832256080895107,0.18683520464804076,0.1843299141729478,0.1807871564372292,0.17613381957351956,0.1702781396286452,0.16309500034087235,0.15432064688217187,0.14350546661637353,0.1297569081795793,0.11032873256945033,0.05555868999043954,,,,,,,,,0.05555868999043954
133200.0,0.18876565212765767,0.18825493731529933,0.18676845797961403,0.184264634813318,0.18072393167043635,0.17607325640161162,0.1702208651496671,0.16304166801637052,0.15427198784617557,0.14346234777685132,0.12972047823320695,0.11030104620977788,0.055552534607059036,,,,,,,,,0.055552534607059036
133260.0,0.18869780538656605,0.18818739239326326,0.18670178870010715,0.18419943086987678,0.18066077957102125,0.17601276236045713,0.17016365547061135,0.1629883953585426,0.15422338247894488,0.14341927562649645,0.12968408675202867,0.11027338795352977,0.055546389690231804,,,,,,,,,0.055546389690231804
133320.0,0.18863003748588442,0.1881199259041224,0.18663519667311024,0.18413430221005903,0.1805977000117562,0.1759523373296604,0.17010651047939102,0.16293518226506776,0.15417483068944698,0.14337625008723645,0.1296477336729874,0.1102457577561031,0.05554025521640005,,,,,,,,,0.05554025521640005
133380.0,0.18856234828641655,0.18805253770947777,0.18656868176252925,0.18406924870160607,0.1805346928657068,0.1758919811891016,0.1700494300641756,0.1628820286338563,0.15412633238685278,0.14333327108117253,0.12961141893316355,0.11021815557299004,0.05553413116207004,,,,,,,,,0.05553413116207004
133440.0,0.18849473764928937,0.18798522767125028,0.18650224383258482,0.18400427021256419,0.18047175800623041,0.17583169381893607,0.16999241411338833,0.16282893436304952,0.15407788748053738,0.14329033853057854,0.1295751424697752,0.11019058135977725,0.05552801750381232,,,,,,,,,0.05552801750381232
133500.0,0.1884272054359512,0.18791799565168169,0.18643588274781153,0.1839393666112838,0.18040889530697535,0.17577147509959357,0.16993546251570724,0.16277589935101883,0.15402949588007914,0.14324745235790123,0.12953890422017778,0.11016303507214581,0.05552191421826115,,,,,,,,,0.05552191421826115
133560.0,0.18835975150817155,0.1878508415133317,0.18636959837305708,0.18387453776641918,0.1803461046418805,0.17571132491177754,0.16987857516006277,0.16272292349636583,0.15398115749525834,0.14320461248575866,0.12950270412186304,0.11013551666587112,0.05551582128211464,,,,,,,,,0.05551582128211464
133620.0,0.18829237572803892,0.18778376511907804,0.18630339057348094,0.18380978354692737,0.18028338588517437,0.17565124313646396,0.16982175193563898,0.16267000669792037,0.1539328722360583,0.14316181883694085,0.12946654211245995,0.11010802609682235,0.055509738672134545,,,,,,,,,0.055509738672134545
133680.0,0.188225077957961,0.18771676633211526,0.1862372592145542,0.18374510382206694,0.18022073891137425,0.17559122965490034,0.16976499273187065,0.16261714885474124,0.15388464001266297,0.1431190713344086,0.12943041812973255,0.11008056332096242,0.055503666365146094,,,,,,,,,0.055503666365146094
133740.0,0.18815785806066423,0.1876498450159542,0.18617120416205815,0.18368049846139725,0.18015816359528472,0.17553128434860646,0.16970829743844476,0.16256434986611437,0.1538364607354576,0.14307636990129347,0.12939433211158083,0.11005312829434767,0.055497604338037756,,,,,,,,,0.055497604338037756
133800.0,0.18809071589919124,0.18758300103442074,0.18610522528208387,0.18361596733477822,0.180095659811998,0.17547140709937215,0.169651665945298,0.16251160963155342,0.15378833431502814,0.1430337144608969,0.1293582839960405,0.11002572097312785,0.05549155256776125,,,,,,,,,0.05549155256776125
133860.0,0.1880236513369007,0.1875162342516547,0.18603932244103025,0.18355151031236852,0.18003322743689248,0.17541159778925694,0.1695950981426169,0.16245892805079828,0.15374026066215957,0.1429911049366899,0.1293222737212817,0.10999834131354537,0.055485511031331154,,,,,,,,,0.055485511031331154
133920.0,0.18795666423746812,0.18744954453210963,0.18597349550560485,0.1834871272646255,0.179970866345632,0.1753518563005894,0.16953859392083762,0.1624063050238145,0.15369223968783682,0.1429485412523128,0.1292863012256094,0.10997098927193569,0.05547947970582513,,,,,,,,,0.05547947970582513
133980.0,0.18788975446488207,0.18738293174055173,0.1859077443428217,0.18342281806230415,0.17990857641416488,0.1752921825159661,0.16948215317064413,0.16235374045079323,0.15364427130324368,0.14290602333157446,0.12925036644746254,0.1099436648047266,0.05547345856838336,,,,,,,,,0.05547345856838336
134040.0,0.18782292188344474,0.18731639574205874,0.1858420688200009,0.18335858257645607,0.17984635751872385,0.1752325763182517,0.1694257757829683,0.16230123423215004,0.15359635541976138,0.14286355109845186,0.12921446932541358,0.10991636786843818,0.05546744759620849,,,,,,,,,0.05546744759620849
134100.0,0.18775616635777145,0.18724993640201873,0.18577646880476778,0.18329442067842877,0.17978420953582405,0.17517303759057698,0.16936946164898892,0.16224878626852426,0.1535484919489696,0.14282112447709006,0.12917860979816917,0.10988909841968272,0.05546144676656551,,,,,,,,,0.05546144676656551
134160.0,0.18768948775278926,0.18718355358612987,0.1857109441650518,0.1832303322398648,0.17972213234226334,0.17511356621633903,0.16931321066013136,0.1621963964607786,0.15350068080264487,0.14277874339180097,0.12914278780456842,0.10986185641516409,0.05545545605678175,,,,,,,,,0.05545545605678175
134220.0,0.18762288593373566,0.18711724716039935,0.18564549476908615,0.18316631713270123,0.179660125815121,0.1750541620792005,0.169257022708066,0.16214406470999917,0.15345292189276008,0.14273640776706364,0.1291070032835835,0.10983464181167793,0.05544947544424634,,,,,,,,,0.05544947544424634
134280.0,0.18755636076615861,0.18705101699114263,0.18558012048540629,0.1831023752291684,0.17959818983175702,0.1749948250630875,0.1692008976847089,0.1620917909174935,0.15340521513148428,0.1426941175275231,0.12907125617431864,0.10980745456611096,0.05544350490641032,,,,,,,,,0.05544350490641032
134340.0,0.18748991211591506,0.18698486294498187,0.18551482118284954,0.18303850640178881,0.1795363242698113,0.1749355550521914,0.16914483548222,0.16203957498479082,0.153357560431182,0.1426518725979909,0.12903554641601045,0.10978029463544123,0.055437544420786224,,,,,,,,,0.055437544420786224
134400.0,0.1874235398491706,0.18691878488884647,0.1854495967305544,0.1829747105233771,0.17947452900720304,0.17487635193096546,0.16908883599300306,0.16198741681364118,0.15330995770441277,0.14260967290344362,0.12899987394802678,0.10975316197673764,0.0554315939649484,,,,,,,,,0.0554315939649484
134460.0,0.18735724383239785,0.18685278268997066,0.18538444699795878,0.1829109874670392,0.17941280392212938,0.17481721558412563,0.16903289910970454,0.16193531630601524,0.15326240686393053,0.14256751836902287,0.12896423870986679,0.10972605654715961,0.05542565351653213,,,,,,,,,0.05542565351653213
134520.0,0.187291023932376,0.18678685621589355,0.18531937185480032,0.18284733710617057,0.1793511488930655,0.17475814589664976,0.16897702472521295,0.16188327336410352,0.15321490782268316,0.14252540892003496,0.12892864064116108,0.10969897830395696,0.05541972305323398,,,,,,,,,0.05541972305323398
134580.0,0.18722488001619014,0.18672100533445823,0.18525437117111468,0.1827837593144563,0.17928956379876299,0.17469914275377624,0.16892121273265887,0.16183128789031512,0.15316746049381164,0.14248334448194996,0.12889307968167027,0.10967192720446983,0.05541380255281144,,,,,,,,,0.05541380255281144
134640.0,0.18715881195122994,0.18665522991381037,0.18518944481723568,0.18272025396587,0.17922804851824975,0.1746402060410034,0.1688654630254136,0.16177935978727775,0.1531200647906501,0.14244132498040218,0.12885755577128552,0.10964490320612819,0.055407891993082756,,,,,,,,,0.055407891993082756
134700.0,0.18709281960518923,0.18658952982239813,0.18512459266379336,0.18265682093467278,0.179166602930829,0.17458133564408942,0.16880977549708864,0.16172748895783712,0.1530727206267248,0.14239935034118875,0.1288220688500276,0.10961790626645174,0.055401991351926784,,,,,,,,,0.055401991351926784
134760.0,0.18702690284606466,0.18652390492897059,0.18505981458171347,0.18259346009541313,0.17910522691607839,0.17452253144905072,0.16875415004153504,0.161675675305056,0.1530254279157539,0.14235742049026942,0.12878661885804715,0.10959093634304964,0.05539610060728256,,,,,,,,,0.05539610060728256
134820.0,0.18696106154215558,0.18645835510257783,0.1849951104422169,0.18253017132292498,0.17904392035384922,0.1744637933421624,0.1686985865528427,0.1616239187322146,0.15297818657164636,0.1423155353537666,0.12875120573562363,0.1095639933936204,0.055390219737149686,,,,,,,,,0.055390219737149686
134880.0,0.1868952955620629,0.18639288021256864,0.18493048011681912,0.1824669544923281,0.1789826831242659,0.17440512120995602,0.16864308492534003,0.16157221914280842,0.1529309965085025,0.1422736948579644,0.12871582942316562,0.10953707737595132,0.05538434871958753,,,,,,,,,0.05538434871958753
134940.0,0.18682960477468752,0.18632748012859118,0.18486592347732872,0.18240380947902668,0.1789215151077249,0.17434651493922024,0.16858764505359294,0.161520576440549,0.1528838576406125,0.14223189892930843,0.12868048986120975,0.10951018824791879,0.05537848753271541,,,,,,,,,0.05537848753271541
135000.0,0.18676398904923056,0.1862621547205914,0.18480144039584667,0.18234073615870833,0.17886041618489407,0.17428797441699923,0.1685322668324043,0.16146899052936234,0.15283676988245634,0.14219014749440514,0.12864518699042138,0.10948332596748762,0.05537263615471226,,,,,,,,,0.05537263615471226
135060.0,0.1866984482551915,0.18619690385881238,0.18473703074476594,0.18227773440734435,0.1787993862367124,0.17422949953059239,0.16847695015681294,0.16141746131338885,0.15278973314870306,0.142148440480022,0.12860992075159305,0.10945649049271094,0.055366794563816706,,,,,,,,,0.055366794563816706
135120.0,0.18663298226236863,0.18613172741379283,0.18467269439677073,0.18221480410118696,0.17873842514438845,0.1741710901675538,0.16842169492209408,0.16136598869698301,0.1527427473542105,0.14210677781308603,0.1285746910856456,0.10942968178172985,0.05536096273832652,,,,,,,,,0.05536096273832652
135180.0,0.18656759094085706,0.18606662525636805,0.18460843122483483,0.18215194511677046,0.17867753278940005,0.1741127462156908,0.16836650102375716,0.16131457258471243,0.1526958124140246,0.1420651594206843,0.12853949793362615,0.10940289979277348,0.055355140656598564,,,,,,,,,0.055355140656598564
135240.0,0.18650227416104842,0.1860015972576668,0.18454424110222115,0.1820891573309099,0.1786167090534937,0.17405446756306414,0.16831136835754654,0.1612632128813571,0.15264892824337875,0.142023585230063,0.12850434123670865,0.10937614448415887,0.05534932829704875,,,,,,,,,0.05534932829704875
135300.0,0.1864370317936298,0.18593664328911208,0.18448012390248206,0.18202644062069978,0.17855595381868292,0.17399625409798658,0.16825629681944002,0.1612119094919091,0.15260209475769354,0.14198205516862716,0.12846922093619373,0.10934941581429004,0.055343525638151696,,,,,,,,,0.055343525638151696
135360.0,0.18637186370958309,0.1858717632224199,0.18441607949945668,0.18196379486351374,0.17849526696724924,0.17393810570902268,0.16820128630564835,0.1611606623215714,0.15255531187257648,0.14194056916394,0.1284341369735085,0.10932271374165847,0.05533773265844068,,,,,,,,,0.05533773265844068
135420.0,0.1863067697801844,0.18580695692959828,0.18435210776727182,0.18190121993700348,0.1784346483817396,0.1738800222849879,0.16814633671261497,0.16110947127575886,0.15250857950382057,0.14189912714372332,0.1283990892902052,0.10929603822484278,0.055331949336507355,,,,,,,,,0.055331949336507355
135480.0,0.18624174987700226,0.18574222428294643,0.1842882085803399,0.1818387157190984,0.17837409794496698,0.17382200371494816,0.16809144793701483,0.161058336260096,0.15246189756740514,0.14185772903585592,0.12836407782796175,0.10926938922250785,0.05532617565100153,,,,,,,,,0.05532617565100153
135540.0,0.18617680387189783,0.18567756515505418,0.18422438181335862,0.18177628208800428,0.17831361554000863,0.17376404988821836,0.1680366198757544,0.16100725718041675,0.15241526597949384,0.14181637476837392,0.12832910252858107,0.10924276669340555,0.05532041158063117,,,,,,,,,0.05532041158063117
135600.0,0.1861119316370243,0.18561297941880106,0.18416062734131053,0.18171391892220318,0.178253201050206,0.1737061606943629,0.1679818524259703,0.16095623394276476,0.15236868465643555,0.14177506426946979,0.12829416333399082,0.1092161705963738,0.05531465710416203,,,,,,,,,0.05531465710416203
135660.0,0.18604713304482484,0.18554846694735586,0.18409694503946133,0.18165162610045232,0.17819285435916404,0.17364833602319385,0.16792714548502932,0.16090526645339182,0.15232215351476283,0.1417337974674932,0.1282592601862431,0.10918960089033675,0.055308912200417615,,,,,,,,,0.055308912200417615
135720.0,0.1859824079680329,0.18548402761417473,0.1840333347833605,0.18158940350178282,0.17813257535074997,0.17359057576477105,0.1678724989505273,0.1608543546187576,0.15227567247119217,0.14169257429094853,0.12822439302751412,0.1091630575343044,0.055303176848278957,,,,,,,,,0.055303176848278957
135780.0,0.1859177562796708,0.18541966129300153,0.18396979644883887,0.18152725100549996,0.17807236390909315,0.17353287980940094,0.16781791272028893,0.1608034983455298,0.15222924144262265,0.14165139466849613,0.1281895618001041,0.10913654048737235,0.055297451026684354,,,,,,,,,0.055297451026684354
135840.0,0.18585317785304903,0.18535536785786652,0.1839063299120093,0.18146516849118144,0.17801221991858357,0.17347524804763617,0.16776338669236657,0.16075269754058205,0.1521828603461366,0.14161025852895134,0.12815476644643645,0.10911004970872178,0.055291734714629316,,,,,,,,,0.055291734714629316
135900.0,0.1857886725617652,0.18529114718308573,0.18384293504926474,0.18140315583867758,0.17795214326387201,0.17341768037027502,0.16770892076504032,0.16070195211099528,0.15213652909899772,0.14156916580128395,0.12812000690905745,0.10908358515761879,0.05528602789116619,,,,,,,,,0.05528602789116619
135960.0,0.18572424027970474,0.18522699914325985,0.18377961173727816,0.1813412129281097,0.177892133829869,0.17336017666836046,0.16765451483681676,0.1606512619640553,0.15209024761865164,0.1415281164146182,0.12808528313063633,0.10905714679341481,0.055280330535404223,,,,,,,,,0.055280330535404223
136020.0,0.1856598808810379,0.1851629236132741,0.18371635985300133,0.1812793396398698,0.17783219150174348,0.173302736833179,0.1676001688064287,0.1606006270072537,0.15204401582272536,0.14148711029823194,0.12805059505396518,0.1090307345755458,0.05527464262650941,,,,,,,,,0.05527464262650941
136080.0,0.18559559424021993,0.18509892046829646,0.18365317927366484,0.18121753585461978,0.17777231616492353,0.17324536075626154,0.16754588257283431,0.16055004714828616,0.15199783362902627,0.14144614738155606,0.12801594262195753,0.10900434846353224,0.055268964143704025,,,,,,,,,0.055268964143704025
136140.0,0.18553138023199103,0.1850349895837779,0.1835900698767761,0.18115580145329077,0.1777125077050939,0.17318804832938123,0.16749165603521693,0.1604995222950526,0.15195170095554195,0.14140522759417493,0.127981325777649,0.10897798841697921,0.055263295066266524,,,,,,,,,0.055263295066266524
136200.0,0.18546723873137447,0.1849711308354507,0.18352703154011968,0.18109413631708188,0.17765276600819663,0.1731307994445533,0.16743748909298414,0.1604490523556566,0.15190561772043912,0.14136435086582508,0.12794674446419685,0.10895165439557565,0.05525763537353175,,,,,,,,,0.05525763537353175
136260.0,0.18540316961367648,0.18490734409932846,0.18346406414175614,0.18103254032746036,0.1775930909604297,0.1730736139940346,0.16738338164576713,0.16039863723840417,0.1518595838420648,0.1413235171263953,0.12791219862487976,0.1089253463590945,0.0552519850448901,,,,,,,,,0.0552519850448901
136320.0,0.18533917275448486,0.18484362925170508,0.1834011675600208,0.18097101336616017,0.17753348244824657,0.17301649187032228,0.1673293335934198,0.1603482768518043,0.15181359923894353,0.14128272630592614,0.12787768820309606,0.1088990642673925,0.05524634405978786,,,,,,,,,0.05524634405978786
136380.0,0.18527524802966888,0.18477998616915364,0.18333834167352367,0.18090955531518138,0.17747394035835526,0.17295943296615424,0.1672753448360192,0.16029797110456773,0.15176766382977866,0.14124197833460916,0.12784321314236585,0.10887280808040964,0.05524071239772705,,,,,,,,,0.05524071239772705
136440.0,0.18521139531537786,0.18471641472852554,0.18327558636114868,0.1808481660567893,0.17741446457771812,0.1729024371745073,0.16722141527386383,0.16024771990560607,0.15172177753345117,0.1412012731427871,0.1278087733863291,0.10884657775816939,0.055235090038264885,,,,,,,,,0.055235090038264885
136500.0,0.18514761448804076,0.18465291480695079,0.18321290150205216,0.1807868454735143,0.1773550549935506,0.17284550438859755,0.16716754480747342,0.16019752316403213,0.1516759402690192,0.14116061066095306,0.12777436887874533,0.10882037326077804,0.055229476961013775,,,,,,,,,0.055229476961013775
136560.0,0.18508390542436565,0.18458948628183564,0.1831502869756629,0.18072559344815042,0.17729571149332055,0.172788634501879,0.16711373333758822,0.16014738078915877,0.15163015195571758,0.14111999081975019,0.12773999956349363,0.10879419454842487,0.05522387314564131,,,,,,,,,0.05522387314564131
136620.0,0.18502026800133822,0.18452612903086357,0.18308774266168143,0.1806644098637552,0.17723643396474825,0.17273182740804324,0.16705998076516887,0.16009729269049855,0.1515844125129575,0.1410794135499715,0.12770566538457293,0.1087680415813818,0.05521827857186986,,,,,,,,,0.05521827857186986
136680.0,0.1849567020962219,0.18446284293199294,0.1830252684400781,0.18060329460364852,0.17717722229580474,0.1726750830010181,0.16700628699139525,0.16004725877776282,0.15153872186032602,0.14103887878255927,0.1276713662861004,0.10874191432000291,0.055212693219476514,,,,,,,,,0.055212693219476514
136740.0,0.18489320758655578,0.18439962786345743,0.18296286419109403,0.180542247551412,0.1771180763747118,0.17261840117496843,0.1669526519176661,0.15999727896086202,0.1514930799175856,0.14099838644860438,0.12763710221231242,0.10871581272472482,0.055207117068292844,,,,,,,,,0.055207117068292844
136800.0,0.18482978435015596,0.1843364837037643,0.18290052979523896,0.18048126859088837,0.17705899608994108,0.17256178182429435,0.16689907544559834,0.15994735314990421,0.1514474866046732,0.1409579364793465,0.1276028731075631,0.10868973675606587,0.05520155009820488,,,,,,,,,0.05520155009820488
136860.0,0.18476643226511233,0.18427341033169428,0.18283826513329143,0.180420357606181,0.17699998133021347,0.17250522484363107,0.16684555747702678,0.15989748125519504,0.15140194184170033,0.14091752880617317,0.127568678916325,0.10866368637462631,0.05519599228915269,,,,,,,,,0.05519599228915269
136920.0,0.18470315120979006,0.18421040762630095,0.18277607008629754,0.1803595144816526,0.17694103198449798,0.17244873012784728,0.16679209791400285,0.1598476631872375,0.15135644554895275,0.1408771633606199,0.127534519583188,0.10863766154108802,0.055190443621130486,,,,,,,,,0.055190443621130486
136980.0,0.18463994106282666,0.18414747546690916,0.1827139445355701,0.18029873910192473,0.1768821479420121,0.1723922975720465,0.16673869665879515,0.15979789885673065,0.15131099764688957,0.1408368400743691,0.12750039505285968,0.10861166221621384,0.055184904074186227,,,,,,,,,0.055184904074186227
137040.0,0.18457680170313323,0.18408461373311544,0.18265188836268867,0.18023803135187735,0.1768233290922197,0.17233592707156417,0.1666853536138876,0.15974818817456957,0.15126559805614226,0.1407965588792505,0.12746630527016461,0.10858568836084816,0.055179373628421645,,,,,,,,,0.055179373628421645
137100.0,0.18451373300989254,0.1840218223047861,0.18258990144949772,0.18017739111664782,0.1767645753248316,0.1722796185219689,0.1666320686819795,0.1596985310518446,0.1512202466975157,0.14075631970724026,0.12743225018004375,0.10855973993591626,0.05517385226399194,,,,,,,,,0.05517385226399194
137160.0,0.18445073486255825,0.18395910106205685,0.18252798367810674,0.18011681828163037,0.176705886529804,0.17222337181906036,0.16657884176598498,0.15964892739984107,0.15117494349198649,0.14071612249046062,0.12739822972755518,0.10853381690242404,0.05516833996110554,,,,,,,,,0.05516833996110554
137220.0,0.18438780714085518,0.18389644988533285,0.1824661349308892,0.18005631273247547,0.17664726259733873,0.17216718685886961,0.1665256727690324,0.15959937713003872,0.1511296883607026,0.1406759671611793,0.1273642438578728,0.1085079192214579,0.05516283670002405,,,,,,,,,0.05516283670002405
137280.0,0.18432494972477736,0.18383386865528717,0.18240435509048245,0.17999587435508851,0.17658870341788158,0.17211106353765832,0.16647256159446333,0.15954988015411084,0.151084481224983,0.1406358536518099,0.12733029251628647,0.10848204685418464,0.055157342461062374,,,,,,,,,0.055157342461062374
137340.0,0.1842621624945884,0.1837713572528597,0.18234264403978565,0.17993550303563033,0.17653020888212245,0.1720550017519178,0.16641950814583267,0.15950043638392425,0.15103932200631812,0.14059578189491062,0.12729637564820076,0.10845619976185115,0.05515185722458795,,,,,,,,,0.05515185722458795
137400.0,0.18419944533081886,0.18370891555925753,0.18228100166195987,0.17987519866051505,0.17647177888099425,0.17199900139836893,0.16636651232690772,0.15945104573153845,0.1509942106263679,0.14055575182318425,0.1272624931991369,0.10843037790578428,0.055146380971020946,,,,,,,,,0.055146380971020946
137460.0,0.18413679811426834,0.18364654345595352,0.1822194278404282,0.17981496111641054,0.17641341330567206,0.17194306237396062,0.16631357404166747,0.15940170810920534,0.1509491470069628,0.1405157633694778,0.1272286451147301,0.10840458124739041,0.05514091368083407,,,,,,,,,0.05514091368083407
137520.0,0.18407422072600235,0.18358424082468522,0.18215792245887297,0.17975479029023694,0.1763551120475731,0.1718871845758697,0.16626069319430217,0.159352423429368,0.15090413107010137,0.14047581646678237,0.12719483134073029,0.1083788097481555,0.055135455334552344,,,,,,,,,0.055135455334552344
137580.0,0.18401171304735228,0.18352200754745515,0.182096485401237,0.17969468606916664,0.17629687499835547,0.17183136790150122,0.16620786968921253,0.1593031916046614,0.1508591627379523,0.14043591104823247,0.12716105182300194,0.10835306336964498,0.055130005912753,,,,,,,,,0.055130005912753
137640.0,0.18394927495991598,0.18345984350652936,0.18203511655172194,0.17963464834062315,0.176238702049918,0.1717756122484862,0.1661551034310098,0.15925401254791083,0.15081424193285223,0.14039604704710515,0.12712730650752366,0.10832734207350306,0.05512456539606529,,,,,,,,,0.05512456539606529
137700.0,0.18388690634555432,0.18339774858443705,0.18197381579478764,0.1795746769922804,0.1761805930943993,0.17171991751468194,0.16610239432451457,0.15920488617213205,0.1507693685773055,0.1403562243968204,0.1270935953403878,0.10830164582145312,0.05511913376517018,,,,,,,,,0.05511913376517018
137760.0,0.18382460708639334,0.18333572266396916,0.18191258301515192,0.17951477191206225,0.1761225480241765,0.17166428359817132,0.16604974227475655,0.1591558123905302,0.15072454259398427,0.14031644303094087,0.1270599182677996,0.10827597457529702,0.05511371100080047,,,,,,,,,0.05511371100080047
137820.0,0.18376237706482162,0.18327376562817876,0.1818514180977891,0.17945493298814202,0.17606456673186607,0.17160871039726225,0.16599714718697373,0.15910679111649945,0.1506797639057276,0.14027670288317087,0.12702627523607815,0.10825032829691507,0.055108297083740446,,,,,,,,,0.055108297083740446
137880.0,0.18370021616349005,0.18321187736037908,0.1817903209279297,0.1793951601089412,0.17600664911032216,0.17155319781048647,0.16594460896661178,0.1590578222636234,0.15063503243554138,0.140237003887356,0.12699266619165492,0.10822470694826616,0.05510289199482577,,,,,,,,,0.05510289199482577
137940.0,0.18363812426531148,0.18315005774414417,0.18172929139105984,0.1793354531631291,0.17594879505263564,0.17149774573659995,0.16589212751932414,0.15900890574567267,0.15059034810659744,0.1401973459774835,0.12695909108107414,0.10819911049138688,0.05509749571494322,,,,,,,,,0.05509749571494322
138000.0,0.1835761012534604,0.18308830666330672,0.1816683293729207,0.1792758120396224,0.17589100445213457,0.1714423540745815,0.16583970275097054,0.1589600414766065,0.15054571084223337,0.14015772908768107,0.12692554985099216,0.10817353888839218,0.05509210822503068,,,,,,,,,0.05509210822503068
138060.0,0.18351414701136975,0.18302662400195896,0.18160743475950705,0.17921623662758396,0.17583327720238268,0.17138702272363227,0.16578733456761738,0.15891122937057076,0.1505011205659523,0.14011815315221696,0.1268920424481776,0.10814799210147424,0.05508672950607703,,,,,,,,,0.05508672950607703
138120.0,0.1834522614227336,0.18296500964445067,0.18154660743706755,0.17915672681642297,0.17577561319717894,0.17133175158317526,0.1657350228755361,0.15886246934189835,0.15045657720142197,0.1400786181054995,0.1268585688195105,0.10812247009290298,0.05508135953912157,,,,,,,,,0.05508135953912157
138180.0,0.1833904443715047,0.18290346347538872,0.1814858472921034,0.17909728249579315,0.17571801233055703,0.17127654055285516,0.1656827675812035,0.158813761305108,0.15041208067247477,0.14003912388207684,0.12682512891198242,0.10809697282502538,0.05507599830525441,,,,,,,,,0.05507599830525441
138240.0,0.1833286957418934,0.18284198537963686,0.18142515421136762,0.17903790355559318,0.1756604744967846,0.1712213895325371,0.16563056859130112,0.15876510517490428,0.1503676309031067,0.13999967041663594,0.1267917226726958,0.10807150026026585,0.05507064578561599,,,,,,,,,0.05507064578561599
138300.0,0.1832670154183679,0.18278057524231459,0.1813645280818647,0.17897858988596527,0.17560299959036266,0.17116629842230613,0.16557842581271426,0.1587165008661765,0.15032322781747767,0.13996025764400352,0.12675835004886415,0.10804605236112548,0.055065301961396924,,,,,,,,,0.055065301961396924
138360.0,0.18320540328565316,0.1827192329487967,0.18130396879084987,0.1789193413772949,0.17554558750602503,0.17111126712246685,0.1655263391525314,0.15866794829399936,0.1502788713399108,0.13992088549914428,0.12672501098781133,0.10802062909018197,0.05505996681383799,,,,,,,,,0.05505996681383799
138420.0,0.18314385922872994,0.18265795838471255,0.18124347622582834,0.17886015792021004,0.17548823813873757,0.1710562955335426,0.1654743085180443,0.15861944737363085,0.15023456139489147,0.1398815539171613,0.1266917054369717,0.10799523041008975,0.05505464032423005,,,,,,,,,0.05505464032423005
138480.0,0.18308238313283437,0.1825967514359449,0.18118305027455464,0.1788010394055802,0.17543095138369794,0.17100138355627584,0.1654223338167471,0.15857099802051325,0.15019029790706748,0.1398422628332956,0.12665843334388935,0.10796985628357951,0.05504932247391347,,,,,,,,,0.05504932247391347
138540.0,0.18302097488345767,0.18253561198862972,0.18112269082503188,0.1787419857245167,0.17537372713633415,0.17094653109162566,0.1653704149563352,0.15852260015027206,0.15014608080124853,0.1398030121829256,0.12662519465621772,0.10794450667345797,0.05504401324427825,,,,,,,,,0.05504401324427825
138600.0,0.18295963436634474,0.18247453992915572,0.18106239776551086,0.1786829967683708,0.17531656529230494,0.17089173804076885,0.16531855184470584,0.15847425367871534,0.1501019100024057,0.13976380190156695,0.12659198932172025,0.1079191815426079,0.0550387126167641,,,,,,,,,0.0550387126167641
138660.0,0.18289836146749322,0.1824135351441633,0.18100217098449045,0.17862407242873374,0.17525946574749832,0.17083700430509882,0.1652667443899567,0.1584259585218332,0.15005778543567083,0.13972463192487192,0.12655881728826912,0.10789388085398761,0.055033420572859794,,,,,,,,,0.055033420572859794
138720.0,0.18283715607315426,0.18235259752054336,0.180942010370715,0.17856521259743613,0.17520242839803138,0.17078232978622454,0.16521499250038557,0.15837771459579755,0.15001370702633665,0.13968550218862938,0.1265256785038456,0.10786860457063109,0.0550281370941033,,,,,,,,,0.0550281370941033
138780.0,0.18277601806983032,0.18229172694543788,0.18088191581317561,0.17850641716654725,0.17514545314024996,0.17072771438597054,0.16516329608449004,0.1583295218169617,0.14996967469985578,0.13964641262876426,0.126492572916539,0.10784335265564753,0.055022862162081736,,,,,,,,,0.055022862162081736
138840.0,0.18271494734427499,0.18223092330623836,0.1808218872011085,0.1784476860283739,0.17508853987072717,0.1706731580063767,0.16511165505096698,0.15828138010185933,0.1499256883818405,0.13960736318133712,0.1264595004745473,0.10781812507222147,0.055017595758430925,,,,,,,,,0.055017595758430925
138900.0,0.18265394378349314,0.18217018649058503,0.18076192442399425,0.17838901907546073,0.17503168848626324,0.17061866054969602,0.16506006930871134,0.15823328936720488,0.1498817479980625,0.1395683537825439,0.12642646112617628,0.10779292178361227,0.055012337864835455,,,,,,,,,0.055012337864835455
138960.0,0.18259300727473887,0.18210951638636652,0.18070202737155772,0.17833041620058854,0.17497489888388543,0.17056422191839615,0.1650085387668162,0.15818524952989202,0.14983785347445205,0.13952938436871534,0.1263934548198397,0.10776774275315429,0.0550070884630283,,,,,,,,,0.0550070884630283
139020.0,0.18253213770551527,0.18204891288171926,0.18064219593376668,0.17827187729677424,0.1749181709608464,0.1705098420151573,0.16495706333457244,0.15813726050699456,0.1497940047370983,0.13949045487631714,0.12636048150405838,0.10774258794425609,0.05500184753479116,,,,,,,,,0.05500184753479116
139080.0,0.1824713349635748,0.18198837586502647,0.18058243000083177,0.17821340225727034,0.17486150461462466,0.17045552074287218,0.16490564292146798,0.1580893222157646,0.14975020171224784,0.1394515652419493,0.1263275411274603,0.107717457320401,0.054996615061953594,,,,,,,,,0.054996615061953594
139140.0,0.1824105989369167,0.181927905224918,0.18052272946320555,0.17815499097556386,0.17480489974292304,0.17040125800464587,0.1648542774371869,0.15804143457363257,0.14970644432630548,0.13941271540234546,0.12629463363878032,0.10769235084514625,0.05499139102639355,,,,,,,,,0.05499139102639355
139200.0,0.18234992951378814,0.1818675008502691,0.18046309421158171,0.17809664334537612,0.17474835624366875,0.17034705370379405,0.16480296679160933,0.15799359749820702,0.1496627325058326,0.13937390529437285,0.12626175898686007,0.10766726848212327,0.054986175410036656,,,,,,,,,0.054986175410036656
139260.0,0.18228932658268251,0.1818071626302001,0.18040352413689498,0.17803835926066175,0.17469187401501196,0.17029290774384434,0.16475171089481108,0.15794581090727355,0.14961906617754755,0.13933513485503235,0.12622891712064765,0.10764221019503724,0.054980968194856525,,,,,,,,,0.054980968194856525
139320.0,0.18222879003233874,0.18174689045407577,0.18034401913032003,0.1779801386156081,0.17463545295532643,0.17023882002853333,0.1647005096570624,0.15789807471879513,0.14957544526832553,0.1392964040214574,0.12619610798919656,0.10761717594766705,0.054975769362874474,,,,,,,,,0.054975769362874474
139380.0,0.18216831975174158,0.18168668421150425,0.18028457908327053,0.17792198130463494,0.17457909296320792,0.1701847904618081,0.16464936298882793,0.15785038885091118,0.14953186970519686,0.13925771273091395,0.12616333154166665,0.1075921657038651,0.054970578896159,,,,,,,,,0.054970578896159
139440.0,0.18210791563011952,0.18162654379233703,0.18022520388739904,0.17786388722239352,0.17452279393747394,0.1701308189478247,0.16459827080076658,0.15780275322193693,0.14948833941534778,0.13921906092080044,0.12613058772732305,0.10756717942755671,0.05496539677682628,,,,,,,,,0.05496539677682628
139500.0,0.18204757755694567,0.18156646908666768,0.1801658934345964,0.17780585626376622,0.17446655577716305,0.1700769053909477,0.16454723300373056,0.1577551677503633,0.14944485432611998,0.13918044852864694,0.12609787649553586,0.10754221708274085,0.05496022298703943,,,,,,,,,0.05496022298703943
139560.0,0.18198730542193545,0.1815064599848317,0.18010664761699074,0.17774788832386565,0.17441037838153414,0.17002304969574916,0.1644962495087644,0.1577076323548561,0.1494014143650093,0.13914187549211499,0.12606519779578051,0.10751727863348878,0.05495505750900881,,,,,,,,,0.05495505750900881
139620.0,0.18192709911504767,0.18144651637740544,0.1800474663269467,0.17768998329803407,0.17435426165006662,0.16996925176700944,0.1644453202271054,0.15766014695425612,0.14935801945966592,0.13910334174899736,0.12603255157763701,0.10749236404394501,0.054949900324991564,,,,,,,,,0.054949900324991564
139680.0,0.1818669585264825,0.18138663815520598,0.17998834945706588,0.17763214108184294,0.17429820548245883,0.16991551150971537,0.16439444507018247,0.15761271146757777,0.1493146695378943,0.13906484723721774,0.12599993779078963,0.10746747327832624,0.05494475141729169,,,,,,,,,0.05494475141729169
139740.0,0.18180688354668137,0.1813268252092897,0.17992929690018458,0.17757436157109213,0.17424220977862773,0.16986182882906017,0.16434362394961585,0.15756532581400975,0.14927136452765222,0.13902639189483038,0.12596735638502699,0.1074426063009217,0.05493961076825975,,,,,,,,,0.05493961076825975
139800.0,0.18174687406632645,0.18126707743095227,0.17987030854937414,0.1775166446618095,0.17418627443870893,0.16980820363044263,0.16429285677721656,0.1575179899129137,0.1492281043570505,0.13898797566001933,0.12593480731024148,0.10741776307609269,0.05493447836029277,,,,,,,,,0.05493447836029277
139860.0,0.1816869299763392,0.18120739471172811,0.17981138429794039,0.1774589902502503,0.17413039936305527,0.1697546358194671,0.1642421434649859,0.15747070368382388,0.1491848889543526,0.13894959847109867,0.12590229051642915,0.10739294356827242,0.05492935417583409,,,,,,,,,0.05492935417583409
139920.0,0.18162705116788158,0.18114777694338893,0.17975252403942277,0.1774013982328959,0.17407458445223647,0.16970112530194234,0.1641914839251151,0.1574234670464474,0.14914171824797426,0.13891126026651204,0.12586980595368905,0.10736814774196603,0.05492423819737323,,,,,,,,,0.05492423819737323
139980.0,0.18156723753235293,0.18108822401794394,0.17969372766759362,0.17734386850645445,0.17401882960703924,0.1696476719838816,0.16414087806998456,0.15737627992066286,0.1490985921664834,0.13887296098483218,0.12583735357222384,0.10734337556175044,0.05491913040744578,,,,,,,,,0.05491913040744578
140040.0,0.18150748896139152,0.18102873582763881,0.1796349950764578,0.17728640096785886,0.17396313472846525,0.16959427577150135,0.16409032581216304,0.15732914222652009,0.1490555106385992,0.13883470056476044,0.1258049333223389,0.10731862699227365,0.05491403078863331,,,,,,,,,0.05491403078863331
140100.0,0.18144780534687205,0.1809693122649555,0.17957632616025154,0.17722899551426718,0.17390749971773245,0.16954093657122155,0.1640398270644084,0.15728205388424032,0.1490124735931921,0.1387964789451268,0.12577254515444164,0.10729390199825516,0.05490893932356289,,,,,,,,,0.05490893932356289
140160.0,0.18138818658090677,0.1809099532226106,0.17951772081344267,0.17717165204306204,0.17385192447627276,0.16948765428966417,0.16398938173966537,0.15723501481421504,0.14896948095928267,0.13875829606488926,0.12574018901904255,0.10726920054448538,0.054903855994907484,,,,,,,,,0.054903855994907484
140220.0,0.1813286325558438,0.1808506585935557,0.17945917893072913,0.17711437045184913,0.17379640890573236,0.16943442883365314,0.16393898975106674,0.1571880249370062,0.14892653266604247,0.13872015186313377,0.12570786486675325,0.10724452259582593,0.054898780785385314,,,,,,,,,0.054898780785385314
140280.0,0.1812691431642665,0.1807914282709766,0.17940070040703907,0.17705715063845737,0.17374095290797126,0.1693812601102146,0.16388865101193154,0.1571410841733447,0.1488836286427928,0.13868204627907368,0.12567557264828796,0.10721986811720866,0.05489371367776005,,,,,,,,,0.05489371367776005
140340.0,0.18120971829899296,0.18073226214829197,0.17934228513752964,0.1769999925009384,0.17368555638506228,0.1693281480265749,0.16383836543576527,0.1570941924441311,0.14884076881900432,0.13864397925204963,0.125643312314462,0.10719523707363648,0.05488865465484052,,,,,,,,,0.05488865465484052
140400.0,0.18115035785307554,0.18067316011915355,0.179283933017587,0.17694289593756524,0.17363021923929056,0.16927509249016098,0.1637881329362592,0.1570473496704347,0.14879795312429694,0.1386059507215288,0.1256110838161919,0.10717062943018234,0.05488360369948059,,,,,,,,,0.05488360369948059
140460.0,0.18109106171980077,0.1806141220774452,0.17922564394282506,0.1768858608468325,0.17357494137315327,0.16922209340859962,0.16373795342728992,0.1570005557734928,0.1487551814884395,0.13856796062710502,0.1255788871044952,0.10714604515198946,0.05487856079457904,,,,,,,,,0.05487856079457904
140520.0,0.18103182979268684,0.1805551479172822,0.17916741780908527,0.17682888712745531,0.17351972268935859,0.16916915068971705,0.16368782682291888,0.1569538106747108,0.14871245384134874,0.1385300089084982,0.12554672213049017,0.10712148420427123,0.05487352592307936,,,,,,,,,0.05487352592307936
140580.0,0.18097266196548534,0.18049623753301108,0.1791092545124356,0.17677197467836905,0.1734645630908256,0.16911626424153792,0.1636377530373916,0.15690711429566112,0.1486697701130896,0.13849209550555416,0.12551458884539593,0.10709694655231071,0.05486849906796982,,,,,,,,,0.05486849906796982
140640.0,0.18091355813217902,0.18043739081920804,0.17905115394917073,0.17671512339872852,0.1734094624806838,0.16906343397228543,0.16358773198513787,0.15686046655808383,0.14862713023387458,0.13845422035824415,0.12548248720053115,0.10707243216146078,0.05486348021228307,,,,,,,,,0.05486348021228307
140700.0,0.18085451818698178,0.18037860767067962,0.17899311601581083,0.17665833318790727,0.1733544207622719,0.16901065979038044,0.16353776358077038,0.15681386738388492,0.14858453413406372,0.13841638340666454,0.1254504171473149,0.1070479409971434,0.05485846933909626,,,,,,,,,0.05485846933909626
140760.0,0.18079554202433795,0.18031988798246068,0.17893514060910115,0.17660160394549748,0.17329943783913762,0.16895794160444108,0.1634878477390851,0.15676731669513677,0.14854198174416355,0.13837858459103697,0.12541837863726588,0.1070234730248504,0.054853466431530544,,,,,,,,,0.054853466431530544
140820.0,0.18073662953892203,0.18026123164981528,0.178877227626011,0.17654493557130868,0.17324451361503745,0.1689052793232817,0.16343798437506007,0.1567208144140773,0.1484994729948266,0.13834082385170707,0.1253863716220022,0.10699902821014236,0.05484847147275121,,,,,,,,,0.05484847147275121
140880.0,0.1806777806256375,0.18020263856823468,0.17881937696373398,0.17648832796536779,0.17318964799393577,0.1688526728559137,0.1633881734038551,0.1566743604631098,0.1484570078168522,0.13830310112914493,0.1253543960532412,0.106974606518649,0.054843484445967663,,,,,,,,,0.054843484445967663
140940.0,0.1806189951796159,0.18014410863343763,0.1787615885196865,0.1764317810279183,0.17313484088000403,0.16880012211154366,0.16333841474081223,0.1566279547648021,0.14841458614118497,0.13826541636394438,0.125322451882799,0.10695020791606873,0.05483850533443293,,,,,,,,,0.05483850533443293
141000.0,0.18056027309621786,0.18008564174136954,0.178703862191508,0.1763752946594195,0.17308009217762121,0.16874762699957307,0.16328870830145373,0.15658159724188644,0.14837220789891503,0.13822776949682328,0.12529053906259066,0.10692583236816885,0.05483353412144382,,,,,,,,,0.05483353412144382
141060.0,0.1805016142710304,0.18002723778820184,0.17864619787705974,0.1763188687605466,0.17302540179137205,0.16869518742959833,0.16323905400148223,0.15653528781725912,0.14832987302127734,0.1381901604686225,0.12525865754462975,0.10690147984078491,0.0548285707903406,,,,,,,,,0.0548285707903406
141120.0,0.1804430185998677,0.1799688966703311,0.17858859547442432,0.17626250323218928,0.17297076962604688,0.1686428033114098,0.16318945175678087,0.15648902641397994,0.1482875814396512,0.13815258922030563,0.12522680728102767,0.10687715029982045,0.05482361532450718,,,,,,,,,0.05482361532450718
141180.0,0.1803844859787704,0.17991061828437896,0.17853105488190482,0.17620619797545145,0.1729161955866414,0.1685904745549914,0.16313990148341206,0.15644281295527182,0.1482453330855604,0.13811505569295904,0.12519498822399405,0.10685284371124772,0.054818667707370414,,,,,,,,,0.054818667707370414
141240.0,0.18032601630400438,0.1798524025271912,0.17847357599802555,0.17614995289165122,0.17286167957835621,0.16853820107052028,0.16309040309761721,0.15639664736452022,0.14820312789067228,0.1380775598277915,0.12516320032583592,0.10682856004110645,0.05481372792240059,,,,,,,,,0.05481372792240059
141300.0,0.1802676094720601,0.17979424929583715,0.17841615872153016,0.17609376788231934,0.17280722150659586,0.16848598276836624,0.1630409565158162,0.15635052956527276,0.14816096578679774,0.13804010156613372,0.12513144353895825,0.10680429925550436,0.054808795953110695,,,,,,,,,0.054808795953110695
141360.0,0.18020926537965337,0.17973615848760946,0.1783588029513809,0.17603764284919923,0.1727528212769682,0.16843381955909087,0.1629915616546075,0.15630445948123875,0.1481188467058906,0.1380026808494379,0.12509971781586277,0.10678006132061671,0.054803871783056915,,,,,,,,,0.054803871783056915
141420.0,0.18015098392372297,0.17967813000002295,0.1783015085867592,0.17598157769424666,0.17269847879528466,0.16838171135344754,0.16294221843076695,0.1562584370362895,0.14807677058004753,0.13796529761927812,0.12506802310914839,0.10675584620268623,0.0547989553958379,,,,,,,,,0.0547989553958379
141480.0,0.18009276500143087,0.17962016373081388,0.1782442755270639,0.17592557231962844,0.17264419396755884,0.16832965806238037,0.16289292676124745,0.1562124621544565,0.14803473734150707,0.13792795181734901,0.12503635937151047,0.10673165386802283,0.054794046775095154,,,,,,,,,0.054794046775095154
141540.0,0.18003460851016234,0.17956225957794059,0.1781871036719114,0.17586962662772243,0.17258996670000626,0.16827765959702462,0.16284368656317885,0.1561665347599321,0.14799274692265044,0.13789064338546622,0.1250047265557411,0.10670748428300361,0.054789145904512525,,,,,,,,,0.054789145904512525
141600.0,0.17997651434752415,0.17950441743958145,0.1781299929211351,0.17581374052111692,0.1725357968990439,0.16822571586870488,0.162794497753867,0.1561206547770693,0.14795079925599958,0.1378533722655655,0.12497312461472859,0.1066833374140726,0.05478425276781625,,,,,,,,,0.05478425276781625
141660.0,0.17991848241134445,0.179446637214135,0.17807294317478428,0.17575791390261025,0.1724816844712895,0.16817382678893578,0.16274536025079367,0.1560748221303797,0.14790889427421874,0.13781613839970325,0.12494155350145701,0.10665921322774045,0.054779367348774775,,,,,,,,,0.054779367348774775
141720.0,0.17986051259967217,0.17938891880021954,0.17801595433312387,0.17570214667520956,0.1724276293235617,0.1681219922694208,0.1626962739716161,0.156029036744535,0.14786703191011186,0.1377789417300553,0.1249100131690064,0.10663511169058458,0.05477448963119872,,,,,,,,,0.05477448963119872
141780.0,0.17980260481077662,0.1793312620966718,0.17795902629663418,0.17564643874213054,0.17237363136287837,0.16807021222205198,0.16264723883416635,0.15598329854436543,0.14782521209662378,0.1377417821989174,0.12487850357055227,0.10661103276924863,0.05476961959894061,,,,,,,,,0.05476961959894061
141840.0,0.17974475894314682,0.17927366700254724,0.17790215896600953,0.17559079000679775,0.17231969049645704,0.16801848655890964,0.16259825475645087,0.1559376074548599,0.14778343476683986,0.13770465974870377,0.1248470246593651,0.10658697643044279,0.054764757235894794,,,,,,,,,0.054764757235894794
141900.0,0.1796869748954904,0.17921613341711914,0.1778453522421588,0.1755352003728425,0.17226580663171412,0.1679668151922613,0.16254932165664976,0.15589196340116537,0.14774169985398458,0.13766757432194823,0.12481557638881062,0.10656294264094313,0.054759902525997266,,,,,,,,,0.054759902525997266
141960.0,0.17962925256673426,0.17915866123987764,0.17778860602620347,0.17547966974410367,0.17221197967626364,0.16791519803456187,0.16250043945311718,0.1558463663085861,0.14770000729142216,0.13763052586130317,0.12478415871234932,0.10653893136759189,0.05475505545322573,,,,,,,,,0.05475505545322573
142020.0,0.17957159185602262,0.17910125037052949,0.17773192021947862,0.17542419802462647,0.1721582095379182,0.16786363499845236,0.16245160806438022,0.15580081610258406,0.14765835701265595,0.13759351430953895,0.12475277158353618,0.10651494257729685,0.05475021600159923,,,,,,,,,0.05475021600159923
142080.0,0.179513992662717,0.1790439007089976,0.17767529472353094,0.175368785118662,0.17210449612468703,0.1678121259967607,0.16240282740913808,0.15575531270877757,0.147616748951328,0.13755653960954392,0.12472141495602064,0.10649097623703149,0.05474538415517825,,,,,,,,,0.05474538415517825
142140.0,0.17945645488639628,0.17898661215542036,0.177618729440119,0.17531343093066676,0.1720508393447767,0.1677606709424998,0.1623540974062628,0.15570985605294185,0.14757518304121828,0.1375196017043245,0.12469008878354565,0.10646703231383474,0.054740559898064464,,,,,,,,,0.054740559898064464
142200.0,0.1793989784268546,0.17892938461015082,0.17756222427121268,0.1752581353653021,0.171997239106589,0.16770926974886766,0.1623054179747975,0.1556644460610074,0.14753365921624484,0.1374827005370042,0.12465879301994856,0.10644311077481068,0.05473574321440045,,,,,,,,,0.05473574321440045
142260.0,0.17934156318410252,0.1788722179737567,0.17750577911899193,0.17520289832743385,0.1719436953187223,0.1676579223292472,0.16225678903395713,0.15561908265906135,0.14749217741046375,0.13744583605082358,0.12462752761916004,0.1064192115871287,0.05473093408836996,,,,,,,,,0.05473093408836996
142320.0,0.1792842090583652,0.17881511214701926,0.17744939388584732,0.17514771972213156,0.17189020788996967,0.16760662859720563,0.16220821050312695,0.15557376577334517,0.14745073755806778,0.13740900818914042,0.12459629253520434,0.10639533471802318,0.05472613250419746,,,,,,,,,0.05472613250419746
142380.0,0.1792269159500826,0.17875806703093278,0.1773930684743785,0.17509259945466787,0.1718367767293189,0.16755538846649332,0.16215968230186284,0.15552849533025567,0.147409339593387,0.1373722168954286,0.12456508772219849,0.10637148013479304,0.05472133844614812,,,,,,,,,0.05472133844614812
142440.0,0.17916968375990827,0.17870108252670427,0.17733680278739394,0.1750375374305181,0.1717834017459522,0.16750420185104425,0.1621112043498908,0.15548327125634367,0.14736798345088775,0.1373354621132783,0.12453391313435261,0.10634764780480228,0.054716551898527734,,,,,,,,,0.054716551898527734
142500.0,0.1791125123887094,0.1786441585357531,0.17728059672791086,0.17498253355536,0.17173008284924476,0.16745306866497475,0.1620627765671059,0.15543809347831428,0.147326669065173,0.13729874378639567,0.1245027687259694,0.1063238376954789,0.05471177284568244,,,,,,,,,0.05471177284568244
142560.0,0.17905540173756582,0.17858729495970987,0.17722445019915373,0.17492758773507283,0.17167681994876566,0.16740198882258409,0.16201439887357277,0.1553929619230258,0.147285396370981,0.13726206185860254,0.12447165445144394,0.1063000497743155,0.054707001271998824,,,,,,,,,0.054707001271998824
142620.0,0.17899835170776934,0.17853049170041602,0.17716836310455472,0.17487269987573703,0.17162361295427594,0.16735096223835208,0.1619660711895241,0.15534787651749005,0.14724416530318618,0.13722541627383553,0.12444057026526356,0.10627628400886882,0.054702237161903575,,,,,,,,,0.054702237161903575
142680.0,0.17894136220082335,0.1784737486599236,0.17711233534775253,0.1748178698836334,0.17157046177572916,0.16729998882694117,0.16191779343536086,0.15530283718887197,0.14720297579679734,0.13718880697614744,0.12440951612200753,0.10625254036675945,0.05469748049986356,,,,,,,,,0.05469748049986356
142740.0,0.1788844331184436,0.17841706574049448,0.1770563668325919,0.1747630976652432,0.1715173663232703,0.16724906850319382,0.16186956553165213,0.1552578438644883,0.14716182778695863,0.1371522339097044,0.12437849197634666,0.10622881881567205,0.054692731270385535,,,,,,,,,0.054692731270385535
142800.0,0.17882756436255443,0.17836044284459954,0.17700045746312337,0.17470838312724696,0.17146432650723573,0.1671982011821328,0.16182138739913382,0.15521289647180797,0.1471207212089484,0.13711569701878817,0.12434749778304353,0.10620511932335486,0.05468798945801619,,,,,,,,,0.05468798945801619
142860.0,0.17877075583529184,0.17830387987491844,0.17694460714360252,0.17465372617652397,0.1714113422381519,0.16714738677896135,0.16177325895870892,0.1551679949384518,0.14707965599817924,0.13707919624779408,0.12431653349695186,0.10618144185761957,0.05468325504734181,,,,,,,,,0.05468325504734181
142920.0,0.17871400743900034,0.17824737673433963,0.1768888157784896,0.1745991267201528,0.17135841342673583,0.16709662520906154,0.1617251801314469,0.1551231391921919,0.14703863209019752,0.1370427315412313,0.12428559907301641,0.10615778638634145,0.054678528022988324,,,,,,,,,0.054678528022988324
142980.0,0.17865731907623394,0.17819093332595864,0.17683308327244887,0.17454458466540912,0.17130553998389392,0.1670459163879946,0.1616771508385833,0.15507832916095066,0.14699764942068294,0.13700630284372298,0.12425469446627264,0.10613415287745873,0.05467380836962118,,,,,,,,,0.05467380836962118
143040.0,0.17860069064975434,0.17813454955307811,0.17677740953034768,0.17449009991976677,0.1712527218207217,0.1669952602315004,0.16162917100151897,0.15503356477280145,0.14695670792544885,0.13696991010000484,0.12422381963184666,0.10611054129897295,0.05466909607194519,,,,,,,,,0.05466909607194519
143100.0,0.17854412206253156,0.17807822531920722,0.17672179445725655,0.17443567239089575,0.17119995884850364,0.1669446566554961,0.16158124054181988,0.15498884595596765,0.14691580754044029,0.1369335532549263,0.12419297452495486,0.10608695161894835,0.05466439111470435,,,,,,,,,0.05466439111470435
143160.0,0.17848761321774276,0.17802196052806135,0.17666623795844863,0.17438130198666316,0.17114725097871192,0.16689410557607734,0.1615333593812169,0.15494417263882226,0.14687494820173555,0.13689723225344932,0.12416215910090396,0.10606338380551206,0.054659693482681834,,,,,,,,,0.054659693482681834
143220.0,0.17843116401877104,0.17796575508356127,0.1766107399393985,0.17432698861513185,0.1710945981230065,0.16684360690951625,0.1614855274416052,0.15489954474988718,0.1468341298455448,0.136860947040648,0.12413137331509044,0.10603983782685385,0.05465500316069972,,,,,,,,,0.05465500316069972
143280.0,0.17837477436920754,0.17790960888983295,0.17655530030578256,0.1742727321845599,0.17104200019323448,0.1667931605722621,0.16143774464504357,0.1548549622178341,0.14679335240820995,0.13682469756170879,0.12410061712300038,0.10601631365122566,0.05465032013361904,,,,,,,,,0.05465032013361904
143340.0,0.1783184441728468,0.17785352185120568,0.1764999189634777,0.17421853260340045,0.17098945710142974,0.16674276648093958,0.16139001091375477,0.1548104249714822,0.14675261582620402,0.13678848376193029,0.12406989048020914,0.1059928112469419,0.054645644386339634,,,,,,,,,0.054645644386339634
143400.0,0.1782621733336902,0.17779749387221422,0.17644459581856134,0.1741643897803009,0.17093696875981218,0.16669242455234973,0.16134232617012384,0.15476593293979998,0.14671192003613154,0.13675230558672213,0.12403919334238189,0.10596933058237935,0.054640975903799925,,,,,,,,,0.054640975903799925
143460.0,0.17820596175594228,0.17774152485759545,0.17638933077731028,0.17411030362410257,0.17088453508078758,0.16664213470346856,0.16129469033669913,0.15472148605190264,0.14667126497472752,0.1367161629816055,0.12400852566527236,0.10594587162597653,0.05463631467097675,,,,,,,,,0.05463631467097675
143520.0,0.1781498093440128,0.17768561471228927,0.1763341237462011,0.1740562740438401,0.1708321559769469,0.1665918968514471,0.16124710333619044,0.15467708423705356,0.14663065057885744,0.1366800558922129,0.1239778874047231,0.1059224343462336,0.05463166067288573,,,,,,,,,0.05463166067288573
143580.0,0.17809371600251422,0.17762976334143832,0.1762789746319087,0.17400230094874117,0.17077983136106567,0.16654171091361042,0.1611995650914701,0.1546327274246628,0.1465900767855167,0.1366439842642871,0.12394727851666523,0.10589901871171274,0.05462701389458037,,,,,,,,,0.05462701389458037
143640.0,0.17803768163626266,0.17757397065038644,0.17622388334130634,0.1739483842482256,0.17072756114610352,0.1664915768074577,0.16115207552557115,0.15458841554428693,0.14654954353183058,0.1366079480436815,0.12391669895711833,0.10587562469103759,0.05462237432115257,,,,,,,,,0.05462237432115257
143700.0,0.17798170615027556,0.17751823654467888,0.1761688497814651,0.17389452385190513,0.17067534524520456,0.16644149445066125,0.1611046345616878,0.15454414852562873,0.14650905075505363,0.13657194717635984,0.12388614868218989,0.10585225225289306,0.0546177419377323,,,,,,,,,0.0546177419377323
143760.0,0.17792578944977333,0.17746256093006157,0.17611387385965313,0.17384071966958273,0.17062318357169526,0.16639146376106692,0.16105724212317485,0.1544999262985375,0.14646859839256982,0.13653598160839542,0.1238556276480757,0.10582890136602538,0.05461311672948735,,,,,,,,,0.05461311672948735
143820.0,0.17786993144017715,0.17740694371248067,0.17605895548333497,0.1737869716112526,0.170571076039086,0.16634148465669274,0.1610098981335471,0.15445574879300739,0.14642818638189165,0.1365000512859715,0.12382513581105861,0.10580557199924182,0.05460849868162351,,,,,,,,,0.05460849868162351
143880.0,0.1778141320271095,0.1773513847980819,0.17600409456017183,0.17373327958709905,0.1705190225610683,0.16629155705572887,0.16096260251647898,0.1544116159391782,0.14638781466065992,0.13646415615538057,0.12379467312750943,0.10578226412141052,0.05460388777938424,,,,,,,,,0.05460388777938424
143940.0,0.17775839111639266,0.17729588409320998,0.17594929099801995,0.17367964350749632,0.1704670230515162,0.1662416808765372,0.16091535519580433,0.1543675276673338,0.1463474831666437,0.13642829616302427,0.12376423955388617,0.10575897770146052,0.054599284008050517,,,,,,,,,0.054599284008050517
144000.0,0.17770270861404863,0.1772404415044085,0.17589454470493157,0.17362606328300792,0.1704150774244851,0.16619185603765071,0.16086815609551575,0.15432348390790346,0.14630719183773955,0.13639247125541312,0.12373383504673363,0.10573571270838146,0.05459468735294088,,,,,,,,,0.05459468735294088
144060.0,0.17764708442629942,0.17718505693841882,0.17583985558915272,0.17357253882438634,0.17036318559421137,0.16614208245777337,0.16082100513976433,0.15427948459145951,0.14626694061197204,0.13635668137916546,0.1237034595626837,0.10571246911122342,0.054590097799411326,,,,,,,,,0.054590097799411326
144120.0,0.17759151845956525,0.17712973030217993,0.17578522355912385,0.1735190700425725,0.17031134747511203,0.16609236005577924,0.16077390225285934,0.1542355296487186,0.1462267294274924,0.1363209264810087,0.12367311305845453,0.10568924687909682,0.05458551533285499,,,,,,,,,0.05458551533285499
144180.0,0.17753601062046448,0.17707446150282827,0.17573064852347903,0.1734656568486952,0.1702595629817835,0.16604268875071257,0.16072684735926746,0.1541916190105404,0.1461865582225789,0.13628520650777806,0.12364279549085097,0.10566604598117232,0.05458093993870225,,,,,,,,,0.05458093993870225
144240.0,0.17748056081581368,0.17701925044769629,0.1756761303910456,0.17341229915407047,0.17020783202900217,0.16599306846178674,0.16067984038361263,0.15414775260792749,0.14614642693563587,0.13624952140641639,0.12361250681676392,0.10564286638668063,0.05457637160242051,,,,,,,,,0.05457637160242051
144300.0,0.1774251689526265,0.17696409704431243,0.17562166907084317,0.17335899687020156,0.17015615453172353,0.1659434991083846,0.16063288125067587,0.15410393037202516,0.14610633550519433,0.13621387112397393,0.1235822469931701,0.10561970806491225,0.054571810309514135,,,,,,,,,0.054571810309514135
144360.0,0.17736983493811254,0.17690900120040132,0.17556726447208382,0.17330574990877812,0.17010453040508117,0.1658939806100569,0.16058596988539436,0.1540601522341209,0.14606628386991063,0.1361782556076082,0.12355201597713217,0.10559657098521753,0.05456725604552419,,,,,,,,,0.05456725604552419
144420.0,0.17731455867967855,0.1768539628238819,0.17551291650417108,0.17325255818167562,0.1700529595643877,0.16584451288652308,0.16053910621286147,0.15401641812564396,0.1460262719685675,0.1361426748045834,0.12352181372579821,0.10557345511700623,0.05456270879602862,,,,,,,,,0.05456270879602862
144480.0,0.1772593400849265,0.17679898182286788,0.17545862507669943,0.1731994216009552,0.1700014419251325,0.16579509585767033,0.1604922901583261,0.15397272797816514,0.1459862997400717,0.13610712866227062,0.12349164019640187,0.10555036042974801,0.05455816854664192,,,,,,,,,0.05455816854664192
144540.0,0.17720417906165337,0.17674405810566704,0.1754043900994542,0.17314634007886276,0.16994997740298254,0.1657457294435527,0.16044552164719245,0.15392908172339642,0.14594636712345604,0.13607161712814733,0.12346149534626143,0.10552728689297138,0.054553635283015045,,,,,,,,,0.054553635283015045
144600.0,0.17714907551785142,0.1766891915807805,0.17535021148241062,0.17309331352782892,0.1698985659137819,0.16569641356439158,0.16039880060501982,0.15388547929319002,0.14590647405787696,0.13603614014979704,0.12343137913278045,0.10550423447626416,0.054549108990835295,,,,,,,,,0.054549108990835295
144660.0,0.1770940293617059,0.1766343821569024,0.17529608913573377,0.17304034186046807,0.1698472073735507,0.1656471481405741,0.1603521269575215,0.15384192061953952,0.1458666204826156,0.13600069767490885,0.12340129151344714,0.10548120314927321,0.054544589655826335,,,,,,,,,0.054544589655826335
144720.0,0.17703904050159738,0.1765796297429194,0.17524202296977778,0.17298742498957875,0.16979590169848446,0.16559793309265433,0.16030550063056492,0.1537984056345779,0.1458268063370772,0.13596528965127785,0.12337123244583408,0.10545819288170447,0.05454007726374796,,,,,,,,,0.05454007726374796
144780.0,0.17698410884609803,0.17652493424791035,0.17518801289508587,0.17293456282814196,0.16974464880495474,0.1655487683413512,0.1602589215501715,0.15375493427057785,0.1457870315607901,0.13592991602680413,0.12334120188759798,0.10543520364332244,0.054535571800396004,,,,,,,,,0.054535571800396004
144840.0,0.17692923430397373,0.1764702955811452,0.17513405882238833,0.17288175528932168,0.16969344860950777,0.1654996538075489,0.16021238964251552,0.15371150645995174,0.14574729609340664,0.13589457674949296,0.12331119979647986,0.10541223540395,0.05453107325160221,,,,,,,,,0.05453107325160221
144900.0,0.1768744167841817,0.17641571365208508,0.17508016066260412,0.17282900228646386,0.16964230102886468,0.1654505894122967,0.16016590483392426,0.15366812213525058,0.14570759987470178,0.13585927176745444,0.12328122613030448,0.10538928813346891,0.05452658160323425,,,,,,,,,0.05452658160323425
144960.0,0.1768196561958714,0.17636118837038167,0.17502631832683913,0.1727763037330965,0.1695912059799199,0.1654015750768078,0.16011946705087782,0.15362478122916412,0.14566794284457305,0.13582400102890296,0.12325128084698032,0.10536636180181902,0.054522096841195564,,,,,,,,,0.054522096841195564
145020.0,0.17676495244838303,0.17630671964587688,0.17497253172638566,0.1727236595429284,0.1695401633797419,0.16535261072245952,0.1600730762200076,0.15358148367452018,0.14562832494304073,0.1357887644821574,0.12322136390449931,0.10534345637899825,0.05451761895142507,,,,,,,,,0.05451761895142507
145080.0,0.17671030545124786,0.1762523073886016,0.17491880077272273,0.1726710696298492,0.16948917314557238,0.1653036962707925,0.16002673226809763,0.15353822940428508,0.145588746110247,0.1357535620756408,0.12319147526093648,0.10532057183506272,0.0545131479198973,,,,,,,,,0.0545131479198973
145140.0,0.17665571511418704,0.17619795150877618,0.17486512537751467,0.17261853390792917,0.16943823519482573,0.16525483164351032,0.15998043512208251,0.1534950183515621,0.14554920628645565,0.1357183937578795,0.12316161487444986,0.10529770814012644,0.05450868373262218,,,,,,,,,0.05450868373262218
145200.0,0.1766011813471114,0.17614365191680947,0.17481150545261132,0.17256605229141797,0.16938734944508865,0.1652060167624794,0.15993418470904835,0.15345185044959242,0.14550970541205227,0.13568325947750356,0.12313178270328069,0.10527486526436108,0.054504226375644955,,,,,,,,,0.054504226375644955
145260.0,0.17654670406012113,0.1760894085232977,0.1747579409100473,0.1725136246947448,0.16933651581411932,0.1651572515497286,0.15988798095623136,0.15340872563175362,0.14547024342754328,0.1356481591832464,0.1231019787057524,0.10525204317799595,0.05449977583504601,,,,,,,,,0.05449977583504601
145320.0,0.17649228316350518,0.17603522123902612,0.1747044316620413,0.17246125103251767,0.1692857342198479,0.1651085359274477,0.15984182379101822,0.15336564383155982,0.14543082027355636,0.13561309282394435,0.12307220284027104,0.10522924185131786,0.05449533209694096,,,,,,,,,0.05449533209694096
145380.0,0.17643791856773988,0.17598108997496567,0.17465097762099643,0.17240893121952305,0.16923500458037463,0.1650598698179888,0.15979571314094504,0.15332260498266115,0.1453914358908392,0.13557806034853617,0.12304245506532477,0.10520646125467087,0.05449089514748037,,,,,,,,,0.05449089514748037
145440.0,0.17638361018349105,0.17592701464227478,0.17459757869949827,0.17235666517072556,0.16918432681397116,0.1650112531438647,0.1597496489336978,0.1532796090188444,0.1453520902202603,0.1355430617060632,0.12301273533948386,0.10518370135845628,0.05448646497284951,,,,,,,,,0.05448646497284951
145500.0,0.1763293579216098,0.1758729951522973,0.17454423481031606,0.17230445280126697,0.16913370083907853,0.1649626858277484,0.1597036310971111,0.15323665587403118,0.1453127832028078,0.13550809684566936,0.12298304362140045,0.10516096213313247,0.05448204155926871,,,,,,,,,0.05448204155926871
145560.0,0.17627516169313512,0.1758190314165632,0.17449094586640124,0.17225229402646652,0.1690831265743079,0.16491416779247348,0.15965765955916822,0.15319374548227824,0.1452735147795898,0.13547316571659987,0.12295337986980819,0.1051382435492148,0.05447762489299284,,,,,,,,,0.05447762489299284
145620.0,0.17622102140929202,0.17576512334678762,0.174437711780887,0.1722001887618197,0.16903260393843966,0.16486569896103329,0.15961173424800126,0.15315087777777783,0.1452342848918333,0.13543826826820232,0.12292374404352202,0.10511554557727526,0.054473214960311364,,,,,,,,,0.054473214960311364
145680.0,0.17616693698149116,0.17571127085487012,0.17438453246708835,0.1721481369229985,0.1689821328504222,0.16481727925657996,0.1595658550918895,0.15310805269485575,0.1451950934808848,0.13540340444992538,0.12289413610143846,0.10509286818794256,0.05446881174754819,,,,,,,,,0.05446881174754819
145740.0,0.17611290832132898,0.175657473852895,0.1743314078385011,0.17209613842585042,0.16893171322937336,0.1647689086024252,0.15952002201925986,0.1530652701679724,0.14515594048820918,0.1353685742113189,0.12286455600253464,0.10507021135190184,0.05446441524106157,,,,,,,,,0.05446441524106157
145800.0,0.17605893534058645,0.1756037322531297,0.17427833780880142,0.17204419318639838,0.16888134499457813,0.1647205869220388,0.159474234958687,0.1530225301317221,0.1451168258553901,0.1353337775020337,0.1228350037058687,0.10504757503989473,0.054460025427244124,,,,,,,,,0.054460025427244124
145860.0,0.17600501795122855,0.17555004596802495,0.17422532229184604,0.17199230112083985,0.16883102806548905,0.1646723141390491,0.15942849383889157,0.1529798325208326,0.14507774952412886,0.1352990142718214,0.12280547917057956,0.10502495922271896,0.054455642292522644,,,,,,,,,0.054455642292522644
145920.0,0.17595115606540468,0.17549641491021478,0.17417236120167098,0.17194046214554692,0.1687807623617262,0.16462409017724172,0.15938279858874085,0.1529371772701646,0.14503871143624522,0.13526428447053393,0.12277598235588601,0.10500236387122844,0.054451265823357894,,,,,,,,,0.054451265823357894
145980.0,0.1758973495954476,0.17544283899251503,0.17411945445249177,0.17188867617706538,0.16873054780307578,0.16457591496055987,0.15933714913724856,0.15289456431471168,0.14499971153367647,0.13522958804812366,0.12274651322108779,0.10497978895633328,0.05444689600624469,,,,,,,,,0.05444689600624469
146040.0,0.17584359845387315,0.1753893181279238,0.174066601958702,0.17183694313211437,0.16868038430949006,0.1645277884131033,0.15929154541357368,0.15285199358960017,0.1449607497584769,0.13519492495464266,0.12271707172556431,0.10495723444899893,0.054442532827711596,,,,,,,,,0.054442532827711596
146100.0,0.17578990255337923,0.1753358522296202,0.17401380363487412,0.17178526292758664,0.16863027180108775,0.16447971045912863,0.1592459873470205,0.15280946503008788,0.14492182605281775,0.13516029514024266,0.12268765782877461,0.10493470032024667,0.05443817627432113,,,,,,,,,0.05443817627432113
146160.0,0.17573626180684537,0.17528244121096484,0.1739610593957582,0.17173363548054688,0.1685802101981524,0.16443168102304878,0.15920047486703828,0.15276697857156515,0.1448829403589872,0.13512569855517503,0.12265827149025778,0.10491218654115367,0.05443382633266919,,,,,,,,,0.05443382633266919
146220.0,0.1756826761273343,0.1752290849854983,0.1739083691562818,0.17168206070823214,0.1685301994211327,0.16438370002943217,0.15915500790322104,0.15272453414955303,0.1448440926193898,0.1350911351497901,0.12262891266963193,0.10488969308285208,0.05442948298938549,,,,,,,,,0.05442948298938549
146280.0,0.17562914542808797,0.17517578346694135,0.173855732831549,0.17163053852805138,0.16848023939064163,0.16433576740300235,0.15910958638530648,0.15268213169970438,0.14480528277654595,0.13505660487453752,0.12259958132659472,0.10486721991652975,0.05442514623113317,,,,,,,,,0.05442514623113317
146340.0,0.17557566962253063,0.17512253656919424,0.17380315033684057,0.1715790688575844,0.16843033002745653,0.1642878830686378,0.15906421024317652,0.15263977115780253,0.14476651077309202,0.1350221076799654,0.12257027742092273,0.10484476701342951,0.05442081604460866,,,,,,,,,0.05442081604460866
146400.0,0.17552224862426463,0.17506934420633638,0.17375062158761326,0.17152765161458233,0.16838047125251832,0.16424004695137243,0.1590188794068566,0.1525974524597617,0.14472777655178012,0.1349876435167203,0.1225410009124716,0.10482233434484921,0.05441649241654168,,,,,,,,,0.05441649241654168
146460.0,0.17546888234707397,0.17501620629262565,0.1736981464994991,0.17147628671696635,0.16833066298693095,0.16419225897639284,0.15897359380651502,0.15255517554162548,0.14468908005547723,0.13495321233554744,0.12251175176117547,0.10479992188214154,0.05441217533369508,,,,,,,,,0.05441217533369508
146520.0,0.175415570704921,0.17496312274249826,0.1736457249883055,0.17142497408282753,0.1682809051519616,0.16414451906904057,0.15892835337246308,0.15251294033956805,0.14465042122716587,0.1349188140872894,0.12248252992704693,0.104777529596714,0.05440786478286483,,,,,,,,,0.05440786478286483
146580.0,0.17536231361194698,0.17491009347056818,0.17359335697001438,0.17137371363042658,0.1682311976690398,0.16409682715480986,0.1588831580351543,0.15247074678989278,0.14461180000994273,0.13488444872288677,0.12245333537017686,0.10475515746002875,0.054403560750879904,,,,,,,,,0.054403560750879904
146640.0,0.17530911098247154,0.17485711839162657,0.1735410423607822,0.17132250527819376,0.16818154045975692,0.16404918315934844,0.158838007725184,0.1524285948290319,0.14457321634701875,0.13485011619337767,0.12242416805073425,0.10473280544360239,0.054399263224602055,,,,,,,,,0.054399263224602055
146700.0,0.17525596273099203,0.17480419742064143,0.17348878107693838,0.17127134894472718,0.16813193344586608,0.1640015870084564,0.15879290237328936,0.152386484393547,0.14453467018171964,0.1348158164498976,0.12239502792896617,0.104710473519006,0.05439497219092579,,,,,,,,,0.05439497219092579
146760.0,0.17520286877218344,0.17475133047275687,0.17343657303498652,0.17122024454879387,0.16808237654928146,0.16395403862808577,0.1587478419103491,0.15234441542012822,0.14449616145748428,0.1347815494436789,0.12236591496519708,0.1046881616578648,0.05439068763677847,,,,,,,,,0.05439068763677847
146820.0,0.1751498290208971,0.17469851746329332,0.17338441815160271,0.17116919200932823,0.16803286969207806,0.16390653794434093,0.15870282626738264,0.15230238784559327,0.14445769011786538,0.13474731512605076,0.12233682911982939,0.1046658698318582,0.05438640954911996,,,,,,,,,0.05438640954911996
146880.0,0.17509684339216175,0.17464575830774623,0.1733323163436353,0.17111819124543215,0.16798341279649168,0.16385908488347725,0.15865785537555005,0.15226040160688845,0.14441925610652903,0.1347131134484391,0.1223077703533425,0.10464359801271954,0.054382137914942584,,,,,,,,,0.054382137914942584
146940.0,0.17504391180118187,0.17459305292178656,0.17328026752810452,0.17106724217637442,0.16793400578491732,0.16381167937190141,0.1586129291661515,0.15221845664108727,0.1443808593672541,0.13467894436236583,0.12227873862629314,0.10462134617223603,0.05437787272127098,,,,,,,,,0.05437787272127098
147000.0,0.1749910341633372,0.17454040122125924,0.17322827162220245,0.1710163447215905,0.16788464857991,0.16376432133617083,0.15856804757062742,0.15217655288539064,0.14434249984393227,0.13464480781944924,0.12224973389931494,0.10459911428224854,0.054373613955162214,,,,,,,,,0.054373613955162214
147060.0,0.17493821039418309,0.17448780312218373,0.17317632854329262,0.1709654988006819,0.1678353411041839,0.16371701070299297,0.1585232105205575,0.15213469027712642,0.14430417748056762,0.1346107037714031,0.12222075613311834,0.10457690231465169,0.05436936160370548,,,,,,,,,0.05436936160370548
147120.0,0.1748854404094493,0.17443525854075348,0.17312443820890835,0.17091470433341582,0.16778608328061237,0.16366974739922524,0.15847841794766054,0.15209286875374872,0.14426589222127606,0.13457663217003715,0.12219180528849026,0.1045547102413934,0.05436511565402209,,,,,,,,,0.05436511565402209
147180.0,0.17483272412503997,0.17438276739333447,0.1730726005367541,0.17086396123972447,0.1677368750322262,0.16362253135187485,0.15843366978379456,0.1520510882528388,0.14422764401028576,0.13454259296725632,0.12216288132629417,0.10453253803447517,0.05436087609326545,,,,,,,,,0.05436087609326545
147240.0,0.17478006145703312,0.17433032959646597,0.17302081544470363,0.17081326943970546,0.16768771628221482,0.16357536248809798,0.15838896596095547,0.1520093487121028,0.14418943279193638,0.1345085861150608,0.12213398420746972,0.10451038566595142,0.05435664290862071,,,,,,,,,0.05435664290862071
147300.0,0.17472745232168013,0.1742779450668592,0.1729690828508003,0.17076262885362048,0.16763860695392474,0.1635282407351997,0.15834430641127797,0.1519676500693733,0.14415125851067875,0.1344746115655454,0.12210511389303265,0.10448825310792972,0.05435241608730499,,,,,,,,,0.05435241608730499
147360.0,0.17467489663540556,0.17422561372139767,0.17291740267325575,0.17071203940189522,0.1675895469708603,0.16348116602063348,0.15829969106703418,0.1519259922626081,0.14411312111107485,0.13444066927090007,0.12207627034407435,0.10446614033257086,0.054348195616567105,,,,,,,,,0.054348195616567105
147420.0,0.17462239431480595,0.17417333547713618,0.1728657748304513,0.17066150100511893,0.16754053625668205,0.16343413827200068,0.15825511986063379,0.15188437522988973,0.14407502053779744,0.1344067591834087,0.12204745352176224,0.10444404731208817,0.054343981483687465,,,,,,,,,0.054343981483687465
147480.0,0.17456994527664996,0.17412111025130086,0.17281419924093572,0.17061101358404412,0.1674915747352073,0.16338715741705048,0.1582105927246234,0.1518427989094258,0.14403695673562983,0.13437288125544966,0.12201866338733874,0.10442197401874781,0.05433977367597803,,,,,,,,,0.05433977367597803
147540.0,0.1745175494378786,0.174068937961288,0.17276267582342525,0.1705605770595862,0.16744266233040886,0.16334022338367948,0.15816610959168684,0.15180126323954823,0.14399892964946545,0.13433903543949532,0.121989899902122,0.10439992042486859,0.05433557218078225,,,,,,,,,0.05433557218078225
147600.0,0.17446520671560306,0.17401681852466433,0.1727112044968034,0.17051019135282258,0.16739379896641554,0.1632933360999308,0.15812167039464406,0.15175976815871325,0.1439609392243072,0.1343052216881116,0.12196116302750509,0.10437788650282165,0.054331376985474925,,,,,,,,,0.054331376985474925
147660.0,0.17441291702710637,0.17396475185916618,0.17265978518012126,0.1704598563849931,0.16734498456751115,0.16324649549399453,0.15807727506645092,0.15171831360550037,0.1439229854052687,0.13427143995395804,0.12193245272495606,0.10435587222503047,0.054327188077462014,,,,,,,,,0.054327188077462014
147720.0,0.17436068028984117,0.17391273788269945,0.17260841779259514,0.1704095720774988,0.1672962190581344,0.16319970149420662,0.15803292354019904,0.1516768995186132,0.1438850681375723,0.13423769018978784,0.12190376895601789,0.10433387756397089,0.05432300544418083,,,,,,,,,0.05432300544418083
147780.0,0.17430849642142981,0.17386077651333912,0.17255710225360854,0.17035933835190184,0.1672475023628782,0.16315295402904936,0.15798861574911602,0.15163552583687803,0.1438471873665491,0.13420397234844672,0.12187511168230779,0.10431190249217069,0.05431882907309972,,,,,,,,,0.05431882907309972
147840.0,0.17425636533966507,0.17380886766932813,0.17250583848270953,0.17030915512992528,0.16719883440648978,0.16310625302714976,0.15794435162656387,0.15159419249924452,0.1438093430376398,0.13417028638287326,0.12184648086551778,0.10428994698220967,0.054314658951717866,,,,,,,,,0.054314658951717866
147900.0,0.17420428696250795,0.17375701126907747,0.17245462639961195,0.17025902233345247,0.16715021511386963,0.1630595984172805,0.15790013110603965,0.15155289944478456,0.14377153509639334,0.13413663224609898,0.1218178764674137,0.1042680110067194,0.05431049506756554,,,,,,,,,0.05431049506756554
147960.0,0.1741522612080883,0.17370520723116578,0.17240346592419403,0.17020893988452648,0.16710164441007194,0.1630129901283589,0.15785595412117487,0.15151164661269245,0.14373376348846734,0.13410300989124765,0.1217892984498357,0.10424609453838334,0.05430633740820372,,,,,,,,,0.05430633740820372
148020.0,0.17410028799470378,0.17365345547433936,0.1723523569764983,0.17015890770535008,0.16705312222030355,0.16296642808944659,0.1578118206057349,0.15147043394228446,0.14369602815962682,0.13406941927153507,0.12176074677469753,0.10422419754993639,0.05430218596122416,,,,,,,,,0.05430218596122416
148080.0,0.17404836724082068,0.17360175591751084,0.17230129947673167,0.17010892571828506,0.16700464846992386,0.16291991222974908,0.1577677304936188,0.15142926137299864,0.14365832905574516,0.13403586034026915,0.12173222140398694,0.1042023200141649,0.054298040714249235,,,,,,,,,0.054298040714249235
148140.0,0.17399649886507207,0.17355010847975935,0.17225029334526393,0.17005899384585216,0.16695622308444413,0.16287344247861554,0.1577236837188592,0.15138812884439432,0.1436206661228029,0.13400233305084946,0.12170372229976516,0.10418046190390658,0.05429390165493178,,,,,,,,,0.05429390165493178
148200.0,0.17394468278625774,0.17349851308032968,0.1721993385026281,0.17000911201072982,0.16690784598952743,0.16282701876553865,0.15767968021562206,0.15134703629615184,0.14358303930688798,0.13396883735676687,0.1216752494241664,0.10415862319205044,0.05428976877095518,,,,,,,,,0.05428976877095518
148260.0,0.17389291892334435,0.17344696963863257,0.17214843486951972,0.1699592801357554,0.16685951711098837,0.1627806410201538,0.1576357199182054,0.15130598366807232,0.14354544855419563,0.1339353732116041,0.12164680273939836,0.10413680385153669,0.054285642050033174,,,,,,,,,0.054285642050033174
148320.0,0.17384120719546442,0.17339547807424377,0.17209758236679717,0.16990949814392264,0.16681123637479245,0.16273430917223905,0.15759180276104007,0.15126497090007723,0.14350789381102752,0.13390194056903407,0.1216183822077418,0.1041150038553563,0.054281521479909764,,,,,,,,,0.054281521479909764
148380.0,0.17378954752191655,0.17334403830690337,0.1720467809154801,0.16985976595838342,0.16676300370705568,0.16268802315171474,0.15754792867868866,0.1512239979322085,0.14347037502379162,0.13386853938282126,0.12158998779154997,0.10409322317655151,0.05427740704835908,,,,,,,,,0.05427740704835908
148440.0,0.17373793982216365,0.17329265025651577,0.1719960304367497,0.16981008350244547,0.16671481903404406,0.1626417828886431,0.15750409760584644,0.15118306470462792,0.14343289213900262,0.13383516960682018,0.12156161945324889,0.10407146178821468,0.05427329874318533,,,,,,,,,0.05427329874318533
148500.0,0.1736863840158346,0.1732413138431494,0.17194533085194805,0.16976045069957335,0.16666668228217346,0.16259558831322768,0.1574603094773388,0.15114217115761663,0.1433954451032805,0.13380183119497607,0.1215332771553371,0.10404971966348918,0.05426919655222294,,,,,,,,,0.05426919655222294
148560.0,0.17363488002272195,0.17319002898703628,0.17189468208257822,0.16971086747338746,0.16661859337800988,0.16254943935581315,0.15741656422812278,0.15110131723157522,0.1433580338633517,0.1337685241013242,0.12150496086038537,0.10402799677556888,0.054265100463335936,,,,,,,,,0.054265100463335936
148620.0,0.17358342776278207,0.1731387956085712,0.17184408405030324,0.1696613337476637,0.1665705522482674,0.16250333594688515,0.15737286179328625,0.15106050286702308,0.14332065836604732,0.1337352482799899,0.1214766705310364,0.10400629309769813,0.054261010464418453,,,,,,,,,0.054261010464418453
148680.0,0.1735320271561362,0.17308761362831168,0.17179353667694608,0.1696118494463333,0.16652255881980949,0.1624572780170697,0.15732920210804782,0.15101972800459873,0.14328331855830426,0.13370200368518786,0.12144840613000525,0.10398460860317124,0.0542569265433943,,,,,,,,,0.0542569265433943
148740.0,0.1734806781230667,0.17303648296697696,0.17174303988448916,0.16956241449348197,0.16647461301964747,0.16241126549713317,0.15728558510775564,0.15097899258505867,0.14324601438716403,0.13366879027122286,0.12142016762007829,0.10396294326533288,0.05425284868821689,,,,,,,,,0.05425284868821689
148800.0,0.17342938058402024,0.17298540354544872,0.17169259359507363,0.16951302881334998,0.16642671477494111,0.1623652983179812,0.15724201072788807,0.15093829654927776,0.143208745799773,0.13363560799248847,0.12139195496411377,0.10394129705757785,0.05424877688686918,,,,,,,,,0.05424877688686918
148860.0,0.17337813445960584,0.17293437528476988,0.17164219773099948,0.1694636923303316,0.1663788640129975,0.16231937641065933,0.15719847890405264,0.15089763983824878,0.14317151274338158,0.1336024568034678,0.12136376812504135,0.10391966995335063,0.054244711127363766,,,,,,,,,0.054244711127363766
148920.0,0.17332693967059326,0.1728833981061443,0.17159185221472478,0.16941440496897459,0.16633106066127085,0.16227349970635174,0.15715498957198593,0.15085702239308155,0.143134315165345,0.13356933665873205,0.12133560706586179,0.10389806192614567,0.0542406513977425,,,,,,,,,0.0542406513977425
148980.0,0.173275796137915,0.17283247193093637,0.17154155696886542,0.16936516665397996,0.16628330464736252,0.1622276681363816,0.1571115426675538,0.1508164441550034,0.14309715301312145,0.1335362475129419,0.12130747174964698,0.10387647294950704,0.0542365976860766,,,,,,,,,0.0542365976860766
149040.0,0.17322470378266436,0.1727815966806704,0.17149131191619513,0.16931597731020184,0.16623559589902007,0.16218188163221037,0.15706813812675058,0.15077590506535887,0.14306002623427327,0.1335031893208462,0.1212793621395398,0.10385490299702826,0.054232549980466525,,,,,,,,,0.054232549980466525
149100.0,0.17317366252609498,0.17273077227703112,0.17144111697964404,0.16926683686264654,0.16618793434413756,0.16213614012543748,0.1570247758856984,0.1507354050656088,0.1430229347764665,0.13347016203728168,0.12125127819875378,0.10383335204235254,0.05422850826904195,,,,,,,,,0.05422850826904195
149160.0,0.17312267228962108,0.17267999864186193,0.17139097208229925,0.1692177452364725,0.16614031991075423,0.1620904435478002,0.15698145588064744,0.15069494409733078,0.14298587858746997,0.1334371656171735,0.12122321989057297,0.10381182005917214,0.05422447253996148,,,,,,,,,0.05422447253996148
149220.0,0.17307173299481682,0.1726292756971656,0.17134087714740392,0.16916870235698986,0.16609275252705527,0.16204479183117282,0.1569381780479755,0.15065452210221802,0.14294885761515516,0.1334042000155344,0.12119518717835201,0.1037903070212289,0.05422044278141267,,,,,,,,,0.05422044278141267
149280.0,0.17302084456341588,0.1725786033651035,0.1712908320983576,0.16911970814965982,0.16604523212137046,0.16199918490756704,0.15689494232418763,0.15061413902208015,0.14291187180749676,0.13337126518746464,0.12116718002551569,0.10376881290231331,0.05421641898161221,,,,,,,,,0.05421641898161221
149340.0,0.1729700069173113,0.17252798156799515,0.1712408368587147,0.16907076254009515,0.1659977586221745,0.16195362270913088,0.1568517486459156,0.1505737947988417,0.14287492111257155,0.13333836108815178,0.12113919839555888,0.10374733767626523,0.05421240112880536,,,,,,,,,0.05421240112880536
149400.0,0.17291921997855433,0.17247741022831778,0.1711908913521848,0.1690218654540584,0.16595033195808678,0.16190810516814869,0.1568085969499186,0.1505334893745429,0.1428380054785584,0.13330548767287098,0.12111124225204623,0.10372588131697319,0.054208389211266264,,,,,,,,,0.054208389211266264
149460.0,0.17286848366935476,0.17242688926870586,0.17114099550263204,0.16897301681746313,0.16590295205786998,0.1618626322170413,0.15676548717308111,0.15049322269133847,0.14280112485373814,0.13327264489698387,0.12108331155861225,0.10370444379837451,0.05420438321729759,,,,,,,,,0.05420438321729759
149520.0,0.17281779791208082,0.17237641861195124,0.17109114923407548,0.1689242165563721,0.16585561885043032,0.16181720378836442,0.15672241925241398,0.15045299469149875,0.14276427918649293,0.13323983271593898,0.12105540627896104,0.1036830250944552,0.05420038313523063,,,,,,,,,0.05420038313523063
149580.0,0.1727671626292571,0.17232599818100192,0.1710413524706874,0.1688754645969979,0.16580833226481795,0.1617718198148099,0.15667939312505386,0.1504128053174075,0.14272746842530695,0.13320705108527123,0.12102752637686597,0.10366162517924973,0.05419638895342515,,,,,,,,,0.05419638895342515
149640.0,0.17271657774356655,0.17227562789896245,0.17099160513679437,0.1688267608657017,0.16576109223022534,0.16172648022920366,0.15663640872826282,0.15037265451156287,0.142690692518765,0.1331742999606022,0.12099967181616975,0.10364024402684113,0.05419240066026922,,,,,,,,,0.05419240066026922
149700.0,0.17266604317784787,0.17222530768909308,0.17094190715687527,0.16877810528899395,0.1657138986759878,0.16168118496450717,0.1565934659994275,0.1503325422165769,0.14265395141555298,0.13314157929763942,0.12097184256078419,0.1036188816113605,0.05418841824417948,,,,,,,,,0.05418841824417948
149760.0,0.17261555885509697,0.17217503747480956,0.17089225845556197,0.16872949779353297,0.16566675153158247,0.16163593395381554,0.15655056487606012,0.15029246837517532,0.14261724506445744,0.1331088890521763,0.12094403857468997,0.10359753790698722,0.05418444169360048,,,,,,,,,0.05418444169360048
149820.0,0.1725651246984654,0.1721248171796826,0.17084265895763914,0.16868093830612532,0.16561965072662865,0.1615907271303583,0.15650770529579658,0.150252432930197,0.1425805734143655,0.13307622918009154,0.12091625982193628,0.10357621288794897,0.054180470997005105,,,,,,,,,0.054180470997005105
149880.0,0.17251474063126052,0.17207464672743766,0.1707931085880433,0.16863242675372514,0.165572596190887,0.16154556442749807,0.15646488719639745,0.150212435824594,0.14254393641426424,0.13304359963735019,0.12088850626664153,0.10355490652852105,0.05417650614289431,,,,,,,,,0.05417650614289431
149940.0,0.17246440657694437,0.17202452604195434,0.17074360727186214,0.16858396306343365,0.16552558785425942,0.16150044577873154,0.15642211051574673,0.1501724770014309,0.14250733401324064,0.1330110003800018,0.12086077787299174,0.10353361880302672,0.05417254711979698,,,,,,,,,0.05417254711979698
150000.0,0.172414122459134,0.1719744550472664,0.17069415493433526,0.16853554716249913,0.16547862564678856,0.16145537111768762,0.15637937519185235,0.15013255640388465,0.14247076616048124,0.1329784313641814,0.12083307460524174,0.10351234968583717,0.054168593916269915,,,,,,,,,0.054168593916269915
150060.0,0.17236388820160048,0.1719244336675607,0.17064475150085281,0.1684871789783159,0.16543170949865701,0.16141034037812835,0.15633668116284524,0.1500926739752446,0.1424342328052727,0.13294589254610886,0.12080539642771419,0.10349109915137095,0.054164646520897794,,,,,,,,,0.054164646520897794
150120.0,0.17231370372826987,0.17187446182717764,0.17059539689695535,0.16843885843842477,0.16538483934018808,0.16136535349394798,0.15629402836697925,0.15005282965891206,0.1423977338970001,0.13291338388208856,0.12077774330479991,0.10346986717409429,0.05416070492229291,,,,,,,,,0.05416070492229291
150180.0,0.1722635689632212,0.17182453945061013,0.17054609104833365,0.16839058547051264,0.16533801510184412,0.16132041039917294,0.1562514167426311,0.1500130233983999,0.14236126938514773,0.13288090532850935,0.12075011520095735,0.1034486537285208,0.0541567691090954,,,,,,,,,0.0541567691090954
150240.0,0.172213483830687,0.17177466646250325,0.17049683388082817,0.16834236000241123,0.16529123671422788,0.16127551102796114,0.15620884622829936,0.1499732551373323,0.14232483921929873,0.13284845684184485,0.12072251208071258,0.10342745878921125,0.054152839069972904,,,,,,,,,0.054152839069972904
150300.0,0.1721634482550525,0.17172484278765468,0.170447625320429,0.16829418196209783,0.1652445041080802,0.16123065531460193,0.1561663167626055,0.1499335248194444,0.14228844334913474,0.13281603837865188,0.12069493390865922,0.10340628233077381,0.05414891479362055,,,,,,,,,0.05414891479362055
150360.0,0.17211346216085582,0.17167506835101318,0.17039846529327515,0.16824605127769376,0.16519781721428095,0.16118584319351548,0.15612382828429167,0.14989383238858228,0.14225208172443526,0.1327836498955718,0.12066738064945803,0.10338512432786366,0.054144996268760896,,,,,,,,,0.054144996268760896
150420.0,0.17206352547278675,0.17162534307767907,0.1703493537256542,0.16819796787746513,0.16515117596384848,0.161141074599253,0.15608138073222216,0.1498541777887029,0.14221575429507818,0.1327512913493294,0.12063985226783698,0.10336398475518298,0.054141083484143857,,,,,,,,,0.054141083484143857
150480.0,0.17201363811568696,0.1715756668929031,0.17030029054400173,0.16814993168982204,0.16510458028793906,0.16109634946649593,0.15603897404538214,0.14981456096387283,0.14217946101103932,0.13271896269673292,0.120612348728591,0.10334286358748054,0.05413717642854661,,,,,,,,,0.05413717642854661
150540.0,0.1719638000145497,0.17152603972208683,0.17025127567490184,0.16810194264331807,0.1650580301178467,0.16105166773005575,0.15599660816287741,0.14977498185826935,0.14214320182239157,0.13268666389467396,0.1205848699965818,0.10332176079955223,0.054133275090773585,,,,,,,,,0.054133275090773585
150600.0,0.1719140110945187,0.17147646149078205,0.17020230904508551,0.16805400066665016,0.16501152538500255,0.16100702932487365,0.1559542830239351,0.1497354404161788,0.14210697667930527,0.13265439490012718,0.12055741603673792,0.10330067636624041,0.05412937945965627,,,,,,,,,0.05412937945965627
150660.0,0.17186427128088927,0.17142693212469004,0.1701533905814315,0.16800610568865773,0.16496506602097474,0.16096243418602066,0.15591199856790175,0.14969593658199767,0.14207078553204794,0.13262215567014982,0.12052998681405412,0.10327961026243383,0.0541254895240532,,,,,,,,,0.0541254895240532
150720.0,0.17181458049910664,0.17137745154966144,0.17010452021096487,0.16795825763832375,0.16491865195746847,0.16091788224869624,0.155869754734244,0.14965647030023124,0.142034628330984,0.1325899461618822,0.12050258229359176,0.10325856246306804,0.05412160527284985,,,,,,,,,0.05412160527284985
150780.0,0.1717649386747647,0.17132801969169606,0.1700556978608575,0.16791045644477237,0.16487228312632474,0.16087337344822925,0.1558275514625484,0.14961704151549376,0.14199850502657438,0.1325577663325466,0.12047520244047821,0.10323753294312449,0.054117726694958665,,,,,,,,,0.054117726694958665
150840.0,0.17171534573360875,0.17127863647694205,0.17000692345842716,0.1678627020372701,0.16482595945952105,0.16082890772007666,0.1557853886925209,0.1495776501725084,0.1419624155693764,0.13252561613944808,0.12044784721990699,0.10321652167763129,0.054113853779318696,,,,,,,,,0.054113853779318696
150900.0,0.17166580160153155,0.1712293018316962,0.16995819693113745,0.16781499434522498,0.16477968088916992,0.16078448499982378,0.15574326636398642,0.1495382962161065,0.141926359910043,0.1324934955399736,0.12042051659713751,0.10319552864166212,0.05410998651489601,,,,,,,,,0.05410998651489601
150960.0,0.17161630620457613,0.17118001568240274,0.1699095182065972,0.16776733329818583,0.16473344734751966,0.1607401052231836,0.1557011844168886,0.1494989795912278,0.14189033799932357,0.13246140449159188,0.12039321053749476,0.10317455381033715,0.05410612489068305,,,,,,,,,0.05410612489068305
151020.0,0.1715668594689326,0.17113077795565418,0.16986088721256015,0.16771971882584275,0.16468725876695361,0.16069576832599722,0.15565914279128978,0.14945970024291963,0.14185434978806333,0.13242934295185363,0.12036592900636948,0.10315359715882205,0.05410226889569893,,,,,,,,,0.05410226889569893
151080.0,0.17151746132094,0.17108158857818948,0.169812303876925,0.16767215085802578,0.16464111507998952,0.160651474244232,0.1556171414273702,0.1494204581163371,0.1418183952272024,0.13239731087839063,0.1203386719692176,0.10313265866232854,0.05409841851898933,,,,,,,,,0.05409841851898933
151140.0,0.1714681116870846,0.17103244747689447,0.16976376812773483,0.16762462932470573,0.16459501621927936,0.16060722291398297,0.15557518026542808,0.14938125315674283,0.14178247426777674,0.13236530822891635,0.12031143939156057,0.10311173829611382,0.05409457374962632,,,,,,,,,0.05409457374962632
151200.0,0.17141881049400004,0.17098335457880176,0.16971527989317609,0.16757715415599242,0.16454896211760933,0.16056301427147146,0.15553325924587977,0.14934208530950643,0.1417465868609167,0.1323333349612251,0.12028423123898468,0.10309083603548089,0.05409073457670825,,,,,,,,,0.05409073457670825
151260.0,0.17136955766846687,0.1709343098110897,0.1696668391015791,0.16752972528213578,0.16450295270789925,0.16051884825304544,0.1554913783092582,0.14930295452010447,0.14171073295784778,0.13230139103319213,0.12025704747714142,0.10306995185577794,0.05408690098935983,,,,,,,,,0.05408690098935983
151320.0,0.17132035313741278,0.17088531310108254,0.16961844568141765,0.1674823426335244,0.16445698792320243,0.1604747247951786,0.1554495373962141,0.14926386073411974,0.14167491250988973,0.13226947640277334,0.12022988807174688,0.10304908573239878,0.05408307297673183,,,,,,,,,0.05408307297673183
151380.0,0.17127119682791075,0.17083636437625008,0.16957009956130822,0.1674350061406858,0.1644110676967046,0.16043064383446978,0.15540773644751427,0.14922480389724188,0.1416391254684566,0.13223759102800567,0.12020275298858203,0.10302823764078242,0.05407925052800139,,,,,,,,,0.05407925052800139
151440.0,0.17122208866718028,0.1707874635642068,0.16952180067000966,0.16738771573428604,0.1643651919617248,0.16038660530764426,0.15536597540404287,0.1491857839552664,0.14160337178505678,0.13220573486700565,0.12017564219349192,0.10300740755641283,0.054075433632371474,,,,,,,,,0.054075433632371474
151500.0,0.17117302858258587,0.17073861059271153,0.16947354893642308,0.16734047134512856,0.1643193606517144,0.1603426091515517,0.15532425420679932,0.14914680085409443,0.14156765141129238,0.1321739078779706,0.1201485556523864,0.10298659545481925,0.05407162227907103,,,,,,,,,0.05407162227907103
151560.0,0.1711240165016381,0.17068980538966844,0.16942534428959158,0.1672932729041554,0.16427357370025647,0.1602986553031667,0.15528257279689975,0.149107854539733,0.14153196429885906,0.13214211001917728,0.1201214933312393,0.1029658013115759,0.05406781645735506,,,,,,,,,0.05406781645735506
151620.0,0.1710750523519912,0.17064104788312448,0.16937718665869964,0.1672461203424455,0.16422783104106595,0.16025474369958817,0.15524093111557546,0.14906894495829415,0.14149631039954583,0.13211034124898222,0.12009445519608848,0.10294502510230155,0.054064016156504226,,,,,,,,,0.054064016156504226
151680.0,0.17102613606144432,0.17059233800127105,0.1693290759730727,0.167199013591215,0.16418213260798908,0.16021087427803948,0.15519932910417328,0.1490300720559955,0.14146068966523526,0.13207860152582196,0.12006744121303582,0.10292426680265984,0.054060221365825056,,,,,,,,,0.054060221365825056
151740.0,0.17097726755794068,0.17054367567244205,0.1692810121621771,0.16715195258181653,0.16413647833500355,0.16016704697586753,0.15515776670415496,0.14899123577915882,0.14142510204790237,0.1320468908082125,0.12004045134824676,0.10290352638835917,0.0540564320746497,,,,,,,,,0.0540564320746497
151800.0,0.1709284467695674,0.17049506082511498,0.16923299515561963,0.16710493724573947,0.16409086815621726,0.16012326173054295,0.15511624385709724,0.14895243607421066,0.14138954749961513,0.13201520905474845,0.1200134855679504,0.10288280383515251,0.05405264827233591,,,,,,,,,0.05405264827233591
151860.0,0.1708796736245545,0.17044649338790918,0.1691850248831473,0.16705796751460872,0.16404530200586853,0.1600795184796597,0.1550747605046918,0.1489136728876821,0.14135402597253421,0.13198355622410388,0.11998654383843926,0.102862099118837,0.05404886994826698,,,,,,,,,0.05404886994826698
151920.0,0.17083094805127558,0.17039797328958664,0.16913710127464687,0.1670110433201856,0.1639997798183264,0.16003581716093437,0.15503331658874367,0.14887494616620822,0.14131853741891232,0.1319519322750312,0.11995962612606954,0.10284141221525436,0.054045097091851645,,,,,,,,,0.054045097091851645
151980.0,0.170782269978246,0.17034950045905092,0.1690892242601438,0.16696416459436608,0.16395430152808954,0.15999215771220657,0.1549919120511728,0.14883625585652763,0.1412830817910941,0.13192033716636195,0.11993273239725993,0.10282074310029019,0.05404132969252409,,,,,,,,,0.05404132969252409
152040.0,0.17073363933412486,0.17030107482534698,0.16904139376980362,0.16691733126918157,0.1639088670697853,0.15994854007143813,0.15495054683401188,0.1487976019054828,0.14124765904151632,0.13188877085700587,0.11990586261849262,0.10280009174987469,0.054037567739743726,,,,,,,,,0.054037567739743726
152100.0,0.1706850560477117,0.17025269631766152,0.16899360973392993,0.1668705432767982,0.16386347637817097,0.15990496417671304,0.15490922087940792,0.14875898426001924,0.14121226912270757,0.1318572333059512,0.11987901675631238,0.1027794581399818,0.05403381122299529,,,,,,,,,0.05403381122299529
152160.0,0.17063652004794894,0.1702043648653212,0.1689458720829651,0.16682380054951654,0.16381812938813278,0.15986142996623656,0.1548679341296205,0.14872040286718582,0.1411769119872872,0.13182572447226412,0.11985219477732678,0.10275884224662926,0.05403006013178859,,,,,,,,,0.05403006013178859
152220.0,0.17058803126391922,0.17015608039779348,0.16889818074748914,0.16677710301977075,0.16377282603468488,0.15981793737833605,0.15482668652702222,0.14868185767413386,0.14114158758796613,0.13179424431508857,0.11982539664820603,0.10273824404587886,0.05402631445565864,,,,,,,,,0.05402631445565864
152280.0,0.17053958962484697,0.17010784284468608,0.16885053565822028,0.1667304506201294,0.16372756625297008,0.15977448635145963,0.1547854780140987,0.14864334862811754,0.1411062958775465,0.13176279279364644,0.11979862233568273,0.10271766351383611,0.05402257418416548,,,,,,,,,0.05402257418416548
152340.0,0.17049119506009652,0.17005965213574606,0.16880293674601332,0.16668384328329383,0.16368234997825923,0.1597310768241764,0.15474430853344726,0.14860487567649322,0.14107103680892072,0.1317313698672369,0.11977187180655156,0.10269710062665008,0.054018839306893995,,,,,,,,,0.054018839306893995
152400.0,0.17044284749917288,0.1700115082008604,0.16875538394186093,0.1666372809420989,0.16363717714595039,0.15968770873517632,0.15470317802777758,0.14856643876671954,0.14103581033507212,0.13169997549523663,0.11974514502766972,0.10267655536051341,0.05401510981345404,,,,,,,,,0.05401510981345404
152460.0,0.17039454687172031,0.16996341097005482,0.1687078771768922,0.16659076352951208,0.16359204769156901,0.1596443820232693,0.15466208643991092,0.1485280378463564,0.14100061640907413,0.13166860963709973,0.11971844196595598,0.10265602769166193,0.05401138569348029,,,,,,,,,0.05401138569348029
152520.0,0.17034629310752358,0.16991536037349395,0.16866041638237275,0.1665442909786334,0.16354696155076745,0.15960109662738511,0.15462103371278052,0.14848967286306597,0.14096545498409024,0.1316372722523566,0.11969176258839104,0.10263551759637513,0.0540076669366321,,,,,,,,,0.0540076669366321
152580.0,0.17029808613650593,0.1698673563414802,0.16861300148970335,0.16649786322269466,0.16350191865932476,0.15955785248657361,0.15458001978943056,0.14845134376461142,0.14093032601337407,0.1316059633006151,0.11966510686201752,0.10261502505097561,0.054003953532593525,,,,,,,,,0.054003953532593525
152640.0,0.17024992588873003,0.16981939880445504,0.16856563243042144,0.16645148019505976,0.16345691895314673,0.15951464954000397,0.15453904461301654,0.14841305049885697,0.14089522945026903,0.13157468274155923,0.1196384747539394,0.1025945500318289,0.054000245471073335,,,,,,,,,0.054000245471073335
152700.0,0.1702018122943966,0.16977148769299702,0.1685183091361995,0.16640514182922395,0.16341196236826463,0.15947148772696443,0.15449810812680406,0.14837479301376763,0.14086016524820755,0.13154343053494985,0.1196118662313221,0.10257409251534368,0.053996542741804716,,,,,,,,,0.053996542741804716
152760.0,0.1701537452838442,0.16972362293782192,0.16847103153884488,0.16635884805881362,0.16336704884083608,0.1594283669868622,0.1544572102741695,0.1483365712574094,0.14082513336071165,0.13151220664062396,0.11958528126139219,0.10255365247797174,0.05399284533454538,,,,,,,,,0.05399284533454538
152820.0,0.17010572478755046,0.16967580446978311,0.1684237995703,0.16631259881758592,0.16332217830714332,0.15938528725922285,0.15441635099859963,0.14829838517794822,0.14079013374139215,0.1314810110184941,0.11955871981143774,0.1025332298962075,0.053989153239077235,,,,,,,,,0.053989153239077235
152880.0,0.1700577507361294,0.16962803221987036,0.16837661316264152,0.16626639403942878,0.16327735070359461,0.1593422484836903,0.1543755302436911,0.14826023472365046,0.14075516634394894,0.1314498436285494,0.11953218184880737,0.10251282474658809,0.0539854664452069,,,,,,,,,0.0539854664452069
152940.0,0.1700098230603327,0.1695803061192096,0.16832947224807987,0.16622023365835992,0.16323256596672253,0.1592992506000264,0.15433474795314972,0.14822211984288208,0.1407202311221705,0.13141870443085474,0.11950566734091059,0.10249243700569323,0.05398178494276493,,,,,,,,,0.05398178494276493
153000.0,0.1699619416910485,0.16953262609906336,0.1682823767589597,0.1661741176085274,0.16318782403318421,0.159256293548111,0.1542940040707912,0.1481840404841092,0.14068532802993378,0.13138759338554978,0.11947917625521785,0.10247206665014548,0.05397810872160623,,,,,,,,,0.05397810872160623
153060.0,0.16991410655930203,0.1694849920908293,0.16823532662775886,0.16612804582420837,0.16314312483976123,0.159213377267941,0.15425329854054015,0.14814599659589683,0.14065045702120352,0.13135651045285035,0.11945270855925999,0.10245171365660956,0.05397443777160975,,,,,,,,,0.05397443777160975
153120.0,0.1698663175962545,0.16943740402604107,0.16818832178708804,0.1660820182398096,0.16309846832335914,0.15917050169963065,0.15421263130643062,0.1481079881269092,0.14061561805003295,0.13132545559304712,0.11942626422062827,0.10243137800179261,0.0539707720826785,,,,,,,,,0.0539707720826785
153180.0,0.1698185747332027,0.1693898618363668,0.16814136216969072,0.16603603478986645,0.16305385442100662,0.15912766678341084,0.15417200231260444,0.14807001502590997,0.14058081107056278,0.13129442876650574,0.11939984320697426,0.1024110596624441,0.05396711164473954,,,,,,,,,0.05396711164473954
153240.0,0.16977087790157913,0.1693423654536095,0.16809444770844328,0.16599009540904333,0.1630092830698565,0.15908487245962905,0.1541314115033121,0.14803207724176118,0.14054603603702168,0.1312634299336671,0.11937344548600971,0.10239075861535564,0.05396345644774386,,,,,,,,,0.05396345644774386
153300.0,0.16972322703295134,0.1692949148097068,0.1680475783363539,0.16594420003213262,0.16296475420718373,0.1590421186687494,0.15409085882291243,0.14799417472342308,0.14051129290372513,0.13123245905504588,0.11934707102550626,0.10237047483736063,0.053959806481666206,,,,,,,,,0.053959806481666206
153360.0,0.16967562205902226,0.1692475098367303,0.1680007539865621,0.16589834859405492,0.16292026777038668,0.15899940535135149,0.15405034421587138,0.1479563074199548,0.14047658162507637,0.13120151609123235,0.11932071979329552,0.10235020830533469,0.053956161736505116,,,,,,,,,0.053956161736505116
153420.0,0.16962806291162888,0.16920015046688508,0.16795397459233985,0.16585254102985802,0.16287582369698586,0.158956732448131,0.15400986762676386,0.14791847528051272,0.14044190215556504,0.13117060100289019,0.11929439175726876,0.1023299589961953,0.05395252220228293,,,,,,,,,0.05395252220228293
153480.0,0.16958054952274232,0.16915283663250993,0.1679072400870895,0.16580677727471804,0.16283142192462385,0.15891409989989913,0.15396942900027064,0.14788067825435136,0.14040725444976765,0.13113971375075764,0.1192680868853768,0.10230972688690165,0.05394888786904561,,,,,,,,,0.05394888786904561
153540.0,0.1695330818244676,0.16910556826607667,0.16786055040434425,0.1657610572639371,0.1627870623910653,0.15887150764758198,0.15392902828118007,0.1478429162908231,0.14037263846234777,0.13110885429564706,0.1192418051456299,0.10228951195445461,0.053945258726862594,,,,,,,,,0.053945258726862594
153600.0,0.1694856597490434,0.16905834530019012,0.16781390547776842,0.1657153809329449,0.16274274503419664,0.1588289556322209,0.1538886654143875,0.14780518933937709,0.14033805414805456,0.13107802259844392,0.11921554650609771,0.10226931417589662,0.05394163476582708,,,,,,,,,0.05394163476582708
153660.0,0.169438283228842,0.16901116766758706,0.16776730524115588,0.1656697482172971,0.1626984697920248,0.15878644379497128,0.1538483403448948,0.14776749734955985,0.1403035014617239,0.1310472186201082,0.11918931093490896,0.10224913352831147,0.05393801597605542,,,,,,,,,0.05393801597605542
153720.0,0.169390952196368,0.1689640353011368,0.16772074962843087,0.16562415905267575,0.1626542366026783,0.15874397207710353,0.15380805301780992,0.14772984027101466,0.1402689803582776,0.1310164423216727,0.11916309840025156,0.10222896998882469,0.05393440234768761,,,,,,,,,0.05393440234768761
153780.0,0.16934366658425867,0.1689169481338401,0.16767423857364697,0.16557861337488883,0.16261004540440635,0.1587015404200016,0.1537678033783471,0.14769221805348126,0.14023449079272277,0.13098569366424373,0.11913690887037208,0.1022088235346028,0.05393079387088679,,,,,,,,,0.05393079387088679
153840.0,0.16929642632528397,0.16886990609882976,0.16762777201098686,0.16553311111986962,0.16256589613557806,0.15865914876516338,0.15372759137182618,0.147654630646796,0.1402000327201525,0.13095497260900085,0.11911074231357603,0.10218869414285374,0.05392719053583946,,,,,,,,,0.05392719053583946
153900.0,0.16924923135234568,0.16882290912936918,0.16758134987476261,0.16548765222367665,0.162521788734683,0.15861679705420043,0.15368741694367244,0.14761707800089144,0.14016560609574494,0.1309242791171961,0.11908459869822759,0.10216858179082629,0.053923592332755246,,,,,,,,,0.053923592332755246
153960.0,0.1692020815984767,0.168775957158853,0.16753497209941445,0.16544223662249347,0.1624777231403308,0.15857448522883735,0.15364728003941655,0.1475795600657957,0.14013121087476338,0.1308936131501548,0.11905847799274927,0.10214848645581034,0.05391999925186696,,,,,,,,,0.05391999925186696
154020.0,0.16915497699684168,0.16872905012080616,0.16748863861951102,0.1653968642526284,0.1624336992912502,0.15853221323091224,0.15360718060469422,0.14754207679163323,0.14009684701255598,0.1308629746692744,0.11903238016562198,0.10212840811513708,0.053916411283430436,,,,,,,,,0.053916411283430436
154080.0,0.16910791748073603,0.16868218794888384,0.16744234936974925,0.1653515350505139,0.16238971712628908,0.15848998100237527,0.15356711858524644,0.14750462812862317,0.14006251446455595,0.13083236363602527,0.11900630518538488,0.10210834674617798,0.05391282841772446,,,,,,,,,0.05391282841772446
154140.0,0.16906090298358578,0.16863537057687142,0.16739610428495355,0.16530624895270674,0.16234577658441474,0.1584477884852894,0.1535270939269177,0.14746721402708018,0.14002821318628078,0.1308017800119495,0.11898025302063511,0.10208830232634565,0.05390925064505085,,,,,,,,,0.05390925064505085
154200.0,0.16901393343894835,0.1685885979386838,0.16734990330007596,0.16526100589588708,0.1623018776047128,0.15840563562182935,0.15348710657565756,0.14742983443741475,0.1399939431333325,0.13077122375866163,0.11895422364002795,0.10206827483309294,0.05390567795573414,,,,,,,,,0.05390567795573414
154260.0,0.16896700878050988,0.16854186996836462,0.16730374635019535,0.16521580581685866,0.1622580201263873,0.1583635223542823,0.1534471564775191,0.14739248931013094,0.13995970426139692,0.13074069483784817,0.1189282170122766,0.10204826424391374,0.05390211034012182,,,,,,,,,0.05390211034012182
154320.0,0.16892012894208666,0.1684951866000871,0.16725763337051724,0.1651706486525483,0.1622142040887604,0.15832144862504696,0.15340724357865992,0.1473551785958278,0.1399254965262439,0.13071019321126706,0.11890223310615154,0.1020282705363421,0.05389854778858412,,,,,,,,,0.05389854778858412
154380.0,0.16887329385762445,0.16844854776815288,0.1672115642963741,0.16512553434000582,0.16217042943127194,0.1582794143766329,0.1533673678253402,0.14731790224519933,0.13989131988372744,0.13067971884074814,0.11887627189048115,0.10200829368795265,0.05389499029151384,,,,,,,,,0.05389499029151384
154440.0,0.16882650346119826,0.16840195340699218,0.1671655390632245,0.16508046281640376,0.16212669609347982,0.15823741955166132,0.1533275291639244,0.1472806602090328,0.1398571742897846,0.1306492716881926,0.11885033333415103,0.10198833367636012,0.053891437839326414,,,,,,,,,0.053891437839326414
154500.0,0.16877975768701162,0.168355403451163,0.16711955760665234,0.16503543401903645,0.16208300401505868,0.1581954640928643,0.15328772754087916,0.14724345243820977,0.13982305970043596,0.13061885171557264,0.11882441740610417,0.10196839047921942,0.05388789042245988,,,,,,,,,0.05388789042245988
154560.0,0.1687330564693967,0.16830889783535108,0.1670736198623676,0.1649904478853202,0.16203935313580006,0.15815354794308428,0.15324796290277448,0.14720627888370552,0.13978897607178511,0.13058845888493198,0.1187985240753408,0.10194846407422553,0.05388434803137472,,,,,,,,,0.05388434803137472
154620.0,0.16868639974281371,0.1682624364943698,0.16702772576620567,0.16494550435279354,0.1619957433956126,0.15811167104527343,0.153208235196283,0.14716913949658877,0.13975492336001874,0.13055809315838485,0.11877265331091796,0.10192855443911368,0.05388081065655382,,,,,,,,,0.05388081065655382
154680.0,0.16863978744185082,0.16821601936315933,0.16698187525412606,0.16490060335911616,0.16195217473452098,0.15806983334249516,0.15316854436817898,0.14713203422802137,0.1397209015214064,0.13052775449811668,0.11874680508194979,0.10190866155165884,0.05387727828850252,,,,,,,,,0.05387727828850252
154740.0,0.16859321950122386,0.1681696463767868,0.1669360682622137,0.16485574484206827,0.16190864709266625,0.15802803477792202,0.1531288903653395,0.14709496302925842,0.1396869105123003,0.13049744286638296,0.1187209793576071,0.10188878538967581,0.053873750917748334,,,,,,,,,0.053873750917748334
154800.0,0.16854669585577617,0.16812331747044604,0.16689030472667798,0.16481092873955175,0.16186516041030494,0.157986275294836,0.15308927313474283,0.14705792585164734,0.1396529502891346,0.13046715822551003,0.11869517610711741,0.1018689259310192,0.05387022853484115,,,,,,,,,0.05387022853484115
154860.0,0.1685002164404772,0.16807703257945697,0.16684458458385182,0.16476615498958852,0.16182171462780984,0.15794455483662845,0.15304969262346957,0.1470209226466288,0.13961902080842614,0.1304369005378943,0.1186693952997646,0.10184908315358328,0.053866711130352865,,,,,,,,,0.053866711130352865
154920.0,0.16845378119042342,0.1680307916392653,0.16679890777019227,0.16472142353032052,0.16177830968566864,0.15790287334679984,0.15301014877870106,0.1469839533657354,0.1395851220267733,0.13040666976600246,0.11864363690488913,0.10182925703530173,0.053863198694877594,,,,,,,,,0.053863198694877594
154980.0,0.16840739004083796,0.16798459458544243,0.16675327422227942,0.16467673430001017,0.1617349455244835,0.15786123076895925,0.15297064154772005,0.14694701796059187,0.13955125390085638,0.13037646587237078,0.1186179008918875,0.10180944755414796,0.053859691219031516,,,,,,,,,0.053859691219031516
155040.0,0.16836104292706963,0.167938441353685,0.16670768387681714,0.16463208723703898,0.1616916220849727,0.15781962704682417,0.15293117087790986,0.14691011638291507,0.1395174163874376,0.13034628881960567,0.11859218723021259,0.10178965468813447,0.05385618869345277,,,,,,,,,0.05385618869345277
155100.0,0.1683147397845933,0.16789233187981478,0.16666213667063182,0.1645874822799081,0.1616483393079676,0.15777806212422066,0.1528917367167549,0.14687324858451334,0.13948360944336002,0.13031613857038324,0.11856649588937296,0.10176987841531346,0.05385269110880138,,,,,,,,,0.05385269110880138
155160.0,0.16826848054900898,0.16784626609977812,0.16661663254067283,0.16454291936723806,0.1616050971344143,0.1577365359450823,0.1528523390118393,0.14683641451728668,0.13944983302554848,0.1302860150874487,0.11854082683893337,0.10175011871377583,0.05384919845575929,,,,,,,,,0.05384919845575929
155220.0,0.1682222651560415,0.1678002439496455,0.1665711714240109,0.1644983984377676,0.16156189550537306,0.15769504845345084,0.15281297771084823,0.1467996141332265,0.13941608709100892,0.1302559183336168,0.11851518004851402,0.10173037556165207,0.05384571072503027,,,,,,,,,0.05384571072503027
155280.0,0.16817609354154128,0.16775426536561203,0.16652575325783972,0.16445391943035442,0.1615187343620178,0.1576535995934749,0.15277365276156613,0.14676284738441514,0.13938237159682726,0.1302258482717714,0.11848955548779093,0.10171064893711138,0.05384222790733976,,,,,,,,,0.05384222790733976
155340.0,0.16812996564148286,0.16770833028399662,0.16648037797947432,0.16440948228397412,0.16147561364563523,0.15761218930941095,0.15273436411187713,0.1467261142230256,0.13934868650017107,0.13019580486486504,0.1184639531264955,0.10169093881836201,0.053838749993434895,,,,,,,,,0.053838749993434895
155400.0,0.16808388139196478,0.16766243864124106,0.166435045526351,0.16436508693772048,0.1614325332976258,0.1575708175456222,0.15269511170976546,0.1466894146013218,0.1393150317582881,0.13016578807591977,0.11843837293441457,0.10167124518365121,0.05383527697408461,,,,,,,,,0.05383527697408461
155460.0,0.16803784072921008,0.16761659037391063,0.16638975583602766,0.16432073333080474,0.1613894932595028,0.15752948424657823,0.15265589550331388,0.14665274847165774,0.13928140732850608,0.1301357978680258,0.11841281488139008,0.10165156801126472,0.05383180884007917,,,,,,,,,0.05383180884007917
155520.0,0.16799184358956507,0.16757078541869408,0.16634450884618238,0.16427642140255572,0.16134649347289134,0.15748818935685535,0.15261671544070415,0.1466161157864784,0.13924781316823281,0.13010583420434169,0.11838727893731915,0.10163190727952721,0.05382834558223038,,,,,,,,,0.05382834558223038
155580.0,0.1679458899094992,0.16752502371240222,0.1662993044946144,0.16423215109241904,0.16130353387952964,0.1574469328211362,0.1525775714702172,0.146579516498318,0.1392142492349566,0.1300758970480947,0.11836176507215393,0.10161226296680194,0.05382488719137169,,,,,,,,,0.05382488719137169
155640.0,0.16789997962560516,0.16747930519196852,0.1662541427192428,0.16418792233995744,0.1612606144212679,0.15740571458420904,0.15253846354023207,0.14654295055980046,0.13918071548624492,0.13004598636258022,0.11833627325590138,0.10159263505149048,0.053821433658357676,,,,,,,,,0.053821433658357676
155700.0,0.167854112674599,0.16743362979444767,0.16620902345810679,0.16414373508485042,0.161217735040068,0.15736453459096786,0.15249939159922632,0.1465064179236403,0.1391472118797455,0.13001610211116157,0.11831080345862315,0.10157302351203301,0.05381798497406443,,,,,,,,,0.05381798497406443
155760.0,0.1678082889933182,0.1673879974570171,0.16616394664936537,0.16409958926689283,0.16117489567800297,0.1573233927864122,0.1524603555957755,0.14646991854264035,0.13911373837318433,0.12998624425727012,0.1182853556504356,0.10155342832690799,0.05381454112938923,,,,,,,,,0.05381454112938923
155820.0,0.16776250851872293,0.16734240811697532,0.16611891223129674,0.16405548482599663,0.16113209627725744,0.15728228911564685,0.1524213554785528,0.14643345236969302,0.1390802949243676,0.1299564127644044,0.11825992980150954,0.10153384947463195,0.053811102115250586,,,,,,,,,0.053811102115250586
155880.0,0.1677167711878954,0.1672968617117419,0.16607392014229846,0.16401142170218863,0.16108933678012696,0.15724122352388142,0.1523823911963295,0.1463970193577797,0.13904688149117958,0.12992660759613137,0.11823452588207004,0.10151428693376008,0.053807667922588086,,,,,,,,,0.053807667922588086
155940.0,0.16767107693803862,0.16725135817885747,0.16602897032088665,0.16396739983561157,0.16104661712901772,0.15720019595643026,0.15234346269797377,0.14636061945997023,0.13901349803158417,0.12989682871608482,0.11820914386239642,0.10149474068288507,0.05380423854236253,,,,,,,,,0.05380423854236253
156000.0,0.1676254257064777,0.16720589745598324,0.16598406270569632,0.16392341916652337,0.1610039372664468,0.15715920635871208,0.1523045699324509,0.14632425262942353,0.13898014450362323,0.12986707608796588,0.11818378371282222,0.10147521070063825,0.05380081396555564,,,,,,,,,0.05380081396555564
156060.0,0.16757981743065875,0.1671604794809003,0.16593919723548048,0.16387947963529642,0.16096129713504082,0.15711825467624974,0.1522657128488235,0.1462879188193868,0.1389468208654176,0.12983734967554283,0.11815844540373495,0.10145569696568828,0.05379739418317029,,,,,,,,,0.05379739418317029
156120.0,0.16753425204814845,0.16711510419151052,0.16589437384910988,0.16383558118241798,0.160918696677537,0.1570773408546706,0.1522268913962504,0.1462516179831946,0.13891352707516602,0.12980764944265105,0.11813312890557598,0.10143619945674195,0.053793979186230044,,,,,,,,,0.053793979186230044
156180.0,0.1674887294966338,0.16706977152583485,0.16584959248557388,0.16379172374848985,0.16087613583678154,0.15703646483970501,0.1521881055239871,0.14621535007427053,0.13888026309114562,0.12977797535319238,0.11810783418884033,0.10141671815254365,0.05379056896577949,,,,,,,,,0.05379056896577949
156240.0,0.16744324971392105,0.16702448142201393,0.1658048530839782,0.16374790727422767,0.16083361455573067,0.15699562657718702,0.15214935518138523,0.14617911504612482,0.13884702887171088,0.12974832737113542,0.11808256122407672,0.10139725303187562,0.053787163512883915,,,,,,,,,0.053787163512883915
156300.0,0.1673978126379383,0.16697923381830757,0.16576015558354643,0.16370413170046072,0.16079113277744955,0.15695482601305416,0.1521106403178927,0.1461429128523559,0.13881382437529485,0.12971870546051537,0.11805730998188745,0.10137780407355751,0.053783762818629406,,,,,,,,,0.053783762818629406
156360.0,0.16735241820673172,0.16693402865309448,0.16571549992361848,0.16366039696813206,0.16074869044511192,0.15691406309334652,0.15207196088305283,0.14610674344664937,0.13878064956040725,0.1296891095854338,0.1180320804329281,0.10135837125644662,0.053780366874122715,,,,,,,,,0.053780366874122715
156420.0,0.16730706635846704,0.16688886586487173,0.1656708860436515,0.16361670301829812,0.16070628750200047,0.15687333776420725,0.15203331682650462,0.14607060678277803,0.13874750438563577,0.1296595397100579,0.11800687254790732,0.1013389545594374,0.05377697567049128,,,,,,,,,0.05377697567049128
156480.0,0.16726175703142915,0.166843745392255,0.16562631388321872,0.16357304979212808,0.1606639238915066,0.15683264997188198,0.15199470809798227,0.14603450281460137,0.1387143888096449,0.12962999579862208,0.11798168629758739,0.10131955396146185,0.053773589198883025,,,,,,,,,0.053773589198883025
156540.0,0.1672164901640219,0.1667986671739779,0.16558178338200902,0.16352943723090402,0.16062159955712943,0.15679199966271815,0.15195613464731528,0.14599843149606542,0.13868130279117608,0.12960047781542558,0.11795652165278318,0.10130016944148927,0.05377020745046649,,,,,,,,,0.05377020745046649
156600.0,0.16717126569476726,0.16675363114889172,0.1655372944798275,0.1634858652760204,0.1605793144424758,0.15675138678316575,0.15191759642442837,0.14596239278120335,0.138648246289048,0.12957098572483372,0.11793137858436267,0.10128080097852599,0.053766830416430586,,,,,,,,,0.053766830416430586
156660.0,0.1671260835623052,0.16670863725596535,0.1654928471165947,0.16344233386898388,0.16053706849126045,0.1567108112797762,0.15187909337933997,0.14592638662413385,0.1386152192621558,0.12954151949127718,0.11790625706324649,0.10126144855161544,0.05376345808798465,,,,,,,,,0.05376345808798465
156720.0,0.16708094370539414,0.16666368543428475,0.165448441232346,0.16339884295141308,0.16049486164730586,0.15667027309920262,0.15184062546216368,0.14589041297906247,0.13858222166947087,0.1295120790792523,0.11788115706040811,0.10124211213983815,0.05376009045635846,,,,,,,,,0.05376009045635846
156780.0,0.16703584606290928,0.16661877562305305,0.1654040767672326,0.16335539246503822,0.16045269385454083,0.15662977218819965,0.15180219262310707,0.14585447180027974,0.1385492534700411,0.12948266445332077,0.1178560785468732,0.10122279172231137,0.053756727512801916,,,,,,,,,0.053756727512801916
156840.0,0.16699079057384386,0.16657390776158973,0.16535975366151906,0.16331198235170113,0.16041056505700163,0.1565893084936224,0.1517637948124718,0.14581856304216295,0.1385163146229904,0.12945327557810904,0.11783102149372028,0.10120348727818929,0.05375336924858533,,,,,,,,,0.05375336924858533
156900.0,0.16694577717730807,0.1665290817893306,0.16531547185558523,0.16326861255335445,0.1603684751988308,0.15654888196242747,0.15172543198065325,0.14578268665917418,0.1384834050875189,0.129423912418309,0.11780598587207998,0.10118419878666292,0.053750015654999046,,,,,,,,,0.053750015654999046
156960.0,0.16690080581252814,0.16648429764582787,0.16527123128992516,0.16322528301206182,0.16032642422427754,0.15650849254167137,0.15168710407814046,0.1457468426058609,0.13845052482290213,0.12939457493867704,0.11778097165313502,0.10116492622695988,0.05374666672335361,,,,,,,,,0.05374666672335361
157020.0,0.16685587641884772,0.16643955527074925,0.1652270319051464,0.16318199366999786,0.1602844120776968,0.1564681401785116,0.15164881105551534,0.14571103083685588,0.13841767378849137,0.12936526310403446,0.11775597880812046,0.10114566957834438,0.05374332244497963,,,,,,,,,0.05374332244497963
157080.0,0.16681098893572607,0.16639485460387818,0.16518287364197035,0.1631387444694469,0.16024243870354973,0.15642782482020529,0.1516105528634536,0.14567525130687675,0.13838485194371347,0.12933597687926704,0.11773100730832284,0.10112642882011703,0.05373998281122778,,,,,,,,,0.05373998281122778
157140.0,0.16676614330273898,0.16635019558511344,0.1651387564412314,0.16309553535280397,0.16020050404640274,0.15638754641410943,0.15157232945272336,0.14563950397072561,0.13835205924807,0.12930671622932463,0.1177060571250811,0.10110720393161506,0.05373664781346858,,,,,,,,,0.05373664781346858
157200.0,0.16672133945957746,0.16630557815446842,0.16509468024387733,0.16305236626257327,0.1601586080509281,0.156347304907681,0.15153414077418564,0.1456037887832894,0.13831929566113824,0.12927748111922174,0.11768112822978553,0.10108799489221204,0.05373331744309255,,,,,,,,,0.05373331744309255
157260.0,0.16667657734604782,0.16626100225207163,0.16505064499096855,0.1630092371413694,0.16011675066190253,0.15630710024847635,0.151495986778794,0.14556810569953912,0.1382865611425701,0.12924827151403664,0.11765622059387819,0.10106880168131781,0.05372999169151,,,,,,,,,0.05372999169151
157320.0,0.16663185690207188,0.16621646781816599,0.1650066506236778,0.16296614793191574,0.16007493182420854,0.1562669323841506,0.1514578674175938,0.14553245467453,0.13825385565209197,0.12921908737891197,0.11763133418885256,0.10104962427837826,0.053726670550151116,,,,,,,,,0.053726670550151116
157380.0,0.16658717806768603,0.16617197479310836,0.1649626970832908,0.16292309857704473,0.16003315148283268,0.15622680126245841,0.15141978264172334,0.14549683566340144,0.1382211791495055,0.12918992867905393,0.11760646898625324,0.10103046266287533,0.053723354010465726,,,,,,,,,0.053723354010465726
157440.0,0.16654254078304093,0.16612752311736959,0.1649187843112045,0.16288008901969792,0.1599914095828653,0.1561867068312526,0.1513817324024117,0.14546124862137585,0.13818853159468564,0.12916079537973219,0.11758162495767673,0.10101131681432735,0.053720042063923445,,,,,,,,,0.053720042063923445
157500.0,0.1664979449884023,0.1660831127315342,0.1648749122489277,0.16283711920292504,0.15994970606950196,0.15614664903848452,0.1513437166509804,0.14542569350376003,0.1381559129475823,0.12913168744628037,0.11755680207477001,0.10099218671228835,0.05371673470201339,,,,,,,,,0.05371673470201339
157560.0,0.16645339062414938,0.16603874357630036,0.16483108083808115,0.16279418906988435,0.15990804088804156,0.15610662783220444,0.15130573533884176,0.14539017026594367,0.13812332316821943,0.12910260484409486,0.1175320003092315,0.10097307233634822,0.05371343191624446,,,,,,,,,0.05371343191624446
157620.0,0.16640887763077533,0.16599441559247896,0.1647872900203962,0.16275129856384216,0.15986641398388682,0.1560666431605601,0.15126778841749966,0.14535467886339956,0.13809076221669453,0.12907354753863606,0.1175072196328104,0.10095397366613264,0.05371013369814487,,,,,,,,,0.05371013369814487
157680.0,0.16636440594888674,0.16595012872099393,0.1647435397377157,0.16270844762817233,0.1598248253025437,0.156026694971797,0.1512298758385487,0.14531921925168387,0.13805823005317927,0.12904451549542675,0.11748246001730663,0.10093489068130294,0.05370684003926247,,,,,,,,,0.05370684003926247
157740.0,0.16631997551920336,0.16590588290288183,0.1646998299319928,0.16266563620635646,0.1597832747896214,0.15598678321425832,0.15119199755367455,0.145283791386435,0.13802572663791862,0.12901550868005293,0.11745772143457088,0.1009158233615564,0.053703550931164426,,,,,,,,,0.053703550931164426
157800.0,0.16627558628255795,0.16586167807929125,0.164656160545291,0.16262286424198377,0.15974176239083226,0.15594690783638454,0.15115415351465322,0.14524839522337427,0.13799325193123063,0.12898652705816344,0.11743300385650457,0.1008967716866257,0.05370026636543741,,,,,,,,,0.05370026636543741
157860.0,0.16623123817989627,0.16581751419148316,0.16461253151978442,0.1625801316787498,0.15970028805199069,0.1559070687867133,0.15111634367335103,0.14521303071830538,0.13796080589350682,0.12895757059546958,0.11740830725505919,0.10087773563627873,0.05369698633368721,,,,,,,,,0.05369698633368721
157920.0,0.1661869311522762,0.1657733911808299,0.1645689427977566,0.16253743846045712,0.15965885171901442,0.15586726601387912,0.15107856798172464,0.145177697827114,0.13792838848521166,0.12892863925774556,0.11738363160223682,0.10085871519031908,0.05369371082753896,,,,,,,,,0.05369371082753896
157980.0,0.16614266514086773,0.16572930898881594,0.1645253943216011,0.16249478453101512,0.1596174533379226,0.1558274994666132,0.15104082639182045,0.14514239650576813,0.13789599966688265,0.1288997330108277,0.11735897687008975,0.10083971032858557,0.05369043983863712,,,,,,,,,0.05369043983863712
158040.0,0.16609844008695282,0.16568526755703641,0.1644818860338208,0.16245216983443944,0.1595760928548368,0.15578776909374328,0.15100311885577472,0.14510712671031714,0.1378636393991297,0.12887085182061425,0.11733434303072052,0.10082072103095241,0.053687173358645174,,,,,,,,,0.053687173358645174
158100.0,0.1660542559319255,0.16564126682719782,0.1644384178770275,0.16240959431485133,0.15953477021598006,0.15574807484419317,0.1509654453258129,0.14507188839689275,0.13783130764263554,0.12884199565306606,0.11730973005628134,0.1008017472773287,0.05368391137924569,,,,,,,,,0.05368391137924569
158160.0,0.16601011261729082,0.16559730674111758,0.16439498979394188,0.16236705791647812,0.15949348536767718,0.15570841666698262,0.15092780575425035,0.1450366815217073,0.13779900435815526,0.1288131644742058,0.11728513791897464,0.10078278904765892,0.053680653892140405,,,,,,,,,0.053680653892140405
158220.0,0.16596601008466444,0.16555338724072285,0.16435160172739344,0.16232456058365274,0.159452238256354,0.15566879451122742,0.15089020009349075,0.1450015060410549,0.13776672950651575,0.1287843582501178,0.11726056659105237,0.10076384632192227,0.05367740088904999,,,,,,,,,0.05367740088904999
158280.0,0.16592194827577406,0.16550950826805155,0.16430825362032,0.16228210226081313,0.15941102882853722,0.15562920832613827,0.15085262829602725,0.14496636191131082,0.13773448304861632,0.1287555769469481,0.1172360160448164,0.10074491908013311,0.053674152361714106,,,,,,,,,0.053674152361714106
158340.0,0.16587792713245658,0.1654656697652517,0.1642649454157675,0.16223968289250257,0.1593698570308548,0.15558965806102198,0.15081509031444157,0.1449312490889309,0.1377022649454283,0.12872682053090428,0.11721148625261807,0.10072600730234055,0.05367090830189124,,,,,,,,,0.05367090830189124
158400.0,0.16583394659666076,0.16542187167458028,0.16422167705688992,0.16219730242336913,0.1593287228100346,0.15555014366527997,0.15077758610140368,0.14489616753045145,0.13767007515799431,0.12869808896825566,0.11718697718685794,0.10070711096862861,0.053667668701358764,,,,,,,,,0.053667668701358764
158460.0,0.1657900066104441,0.16537811393840493,0.16417844848694843,0.16215496079816527,0.1592876261129059,0.15551066508840894,0.1507401156096723,0.14486111719249006,0.1376379136474284,0.12866938222533206,0.11716248881998646,0.10068823005911584,0.053664433551912846,,,,,,,,,0.053664433551912846
158520.0,0.16574610711597465,0.1653343964992013,0.16413525964931172,0.16211265796174779,0.15924656688639643,0.15547122227999963,0.1507026787920935,0.14482609803174387,0.13760578037491672,0.12864070026852498,0.11713802112450286,0.10066936455395561,0.053661202845368475,,,,,,,,,0.053661202845368475
158580.0,0.1657022480555297,0.1652907192995545,0.1640921104874556,0.16207039385907743,0.15920554507753498,0.15543181518973764,0.15066527560160192,0.1447911100049908,0.1375736753017158,0.12861204306428684,0.11711357407295549,0.1006505144333356,0.05365797657355911,,,,,,,,,0.05365797657355911
158640.0,0.1656584293714961,0.16524708228215826,0.16404900094496308,0.16202816843521906,0.1591645606334497,0.15539244376740288,0.15062790599121956,0.14475615306908826,0.1375415983891539,0.1285834105791307,0.11708914763794177,0.10063167967747838,0.053654754728337174,,,,,,,,,0.053654754728337174
158700.0,0.16561465100636974,0.16520348538981505,0.16400593096552335,0.1619859816353409,0.15912361350136808,0.15535310796286908,0.15059056991405576,0.14472122718097363,0.13750954959862977,0.1285548027796305,0.11706474179210834,0.1006128602666405,0.053651537301573404,,,,,,,,,0.053651537301573404
158760.0,0.16557091290275555,0.165159928565435,0.16396290049293197,0.16194383340471472,0.15908270362861646,0.15531380772610376,0.15055326732330723,0.14468633229766398,0.1374775288916131,0.12852621963242064,0.11704035650815002,0.10059405618111301,0.053648324285157256,,,,,,,,,0.053648324285157256
158820.0,0.16552721500336637,0.16511641175203623,0.16391990947109072,0.161901723688715,0.15904183096262053,0.15527454300716803,0.15051599817225775,0.1446514683762555,0.13744553622964403,0.12849766110419597,0.11701599175881106,0.10057526740122133,0.053645115670996536,,,,,,,,,0.053645115670996536
158880.0,0.1654835572510235,0.16507293489274488,0.16387695784400758,0.16185965243281952,0.15900099545090465,0.1552353137562163,0.1504787624142781,0.14461663537392394,0.13741357157433307,0.12846912716171166,0.11699164751688375,0.1005564939073249,0.05364191145101769,,,,,,,,,0.05364191145101769
158940.0,0.16543993958865663,0.16502949793079433,0.16383404555579542,0.16181761958260854,0.1589601970410912,0.15519611992349608,0.15044156000282569,0.14458183324792387,0.137381634887361,0.12844061777178306,0.11696732375520899,0.10053773567981729,0.053638711617165324,,,,,,,,,0.053638711617165324
159000.0,0.16539636195930313,0.1649861008095248,0.16379117255067305,0.1617756250837643,0.15891943568090128,0.155156961459348,0.15040439089144425,0.1445470619555889,0.13734972613047902,0.12841213290128528,0.11694302044667605,0.10051899269912613,0.053635516161402566,,,,,,,,,0.053635516161402566
159060.0,0.16535282430610754,0.16494274347238386,0.16374833877296407,0.16173366888207186,0.15887871131815381,0.1551178383142054,0.15036725503376375,0.14451232145433124,0.13731784526550786,0.1283836725171538,0.11691873756422239,0.10050026494571304,0.05363232507571076,,,,,,,,,0.05363232507571076
159120.0,0.1653093265723218,0.16489942586292605,0.16370554416709734,0.16169175092341778,0.15883802390076524,0.15507875043859398,0.15033015238350014,0.14447761170164133,0.13728599225433816,0.1283552365863835,0.11689447508083387,0.10048155240007342,0.053629138352089475,,,,,,,,,0.053629138352089475
159180.0,0.16526586870130536,0.1648561479248116,0.16366278867760597,0.16164987115379037,0.15879737337674982,0.15503969778313176,0.1502930828944557,0.1444429326550885,0.13725416705893018,0.12832682507602905,0.11687023296954407,0.10046285504273667,0.05362595598255647,,,,,,,,,0.05362595598255647
159240.0,0.16522245063652424,0.16481290960180675,0.1636200722491279,0.1616080295192796,0.15875675969421943,0.1550006802985287,0.1502560465205179,0.14440828427231991,0.1372223696413137,0.12829843795320434,0.11684601120343466,0.10044417285426581,0.053622777959147654,,,,,,,,,0.053622777959147654
159300.0,0.16517907232155085,0.16476971083778463,0.16357739482640482,0.16156622596607614,0.15871618280138236,0.1549616979355867,0.15021904321565982,0.14437366651106073,0.13719059996358765,0.12827007518508293,0.11682180975563511,0.1004255058152575,0.053619604273917154,,,,,,,,,0.053619604273917154
159360.0,0.16513573370006396,0.16472655157672345,0.16353475635428236,0.16152446044047208,0.1586756426465445,0.1549227506451994,0.15018207293393995,0.14433907932911383,0.13715885798792035,0.12824173673889752,0.11679762859932265,0.100406853906342,0.053616434918937035,,,,,,,,,0.053616434918937035
159420.0,0.1650924347158481,0.16468343176270694,0.16349215677770992,0.16148273288885992,0.1586351391781077,0.15488383837835162,0.1501451356295016,0.14430452268435956,0.13712714367654877,0.1282134225819396,0.11677346770772214,0.10038821710818306,0.05361326988629727,,,,,,,,,0.05361326988629727
159480.0,0.16504917531279378,0.1646403513399239,0.1634495960417404,0.16144104325773273,0.15859467234457078,0.15484496108611998,0.15010823125657316,0.14426999653475625,0.13709545699177902,0.12818513268156,0.11674932705410584,0.10036959540147787,0.05361010916810596,,,,,,,,,0.05361010916810596
159540.0,0.16500595543489782,0.16459731025266836,0.1634070740915298,0.16139939149368393,0.15855424209452848,0.1548061187196715,0.15007135976946784,0.1442355008383393,0.13706379789598536,0.12815686700516823,0.1167252066117936,0.10035098876695729,0.053606952756489,,,,,,,,,0.053606952756489
159600.0,0.16496277502626108,0.1645543084453387,0.163364590872337,0.16135777754340713,0.15851384837667126,0.1547673112302642,0.15003452112258311,0.14420103555322059,0.13703216635161153,0.12812862552023235,0.1167011063541524,0.10033239718538503,0.053603800643590147,,,,,,,,,0.053603800643590147
159660.0,0.16491963403109017,0.16451134586243796,0.16332214632952388,0.1613162013536953,0.1584734911397863,0.15472853856924665,0.14999771527040073,0.14416660063759,0.13700056232116906,0.12810040819427926,0.11667702625459642,0.10031382063755831,0.05360065282157105,,,,,,,,,0.05360065282157105
159720.0,0.1648765323936964,0.16446842244857354,0.1632797404085545,0.16127466287144132,0.15843317033275536,0.1546898006880577,0.14996094216748682,0.144132196049713,0.13696898576723734,0.12807221499489393,0.11665296628658685,0.10029525910430745,0.053597509282610985,,,,,,,,,0.053597509282610985
159780.0,0.16483347005849602,0.16442553814845648,0.16323737305499494,0.1612331620436375,0.15839288590455602,0.15465109753822684,0.149924201768491,0.14409782174793262,0.13693743665246444,0.12804404588971988,0.11662892642363239,0.10027671256649567,0.053594370018907,,,,,,,,,0.053594370018907
159840.0,0.16479044697000877,0.1643826929069017,0.16319504421451397,0.16119169881737502,0.1583526378042605,0.1546124290713731,0.14988749402814733,0.14406347769066757,0.1369059149395658,0.1280159008464589,0.11660490663928805,0.1002581810050195,0.053591235022673815,,,,,,,,,0.053591235022673815
159900.0,0.16474746307285912,0.16433988666882765,0.1631527538328816,0.16115027313984398,0.15831242598103665,0.15457379523920503,0.14985081890127247,0.14402916383641304,0.13687442059132537,0.1279877798328703,0.11658090690715583,0.1002396644008083,0.053588104286143766,,,,,,,,,0.053588104286143766
159960.0,0.16470451831177527,0.16429711937925612,0.1631105018559692,0.1611088849583331,0.15827225038414633,0.1545351959935216,0.14981417634276709,0.14399488014374,0.13684295357059376,0.12795968281677184,0.11655692720088422,0.10022116273482425,0.053584977801566715,,,,,,,,,0.053584977801566715
160020.0,0.16466161263158907,0.1642543909833116,0.16306828822975,0.16106753422022954,0.15823211096294576,0.15449663128621044,0.14977756630761463,0.14396062657129594,0.13681151384028978,0.127931609766039,0.11653296749416879,0.10020267598806225,0.053581855561210076,,,,,,,,,0.053581855561210076
160080.0,0.1646187459772357,0.16421170142622143,0.16302611290029803,0.16102622087301893,0.15819200766688607,0.15445810106924843,0.14974098875088193,0.14392640307780374,0.13678010136339913,0.12790356064860448,0.11650902776075096,0.10018420414155006,0.05357873755735876,,,,,,,,,0.05357873755735876
160140.0,0.164575918293753,0.16416905065331605,0.16298397581378796,0.16098494486428447,0.15815194044551173,0.15441960529470147,0.14970444362771831,0.14389220962206106,0.13674871610297495,0.12787553543245903,0.11648510797441892,0.10016574717634819,0.053575623782314986,,,,,,,,,0.053575623782314986
160200.0,0.16453312952628246,0.16412643861002735,0.16294187691649514,0.16094370614170717,0.15811190924846152,0.15438114391472446,0.14966793089335562,0.14385804616294207,0.13671735802213683,0.12784753408565028,0.11646120810900704,0.10014730507354962,0.053572514228398566,,,,,,,,,0.053572514228398566
160260.0,0.1644903796200678,0.16408386524188992,0.1628998161547954,0.1609025046530656,0.15807191402546739,0.15434271688156037,0.14963145050310833,0.1438239126593956,0.13668602708407168,0.12781955657628352,0.1164373281383959,0.10012887781427963,0.05356940888794642,,,,,,,,,0.05356940888794642
160320.0,0.16444766852045523,0.1640413304945397,0.1628577934751647,0.16086134034623598,0.15803195472635476,0.15430432414754078,0.1495950024123729,0.14378980907044545,0.1366547232520331,0.12779160287252092,0.1164134680365119,0.10011046537969628,0.053566307753312864,,,,,,,,,0.053566307753312864
160380.0,0.16440499617289295,0.16399883431371456,0.1628158088241786,0.16082021316919115,0.15799203130104233,0.15426596566508524,0.14955858657662785,0.14375573535518998,0.13662344648934102,0.12776367294258184,0.11638962777732768,0.10009206775098999,0.05356321081686943,,,,,,,,,0.05356321081686943
160440.0,0.16436236252293154,0.1639563766452537,0.1627738621485129,0.16077912307000092,0.15795214369954186,0.15422764138670117,0.1495222029514338,0.14372169147280334,0.13659219675938183,0.12773576675474255,0.1163658073348617,0.10007368490938322,0.05356011807100481,,,,,,,,,0.05356011807100481
160500.0,0.16431976751622301,0.16391395743509732,0.16273195339494226,0.16073806999683177,0.15791229187195763,0.15418935126498398,0.1494858514924328,0.14368767738253266,0.1365609740256083,0.12770788427733576,0.11634200668317808,0.10005531683613086,0.05355702950812501,,,,,,,,,0.05355702950812501
160560.0,0.164277211098521,0.16387157662928672,0.16269008251034062,0.16069705389794625,0.1578724757684861,0.1541510952526168,0.14944953215534837,0.14365369304370026,0.1365297782515389,0.12768002547875124,0.11631822579638673,0.10003696351251988,0.05355394512065293,,,,,,,,,0.05355394512065293
160620.0,0.16423469321568007,0.1638292341739634,0.1626482494416813,0.16065607472170412,0.1578326953394164,0.15411287330236947,0.1494132448959853,0.14361973841570277,0.13649860940075834,0.12765219032743508,0.11629446464864295,0.10001862491986953,0.05355086490102861,,,,,,,,,0.05355086490102861
160680.0,0.16419221381365567,0.16378693001536965,0.16260645413603586,0.16061513241655978,0.15779295053513007,0.1540746853670992,0.1493769896702293,0.14358581345801058,0.1364674674369174,0.12762437879188943,0.11627072321414758,0.10000030103953084,0.05354778884170909,,,,,,,,,0.05354778884170909
160740.0,0.16414977283850513,0.16374466409984784,0.1625646965405748,0.16057422693106416,0.1577532413060998,0.1540365313997502,0.14934076643404748,0.14355191813016774,0.13643635232373197,0.12759659084067324,0.11624700146714684,0.09998199185288695,0.053544716935168386,,,,,,,,,0.053544716935168386
160800.0,0.16410737023638458,0.16370243637384016,0.16252297660256648,0.1605333582138635,0.15771356760289032,0.15399841135335357,0.14930457514348727,0.1435180523917919,0.13640526402498385,0.12756882644240106,0.11622329938193234,0.09996369734135283,0.05354164917389737,,,,,,,,,0.05354164917389737
160860.0,0.16406500595355222,0.1636602467838891,0.1624812942693778,0.1604925262136995,0.157673929376158,0.15396032518102645,0.1492684157546768,0.1434842162025749,0.1363742025045201,0.12754108556574395,0.11619961693284055,0.09994541748637518,0.053538585550403896,,,,,,,,,0.053538585550403896
160920.0,0.16402267993636463,0.16361809527663618,0.16243964948847328,0.16045173087940842,0.15763432657665022,0.1539222728359728,0.14923228822382428,0.14345040952228108,0.13634316772625266,0.12751336817942832,0.1161759540942532,0.09992715226943269,0.05353552605721257,,,,,,,,,0.05353552605721257
160980.0,0.16398039213127966,0.16357598179882196,0.16239804220741494,0.16041097215992212,0.15759475915520552,0.1538842542714828,0.14919619250721844,0.1434166323107485,0.13631215965415863,0.1274856742522368,0.116152310840597,0.09990890167203581,0.05353247068686484,,,,,,,,,0.05353247068686484
161040.0,0.16393814248485417,0.16353390629728692,0.16235647237386236,0.1603702500042666,0.15755522706275296,0.15384626944093208,0.14916012856122807,0.14338288452788805,0.1362811782522805,0.1274580037530072,0.11612868714634356,0.0998906656757262,0.05352941943191881,,,,,,,,,0.05352941943191881
161100.0,0.16389593094374413,0.16349186871896934,0.1623149399355724,0.16032956436156248,0.15751573025031243,0.1538083182977823,0.1491240963423012,0.1433491661336834,0.13625022348472518,0.12743035665063324,0.11610508298600909,0.09987244426207727,0.053526372284949386,,,,,,,,,0.053526372284949386
161160.0,0.16385375745470554,0.16344986901090666,0.16227344484039863,0.16028891518102434,0.15747626866899445,0.1537704007955805,0.14908809580696641,0.1433154770881909,0.13621929531566396,0.12740273291406398,0.11608149833415456,0.09985423741269388,0.05352332923854797,,,,,,,,,0.05352332923854797
161220.0,0.16381162196459254,0.16340790712023429,0.16223198703629124,0.16024830241196106,0.15743684226999913,0.1537325168879593,0.14905212691183073,0.1432818173515396,0.13618839370933336,0.12737513251230362,0.11605793316538554,0.09983604510921257,0.05352029028532271,,,,,,,,,0.05352029028532271
161280.0,0.16376952442035794,0.16336598299418667,0.16219056647129737,0.16020772600377517,0.15739745100461755,0.15369466652863656,0.14901618961358123,0.14324818688393043,0.1361575186300335,0.1273475554144111,0.11603438745435206,0.09981786733330085,0.05351725541789827,,,,,,,,,0.05351725541789827
161340.0,0.16372746476905375,0.16332409658009509,0.16214918309356,0.16016718590596302,0.15735809482422974,0.15365684967141455,0.14898028386898374,0.1432145856456371,0.13612667004212886,0.12732000158950138,0.11601086117574848,0.09979970406665763,0.05351422462891578,,,,,,,,,0.05351422462891578
161400.0,0.16368544295782925,0.16328224782538903,0.16210783685131847,0.1601266820681139,0.15731877368030558,0.15361906627018074,0.14894440963488315,0.14318101359700502,0.13609584791004825,0.12729247100674326,0.11598735430431349,0.09978155529101311,0.05351119791103295,,,,,,,,,0.05351119791103295
161460.0,0.16364345893393248,0.16324043667759558,0.1620665276929078,0.1600862144399103,0.15727948752440465,0.1535813162789073,0.14890856686820275,0.14314747069845127,0.13606505219828421,0.12726496363536105,0.11596386681483006,0.09976342098812861,0.05350817525692387,,,,,,,,,0.05350817525692387
161520.0,0.16360151264470912,0.1631986630843387,0.16202525556675865,0.160045782971128,0.15724023630817507,0.15354359965165082,0.14887275552594476,0.14311395691046538,0.13603428287139302,0.12723747944463332,0.11594039868212487,0.09974530113979634,0.053505156659278956,,,,,,,,,0.053505156659278956
161580.0,0.16355960403760242,0.16315692699333928,0.16198402042139695,0.1600053876116352,0.15720101998335437,0.1535059163425517,0.14883697556518963,0.1430804721936075,0.1360035398939946,0.1272100184038934,0.1159169498810691,0.09972719572783997,0.05350214211080502,,,,,,,,,0.05350214211080502
161640.0,0.16351773306015288,0.16311522835241565,0.16194282220544423,0.15996502831139253,0.15716183850176893,0.15346826630583446,0.1488012269430959,0.14304701650850982,0.1359728232307724,0.12718258048252856,0.11589352038657766,0.09970910473411373,0.05349913160422518,,,,,,,,,0.05349913160422518
161700.0,0.1634758996599983,0.1630735671094822,0.16190166086761668,0.15992470502045322,0.15712269181533348,0.15343064949580784,0.14876550961690055,0.14301358981587556,0.13594213284647313,0.12715516564998086,0.11587011017360893,0.09969102814050286,0.053496125132278784,,,,,,,,,0.053496125132278784
161760.0,0.16343410378487316,0.16303194321254996,0.1618605363567252,0.1598844176889624,0.157083579876051,0.1533930658668634,0.14872982354391778,0.14298019207647827,0.13591146870590676,0.1271277738757466,0.11584671921716558,0.09967296592892332,0.053493122687721384,,,,,,,,,0.053493122687721384
161820.0,0.16339234538260863,0.16299035660972572,0.16181944862167535,0.1598441662671567,0.15704450263601336,0.1533555153734771,0.14869416868154023,0.1429468232511636,0.13588083077394644,0.12710040512937593,0.11582334749229334,0.09965491808132192,0.05349012426332474,,,,,,,,,0.05349012426332474
161880.0,0.16335062440113277,0.1629488072492128,0.16177839761146706,0.1598039507053652,0.1570054600473996,0.1533179979702073,0.1486585449872374,0.14291348330084735,0.1358502190155278,0.12707305938047267,0.11579999497408176,0.09963688457967632,0.05348712985187669,,,,,,,,,0.05348712985187669
161940.0,0.16330894078846916,0.16290729507930932,0.16173738327519396,0.1597637709540077,0.1569664520624765,0.153280513611696,0.14862295241855644,0.14288017218651589,0.13581963339564973,0.12704573659869484,0.1157766616376637,0.09961886540599436,0.053484139446181155,,,,,,,,,0.053484139446181155
162000.0,0.16326729449273847,0.16286582004840958,0.16169640556204448,0.15972362696359585,0.15692747863359946,0.15324306225266784,0.14858739093312112,0.1428468898692261,0.13578907387937367,0.12701843675375388,0.11575334745821549,0.0996008605423148,0.053481153039058205,,,,,,,,,0.053481153039058205
162060.0,0.16322568546215604,0.16282438210500297,0.1616554644212994,0.1596835186847319,0.15688853971320987,0.15320564384793028,0.14855186048863311,0.1428136363101052,0.13575854043182345,0.1269911598154151,0.11573005241095648,0.0995828699707067,0.05347817062334374,,,,,,,,,0.05347817062334374
162120.0,0.16318411364503302,0.16278298119767398,0.16161455980233425,0.15964344606810907,0.1568496352538372,0.15316825835237288,0.14851636104287036,0.1427804114703502,0.13572803301818526,0.126963905753497,0.11570677647114938,0.09956489367326962,0.05347519219188974,,,,,,,,,0.05347519219188974
162180.0,0.163142578989777,0.16274161727510164,0.161573691654617,0.15960340906451126,0.15681076520809764,0.1531309057209681,0.14848089255368735,0.1427472153112284,0.13569755160370747,0.12693667453787158,0.11568351961409969,0.09954693163213349,0.0534722177375641,,,,,,,,,0.0534722177375641
162240.0,0.16310108144488966,0.16270029028605976,0.16153285992770886,0.15956340762481253,0.15677192952869431,0.15309358590877004,0.148445454979015,0.14271404779407673,0.13566709615370057,0.12690946613846413,0.11566028181515609,0.09952898382945846,0.05346924725325049,,,,,,,,,0.05346924725325049
162300.0,0.16305962095896734,0.16265900017941665,0.16149206457126403,0.15952344169997762,0.1567331281684167,0.1530562988709151,0.14841004827686088,0.1426809088803019,0.13563666663353707,0.12688228052525274,0.11563706304971003,0.099511050247435,0.053466280731848434,,,,,,,,,0.053466280731848434
162360.0,0.16301819748070195,0.1626177469041348,0.16145130553502918,0.15948351124106105,0.15669436108014087,0.15301904456262114,0.1483746724053086,0.14264779853137996,0.13560626300865133,0.12685511766826885,0.11561386329319556,0.09949313086828375,0.053463318166273366,,,,,,,,,0.053463318166273366
162420.0,0.16297681095888003,0.16257653040927042,0.16141058276884293,0.15944361619920697,0.1566556282168289,0.15298182293918777,0.1483393273225173,0.14261471670885625,0.1355758852445392,0.12682797753759645,0.11559068252108973,0.09947522567425539,0.053460359549456334,,,,,,,,,0.053460359549456334
162480.0,0.16293546134238118,0.1625353506439735,0.16136989622263728,0.1594037565256493,0.15661692953152892,0.15294463395599617,0.1483040129867223,0.14258166337434564,0.13554553330675803,0.12680086010337277,0.11556752070891195,0.09945733464763055,0.053457404874344076,,,,,,,,,0.053457404874344076
162540.0,0.16289414858018064,0.16249420755748786,0.16132924584643507,0.1593639321717112,0.1565782649773749,0.15290747756850806,0.14826872935623445,0.14254863848953148,0.13551520716092685,0.126773765335787,0.11554437783222418,0.09943945777072005,0.05345445413389909,,,,,,,,,0.05345445413389909
162600.0,0.16285287262134615,0.16245310109915068,0.16128863159035148,0.15932414308880516,0.15653963450758623,0.15287035373226684,0.14823347638944,0.14251564201616632,0.13548490677272587,0.12674669320508125,0.11552125386663076,0.09942159502586435,0.05345150732109944,,,,,,,,,0.05345150732109944
162660.0,0.16281163341503965,0.16241203121839176,0.16124805340459328,0.1592843892284329,0.15650103807546825,0.1528332624028964,0.14819825404480047,0.14248267391607122,0.13545463210789635,0.1267196436815503,0.1154981487877785,0.09940374639543398,0.05344856442893881,,,,,,,,,0.05344856442893881
162720.0,0.16277043091051677,0.162370997864734,0.16120751123945795,0.15924467054218427,0.15646247563441087,0.15279620353610135,0.14816306228085246,0.142449734151136,0.1354243831322405,0.12669261673554083,0.11547506257135604,0.09938591186182918,0.05344562545042632,,,,,,,,,0.05344562545042632
162780.0,0.16272926505712626,0.1623300009877933,0.16116700504533485,0.15920498698173846,0.1564239471378893,0.15275917708766706,0.1481279010562075,0.14241682268331893,0.13539415981162148,0.1266656123374514,0.11545199519309435,0.09936809140747996,0.053442690378586705,,,,,,,,,0.053442690378586705
162840.0,0.16268813580430935,0.16228904053727766,0.16112653477270408,0.1591653384988626,0.15638545253946393,0.15272218301345897,0.14809277032955181,0.14238393947464634,0.13536396211196322,0.12663863045773344,0.11542894662876665,0.0993502850148459,0.053439759206460144,,,,,,,,,0.053439759206460144
162900.0,0.16264704310160083,0.1622481164629875,0.16108610037213625,0.15912572504541186,0.15634699179277942,0.15268522126942263,0.14805767005964626,0.14235108448721273,0.13533378999925025,0.12661167106688997,0.11540591685418783,0.09933249266641615,0.053436831927102156,,,,,,,,,0.053436831927102156
162960.0,0.16260598689862732,0.1622072287148153,0.16104570179429273,0.15908614657333014,0.15630856485156489,0.15264829181158343,0.14802260020532632,0.1423182576831808,0.13530364343952686,0.12658473413547552,0.1153829058452145,0.09931471434470947,0.053433908533583666,,,,,,,,,0.053433908533583666
163020.0,0.16256496714510885,0.16216637724274552,0.16100533898992533,0.15904660303464835,0.15627017166963358,0.1526113945960466,0.1479875607255014,0.14228545902478051,0.13527352239889887,0.12655781963409707,0.11535991357774543,0.09929695003227405,0.05343098901899097,,,,,,,,,0.05343098901899097
163080.0,0.1625239837908562,0.1621255619968539,0.1609650119098755,0.15900709438148514,0.1562318122008834,0.15257452957899703,0.14795255157915532,0.14225268847431002,0.13524342684353136,0.12653092753341255,0.11533694002772088,0.09927919971168749,0.05342807337642564,,,,,,,,,0.05342807337642564
163140.0,0.1624830367857733,0.162084782927308,0.1609247205050751,0.15896762056604685,0.15619348639929537,0.15253769671669853,0.14791757272534578,0.1422199459941346,0.13521335673964993,0.1265040578041315,0.11531398517112258,0.09926146336555679,0.05342516159900442,,,,,,,,,0.05342516159900442
163200.0,0.16244212607985542,0.16204403998436626,0.16088446472654547,0.15892818154062696,0.15615519421893484,0.15250089596549515,0.14788262412320388,0.14218723154668697,0.13518331205354003,0.1264772104170153,0.11529104898397378,0.09924374097651806,0.05342225367985946,,,,,,,,,0.05342225367985946
163260.0,0.16240125162318922,0.16200333311837856,0.1608442445253977,0.15888877725760567,0.1561169356139503,0.15246412728180897,0.14784770573193462,0.14215454509446723,0.13515329275154683,0.12645038534287617,0.11526813144233923,0.09922603252723677,0.053419349612137956,,,,,,,,,0.053419349612137956
163320.0,0.16236041336595247,0.1619626622797851,0.16080405985283175,0.15884940766945,0.15607871053857378,0.15242739062214147,0.1478128175108166,0.14212188660004244,0.13512329880007495,0.12642358255257777,0.1152452325223248,0.09920833800040758,0.053416449389002224,,,,,,,,,0.053416449389002224
163380.0,0.16231961125841515,0.16192202741911718,0.16076391066013704,0.1588100727287139,0.15604051894712034,0.15239068594307248,0.14777795941920122,0.14208925602604625,0.13509333016558916,0.12639680201703446,0.11522235220007788,0.09919065737875422,0.05341355300362965,,,,,,,,,0.05341355300362965
163440.0,0.16227884525093697,0.16188142848699633,0.16072379689869148,0.15877077238803758,0.1560023607939878,0.1523540132012608,0.14774313141651363,0.14205665333517925,0.135063386814613,0.1263700437072118,0.11519949045178694,0.09917299064502935,0.05341066044921279,,,,,,,,,0.05341066044921279
163500.0,0.16223811529396875,0.16184086543413403,0.16068371851996255,0.15873150660014737,0.15596423603365722,0.1523173723534429,0.1477083334622512,0.14202407849020912,0.13503346871372915,0.12634330759412601,0.1151766472536812,0.09915533778201477,0.05340777171895916,,,,,,,,,0.05340777171895916
163560.0,0.16219742133805226,0.16180033821133188,0.1606436754755053,0.15869227531785596,0.15592614462069193,0.15228076335643387,0.14767356551598468,0.14199153145396937,0.13500357582958036,0.1263165936488442,0.11515382258203105,0.09913769877252099,0.053404886806091206,,,,,,,,,0.053404886806091206
163620.0,0.16215676333381937,0.1617598467694816,0.1606036677169636,0.1586530784940613,0.15588808650973754,0.1522441861671269,0.14763882753735705,0.14195901218935997,0.1349737081288675,0.1262899018424842,0.11513101641314767,0.09912007359938753,0.053402005703846414,,,,,,,,,0.053402005703846414
163680.0,0.16211614123199158,0.16171939105956395,0.16056369519606917,0.1586139160817473,0.1558500616555219,0.15220764074249282,0.14760411948608404,0.14192652065934738,0.13494386557835064,0.12626323214621402,0.11510822872338324,0.09910246224548266,0.05339912840547707,,,,,,,,,0.05339912840547707
163740.0,0.16207555498338064,0.1616789710326493,0.16052375786464174,0.1585747880339834,0.15581207001285519,0.15217112703957986,0.14756944132195354,0.14189405682696377,0.1349140481448487,0.12623658453125217,0.11508545948913033,0.09908486469370327,0.05339625490425036,,,,,,,,,0.05339625490425036
163800.0,0.16203500453888775,0.16163858663989755,0.16048385567458884,0.15853569430392417,0.15577411153662915,0.15213464501551416,0.14753479300482536,0.14186162065530677,0.13488425579523894,0.12620995896886755,0.11506270868682218,0.0990672809269752,0.053393385193448266,,,,,,,,,0.053393385193448266
163860.0,0.16199448984950382,0.16159823783255722,0.1604439885779053,0.15849663484480944,0.15573618618181728,0.15209819462749885,0.14750017449463176,0.1418292121075408,0.13485448849645734,0.12618335543037917,0.11503997629293276,0.09904971092825261,0.053390519266367606,,,,,,,,,0.053390519266367606
163920.0,0.16195401086630964,0.16155792456196572,0.16040415652667403,0.1584576096099634,0.15569829390347453,0.15206177583281413,0.14746558575137642,0.1417968311468949,0.13482474621549823,0.126156773887156,0.1150172622839762,0.09903215468051836,0.0533876571163199,,,,,,,,,0.0533876571163199
163980.0,0.16191356754047376,0.16151764677954913,0.16036435947306393,0.15841861855279551,0.15566043465673693,0.15202538858881728,0.14743102673513475,0.14176447773666404,0.134795028919414,0.1261302143106171,0.11499456663650719,0.0990146121667836,0.05338479873663131,,,,,,,,,0.05338479873663131
164040.0,0.16187315982325506,0.16147740443682165,0.16032459736933113,0.15837966162679934,0.15562260839682193,0.1519890328529424,0.14739649740605387,0.1417321518402082,0.13476533657531528,0.12610367667223144,0.11497188932712055,0.09899708337008825,0.05338194412064278,,,,,,,,,0.05338194412064278
164100.0,0.161832787666,0.16143719748538596,0.1602848701678191,0.1583407387855528,0.15558481507902774,0.15195270858270005,0.14736199772435202,0.14169985342095287,0.13473566915037066,0.12607716094351767,0.11494923033245139,0.09897956827350037,0.05337909326170981,,,,,,,,,0.05337909326170981
164160.0,0.16179245102014406,0.16139702587693244,0.16024517782095715,0.15830184998271818,0.15554705465873314,0.1519164157356773,0.14732752765031853,0.14166758244238822,0.13470602661180658,0.12605066709604387,0.11492658962917468,0.09896206686011642,0.053376246153202585,,,,,,,,,0.053376246153202585
164220.0,0.16175214983721098,0.16135688956323954,0.16020552028126125,0.1582629951720412,0.15550932709139795,0.1518801542695375,0.14729308714431413,0.14163533886806925,0.13467640892690738,0.12602419510142795,0.11490396719400575,0.09894457911306093,0.05337340278850565,,,,,,,,,0.05337340278850565
164280.0,0.1617118840688125,0.16131678849617306,0.16016589750133356,0.15822417430735167,0.1554716323325623,0.15184392414202003,0.14725867616677024,0.14160312266161595,0.1346468160630147,0.12599774493133678,0.11488136300369926,0.09892710501548689,0.05337056316101825,,,,,,,,,0.05337056316101825
164340.0,0.16167165366664826,0.1612767226276865,0.16012630943386205,0.15818538734256293,0.15543397033784562,0.15180772531094022,0.14722429467818895,0.14157093378671282,0.13461724798752778,0.1259713165574871,0.11485877703505036,0.09890964455057519,0.053367727264153945,,,,,,,,,0.053367727264153945
164400.0,0.1616314585825054,0.16123669190982023,0.16008675603162054,0.15814663423167136,0.1553963410629487,0.15177155773418913,0.14718994263914267,0.14153877220710856,0.13458770466790324,0.12594490995164456,0.11483620926489356,0.09889219770153487,0.053364895091340896,,,,,,,,,0.053364895091340896
164460.0,0.16159129876825884,0.16119669629470182,0.16004723724746805,0.15810791492875714,0.15535874446365122,0.15173542136973367,0.14715562001027482,0.1415066378866163,0.1345581860716547,0.12591852508562373,0.11481365967010308,0.09887476445160308,0.05336206663602158,,,,,,,,,0.05336206663602158
164520.0,0.1615511741758709,0.16115673573454567,0.16000775303434978,0.15806922938798298,0.1553211804958131,0.15169931617561538,0.14712132675229825,0.1414745307891134,0.13452869216635308,0.1258921619312885,0.1147911282275929,0.09885734478404479,0.05335924189165281,,,,,,,,,0.05335924189165281
164580.0,0.16151108475739062,0.16111681018165247,0.15996830334529522,0.15803057756359468,0.15528364911537315,0.15166324210995208,0.14708706282599657,0.14144245087854102,0.13449922291962657,0.1258658204605517,0.1147686149143161,0.09883993868215293,0.05335642085170579,,,,,,,,,0.05335642085170579
164640.0,0.16147103046495437,0.16107691958840975,0.15992888813341943,0.1579919594099201,0.1552461502783501,0.15162719913093595,0.14705282819222298,0.14141039811890474,0.1344697782991598,0.12583950064537439,0.11474611970726568,0.0988225461292482,0.053353603509665976,,,,,,,,,0.053353603509665976
164700.0,0.16143101125078493,0.16103706390729133,0.15988950735192217,0.15795337488137,0.1552086839408415,0.15159118719683434,0.14701862281190062,0.1413783724742734,0.13444035827269407,0.12581320245776684,0.11472364258347345,0.09880516710867922,0.05335078985903309,,,,,,,,,0.05335078985903309
164760.0,0.16139102706719177,0.16099724309085658,0.15985016095408747,0.1579148239324371,0.15517125005902388,0.1515552062659896,0.14698444664602198,0.14134637390877902,0.1344109628080273,0.12578692586978762,0.11470118352001077,0.09878780160382224,0.05334797989332101,,,,,,,,,0.05334797989332101
164820.0,0.16135107786657055,0.16095745709175108,0.1598108488932844,0.1578763065176964,0.15513384858915236,0.15151925629681792,0.14695029965564937,0.14131440238661788,0.13438159187301452,0.12576067085354392,0.1146787424939881,0.09877044959808115,0.05334517360605782,,,,,,,,,0.05334517360605782
164880.0,0.16131116360140377,0.16091770586270573,0.1597715711229657,0.1578378225918049,0.1550964794875612,0.15148333724781057,0.1469161818019142,0.14128245787204893,0.13435224543556626,0.1257344373811912,0.11465631948255496,0.09875311107488766,0.05334237099078578,,,,,,,,,0.05334237099078578
164940.0,0.16127128422425827,0.16087798935653727,0.1597323275966685,0.15779937210950107,0.15505914271066276,0.15144744907753263,0.1468820930460171,0.14125054032939482,0.1343229234636497,0.12570822542493315,0.11463391446289978,0.09873578601770057,0.053339572041061184,,,,,,,,,0.053339572041061184
165000.0,0.16123143968778847,0.16083830752614764,0.15969311826801355,0.1577609550256049,0.1550218382149475,0.15141159174462396,0.1468480333492277,0.14121864972304088,0.1342936259252879,0.12568203495702174,0.11461152741225004,0.09871847441000665,0.05333677675045451,,,,,,,,,0.05333677675045451
165060.0,0.16119162994473282,0.16079866032452345,0.15965394309070552,0.1577225712950177,0.15498456595698426,0.15137576520779772,0.14681400267288466,0.14118678601743556,0.13426435278856028,0.12565586594975653,0.11458915830787202,0.09870117623531983,0.05333398511255018,,,,,,,,,0.05333398511255018
165120.0,0.16115185494791637,0.16075904770473676,0.15961480201853226,0.15768422087272213,0.15494732589341959,0.15133996942584102,0.146780000978395,0.14115494917708968,0.13423510402160188,0.1256297183754855,0.11456680712707043,0.09868389147718153,0.05333119712094657,,,,,,,,,0.05333119712094657
165180.0,0.16111211465024872,0.16071946961994363,0.15957569500536503,0.15764590371378145,0.15491011798097776,0.15130420435761438,0.1467460282272344,0.14112313916657745,0.1342058795926036,0.12560359220660453,0.11454447384718904,0.09866662011916032,0.05332841276925609,,,,,,,,,0.05332841276925609
165240.0,0.16107240900472405,0.16067992602338574,0.15953662200515817,0.15760761977334015,0.15487294217646086,0.15126846996205193,0.14671208438094718,0.14109135595053468,0.1341766794698117,0.12557748741555683,0.11452215844560994,0.09864936214485232,0.05332563205110499,,,,,,,,,0.05332563205110499
165300.0,0.1610327379644224,0.1606404168683879,0.1594975829719494,0.1575693690066232,0.15483579843674833,0.15123276619816126,0.14667816940114553,0.14105959949365984,0.13414750362152814,0.1255514039748336,0.11449986089975397,0.09863211753788062,0.053322854960133524,,,,,,,,,0.053322854960133524
165360.0,0.16099310148250778,0.1606009421083598,0.15945857785985867,0.15753115136893553,0.15479868671879624,0.15119709302502252,0.14664428324951018,0.14102786976071374,0.13411835201611044,0.1255253418569734,0.1144775811870802,0.09861488628189563,0.053320081489995716,,,,,,,,,0.053320081489995716
165420.0,0.16095349951222837,0.16056150169679453,0.15941960662308835,0.157492966815663,0.15476160697963887,0.1511614504017897,0.14661042588778955,0.140996166716519,0.13408922462197093,0.12549930103456206,0.11445531928508579,0.09859766836057461,0.053317311634359356,,,,,,,,,0.053317311634359356
165480.0,0.16091393200691706,0.16052209558726932,0.15938066921592375,0.1574548153022712,0.15472455917638628,0.15112583828768872,0.14657659727779965,0.14096449032596087,0.13406012140757748,0.12547328148023304,0.11443307517130671,0.098580463757622,0.05331454538690613,,,,,,,,,0.05331454538690613
165540.0,0.16087439891999097,0.1604827237334452,0.1593417655927321,0.15741669678430578,0.15468754326622566,0.15109025664201825,0.14654279738142456,0.14093284055398556,0.13403104234145266,0.12544728316666684,0.1144108488233167,0.0985632724567694,0.05331178274133135,,,,,,,,,0.05331178274133135
165600.0,0.16083490020495042,0.16044338608906591,0.15930289570796227,0.15737861121739155,0.15465055920642065,0.15105470542414978,0.14650902616061562,0.14090121736560124,0.1340019873921745,0.12542130606659113,0.11438864021872751,0.09854609444177499,0.05330902369134412,,,,,,,,,0.05330902369134412
165660.0,0.16079543581537964,0.16040408260795874,0.15926405951614575,0.15734055855723356,0.15461360695431148,0.15101918459352698,0.1464752835773917,0.14086962072587755,0.133972956528375,0.12539535015278078,0.1143664493351892,0.09852892969642409,0.05330626823066716,,,,,,,,,0.05330626823066716
165720.0,0.16075600570494664,0.16036481324403426,0.15922525697189477,0.15730253875961614,0.15457668646731454,0.15098369410966533,0.14644156959383864,0.14083805059994572,0.13394394971874138,0.12536941539805702,0.11434427615038961,0.09851177820452874,0.05330351635303682,,,,,,,,,0.05330351635303682
165780.0,0.1607166098274022,0.16032557795128524,0.15918648802990382,0.15726455178040244,0.15453979770292195,0.15094823393215304,0.14640788417210956,0.1408065069529982,0.13391496693201513,0.12534350177528844,0.11432212064205442,0.09849463994992769,0.0533007680522031,,,,,,,,,0.0533007680522031
165840.0,0.1606772481365808,0.16028637668378762,0.15914775264494826,0.15722659757553503,0.1545029406187021,0.1509128040206494,0.14637422727442434,0.14077498975028832,0.13388600813699272,0.12531760925739024,0.11429998278794715,0.09847751491648636,0.05329802332192956,,,,,,,,,0.05329802332192956
165900.0,0.1606379205863996,0.1602472093956995,0.15910905077188436,0.15718867610103476,0.15446611517229855,0.15087740433488564,0.14634059886306966,0.14074349895713084,0.1338570733025243,0.1252917378173241,0.11427786256586867,0.09846040308809693,0.053295282155993176,,,,,,,,,0.053295282155993176
165960.0,0.16059862713085826,0.16020807604126155,0.15907038236564985,0.15715078731300167,0.154429321321431,0.15084203483466502,0.14630699890039878,0.140712034538901,0.13382816239751455,0.12526588742809833,0.11425575995365793,0.09844330444867812,0.05329254454818455,,,,,,,,,0.05329254454818455
166020.0,0.1605593677240391,0.16016897657479642,0.15903174738126263,0.15711293116761424,0.15439255902389412,0.15080669547986106,0.14627342734883175,0.14068059646103487,0.13379927539092207,0.12524005806276772,0.11423367492919125,0.09842621898217524,0.05328981049230776,,,,,,,,,0.05328981049230776
166080.0,0.16052014232010722,0.16012991095070842,0.15899314577382156,0.1570751076211291,0.15435582823755795,0.15077138623041922,0.14623988417085476,0.14064918468902918,0.13377041225175923,0.12521424969443318,0.11421160747038214,0.09840914667255993,0.0532870799821802,,,,,,,,,0.0532870799821802
166140.0,0.1604809508733096,0.16009087912348355,0.15895457749850592,0.15703731662988063,0.1543191289203671,0.15073610704635607,0.14620636932901993,0.14061779918844108,0.13374157294909278,0.12518846229624184,0.11418955755518181,0.09839208750383031,0.0532843530116327,,,,,,,,,0.0532843530116327
166200.0,0.16044179333797523,0.16005188104768991,0.1589160425105748,0.15699955815028238,0.15428246103034182,0.15070085788775836,0.14617288278594545,0.14058643992488806,0.13371275745204264,0.12516269584138726,0.11416752516157858,0.09837504146001112,0.05328162957450944,,,,,,,,,0.05328162957450944
166260.0,0.16040266966851502,0.1600129166779768,0.15887754076536786,0.15696183213882428,0.15424582452557672,0.15066563871478458,0.1461394245043158,0.14055510686404768,0.13368396572978275,0.12513695030310865,0.11414551026759799,0.09835800852515302,0.0532789096646679,,,,,,,,,0.0532789096646679
166320.0,0.16036357981942137,0.15997398596907417,0.15883907221830398,0.15692413855207474,0.15420921936424076,0.15063044948766305,0.14610599444688094,0.14052379997165787,0.13365519775154033,0.1251112256546916,0.1141235128513027,0.09834098868333327,0.05327619327597893,,,,,,,,,0.05327619327597893
166380.0,0.16032452374526796,0.15993508887579352,0.158800636824882,0.15688647734667924,0.15417264550457715,0.15059529016669265,0.1460725925764566,0.1404925192135164,0.13362645348659602,0.12508552186946684,0.11410153289079256,0.09832398191865506,0.05327348040232661,,,,,,,,,0.05327348040232661
166440.0,0.16028550140071054,0.15989622535302692,0.15876223454068056,0.15684884847936098,0.1541361029049039,0.1505601607122428,0.14603921885592358,0.14046126455548072,0.1335977329042837,0.12505983892081127,0.1140795703642042,0.09830698821524785,0.05327077103760812,,,,,,,,,0.05327077103760812
166500.0,0.16024651274048526,0.15985739535574714,0.1587238653213572,0.15681125190691994,0.15409959152361255,0.15052506108475278,0.14600587324822828,0.14043003596346787,0.13356903597399045,0.12503417678214765,0.11405762524971126,0.09829000755726727,0.053268065175733986,,,,,,,,,0.053268065175733986
166560.0,0.1602075577194092,0.15981859883900762,0.15868552912264855,0.1567736875862329,0.15406311131916886,0.15048999124473153,0.14597255571638257,0.1403988334034548,0.13354036266515637,0.1250085354269439,0.11403569752552419,0.09827303992889497,0.05326536281062775,,,,,,,,,0.05326536281062775
166620.0,0.16016863629238065,0.15977983575794172,0.15864722590037075,0.1567361554742539,0.15402666225011183,0.15045495115275886,0.14593926622346282,0.1403676568414776,0.13351171294727449,0.12498291482871329,0.11401378716989018,0.09825608531433841,0.05326266393622617,,,,,,,,,0.05326266393622617
166680.0,0.16012974841437788,0.15974110606776318,0.1586089556104183,0.15669865552801315,0.1539902442750545,0.15041994076948298,0.14590600473261056,0.1403365062436317,0.13348308678989068,0.12495731496101464,0.11399189416109304,0.09823914369783118,0.05325996854647903,,,,,,,,,0.05325996854647903
166740.0,0.16009089404046006,0.1597024097237657,0.15857071820876448,0.15666118770461757,0.15395385735268333,0.15038496005562232,0.14587277120703213,0.1403053815760718,0.13345448416260353,0.1249317357974522,0.11397001847745312,0.09822221506363273,0.05325727663534917,,,,,,,,,0.05325727663534917
166800.0,0.16005207312576647,0.15966374668132252,0.15853251365146095,0.15662375196125006,0.15391750144175734,0.15035000897196463,0.14583956560999806,0.14027428280501147,0.13342590503506388,0.12490617731167508,0.11394816009732746,0.09820529939602836,0.0532545881968125,,,,,,,,,0.0532545881968125
166860.0,0.16001328562551648,0.1596251168958866,0.15849434189463743,0.15658634825516987,0.15388117650110927,0.15031508747936612,0.14580638790484407,0.14024320989672354,0.1333973493769753,0.12488063947737729,0.11392631899910931,0.09818839667932906,0.05325190322485788,,,,,,,,,0.05325190322485788
166920.0,0.1599745314950083,0.1595865203229905,0.1584562028945022,0.15654897654371186,0.1538448824896446,0.15028019553875302,0.14577323805496983,0.14021216281753907,0.13336881715809396,0.12485512226829827,0.11390449516122841,0.09817150689787153,0.05324922171348704,,,,,,,,,0.05324922171348704
166980.0,0.15993581068962154,0.1595479569182457,0.15841809660734132,0.15651163678428698,0.15380861936634166,0.1502453331111203,0.1457401160238388,0.14018114153384814,0.13334030834822802,0.124829625658222,0.11388268856215086,0.09815463003601844,0.05324654365671472,,,,,,,,,0.05324654365671472
167040.0,0.15989712316481428,0.15950942663734288,0.15838002298951825,0.1564743289343819,0.1537723870902513,0.15021050015753104,0.1457070217749791,0.14015014601209935,0.13331182291723714,0.1248041496209772,0.11386089918037881,0.09813776607815755,0.05324386904856855,,,,,,,,,0.05324386904856855
167100.0,0.15985846887612437,0.15947092943605135,0.15834198199747426,0.1564370529515583,0.15373618562049665,0.15017569663911734,0.14567395527198274,0.14011917621879985,0.13328336083503428,0.12477869413043725,0.11383912699445058,0.09812091500870249,0.0532411978830889,,,,,,,,,0.0532411978830889
167160.0,0.1598198477791682,0.15943246527021962,0.15830397358772857,0.15639980879345344,0.15370001491627314,0.15014092251707958,0.14564091647850497,0.14008823212051436,0.13325492207158363,0.12475325916052032,0.11381737198294037,0.0981040768120926,0.053238530154329104,,,,,,,,,0.053238530154329104
167220.0,0.15978125982964173,0.15939403409577438,0.1582659977168768,0.15636259641777922,0.15366387493684827,0.15010617775268695,0.14560790535826523,0.1400573136838666,0.133226506596901,0.12472784468518917,0.11379563412445878,0.09808725147279228,0.05323586585635523,,,,,,,,,0.05323586585635523
167280.0,0.15974270498331916,0.1593556358687207,0.1582280543415921,0.15632541578232315,0.15362776564156208,0.1500714623072759,0.14557492187504617,0.1400264208755378,0.13319811438105386,0.12470245067845027,0.11377391339765196,0.09807043897529165,0.05323320498324606,,,,,,,,,0.05323320498324606
167340.0,0.159704183196054,0.1593172705451422,0.15819014341862425,0.15628826684494718,0.15359168698982567,0.1500367761422516,0.1455419659926937,0.13999555366226743,0.1331697453941617,0.12467707711435512,0.11375220978120205,0.09805363930410604,0.05323054752909308,,,,,,,,,0.05323054752909308
167400.0,0.15966569442377787,0.15927893808119972,0.15815226490480042,0.15625114956358765,0.15355563894112195,0.15000211921908677,0.1455090376751173,0.13996471201085245,0.1331413996063954,0.12465172396699892,0.11373052325382679,0.09803685244377593,0.053227893488000555,,,,,,,,,0.053227893488000555
167460.0,0.1596272386225006,0.15924063843313288,0.15811441875702342,0.15621406389625578,0.1535196214550056,0.14996749149932184,0.1454761368862893,0.13993389588814728,0.13311307698797673,0.1246263912105213,0.11370885379427964,0.09802007837886742,0.053225242854085295,,,,,,,,,0.053225242854085295
167520.0,0.15958881574831058,0.15920237155725833,0.15807660493227316,0.15617700980103658,0.15348363449110242,0.1499328929445649,0.1454432635902449,0.13990310526106478,0.1330847775091792,0.12460107881910566,0.11368720138134979,0.09800331709397155,0.053222595621476756,,,,,,,,,0.053222595621476756
167580.0,0.15955042575737338,0.15916413740997049,0.15803882338760536,0.15613998723608943,0.1534476780091097,0.14989832351649118,0.14541041775108232,0.13987234009657415,0.13305650114032683,0.12457578676697945,0.11366556599386186,0.0979865685737047,0.05321995178431711,,,,,,,,,0.05321995178431711
167640.0,0.15951206860593287,0.15912593594774127,0.15800107408015213,0.15610299615964807,0.153411751968795,0.14986378317684348,0.14537759933296218,0.13984160036170212,0.13302824785179546,0.12455051502841383,0.11364394761067582,0.09796983280270814,0.0532173113367609,,,,,,,,,0.0532173113367609
167700.0,0.15947374425031058,0.1590877671271196,0.1579633569671215,0.15606603653001916,0.15337585632999765,0.14982927188743156,0.1453448083001083,0.13981088602353328,0.13300001761401134,0.12452526357772398,0.11362234621068719,0.09795310976564821,0.05321467427297529,,,,,,,,,0.05321467427297529
167760.0,0.15943545264690495,0.15904963090473104,0.15792567200579707,0.15602910830558364,0.15333999105262708,0.1497947896101323,0.14531204461680602,0.13978019704920813,0.13297181039745182,0.12450003238926824,0.11360076177282676,0.09793639944721626,0.05321204058714,,,,,,,,,0.05321204058714
167820.0,0.15939719375219244,0.15901152723727832,0.15788801915353795,0.1559922114447958,0.15330415609666326,0.14976033630688915,0.1452793082474033,0.1397495334059251,0.13294362617264432,0.12447482143744876,0.11357919427606056,0.0979197018321288,0.053209410273447055,,,,,,,,,0.053209410273447055
167880.0,0.1593589675227262,0.1589734560815409,0.15785039836777856,0.15595534590618315,0.15326835142215703,0.14972591193971238,0.14524659915631039,0.1397188950609388,0.1329154649101678,0.12444963069671142,0.11355764369938964,0.09790301690512704,0.05320678332610104,,,,,,,,,0.05320678332610104
167940.0,0.1593207739151361,0.15893541739437467,0.1578128096060289,0.15591851164834647,0.153232576989229,0.14969151647067855,0.1452139173079996,0.13968828198156083,0.13288732658065114,0.12442446014154472,0.1135361100218502,0.09788634465097684,0.053204159739318885,,,,,,,,,0.053204159739318885
168000.0,0.159282612886129,0.158897411132712,0.15777525282587387,0.15588170862995904,0.1531968327580704,0.14965714986193093,0.14518126266700468,0.13965769413515874,0.13285921115477364,0.12439930974648135,0.11351459322251363,0.09786968505446939,0.053201539507329886,,,,,,,,,0.053201539507329886
168060.0,0.15924448439248867,0.15885943725356091,0.15773772798497301,0.15584493680976785,0.15316111868894156,0.14962281207567907,0.14514863519792148,0.13962713148915734,0.13283111860326466,0.12437417948609641,0.11349309328048596,0.09785303810042008,0.05319892262437568,,,,,,,,,0.05319892262437568
168120.0,0.1592063883910748,0.15882149571400586,0.15770023504106112,0.1558081961465917,0.1531254347421735,0.1495885030741985,0.14511603486540714,0.1395965940110374,0.13280304889690403,0.12434906933500871,0.11347161017490819,0.09783640377366919,0.053196309084710264,,,,,,,,,0.053196309084710264
168180.0,0.1591683248388231,0.15878358647120677,0.15766277395194717,0.15577148659932244,0.15308978087816644,0.14955422281983036,0.14508346163418082,0.1395660816683356,0.1327750020065214,0.12432397926787933,0.11345014388495629,0.09781978205908169,0.053193698882599796,,,,,,,,,0.053193698882599796
168240.0,0.15913029369274578,0.1587457094823998,0.15762534467551484,0.15573480812692408,0.15305415705738976,0.14951997127498207,0.1450509154690225,0.13953559442864466,0.13274697790299658,0.12429890925941293,0.11342869438984078,0.09780317294154722,0.0531910920123227,,,,,,,,,0.0531910920123227
168300.0,0.15909229490993165,0.15870786470489592,0.15758794716972183,0.15569816068843284,0.1530185632403831,0.14948574840212644,0.1450183963347733,0.13950513225961364,0.13271897655725923,0.12427385928435646,0.11340726166880684,0.09778657640597978,0.053188488468169766,,,,,,,,,0.053188488468169766
168360.0,0.15905432844754383,0.15867005209608218,0.15755058139260006,0.15566154424295703,0.15298299938775461,0.1494515541638018,0.1449859041963356,0.13947469512894756,0.13269099794028874,0.12424882931750007,0.11338584570113415,0.0977699924373179,0.05318588824444373,,,,,,,,,0.05318588824444373
168420.0,0.15901639426282238,0.15863227161342,0.15751324730225533,0.155624958749677,0.15294746546018137,0.14941738852261227,0.14495343901867308,0.13944428300440645,0.1326630420231138,0.12422381933367621,0.11336444646613693,0.09775342102052459,0.05318329133545959,,,,,,,,,0.05318329133545959
168480.0,0.158978492313082,0.15859452321444611,0.15747594485686747,0.15558840416784409,0.1529119614184097,0.14938325144122666,0.1449210007668097,0.1394138958538063,0.1326351087768129,0.12419882930776006,0.11334306394316408,0.09773686214058705,0.05318069773554447,,,,,,,,,0.05318069773554447
168540.0,0.15894062255571273,0.1585568068567724,0.1574386740146892,0.1555518804567822,0.15287648722325453,0.14934914288237927,0.1448885894058301,0.13938353364501863,0.1326071981725142,0.12417385921466913,0.11332169811159852,0.09772031578251722,0.05317810743903758,,,,,,,,,0.05317810743903758
168600.0,0.15890278494817922,0.15851912249808503,0.1574014347340473,0.155515387575886,0.15284104283559932,0.1493150628088693,0.14485620490087975,0.13935319634597018,0.13257931018139454,0.12414890902936326,0.11330034895085746,0.09770378193135099,0.05317552044029017,,,,,,,,,0.05317552044029017
168660.0,0.15886497944802233,0.15848147009614466,0.157364226973342,0.15547892548462178,0.15280562821639612,0.14928101118356069,0.14482384721716457,0.1393228839246429,0.1325514447746804,0.12412397872684489,0.11327901644039261,0.09768726057214865,0.05317293673366555,,,,,,,,,0.05317293673366555
168720.0,0.15882720601285677,0.15844384960878652,0.15732705069104613,0.15544249414252656,0.15277024332666508,0.14924698796938182,0.1447915163199504,0.13929259634907393,0.13252360192364734,0.12409906828215811,0.11325770055968983,0.09767075168999467,0.05317035631353899,,,,,,,,,0.05317035631353899
168780.0,0.15878946460037227,0.1584062609939198,0.15728990584570565,0.15540609350920875,0.15273488812749458,0.14921299312932618,0.1447592121745636,0.13926233358735518,0.13249578159961956,0.12407417767038949,0.11323640128826862,0.09765425526999767,0.05316777917429766,,,,,,,,,0.05316777917429766
168840.0,0.15875175516833256,0.15836870420952803,0.1572527923959395,0.15536972354434705,0.152699562580041,0.14917902662645097,0.1447269347463901,0.13923209560763392,0.1324679837739706,0.12404930686666765,0.11321511860568297,0.09763777129729026,0.053165205310340774,,,,,,,,,0.053165205310340774
168900.0,0.15871407767457552,0.15833117921366843,0.15721571030043924,0.15533338420769113,0.15266426664552848,0.1491450884238784,0.14469468400087637,0.13920188237811174,0.1324402084181225,0.12402445584616278,0.11319385249152057,0.09762129975702914,0.05316263471607943,,,,,,,,,0.05316263471607943
168960.0,0.1586764320770139,0.15829368596447196,0.15717865951796875,0.15529707545906107,0.15262900028524914,0.14911117848479413,0.1446624599035282,0.13917169386704478,0.1324124555035463,0.12399962458408728,0.11317260292540293,0.09760484063439487,0.053160067385936545,,,,,,,,,0.053160067385936545
169020.0,0.15863881833363386,0.15825622442014264,0.1571416400073645,0.1552607972583474,0.1525937634605621,0.14907729677244805,0.1446302624199109,0.1391415300427439,0.1323847250017612,0.12397481305569508,0.11315136988698532,0.09758839391459229,0.053157503314346904,,,,,,,,,0.053157503314346904
169080.0,0.15860123640249574,0.15821879453895854,0.1571046517275347,0.15522454956551046,0.15255855613289454,0.1490434432501542,0.1445980915156496,0.13911139087357438,0.13235701688433546,0.12395002123628181,0.11313015335595696,0.09757195958284991,0.05315494249575714,,,,,,,,,0.05315494249575714
169140.0,0.15856368624173295,0.15818139627927097,0.1570676946374601,0.15518833234058113,0.15252337826374032,0.14900961788129,0.14456594715642862,0.13908127632795603,0.13232933112288517,0.12392524910118467,0.11310895331204068,0.09755553762442021,0.05315238492462567,,,,,,,,,0.05315238492462567
169200.0,0.15852616780955286,0.1581440295995038,0.15703076869619298,0.15515214554365991,0.15248822981466081,0.14897582062929646,0.1445338293079919,0.13905118637436226,0.13230166768907484,0.12390049662578238,0.1130877697349926,0.09753912802457926,0.053149830595422595,,,,,,,,,0.053149830595422595
169260.0,0.15848868106423566,0.15810669445815376,0.15699387386285757,0.15511598913491692,0.15245311074728435,0.148942051457678,0.14450173793614196,0.1390211209813209,0.13227402655461726,0.12387576378549509,0.11306660260460273,0.09752273076862715,0.05314727950262978,,,,,,,,,0.05314727950262978
169320.0,0.15845122596413574,0.15806939081379104,0.1569570100966493,0.155079863074592,0.1524180210233058,0.14890831033000237,0.14446967300674066,0.13899108011741376,0.13224640769127302,0.12385105055578417,0.11304545190069415,0.09750634584188742,0.05314473164074078,,,,,,,,,0.05314473164074078
169380.0,0.1584138024676795,0.15803211862505792,0.15692017735683536,0.15504376732299457,0.15238296060448667,0.14887459720990068,0.14443763448570876,0.13896106375127612,0.13221881107085096,0.12382635691215223,0.11302431760312386,0.09748997322970744,0.05314218700426089,,,,,,,,,0.05314218700426089
169440.0,0.15837641053336604,0.1579948778506688,0.15688337560275423,0.155007701840503,0.15234792945265566,0.14884091206106687,0.14440562233902554,0.13893107185159737,0.13219123666520805,0.123801682830143,0.1130031996917816,0.09747361291745817,0.05313964558770696,,,,,,,,,0.05313964558770696
169500.0,0.15833905011976784,0.15795766844941084,0.15684660479381482,0.15497166658756478,0.15231292752970702,0.1488072548472577,0.14437363653272922,0.13890110438712047,0.1321636844462483,0.12377702828534143,0.11298209814659059,0.09745726489053404,0.0531371073856074,,,,,,,,,0.0531371073856074
169560.0,0.15830172118552957,0.15792049038014333,0.15680986488949775,0.15493566152469684,0.15227795479760198,0.14877362553229287,0.14434167703291617,0.13887116132664137,0.13213615438592405,0.12375239325337321,0.11296101294750718,0.0974409291343531,0.0531345723925023,,,,,,,,,0.0531345723925023
169620.0,0.15826442368936805,0.15788334360179707,0.15677315584935403,0.15489968661248416,0.15224301121836714,0.14874002408005446,0.1443097438057414,0.13884124263901026,0.13210864645623466,0.12372777770990488,0.112939944074521,0.09742460563435686,0.053132040602943256,,,,,,,,,0.053132040602943256
169680.0,0.15822715759007275,0.1578462280733754,0.15673647763300552,0.1548637418115813,0.15220809675409572,0.14870645045448772,0.14427783681741785,0.1388113482931297,0.13208116062922734,0.12370318163064425,0.11291889150765438,0.0974082943760099,0.05312951201149339,,,,,,,,,0.05312951201149339
169740.0,0.15818992284650507,0.15780914375395239,0.1566998302001445,0.1548278270827107,0.1521732113669465,0.14867290461959926,0.14424595603421728,0.13878147825795567,0.13205369687699656,0.12367860499133917,0.11289785522696275,0.09739199534480074,0.0531269866127273,,,,,,,,,0.0531269866127273
169800.0,0.15815271941759815,0.15777209060267453,0.15666321351053333,0.15479194238666333,0.15213835501914394,0.14863938653945857,0.1442141014224687,0.13875163250249742,0.13202625517168412,0.12365404776777845,0.11287683521253482,0.09737570852624101,0.05312446440123109,,,,,,,,,0.05312446440123109
169860.0,0.15811554726235677,0.15773506857875877,0.15662662752400483,0.15475608768429827,0.15210352767297783,0.1486058961781968,0.14418227294855923,0.13872181099581707,0.13199883548547894,0.12362950993579148,0.11285583144449156,0.09735943390586552,0.05312194537160221,,,,,,,,,0.05312194537160221
169920.0,0.1580784063398578,0.15769807764149393,0.15659007220046167,0.15472026293654328,0.15206872929080384,0.14857243350000765,0.1441504705789338,0.13869201370702935,0.1319714377906168,0.1236049914712481,0.11283484390298693,0.09734317146923245,0.053119429518449536,,,,,,,,,0.053119429518449536
169980.0,0.1580412966092488,0.15766111775023955,0.15655354749987632,0.1546844681043934,0.15203395983504264,0.14853899846914603,0.14411869428009494,0.1386622406053018,0.13194406205938067,0.12358049235005829,0.1128138725682075,0.09732692120192267,0.05311691683639346,,,,,,,,,0.05311691683639346
170040.0,0.15800421802974934,0.15762418886442603,0.15651705338229127,0.154648703148912,0.15199921926817972,0.14850559104992897,0.14408694401860273,0.1386324916598544,0.1319167082641003,0.12355601254817258,0.11279291742037266,0.09731068308954077,0.05311440732006553,,,,,,,,,0.05311440732006553
170100.0,0.1579671705606493,0.15758729094355456,0.1564805898078182,0.15461296803122926,0.15196450755276597,0.14847221120673465,0.14405521976107444,0.13860276683995998,0.13188937637715248,0.12353155204158178,0.11277197843973437,0.09729445711771435,0.05311190096410871,,,,,,,,,0.05311190096410871
170160.0,0.15793015416131106,0.15755042394719684,0.15644415673663886,0.1545772627125437,0.15192982465141697,0.148438858904003,0.14402352147418485,0.13857306611494308,0.13186206637096023,0.12350711080631636,0.11275105560657672,0.09727824327209394,0.05310939776317722,,,,,,,,,0.05310939776317722
170220.0,0.15789316879116574,0.15751358783499508,0.1564077541290033,0.15454158715412095,0.151895170526813,0.14840553410623508,0.1439918491246659,0.1385433894541811,0.13183477821799322,0.1234826888184473,0.11273014890121649,0.09726204153835302,0.05310689771193658,,,,,,,,,0.05310689771193658
170280.0,0.1578562144097166,0.15747678256666175,0.15637138194523134,0.15450594131729395,0.15186054514169897,0.1483722367779934,0.14396020267930645,0.1385137368271034,0.1318075118907682,0.1234582860540853,0.11270925830400282,0.09724585190218793,0.053104400805063484,,,,,,,,,0.053104400805063484
170340.0,0.1578192909765363,0.15744000810197933,0.15633504014571173,0.15447032516346232,0.15182594845888414,0.14833896688390105,0.14392858210495207,0.13848410820319132,0.13178026736184736,0.12343390248938084,0.11268838379531716,0.0972296743493183,0.053101907037245884,,,,,,,,,0.053101907037245884
170400.0,0.15778239845126923,0.15740326440080035,0.15629872869090194,0.15443473865409252,0.15179138044124207,0.14830572438864228,0.14389698736850548,0.1384545035519779,0.13175304460383985,0.12340953810052453,0.11266752535557323,0.09721350886548619,0.05309941640318287,,,,,,,,,0.05309941640318287
170460.0,0.15774553679362896,0.15736655142304704,0.1562624475413281,0.1543991817507187,0.15175684105171036,0.1482725092569621,0.14386541843692563,0.13842492284304828,0.13172584358940076,0.12338519286374636,0.11264668296521667,0.0971973554364567,0.05309692889758471,,,,,,,,,0.05309692889758471
170520.0,0.1577087059633995,0.1573298691287115,0.15622619665758475,0.15436365441494065,0.1517223302532909,0.14823932145366603,0.1438338752772285,0.13839536604603914,0.1316986642912315,0.12336086675531606,0.11262585660472536,0.0971812140480177,0.05309444451517284,,,,,,,,,0.05309444451517284
170580.0,0.15767190592043484,0.1572932174778551,0.15618997600033518,0.15432815660842514,0.15168784800904903,0.1482061609436204,0.1438023578564859,0.13836583313063905,0.13167150668207908,0.12333655975154291,0.11260504625460936,0.09716508468597966,0.05309196325067966,,,,,,,,,0.05309196325067966
170640.0,0.15763513662465803,0.15725659643060888,0.1561537855303105,0.15429268829290543,0.15165339428211413,0.14817302769175134,0.14377086614182646,0.13833632406658733,0.13164437073473656,0.12331227182877552,0.11258425189541044,0.09714896733617584,0.053089485098848706,,,,,,,,,0.053089485098848706
170700.0,0.15759839803606274,0.15722000594717248,0.15611762520831027,0.1542572494301805,0.1516189690356792,0.1481399216630459,0.14373940010043473,0.13830683882367575,0.1316172564220428,0.12328800296340203,0.11256347350770243,0.09713286198446212,0.05308701005443457,,,,,,,,,0.05308701005443457
170760.0,0.15756169011471116,0.15718344598781536,0.1560814949952016,0.1542218399821157,0.15158457223300043,0.1481068428225508,0.14370795969955127,0.13827737737174634,0.1315901637168824,0.12326375313184988,0.11254271107209086,0.09711676861671663,0.05308453811220283,,,,,,,,,0.05308453811220283
170820.0,0.15752501282073575,0.1571469165128753,0.15604539485191957,0.1541864599106424,0.1515502038373977,0.148073791135373,0.1436765449064727,0.13824793968069274,0.13156309259218585,0.12323952231058558,0.1125219645692131,0.09710068721884073,0.053082069266930036,,,,,,,,,0.053082069266930036
170880.0,0.15748836611433692,0.15711041748275936,0.15600932473946683,0.15415110917775732,0.15151586381225376,0.14804076656667944,0.14364515568855152,0.13821852572045978,0.13153604302092856,0.12321531047611488,0.1125012339797382,0.09708461777675773,0.053079603513403746,,,,,,,,,0.053079603513403746
170940.0,0.15745174995578534,0.15707394885794282,0.15597328461891397,0.15411578774552354,0.15148155212101463,0.14800776908169627,0.1436137920131958,0.13818913546104297,0.13150901497613168,0.12319111760498251,0.11248051928436699,0.09706856027641347,0.05307714084642238,,,,,,,,,0.05307714084642238
171000.0,0.15741516430541946,0.1570375105989698,0.15593727445139835,0.1540804955760688,0.15144726872718903,0.1479747986457097,0.143582453847869,0.1381597688724887,0.13148200843086155,0.12316694367377233,0.11245982046383168,0.09705251470377638,0.05307468126079532,,,,,,,,,0.05307468126079532
171060.0,0.15737860912364712,0.15700110266645217,0.15590129419812473,0.15404523263158676,0.15141301359434886,0.14794185522406542,0.1435511411600907,0.13813042592489413,0.13145502335822995,0.12314278865910679,0.11243913749889596,0.09703648104483709,0.05307222475134278,,,,,,,,,0.05307222475134278
171120.0,0.157342084370945,0.1569647250210704,0.15586534382036543,0.1540099988743362,0.1513787866861282,0.14790893878216835,0.14351985391743508,0.138101106588407,0.1314280597313937,0.12311865253764744,0.11241847037035524,0.09702045928560847,0.053069771312895794,,,,,,,,,0.053069771312895794
171180.0,0.15730559000785707,0.15692837762357278,0.15582942327945884,0.15397479426664085,0.15134458796622388,0.14787604928548276,0.1434885920875319,0.1380718108332256,0.13140111752355452,0.12309453528609435,0.112397819059036,0.09700444941212574,0.05306732094029629,,,,,,,,,0.05306732094029629
171240.0,0.1572691259949965,0.15689206043477608,0.1557935325368105,0.15393961877088963,0.1513104173983953,0.14784318669953178,0.14345735563806603,0.1380425386295987,0.13137419670795947,0.12307043688118643,0.11237718354579622,0.09698845141044643,0.05306487362839693,,,,,,,,,0.05306487362839693
171300.0,0.1572326922930439,0.15685577341556406,0.15575767155389314,0.15390447234953586,0.1512762749464639,0.14781035098989775,0.1434261445367772,0.1380132899478249,0.13134729725789987,0.12304635729970088,0.11235656381152492,0.09697246526665028,0.053062429372061085,,,,,,,,,0.053062429372061085
171360.0,0.15719628886274895,0.15681951652688816,0.15572184029224487,0.15386935496509813,0.15124216057431303,0.1477775421222218,0.1433949587514603,0.1379840647582538,0.13132041914671197,0.12302229651845364,0.1123359598371427,0.09695649096683905,0.05305998816616303,,,,,,,,,0.05305998816616303
171420.0,0.15715991566492804,0.15678328972976766,0.1556860387134709,0.15383426658015878,0.1512080742458883,0.1477447600622037,0.14336379824996476,0.13795486303128424,0.13129356234777737,0.12299825451429909,0.1123153716036009,0.09694052849713651,0.05305755000558762,,,,,,,,,0.05305755000558762
171480.0,0.15712357266046575,0.15674709298528897,0.15565026677924265,0.153799207157365,0.15117401592519727,0.14771200477560223,0.1433326630001947,0.13792568473736572,0.13126672683452123,0.12297423126412964,0.11229479909188216,0.09692457784368871,0.05305511488523042,,,,,,,,,0.05305511488523042
171540.0,0.1570872598103139,0.15671092625460561,0.15561452445129745,0.15376417665942838,0.1511399855763089,0.14767927622823404,0.14330155297010866,0.1378965298469971,0.1312399125804138,0.12295022674487617,0.11227424228299991,0.09690863899266355,0.053052682799997725,,,,,,,,,0.053052682799997725
171600.0,0.15705097707549182,0.1566747894989382,0.1555788116914387,0.15372917504912448,0.15110598316335425,0.14764657438597456,0.1432704681277198,0.13786739833072753,0.13121311955896936,0.12292624093350764,0.11225370115799865,0.09689271193025084,0.053050253744806354,,,,,,,,,0.053050253744806354
171660.0,0.15701472441708642,0.1566386826795741,0.15554312846153515,0.1536942022892926,0.1510720086505251,0.14761389921475723,0.14323940844109556,0.13783829015915516,0.13118634774374693,0.12290227380703121,0.11223317569795364,0.09687679664266255,0.05304782771458375,,,,,,,,,0.05304782771458375
171720.0,0.15697850179625156,0.15660260575786744,0.15550747472352167,0.15365925834283597,0.15103806200207537,0.14758125068057368,0.14320837387835733,0.13780920530292837,0.13115959710834935,0.12287832534249193,0.11221266588397133,0.09686089311613222,0.05304540470426802,,,,,,,,,0.05304540470426802
171780.0,0.15694230917420818,0.1565665586952391,0.15547185043939868,0.1536243431727217,0.15100414318231958,0.1475486287494738,0.14317736440768108,0.13778014373274483,0.13113286762642365,0.12285439551697296,0.11219217169718843,0.09684500133691537,0.053042984708807715,,,,,,,,,0.053042984708807715
171840.0,0.15690614651224358,0.15653054145317621,0.15543625557123156,0.15358945674198032,0.15097025215563348,0.1475160333875648,0.1431463799972959,0.13775110541935115,0.131106159271661,0.12283048430759505,0.11217169311877247,0.09682912129128932,0.05304056772316204,,,,,,,,,0.05304056772316204
171900.0,0.15687001377171195,0.15649455399323228,0.15540069008115115,0.15355459901370605,0.15093638888645394,0.14748346456101213,0.1431154206154856,0.13772209033354388,0.13107947201779607,0.122806591691517,0.11215123012992162,0.09681325296555314,0.0530381537423006,,,,,,,,,0.0530381537423006
171960.0,0.15683391091403387,0.156458596277027,0.15536515393135322,0.1535197699510561,0.15090255333927838,0.14745092223603892,0.14308448623058745,0.13769309844616806,0.13105280583860807,0.12278271764593507,0.11213078271186475,0.09679739634602752,0.05303574276120344,,,,,,,,,0.05303574276120344
172020.0,0.15679783790069693,0.1564226682662462,0.15532964708409885,0.15348496951725107,0.15086874547866533,0.14741840637892492,0.1430535768109921,0.13766412972811815,0.13102616070791964,0.12275886214808335,0.11211035084586106,0.0967815514190548,0.05303333477486116,,,,,,,,,0.05303333477486116
172080.0,0.15676179469325413,0.15638676992264133,0.1552941695017139,0.15345019767557427,0.15083496526923318,0.1473859169560084,0.1430226923251439,0.13763518415033707,0.13099953659959662,0.12273502517523328,0.1120899345132002,0.09676571817099888,0.05303092977827468,,,,,,,,,0.05303092977827468
172140.0,0.15672578125332517,0.15635090120803,0.15525872114658823,0.15341545438937232,0.1508012126756615,0.14735345393368407,0.1429918327415405,0.13760626168381793,0.13097293348754924,0.12271120670469386,0.11206953369520233,0.09674989658824555,0.05302852776645551,,,,,,,,,0.05302852776645551
172200.0,0.15668979754259565,0.15631506208429458,0.15522330198117715,0.15338073962205429,0.1507674876626897,0.1473210172784046,0.14296099802873286,0.1375773622996009,0.13094635134573046,0.1226874067138117,0.11204914837321778,0.09673408665720176,0.05302612873442523,,,,,,,,,0.05302612873442523
172260.0,0.15665384352281714,0.15627925251338384,0.15518791196799958,0.153346053337092,0.15073379019511715,0.1472886069566789,0.14293018815532527,0.13754848596877559,0.13091979014813696,0.12266362517997027,0.1120287785286271,0.09671828836429615,0.053023732677216044,,,,,,,,,0.053023732677216044
172320.0,0.1566179191558058,0.15624347245731138,0.1551525510696392,0.15331139549801986,0.15070012023780407,0.14725622293507273,0.1428994030899748,0.13751963266248032,0.13089324986880851,0.12263986208059065,0.11200842414284126,0.09670250169597863,0.053021339589870264,,,,,,,,,0.053021339589870264
172380.0,0.15658202440344504,0.15620772187815601,0.1551172192487436,0.15327676606843457,0.15066647775566983,0.1472238651802092,0.14286864280139194,0.13749080235190128,0.1308667304818285,0.12261611739313094,0.11198808519730093,0.09668672663872069,0.053018949467440644,,,,,,,,,0.053018949467440644
172440.0,0.15654615922768245,0.15617200073806195,0.15508191646802452,0.153242165011995,0.15063286271369386,0.14719153365876805,0.14283790725833928,0.13746199500827366,0.13084023196132316,0.12259239109508627,0.11196776167347743,0.09667096317901504,0.053016562304990175,,,,,,,,,0.053016562304990175
172500.0,0.15651032359053138,0.1561363089992377,0.1550466426902574,0.15320759229242192,0.15059927507691556,0.14715922833748488,0.14280719642963263,0.13743321060288044,0.13081375428146144,0.12256868316398889,0.11194745355287154,0.09665521130337588,0.053014178097592034,,,,,,,,,0.053014178097592034
172560.0,0.15647451745407015,0.15610064662395717,0.15501139787828128,0.15317304787349872,0.15056571481043324,0.14712694918315236,0.1427765102841408,0.13740444910705243,0.13078729741645573,0.12254499357740804,0.11192716081701426,0.09663947099833851,0.053011796840329715,,,,,,,,,0.053011796840329715
172620.0,0.15643874078044195,0.1560650135745585,0.15497618199499966,0.15313853171906996,0.15053218187940515,0.14709469616261944,0.14274584879078403,0.1373757104921694,0.13076086134056114,0.12252132231294954,0.11190688344746638,0.09662374225045944,0.05300941852829674,,,,,,,,,0.05300941852829674
172680.0,0.15640299353185527,0.1560294098134445,0.15494099500337827,0.15310404379304215,0.15049867624904845,0.1470624692427908,0.14271521191853614,0.1373469947296583,0.13073444602807552,0.12249766934825625,0.11188662142581855,0.0966080250463165,0.05300704315659692,,,,,,,,,0.05300704315659692
172740.0,0.15636727567058287,0.15599383530308178,0.15490583686644652,0.15306958405938345,0.15046519788463958,0.14703026839062747,0.14268459963642222,0.13731830179099436,0.13070805145333894,0.12247403466100765,0.11186637473369136,0.09659231937250856,0.05300467072034424,,,,,,,,,0.05300467072034424
172800.0,0.1563315871589624,0.1559582900060023,0.1548707075472976,0.15303515248212346,0.15043174675151422,0.14699809357314633,0.14265401191352017,0.13728963164769983,0.1306816775907347,0.12245041822891985,0.11184614335273481,0.09657662521565581,0.05300230121466265,,,,,,,,,0.05300230121466265
172860.0,0.156295927959396,0.15592277388480114,0.1548356070090869,0.15300074902535282,0.15039832281506685,0.14696594475742047,0.14262344871895968,0.13726098427134556,0.1306553244146883,0.1224268200297454,0.11182592726462867,0.0965609425623991,0.05299993463468642,,,,,,,,,0.05299993463468642
172920.0,0.15626029803434954,0.15588728690213782,0.15480053521503348,0.15296637365322388,0.1503649260407503,0.14693382191057794,0.14259291002192237,0.13723235963354927,0.13062899189966762,0.1224032400412737,0.11180572645108235,0.09654527139940058,0.05299757097555967,,,,,,,,,0.05299757097555967
172980.0,0.15622469734635333,0.15585182902073508,0.1547654921284187,0.15293202632994954,0.15033155639407694,0.14690172499980328,0.1425623957916422,0.13720375770597623,0.13060268002018285,0.12237967824133016,0.11178554089383459,0.09652961171334334,0.052995210232436675,,,,,,,,,0.052995210232436675
173040.0,0.15618912585800218,0.15581640020337997,0.15473047771258652,0.15289770701980382,0.15029821384061706,0.14686965399233573,0.1425319059974042,0.1371751784603392,0.13057638875078642,0.12235613460777668,0.11176537057465384,0.09651396349093148,0.052992852400481696,,,,,,,,,0.052992852400481696
173100.0,0.1561535835319543,0.1557810004129229,0.15469549193094356,0.1528634156871216,0.15026489834599946,0.14683760885547037,0.14250144060854553,0.13714662186839807,0.13055011806607303,0.12233260911851149,0.11174521547533783,0.09649832671888972,0.05299049747486903,,,,,,,,,0.05299049747486903
173160.0,0.15611807033093172,0.15574562961227767,0.15466053474695896,0.15282915229629818,0.15023160987591125,0.14680558955655723,0.14247099959445458,0.13711808790196012,0.13052386794067955,0.12230910175146896,0.11172507557771355,0.09648270138396388,0.052988145450782856,,,,,,,,,0.052988145450782856
173220.0,0.15608258621772078,0.1557102877644212,0.15462560612416415,0.15279491681178958,0.15019834839609777,0.14677359606300172,0.1424405829245713,0.13708957653287923,0.1304976383492839,0.12228561248461936,0.1117049508636374,0.09646708747292067,0.052985796323417385,,,,,,,,,0.052985796323417385
173280.0,0.15604713115516983,0.15567497483239393,0.15459070602615238,0.15276070919811258,0.15016511387236242,0.14674162834226387,0.1424101905683867,0.13706108773305642,0.1304714292666074,0.12226214129596925,0.11168484131499504,0.09645148497254737,0.05298345008797669,,,,,,,,,0.05298345008797669
173340.0,0.1560117051061919,0.15563969077929868,0.15455583441657886,0.15272652941984385,0.15013190627056622,0.14670968636185916,0.14237982249544318,0.13703262147443976,0.1304452406674119,0.12223868816356108,0.11166474691370122,0.09643589386965187,0.05298110673967475,,,,,,,,,0.05298110673967475
173400.0,0.1559763080337629,0.15560443556830178,0.15452099125916105,0.15269237744162015,0.15009872555662856,0.14667777008935756,0.14234947867533468,0.1370041777290239,0.13041907252650156,0.12221525306547316,0.1116446676416997,0.0964203141510632,0.05297876627373548,,,,,,,,,0.05297876627373548
173460.0,0.15594093990092134,0.15556920916263198,0.1544861765176776,0.15265825322813847,0.15006557169652615,0.14664587949238367,0.14231915907770526,0.1369757564688498,0.13039292481872208,0.12219183597981971,0.11162460348096348,0.09640474580363063,0.05297642868539253,,,,,,,,,0.05297642868539253
173520.0,0.15590560067076958,0.15553401152558077,0.15445139015596943,0.15262415674415553,0.15003244465629312,0.14661401453861658,0.14228886367225055,0.13694735766600577,0.1303667975189603,0.1221684368847505,0.1116045544134945,0.09638918881422434,0.05297409396988949,,,,,,,,,0.05297409396988949
173580.0,0.1558702903064722,0.15549884262050193,0.1544166321379381,0.15259008795448803,0.1499993444020213,0.14658217519579,0.14225859242871663,0.13691898129262595,0.13034069060214512,0.12214505575845128,0.11158452042132358,0.0963736431697347,0.05297176212247963,,,,,,,,,0.05297176212247963
173640.0,0.15583500877125642,0.15546370241081162,0.15438190242754726,0.15255604682401241,0.14996627089986006,0.1465503614316917,0.14222834531690037,0.13689062732089116,0.13031460404324618,0.12212169257914306,0.1115645014865105,0.09635810885707294,0.05296943313842605,,,,,,,,,0.05296943313842605
173700.0,0.15579975602841223,0.15542859085998828,0.15434720098882143,0.15252203331766434,0.14993322411601553,0.14651857321416428,0.14219812230664913,0.13686229572302824,0.13028853781727517,0.12209834732508262,0.11154449759114385,0.09634258586317064,0.05296710701300163,,,,,,,,,0.05296710701300163
173760.0,0.15576453204129223,0.15539350793157286,0.15431252778584625,0.15248804740043895,0.14990020401675078,0.1464868105111037,0.1421679233678609,0.1368339864713104,0.1302624918992843,0.12207501997456217,0.11152450871734068,0.09632707417497988,0.05296478374148893,,,,,,,,,0.05296478374148893
173820.0,0.1557293367733106,0.1553584535891673,0.15427788278276816,0.15245408903739077,0.1498672105683865,0.1464550732904603,0.14213774847048383,0.13680569953805663,0.1302364662643672,0.12205171050590906,0.11150453484724711,0.09631157377947305,0.05296246331918023,,,,,,,,,0.05296246331918023
173880.0,0.15569417018794457,0.15532342779643615,0.15424326594379487,0.15242015819363353,0.14983424373729953,0.1464233615202381,0.1421075975845163,0.13677743489563232,0.13021046088765836,0.12202841889748621,0.11148457596303776,0.09629608466364306,0.052960145741377466,,,,,,,,,0.052960145741377466
173940.0,0.15565903224873284,0.1552884305171055,0.154208677233194,0.15238625483433993,0.14980130348992404,0.1463916751684951,0.142077470680007,0.1367491925164486,0.13018447574433364,0.12200514512769176,0.11146463204691602,0.09628060681450308,0.05295783100339231,,,,,,,,,0.05295783100339231
174000.0,0.1556239229192765,0.15525346171496252,0.15417411661529465,0.15235237892474127,0.14976838979275034,0.14636001420334277,0.1420473677270545,0.13672097237296246,0.13015851080960902,0.12198188917495884,0.11144470308111362,0.09626514021908637,0.05295551910054591,,,,,,,,,0.05295551910054591
174060.0,0.1555888421632375,0.15521852135385647,0.15413958405448547,0.15231853043012794,0.14973550261232557,0.1463283785929461,0.1420172886958076,0.13669277443767616,0.13013256605874185,0.1219586510177559,0.11142478904789077,0.09624968486444682,0.05295321002816918,,,,,,,,,0.05295321002816918
174120.0,0.1555537899443406,0.15518360939769724,0.1541050795152162,0.15228470931584936,0.149702641915253,0.14629676830552385,0.1419872335564647,0.13666459868313796,0.1301066414670302,0.12193543063458621,0.11140488992953608,0.0962342407376581,0.052950903781602617,,,,,,,,,0.052950903781602617
174180.0,0.15551876622637112,0.15514872581045705,0.15407060296199626,0.15225091554731265,0.14966980766819205,0.14626518330934782,0.14195720227927383,0.13663644508194142,0.13008073700981232,0.12191222800398809,0.11138500570836657,0.09621880782581446,0.05294860035619609,,,,,,,,,0.05294860035619609
174240.0,0.15548377097317628,0.15511387055616785,0.1540361543593953,0.15221714908998407,0.14963699983785875,0.1462336235727426,0.14192719483453314,0.1366083136067261,0.13005485266246733,0.12188904310453477,0.11136513636672754,0.09620338611603009,0.052946299747309244,,,,,,,,,0.052946299747309244
174300.0,0.15544880414866427,0.15507904359892283,0.1540017336720427,0.15218340990938783,0.14960421839102467,0.14620208906408683,0.14189721119258952,0.1365802042301758,0.1300289884004147,0.12186587591483428,0.11134528188699258,0.09618797559543912,0.05294400195031106,,,,,,,,,0.05294400195031106
174360.0,0.15541386571680477,0.1550442449028768,0.15396734086462818,0.15214969797110633,0.14957146329451726,0.14617057975181114,0.1418672513238399,0.136552116925021,0.13000314419911405,0.12184272641352929,0.11132544225156359,0.09617257625119595,0.05294170696058013,,,,,,,,,0.05294170696058013
174420.0,0.15537895564162818,0.155009474432244,0.15393297590190066,0.15211601324078,0.14953873451522026,0.14613909560439933,0.14183731519873027,0.13652405166403583,0.1299773200340653,0.12181959457929727,0.11130561744287024,0.09615718807047505,0.05293941477350443,,,,,,,,,0.05293941477350443
174480.0,0.15534407388722551,0.15497473215130012,0.1538986387486687,0.15208235568410725,0.1495060320200724,0.1461076365903886,0.14180740278775605,0.1364960084200402,0.12995151588080905,0.12179648039085018,0.11128580744337047,0.09614181104047052,0.05293712538448144,,,,,,,,,0.05293712538448144
174540.0,0.15530922041774928,0.15494001802438084,0.15386432936980027,0.1520487252668445,0.1494733557760686,0.14607620267836824,0.14177751406146155,0.13646798716589903,0.12992573171492586,0.12177338382693462,0.11126601223555038,0.09612644514839656,0.052934838788917964,,,,,,,,,0.052934838788917964
174600.0,0.15527439519741199,0.15490533201588197,0.15383004773022263,0.15201512195480543,0.14944070575025872,0.14604479383698007,0.14174764899044034,0.13643998787452202,0.12989996751203575,0.12175030486633158,0.11124623180192394,0.09611109038148752,0.0529325549822303,,,,,,,,,0.0529325549822303
174660.0,0.15523959819048666,0.15487067409026017,0.15379579379492272,0.15198154571386163,0.1494080819097484,0.1460134100349183,0.14171780754533458,0.13641201051886367,0.1298742232477994,0.12172724348785643,0.11122646612503288,0.09609574672699725,0.052930273959844114,,,,,,,,,0.052930273959844114
174720.0,0.15520482936130697,0.15483604421203162,0.15376156752894574,0.15194799650994187,0.149375484221698,0.14598205124092975,0.1416879896968356,0.13638405507192278,0.1298484988979169,0.12170419967035899,0.11120671518744689,0.09608041417219948,0.05292799571719437,,,,,,,,,0.05292799571719437
174780.0,0.15517008867426685,0.1548014423457723,0.15372736889739622,0.15191447430903243,0.149342912653323,0.14595071742381302,0.14165819541568314,0.136356121506743,0.12982279443812816,0.12168117339272307,0.11118697897176366,0.09606509270438796,0.052925720249725444,,,,,,,,,0.052925720249725444
174840.0,0.1551353760938198,0.1547668684561183,0.15369319786543761,0.151880979077177,0.14931036717189428,0.14591940855241947,0.14162842467266573,0.13632820979641283,0.1297971098442133,0.12165816463386689,0.11116725746060833,0.09604978231087592,0.05292344755289099,,,,,,,,,0.05292344755289099
174900.0,0.15510069158448012,0.15473232250776484,0.15365905439829178,0.1518475107804756,0.149277847744737,0.14588812459565195,0.14159867743862053,0.13630031991406463,0.12977144509199123,0.12163517337274295,0.11114755063663377,0.0960344829789963,0.05292117762215389,,,,,,,,,0.05292117762215389
174960.0,0.155066035110821,0.15469780446546708,0.15362493846123929,0.15181406938508607,0.14924535433923172,0.14585686552246516,0.14156895368443262,0.13627245183287534,0.1297458001573212,0.12161219958833716,0.11112785848252056,0.09601919469610182,0.05291891045298634,,,,,,,,,0.05291891045298634
175020.0,0.1550314066374762,0.15466331429403987,0.15359085001961925,0.15178065485722253,0.1492128869228131,0.14582563130186607,0.14153925338103573,0.13624460552606607,0.129720175016101,0.12158924325967008,0.1111081809809768,0.09600391744956471,0.052916646040869736,,,,,,,,,0.052916646040869736
175080.0,0.15499680612913871,0.15462885195835668,0.15355678903882905,0.15174726716315623,0.1491804454629708,0.14579442190291275,0.141509576499412,0.13621678096690165,0.1296945696442691,0.12156630436579581,0.11108851811473833,0.09598865122677687,0.052914384381294706,,,,,,,,,0.052914384381294706
175140.0,0.15496223355056102,0.15459441742335048,0.15352275548432423,0.15171390626921483,0.14914802992724827,0.14576323729471508,0.14147992301059145,0.13618897812869182,0.12966898401780205,0.1215433828858025,0.11106886986656815,0.09597339601514987,0.05291212546976112,,,,,,,,,0.05291212546976112
175200.0,0.15492768886655492,0.15456001065401312,0.15348874932161813,0.1516805721417822,0.1491156402832435,0.1457320774464344,0.14145029288565175,0.13616119698478962,0.1296434181127165,0.1215204787988117,0.11104923621925665,0.09595815180211453,0.052909869301778004,,,,,,,,,0.052909869301778004
175260.0,0.1548931720419917,0.15452563161539545,0.15345477051628256,0.15164726474729925,0.14908327649860892,0.14570094232728356,0.14142068609571934,0.13613343750859203,0.12961787190506774,0.12149759208397921,0.1110296171556221,0.09594291857512112,0.05290761587286344,,,,,,,,,0.05290761587286344
175320.0,0.1548586830418015,0.1544912802726072,0.15342081903394703,0.15161398405226273,0.14905093854105092,0.14566983190652621,0.14139110261196802,0.13610569967353997,0.12959234537095007,0.12147472272049394,0.11101001265850942,0.0959276963216397,0.052905365178544744,,,,,,,,,0.052905365178544744
175380.0,0.15482422183097344,0.15445695659081654,0.15338689484029838,0.15158073002322547,0.14901862637832977,0.14563874615347774,0.14136154240561877,0.13607798345311767,0.1295668384864971,0.12145187068757866,0.11099042271079108,0.09591248502915942,0.052903117214358406,,,,,,,,,0.052903117214358406
175440.0,0.1547897883745558,0.1544226605352503,0.1533529979010811,0.1515475026267965,0.1489863399782593,0.14560768503750424,0.1413320054479412,0.13605028882085332,0.12954135122788102,0.12142903596448962,0.1109708472953667,0.09589728468518877,0.0529008719758498,,,,,,,,,0.0529008719758498
175500.0,0.15475538263765512,0.15438839207119398,0.15331912818209806,0.15151430182964049,0.14895407930870733,0.14557664852802266,0.14130249171025167,0.13602261575031854,0.12951588357131322,0.12140621853051645,0.11095128639516331,0.09588209527725575,0.05289862945857346,,,,,,,,,0.05289862945857346
175560.0,0.15472100458543722,0.15435415116399073,0.15328528564920804,0.15148112759847832,0.14892184433759542,0.14554563659450107,0.14127300116391447,0.13599496421512838,0.12949043549304354,0.12138341836498213,0.11093173999313455,0.09586691679290739,0.05289638965809294,,,,,,,,,0.05289638965809294
175620.0,0.15468665418312572,0.1543199377790425,0.15325147026832842,0.15144797990008624,0.14888963503289832,0.145514649206458,0.14124353378034082,0.135967334188941,0.12946500696936084,0.12136063544724306,0.11091220807226128,0.0958517492197103,0.05289415256998088,,,,,,,,,0.05289415256998088
175680.0,0.15465233139600318,0.15428575188180896,0.15321768200543281,0.1514148587012961,0.1488574513626445,0.14548368633346262,0.1412140895309894,0.13593972564545798,0.12943959797659213,0.12133786975668866,0.11089269061555146,0.09583659254524995,0.05289191818981885,,,,,,,,,0.05289191818981885
175740.0,0.15461803618940978,0.154251593437808,0.15318392082655222,0.1513817639689953,0.14882529329491573,0.145452747945135,0.14118466838736585,0.13591213855842435,0.12941420849110297,0.12131512127274167,0.11087318760603987,0.09582144675713118,0.05288968651319738,,,,,,,,,0.05288968651319738
175800.0,0.15458376852874425,0.1542174624126146,0.15315018669777436,0.15134869567012615,0.14879316079784652,0.1454218340111449,0.14115527032102307,0.1358845729016273,0.12938883848929783,0.1212923899748578,0.11085369902678814,0.09580631184297807,0.052887457535716074,,,,,,,,,0.052887457535716074
175860.0,0.15454952837946345,0.15418335877186243,0.15311647958524366,0.1513156537716871,0.1487610538396248,0.14539094450121295,0.1411258953035608,0.13585702864889787,0.12936348794761887,0.12126967584252603,0.11083422486088489,0.09579118779043348,0.0528852312529833,,,,,,,,,0.0528852312529833
175920.0,0.154515315707082,0.1541492824812419,0.1530827994551611,0.15128263824073085,0.14872897238849164,0.1453600793851097,0.14109654330662544,0.13582950577410957,0.12933815684254704,0.12124697885526808,0.11081476509144543,0.09577607458715952,0.05288300766061638,,,,,,,,,0.05288300766061638
175980.0,0.15448113047717202,0.15411523350650158,0.15304914627378477,0.15124964904436533,0.14869691641274016,0.14532923863265618,0.14106721430191058,0.1358020042511787,0.12931284515060124,0.12122429899263878,0.1107953197016117,0.09576097222083728,0.05288078675424164,,,,,,,,,0.05288078675424164
176040.0,0.1544469726553635,0.15408121181344678,0.15301552000742863,0.15121668614975348,0.1486648858807171,0.14529842221372288,0.1410379082611559,0.13577452405406443,0.12928755284833898,0.12120163623422543,0.11077588867455228,0.0957458806791671,0.05287856852949414,,,,,,,,,0.05287856852949414
176100.0,0.15441284220734453,0.1540472173679399,0.15298192062246327,0.15118374952411276,0.14863288076082126,0.1452676300982303,0.14100862515614798,0.13574706515676824,0.12926227991235498,0.12117899055964848,0.11075647199346245,0.09573079994986766,0.052876352982017816,,,,,,,,,0.052876352982017816
176160.0,0.15437873909885957,0.15401325013590142,0.1529483480853147,0.1511508391347155,0.14860090102150453,0.14523686225614926,0.1409793649587197,0.13571962753333447,0.12923702631928227,0.12115636194856089,0.11073706964156393,0.09571573002067715,0.052874140107465474,,,,,,,,,0.052874140107465474
176220.0,0.15434466329571075,0.1539793100833077,0.15291480236246602,0.15111795494888847,0.1485689466312704,0.14520611865749944,0.14095012764075074,0.13569221115785013,0.12921179204579214,0.1211337503806483,0.11071768160210516,0.09570067087935208,0.05287192990149864,,,,,,,,,0.05287192990149864
176280.0,0.1543106147637578,0.1539453971761928,0.15288128342045554,0.1510850969340126,0.14853701755867524,0.1451753992723511,0.14092091317416644,0.13566481600444397,0.12918657706859327,0.12111115583562886,0.11069830785836081,0.09568562251366844,0.05286972235978777,,,,,,,,,0.05286972235978777
176340.0,0.1542765934689172,0.15391151138064688,0.1528477912258778,0.15105226505752362,0.1485051137723278,0.14514470407082286,0.1408917215309386,0.1356374420472873,0.1291613813644324,0.12108857829325338,0.11067894839363214,0.0956705849114205,0.052867517478011855,,,,,,,,,0.052867517478011855
176400.0,0.15424259937716195,0.15387765266281683,0.1528143257453826,0.1510194592869113,0.14847323524088832,0.14511403302308382,0.14086255268308517,0.13561008926059376,0.12913620491009367,0.12106601773330494,0.11065960319124658,0.09565555806042168,0.05286531525185882,,,,,,,,,0.05286531525185882
176460.0,0.15420863245452224,0.1538438209889064,0.15278088694567582,0.15098667958971923,0.14844138193306905,0.1450833860993516,0.14083340660266977,0.13558275761861857,0.12911104768239887,0.12104347413559911,0.11064027223455793,0.09564054194850373,0.052863115677025174,,,,,,,,,0.052863115677025174
176520.0,0.15417469266708572,0.15381001632517532,0.152747474793519,0.15095392593354534,0.1484095538176348,0.1450527632698931,0.14080428326180247,0.13555544709565964,0.12908590965820743,0.12102094747998361,0.11062095550694628,0.09562553656351733,0.05286091874921621,,,,,,,,,0.05286091874921621
176580.0,0.15414077998099507,0.15377623863793977,0.15271408925572827,0.15092119828604106,0.14837775086340144,0.1450221645050245,0.1407751826326387,0.1355281576660564,0.1290607908144161,0.12099843774633869,0.11060165299181773,0.09561054189333174,0.05285872446414592,,,,,,,,,0.05285872446414592
176640.0,0.1541068943624503,0.1537424878935719,0.1526807302991753,0.15088849661491183,0.14834597303923683,0.14499158977511062,0.1407461046873796,0.1355008893041904,0.1290356911279588,0.1209759449145765,0.11058236467260472,0.09559555792583493,0.052856532817536814,,,,,,,,,0.052856532817536814
176700.0,0.15407303577770803,0.15370876405850065,0.1526473978907875,0.1508558208879165,0.14831422031406027,0.14496103905056582,0.14071704939827215,0.13547364198448467,0.12901061057580712,0.12095346896464147,0.11056309053276561,0.09558058464893347,0.05285434380512018,,,,,,,,,0.05285434380512018
176760.0,0.1540392041930804,0.15367506709921,0.15261409199754644,0.15082317107286775,0.14828249265684273,0.14493051230185275,0.14068801673760847,0.13544641568140386,0.12898554913496982,0.12093100987650995,0.11054383055578504,0.09556562205055233,0.05285215742263588,,,,,,,,,0.05285215742263588
176820.0,0.15400539957493672,0.1536413969822399,0.15258081258648926,0.1507905471376314,0.14825079003660627,0.14490000949948256,0.1406590066777266,0.1354192103694548,0.12896050678249263,0.12090856763019053,0.11052458472517346,0.09555067011863509,0.052849973665832266,,,,,,,,,0.052849973665832266
176880.0,0.15397162188970095,0.1536077536741865,0.15254755962470745,0.15075794905012677,0.14821911242242397,0.14486953061401558,0.14063001919100976,0.13539202602318492,0.12893548349545814,0.12088614220572348,0.1105053530244673,0.09553572884114389,0.052847792530466446,,,,,,,,,0.052847792530466446
176940.0,0.15393787110385393,0.15357413714170076,0.15251433307934723,0.15072537677832615,0.14818745978342043,0.14483907561605996,0.14060105424988606,0.13536486261718383,0.1289104792509863,0.12086373358318103,0.11048613543722881,0.09552079820605902,0.0528456140123039,,,,,,,,,0.0528456140123039
177000.0,0.15390414718393197,0.1535405473514898,0.1524811329176096,0.15069283029025507,0.14815583208877153,0.1448086444762729,0.1405721118268292,0.13533772012608233,0.1288854940262339,0.12084134174266715,0.11046693194704602,0.09550587820137948,0.05284343810711874,,,,,,,,,0.05284343810711874
177060.0,0.15387045009652703,0.15350698427031545,0.1524479591067498,0.15066030955399218,0.14812422930770328,0.1447782371653591,0.14054319189435777,0.13531059852455216,0.1288605277983944,0.12081896666431768,0.11044774253753298,0.09549096881512247,0.05284126481069354,,,,,,,,,0.05284126481069354
177120.0,0.1538367798082864,0.1534734478649955,0.15241481161407774,0.15062781453766863,0.14809265140949318,0.14474785365407206,0.14051429442503516,0.13528349778730625,0.1288355805446984,0.12079660832829998,0.11042856719232923,0.09547607003532368,0.05283909411881939,,,,,,,,,0.05283909411881939
177180.0,0.1538031362859128,0.1534399381024021,0.15238169040695718,0.15059534520946882,0.14806109836346906,0.14471749391321334,0.1404854193914699,0.13525641788909906,0.12881065224241262,0.12077426671481307,0.11040940589510016,0.0954611818500369,0.052836926027295894,,,,,,,,,0.052836926027295894
177240.0,0.1537695194961648,0.15340645494946314,0.15234859545280652,0.1505629015376293,0.14802957013900944,0.14468715791363204,0.1404565667663153,0.1352293588047257,0.12878574286884079,0.1207519418040877,0.1103902586295366,0.09544630424733434,0.05283476053193097,,,,,,,,,0.05283476053193097
177300.0,0.1537359294058562,0.1533729983731609,0.15231552671909734,0.15053048349043907,0.14799806670554336,0.14465684562622552,0.14042773652226903,0.13520232050902245,0.12876085240132293,0.12072963357638578,0.11037112537935515,0.09543143721530638,0.052832597628541124,,,,,,,,,0.052832597628541124
177360.0,0.15370236598185474,0.1533395683405324,0.15228248417335608,0.15049809103624034,0.1479665880325504,0.14462655702193863,0.14039892863207362,0.1351753029768662,0.12873598081723578,0.12070734201200088,0.11035200612829796,0.09541658074206151,0.05283043731295115,,,,,,,,,0.05283043731295115
177420.0,0.1536688291910841,0.15330616481866927,0.1522494677831619,0.1504657241434272,0.14793513408956038,0.14459629207176444,0.1403701430685162,0.13514830618317447,0.1287111280939924,0.12068506709125779,0.11033290086013248,0.09540173481572663,0.05282827958099429,,,,,,,,,0.05282827958099429
177480.0,0.1536353190005226,0.15327278777471848,0.1522164775161488,0.15043338278044566,0.1479037048461532,0.14456605074674297,0.14034137980442807,0.13512133010290575,0.12868629420904212,0.12066280879451269,0.11031380955865164,0.09538689942444654,0.052826124428512124,,,,,,,,,0.052826124428512124
177540.0,0.1536018353772034,0.1532394371758806,0.15218351334000388,0.15040106691579436,0.14787230027195883,0.144535833017962,0.14031263881268513,0.13509437471105898,0.12866147913987067,0.12064056710215292,0.1102947322076738,0.09537207455638409,0.05282397185135466,,,,,,,,,0.05282397185135466
177600.0,0.15356837828821415,0.15320611298941073,0.15215057522246705,0.15036877651802377,0.14784092033665738,0.14450563885655693,0.14028392006620713,0.13506743998267387,0.1286366828639998,0.12061834199459698,0.11027566879104259,0.09535726019972049,0.05282182184538007,,,,,,,,,0.05282182184538007
177660.0,0.15353494770069684,0.15317281518261822,0.15211766313133243,0.15033651155573596,0.14780956500997894,0.1444754682337102,0.14025522353795833,0.13504052589283008,0.12861190535898756,0.12059613345229475,0.11025661929262695,0.09534245634265458,0.05281967440645493,,,,,,,,,0.05281967440645493
177720.0,0.1535015435818485,0.15313954372286676,0.15208477703444695,0.15030427199758523,0.14777823426170303,0.14444532112065173,0.14022654920094718,0.13501363241664788,0.12858714660242748,0.12057394145572681,0.11023758369632117,0.09532766297340349,0.0528175295304542,,,,,,,,,0.0528175295304542
177780.0,0.15346816589891948,0.15310629857757377,0.1520519168997109,0.15027205781227732,0.14774692806165898,0.14441519748865805,0.14019789702822538,0.13498675952928793,0.1285624065719498,0.12055176598540487,0.1102185619860445,0.09531288008020213,0.05281538721326097,,,,,,,,,0.05281538721326097
177840.0,0.1534348146192152,0.15307307971421058,0.15201908269507725,0.1502398689685696,0.14771564637972556,0.14438509730905313,0.14016926699288937,0.13495990720595102,0.12853768524522016,0.1205296070218716,0.11019955414574156,0.09529810765130338,0.052813247450766584,,,,,,,,,0.052813247450766584
177900.0,0.1534014897100946,0.1530398871003023,0.15198627438855228,0.15020770543527098,0.14768438918583177,0.14435502055320779,0.14014065906807882,0.13493307542187777,0.12851298259994004,0.12050746454570033,0.11018056015938182,0.09528334567497802,0.05281111023887069,,,,,,,,,0.05281111023887069
177960.0,0.15336819113897077,0.15300672070342744,0.1519534919481949,0.15017556718124153,0.147653156449955,0.14432496719253968,0.14011207322697758,0.13490626415234927,0.12848829861384703,0.1204853385374956,0.11016158001095987,0.0952685941395147,0.05280897557348109,,,,,,,,,0.05280897557348109
178020.0,0.15333491887331074,0.15297358049121906,0.1519207353421169,0.15014345417539285,0.14762194814212262,0.14429493719851286,0.14008350944281245,0.13487947337268602,0.12846363326471422,0.12046322897789233,0.1101426136844954,0.09525385303321982,0.05280684345051384,,,,,,,,,0.05280684345051384
178080.0,0.15330167288063548,0.1529404664313625,0.15188800453848203,0.15011136638668754,0.14759076423241085,0.14426493054263842,0.14005496768885395,0.13485270305824876,0.12843898653034985,0.12044113584755618,0.11012366116403284,0.09523912234441761,0.05280471386589306,,,,,,,,,0.05280471386589306
178140.0,0.1532684531285189,0.15290737849159686,0.15185529950550722,0.15007930378413958,0.14755960469094512,0.14423494719647392,0.14002644793841668,0.13482595318443807,0.12841435838859852,0.1204190591271836,0.11010472243364174,0.09522440206145012,0.052802586815551104,,,,,,,,,0.052802586815551104
178200.0,0.15323525958458878,0.15287431663971465,0.15182262021146145,0.1500472663368131,0.14752846948789958,0.14420498713162322,0.139997950164858,0.13479922372669417,0.12838974881733947,0.1203969987975014,0.11008579747741619,0.09520969217267679,0.052800462295428466,,,,,,,,,0.052800462295428466
178260.0,0.15320209221652686,0.1528412808435613,0.15178996662466596,0.15001525401382398,0.14749735859349752,0.14417505031973665,0.13996947434157844,0.13477251466049672,0.12836515779448782,0.12037495483926715,0.1100668862794754,0.09519499266647513,0.05279834030147368,,,,,,,,,0.05279834030147368
178320.0,0.1531689509920673,0.15280827107103498,0.15175733871349445,0.14998326678433826,0.14746627197801093,0.1441451367325105,0.1399410204420221,0.1347458259613647,0.12834058529799408,0.12035292723326857,0.11004798882396288,0.09518030353124012,0.05279622082964337,,,,,,,,,0.05279622082964337
178380.0,0.15313583587899798,0.15277528729008719,0.15172473644637208,0.1499513046175731,0.1474352096117606,0.14411524634168796,0.1399125884396762,0.1347191576048573,0.12831603130584354,0.12033091596032383,0.11002910509504739,0.09516562475538433,0.05279410387590237,,,,,,,,,0.05279410387590237
178440.0,0.15310274684515957,0.15274232946872257,0.15169215979177655,0.14991936748279572,0.14740417146511567,0.14408537911905717,0.13988417830807032,0.1346925095665725,0.12829149579605725,0.12030892100128163,0.11001023507692201,0.09515095632733804,0.05279198943622343,,,,,,,,,0.05279198943622343
178500.0,0.15306968385844583,0.15270939757499744,0.15165960871823708,0.14988745534932402,0.1473731575084938,0.14405553503645344,0.1398557900207778,0.13466588182214767,0.12826697874669096,0.12028694233702075,0.1099913787538044,0.09513629823554874,0.05278987750658735,,,,,,,,,0.05278987750658735
178560.0,0.15303664688680324,0.1526764915770212,0.15162708319433452,0.14985556818652623,0.14734216771236117,0.14402571406575712,0.13982742355141398,0.1346392743472596,0.12824248013583556,0.12026497994845013,0.10997253610993683,0.09512165046848191,0.052787768082982994,,,,,,,,,0.052787768082982994
178620.0,0.1530036358982317,0.15264361144295593,0.15159458318870164,0.14982370596382083,0.14731120204723244,0.14399591617889426,0.1397990788736378,0.1346126871176239,0.128217999941617,0.12024303381650896,0.10995370712958605,0.09510701301462023,0.052785661161407225,,,,,,,,,0.052785661161407225
178680.0,0.15297065086078307,0.1526107571410158,0.15156210867002282,0.1497918686506762,0.14728026048366996,0.14396614134783772,0.13977075596115002,0.13458612010899584,0.12819353814219597,0.1202211039221664,0.10993489179704338,0.09509238586246373,0.05278355673786482,,,,,,,,,0.05278355673786482
178740.0,0.1529376917425616,0.1525779286394675,0.15152965960703343,0.14976005621661098,0.14724934299228437,0.14393638954460478,0.13974245478769476,0.13455957329716903,0.12816909471576818,0.12019919024642182,0.1099160900966243,0.09507776900052999,0.05278145480836859,,,,,,,,,0.05278145480836859
178800.0,0.15290475851172475,0.1525451259066291,0.15149723596852044,0.14972826863119357,0.14721844954373417,0.14390666074125882,0.1397141753270581,0.1345330466579764,0.12814466964056365,0.12017729277030445,0.10989730201266908,0.09506316241735416,0.05277935536893922,,,,,,,,,0.05277935536893922
178860.0,0.15287185113648166,0.15251234891087173,0.1514648377233218,0.14969650586404237,0.14718758010872632,0.1438769549099085,0.13968591755306858,0.13450654016728972,0.12812026289484799,0.12015541147487334,0.1098785275295418,0.0950485661014884,0.05277725841560532,,,,,,,,,0.05277725841560532
178920.0,0.15283896958509424,0.1524795976206179,0.15143246484032674,0.14966476788482563,0.14715673465801507,0.14384727202270736,0.13965768143959711,0.13448005380101913,0.12809587445692047,0.12013354634121758,0.10985976663163101,0.09503398004150229,0.05277516394440348,,,,,,,,,0.05277516394440348
178980.0,0.1528061138258754,0.15244687200434207,0.15140011728847572,0.14963305466326085,0.14712591316240237,0.14381761205185514,0.139629466960557,0.13445358753511363,0.12807150430511552,0.12011169735045582,0.10984101930334957,0.09501940422598266,0.05277307195137811,,,,,,,,,0.05277307195137811
179040.0,0.15277328382719116,0.15241417203057026,0.15136779503675954,0.14960136616911496,0.1470951155927378,0.143787974969596,0.13960127408990333,0.13442714134556127,0.1280471524178019,0.1200898644837365,0.1098222855291345,0.09500483864353378,0.05277098243258147,,,,,,,,,0.05277098243258147
179100.0,0.15274047955745929,0.15238149766788037,0.1513354980542203,0.14956970237220457,0.14706434191991874,0.1437583607482193,0.1395731028016336,0.13440071520838784,0.12802281877338267,0.12006804772223792,0.1098035652934469,0.09499028328277692,0.052768895384073713,,,,,,,,,0.052768895384073713
179160.0,0.15270770098514916,0.15234884888490147,0.15130322630995027,0.14953806324239596,0.14703359211488964,0.1437287693600595,0.1395449530697874,0.1343743090996584,0.12799850335029542,0.12004624704716772,0.10978485858077183,0.09497573813235062,0.05276681080192282,,,,,,,,,0.05276681080192282
179220.0,0.1526749480787817,0.15231622565031436,0.1512709797730929,0.14950644874960395,0.14700286614864264,0.1436992007774958,0.13951682486844535,0.13434792299547568,0.1279742061270118,0.12002446243976334,0.1097661653756185,0.09496120318091052,0.052764728682204484,,,,,,,,,0.052764728682204484
179280.0,0.1526422208069298,0.15228362793285097,0.15123875841284184,0.14947485886379297,0.14697216399221635,0.14366965497295203,0.1394887181717311,0.13432155687198116,0.12794992708203787,0.12000269388129145,0.10974748566252013,0.09494667841712937,0.05276264902100235,,,,,,,,,0.05276264902100235
179340.0,0.15260951913821705,0.15225105570129466,0.15120656219844086,0.14944329355497588,0.1469414856166974,0.14364013191889688,0.13946063295380895,0.13429521070535425,0.12792566619391368,0.11998094135304847,0.1097288194260337,0.0949321638296971,0.05276057181440765,,,,,,,,,0.05276057181440765
179400.0,0.15257684304131933,0.15221850892447944,0.1511743910991842,0.14941175279321536,0.14691083099321897,0.14361063158784418,0.1394325691888858,0.13426888447181265,0.1279014234412137,0.11995920483636,0.1097101666507404,0.09491765940732069,0.052758497058519566,,,,,,,,,0.052758497058519566
179460.0,0.15254419248496354,0.15218598757129087,0.15114224508441693,0.1493802365486221,0.14688020009296107,0.14358115395235124,0.13940452685120933,0.13424257814761226,0.1278771988025458,0.11993748431258087,0.10969152732124493,0.09490316513872395,0.05275642474944486,,,,,,,,,0.05275642474944486
179520.0,0.15251156743792738,0.15215349161066477,0.15111012412353303,0.14934874479135596,0.14684959288715083,0.14355169898502057,0.13937650591506878,0.13421629170904667,0.12785299225655233,0.11991577976309553,0.10967290142217606,0.09488868101264793,0.05275435488329806,,,,,,,,,0.05275435488329806
179580.0,0.15247896786903983,0.15212102101158825,0.15107802818597751,0.1493172774916251,0.14681900934706207,0.14352226665849876,0.1393485063547954,0.1341900251324476,0.12782880378190928,0.11989409116931724,0.10965428893818606,0.09487420701785049,0.052752287456201405,,,,,,,,,0.052752287456201405
179640.0,0.15244639374718114,0.152088575743099,0.15104595724124423,0.14928583461968653,0.14678844944401517,0.1434928569454765,0.139320528144761,0.13416377839418447,0.12780463335732672,0.11987241851268854,0.10963568985395118,0.09485974314310637,0.05275022246428484,,,,,,,,,0.05275022246428484
179700.0,0.15241384504128186,0.1520561557742848,0.1510139112588776,0.14925441614584528,0.14675791314937728,0.14346346981868854,0.139292571259379,0.1341375514706647,0.1277804809615479,0.11985076177468117,0.10961710415417115,0.0948452893772072,0.05274815990368591,,,,,,,,,0.05274815990368591
179760.0,0.15238132172032362,0.15202376107428475,0.1509818902084714,0.1492230220404554,0.14672740043456176,0.1434341052509145,0.13926463567310382,0.13411134433833297,0.12775634657335053,0.11982912093679597,0.10959853182356925,0.09483084570896158,0.0527460997705498,,,,,,,,,0.0527460997705498
179820.0,0.15234882375333847,0.15199139161228759,0.150949894059669,0.14919165227391826,0.14669691127102832,0.14340476321497686,0.1392367213604312,0.1340851569736722,0.12773223017154509,0.1198074959805624,0.10957997284689248,0.09481641212719501,0.05274404206102939,,,,,,,,,0.05274404206102939
179880.0,0.15231635110940972,0.1519590473575327,0.15091792278216357,0.14916030681668402,0.14666644563028297,0.14337544368374258,0.13920882829589745,0.1340589893532022,0.12770813173497628,0.11978588688753919,0.10956142720891124,0.09480198862074937,0.05274198677128515,,,,,,,,,0.05274198677128515
179940.0,0.15228390375766987,0.15192672827930956,0.1508859763456968,0.14912898563925076,0.14663600348387806,0.1433461466301226,0.13918095645408007,0.1340328414534805,0.1276840512425219,0.1197642936393138,0.10954289489441964,0.09478757517848396,0.05273993389748507,,,,,,,,,0.05273993389748507
180000.0,0.15225148166730304,0.15189443434695762,0.1508540547200607,0.14909768871216433,0.1466055848034119,0.1433168720270713,0.1391531058095973,0.13400671325110236,0.1276599886730932,0.1197427162175026,0.10952437588823494,0.09477317178927425,0.05273788343580486,,,,,,,,,0.05273788343580486
180060.0,0.15221908480754248,0.15186216552986637,0.15082215787509556,0.1490664160060186,0.14657518956052873,0.1432876198475868,0.13912527633710833,0.13398060472269976,0.12763594400563497,0.11972115460375056,0.10950587017519796,0.09475877844201261,0.052735835382427605,,,,,,,,,0.052735835382427605
180120.0,0.1521867131476725,0.1518299217974753,0.15079028578069117,0.149035167491455,0.14654481772691905,0.14325839006471053,0.1390974680113123,0.13395451584494233,0.12761191721912504,0.11969960877973146,0.10948737774017286,0.09474439512560799,0.052733789733544034,,,,,,,,,0.052733789733544034
180180.0,0.15215436665702692,0.15179770311927357,0.15075843840678638,0.14900394313916282,0.1465144692743188,0.14322918265152737,0.13906968080694987,0.1339284465945367,0.12758790829257466,0.1196780787271477,0.10946889856804694,0.0947300218289862,0.05273174648535241,,,,,,,,,0.05273174648535241
180240.0,0.15212204530498954,0.15176550946479977,0.15072661572336868,0.14897274291987855,0.14648414417450972,0.143199997581166,0.13904191469880137,0.13390239694822706,0.1275639172050278,0.11965656442773014,0.10945043264373099,0.09471565854108936,0.0527297056340584,,,,,,,,,0.0527297056340584
180300.0,0.15208974906099443,0.15173334080364229,0.1506948177004745,0.14894156680438655,0.14645384239931902,0.14317083482679802,0.139014169661688,0.1338763668827936,0.12753994393556248,0.11963506586323834,0.10943197995215882,0.09470130525087636,0.05272766717587525,,,,,,,,,0.05272766717587525
180360.0,0.15205747789452478,0.15170119710543895,0.15066304430818847,0.14891041476351832,0.14642356392061978,0.14314169436163807,0.13898644567047125,0.1338503563750542,0.12751598846328865,0.11961358301546018,0.10941354047828755,0.0946869619473225,0.052725631107023635,,,,,,,,,0.052725631107023635
180420.0,0.15202523177511332,0.15166907833987697,0.15063129551664461,0.14887928676815265,0.14639330871033043,0.14311257615894443,0.1389587427000528,0.13382436540186382,0.12749205076734973,0.1195921158662123,0.1093951142070973,0.09467262861941989,0.052723597423731616,,,,,,,,,0.052723597423731616
180480.0,0.1519930106723434,0.15163698447669252,0.150599571296025,0.14884818278921563,0.14636307674041465,0.1430834801920178,0.13893106072537445,0.13379839394011336,0.12746813082692182,0.11957066439733917,0.10937670112359117,0.09465830525617679,0.052721566122234824,,,,,,,,,0.052721566122234824
180540.0,0.15196081455584676,0.15160491548567143,0.1505678716165598,0.1488171027976802,0.14633286798288134,0.14305440643420222,0.13890339972141796,0.13377244196673127,0.12744422862121443,0.1195492285907141,0.10935830121279555,0.09464399184661795,0.05271953719877619,,,,,,,,,0.05271953719877619
180600.0,0.15192864339530487,0.15157287133664815,0.15053619644852786,0.14878604676456633,0.14630268240978478,0.14302535485888446,0.13887575966320542,0.13374650945868236,0.12742034412946893,0.11952780842823839,0.10933991445975971,0.09462968837978482,0.05271751064960609,,,,,,,,,0.05271751064960609
180660.0,0.15189649716044804,0.1515408519995065,0.150504545762256,0.14875501466094102,0.14627251999322402,0.14299632543949417,0.13884814052579855,0.13372059639296807,0.12739647733096005,0.11950640389184138,0.1093215408495558,0.0946153948447348,0.05271548647098226,,,,,,,,,0.05271548647098226
180720.0,0.15186437582105655,0.15150885744417877,0.15047291952811923,0.14872400645791786,0.14624238070534346,0.1429673181495033,0.13882054228429916,0.13369470274662604,0.12737262820499498,0.11948501496348077,0.1093031803672789,0.09460111123054202,0.05271346465916976,,,,,,,,,0.05271346465916976
180780.0,0.15183227934695875,0.15147688764064646,0.15044131771654068,0.14869302212665725,0.14621226451833225,0.14293833296242664,0.1387929649138485,0.1336688284967308,0.1273487967309136,0.11946364162514236,0.109284832998047,0.09458683752629676,0.0527114452104411,,,,,,,,,0.0527114452104411
180840.0,0.1518002077080324,0.1514449425589392,0.15040974029799117,0.14866206163836632,0.14618217140442416,0.14290936985182134,0.1387654083896278,0.13364297362039326,0.12732498288808775,0.11944228385883991,0.10926649872700071,0.09457257372110549,0.052709428121076055,,,,,,,,,0.052709428121076055
180900.0,0.15176816087420414,0.15141302216913552,0.15037818724298943,0.14863112496429842,0.14615210133589773,0.1428804287912874,0.1387378726868579,0.1336171380947599,0.12730118665592208,0.11942094164661525,0.1092481775393037,0.09455831980409134,0.05270741338736166,,,,,,,,,0.05270741338736166
180960.0,0.1517361388154494,0.15138112644136248,0.15034665852210183,0.14860021207575358,0.14612205428507632,0.14285150975446667,0.13871035778079915,0.1335913218970143,0.12727740801385376,0.11939961497053789,0.10922986942014211,0.09454407576439325,0.05270540100559229,,,,,,,,,0.05270540100559229
181020.0,0.15170414150179168,0.15134925534579535,0.15031515410594207,0.14856932294407837,0.14609203022432787,0.14282261271504337,0.1386828636467511,0.13356552500437582,0.1272536469413524,0.11937830381270544,0.10921157435472494,0.09452984159116654,0.05270339097206964,,,,,,,,,0.05270339097206964
181080.0,0.151672168903304,0.15131740885265754,0.1502836739651721,0.1485384575406647,0.14606202912606447,0.14279373764674436,0.1386553902600528,0.13353974739409982,0.12722990341791923,0.11935700815524344,0.10919329232828374,0.0945156172735826,0.05270138328310259,,,,,,,,,0.05270138328310259
181140.0,0.15164022099010702,0.15128558693222102,0.15025221807050046,0.14850761583695155,0.1460320509627429,0.14276488452333744,0.13862793759608313,0.13351398904347772,0.12720617742308807,0.11933572798030487,0.1091750233260728,0.09450140280082922,0.052699377935007355,,,,,,,,,0.052699377935007355
181200.0,0.15160829773237025,0.15125378955480565,0.1502207863926837,0.1484767978044234,0.14600209570686395,0.14273605331863373,0.13860050563025925,0.13348824992983685,0.12718246893642493,0.1193144632700707,0.10915676733336838,0.09448719816211022,0.0526973749241072,,,,,,,,,0.0526973749241072
181260.0,0.15157639910031115,0.15122201669077945,0.150189378902525,0.14844600341461123,0.14597216333097257,0.1427072440064855,0.13857309433803827,0.13346253003054082,0.12715877793752778,0.11929321400674929,0.1091385243354701,0.09447300334664505,0.05269537424673279,,,,,,,,,0.05269537424673279
181320.0,0.15154452506419505,0.1511902683105579,0.1501579955708751,0.1484152326390909,0.1459422538076581,0.14267845656078695,0.1385457036949158,0.13343682932298834,0.12713510440602654,0.11927198017257679,0.10912029431769951,0.09445881834366986,0.05269337589922185,,,,,,,,,0.05269337589922185
181380.0,0.15151267559433604,0.1511585443846047,0.1501266363686317,0.14838448544948513,0.14591236710955371,0.1426496909554741,0.1385183336764267,0.1334111477846141,0.12711144832158316,0.11925076174981686,0.10910207726540064,0.09444464314243653,0.052691379877919345,,,,,,,,,0.052691379877919345
181440.0,0.15148085066109568,0.15112684488343095,0.15009530126673903,0.14835376181746177,0.14588250320933646,0.14262094716452456,0.13849098425814482,0.13338548539288891,0.1270878096638914,0.1192295587207606,0.10908387316394004,0.09443047773221273,0.052689386179177365,,,,,,,,,0.052689386179177365
181500.0,0.15144905023488364,0.15109516977759546,0.1500639902361887,0.14832306171473425,0.1458526620797273,0.1425922251619578,0.1384636554156823,0.1333598421253188,0.12706418841267664,0.11920837106772662,0.10906568199870639,0.09441632210228251,0.05268739479935518,,,,,,,,,0.05268739479935518
181560.0,0.15141727428615703,0.15106351903770485,0.150032703248019,0.14829238511306148,0.1458228436934909,0.14256352492183433,0.13843634712469094,0.13333421795944506,0.12704058454769612,0.11918719877306087,0.10904750375511084,0.09440217624194562,0.05268540573481912,,,,,,,,,0.05268540573481912
181620.0,0.15138552278542097,0.1510318926344127,0.15000144027331438,0.14826173198424802,0.1457930480234358,0.14253484641825653,0.13840905936086073,0.1333086128728445,0.1270169980487394,0.11916604181913673,0.10902933841858685,0.0943880401405177,0.05268341898194272,,,,,,,,,0.05268341898194272
181680.0,0.15135379570322832,0.15100029053842012,0.14997020128320665,0.14823110230014386,0.14576327504241351,0.1425061896253678,0.13838179209992002,0.13328302684313,0.12699342889562645,0.11914490018835479,0.10901118597458975,0.09437391378733029,0.052681434537106456,,,,,,,,,0.052681434537106456
181740.0,0.151322093010179,0.15096871272047538,0.1499389862488733,0.14820049603264335,0.14573352472331957,0.14247755451735286,0.13835454531763622,0.133257459847949,0.12696987706820978,0.1191237738631428,0.10899304640859735,0.09435979717173083,0.05267945239669806,,,,,,,,,0.05267945239669806
181800.0,0.15129041467692006,0.15093715915137385,0.14990779514153868,0.148169913153687,0.14570379703909303,0.14244894106843786,0.13832731898981465,0.13323191186498418,0.1269463425463731,0.11910266282595583,0.10897491970610955,0.09434569028308254,0.05267747255711216,,,,,,,,,0.05267747255711216
181860.0,0.15125876067414656,0.1509056298019583,0.1498766279324736,0.14813935363525987,0.14567409196271577,0.14242034925288974,0.13830011309229928,0.13320638287195402,0.12692282531003163,0.11908156705927592,0.10895680585264804,0.09433159311076449,0.05267549501475048,,,,,,,,,0.05267549501475048
181920.0,0.15122713097260077,0.15087412464311786,0.14984548459299443,0.14810881744939197,0.14564440946721283,0.1423917790450161,0.13827292760097254,0.13318087284661134,0.1268993253391317,0.11906048654561231,0.10893870483375681,0.09431750564417125,0.05267351976602189,,,,,,,,,0.05267351976602189
181980.0,0.15119552554307122,0.15084264364578878,0.14981436509446416,0.14807830456815824,0.14561474952565304,0.1423632304191665,0.1382457624917546,0.1331553817667445,0.12687584261365112,0.11903942126750115,0.10892061663500202,0.09430342787271337,0.05267154680734203,,,,,,,,,0.05267154680734203
182040.0,0.1511639443563943,0.15081118678095398,0.14978326940829165,0.14804781496367847,0.14558511211114783,0.1423347033497302,0.13821861774060434,0.13312990961017662,0.126852377113599,0.11901837120750572,0.10890254124197143,0.09428935978581708,0.05266957613513376,,,,,,,,,0.05266957613513376
182100.0,0.15113238738345275,0.15077975401964333,0.14975219750593136,0.14801734860811713,0.14555549719685165,0.14230619781113815,0.13819149332351846,0.1331044563547661,0.12682892881901578,0.11899733634821603,0.10888447864027496,0.09427530137292421,0.0526676077458267,,,,,,,,,0.0526676077458267
182160.0,0.1511008545951762,0.15074834533293305,0.14972114935888411,0.1479869054736831,0.1455259047559618,0.14227771377786144,0.1381643892165315,0.13307902197840538,0.1268054977099725,0.11897631667224917,0.10886642881554418,0.09426125262349214,0.052665641635857616,,,,,,,,,0.052665641635857616
182220.0,0.15106934596254137,0.15071696069194562,0.149690124938696,0.14795648553262974,0.14549633476171867,0.1422492512244118,0.13813730539571611,0.13305360645902206,0.1267820837665719,0.11895531216224876,0.10884839175343261,0.09424721352699401,0.052663677801670195,,,,,,,,,0.052663677801670195
182280.0,0.1510378614565717,0.15068560006785034,0.14965912421695912,0.147926088757255,0.14546678718740497,0.14222081012534166,0.13811024183718282,0.13302820977457858,0.1267586869689475,0.11893432280088545,0.10883036743961542,0.09423318407291843,0.05266171623971495,,,,,,,,,0.05266171623971495
182340.0,0.1510064010483365,0.15065426343186247,0.1496281471653113,0.14789571511990118,0.1454372620063463,0.14219239045524398,0.13808319851707984,0.13300283190307197,0.1267353072972636,0.11891334857085642,0.10881235585978989,0.09421916425076962,0.05265975694644928,,,,,,,,,0.05265975694644928
182400.0,0.1509749647089519,0.15062295075524354,0.14959719375543504,0.14786536459295488,0.1454077591919106,0.14216399218875192,0.13805617541159299,0.13297747282253367,0.12671194473171546,0.11889238945488567,0.1087943569996746,0.09420515405006737,0.0526577999183377,,,,,,,,,0.0526577999183377
182460.0,0.1509435524095804,0.1505916620093014,0.14956626395905898,0.1478350371488466,0.14537827871750827,0.14213561530053886,0.138029172496946,0.13295213251102964,0.1266885992525295,0.11887144543572356,0.10877637084501006,0.09419115346034693,0.052655845151851365,,,,,,,,,0.052655845151851365
182520.0,0.15091216412143085,0.15056039716538963,0.14953535774795695,0.14780473276005107,0.14534882055659237,0.14210725976531832,0.13800218974939976,0.13292681094666037,0.12666527083996248,0.1188505164961473,0.10875839738155824,0.09417716247115895,0.052653892643468404,,,,,,,,,0.052653892643468404
182580.0,0.15088079981575833,0.1505291561949075,0.149504475093947,0.1477744513990871,0.14531938468265815,0.1420789255578441,0.13797522714525295,0.1329015081075605,0.12664195947430212,0.11882960261896042,0.10874043659510259,0.09416318107206949,0.05265194238967377,,,,,,,,,0.05265194238967377
182640.0,0.15084945946386374,0.15049793906930073,0.14947361596889333,0.1477441930385171,0.14528997106924266,0.14205061265291016,0.13794828466084139,0.13287622397189874,0.12661866513586667,0.11880870378699289,0.10872248847144848,0.09414920925266011,0.05264999438695927,,,,,,,,,0.05264999438695927
182700.0,0.15081814303709393,0.15046674576006058,0.1494427803447051,0.14771395765094741,0.14526057968992562,0.14202232102535012,0.13792136227253873,0.132850958517879,0.12659538780500534,0.11878781998310123,0.10870455299642258,0.0941352470025278,0.052648048631823534,,,,,,,,,0.052648048631823534
182760.0,0.150786850506842,0.15043557623872372,0.14941196819333605,0.14768374520902838,0.14523121051832866,0.14199405065003762,0.13789445995675537,0.13282571172373828,0.12657212746209695,0.11876695119016811,0.10868663015587289,0.09412129431128471,0.052646105120771926,,,,,,,,,0.052646105120771926
182820.0,0.15075558184454624,0.15040443047687257,0.14938117948678484,0.14765355568545357,0.1452018635281152,0.14196580150188629,0.137867577689939,0.13280048356774812,0.12654888408755197,0.11874609739110262,0.10866871993566907,0.09410735116855846,0.05264416385031663,,,,,,,,,0.05264416385031663
182880.0,0.15072433702169147,0.15037330844613464,0.14935041419709477,0.14762338905296024,0.14517253869299038,0.1419375735558491,0.13784071544857462,0.1327752740282142,0.12652565766181054,0.11872525856884014,0.10865082232170181,0.09409341756399185,0.05264222481697666,,,,,,,,,0.05264222481697666
182940.0,0.15069311600980728,0.1503422101181837,0.14931967229635423,0.14759324528432918,0.14514323598670156,0.14190936678691915,0.1378138732091838,0.13275008308347575,0.1265024481653432,0.11870443470634216,0.1086329372998834,0.09407949348724313,0.052640288017277645,,,,,,,,,0.052640288017277645
183000.0,0.15066191878046964,0.15031113546473762,0.14928895375669538,0.14756312435238444,0.14511395538303748,0.14188118117012893,0.13778705094832572,0.13272491071190595,0.12647925557865103,0.11868362578659639,0.10861506485614757,0.09406557892798584,0.05263835344775211,,,,,,,,,0.05263835344775211
183060.0,0.1506307453052994,0.1502800844575603,0.14925825855029584,0.14753302622999342,0.14508469685582892,0.14185301668055042,0.13776024864259595,0.1326997568919123,0.12645607988226532,0.11866283179261651,0.10859720497644886,0.09405167387590815,0.05263642110493918,,,,,,,,,0.05263642110493918
183120.0,0.15059959555596286,0.15024905706846053,0.14922758664937677,0.14750295089006688,0.14505546037894765,0.1418248732932946,0.13773346626862715,0.13267462160193516,0.12643292105674733,0.11864205270744248,0.10857935764676349,0.0940377783207141,0.05263449098538474,,,,,,,,,0.05263449098538474
183180.0,0.15056846950417163,0.15021805326929227,0.14919693802620432,0.14747289830555824,0.14502624592630728,0.14179675098351235,0.13770670380308858,0.13264950482044965,0.12640977908268855,0.11862128851414006,0.10856152285308855,0.09402389225212254,0.05263256308564133,,,,,,,,,0.05263256308564133
183240.0,0.1505373671216828,0.15018707303195397,0.14916631265308827,0.14744286844946405,0.14499705347186254,0.14176864972639358,0.1376799612226864,0.13262440652596386,0.1263866539407107,0.11860053919580103,0.10854370058144226,0.09401001565986737,0.05263063740226817,,,,,,,,,0.05263063740226817
183300.0,0.1505062883802978,0.1501561163283894,0.149135710502383,0.14741286129482428,0.14496788298960958,0.14174056949716754,0.13765323850416306,0.1325993266970193,0.1263635456114655,0.1185798047355432,0.10852589081786423,0.09399614853369777,0.05262871393183122,,,,,,,,,0.05262871393183122
183360.0,0.15047523325186335,0.15012518313058648,0.14910513154648625,0.14738287681472156,0.14493873445358604,0.14171251027110218,0.13762653562429758,0.1325742653121914,0.126340454075634,0.11855908511650981,0.10850809354841479,0.09398229086337802,0.052626792670903,,,,,,,,,0.052626792670903
183420.0,0.1504442017082717,0.15009427341057854,0.14907457575784047,0.14735291498228104,0.1449096078378702,0.1416844720235051,0.13759985255990576,0.1325492223500886,0.12631737931392834,0.1185383803218705,0.10849030875917541,0.09396844263868724,0.05262487361606267,,,,,,,,,0.05262487361606267
183480.0,0.15041319372145906,0.15006338714044293,0.1490440431089317,0.1473229757706705,0.1448805031165818,0.14165645472972221,0.13757318928783957,0.13252419778935334,0.12629432130708937,0.11851769033482008,0.10847253643624866,0.09395460384941981,0.0526229567638959,,,,,,,,,0.0526229567638959
183540.0,0.15038220926340667,0.15003252429230168,0.1490135335722895,0.1472930591531008,0.1448514202638812,0.14162845836513854,0.13754654578498715,0.1324991916086608,0.126271280035888,0.11849701513857959,0.10845477656575789,0.09394077448538478,0.05262104211099524,,,,,,,,,0.05262104211099524
183600.0,0.1503512483061406,0.15000168483832113,0.14898304712048757,0.147263165102825,0.1448223592539702,0.14160048290517835,0.13751992202827318,0.1324742037867193,0.12624825548112534,0.11847635471639524,0.1084370291338474,0.09392695453640652,0.052619129653959575,,,,,,,,,0.052619129653959575
183660.0,0.15032031082173145,0.14997086875071186,0.14895258372614295,0.1472332935931389,0.14479332006109064,0.14157252832530423,0.1374933179946583,0.13244923430227068,0.12622524762363152,0.11845570905153918,0.10841929412668239,0.09391314399232402,0.052617219389394426,,,,,,,,,0.052617219389394426
183720.0,0.1502893967822939,0.14994007600172937,0.14892214336191606,0.1472034445973801,0.14476430265952583,0.14154459460101704,0.13746673366113943,0.13242428313408947,0.12620225644426672,0.11843507812730907,0.10840157153044873,0.09389934284299141,0.05261531131391188,,,,,,,,,0.05261531131391188
183780.0,0.15025850615998754,0.14990930656367207,0.14889172600051118,0.14717361808892857,0.14473530702359924,0.14151668170785686,0.13744016900474923,0.13239935026098398,0.12617928192392025,0.11841446192702793,0.10838386133135325,0.09388555107827735,0.05261340542413064,,,,,,,,,0.05261340542413064
183840.0,0.15022763892701574,0.14987856040888323,0.14886133161467555,0.1471438140412069,0.144706333127675,0.14148878962140235,0.1374136240025567,0.13237443566179494,0.1261563240435115,0.11839386043404437,0.10836616351562343,0.09387176868806581,0.05261150171667567,,,,,,,,,0.05261150171667567
183900.0,0.1501967950556263,0.14984783750975014,0.14883096017719988,0.14711403242767968,0.144677380946158,0.14146091831726978,0.13738709863166634,0.132349539315396,0.1261333827839891,0.1183732736317322,0.10834847806950737,0.09385799566225515,0.05260960018817871,,,,,,,,,0.05260960018817871
183960.0,0.15016597451811098,0.14981713783870315,0.14880061166091776,0.14708427322185322,0.14464845045349317,0.1414330677711147,0.13736059286921926,0.13232466120069383,0.12611045812633057,0.1183527015034909,0.10833080497927403,0.09384423199075896,0.052607700835277924,,,,,,,,,0.052607700835277924
184020.0,0.15013517728680553,0.14978646136821744,0.14877028603870646,0.14705453639727584,0.14461954162416615,0.14140523795863016,0.13733410669239118,0.13229980129662716,0.12608755005154326,0.1183321440327452,0.10831314423121285,0.09383047766350519,0.052605803654617894,,,,,,,,,0.052605803654617894
184080.0,0.15010440333409045,0.1497558080708114,0.14873998328348573,0.14702482192753819,0.1445906544327024,0.14137742885554777,0.1373076400783943,0.132274959582169,0.12606465854066362,0.11831160120294495,0.10829549581163395,0.09381673267043651,0.0526039086428497,,,,,,,,,0.0526039086428497
184140.0,0.15007365263238917,0.14972517791904705,0.1487097033682183,0.14699512978627213,0.14456178885366797,0.1413496404376372,0.13728119300447628,0.13225013603632355,0.12604178357475715,0.11829107299756525,0.10827785970686798,0.09380299700151083,0.052602015796630874,,,,,,,,,0.052602015796630874
184200.0,0.1500429251541686,0.1496945708855298,0.14867944626590984,0.1469654599471513,0.14453294486166884,0.14132187268070642,0.1372547654479201,0.13222533063812816,0.1260189251349188,0.11827055940010642,0.10826023590326599,0.09378927064670009,0.052600125112625365,,,,,,,,,0.052600125112625365
184260.0,0.15001222087194044,0.14966398694290853,0.1486492119496089,0.14693581238389106,0.144504122431351,0.1412941255606012,0.13722835738604455,0.1322005433666528,0.12599608320227243,0.11825006039409383,0.10824262438719948,0.0937755535959913,0.052598236587503566,,,,,,,,,0.052598236587503566
184284.0,0.1499999456477778,0.1496517598251925,0.14863712459714126,0.14692395958994814,0.14449259949082288,0.14128303248546673,0.13721779961473085,0.13219063352886212,0.12598695104700505,0.11824186487360829,0.108235583218234,0.09377006937861622,0.05259748178119765,,,,,,,,,0.05259748178119765
