time_s,R_m,T_K_max_abs,T_K_r_m,T_K_z_m,T_K_volume_RMSE,T_K_midplane_max_abs,T_K_endface_max_abs,T_K_middle_zone_max_abs,T_K_end_zone_max_abs,C_kg_kg_max_abs,C_kg_kg_r_m,C_kg_kg_z_m,C_kg_kg_volume_RMSE,C_kg_kg_midplane_max_abs,C_kg_kg_endface_max_abs,C_kg_kg_middle_zone_max_abs,C_kg_kg_end_zone_max_abs
0.0,0.02,0.0,0.0,0.0,0.0,0.0,0.0,0.0,0.0,0.0,0.0,0.0,0.0,0.0,0.0,0.0,0.0
60.0,0.01995766666666667,0.07408819684115997,0.008915060203989574,0.125,0.005391895545425704,0.00037778437376800866,0.07408819684115997,0.00037778437376800866,0.07408819684115997,0.7341794944891624,0.019252847286208376,0.125,0.008377955421433967,0.07295037505855939,0.7341794944891624,0.07295037505855984,0.7341794944891624
120.0,0.019915333333333333,0.21618863640111385,0.00025632001319857747,0.125,0.018555505294412956,0.0004316390680969562,0.21618863640111385,0.0004316390680969562,0.21618863640111385,0.7904210963254765,0.01874312608619185,0.125,0.015328161373448541,0.03549519777860066,0.7904210963254765,0.035495197778600884,0.7904210963254765
180.0,0.019873000000000002,0.37435505446472916,0.00025577516263659475,0.125,0.03593464039924908,0.00025105322265517316,0.37435505446472916,0.00025105322265517316,0.37435505446472916,0.8439739790597325,0.0,0.125,0.02159495856384307,0.020629641556612954,0.8439739790597325,0.020629641556613176,0.8439739790597325
240.0,0.019830666666666667,0.5243436539171284,0.00025523031207461204,0.125,0.05418928911512804,0.00018640351504473074,0.5243436539171284,0.00018640351504473074,0.5243436539171284,0.8929611193688267,0.0,0.125,0.027319610483397438,0.013066796493984123,0.8929611193688267,0.013066796493984123,0.8929611193688267
300.0,0.019788333333333335,0.7371101342076827,0.0002546854615126293,0.125,0.07701031835809444,0.0002394344094227563,0.7371101342076827,0.0002394344094795997,0.7371101342076827,0.9367250212247076,0.0,0.125,0.03258638411383261,0.012373001561929886,0.9367250212247076,0.01237300156193033,0.9367250212247076
360.0,0.019746,0.9451324303139472,0.0002541406109506466,0.125,0.10276762265138618,0.0002869295361165314,0.9451324303139472,0.0002869295361733748,0.9451324303139472,0.9764398435127102,0.0,0.125,0.03745468656511734,0.011829972455638105,0.9764398435127102,0.011829972455638549,0.9764398435127102
420.0,0.019703666666666668,1.157592527724944,0.0002535957603886639,0.125,0.12918793624452568,0.00030562495561525793,1.157592527724944,0.00030562495561525793,1.157592527724944,1.0126951372279835,0.0,0.125,0.041974929383555286,0.011179874868293416,1.0126951372279835,0.011179874868293638,1.0126951372279835
480.0,0.019661333333333333,1.3447323375234532,0.00025305090982668117,0.125,0.1548340566280008,0.0003363745731803647,1.3447323375234532,0.0003363745731803647,1.3447323375234532,1.0461507271481005,0.0,0.125,0.04618978050777288,0.010498559009507913,1.0461507271481005,0.010498559009508135,1.0461507271481005
540.0,0.019619,1.560658581258906,0.00025250605926469845,0.125,0.18153983876814803,0.0003245941325644708,1.560658581258906,0.0003245941325644708,1.560658581258906,1.0765939038209476,0.0,0.125,0.050135802859118464,0.009860403647092175,1.0765939038209476,0.00986040364709262,1.0765939038209476
600.0,0.019576666666666666,1.7765725815186215,0.00025196120870271574,0.125,0.2097962374556232,0.0018532011829961448,1.7765725815186215,0.00185320118640675,1.7765725815186215,1.1044788597070152,0.0,0.125,0.053838855940138826,0.010913153555622612,1.1044788597070152,0.010913153555626831,1.1044788597070152
660.0,0.019534333333333334,2.0191942431422945,0.000251416358140733,0.125,0.24009405035441617,0.00044349585010650117,2.0191942431422945,0.0004434958501633446,2.0191942431422945,1.1299047571776504,0.0,0.125,0.05732587453178957,0.009031688904131752,1.1299047571776504,0.009031688904170165,1.1299047571776504
720.0,0.019492,2.2370780994088477,0.0002508715075787503,0.125,0.27059976236115735,0.0005777710616712284,2.2370780994088477,0.0005777710617280718,2.2370780994088477,1.1535022821107612,0.0,0.125,0.060630189019938066,0.008665613370138159,1.1535022821107612,0.008665613370387515,1.1535022821107612
780.0,0.019449666666666667,2.459235018057882,0.0,0.125,0.3007890912454726,0.000571168532928823,2.459235018057882,0.0005711685329856664,2.459235018057882,1.1753003787362892,0.0,0.125,0.06376251512314633,0.008211288040353315,1.1753003787362892,0.0082112880415659,1.1753003787362892
840.0,0.019407333333333332,2.656053079110734,0.0,0.125,0.3300284562608291,0.0007113320198186557,2.656053079110734,0.0007113320198186557,2.656053079110734,1.195636068053525,0.0,0.125,0.06673899108570916,0.007735584327637435,1.195636068053525,0.0077355843324746765,1.195636068053525
900.0,0.019365,2.8412823269222827,0.0,0.125,0.3576878400581301,0.0007236045314016337,2.8412823269222827,0.0007236045314584771,2.8412823269222827,1.2146692884462607,0.0,0.125,0.06957416733637638,0.007276774579053402,1.2146692884462607,0.007276774595408542,1.2146692884462607
960.0,0.01932266666666667,3.0468590524537262,0.0,0.125,0.3861116156876182,0.0006749328864543713,3.0468590524537262,0.0006749328865112147,3.0468590524537262,1.2321888337896223,0.0,0.125,0.07228099074082786,0.006851198717568119,1.2321888337896223,0.006851198765818189,1.2321888337896223
1020.0,0.019280333333333333,3.217249786264972,0.0,0.125,0.4134563518322569,0.0008436204358304167,3.217249786264972,0.0008436204358304167,3.217249786264972,1.2486739970054366,0.0,0.125,0.0748697927879563,0.006436731714086985,1.2486739970054366,0.006436731841039656,1.2486739970054366
1080.0,0.019238,3.4296733376306747,0.0,0.125,0.44187678384496437,0.0006718179824360959,3.4296733376306747,0.0006718179824929393,3.4296733376306747,1.2636475090714478,0.0,0.125,0.0773497708053061,0.006163052174460892,1.2636475090714478,0.006163052174460892,1.2636475090714478
1140.0,0.019195666666666666,3.6149235997937126,0.0,0.125,0.47070569372264953,0.0008719241115500154,3.6149235997937126,0.0008719241115500154,3.6149235997937126,1.277739700684894,0.0,0.125,0.07972862205097365,0.0059558961529773136,1.277739700684894,0.0059558961529773136,1.277739700684894
1200.0,0.019153333333333335,3.794635833663108,0.0,0.125,0.49834323975213796,0.0008465446168202106,3.794635833663108,0.0008465446168202106,3.794635833663108,1.2908867981650696,0.0,0.125,0.0820139219076551,0.00574068058850119,1.2908867981650696,0.00574068058850119,1.2908867981650696
1260.0,0.019111,3.9409713631780505,0.0,0.125,0.5240456251234958,0.0009550264654762941,3.9409713631780505,0.0009550264655331375,3.9409713631780505,1.3034859159787509,0.0,0.125,0.0842125334348207,0.0055243757952039285,1.3034859159787509,0.005524375834707884,1.3034859159787509
1320.0,0.019068666666666668,4.121571474693383,0.0,0.125,0.5501443126875943,0.000796385032742819,4.121571474693383,0.0007963850327996624,4.121571474693383,1.3149960561295178,0.0,0.125,0.0863311071191865,0.005310074811631926,1.3149960561295178,0.0053100750042729405,1.3149960561295178
1380.0,0.019026333333333333,4.281291153422728,0.0,0.125,0.5764174007436639,0.0009415811364306137,4.281291153422728,0.0009415811364874571,4.281291153422728,1.3257300520841484,0.0,0.125,0.08837361462360982,0.005108730349259627,1.3257300520841484,0.00510873088662378,1.3257300520841484
1440.0,0.018984,4.419174445491706,0.0,0.125,0.6006957260805685,0.0009625293858448458,4.419174445491706,0.0009625293858448458,4.419174445491706,1.3360674367309278,0.0,0.125,0.09034536455343554,0.004905902081764335,1.3360674367309278,0.004905903302471426,1.3360674367309278
1500.0,0.018941666666666666,4.514659040634456,0.0,0.125,0.6217198626349064,0.0010447849780348406,4.514659040634456,0.0010447849780348406,4.514659040634456,1.3460454825844006,0.0,0.125,0.0922515452013017,0.004703430907588624,1.3460454825844006,0.004703433365475629,1.3460454825844006
1560.0,0.018899333333333334,4.632405069480967,0.0,0.125,0.6417989558681558,0.0008855694720182328,4.632405069480967,0.0008855694720182328,4.632405069480967,1.3553212864820394,0.0,0.125,0.0940965118935613,0.00450746984340511,1.3553212864820394,0.004507474391719057,1.3553212864820394
1620.0,0.018857,4.718615294293556,0.0,0.125,0.6606094349521806,0.0010111211521461883,4.718615294293556,0.0010111211521461883,4.718615294293556,1.3641906808317272,0.0,0.125,0.09588347662613933,0.004324555644401151,1.3641906808317272,0.00432456355497135,1.3641906808317272
1680.0,0.018814666666666667,4.8116554120852015,0.0,0.125,0.6781706727309674,0.0009092718943293221,4.8116554120852015,0.0009092718943293221,4.8116554120852015,1.3725394475250292,0.0,0.125,0.09761596217848434,0.0041462921626027605,1.3725394475250292,0.004146305245513515,1.3725394475250292
1740.0,0.018772333333333335,4.9341348745728055,0.0,0.125,0.6972620934776451,0.0008386575142935726,4.9341348745728055,0.0008386575142935726,4.9341348745728055,1.3801233621214721,0.0,0.125,0.09929643741226059,0.003982068433774799,1.3801233621214721,0.003982089198049765,1.3801233621214721
1800.0,0.01873,5.040533608146461,0.0,0.125,0.7165639751678908,0.0009397583172017221,5.040533608146461,0.0009397583172585655,5.040533608146461,1.3872817797152726,0.0,0.125,0.10092666802790194,0.003827245101854171,1.3872817797152726,0.003827276954643022,1.3872817797152726
1860.0,0.018703666666666667,5.1437346141569265,0.0,0.125,0.7351622568763042,0.0009176767945859865,5.1437346141569265,0.0009176767945859865,5.1437346141569265,1.3940636278014276,0.0,0.125,0.10250937897632383,0.0036719076769586856,1.3940636278014276,0.003671955060577936,1.3940636278014276
1920.0,0.018677333333333334,5.188957290830331,0.0,0.125,0.750540124712551,0.0010816531579393995,5.188957290830331,0.001081653157996243,5.188957290830331,1.4007980900320114,0.0,0.125,0.1040470807555201,0.0035176149143612,1.4007980900320114,0.0035176834546029045,1.4007980900320114
1980.0,0.018651,5.240026182605789,0.0,0.125,0.7635147441534551,0.0009366013169938014,5.240026182605789,0.0009366013169938014,5.240026182605789,1.4072531676370341,0.0,0.125,0.1055429751617766,0.0034138918042128097,1.4072531676370341,0.0034138918042128097,1.4072531676370341
2040.0,0.018624666666666668,5.298250924097772,0.0,0.125,0.7764158593740097,0.0009674702033635185,5.298250924097772,0.0009674702033635185,5.298250924097772,1.4133140632126557,0.0,0.125,0.1069993844811517,0.003312364554044045,1.4133140632126557,0.003312364554044045,1.4133140632126557
2100.0,0.018598333333333335,5.329771986541516,0.0,0.125,0.7877002320925849,0.0010090765898098653,5.329771986541516,0.0010090765898098653,5.329771986541516,1.419199356347298,0.0,0.125,0.10841797559856838,0.0032141360009154685,1.419199356347298,0.0032141360009154685,1.419199356347298
2160.0,0.018572,5.356344762257777,0.0,0.125,0.7973190794252818,0.0010500321643007737,5.356344762257777,0.0010500321643007737,5.356344762257777,1.4248411984406455,0.0,0.125,0.10980055730498525,0.003117499895807896,1.4248411984406455,0.003117499895807896,1.4248411984406455
2220.0,0.01854566666666667,5.406061962302772,0.0,0.125,0.8074417319172257,0.0010880749434818426,5.406061962302772,0.0010880749434818426,5.406061962302772,1.4300307849371432,0.0,0.125,0.11114840015433876,0.0030233643132273613,1.4300307849371432,0.0030233643132273613,1.4300307849371432
2280.0,0.018519333333333332,5.426060966544469,0.0,0.125,0.816590975908584,0.0011239966289622316,5.426060966544469,0.0011239966289622316,5.426060966544469,1.4351268241056319,0.0,0.125,0.11246258133276932,0.002934094514587482,1.4351268241056319,0.002934094514587482,1.4351268241056319
2340.0,0.018493,5.471625353122363,0.0,0.125,0.8256552037287389,0.0011554970670886178,5.471625353122363,0.0011554970670886178,5.471625353122363,1.4399279224281978,0.0,0.125,0.11374526881322618,0.0028462328219254207,1.4399279224281978,0.0028462328219254207,1.4399279224281978
2400.0,0.018466666666666666,5.486875388266469,0.0,0.125,0.8339100050890645,0.0011819011742773,5.486875388266469,0.0011819011742773,5.486875388266469,1.4445610149293606,0.0,0.125,0.114997196115454,0.0027616068739393373,1.4445610149293606,0.0027616138643926647,1.4445610149293606
2460.0,0.018440333333333333,5.522496313122815,0.0,0.125,0.841759652398242,0.001204670720824197,5.522496313122815,0.001204670720824197,5.522496313122815,1.4489087056030108,0.0,0.125,0.11621939540187994,0.002678610677512294,1.4489087056030108,0.002678647433000947,1.4489087056030108
2520.0,0.018414,5.534772548343199,0.0,0.125,0.8489402736674504,0.0012242777459050558,5.534772548343199,0.0012242777459050558,5.534772548343199,1.4531451371088278,0.0,0.125,0.11741277724282057,0.0025988264928364924,1.4531451371088278,0.0025989035408320316,1.4531451371088278
2580.0,0.018387666666666667,5.5107004996580145,0.0,0.125,0.8530966524989516,0.0012422872006823127,5.5107004996580145,0.0012422872006823127,5.5107004996580145,1.4574280596531821,0.0,0.125,0.11857871426273014,0.0025200652580406047,1.4574280596531821,0.0025201950838071863,1.4574280596531821
2640.0,0.018361333333333334,5.528572667198375,0.0,0.125,0.857449642803403,0.001258832695896217,5.528572667198375,0.001258832695896217,5.528572667198375,1.4613724939957482,0.0,0.125,0.11971883114360102,0.002441011372060764,1.4613724939957482,0.0024412080621190047,1.4613724939957482
2700.0,0.018335,5.531960106984911,0.0,0.125,0.8621521026337932,0.0012775367958965944,5.531960106984911,0.0012775367958965944,5.531960106984911,1.465174583428867,0.0,0.125,0.12083371305331848,0.0023667800710613918,1.465174583428867,0.0023670597037068752,1.465174583428867
2760.0,0.018308666666666668,5.493177842117177,0.0,0.125,0.8639866140214361,0.001296508198436186,5.493177842117177,0.001296508198436186,5.493177842117177,1.4690398058815406,0.0,0.125,0.12192412945283757,0.0022949186374709996,1.4690398058815406,0.0022952997145471166,1.4690398058815406
2820.0,0.018282333333333334,5.452343020471403,0.0,0.125,0.8637281171836484,0.001311322821891281,5.452343020471403,0.001311322821891281,5.452343020471403,1.472853474292544,0.0,0.125,0.12299142998939676,0.002227067581898501,1.472853474292544,0.002227067581898501,1.472853474292544
2880.0,0.018256,5.445203112184288,0.0,0.125,0.8643479800835383,0.0013259617643370802,5.445203112184288,0.0013259617643370802,5.445203112184288,1.476390650076002,0.0,0.125,0.124036791125957,0.0021744504305063472,1.476390650076002,0.0021744504305063472,1.476390650076002
2940.0,0.01822966666666667,5.387225053955433,0.0,0.125,0.863290412208721,0.0013428451553636478,5.387225053955433,0.0013428451553636478,5.387225053955433,1.4799477091585473,0.0,0.125,0.125060101366477,0.002122916430836508,1.4799477091585473,0.002122916430836508,1.4799477091585473
3000.0,0.018203333333333335,5.3387404403809455,0.0,0.125,0.8604659966381122,0.0013569496107379564,5.3387404403809455,0.0013569496107379564,5.3387404403809455,1.483545076530305,0.0,0.125,0.12606292065552827,0.0020723902253374504,1.483545076530305,0.0020723902253374504,1.483545076530305
3060.0,0.018177000000000002,5.280084085002841,0.0,0.125,0.856960077335765,0.0013675999843485442,5.280084085002841,0.001436408155996105,5.280084085002841,1.4869517478034262,0.0,0.125,0.12704575317683026,0.0020219371215619564,1.4869517478034262,0.0020219371215619564,1.4869517478034262
3120.0,0.01815066666666667,5.2823066037018975,0.0,0.125,0.8555046909443588,0.0013780556590745618,5.2823066037018975,0.0016382024345489299,5.2823066037018975,1.4900855755361189,0.0,0.125,0.12800908063232477,0.0019722340089021184,1.4900855755361189,0.0019722340089021184,1.4900855755361189
3180.0,0.018124333333333333,5.254929390721486,0.0,0.125,0.8547654606147718,0.0013864047704146287,5.254929390721486,0.0018532455237050272,5.254929390721486,1.4930586488973319,0.0,0.125,0.1289524732876531,0.0019248404044693856,1.4930586488973319,0.0019248404044693856,1.4930586488973319
3240.0,0.018098,5.217250041023931,0.0,0.125,0.8525362503519771,0.0013879903982569886,5.217250041023931,0.002086833725627457,5.217250041023931,1.4960930623539088,0.0,0.125,0.12987621860416776,0.001879945891908541,1.4960930623539088,0.001879945891908541,1.4960930623539088
3300.0,0.018071666666666666,5.180069229390824,0.0,0.125,0.8498161094914988,0.001382170887382017,5.180069229390824,0.002340653909016055,5.180069229390824,1.4990451792197206,0.0,0.125,0.13078145131191107,0.001835696840227552,1.4990451792197206,0.001835696840227552,1.4990451792197206
3360.0,0.018045333333333333,5.1118977863874875,0.0,0.125,0.8452630635753475,0.001376063782458914,5.1118977863874875,0.002607047384344696,5.1118977863874875,1.502104896627153,0.0,0.125,0.13166894880966606,0.0017919034841773485,1.502104896627153,0.0017919034841773485,1.502104896627153
3420.0,0.018019,5.056110362719608,0.0,0.125,0.8397388939064366,0.0013720147132403326,5.056110362719608,0.002882545783279511,5.056110362719608,1.5050733562247698,0.0,0.125,0.13253970213305052,0.0017480229731208219,1.5050733562247698,0.0017480229731208219,1.5050733562247698
3480.0,0.017992666666666667,4.9678396067792505,0.0,0.125,0.8326221113776696,0.0013711506247773286,4.9678396067792505,0.0031648847996166296,4.9678396067792505,1.5081379005654452,0.0,0.125,0.13339418480232612,0.0017044799967749213,1.5081379005654452,0.0017044799967749213,1.5081379005654452
3540.0,0.017966333333333334,4.886875414366273,0.0,0.125,0.8241577961539519,0.0013727652365105314,4.886875414366273,0.0034536295548264206,4.886875414366273,1.5111499172104865,0.0,0.125,0.13423314969915526,0.001670450679242208,1.5111499172104865,0.001670450679242208,1.5111499172104865
3600.0,0.01794,4.85527678726487,0.0,0.125,0.8176851403219489,0.001375417773715526,4.85527678726487,0.0034797594523752196,4.85527678726487,1.5139174883764643,0.0,0.125,0.13501383162776906,0.002159160638872004,1.5139174883764643,0.002159160638872004,1.5139174883764643
3660.0,0.017909666666666667,4.793666944780739,0.0,0.125,0.8115174268107236,0.0013705494768032622,4.793666944780739,0.0037947743092558994,4.793666944780739,1.5166299358565027,0.0,0.125,0.1358223535327479,0.0021074234917852763,1.5166299358565027,0.0021074234917852763,1.5166299358565027
3720.0,0.017879333333333334,4.73371949182058,0.0,0.125,0.8044046260089739,0.001361440488608423,4.73371949182058,0.004121979747765181,4.73371949182058,1.5193627972326478,0.0,0.125,0.136615354015416,0.0020572373302831792,1.5193627972326478,0.0020572373302831792,1.5193627972326478
3780.0,0.017849,4.686279900878958,0.0,0.125,0.7978089144504049,0.0013459497464509695,4.686279900878958,0.004463400757913405,4.686279900878958,1.5219523022797252,0.0,0.125,0.13739324833149666,0.0020086990514369685,1.5219523022797252,0.0020086990514369685,1.5219523022797252
3840.0,0.017818666666666667,4.619671610219939,0.0,0.125,0.7905838835100516,0.0013290565199213233,4.619671610219939,0.004813274615628416,4.619671610219939,1.5246293481414506,0.0,0.125,0.1381564177959477,0.001962054550970871,1.5246293481414506,0.001962054550970871,1.5246293481414506
3900.0,0.017788333333333333,4.544675718887049,0.0,0.125,0.7821249060629232,0.0013115222187138897,4.544675718887049,0.005170017999660104,4.544675718887049,1.527319674238507,0.0,0.125,0.13890566325871112,0.001917206484453704,1.527319674238507,0.001917206484453704,1.527319674238507
3960.0,0.017758,4.4722454202088215,0.0,0.125,0.7731816917398309,0.0012946062419700866,4.4722454202088215,0.0055315515281790795,4.4722454202088215,1.5299484363364082,0.0,0.125,0.13964113837616005,0.0018737343122057215,1.5299484363364082,0.0018737343122057215,1.5299484363364082
4020.0,0.017727666666666666,4.380317093228598,0.0,0.125,0.7630817508753435,0.00128010236579712,4.380317093228598,0.005894974522732355,4.380317093228598,1.532689075628348,0.0,0.125,0.14036337473734542,0.001831512762874743,1.532689075628348,0.001831512762874743,1.532689075628348
4080.0,0.017697333333333336,4.274260200144965,0.0,0.125,0.7512820858824691,0.0012671260321326372,4.274260200144965,0.006260172318604873,4.274260200144965,1.5354922832628384,0.0,0.125,0.14107317682049067,0.0017904597316003024,1.5354922832628384,0.0017904597316003024,1.5354922832628384
4140.0,0.017667000000000002,4.212769291505197,0.0,0.125,0.7405831743179911,0.0012553827183410249,4.212769291505197,0.0066265250938499776,4.212769291505197,1.5380588936008022,0.0,0.125,0.14177058579583893,0.0017539650320295141,1.5380588936008022,0.0017539650320295141,1.5380588936008022
4200.0,0.01763666666666667,4.128683038524343,0.0,0.125,0.7301741833377096,0.001245077882174428,4.128683038524343,0.006992790255935688,4.128683038524343,1.5406757778781515,0.0,0.125,0.14245528845272187,0.0017201933666872726,1.5406757778781515,0.0017201933666872726,1.5406757778781515
4260.0,0.017606333333333335,4.060377472298342,0.0,0.125,0.7196645461384615,0.0012320332162403247,4.060377472298342,0.007362608172400087,4.060377472298342,1.5432539995978893,0.0,0.125,0.143127874242814,0.001687152596103747,1.5432539995978893,0.001687152596103747,1.5432539995978893
4320.0,0.017576,4.024426857123331,0.0,0.125,0.7111744324421858,0.001215104981611148,4.024426857123331,0.007736914986594456,4.024426857123331,1.5456127875342078,0.0,0.125,0.1437882010473124,0.0016548820505073447,1.5456127875342078,0.0016548820505073447,1.5456127875342078
4380.0,0.017545666666666668,3.923218008356912,0.0,0.125,0.7009332543233235,0.0011962854609919304,3.923218008356912,0.008113066018040627,3.923218008356912,1.5482094778850948,0.0,0.125,0.144435989929974,0.001623477494854253,1.5482094778850948,0.001623477494854253,1.5482094778850948
4440.0,0.017515333333333334,3.817024941146883,0.0,0.125,0.688122263654814,0.0011742717200036168,3.817024941146883,0.008491941635043077,3.817024941146883,1.550918781466844,0.0,0.125,0.14507235535850713,0.0015929455417444949,1.550918781466844,0.0015929455417444949,1.550918781466844
4500.0,0.017485,3.7439345245703066,0.0,0.125,0.6761631748044209,0.0011543971800733743,3.7439345245703066,0.008867243967017657,3.7439345245703066,1.5534729548279747,0.0,0.125,0.14569779476396208,0.0015629894911188824,1.5534729548279747,0.0015629894911188824,1.5534729548279747
4560.0,0.017454666666666667,3.671245418197259,0.0,0.125,0.6650290317586416,0.0011405831112938358,3.671245418197259,0.00923327476942859,3.671245418197259,1.555957468946631,0.0,0.125,0.14631193999900496,0.0015334293573894264,1.555957468946631,0.0015334293573894264,1.555957468946631
4620.0,0.017424333333333333,3.6249173101151086,0.0,0.125,0.6551435277699325,0.0011266893286574486,3.6249173101151086,0.009595350638107902,3.6249173101151086,1.5583680528685389,0.0,0.125,0.14691503160224278,0.0015043842156849951,1.5583680528685389,0.0015043842156849951,1.5583680528685389
4680.0,0.017394,3.5587067439516886,0.0,0.125,0.6454684658353599,0.0011090867019447614,3.5587067439516886,0.009957008212950313,3.5587067439516886,1.560728353333908,0.0,0.125,0.1475066846114633,0.001476055023408529,1.560728353333908,0.001476055023408529,1.560728353333908
4740.0,0.017363666666666666,3.5059574728906,0.0,0.125,0.6358561128640366,0.0010878143661443573,3.5059574728906,0.010318018016903352,3.5059574728906,1.5630901221874838,0.0,0.125,0.1480869943882065,0.001448490289121196,1.5630901221874838,0.001448490289121196,1.5630901221874838
4800.0,0.017333333333333333,3.4368944728053634,0.0,0.125,0.6260243635137258,0.0010656088414862097,3.4368944728053634,0.010675127580839217,3.4368944728053634,1.5655208508279264,0.0,0.125,0.14865670254434202,0.0014216576229066913,1.5655208508279264,0.0014216576229066913,1.5655208508279264
4860.0,0.017303,3.3458265865766634,0.0,0.125,0.614572542294404,0.0010447619146134457,3.3458265865766634,0.011025132367251445,3.3458265865766634,1.5680412251825346,0.0,0.125,0.14921623381404775,0.0013954517508723008,1.5680412251825346,0.0013954517508723008,1.5680412251825346
4920.0,0.017272666666666665,3.2958867590223804,0.0,0.125,0.6040091615577063,0.0010262307591233366,3.2958867590223804,0.011366176611943501,3.2958867590223804,1.5703827720848107,0.0,0.125,0.14976568717385974,0.0013696539834562316,1.5703827720848107,0.0013696539834562316,1.5703827720848107
4980.0,0.017242333333333332,3.1870949188394775,0.0,0.125,0.5920764651898124,0.0010115911755974594,3.1870949188394775,0.011695551839011387,3.1870949188394775,1.5728956173294169,0.0,0.125,0.1503047171080683,0.0013442633436901996,1.5728956173294169,0.0013442633436901996,1.5728956173294169
5040.0,0.017212,3.0798953358777226,0.0,0.125,0.5780272582984335,0.0009969970121801452,3.0798953358777226,0.012016491700649112,3.0798953358777226,1.5755298828327746,0.0,0.125,0.1508342991798303,0.0013193590191680205,1.5755298828327746,0.0013193590191680205,1.5755298828327746
5100.0,0.017181666666666668,2.9952838070297503,0.0,0.125,0.5646460833213592,0.0009838658261287492,2.9952838070297503,0.012327025506635891,2.9952838070297503,1.5780497696688136,0.0,0.125,0.15135490462910473,0.0012960488767406186,1.5780497696688136,0.0012960488767406186,1.5780497696688136
5160.0,0.017151333333333334,2.966327831031606,0.0,0.125,0.5542433951609732,0.0009738261787219926,2.966327831031606,0.012624410256705687,2.966327831031606,1.5803493502574855,0.0,0.125,0.15186636561835165,0.0012749830996545697,1.5803493502574855,0.0012749830996545697,1.5803493502574855
5220.0,0.017121,2.898698591845516,0.0,0.125,0.5443342690926454,0.0009608064664234917,2.898698591845516,0.012914540206509173,2.898698591845516,1.5826999281100855,0.0,0.125,0.1523681147826069,0.0012541505007332976,1.5826999281100855,0.0012541505007332976,1.5826999281100855
5280.0,0.017090666666666667,2.8036106479458454,0.0,0.125,0.5322316850625892,0.0009395668332672358,2.8036106479458454,0.013203394987215233,2.8036106479458454,1.5852494596418865,0.0,0.125,0.15286054313645112,0.0012337172137029118,1.5852494596418865,0.0012337172137029118,1.5852494596418865
5340.0,0.017060333333333334,2.7487229310320913,0.0,0.125,0.5208808041865711,0.0009156673948496064,2.7487229310320913,0.013485533893515367,2.7487229310320913,1.5876077893294167,0.0,0.125,0.15334397859753246,0.001213714924895637,1.5876077893294167,0.001213714924895637,1.5876077893294167
5400.0,0.01703,2.662472718236529,0.0,0.125,0.5093401245462937,0.0008967746319967773,2.662472718236529,0.013752002433079724,2.662472718236529,1.590117965513154,0.0,0.125,0.15381842065014373,0.0011940992102383863,1.590117965513154,0.0011940992102383863,1.590117965513154
5460.0,0.017004,2.6266710754230758,0.0,0.125,0.49895499954226513,0.0008792090250153706,2.6266710754230758,0.014005903113627483,2.6266710754230758,1.5923915746387554,0.0,0.125,0.15428415575551924,0.0011747767967726919,1.5923915746387554,0.0011747767967726919,1.5923915746387554
5520.0,0.016978,2.560810356945865,0.0,0.125,0.489098094902168,0.0008616690650455894,2.560810356945865,0.014248529591100123,2.560810356945865,1.5947263923136228,0.0,0.125,0.15474061722481636,0.0011557940671205191,1.5947263923136228,0.0011557940671205191,1.5947263923136228
5580.0,0.016952000000000002,2.4884499796227146,0.0,0.125,0.47809074998835194,0.0008421796024435935,2.4884499796227146,0.014481812034205177,2.4884499796227146,1.5971986304223496,0.0,0.125,0.15518873238406827,0.0011371782531797159,1.5971986304223496,0.0011371782531797159,1.5971986304223496
5640.0,0.016926,2.415302961771772,0.0,0.125,0.46682481137638576,0.0008221442075750929,2.415302961771772,0.014704374472330528,2.415302961771772,1.5995894785609739,0.0,0.125,0.15562862199759586,0.001118937096262318,1.5995894785609739,0.001118937096262318,1.5995894785609739
5700.0,0.0169,2.3739919123019035,0.0,0.125,0.4567945293128306,0.0008053232241991282,2.3739919123019035,0.014911721660610056,2.3739919123019035,1.6019305868939624,0.0,0.125,0.15606032286932306,0.001100969644802996,1.6019305868939624,0.001100969644802996,1.6019305868939624
5760.0,0.016874,2.303637411860393,0.0,0.125,0.4466551448942092,0.0007900821065618402,2.303637411860393,0.015105028545747246,2.303637411860393,1.6042532116245043,0.0,0.125,0.1564835906727986,0.0010832800710469659,1.6042532116245043,0.0010832800710469659,1.6042532116245043
5820.0,0.016848000000000002,2.2141181438504987,0.0,0.125,0.4348037161211654,0.0007727873377234573,2.2141181438504987,0.015288116430099308,2.2141181438504987,1.6067833425081455,0.0,0.125,0.1568988279911573,0.0010659193728563832,1.6067833425081455,0.0010659193728563832,1.6067833425081455
5880.0,0.016822,2.1410912985316486,0.0,0.125,0.4228796547091359,0.0007558409650982867,2.1410912985316486,0.015458589349179874,2.1410912985316486,1.6091641269940855,0.0,0.125,0.15730631347405458,0.00104888033541517,1.6091641269940855,0.00104888033541517,1.6091641269940855
5940.0,0.016796,2.143746376658214,0.0,0.125,0.4146240686114691,0.0007426180144989303,2.143746376658214,0.015612350172318656,2.143746376658214,1.6113529407158826,0.0,0.125,0.1577061127904385,0.0010320404554846618,1.6113529407158826,0.0010320404554846618,1.6113529407158826
6000.0,0.01677,2.11768298093358,0.0,0.125,0.4080678434223343,0.0007287683112053855,2.11768298093358,0.015753639010142706,2.11768298093358,1.613416704677241,0.0,0.125,0.15809751151451554,0.0010154688645773735,1.613416704677241,0.0010154688645773735,1.613416704677241
6060.0,0.016744000000000002,2.0598026991751794,0.0,0.125,0.3997552205803491,0.0007065364242180294,2.0598026991751794,0.015891473043097903,2.0598026991751794,1.615687001518808,0.0,0.125,0.1584802418290621,0.0010000371325726842,1.615687001518808,0.0010000371325726842,1.615687001518808
6120.0,0.016718,1.970000381189152,0.0,0.125,0.38912157757886157,0.0006814405548993818,1.970000381189152,0.01602110124400724,1.970000381189152,1.6181130351783448,0.0,0.125,0.158855410687915,0.0009860315765004568,1.6181130351783448,0.0009860315765004568,1.6181130351783448
6180.0,0.016692,1.9546703659676723,0.0,0.125,0.3803417657647088,0.0006634628505821638,1.9546703659676723,0.016131458493759965,1.9546703659676723,1.6202604355331949,0.0,0.125,0.15922331585149022,0.0009722866575645472,1.6202604355331949,0.0009722866575645472,1.6202604355331949
6240.0,0.016666,1.9113035628152488,0.0,0.125,0.3728054682021077,0.0006531944874836881,1.9113035628152488,0.0162207178966014,1.9113035628152488,1.6224162497562176,0.0,0.125,0.15958343030100156,0.0009587573867622101,1.6224162497562176,0.0009587573867622101,1.6224162497562176
6300.0,0.016640000000000002,1.8566846105992454,0.0,0.125,0.36411365624882497,0.0006400828888786236,1.8566846105992454,0.016299895825227395,1.8566846105992454,1.624627021892944,0.0,0.125,0.15993586274233076,0.0009454020847550204,1.624627021892944,0.0009454020847550204,1.624627021892944
6360.0,0.016614,1.7835620724765704,0.0,0.125,0.35434773028583083,0.0006239660145297421,1.7835620724765704,0.01637012488538403,1.7835620724765704,1.6269762383026363,0.0,0.125,0.16028132409431764,0.000932241721742777,1.6269762383026363,0.000932241721742777,1.6269762383026363
6420.0,0.016588,1.7063626839970993,0.0,0.125,0.34359203230247326,0.0006105598070007545,1.7063626839970993,0.016425370531408134,1.7063626839970993,1.62928809028592,0.0,0.125,0.16062002827830635,0.0009192863344322788,1.62928809028592,0.0009192863344322788,1.62928809028592
6480.0,0.016562,1.6272563045789639,0.0,0.125,0.3323904664253553,0.0006006679609527055,1.6272563045789639,0.016464374410475102,1.6272563045789639,1.631679977058204,0.0,0.125,0.16095212425585156,0.0009064929290807378,1.631679977058204,0.0009064929290807378,1.631679977058204
6540.0,0.016536000000000002,1.6267976792667582,0.0,0.125,0.32431369762711243,0.0005923705541022173,1.6267976792667582,0.016488917436049633,1.6267976792667582,1.6337032102232114,0.0,0.125,0.161277571189935,0.000893768980942955,1.6337032102232114,0.000893768980942955,1.6337032102232114
6600.0,0.01651,1.5710061285089978,0.0,0.125,0.31674910847781257,0.0005819552180810206,1.5710061285089978,0.016503135989353268,1.5710061285089978,1.6358935231116272,0.0,0.125,0.16159579066110735,0.0008811634169938465,1.6358935231116272,0.0008811634169938465,1.6358935231116272
6660.0,0.016484,1.4945265647855308,0.0,0.125,0.30683514213021956,0.0005627998529007527,1.4945265647855308,0.01651514710971469,1.4945265647855308,1.6381590604507665,0.0,0.125,0.16190709293103409,0.0008687447520221436,1.6381590604507665,0.0008687447520221436,1.6381590604507665
6720.0,0.016458,1.4421486665706311,0.0,0.125,0.2972031556227619,0.0005430322012216493,1.4421486665706311,0.016517443301381718,1.4421486665706311,1.6403787374840948,0.0,0.125,0.16221169216244147,0.0008565536085858305,1.6403787374840948,0.0008565536085858305,1.6403787374840948
6780.0,0.016432000000000002,1.417047111767431,0.0,0.125,0.2893254485638978,0.0005295455696909812,1.417047111767431,0.01650210621107817,1.417047111767431,1.6424729110288967,0.0,0.125,0.16250982765582805,0.0008445694411676197,1.6424729110288967,0.0008445694411676197,1.6424729110288967
6840.0,0.016406,1.3509598232445796,0.0,0.125,0.28078550801126184,0.0005162682268746721,1.3509598232445796,0.016475263451127375,1.3509598232445796,1.644661454220747,0.0,0.125,0.16280126968065842,0.0008327875451252797,1.644661454220747,0.0008327875451252797,1.644661454220747
6900.0,0.01638,1.3497182128418217,0.0,0.125,0.2738228746687287,0.0004992428229684265,1.3497182128418217,0.01644189833979226,1.3497182128418217,1.6466300510030871,0.0,0.125,0.1630860671258918,0.0008211656456718064,1.6466300510030871,0.0008211656456718064,1.6466300510030871
6960.0,0.016354,1.3268419516116978,0.0,0.125,0.26829910391750084,0.0004832085592738622,1.3268419516116978,0.01639751325723182,1.3268419516116978,1.6485859289134421,0.0,0.125,0.16336392704201655,0.0008097467336432018,1.6485859289134421,0.0008097467336432018,1.6485859289134421
7020.0,0.016328000000000002,1.291670608645859,0.0,0.125,0.26188280452467116,0.00046441733979918354,1.291670608645859,0.01634639515185654,1.291670608645859,1.6506159378710428,0.0,0.125,0.16363514376333155,0.0007985612311294243,1.6506159378710428,0.0007985612311294243,1.6506159378710428
7080.0,0.016302,1.233458549328816,0.0,0.125,0.25425254336760444,0.0004452402752690432,1.233458549328816,0.01628687414677188,1.233458549328816,1.6526859625198478,0.0,0.125,0.16389990914002997,0.0007886241461456667,1.6526859625198478,0.0007886241461456667,1.6526859625198478
7140.0,0.016276,1.2010391835594305,0.0,0.125,0.24683626688182095,0.00043104247760084036,1.2010391835594305,0.016213127822993556,1.2010391835594305,1.654652363918578,0.0,0.125,0.1641582115461874,0.0007789187468674186,1.654652363918578,0.0007789187468674186,1.654652363918578
7200.0,0.01625,1.1651178332168683,0.0,0.125,0.24005706836690616,0.0004218337983274978,1.1651178332168683,0.01612467785912486,1.1651178332168683,1.65666707318525,0.0,0.125,0.16441053398762054,0.0007693580097725139,1.65666707318525,0.0007693580097725139,1.65666707318525
7260.0,0.016238,1.133951366807537,0.0,0.125,0.2334648448272946,0.0004121888327972556,1.133951366807537,0.01602790062196391,1.133951366807537,1.6585943566119945,0.0,0.125,0.1646572919926487,0.0007599265863911242,1.6585943566119945,0.0007599265863911242,1.6585943566119945
7320.0,0.016226,1.0549060472653764,0.0,0.125,0.22513059343799122,0.0004006313184845567,1.0549060472653764,0.015925653005467666,1.0549060472653764,1.6606688177945426,0.0,0.125,0.1648984341530805,0.0007506350294785857,1.6606688177945426,0.0007506350294785857,1.6606688177945426
7380.0,0.016214,1.0215315512929237,0.0,0.125,0.21704086795947913,0.0003891008401524232,1.0215315512929237,0.01581636279399845,1.0215315512929237,1.662573739914651,0.0,0.125,0.16513407958505222,0.0007414449293090541,1.662573739914651,0.0007414449293090541,1.662573739914651
7440.0,0.016202,0.9594466984017345,0.0,0.125,0.20911357765031652,0.00038139245276624933,0.9594466984017345,0.015695891178268084,0.9594466984017345,1.6645709680690652,0.0,0.125,0.16536431229573542,0.0007323464253150558,1.6645709680690652,0.0007323464253150558,1.6645709680690652
7500.0,0.01619,0.9449341276019823,0.0,0.125,0.20222145669365674,0.000371926256207189,0.9449341276019823,0.015570146815719,0.9449341276019823,1.6663762285061894,0.0,0.125,0.16558934988321827,0.0007233068966101541,1.6663762285061894,0.0007233068966101541,1.6663762285061894
7560.0,0.016178,0.9114333330221029,0.0,0.125,0.1962500685968693,0.00036054206844937653,0.9114333330221029,0.01544002044181525,0.9114333330221029,1.668202803910964,0.0,0.125,0.16580894621781195,0.0007143288432069905,1.668202803910964,0.0007143288432069905,1.668202803910964
7620.0,0.016166,0.8615275061892476,0.0,0.125,0.18921415414923676,0.00034515765912601637,0.8615275061892476,0.015308349313045255,0.8615275061892476,1.6701126963135293,0.0,0.125,0.16602350139911182,0.0007054508497432721,1.6701126963135293,0.0007054508497432721,1.6701126963135293
7680.0,0.016154,0.8177972636814275,0.0,0.125,0.18197394429546107,0.00032926389411613854,0.8177972636814275,0.015172198490517985,0.8177972636814275,1.671928157501101,0.0,0.125,0.1662328866260417,0.0006966859921151425,1.671928157501101,0.0006966859921151425,1.671928157501101
7740.0,0.016142,0.8216528631492679,0.0,0.125,0.1767889813568792,0.00031714375268165895,0.8216528631492679,0.01502685642844881,0.8216528631492679,1.673596023129598,0.0,0.125,0.16643707132286079,0.0006880311737005318,1.673596023129598,0.0006880311737005318,1.673596023129598
7800.0,0.016130000000000002,0.7783871368368978,0.0,0.125,0.1714143112044672,0.0003055437738339606,0.7783871368368978,0.014875660649011024,0.7783871368368978,1.6753777206660216,0.0,0.125,0.16663633027600286,0.0006795170770736991,1.6753777206660216,0.0006795170770736991,1.6753777206660216
7860.0,0.016118,0.8030396552152297,0.0,0.125,0.16762003658003846,0.00028972288185968864,0.8030396552152297,0.014724448780327748,0.8030396552152297,1.6769022359569397,0.0,0.125,0.16683067271654126,0.0006711188386927525,1.6769022359569397,0.0006711188386927525,1.6769022359569397
7920.0,0.016106000000000002,0.7817199747145764,0.0,0.125,0.1644043778727334,0.0002753085113340603,0.7817199747145764,0.01456787512961455,0.7817199747145764,1.6784721795734274,0.0,0.125,0.16701960551490336,0.0006628703478874787,1.6784721795734274,0.0006628703478874787,1.6784721795734274
7980.0,0.016094,0.7371814121792113,0.0,0.125,0.15898487548630982,0.00025897016797671313,0.7371814121792113,0.014409723550102171,0.7371814121792113,1.6801476506445698,0.0,0.125,0.16720340602879694,0.0006548071468590599,1.6801476506445698,0.0006548071468590599,1.6801476506445698
8040.0,0.016082000000000003,0.7243694795290025,0.0,0.125,0.15413906622027201,0.00024621182717510237,0.7243694795290025,0.014244639364562772,0.7243694795290025,1.681690997743643,0.0,0.125,0.16738239801670612,0.0006470505956943651,1.681690997743643,0.0006470505956943651,1.681690997743643
8100.0,0.01607,0.6615035390315711,0.0,0.125,0.14811731066471703,0.00024023919627325085,0.6615035390315711,0.01406844970858856,0.6615035390315711,1.6832717563135793,0.0,0.125,0.16755610660378756,0.0006399805815817672,1.6832717563135793,0.0006399805815817672,1.6832717563135793
8160.0,0.016058,0.692196268320231,0.0,0.125,0.1443107315954321,0.0002343651443084127,0.692196268320231,0.013888140491303602,0.692196268320231,1.684653983469631,0.0,0.125,0.1677250798229134,0.0006330058241823533,1.684653983469631,0.0006330058241823533,1.684653983469631
8220.0,0.016046,0.6644114874165439,0.0,0.125,0.14127901336349358,0.0002294284042250183,0.6644114874165439,0.01370315393336341,0.6644114874165439,1.68605750701621,0.0,0.125,0.1678893555383836,0.000626119900024813,1.68605750701621,0.000626119900024813,1.68605750701621
8280.0,0.016034,0.6604075253160886,0.0,0.125,0.13767819407027942,0.00021734579712529012,0.6604075253160886,0.013522850257970731,0.6604075253160886,1.6873764724613434,0.0,0.125,0.16804858637572992,0.0006193365621696145,1.6873764724613434,0.0006193365621696145,1.6873764724613434
8340.0,0.016022,0.5940720416285785,0.0,0.125,0.1323751287427339,0.00021101941922552214,0.5940720416285785,0.01334063489031223,0.5940720416285785,1.6888747003819073,0.0,0.125,0.1682029456205183,0.0006126512151296559,1.6888747003819073,0.0006126512151296559,1.6888747003819073
8400.0,0.01601,0.5794739443895196,0.0,0.125,0.1270323790048478,0.00019676230988352472,0.5794739443895196,0.013152820755749417,0.5794739443895196,1.6901977166939448,0.0,0.125,0.1683527990721219,0.0006060647901149352,1.6901977166939448,0.0006060647901149352,1.6901977166939448
8460.0,0.015998000000000002,0.5663390951675638,0.0,0.125,0.12327353497956196,0.00019381331469503493,0.5663390951675638,0.012956418739065612,0.5663390951675638,1.6914629912468917,0.0,0.125,0.1684981150998712,0.0005995578887589836,1.6914629912468917,0.0005995578887589836,1.6914629912468917
8520.0,0.015986,0.5861657480179474,0.0,0.125,0.12109984755852053,0.00018841907495925625,0.5861657480179474,0.012759942865670837,0.5861657480179474,1.6925944663546793,0.0,0.125,0.16863909832871177,0.0005931313298026542,1.6925944663546793,0.0005931313298026542,1.6925944663546793
8580.0,0.015974000000000002,0.5598644939137216,0.0,0.125,0.11844250390309269,0.0001778453598149099,0.5598644939137216,0.01256747546221959,0.5598644939137216,1.6937851532374397,0.0,0.125,0.16877551317108463,0.0005867852687400088,1.6937851532374397,0.0005867852687400088,1.6937851532374397
8640.0,0.015962,0.5274797893216032,0.0,0.125,0.11420617971630435,0.00016415168505545807,0.5274797893216032,0.012377762281971627,0.5274797893216032,1.69494748330477,0.0,0.125,0.16890710357853989,0.0005805309892008559,1.69494748330477,0.0005805309892008559,1.69494748330477
8700.0,0.015950000000000002,0.4863847896598372,0.0,0.125,0.10931915919201701,0.00015534524294480434,0.4863847896598372,0.01218236652852056,0.4863847896598372,1.696172867021217,0.0,0.125,0.16903422845903393,0.0005743639394515387,1.696172867021217,0.0005743639394515387,1.696172867021217
8760.0,0.015938,0.46099737912305727,0.0,0.125,0.10458723115853612,0.00015188645647867816,0.46099737912305727,0.011979951226749108,0.46099737912305727,1.6972899451327195,0.0,0.125,0.16915724405749125,0.0005682876293047201,1.6972899451327195,0.0005682876293047201,1.6972899451327195
8820.0,0.015926000000000003,0.4556023579529551,0.0,0.125,0.10109304221534976,0.0001496773170401866,0.4556023579529551,0.01177462710626287,0.4556023579529551,1.6983777184743105,0.0,0.125,0.16927643249495952,0.0005622855105189561,1.6983777184743105,0.0005622855105189561,1.6983777184743105
8880.0,0.015914,0.4382233789673933,0.0,0.125,0.09788685639528286,0.00014434549376574068,0.4382233789673933,0.011571470192393463,0.4382233789673933,1.6993297746472855,0.0,0.125,0.16939140113838216,0.0005563544259978848,1.6993297746472855,0.0005563544259978848,1.6993297746472855
8940.0,0.015902000000000003,0.3865273971158558,0.0,0.12453741778161428,0.09306316424885348,0.00013467413776879766,0.38522001554639473,0.011372710170235223,0.3865273971158558,1.7004450123590737,0.0,0.125,0.1695019148336111,0.0005505001555472511,1.7004450123590737,0.0005505001555472511,1.7004450123590737
9000.0,0.01589,0.42482360847259315,0.0,0.125,0.09073964086029025,0.00012577545834346893,0.42482360847259315,0.011173404846601898,0.42482360847259315,1.701239124185268,0.0,0.125,0.1696085512916268,0.0005446815643883607,1.701239124185268,0.0005446815643883607,1.701239124185268
9060.0,0.01587766666666667,0.45005182289287404,0.0,0.125,0.09105968089814986,0.00012001900654468045,0.45005182289287404,0.010970608419768269,0.45005182289287404,1.7018969123256236,0.0,0.125,0.16971058868210592,0.0005389082310252036,1.7018969123256236,0.0005389082310252036,1.7018969123256236
9120.0,0.015865333333333335,0.3912823616100809,0.0,0.125,0.0878202919611308,0.00017464702278857658,0.3912823616100809,0.010776608595506332,0.3912823616100809,1.7028237688163539,0.0,0.125,0.16980787287051707,0.0005332433118070412,1.7028237688163539,0.0005332433118070412,1.7028237688163539
9180.0,0.015853000000000003,0.38687448845126937,0.0,0.125,0.0842586628987497,9.246182418110038e-05,0.38687448845126937,0.010584962633629402,0.38687448845126937,1.7036824925704437,0.0,0.125,0.16990147519294307,0.0005279904179347206,1.7036824925704437,0.0005279904179347206,1.7036824925704437
9240.0,0.01584066666666667,0.3450836287449306,0.0,0.125,0.08061784403066047,0.00011173167456490773,0.3450836287449306,0.010381465110015142,0.3450836287449306,1.7044832107798573,0.0,0.125,0.1699912370428103,0.0005229308821805834,1.7044832107798573,0.0005229308821805834,1.7044832107798573
9300.0,0.015828333333333333,0.3604437509501963,0.0,0.125,0.0780092000614013,8.924735266191419e-05,0.3604437509501963,0.010176465311815264,0.3604437509501963,1.7051057502869127,0.0,0.125,0.17007678433860815,0.0005179423517511772,1.7051057502869127,0.0005179423517511772,1.7051057502869127
9360.0,0.015816,0.33298122134431196,0.0,0.125,0.07559527531019047,9.40863443474882e-05,0.33298122134431196,0.009972707176871154,0.33298122134431196,1.7058318848474536,0.0,0.125,0.1701584592311497,0.0005130129709267628,1.7058318848474536,0.0005130129709267628,1.7058318848474536
9420.0,0.015803666666666667,0.3409564485109513,0.0,0.125,0.0734118296251531,8.025046332704733e-05,0.3409564485109513,0.009775149779557069,0.3409564485109513,1.7064038132240773,0.0,0.125,0.1702364209232312,0.0005081456003876994,1.7064038132240773,0.0005081456003876994,1.7064038132240773
9480.0,0.015791333333333334,0.3485713404356261,0.0,0.125,0.07251333609781303,7.367351548737133e-05,0.3485713404356261,0.009578678269633656,0.3485713404356261,1.70690218151206,0.0,0.125,0.1703103633308503,0.0005033125415911943,1.70690218151206,0.0005033125415911943,1.70690218151206
9540.0,0.015779,0.35055842485070343,0.0,0.125,0.0715658850594861,6.581412480954896e-05,0.35055842485070343,0.00938510645403312,0.35055842485070343,1.7073848638969862,0.0,0.125,0.17038035500617738,0.0004985311162089001,1.7073848638969862,0.0004985311162089001,1.7073848638969862
9600.0,0.01576666666666667,0.2945725040176512,0.0,0.12453741778161428,0.06797627249579516,0.00013674568839405765,0.2913964063873209,0.0091943257159528,0.2945725040176512,1.7079605145789627,0.0,0.125,0.17044615539046126,0.0004938162356071807,1.7079605145789627,0.0004938162356071807,1.7079605145789627
9660.0,0.015754333333333335,0.3210765496800718,0.0,0.125,0.06597601077882778,0.00010742241221350923,0.3210765496800718,0.009001517082765531,0.3210765496800718,1.70833291711683,0.0,0.125,0.17050815505498645,0.0004891457778772867,1.70833291711683,0.0004891457778772867,1.70833291711683
9720.0,0.015742000000000003,0.280038054790964,0.0,0.12453741778161428,0.06375488398409065,0.00012878460626097876,0.2788500312237261,0.008803019699257675,0.280038054790964,1.7088471882173333,0.0,0.125,0.17056677486415045,0.000484523786212554,1.7088471882173333,0.000484523786212554,1.7088471882173333
9780.0,0.015729666666666666,0.23746524574517025,0.0,0.12361225334484284,0.059090798775618,5.2537847295752726e-05,0.2289610728097955,0.00861177739818686,0.23746524574517025,1.7093127322184745,0.0,0.125,0.17062167722126556,0.0004799861499320546,1.7093127322184745,0.0004799861499320546,1.7093127322184745
9840.0,0.015717333333333333,0.242305701912926,0.0,0.125,0.05642679098599963,7.318624744812041e-05,0.242305701912926,0.008419383777379608,0.242305701912926,1.7096200567376765,0.0,0.125,0.17067290135238986,0.0004754772114241579,1.7096200567376765,0.0004754772114241579,1.7096200567376765
9900.0,0.015705,0.2305021778234959,0.0,0.125,0.05466714747634139,4.9452172561359475e-05,0.2305021778234959,0.008225724484589136,0.2305021778234959,1.7099549445817428,0.0,0.125,0.1707209383435826,0.0004710034161856669,1.7099549445817428,0.0004710034161856669,1.7099549445817428
9960.0,0.015692666666666667,0.25603859498448855,0.0,0.125,0.053939893464659466,6.685395169370167e-05,0.25603859498448855,0.00804229560890235,0.25603859498448855,1.7100691245815418,0.0,0.125,0.17076538345284156,0.0004665666193628404,1.7100691245815418,0.0004665666193628404,1.7100691245815418
10020.0,0.015680333333333334,0.26691450386806537,0.0,0.125,0.054168615282524535,3.3181586047703604e-05,0.26691450386806537,0.007864215126119234,0.26691450386806537,1.710241778169826,0.0,0.125,0.1708061768892176,0.0004621524433321422,1.710241778169826,0.0004621524433321422,1.710241778169826
10080.0,0.015668,0.227233074877347,0.0,0.12453741778161428,0.05191328736743232,9.085784000717467e-05,0.2265515473448545,0.007690980463337382,0.227233074877347,1.7104173585837004,0.0,0.125,0.1708431245665512,0.0004577925158790741,1.7104173585837004,0.0004577925158790741,1.7104173585837004
10140.0,0.01565566666666667,0.2546630861414201,0.0,0.125,0.050910750943713695,9.349689196369582e-05,0.2546630861414201,0.0075170466751615095,0.2546630861414201,1.7104769103590705,0.0,0.125,0.17087636414461937,0.0004534672957994257,1.7104769103590705,0.0004534672957994257,1.7104769103590705
10200.0,0.015643333333333335,0.21614409775224885,0.0,0.12453741778161428,0.04910926288975433,0.00011116697783108975,0.2139969217149087,0.007337434737905824,0.21614409775224885,1.7106142179133959,0.0,0.125,0.17090620549998614,0.00044919141472155033,1.7106142179133959,0.00044919141472155033,1.7106142179133959
10260.0,0.015631000000000003,0.20305690823596478,0.0,0.125,0.04636383670678766,2.943210915873351e-05,0.20305690823596478,0.0071628813553274995,0.20305690823596478,1.7107449764629008,0.0,0.125,0.17093294294279185,0.0004449863412669952,1.7107449764629008,0.0004449863412669952,1.7107449764629008
10320.0,0.015618666666666668,0.17714764557439366,0.0,0.12361225334484284,0.04376774662368795,4.4107969472406694e-05,0.17420194431502978,0.0069868621355908545,0.17714764557439366,1.7107525155079477,0.0,0.125,0.17095626909932224,0.0004410004930608391,1.7107525155079477,0.0004410004930608391,1.7107525155079477
10380.0,0.015606333333333335,0.2108031661406926,0.0,0.125,0.04310811537980738,0.00011250209257696042,0.2108031661406926,0.0068129711100368695,0.2108031661406926,1.7106758754734552,0.0,0.125,0.1709764059246642,0.0004371992966376581,1.7106758754734552,0.0004371992966376581,1.7106758754734552
10440.0,0.015594,0.17134489577006207,0.0,0.12361225334484284,0.04132765637647478,0.00011935709994759236,0.1640303285076925,0.006644031193673072,0.17134489577006207,1.7106687555991482,0.0,0.125,0.17099338588603535,0.0004334324942623091,1.7106687555991482,0.0004334324942623091,1.7106687555991482
10500.0,0.015581666666666667,0.14272414323136218,0.0,0.12176192447129994,0.037367476494869205,5.1216626218320016e-05,0.11990892994742808,0.006484069889552302,0.14272414323136218,1.7107337213324718,0.0,0.125,0.1710070792558331,0.0004297234485777235,1.7107337213324718,0.0004297234485777235,1.7107337213324718
10560.0,0.015569333333333334,0.12834829742951115,0.0,0.125,0.03504005725590847,7.270272459436455e-05,0.12834829742951115,0.006319477627755532,0.12834829742951115,1.7105378059803944,0.0,0.125,0.17101754511611336,0.00042602527901847154,1.7105378059803944,0.00042602527901847154,1.7105378059803944
10620.0,0.015557000000000001,0.17830096958289232,0.0,0.125,0.03580988925987847,0.00010401282196426109,0.17830096958289232,0.006153894546343963,0.17830096958289232,1.7102244719621067,0.0,0.125,0.17102483379156394,0.0004223323235419407,1.7102244719621067,0.0004223323235419407,1.7102244719621067
10680.0,0.015544666666666667,0.19467968545188796,0.0,0.125,0.0373483497652362,2.7637190498808195e-05,0.19467968545188796,0.006000598344257924,0.19467968545188796,1.7098213905682242,0.0,0.125,0.17102855498107014,0.00041866366376219766,1.7098213905682242,0.00041866366376219766,1.7098213905682242
10740.0,0.015532333333333334,0.18812393949326633,0.0,0.125,0.037219797169025105,2.6662945344924083e-05,0.18812393949326633,0.005859025339532309,0.18812393949326633,1.7095429457266549,0.0,0.125,0.17102857365936353,0.0004150339019177718,1.7095429457266549,0.0004150339019177718,1.7095429457266549
10800.0,0.01552,0.1963511590881808,0.0,0.125,0.03708528375274003,3.1715852685465507e-05,0.1963511590881808,0.00571573993391894,0.1963511590881808,1.709227896034808,0.0,0.125,0.17102569985321003,0.00041142901923230113,1.709227896034808,0.00041142901923230113,1.709227896034808
10860.0,0.015506,0.20103095956858397,0.0,0.125,0.03722714173974572,3.345770835494477e-05,0.20103095956858397,0.005566917155761075,0.20103095956858397,1.7088216380908734,0.0,0.125,0.1710197957452072,0.00040785089015438203,1.7088216380908734,0.00040785089015438203,1.7088216380908734
10920.0,0.015492,0.1689766220479214,0.0,0.12453741778161428,0.03550211273889241,6.120487950056486e-05,0.1689005757285713,0.005418970468156203,0.1689766220479214,1.7084782930123743,0.0,0.125,0.17101052880823983,0.00040432209567042854,1.7084782930123743,0.00040432209567042854,1.7084782930123743
10980.0,0.015478,0.13790919913503785,0.0,0.12361225334484284,0.03229730609971882,5.8729718944050546e-05,0.13037236200921143,0.0052724465945175325,0.13790919913503785,1.7081115482866647,0.0,0.125,0.17099786691447708,0.0004008484488733366,1.7081115482866647,0.0004008484488733366,1.7081115482866647
11040.0,0.015464,0.14614977976873433,0.0,0.125,0.030856133463940512,8.501226233192938e-05,0.14614977976873433,0.005123404944754384,0.14614977976873433,1.7075768413573225,0.0,0.125,0.17098195864888036,0.0003974061506248905,1.7075768413573225,0.0003974061506248905,1.7075768413573225
11100.0,0.01545,0.14375801684462886,0.0,0.125,0.0304188849720579,2.768874037428759e-05,0.14375801684462886,0.004977055314213885,0.14375801684462886,1.7070752474574162,0.0,0.125,0.17096316911662543,0.00039399199766920745,1.7070752474574162,0.00039399199766920745,1.7070752474574162
11160.0,0.015436,0.11780385170953878,0.0,0.12361225334484284,0.028416357913657406,5.747276230749776e-05,0.1125184024795658,0.00484237152335254,0.11780385170953878,1.706555208785299,0.0,0.125,0.17094125506945934,0.00039062404676837303,1.706555208785299,0.00039062404676837303,1.706555208785299
11220.0,0.015422,0.09877921738660689,0.0,0.12083676003452849,0.025266984966053292,6.943848052287649e-05,0.06817879753384659,0.004711705241106756,0.09877921738660689,1.706184091449356,0.0,0.125,0.17091652485632522,0.0003872917920630936,1.706184091449356,0.0003872917920630936,1.706184091449356
11280.0,0.015408000000000002,0.09743721472528932,0.0,0.125,0.023867289052679905,0.00012265359401908427,0.09743721472528932,0.004578039763714514,0.09743721472528932,1.7054614218269224,0.0,0.125,0.1708890690695383,0.0003839703438390796,1.7054614218269224,0.0003839703438390796,1.7054614218269224
11340.0,0.015394000000000001,0.08265871291536087,0.0,0.1226870889080714,0.022742993038811207,6.582567357327207e-05,0.0713059849150568,0.004446084668245476,0.08265871291536087,1.7048441066892077,0.0,0.125,0.17085826692550216,0.0003806650701116965,1.7048441066892077,0.0003806650701116965,1.7048441066892077
11400.0,0.015380000000000001,0.10917379824672935,0.0,0.125,0.022583405632441798,0.00012460101612532526,0.10917379824672935,0.00432568931159949,0.10917379824672935,1.7040816754441321,0.0,0.125,0.1708245871968374,0.0003773866181602248,1.7040816754441321,0.0003773866181602248,1.7040816754441321
11460.0,0.015366000000000001,0.08283266048272253,0.0,0.12361225334484284,0.02164767476171283,8.910291859365316e-05,0.07206202478818113,0.004207255428013923,0.08283266048272253,1.7034353141946013,0.0,0.125,0.170787983666217,0.0003741559427403729,1.7034353141946013,0.0003741559427403729,1.7034353141946013
11520.0,0.015352000000000001,0.06827021713274917,0.0,0.11991159559775705,0.018948928852203454,5.49991202660749e-05,0.03544367261622483,0.004093728887312409,0.06827021713274917,1.7028169966164302,0.0,0.125,0.1707485026040204,0.0003711951176454953,1.7028169966164302,0.0003711951176454953,1.7028169966164302
11580.0,0.015338000000000001,0.07761779740286556,0.0,0.125,0.018301725238528258,0.00013389551247655618,0.07761779740286556,0.0039741659094261195,0.07761779740286556,1.702011988003787,0.0,0.125,0.17070668987065518,0.00036823441633559995,1.702011988003787,0.00036823441633559995,1.702011988003787
11640.0,0.015324,0.05920634958908977,0.0,0.1226870889080714,0.017388681824153963,8.452154941096524e-05,0.04212436541399711,0.0038551392828480857,0.05920634958908977,1.7012592320113231,0.0,0.125,0.17066223870875358,0.0003652863667069628,1.7012592320113231,0.0003652863667069628,1.7012592320113231
11700.0,0.01531,0.05224104911917493,0.0,0.11806126672421413,0.015371520087595892,4.2617794690613664e-05,0.018617193350337402,0.0037479250165119993,0.05224104911917493,1.7005359403134759,0.0,0.125,0.17061495586098294,0.00036238131436427956,1.7005359403134759,0.00036238131436427956,1.7005359403134759
11760.0,0.015296,0.047155325837536566,0.0,0.11620390167221538,0.014489739907685737,9.012830707888497e-05,0.04354262881957993,0.0036373993336837884,0.047155325837536566,1.69958514291455,0.0,0.125,0.17056490075001762,0.00035948285587306117,1.69958514291455,0.00035948285587306117,1.69958514291455
11820.0,0.015282,0.08062667636903598,0.0,0.125,0.0156640742989883,6.864164959097252e-05,0.08062667636903598,0.003528257276059321,0.08062667636903598,1.6985261622093684,0.0,0.125,0.1705117507385463,0.00035659092360296185,1.6985261622093684,0.00035659092360296185,1.6985261622093684
11880.0,0.015268,0.05282943806059848,0.0,0.1226870889080714,0.014727639175318335,8.762191885125503e-05,0.040580657399289066,0.003430096114925618,0.05282943806059848,1.6976674353459187,0.0,0.125,0.17045557325760388,0.00035372913478082246,1.6976674353459187,0.00035372913478082246,1.6976674353459187
11940.0,0.015254,0.04237565262172893,0.0,0.11991159559775705,0.01292967267070666,4.829911046044799e-05,0.025564164070999595,0.0033355646914401405,0.04237565262172893,1.696748678172996,0.0,0.125,0.1703966493473768,0.00035090159572170876,1.696748678172996,0.00035090159572170876,1.696748678172996
12000.0,0.01524,0.06034284540419321,0.0,0.125,0.012987289958855782,9.658850228788651e-05,0.06034284540419321,0.0032319432292524652,0.06034284540419321,1.6957057346159536,0.0,0.125,0.17033537815265687,0.00034807518059443154,1.6957057346159536,0.00034807518059443154,1.6957057346159536
12060.0,0.015226,0.09619458336430853,0.0,0.125,0.015296735689050147,5.438910335442415e-05,0.09619458336430853,0.003131131772590834,0.09619458336430853,1.6944760288657803,0.0,0.125,0.17027135164545087,0.00034525870489043875,1.6944760288657803,0.00034525870489043875,1.6944760288657803
12120.0,0.015212,0.07414183296657484,0.0,0.12453741778161428,0.015222384322336266,6.398818902653147e-05,0.0734312420590868,0.003042279012504423,0.07414183296657484,1.6934603486803355,0.0,0.125,0.1702043703172663,0.00034247706020651414,1.6934603486803355,0.00034247706020651414,1.6934603486803355
12180.0,0.015198000000000001,0.05071071389716053,0.0,0.12176192447129994,0.012649521353096552,7.655818933471892e-05,0.028110830211119264,0.0029562011729922233,0.05071071389716053,1.69248222100091,0.0,0.125,0.17013487292780713,0.0003397384816306026,1.69248222100091,0.0003397384816306026,1.69248222100091
12240.0,0.015184000000000001,0.039771045546217465,0.0,0.11898643116098559,0.010650957449604299,5.9277759930864704e-05,0.036901702151908466,0.0028610583442514326,0.039771045546217465,1.69144264820404,0.0,0.125,0.17006271931172043,0.0003370269902975842,1.69144264820404,0.0003370269902975842,1.69144264820404
12300.0,0.015170000000000001,0.03328973472690677,0.0,0.11713484424189896,0.009363376798628928,5.901465800661754e-05,0.024510760061161818,0.0027613643985091585,0.03328973472690677,1.6902879525433705,0.0,0.125,0.16998796042544825,0.00033433364788493236,1.6902879525433705,0.00033433364788493236,1.6902879525433705
12360.0,0.015156000000000001,0.030121033683769838,0.011704492312834656,0.125,0.008558839906653872,4.1826645201581414e-05,0.030121033683769838,0.0026677448552163696,0.030121033683769838,1.689164081386083,0.0,0.125,0.16991087759804618,0.00033166093660841334,1.689164081386083,0.00033166093660841334,1.689164081386083
12420.0,0.015142000000000001,0.025393125923528714,0.0,0.11337131283404718,0.007524486647136513,0.00011221094325719605,0.024587916326879622,0.0025865871604082713,0.025393125923528714,1.6879077750548102,0.0,0.125,0.16983179026535206,0.00032900799503909894,1.6879077750548102,0.00032900799503909894,1.6879077750548102
12480.0,0.015128,0.022702776978064776,0.0,0.11145280624536735,0.007043434687598581,7.130911023978115e-05,0.01703112664421269,0.00251155329709718,0.022702776978064776,1.6866671003346128,0.0,0.125,0.1697500786356036,0.0003263722771098543,1.6866671003346128,0.0003263722771098543,1.6866671003346128
12540.0,0.015114,0.0205390867688493,0.0,0.11048569327053848,0.006486255353067235,8.071341994764225e-05,0.009381115233907167,0.002441074914145247,0.0205390867688493,1.6854309724546404,0.0,0.125,0.1696658786557041,0.0003237628895891298,1.6854309724546404,0.0003237628895891298,1.6854309724546404
12600.0,0.0151,0.0377719095934026,0.013136568718210784,0.125,0.007021340612785881,5.4816281078728935e-05,0.0377719095934026,0.002365284919108035,0.0377719095934026,1.683963918641305,0.0,0.125,0.16957905299325904,0.00032122356994812584,1.683963918641305,0.00032122356994812584,1.683963918641305
12660.0,0.015089,0.04035235703440776,0.008641996731014184,0.125,0.007740421276001732,4.931673868213693e-05,0.04035235703440776,0.0022931476042913346,0.04035235703440776,1.682594492139375,0.0,0.125,0.16948938773237762,0.0003188413066472773,1.682594492139375,0.0003188413066472773,1.682594492139375
12720.0,0.015078000000000001,0.021312393855907885,0.0025161995355068387,0.1226870889080714,0.006581863488721899,6.565090438925836e-05,0.008441502733433026,0.002224174082357422,0.021312393855907885,1.681346767712838,0.0,0.125,0.16939762195961441,0.00031648246453430673,1.681346767712838,0.00031648246453430673,1.681346767712838
12780.0,0.015067,0.04403082710223316,0.0001939196082848877,0.125,0.006890612197646814,0.00011200405447198136,0.04403082710223316,0.002152315991509113,0.04403082710223316,1.6798823928701374,0.0,0.125,0.16930388819813247,0.00031413770449040257,1.6798823928701374,0.00031413770449040257,1.6798823928701374
12840.0,0.015056,0.059025866982722164,0.0,0.125,0.008777007032616082,4.695636448559526e-05,0.059025866982722164,0.0020779702322784033,0.059025866982722164,1.6783680467998559,0.0,0.125,0.16920778316931276,0.00031179458932384385,1.6783680467998559,0.00031179458932384385,1.6783680467998559
12900.0,0.015045000000000001,0.06678774252162611,0.00019363645759913292,0.125,0.009775230626419733,4.92557786060388e-05,0.06678774252162611,0.002013301498323017,0.06678774252162611,1.6767935215763752,0.0,0.125,0.16910885582492816,0.00030947758989685603,1.6767935215763752,0.00030947758989685603,1.6767935215763752
12960.0,0.015034,0.03715522594620779,0.0001934948822562555,0.1226870889080714,0.007766181875496753,9.033954449932935e-05,0.018531900322159345,0.0019505802870298794,0.03715522594620779,1.6754513778867461,0.0,0.125,0.16900747960898105,0.00030718830809894904,1.6754513778867461,0.00030718830809894904,1.6754513778867461
13020.0,0.015023000000000002,0.03162904988170112,0.015023000000000002,0.125,0.006041647690758223,4.902296154796204e-05,0.03162904988170112,0.0018840674008515634,0.03162904988170112,1.674022098160431,0.0,0.125,0.16890412624595727,0.00030493070015924495,1.674022098160431,0.00030493070015924495,1.674022098160431
13080.0,0.015012000000000001,0.04664171978305376,0.015012000000000001,0.125,0.005905829536160187,0.00014690203931877477,0.04664171978305376,0.0018110867173959377,0.04664171978305376,1.6723562463419928,0.0,0.125,0.16879875456841326,0.0003026760846143173,1.6723562463419928,0.0003026760846143173,1.6723562463419928
13140.0,0.015001,0.03147644578308473,0.0,0.12453741778161428,0.006568605290842035,6.074270442013585e-05,0.029179982596531318,0.0017458538408163804,0.03147644578308473,1.6707841014106442,0.0,0.125,0.16869122387655247,0.00030043083384567737,1.6707841014106442,0.00030043083384567737,1.6707841014106442
13200.0,0.014990000000000002,0.019990414686958502,0.0,0.12083676003452849,0.005276717210021866,4.184640135918016e-05,0.00777907753774798,0.001695378062038344,0.019990414686958502,1.6693057525720292,0.0,0.125,0.16858170530335032,0.00029822511651089734,1.6693057525720292,0.00029822511651089734,1.6693057525720292
13260.0,0.014979000000000001,0.016302907476244854,0.0,0.11898643116098559,0.004712364168519783,4.9110449481304386e-05,0.013394178459918749,0.0016394028998547583,0.016302907476244854,1.6676226431336327,0.0,0.125,0.1684699899404039,0.00029603314749793164,1.6676226431336327,0.00029603314749793164,1.6676226431336327
13320.0,0.014968,0.03243020747584069,0.0,0.125,0.005315476939469286,4.886521662683663e-05,0.03243020747584069,0.0015805753265567546,0.03243020747584069,1.6659753973271603,0.0,0.125,0.16835614547334962,0.00029384930285658584,1.6659753973271603,0.00029384930285658584,1.6659753973271603
13380.0,0.014957000000000002,0.0684324924781663,0.008941927081023267,0.125,0.00815243986449595,6.540513624031519e-05,0.0684324924781663,0.001527966091714461,0.0684324924781663,1.6641702405575898,0.0,0.125,0.16824028833026974,0.000291675352360965,1.6641702405575898,0.000291675352360965,1.6641702405575898
13440.0,0.014946000000000001,0.038177246300108436,0.0,0.12361225334484284,0.007238830743594817,8.412294073423254e-05,0.02938376351636407,0.0014812028629762608,0.038177246300108436,1.6625315546084063,0.0,0.125,0.16812198701449788,0.0002895212385924939,1.6625315546084063,0.0002895212385924939,1.6625315546084063
13500.0,0.014935,0.06216535217714636,0.0,0.125,0.0076787937398008375,0.00011017293365966907,0.06216535217714636,0.0014343373029532813,0.06216535217714636,1.6607504445637633,0.0,0.125,0.16800161865118485,0.0002873898831050603,1.6607504445637633,0.0002873898831050603,1.6607504445637633
13560.0,0.014924000000000002,0.03165457889571144,0.0,0.1226870889080714,0.006165919838536841,0.00011705532318728729,0.026620246279549065,0.001379919475141378,0.03165457889571144,1.6590924998679182,0.0,0.125,0.16787906385200077,0.000285265596808415,1.6590924998679182,0.000285265596808415,1.6590924998679182
13620.0,0.014913000000000001,0.020573206188998938,0.0,0.11991159559775705,0.004596830227103462,9.430485681605205e-05,0.013993447944130821,0.0013297705727950415,0.020573206188998938,1.657414646381022,0.0,0.125,0.1677548537151366,0.00028317211438877443,1.657414646381022,0.00028317211438877443,1.657414646381022
13680.0,0.014902000000000002,0.03003179758167107,0.0,0.125,0.005005093791594376,3.6002924559852545e-05,0.03003179758167107,0.0012747026560759878,0.03003179758167107,1.6555449078323332,0.0,0.125,0.1676289406548996,0.0002812181616680398,1.6555449078323332,0.0002812181616680398,1.6555449078323332
13740.0,0.014891000000000001,0.028518710570494932,0.014891000000000001,0.125,0.004187471210800998,7.514312500234155e-05,0.028518710570494932,0.0012292586977764586,0.028518710570494932,1.6538460852540013,0.0,0.125,0.16750088972663071,0.0002793278069370686,1.6538460852540013,0.0002793278069370686,1.6538460852540013
13800.0,0.01488,0.04137456271115525,0.012222686768182632,0.125,0.004770318601165692,4.083326865611525e-05,0.04137456271115525,0.001187687878655197,0.04137456271115525,1.652113563684159,0.0,0.125,0.16737101836843685,0.00027746336311951225,1.652113563684159,0.00027746336311951225,1.652113563684159
13860.0,0.014869000000000002,0.021689339676640884,0.008515995055566963,0.12453741778161428,0.003954276079430005,6.384271944170905e-05,0.021363977096086728,0.0011400425394185731,0.021689339676640884,1.6502935456369041,0.0,0.125,0.16723953798301228,0.00027560537582949074,1.6502935456369041,0.00027560537582949074,1.6502935456369041
13920.0,0.014858000000000001,0.05146858474211058,0.014858000000000001,0.125,0.0038417644845859193,0.00010494424805074232,0.05146858474211058,0.0010977688904745264,0.05146858474211058,1.648285665879163,0.0,0.125,0.16710633166858907,0.0002737494598796797,1.648285665879163,0.0002737494598796797,1.648285665879163
13980.0,0.014847,0.03840860099927568,0.009990902639218969,0.125,0.005267986521272599,4.0871295823308174e-05,0.03840860099927568,0.0010652665527004501,0.03840860099927568,1.6463542905166904,0.0,0.125,0.1669709398044613,0.0002719025544650755,1.6463542905166904,0.0002719025544650755,1.6463542905166904
14040.0,0.014836000000000002,0.0642036664366401,0.008124076211214366,0.125,0.007159581623558763,6.272022363873475e-05,0.0642036664366401,0.0010362455928998315,0.0642036664366401,1.6443704070308078,0.0,0.125,0.1668334233130667,0.00027007749046448204,1.6443704070308078,0.00027007749046448204,1.6443704070308078
14100.0,0.014825000000000001,0.06985230595643088,0.004365694454520003,0.125,0.00899005596743194,4.396451072352647e-05,0.06985230595643088,0.0010006470515691035,0.06985230595643088,1.6423686137442812,0.0,0.125,0.16669380704039213,0.00026825719034917483,1.6423686137442812,0.00026825719034917483,1.6423686137442812
14160.0,0.014814000000000003,0.0449429453805692,0.00019066337539870755,0.12453741778161428,0.00761233335639599,5.353676289132636e-05,0.042740889462663745,0.0009649483284874805,0.0449429453805692,1.6404387758187555,0.0,0.125,0.16655204789907507,0.0002664556648697136,1.6404387758187555,0.0002664556648697136,1.6404387758187555
14220.0,0.014803000000000002,0.055977932850851175,0.0,0.125,0.007388342957461829,5.761887729249793e-05,0.055977932850851175,0.0009255123621869643,0.055977932850851175,1.638420128224765,0.0,0.125,0.1664083823167395,0.000264668073712393,1.638420128224765,0.000264668073712393,1.638420128224765
14280.0,0.014792000000000001,0.03629616286724513,0.014792000000000001,0.125,0.005348733074235897,0.00010055919437945704,0.03629616286724513,0.0008833190760810794,0.03629616286724513,1.6365645379138385,0.0,0.125,0.16626298697705633,0.0002628913524282961,1.6365645379138385,0.0002628913524282961,1.6365645379138385
14340.0,0.014781000000000002,0.04996924328446539,0.012859047829395604,0.125,0.005188484091900095,4.5146866000322916e-05,0.04996924328446539,0.0008448930962003942,0.04996924328446539,1.6346716142262938,0.0,0.125,0.16611608333684383,0.0002611440278716959,1.6346716142262938,0.0002611440278716959,1.6346716142262938
14400.0,0.014770000000000002,0.024444350757278244,0.014770000000000002,0.125,0.0028553678607915293,0.00012706892403002712,0.024444350757278244,0.0008018059961045765,0.024444350757278244,1.6325510501406986,0.0,0.125,0.16596775757566426,0.00025939792405260675,1.6325510501406986,0.00025939792405260675,1.6325510501406986
14460.0,0.014760000000000002,0.010277024884544517,0.0,0.11432192729784274,0.0023518743567331637,2.9359242432747124e-05,0.002311046227589486,0.0007694068175396751,0.010277024884544517,1.6304986497266523,0.0,0.125,0.16581755286511693,0.0002576632741815299,1.6304986497266523,0.0002576632741815299,1.6304986497266523
14520.0,0.014750000000000001,0.008409822378382614,0.0,0.11337131283404718,0.0021868143200374215,2.583595522764881e-05,0.0031153463969531003,0.0007486248747454738,0.008409822378382614,1.6284347103321888,0.0,0.125,0.16566564386143778,0.0002559514180235922,1.6284347103321888,0.0002559514180235922,1.6284347103321888
14580.0,0.014740000000000001,0.007189675021209041,0.0,0.11241480864770022,0.0020730719786613803,2.6262837991453125e-05,0.003714172153877371,0.00072445447597147,0.007189675021209041,1.6263540136038588,0.0,0.125,0.1655120575495454,0.00025426426433927674,1.6263540136038588,0.00025426426433927674,1.6263540136038588
14640.0,0.014730000000000002,0.006338721795202673,0.0,0.11241480864770022,0.0019746651173750476,2.7420580067882838e-05,0.004065363921881726,0.0006980339787219236,0.006338721795202673,1.6242557989208437,0.0,0.125,0.16535681252815632,0.0002527477602434214,1.6242557989208437,0.0002527477602434214,1.6242557989208437
14700.0,0.014720000000000002,0.005701407485219079,0.0,0.11241480864770022,0.001882527343473313,2.7249671575191314e-05,0.0042901306478029255,0.0006712855266641782,0.005701407485219079,1.6221401990526103,0.0,0.125,0.16519992655756385,0.0002512426197258666,1.6221401990526103,0.0002512426197258666,1.6221401990526103
14760.0,0.01471,0.005211905191856658,0.0,0.11241480864770022,0.0017943238762627414,2.6596781083298993e-05,0.004457122861822427,0.0006450235332522425,0.005211905191856658,1.6200075113714965,0.0,0.125,0.16504141684378013,0.0002497478275667042,1.6200075113714965,0.0002497478275667042,1.6200075113714965
14820.0,0.014700000000000001,0.004821372583705852,0.0,0.11241480864770022,0.0017095037550276964,2.5801335254982405e-05,0.0045161368730646245,0.0006195573909621999,0.004821372583705852,1.617858049642415,0.0,0.125,0.16488130015179914,0.0002482629190381225,1.617858049642415,0.0002482629190381225,1.617858049642415
14880.0,0.014690000000000002,0.004501717494918012,0.0,0.11337131283404718,0.0016279777688940657,2.5064122155527002e-05,0.004488911231135262,0.0005949907754256856,0.004501717494918012,1.6156921167438327,0.0,0.125,0.16471959288543508,0.0002467878750385122,1.6156921167438327,0.0002467878750385122,1.6156921167438327
14940.0,0.014680000000000002,0.004404087362331666,0.0,0.125,0.0015497498125391913,2.4344491919237043e-05,0.004404087362331666,0.0005713628207786314,0.004404087362331666,1.6135100022290267,0.0,0.125,0.16455631114910607,0.00024532290973522386,1.6135100022290267,0.00024532290973522386,1.6135100022290267
15000.0,0.01467,0.004282076465017326,0.0,0.125,0.0014748168918902276,2.365326429298875e-05,0.004282076465017326,0.000548655540967502,0.004282076465017326,1.611311984531846,0.0,0.125,0.1643914707958633,0.00024386829992617542,1.611311984531846,0.00024386829992617542,1.611311984531846
15060.0,0.014660000000000001,0.004137144225580869,0.0,0.125,0.0014031475766133005,2.2996424490884237e-05,0.004137144225580869,0.0005268157161708587,0.004137144225580869,1.6090983333889182,0.0,0.125,0.1642250874641872,0.00024242429197696147,1.6090983333889182,0.00024242429197696147,1.6090983333889182
15120.0,0.014650000000000002,0.0039791352443216965,0.0,0.125,0.0013346828469575282,2.2372694274963578e-05,0.0039791352443216965,0.0005058185923871861,0.0039791352443216965,1.6068693116949875,0.0,0.125,0.1640571766057248,0.0002409910680998273,1.6068693116949875,0.0002409910680998273,1.6068693116949875
15180.0,0.014640000000000002,0.003814773855765452,0.0,0.125,0.00126934228010009,2.177815531467786e-05,0.003814773855765452,0.0004856371639334611,0.003814773855765452,1.6046251768086714,0.0,0.125,0.16388775350593318,0.00023956874511510406,1.6046251768086714,0.00023956874511510406,1.6046251768086714
15240.0,0.01463,0.003648606019169165,0.0,0.125,0.001207030472541402,2.1208352279700193e-05,0.003648606019169165,0.00046624382480331406,0.003648606019169165,1.6023661814518335,0.0,0.125,0.16371683329931708,0.00023815738640431405,1.6023661814518335,0.00023815738640431405,1.6023661814518335
15300.0,0.014620000000000001,0.003483667095281362,0.0,0.125,0.0011476423626803666,2.0659193467054138e-05,0.003483667095281362,0.0004476109146480667,0.003483667095281362,1.600092574328547,0.0,0.125,0.16354443098063562,0.00023675701647984937,1.600092574328547,0.00023675701647984937,1.600092574328547
15360.0,0.014610000000000001,0.003321949656196921,0.0,0.125,0.0010910673000048758,2.0127267873704113e-05,0.003321949656196921,0.00042971083735210414,0.003321949656196921,1.5978046005538156,0.0,0.125,0.16337056141315656,0.00023536763366815983,1.5978046005538156,0.00023536763366815983,1.5978046005538156
15420.0,0.0146,0.003164728865044708,0.0,0.125,0.0010371920394980209,1.960989249027989e-05,0.003164728865044708,0.00041251607672165846,0.003164728865044708,1.5955025019534972,0.0,0.125,0.1631952393347704,0.00023403780063713242,1.5955025019534972,0.00023403780063713242,1.5955025019534972
15480.0,0.01459,0.003012787776526693,0.0,0.125,0.0009859028978640597,1.910503726776369e-05,0.003012787776526693,0.000395999231955102,0.003012787776526693,1.5931865172766249,0.0,0.125,0.16301847936257238,0.00023282852849959568,1.5931865172766249,0.00023556130140534037,1.5931865172766249
15540.0,0.014580000000000001,0.0028665729371368798,0.0,0.125,0.0009370872794456026,1.8611214045449742e-05,0.0028665729371368798,0.00038013311785789483,0.0028665729371368798,1.5908568823479512,0.0,0.125,0.16284029599635286,0.00023162802808518457,1.5908568823479512,0.0002374058811362989,1.5908568823479512
15600.0,0.014570000000000001,0.0027263016868346313,0.0,0.125,0.0008906347405097274,1.8127358941910643e-05,0.0027263016868346313,0.000364890913886029,0.0027263016868346313,1.5885138301793957,0.0,0.125,0.16266070362131393,0.0002304362950042993,1.5885138301793957,0.00023923329018726847,1.5885138301793957
15660.0,0.01456,0.0025920361165390204,0.0,0.125,0.0008464377143275725,1.7652730548434192e-05,0.0025920361165390204,0.0003502463413269652,0.0025920361165390204,1.5861575910533197,0.0,0.125,0.1624797165102402,0.00022925331949341654,1.5861575910533197,0.00024104362305565896,1.5861575910533197
15720.0,0.01455,0.002463734050138555,0.0,0.125,0.0008043919900981141,1.7186826084980567e-05,0.002463734050138555,0.0003361738422427152,0.002463734050138555,1.5837883925863414,0.0,0.125,0.1622973488252853,0.00022807908750577255,1.5837883925863414,0.0002428369904567962,1.5837883925863414
15780.0,0.01454,0.002341284198507765,0.0,0.125,0.0007643970135164377,1.6729313244923105e-05,0.002341284198507765,0.00032264873442500175,0.002341284198507765,1.5814064597797328,0.0,0.125,0.16211361461948795,0.00022691358134796502,1.5814064597797328,0.00024461351676674514,1.5814064597797328
15840.0,0.014530000000000001,0.0022245304218699857,0.0,0.125,0.000726356056851242,1.627997886544108e-05,0.0022245304218699857,0.0003096473375876485,0.0022245304218699857,1.579012015060477,0.0,0.125,0.1619285278380982,0.0002257567800318938,1.579012015060477,0.0002463733376993904,1.579012015060477
15900.0,0.01452,0.0021132884823487075,0.0,0.125,0.0006901762958112237,1.5838693684600003e-05,0.0021132884823487075,0.00029714706244021727,0.0021132884823487075,1.5766052783159945,0.0,0.125,0.16174210231976877,0.00022481753477421318,1.5766052783159945,0.00024811659822587817,1.5766052783159945
15960.0,0.01451,0.0020073576064874032,0.0,0.125,0.0006557688168837291,1.5405382669086976e-05,0.0020073576064874032,0.000285126459402818,0.0020073576064874032,1.5741864669243912,0.0,0.125,0.1615543517976528,0.00022634738144899913,1.5741864669243912,0.0002498434507722802,1.5741864669243912
16020.0,0.0145,0.001906528465383417,0.0,0.125,0.0006230485773712716,1.4980005687448283e-05,0.001906528465383417,0.000273565235318074,0.001906528465383417,1.5717557957816826,0.0,0.125,0.16136528990043372,0.00022786700682519978,1.5717557957816826,0.00025155405365606676,1.5717557957816826
16080.0,0.014490000000000001,0.0018105886614989686,0.0,0.125,0.0005919343301420528,1.4562543469764933e-05,0.0018105886614989686,0.00026244423958132757,0.0018105886614989686,1.569313477326941,0.0,0.125,0.16117493015330686,0.00022937641995701696,1.569313477326941,0.0002532485697707143,1.569313477326941
16140.0,0.01448,0.0017193264893080595,0.0,0.125,0.0005623485249241306,1.4152990104321361e-05,0.0017193264893080595,0.00025174543191042176,0.0017193264893080595,1.5668597215659705,0.0,0.125,0.1609832859789272,0.00023087563679624612,1.5668597215659705,0.00025492716547148575,1.5668597215659705
16200.0,0.01447,0.001632533478982623,0.0,0.125,0.0005342171927275134,1.3751341498391412e-05,0.001632533478982623,0.00024145182567281154,0.001632533478982623,1.5643947360940986,0.0,0.125,0.16079037069833052,0.00023236467943388295,1.5643947360940986,0.00025659000964883827,1.5643947360940986
16260.0,0.014462333333333334,0.0015500186739814126,0.0,0.125,0.000507472395751839,1.3357705995531433e-05,0.0015500186739814126,0.0002315493341598085,0.0015500186739814126,1.5619193035495318,0.0,0.125,0.16059625763360244,0.00023366419157277996,1.5619193035495318,0.0002580576848283389,1.5619193035495318
16320.0,0.014454666666666666,0.0014715947398826756,0.0,0.125,0.0004820492110909124,1.297217761475622e-05,0.0014715947398826756,0.00022202448917596485,0.0014715947398826756,1.5594342044715306,0.0,0.125,0.16040102063316108,0.00023491631831684678,1.5594342044715306,0.0002594724069602261,1.5594342044715306
16380.0,0.014447,0.0013970670002549923,0.0,0.125,0.00045788303832649976,1.2594727877512923e-05,0.0013970670002549923,0.00021286256742314436,0.0013970670002549923,1.5569396399362767,0.0,0.125,0.16020467280486222,0.00023620015629044477,1.5569396399362767,0.0002609134931174095,1.5569396399362767
16440.0,0.014439333333333334,0.0013262475675901442,0.0,0.125,0.000434912322106244,1.2225308978486282e-05,0.0013262475675901442,0.00020404954926789287,0.0013262475675901442,1.554435808844771,0.0,0.125,0.16000722692443126,0.0002375073188169985,1.554435808844771,0.0002623727253605601,1.554435808844771
16500.0,0.014431666666666667,0.0012589562824132372,0.0,0.125,0.0004130784623153119,1.1863870213346672e-05,0.0012589562824132372,0.00019557217018473239,0.0012589562824132372,1.5519229078577523,0.0,0.125,0.15980869561548647,0.00023883047410366842,1.5519229078577523,0.00026384292273051724,1.5519229078577523
16560.0,0.014424,0.0011950210950999463,0.0,0.125,0.00039232569349598146,1.1510357467159338e-05,0.0011950210950999463,0.0001874179097853812,0.0011950210950999463,1.5494011313541132,0.0,0.125,0.15960909138514864,0.00024016468430410054,1.5494011313541132,0.00026531928819140127,1.5494011313541132
16620.0,0.014416333333333333,0.001134277947528517,0.0,0.125,0.00037260096004937876,1.1164718159761833e-05,0.001134277947528517,0.00017957492860887214,0.001134277947528517,1.5468706714060212,0.0,0.125,0.15940842663636323,0.00024150650487131387,1.5468706714060212,0.0002667985109209292,1.5468706714060212
16680.0,0.014408666666666667,0.0010765704820983046,0.0,0.125,0.0003538537923994733,1.0826896016169485e-05,0.0010765704820983046,0.00017203199115556345,0.0010765704820983046,1.54433171776612,0.0,0.125,0.15920671367329858,0.00024285342125385245,1.54433171776612,0.0002682782044274301,1.54433171776612
16740.0,0.014401,0.0010217497252824614,0.0,0.125,0.00033603618553518965,1.0496830327610951e-05,0.0010217497252824614,0.00016477839756134927,0.0010217497252824614,1.5417844578635718,0.0,0.125,0.1590039647041125,0.0002442035284263566,1.5417844578635718,0.00026975658689065707,1.5417844578635718
16800.0,0.014393333333333333,0.0009696737760691576,0.0,0.125,0.0003191024821825463,1.0174457031553175e-05,0.0009696737760691576,0.00015780392737951843,0.0009696737760691576,1.5392290768066763,0.0,0.125,0.15880019184257196,0.00024555534089354403,1.5392290768066763,0.00027123229169712104,1.5392290768066763
16860.0,0.014385666666666666,0.0009202074981544683,0.0,0.125,0.00030300925982184137,9.859705983217282e-06,0.0009202074981544683,0.00015109878927432874,0.0009202074981544683,1.5366657573903901,0.0,0.125,0.15859540710913278,0.00024690767397694824,1.5366657573903901,0.0002727042491040832,1.5366657573903901
16920.0,0.014378,0.0008732222319167704,0.0,0.125,0.00028771522229074887,9.552504195653455e-06,0.0008732222319167704,0.00014465358412962814,0.0008732222319167704,1.534094680107598,0.0,0.125,0.15838962243175211,0.0002482595660400211,1.534094680107598,0.00027417160874931845,1.534094680107598
16980.0,0.014370333333333334,0.0008285955046289928,0.0,0.125,0.00027318109644209476,9.252772485979222e-06,0.0008285955046289928,0.00013845926713429435,0.0008285955046289928,1.5315160231632086,0.0,0.125,0.15818284964656837,0.0002496102254304633,1.5315160231632086,0.0002756336868203757,1.5315160231632086
17040.0,0.014362666666666666,0.0007862107607934377,0.0,0.125,0.0002593695333107409,8.960429966009542e-06,0.0007862107607934377,0.00013250712368062523,0.0007862107607934377,1.5289299624904524,0.0,0.125,0.15797510049851604,0.00025095899304061753,1.5289299624904524,0.000277089928819918,1.5289299624904524
17100.0,0.014355,0.0007459570875880672,0.0,0.125,0.0002462450132446297,8.675388869505696e-06,0.0007459570875880672,0.00012678873935101365,0.0007459570875880672,1.5263366717688887,0.0,0.125,0.15776638664191073,0.00025230531512776544,1.5263366717688887,0.00027853988254222806,1.5263366717688887
17160.0,0.014347333333333333,0.0007077289626522543,0.0,0.125,0.00023377375645288514,8.397559213335626e-06,0.0007077289626522543,0.00012129598366072969,0.0007077289626522543,1.5237363224437526,0.0,0.125,0.15755671964102477,0.00025364872306776753,1.5237363224437526,0.00027998317798039185,1.5237363224437526
17220.0,0.014339666666666665,0.0006714260014746287,0.0,0.125,0.00022192363748330945,8.12684680795428e-06,0.0006714260014746287,0.00011602099107221875,0.0006714260014746287,1.5211290837462945,0.0,0.125,0.15734611097066276,0.0002549888179934623,1.5211290837462945,0.0002814195120974805,1.5211290837462945
17280.0,0.014332,0.000636952718593875,0.0,0.125,0.00021066410360728307,7.863154451115406e-06,0.000636952718593875,0.00011095614564737843,0.000636952718593875,1.5185151227150298,0.0,0.125,0.1571345720167431,0.0002563252588998477,1.5185151227150298,0.00028284863704264307,1.5185151227150298
17340.0,0.014324333333333333,0.0006042182973828858,0.0,0.125,0.00019996609765786204,7.6063824394623225e-06,0.0006042182973828858,0.00010609406939465771,0.0006042182973828858,1.5158946042174926,0.0,0.125,0.1569221140768854,0.0002576577532965585,1.5158946042174926,0.00028427035091860287,1.5158946042174926
17400.0,0.014316666666666667,0.0005731363663699085,0.0,0.125,0.0001898019842508765,7.3564281137805665e-06,0.0005731363663699085,0.00010142761016140867,0.0005731363663699085,1.5132676909726053,0.0,0.125,0.15670874836100773,0.0002592153037248579,1.5132676909726053,0.00028568449041987964,1.5132676909726053
17460.0,0.014308999999999999,0.0005436247881789313,0.0,0.125,0.00018014547979413768,7.113186427432083e-06,0.0005436247881789313,9.694983253893952e-05,0.0005436247881789313,1.5106345435733113,0.0,0.125,0.15649448599193144,0.0002610499300401692,1.5106345435733113,0.0002870909249235165,1.5106345435733113
17520.0,0.014301333333333333,0.0005156054541544108,0.0,0.125,0.00017097158628845253,6.876547843148728e-06,0.0005156054541544108,9.265400706226501e-05,0.0005156054541544108,1.5079953205095666,0.0,0.125,0.1562793380059936,0.00026285232684264415,1.5079953205095666,0.00028848955165905465,1.5079953205095666
17580.0,0.014293666666666666,0.000489004095072687,0.0,0.125,0.00016225652792970605,6.646405040555692e-06,0.000489004095072687,8.853360952798539e-05,0.000489004095072687,1.5053501781914602,0.0,0.125,0.15606331535366536,0.0002646227624536479,1.5053501781914602,0.00028988029174203955,1.5053501781914602
17640.0,0.014286,0.00046375008935228834,0.0,0.125,0.00015397769139366925,6.422645185466536e-06,0.00046375008935228834,8.458230701080538e-05,0.00046375008935228834,1.5026992709724527,0.0,0.125,0.15584642890017714,0.00026636150648506884,1.5026992709724527,0.0002912630868920907,1.5026992709724527
17700.0,0.014278333333333332,0.00043977628996572093,0.0,0.125,0.0001461135684960432,6.205155727911915e-06,0.00043977628996572093,8.079395684035262e-05,0.00043977628996572093,1.5000427511727041,0.0,0.125,0.1556286894261478,0.0002680688296150535,1.5000427511727041,0.00029263789668454443,1.5000427511727041
17760.0,0.014270666666666666,0.0004170188550460807,0.0,0.125,0.00013864370220425702,5.993822810523852e-06,0.0004170188550460807,7.716260046208845e-05,0.0004170188550460807,1.4973807691023142,0.0,0.125,0.15541010762821758,0.0002697450034665483,1.4973807691023142,0.0002940046962212062,1.4973807691023142
17820.0,0.014263,0.00039541708611068316,0.0,0.125,0.0001315486351638148,5.788531950656761e-06,0.00039541708611068316,7.368245906036464e-05,0.00039541708611068316,1.494713473084554,0.0,0.125,0.15519069411968422,0.00027139030039591283,1.494713473084554,0.00029536347418213094,1.494713473084554
17880.0,0.014255333333333333,0.0003749132724806259,0.0,0.125,0.0001248098607655626,5.589164175034966e-06,0.0003749132724806259,7.03479248613803e-05,0.0003749132724806259,1.4920410094789824,0.0,0.125,0.15497045943114057,0.0002730049933197254,1.4920410094789824,0.0002967142311407489,1.4920410094789824
17940.0,0.014247666666666665,0.00035545255093438755,0.0,0.125,0.00011840977671209975,5.395603807301086e-06,0.00035545255093438755,6.715356471431733e-05,0.00035545255093438755,1.4893635227043944,0.0,0.125,0.1547494140111145,0.000274589355561794,1.4893635227043944,0.00029805697812679277,1.4893635227043944
18000.0,0.01424,0.0003369827630876898,0.0,0.125,0.00011233164075579283,5.207733920542523e-06,0.0003369827630876898,6.409411179220115e-05,0.0003369827630876898,1.4866811552615897,0.0,0.125,0.15452756822670796,0.00027614366069195206,1.4866811552615897,0.00029939173539095254,1.4866811552615897
18060.0,0.014230999999999999,0.0003194527643017864,0.0,0.125,0.00010655920251062652,5.025412121995032e-06,0.0003194527643017864,6.116415806900477e-05,0.0003194527643017864,1.4839937057433408,0.0,0.125,0.15430489803521186,0.00027766832385189844,1.4839937057433408,0.0003008166950908553,1.4839937057433408
18120.0,0.014221999999999999,0.00030281416690058904,0.0,0.125,0.00010107703094433396,4.848497781040351e-06,0.00030281416690058904,5.8358509249956114e-05,0.00030281416690058904,1.4813009723848658,0.0,0.125,0.15408137896589116,0.0002791637491759147,1.4813009723848658,0.00030225439589748326,1.4813009723848658
18180.0,0.014213,0.00028702266877189686,0.0,0.125,9.58707993745487e-05,4.676880621445889e-06,0.00028702266877189686,5.5672469670753344e-05,0.00028702266877189686,1.478603094184449,0.0,0.125,0.15385702113202296,0.0002806301938815814,1.478603094184449,0.0003036608546356234,1.478603094184449
18240.0,0.014204,0.00027203621550597745,0.0,0.125,9.092688644242697e-05,4.510445990035805e-06,0.00027203621550597745,5.310150118020829e-05,0.00027203621550597745,1.4759002081547745,0.0,0.125,0.15363183471365527,0.00028206791517781937,1.4759002081547745,0.00030504064011860343,1.4759002081547745
18300.0,0.014195,0.0002578148049110496,0.0,0.125,8.62323362407382e-05,4.349087248556316e-06,0.0002578148049110496,5.06412121694666e-05,0.0002578148049110496,1.4731924493950606,0.0,0.125,0.15340582984840612,0.0002834771701578642,1.4731924493950606,0.00030639789609465673,1.4731924493950606
18360.0,0.014185999999999999,0.0002443203293864826,0.0,0.125,8.17748242112045e-05,4.192690539639443e-06,0.0002443203293864826,4.828733403883234e-05,0.0002443203293864826,1.4704799511499074,0.0,0.125,0.15317901660997585,0.00028485821571155867,1.4704799511499074,0.0003077354708937996,1.4704799511499074
18420.0,0.014176999999999999,0.0002315165025947863,0.0,0.125,7.75426260205181e-05,4.04114695129465e-06,0.0002315165025947863,4.6035730406401854e-05,0.0002315165025947863,1.4677628448585505,0.0,0.125,0.15295140500121202,0.0002862113084298734,1.4677628448585505,0.00030905539212899846,1.4677628448585505
18480.0,0.014168,0.0002193687788007992,0.0,0.125,7.352458821285726e-05,3.8943432514315646e-06,0.0002193687788007992,4.388238812680356e-05,0.0002193687788007992,1.465041260196997,0.0,0.125,0.1527230049515819,0.00028753670455383684,1.465041260196997,0.0003103591737012579,1.465041260196997
18540.0,0.014159,0.00020784428221531925,0.0,0.125,6.971009997440143e-05,3.7521631384151988e-06,0.00020784428221531925,4.1823419678621576e-05,0.00020784428221531925,1.4623153251148757,0.0,0.125,0.15249382631635486,0.00028883465988727153,1.4623153251148757,0.00031164799236949037,1.4623153251148757
18600.0,0.01415,0.00019691174850322568,0.0,0.125,6.608906769739441e-05,3.6145014519206597e-06,0.00019691174850322568,3.985507419201895e-05,0.00019691174850322568,1.4595851658682655,0.0,0.125,0.15226387887654516,0.0002901054297519412,1.4595851658682655,0.0003129227930096512,1.4595851658682655
18660.0,0.014140999999999999,0.00018654143491403374,0.0,0.125,6.265188904675086e-05,3.4812450167009956e-06,0.00018654143491403374,3.79737176672279e-05,0.00018654143491403374,1.4568509070494369,0.0,0.125,0.1520331723392233,0.00029134926894403,1.4568509070494369,0.0003141843545648726,1.4568509070494369
18720.0,0.014131999999999999,0.00017670505758360378,0.0,0.125,5.938942952021009e-05,3.3522803164487414e-06,0.00017670505758360378,3.617583791992729e-05,0.00017670505758360378,1.4541126716142152,0.0,0.125,0.1518017163380147,0.00029256643168240615,1.4541126716142152,0.0003154333332975323,1.4541126716142152
18780.0,0.014123,0.0001673757334401671,0.0,0.125,5.629300059984864e-05,3.2275055446007173e-06,0.0001673757334401671,3.44580543014672e-05,0.0001673757334401671,1.4513705809074262,0.0,0.125,0.15156952043369332,0.0002937571715952991,1.4513705809074262,0.0003166702922886566,1.4513705809074262
18840.0,0.014114,0.0001585278930633649,0.0,0.125,5.335433716164298e-05,3.1068071280060394e-06,0.0001585278930633649,3.281709075508843e-05,0.0001585278930633649,1.4486247546868851,0.0,0.125,0.151336594114826,0.0002949217416718941,1.4486247546868851,0.00031789572222928886,1.4486247546868851
18900.0,0.014105,0.00015013724021173402,0.0,0.125,5.0565577579198425e-05,2.990085022247513e-06,0.00015013724021173402,3.12497994059413e-05,0.00015013724021173402,1.4458753111461544,0.0,0.125,0.1511029467984376,0.00029606039423279995,1.4458753111461544,0.00031911005650020474,1.4458753111461544
18960.0,0.014096,0.0001421806642838419,0.0,0.125,4.7919244214849176e-05,2.8772245173058764e-06,0.0001421806642838419,2.9753128444554022e-05,0.0001421806642838419,1.4431223669363145,0.0,0.125,0.15086858783068527,0.00029717338092893897,1.4431223669363145,0.00032031368235363455,1.4431223669363145
19020.0,0.014086999999999999,0.00013463621723985852,0.0,0.125,4.540822558106044e-05,2.768132560504455e-06,0.00013463621723985852,2.832415560760637e-05,0.00013463621723985852,1.44036603718693,0.0,0.125,0.15063352648753095,0.0002982609527060198,1.44036603718693,0.0003215069493787137,1.44036603718693
19080.0,0.014078,0.00012748302270892964,0.0,0.125,4.3025757502624655e-05,2.6627017177816015e-06,0.00012748302270892964,2.6960049524404894e-05,0.00012748302270892964,1.4376064355263776,0.0,0.125,0.15039777197540988,0.00029932335977145286,1.4376064355263776,0.0003226901760432499,1.4376064355263776
19140.0,0.014069,0.00012070124779484104,0.0,0.125,4.076540712162018e-05,2.560834104770038e-06,0.00012070124779484104,2.5658090521574195e-05,0.00012070124779484104,1.4348436741015476,0.0,0.125,0.15016133343189023,0.00030036085160589643,1.4348436741015476,0.00032386365480119306,1.4348436741015476
19200.0,0.01406,0.00011427204077563147,0.0,0.125,3.862105701194595e-05,2.4624307570775272e-06,0.00011427204077563147,2.4415657378540345e-05,0.00011427204077563147,1.4320778635971267,0.0,0.125,0.149924219926324,0.00030137367692617545,1.4320778635971267,0.0003250276561458376,1.4320778635971267
19260.0,0.014051,0.00010817747761393548,0.0,0.125,3.658688922954733e-05,2.3673861164752452e-06,0.00010817747761393548,2.3230217436776002e-05,0.00010817747761393548,1.429309113254453,0.0,0.125,0.1496864404604867,0.00030236208366973827,1.429309113254453,0.00032618243186322005,1.429309113254453
19320.0,0.014041999999999999,0.00010240054700716428,0.0,0.125,3.465737226507347e-05,2.2756169641979795e-06,0.00010240054700716428,2.209935485097958e-05,0.00010240054700716428,1.42653753089001,0.0,0.125,0.14944800396920813,0.0003033263190006519,1.42653753089001,0.00032732821768388654,1.42653753089001
19380.0,0.014033,9.692506972669435e-05,0.0,0.125,3.282724604528457e-05,2.1870272917112743e-06,9.692506972669435e-05,2.1020731139742566e-05,9.692506972669435e-05,1.4237632229136576,0.0,0.125,0.1492089193209921,0.0003042666292691898,1.4237632229136576,0.0003284652354382245,1.4237632229136576
19440.0,0.014024,9.173566502340691e-05,0.0,0.125,3.109150885156327e-05,2.1015158608861384e-06,9.173566502340691e-05,1.999208978986644e-05,9.173566502340691e-05,1.4209862943465592,0.0,0.125,0.14896919531862549,0.00030518326003226015,1.4209862943465592,0.0003295936948547462,1.4209862943465592
19500.0,0.014015,8.681774096430672e-05,0.0,0.125,2.944540541675677e-05,2.019004568865057e-06,8.681774096430672e-05,1.9011282859082712e-05,8.681774096430672e-05,1.4182068488389261,0.0,0.125,0.14872884069977935,0.0003060764560269824,1.4182068488389261,0.00033071379504767684,1.4182068488389261
19560.0,0.014006,8.215741667072507e-05,0.0,0.125,2.78844146007657e-05,1.939400419814774e-06,8.215741667072507e-05,1.807622908245321e-05,8.215741667072507e-05,1.4154249886875436,0.0,0.125,0.14848786413759835,0.000306946461158919,1.4154249886875436,0.00033182572577183933,1.4154249886875436
19620.0,0.013996999999999999,7.774150515160727e-05,0.0,0.125,2.6404237983072674e-05,1.8626098494678445e-06,7.774150515160727e-05,1.7184926889513008e-05,7.774150515160727e-05,1.412640814853117,0.0,0.125,0.14824627424128228,0.00030779351851695225,1.412640814853117,0.0003329296684804195,1.412640814853117
19680.0,0.013988,7.355748766713077e-05,0.0,0.125,2.500079024913402e-05,1.7885539023154706e-06,7.355748766713077e-05,1.6335465375050262e-05,7.355748766713077e-05,1.4098544269775124,0.0,0.125,0.1480040795566585,0.0003086178703390896,1.4098544269775124,0.00033402579722524584,1.4098544269775124
19740.0,0.013979,6.959347484780665e-05,0.0,0.125,2.367018742095416e-05,1.717153963909368e-06,6.959347484780665e-05,1.5526008667166025e-05,6.959347484780665e-05,1.4070659234007996,0.0,0.125,0.14776128856674559,0.00030941975801623833,1.4070659234007996,0.0003351142794261741,1.4070659234007996
19800.0,0.01397,6.583816394822861e-05,0.0,0.125,2.24087377368763e-05,1.6483260765198793e-06,6.583816394822861e-05,1.4754787116544321e-05,6.583816394822861e-05,1.4042754011782268,0.0,0.125,0.14751790969230938,0.00031019942207244355,1.4042754011782268,0.0003361952765335019,1.4042754011782268
19860.0,0.013962333333333334,6.228114489204017e-05,0.0,0.125,2.1213001292573458e-05,1.5819978216313757e-06,6.228114489204017e-05,1.4020177331985906e-05,6.228114489204017e-05,1.4014833038946137,0.0,0.125,0.14727398560540095,0.0003109570307702203,1.4014833038946137,0.0003371746437693113,1.4014833038946137
19920.0,0.013954666666666667,5.8912473491545825e-05,0.0,0.125,2.007970280358055e-05,1.5180910395429237e-06,5.8912473491545825e-05,1.3320604296040983e-05,5.8912473491545825e-05,1.3986900713134265,0.0,0.125,0.1470295592652519,0.0003116927597590635,1.3986900713134265,0.00033812724528714533,1.3986900713134265
19980.0,0.013947,5.572237330397911e-05,0.0,0.125,1.900565537556584e-05,1.4565430319635198e-06,5.572237330397911e-05,1.2654497766106942e-05,5.572237330397911e-05,1.3958957930674742,0.0,0.125,0.14678463890025206,0.0003124068590627527,1.3958957930674742,0.000339096004399575,1.3958957930674742
20040.0,0.013939333333333333,5.2701526840337465e-05,0.0,0.125,1.798782919370518e-05,1.3972702390674385e-06,5.2701526840337465e-05,1.2020327346817794e-05,5.2701526840337465e-05,1.393100557770065,0.0,0.125,0.14653923252155818,0.0003130995774625056,1.393100557770065,0.000340076708560344,1.393100557770065
20100.0,0.013931666666666667,4.9841103134440345e-05,0.0,0.125,1.7023345529748784e-05,1.3401978549154592e-06,4.9841103134440345e-05,1.1416635175010015e-05,4.9841103134440345e-05,1.390304452981953,0.0,0.125,0.1462933480409986,0.00031377116247499615,1.390304452981953,0.0003410654703914773,1.390304452981953
20160.0,0.013924,4.713273233392101e-05,0.0,0.125,1.610946933596852e-05,1.2852525514972513e-06,4.713273233392101e-05,1.084202637002818e-05,4.713273233392101e-05,1.3875075651902145,0.0,0.125,0.14604699329578955,0.0003144218603057247,1.3875075651902145,0.0003420596563836198,1.3875075651902145
20220.0,0.013916333333333334,4.4568476198492135e-05,0.0,0.125,1.5243603177361209e-05,1.2323550890869228e-06,4.4568476198492135e-05,1.0295159768247686e-05,4.4568476198492135e-05,1.3847099797957791,0.0,0.125,0.14580017605747994,0.00031505191582148484,1.3847099797957791,0.0003430574388876839,1.3847099797957791
20280.0,0.013908666666666666,4.214082889575366e-05,0.0,0.125,1.4423279965229557e-05,1.1814512390628806e-06,4.214082889575366e-05,9.77477469632504e-06,4.214082889575366e-05,1.3819117811073882,0.0,0.125,0.14555290403606416,0.00031591383773144077,1.3819117811073882,0.00034405749840948907,1.3819117811073882
20340.0,0.013901,3.984266123779889e-05,0.0,0.125,1.3646156328109003e-05,1.1324742104079633e-06,3.984266123779889e-05,9.27965260189012e-06,3.984266123779889e-05,1.3791130523402126,0.0,0.125,0.1453051848821901,0.00031692258461674117,1.3791130523402126,0.00034505885053143226,1.3791130523402126
20400.0,0.013893333333333334,3.766720709563742e-05,0.0,0.125,1.2910006713377364e-05,1.0853576668523601e-06,3.766720709563742e-05,8.808625409528759e-06,3.766720709563742e-05,1.3763138756180449,0.0,0.125,0.14505702618850194,0.00031793287363107714,1.3763138756180449,0.0003460607420350259,1.3763138756180449
20460.0,0.013885666666666668,3.5608051689450804e-05,0.0,0.125,1.221271791050393e-05,1.0400386258879735e-06,3.5608051689450804e-05,8.360576998711622e-06,3.5608051689450804e-05,1.3735143319781151,0.0,0.125,0.14480843549054875,0.0003189440920101094,1.3735143319781151,0.0003470625854800624,1.3735143319781151
20520.0,0.013878000000000001,3.365910924912896e-05,0.0,0.125,1.1552283090766353e-05,9.964571177079051e-07,3.365910924912896e-05,7.934441896395583e-06,3.365910924912896e-05,1.370714501377885,0.0,0.125,0.14455942026746343,0.0003199557506893824,1.370714501377885,0.0003480639161266841,1.370714501377885
20580.0,0.013870333333333333,3.181460658652213e-05,0.0,0.125,1.0926796563063631e-05,9.545538546262833e-07,3.181460658652213e-05,7.5291995926818345e-06,3.181460658652213e-05,1.3679144627033846,0.0,0.125,0.1443099879425107,0.00032096745470422405,1.3679144627033846,0.0003490643624396994,1.3679144627033846
20640.0,0.013862666666666667,3.0069058539083926e-05,0.0,0.125,1.0334449330448193e-05,9.142644898929575e-07,3.0069058539083926e-05,7.143867037484597e-06,3.0069058539083926e-05,1.3651142937786258,0.0,0.125,0.1440601458835629,0.00032197888226959126,1.3651142937786258,0.00035006362524442336,1.3651142937786258
20700.0,0.013855000000000001,2.8417270243608073e-05,0.0,0.125,9.773524522466313e-06,8.755337717047951e-07,2.8417270243608073e-05,6.777511828204297e-06,2.8417270243608073e-05,1.3623140713759059,0.0,0.125,0.14380990140353236,0.000322989769554749,1.3623140713759059,0.0003510614625650832,1.3623140713759059
20760.0,0.013847333333333335,2.6854324062242085e-05,0.0,0.125,9.242391821145032e-06,8.38319238027907e-07,2.6854324062242085e-05,6.4292532329091046e-06,2.6854324062242085e-05,1.3595138712267365,0.0,0.125,0.143559261760777,0.00032399989936710005,1.3595138712267365,0.00035205767835766455,1.3595138712267365
20820.0,0.013839666666666669,2.5375541895300557e-05,0.0,0.125,8.739503539426242e-06,8.025648412512965e-07,2.5375541895300557e-05,6.098235701301746e-06,2.5375541895300557e-05,1.356713768033199,0.0,0.125,0.14330823415949162,0.0003250090925328575,1.356713768033199,0.00035305211393460434,1.356713768033199
20880.0,0.013832,2.3976487000254565e-05,0.0,0.125,8.263390427744944e-06,7.682173759349098e-07,2.3976487000254565e-05,5.783642109236098e-06,2.3976487000254565e-05,1.3539138354796598,0.0,0.125,0.14305682575009013,0.0003260172012602425,1.3539138354796598,0.0003540446413628495,1.3539138354796598
20940.0,0.013824333333333334,2.265295239567422e-05,0.0,0.125,7.812658217090434e-06,7.352271609306626e-07,2.265295239567422e-05,5.484693417656672e-06,2.265295239567422e-05,1.3511141462446845,0.0,0.125,0.14280504362958257,0.00032702410391421965,1.3511141462446845,0.00035503515826990073,1.3511141462446845
21000.0,0.013816666666666668,2.1400947503025236e-05,0.0,0.125,7.385983699887766e-06,7.035437761260255e-07,2.1400947503025236e-05,5.200643272473826e-06,2.1400947503025236e-05,1.3483147720130826,0.0,0.125,0.14255289484194916,0.000328029700864263,1.3483147720130826,0.00035602358371994436,1.3483147720130826
21060.0,0.013809000000000002,2.021669223495337e-05,0.0,0.125,6.982110701079584e-06,6.73123622618732e-07,2.021669223495337e-05,4.930784598400351e-06,2.021669223495337e-05,1.3455157834880302,0.0,0.125,0.14230038637851297,0.00032903391114341707,1.3455157834880302,0.00035700985489883763,1.3455157834880302
21120.0,0.013801333333333336,1.9096598464329873e-05,0.0,0.125,6.599847703010493e-06,6.439203161789919e-07,1.9096598464329873e-05,4.674437604990089e-06,1.9096598464329873e-05,1.342717250403185,0.0,0.125,0.1420475251783107,0.00033003666972813983,1.342717250403185,0.0003579939244154895,1.342717250403185
21180.0,0.013793666666666668,1.8037264965187205e-05,0.0,0.125,6.2380637311188034e-06,6.158900873742823e-07,1.8037264965187205e-05,4.43095473201538e-06,1.8037264965187205e-05,1.339919241534758,0.0,0.125,0.1417943181284647,0.0003310379252990381,1.339919241534758,0.00035897575808424564,1.339919241534758
21240.0,0.013786000000000001,1.7035465930348437e-05,0.0,0.125,5.895685551596058e-06,5.889900762667821e-07,1.7035465930348437e-05,4.199716045150126e-06,1.7035465930348437e-05,1.3371218247135264,0.0,0.125,0.141540772064553,0.00033203763839251277,1.3371218247135264,0.00035995533309468586,1.3371218247135264
21300.0,0.013778333333333335,1.6088143354409112e-05,0.0,0.125,5.571695171962442e-06,5.631775366055081e-07,1.6088143354409112e-05,3.9801311686460394e-06,1.6088143354409112e-05,1.3343250668366948,0.0,0.125,0.14128689377097975,0.0003330357798533301,1.3343250668366948,0.000360932636483402,1.3343250668366948
21360.0,0.013770666666666669,1.5192397199825791e-05,0.0,0.125,5.265126802371427e-06,5.384127916840953e-07,1.5192397199825791e-05,3.771635476823576e-06,1.5192397199825791e-05,1.3315290338796393,0.0,0.125,0.14103268998134452,0.0003340323295244474,1.3315290338796393,0.00036190766384064377,1.3315290338796393
21420.0,0.013763000000000003,1.4345474880883557e-05,0.0,0.125,4.9750642457630215e-06,5.146513331055758e-07,1.4345474880883557e-05,3.5736871382141544e-06,1.4345474880883557e-05,1.328733790907488,0.0,0.125,0.14077816737881196,0.00033502727515255515,1.328733790907488,0.000362880418229905,1.328733790907488
21480.0,0.013755333333333335,1.354477780068919e-05,0.0,0.125,4.700638925896917e-06,4.918625222671835e-07,1.354477780068919e-05,3.385777972653159e-06,1.354477780068919e-05,1.325939402086485,0.0,0.125,0.14052333259647928,0.0003360206114431108,1.325939402086485,0.00036385090926066566,1.325939402086485
21540.0,0.013747666666666668,1.2787842194939003e-05,0.0,0.125,4.441026814325686e-06,4.700145836977754e-07,1.2787842194939003e-05,3.2074249247671105e-06,1.2787842194939003e-05,1.3231459306951816,0.0,0.125,0.14026819221774448,0.00033701233925492735,1.3231459306951816,0.00036481915229497064,1.3231459306951816
21600.0,0.013740000000000002,1.2072325546341744e-05,0.0,0.125,4.195057748992422e-06,4.485467002268706e-07,1.2072325546341744e-05,3.03810003288163e-06,1.2072325546341744e-05,1.320353304224174,0.0,0.125,0.13998336254892393,0.00032452005057237443,1.320353304224174,0.00032452005057237443,1.320353304224174
21660.0,0.013734000000000001,1.1396217189485469e-05,0.0,0.125,3.962819401328362e-06,4.2863462113018613e-07,1.1396217189485469e-05,2.877629412978422e-06,1.1396217189485469e-05,1.3175636699665576,0.0,0.125,0.13972762334663552,0.00032333832021880227,1.3175636699665576,0.00032333832021880227,1.3175636699665576
21720.0,0.013728000000000002,1.075731699984317e-05,0.0,0.125,3.743200711852805e-06,4.095313670404721e-07,1.075731699984317e-05,2.7253812504568486e-06,1.075731699984317e-05,1.3147756223328857,0.0,0.125,0.13947171088829596,0.00032251338576294586,1.3147756223328857,0.00032251338576294586,1.3147756223328857
21780.0,0.013722000000000002,1.0153613743568712e-05,0.0,0.125,3.535527014780889e-06,3.9121266581787495e-07,1.0153613743568712e-05,2.580951786512742e-06,1.0153613743568712e-05,1.311989465401767,0.0,0.125,0.13921561777625477,0.0003217948689195893,1.311989465401767,0.0003217948689195893,1.311989465401767
21840.0,0.013716000000000002,9.583189182649221e-06,0.0,0.125,3.3391607582356597e-06,3.7364719673860236e-07,9.583189182649221e-06,2.44394789206126e-06,9.583189182649221e-06,1.3092053079972743,0.0,0.125,0.13895934501645205,0.00032112708740572593,1.3092053079972743,0.00032112708740572593,1.3092053079972743
21900.0,0.013710000000000002,9.044237856414838e-06,0.0,0.125,3.153498030028176e-06,3.5680886867339723e-07,9.044237856414838e-06,2.3140004259403213e-06,9.044237856414838e-06,1.3064232255031785,0.0,0.125,0.13870289599886498,0.0003204871927686703,1.3064232255031785,0.0003204871927686703,1.3064232255031785
21960.0,0.013704000000000003,8.535051108538028e-06,0.0,0.125,2.9779665702132962e-06,3.4067318210873054e-07,8.535051108538028e-06,2.1907611085225653e-06,8.535051108538028e-06,1.303643281807235,0.0,0.125,0.13844627507254617,0.00031986319134924557,1.303643281807235,0.00031986319134924557,1.303643281807235
22020.0,0.013698000000000002,8.054015324887587e-06,0.0,0.125,2.8120240114483056e-06,3.2521819548492203e-07,8.054015324887587e-06,2.0738958710353472e-06,8.054015324887587e-06,1.3008655353062668,0.0,0.125,0.13818948704954057,0.00031924791419291054,1.3008655353062668,0.00031924791419291054,1.3008655353062668
22080.0,0.013692000000000001,7.59960141749616e-06,0.0,0.125,2.655156601419388e-06,3.1041656711749965e-07,7.59960141749616e-06,1.9630879251053557e-06,7.59960141749616e-06,1.2980900411925618,0.0,0.125,0.13793253698862473,0.00031863671293730356,1.2980900411925618,0.00031863671293730356,1.2980900411925618
22140.0,0.013686000000000002,7.1703647108734e-06,0.0,0.125,2.506877585763224e-06,2.9624692388097174e-07,7.1703647108734e-06,1.8580350342745078e-06,7.1703647108734e-06,1.2953168525001821,0.0,0.125,0.13767543008633493,0.0003180264012716538,1.2953168525001821,0.0003180264012716538,1.2953168525001821
22200.0,0.013680000000000001,6.764934141756385e-06,0.0,0.125,2.3667256966788234e-06,2.8268289042898687e-07,6.764934141756385e-06,1.7584458760211419e-06,6.764934141756385e-06,1.2925460206457071,0.0,0.125,0.13741817161624303,0.0003174147061275612,1.2925460206457071,0.0003174147061275612,1.2925460206457071
22260.0,0.013674000000000002,6.382015328654234e-06,0.0,0.125,2.2342640477003633e-06,2.6970224098477047e-07,6.382015328654234e-06,1.6640491935504542e-06,6.382015328654234e-06,1.2897775957337603,0.0,0.125,0.1371607668925248,0.00031679995731437316,1.2897775957337603,0.00031679995731437316,1.2897775957337603
22320.0,0.013668000000000001,6.020379544224852e-06,0.0,0.125,2.109078676421431e-06,2.5728235186761594e-07,6.020379544224852e-06,1.5745789028187573e-06,6.020379544224852e-06,1.2870116267421545,0.0,0.125,0.13690322124683613,0.00031618090001073185,1.2870116267421545,0.00031618090001073185,1.2870116267421545
22380.0,0.013662000000000002,5.678867864844506e-06,0.0,0.125,1.9907776552158062e-06,2.4539980358895264e-07,5.678867864844506e-06,1.4897891560394783e-06,5.678867864844506e-06,1.2842481616407915,0.0,0.125,0.13664554001297333,0.00031555657547377436,1.2842481616407915,0.00031555657547377436,1.2842481616407915
22440.0,0.013656000000000001,5.35638127985294e-06,0.0,0.125,1.8789896110732434e-06,2.3403430304824724e-07,5.35638127985294e-06,1.4094445077716955e-06,5.35638127985294e-06,1.2814872474720205,0.0,0.125,0.13638772851633355,0.00031492624180673445,1.2814872474720205,0.00031492624180673445,1.2814872474720205
22500.0,0.013650000000000002,5.051877394635085e-06,0.0,0.125,1.7733628230818778e-06,2.2316413605949492e-07,5.051877394635085e-06,1.3333141168914153e-06,5.051877394635085e-06,1.2787289304074636,0.0,0.125,0.13612979206646458,0.0003142893195060559,1.2787289304074636,0.0003142893195060559,1.2787289304074636
22560.0,0.013644000000000002,4.7643745233472146e-06,0.0,0.125,1.6735641628466598e-06,2.1276991901686415e-07,4.7643745233472146e-06,1.2611870943146641e-06,4.7643745233472146e-06,1.27597325578992,0.0,0.125,0.13587173595167618,0.0003136453529026806,1.27597325578992,0.0003136453529026806,1.27597325578992
22620.0,0.013638,4.492940206546336e-06,0.0,0.125,1.5792781754310983e-06,2.0283295043554972e-07,4.492940206546336e-06,1.1928584626730299e-06,4.492940206546336e-06,1.2732202681655342,0.0,0.125,0.13561356543507036,0.0003129939821344685,1.2732202681655342,0.0003129939821344685,1.2732202681655342
22680.0,0.013632000000000002,4.236691211190191e-06,0.0,0.125,1.4902060829594458e-06,1.933338467097201e-07,4.236691211190191e-06,1.1281344995950349e-06,4.236691211190191e-06,1.2704700113093945,0.0,0.125,0.1353552857515731,0.0003123349223361771,1.2704700113093945,0.0003123349223361771,1.2704700113093945
22740.0,0.013626000000000001,3.994795974904264e-06,0.0,0.125,1.4060651664242966e-06,1.8425362213747576e-07,3.994795974904264e-06,1.066829440787842e-06,3.994795974904264e-06,1.267722528246579,0.0,0.125,0.1350969021056902,0.00031166794789938557,1.267722528246579,0.00031166794789938557,1.267722528246579
22800.0,0.013620000000000002,3.7664655110347667e-06,0.0,0.125,1.3265877088256968e-06,1.7557630371811683e-07,3.7664655110347667e-06,1.008769856980507e-06,3.7664655110347667e-06,1.2649778612699887,0.0,0.125,0.1348384196697971,0.00031099288037905737,1.2649778612699887,0.00031099288037905737,1.2649778612699887
22860.0,0.013614000000000001,3.550953181274963e-06,0.0,0.125,1.251520166263966e-06,1.6728614582461887e-07,3.550953181274963e-06,9.537889127386734e-07,3.550953181274963e-06,1.2622360519558358,0.0,0.125,0.1345798435828283,0.0003103095790801813,1.2622360519558358,0.0003103095790801813,1.2622360519558358
22920.0,0.013608000000000002,3.3475503755653335e-06,0.0,0.125,1.1806223589420393e-06,1.5936586805764819e-07,3.3475503755653335e-06,9.017264233079914e-07,3.3475503755653335e-06,1.2594971411773526,0.0,0.125,0.13432117894927237,0.0003096179336972149,1.2594971411773526,0.0003096179336972149,1.2594971411773526
22980.0,0.013602000000000001,3.1555914574710187e-06,0.0,0.125,1.1136671112315363e-06,1.517993268862483e-07,3.1555914574710187e-06,8.524357326678e-07,3.1555914574710187e-06,1.256761169117146,0.0,0.125,0.13406243083840208,0.0003089178585449215,1.256761169117146,0.0003089178585449215,1.256761169117146
23040.0,0.013596,2.974444782921637e-06,0.0,0.125,1.0504394020723643e-06,1.445733914806624e-07,2.974444782921637e-06,8.057705827013706e-07,2.974444782921637e-06,1.254028175278441,0.0,0.125,0.133803604283689,0.0003082092880315468,1.254028175278441,0.0003082092880315468,1.254028175278441
23100.0,0.013590000000000001,2.803511790716584e-06,0.0,0.125,9.907357228610042e-07,1.3767299833489233e-07,2.803511790716584e-06,7.615952313244634e-07,2.803511790716584e-06,1.2512981984954334,0.0,0.125,0.13354470428236395,0.00030749217318826183,1.2512981984954334,0.00030749217318826183,1.2512981984954334
23160.0,0.013584,2.6422275141158025e-06,0.0,0.125,9.343631976438202e-07,1.3108575558362645e-07,2.6422275141158025e-06,7.197809281933587e-07,2.6422275141158025e-06,1.2485712769428643,0.0,0.125,0.13328573579509348,0.00030676647900973464,1.2485712769428643,0.00030676647900973464,1.2485712769428643
23220.0,0.013578000000000002,2.490054214376869e-06,0.0,0.125,8.811394121079196e-07,1.2479648603402893e-07,2.490054214376869e-06,6.80201708291861e-07,2.490054214376869e-06,1.2458474481449437,0.0,0.125,0.1330267037457504,0.00030603218254787734,1.2458474481449437,0.00030603218254787734,1.2458474481449437
23280.0,0.013572,2.3464899641112424e-06,0.0,0.125,8.30892088804303e-07,1.1879245676027494e-07,2.3464899641112424e-06,6.427450784940447e-07,2.3464899641112424e-06,1.2431267489837174,0.0,0.125,0.13276761302126033,0.000305289271537168,1.2431267489837174,0.000305289271537168,1.2431267489837174
23340.0,0.013566000000000002,2.211057335443911e-06,0.0,0.125,7.8345801255628e-07,1.1306309488645638e-07,2.211057335443911e-06,6.07301956279116e-07,2.211057335443911e-06,1.2404092157069282,0.0,0.125,0.13250846847151093,0.0003045377435506591,1.2404092157069282,0.0003045377435506591,1.2404092157069282
23400.0,0.013560000000000001,2.0833032294831355e-06,0.0,0.125,7.386824651638196e-07,1.0759612223409931e-07,2.0833032294831355e-06,5.737671813221823e-07,2.0833032294831355e-06,1.2376948839354789,0.0,0.125,0.13224927490931215,0.0003037776055285768,1.2376948839354789,0.0003037776055285768,1.2376948839354789
23460.0,0.013553666666666667,1.9627977394520713e-06,0.0,0.125,6.964188022299871e-07,1.0237977221549954e-07,1.9627977394520713e-06,5.420373554443358e-07,1.9627977394520713e-06,1.234983705367715,0.0,0.125,0.13199002885096942,0.00030300885464074057,1.234983705367715,0.00030300885464074057,1.234983705367715
23520.0,0.013547333333333335,1.8491344917492825e-06,0.0,0.125,6.565280509001821e-07,9.740347195474897e-08,1.8491344917492825e-06,5.120173796058225e-07,1.8491344917492825e-06,1.232275632080253,0.0,0.125,0.1317307267719798,0.00030223149649510894,1.232275632080253,0.00030223149649510894,1.232275632080253
23580.0,0.013541000000000001,1.7419322375644697e-06,0.0,0.125,6.18879429697881e-07,9.265801281799213e-08,1.7419322375644697e-06,4.836182370127062e-07,1.7419322375644697e-06,1.2295706992911684,0.0,0.125,0.13147137341787046,0.00030144556479450024,1.2295706992911684,0.00030144556479450024,1.2295706992911684
23640.0,0.013534666666666667,1.6408293959102593e-06,0.0,0.125,5.833494035201078e-07,8.813157137410599e-08,1.6408293959102593e-06,4.5675307092096773e-07,1.6408293959102593e-06,1.226868941561382,0.0,0.125,0.13121197352161001,0.00030065110314492216,1.226868941561382,0.00030065110314492216,1.226868941561382
23700.0,0.013528333333333333,1.5454872368536599e-06,0.0,0.125,5.498210999386946e-07,8.381385896427673e-08,1.5454872368536599e-06,4.313433805691602e-07,1.5454872368536599e-06,1.224170392811387,0.0,0.125,0.13095253178742688,0.0002998481654610252,1.224170392811387,0.0002998481654610252,1.224170392811387
23760.0,0.013522000000000001,1.4555855045728094e-06,0.0,0.125,5.181840575433563e-07,7.969765647430904e-08,1.4555855045728094e-06,4.0731367789703654e-07,1.4555855045728094e-06,1.221475086335616,0.0,0.125,0.13069305288626198,0.0002990368163784396,1.221475086335616,0.0002990368163784396,1.221475086335616
23820.0,0.013515666666666667,1.3708193478123576e-06,0.0,0.125,4.883335961526945e-07,7.577409633086063e-08,1.3708193478123576e-06,3.8459063489426626e-07,1.3708193478123576e-06,1.2187830548150713,0.0,0.125,0.1304335414541204,0.00029821713166211516,1.2187830548150713,0.00029821713166211516,1.2187830548150713
23880.0,0.013509333333333333,1.2909003430650046e-06,0.0,0.125,4.6017070564005546e-07,7.203493623819668e-08,1.2909003430650046e-06,3.631048457464203e-07,1.2909003430650046e-06,1.2160943303286635,0.0,0.125,0.1301740020914124,0.0002973891985249555,1.2160943303286635,0.0002973891985249555,1.2160943303286635
23940.0,0.013503000000000001,1.2155559261373128e-06,0.0,0.125,4.3360176542450476e-07,6.847091071904288e-08,1.2155559261373128e-06,3.427902584007825e-07,1.2155559261373128e-06,1.2134089443635814,0.0,0.125,0.12991443936271155,0.00029655311589982247,1.2134089443635814,0.00029655311589982247,1.2134089443635814
24000.0,0.013496666666666667,1.1445299605838954e-06,0.0,0.125,4.08538324250588e-07,6.507468697236618e-08,1.1445299605838954e-06,3.2358548196498305e-07,1.1445299605838954e-06,1.2107269278249442,0.0,0.125,0.12965485779671243,0.0002957089945960778,1.2107269278249442,0.0002957089945960778,1.2107269278249442
24060.0,0.013490333333333333,1.0775794407891226e-06,0.0,0.125,3.848967760692372e-07,6.183938694448443e-08,1.0775794407891226e-06,3.054324224649463e-07,1.0775794407891226e-06,1.2080483110449256,0.0,0.125,0.12939526188629544,0.00029485695735931294,1.2080483110449256,0.00029485695735931294,1.2080483110449256
24120.0,0.013484000000000001,1.0144747193407966e-06,0.0,0.125,3.625978501332785e-07,5.875739361727028e-08,1.0144747193407966e-06,2.88274804916e-07,1.0144747193407966e-06,1.2053731237914767,0.0,0.125,0.12913565608865193,0.0002939971388187246,1.2053731237914767,0.0002939971388187246,1.2053731237914767
24180.0,0.013477666666666667,9.549989954393823e-07,0.0,0.125,3.4156669188122827e-07,5.582182893704157e-08,9.549989954393823e-07,2.7205754804526805e-07,9.549989954393823e-07,1.2027013952767531,0.0,0.125,0.12887604482544612,0.0002931296853392329,1.2027013952767531,0.0002931296853392329,1.2027013952767531
24240.0,0.013471333333333333,8.989473485598864e-07,0.0,0.125,3.2173266474308627e-07,5.302683803165564e-08,8.989473485598864e-07,2.567305728007341e-07,8.989473485598864e-07,1.200033154165346,0.0,0.125,0.128616432483001,0.00029225475474170537,1.200033154165346,0.00029225475474170537,1.200033154165346
24300.0,0.013465000000000001,8.461254878966429e-07,0.0,0.125,3.0302885027595173e-07,5.0365599690849194e-08,8.461254878966429e-07,2.422454485895287e-07,8.461254878966429e-07,1.1973684285823156,0.0,0.125,0.1283568234124982,0.0002913725159598979,1.1973684285823156,0.0002913725159598979,1.1973684285823156
24360.0,0.013458666666666667,7.963500365804066e-07,0.0,0.125,2.853921342447789e-07,4.783112217410235e-08,7.963500365804066e-07,2.2855653014630661e-07,7.963500365804066e-07,1.194707246121152,0.0,0.125,0.12809722193018863,0.00029048314856239266,1.194707246121152,0.00029048314856239266,1.194707246121152
24420.0,0.013452333333333334,7.49450123294082e-07,0.0,0.125,2.687629065822018e-07,4.5418005356623325e-08,7.49450123294082e-07,2.1562294705290697e-07,7.49450123294082e-07,1.1920496338516062,0.0,0.125,0.12783763231760933,0.00028958684224367204,1.1920496338516062,0.00028958684224367204,1.1920496338516062
24480.0,0.013446,7.052639716675912e-07,0.0,0.125,2.530848380788005e-07,4.312124701755238e-08,7.052639716675912e-07,2.0340524997664033e-07,7.052639716675912e-07,1.1893956183274654,0.0,0.125,0.12757805882180576,0.0002886837962079447,1.1893956183274654,0.0002886837962079447,1.1893956183274654
24540.0,0.013439666666666667,6.636363991674443e-07,0.0,0.125,2.3830449920943628e-07,4.093573124919203e-08,6.636363991674443e-07,1.9186393274139846e-07,6.636363991674443e-07,1.1867452255942874,0.0,0.125,0.12731850565555605,0.0002877742184992371,1.1867452255942874,0.0002877742184992371,1.1867452255942874
24600.0,0.013433333333333334,6.244222277018707e-07,0.0,0.125,2.2437153394020733e-07,3.885628530042595e-08,6.244222277018707e-07,1.8096261555911042e-07,6.244222277018707e-07,1.184098481197044,0.0,0.125,0.12705897699759805,0.00028685832530772615,1.184098481197044,0.00028685832530772615,1.184098481197044
24660.0,0.013427,5.87484009884065e-07,0.0,0.125,2.112382032373946e-07,3.687739535962464e-08,5.87484009884065e-07,1.7066633972717682e-07,5.87484009884065e-07,1.1814554101877597,0.0,0.125,0.126799476992857,0.0002859363402081261,1.1814554101877597,0.0002859363402081261,1.1814554101877597
24720.0,0.013420666666666668,5.526924269361189e-07,0.0,0.125,1.9885954260233646e-07,3.499582135191304e-08,5.526924269361189e-07,1.6094293187052244e-07,5.526924269361189e-07,1.1788160371330871,0.0,0.125,0.12654000975267465,0.00028500849339496703,1.1788160371330871,0.00028500849339496703,1.1788160371330871
24780.0,0.013414333333333334,5.199240717956854e-07,0.0,0.125,1.8719293783829145e-07,3.320548103147303e-08,5.199240717956854e-07,1.5176044598774752e-07,5.199240717956854e-07,1.1761803861218318,0.0,0.125,0.12628057935503728,0.0002840750208890075,1.1761803861218318,0.0002840750208890075,1.1761803861218318
24840.0,0.013408,4.890640070698282e-07,0.0,0.125,1.761983042747266e-07,3.1502793262916384e-08,4.890640070698282e-07,1.4309028983916505e-07,4.890640070698282e-07,1.173548480772447,0.0,0.125,0.12602118984480445,0.0002831361637436469,1.173548480772447,0.0002831361637436469,1.173548480772447
24900.0,0.013401666666666666,4.600037186719419e-07,0.0,0.125,1.658376590894681e-07,2.988383585034171e-08,4.600037186719419e-07,1.3490432593243895e-07,4.600037186719419e-07,1.1709203442404577,0.0,0.125,0.12576184523393727,0.0002821921672566674,1.1709203442404577,0.0002821921672566674,1.1709203442404577
24960.0,0.013395333333333334,4.326395810494432e-07,0.0,0.125,1.560750712422817e-07,2.8344800284685334e-08,4.326395810494432e-07,1.2717612207779894e-07,4.326395810494432e-07,1.1682959992258535,0.0,0.125,0.1255025495017254,0.00028124328017575806,1.1682959992258535,0.00028124328017575806,1.1682959992258535
25020.0,0.013389,4.0687433511266136e-07,0.0,0.125,1.4687666293723623e-07,2.688204858714016e-08,4.0687433511266136e-07,1.198808945446217e-07,4.0687433511266136e-07,1.1656754679804051,0.0,0.125,0.1252433065950141,0.0002802897539337934,1.1656754679804051,0.0002802897539337934,1.1656754679804051
25080.0,0.013382666666666666,3.826160082098795e-07,0.0,0.125,1.3821047789697126e-07,2.5490862753940746e-08,3.826160082098795e-07,1.1299385960228392e-07,3.826160082098795e-07,1.1630587723149275,0.0,0.125,0.12498412042842932,0.00027933184191009097,1.1630587723149275,0.00027933184191009097,1.1630587723149275
25140.0,0.013376333333333334,3.5977865309178014e-07,0.0,0.125,1.3004631087744658e-07,2.4169139578589238e-08,3.5977865309178014e-07,1.0649404202922597e-07,3.5977865309178014e-07,1.1604459336064914,0.0,0.125,0.12472499488460258,0.0002783697986876721,1.1604459336064914,0.0002783697986876721,1.1604459336064914
25200.0,0.01337,3.3828058576546027e-07,0.0,0.125,1.2235570952999295e-07,2.2913184238859685e-08,3.3828058576546027e-07,1.0036001185653731e-07,3.3828058576546027e-07,1.1578369728055264,0.0,0.125,0.12446593381439405,0.00027740387939045874,1.1578369728055264,0.00027740387939045874,1.1578369728055264
25260.0,0.013364666666666667,3.18045806579903e-07,0.0,0.125,1.1511199867740367e-07,2.1719813503295882e-08,3.18045806579903e-07,9.457164651394123e-08,3.18045806579903e-07,1.1552321508568237,0.0,0.125,0.1242069650357704,0.0002764344115662176,1.1552321508568237,0.0002764344115662176,1.1552321508568237
25320.0,0.013359333333333332,2.9900309073127573e-07,0.0,0.125,1.0829006749189718e-07,2.0586185200954787e-08,2.9900309073127573e-07,8.91106992639834e-08,2.9900309073127573e-07,1.1526317251681752,0.0,0.125,0.12394811635087462,0.00027546172296855076,1.1526317251681752,0.00027546172296855076,1.1526317251681752
25380.0,0.013354,2.81082805031474e-07,0.0,0.125,1.0186571265909111e-07,1.9509627691149944e-08,2.81082805031474e-07,8.395898021262838e-08,2.81082805031474e-07,1.1500357109122468,0.0,0.125,0.12368939138341085,0.00027448606773172735,1.1500357109122468,0.00027448606773172735,1.1500357109122468
25440.0,0.013348666666666667,2.642201479829964e-07,0.0,0.125,9.581619099478546e-08,1.8487526176613756e-08,2.642201479829964e-07,7.909932264738018e-08,2.642201479829964e-07,1.1474441230317232,0.0,0.125,0.12343079364783108,0.00027350769787037876,1.1474441230317232,0.00027350769787037876,1.1474441230317232
25500.0,0.013343333333333334,2.4835333078954136e-07,0.0,0.125,9.012005571047186e-08,1.7516811112727737e-08,2.4835333078954136e-07,7.451529882018804e-08,2.4835333078954136e-07,1.1448569762186627,0.0,0.125,0.1231723266014628,0.00027252686278544935,1.1448569762186627,0.00027252686278544935,1.1448569762186627
25560.0,0.013338,2.3342420263361419e-07,0.0,0.125,8.475697183481853e-08,1.6595322449575178e-08,2.3342420263361419e-07,7.01916178513784e-08,2.3342420263361419e-07,1.142274284899425,0.0,0.125,0.12291399365988878,0.0002715438087881328,1.142274284899425,0.0002715438087881328,1.142274284899425
25620.0,0.013332666666666666,2.1937842120678397e-07,0.0,0.125,7.97078382013851e-08,1.572038854646962e-08,2.1937842120678397e-07,6.611378466914175e-08,2.1937842120678397e-07,1.1396960632238118,0.0,0.125,0.12265579820305113,0.00027055877868775724,1.1396960632238118,0.00027055877868775724,1.1396960632238118
25680.0,0.013327333333333333,2.0616442952814396e-07,0.0,0.125,7.495462234617721e-08,1.4889963040332077e-08,2.0616442952814396e-07,6.22681568529515e-08,2.0616442952814396e-07,1.1371223250574596,0.0,0.125,0.12239774357818066,0.00026957201140143106,1.1371223250574596,0.00026957201140143106,1.1371223250574596
25740.0,0.013322,1.937341380653379e-07,0.0,0.125,7.048024135547612e-08,1.4102056411502417e-08,1.937341380653379e-07,5.864211516382056e-08,1.937341380653379e-07,1.1345530839767166,0.0,0.125,0.12213983310140522,0.00026858374159854925,1.1345530839767166,0.00026858374159854925,1.1345530839767166
25800.0,0.013316666666666666,1.820414468056697e-07,0.0,0.125,6.626856742452162e-08,1.3354224392969627e-08,1.820414468056697e-07,5.522275614566752e-08,1.820414468056697e-07,1.1319883532654298,0.0,0.125,0.1218820700587293,0.00026759419940902696,1.1319883532654298,0.00026759419940902696,1.1319883532654298
25860.0,0.013311333333333333,1.7104315475080512e-07,0.0,0.125,6.230447601188784e-08,1.264464799533016e-08,1.7104315475080512e-07,5.199899533181451e-08,1.7104315475080512e-07,1.1294281459132627,0.0,0.125,0.12162445770668613,0.00026660361012997846,1.1294281459132627,0.00026660361012997846,1.1294281459132627
25920.0,0.013306,1.606991872904473e-07,0.0,0.125,5.857372877306472e-08,1.197139454234275e-08,1.606991872904473e-07,4.895969141216483e-08,1.606991872904473e-07,1.126872474615148,0.0,0.125,0.12136699927280682,0.00026561219400478286,1.126872474615148,0.00026561219400478286,1.126872474615148
25980.0,0.013300666666666667,1.5097100458660861e-07,0.0,0.125,5.506273976276019e-08,1.1332986105117016e-08,1.5097100458660861e-07,4.6094839944998967e-08,1.5097100458660861e-07,1.1243213517716888,0.0,0.125,0.12110969795598076,0.00026462016600814486,1.1243213517716888,0.00026462016600814486,1.1243213517716888
26040.0,0.013295333333333333,1.41822283694637e-07,0.0,0.125,5.1758777630935307e-08,1.0727092103479663e-08,1.41822283694637e-07,4.339415227150312e-08,1.41822283694637e-07,1.1217747894902823,0.0,0.125,0.12085255692675094,0.00026362773566335207,1.1217747894902823,0.00026362773566335207,1.1217747894902823
26100.0,0.01329,1.332192027803103e-07,0.0,0.125,4.8649826060492075e-08,1.0152575669053476e-08,1.332192027803103e-07,4.084864713149727e-08,1.332192027803103e-07,1.119232799586786,0.0,0.125,0.12059557932756672,0.0002626351069114907,1.119232799586786,0.0002626351069114907,1.119232799586786
26160.0,0.013284666666666667,1.2512992952906643e-07,0.0,0.125,4.572461831109663e-08,9.607845186110353e-09,1.2512992952906643e-07,3.844957063847687e-08,1.2512992952906643e-07,1.1166953935876651,0.0,0.125,0.12033876827300885,0.00026164247798288187,1.1166953935876651,0.00026164247798288187,1.1166953935876651
26220.0,0.013279333333333332,1.1752439377232804e-07,0.0,0.125,4.29724742861528e-08,9.09130903892219e-09,1.1752439377232804e-07,3.618868049670709e-08,1.1752439377232804e-07,1.11416258273247,0.0,0.125,0.12008212684999774,0.0002606500413000479,1.11416258273247,0.0002606500413000479,1.11416258273247
26280.0,0.013274,1.1037383274015156e-07,0.0,0.125,4.038329515826085e-08,8.601489298598608e-09,1.1037383274015156e-07,3.405824600122287e-08,1.1037383274015156e-07,1.1116343779765923,0.0,0.125,0.11982565811798823,0.00025965798341776036,1.1116343779765923,0.00025965798341776036,1.1116343779765923
26340.0,0.013268666666666666,1.0365135949541582e-07,0.0,0.125,3.794758206183628e-08,8.13736278360011e-09,1.0365135949541582e-07,3.2050763820734574e-08,1.0365135949541582e-07,1.1091107899942287,0.0,0.125,0.11956936510915618,0.0002586664849701936,1.1091107899942287,0.0002586664849701936,1.1091107899942287
26400.0,0.013263333333333334,9.733190609040321e-08,0.0,0.125,3.565646224054142e-08,7.697394721617457e-09,9.733190609040321e-08,3.015935590156005e-08,9.733190609040321e-08,1.106591829181497,0.0,0.125,0.11931325082857988,0.0002576757206551594,1.106591829181497,0.0002576757206551594,1.106591829181497
26460.0,0.013257999999999999,9.13921667233808e-08,0.0,0.125,3.350143192867723e-08,7.280391400854569e-09,9.13921667233808e-08,2.837754209394916e-08,9.13921667233808e-08,1.1040775056596843,0.0,0.125,0.11905731825441625,0.00025668585921190257,1.1040775056596843,0.00025668585921190257,1.1040775056596843
26520.0,0.013252666666666666,8.580923349654768e-08,0.0,0.125,3.147452770606081e-08,6.885329639771953e-09,8.580923349654768e-08,2.669906962182722e-08,8.580923349654768e-08,1.1015678292785587,0.0,0.125,0.11880157033807535,0.00025569706343731013,1.1015678292785587,0.00025569706343731013,1.1015678292785587
26580.0,0.013247333333333333,8.056213118834421e-08,0.0,0.125,2.9568314537258028e-08,6.51084519631695e-09,8.056213118834421e-08,2.5117742552538402e-08,8.056213118834421e-08,1.0990628096197317,0.0,0.125,0.11854601000439188,0.0002547094902192182,1.0990628096197317,0.0002547094902192182,1.0990628096197317
26640.0,0.013242,7.563050985481823e-08,0.0,0.125,2.7775735196176277e-08,6.155914888950065e-09,7.563050985481823e-08,2.3628103917872068e-08,7.563050985481823e-08,1.0965624560000538,0.0,0.125,0.11829064015179482,0.0002537232905686082,1.0965624560000538,0.0002537232905686082,1.0965624560000538
26700.0,0.013236666666666666,7.099680487954174e-08,0.0,0.125,2.609002822571973e-08,5.820197657158133e-09,7.099680487954174e-08,2.222549255748163e-08,7.099680487954174e-08,1.0940667774749953,0.0,0.125,0.118035463652477,0.0002527386096715656,1.0940667774749953,0.0002527386096715656,1.0940667774749953
26760.0,0.013231333333333333,6.664191687377752e-08,0.0,0.125,2.4505015628973455e-08,5.501817668118747e-09,6.664191687377752e-08,2.0904167286062147e-08,6.664191687377752e-08,1.0915757828420372,0.0,0.125,0.1177804833525625,0.00025175558696588496,1.0915757828420372,0.00025175558696588496,1.0915757828420372
26820.0,0.013226,6.255021389733884e-08,0.0,0.125,2.301485325282095e-08,5.200433861318743e-09,6.255021389733884e-08,1.9660262751131086e-08,6.255021389733884e-08,1.0890894806439901,0.0,0.125,0.11752570207227386,0.00025077435620191046,1.0890894806439901,0.00025077435620191046,1.0890894806439901
26880.0,0.013220666666666667,5.8706291383714415e-08,0.0,0.125,2.1613747233051053e-08,4.915023055218626e-09,5.8706291383714415e-08,1.8488947262085276e-08,5.8706291383714415e-08,1.0866078791723117,0.0,0.125,0.11727112260609847,0.00024979504553868104,1.0866078791723117,0.00024979504553868104,1.0866078791723117
26940.0,0.013215333333333332,5.509491529664956e-08,0.0,0.125,2.0296670959119755e-08,4.644732598535484e-09,5.509491529664956e-08,1.7386014405929018e-08,5.509491529664956e-08,1.084130986470346,0.0,0.125,0.11701674772295423,0.00024881777762830737,1.084130986470346,0.00024881777762830737,1.084130986470346
27000.0,0.01321,5.170176109459135e-08,0.0,0.125,1.9058591867825585e-08,4.388880370242987e-09,5.170176109459135e-08,1.634776936043636e-08,5.170176109459135e-08,1.0816588103365068,0.0,0.125,0.11676258016635441,0.00024784266972521785,1.0816588103365068,0.00024784266972521785,1.0816588103365068
27060.0,0.013206666666666667,4.851528956351103e-08,0.0,0.125,1.789491018991235e-08,4.146670562477084e-09,4.851528956351103e-08,1.5370403616543626e-08,4.851528956351103e-08,1.0791918150962923,0.0,0.125,0.11650866867511826,0.0002468699807531838,1.0791918150962923,0.0002468699807531838,1.0791918150962923
27120.0,0.013203333333333333,4.5523506742028985e-08,0.0,0.125,1.6801433135359725e-08,3.917648427886888e-09,4.5523506742028985e-08,1.4450733942794614e-08,4.5523506742028985e-08,1.0767304582280577,0.0,0.125,0.11625506198029979,0.0002458999629018077,1.0767304582280577,0.0002458999629018077,1.0767304582280577
27180.0,0.0132,4.2713679704320384e-08,0.0,0.125,1.5773911399970917e-08,3.7006202546763234e-09,4.2713679704320384e-08,1.3585008673544507e-08,4.2713679704320384e-08,1.0742747371804273,0.0,0.125,0.11600176245224166,0.0002449327154043779,1.0742747371804273,0.0002449327154043779,1.0742747371804273
27240.0,0.013196666666666666,4.0075519791571423e-08,0.0,0.125,1.4808458119321237e-08,3.4957565731019713e-09,4.0075519791571423e-08,1.2770897228620015e-08,4.0075519791571423e-08,1.0718246494962216,0.0,0.125,0.11574877227100448,0.00024396833236961513,1.0718246494962216,0.00024396833236961513,1.0718246494962216
27300.0,0.013193333333333333,3.7598624658130575e-08,0.0,0.125,1.3901367685627606e-08,3.301636297692312e-09,3.7598624658130575e-08,1.2004591098957462e-08,3.7598624658130575e-08,1.0693801927683928,0.0,0.125,0.11549609353514684,0.00024300690293976857,1.0693801927683928,0.00024300690293976857,1.0693801927683928
27360.0,0.01319,3.52730467056972e-08,0.0,0.125,1.3049123221485134e-08,3.1182025850284845e-09,3.52730467056972e-08,1.1283873391221277e-08,3.52730467056972e-08,1.0669413646050812,0.0,0.125,0.11524372829428293,0.00024204851141695904,1.0669413646050812,0.00024204851141695904,1.0669413646050812
27420.0,0.013186666666666666,3.3089236239902675e-08,0.0,0.125,1.2248447628522682e-08,2.944545940408716e-09,3.3089236239902675e-08,1.0605674560792977e-08,3.3089236239902675e-08,1.0645081626016912,0.0,0.125,0.11499167856197148,0.00024109323740195698,1.0645081626016912,0.00024109323740195698,1.0645081626016912
27480.0,0.013183333333333333,3.103912149526877e-08,0.0,0.125,1.149627689464433e-08,2.780552676995285e-09,3.103912149526877e-08,9.967891401174711e-09,3.103912149526877e-08,1.0620805843184677,0.0,0.125,0.11473994632181178,0.0002401411559351807,1.0620805843184677,0.0002401411559351807,1.0620805843184677
27540.0,0.013179999999999999,2.911480123657384e-08,0.0,0.125,1.0789776103704903e-08,2.6251427698298357e-09,2.911480123657384e-08,9.367852271680022e-09,2.911480123657384e-08,1.0596586272624144,0.0,0.125,0.11448853353069757,0.00023919233764746473,1.0596586272624144,0.00023919233764746473,1.0596586272624144
27600.0,0.013176666666666666,2.7308487915433943e-08,0.0,0.125,1.0126202729344015e-08,2.478486749168951e-09,2.7308487915433943e-08,8.803056061879033e-09,2.7308487915433943e-08,1.0572422888726545,0.0,0.125,0.11423744212071583,0.00023824684888862357,1.0572422888726545,0.00023824684888862357,1.0572422888726545
27660.0,0.013173333333333334,2.561273504397832e-08,0.0,0.125,9.502846795710215e-09,2.339618276891997e-09,2.561273504397832e-08,8.272081686300226e-09,2.561273504397832e-08,1.054831566508546,0.0,0.125,0.11398667400033517,0.0002373047518793303,1.054831566508546,0.0002373047518793303,1.054831566508546
27720.0,0.01317,2.4020494038268225e-08,0.0,0.125,8.917453951601784e-09,2.208139449066948e-09,2.4020494038268225e-08,7.772371191094862e-09,2.4020494038268225e-08,1.0524264574400477,0.0,0.125,0.1137362310551977,0.00023636610483013243,1.0524264574400477,0.00023636610483013243,1.0524264574400477
27780.0,0.013166666666666667,2.2526307930093026e-08,0.0,0.125,8.367666426551095e-09,2.0839934222749434e-09,2.2526307930093026e-08,7.302219273697119e-09,2.2526307930093026e-08,1.0500269588398665,0.0,0.125,0.11348611514867275,0.00023543096209954761,1.0500269588398665,0.00023543096209954761,1.0500269588398665
27840.0,0.013163333333333332,2.1124890281498665e-08,0.0,0.125,7.851393023028031e-09,1.9667254491650965e-09,2.1124890281498665e-08,6.86048906572978e-09,2.1124890281498665e-08,1.0476330677771304,0.0,0.125,0.11323632812226592,0.00023449937432462598,1.0476330677771304,0.00023449937432462598,1.0476330677771304
27900.0,0.01316,1.9808794604614377e-08,0.0,0.125,7.366625312867617e-09,1.856164999480825e-09,1.9808794604614377e-08,6.445020517276134e-09,1.9808794604614377e-08,1.0452447812122698,0.0,0.125,0.11298687179593415,0.00023357138854684933,1.0452447812122698,0.00023357138854684933,1.0452447812122698
27960.0,0.013156666666666667,1.857307552199927e-08,0.0,0.125,6.911360776113901e-09,1.7511183614260517e-09,1.857307552199927e-08,6.0544493862835225e-09,1.857307552199927e-08,1.0428620959929304,0.0,0.125,0.11273774796833966,0.00023264704835024297,1.0428620959929304,0.00023264704835024297,1.0428620959929304
28020.0,0.013153333333333333,1.7415459296898916e-08,0.0,0.125,6.4838661995133555e-09,1.6522676560271066e-09,1.7415459296898916e-08,5.68707037018612e-09,1.7415459296898916e-08,1.0404850088507362,0.0,0.125,0.11248895841706241,0.00023172639399304806,1.0404850088507362,0.00023172639399304806,1.0404850088507362
28080.0,0.01315,1.6326566765201278e-08,0.0,0.125,6.082543003545718e-09,1.5589307622576598e-09,1.6326566765201278e-08,5.342030817701016e-09,1.6326566765201278e-08,1.0381135163988002,0.0,0.125,0.11224050489878411,0.00023080946252496126,1.0381135163988002,0.00023080946252496126,1.0381135163988002
28140.0,0.013146666666666666,1.5307477951864712e-08,0.0,0.125,5.705768493504762e-09,1.4703118722536601e-09,1.5307477951864712e-08,5.017000148654915e-09,1.5307477951864712e-08,1.0357476151297775,0.0,0.125,0.11199238914945328,0.00022989628792591255,1.0357476151297775,0.00022989628792591255,1.0357476151297775
28200.0,0.013143333333333333,1.4349609500641236e-08,0.0,0.125,5.35196972846191e-09,1.3870362636225764e-09,1.4349609500641236e-08,4.711807832791237e-09,1.4349609500641236e-08,1.0333873014145287,0.0,0.125,0.11174461288443588,0.00022898690120864984,1.0333873014145287,0.00022898690120864984,1.0333873014145287
28260.0,0.01314,1.345296141153085e-08,0.0,0.125,5.019963062350432e-09,1.3086491890135221e-09,1.345296141153085e-08,4.4253738451516256e-09,1.345296141153085e-08,1.0310325715011155,0.0,0.125,0.11149717779865688,0.0002280813305575169,1.0310325715011155,0.0002280813305575169,1.0310325715011155
28320.0,0.013136666666666666,1.2609518762474181e-08,0.0,0.125,4.708274636089562e-09,1.2338432497926988e-09,1.2609518762474181e-08,4.155253918725066e-09,1.2609518762474181e-08,1.028683421514244,0.0,0.125,0.11125008556673446,0.00022717960143192606,1.028683421514244,0.00022717960143192606,1.028683421514244
28380.0,0.013133333333333334,1.1820191048173001e-08,0.0,0.125,4.415747495644957e-09,1.1636416274996009e-09,1.1820191048173001e-08,3.901732270605862e-09,1.1820191048173001e-08,1.026339847454955,0.0,0.125,0.11100333784311013,0.00022628173668048923,1.026339847454955,0.00022628173668048923,1.026339847454955
28440.0,0.01313,1.10786118057149e-08,0.0,0.125,4.141115239124681e-09,1.0971348274324555e-09,1.10786118057149e-08,3.6636151889979374e-09,1.10786118057149e-08,1.0240018452006159,0.0,0.125,0.11075693626217467,0.00022538775665914557,1.0240018452006159,0.00022538775665914557,1.0240018452006159
28500.0,0.013126666666666667,1.0383246262790635e-08,0.0,0.125,3.883435918810883e-09,1.034777596942149e-09,1.0383246262790635e-08,3.4397658055240754e-09,1.0383246262790635e-08,1.0216694105050856,0.0,0.125,0.11051088243839205,0.00022449767932442022,1.0216694105050856,0.00022449767932442022,1.0216694105050856
28560.0,0.013123333333333334,9.731820682645775e-09,0.0,0.125,3.64157745739514e-09,9.756604413269088e-10,9.731820682645775e-09,3.229388312320225e-09,9.731820682645775e-09,1.019342538999073,0.0,0.125,0.11026517796642195,0.0002236115203442246,1.019342538999073,0.0002236115203442246,1.019342538999073
28620.0,0.01312,9.119162314163987e-09,0.0,0.125,3.4146388919688627e-09,9.192717698169872e-10,9.119162314163987e-09,3.0315163712657522e-09,9.119162314163987e-09,1.0170212261906244,0.0,0.125,0.11001982442124054,0.00022272929320910073,1.0170212261906244,0.00022272929320910073,1.0170212261906244
28680.0,0.013116666666666667,8.54532800076413e-09,0.0,0.125,3.2018229875653017e-09,8.662368600198533e-10,8.54532800076413e-09,2.8458657652663533e-09,8.54532800076413e-09,1.0147054674657146,0.0,0.125,0.10977482335826118,0.00022185100930993684,1.0147054674657146,0.00022185100930993684,1.0147054674657146
28740.0,0.013113333333333333,8.007702945178607e-09,0.0,0.125,3.001970720402434e-09,8.16896772448672e-10,8.007702945178607e-09,2.6717543732956983e-09,8.007702945178607e-09,1.0123952580889264,0.0,0.125,0.10953017631345421,0.0002209766780436606,1.0123952580889264,0.0002209766780436606,1.0123952580889264
28800.0,0.01311,7.503956567234127e-09,0.0,0.125,2.814388639609476e-09,7.697167347942013e-10,7.503956567234127e-09,2.507874796719989e-09,7.503956567234127e-09,1.0100905932041928,0.0,0.125,0.10928588480346654,0.00022010630690738608,1.0100905932041928,0.00022010630690738608,1.0100905932041928
28860.0,0.013106,7.031246695987647e-09,0.0,0.125,2.6383418155794435e-09,7.259473022713792e-10,7.031246695987647e-09,2.3537722881883383e-09,7.031246695987647e-09,1.0077913256609352,0.0,0.125,0.10904193583501842,0.00021923985765703868,1.0077913256609352,0.00021923985765703868,1.0077913256609352
28920.0,0.013102,6.586333256564103e-09,0.0,0.125,2.4731676127720745e-09,6.837694854766596e-10,6.586333256564103e-09,2.208480509580113e-09,6.586333256564103e-09,1.0054973103444798,0.0,0.125,0.10879831638495158,0.00021837729111107151,1.0054973103444798,0.00021837729111107151,1.0054973103444798
28980.0,0.013098,6.1705236475972924e-09,0.0,0.125,2.318216506853401e-09,6.446043698815629e-10,6.1705236475972924e-09,2.0732500161102507e-09,6.1705236475972924e-09,1.0032085451898567,0.0,0.125,0.1085550280056542,0.00021751861078023182,1.0032085451898567,0.00021751861078023182,1.0032085451898567
29040.0,0.013094,5.781885192845948e-09,0.0,0.125,2.172817169081184e-09,6.070877134334296e-10,5.781885192845948e-09,1.9450681065791287e-09,5.781885192845948e-09,1.0009250279147468,0.0,0.125,0.10831207228816764,0.00021666381859475337,1.0009250279147468,0.00021666381859475337,1.0009250279147468
29100.0,0.013090000000000001,5.415586201706901e-09,0.0,0.125,2.0364532072751396e-09,5.712195161322597e-10,5.415586201706901e-09,1.8249011191073805e-09,5.415586201706901e-09,0.9986467560333314,0.0,0.125,0.10806945082523822,0.00021581291499628286,0.9986467560333314,0.00021581291499628286,0.9986467560333314
29160.0,0.013086,5.073275133327115e-09,0.0,0.125,1.908646562666157e-09,5.382503331929911e-10,5.073275133327115e-09,1.7126922102761455e-09,5.073275133327115e-09,0.9963737268677497,0.0,0.125,0.10782716520005128,0.00021496589901981444,0.9963737268677497,0.00021496589901981444,0.9963737268677497
29220.0,0.013082,4.752223503601272e-09,0.0,0.125,1.788754226272596e-09,5.073843567515723e-10,4.752223503601272e-09,1.6072476682893466e-09,4.752223503601272e-09,0.9941059375578026,0.0,0.125,0.10758521698180444,0.00021412276833765453,0.9941059375578026,0.00021412276833765453,0.9941059375578026
29280.0,0.013078,4.449759671842912e-09,0.0,0.125,1.676198660577527e-09,4.774847184307873e-10,4.449759671842912e-09,1.5071464076754637e-09,4.449759671842912e-09,0.9918433850691386,0.0,0.125,0.10734360772367854,0.0002132835193471294,0.9918433850691386,0.0002132835193471294,0.9918433850691386
29340.0,0.013074,4.167304723523557e-09,0.0,0.125,1.5705934307520238e-09,4.4940406951354817e-10,4.167304723523557e-09,1.414093731000321e-09,4.167304723523557e-09,0.9895860662003186,0.0,0.125,0.10710233896182007,0.00021244814723409,0.9895860662003186,0.00021244814723409,0.9895860662003186
29400.0,0.01307,3.902641765307635e-09,0.0,0.125,1.4716333171366247e-09,4.2291503632441163e-10,3.902641765307635e-09,1.325531684415182e-09,3.902641765307635e-09,0.9873339775889719,0.0,0.125,0.10686141221480813,0.00021161664603064345,0.9873339775889719,0.00021161664603064345,0.9873339775889719
29460.0,0.013066,3.6562255445460323e-09,0.0,0.125,1.3788128752393087e-09,3.9955239117261954e-10,3.6562255445460323e-09,1.2443024388630874e-09,3.6562255445460323e-09,0.9850871157172063,0.0,0.125,0.1066208289833781,0.0002107890086766595,0.9850871157172063,0.0002107890086766595,0.9850871157172063
29520.0,0.013062,3.4246454561071005e-09,0.0,0.125,1.2917642870452504e-09,3.7613290260196663e-10,3.4246454561071005e-09,1.1675069799821358e-09,3.4246454561071005e-09,0.9828454769164304,0.0,0.125,0.10638059075028825,0.00020996522708216503,0.9828454769164304,0.00020996522708216503,0.9828454769164304
29580.0,0.013058,3.2069920052890666e-09,0.0,0.125,1.2100677256374546e-09,3.539639692462515e-10,3.2069920052890666e-09,1.0948042472591624e-09,3.2069920052890666e-09,0.9806090573716999,0.0,0.125,0.10614069898027352,0.0002091452921766379,0.9806090573716999,0.0002091452921766379,0.9806090573716999
29640.0,0.013054,3.0026399144844618e-09,0.0,0.125,1.1334723707079577e-09,3.3304559110547416e-10,3.0026399144844618e-09,1.0254552762489766e-09,3.0026399144844618e-09,0.9783778531256817,0.0,0.125,0.10590115512005263,0.00020832919397162364,0.9783778531256817,0.00020832919397162364,0.9783778531256817
29700.0,0.013049999999999999,2.811304966598982e-09,0.0,0.125,1.0617294126379994e-09,3.142304194625467e-10,2.811304966598982e-09,9.623590813134797e-10,2.811304966598982e-09,0.97615186008232,0.0,0.125,0.10566196059837002,0.0002075169216080308,0.97615186008232,0.0002075169216080308,0.97615186008232
29760.0,0.013046,2.6313955459045246e-09,0.0,0.125,9.944869179562856e-10,2.956426214950625e-10,2.6313955459045246e-09,9.030713954416569e-10,2.6313955459045246e-09,0.9739310740102347,0.0,0.125,0.10542311682606068,0.00020670846340298255,0.9739310740102347,0.00020670846340298255,0.9739310740102347
29820.0,0.013042,2.4631958694953937e-09,0.0,0.125,9.314029763000961e-10,2.7773694455390796e-10,2.4631958694953937e-09,8.45318481879076e-10,2.4631958694953937e-09,0.9717154905459352,0.0,0.125,0.10518462519613128,0.00020590380690355126,0.9717154905459352,0.00020590380690355126,0.9717154905459352
29880.0,0.013038,2.3051143216434866e-09,0.0,0.125,8.722368916033971e-10,2.6051338863908313e-10,2.3051143216434866e-09,7.938183443911839e-10,2.3051143216434866e-09,0.969505105196865,0.0,0.125,0.10494648708385183,0.00020510293893005738,0.969505105196865,0.00020510293893005738,0.969505105196865
29940.0,0.013034,2.155729816877283e-09,0.0,0.125,8.1673478055815e-10,2.447109181957785e-10,2.155729816877283e-09,7.416360858769622e-10,2.155729816877283e-09,0.9672999133443134,0.0,0.125,0.10470870384685488,0.00020430584562092236,0.9672999133443134,0.00020430584562092236,0.9672999133443134
30000.0,0.01303,2.018452960328432e-09,0.0,0.125,7.647335230086964e-10,2.311821845069062e-10,2.018452960328432e-09,6.963318810448982e-10,2.018452960328432e-09,0.9650999102462251,0.0,0.125,0.10447127682524054,0.00020351251247396895,0.9650999102462251,0.00020351251247396895,0.9650999102462251
30060.0,0.013026,1.8912942323368043e-09,0.0,0.125,7.161334202331851e-10,2.1680079953512177e-10,1.8912942323368043e-09,6.52562448522076e-10,1.8912942323368043e-09,0.9629050910399319,0.0,0.125,0.10423420734168497,0.00020272292438527906,0.9629050910399319,0.00020272292438527906,0.9629050910399319
30120.0,0.013022,1.7698198462312575e-09,0.0,0.125,6.705130692773681e-10,2.0526158550637774e-10,1.7698198462312575e-09,6.121467777120415e-10,1.7698198462312575e-09,0.9607154507448126,0.0,0.125,0.10399749670155133,0.00020193706569338055,0.9607154507448126,0.00020193706569338055,0.9607154507448126
30180.0,0.013018,1.6584067452640738e-09,0.0,0.125,6.277372313390551e-10,1.9201706891180947e-10,1.6584067452640738e-09,5.724132279283367e-10,1.6584067452640738e-09,0.9585309842648917,0.0,0.125,0.10376114619300354,0.00020115492021766102,0.9585309842648917,0.00020115492021766102,0.9585309842648917
30240.0,0.013014,1.5534169506281614e-09,0.0,0.125,5.876574646564213e-10,1.8246737454319373e-10,1.5534169506281614e-09,5.387619239627384e-10,1.5534169506281614e-09,0.9563516863914203,0.0,0.125,0.10352515708711992,0.00020037647128057223,0.9563516863914203,0.00020037647128057223,0.9563516863914203
30300.0,0.01301,1.4541114978783298e-09,0.0,0.125,5.500974332905447e-10,1.688249540165998e-10,1.4541114978783298e-09,5.024958227295429e-10,1.4541114978783298e-09,0.9541775518054056,0.0,0.125,0.10328953063800893,0.00019960170175803427,0.9541775518054056,0.00019960170175803427,0.9541775518054056
30360.0,0.013006,1.363162027701037e-09,0.0,0.125,5.149995361246797e-10,1.6331114238710143e-10,1.363162027701037e-09,4.714024726126809e-10,1.363162027701037e-09,0.9520085750801269,0.0,0.125,0.10305426808292449,0.00019883059410430448,0.9520085750801269,0.00019883059410430448,0.9520085750801269
30420.0,0.013002,1.2757368494931143e-09,0.0,0.125,4.819110812361075e-10,1.4983925211708993e-10,1.2757368494931143e-09,4.440607881406322e-10,1.2757368494931143e-09,0.9498447506836329,0.0,0.125,0.10281937064238128,0.00019806313038528423,0.9498447506836329,0.00019806313038528423,0.9498447506836329
30480.0,0.012998,1.193484422401525e-09,0.0,0.125,4.5093721382927665e-10,1.4199486031429842e-10,1.193484422401525e-09,4.133084985369351e-10,1.193484422401525e-09,0.9476860729812242,0.0,0.125,0.10258483952027105,0.00019729929230893894,0.9476860729812242,0.00019729929230893894,0.9476860729812242
30540.0,0.012994,1.1188490134372842e-09,0.0,0.125,4.220192791759e-10,1.340367816737853e-10,1.1188490134372842e-09,3.8608050090260804e-10,1.1188490134372842e-09,0.9455325362379287,0.0,0.125,0.10235067590397764,0.00019653906125149945,0.9455325362379287,0.00019653906125149945,0.9455325362379287
30600.0,0.01299,1.0444409781484865e-09,0.0,0.125,3.9488609398582874e-10,1.213038558489643e-10,1.0444409781484865e-09,3.595346242946107e-10,1.0444409781484865e-09,0.9433841346209664,0.0,0.125,0.10211688096449233,0.0001957824182838852,0.9433841346209664,0.0001957824182838852,0.9433841346209664
30660.0,0.012987333333333333,9.814016266318504e-10,0.0,0.125,3.695894934690626e-10,1.2045120456605218e-10,9.814016266318504e-10,3.432774065004196e-10,9.814016266318504e-10,0.9412411282955881,0.0,0.125,0.10188348327874512,0.0001950294212511583,0.9412411282955881,0.0001950294212511583,0.9412411282955881
30720.0,0.012984666666666667,9.189875527226832e-10,0.0,0.125,3.4565394339772115e-10,1.120952219935134e-10,9.189875527226832e-10,3.186073627148289e-10,9.189875527226832e-10,0.9391037731976359,0.0,0.125,0.10165051144070188,0.00019428012625333224,0.9391037731976359,0.00019428012625333224,0.9391037731976359
30780.0,0.012982,8.566303222323768e-10,0.0,0.125,3.230807424591065e-10,9.907807907438837e-11,8.566303222323768e-10,2.9200464268797077e-10,8.566303222323768e-10,0.9369720571612898,0.0,0.125,0.10141796640384775,0.0001935345114063569,0.9369720571612898,0.0001935345114063569,0.9369720571612898
30840.0,0.012979333333333332,8.046185939747375e-10,0.0,0.125,3.024319466632021e-10,9.754330676514655e-11,8.046185939747375e-10,2.7682744985213503e-10,8.046185939747375e-10,0.9348459681135066,0.0,0.125,0.10118584898721385,0.00019279255464521583,0.9348459681135066,0.00019279255464521583,0.9348459681135066
30900.0,0.012976666666666666,7.540847946074791e-10,0.0,0.125,2.8301806405170193e-10,9.669065548223443e-11,7.540847946074791e-10,2.632418727444019e-10,7.540847946074791e-10,0.9327254940553531,0.0,0.125,0.10095415995066369,0.00019205423374013542,0.9327254940553531,0.00019205423374013542,0.9327254940553531
30960.0,0.012974,7.03209934727056e-10,0.0,0.125,2.645900328262195e-10,8.452616384602152e-11,7.03209934727056e-10,2.4704149836907163e-10,7.03209934727056e-10,0.9306106230468744,0.0,0.125,0.10072290001874785,0.0001913195263374412,0.9306106230468744,0.0001913195263374412,0.9306106230468744
31020.0,0.012971333333333333,6.559162102348637e-10,0.0,0.125,2.4760073098562235e-10,7.503331289626658e-11,6.559162102348637e-10,2.2583890313399024e-10,6.559162102348637e-10,0.928501343194839,0.0,0.125,0.1004920698904249,0.00019058840995955784,0.928501343194839,0.00019058840995955784,0.928501343194839
31080.0,0.012968666666666667,6.177742761792615e-10,0.0,0.125,2.319407121257889e-10,7.497646947740577e-11,6.177742761792615e-10,2.121396391885355e-10,6.177742761792615e-10,0.926397642642744,0.0,0.125,0.1002616702437544,0.0001898608620305442,0.926397642642744,0.0001898608620305442,0.926397642642744
31140.0,0.012966,5.792344381916337e-10,0.0,0.125,2.1688004683819364e-10,7.497646947740577e-11,5.792344381916337e-10,1.9838353182421997e-10,5.792344381916337e-10,0.9242995095626729,0.0,0.125,0.10003170173845231,0.00018913685990606943,0.9242995095626729,0.00018913685990606943,0.9242995095626729
31200.0,0.012963333333333334,5.404672265285626e-10,0.0,0.125,2.0235174953292946e-10,7.349854058702476e-11,5.404672265285626e-10,1.8479795471648686e-10,5.404672265285626e-10,0.9222069321486573,0.0,0.125,0.09980216501741655,0.00018841638086652956,0.9222069321486573,0.00018841638086652956,0.9222069321486573
31260.0,0.012960666666666667,5.014157977711875e-10,0.0,0.125,1.885796830633723e-10,6.161826604511589e-11,5.014157977711875e-10,1.7109869077103212e-10,5.014157977711875e-10,0.9201198986112411,0.0,0.125,0.09957306070770816,0.0001876994021539069,0.9201198986112411,0.0001876994021539069,0.9201198986112411
31320.0,0.012957999999999999,4.653770702134352e-10,0.0,0.125,1.7602162807866882e-10,5.127276381244883e-11,4.653770702134352e-10,1.6081003195722587e-10,4.653770702134352e-10,0.9180383971730514,0.0,0.125,0.09934438942122302,0.00018698590098020773,0.9180383971730514,0.00018698590098020773,0.9180383971730514
31380.0,0.012955333333333333,4.3877435018657707e-10,0.0,0.125,1.6506772011721432e-10,5.0533799367258325e-11,4.3877435018657707e-10,1.5762680050102063e-10,4.3877435018657707e-10,0.9159624160652007,0.0,0.125,0.0991161517551779,0.0001862758545363441,0.9159624160652007,0.0001862758545363441,0.9159624160652007
31440.0,0.012952666666666666,4.126263775106054e-10,0.0,0.125,1.5471311339674103e-10,5.0533799367258325e-11,4.126263775106054e-10,1.481907929701265e-10,4.126263775106054e-10,0.9138919435243503,0.0,0.125,0.09888834829247943,0.00018556924001011943,0.9138919435243503,0.00018556924001011943,0.9138919435243503
31500.0,0.01295,3.865352482534945e-10,0.0,0.125,1.4473331173810063e-10,5.0533799367258325e-11,3.865352482534945e-10,1.3585577107733116e-10,3.865352482534945e-10,0.9118269677903332,0.0,0.125,0.0986609796020161,0.000184866034603548,0.9118269677903332,0.000184866034603548,0.9118269677903332
31560.0,0.012947333333333333,3.601030584832188e-10,0.0,0.125,1.3503499205097036e-10,5.0590642786119133e-11,3.601030584832188e-10,1.2244072422618046e-10,3.601030584832188e-10,0.9097674771042641,0.0,0.125,0.09843404623889801,0.00018416621554018242,0.9097674771042641,0.00018416621554018242,0.9097674771042641
31620.0,0.012944666666666667,3.33386651618639e-10,0.0,0.125,1.2579967891003353e-10,4.843059286940843e-11,3.33386651618639e-10,1.0879830369958654e-10,3.33386651618639e-10,0.9077134597070112,0.0,0.125,0.09820754874466044,0.0001834697600739954,0.9077134597070112,0.0001834697600739954,0.9077134597070112
31680.0,0.012942,3.0689761842950247e-10,0.0,0.125,1.1737747770160387e-10,3.893774191965349e-11,3.0689761842950247e-10,9.515588317299262e-11,3.0689761842950247e-10,0.9056649038379927,0.0,0.125,0.09798148764744102,0.0001827766455069213,0.9056649038379927,0.0001827766455069213,0.9056649038379927
31740.0,0.012939333333333332,2.845581548172049e-10,0.0,0.125,1.1019850418650094e-10,3.029754225281067e-11,2.845581548172049e-10,8.594724931754172e-11,2.845581548172049e-10,0.9036217977342523,0.0,0.125,0.09775586346213767,0.00018208684919107654,0.9036217977342523,0.00018208684919107654,0.9036217977342523
31800.0,0.012936666666666666,2.710294211283326e-10,0.0,0.125,1.0464489660514967e-10,3.0240698833949864e-11,2.710294211283326e-10,8.589040589868091e-11,2.710294211283326e-10,0.9015841296297359,0.0,0.125,0.09753067669055236,0.00018140034855118614,0.9015841296297359,0.00018140034855118614,0.9015841296297359
31860.0,0.012934,2.576143742771819e-10,0.0,0.125,9.897250568232884e-11,3.0240698833949864e-11,2.576143742771819e-10,8.589040589868091e-11,2.576143742771819e-10,0.8995518877547651,0.0,0.125,0.0973059278215235,0.0001807171210750358,0.8995518877547651,0.0001807171210750358,0.8995518877547651
31920.0,0.012931333333333333,2.440856405883096e-10,0.0,0.125,9.31963505059707e-11,3.0240698833949864e-11,2.440856405883096e-10,8.589040589868091e-11,2.440856405883096e-10,0.8975250603356433,0.0,0.125,0.09708161733104982,0.0001800371443312354,0.8975250603356433,0.0001800371443312354,0.8975250603356433
31980.0,0.012928666666666666,2.3021584638627246e-10,0.0,0.125,8.711851657337525e-11,3.007016857736744e-11,2.3021584638627246e-10,8.571987564209849e-11,2.3021584638627246e-10,0.8955036355943884,0.0,0.125,0.09685774568240785,0.00017936039599120157,0.8955036355943884,0.00017936039599120157,0.8955036355943884
32040.0,0.012926,2.1543655748246238e-10,0.0,0.125,8.099758993727445e-11,2.893330020015128e-11,2.1543655748246238e-10,8.458300726488233e-11,2.1543655748246238e-10,0.8934876017485647,0.0,0.125,0.09663431332626374,0.0001786868538062869,0.8934876017485647,0.0001786868538062869,0.8934876017485647
32100.0,0.012923333333333334,2.0190782379359007e-10,0.0,0.125,7.51790710925751e-11,2.893330020015128e-11,2.0190782379359007e-10,8.463985068374313e-11,2.0190782379359007e-10,0.8914769470111716,0.0,0.125,0.09641132070078072,0.0001780164956426411,0.8914769470111716,0.0001780164956426411,0.8914769470111716
32160.0,0.012920666666666667,1.8826540326699615e-10,0.0,0.125,6.926218022332649e-11,2.887645678129047e-11,1.8826540326699615e-10,8.463985068374313e-11,1.8826540326699615e-10,0.8894716595906047,0.0,0.125,0.09618876823172301,0.00017734929947255118,0.8894716595906047,0.00017734929947255118,0.8894716595906047
32220.0,0.012917999999999999,1.7462298274040222e-10,0.0,0.125,6.321362769140429e-11,2.887645678129047e-11,1.7462298274040222e-10,8.469669410260394e-11,1.7462298274040222e-10,0.8874717276906365,0.0,0.125,0.09596665633255666,0.00017668524337999258,0.8874717276906365,0.00017668524337999258,0.8874717276906365
32280.0,0.012915333333333332,1.6109424905152991e-10,0.0,0.125,5.713847536120891e-11,2.887645678129047e-11,1.6109424905152991e-10,8.361666914424859e-11,1.6109424905152991e-10,0.8854771395104356,0.0,0.125,0.09574498540454819,0.00017602430557439597,0.8854771395104356,0.00017602430557439597,0.8854771395104356
32340.0,0.012912666666666666,1.4739498510607518e-10,0.0,0.125,5.098913798683284e-11,2.893330020015128e-11,1.4739498510607518e-10,7.781864042044617e-11,1.4739498510607518e-10,0.8834878832445896,0.0,0.125,0.09552375583686085,0.00017536646438753856,0.8834878832445896,0.00017536646438753856,0.8834878832445896
32400.0,0.01291,1.3380940799834207e-10,0.0,0.125,4.465833566550382e-11,2.8990143619012088e-11,1.3380940799834207e-10,7.105427357601002e-11,1.3380940799834207e-10,0.8815039470831423,0.0,0.125,0.09530296800664927,0.00017471169828908728,0.8815039470831423,0.00017471169828908728,0.8815039470831423
32460.0,0.012906666666666667,1.2016698747174814e-10,0.0,0.125,3.848965339513422e-11,2.893330020015128e-11,1.2016698747174814e-10,6.38351593806874e-11,1.2016698747174814e-10,0.8795251960447079,0.0,0.125,0.09508260944012638,0.00017405995232477878,0.8795251960447079,0.00017405995232477878,0.8795251960447079
32520.0,0.012903333333333333,1.0652456694515422e-10,0.0,0.125,3.2032861628706265e-11,2.887645678129047e-11,1.0652456694515422e-10,5.1954884838778526e-11,1.0652456694515422e-10,0.8775514970840237,0.0,0.125,0.09486266762845753,0.00017341117230440517,0.8775514970840237,0.00017341117230440517,0.8775514970840237
32580.0,0.0129,9.29389898374211e-11,0.0,0.125,2.590172948959441e-11,2.3362645151792094e-11,9.29389898374211e-11,3.859668140648864e-11,9.29389898374211e-11,0.875582841223054,0.0,0.125,0.09464314298587323,0.0001727653380243499,0.875582841223054,0.0001727653380243499,0.875582841223054
32640.0,0.012896666666666666,7.929656931082718e-11,0.0,0.125,2.0169154505059062e-11,1.6541434888495132e-11,7.929656931082718e-11,2.489741746103391e-11,7.929656931082718e-11,0.8736192193996898,0.0,0.125,0.09442403597517818,0.00017212242941200273,0.8736192193996898,0.00017212242941200273,0.8736192193996898
32700.0,0.012893333333333333,7.08837433194276e-11,0.0,0.125,1.5525410184792643e-11,1.48929757415317e-11,7.08837433194276e-11,1.6484591469634324e-11,7.08837433194276e-11,0.8716606224761407,0.0,0.125,0.0942053470704625,0.0001714824265330872,0.8716606224761407,0.0001714824265330872,0.8716606224761407
32760.0,0.01289,6.406253305613063e-11,0.0,0.125,1.1440013096739904e-11,9.72022462519817e-12,6.406253305613063e-11,9.72022462519817e-12,6.406253305613063e-11,0.8697070412460072,0.0,0.125,0.09398707674495604,0.0001708453095878859,0.8697070412460072,0.0001708453095878859,0.8697070412460072
32820.0,0.012886666666666666,5.724132279283367e-11,0.0,0.125,8.51917862887903e-12,2.8990143619012088e-12,5.724132279283367e-11,2.8990143619012088e-12,5.724132279283367e-11,0.8677584664402651,0.0,0.125,0.09376922546606924,0.00017021105892256472,0.8677584664402651,0.00017021105892256472,0.8677584664402651
32880.0,0.012883333333333333,5.491074261954054e-11,0.0,0.125,7.791302360065346e-12,3.979039320256561e-13,5.491074261954054e-11,3.979039320256561e-13,5.491074261954054e-11,0.8658148887323726,0.0,0.125,0.09355179369304216,0.0001695796550220674,0.8658148887323726,0.0001695796550220674,0.8658148887323726
32940.0,0.012879999999999999,5.491074261954054e-11,0.0,0.125,7.793743967182875e-12,4.547473508864641e-13,5.491074261954054e-11,4.547473508864641e-13,5.491074261954054e-11,0.8638762987426575,0.0,0.125,0.09333478187571466,0.00016895107852477054,0.8638762987426575,0.00016895107852477054,0.8638762987426575
33000.0,0.012876666666666666,5.496758603840135e-11,0.0,0.125,7.803537396446327e-12,4.547473508864641e-13,5.496758603840135e-11,4.547473508864641e-13,5.496758603840135e-11,0.8619426870421096,0.0,0.125,0.09311819045384043,0.00016832531020694042,0.8619426870421096,0.00016832531020694042,0.8619426870421096
33060.0,0.012873333333333334,5.502442945726216e-11,0.0,0.125,7.78790908288701e-12,5.115907697472721e-13,5.502442945726216e-11,5.115907697472721e-13,5.502442945726216e-11,0.8600140441556725,0.0,0.125,0.09290201985668976,0.0001677023309996084,0.8600140441556725,0.0001677023309996084,0.8600140441556725
33120.0,0.01287,5.491074261954054e-11,0.0,0.125,7.785990881592384e-12,3.979039320256561e-13,5.491074261954054e-11,3.979039320256561e-13,5.491074261954054e-11,0.858090360565132,0.0,0.125,0.0926862705028167,0.00016708212198590644,0.858090360565132,0.00016708212198590644,0.858090360565132
33180.0,0.012866666666666667,5.491074261954054e-11,0.0,0.125,7.787084750363716e-12,4.547473508864641e-13,5.491074261954054e-11,4.547473508864641e-13,5.491074261954054e-11,0.8561716267116806,0.0,0.125,0.09247094279992543,0.00016646466439818042,0.8561716267116806,0.00016646466439818042,0.8561716267116806
33240.0,0.012863333333333333,5.496758603840135e-11,0.0,0.125,7.798031367910542e-12,4.547473508864641e-13,5.496758603840135e-11,4.547473508864641e-13,5.496758603840135e-11,0.854257832998174,0.0,0.125,0.09225603714479894,0.00016584993961377137,0.854257832998174,0.00016584993961377137,0.854257832998174
33300.0,0.01286,5.519495971384458e-11,0.0,0.125,7.872155307855091e-12,4.547473508864641e-13,5.519495971384458e-11,6.252776074688882e-13,5.519495971384458e-11,0.8523489697911709,0.0,0.125,0.09204155392326893,0.0001652379291761097,0.8523489697911709,0.0001652379291761097,0.8523489697911709
33360.0,0.012856666666666667,5.519495971384458e-11,0.0,0.125,7.9889624343966e-12,1.4779288903810084e-12,5.519495971384458e-11,1.4779288903810084e-12,5.519495971384458e-11,0.8504450274227718,0.0,0.125,0.09182749351021333,0.00016462861478028223,0.8504450274227718,0.00016462861478028223,0.8504450274227718
33420.0,0.012853333333333333,5.519495971384458e-11,0.0,0.125,7.994133666101536e-12,1.4779288903810084e-12,5.519495971384458e-11,1.5347723092418164e-12,5.519495971384458e-11,0.8485459961922952,0.0,0.125,0.09161385626957326,0.00016402197827147802,0.8485459961922952,0.00016402197827147802,0.8485459961922952
33480.0,0.01285,5.519495971384458e-11,0.0,0.125,7.997474459883129e-12,1.5347723092418164e-12,5.519495971384458e-11,1.5347723092418164e-12,5.519495971384458e-11,0.8466518663678081,0.0,0.125,0.09140064255438435,0.0001634180016574227,0.8466518663678081,0.0001634180016574227,0.8466518663678081
33540.0,0.012846666666666666,5.53086465515662e-11,0.0,0.125,8.032916320846782e-12,1.5347723092418164e-12,5.53086465515662e-11,1.5347723092418164e-12,5.53086465515662e-11,0.8447626281875621,0.0,0.125,0.09118785270681742,0.00016281666710216136,0.8447626281875621,0.00016281666710216136,0.8447626281875621
33600.0,0.012843333333333333,5.519495971384458e-11,0.0,0.125,7.992968244839613e-12,1.4210854715202004e-12,5.519495971384458e-11,1.4210854715202004e-12,5.519495971384458e-11,0.8428782718613149,0.0,0.125,0.09097548705822758,0.0001622179569202853,0.8428782718613149,0.0001622179569202853,0.8428782718613149
33660.0,0.01284,5.525180313270539e-11,0.0,0.125,7.994225456199262e-12,1.4210854715202004e-12,5.525180313270539e-11,1.4210854715202004e-12,5.525180313270539e-11,0.8409987875715818,0.0,0.125,0.09076354592920811,0.00016162185358448156,0.8409987875715818,0.00016162185358448156,0.8409987875715818
33720.0,0.012836666666666666,5.525180313270539e-11,0.0,0.125,8.006074264848986e-12,1.5347723092418164e-12,5.525180313270539e-11,1.5347723092418164e-12,5.525180313270539e-11,0.8391241654748204,0.0,0.125,0.09055202962964941,0.00016102833972997388,0.8391241654748204,0.00016102833972997388,0.8391241654748204
33780.0,0.012833333333333334,5.525180313270539e-11,0.0,0.125,8.015757919212623e-12,1.5347723092418164e-12,5.525180313270539e-11,1.5347723092418164e-12,5.525180313270539e-11,0.837254395702566,0.0,0.125,0.09034093845880102,0.00016043739814652902,0.837254395702566,0.00016043739814652902,0.837254395702566
33840.0,0.01283,5.53086465515662e-11,0.0,0.125,8.008365236611489e-12,1.4779288903810084e-12,5.53086465515662e-11,1.4779288903810084e-12,5.53086465515662e-11,0.8353894683625159,0.0,0.125,0.0901302727053361,0.0001598490117775686,0.8353894683625159,0.0001598490117775686,0.8353894683625159
33900.0,0.012826666666666667,5.5365489970427006e-11,0.0,0.125,8.011064173029534e-12,1.4779288903810084e-12,5.5365489970427006e-11,1.4779288903810084e-12,5.5365489970427006e-11,0.8335293735395857,0.0,0.125,0.08992003264741834,0.00015926316372905092,0.8335293735395857,0.00015926316372905092,0.8335293735395857
33960.0,0.012823333333333334,5.5365489970427006e-11,0.0,0.125,8.017960001537504e-12,1.5347723092418164e-12,5.5365489970427006e-11,1.5347723092418164e-12,5.5365489970427006e-11,0.8316741012969351,0.0,0.125,0.08971021855276963,0.00015867983726236545,0.8316741012969351,0.00015867983726236545,0.8316741012969351
34020.0,0.01282,5.5365489970427006e-11,0.0,0.125,8.018087255348388e-12,1.5347723092418164e-12,5.5365489970427006e-11,1.5347723092418164e-12,5.5365489970427006e-11,0.829823641676972,0.0,0.125,0.08950083067873989,0.00015809901579499908,0.829823641676972,0.00015809901579499908,0.829823641676972
34080.0,0.012816666666666667,5.5422333389287814e-11,0.0,0.125,8.008051652495599e-12,1.4779288903810084e-12,5.5422333389287814e-11,1.4779288903810084e-12,5.5422333389287814e-11,0.8279779847023491,0.0,0.125,0.08929186927237719,0.0001575206828945408,0.8279779847023491,0.0001575206828945408,0.8279779847023491
34140.0,0.012813333333333333,5.547917680814862e-11,0.0,0.125,8.008935551365368e-12,1.4779288903810084e-12,5.547917680814862e-11,1.4779288903810084e-12,5.547917680814862e-11,0.8261371203769228,0.0,0.125,0.08908333457049854,0.00015694482229200446,0.8261371203769228,0.00015694482229200446,0.8261371203769228
34200.0,0.01281,5.525180313270539e-11,0.0,0.125,7.911523236472678e-12,1.2505552149377763e-12,5.525180313270539e-11,1.2505552149377763e-12,5.525180313270539e-11,0.8243010386867349,0.0,0.125,0.08887522679976172,0.0001563714178711706,0.8243010386867349,0.0001563714178711706,0.8243010386867349
34260.0,0.012807333333333334,5.525180313270539e-11,0.0,0.125,7.921379399767099e-12,1.3073986337985843e-12,5.525180313270539e-11,1.3073986337985843e-12,5.525180313270539e-11,0.8224698440414798,0.0,0.125,0.08866755822783208,0.00015580048329599805,0.8224698440414798,0.00015580048329599805,0.8224698440414798
34320.0,0.012804666666666667,5.519495971384458e-11,0.0,0.125,7.92971490454787e-12,1.3073986337985843e-12,5.519495971384458e-11,1.3073986337985843e-12,5.519495971384458e-11,0.8206436390337688,0.0,0.125,0.08846034114244952,0.00015523203187250978,0.8206436390337688,0.00015523203187250978,0.8206436390337688
34380.0,0.012802000000000001,5.5138116294983774e-11,0.0,0.125,7.913096178414319e-12,1.1937117960769683e-12,5.5138116294983774e-11,1.1937117960769683e-12,5.5138116294983774e-11,0.8188224109566175,0.0,0.125,0.08825357568080976,0.00015466604719138743,0.8188224109566175,0.00015466604719138743,0.8188224109566175
34440.0,0.012799333333333333,5.519495971384458e-11,0.0,0.125,7.914523191842355e-12,1.1937117960769683e-12,5.519495971384458e-11,1.1937117960769683e-12,5.519495971384458e-11,0.8170061471582731,0.0,0.125,0.08804726190959093,0.00015410251300740363,0.8170061471582731,0.00015410251300740363,0.8170061471582731
34500.0,0.012796666666666666,5.525180313270539e-11,0.0,0.125,7.93231140175587e-12,1.1937117960769683e-12,5.525180313270539e-11,1.1937117960769683e-12,5.525180313270539e-11,0.8151948350365679,0.0,0.125,0.08784139986184632,0.0001535414132367574,0.8151948350365679,0.0001535414132367574,0.8151948350365679
34560.0,0.012794,5.519495971384458e-11,0.0,0.125,7.910387932030102e-12,1.1368683772161603e-12,5.519495971384458e-11,1.1368683772161603e-12,5.519495971384458e-11,0.8133884620342067,0.0,0.125,0.08763598954956148,0.00015298273195574197,0.8133884620342067,0.00015298273195574197,0.8133884620342067
34620.0,0.012791333333333333,5.525180313270539e-11,0.0,0.125,7.920621065491154e-12,1.1368683772161603e-12,5.525180313270539e-11,1.1368683772161603e-12,5.525180313270539e-11,0.8115870156348458,0.0,0.125,0.08743103096897387,0.00015242645339696992,0.8115870156348458,0.00015242645339696992,0.8115870156348458
34680.0,0.012788666666666667,5.525180313270539e-11,0.0,0.125,7.923198956439291e-12,1.1937117960769683e-12,5.525180313270539e-11,1.1937117960769683e-12,5.525180313270539e-11,0.8097904833597969,0.0,0.125,0.08722652410320834,0.0001518725619624739,0.8097904833597969,0.0001518725619624739,0.8097904833597969
34740.0,0.012786,5.525180313270539e-11,0.0,0.125,7.924269541926385e-12,1.1368683772161603e-12,5.525180313270539e-11,1.1368683772161603e-12,5.525180313270539e-11,0.8079988527652868,0.0,0.125,0.08702246892374502,0.00015132104220616505,0.8079988527652868,0.00015132104220616505,0.8079988527652868
34800.0,0.012783333333333334,5.53086465515662e-11,0.0,0.125,7.919426056115917e-12,1.0800249583553523e-12,5.53086465515662e-11,1.0800249583553523e-12,5.53086465515662e-11,0.8062121114401526,0.0,0.125,0.08681886539131581,0.00015077187883649756,0.8062121114401526,0.00015077187883649756,0.8062121114401526
34860.0,0.012780666666666668,5.5365489970427006e-11,0.0,0.125,7.923687064171458e-12,1.0800249583553523e-12,5.5365489970427006e-11,1.0800249583553523e-12,5.5365489970427006e-11,0.804430247003908,0.0,0.125,0.08661571345649585,0.00015022505672179776,0.804430247003908,0.00015022505672179776,0.804430247003908
34920.0,0.012778,5.5422333389287814e-11,0.0,0.125,7.974999845777476e-12,1.0800249583553523e-12,5.5422333389287814e-11,1.0800249583553523e-12,5.5422333389287814e-11,0.8026532471051179,0.0,0.125,0.08641301306011968,0.00014968056088637827,0.8026532471051179,0.00014968056088637827,0.8026532471051179
34980.0,0.012775333333333333,5.547917680814862e-11,0.0,0.125,8.006543605755802e-12,1.0800249583553523e-12,5.547917680814862e-11,1.0800249583553523e-12,5.547917680814862e-11,0.8008810994200459,0.0,0.125,0.08621076413359179,0.0001491383765027665,0.8008810994200459,0.0001491383765027665,0.8008810994200459
35040.0,0.012772666666666667,5.5422333389287814e-11,0.0,0.125,7.985928796421334e-12,1.0231815394945443e-12,5.5422333389287814e-11,1.0231815394945443e-12,5.5422333389287814e-11,0.799113791651502,0.0,0.125,0.0860089665991292,0.00014859848890091953,0.799113791651502,0.00014859848890091953,0.799113791651502
35100.0,0.01277,5.5422333389287814e-11,0.0,0.125,7.985928796421333e-12,1.0800249583553523e-12,5.5422333389287814e-11,1.0800249583553523e-12,5.5422333389287814e-11,0.7973513115278931,0.0,0.125,0.08580762036995963,0.00014806088355734381,0.7973513115278931,0.00014806088355734381,0.7973513115278931
35160.0,0.012767333333333334,5.559286364587024e-11,0.0,0.125,7.999027162708328e-12,1.0800249583553523e-12,5.559286364587024e-11,1.0800249583553523e-12,5.559286364587024e-11,0.7955936468024084,0.0,0.125,0.08560672535048809,0.00014752554610308888,0.7955936468024084,0.00014752554610308888,0.7955936468024084
35220.0,0.012764666666666667,5.553602022700943e-11,0.0,0.125,8.00989288601873e-12,1.0800249583553523e-12,5.553602022700943e-11,1.0800249583553523e-12,5.553602022700943e-11,0.7938407852523546,0.0,0.125,0.0854062814364423,0.00014699246231408836,0.7938407852523546,0.00014699246231408836,0.7938407852523546
35280.0,0.012762,5.5422333389287814e-11,0.0,0.125,7.987318268200031e-12,9.663381206337363e-13,5.5422333389287814e-11,9.663381206337363e-13,5.5422333389287814e-11,0.7920927146785857,0.0,0.125,0.08520628851500148,0.0001464616181147127,0.7920927146785857,0.0001464616181147127,0.7920927146785857
35340.0,0.012759333333333333,5.553602022700943e-11,0.0,0.125,8.018127886449924e-12,9.663381206337363e-13,5.553602022700943e-11,9.663381206337363e-13,5.553602022700943e-11,0.7903494229050266,0.0,0.125,0.0850067464649133,0.000145932999576881,0.7903494229050266,0.000145932999576881,0.7903494229050266
35400.0,0.012756666666666666,5.559286364587024e-11,0.0,0.125,8.037183996574527e-12,9.663381206337363e-13,5.559286364587024e-11,9.663381206337363e-13,5.559286364587024e-11,0.7886108977782769,0.0,0.125,0.0848076551566014,0.0001454065929137327,0.7886108977782769,0.0001454065929137327,0.7886108977782769
35460.0,0.012754,5.559286364587024e-11,0.0,0.125,8.014528032981683e-12,9.663381206337363e-13,5.559286364587024e-11,9.663381206337363e-13,5.559286364587024e-11,0.7868771271672779,0.0,0.125,0.08460901445226574,0.00014488238448318036,0.7868771271672779,0.00014488238448318036,0.7868771271672779
35520.0,0.012751333333333333,5.5649707064731047e-11,0.0,0.125,8.03019386469932e-12,9.663381206337363e-13,5.5649707064731047e-11,9.663381206337363e-13,5.5649707064731047e-11,0.7851480989630208,0.0,0.125,0.08441082420597677,0.00014436036078369074,0.7851480989630208,0.00014436036078369074,0.7851480989630208
35580.0,0.012748666666666667,5.559286364587024e-11,0.0,0.125,8.032510470203497e-12,9.094947017729282e-13,5.559286364587024e-11,9.094947017729282e-13,5.559286364587024e-11,0.7834238010783086,0.0,0.125,0.08421308426376532,0.00014384050845661633,0.7834238010783086,0.00014384050845661633,0.7834238010783086
35640.0,0.012746,5.559286364587024e-11,0.0,0.125,8.032510470203497e-12,9.094947017729282e-13,5.559286364587024e-11,9.094947017729282e-13,5.559286364587024e-11,0.7817042214475506,0.0,0.125,0.084015794463708,0.00014332281427875682,0.7817042214475506,0.00014332281427875682,0.7817042214475506
35700.0,0.012743333333333334,5.553602022700943e-11,0.0,0.125,8.009086094589257e-12,8.526512829121202e-13,5.553602022700943e-11,8.526512829121202e-13,5.553602022700943e-11,0.7799893480265723,0.0,0.125,0.08381895463600973,0.00014280726516668896,0.7799893480265723,0.00014280726516668896,0.7799893480265723
35760.0,0.012740666666666668,5.5649707064731047e-11,0.0,0.125,8.028869283524987e-12,8.526512829121202e-13,5.5649707064731047e-11,8.526512829121202e-13,5.5649707064731047e-11,0.7782791687924582,0.0,0.125,0.08362256460308327,0.0001422938481712155,0.7782791687924582,0.0001422938481712155,0.7782791687924582
35820.0,0.012738,5.5706550483591855e-11,0.0,0.125,8.02988977165308e-12,9.094947017729282e-13,5.5706550483591855e-11,9.094947017729282e-13,5.5706550483591855e-11,0.7765736717434001,0.0,0.125,0.0834266241796262,0.00014178255047825328,0.7765736717434001,0.00014178255047825328,0.7765736717434001
35880.0,0.012735333333333333,5.5706550483591855e-11,0.0,0.125,8.029889771653079e-12,8.526512829121202e-13,5.5706550483591855e-11,8.526512829121202e-13,5.5706550483591855e-11,0.7748728448985568,0.0,0.125,0.08323113317269595,0.00014127335940450347,0.7748728448985568,0.00014127335940450347,0.7748728448985568
35940.0,0.012732666666666666,5.5706550483591855e-11,0.0,0.125,8.00935689929577e-12,8.526512829121202e-13,5.5706550483591855e-11,8.526512829121202e-13,5.5706550483591855e-11,0.7731766762979206,0.0,0.125,0.08303609138178321,0.00014076626239933887,0.7731766762979206,0.00014076626239933887,0.7731766762979206
36000.0,0.01273,5.576339390245266e-11,0.0,0.125,8.026829697313585e-12,8.526512829121202e-13,5.576339390245266e-11,8.526512829121202e-13,5.576339390245266e-11,0.7714851540021853,0.0,0.125,0.08284149859888322,0.00014026124704313858,0.7714851540021853,0.00014026124704313858,0.7714851540021853
36060.0,0.012727666666666667,5.576339390245266e-11,0.0,0.125,8.02688042553719e-12,8.526512829121202e-13,5.576339390245266e-11,8.526512829121202e-13,5.576339390245266e-11,0.7697983189679478,0.0,0.125,0.08264736023081881,0.0001397583141712344,0.7697983189679478,0.0001397583141712344,0.7697983189679478
36120.0,0.012725333333333333,5.576339390245266e-11,0.0,0.125,8.027037015363204e-12,8.526512829121202e-13,5.576339390245266e-11,8.526512829121202e-13,5.576339390245266e-11,0.7681162113291047,0.0,0.125,0.0824536816936081,0.00013925746453136156,0.7681162113291047,0.00013925746453136156,0.7681162113291047
36180.0,0.012723,5.5706550483591855e-11,0.0,0.125,8.009392162786456e-12,7.389644451905042e-13,5.5706550483591855e-11,7.389644451905042e-13,5.5706550483591855e-11,0.7664388179673362,0.0,0.125,0.08226046273198225,0.00013875868576052053,0.7664388179673362,0.00013875868576052053,0.7664388179673362
36240.0,0.012720666666666667,5.5706550483591855e-11,0.0,0.125,8.009709639774536e-12,7.389644451905042e-13,5.5706550483591855e-11,7.389644451905042e-13,5.5706550483591855e-11,0.7647661258146907,0.0,0.125,0.08206770305334747,0.00013826196562283233,0.7647661258146907,0.00013826196562283233,0.7647661258146907
36300.0,0.012718333333333333,5.576339390245266e-11,0.0,0.125,8.029561065936507e-12,7.389644451905042e-13,5.576339390245266e-11,7.389644451905042e-13,5.576339390245266e-11,0.7630981218508945,0.0,0.125,0.08187540234567543,0.00013776729200776217,0.7630981218508945,0.00013776729200776217,0.7630981218508945
36360.0,0.012716,5.576339390245266e-11,0.0,0.125,8.031751162447517e-12,7.389644451905042e-13,5.576339390245266e-11,7.389644451905042e-13,5.576339390245266e-11,0.7614347931009953,0.0,0.125,0.08168356028386041,0.00013727465292823204,0.7614347931009953,0.00013727465292823204,0.7614347931009953
36420.0,0.012713666666666667,5.5706550483591855e-11,0.0,0.125,8.013447717951877e-12,6.821210263296962e-13,5.5706550483591855e-11,6.821210263296962e-13,5.5706550483591855e-11,0.7597761266332872,0.0,0.125,0.0814921765324896,0.0001367840365207318,0.7597761266332872,0.0001367840365207318,0.7597761266332872
36480.0,0.012711333333333333,5.582023732131347e-11,0.0,0.125,8.053423897250196e-12,6.821210263296962e-13,5.582023732131347e-11,6.821210263296962e-13,5.582023732131347e-11,0.7581221095574762,0.0,0.125,0.08130125074724742,0.00013629543104143327,0.7581221095574762,0.00013629543104143327,0.7581221095574762
36540.0,0.012709,5.587708074017428e-11,0.0,0.125,8.072185184498683e-12,6.821210263296962e-13,5.587708074017428e-11,6.821210263296962e-13,5.587708074017428e-11,0.7564727290230451,0.0,0.125,0.08111078257571624,0.00013580882486508017,0.7564727290230451,0.00013580882486508017,0.7564727290230451
36600.0,0.012706666666666666,5.587708074017428e-11,0.0,0.125,8.066444901513832e-12,7.389644451905042e-13,5.587708074017428e-11,7.389644451905042e-13,5.587708074017428e-11,0.754827972217798,0.0,0.125,0.0809207716578784,0.00013532420648365573,0.754827972217798,0.00013532420648365573,0.754827972217798
36660.0,0.012704333333333333,5.582023732131347e-11,0.0,0.125,8.054660709133697e-12,6.821210263296962e-13,5.582023732131347e-11,6.821210263296962e-13,5.582023732131347e-11,0.7531878263665499,0.0,0.125,0.08073121762645731,0.00013484156450604967,0.7531878263665499,0.00013484156450604967,0.7531878263665499
36720.0,0.012702,5.587708074017428e-11,0.0,0.125,8.067430202396635e-12,6.821210263296962e-13,5.587708074017428e-11,6.821210263296962e-13,5.587708074017428e-11,0.7515522787299476,0.0,0.125,0.08054212010716597,0.0001343608876550606,0.7515522787299476,0.0001343608876550606,0.7515522787299476
36780.0,0.012699666666666666,5.5933924159035087e-11,0.0,0.125,8.077483427310989e-12,7.389644451905042e-13,5.5933924159035087e-11,7.389644451905042e-13,5.5933924159035087e-11,0.749921316603416,0.0,0.125,0.08035347871889857,0.00013388216476706294,0.749921316603416,0.00013388216476706294,0.749921316603416
36840.0,0.012697333333333333,5.587708074017428e-11,0.0,0.125,8.07437840034288e-12,6.821210263296962e-13,5.587708074017428e-11,6.821210263296962e-13,5.587708074017428e-11,0.7482949273161937,0.0,0.125,0.08016529307388563,0.00013340538478778807,0.7482949273161937,0.00013340538478778807,0.7482949273161937
36900.0,0.012695000000000001,5.5933924159035087e-11,0.0,0.125,8.083460280690724e-12,6.821210263296962e-13,5.5933924159035087e-11,8.526512829121202e-13,5.5933924159035087e-11,0.7466730982304679,0.0,0.125,0.07997756277782478,0.00013293053677143618,0.7466730982304679,0.00013293053677143618,0.7466730982304679
36960.0,0.012692666666666668,5.5990767577895895e-11,0.0,0.125,8.103290827017565e-12,9.663381206337363e-13,5.5990767577895895e-11,9.663381206337363e-13,5.5990767577895895e-11,0.7450558167405823,0.0,0.125,0.07979028742999475,0.00013245760988511712,0.7450558167405823,0.00013245760988511712,0.7450558167405823
37020.0,0.012690333333333335,5.60476109967567e-11,0.0,0.125,8.170847235223748e-12,1.3073986337985843e-12,5.60476109967567e-11,1.3073986337985843e-12,5.60476109967567e-11,0.7434430702723284,0.0,0.125,0.07960346662335703,0.00013198659339785923,0.7434430702723284,0.00013198659339785923,0.7434430702723284
37080.0,0.012688000000000001,5.587708074017428e-11,0.0,0.125,8.147175995239411e-12,1.1937117960769683e-12,5.587708074017428e-11,1.1937117960769683e-12,5.587708074017428e-11,0.7418348462822921,0.0,0.125,0.07941709994464867,0.0001315174766860494,0.7418348462822921,0.0001315174766860494,0.7418348462822921
37140.0,0.012685666666666668,5.5933924159035087e-11,0.0,0.125,8.158103764331515e-12,1.1937117960769683e-12,5.5933924159035087e-11,1.1937117960769683e-12,5.5933924159035087e-11,0.7402311322572663,0.0,0.125,0.07923118697446792,0.0001310502492324339,0.7402311322572663,0.0001310502492324339,0.7402311322572663
37200.0,0.012683333333333335,5.5933924159035087e-11,0.0,0.125,8.158865923861886e-12,1.1937117960769683e-12,5.5933924159035087e-11,1.1937117960769683e-12,5.5933924159035087e-11,0.7386319157137182,0.0,0.125,0.07904572728735508,0.00013058490061734762,0.7386319157137182,0.00013058490061734762,0.7386319157137182
37260.0,0.012681000000000001,5.5990767577895895e-11,0.00016321062936620835,0.125,8.181080339171124e-12,1.2505552149377763e-12,5.5990767577895895e-11,1.2505552149377763e-12,5.5990767577895895e-11,0.7370371841973016,0.0,0.125,0.07886072045186843,0.00013012142052371,0.7370371841973016,0.00013012142052371,0.7370371841973016
37320.0,0.012678666666666668,5.5933924159035087e-11,0.0,0.125,8.157899994472886e-12,1.1937117960769683e-12,5.5933924159035087e-11,1.1937117960769683e-12,5.5933924159035087e-11,0.7354469252824171,0.0,0.125,0.07867616603065707,0.0001296597987358039,0.7354469252824171,0.0001296597987358039,0.7354469252824171
37380.0,0.012676333333333335,5.5933924159035087e-11,0.0,0.125,8.160717729982402e-12,1.1937117960769683e-12,5.5933924159035087e-11,1.1937117960769683e-12,5.5933924159035087e-11,0.7338611265718108,0.0,0.125,0.07849206358053071,0.00012920002513450157,0.7338611265718108,0.00012920002513450157,0.7338611265718108
37440.0,0.012674000000000001,5.5933924159035087e-11,0.0,0.125,8.162509476887671e-12,1.1937117960769683e-12,5.5933924159035087e-11,1.1937117960769683e-12,5.5933924159035087e-11,0.7322797756962163,0.0,0.125,0.07830841265252737,0.00012874208969915202,0.7322797756962163,0.00012874208969915202,0.7322797756962163
37500.0,0.012671666666666668,5.610445441561751e-11,0.0,0.125,8.199374862528419e-12,1.2505552149377763e-12,5.610445441561751e-11,1.2505552149377763e-12,5.610445441561751e-11,0.7307028603140231,0.0,0.125,0.07812521279197845,0.00012828598250147483,0.7307028603140231,0.00012828598250147483,0.7307028603140231
37560.0,0.012669333333333335,5.616129783447832e-11,0.0,0.125,8.196511277750706e-12,1.1937117960769683e-12,5.616129783447832e-11,1.1937117960769683e-12,5.616129783447832e-11,0.7291303681109809,0.0,0.125,0.07794246353857263,0.00012783169371277658,0.7291303681109809,0.00012783169371277658,0.7291303681109809
37620.0,0.012667000000000001,5.6218141253339127e-11,0.0,0.125,8.209792973128173e-12,1.1937117960769683e-12,5.6218141253339127e-11,1.1937117960769683e-12,5.6218141253339127e-11,0.7275622867999283,0.0,0.125,0.07776016442641774,0.0001273792135940699,0.7275622867999283,0.0001273792135940699,0.7275622867999283
37680.0,0.012664666666666668,5.6274984672199935e-11,0.0,0.125,8.211180066826674e-12,1.1937117960769683e-12,5.6274984672199935e-11,1.1937117960769683e-12,5.6274984672199935e-11,0.7259986041205512,0.0,0.125,0.07757831498410164,0.00012692853249496316,0.7259986041205512,0.00012692853249496316,0.7259986041205512
37740.0,0.012662333333333334,5.6218141253339127e-11,0.0,0.125,8.21655966544305e-12,1.2505552149377763e-12,5.6218141253339127e-11,1.2505552149377763e-12,5.6218141253339127e-11,0.7244393078391543,0.0,0.125,0.07739691473475156,0.0001264796408622093,0.7244393078391543,0.0001264796408622093,0.7244393078391543
37800.0,0.012660000000000001,5.6218141253339127e-11,0.0,0.125,8.198597963861695e-12,1.1937117960769683e-12,5.6218141253339127e-11,1.1937117960769683e-12,5.6218141253339127e-11,0.7228843857484643,0.0,0.125,0.07721596319609252,0.00012603252922915864,0.7228843857484643,0.00012603252922915864,0.7228843857484643
37860.0,0.012658,5.6274984672199935e-11,0.0,0.125,8.222521900589588e-12,1.1937117960769683e-12,5.6274984672199935e-11,1.1937117960769683e-12,5.6274984672199935e-11,0.7213338743970552,0.0,0.125,0.07703546510907308,0.0001255871999067404,0.7213338743970552,0.0001255871999067404,0.7213338743970552
37920.0,0.012656,5.644551492878236e-11,0.0,0.125,8.24747825418364e-12,1.1937117960769683e-12,5.644551492878236e-11,1.1937117960769683e-12,5.644551492878236e-11,0.7197878095799246,0.0,0.125,0.0768554252273586,0.0001251436551079621,0.7197878095799246,0.0001251436551079621,0.7197878095799246
37980.0,0.012654,5.644551492878236e-11,0.0,0.125,8.253206050902123e-12,1.2505552149377763e-12,5.644551492878236e-11,1.2505552149377763e-12,5.644551492878236e-11,0.7182461780193862,0.0,0.125,0.07667584303268361,0.0001247018853487436,0.7182461780193862,0.0001247018853487436,0.7182461780193862
38040.0,0.012652000000000002,5.633182809106074e-11,0.0,0.125,8.237520085925739e-12,1.1937117960769683e-12,5.633182809106074e-11,1.1937117960769683e-12,5.633182809106074e-11,0.716708966489581,0.0,0.125,0.07649671797211016,0.00012426188123593196,0.716708966489581,0.00012426188123593196,0.716708966489581
38100.0,0.012650000000000002,5.638867150992155e-11,0.0,0.125,8.252561872707759e-12,1.1937117960769683e-12,5.638867150992155e-11,1.1937117960769683e-12,5.638867150992155e-11,0.7151761618144115,0.0,0.125,0.07631804947504982,0.00012382363346064018,0.7151761618144115,0.00012382363346064018,0.7151761618144115
38160.0,0.012648000000000001,5.633182809106074e-11,0.0,0.125,8.25295124577159e-12,1.1937117960769683e-12,5.633182809106074e-11,1.1937117960769683e-12,5.633182809106074e-11,0.7136477508657169,0.0,0.125,0.07613983695957557,0.00012338713279613778,0.7136477508657169,0.00012338713279613778,0.7136477508657169
38220.0,0.012646000000000001,5.633182809106074e-11,0.0,0.125,8.258366829221187e-12,1.2505552149377763e-12,5.633182809106074e-11,1.2505552149377763e-12,5.633182809106074e-11,0.7121237205616572,0.0,0.125,0.07596207983523688,0.00012295237010184756,0.7121237205616572,0.00012295237010184756,0.7121237205616572
38280.0,0.012644,5.633182809106074e-11,0.0,0.125,8.242002753444527e-12,1.1937117960769683e-12,5.633182809106074e-11,1.1937117960769683e-12,5.633182809106074e-11,0.7106040578652761,0.0,0.125,0.07578477750450412,0.00012251933632123624,0.7106040578652761,0.00012251933632123624,0.7106040578652761
38340.0,0.012642,5.638867150992155e-11,0.0,0.125,8.273966150134622e-12,1.1937117960769683e-12,5.638867150992155e-11,1.1937117960769683e-12,5.638867150992155e-11,0.7090887497832217,0.0,0.125,0.07560792936359528,0.00012208802248026007,0.7090887497832217,0.00012208802248026007,0.7090887497832217
38400.0,0.01264,5.638867150992155e-11,0.0,0.125,8.2750640637524e-12,1.1937117960769683e-12,5.638867150992155e-11,1.1937117960769683e-12,5.638867150992155e-11,0.7075777833646069,0.0,0.125,0.07543153480299425,0.00012165841968025948,0.7075777833646069,0.00012165841968025948,0.7075777833646069
38460.0,0.012638,5.644551492878236e-11,0.0,0.125,8.32376171635279e-12,1.2505552149377763e-12,5.644551492878236e-11,1.2505552149377763e-12,5.644551492878236e-11,0.7060711456999729,0.0,0.125,0.07525559320780069,0.00012123051910628568,0.7060711456999729,0.00012123051910628568,0.7060711456999729
38520.0,0.012636000000000001,5.638867150992155e-11,0.0,0.125,8.298339517012941e-12,1.1937117960769683e-12,5.638867150992155e-11,1.1937117960769683e-12,5.638867150992155e-11,0.704568823920372,0.0,0.125,0.07508010395798288,0.00012080431202365904,0.704568823920372,0.00012080431202365904,0.704568823920372
38580.0,0.012634000000000001,5.638867150992155e-11,0.0,0.125,8.299025191142155e-12,1.1937117960769683e-12,5.638867150992155e-11,1.1937117960769683e-12,5.638867150992155e-11,0.7030708051965436,0.0,0.125,0.07490506642857069,0.00012037978976775499,0.7030708051965436,0.00012037978976775499,0.7030708051965436
38640.0,0.012632,5.638867150992155e-11,0.0,0.125,8.30676856483957e-12,1.1937117960769683e-12,5.638867150992155e-11,1.1937117960769683e-12,5.638867150992155e-11,0.701577076738154,0.0,0.125,0.07473047998980954,0.00011995694375599442,0.701577076738154,0.00011995694375599442,0.701577076738154
38700.0,0.01263,5.644551492878236e-11,0.0,0.125,8.309876252836644e-12,1.2505552149377763e-12,5.644551492878236e-11,1.2505552149377763e-12,5.644551492878236e-11,0.7000876257931268,0.0,0.125,0.07455634400728899,0.00011953576548140443,0.7000876257931268,0.00011953576548140443,0.7000876257931268
38760.0,0.012628,5.644551492878236e-11,0.0,0.125,8.309336691686415e-12,1.1937117960769683e-12,5.644551492878236e-11,1.1937117960769683e-12,5.644551492878236e-11,0.6986024396470283,0.0,0.125,0.07438265784205327,0.000119116246506068,0.6986024396470283,0.000119116246506068,0.6986024396470283
38820.0,0.012626,5.650235834764317e-11,0.0,0.125,8.328282200147795e-12,1.1937117960769683e-12,5.650235834764317e-11,1.1937117960769683e-12,5.650235834764317e-11,0.6971215056225127,0.0,0.125,0.07420942085069866,0.00011869837847133802,0.6971215056225127,0.00011869837847133802,0.6971215056225127
38880.0,0.012624,5.650235834764317e-11,0.0,0.125,8.330654321398833e-12,1.1937117960769683e-12,5.650235834764317e-11,1.1937117960769683e-12,5.650235834764317e-11,0.6956448110788188,0.0,0.125,0.0740366323854613,0.00011828215308828938,0.6956448110788188,0.00011828215308828938,0.6956448110788188
38940.0,0.012622000000000001,5.650235834764317e-11,0.0,0.125,8.33250638856392e-12,1.2505552149377763e-12,5.650235834764317e-11,1.2505552149377763e-12,5.650235834764317e-11,0.6941723434113161,0.0,0.125,0.07386429179429767,0.00011786756213516547,0.6941723434113161,0.00011786756213516547,0.6941723434113161
39000.0,0.012620000000000001,5.638867150992155e-11,0.0,0.125,8.318381176306138e-12,1.1937117960769683e-12,5.638867150992155e-11,1.1937117960769683e-12,5.638867150992155e-11,0.6927040900510788,0.0,0.125,0.07369239842095938,0.00011745459746859144,0.6927040900510788,0.00011745459746859144,0.6927040900510788
39060.0,0.012618,5.650235834764317e-11,0.0,0.125,8.319648581342995e-12,1.1937117960769683e-12,5.650235834764317e-11,1.1937117960769683e-12,5.650235834764317e-11,0.6912400384645234,0.0,0.125,0.07352095160506338,0.00011704325100847512,0.6912400384645234,0.00011704325100847512,0.6912400384645234
39120.0,0.012616,5.644551492878236e-11,0.0,0.125,8.324838801517151e-12,1.1937117960769683e-12,5.644551492878236e-11,1.1937117960769683e-12,5.644551492878236e-11,0.6897801761530531,0.0,0.125,0.07334995068215835,0.0001166335147450015,0.6897801761530531,0.0001166335147450015,0.6897801761530531
39180.0,0.012614,5.650235834764317e-11,0.0,0.125,8.336457620600503e-12,1.2505552149377763e-12,5.650235834764317e-11,1.2505552149377763e-12,5.650235834764317e-11,0.6883244906527459,0.0,0.125,0.0731793949837881,0.00011622538073674527,0.6883244906527459,0.00011622538073674527,0.6883244906527459
39240.0,0.012612,5.644551492878236e-11,0.0,0.125,8.338549304327827e-12,1.1937117960769683e-12,5.644551492878236e-11,1.1937117960769683e-12,5.644551492878236e-11,0.6868729695340711,0.0,0.125,0.07300928383755255,0.00011581884110878349,0.6868729695340711,0.00011581884110878349,0.6868729695340711
39300.0,0.01261,5.644551492878236e-11,0.0,0.125,8.339145498460932e-12,1.1937117960769683e-12,5.644551492878236e-11,1.1937117960769683e-12,5.644551492878236e-11,0.685425600401624,0.0,0.125,0.07283961656716592,0.00011541388804958697,0.685425600401624,0.00011541388804958697,0.685425600401624
39360.0,0.012608,5.6559201766503975e-11,0.0,0.125,8.354230312094314e-12,1.1937117960769683e-12,5.6559201766503975e-11,1.1937117960769683e-12,5.6559201766503975e-11,0.6839823708938862,0.0,0.125,0.07267039249251382,0.00011501051381457295,0.6839823708938862,0.00011501051381457295,0.6839823708938862
39420.0,0.012606000000000001,5.6559201766503975e-11,0.0,0.125,8.367976307577114e-12,1.2505552149377763e-12,5.6559201766503975e-11,1.2505552149377763e-12,5.6559201766503975e-11,0.6825432686830005,0.0,0.125,0.07250161092970804,0.00011460871072432877,0.6825432686830005,0.00011460871072432877,0.6825432686830005
39480.0,0.012604,5.644551492878236e-11,0.0,0.125,8.352824435352396e-12,1.1937117960769683e-12,5.644551492878236e-11,1.1937117960769683e-12,5.644551492878236e-11,0.681108281474566,0.0,0.125,0.07233327119114001,0.00011420847116028199,0.681108281474566,0.00011420847116028199,0.681108281474566
39540.0,0.012602,5.650235834764317e-11,0.0,0.125,8.354281383777399e-12,1.1937117960769683e-12,5.650235834764317e-11,1.1937117960769683e-12,5.650235834764317e-11,0.6796773970074503,0.0,0.125,0.07216537258553339,0.00011380978756814208,0.6796773970074503,0.00011380978756814208,0.6796773970074503
39600.0,0.0126,5.650235834764317e-11,0.0,0.125,8.354675852386247e-12,1.1937117960769683e-12,5.650235834764317e-11,1.1937117960769683e-12,5.650235834764317e-11,0.67825060305361,0.0,0.125,0.07199791441799487,0.00011341265245445875,0.67825060305361,0.00011341265245445875,0.67825060305361
39660.0,0.012597666666666667,5.6559201766503975e-11,0.0,0.125,8.38989692710382e-12,1.1937117960769683e-12,5.6559201766503975e-11,1.1937117960769683e-12,5.6559201766503975e-11,0.6768278426159797,0.0,0.125,0.07183089114223615,0.00011301704795108058,0.6768278426159797,0.00011301704795108058,0.6768278426159797
39720.0,0.012595333333333333,5.650235834764317e-11,0.0,0.125,8.368473276411434e-12,1.1937117960769683e-12,5.650235834764317e-11,1.1937117960769683e-12,5.650235834764317e-11,0.6754090594379638,0.0,0.125,0.07166429718866946,0.00011262295641256692,0.6754090594379638,0.00011262295641256692,0.6754090594379638
39780.0,0.012593,5.6559201766503975e-11,0.0,0.125,8.368652449666524e-12,1.1937117960769683e-12,5.6559201766503975e-11,1.1937117960769683e-12,5.6559201766503975e-11,0.6739942424338575,0.0,0.125,0.07149813186592781,0.00011223037075913656,0.6739942424338575,0.00011223037075913656,0.6739942424338575
39840.0,0.012590666666666667,5.6559201766503975e-11,0.0,0.125,8.389317745397735e-12,1.1937117960769683e-12,5.6559201766503975e-11,1.1937117960769683e-12,5.6559201766503975e-11,0.6725833805283413,0.0,0.125,0.07133239450775758,0.00011183928397895393,0.6725833805283413,0.00011183928397895393,0.6725833805283413
39900.0,0.012588333333333333,5.6559201766503975e-11,0.0,0.125,8.391850309156978e-12,1.1937117960769683e-12,5.6559201766503975e-11,1.1937117960769683e-12,5.6559201766503975e-11,0.6711764626578071,0.0,0.125,0.07116708445719133,0.0001114496891070349,0.6711764626578071,0.0001114496891070349,0.6711764626578071
39960.0,0.012586,5.661604518536478e-11,0.0,0.125,8.398052747171076e-12,1.3073986337985843e-12,5.661604518536478e-11,1.3073986337985843e-12,5.661604518536478e-11,0.6697734777715334,0.0,0.125,0.07100220106045761,0.00011106157923512772,0.6697734777715334,0.00011106157923512772,0.6697734777715334
40020.0,0.012583666666666667,5.6559201766503975e-11,0.0,0.125,8.381683756502104e-12,1.1937117960769683e-12,5.6559201766503975e-11,1.1937117960769683e-12,5.6559201766503975e-11,0.6683744148327222,0.0,0.125,0.07083774366423705,0.00011067494751038076,0.6683744148327222,0.00011067494751038076,0.6683744148327222
40080.0,0.012581333333333333,5.650235834764317e-11,0.0,0.125,8.384776892986479e-12,1.1937117960769683e-12,5.650235834764317e-11,1.1937117960769683e-12,5.650235834764317e-11,0.6669792628194418,0.0,0.125,0.07067371161427491,0.00011028978713056858,0.6669792628194418,0.00011028978713056858,0.6669792628194418
40140.0,0.012579,5.6559201766503975e-11,0.0,0.125,8.403129689577528e-12,1.1937117960769683e-12,5.6559201766503975e-11,1.1937117960769683e-12,5.6559201766503975e-11,0.6655880107254526,0.0,0.125,0.07051010425461672,0.00010990609134875484,0.6655880107254526,0.00010990609134875484,0.6655880107254526
40200.0,0.012576666666666667,5.661604518536478e-11,0.0,0.125,8.442082700234577e-12,1.1937117960769683e-12,5.661604518536478e-11,1.1937117960769683e-12,5.661604518536478e-11,0.6642006475609643,0.0,0.125,0.0703469209271606,0.00010952385346840732,0.6642006475609643,0.00010952385346840732,0.6642006475609643
40260.0,0.012574333333333333,5.6559201766503975e-11,0.0,0.125,8.45542475818433e-12,1.1937117960769683e-12,5.6559201766503975e-11,1.1937117960769683e-12,5.6559201766503975e-11,0.662817162353306,0.0,0.125,0.0701841609713827,0.00010914306684373098,0.662817162353306,0.00010914306684373098,0.662817162353306
40320.0,0.012572,5.667288860422559e-11,0.0,0.125,8.46138353845287e-12,1.1937117960769683e-12,5.667288860422559e-11,1.1937117960769683e-12,5.667288860422559e-11,0.6614375441475366,0.0,0.125,0.07002182372416364,0.00010876372488288766,0.6614375441475366,0.00010876372488288766,0.6614375441475366
40380.0,0.012569666666666666,5.667288860422559e-11,0.0,0.125,8.462457657143622e-12,1.1937117960769683e-12,5.667288860422559e-11,1.1937117960769683e-12,5.667288860422559e-11,0.6600617820069972,0.0,0.125,0.06985990851967733,0.00010838582103733785,0.6600617820069972,0.00010838582103733785,0.6600617820069972
40440.0,0.012567333333333333,5.667288860422559e-11,0.0,0.125,8.462457657143622e-12,1.1937117960769683e-12,5.667288860422559e-11,1.1937117960769683e-12,5.667288860422559e-11,0.6586898650138076,0.0,0.125,0.06969841468931957,0.00010800934881471935,0.6586898650138076,0.00010800934881471935,0.6586898650138076
40500.0,0.012565,5.667288860422559e-11,0.0,0.125,8.466735614760263e-12,1.1937117960769683e-12,5.667288860422559e-11,1.1937117960769683e-12,5.667288860422559e-11,0.6573217822693245,0.0,0.125,0.06953734156166373,0.00010763430176918831,0.6573217822693245,0.00010763430176918831,0.6573217822693245
40560.0,0.012562666666666666,5.661604518536478e-11,0.0,0.125,8.457593629358541e-12,1.1937117960769683e-12,5.661604518536478e-11,1.1937117960769683e-12,5.661604518536478e-11,0.655957522894557,0.0,0.125,0.06937668846243415,0.00010726067349930979,0.655957522894557,0.00010726067349930979,0.655957522894557
40620.0,0.012560333333333333,5.661604518536478e-11,0.0,0.125,8.46045892097747e-12,1.1937117960769683e-12,5.661604518536478e-11,1.1937117960769683e-12,5.661604518536478e-11,0.6545970760305408,0.0,0.125,0.06921645471449359,0.0001068884576547191,0.6545970760305408,0.0001068884576547191,0.6545970760305408
40680.0,0.012558,5.661604518536478e-11,0.0,0.125,8.474495246783097e-12,1.1937117960769683e-12,5.661604518536478e-11,1.1937117960769683e-12,5.661604518536478e-11,0.6532404308386917,0.0,0.125,0.06905663963783966,0.00010651764793134788,0.6532404308386917,0.00010651764793134788,0.6532404308386917
40740.0,0.012555666666666666,5.661604518536478e-11,0.0,0.125,8.48006003230601e-12,1.1937117960769683e-12,5.661604518536478e-11,1.1937117960769683e-12,5.661604518536478e-11,0.651887576501121,0.0,0.125,0.0688972425496089,0.00010614823806998075,0.651887576501121,0.00010614823806998075,0.651887576501121
40800.0,0.012553333333333333,5.678657544194721e-11,0.0,0.125,8.540590220943604e-12,1.1937117960769683e-12,5.678657544194721e-11,1.1937117960769683e-12,5.678657544194721e-11,0.6505385022209331,0.0,0.125,0.06873826276408575,0.00010578022185969704,0.6505385022209331,0.00010578022185969704,0.6505385022209331
40860.0,0.012551,5.6843418860808015e-11,0.0,0.125,8.53115801116367e-12,1.1937117960769683e-12,5.6843418860808015e-11,1.2505552149377763e-12,5.6843418860808015e-11,0.6491931972225022,0.0,0.125,0.06857969959271666,0.00010541359312765675,0.6491931972225022,0.00010541359312765675,0.6491931972225022
40920.0,0.012548666666666666,5.6843418860808015e-11,0.0,0.125,8.532759171746182e-12,1.1937117960769683e-12,5.6843418860808015e-11,1.2505552149377763e-12,5.6843418860808015e-11,0.6478516507517147,0.0,0.125,0.06842155234412703,0.00010504834575719713,0.6478516507517147,0.00010504834575719713,0.6478516507517147
40980.0,0.012546333333333333,5.6843418860808015e-11,0.0,0.125,8.533027744023384e-12,1.1937117960769683e-12,5.6843418860808015e-11,1.2505552149377763e-12,5.6843418860808015e-11,0.6465138520762159,0.0,0.125,0.06826382032414106,0.00010468447366585032,0.6465138520762159,0.00010468447366585032,0.6465138520762159
41040.0,0.012544,5.6843418860808015e-11,0.0,0.125,8.536260081972634e-12,1.1937117960769683e-12,5.6843418860808015e-11,1.2505552149377763e-12,5.6843418860808015e-11,0.645179790485626,0.0,0.125,0.06810650283580386,0.00010432197081522432,0.645179790485626,0.00010432197081522432,0.645179790485626
41100.0,0.012541666666666666,5.6843418860808015e-11,0.0,0.125,8.536295996005304e-12,1.1937117960769683e-12,5.6843418860808015e-11,1.2505552149377763e-12,5.6843418860808015e-11,0.6438494552917444,0.0,0.125,0.06794959917940535,0.00010396083121422262,0.6438494552917444,0.00010396083121422262,0.6438494552917444
41160.0,0.012539333333333333,5.678657544194721e-11,0.0,0.125,8.515380404328241e-12,1.1368683772161603e-12,5.678657544194721e-11,1.1368683772161603e-12,5.678657544194721e-11,0.6425228358287456,0.0,0.125,0.06779310865250562,0.00010360104891327104,0.6425228358287456,0.00010360104891327104,0.6425228358287456
41220.0,0.012537,5.678657544194721e-11,0.0,0.125,8.515908718564374e-12,1.1937117960769683e-12,5.678657544194721e-11,1.1937117960769683e-12,5.678657544194721e-11,0.6411999214533607,0.0,0.125,0.06763703054996172,0.00010324261800231938,0.6411999214533607,0.00010324261800231938,0.6411999214533607
41280.0,0.012534666666666666,5.678657544194721e-11,0.0,0.125,8.51640716843073e-12,1.1937117960769683e-12,5.678657544194721e-11,1.1937117960769683e-12,5.678657544194721e-11,0.6398807015450563,0.0,0.125,0.06748136416395527,0.00010288553261139644,0.6398807015450563,0.00010288553261139644,0.6398807015450563
41340.0,0.012532333333333333,5.6843418860808015e-11,0.0,0.125,8.538328461401612e-12,1.1937117960769683e-12,5.6843418860808015e-11,1.1937117960769683e-12,5.6843418860808015e-11,0.6385651655061928,0.0,0.125,0.06732610878402125,0.00010252978691394077,0.6385651655061928,0.00010252978691394077,0.6385651655061928
41400.0,0.01253,5.6843418860808015e-11,0.0,0.125,8.544369589629605e-12,1.1937117960769683e-12,5.6843418860808015e-11,1.1937117960769683e-12,5.6843418860808015e-11,0.6372533027621824,0.0,0.125,0.06717126369707717,0.0001021753751261345,0.6372533027621824,0.0001021753751261345,0.6372533027621824
41460.0,0.012528333333333332,5.695710569852963e-11,0.0,0.125,8.52628725031491e-12,1.1937117960769683e-12,5.695710569852963e-11,1.1937117960769683e-12,5.695710569852963e-11,0.6359451853431042,0.0,0.125,0.06701683718930443,0.00010182231023081467,0.6359451853431042,0.00010182231023081467,0.6359451853431042
41520.0,0.012526666666666667,5.690026227966882e-11,0.0,0.125,8.534489772613372e-12,1.1937117960769683e-12,5.690026227966882e-11,1.1937117960769683e-12,5.690026227966882e-11,0.6346408840062169,0.0,0.125,0.06686283758499849,0.00010147060496634719,0.6346408840062169,0.00010147060496634719,0.6346408840062169
41580.0,0.012525,5.690026227966882e-11,0.0,0.125,8.578971213513409e-12,1.1937117960769683e-12,5.690026227966882e-11,1.1937117960769683e-12,5.690026227966882e-11,0.6333403863324825,0.0,0.125,0.0667092641438962,0.00010112025324104934,0.6333403863324825,0.00010112025324104934,0.6333403863324825
41640.0,0.012523333333333332,5.690026227966882e-11,0.0,0.125,8.579110679560847e-12,1.1937117960769683e-12,5.690026227966882e-11,1.1937117960769683e-12,5.690026227966882e-11,0.6320436799642823,0.0,0.125,0.0665561160685691,0.00010077124900487178,0.6320436799642823,0.00010077124900487178,0.6320436799642823
41700.0,0.012521666666666667,5.690026227966882e-11,0.0,0.125,8.579156382869415e-12,1.1937117960769683e-12,5.690026227966882e-11,1.1937117960769683e-12,5.690026227966882e-11,0.6307507526033813,0.0,0.125,0.06640339253381394,0.00010042358624695602,0.6307507526033813,0.00010042358624695602,0.6307507526033813
41760.0,0.01252,5.707079253625125e-11,0.0,0.125,8.60517592082117e-12,1.1937117960769683e-12,5.707079253625125e-11,1.1937117960769683e-12,5.707079253625125e-11,0.6294615920090737,0.0,0.125,0.06625109269858304,0.00010007725900285092,0.6294615920090737,0.00010007725900285092,0.6294615920090737
41820.0,0.012518333333333333,5.7127635955112055e-11,0.0,0.125,8.605764483609081e-12,1.1937117960769683e-12,5.7127635955112055e-11,1.1937117960769683e-12,5.7127635955112055e-11,0.6281761859965206,0.0,0.125,0.06609921571159252,9.973226134563085e-05,0.6281761859965206,9.973226134563085e-05,0.6281761859965206
41880.0,0.012516666666666666,5.7127635955112055e-11,0.0,0.125,8.60615600122145e-12,1.1937117960769683e-12,5.7127635955112055e-11,1.1937117960769683e-12,5.7127635955112055e-11,0.6268945224352289,0.0,0.125,0.06594776071427817,9.9388587387228e-05,0.6268945224352289,9.9388587387228e-05,0.6268945224352289
41940.0,0.012515,5.707079253625125e-11,0.0,0.125,8.606813141315302e-12,1.1937117960769683e-12,5.707079253625125e-11,1.1937117960769683e-12,5.707079253625125e-11,0.6256165892476715,0.0,0.125,0.06579672684250079,9.904623128220713e-05,0.6256165892476715,9.904623128220713e-05,0.6256165892476715
42000.0,0.012513333333333333,5.701394911739044e-11,0.0,0.125,8.589808622424337e-12,1.1368683772161603e-12,5.701394911739044e-11,1.1368683772161603e-12,5.701394911739044e-11,0.6243423744080285,0.0,0.125,0.06564611322760745,9.870518722288057e-05,0.6243423744080285,9.870518722288057e-05,0.6243423744080285
42060.0,0.012511666666666666,5.707079253625125e-11,0.0,0.125,8.592322014517906e-12,1.1937117960769683e-12,5.707079253625125e-11,1.1937117960769683e-12,5.707079253625125e-11,0.6230718659410337,0.0,0.125,0.06549591899713368,9.836544944297199e-05,0.6230718659410337,9.836544944297199e-05,0.6230718659410337
42120.0,0.01251,5.707079253625125e-11,0.0,0.125,8.593451227315804e-12,1.1937117960769683e-12,5.707079253625125e-11,1.1937117960769683e-12,5.707079253625125e-11,0.6218050519209237,0.0,0.125,0.06534614327529505,9.802701221228727e-05,0.6218050519209237,9.802701221228727e-05,0.6218050519209237
42180.0,0.012508333333333333,5.707079253625125e-11,0.0,0.125,8.594866704673284e-12,1.1937117960769683e-12,5.707079253625125e-11,1.1937117960769683e-12,5.707079253625125e-11,0.6205419204704712,0.0,0.125,0.06519678518334715,9.768986983971217e-05,0.6205419204704712,9.768986983971217e-05,0.6205419204704712
42240.0,0.012506666666666666,5.707079253625125e-11,0.0,0.125,8.610367920469307e-12,1.1937117960769683e-12,5.707079253625125e-11,1.3642420526593924e-12,5.707079253625125e-11,0.6192824597600898,0.0,0.125,0.06504784383986109,9.735401666910448e-05,0.6192824597600898,9.735401666910448e-05,0.6192824597600898
42300.0,0.012504999999999999,5.707079253625125e-11,0.0,0.125,8.595911637120215e-12,1.1937117960769683e-12,5.707079253625125e-11,1.2505552149377763e-12,5.707079253625125e-11,0.6180266580070084,0.0,0.125,0.06489931836094118,9.701944708750965e-05,0.6180266580070084,9.701944708750965e-05,0.6180266580070084
42360.0,0.012503333333333333,5.707079253625125e-11,0.0,0.125,8.602528247114184e-12,1.1937117960769683e-12,5.707079253625125e-11,1.2505552149377763e-12,5.707079253625125e-11,0.6167745034745179,0.0,0.125,0.06475120786040288,9.668615551550186e-05,0.6167745034745179,9.668615551550186e-05,0.6167745034745179
42420.0,0.012501666666666666,5.707079253625125e-11,0.0,0.125,8.60300418525513e-12,1.1937117960769683e-12,5.707079253625125e-11,1.2505552149377763e-12,5.707079253625125e-11,0.6155259844712586,0.0,0.125,0.06460351144992203,9.635413640884938e-05,0.6155259844712586,9.635413640884938e-05,0.6155259844712586
42480.0,0.012499999999999999,5.707079253625125e-11,0.0,0.125,8.603140444822987e-12,1.1937117960769683e-12,5.707079253625125e-11,1.2505552149377763e-12,5.707079253625125e-11,0.6142810893505641,0.0,0.125,0.0644562282391622,9.60233842618452e-05,0.6142810893505641,9.60233842618452e-05,0.6142810893505641
42540.0,0.012498333333333334,5.701394911739044e-11,0.0,0.125,8.579042165258082e-12,1.1368683772161603e-12,5.701394911739044e-11,1.1937117960769683e-12,5.701394911739044e-11,0.6130398065098506,0.0,0.125,0.06430935733588666,9.569389360231106e-05,0.6130398065098506,9.569389360231106e-05,0.6130398065098506
42600.0,0.012496666666666666,5.707079253625125e-11,0.0,0.125,8.591701785912644e-12,1.1937117960769683e-12,5.707079253625125e-11,1.1937117960769683e-12,5.707079253625125e-11,0.6118021243900396,0.0,0.125,0.064162897846057,9.536565899337379e-05,0.6118021243900396,9.536565899337379e-05,0.6118021243900396
42660.0,0.012495,5.707079253625125e-11,0.0,0.125,8.592312044937559e-12,1.1937117960769683e-12,5.707079253625125e-11,1.1937117960769683e-12,5.707079253625125e-11,0.6105680314750207,0.0,0.125,0.06401684887392227,9.5038675036907e-05,0.6105680314750207,9.5038675036907e-05,0.6105680314750207
42720.0,0.012493333333333334,5.707079253625125e-11,0.0,0.125,8.595776157073917e-12,1.1937117960769683e-12,5.707079253625125e-11,1.2505552149377763e-12,5.707079253625125e-11,0.6093375162911479,0.0,0.125,0.0638712095220996,9.471293636453826e-05,0.6093375162911479,9.471293636453826e-05,0.6093375162911479
42780.0,0.012491666666666667,5.707079253625125e-11,0.0,0.125,8.595912531218092e-12,1.1937117960769683e-12,5.707079253625125e-11,1.2505552149377763e-12,5.707079253625125e-11,0.6081105674067582,0.0,0.125,0.06372597889164842,9.438843764431049e-05,0.6081105674067582,9.438843764431049e-05,0.6081105674067582
42840.0,0.01249,5.701394911739044e-11,0.0,0.125,8.574050948309359e-12,1.1368683772161603e-12,5.701394911739044e-11,1.1937117960769683e-12,5.701394911739044e-11,0.6068871734317176,0.0,0.125,0.06358115608213932,9.406517357890554e-05,0.6068871734317176,9.406517357890554e-05,0.6068871734317176
42900.0,0.012488333333333334,5.701394911739044e-11,0.0,0.125,8.579121453075707e-12,1.1937117960769683e-12,5.701394911739044e-11,1.1937117960769683e-12,5.701394911739044e-11,0.605667323016995,0.0,0.125,0.0634367401917177,9.374313890342378e-05,0.605667323016995,9.374313890342378e-05,0.605667323016995
42960.0,0.012486666666666667,5.701394911739044e-11,0.0,0.125,8.582470401460811e-12,1.1937117960769683e-12,5.701394911739044e-11,1.1937117960769683e-12,5.701394911739044e-11,0.6044510048542502,0.0,0.125,0.06329273031716395,9.342232838371878e-05,0.6044510048542502,9.342232838371878e-05,0.6044510048542502
43020.0,0.012485,5.701394911739044e-11,0.0,0.125,8.5854057485973e-12,1.1937117960769683e-12,5.701394911739044e-11,1.2505552149377763e-12,5.701394911739044e-11,0.6032382076754393,0.0,0.125,0.06314912555394994,9.310273682272552e-05,0.6032382076754393,9.310273682272552e-05,0.6032382076754393
43080.0,0.012483333333333332,5.701394911739044e-11,0.0,0.125,8.585542287466727e-12,1.1937117960769683e-12,5.701394911739044e-11,1.2505552149377763e-12,5.701394911739044e-11,0.6020289202524401,0.0,0.125,0.06300592499629251,9.278435905057947e-05,0.6020289202524401,9.278435905057947e-05,0.6020289202524401
43140.0,0.012481666666666667,5.707079253625125e-11,0.0,0.125,8.569855609834604e-12,1.1937117960769683e-12,5.707079253625125e-11,1.2505552149377763e-12,5.707079253625125e-11,0.6008231313966836,0.0,0.125,0.06286312773720441,9.24671899332763e-05,0.6008231313966836,9.24671899332763e-05,0.6008231313966836
43200.0,0.01248,5.701394911739044e-11,0.0,0.125,8.571167845599652e-12,1.1937117960769683e-12,5.701394911739044e-11,1.1937117960769683e-12,5.701394911739044e-11,0.5996208299588068,0.0,0.125,0.06272073286854303,9.21512243673428e-05,0.5996208299588068,9.21512243673428e-05,0.5996208299588068
43260.0,0.012478666666666666,5.707079253625125e-11,0.0,0.125,8.571916037747017e-12,1.1937117960769683e-12,5.707079253625125e-11,1.2505552149377763e-12,5.707079253625125e-11,0.598422042710345,0.0,0.125,0.06257874363948944,9.183646566035542e-05,0.598422042710345,9.183646566035542e-05,0.598422042710345
43320.0,0.012477333333333333,5.707079253625125e-11,0.0,0.125,8.574737567940627e-12,1.1937117960769683e-12,5.707079253625125e-11,1.3073986337985843e-12,5.707079253625125e-11,0.5972267958648114,0.0,0.125,0.062437163317799124,9.152291702863025e-05,0.5972267958648114,9.152291702863025e-05,0.5972267958648114
43380.0,0.012476,5.695710569852963e-11,0.00016057217979440226,0.125,8.548840697083098e-12,1.1368683772161603e-12,5.695710569852963e-11,1.1937117960769683e-12,5.695710569852963e-11,0.5960350775063663,0.0,0.125,0.062295990985171176,9.121057326599846e-05,0.5960350775063663,9.121057326599846e-05,0.5960350775063663
43440.0,0.012474666666666667,5.695710569852963e-11,0.0,0.125,8.555353054247246e-12,1.1937117960769683e-12,5.695710569852963e-11,1.1937117960769683e-12,5.695710569852963e-11,0.5948468757733648,0.0,0.125,0.06215522569654197,9.08994292039278e-05,0.5948468757733648,9.08994292039278e-05,0.5948468757733648
43500.0,0.012473333333333333,5.695710569852963e-11,0.0,0.125,8.56607283655291e-12,1.1937117960769683e-12,5.695710569852963e-11,1.1937117960769683e-12,5.695710569852963e-11,0.5936621788572506,0.0,0.125,0.062014866493433095,9.058947970108644e-05,0.5936621788572506,9.058947970108644e-05,0.5936621788572506
43560.0,0.012472,5.695710569852963e-11,0.0,0.125,8.590323639662015e-12,1.1937117960769683e-12,5.695710569852963e-11,1.2505552149377763e-12,5.695710569852963e-11,0.5924809750015053,0.0,0.125,0.06187491240966152,9.028071965022644e-05,0.5924809750015053,9.028071965022644e-05,0.5924809750015053
43620.0,0.012470666666666666,5.695710569852963e-11,0.0,0.125,8.605591027378172e-12,1.1937117960769683e-12,5.695710569852963e-11,1.2505552149377763e-12,5.695710569852963e-11,0.5913032525006668,0.0,0.125,0.061735362474127774,8.997314397285461e-05,0.5913032525006668,8.997314397285461e-05,0.5913032525006668
43680.0,0.012469333333333332,5.690026227966882e-11,0.0,0.125,8.580349678426053e-12,1.1368683772161603e-12,5.690026227966882e-11,1.1937117960769683e-12,5.690026227966882e-11,0.5901289996994087,0.0,0.125,0.06159621571232915,8.966674761967663e-05,0.5901289996994087,8.966674761967663e-05,0.5901289996994087
43740.0,0.012468,5.7127635955112055e-11,0.0,0.125,8.61897982849739e-12,1.1937117960769683e-12,5.7127635955112055e-11,1.1937117960769683e-12,5.7127635955112055e-11,0.5889582049916662,0.0,0.125,0.06145747114725467,8.936152557559307e-05,0.5889582049916662,8.936152557559307e-05,0.5889582049916662
43800.0,0.012466666666666666,5.724132279283367e-11,0.0,0.125,8.64361453258431e-12,1.1937117960769683e-12,5.724132279283367e-11,1.1937117960769683e-12,5.724132279283367e-11,0.5877908568198165,0.0,0.125,0.06131912779995429,8.905747284881915e-05,0.5877908568198165,8.905747284881915e-05,0.5877908568198165
43860.0,0.012465333333333333,5.724132279283367e-11,0.0,0.125,8.646134231947399e-12,1.1937117960769683e-12,5.724132279283367e-11,1.2505552149377763e-12,5.724132279283367e-11,0.5866269436738988,0.0,0.125,0.061181184689924416,8.875458447943352e-05,0.5866269436738988,8.875458447943352e-05,0.5866269436738988
43920.0,0.012464,5.718447937397286e-11,0.0,0.125,8.620698014251953e-12,1.1368683772161603e-12,5.718447937397286e-11,1.1937117960769683e-12,5.718447937397286e-11,0.5854664540908789,0.0,0.125,0.061043640835383,8.845285553915616e-05,0.5854664540908789,8.845285553915616e-05,0.5854664540908789
43980.0,0.012462666666666667,5.724132279283367e-11,0.0,0.125,8.670551068512838e-12,1.1937117960769683e-12,5.724132279283367e-11,1.1937117960769683e-12,5.724132279283367e-11,0.5843093766539562,0.0,0.125,0.06090649525347613,8.815228112291074e-05,0.5843093766539562,8.815228112291074e-05,0.5843093766539562
44040.0,0.012461333333333333,5.724132279283367e-11,0.0,0.125,8.673281891495545e-12,1.1937117960769683e-12,5.724132279283367e-11,1.1937117960769683e-12,5.724132279283367e-11,0.5831556999918961,0.0,0.125,0.060769746960438846,8.785285635704021e-05,0.5831556999918961,8.785285635704021e-05,0.5831556999918961
44100.0,0.012459999999999999,5.724132279283367e-11,0.0,0.125,8.684849362455833e-12,1.1937117960769683e-12,5.724132279283367e-11,1.1937117960769683e-12,5.724132279283367e-11,0.5820054127784082,0.0,0.125,0.06063339497172565,8.755457639597619e-05,0.5820054127784082,8.755457639597619e-05,0.5820054127784082
44160.0,0.012458666666666667,5.729816621169448e-11,0.0,0.125,8.688207975692114e-12,1.1937117960769683e-12,5.729816621169448e-11,1.2505552149377763e-12,5.729816621169448e-11,0.5808585037315465,0.0,0.125,0.06049743830211881,8.725743641802008e-05,0.5808585037315465,8.725743641802008e-05,0.5808585037315465
44220.0,0.012457333333333332,5.729816621169448e-11,0.0,0.125,8.662292304257451e-12,1.1368683772161603e-12,5.729816621169448e-11,1.2505552149377763e-12,5.729816621169448e-11,0.5797149616131461,0.0,0.125,0.060361875965821064,8.696143163211545e-05,0.5797149616131461,8.696143163211545e-05,0.5797149616131461
44280.0,0.012456,5.724132279283367e-11,0.0,0.125,8.664833089163387e-12,1.1937117960769683e-12,5.724132279283367e-11,1.1937117960769683e-12,5.724132279283367e-11,0.5785747752282838,0.0,0.125,0.060226706976536704,8.666655727063155e-05,0.5785747752282838,8.666655727063155e-05,0.5785747752282838
44340.0,0.012454666666666666,5.724132279283367e-11,0.0,0.125,8.665092084930651e-12,1.1937117960769683e-12,5.724132279283367e-11,1.1937117960769683e-12,5.724132279283367e-11,0.5774379334247637,0.0,0.125,0.060091930347543294,8.637280859746799e-05,0.5774379334247637,8.637280859746799e-05,0.5774379334247637
44400.0,0.012453333333333334,5.724132279283367e-11,0.0,0.125,8.701669753094199e-12,1.1937117960769683e-12,5.724132279283367e-11,1.2505552149377763e-12,5.724132279283367e-11,0.5763044250926326,0.0,0.125,0.059957545091756395,8.608018089928393e-05,0.5763044250926326,8.608018089928393e-05,0.5763044250926326
44460.0,0.012452,5.735500963055529e-11,0.0,0.125,8.705407585928222e-12,1.1937117960769683e-12,5.735500963055529e-11,1.2505552149377763e-12,5.735500963055529e-11,0.5751742391637171,0.0,0.125,0.059823550221788764,8.578866948716346e-05,0.5751742391637171,8.578866948716346e-05,0.5751742391637171
44520.0,0.012450666666666667,5.729816621169448e-11,0.0,0.125,8.679926556232396e-12,1.1368683772161603e-12,5.729816621169448e-11,1.1937117960769683e-12,5.729816621169448e-11,0.5740473646111771,0.0,0.125,0.05968994475000455,8.549826970216667e-05,0.5740473646111771,8.549826970216667e-05,0.5740473646111771
44580.0,0.012449333333333333,5.724132279283367e-11,0.0,0.125,8.688057428409012e-12,1.1937117960769683e-12,5.724132279283367e-11,1.1937117960769683e-12,5.724132279283367e-11,0.5729237904490886,0.0,0.125,0.05955672768856994,8.520897690622586e-05,0.5729237904490886,8.520897690622586e-05,0.5729237904490886
44640.0,0.012447999999999999,5.724132279283367e-11,0.0,0.125,8.688273847775897e-12,1.1937117960769683e-12,5.724132279283367e-11,1.1937117960769683e-12,5.724132279283367e-11,0.5718035057320416,0.0,0.125,0.059423898049500365,8.492078648780765e-05,0.5718035057320416,8.492078648780765e-05,0.5718035057320416
44700.0,0.012446666666666667,5.724132279283367e-11,0.0,0.125,8.691753823318833e-12,1.1937117960769683e-12,5.724132279283367e-11,1.2505552149377763e-12,5.724132279283367e-11,0.5706864995547545,0.0,0.125,0.05929145484470502,8.463369386213504e-05,0.5706864995547545,8.463369386213504e-05,0.5706864995547545
44760.0,0.012445333333333333,5.729816621169448e-11,0.0,0.125,8.679188259553443e-12,1.1368683772161603e-12,5.729816621169448e-11,1.1937117960769683e-12,5.729816621169448e-11,0.569572761051712,0.0,0.125,0.05915939708602885,8.43476944677457e-05,0.569572761051712,8.43476944677457e-05,0.569572761051712
44820.0,0.012444,5.724132279283367e-11,0.0,0.125,8.694148427587436e-12,1.1368683772161603e-12,5.724132279283367e-11,1.1937117960769683e-12,5.724132279283367e-11,0.5684622793968129,0.0,0.125,0.059027723785292814,8.406278376726917e-05,0.5684622793968129,8.406278376726917e-05,0.5684622793968129
44880.0,0.012442666666666666,5.724132279283367e-11,0.0,0.125,8.696666028473509e-12,1.1937117960769683e-12,5.724132279283367e-11,1.1937117960769683e-12,5.724132279283367e-11,0.5673550438030385,0.0,0.125,0.05889643395433173,8.377895724731577e-05,0.5673550438030385,8.377895724731577e-05,0.5673550438030385
44940.0,0.012441333333333334,5.729816621169448e-11,0.0,0.125,8.708085304320173e-12,1.1937117960769683e-12,5.729816621169448e-11,1.1937117960769683e-12,5.729816621169448e-11,0.5662510435221298,0.0,0.125,0.058765526605031204,8.349621041947586e-05,0.5662510435221298,8.349621041947586e-05,0.5662510435221298
45000.0,0.01244,5.729816621169448e-11,0.0,0.125,8.711618516469958e-12,1.1937117960769683e-12,5.729816621169448e-11,1.2505552149377763e-12,5.729816621169448e-11,0.5651502678442853,0.0,0.125,0.058635000749362294,8.321453881687813e-05,0.5651502678442853,8.321453881687813e-05,0.5651502678442853
45060.0,0.012438666666666666,5.724132279283367e-11,0.0,0.125,8.691937196807039e-12,1.1368683772161603e-12,5.724132279283367e-11,1.1937117960769683e-12,5.724132279283367e-11,0.5640527060978582,0.0,0.125,0.05850485539941582,8.293393799785331e-05,0.5640527060978582,8.293393799785331e-05,0.5640527060978582
45120.0,0.012437333333333333,5.729816621169448e-11,0.0,0.125,8.700096986852823e-12,1.1368683772161603e-12,5.729816621169448e-11,1.1937117960769683e-12,5.729816621169448e-11,0.5629583476490853,0.0,0.125,0.05837508956743473,8.265440354104925e-05,0.5629583476490853,8.265440354104925e-05,0.5629583476490853
45180.0,0.012436,5.729816621169448e-11,0.0,0.125,8.707811671902366e-12,1.1937117960769683e-12,5.729816621169448e-11,1.1937117960769683e-12,5.729816621169448e-11,0.5618671819018056,0.0,0.125,0.058245702265845675,8.237593105298036e-05,0.5618671819018056,8.237593105298036e-05,0.5618671819018056
45240.0,0.012434666666666667,5.729816621169448e-11,0.0,0.125,8.70918714562138e-12,1.1937117960769683e-12,5.729816621169448e-11,1.1937117960769683e-12,5.729816621169448e-11,0.5607791982972024,0.0,0.125,0.05811669250728968,8.209851615981201e-05,0.5607791982972024,8.209851615981201e-05,0.5607791982972024
45300.0,0.012433333333333333,5.729816621169448e-11,0.0,0.125,8.710084939379733e-12,1.1937117960769683e-12,5.729816621169448e-11,1.1937117960769683e-12,5.729816621169448e-11,0.5596943863135495,0.0,0.125,0.057988059304651916,8.182215450935892e-05,0.5596943863135495,8.182215450935892e-05,0.5596943863135495
45360.0,0.012432,5.724132279283367e-11,0.0,0.125,8.68862963050994e-12,1.1368683772161603e-12,5.724132279283367e-11,1.2505552149377763e-12,5.724132279283367e-11,0.5586127354659697,0.0,0.125,0.05785980167109061,8.15468417731946e-05,0.5586127354659697,8.15468417731946e-05,0.5586127354659697
45420.0,0.012430666666666666,5.7411853049416095e-11,0.0,0.125,8.711560179769452e-12,1.1937117960769683e-12,5.7411853049416095e-11,1.2505552149377763e-12,5.7411853049416095e-11,0.5575342353061956,0.0,0.125,0.05773191862006527,8.127257364454188e-05,0.5575342353061956,8.127257364454188e-05,0.5575342353061956
45480.0,0.012429333333333332,5.74686964682769e-11,0.0,0.125,8.739830942188605e-12,1.1937117960769683e-12,5.74686964682769e-11,1.2505552149377763e-12,5.74686964682769e-11,0.5564588754223488,0.0,0.125,0.05760440916536406,8.099934583782886e-05,0.5564588754223488,8.099934583782886e-05,0.5564588754223488
45540.0,0.012428,5.74686964682769e-11,0.0,0.125,8.740506311935788e-12,1.1937117960769683e-12,5.74686964682769e-11,1.2505552149377763e-12,5.74686964682769e-11,0.5553866454387091,0.0,0.125,0.0574772723211307,8.072715409246367e-05,0.5553866454387091,8.072715409246367e-05,0.5553866454387091
45600.0,0.012426666666666666,5.74686964682769e-11,0.0,0.125,8.74089394313827e-12,1.1937117960769683e-12,5.74686964682769e-11,1.2505552149377763e-12,5.74686964682769e-11,0.5543175350155103,0.0,0.125,0.057350507101890824,8.04559941661731e-05,0.5543175350155103,8.04559941661731e-05,0.5543175350155103
45660.0,0.012425333333333333,5.758238330599852e-11,0.0,0.125,8.746613494885588e-12,1.1937117960769683e-12,5.758238330599852e-11,1.3073986337985843e-12,5.758238330599852e-11,0.5532515338487316,0.0,0.125,0.05722411252257746,8.018586183744514e-05,0.5532515338487316,8.018586183744514e-05,0.5532515338487316
45720.0,0.012424,5.74686964682769e-11,0.0,0.125,8.745793236734115e-12,1.1368683772161603e-12,5.74686964682769e-11,1.1937117960769683e-12,5.74686964682769e-11,0.5521886316698934,0.0,0.125,0.05709808759855649,7.991675290808242e-05,0.5521886316698934,7.991675290808242e-05,0.5521886316698934
45780.0,0.012422666666666667,5.752553988713771e-11,0.0,0.125,8.750990596945339e-12,1.1937117960769683e-12,5.752553988713771e-11,1.1937117960769683e-12,5.752553988713771e-11,0.5511288182458679,0.0,0.125,0.056972431345651026,7.964866319809527e-05,0.5511288182458679,7.964866319809527e-05,0.5511288182458679
45840.0,0.012421333333333333,5.752553988713771e-11,0.0,0.125,8.751367810943738e-12,1.1937117960769683e-12,5.752553988713771e-11,1.1937117960769683e-12,5.752553988713771e-11,0.5500720833786858,0.0,0.125,0.056847142780165914,7.93815885519189e-05,0.5500720833786858,7.93815885519189e-05,0.5500720833786858
45900.0,0.01242,5.752553988713771e-11,0.0,0.125,8.76825066737461e-12,1.1937117960769683e-12,5.752553988713771e-11,1.1937117960769683e-12,5.752553988713771e-11,0.5490184169053568,0.0,0.125,0.05672222091891128,7.911552483186313e-05,0.5490184169053568,7.911552483186313e-05,0.5490184169053568
45960.0,0.012418666666666666,5.752553988713771e-11,0.0,0.125,8.770518120478993e-12,1.1937117960769683e-12,5.752553988713771e-11,1.2505552149377763e-12,5.752553988713771e-11,0.547967808697692,0.0,0.125,0.05659766477922613,7.885046792255324e-05,0.547967808697692,7.885046792255324e-05,0.547967808697692
46020.0,0.012417333333333332,5.74686964682769e-11,0.0,0.125,8.755500053928561e-12,1.1368683772161603e-12,5.74686964682769e-11,1.1937117960769683e-12,5.74686964682769e-11,0.5469202486621298,0.0,0.125,0.05647347337900107,7.858641372748831e-05,0.5469202486621298,7.858641372748831e-05,0.5469202486621298
46080.0,0.012416,5.74686964682769e-11,0.0,0.125,8.756642690918342e-12,1.1368683772161603e-12,5.74686964682769e-11,1.1937117960769683e-12,5.74686964682769e-11,0.5458757267395713,0.0,0.125,0.0563496457367013,7.832335816915226e-05,0.5458757267395713,7.832335816915226e-05,0.5458757267395713
46140.0,0.012414666666666666,5.74686964682769e-11,0.0,0.125,8.758350688102338e-12,1.1937117960769683e-12,5.74686964682769e-11,1.1937117960769683e-12,5.74686964682769e-11,0.5448342329052105,0.0,0.125,0.0562261808713884,7.80612971931216e-05,0.5448342329052105,7.80612971931216e-05,0.5448342329052105
46200.0,0.012413333333333334,5.74686964682769e-11,0.0,0.125,8.758677603312327e-12,1.1937117960769683e-12,5.74686964682769e-11,1.1937117960769683e-12,5.74686964682769e-11,0.5437957571683856,0.0,0.125,0.0561030778027427,7.780022676118215e-05,0.5437957571683856,7.780022676118215e-05,0.5437957571683856
46260.0,0.012412,5.752553988713771e-11,0.0,0.125,8.769261188880614e-12,1.1937117960769683e-12,5.752553988713771e-11,1.1937117960769683e-12,5.752553988713771e-11,0.5427602895724201,0.0,0.125,0.055980335551084504,7.754014285776822e-05,0.5427602895724201,7.754014285776822e-05,0.5427602895724201
46320.0,0.012410666666666667,5.752553988713771e-11,0.0,0.125,8.766370850777385e-12,1.1368683772161603e-12,5.752553988713771e-11,1.1937117960769683e-12,5.752553988713771e-11,0.5417278201944736,0.0,0.125,0.055857953137395645,7.728104148374548e-05,0.5417278201944736,7.728104148374548e-05,0.5417278201944736
46380.0,0.012409333333333333,5.752553988713771e-11,0.0,0.125,8.76709033074127e-12,1.1368683772161603e-12,5.752553988713771e-11,1.1937117960769683e-12,5.752553988713771e-11,0.5406983391453971,0.0,0.125,0.0557359295833403,7.702291866262811e-05,0.5406983391453971,7.702291866262811e-05,0.5406983391453971
46440.0,0.012407999999999999,5.763922672485933e-11,0.0,0.125,8.778434598511413e-12,1.1937117960769683e-12,5.763922672485933e-11,1.1937117960769683e-12,5.763922672485933e-11,0.5396718365695916,0.0,0.125,0.05561426391128588,7.676577043369548e-05,0.5396718365695916,7.676577043369548e-05,0.5396718365695916
46500.0,0.012406666666666667,5.758238330599852e-11,0.0,0.125,8.782929473497132e-12,1.1937117960769683e-12,5.758238330599852e-11,1.1937117960769683e-12,5.758238330599852e-11,0.53864830264487,0.0,0.125,0.05549295514432317,7.650959285820935e-05,0.53864830264487,7.650959285820935e-05,0.53864830264487
46560.0,0.012405333333333332,5.758238330599852e-11,0.0,0.125,8.783478381152839e-12,1.1937117960769683e-12,5.758238330599852e-11,1.1937117960769683e-12,5.758238330599852e-11,0.5376277275823225,0.0,0.125,0.055372002306286694,7.625438201375179e-05,0.5376277275823225,7.625438201375179e-05,0.5376277275823225
46620.0,0.012404,5.763922672485933e-11,0.0,0.125,8.797024548399841e-12,1.1937117960769683e-12,5.763922672485933e-11,1.3073986337985843e-12,5.763922672485933e-11,0.536610101626185,0.0,0.125,0.05525140442177456,7.600013399677863e-05,0.536610101626185,7.600013399677863e-05,0.536610101626185
46680.0,0.012402666666666666,5.763922672485933e-11,0.0,0.125,8.813484462263757e-12,1.1368683772161603e-12,5.763922672485933e-11,1.2505552149377763e-12,5.763922672485933e-11,0.535595415053711,0.0,0.125,0.055131160516168065,7.574684492717143e-05,0.535595415053711,7.574684492717143e-05,0.535595415053711
46740.0,0.012401333333333334,5.763922672485933e-11,0.0,0.125,8.813796365410188e-12,1.1368683772161603e-12,5.763922672485933e-11,1.2505552149377763e-12,5.763922672485933e-11,0.5345836581750518,0.0,0.125,0.05501126961565112,7.549451093513682e-05,0.5345836581750518,7.549451093513682e-05,0.5345836581750518
46800.0,0.0124,5.7696070143720135e-11,0.0,0.125,8.817040603210426e-12,1.1937117960769683e-12,5.7696070143720135e-11,1.2505552149377763e-12,5.7696070143720135e-11,0.533574821333126,0.0,0.125,0.05489173074722936,7.52431281757504e-05,0.533574821333126,7.52431281757504e-05,0.533574821333126
46860.0,0.012398666666666665,5.7696070143720135e-11,0.0,0.125,8.839701542800096e-12,1.1937117960769683e-12,5.7696070143720135e-11,1.2505552149377763e-12,5.7696070143720135e-11,0.532568894903506,0.0,0.125,0.0547725429387491,7.499269281863175e-05,0.532568894903506,7.499269281863175e-05,0.532568894903506
46920.0,0.012397333333333333,5.763922672485933e-11,0.0,0.125,8.840173767403632e-12,1.1937117960769683e-12,5.763922672485933e-11,1.2505552149377763e-12,5.763922672485933e-11,0.5315658692942978,0.0,0.125,0.05465370521891602,7.474320105405052e-05,0.5315658692942978,7.474320105405052e-05,0.5315658692942978
46980.0,0.012395999999999999,5.763922672485933e-11,0.0,0.125,8.816449483680259e-12,1.1368683772161603e-12,5.763922672485933e-11,1.1368683772161603e-12,5.763922672485933e-11,0.5305657349460302,0.0,0.125,0.05453521661731365,7.449464908648729e-05,0.5305657349460302,7.449464908648729e-05,0.5305657349460302
47040.0,0.012394666666666667,5.763922672485933e-11,0.0001595253802894906,0.125,8.82192609225386e-12,1.1368683772161603e-12,5.763922672485933e-11,1.1368683772161603e-12,5.763922672485933e-11,0.5295684823315369,0.0,0.125,0.05441707616442162,7.424703314162784e-05,0.5295684823315369,7.424703314162784e-05,0.5295684823315369
47100.0,0.012393333333333333,5.763922672485933e-11,0.00015950821964186908,0.125,8.863174890266237e-12,1.1368683772161603e-12,5.763922672485933e-11,1.1937117960769683e-12,5.763922672485933e-11,0.528574101955849,0.0,0.125,0.05429928289163354,7.400034946236644e-05,0.528574101955849,7.400034946236644e-05,0.528574101955849
47160.0,0.012392,5.775291356258094e-11,0.0,0.125,8.896248574937935e-12,1.1937117960769683e-12,5.775291356258094e-11,1.1937117960769683e-12,5.775291356258094e-11,0.5275825843560875,0.0,0.125,0.0541818358312752,7.375459430714049e-05,0.5275825843560875,7.375459430714049e-05,0.5275825843560875
47220.0,0.012390666666666666,5.7696070143720135e-11,0.0,0.125,8.898953484763365e-12,1.1937117960769683e-12,5.7696070143720135e-11,1.1937117960769683e-12,5.7696070143720135e-11,0.5265939201013508,0.0,0.125,0.054064734016621936,7.35097639540383e-05,0.5265939201013508,7.35097639540383e-05,0.5265939201013508
47280.0,0.012389333333333332,5.7696070143720135e-11,0.0,0.125,8.90201951031565e-12,1.1937117960769683e-12,5.7696070143720135e-11,1.1937117960769683e-12,5.7696070143720135e-11,0.5256080997926155,0.0,0.125,0.053947976481915995,7.326585469613622e-05,0.5256080997926155,7.326585469613622e-05,0.5256080997926155
47340.0,0.012388,5.763922672485933e-11,0.0,0.125,8.879184958685962e-12,1.1368683772161603e-12,5.763922672485933e-11,1.1368683772161603e-12,5.763922672485933e-11,0.5246251140626255,0.0,0.125,0.05383156226238386,7.302286284749382e-05,0.5246251140626255,7.302286284749382e-05,0.5246251140626255
47400.0,0.012386666666666666,5.763922672485933e-11,0.0,0.125,8.879463417956844e-12,1.1368683772161603e-12,5.763922672485933e-11,1.1368683772161603e-12,5.763922672485933e-11,0.5236449535757961,0.0,0.125,0.053715490394253475,7.278078473493821e-05,0.5236449535757961,7.278078473493821e-05,0.5236449535757961
47460.0,0.012385333333333333,5.792344381916337e-11,0.0,0.125,8.91313614472545e-12,1.1368683772161603e-12,5.792344381916337e-11,1.1368683772161603e-12,5.792344381916337e-11,0.5226676090281059,0.0,0.125,0.05359975991477079,7.25396167031711e-05,0.5226676090281059,7.25396167031711e-05,0.5226676090281059
47520.0,0.012384,5.792344381916337e-11,0.0,0.125,8.923656852929629e-12,1.1937117960769683e-12,5.792344381916337e-11,1.1937117960769683e-12,5.792344381916337e-11,0.5216930711469991,0.0,0.125,0.05348436986221645,7.229935511554597e-05,0.5216930711469991,7.229935511554597e-05,0.5216930711469991
47580.0,0.012382666666666667,5.792344381916337e-11,0.0,0.125,8.928967746056824e-12,1.1937117960769683e-12,5.792344381916337e-11,1.1937117960769683e-12,5.792344381916337e-11,0.5207213306912855,0.0,0.125,0.0533693192759225,7.205999635040428e-05,0.5207213306912855,7.205999635040428e-05,0.5207213306912855
47640.0,0.012381333333333333,5.786660040030256e-11,0.0,0.125,8.946081354110395e-12,1.1937117960769683e-12,5.786660040030256e-11,1.1937117960769683e-12,5.786660040030256e-11,0.5197523784510399,0.0,0.125,0.053254607196288495,7.182153680540537e-05,0.5197523784510399,7.182153680540537e-05,0.5197523784510399
47700.0,0.012379999999999999,5.786660040030256e-11,0.0,0.125,8.922996735960032e-12,1.1368683772161603e-12,5.786660040030256e-11,1.1368683772161603e-12,5.786660040030256e-11,0.5187862052475044,0.0,0.125,0.053140232664797574,7.15839728910872e-05,0.5187862052475044,7.15839728910872e-05,0.5187862052475044
47760.0,0.012378666666666666,5.780975698144175e-11,0.0,0.125,8.922996735960032e-12,1.1368683772161603e-12,5.780975698144175e-11,1.1368683772161603e-12,5.780975698144175e-11,0.5178228019329907,0.0,0.125,0.053026194724032465,7.134730103652842e-05,0.5178228019329907,7.134730103652842e-05,0.5178228019329907
47820.0,0.012377333333333332,5.780975698144175e-11,0.0,0.125,8.92758821347272e-12,1.1368683772161603e-12,5.780975698144175e-11,1.1937117960769683e-12,5.780975698144175e-11,0.5168621593907837,0.0,0.125,0.05291249241769128,7.11115176862398e-05,0.5168621593907837,7.11115176862398e-05,0.5168621593907837
47880.0,0.012376,5.780975698144175e-11,0.0,0.125,8.930526332689181e-12,1.1937117960769683e-12,5.780975698144175e-11,1.1937117960769683e-12,5.780975698144175e-11,0.5159042685350423,0.0,0.125,0.05279912479060284,7.087661930105238e-05,0.5159042685350423,7.087661930105238e-05,0.5159042685350423
47940.0,0.012374666666666666,5.786660040030256e-11,0.0,0.125,8.932241959373076e-12,1.1937117960769683e-12,5.786660040030256e-11,1.1937117960769683e-12,5.786660040030256e-11,0.5149491203107055,0.0,0.125,0.0526860908887424,7.064260235956077e-05,0.5149491203107055,7.064260235956077e-05,0.5149491203107055
48000.0,0.012373333333333333,5.780975698144175e-11,0.0,0.125,8.935197525062744e-12,1.1937117960769683e-12,5.780975698144175e-11,1.1937117960769683e-12,5.780975698144175e-11,0.5139967056933936,0.0,0.125,0.05257338975924667,7.040946335434839e-05,0.5139967056933936,7.040946335434839e-05,0.5139967056933936
48060.0,0.012372,5.786660040030256e-11,0.0,0.125,8.92497536987234e-12,1.1368683772161603e-12,5.786660040030256e-11,1.1368683772161603e-12,5.786660040030256e-11,0.5130470156893171,0.0,0.125,0.052461020450428913,7.017719879287565e-05,0.5130470156893171,7.017719879287565e-05,0.5130470156893171
48120.0,0.012370666666666667,5.786660040030256e-11,0.0,0.125,8.934938769720152e-12,1.1368683772161603e-12,5.786660040030256e-11,1.1368683772161603e-12,5.786660040030256e-11,0.5121000413351767,0.0,0.125,0.0523489820117938,6.994580520081062e-05,0.5121000413351767,6.994580520081062e-05,0.5121000413351767
48180.0,0.012369333333333333,5.792344381916337e-11,0.0,0.125,8.963649203297498e-12,1.1368683772161603e-12,5.792344381916337e-11,1.1368683772161603e-12,5.792344381916337e-11,0.5111557736980694,0.0,0.125,0.0522372734940522,6.97152791164779e-05,0.5111557736980694,6.97152791164779e-05,0.5111557736980694
48240.0,0.012367999999999999,5.792344381916337e-11,0.0,0.125,8.966983932364843e-12,1.1937117960769683e-12,5.792344381916337e-11,1.1937117960769683e-12,5.792344381916337e-11,0.5102142038753908,0.0,0.125,0.05212589394913576,6.948561709896328e-05,0.5102142038753908,6.948561709896328e-05,0.5102142038753908
48300.0,0.012366666666666666,5.786660040030256e-11,0.0,0.125,8.967706705635624e-12,1.1937117960769683e-12,5.786660040030256e-11,1.1937117960769683e-12,5.786660040030256e-11,0.5092753229947485,0.0,0.125,0.05201484243021116,6.925681571523512e-05,0.5092753229947485,6.925681571523512e-05,0.5092753229947485
48360.0,0.012365333333333332,5.786660040030256e-11,0.0,0.125,8.96788153995393e-12,1.1937117960769683e-12,5.786660040030256e-11,1.1937117960769683e-12,5.786660040030256e-11,0.5083391222138544,0.0,0.125,0.05190411799169445,6.902887155668669e-05,0.5083391222138544,6.902887155668669e-05,0.5083391222138544
48420.0,0.012364,5.7980287238024175e-11,0.0,0.125,8.946704126546355e-12,1.1368683772161603e-12,5.7980287238024175e-11,1.1368683772161603e-12,5.7980287238024175e-11,0.507405592720441,0.0,0.125,0.051793719689265064,6.880178122248282e-05,0.507405592720441,6.880178122248282e-05,0.507405592720441
48480.0,0.012362666666666666,5.792344381916337e-11,0.0,0.125,8.947211601838612e-12,1.1368683772161603e-12,5.792344381916337e-11,1.1368683772161603e-12,5.792344381916337e-11,0.5064747257321583,0.0,0.125,0.05168364657987975,6.857554133044008e-05,0.5064747257321583,6.857554133044008e-05,0.5064747257321583
48540.0,0.012361333333333334,5.792344381916337e-11,0.0,0.125,8.94802557290144e-12,1.1368683772161603e-12,5.792344381916337e-11,1.1368683772161603e-12,5.792344381916337e-11,0.505546512496485,0.0,0.125,0.0515738977217863,6.83501485114757e-05,0.505546512496485,6.83501485114757e-05,0.505546512496485
48600.0,0.01236,5.792344381916337e-11,0.0,0.125,8.951173513981006e-12,1.1368683772161603e-12,5.792344381916337e-11,1.1937117960769683e-12,5.792344381916337e-11,0.5046209442906271,0.0,0.125,0.05146447217453715,6.812559941482554e-05,0.5046209442906271,6.812559941482554e-05,0.5046209442906271
48660.0,0.012359,5.792344381916337e-11,0.0,0.125,8.958335939962481e-12,1.1937117960769683e-12,5.792344381916337e-11,1.1937117960769683e-12,5.792344381916337e-11,0.5036980415977999,0.0,0.125,0.05135537225850289,6.790189671634916e-05,0.5036980415977999,6.790189671634916e-05,0.5036980415977999
48720.0,0.012358,5.792344381916337e-11,0.0,0.125,8.959001440908082e-12,1.1937117960769683e-12,5.792344381916337e-11,1.1937117960769683e-12,5.792344381916337e-11,0.5027778244921409,0.0,0.125,0.05124660031320115,6.767904301852035e-05,0.5027778244921409,6.767904301852035e-05,0.5027778244921409
48780.0,0.012357,5.792344381916337e-11,0.0,0.125,8.941588667069347e-12,1.1937117960769683e-12,5.792344381916337e-11,1.1937117960769683e-12,5.792344381916337e-11,0.5018602836892597,0.0,0.125,0.0511381554036033,6.745703487553989e-05,0.5018602836892597,6.745703487553989e-05,0.5018602836892597
48840.0,0.012355999999999999,5.786660040030256e-11,0.0,0.125,8.9386309900257e-12,1.1368683772161603e-12,5.786660040030256e-11,1.1368683772161603e-12,5.786660040030256e-11,0.5009454099441266,0.0,0.125,0.05103003657579587,6.72358688610375e-05,0.5009454099441266,6.72358688610375e-05,0.5009454099441266
48900.0,0.012355,5.7980287238024175e-11,0.0,0.125,8.978572041264561e-12,1.1368683772161603e-12,5.7980287238024175e-11,1.1368683772161603e-12,5.7980287238024175e-11,0.5000331940506682,0.0,0.125,0.05092224286605309,6.701554156052225e-05,0.5000331940506682,6.701554156052225e-05,0.5000331940506682
48960.0,0.012354,5.7980287238024175e-11,0.0,0.125,8.99128682483711e-12,1.1368683772161603e-12,5.7980287238024175e-11,1.1368683772161603e-12,5.7980287238024175e-11,0.49912362684136863,0.0,0.125,0.05081477330534294,6.679604957826601e-05,0.49912362684136863,6.679604957826601e-05,0.49912362684136863
49020.0,0.012353,5.7980287238024175e-11,0.0,0.125,8.992482670200629e-12,1.1937117960769683e-12,5.7980287238024175e-11,1.1937117960769683e-12,5.7980287238024175e-11,0.49821669918688427,0.0,0.125,0.05070762692177344,6.657738953264047e-05,0.49821669918688427,6.657738953264047e-05,0.49821669918688427
49080.0,0.012352,5.7980287238024175e-11,0.0,0.125,8.99353078493161e-12,1.1937117960769683e-12,5.7980287238024175e-11,1.1937117960769683e-12,5.7980287238024175e-11,0.4973124019956716,0.0,0.125,0.05060080274202157,6.635955805556204e-05,0.4973124019956716,6.635955805556204e-05,0.4973124019956716
49140.0,0.012350999999999999,5.792344381916337e-11,0.0,0.125,8.9677351820264e-12,1.1368683772161603e-12,5.792344381916337e-11,1.1368683772161603e-12,5.792344381916337e-11,0.4964107262136198,0.0,0.125,0.05049429979221935,6.614255179648865e-05,0.4964107262136198,6.614255179648865e-05,0.4964107262136198
49200.0,0.01235,5.792344381916337e-11,0.0,0.125,8.972322032310027e-12,1.1368683772161603e-12,5.792344381916337e-11,1.1368683772161603e-12,5.792344381916337e-11,0.4955116628237019,0.0,0.125,0.050388117098533,6.592636742042135e-05,0.4955116628237019,6.592636742042135e-05,0.4955116628237019
49260.0,0.012349,5.792344381916337e-11,0.0,0.125,8.978120012259442e-12,1.1368683772161603e-12,5.792344381916337e-11,1.1368683772161603e-12,5.792344381916337e-11,0.49461520284563854,0.0,0.125,0.050282253687558676,6.57110016027973e-05,0.49461520284563854,6.57110016027973e-05,0.49461520284563854
49320.0,0.012348,5.7980287238024175e-11,0.0,0.125,8.98241559597251e-12,1.1368683772161603e-12,5.7980287238024175e-11,1.1368683772161603e-12,5.7980287238024175e-11,0.4937213373355567,0.0,0.125,0.0501767085866041,6.549645103948176e-05,0.4937213373355567,6.549645103948176e-05,0.4937213373355567
49380.0,0.012347,5.7980287238024175e-11,0.0,0.125,8.983574655820262e-12,1.1937117960769683e-12,5.7980287238024175e-11,1.1937117960769683e-12,5.7980287238024175e-11,0.49283005738568303,0.0,0.125,0.05007148082389608,6.528271243899653e-05,0.49283005738568303,6.528271243899653e-05,0.49283005738568303
49440.0,0.012346,5.7980287238024175e-11,0.0,0.125,8.984578326125693e-12,1.1937117960769683e-12,5.7980287238024175e-11,1.1937117960769683e-12,5.7980287238024175e-11,0.49194135412402573,0.0,0.125,0.04996656942873859,6.506978252340812e-05,0.49194135412402573,6.506978252340812e-05,0.49194135412402573
49500.0,0.012345,5.803713065688498e-11,0.0,0.125,8.961952520315209e-12,1.1937117960769683e-12,5.803713065688498e-11,1.1937117960769683e-12,5.803713065688498e-11,0.49105521871407787,0.0,0.125,0.04986197343163623,6.485765803021515e-05,0.49105521871407787,6.485765803021515e-05,0.49105521871407787
49560.0,0.012344,5.809397407574579e-11,0.0,0.125,8.997165114490293e-12,1.1937117960769683e-12,5.809397407574579e-11,1.1937117960769683e-12,5.809397407574579e-11,0.49017164235452604,0.0,0.125,0.049757691864393765,6.46463357121263e-05,0.49017164235452604,6.46463357121263e-05,0.49017164235452604
49620.0,0.012343,5.81508174946066e-11,0.0,0.125,8.998515794864823e-12,1.1937117960769683e-12,5.81508174946066e-11,1.1937117960769683e-12,5.81508174946066e-11,0.48929061627897025,0.0,0.125,0.049653723760197596,6.443581233517293e-05,0.48929061627897025,6.443581233517293e-05,0.48929061627897025
49680.0,0.012342,5.81508174946066e-11,0.0,0.125,9.009394895178902e-12,1.1937117960769683e-12,5.81508174946066e-11,1.1937117960769683e-12,5.81508174946066e-11,0.4884121317556468,0.0,0.125,0.04955006815368403,6.422608468070745e-05,0.4884121317556468,6.422608468070745e-05,0.4884121317556468
49740.0,0.012341,5.809397407574579e-11,0.0,0.125,9.013100127855924e-12,1.1937117960769683e-12,5.809397407574579e-11,1.1937117960769683e-12,5.809397407574579e-11,0.48753618008716476,0.0,0.125,0.04944672408099767,6.40171495449593e-05,0.48753618008716476,6.40171495449593e-05,0.48753618008716476
49800.0,0.01234,5.81508174946066e-11,0.0,0.125,9.017041077133138e-12,1.1937117960769683e-12,5.81508174946066e-11,1.1937117960769683e-12,5.81508174946066e-11,0.486662752610253,0.0,0.125,0.0493436905798414,6.380900373270659e-05,0.486662752610253,6.380900373270659e-05,0.486662752610253
49860.0,0.012339000000000001,5.809397407574579e-11,0.0,0.125,8.996230606265526e-12,1.1937117960769683e-12,5.809397407574579e-11,1.1937117960769683e-12,5.809397407574579e-11,0.4857918406954971,0.0,0.125,0.04924096668952076,6.360164407337443e-05,0.4857918406954971,6.360164407337443e-05,0.4857918406954971
49920.0,0.012338,5.820766091346741e-11,0.0,0.125,9.021017755538285e-12,1.1368683772161603e-12,5.820766091346741e-11,1.1368683772161603e-12,5.820766091346741e-11,0.48492343574710983,0.0,0.125,0.04913855145098284,6.339506739960754e-05,0.48492343574710983,6.339506739960754e-05,0.48492343574710983
49980.0,0.012337,5.81508174946066e-11,0.0,0.125,9.039473860245437e-12,1.1368683772161603e-12,5.81508174946066e-11,1.1368683772161603e-12,5.81508174946066e-11,0.48405752920268424,0.0,0.125,0.04903644390685116,6.318927056381263e-05,0.48405752920268424,6.318927056381263e-05,0.48405752920268424
50040.0,0.012336,5.81508174946066e-11,0.0,0.125,9.051270818403543e-12,1.1368683772161603e-12,5.81508174946066e-11,1.1368683772161603e-12,5.81508174946066e-11,0.4831941125329675,0.0,0.125,0.04893464310145729,6.298425043027578e-05,0.4831941125329675,6.298425043027578e-05,0.4831941125329675
50100.0,0.012335,5.81508174946066e-11,0.0,0.125,9.082580293547044e-12,1.1937117960769683e-12,5.81508174946066e-11,1.1937117960769683e-12,5.81508174946066e-11,0.48233317724163227,0.0,0.125,0.04883314808086928,6.278000388038052e-05,0.48233317724163227,6.278000388038052e-05,0.48233317724163227
50160.0,0.012334000000000001,5.81508174946066e-11,0.0,0.125,9.087052941711973e-12,1.1937117960769683e-12,5.81508174946066e-11,1.1937117960769683e-12,5.81508174946066e-11,0.48147471486506094,0.0,0.125,0.04873195789291806,6.257652780417011e-05,0.48147471486506094,6.257652780417011e-05,0.48147471486506094
50220.0,0.012333,5.81508174946066e-11,0.0,0.125,9.102601936955828e-12,1.1937117960769683e-12,5.81508174946066e-11,1.1937117960769683e-12,5.81508174946066e-11,0.48061871697212766,0.0,0.125,0.04863107158722117,6.237381910767503e-05,0.48061871697212766,6.237381910767503e-05,0.48061871697212766
50280.0,0.012332000000000001,5.809397407574579e-11,0.0,0.125,9.083925825964177e-12,1.1368683772161603e-12,5.809397407574579e-11,1.1368683772161603e-12,5.809397407574579e-11,0.4797651751639904,0.0,0.125,0.0485304882152053,6.21718747115807e-05,0.4797651751639904,6.21718747115807e-05,0.4797651751639904
50340.0,0.012331,5.81508174946066e-11,0.0,0.125,9.085021347037593e-12,1.1368683772161603e-12,5.81508174946066e-11,1.1368683772161603e-12,5.81508174946066e-11,0.47891408107388866,0.0,0.125,0.048430206830126686,6.197069154723067e-05,0.47891408107388866,6.197069154723067e-05,0.47891408107388866
50400.0,0.01233,5.81508174946066e-11,0.0,0.125,9.097337168073335e-12,1.1368683772161603e-12,5.81508174946066e-11,1.1368683772161603e-12,5.81508174946066e-11,0.4780654263669376,0.0,0.125,0.04833022648709043,6.177026656217777e-05,0.4780654263669376,6.177026656217777e-05,0.4780654263669376
50460.0,0.012328666666666667,5.809397407574579e-11,0.0,0.125,9.097850890549229e-12,1.1368683772161603e-12,5.809397407574579e-11,1.1368683772161603e-12,5.809397407574579e-11,0.4772191760066626,0.0,0.125,0.048230543242088204,6.157059133049536e-05,0.4772191760066626,6.157059133049536e-05,0.4772191760066626
50520.0,0.012327333333333334,5.809397407574579e-11,0.0,0.125,9.104140781076643e-12,1.1937117960769683e-12,5.809397407574579e-11,1.1937117960769683e-12,5.809397407574579e-11,0.4763752953807285,0.0,0.125,0.048131153136109384,6.137165752551077e-05,0.4763752953807285,6.137165752551077e-05,0.4763752953807285
50580.0,0.012326,5.81508174946066e-11,0.0,0.125,9.12787198836486e-12,1.1937117960769683e-12,5.81508174946066e-11,1.1937117960769683e-12,5.81508174946066e-11,0.47553377683120873,0.0,0.125,0.048032055226624376,6.117346225198439e-05,0.47553377683120873,6.117346225198439e-05,0.47553377683120873
50640.0,0.012324666666666668,5.809397407574579e-11,0.0,0.125,9.128909289981465e-12,1.1937117960769683e-12,5.809397407574579e-11,1.1937117960769683e-12,5.809397407574579e-11,0.4746946127228149,0.0,0.125,0.04793324859133774,6.097600262822134e-05,0.4746946127228149,6.097600262822134e-05,0.4746946127228149
50700.0,0.012323333333333334,5.803713065688498e-11,0.0,0.125,9.109370737626121e-12,1.1368683772161603e-12,5.803713065688498e-11,1.1368683772161603e-12,5.803713065688498e-11,0.4738577954429438,0.0,0.125,0.047834732320431776,6.077927578218567e-05,0.4738577954429438,6.077927578218567e-05,0.4738577954429438
50760.0,0.012322000000000001,5.809397407574579e-11,0.0,0.125,9.118824745727347e-12,1.1368683772161603e-12,5.809397407574579e-11,1.1368683772161603e-12,5.809397407574579e-11,0.47302331740171905,0.0,0.125,0.047736505512534576,6.058327885649639e-05,0.47302331740171905,6.058327885649639e-05,0.47302331740171905
50820.0,0.012320666666666667,5.809397407574579e-11,0.0,0.125,9.12152316219592e-12,1.1368683772161603e-12,5.809397407574579e-11,1.1368683772161603e-12,5.809397407574579e-11,0.4721911710320322,0.0,0.125,0.04763856727245813,6.0388009003542464e-05,0.4721911710320322,6.0388009003542464e-05,0.4721911710320322
50880.0,0.012319333333333333,5.803713065688498e-11,0.0,0.125,9.122290398764059e-12,1.1368683772161603e-12,5.803713065688498e-11,1.1368683772161603e-12,5.803713065688498e-11,0.47136134878957675,0.0,0.125,0.04754091670984796,6.0193463388369395e-05,0.47136134878957675,6.0193463388369395e-05,0.47136134878957675
50940.0,0.012318,5.809397407574579e-11,0.0,0.125,9.125806129086786e-12,1.1368683772161603e-12,5.809397407574579e-11,1.1368683772161603e-12,5.809397407574579e-11,0.4705338431528855,0.0,0.125,0.047443552938335756,5.99996391890123e-05,0.4705338431528855,5.99996391890123e-05,0.4705338431528855
51000.0,0.012316666666666667,5.81508174946066e-11,0.0,0.125,9.184355056210882e-12,1.1937117960769683e-12,5.81508174946066e-11,1.1937117960769683e-12,5.81508174946066e-11,0.4697086466233559,0.0,0.125,0.04734647507498401,5.98065335924991e-05,0.4697086466233559,5.98065335924991e-05,0.4697086466233559
51060.0,0.012315333333333334,5.826450433232822e-11,0.0,0.125,9.195599245001015e-12,1.1937117960769683e-12,5.826450433232822e-11,1.1937117960769683e-12,5.826450433232822e-11,0.46888575172527963,0.0,0.125,0.04724968223990825,5.961414379795915e-05,0.46888575172527963,5.961414379795915e-05,0.46888575172527963
51120.0,0.012314,5.826450433232822e-11,0.0,0.125,9.196824045764951e-12,1.1937117960769683e-12,5.826450433232822e-11,1.1937117960769683e-12,5.826450433232822e-11,0.4680651510058568,0.0,0.125,0.04715317355601242,5.942246701717835e-05,0.4680651510058568,5.942246701717835e-05,0.4680651510058568
51180.0,0.012312666666666668,5.832134775118902e-11,0.0,0.125,9.177857829319002e-12,1.1368683772161603e-12,5.832134775118902e-11,1.1368683772161603e-12,5.832134775118902e-11,0.46724683703521663,0.0,0.125,0.04705694814879779,5.923150047404402e-05,0.46724683703521663,5.923150047404402e-05,0.46724683703521663
51240.0,0.012311333333333334,5.832134775118902e-11,0.0,0.125,9.181145497344642e-12,1.1368683772161603e-12,5.832134775118902e-11,1.1368683772161603e-12,5.832134775118902e-11,0.466430802406432,0.0,0.125,0.04696100514622183,5.9041241399548916e-05,0.466430802406432,5.9041241399548916e-05,0.466430802406432
51300.0,0.012310000000000001,5.832134775118902e-11,0.0,0.125,9.183315775991838e-12,1.1368683772161603e-12,5.832134775118902e-11,1.1368683772161603e-12,5.832134775118902e-11,0.4656170397355154,0.0,0.125,0.046865343678591805,5.885168704145016e-05,0.4656170397355154,5.885168704145016e-05,0.4656170397355154
51360.0,0.012308666666666667,5.837819117004983e-11,0.0,0.125,9.19632008220595e-12,1.1368683772161603e-12,5.837819117004983e-11,1.1368683772161603e-12,5.837819117004983e-11,0.4648055416614345,0.0,0.125,0.046769962878482695,5.866283465627564e-05,0.4648055416614345,5.866283465627564e-05,0.4648055416614345
51420.0,0.012307333333333333,5.843503458891064e-11,0.0,0.125,9.200283925938812e-12,1.1368683772161603e-12,5.843503458891064e-11,1.1368683772161603e-12,5.843503458891064e-11,0.4639963008461055,0.0,0.125,0.04667486188067331,5.847468151021218e-05,0.4639963008461055,5.847468151021218e-05,0.4639963008461055
51480.0,0.012306000000000001,5.837819117004983e-11,0.0,0.125,9.2111443923338e-12,1.1937117960769683e-12,5.837819117004983e-11,1.1937117960769683e-12,5.837819117004983e-11,0.46318930997439084,0.0,0.125,0.0465800398220955,5.8287224882436206e-05,0.46318930997439084,5.8287224882436206e-05,0.46318930997439084
51540.0,0.012304666666666667,5.843503458891064e-11,0.0,0.125,9.216545657634511e-12,1.1937117960769683e-12,5.843503458891064e-11,1.1937117960769683e-12,5.843503458891064e-11,0.46238456175408865,0.0,0.125,0.04648549584179346,5.810046206344843e-05,0.46238456175408865,5.810046206344843e-05,0.46238456175408865
51600.0,0.012303333333333335,5.843503458891064e-11,0.0,0.125,9.217729114671041e-12,1.1937117960769683e-12,5.843503458891064e-11,1.1937117960769683e-12,5.843503458891064e-11,0.46158204891592264,0.0,0.125,0.046391229080890835,5.791439035207624e-05,0.46158204891592264,5.791439035207624e-05,0.46158204891592264
51660.0,0.012302,5.837819117004983e-11,0.0,0.125,9.191159028489685e-12,1.1368683772161603e-12,5.837819117004983e-11,1.1368683772161603e-12,5.837819117004983e-11,0.4607817642135277,0.0,0.125,0.04629723868256383,5.772900705969253e-05,0.4607817642135277,5.772900705969253e-05,0.4607817642135277
51720.0,0.012300666666666668,5.866240826435387e-11,0.0,0.125,9.2205821113354e-12,1.1368683772161603e-12,5.866240826435387e-11,1.1368683772161603e-12,5.866240826435387e-11,0.45998370042343284,0.0,0.125,0.046203523792018954,5.7544309509549585e-05,0.45998370042343284,5.7544309509549585e-05,0.45998370042343284
51780.0,0.012299333333333334,5.871925168321468e-11,0.0,0.125,9.290538734407571e-12,1.1368683772161603e-12,5.871925168321468e-11,1.1368683772161603e-12,5.871925168321468e-11,0.4591878503450366,0.0,0.125,0.04611008355647503,5.7360295033892506e-05,0.4591878503450366,5.7360295033892506e-05,0.4591878503450366
51840.0,0.012298,5.871925168321468e-11,0.0,0.125,9.29753971364108e-12,1.1368683772161603e-12,5.871925168321468e-11,1.1368683772161603e-12,5.871925168321468e-11,0.4583942068005906,0.0,0.125,0.046016917125147924,5.717696097573555e-05,0.4583942068005906,5.717696097573555e-05,0.4583942068005906
51900.0,0.012296666666666668,5.871925168321468e-11,0.0,0.125,9.298116570509242e-12,1.1368683772161603e-12,5.871925168321468e-11,1.1368683772161603e-12,5.871925168321468e-11,0.45760276263516814,0.0,0.125,0.04592402364923802,5.69943046911936e-05,0.45760276263516814,5.69943046911936e-05,0.45760276263516814
51960.0,0.012295333333333333,5.877609510207549e-11,0.0,0.125,9.300951865415202e-12,1.1368683772161603e-12,5.877609510207549e-11,1.1368683772161603e-12,5.877609510207549e-11,0.45681351071664084,0.0,0.125,0.04583140228191997,5.6812323543931065e-05,0.45681351071664084,5.6812323543931065e-05,0.45681351071664084
52020.0,0.012294000000000001,5.877609510207549e-11,0.0,0.125,9.304335314441306e-12,1.1937117960769683e-12,5.877609510207549e-11,1.1937117960769683e-12,5.877609510207549e-11,0.4560264439356466,0.0,0.125,0.04573905217833408,5.663101490815947e-05,0.4560264439356466,5.663101490815947e-05,0.4560264439356466
52080.0,0.012292666666666667,5.88329385209363e-11,0.0,0.125,9.306398209663644e-12,1.1937117960769683e-12,5.88329385209363e-11,1.1937117960769683e-12,5.88329385209363e-11,0.4552415552055571,0.0,0.125,0.04564697249557919,5.6450376171746086e-05,0.4552415552055571,5.6450376171746086e-05,0.4552415552055571
52140.0,0.012291333333333335,5.877609510207549e-11,0.0,0.125,9.316264128059257e-12,1.1937117960769683e-12,5.877609510207549e-11,1.1937117960769683e-12,5.877609510207549e-11,0.45445883746244753,0.0,0.125,0.04555516239270699,5.627040473143996e-05,0.45445883746244753,5.627040473143996e-05,0.45445883746244753
52200.0,0.01229,5.871925168321468e-11,0.0,0.125,9.294242116925337e-12,1.1368683772161603e-12,5.871925168321468e-11,1.1368683772161603e-12,5.871925168321468e-11,0.45367828366506296,0.0,0.125,0.0454636210307172,5.609109799042944e-05,0.45367828366506296,5.609109799042944e-05,0.45367828366506296
52260.0,0.012289000000000001,5.871925168321468e-11,0.0,0.125,9.294716337383923e-12,1.1368683772161603e-12,5.871925168321468e-11,1.1368683772161603e-12,5.871925168321468e-11,0.45289991137864943,0.0,0.125,0.04537235034364311,5.5912458198248416e-05,0.45289991137864943,5.5912458198248416e-05,0.45289991137864943
52320.0,0.012288,5.871925168321468e-11,0.0,0.125,9.294993258832898e-12,1.1368683772161603e-12,5.871925168321468e-11,1.1368683772161603e-12,5.871925168321468e-11,0.4521237378380324,0.0,0.125,0.04528135228328303,5.5734487542813405e-05,0.4521237378380324,5.5734487542813405e-05,0.4521237378380324
52380.0,0.012287000000000001,5.871925168321468e-11,0.0,0.125,9.30463713405778e-12,1.1368683772161603e-12,5.871925168321468e-11,1.2505552149377763e-12,5.871925168321468e-11,0.45134975554573564,0.0,0.125,0.04519062602098846,5.555718335092941e-05,0.45134975554573564,5.555718335092941e-05,0.45134975554573564
52440.0,0.012286,5.871925168321468e-11,0.0,0.125,9.309546944338892e-12,1.1368683772161603e-12,5.871925168321468e-11,1.2505552149377763e-12,5.871925168321468e-11,0.4505779570340266,0.0,0.125,0.045100170713521494,5.538054296649886e-05,0.4505779570340266,5.538054296649886e-05,0.4505779570340266
52500.0,0.012285,5.871925168321468e-11,0.0,0.125,9.31015404630774e-12,1.1937117960769683e-12,5.871925168321468e-11,1.2505552149377763e-12,5.871925168321468e-11,0.44980833486471755,0.0,0.125,0.045009985509694435,5.520456374008553e-05,0.44980833486471755,5.520456374008553e-05,0.44980833486471755
52560.0,0.012284,5.877609510207549e-11,0.0,0.125,9.310187800502861e-12,1.1937117960769683e-12,5.877609510207549e-11,1.3073986337985843e-12,5.877609510207549e-11,0.4490408816289527,0.0,0.125,0.044920069553985635,5.502924303513179e-05,0.4490408816289527,5.502924303513179e-05,0.4490408816289527
52620.0,0.012283,5.871925168321468e-11,0.0,0.125,9.29038392541932e-12,1.1937117960769683e-12,5.871925168321468e-11,1.2505552149377763e-12,5.871925168321468e-11,0.44827558994701,0.0,0.125,0.04483042198864688,5.4854578227070405e-05,0.44827558994701,5.4854578227070405e-05,0.44827558994701
52680.0,0.012282000000000001,5.866240826435387e-11,0.0,0.125,9.28427027044541e-12,1.1368683772161603e-12,5.866240826435387e-11,1.1937117960769683e-12,5.866240826435387e-11,0.44751245246809923,0.0,0.125,0.04474104195500062,5.4680566696330146e-05,0.44751245246809923,5.4680566696330146e-05,0.44751245246809923
52740.0,0.012281,5.866240826435387e-11,0.0,0.125,9.284348205912395e-12,1.1368683772161603e-12,5.866240826435387e-11,1.1937117960769683e-12,5.866240826435387e-11,0.44675146187015746,0.0,0.125,0.044651928594276434,5.4507205842435624e-05,0.44675146187015746,5.4507205842435624e-05,0.44675146187015746
52800.0,0.012280000000000001,5.866240826435387e-11,0.0,0.125,9.295850492705988e-12,1.1368683772161603e-12,5.866240826435387e-11,1.1937117960769683e-12,5.866240826435387e-11,0.445992610859657,0.0,0.125,0.044563081048172,5.4334493070573586e-05,0.445992610859657,5.4334493070573586e-05,0.445992610859657
52860.0,0.012279,5.866240826435387e-11,0.0,0.125,9.301323655448641e-12,1.1368683772161603e-12,5.866240826435387e-11,1.1937117960769683e-12,5.866240826435387e-11,0.4452358921714149,0.0,0.125,0.04447449845924245,5.4162425796366875e-05,0.4452358921714149,5.4162425796366875e-05,0.4452358921714149
52920.0,0.012278,5.866240826435387e-11,0.0,0.125,9.3031486943111e-12,1.1368683772161603e-12,5.866240826435387e-11,1.1937117960769683e-12,5.866240826435387e-11,0.44448129856839647,0.0,0.125,0.04438617997117887,5.3991001446540565e-05,0.44448129856839647,5.3991001446540565e-05,0.44448129856839647
52980.0,0.012277,5.866240826435387e-11,0.0,0.125,9.306307665674804e-12,1.1937117960769683e-12,5.866240826435387e-11,1.1937117960769683e-12,5.866240826435387e-11,0.4437288228415338,0.0,0.125,0.044298124729013295,5.382021746147547e-05,0.4437288228415338,5.382021746147547e-05,0.4437288228415338
53040.0,0.012276,5.866240826435387e-11,0.0,0.125,9.30965821095678e-12,1.1937117960769683e-12,5.866240826435387e-11,1.1937117960769683e-12,5.866240826435387e-11,0.44297845780954687,0.0,0.125,0.04421033187927306,5.365007128721455e-05,0.44297845780954687,5.365007128721455e-05,0.44297845780954687
53100.0,0.012275000000000001,5.866240826435387e-11,0.0,0.125,9.282545774980323e-12,1.1368683772161603e-12,5.866240826435387e-11,1.1368683772161603e-12,5.866240826435387e-11,0.442230196318761,0.0,0.125,0.044122800570099846,5.348056038112503e-05,0.442230196318761,5.348056038112503e-05,0.442230196318761
53160.0,0.012274,5.866240826435387e-11,0.0,0.125,9.288847400458763e-12,1.1368683772161603e-12,5.866240826435387e-11,1.1368683772161603e-12,5.866240826435387e-11,0.4414840312429331,0.0,0.125,0.04403552995134349,5.331168221589522e-05,0.4414840312429331,5.331168221589522e-05,0.4414840312429331
53220.0,0.012273000000000001,5.866240826435387e-11,0.0,0.125,9.289077905608332e-12,1.1368683772161603e-12,5.866240826435387e-11,1.1368683772161603e-12,5.866240826435387e-11,0.4407399554830852,0.0,0.125,0.043948519174636796,5.3143434269320444e-05,0.4407399554830852,5.3143434269320444e-05,0.4407399554830852
53280.0,0.012272,5.866240826435387e-11,0.0,0.125,9.29243792662909e-12,1.1368683772161603e-12,5.866240826435387e-11,1.2505552149377763e-12,5.866240826435387e-11,0.4399979619673333,0.0,0.125,0.04386176739345688,5.297581403218565e-05,0.4399979619673333,5.297581403218565e-05,0.4399979619673333
53340.0,0.012271,5.866240826435387e-11,0.0,0.125,9.328229886036633e-12,1.1368683772161603e-12,5.866240826435387e-11,1.2505552149377763e-12,5.866240826435387e-11,0.4392580436507291,0.0,0.125,0.0437752737631755,5.280881900404655e-05,0.4392580436507291,5.280881900404655e-05,0.4392580436507291
53400.0,0.01227,5.860556484549306e-11,0.0,0.125,9.329627890190493e-12,1.1368683772161603e-12,5.860556484549306e-11,1.1937117960769683e-12,5.860556484549306e-11,0.43852019351509697,0.0,0.125,0.0436890374411015,5.264244669433982e-05,0.43852019351509697,5.264244669433982e-05,0.43852019351509697
53460.0,0.012269,5.860556484549306e-11,0.0,0.125,9.331798017349329e-12,1.1937117960769683e-12,5.860556484549306e-11,1.2505552149377763e-12,5.860556484549306e-11,0.43778440456887957,0.0,0.125,0.043603057586516614,5.247669462504767e-05,0.43778440456887957,5.247669462504767e-05,0.43778440456887957
53520.0,0.012268,5.860556484549306e-11,0.0,0.125,9.331798017349329e-12,1.1937117960769683e-12,5.860556484549306e-11,1.2505552149377763e-12,5.860556484549306e-11,0.4370506698469826,0.0,0.125,0.04351733336070612,5.2311560326701034e-05,0.4370506698469826,5.2311560326701034e-05,0.4370506698469826
53580.0,0.012267,5.860556484549306e-11,0.0,0.125,9.32952475489348e-12,1.1937117960769683e-12,5.860556484549306e-11,1.1937117960769683e-12,5.860556484549306e-11,0.4363189824106289,0.0,0.125,0.043431863926985316,5.214704133971182e-05,0.4363189824106289,5.214704133971182e-05,0.4363189824106289
53640.0,0.012266,5.854872142663226e-11,0.0,0.125,9.32680465850668e-12,1.1368683772161603e-12,5.854872142663226e-11,1.1368683772161603e-12,5.854872142663226e-11,0.43558933534720695,0.0,0.125,0.04334664845072271,5.198313521581621e-05,0.43558933534720695,5.198313521581621e-05,0.43558933534720695
53700.0,0.012265,5.854872142663226e-11,0.00015785650730829943,0.125,9.329205053254158e-12,1.1368683772161603e-12,5.854872142663226e-11,1.1368683772161603e-12,5.854872142663226e-11,0.4348617217701313,0.0,0.125,0.043261686099360215,5.181983951396685e-05,0.4348617217701313,5.181983951396685e-05,0.4348617217701313
53760.0,0.012264,5.854872142663226e-11,0.0,0.125,9.330729672362026e-12,1.1368683772161603e-12,5.854872142663226e-11,1.1368683772161603e-12,5.854872142663226e-11,0.43413613481869506,0.0,0.125,0.043176976042430884,5.1657151808659485e-05,0.43413613481869506,5.1657151808659485e-05,0.43413613481869506
53820.0,0.012263,5.854872142663226e-11,0.0,0.125,9.335317985626839e-12,1.1368683772161603e-12,5.854872142663226e-11,1.1937117960769683e-12,5.854872142663226e-11,0.4334125676579389,0.0,0.125,0.043092517451574754,5.1495069676055216e-05,0.4334125676579389,5.1495069676055216e-05,0.4334125676579389
53880.0,0.012262,5.854872142663226e-11,0.0,0.125,9.34007925264525e-12,1.1368683772161603e-12,5.854872142663226e-11,1.1937117960769683e-12,5.854872142663226e-11,0.4326910134785048,0.0,0.125,0.04300830950055295,5.1333590708746435e-05,0.4326910134785048,5.1333590708746435e-05,0.4326910134785048
53940.0,0.012261,5.854872142663226e-11,0.0,0.125,9.348101642817154e-12,1.1937117960769683e-12,5.854872142663226e-11,1.1937117960769683e-12,5.854872142663226e-11,0.4319714654965088,0.0,0.125,0.0429243513652602,5.1172712509428564e-05,0.4319714654965088,5.1172712509428564e-05,0.4319714654965088
54000.0,0.01226,5.866240826435387e-11,0.0,0.125,9.38501700882093e-12,1.3642420526593924e-12,5.866240826435387e-11,1.3642420526593924e-12,5.866240826435387e-11,0.4312539169534038,0.0,0.125,0.042840642223736194,5.10124326871253e-05,0.4312539169534038,5.10124326871253e-05,0.4312539169534038
54060.0,0.012259,5.866240826435387e-11,0.0,0.125,9.386438963881623e-12,1.3642420526593924e-12,5.866240826435387e-11,1.3642420526593924e-12,5.866240826435387e-11,0.43053836111585236,0.0,0.125,0.04275718125617553,5.0852748861185404e-05,0.43053836111585236,5.0852748861185404e-05,0.43053836111585236
54120.0,0.012258,5.860556484549306e-11,0.0,0.125,9.362492974413955e-12,1.3642420526593924e-12,5.860556484549306e-11,1.3642420526593924e-12,5.860556484549306e-11,0.4298247912755935,0.0,0.125,0.042673967644936965,5.06936586611717e-05,0.4298247912755935,5.06936586611717e-05,0.4298247912755935
54180.0,0.012257,5.860556484549306e-11,0.0,0.125,9.36877579596833e-12,1.3642420526593924e-12,5.860556484549306e-11,1.3642420526593924e-12,5.860556484549306e-11,0.42911320074932,0.0,0.125,0.04259100057455161,5.053515972830436e-05,0.42911320074932,5.053515972830436e-05,0.42911320074932
54240.0,0.012256,5.866240826435387e-11,0.0,0.125,9.371642715562292e-12,1.3642420526593924e-12,5.866240826435387e-11,1.3642420526593924e-12,5.866240826435387e-11,0.4284035828785512,0.0,0.125,0.04250827923173029,5.037724971002078e-05,0.4284035828785512,5.037724971002078e-05,0.4284035828785512
54300.0,0.012255,5.866240826435387e-11,0.0,0.125,9.37190355669304e-12,1.3642420526593924e-12,5.866240826435387e-11,1.3642420526593924e-12,5.866240826435387e-11,0.42769593102950487,0.0,0.125,0.04242580280537029,5.021992626652594e-05,0.42769593102950487,5.021992626652594e-05,0.42769593102950487
54360.0,0.012254000000000001,5.860556484549306e-11,0.0,0.125,9.371975049822352e-12,1.3642420526593924e-12,5.860556484549306e-11,1.3642420526593924e-12,5.860556484549306e-11,0.4269902385929821,0.0,0.125,0.04234357048656144,5.0063187065241266e-05,0.4269902385929821,5.0063187065241266e-05,0.4269902385929821
54420.0,0.012253,5.866240826435387e-11,0.0,0.125,9.373463096934354e-12,1.3642420526593924e-12,5.866240826435387e-11,1.3642420526593924e-12,5.866240826435387e-11,0.4262864989842389,0.0,0.125,0.04226158146859162,4.9907029784135304e-05,0.4262864989842389,4.9907029784135304e-05,0.4262864989842389
54480.0,0.012252,5.866240826435387e-11,0.0,0.125,9.373593853219364e-12,1.3642420526593924e-12,5.866240826435387e-11,1.3642420526593924e-12,5.866240826435387e-11,0.4255847056428693,0.0,0.125,0.042179834946951635,4.975145211083554e-05,0.4255847056428693,4.975145211083554e-05,0.4255847056428693
54540.0,0.012251,5.866240826435387e-11,0.0,0.125,9.373842155343628e-12,1.3642420526593924e-12,5.866240826435387e-11,1.3642420526593924e-12,5.866240826435387e-11,0.42488485203268567,0.0,0.125,0.042098330119339784,4.9596451741518166e-05,0.42488485203268567,4.9596451741518166e-05,0.42488485203268567
54600.0,0.01225,5.866240826435387e-11,0.0,0.125,9.379332185201605e-12,1.3642420526593924e-12,5.866240826435387e-11,1.3642420526593924e-12,5.866240826435387e-11,0.4241869316415995,0.0,0.125,0.042017066185665766,4.9442026382129356e-05,0.4241869316415995,4.9442026382129356e-05,0.4241869316415995
54660.0,0.012249000000000001,5.860556484549306e-11,0.0,0.125,9.355895494312265e-12,1.3642420526593924e-12,5.860556484549306e-11,1.3642420526593924e-12,5.860556484549306e-11,0.42349093798150705,0.0,0.125,0.041936042348054474,4.928817374760808e-05,0.42349093798150705,4.928817374760808e-05,0.42349093798150705
54720.0,0.012248,5.860556484549306e-11,0.0,0.125,9.369111583903762e-12,1.3642420526593924e-12,5.860556484549306e-11,1.3642420526593924e-12,5.860556484549306e-11,0.42279686458817217,0.0,0.125,0.04185525781084917,4.913489156188611e-05,0.42279686458817217,4.913489156188611e-05,0.42279686458817217
54780.0,0.012247000000000001,5.860556484549306e-11,0.0,0.125,9.382803604853872e-12,1.3642420526593924e-12,5.860556484549306e-11,1.3642420526593924e-12,5.860556484549306e-11,0.4221047050211101,0.0,0.125,0.04177471178061444,4.898217756044154e-05,0.4221047050211101,4.898217756044154e-05,0.4221047050211101
54840.0,0.012246,5.860556484549306e-11,0.0,0.125,9.382832801538767e-12,1.3642420526593924e-12,5.860556484549306e-11,1.3642420526593924e-12,5.860556484549306e-11,0.4214144528634773,0.0,0.125,0.041694403466138716,4.8830029484414617e-05,0.4214144528634773,4.8830029484414617e-05,0.4214144528634773
54900.0,0.012245,5.866240826435387e-11,0.0,0.125,9.38308949537847e-12,1.3642420526593924e-12,5.866240826435387e-11,1.3642420526593924e-12,5.866240826435387e-11,0.4207261017219551,0.0,0.125,0.041614332078436726,4.867844508726904e-05,0.4207261017219551,4.867844508726904e-05,0.4207261017219551
54960.0,0.012244000000000001,5.860556484549306e-11,0.0,0.125,9.384747337730405e-12,1.3642420526593924e-12,5.860556484549306e-11,1.3642420526593924e-12,5.860556484549306e-11,0.4200396452266393,0.0,0.125,0.04153449683075139,4.8527422129907016e-05,0.4200396452266393,4.8527422129907016e-05,0.4200396452266393
55020.0,0.012243,5.860556484549306e-11,0.0,0.125,9.413352663205046e-12,1.4210854715202004e-12,5.860556484549306e-11,1.4210854715202004e-12,5.860556484549306e-11,0.41935507703093156,0.0,0.125,0.04145489693855575,4.837695838200151e-05,0.41935507703093156,4.837695838200151e-05,0.41935507703093156
55080.0,0.012242000000000001,5.877609510207549e-11,0.0,0.125,9.431499691478815e-12,1.4210854715202004e-12,5.877609510207549e-11,1.4210854715202004e-12,5.877609510207549e-11,0.41867239081142527,0.0,0.125,0.04137553161955437,4.82270516222183e-05,0.41867239081142527,4.82270516222183e-05,0.41867239081142527
55140.0,0.012241,5.88329385209363e-11,0.0,0.125,9.489919238188119e-12,1.4210854715202004e-12,5.88329385209363e-11,1.4210854715202004e-12,5.88329385209363e-11,0.41799158026780237,0.0,0.125,0.04129640009368471,4.807769964032538e-05,0.41799158026780237,4.807769964032538e-05,0.41799158026780237
55200.0,0.012240000000000001,5.877609510207549e-11,0.0,0.125,9.466692968809757e-12,1.3642420526593924e-12,5.877609510207549e-11,1.3642420526593924e-12,5.877609510207549e-11,0.4173126391227217,0.0,0.125,0.04121750158311831,4.7928900231530847e-05,0.4173126391227217,4.7928900231530847e-05,0.4173126391227217
55260.0,0.012239000000000002,5.877609510207549e-11,0.0,0.125,9.469674342489693e-12,1.4210854715202004e-12,5.877609510207549e-11,1.4210854715202004e-12,5.877609510207549e-11,0.4166355611217133,0.0,0.125,0.04113883531226161,4.77806512034773e-05,0.4166355611217133,4.77806512034773e-05,0.4166355611217133
55320.0,0.012238,5.88329385209363e-11,0.0,0.125,9.469911605735665e-12,1.4210854715202004e-12,5.88329385209363e-11,1.4210854715202004e-12,5.88329385209363e-11,0.4159603400330749,0.0,0.125,0.04106040050775675,4.763295036835924e-05,0.4159603400330749,4.763295036835924e-05,0.4159603400330749
55380.0,0.012237000000000001,5.803713065688498e-11,0.0,0.125,9.04256662151337e-12,6.821210263296962e-13,5.803713065688498e-11,6.821210263296962e-13,5.803713065688498e-11,0.41528696964776335,0.0,0.125,0.040982196398482044,4.7485795553581234e-05,0.41528696964776335,4.7485795553581234e-05,0.41528696964776335
55440.0,0.012236,5.775291356258094e-11,0.0,0.125,9.020610444596976e-12,3.979039320256561e-13,5.775291356258094e-11,3.979039320256561e-13,5.775291356258094e-11,0.41461544377929593,0.0,0.125,0.04090422221555236,4.733918458743602e-05,0.41461544377929593,4.733918458743602e-05,0.41461544377929593
55500.0,0.012235000000000001,5.775291356258094e-11,0.0,0.125,9.022923768080358e-12,3.979039320256561e-13,5.775291356258094e-11,3.979039320256561e-13,5.775291356258094e-11,0.4139457562636458,0.0,0.125,0.040826477192319466,4.719311531264925e-05,0.4139457562636458,4.719311531264925e-05,0.4139457562636458
55560.0,0.012234000000000002,5.780975698144175e-11,0.0,0.125,9.074594807908558e-12,3.979039320256561e-13,5.780975698144175e-11,3.979039320256561e-13,5.780975698144175e-11,0.41327790095914074,0.0,0.125,0.04074896056437202,4.7047585577497664e-05,0.41327790095914074,4.7047585577497664e-05,0.41327790095914074
55620.0,0.012233,5.780975698144175e-11,0.0,0.125,9.182834165022507e-12,1.3073986337985843e-12,5.780975698144175e-11,1.8189894035458565e-12,5.780975698144175e-11,0.4126118717463616,0.0,0.125,0.04067167156953546,4.690259324235946e-05,0.4126118717463616,4.690259324235946e-05,0.4126118717463616
55680.0,0.012232000000000002,5.780975698144175e-11,0.0,0.125,9.200072681028698e-12,1.8758328224066645e-12,5.780975698144175e-11,1.8758328224066645e-12,5.780975698144175e-11,0.4119476625280471,0.0,0.125,0.04059460944787192,4.675813617294189e-05,0.4119476625280471,4.675813617294189e-05,0.4119476625280471
55740.0,0.012231,5.780975698144175e-11,0.0,0.125,9.201211653249852e-12,1.8758328224066645e-12,5.780975698144175e-11,1.8758328224066645e-12,5.780975698144175e-11,0.4112852672289923,0.0,0.125,0.04051777344167981,4.6614212244722175e-05,0.4112852672289923,4.6614212244722175e-05,0.4112852672289923
55800.0,0.012230000000000001,5.786660040030256e-11,0.0,0.125,9.230898323542344e-12,1.8758328224066645e-12,5.786660040030256e-11,1.8758328224066645e-12,5.786660040030256e-11,0.41062467979595413,0.0,0.125,0.04044116279549334,4.647081934050501e-05,0.41062467979595413,4.647081934050501e-05,0.41062467979595413
55860.0,0.012229333333333335,5.786660040030256e-11,0.0,0.125,9.237289930040521e-12,1.8758328224066645e-12,5.786660040030256e-11,1.8758328224066645e-12,5.786660040030256e-11,0.4099659149685988,0.0,0.125,0.04036477911452766,4.6327959236314165e-05,0.4099659149685988,4.6327959236314165e-05,0.4099659149685988
55920.0,0.012228666666666667,5.786660040030256e-11,0.0,0.125,9.208330133488983e-12,1.8189894035458565e-12,5.786660040030256e-11,1.8189894035458565e-12,5.786660040030256e-11,0.4093089872201702,0.0,0.125,0.04028862401927374,4.618563365654804e-05,0.4093089872201702,4.618563365654804e-05,0.4093089872201702
55980.0,0.012228000000000001,5.786660040030256e-11,0.0,0.125,9.20850441382128e-12,1.8189894035458565e-12,5.786660040030256e-11,1.8189894035458565e-12,5.786660040030256e-11,0.4086538901345472,0.0,0.125,0.04021269676614351,4.604384042417031e-05,0.4086538901345472,4.604384042417031e-05,0.4086538901345472
56040.0,0.012227333333333335,5.780975698144175e-11,0.0,0.125,9.208756105902992e-12,1.8189894035458565e-12,5.780975698144175e-11,1.8189894035458565e-12,5.780975698144175e-11,0.408000617322592,0.0,0.125,0.04013699660060481,4.590257737202563e-05,0.408000617322592,4.590257737202563e-05,0.408000617322592
56100.0,0.012226666666666667,5.786660040030256e-11,0.0,0.125,9.20923440979644e-12,1.8189894035458565e-12,5.786660040030256e-11,1.8189894035458565e-12,5.786660040030256e-11,0.4073491624219662,0.0,0.125,0.04006152276191507,4.5761842339619996e-05,0.4073491624219662,4.5761842339619996e-05,0.4073491624219662
56160.0,0.012226,5.786660040030256e-11,0.0,0.125,9.216077919405568e-12,1.8758328224066645e-12,5.786660040030256e-11,1.8758328224066645e-12,5.786660040030256e-11,0.40669951909694557,0.0,0.125,0.03998627448592364,4.562163317878287e-05,0.40669951909694557,4.562163317878287e-05,0.40669951909694557
56220.0,0.012225333333333335,5.786660040030256e-11,0.0,0.125,9.229933840593417e-12,1.8758328224066645e-12,5.786660040030256e-11,1.8758328224066645e-12,5.786660040030256e-11,0.4060516810382394,0.0,0.125,0.03991125100681758,4.5481947748227114e-05,0.4060516810382394,4.5481947748227114e-05,0.4060516810382394
56280.0,0.012224666666666668,5.786660040030256e-11,0.0,0.125,9.230822652045317e-12,1.8758328224066645e-12,5.786660040030256e-11,1.8758328224066645e-12,5.786660040030256e-11,0.40540564196280593,0.0,0.125,0.03983645155825553,4.5342783914992246e-05,0.40540564196280593,4.5342783914992246e-05,0.40540564196280593
56340.0,0.012224,5.786660040030256e-11,0.0,0.125,9.230848611373049e-12,1.8758328224066645e-12,5.786660040030256e-11,1.8758328224066645e-12,5.786660040030256e-11,0.4047613956136679,0.0,0.125,0.03976187537412997,4.520413955644287e-05,0.4047613956136679,4.520413955644287e-05,0.4047613956136679
56400.0,0.012223333333333334,5.792344381916337e-11,0.0,0.125,9.21876070708026e-12,1.8189894035458565e-12,5.792344381916337e-11,1.8189894035458565e-12,5.792344381916337e-11,0.4041189357597339,0.0,0.125,0.03968752168909487,4.506601255760412e-05,0.4041189357597339,4.506601255760412e-05,0.4041189357597339
56460.0,0.012222666666666668,5.7980287238024175e-11,0.0,0.125,9.223621017518029e-12,1.8189894035458565e-12,5.7980287238024175e-11,1.8189894035458565e-12,5.7980287238024175e-11,0.40347825619561695,0.0,0.125,0.03961338973894075,4.4928400812715985e-05,0.40347825619561695,4.4928400812715985e-05,0.40347825619561695
56520.0,0.012222,5.7980287238024175e-11,0.0,0.125,9.22481917989054e-12,1.8189894035458565e-12,5.7980287238024175e-11,1.8189894035458565e-12,5.7980287238024175e-11,0.40283935074145794,0.0,0.125,0.039539478760867004,4.4791302225954954e-05,0.40283935074145794,4.4791302225954954e-05,0.40283935074145794
56580.0,0.012221333333333334,5.803713065688498e-11,0.0,0.125,9.229772732735923e-12,1.8189894035458565e-12,5.803713065688498e-11,1.8189894035458565e-12,5.803713065688498e-11,0.4022022132427512,0.0,0.125,0.03946578799368398,4.465471470616045e-05,0.4022022132427512,4.465471470616045e-05,0.4022022132427512
56640.0,0.012220666666666668,5.803713065688498e-11,0.0,0.125,9.242088441297498e-12,1.8189894035458565e-12,5.803713065688498e-11,1.8189894035458565e-12,5.803713065688498e-11,0.4015668375701684,0.0,0.125,0.039392316677965444,4.451863617632723e-05,0.4015668375701684,4.451863617632723e-05,0.4015668375701684
56700.0,0.012220000000000002,5.803713065688498e-11,0.0,0.125,9.256745545008357e-12,1.8758328224066645e-12,5.803713065688498e-11,1.8758328224066645e-12,5.803713065688498e-11,0.4009332176193933,0.0,0.125,0.03931906405616579,4.438306456416852e-05,0.4009332176193933,4.438306456416852e-05,0.4009332176193933
56760.0,0.012219333333333334,5.803713065688498e-11,0.0,0.125,9.256820493434955e-12,1.8758328224066645e-12,5.803713065688498e-11,1.8758328224066645e-12,5.803713065688498e-11,0.40030134731095035,0.0,0.125,0.03924602937271102,4.424799780650135e-05,0.40030134731095035,4.424799780650135e-05,0.40030134731095035
56820.0,0.012218666666666668,5.803713065688498e-11,0.0,0.125,9.257257351276201e-12,1.8758328224066645e-12,5.803713065688498e-11,1.8758328224066645e-12,5.803713065688498e-11,0.3996712205900405,0.0,0.125,0.039173211874070905,4.4113433850634376e-05,0.3996712205900405,4.4113433850634376e-05,0.3996712205900405
56880.0,0.012218000000000001,5.809397407574579e-11,0.0,0.125,9.257287141481948e-12,1.8758328224066645e-12,5.809397407574579e-11,1.8758328224066645e-12,5.809397407574579e-11,0.3990428314263814,0.0,0.125,0.039100610808816466,4.3979370650482075e-05,0.3990428314263814,4.3979370650482075e-05,0.3990428314263814
56940.0,0.012217333333333334,5.792344381916337e-11,0.0,0.125,9.227672017469258e-12,1.8189894035458565e-12,5.792344381916337e-11,1.8189894035458565e-12,5.792344381916337e-11,0.39841617381404515,0.0,0.125,0.039028225427666194,4.384580616850764e-05,0.39841617381404515,4.384580616850764e-05,0.39841617381404515
57000.0,0.012216666666666667,5.7980287238024175e-11,0.0,0.125,9.2307860968486e-12,1.8189894035458565e-12,5.7980287238024175e-11,1.8189894035458565e-12,5.7980287238024175e-11,0.3977912417713033,0.0,0.125,0.03895605498352399,4.371273837672218e-05,0.3977912417713033,4.371273837672218e-05,0.3977912417713033
57060.0,0.012216000000000001,5.7980287238024175e-11,0.0,0.125,9.230873037395877e-12,1.8189894035458565e-12,5.7980287238024175e-11,1.8189894035458565e-12,5.7980287238024175e-11,0.3971680293404733,0.0,0.125,0.038884098731510025,4.358016525507491e-05,0.3971680293404733,4.358016525507491e-05,0.3971680293404733
57120.0,0.012215333333333333,5.792344381916337e-11,0.0,0.125,9.23126176021994e-12,1.8189894035458565e-12,5.792344381916337e-11,1.8189894035458565e-12,5.792344381916337e-11,0.3965465305877666,0.0,0.125,0.0388123559289863,4.344808479145312e-05,0.3965465305877666,4.344808479145312e-05,0.3965465305877666
57180.0,0.012214666666666667,5.792344381916337e-11,0.0,0.125,9.231563118498574e-12,1.8189894035458565e-12,5.792344381916337e-11,1.8189894035458565e-12,5.792344381916337e-11,0.39592673960314184,0.0,0.125,0.038740825835577905,4.331649498134915e-05,0.39592673960314184,4.331649498134915e-05,0.39592673960314184
57240.0,0.012214000000000001,5.792344381916337e-11,0.0,0.125,9.234460171771765e-12,1.8189894035458565e-12,5.792344381916337e-11,1.8189894035458565e-12,5.792344381916337e-11,0.3953086505001564,0.0,0.125,0.03866950771319062,4.3185393829914265e-05,0.3953086505001564,4.3185393829914265e-05,0.3953086505001564
57300.0,0.012213333333333333,5.7980287238024175e-11,0.0,0.125,9.240424634868388e-12,1.8758328224066645e-12,5.7980287238024175e-11,1.8758328224066645e-12,5.7980287238024175e-11,0.3946922574158248,0.0,0.125,0.03859840082602552,4.305477935195867e-05,0.3946922574158248,4.305477935195867e-05,0.3946922574158248
57360.0,0.012212666666666667,5.792344381916337e-11,0.0,0.125,9.240424634868388e-12,1.8758328224066645e-12,5.792344381916337e-11,1.8758328224066645e-12,5.792344381916337e-11,0.3940775545104793,0.0,0.125,0.03852750444059133,4.292464956640041e-05,0.3940775545104793,4.292464956640041e-05,0.3940775545104793
57420.0,0.012212,5.792344381916337e-11,0.0,0.125,9.245249134764433e-12,1.8758328224066645e-12,5.792344381916337e-11,1.8758328224066645e-12,5.792344381916337e-11,0.39346453596762965,0.0,0.125,0.03845681782571455,4.2795002503093205e-05,0.39346453596762965,4.2795002503093205e-05,0.39346453596762965
57480.0,0.012211333333333334,5.792344381916337e-11,0.0,0.125,9.253172605814965e-12,1.8758328224066645e-12,5.792344381916337e-11,1.8758328224066645e-12,5.792344381916337e-11,0.3928531959938273,0.0,0.125,0.03838634025254793,4.266583619977338e-05,0.3928531959938273,4.266583619977338e-05,0.3928531959938273
57540.0,0.012210666666666667,5.786660040030256e-11,0.0,0.125,9.238604267675345e-12,1.8189894035458565e-12,5.786660040030256e-11,1.8189894035458565e-12,5.786660040030256e-11,0.39224352881853286,0.0,0.125,0.03831607099457732,4.253714870189329e-05,0.39224352881853286,4.253714870189329e-05,0.39224352881853286
57600.0,0.01221,5.786660040030256e-11,0.0,0.125,9.250255512593546e-12,1.8189894035458565e-12,5.786660040030256e-11,1.8189894035458565e-12,5.786660040030256e-11,0.39163552869398305,0.0,0.125,0.03824600932762742,4.2408938064841806e-05,0.39163552869398305,4.2408938064841806e-05,0.39163552869398305
57660.0,0.012209333333333334,5.786660040030256e-11,0.0,0.125,9.253373248366263e-12,1.8189894035458565e-12,5.786660040030256e-11,1.8189894035458565e-12,5.786660040030256e-11,0.39102918989506485,0.0,0.125,0.03817615452986627,4.2281202348781743e-05,0.39102918989506485,4.2281202348781743e-05,0.39102918989506485
57720.0,0.012208666666666666,5.786660040030256e-11,0.0,0.125,9.256975508870917e-12,1.8189894035458565e-12,5.786660040030256e-11,1.8189894035458565e-12,5.786660040030256e-11,0.3904245067191853,0.0,0.125,0.038106505881808944,4.215393962336833e-05,0.3904245067191853,4.215393962336833e-05,0.3904245067191853
57780.0,0.012208,5.7980287238024175e-11,0.0,0.125,9.287126829292503e-12,1.8189894035458565e-12,5.7980287238024175e-11,1.8189894035458565e-12,5.7980287238024175e-11,0.38982147348614554,0.0,0.125,0.038037062666320086,4.2027147966916534e-05,0.38982147348614554,4.2027147966916534e-05,0.38982147348614554
57840.0,0.012207333333333334,5.7980287238024175e-11,0.0,0.125,9.302104669869936e-12,1.8189894035458565e-12,5.7980287238024175e-11,1.8189894035458565e-12,5.7980287238024175e-11,0.38922008453802065,0.0,0.125,0.037967824168616056,4.190082546545737e-05,0.38922008453802065,4.190082546545737e-05,0.38922008453802065
57900.0,0.012206666666666668,5.7980287238024175e-11,0.0,0.125,9.303982624976204e-12,1.8758328224066645e-12,5.7980287238024175e-11,1.8758328224066645e-12,5.7980287238024175e-11,0.38862033423903597,0.0,0.125,0.037898789676266094,4.177497021190524e-05,0.38862033423903597,4.177497021190524e-05,0.38862033423903597
57960.0,0.012206,5.7980287238024175e-11,0.0,0.125,9.307374006475361e-12,1.8758328224066645e-12,5.7980287238024175e-11,1.8758328224066645e-12,5.7980287238024175e-11,0.38802221697544864,0.0,0.125,0.037829958479193154,4.164958030927757e-05,0.38802221697544864,4.164958030927757e-05,0.38802221697544864
58020.0,0.012205333333333334,5.7980287238024175e-11,0.0,0.125,9.307837821216532e-12,1.8758328224066645e-12,5.7980287238024175e-11,1.8758328224066645e-12,5.7980287238024175e-11,0.38742572715542944,0.0,0.125,0.03776132986967398,4.1524653865310235e-05,0.38742572715542944,4.1524653865310235e-05,0.38742572715542944
58080.0,0.012204666666666667,5.792344381916337e-11,0.0,0.125,9.277923828641771e-12,1.8189894035458565e-12,5.792344381916337e-11,1.8189894035458565e-12,5.792344381916337e-11,0.386830859208946,0.0,0.125,0.03769290314233885,4.14001889981197e-05,0.386830859208946,4.14001889981197e-05,0.386830859208946
58140.0,0.012204000000000001,5.792344381916337e-11,0.0,0.125,9.278080790640149e-12,1.8189894035458565e-12,5.792344381916337e-11,1.8189894035458565e-12,5.792344381916337e-11,0.3862376075876476,0.0,0.125,0.03762467759417088,4.127618383231724e-05,0.3862376075876476,4.127618383231724e-05,0.3862376075876476
58200.0,0.012203333333333333,5.792344381916337e-11,0.0,0.125,9.282537761148537e-12,1.8189894035458565e-12,5.792344381916337e-11,1.8189894035458565e-12,5.792344381916337e-11,0.38564596676475354,0.0,0.125,0.03755665252450491,4.115263650128487e-05,0.38564596676475354,4.115263650128487e-05,0.38564596676475354
58260.0,0.012202666666666667,5.792344381916337e-11,0.0,0.125,9.284250638907019e-12,1.8189894035458565e-12,5.792344381916337e-11,1.8189894035458565e-12,5.792344381916337e-11,0.385055931234941,0.0,0.125,0.03748882723502592,4.102954514423329e-05,0.385055931234941,4.102954514423329e-05,0.385055931234941
58320.0,0.012202000000000001,5.792344381916337e-11,0.0,0.125,9.284423621667442e-12,1.8189894035458565e-12,5.792344381916337e-11,1.8189894035458565e-12,5.792344381916337e-11,0.38446749551423187,0.0,0.125,0.037421201029767495,4.0906907911530954e-05,0.38446749551423187,4.0906907911530954e-05,0.38446749551423187
58380.0,0.012201333333333335,5.792344381916337e-11,0.0,0.125,9.285013440747545e-12,1.8189894035458565e-12,5.792344381916337e-11,1.8189894035458565e-12,5.792344381916337e-11,0.38388065413988787,0.0,0.125,0.037353773215109465,4.078472295815372e-05,0.38388065413988787,4.078472295815372e-05,0.38388065413988787
58440.0,0.012200666666666667,5.792344381916337e-11,0.0,0.125,9.288662941309041e-12,1.8189894035458565e-12,5.792344381916337e-11,1.8189894035458565e-12,5.792344381916337e-11,0.38329540167030207,0.0,0.125,0.03728654309977576,4.06629884467935e-05,0.38329540167030207,4.06629884467935e-05,0.38329540167030207
58500.0,0.0122,5.792344381916337e-11,0.0,0.125,9.293602736674148e-12,1.8758328224066645e-12,5.792344381916337e-11,1.8758328224066645e-12,5.792344381916337e-11,0.3827117326848886,0.0,0.125,0.037219509994831756,4.054170254913503e-05,0.3827117326848886,4.054170254913503e-05,0.3827117326848886
58560.0,0.012199333333333335,5.792344381916337e-11,0.0,0.125,9.294560047809917e-12,1.8758328224066645e-12,5.792344381916337e-11,1.8758328224066645e-12,5.792344381916337e-11,0.3821296417839826,0.0,0.125,0.037152673213681486,4.0420863443468846e-05,0.3821296417839826,4.0420863443468846e-05,0.3821296417839826
58620.0,0.012198666666666667,5.792344381916337e-11,0.0,0.125,9.341333816945604e-12,1.8758328224066645e-12,5.792344381916337e-11,1.8758328224066645e-12,5.792344381916337e-11,0.3815491235887335,0.0,0.125,0.03708603207206456,4.030046931630116e-05,0.3815491235887335,4.030046931630116e-05,0.3815491235887335
58680.0,0.012198,5.792344381916337e-11,0.0,0.125,9.320085132796508e-12,1.8189894035458565e-12,5.792344381916337e-11,1.8189894035458565e-12,5.792344381916337e-11,0.380970172741002,0.0,0.125,0.03701958588805308,4.0180518361576656e-05,0.380970172741002,4.0180518361576656e-05,0.380970172741002
58740.0,0.012197333333333334,5.7980287238024175e-11,0.0,0.125,9.321600458676651e-12,1.8758328224066645e-12,5.7980287238024175e-11,1.8758328224066645e-12,5.7980287238024175e-11,0.38039278390326026,0.0,0.125,0.03695333398204825,4.0061008780456486e-05,0.38039278390326026,4.0061008780456486e-05,0.38039278390326026
58800.0,0.012196666666666668,5.7980287238024175e-11,0.0,0.125,9.321605722733844e-12,1.8758328224066645e-12,5.7980287238024175e-11,1.8758328224066645e-12,5.7980287238024175e-11,0.37981695175849084,0.0,0.125,0.03688727567677667,3.9941938781373754e-05,0.37981695175849084,3.9941938781373754e-05,0.37981695175849084
58860.0,0.012196,5.7980287238024175e-11,0.0,0.125,9.321605722733844e-12,1.8758328224066645e-12,5.7980287238024175e-11,1.8758328224066645e-12,5.7980287238024175e-11,0.3792426710100859,0.0,0.125,0.0368214102972868,3.982330658047761e-05,0.3792426710100859,3.982330658047761e-05,0.3792426710100859
58920.0,0.012195333333333334,5.7980287238024175e-11,0.0,0.125,9.321752704024344e-12,1.8758328224066645e-12,5.7980287238024175e-11,1.8758328224066645e-12,5.7980287238024175e-11,0.3786699363817516,0.0,0.125,0.03675573717094514,3.970511040068958e-05,0.3786699363817516,3.970511040068958e-05,0.3786699363817516
58980.0,0.012194666666666668,5.7980287238024175e-11,0.0,0.125,9.32215987545779e-12,1.8758328224066645e-12,5.7980287238024175e-11,1.8758328224066645e-12,5.7980287238024175e-11,0.37809874261740717,0.0,0.125,0.036690255627432194,3.958734847386847e-05,0.37809874261740717,3.958734847386847e-05,0.37809874261740717
59040.0,0.012194000000000002,5.7980287238024175e-11,0.0,0.125,9.33016990694897e-12,1.8758328224066645e-12,5.7980287238024175e-11,1.8758328224066645e-12,5.7980287238024175e-11,0.3775290844810936,0.0,0.125,0.03662496499873842,3.9470019036258464e-05,0.3775290844810936,3.9470019036258464e-05,0.3775290844810936
59100.0,0.012193333333333334,5.792344381916337e-11,0.0,0.125,9.336017430245213e-12,1.8189894035458565e-12,5.792344381916337e-11,1.8189894035458565e-12,5.792344381916337e-11,0.37696095675687363,0.0,0.125,0.03655986461916012,3.935312033515048e-05,0.37696095675687363,3.935312033515048e-05,0.37696095675687363
59160.0,0.012192666666666668,5.792344381916337e-11,0.0,0.125,9.352385549794671e-12,1.8758328224066645e-12,5.792344381916337e-11,1.8758328224066645e-12,5.792344381916337e-11,0.37639435424874224,0.0,0.125,0.03649495382529499,3.923665062205428e-05,0.37639435424874224,3.923665062205428e-05,0.37639435424874224
59220.0,0.012192000000000001,5.7980287238024175e-11,0.0,0.125,9.352385549794671e-12,1.8758328224066645e-12,5.7980287238024175e-11,1.8758328224066645e-12,5.7980287238024175e-11,0.3758292717805295,0.0,0.125,0.036430231956037805,3.912060815730589e-05,0.3758292717805295,3.912060815730589e-05,0.3758292717805295
59280.0,0.012191333333333335,5.7980287238024175e-11,0.0,0.125,9.352663196106687e-12,1.8758328224066645e-12,5.7980287238024175e-11,1.8758328224066645e-12,5.7980287238024175e-11,0.3752657041958123,0.0,0.125,0.03636569835257604,3.9004991208457795e-05,0.3752657041958123,3.9004991208457795e-05,0.3752657041958123
59340.0,0.012190666666666667,5.7980287238024175e-11,0.0,0.125,9.386377352994483e-12,1.8189894035458565e-12,5.7980287238024175e-11,1.8189894035458565e-12,5.7980287238024175e-11,0.374703646357821,0.0,0.125,0.03630135235838507,3.8889798048002966e-05,0.374703646357821,3.8889798048002966e-05,0.374703646357821
59400.0,0.012190000000000001,5.7980287238024175e-11,0.0,0.125,9.386660931814207e-12,1.8189894035458565e-12,5.7980287238024175e-11,1.8189894035458565e-12,5.7980287238024175e-11,0.3741430931493482,0.0,0.125,0.036237193319223815,3.877502695875945e-05,0.3741430931493482,3.877502695875945e-05,0.3741430931493482
59460.0,0.012189666666666668,5.7980287238024175e-11,0.0,0.125,9.38680580493078e-12,1.8189894035458565e-12,5.7980287238024175e-11,1.8189894035458565e-12,5.7980287238024175e-11,0.37358405704706477,0.0,0.125,0.03617322259097711,3.866067934577e-05,0.37358405704706477,3.866067934577e-05,0.37358405704706477
59520.0,0.012189333333333335,5.7980287238024175e-11,0.0,0.125,9.387709974457658e-12,1.8189894035458565e-12,5.7980287238024175e-11,1.8189894035458565e-12,5.7980287238024175e-11,0.3730265503122472,0.0,0.125,0.03610944154218249,3.8546756577662045e-05,0.3730265503122472,3.8546756577662045e-05,0.3730265503122472
59580.0,0.012189000000000002,5.7980287238024175e-11,0.0,0.125,9.387966559872585e-12,1.8189894035458565e-12,5.7980287238024175e-11,1.8189894035458565e-12,5.7980287238024175e-11,0.37247056753677005,0.0,0.125,0.03604584953031902,3.8433256886682976e-05,0.37247056753677005,3.8433256886682976e-05,0.37247056753677005
59640.0,0.012188666666666667,5.7980287238024175e-11,0.0,0.125,9.389186935407169e-12,1.8189894035458565e-12,5.7980287238024175e-11,1.8189894035458565e-12,5.7980287238024175e-11,0.37191610333579256,0.0,0.125,0.03598244590482962,3.8320178515793835e-05,0.37191610333579256,3.8320178515793835e-05,0.37191610333579256
59700.0,0.012188333333333334,5.7980287238024175e-11,0.0,0.125,9.398604684942693e-12,1.8189894035458565e-12,5.7980287238024175e-11,1.8189894035458565e-12,5.7980287238024175e-11,0.3713631523476224,0.0,0.125,0.035919230010421736,3.8207519712951665e-05,0.3713631523476224,3.8207519712951665e-05,0.3713631523476224
59760.0,0.012188000000000001,5.803713065688498e-11,0.0,0.125,9.411820312504032e-12,1.8758328224066645e-12,5.803713065688498e-11,1.8758328224066645e-12,5.803713065688498e-11,0.37081170923357476,0.0,0.125,0.035856201189167124,3.809527873643859e-05,0.37081170923357476,3.809527873643859e-05,0.37081170923357476
59820.0,0.012187666666666668,5.803713065688498e-11,0.0,0.125,9.411891774395537e-12,1.8758328224066645e-12,5.803713065688498e-11,1.8758328224066645e-12,5.803713065688498e-11,0.370261768677835,0.0,0.125,0.03579335878188996,3.7983453849144144e-05,0.370261768677835,3.7983453849144144e-05,0.370261768677835
59880.0,0.012187333333333335,5.7980287238024175e-11,0.0,0.125,9.382023437045462e-12,1.8189894035458565e-12,5.7980287238024175e-11,1.8189894035458565e-12,5.7980287238024175e-11,0.3697133253873145,0.0,0.125,0.0357307021291126,3.787204332311722e-05,0.3697133253873145,3.787204332311722e-05,0.3697133253873145
59940.0,0.012187,5.7980287238024175e-11,0.0,0.125,9.384322041932783e-12,1.8189894035458565e-12,5.7980287238024175e-11,1.8189894035458565e-12,5.7980287238024175e-11,0.36916637409151054,0.0,0.125,0.0356682305717169,3.7761045437234575e-05,0.36916637409151054,3.7761045437234575e-05,0.36916637409151054
60000.0,0.012186666666666667,5.7980287238024175e-11,0.0,0.125,9.384350600814637e-12,1.8189894035458565e-12,5.7980287238024175e-11,1.8189894035458565e-12,5.7980287238024175e-11,0.3686209095423646,0.0,0.125,0.03560594345141617,3.7650458478311055e-05,0.3686209095423646,3.7650458478311055e-05,0.3686209095423646
60060.0,0.012186333333333334,5.7980287238024175e-11,0.0,0.125,9.385485080032395e-12,1.8189894035458565e-12,5.7980287238024175e-11,1.8189894035458565e-12,5.7980287238024175e-11,0.3680769265141217,0.0,0.125,0.035543840111098554,3.754028073921223e-05,0.3680769265141217,3.754028073921223e-05,0.3680769265141217
60120.0,0.012186,5.7980287238024175e-11,0.0,0.125,9.385656160652463e-12,1.8189894035458565e-12,5.7980287238024175e-11,1.8189894035458565e-12,5.7980287238024175e-11,0.36753441980319107,0.0,0.125,0.03548191989508082,3.743051052235158e-05,0.36753441980319107,3.743051052235158e-05,0.36753441980319107
60180.0,0.012185666666666668,5.7980287238024175e-11,0.0,0.125,9.387250536202279e-12,1.8189894035458565e-12,5.7980287238024175e-11,1.8189894035458565e-12,5.7980287238024175e-11,0.366993384228006,0.0,0.125,0.03542018214929849,3.7321146134638994e-05,0.366993384228006,3.7321146134638994e-05,0.366993384228006
60240.0,0.012185333333333334,5.7980287238024175e-11,0.0,0.125,9.387979238764634e-12,1.8189894035458565e-12,5.7980287238024175e-11,1.8189894035458565e-12,5.7980287238024175e-11,0.36645381462888554,0.0,0.125,0.035358626221450216,3.721218589358699e-05,0.36645381462888554,3.721218589358699e-05,0.36645381462888554
60300.0,0.012185000000000001,5.7980287238024175e-11,0.0,0.125,9.394328305097397e-12,1.8758328224066645e-12,5.7980287238024175e-11,1.8758328224066645e-12,5.7980287238024175e-11,0.365915705867901,0.0,0.125,0.035297251461108486,3.7103628119539156e-05,0.365915705867901,3.7103628119539156e-05,0.365915705867901
60360.0,0.012184666666666667,5.7980287238024175e-11,0.0,0.125,9.394339188019064e-12,1.8758328224066645e-12,5.7980287238024175e-11,1.8758328224066645e-12,5.7980287238024175e-11,0.3653790528287336,0.0,0.125,0.03523605721980548,3.699547114593971e-05,0.3653790528287336,3.699547114593971e-05,0.3653790528287336
60420.0,0.012184333333333333,5.7980287238024175e-11,0.0,0.125,9.368927650433773e-12,1.8758328224066645e-12,5.7980287238024175e-11,1.8758328224066645e-12,5.7980287238024175e-11,0.3648438504165487,0.0,0.125,0.03517504285110002,3.688771330762064e-05,0.3648438504165487,3.688771330762064e-05,0.3648438504165487
60480.0,0.012184,5.792344381916337e-11,0.00015681399796529314,0.125,9.368402386699118e-12,1.8189894035458565e-12,5.792344381916337e-11,1.8189894035458565e-12,5.792344381916337e-11,0.36431009355785776,0.0,0.125,0.03511420771063028,3.6780352950627204e-05,0.36431009355785776,3.6780352950627204e-05,0.36431009355785776
60540.0,0.012183666666666667,5.792344381916337e-11,0.0,0.125,9.368402386699118e-12,1.8189894035458565e-12,5.792344381916337e-11,1.8189894035458565e-12,5.792344381916337e-11,0.3637777772003904,0.0,0.125,0.03505355115615534,3.667338842455736e-05,0.3637777772003904,3.667338842455736e-05,0.3637777772003904
60600.0,0.012183333333333334,5.792344381916337e-11,0.0,0.125,9.370000564949353e-12,1.8189894035458565e-12,5.792344381916337e-11,1.8189894035458565e-12,5.792344381916337e-11,0.36324689631296203,0.0,0.125,0.03499307254758834,3.656681809061091e-05,0.36324689631296203,3.656681809061091e-05,0.36324689631296203
60660.0,0.012183,5.792344381916337e-11,0.0,0.125,9.381452054597214e-12,1.8189894035458565e-12,5.792344381916337e-11,1.8189894035458565e-12,5.792344381916337e-11,0.3627174458853502,0.0,0.125,0.03493277124702261,3.646064031304075e-05,0.3627174458853502,3.646064031304075e-05,0.3627174458853502
60720.0,0.012182666666666666,5.792344381916337e-11,0.0,0.125,9.38205096836268e-12,1.8189894035458565e-12,5.792344381916337e-11,1.8189894035458565e-12,5.792344381916337e-11,0.3621894209281658,0.0,0.125,0.034872646618752584,3.635485346398237e-05,0.3621894209281658,3.635485346398237e-05,0.3621894209281658
60780.0,0.012182333333333333,5.775291356258094e-11,0.0,0.125,9.260581331432267e-12,1.5347723092418164e-12,5.775291356258094e-11,1.5347723092418164e-12,5.775291356258094e-11,0.3616628164727283,0.0,0.125,0.034812698029290205,3.624945592595186e-05,0.3616628164727283,3.624945592595186e-05,0.3616628164727283
60840.0,0.012182,5.780975698144175e-11,0.0,0.125,9.261987764532256e-12,1.5347723092418164e-12,5.780975698144175e-11,1.5347723092418164e-12,5.780975698144175e-11,0.3611376275709471,0.0,0.125,0.03475292484737814,3.614444608301959e-05,0.3611376275709471,3.614444608301959e-05,0.3611376275709471
60900.0,0.012181666666666667,5.780975698144175e-11,0.0,0.125,9.266629837854585e-12,1.5916157281026244e-12,5.780975698144175e-11,1.5916157281026244e-12,5.780975698144175e-11,0.3606138492951938,0.0,0.125,0.03469332644399975,3.603982233019165e-05,0.3606138492951938,3.603982233019165e-05,0.3606138492951938
60960.0,0.012181333333333334,5.786660040030256e-11,0.0,0.125,9.266629837854587e-12,1.5916157281026244e-12,5.786660040030256e-11,1.5916157281026244e-12,5.786660040030256e-11,0.3600914767381894,0.0,0.125,0.03463390219238684,3.5935583067581156e-05,0.3600914767381894,3.5935583067581156e-05,0.3600914767381894
61020.0,0.012181,5.786660040030256e-11,0.0,0.125,9.266699965887523e-12,1.5916157281026244e-12,5.786660040030256e-11,1.5916157281026244e-12,5.786660040030256e-11,0.3595705050128817,0.0,0.125,0.034574651468025526,3.5831726703516864e-05,0.3595705050128817,3.5831726703516864e-05,0.3595705050128817
61080.0,0.012180666666666666,5.780975698144175e-11,0.0,0.125,9.266699965887523e-12,1.5916157281026244e-12,5.780975698144175e-11,1.5916157281026244e-12,5.780975698144175e-11,0.3590509292523316,0.0,0.125,0.03451557364866028,3.572825165126803e-05,0.3590509292523316,3.572825165126803e-05,0.3590509292523316
61140.0,0.012180333333333333,5.786660040030256e-11,0.0,0.125,9.267017571616938e-12,1.5916157281026244e-12,5.786660040030256e-11,1.5916157281026244e-12,5.786660040030256e-11,0.358532744609597,0.0,0.125,0.03445666811429672,3.562515633270813e-05,0.358532744609597,3.562515633270813e-05,0.358532744609597
61200.0,0.01218,5.780975698144175e-11,0.0,0.125,9.267319861597757e-12,1.5916157281026244e-12,5.780975698144175e-11,1.5916157281026244e-12,5.780975698144175e-11,0.35801594625761984,0.0,0.125,0.034397934247203166,3.552243917653852e-05,0.35801594625761984,3.552243917653852e-05,0.35801594625761984
61260.0,0.012179333333333334,5.780975698144175e-11,0.0,0.125,9.268414201927384e-12,1.5916157281026244e-12,5.780975698144175e-11,1.5916157281026244e-12,5.780975698144175e-11,0.35750051321975646,0.0,0.125,0.034339369579450746,3.542009582335748e-05,0.35750051321975646,3.542009582335748e-05,0.35750051321975646
61320.0,0.012178666666666666,5.7696070143720135e-11,0.0,0.125,9.246395459169724e-12,1.5347723092418164e-12,5.7696070143720135e-11,1.5347723092418164e-12,5.7696070143720135e-11,0.3569864247489129,0.0,0.125,0.03428097163604091,3.531812196488904e-05,0.3569864247489129,3.531812196488904e-05,0.3569864247489129
61380.0,0.012178,5.7696070143720135e-11,0.0,0.125,9.247155155344144e-12,1.5347723092418164e-12,5.7696070143720135e-11,1.5347723092418164e-12,5.7696070143720135e-11,0.3564736763892044,0.0,0.125,0.034222739801190484,3.521651610854937e-05,0.3564736763892044,3.521651610854937e-05,0.3564736763892044
61440.0,0.012177333333333333,5.7696070143720135e-11,0.0,0.125,9.249181156184262e-12,1.5347723092418164e-12,5.7696070143720135e-11,1.5347723092418164e-12,5.7696070143720135e-11,0.3559622637006923,0.0,0.125,0.03416467347042435,3.511527677024784e-05,0.3559622637006923,3.511527677024784e-05,0.3559622637006923
61500.0,0.012176666666666667,5.7696070143720135e-11,0.0,0.125,9.249790896658836e-12,1.5347723092418164e-12,5.7696070143720135e-11,1.5347723092418164e-12,5.7696070143720135e-11,0.3554521822593175,0.0,0.125,0.03410677204782937,3.501440247011267e-05,0.3554521822593175,3.501440247011267e-05,0.3554521822593175
61560.0,0.012176,5.775291356258094e-11,0.0,0.125,9.255094543338528e-12,1.5916157281026244e-12,5.775291356258094e-11,1.5916157281026244e-12,5.775291356258094e-11,0.35494342765683706,0.0,0.125,0.03404903494424654,3.491389173659876e-05,0.35494342765683706,3.491389173659876e-05,0.35494342765683706
61620.0,0.012175333333333333,5.7696070143720135e-11,0.0,0.125,9.27287785591362e-12,1.5916157281026244e-12,5.7696070143720135e-11,1.5916157281026244e-12,5.7696070143720135e-11,0.3544359955007646,0.0,0.125,0.03399146157604026,3.481374310304597e-05,0.3544359955007646,3.481374310304597e-05,0.3544359955007646
61680.0,0.012174666666666667,5.775291356258094e-11,0.0,0.125,9.280025920873416e-12,1.5916157281026244e-12,5.775291356258094e-11,1.5916157281026244e-12,5.775291356258094e-11,0.35392988141431425,0.0,0.125,0.03393405136423744,3.471395510867836e-05,0.35392988141431425,3.471395510867836e-05,0.35392988141431425
61740.0,0.012174,5.775291356258094e-11,0.0,0.125,9.280025920873416e-12,1.5916157281026244e-12,5.775291356258094e-11,1.5916157281026244e-12,5.775291356258094e-11,0.3534250810363443,0.0,0.125,0.03387680373391126,3.4614526299603376e-05,0.3534250810363443,3.4614526299603376e-05,0.3534250810363443
61800.0,0.012173333333333333,5.775291356258094e-11,0.0,0.125,9.280178360488234e-12,1.5916157281026244e-12,5.775291356258094e-11,1.5916157281026244e-12,5.775291356258094e-11,0.35292159002130596,0.0,0.125,0.033819718113731224,3.451545522648036e-05,0.35292159002130596,3.451545522648036e-05,0.35292159002130596
61860.0,0.012172666666666667,5.775291356258094e-11,0.0,0.125,9.310813014571373e-12,1.5916157281026244e-12,5.775291356258094e-11,1.5916157281026244e-12,5.775291356258094e-11,0.3524194040391905,0.0,0.125,0.03376279393562898,3.4416740449128014e-05,0.3524194040391905,3.4416740449128014e-05,0.3524194040391905
61920.0,0.012172,5.786660040030256e-11,0.0,0.125,9.348824899170324e-12,1.5916157281026244e-12,5.786660040030256e-11,1.5916157281026244e-12,5.786660040030256e-11,0.3519185187754803,0.0,0.125,0.03370603063454556,3.431838053047365e-05,0.3519185187754803,3.431838053047365e-05,0.3519185187754803
61980.0,0.012171333333333334,5.786660040030256e-11,0.0,0.125,9.349383695395804e-12,1.5916157281026244e-12,5.786660040030256e-11,1.5916157281026244e-12,5.786660040030256e-11,0.3514189299311013,0.0,0.125,0.03364942764823801,3.4220374038995693e-05,0.3514189299311013,3.4220374038995693e-05,0.3514189299311013
62040.0,0.012170666666666666,5.786660040030256e-11,0.0001566423914890781,0.125,9.350238483556817e-12,1.5916157281026244e-12,5.786660040030256e-11,1.5916157281026244e-12,5.786660040030256e-11,0.35092063322237227,0.0,0.125,0.033592984417128706,3.4122719552776015e-05,0.35092063322237227,3.4122719552776015e-05,0.35092063322237227
62100.0,0.01217,5.780975698144175e-11,0.0,0.125,9.368676024400736e-12,1.5347723092418164e-12,5.780975698144175e-11,1.5347723092418164e-12,5.780975698144175e-11,0.35042362438096125,0.0,0.125,0.03353670038418683,3.402541565156181e-05,0.35042362438096125,3.402541565156181e-05,0.35042362438096125
62160.0,0.012169333333333334,5.780975698144175e-11,0.0,0.125,9.368752813569573e-12,1.5347723092418164e-12,5.780975698144175e-11,1.5347723092418164e-12,5.780975698144175e-11,0.3499278991538362,0.0,0.125,0.03348057499483343,3.392846092403756e-05,0.3499278991538362,3.392846092403756e-05,0.3499278991538362
62220.0,0.012168666666666666,5.780975698144175e-11,0.0,0.125,9.376615132243877e-12,1.5347723092418164e-12,5.780975698144175e-11,1.5347723092418164e-12,5.780975698144175e-11,0.34943345330322045,0.0,0.125,0.03342460769686488,3.383185396371724e-05,0.34943345330322045,3.383185396371724e-05,0.34943345330322045
62280.0,0.012168,5.780975698144175e-11,0.0,0.125,9.378255486395508e-12,1.5347723092418164e-12,5.780975698144175e-11,1.5347723092418164e-12,5.780975698144175e-11,0.3489402826065481,0.0,0.125,0.03336879794038997,3.373559336922183e-05,0.3489402826065481,3.373559336922183e-05,0.3489402826065481
62340.0,0.012167333333333334,5.780975698144175e-11,0.0,0.125,9.38246415909121e-12,1.5347723092418164e-12,5.780975698144175e-11,1.5347723092418164e-12,5.780975698144175e-11,0.34844838285641605,0.0,0.125,0.0333131451777778,3.363967774666632e-05,0.34844838285641605,3.363967774666632e-05,0.34844838285641605
62400.0,0.012166666666666668,5.780975698144175e-11,0.0,0.125,9.385066068542864e-12,1.6484591469634324e-12,5.780975698144175e-11,1.6484591469634324e-12,5.780975698144175e-11,0.3479577498605406,0.0,0.125,0.03325764886361402,3.3544105705107796e-05,0.3479577498605406,3.3544105705107796e-05,0.3479577498605406
62460.0,0.012166,5.780975698144175e-11,0.0,0.125,9.385066068542864e-12,1.5916157281026244e-12,5.780975698144175e-11,1.5916157281026244e-12,5.780975698144175e-11,0.34746837944171266,0.0,0.125,0.03320230845466367,3.344887586415046e-05,0.34746837944171266,3.344887586415046e-05,0.34746837944171266
62520.0,0.012165333333333334,5.780975698144175e-11,0.0,0.125,9.385066068542864e-12,1.5916157281026244e-12,5.780975698144175e-11,1.5916157281026244e-12,5.780975698144175e-11,0.346980267437752,0.0,0.125,0.033147123409839274,3.335398684484181e-05,0.346980267437752,3.335398684484181e-05,0.346980267437752
62580.0,0.012164666666666667,5.780975698144175e-11,0.0,0.125,9.385066068542864e-12,1.5916157281026244e-12,5.780975698144175e-11,1.5916157281026244e-12,5.780975698144175e-11,0.3464934097014631,0.0,0.125,0.033092093190173096,3.325943727600089e-05,0.3464934097014631,3.325943727600089e-05,0.3464934097014631
62640.0,0.012164000000000001,5.780975698144175e-11,0.0,0.125,9.388787552344155e-12,1.5916157281026244e-12,5.780975698144175e-11,1.5916157281026244e-12,5.780975698144175e-11,0.34600780210059073,0.0,0.125,0.03303721725879272,3.316522579083214e-05,0.34600780210059073,3.316522579083214e-05,0.34600780210059073
62700.0,0.012163333333333333,5.780975698144175e-11,0.0,0.125,9.390156327803105e-12,1.5916157281026244e-12,5.780975698144175e-11,1.5916157281026244e-12,5.780975698144175e-11,0.3455234405177726,0.0,0.125,0.03298249508089948,3.307135102981196e-05,0.3455234405177726,3.307135102981196e-05,0.3455234405177726
62760.0,0.012162666666666667,5.780975698144175e-11,0.0,0.125,9.390788310230467e-12,1.5916157281026244e-12,5.780975698144175e-11,1.5916157281026244e-12,5.780975698144175e-11,0.3450403208504982,0.0,0.125,0.03292792612374919,3.2977811638357224e-05,0.3450403208504982,3.2977811638357224e-05,0.3450403208504982
62820.0,0.012162000000000001,5.780975698144175e-11,0.0,0.125,9.393407723168395e-12,1.6484591469634324e-12,5.780975698144175e-11,1.6484591469634324e-12,5.780975698144175e-11,0.34455843901106104,0.0,0.125,0.03287350985663446,3.288460626726941e-05,0.34455843901106104,3.288460626726941e-05,0.34455843901106104
62880.0,0.012161333333333335,5.780975698144175e-11,0.0,0.125,9.407820580210702e-12,1.5916157281026244e-12,5.780975698144175e-11,1.5916157281026244e-12,5.780975698144175e-11,0.3440777909265149,0.0,0.125,0.03281924575086899,3.279173357256804e-05,0.3440777909265149,3.279173357256804e-05,0.3440777909265149
62940.0,0.012160666666666667,5.775291356258094e-11,0.0,0.125,9.379118323579002e-12,1.5916157281026244e-12,5.775291356258094e-11,1.5916157281026244e-12,5.775291356258094e-11,0.3435983725386282,0.0,0.125,0.032765133279772776,3.269919221782214e-05,0.3435983725386282,3.269919221782214e-05,0.3435983725386282
63000.0,0.01216,5.775291356258094e-11,0.0,0.125,9.382159551891984e-12,1.5916157281026244e-12,5.775291356258094e-11,1.5916157281026244e-12,5.775291356258094e-11,0.34312017980383924,0.0,0.125,0.032711171918658646,3.2606980869653857e-05,0.34312017980383924,3.2606980869653857e-05,0.34312017980383924
63060.0,0.012159333333333334,5.775291356258094e-11,0.0,0.125,9.393272511794132e-12,1.5916157281026244e-12,5.775291356258094e-11,1.5916157281026244e-12,5.775291356258094e-11,0.34264320869321074,0.0,0.125,0.03265736114481955,3.251509820273446e-05,0.34264320869321074,3.251509820273446e-05,0.34264320869321074
63120.0,0.012158666666666667,5.775291356258094e-11,0.0,0.125,9.394682200224317e-12,1.6484591469634324e-12,5.775291356258094e-11,1.6484591469634324e-12,5.775291356258094e-11,0.34216745519238495,0.0,0.125,0.03260370043751687,3.242354289534344e-05,0.34216745519238495,3.242354289534344e-05,0.34216745519238495
63180.0,0.012158,5.775291356258094e-11,0.0,0.125,9.395491858409952e-12,1.6484591469634324e-12,5.775291356258094e-11,1.6484591469634324e-12,5.775291356258094e-11,0.341692915301537,0.0,0.125,0.032550189277969044,3.2332313632810195e-05,0.341692915301537,3.2332313632810195e-05,0.341692915301537
63240.0,0.012157333333333334,5.775291356258094e-11,0.0,0.125,9.396221586205304e-12,1.6484591469634324e-12,5.775291356258094e-11,1.6484591469634324e-12,5.775291356258094e-11,0.3412195850353319,0.0,0.125,0.0324968271493413,3.2241409103350716e-05,0.3412195850353319,3.2241409103350716e-05,0.3412195850353319
63300.0,0.012156666666666666,5.775291356258094e-11,0.0,0.125,9.396221586205302e-12,1.6484591469634324e-12,5.775291356258094e-11,1.6484591469634324e-12,5.775291356258094e-11,0.3407474604228761,0.0,0.125,0.03244361353673528,3.215082800467339e-05,0.3407474604228761,3.215082800467339e-05,0.3407474604228761
63360.0,0.012156,5.775291356258094e-11,0.0,0.125,9.396356146445057e-12,1.6484591469634324e-12,5.775291356258094e-11,1.6484591469634324e-12,5.775291356258094e-11,0.34027653750767606,0.0,0.125,0.03239054792717959,3.206056903498622e-05,0.34027653750767606,3.206056903498622e-05,0.34027653750767606
63420.0,0.012155333333333334,5.775291356258094e-11,0.0,0.125,9.396881404694262e-12,1.6484591469634324e-12,5.775291356258094e-11,1.6484591469634324e-12,5.775291356258094e-11,0.33980681234758564,0.0,0.125,0.03233762980962054,3.197063090365493e-05,0.33980681234758564,3.197063090365493e-05,0.33980681234758564
63480.0,0.012154666666666668,5.775291356258094e-11,0.0,0.125,9.397101504052146e-12,1.6484591469634324e-12,5.775291356258094e-11,1.6484591469634324e-12,5.775291356258094e-11,0.3393382810147685,0.0,0.125,0.032284858674913104,3.188101231971219e-05,0.3393382810147685,3.188101231971219e-05,0.3393382810147685
63540.0,0.012154,5.775291356258094e-11,0.0,0.125,9.397101504052146e-12,1.6484591469634324e-12,5.775291356258094e-11,1.6484591469634324e-12,5.775291356258094e-11,0.33887093959564674,0.0,0.125,0.0322322340158125,3.1791712001849604e-05,0.33887093959564674,3.1791712001849604e-05,0.33887093959564674
63600.0,0.012153333333333334,5.775291356258094e-11,0.0,0.125,9.397581259628034e-12,1.6484591469634324e-12,5.775291356258094e-11,1.6484591469634324e-12,5.775291356258094e-11,0.33840478419085873,0.0,0.125,0.03217975532696576,3.170272867253354e-05,0.33840478419085873,3.170272867253354e-05,0.33840478419085873
63660.0,0.012152666666666668,5.809397407574579e-11,0.0,0.125,9.417597705689506e-12,1.6484591469634324e-12,5.809397407574579e-11,1.6484591469634324e-12,5.809397407574579e-11,0.3379398109152103,0.0,0.125,0.032127422104903526,3.161406105850473e-05,0.3379398109152103,3.161406105850473e-05,0.3379398109152103
63720.0,0.012152,5.809397407574579e-11,0.0,0.125,9.417603161713184e-12,1.6484591469634324e-12,5.809397407574579e-11,1.6484591469634324e-12,5.809397407574579e-11,0.33747601589763165,0.0,0.125,0.032075233848032306,3.152570789388687e-05,0.33747601589763165,3.152570789388687e-05,0.33747601589763165
63780.0,0.012151333333333333,5.803713065688498e-11,0.0,0.125,9.409885635320289e-12,1.6484591469634324e-12,5.803713065688498e-11,1.6484591469634324e-12,5.803713065688498e-11,0.3370133952811297,0.0,0.125,0.03202319005662659,3.1437667917466605e-05,0.3370133952811297,3.1437667917466605e-05,0.3370133952811297
63840.0,0.012150666666666667,5.809397407574579e-11,0.0,0.125,9.404561485325896e-12,1.5916157281026244e-12,5.809397407574579e-11,1.5916157281026244e-12,5.809397407574579e-11,0.33655194522274523,0.0,0.125,0.031971290232821456,3.134993987163881e-05,0.33655194522274523,3.134993987163881e-05,0.33655194522274523
63900.0,0.012150000000000001,5.803713065688498e-11,0.0,0.125,9.404582419270055e-12,1.5916157281026244e-12,5.803713065688498e-11,1.5916157281026244e-12,5.803713065688498e-11,0.33609166189350237,0.0,0.125,0.031919533880605006,3.12625225065144e-05,0.33609166189350237,3.12625225065144e-05,0.33609166189350237
63960.0,0.012149333333333333,5.803713065688498e-11,0.0,0.125,9.404582419270055e-12,1.5916157281026244e-12,5.803713065688498e-11,1.5916157281026244e-12,5.803713065688498e-11,0.3356325414783668,0.0,0.125,0.03186792050581122,3.1175414575923543e-05,0.3356325414783668,3.1175414575923543e-05,0.3356325414783668
64020.0,0.012148666666666667,5.7980287238024175e-11,0.0,0.125,9.405759589001203e-12,1.5916157281026244e-12,5.7980287238024175e-11,1.5916157281026244e-12,5.7980287238024175e-11,0.3351745801762001,0.0,0.125,0.031816449616112755,3.108861483985814e-05,0.3351745801762001,3.108861483985814e-05,0.3351745801762001
64080.0,0.012148,5.809397407574579e-11,0.0,0.125,9.420741981652888e-12,1.5916157281026244e-12,5.809397407574579e-11,1.5916157281026244e-12,5.809397407574579e-11,0.33471777419971177,0.0,0.125,0.03176512072101391,3.100212206108566e-05,0.33471777419971177,3.100212206108566e-05,0.33471777419971177
64140.0,0.012147333333333333,5.81508174946066e-11,0.0,0.125,9.457767219321872e-12,1.5916157281026244e-12,5.81508174946066e-11,1.5916157281026244e-12,5.81508174946066e-11,0.33426211977541587,0.0,0.125,0.03171393333184369,3.091593501003409e-05,0.33426211977541587,3.091593501003409e-05,0.33426211977541587
64200.0,0.012146666666666667,5.81508174946066e-11,0.0,0.125,9.49257618105762e-12,1.7053025658242404e-12,5.81508174946066e-11,1.7053025658242404e-12,5.81508174946066e-11,0.3338076131435831,0.0,0.125,0.031662886961748994,3.0830052462682556e-05,0.3338076131435831,3.0830052462682556e-05,0.3338076131435831
64260.0,0.012146,5.81508174946066e-11,0.0,0.125,9.492642411277347e-12,1.7053025658242404e-12,5.81508174946066e-11,1.7053025658242404e-12,5.81508174946066e-11,0.3333542505581967,0.0,0.125,0.03161198112568781,3.074447319895146e-05,0.3333542505581967,3.074447319895146e-05,0.3333542505581967
64320.0,0.012145333333333333,5.81508174946066e-11,0.0,0.125,9.494363841726979e-12,1.7053025658242404e-12,5.81508174946066e-11,1.7053025658242404e-12,5.81508174946066e-11,0.3329020282869072,0.0,0.125,0.03156121534042255,3.065919600386824e-05,0.3329020282869072,3.065919600386824e-05,0.3329020282869072
64380.0,0.012144666666666666,5.81508174946066e-11,0.0,0.125,9.495903609245944e-12,1.7053025658242404e-12,5.81508174946066e-11,1.7053025658242404e-12,5.81508174946066e-11,0.33245094261098596,0.0,0.125,0.031510589124513454,3.057421966679019e-05,0.33245094261098596,3.057421966679019e-05,0.33245094261098596
64440.0,0.012144,5.81508174946066e-11,0.0,0.125,9.495957173708367e-12,1.7053025658242404e-12,5.81508174946066e-11,1.7053025658242404e-12,5.81508174946066e-11,0.3320009898252798,0.0,0.125,0.03146010199831198,3.0489542984679652e-05,0.3320009898252798,3.0489542984679652e-05,0.3320009898252798
64500.0,0.012143333333333332,5.809397407574579e-11,0.0,0.125,9.513500546582911e-12,1.7053025658242404e-12,5.809397407574579e-11,1.7053025658242404e-12,5.809397407574579e-11,0.3315521662381659,0.0,0.125,0.03140975348395438,3.0405164756830416e-05,0.3315521662381659,3.0405164756830416e-05,0.3315521662381659
64560.0,0.012142666666666666,5.809397407574579e-11,0.0,0.125,9.52860738746508e-12,1.7053025658242404e-12,5.809397407574579e-11,1.7053025658242404e-12,5.809397407574579e-11,0.33110446817150646,0.0,0.125,0.031359543105355284,3.03210837890866e-05,0.33110446817150646,3.03210837890866e-05,0.33110446817150646
64620.0,0.012142,5.820766091346741e-11,0.0,0.125,9.536521600755829e-12,1.7053025658242404e-12,5.820766091346741e-11,1.7053025658242404e-12,5.820766091346741e-11,0.3306578919606019,0.0,0.125,0.03130947038820124,3.02372988916777e-05,0.3306578919606019,3.02372988916777e-05,0.3306578919606019
64680.0,0.012141333333333334,5.820766091346741e-11,0.0,0.125,9.539173926804338e-12,1.7053025658242404e-12,5.820766091346741e-11,1.7053025658242404e-12,5.820766091346741e-11,0.3302124339541467,0.0,0.125,0.03125953485994444,3.0153808880994948e-05,0.3302124339541467,3.0153808880994948e-05,0.3302124339541467
64740.0,0.012140666666666666,5.809397407574579e-11,0.00015625627691759429,0.125,9.517516912308261e-12,1.6484591469634324e-12,5.809397407574579e-11,1.6484591469634324e-12,5.809397407574579e-11,0.329768090514184,0.0,0.125,0.03120973604979636,3.0070612576094113e-05,0.329768090514184,3.0070612576094113e-05,0.329768090514184
64800.0,0.01214,5.809397407574579e-11,0.00015624769659378353,0.125,9.518019206020295e-12,1.6484591469634324e-12,5.809397407574579e-11,1.6484591469634324e-12,5.809397407574579e-11,0.32932485801605954,0.0,0.125,0.031160073488721587,2.9987708803802526e-05,0.32932485801605954,2.9987708803802526e-05,0.32932485801605954
64860.0,0.012139666666666667,5.809397407574579e-11,0.00015624340643187817,0.125,9.530069440043934e-12,1.6484591469634324e-12,5.809397407574579e-11,1.6484591469634324e-12,5.809397407574579e-11,0.32888274667814626,0.0,0.125,0.03111054830103543,2.9905098653693063e-05,0.32888274667814626,2.9905098653693063e-05,0.32888274667814626
64920.0,0.012139333333333334,5.809397407574579e-11,0.0,0.125,9.543259123162843e-12,1.7053025658242404e-12,5.809397407574579e-11,1.7621459846850485e-12,5.809397407574579e-11,0.32844176656218155,0.0,0.125,0.031061161620291558,2.9822783193800273e-05,0.32844176656218155,2.9822783193800273e-05,0.32844176656218155
64980.0,0.012139,5.809397407574579e-11,0.0,0.125,9.545736805463828e-12,1.7053025658242404e-12,5.809397407574579e-11,1.7621459846850485e-12,5.809397407574579e-11,0.32800191383036237,0.0,0.125,0.031011912987072687,2.9740761214203104e-05,0.32800191383036237,2.9740761214203104e-05,0.32800191383036237
65040.0,0.012138666666666667,5.809397407574579e-11,0.0,0.125,9.579125035534643e-12,1.7053025658242404e-12,5.809397407574579e-11,1.7621459846850485e-12,5.809397407574579e-11,0.3275631846606375,0.0,0.125,0.03096280193666003,2.9659031513584733e-05,0.3275631846606375,2.9659031513584733e-05,0.3275631846606375
65100.0,0.012138333333333334,5.81508174946066e-11,0.0,0.125,9.597978377901903e-12,1.7053025658242404e-12,5.81508174946066e-11,1.7621459846850485e-12,5.81508174946066e-11,0.3271255752466371,0.0,0.125,0.030913828000945005,2.9577592894569626e-05,0.3271255752466371,2.9577592894569626e-05,0.3271255752466371
65160.0,0.012138,5.820766091346741e-11,0.0,0.125,9.6289054176767e-12,1.7053025658242404e-12,5.820766091346741e-11,1.7621459846850485e-12,5.820766091346741e-11,0.3266890817976035,0.0,0.125,0.03086499070975657,2.949644416533337e-05,0.3266890817976035,2.949644416533337e-05,0.3266890817976035
65220.0,0.012137666666666666,5.820766091346741e-11,0.0,0.125,9.628905417676701e-12,1.7053025658242404e-12,5.820766091346741e-11,1.7621459846850485e-12,5.820766091346741e-11,0.32625370053831615,0.0,0.125,0.03081628959180485,2.941558414015777e-05,0.32625370053831615,2.941558414015777e-05,0.32625370053831615
65280.0,0.012137333333333333,5.820766091346741e-11,0.0,0.125,9.628905417676701e-12,1.7053025658242404e-12,5.820766091346741e-11,1.7621459846850485e-12,5.820766091346741e-11,0.32581942770902006,0.0,0.125,0.030767724175365264,2.9335011635600594e-05,0.32581942770902006,2.9335011635600594e-05,0.32581942770902006
65340.0,0.012137,5.820766091346741e-11,0.0,0.125,9.628905417676701e-12,1.7053025658242404e-12,5.820766091346741e-11,1.7621459846850485e-12,5.820766091346741e-11,0.32538625956534684,0.0,0.125,0.03071929398878229,2.925472547643526e-05,0.32538625956534684,2.925472547643526e-05,0.32538625956534684
65400.0,0.012136666666666667,5.820766091346741e-11,0.0,0.125,9.628905417676701e-12,1.7053025658242404e-12,5.820766091346741e-11,1.7621459846850485e-12,5.820766091346741e-11,0.3249541923782421,0.0,0.125,0.03067099856084533,2.9174724491931592e-05,0.3249541923782421,2.9174724491931592e-05,0.3249541923782421
65460.0,0.012136333333333334,5.6843418860808015e-11,0.0,0.125,8.982716551382022e-12,3.410605131648481e-13,5.6843418860808015e-11,3.979039320256561e-13,5.6843418860808015e-11,0.32452322243388676,0.0,0.125,0.0306228374210722,2.9095007515078652e-05,0.32452322243388676,2.9095007515078652e-05,0.32452322243388676
65520.0,0.012136000000000001,5.695710569852963e-11,0.0,0.125,9.029571452760264e-12,2.8421709430404007e-13,5.695710569852963e-11,3.979039320256561e-13,5.695710569852963e-11,0.3240933460336206,0.0,0.125,0.030574810099925118,2.901557338647054e-05,0.3240933460336206,2.901557338647054e-05,0.3240933460336206
65580.0,0.012135666666666668,5.690026227966882e-11,0.0,0.125,9.00963704871196e-12,2.2737367544323206e-13,5.690026227966882e-11,3.410605131648481e-13,5.690026227966882e-11,0.32366455949386563,0.0,0.125,0.030526916128976626,2.8936420948144637e-05,0.32366455949386563,2.8936420948144637e-05,0.32366455949386563
65640.0,0.012135333333333335,5.690026227966882e-11,0.0,0.125,9.010211597761e-12,2.2737367544323206e-13,5.690026227966882e-11,3.410605131648481e-13,5.690026227966882e-11,0.3232368591460466,0.0,0.125,0.030479155041037712,2.8857549050076425e-05,0.3232368591460466,2.8857549050076425e-05,0.3232368591460466
65700.0,0.012135,5.690026227966882e-11,0.0,0.125,9.011462695673475e-12,2.2737367544323206e-13,5.690026227966882e-11,3.410605131648481e-13,5.690026227966882e-11,0.3228102413365149,0.0,0.125,0.030431526370257683,2.8778956547126366e-05,0.3228102413365149,2.8778956547126366e-05,0.3228102413365149
65760.0,0.012134666666666667,5.690026227966882e-11,0.0,0.125,9.013635758315007e-12,3.979039320256561e-13,5.690026227966882e-11,3.979039320256561e-13,5.690026227966882e-11,0.3223847024264709,0.0,0.125,0.030384029652202167,2.8700642297763146e-05,0.3223847024264709,2.8700642297763146e-05,0.3223847024264709
65820.0,0.012134333333333334,5.690026227966882e-11,0.0,0.125,9.013635758315007e-12,3.979039320256561e-13,5.690026227966882e-11,3.979039320256561e-13,5.690026227966882e-11,0.32196023879188557,0.0,0.125,0.030336664423914333,2.8622605166006565e-05,0.32196023879188557,2.8622605166006565e-05,0.32196023879188557
65880.0,0.012134,5.695710569852963e-11,0.0,0.125,9.01468561326918e-12,3.979039320256561e-13,5.695710569852963e-11,3.979039320256561e-13,5.695710569852963e-11,0.3215368468234243,0.0,0.125,0.030289430223963056,2.854484402053936e-05,0.3215368468234243,2.854484402053936e-05,0.3215368468234243
65940.0,0.012133666666666668,5.695710569852963e-11,0.0,0.125,9.01468561326918e-12,3.979039320256561e-13,5.695710569852963e-11,3.979039320256561e-13,5.695710569852963e-11,0.3211145229263688,0.0,0.125,0.03024232659248088,2.8467357736428056e-05,0.3211145229263688,2.8467357736428056e-05,0.3211145229263688
66000.0,0.012133333333333335,5.695710569852963e-11,0.0,0.125,9.018638245972515e-12,3.979039320256561e-13,5.695710569852963e-11,3.979039320256561e-13,5.695710569852963e-11,0.32069326352054095,0.0,0.125,0.030195353071194007,2.8390145192513927e-05,0.32069326352054095,2.8390145192513927e-05,0.32069326352054095
66060.0,0.012133000000000001,5.695710569852963e-11,0.0,0.125,9.018754656964773e-12,4.547473508864641e-13,5.695710569852963e-11,4.547473508864641e-13,5.695710569852963e-11,0.3202730650402278,0.0,0.125,0.030148509203445653,2.831320527141301e-05,0.3202730650402278,2.831320527141301e-05,0.3202730650402278
66120.0,0.012132666666666668,5.695710569852963e-11,0.0,0.125,9.026472820902251e-12,4.547473508864641e-13,5.695710569852963e-11,4.547473508864641e-13,5.695710569852963e-11,0.3198539239341038,0.0,0.125,0.030101794534214597,2.823653686317984e-05,0.3198539239341038,2.823653686317984e-05,0.3198539239341038
66180.0,0.012132333333333335,5.690026227966882e-11,0.0,0.125,9.026826034583339e-12,4.547473508864641e-13,5.690026227966882e-11,4.547473508864641e-13,5.690026227966882e-11,0.31943583666515574,0.0,0.125,0.030055208610129357,2.8160138861754724e-05,0.31943583666515574,2.8160138861754724e-05,0.31943583666515574
66240.0,0.012132000000000002,5.695710569852963e-11,0.0,0.125,9.026826034583339e-12,4.547473508864641e-13,5.695710569852963e-11,4.547473508864641e-13,5.695710569852963e-11,0.31901879971060954,0.0,0.125,0.030008750979479172,2.8084010163687e-05,0.31901879971060954,2.8084010163687e-05,0.31901879971060954
66300.0,0.012131666666666669,5.690026227966882e-11,0.0,0.125,9.00233698040842e-12,3.979039320256561e-13,5.690026227966882e-11,3.979039320256561e-13,5.690026227966882e-11,0.3186028095618539,0.0,0.125,0.029962421192222373,2.8008149672797966e-05,0.3186028095618539,2.8008149672797966e-05,0.3186028095618539
66360.0,0.012131333333333334,5.690026227966882e-11,0.0,0.125,9.00233698040842e-12,3.979039320256561e-13,5.690026227966882e-11,3.979039320256561e-13,5.690026227966882e-11,0.31818786272436594,0.0,0.125,0.029916218799992195,2.793255629834901e-05,0.31818786272436594,2.793255629834901e-05,0.31818786272436594
66420.0,0.012131000000000001,5.6843418860808015e-11,0.0,0.125,9.00233698040842e-12,3.979039320256561e-13,5.6843418860808015e-11,3.979039320256561e-13,5.6843418860808015e-11,0.31777395571764094,0.0,0.125,0.02987014335610114,2.78572289514889e-05,0.31777395571764094,2.78572289514889e-05,0.31777395571764094
66480.0,0.012130666666666668,5.6843418860808015e-11,0.0,0.125,9.0028415861433e-12,3.979039320256561e-13,5.6843418860808015e-11,3.979039320256561e-13,5.6843418860808015e-11,0.31736108507511623,0.0,0.125,0.02982419441554365,2.7782166551248988e-05,0.31736108507511623,2.7782166551248988e-05,0.31736108507511623
66540.0,0.012130333333333335,5.695710569852963e-11,0.0,0.125,9.004697455731452e-12,3.979039320256561e-13,5.695710569852963e-11,3.979039320256561e-13,5.695710569852963e-11,0.3169492473441001,0.0,0.125,0.029778371534997447,2.770736801915863e-05,0.3169492473441001,2.770736801915863e-05,0.3169492473441001
66600.0,0.012130000000000002,5.695710569852963e-11,0.0,0.125,9.013219628046789e-12,3.979039320256561e-13,5.695710569852963e-11,3.979039320256561e-13,5.695710569852963e-11,0.31653843908570145,0.0,0.125,0.02973267427282403,2.7632832281354602e-05,0.31653843908570145,2.7632832281354602e-05,0.31653843908570145
66660.0,0.012129666666666669,5.690026227966882e-11,0.0,0.125,9.01708221782917e-12,4.547473508864641e-13,5.690026227966882e-11,4.547473508864641e-13,5.690026227966882e-11,0.3161286568747563,0.0,0.125,0.02968710218906812,2.7558558270968092e-05,0.3161286568747563,2.7558558270968092e-05,0.3161286568747563
66720.0,0.012129333333333336,5.6843418860808015e-11,0.0,0.125,9.017533285087994e-12,4.547473508864641e-13,5.6843418860808015e-11,4.547473508864641e-13,5.6843418860808015e-11,0.31571989729975847,0.0,0.125,0.02964165484545637,2.7484544923517262e-05,0.31571989729975847,2.7484544923517262e-05,0.31571989729975847
66780.0,0.012129000000000001,5.695710569852963e-11,0.0,0.125,9.0239500907637e-12,4.547473508864641e-13,5.695710569852963e-11,4.547473508864641e-13,5.695710569852963e-11,0.3153121569627895,0.0,0.125,0.02959633180539559,2.7410791180293437e-05,0.3153121569627895,2.7410791180293437e-05,0.3153121569627895
66840.0,0.012128666666666668,5.701394911739044e-11,0.0,0.125,9.036920571418924e-12,4.547473508864641e-13,5.701394911739044e-11,4.547473508864641e-13,5.701394911739044e-11,0.3149054324794497,0.0,0.125,0.029551132633970217,2.733729598652923e-05,0.3149054324794497,2.733729598652923e-05,0.3149054324794497
66900.0,0.012128333333333335,5.695710569852963e-11,0.0,0.125,9.041336956379522e-12,4.547473508864641e-13,5.695710569852963e-11,4.547473508864641e-13,5.695710569852963e-11,0.3144997204787894,0.0,0.125,0.029506056897939417,2.726405829173162e-05,0.3144997204787894,2.726405829173162e-05,0.3144997204787894
66960.0,0.012128000000000002,5.701394911739044e-11,0.0,0.125,9.098550419863206e-12,1.3073986337985843e-12,5.701394911739044e-11,1.4779288903810084e-12,5.701394911739044e-11,0.3140950176032381,0.0,0.125,0.029461104165733942,2.7191077051735846e-05,0.3140950176032381,2.7191077051735846e-05,0.3140950176032381
67020.0,0.012127666666666669,5.701394911739044e-11,0.0,0.125,9.104706541768108e-12,1.4779288903810084e-12,5.701394911739044e-11,1.4779288903810084e-12,5.701394911739044e-11,0.3136913205085409,0.0,0.125,0.029416274007452326,2.711835122543027e-05,0.3136913205085409,2.711835122543027e-05,0.3136913205085409
67080.0,0.012127333333333335,5.701394911739044e-11,0.0,0.125,9.104714416733121e-12,1.4779288903810084e-12,5.701394911739044e-11,1.4779288903810084e-12,5.701394911739044e-11,0.3132886258636882,0.0,0.125,0.029371565994857067,2.7045879777531923e-05,0.3132886258636882,2.7045879777531923e-05,0.3132886258636882
67140.0,0.012127000000000002,5.690026227966882e-11,0.0,0.125,9.08895471514581e-12,1.4210854715202004e-12,5.690026227966882e-11,1.5916157281026244e-12,5.690026227966882e-11,0.31288693035085174,0.0,0.125,0.029326979701370475,2.6973661673979077e-05,0.31288693035085174,2.6973661673979077e-05,0.31288693035085174
67200.0,0.012126666666666668,5.695710569852963e-11,0.0,0.125,9.102942965265548e-12,1.6484591469634324e-12,5.695710569852963e-11,1.6484591469634324e-12,5.695710569852963e-11,0.31248623066531545,0.0,0.125,0.029282514702070158,2.690169588992486e-05,0.31248623066531545,2.690169588992486e-05,0.31248623066531545
67260.0,0.012126333333333334,5.695710569852963e-11,0.0,0.125,9.104429914324585e-12,1.6484591469634324e-12,5.695710569852963e-11,1.6484591469634324e-12,5.695710569852963e-11,0.31208652351541244,0.0,0.125,0.02923817057368456,2.682998140224324e-05,0.31208652351541244,2.682998140224324e-05,0.31208652351541244
67320.0,0.012126000000000001,5.695710569852963e-11,0.0,0.125,9.109554003258291e-12,1.7053025658242404e-12,5.695710569852963e-11,1.7053025658242404e-12,5.695710569852963e-11,0.31168780562245857,0.0,0.125,0.029193946894588048,2.6758517192637665e-05,0.31168780562245857,2.6758517192637665e-05,0.31168780562245857
67380.0,0.012125666666666668,5.695710569852963e-11,0.0,0.125,9.110427630027013e-12,1.7053025658242404e-12,5.695710569852963e-11,1.7053025658242404e-12,5.695710569852963e-11,0.3112900737206907,0.0,0.125,0.02914984324479615,2.6687302246697353e-05,0.3112900737206907,2.6687302246697353e-05,0.3112900737206907
67440.0,0.012125333333333335,5.695710569852963e-11,0.0,0.125,9.111739449361933e-12,1.7053025658242404e-12,5.695710569852963e-11,1.7053025658242404e-12,5.695710569852963e-11,0.3108933245571981,0.0,0.125,0.029105859205960424,2.6616335556506332e-05,0.3108933245571981,2.6616335556506332e-05,0.3108933245571981
67500.0,0.012125,5.695710569852963e-11,0.0,0.125,9.111903468465817e-12,1.7053025658242404e-12,5.695710569852963e-11,1.7053025658242404e-12,5.695710569852963e-11,0.31049755489186437,0.0,0.125,0.029061994361363343,2.6545616116036008e-05,0.31049755489186437,2.6545616116036008e-05,0.31049755489186437
67560.0,0.012124666666666667,5.695710569852963e-11,0.0,0.125,9.111903468465818e-12,1.7053025658242404e-12,5.695710569852963e-11,1.7053025658242404e-12,5.695710569852963e-11,0.3101027614973009,0.0,0.125,0.029018248295913006,2.6475142923365613e-05,0.3101027614973009,2.6475142923365613e-05,0.3101027614973009
67620.0,0.012124333333333334,5.695710569852963e-11,0.0,0.125,9.112226641354795e-12,1.7053025658242404e-12,5.695710569852963e-11,1.7053025658242404e-12,5.695710569852963e-11,0.30970894115878544,0.0,0.125,0.028974620596137805,2.640491498490105e-05,0.30970894115878544,2.640491498490105e-05,0.30970894115878544
67680.0,0.012124000000000001,5.695710569852963e-11,0.0,0.125,9.112226641354795e-12,1.7053025658242404e-12,5.695710569852963e-11,1.7053025658242404e-12,5.695710569852963e-11,0.30931609067420196,0.0,0.125,0.028931110850181015,2.633493130765885e-05,0.30931609067420196,2.633493130765885e-05,0.30931609067420196
67740.0,0.012123666666666668,5.695710569852963e-11,0.00015603747866042015,0.125,9.112226641354797e-12,1.7053025658242404e-12,5.695710569852963e-11,1.7053025658242404e-12,5.695710569852963e-11,0.3089242068539765,0.0,0.125,0.028887718647795324,2.6265190903984603e-05,0.3089242068539765,2.6265190903984603e-05,0.3089242068539765
67800.0,0.012123333333333335,5.695710569852963e-11,0.0,0.125,9.112226641354795e-12,1.7053025658242404e-12,5.695710569852963e-11,1.7053025658242404e-12,5.695710569852963e-11,0.3085332865210179,0.0,0.125,0.028844443580337262,2.619569279144196e-05,0.3085332865210179,2.619569279144196e-05,0.3085332865210179
67860.0,0.012123000000000002,5.695710569852963e-11,0.0,0.125,9.112525855264401e-12,1.7053025658242404e-12,5.695710569852963e-11,1.7053025658242404e-12,5.695710569852963e-11,0.3081433265106579,0.0,0.125,0.028801285240761594,2.6126435990370123e-05,0.3081433265106579,2.6126435990370123e-05,0.3081433265106579
67920.0,0.012122666666666667,5.695710569852963e-11,0.0,0.125,9.112820480664648e-12,1.7053025658242404e-12,5.695710569852963e-11,1.7053025658242404e-12,5.695710569852963e-11,0.3077543236705904,0.0,0.125,0.02875824322361572,2.6057419524938563e-05,0.3077543236705904,2.6057419524938563e-05,0.3077543236705904
67980.0,0.012122333333333334,5.695710569852963e-11,0.0,0.125,9.112841618322904e-12,1.7053025658242404e-12,5.695710569852963e-11,1.7053025658242404e-12,5.695710569852963e-11,0.3073662748608112,0.0,0.125,0.02871531712503399,2.598864242725485e-05,0.3073662748608112,2.598864242725485e-05,0.3073662748608112
68040.0,0.012122,5.690026227966882e-11,0.0,0.125,9.083588501159721e-12,1.6484591469634324e-12,5.690026227966882e-11,1.6484591469634324e-12,5.690026227966882e-11,0.3069791769535613,0.0,0.125,0.028672506542731905,2.592010372853837e-05,0.3069791769535613,2.592010372853837e-05,0.3069791769535613
68100.0,0.012121666666666668,5.690026227966882e-11,0.0,0.125,9.084124424550739e-12,1.6484591469634324e-12,5.690026227966882e-11,1.6484591469634324e-12,5.690026227966882e-11,0.3065930268332655,0.0,0.125,0.02862981107600053,2.5851802468890295e-05,0.3065930268332655,2.5851802468890295e-05,0.3065930268332655
68160.0,0.012121333333333335,5.690026227966882e-11,0.0,0.125,9.084746666019617e-12,1.6484591469634324e-12,5.690026227966882e-11,1.6484591469634324e-12,5.690026227966882e-11,0.30620782139647734,0.0,0.125,0.02858723032570058,2.5783737689133446e-05,0.30620782139647734,2.5783737689133446e-05,0.30620782139647734
68220.0,0.012121,5.690026227966882e-11,0.0,0.125,9.090779407572747e-12,1.7053025658242404e-12,5.690026227966882e-11,1.7053025658242404e-12,5.690026227966882e-11,0.3058235575518185,0.0,0.125,0.028544763894256687,2.5715908436585444e-05,0.3058235575518185,2.5715908436585444e-05,0.3058235575518185
68280.0,0.012120666666666667,5.690026227966882e-11,0.0,0.125,9.090779407572747e-12,1.7053025658242404e-12,5.690026227966882e-11,1.7053025658242404e-12,5.690026227966882e-11,0.30544023221992467,0.0,0.125,0.028502411385651703,2.5648313761061914e-05,0.30544023221992467,2.5648313761061914e-05,0.30544023221992467
68340.0,0.012120333333333334,5.690026227966882e-11,0.0,0.125,9.090954744804564e-12,1.7053025658242404e-12,5.690026227966882e-11,1.7053025658242404e-12,5.690026227966882e-11,0.30505784233338606,0.0,0.125,0.02846017240542069,2.5580952717429994e-05,0.30505784233338606,2.5580952717429994e-05,0.30505784233338606
68400.0,0.01212,5.690026227966882e-11,0.0,0.125,9.09101769132452e-12,1.7053025658242404e-12,5.690026227966882e-11,1.7053025658242404e-12,5.690026227966882e-11,0.3046763848366933,0.0,0.125,0.028418046560645234,2.551382436416505e-05,0.3046763848366933,2.551382436416505e-05,0.3046763848366933
68460.0,0.012119666666666667,5.690026227966882e-11,0.0,0.125,9.091017691324519e-12,1.7053025658242404e-12,5.690026227966882e-11,1.7053025658242404e-12,5.690026227966882e-11,0.3042958566861794,0.0,0.125,0.028376033459947544,2.544692776396129e-05,0.3042958566861794,2.544692776396129e-05,0.3042958566861794
68520.0,0.012119333333333334,5.690026227966882e-11,0.0,0.125,9.132177863099549e-12,1.7053025658242404e-12,5.690026227966882e-11,1.7053025658242404e-12,5.690026227966882e-11,0.3039162548499666,0.0,0.125,0.028334132713484648,2.5380261983454222e-05,0.3039162548499666,2.5380261983454222e-05,0.3039162548499666
68580.0,0.012119000000000001,5.690026227966882e-11,0.0,0.125,9.139568895652415e-12,1.7053025658242404e-12,5.690026227966882e-11,1.7053025658242404e-12,5.690026227966882e-11,0.3035375763079077,0.0,0.125,0.028292343932942474,2.5313826095496594e-05,0.3035375763079077,2.5313826095496594e-05,0.3035375763079077
68640.0,0.012118666666666666,5.690026227966882e-11,0.0,0.125,9.139568895652415e-12,1.7053025658242404e-12,5.690026227966882e-11,1.7053025658242404e-12,5.690026227966882e-11,0.30315981805153724,0.0,0.125,0.028250666731530077,2.524761917294116e-05,0.30315981805153724,2.524761917294116e-05,0.30315981805153724
68700.0,0.012118333333333333,5.690026227966882e-11,0.0,0.125,9.142882220270996e-12,1.7053025658242404e-12,5.690026227966882e-11,1.7053025658242404e-12,5.690026227966882e-11,0.30278297708401214,0.0,0.125,0.028209100723973795,2.518164029480241e-05,0.30278297708401214,2.518164029480241e-05,0.30278297708401214
68760.0,0.012118,5.690026227966882e-11,0.0,0.125,9.142882220270995e-12,1.7053025658242404e-12,5.690026227966882e-11,1.7053025658242404e-12,5.690026227966882e-11,0.3024070504200601,0.0,0.125,0.028167645526511305,2.5115888544868792e-05,0.3024070504200601,2.5115888544868792e-05,0.3024070504200601
68820.0,0.012117666666666667,5.690026227966882e-11,0.0,0.125,9.145159632073443e-12,1.7053025658242404e-12,5.690026227966882e-11,1.7053025658242404e-12,5.690026227966882e-11,0.30203203508592474,0.0,0.125,0.02812630075688589,2.5050363010259424e-05,0.30203203508592474,2.5050363010259424e-05,0.30203203508592474
68880.0,0.012117333333333334,5.690026227966882e-11,0.0,0.125,9.149078785996756e-12,1.7053025658242404e-12,5.690026227966882e-11,1.7053025658242404e-12,5.690026227966882e-11,0.30165792811931535,0.0,0.125,0.028085066034340477,2.4985062781868184e-05,0.30165792811931535,2.4985062781868184e-05,0.30165792811931535
68940.0,0.012117000000000001,5.690026227966882e-11,0.0,0.125,9.149099839885498e-12,1.7053025658242404e-12,5.690026227966882e-11,1.7053025658242404e-12,5.690026227966882e-11,0.3012847265693511,0.0,0.125,0.028043940979611978,2.491998695464126e-05,0.3012847265693511,2.491998695464126e-05,0.3012847265693511
69000.0,0.012116666666666668,5.6843418860808015e-11,0.0,0.125,9.11938049704405e-12,1.6484591469634324e-12,5.6843418860808015e-11,1.6484591469634324e-12,5.6843418860808015e-11,0.30091242749651215,0.0,0.125,0.028002925214925242,2.4855134626577957e-05,0.30091242749651215,2.4855134626577957e-05,0.30091242749651215
69060.0,0.012116333333333335,5.6843418860808015e-11,0.0,0.125,9.121455674717343e-12,1.6484591469634324e-12,5.6843418860808015e-11,1.6484591469634324e-12,5.6843418860808015e-11,0.30054102797258464,0.0,0.125,0.02796201836398736,2.4790504901339716e-05,0.30054102797258464,2.4790504901339716e-05,0.30054102797258464
69120.0,0.012116,5.6843418860808015e-11,0.0,0.125,9.121930635154285e-12,1.6484591469634324e-12,5.6843418860808015e-11,1.6484591469634324e-12,5.6843418860808015e-11,0.3001705250806118,0.0,0.125,0.027921220051981863,2.472609688414229e-05,0.3001705250806118,2.472609688414229e-05,0.3001705250806118
69180.0,0.012115666666666667,5.6843418860808015e-11,0.0,0.125,9.128346873628895e-12,1.6484591469634324e-12,5.6843418860808015e-11,1.6484591469634324e-12,5.6843418860808015e-11,0.29980091591484004,0.0,0.125,0.027880529905562865,2.4661909687528905e-05,0.29980091591484004,2.4661909687528905e-05,0.29980091591484004
69240.0,0.012115333333333334,5.6843418860808015e-11,0.0,0.125,9.1289577465167e-12,1.7053025658242404e-12,5.6843418860808015e-11,1.7053025658242404e-12,5.6843418860808015e-11,0.29943219758067197,0.0,0.125,0.027839947552849277,2.459794242432034e-05,0.29943219758067197,2.459794242432034e-05,0.29943219758067197
69300.0,0.012115,5.6843418860808015e-11,0.0,0.125,9.128957746516698e-12,1.7053025658242404e-12,5.6843418860808015e-11,1.7053025658242404e-12,5.6843418860808015e-11,0.2990643671946126,0.0,0.125,0.027799472623419013,2.4534194213943206e-05,0.2990643671946126,2.4534194213943206e-05,0.2990643671946126
69360.0,0.012114666666666668,5.701394911739044e-11,0.0,0.125,9.188776257187266e-12,1.7621459846850485e-12,5.701394911739044e-11,1.7621459846850485e-12,5.701394911739044e-11,0.29869742188422255,0.0,0.125,0.02775910474830327,2.4470664176545753e-05,0.29869742188422255,2.4470664176545753e-05,0.29869742188422255
69420.0,0.012114333333333335,5.701394911739044e-11,0.0,0.125,9.188776257187265e-12,1.7053025658242404e-12,5.701394911739044e-11,1.7053025658242404e-12,5.701394911739044e-11,0.2983313587880655,0.0,0.125,0.027718843559980652,2.4407351439381664e-05,0.2983313587880655,2.4407351439381664e-05,0.2983313587880655
69480.0,0.012114000000000002,5.701394911739044e-11,0.0,0.125,9.20264855289843e-12,1.7053025658242404e-12,5.701394911739044e-11,1.7053025658242404e-12,5.701394911739044e-11,0.29796617505566025,0.0,0.125,0.027678688692371597,2.434425513170302e-05,0.29796617505566025,2.434425513170302e-05,0.29796617505566025
69540.0,0.012113666666666667,5.701394911739044e-11,0.0,0.125,9.203109448910692e-12,1.7053025658242404e-12,5.701394911739044e-11,1.7053025658242404e-12,5.701394911739044e-11,0.29760186784743303,0.0,0.125,0.027638639780832464,2.428137438703626e-05,0.29760186784743303,2.428137438703626e-05,0.29760186784743303
69600.0,0.012113333333333334,5.701394911739044e-11,0.0,0.125,9.203109448910692e-12,1.7053025658242404e-12,5.701394911739044e-11,1.7053025658242404e-12,5.701394911739044e-11,0.2972384343346659,0.0,0.125,0.027598696462149904,2.4218708343237694e-05,0.2972384343346659,2.4218708343237694e-05,0.2972384343346659
69660.0,0.012113,5.701394911739044e-11,0.0,0.125,9.203109448910692e-12,1.7621459846850485e-12,5.701394911739044e-11,1.7621459846850485e-12,5.701394911739044e-11,0.2968758716994526,0.0,0.125,0.027558858374535113,2.4156256140717147e-05,0.2968758716994526,2.4156256140717147e-05,0.2968758716994526
69720.0,0.012112666666666667,5.701394911739044e-11,0.0,0.125,9.231252410074012e-12,1.7053025658242404e-12,5.701394911739044e-11,1.7053025658242404e-12,5.701394911739044e-11,0.2965141771346473,0.0,0.125,0.02751912515761815,2.4094016923437156e-05,0.2965141771346473,2.4094016923437156e-05,0.2965141771346473
69780.0,0.012112333333333334,5.701394911739044e-11,0.0,0.125,9.231952000250039e-12,1.7621459846850485e-12,5.701394911739044e-11,1.7621459846850485e-12,5.701394911739044e-11,0.2961533478438184,0.0,0.125,0.027479496452442312,2.4031989839967682e-05,0.2961533478438184,2.4031989839967682e-05,0.2961533478438184
69840.0,0.012112000000000001,5.701394911739044e-11,0.000155887322993732,0.125,9.236507034467398e-12,1.7053025658242404e-12,5.701394911739044e-11,1.7621459846850485e-12,5.701394911739044e-11,0.2957933810412014,0.0,0.125,0.02743997190145837,2.3970174042431402e-05,0.2957933810412014,2.3970174042431402e-05,0.2957933810412014
69900.0,0.012111666666666668,5.701394911739044e-11,0.0,0.125,9.242118616467896e-12,1.8189894035458565e-12,5.701394911739044e-11,1.8189894035458565e-12,5.701394911739044e-11,0.2954342739516512,0.0,0.125,0.02740055114851901,2.390856868716984e-05,0.2954342739516512,2.390856868716984e-05,0.2954342739516512
69960.0,0.012111333333333335,5.701394911739044e-11,0.0,0.125,9.212411241455876e-12,1.8189894035458565e-12,5.701394911739044e-11,1.8189894035458565e-12,5.701394911739044e-11,0.29507602381059683,0.0,0.125,0.027361233838873143,2.384717293307803e-05,0.29507602381059683,2.384717293307803e-05,0.29507602381059683
70020.0,0.012111,5.701394911739044e-11,0.0,0.125,9.215366075041218e-12,1.8189894035458565e-12,5.701394911739044e-11,1.8189894035458565e-12,5.701394911739044e-11,0.29471862786399416,0.0,0.125,0.02732201961916029,2.3785985942881283e-05,0.29471862786399416,2.3785985942881283e-05,0.29471862786399416
70080.0,0.012110666666666667,5.695710569852963e-11,0.0,0.125,9.215633991461834e-12,1.7621459846850485e-12,5.695710569852963e-11,1.7621459846850485e-12,5.695710569852963e-11,0.2943620833682805,0.0,0.125,0.027282908137404995,2.3725006883579258e-05,0.2943620833682805,2.3725006883579258e-05,0.2943620833682805
70140.0,0.012110333333333334,5.695710569852963e-11,0.0,0.125,9.215999871357633e-12,1.7621459846850485e-12,5.695710569852963e-11,1.7621459846850485e-12,5.695710569852963e-11,0.2940063875903276,0.0,0.125,0.027243899043011298,2.3664234925280248e-05,0.2940063875903276,2.3664234925280248e-05,0.2940063875903276
70200.0,0.012110000000000001,5.701394911739044e-11,0.0,0.125,9.22067889710519e-12,1.8189894035458565e-12,5.701394911739044e-11,1.8189894035458565e-12,5.701394911739044e-11,0.2936515378073984,0.0,0.125,0.027204991986757025,2.360366924142321e-05,0.2936515378073984,2.360366924142321e-05,0.2936515378073984
70260.0,0.012109666666666668,5.701394911739044e-11,0.0,0.125,9.225045876978222e-12,1.8189894035458565e-12,5.701394911739044e-11,1.8189894035458565e-12,5.701394911739044e-11,0.29329753130710023,0.0,0.125,0.027166186620788377,2.3543309010498614e-05,0.29329753130710023,2.3543309010498614e-05,0.29329753130710023
70320.0,0.012109333333333335,5.701394911739044e-11,0.0,0.125,9.225045876978222e-12,1.8189894035458565e-12,5.701394911739044e-11,1.8189894035458565e-12,5.701394911739044e-11,0.2929443653873402,0.0,0.125,0.027127482598614316,2.348315341360596e-05,0.2929443653873402,2.348315341360596e-05,0.2929443653873402
70380.0,0.012109000000000002,5.695710569852963e-11,0.00015584871153658363,0.125,9.225045876978222e-12,1.8189894035458565e-12,5.695710569852963e-11,1.8189894035458565e-12,5.695710569852963e-11,0.292592037356283,0.0,0.125,0.027088879575101157,2.342320163334355e-05,0.292592037356283,2.342320163334355e-05,0.292592037356283
70440.0,0.012108666666666667,5.701394911739044e-11,0.0,0.125,9.22508409094343e-12,1.8189894035458565e-12,5.701394911739044e-11,1.8189894035458565e-12,5.701394911739044e-11,0.29224054453230175,0.0,0.125,0.027050377206466872,2.3363452859637146e-05,0.29224054453230175,2.3363452859637146e-05,0.29224054453230175
70500.0,0.012108333333333334,5.701394911739044e-11,0.0,0.125,9.229724719819486e-12,1.8189894035458565e-12,5.701394911739044e-11,1.8189894035458565e-12,5.701394911739044e-11,0.2918898842439397,0.0,0.125,0.02701197515027576,2.330390628224599e-05,0.2918898842439397,2.330390628224599e-05,0.2918898842439397
70560.0,0.012108,5.701394911739044e-11,0.0,0.125,9.230060501132827e-12,1.8189894035458565e-12,5.701394911739044e-11,1.8189894035458565e-12,5.701394911739044e-11,0.2915400538298613,0.0,0.125,0.026973673065433034,2.3244561098700878e-05,0.2915400538298613,2.3244561098700878e-05,0.2915400538298613
70620.0,0.012107666666666668,5.701394911739044e-11,0.0,0.125,9.230916269698225e-12,1.8189894035458565e-12,5.701394911739044e-11,1.8189894035458565e-12,5.701394911739044e-11,0.2911910506388139,0.0,0.125,0.026935470612179165,2.318541650558892e-05,0.2911910506388139,2.318541650558892e-05,0.2911910506388139
70680.0,0.012107333333333335,5.701394911739044e-11,0.0,0.125,9.233459695105069e-12,1.8189894035458565e-12,5.701394911739044e-11,1.8189894035458565e-12,5.701394911739044e-11,0.2908428720295797,0.0,0.125,0.026897367452084618,2.3126471705936513e-05,0.2908428720295797,2.3126471705936513e-05,0.2908428720295797
70740.0,0.012107,5.701394911739044e-11,0.0,0.125,9.23666181277349e-12,1.8189894035458565e-12,5.701394911739044e-11,1.8189894035458565e-12,5.701394911739044e-11,0.29049551537093626,0.0,0.125,0.02685936324804447,2.3067725904268865e-05,0.29049551537093626,2.3067725904268865e-05,0.29049551537093626
70800.0,0.012106666666666667,5.701394911739044e-11,0.0,0.125,9.236696902825938e-12,1.8189894035458565e-12,5.701394911739044e-11,1.8189894035458565e-12,5.701394911739044e-11,0.29014897804161166,0.0,0.125,0.026821457664272876,2.3009178310884337e-05,0.29014897804161166,2.3009178310884337e-05,0.29014897804161166
70860.0,0.012106333333333334,5.701394911739044e-11,0.0,0.125,9.263907902919491e-12,1.8189894035458565e-12,5.701394911739044e-11,1.8189894035458565e-12,5.701394911739044e-11,0.28980325743024316,0.0,0.125,0.026783650366297786,2.295082813746907e-05,0.28980325743024316,2.295082813746907e-05,0.28980325743024316
70920.0,0.012106,5.707079253625125e-11,0.0,0.125,9.26573723365104e-12,1.8189894035458565e-12,5.707079253625125e-11,1.8189894035458565e-12,5.707079253625125e-11,0.2894583509353358,0.0,0.125,0.026745941020955604,2.289267459981703e-05,0.2894583509353358,2.289267459981703e-05,0.2894583509353358
70980.0,0.012105666666666667,5.695710569852963e-11,0.0,0.125,9.235468312118307e-12,1.7621459846850485e-12,5.695710569852963e-11,1.7621459846850485e-12,5.695710569852963e-11,0.2891142559652192,0.0,0.125,0.026708329296385787,2.2834716917052855e-05,0.2891142559652192,2.2834716917052855e-05,0.2891142559652192
71040.0,0.012105333333333334,5.695710569852963e-11,0.0,0.125,9.236701852637418e-12,1.7621459846850485e-12,5.695710569852963e-11,1.7621459846850485e-12,5.695710569852963e-11,0.288770969938005,0.0,0.125,0.026670814862025573,2.277695431174287e-05,0.288770969938005,2.277695431174287e-05,0.288770969938005
71100.0,0.012105000000000001,5.695710569852963e-11,0.0,0.125,9.242943086396832e-12,1.7621459846850485e-12,5.695710569852963e-11,1.7621459846850485e-12,5.695710569852963e-11,0.28842849028154643,0.0,0.125,0.026633397388604693,2.271938601017265e-05,0.28842849028154643,2.271938601017265e-05,0.28842849028154643
71160.0,0.012104666666666666,5.695710569852963e-11,0.0,0.125,9.243110034074824e-12,1.7621459846850485e-12,5.695710569852963e-11,1.7621459846850485e-12,5.695710569852963e-11,0.28808681443339856,0.0,0.125,0.02659607654814003,2.266201124218048e-05,0.28808681443339856,2.266201124218048e-05,0.28808681443339856
71220.0,0.012104333333333333,5.695710569852963e-11,0.0,0.125,9.24346894469842e-12,1.7621459846850485e-12,5.695710569852963e-11,1.7621459846850485e-12,5.695710569852963e-11,0.2877459398407745,0.0,0.125,0.026558852013930417,2.2604829238270785e-05,0.2877459398407745,2.2604829238270785e-05,0.2877459398407745
71280.0,0.012104,5.695710569852963e-11,0.0,0.125,9.246942760263817e-12,1.7621459846850485e-12,5.695710569852963e-11,1.8189894035458565e-12,5.695710569852963e-11,0.28740586396050644,0.0,0.125,0.026521723460551355,2.254783923644199e-05,0.28740586396050644,2.254783923644199e-05,0.28740586396050644
71340.0,0.012103666666666667,5.695710569852963e-11,0.0,0.125,9.250474857039824e-12,1.8189894035458565e-12,5.695710569852963e-11,1.8189894035458565e-12,5.695710569852963e-11,0.2870665842590046,0.0,0.125,0.026484690563849788,2.249104047491457e-05,0.2870665842590046,2.249104047491457e-05,0.2870665842590046
71400.0,0.012103333333333334,5.695710569852963e-11,0.00015577577878419222,0.125,9.250474857039825e-12,1.8189894035458565e-12,5.695710569852963e-11,1.8189894035458565e-12,5.695710569852963e-11,0.2867280982122157,0.0,0.125,0.026447753000938913,2.243443219662744e-05,0.2867280982122157,2.243443219662744e-05,0.2867280982122157
71460.0,0.012103,5.695710569852963e-11,0.00015577148862228683,0.125,9.251440276547496e-12,1.8189894035458565e-12,5.695710569852963e-11,1.8189894035458565e-12,5.695710569852963e-11,0.286390403305585,0.0,0.125,0.026410910450193014,2.2378013647572637e-05,0.286390403305585,2.2378013647572637e-05,0.286390403305585
71520.0,0.012102666666666666,5.695710569852963e-11,0.0,0.125,9.251440276547494e-12,1.8189894035458565e-12,5.695710569852963e-11,1.8189894035458565e-12,5.695710569852963e-11,0.2860534970340144,0.0,0.125,0.026374162591242197,2.232178407662877e-05,0.2860534970340144,2.232178407662877e-05,0.2860534970340144
71580.0,0.012102333333333333,5.695710569852963e-11,0.0,0.125,9.251440276547496e-12,1.8189894035458565e-12,5.695710569852963e-11,1.8189894035458565e-12,5.695710569852963e-11,0.2857173769018249,0.0,0.125,0.026337509104967374,2.2265742735505523e-05,0.2857173769018249,2.2265742735505523e-05,0.2857173769018249
71640.0,0.012102,5.695710569852963e-11,0.0,0.125,9.251440276547496e-12,1.8189894035458565e-12,5.695710569852963e-11,1.8189894035458565e-12,5.695710569852963e-11,0.28538204042271376,0.0,0.125,0.02630094967349503,2.2209888880575512e-05,0.28538204042271376,2.2209888880575512e-05,0.28538204042271376
71700.0,0.012101666666666667,5.695710569852963e-11,0.0,0.125,9.251440276547494e-12,1.8189894035458565e-12,5.695710569852963e-11,1.8189894035458565e-12,5.695710569852963e-11,0.2850474851197172,0.0,0.125,0.02626448398019211,2.215422177032078e-05,0.2850474851197172,2.215422177032078e-05,0.2850474851197172
71760.0,0.012101333333333334,5.695710569852963e-11,0.0,0.125,9.251440276547494e-12,1.8189894035458565e-12,5.695710569852963e-11,1.8189894035458565e-12,5.695710569852963e-11,0.28471370852517264,0.0,0.125,0.02622811170966096,2.209874066749773e-05,0.28471370852517264,2.209874066749773e-05,0.28471370852517264
71820.0,0.012101,5.695710569852963e-11,0.0,0.125,9.251458481588044e-12,1.8189894035458565e-12,5.695710569852963e-11,1.8189894035458565e-12,5.695710569852963e-11,0.28438070818067696,0.0,0.125,0.026191832547734314,2.204344483641707e-05,0.28438070818067696,2.204344483641707e-05,0.28438070818067696
71880.0,0.012100666666666666,5.695710569852963e-11,0.0,0.125,9.251458481588044e-12,1.8189894035458565e-12,5.695710569852963e-11,1.8189894035458565e-12,5.695710569852963e-11,0.28404848163704977,0.0,0.125,0.026155646181470094,2.1988333545164274e-05,0.28404848163704977,2.1988333545164274e-05,0.28404848163704977
71940.0,0.012100333333333333,5.695710569852963e-11,0.0,0.125,9.251458481588044e-12,1.8189894035458565e-12,5.695710569852963e-11,1.8189894035458565e-12,5.695710569852963e-11,0.28371702645429286,0.0,0.125,0.026119552299146417,2.1933406066265704e-05,0.28371702645429286,2.1933406066265704e-05,0.28371702645429286
72000.0,0.0121,5.695710569852963e-11,0.0,0.125,9.251583051567614e-12,1.8189894035458565e-12,5.695710569852963e-11,1.8189894035458565e-12,5.695710569852963e-11,0.2833863402015549,0.0,0.125,0.026083550590256653,2.1878661673746524e-05,0.2833863402015549,2.1878661673746524e-05,0.2833863402015549
72060.0,0.012099666666666667,5.701394911739044e-11,0.0,0.125,9.251583051567614e-12,1.8189894035458565e-12,5.701394911739044e-11,1.8189894035458565e-12,5.701394911739044e-11,0.28305642045708973,0.0,0.125,0.02604764074550438,2.182409964546217e-05,0.28305642045708973,2.182409964546217e-05,0.28305642045708973
72120.0,0.012099333333333333,5.690026227966882e-11,0.0,0.125,9.221307152696011e-12,1.7621459846850485e-12,5.690026227966882e-11,1.7621459846850485e-12,5.690026227966882e-11,0.28272726480822086,0.0,0.125,0.026011822456798298,2.176971926298732e-05,0.28272726480822086,2.176971926298732e-05,0.28272726480822086
72180.0,0.012099,5.690026227966882e-11,0.0,0.125,9.22130715269601e-12,1.7621459846850485e-12,5.690026227966882e-11,1.7621459846850485e-12,5.690026227966882e-11,0.28239887085130266,0.0,0.125,0.025976095417247443,2.1715519810172612e-05,0.28239887085130266,2.1715519810172612e-05,0.28239887085130266
72240.0,0.012098666666666667,5.690026227966882e-11,0.0,0.125,9.221561234061212e-12,1.7621459846850485e-12,5.690026227966882e-11,1.7621459846850485e-12,5.690026227966882e-11,0.28207123619168367,0.0,0.125,0.025940459321156097,2.1661500573810777e-05,0.28207123619168367,2.1661500573810777e-05,0.28207123619168367
72300.0,0.012098333333333332,5.690026227966882e-11,0.0,0.125,9.22172856883048e-12,1.7621459846850485e-12,5.690026227966882e-11,1.7621459846850485e-12,5.690026227966882e-11,0.28174435844366813,0.0,0.125,0.02590491386401895,2.1607660844247256e-05,0.28174435844366813,2.1607660844247256e-05,0.28174435844366813
72360.0,0.012098,5.690026227966882e-11,0.0,0.125,9.223347338141135e-12,1.7621459846850485e-12,5.690026227966882e-11,1.7621459846850485e-12,5.690026227966882e-11,0.28141823523047876,0.0,0.125,0.0258694587425161,2.155399991549123e-05,0.28141823523047876,2.155399991549123e-05,0.28141823523047876
72420.0,0.012097666666666666,5.690026227966882e-11,0.0,0.125,9.224054492151215e-12,1.7621459846850485e-12,5.690026227966882e-11,1.7621459846850485e-12,5.690026227966882e-11,0.2810928641842201,0.0,0.125,0.025834093654508235,2.1500517082995163e-05,0.2810928641842201,2.1500517082995163e-05,0.2810928641842201
72480.0,0.012097333333333333,5.690026227966882e-11,0.0,0.125,9.236953231705464e-12,1.8189894035458565e-12,5.690026227966882e-11,1.8189894035458565e-12,5.690026227966882e-11,0.28076824294584174,0.0,0.125,0.02579881829903179,2.1447211645986286e-05,0.28076824294584174,2.1447211645986286e-05,0.28076824294584174
72540.0,0.012097,5.695710569852963e-11,0.0,0.125,9.286032180091063e-12,1.8189894035458565e-12,5.695710569852963e-11,1.8189894035458565e-12,5.695710569852963e-11,0.2804443691651018,0.0,0.125,0.025763632376293984,2.139408290735556e-05,0.2804443691651018,2.139408290735556e-05,0.2804443691651018
72600.0,0.012096666666666667,5.695710569852963e-11,0.0,0.125,9.28607773636554e-12,1.8189894035458565e-12,5.695710569852963e-11,1.8189894035458565e-12,5.695710569852963e-11,0.28012124050052833,0.0,0.125,0.025728535587668067,2.134113017387973e-05,0.28012124050052833,2.134113017387973e-05,0.28012124050052833
72660.0,0.012096333333333334,5.695710569852963e-11,0.0,0.125,9.288175040795765e-12,1.8189894035458565e-12,5.695710569852963e-11,1.8189894035458565e-12,5.695710569852963e-11,0.27979885461938653,0.0,0.125,0.025693527635688506,2.128835275239105e-05,0.27979885461938653,2.128835275239105e-05,0.27979885461938653
72720.0,0.012096,5.695710569852963e-11,0.0,0.125,9.289009011251641e-12,1.8189894035458565e-12,5.695710569852963e-11,1.8189894035458565e-12,5.695710569852963e-11,0.27947720919763924,0.0,0.125,0.02565860822404609,2.1235749954717775e-05,0.27947720919763924,2.1235749954717775e-05,0.27947720919763924
72780.0,0.012095666666666668,5.707079253625125e-11,0.0,0.125,9.306284458824675e-12,1.8189894035458565e-12,5.707079253625125e-11,1.8189894035458565e-12,5.707079253625125e-11,0.27915630191991253,0.0,0.125,0.025623777057583275,2.1183321095297192e-05,0.27915630191991253,2.1183321095297192e-05,0.27915630191991253
72840.0,0.012095333333333335,5.707079253625125e-11,0.0,0.125,9.307004349163671e-12,1.8189894035458565e-12,5.707079253625125e-11,1.8189894035458565e-12,5.707079253625125e-11,0.27883613047946,0.0,0.125,0.025589033842289367,2.1131065491786227e-05,0.27883613047946,2.1131065491786227e-05,0.27883613047946
72900.0,0.012095000000000002,5.707079253625125e-11,0.0,0.125,9.308040017515867e-12,1.8189894035458565e-12,5.707079253625125e-11,1.8189894035458565e-12,5.707079253625125e-11,0.2785166925781257,0.0,0.125,0.025554378285295727,2.1078982464839413e-05,0.2785166925781257,2.1078982464839413e-05,0.2785166925781257
72960.0,0.012094666666666667,5.707079253625125e-11,0.0,0.125,9.308522195348215e-12,1.8189894035458565e-12,5.707079253625125e-11,1.8189894035458565e-12,5.707079253625125e-11,0.2781979859263105,0.0,0.125,0.025519810094871174,2.1027071336332526e-05,0.2781979859263105,2.1027071336332526e-05,0.2781979859263105
73020.0,0.012094333333333334,5.707079253625125e-11,0.0,0.125,9.308630936889925e-12,1.8189894035458565e-12,5.707079253625125e-11,1.8189894035458565e-12,5.707079253625125e-11,0.2778800082429344,0.0,0.125,0.025485328980417152,2.0975331433692457e-05,0.2778800082429344,2.0975331433692457e-05,0.2778800082429344
73080.0,0.012094,5.707079253625125e-11,0.0,0.125,9.308630936889925e-12,1.8189894035458565e-12,5.707079253625125e-11,1.8189894035458565e-12,5.707079253625125e-11,0.27756275725540286,0.0,0.125,0.02545093465246309,2.0923762086511033e-05,0.27756275725540286,2.0923762086511033e-05,0.27756275725540286
73140.0,0.012093666666666667,5.707079253625125e-11,0.0,0.125,9.308630936889925e-12,1.8189894035458565e-12,5.707079253625125e-11,1.8189894035458565e-12,5.707079253625125e-11,0.2772462306995729,0.0,0.125,0.025416626822661735,2.0872362624990703e-05,0.2772462306995729,2.0872362624990703e-05,0.2772462306995729
73200.0,0.012093333333333334,5.707079253625125e-11,0.0,0.125,9.308630936889925e-12,1.8189894035458565e-12,5.707079253625125e-11,1.8189894035458565e-12,5.707079253625125e-11,0.27693042631971476,0.0,0.125,0.025382405203784507,2.082113238566219e-05,0.27693042631971476,2.082113238566219e-05,0.27693042631971476
73260.0,0.012093000000000001,5.701394911739044e-11,0.0,0.125,9.277947214997827e-12,1.7621459846850485e-12,5.701394911739044e-11,1.7621459846850485e-12,5.701394911739044e-11,0.2766153418684798,0.0,0.125,0.025348269509716824,2.0770070705888877e-05,0.2766153418684798,2.0770070705888877e-05,0.2766153418684798
73320.0,0.012092666666666668,5.701394911739044e-11,0.0,0.125,9.285179853396176e-12,1.7621459846850485e-12,5.701394911739044e-11,1.7621459846850485e-12,5.701394911739044e-11,0.276300975106866,0.0,0.125,0.025314219455453552,2.0719176924921534e-05,0.276300975106866,2.0719176924921534e-05,0.276300975106866
73380.0,0.012092333333333335,5.701394911739044e-11,0.0,0.125,9.285452583142621e-12,1.7621459846850485e-12,5.701394911739044e-11,1.7621459846850485e-12,5.701394911739044e-11,0.27598732380418195,0.0,0.125,0.02528025475709432,2.0668450388117154e-05,0.27598732380418195,2.0668450388117154e-05,0.27598732380418195
73440.0,0.012092000000000002,5.701394911739044e-11,0.0,0.125,9.285553440159213e-12,1.7621459846850485e-12,5.701394911739044e-11,1.7621459846850485e-12,5.701394911739044e-11,0.27567438573801334,0.0,0.125,0.025246375131839045,2.061789044133233e-05,0.27567438573801334,2.061789044133233e-05,0.27567438573801334
73500.0,0.012091666666666667,5.701394911739044e-11,0.0,0.125,9.285592633127528e-12,1.7621459846850485e-12,5.701394911739044e-11,1.7621459846850485e-12,5.701394911739044e-11,0.27536215869418823,0.0,0.125,0.025212580297983293,2.0567496433920862e-05,0.27536215869418823,2.0567496433920862e-05,0.27536215869418823
73560.0,0.012091333333333334,5.701394911739044e-11,0.0,0.125,9.306902841236506e-12,1.7621459846850485e-12,5.701394911739044e-11,1.8189894035458565e-12,5.701394911739044e-11,0.27505064046674566,0.0,0.125,0.025178869974913688,2.05172677170129e-05,0.27505064046674566,2.05172677170129e-05,0.27505064046674566
73620.0,0.012091000000000001,5.701394911739044e-11,0.0,0.125,9.307534683597273e-12,1.8758328224066645e-12,5.701394911739044e-11,1.8758328224066645e-12,5.701394911739044e-11,0.2747398288578982,0.0,0.125,0.025145243883103553,2.04672036452358e-05,0.2747398288578982,2.04672036452358e-05,0.2747398288578982
73680.0,0.012090666666666668,5.701394911739044e-11,0.0,0.125,9.307534683597273e-12,1.8758328224066645e-12,5.701394911739044e-11,1.8758328224066645e-12,5.701394911739044e-11,0.2744297216780005,0.0,0.125,0.025111701744108227,2.041730357732474e-05,0.2744297216780005,2.041730357732474e-05,0.2744297216780005
73740.0,0.012090333333333335,5.701394911739044e-11,0.0,0.125,9.30869792112985e-12,1.8758328224066645e-12,5.701394911739044e-11,1.8758328224066645e-12,5.701394911739044e-11,0.2741203167455156,0.0,0.125,0.025078243280560672,2.036756687212593e-05,0.2741203167455156,2.036756687212593e-05,0.2741203167455156
73800.0,0.012090000000000002,5.701394911739044e-11,0.0,0.125,9.30966428562837e-12,1.8758328224066645e-12,5.701394911739044e-11,1.8758328224066645e-12,5.701394911739044e-11,0.2738116118869803,0.0,0.125,0.025044868216166957,2.0317992894536285e-05,0.2738116118869803,2.0317992894536285e-05,0.2738116118869803
73860.0,0.012089666666666669,5.701394911739044e-11,0.0,0.125,9.30966428562837e-12,1.8758328224066645e-12,5.701394911739044e-11,1.8758328224066645e-12,5.701394911739044e-11,0.2735036049369733,0.0,0.125,0.025011576275701827,2.0268581008953124e-05,0.2735036049369733,2.0268581008953124e-05,0.2735036049369733
73920.0,0.012089333333333336,5.701394911739044e-11,0.0,0.125,9.309664285628372e-12,1.8758328224066645e-12,5.701394911739044e-11,1.8758328224066645e-12,5.701394911739044e-11,0.2731962937380832,0.0,0.125,0.02497836718500425,2.02193305834375e-05,0.2731962937380832,2.02193305834375e-05,0.2731962937380832
73980.0,0.012089000000000003,5.701394911739044e-11,0.0,0.125,9.309778760480832e-12,1.8758328224066645e-12,5.701394911739044e-11,1.8758328224066645e-12,5.701394911739044e-11,0.27288967614087056,0.0,0.125,0.024945240670973017,2.0170240990657895e-05,0.27288967614087056,2.0170240990657895e-05,0.27288967614087056
74040.0,0.012088666666666668,5.701394911739044e-11,0.0,0.125,9.309778760480832e-12,1.8758328224066645e-12,5.701394911739044e-11,1.8758328224066645e-12,5.701394911739044e-11,0.2725837500038417,0.0,0.125,0.024912196461562303,2.0121311603615855e-05,0.2725837500038417,2.0121311603615855e-05,0.2725837500038417
74100.0,0.012088333333333335,5.701394911739044e-11,0.0,0.125,9.309778760480832e-12,1.8758328224066645e-12,5.701394911739044e-11,1.8758328224066645e-12,5.701394911739044e-11,0.27227851319341156,0.0,0.125,0.024879234285777322,2.0072541799587285e-05,0.27227851319341156,2.0072541799587285e-05,0.27227851319341156
74160.0,0.012088000000000002,5.701394911739044e-11,0.0,0.125,9.30982901688759e-12,1.8758328224066645e-12,5.701394911739044e-11,1.8758328224066645e-12,5.701394911739044e-11,0.27197396358387277,0.0,0.125,0.024846353873669916,2.0023930957402403e-05,0.27197396358387277,2.0023930957402403e-05,0.27197396358387277
74220.0,0.012087666666666668,5.701394911739044e-11,0.0,0.125,9.310006660254484e-12,1.8758328224066645e-12,5.701394911739044e-11,1.8758328224066645e-12,5.701394911739044e-11,0.27167009905736306,0.0,0.125,0.024813554956334232,1.9975478459111073e-05,0.27167009905736306,1.9975478459111073e-05,0.27167009905736306
74280.0,0.012087333333333335,5.701394911739044e-11,0.0,0.125,9.315725113516418e-12,1.8758328224066645e-12,5.701394911739044e-11,1.9326762412674725e-12,5.701394911739044e-11,0.2713669175038332,0.0,0.125,0.024780837265902418,1.9927183689927297e-05,0.2713669175038332,1.9927183689927297e-05,0.2713669175038332
74340.0,0.012087,5.701394911739044e-11,0.0,0.125,9.31660611604057e-12,1.9895196601282805e-12,5.701394911739044e-11,1.9895196601282805e-12,5.701394911739044e-11,0.2710644168210151,0.0,0.125,0.024748200535540225,1.9879046037007964e-05,0.2710644168210151,1.9879046037007964e-05,0.2710644168210151
74400.0,0.012086666666666667,5.701394911739044e-11,0.0,0.125,9.316658710837672e-12,1.9326762412674725e-12,5.701394911739044e-11,1.9326762412674725e-12,5.701394911739044e-11,0.27076259491438887,0.0,0.125,0.024715644499442732,1.983106488978592e-05,0.27076259491438887,1.983106488978592e-05,0.27076259491438887
74460.0,0.012086333333333334,5.701394911739044e-11,0.0,0.125,9.316658710837672e-12,1.9895196601282805e-12,5.701394911739044e-11,1.9895196601282805e-12,5.701394911739044e-11,0.27046144969715247,0.0,0.125,0.02468316889283018,1.9783239641413264e-05,0.27046144969715247,1.9783239641413264e-05,0.27046144969715247
74520.0,0.012086000000000001,5.695710569852963e-11,0.0,0.125,9.285480343562817e-12,1.9326762412674725e-12,5.695710569852963e-11,1.9326762412674725e-12,5.695710569852963e-11,0.2701609790901894,0.0,0.125,0.024650773451943546,1.9735569686929466e-05,0.2701609790901894,1.9735569686929466e-05,0.2701609790901894
74580.0,0.012085666666666668,5.695710569852963e-11,0.0,0.125,9.285480343562817e-12,1.8758328224066645e-12,5.695710569852963e-11,1.8758328224066645e-12,5.695710569852963e-11,0.26986118102203704,0.0,0.125,0.02461845791404037,1.9688054423872003e-05,0.26986118102203704,1.9688054423872003e-05,0.26986118102203704
74640.0,0.012085333333333335,5.695710569852963e-11,0.0,0.125,9.285876625567161e-12,1.9326762412674725e-12,5.695710569852963e-11,1.9326762412674725e-12,5.695710569852963e-11,0.26956205342885486,0.0,0.125,0.024586222017390583,1.9640693252775954e-05,0.26956205342885486,1.9640693252775954e-05,0.26956205342885486
74700.0,0.012085000000000002,5.701394911739044e-11,0.0,0.125,9.285876625567161e-12,1.9326762412674725e-12,5.701394911739044e-11,1.9326762412674725e-12,5.701394911739044e-11,0.26926359425439417,0.0,0.125,0.024554065501272117,1.9593485577507064e-05,0.26926359425439417,1.9593485577507064e-05,0.26926359425439417
74760.0,0.012084666666666667,5.718447937397286e-11,0.0,0.125,9.31326566051154e-12,1.9326762412674725e-12,5.718447937397286e-11,1.9326762412674725e-12,5.718447937397286e-11,0.2689658014499664,0.0,0.125,0.02452198810596693,1.954643080231966e-05,0.2689658014499664,1.954643080231966e-05,0.2689658014499664
74820.0,0.012084333333333334,5.7127635955112055e-11,0.0,0.125,9.31326566051154e-12,1.9326762412674725e-12,5.7127635955112055e-11,1.9326762412674725e-12,5.7127635955112055e-11,0.2686686729744134,0.0,0.125,0.024489989572756624,1.9499528336519578e-05,0.2686686729744134,1.9499528336519578e-05,0.2686686729744134
74880.0,0.012084000000000001,5.7127635955112055e-11,0.0,0.125,9.3190782145633e-12,1.9326762412674725e-12,5.7127635955112055e-11,1.9326762412674725e-12,5.7127635955112055e-11,0.2683722067940739,0.0,0.125,0.02445806964391847,1.9452777589190617e-05,0.2683722067940739,1.9452777589190617e-05,0.2683722067940739
74940.0,0.012083666666666668,5.718447937397286e-11,0.0,0.125,9.319114472058048e-12,1.9326762412674725e-12,5.718447937397286e-11,1.9326762412674725e-12,5.718447937397286e-11,0.2680764008827554,0.0,0.125,0.024426228062721152,1.9406177974967687e-05,0.2680764008827554,1.9406177974967687e-05,0.2680764008827554
75000.0,0.012083333333333335,5.718447937397286e-11,0.0,0.125,9.322293477754334e-12,1.9326762412674725e-12,5.718447937397286e-11,1.9326762412674725e-12,5.718447937397286e-11,0.26778125322170165,0.0,0.125,0.02439446457342061,1.9359728909429386e-05,0.26778125322170165,1.9359728909429386e-05,0.26778125322170165
75060.0,0.012083,5.7127635955112055e-11,0.0,0.125,9.322451786149127e-12,1.9326762412674725e-12,5.7127635955112055e-11,1.9326762412674725e-12,5.7127635955112055e-11,0.26748676179956454,0.0,0.125,0.024362778921256014,1.9313429811207428e-05,0.26748676179956454,1.9313429811207428e-05,0.26748676179956454
75120.0,0.012082666666666667,5.7127635955112055e-11,0.0,0.125,9.326804456540668e-12,1.9326762412674725e-12,5.7127635955112055e-11,1.9326762412674725e-12,5.7127635955112055e-11,0.2671929246123723,0.0,0.125,0.02433117085244561,1.9267280099433126e-05,0.2671929246123723,1.9267280099433126e-05,0.2671929246123723
75180.0,0.012082333333333334,5.7127635955112055e-11,0.0,0.125,9.366954319288959e-12,1.9326762412674725e-12,5.7127635955112055e-11,2.1600499167107046e-12,5.7127635955112055e-11,0.2668997396634986,0.0,0.125,0.02429964011418271,1.9221279198622376e-05,0.2668997396634986,1.9221279198622376e-05,0.2668997396634986
75240.0,0.012082,5.7127635955112055e-11,0.0,0.125,9.538209889062857e-12,3.069544618483633e-12,5.7127635955112055e-11,3.126388037344441e-12,5.7127635955112055e-11,0.2666072049636348,0.0,0.125,0.0242681864546315,1.9175426533235562e-05,0.2666072049636348,1.9175426533235562e-05,0.2666072049636348
75300.0,0.012081666666666668,5.718447937397286e-11,0.0,0.125,9.566291489428308e-12,3.126388037344441e-12,5.718447937397286e-11,3.126388037344441e-12,5.718447937397286e-11,0.2663153185307568,0.0,0.125,0.02423680962292315,1.9129721532840094e-05,0.2663153185307568,1.9129721532840094e-05,0.2663153185307568
75360.0,0.012081333333333335,5.718447937397286e-11,0.0,0.125,9.577393374475568e-12,3.240074875066057e-12,5.718447937397286e-11,3.240074875066057e-12,5.718447937397286e-11,0.26602407839009923,0.0,0.125,0.02420550936915169,1.908416362644827e-05,0.26602407839009923,1.908416362644827e-05,0.26602407839009923
75420.0,0.012081000000000001,5.718447937397286e-11,0.0,0.125,9.577439279938995e-12,3.183231456205249e-12,5.718447937397286e-11,3.183231456205249e-12,5.718447937397286e-11,0.2657334825741218,0.0,0.125,0.024174285444370003,1.9038752248234925e-05,0.2657334825741218,1.9038752248234925e-05,0.2657334825741218
75480.0,0.012080666666666667,5.718447937397286e-11,0.0,0.125,9.580588041187007e-12,3.240074875066057e-12,5.718447937397286e-11,3.240074875066057e-12,5.718447937397286e-11,0.26544352912248337,0.0,0.125,0.02414313760058584,1.8993486834262274e-05,0.26544352912248337,1.8993486834262274e-05,0.26544352912248337
75540.0,0.012080333333333334,5.718447937397286e-11,0.0,0.125,9.582096432012083e-12,3.240074875066057e-12,5.718447937397286e-11,3.240074875066057e-12,5.718447937397286e-11,0.26515421608201,0.0,0.125,0.024112065590757868,1.894836682136969e-05,0.26515421608201,1.894836682136969e-05,0.26515421608201
75600.0,0.01208,5.724132279283367e-11,0.0,0.125,9.600408498802033e-12,3.240074875066057e-12,5.724132279283367e-11,3.240074875066057e-12,5.724132279283367e-11,0.2648655415066673,0.0,0.125,0.0240810691687917,1.8903391650115786e-05,0.2648655415066673,1.8903391650115786e-05,0.2648655415066673
75660.0,0.012079666666666667,5.695710569852963e-11,0.0,0.125,9.460644506586895e-12,2.9558577807620168e-12,5.695710569852963e-11,2.9558577807620168e-12,5.695710569852963e-11,0.26457750345752984,0.0,0.125,0.024050148089535907,1.8858560763557186e-05,0.26457750345752984,1.8858560763557186e-05,0.26457750345752984
75720.0,0.012079333333333334,5.695710569852963e-11,0.00015546688712700518,0.125,9.461259958561572e-12,2.9558577807620168e-12,5.695710569852963e-11,2.9558577807620168e-12,5.695710569852963e-11,0.26429010000275366,0.0,0.125,0.02401930210877811,1.88138736061938e-05,0.26429010000275366,1.88138736061938e-05,0.26429010000275366
75780.0,0.012079000000000001,5.695710569852963e-11,0.0,0.125,9.46823352226312e-12,3.0127011996228248e-12,5.695710569852963e-11,3.0127011996228248e-12,5.695710569852963e-11,0.2640033292175463,0.0,0.125,0.023988530983241094,1.8769329625689668e-05,0.2640033292175463,1.8769329625689668e-05,0.2640033292175463
75840.0,0.012078666666666666,5.695710569852963e-11,0.0001554583068031944,0.125,9.468234142450173e-12,3.0127011996228248e-12,5.695710569852963e-11,3.0127011996228248e-12,5.695710569852963e-11,0.263717189184138,0.0,0.125,0.02395783447057885,1.8724928273150532e-05,0.263717189184138,1.8724928273150532e-05,0.263717189184138
75900.0,0.012078333333333333,5.695710569852963e-11,0.00015545401664128903,0.125,9.468234142450175e-12,3.0127011996228248e-12,5.695710569852963e-11,3.0127011996228248e-12,5.695710569852963e-11,0.26343167799175427,0.0,0.125,0.02392721232937276,1.8680668998516392e-05,0.26343167799175427,1.8680668998516392e-05,0.26343167799175427
75960.0,0.012078,5.695710569852963e-11,0.00015544972647938364,0.125,9.4682901139544e-12,3.0127011996228248e-12,5.695710569852963e-11,3.0127011996228248e-12,5.695710569852963e-11,0.26314679373658667,0.0,0.125,0.023896664319127677,1.8636551257722456e-05,0.26314679373658667,1.8636551257722456e-05,0.26314679373658667
76020.0,0.012077666666666667,5.695710569852963e-11,0.00015544543631747828,0.125,9.4682901139544e-12,3.0127011996228248e-12,5.695710569852963e-11,3.0127011996228248e-12,5.695710569852963e-11,0.262862534521763,0.0,0.125,0.02386619020026809,1.8592574508480286e-05,0.262862534521763,1.8592574508480286e-05,0.262862534521763
76080.0,0.012077333333333334,5.707079253625125e-11,0.0,0.125,9.494911868741713e-12,3.0127011996228248e-12,5.707079253625125e-11,3.0127011996228248e-12,5.707079253625125e-11,0.26257889845732113,0.0,0.125,0.023835789734134288,1.854873820916758e-05,0.26257889845732113,1.854873820916758e-05,0.26257889845732113
76140.0,0.012077000000000001,5.707079253625125e-11,0.0,0.125,9.495555969625338e-12,3.0127011996228248e-12,5.707079253625125e-11,3.0127011996228248e-12,5.707079253625125e-11,0.26229588366018164,0.0,0.125,0.023805462682978576,1.8505041820493506e-05,0.26229588366018164,1.8505041820493506e-05,0.26229588366018164
76200.0,0.012076666666666668,5.707079253625125e-11,0.0,0.125,9.495555969625338e-12,3.0127011996228248e-12,5.707079253625125e-11,3.0127011996228248e-12,5.707079253625125e-11,0.2620134882541162,0.0,0.125,0.02377520880996139,1.8461484806830963e-05,0.2620134882541162,1.8461484806830963e-05,0.2620134882541162
76260.0,0.012076333333333335,5.707079253625125e-11,0.0,0.125,9.507664130937597e-12,3.0127011996228248e-12,5.707079253625125e-11,3.0127011996228248e-12,5.707079253625125e-11,0.2617317103697226,0.0,0.125,0.023745027879147614,1.8418066634939834e-05,0.2617317103697226,1.8418066634939834e-05,0.2617317103697226
76320.0,0.012076,5.707079253625125e-11,0.0,0.125,9.507664130937597e-12,3.0127011996228248e-12,5.707079253625125e-11,3.0127011996228248e-12,5.707079253625125e-11,0.26145054814439606,0.0,0.125,0.023714919655502726,1.8374786772912266e-05,0.26145054814439606,1.8374786772912266e-05,0.26145054814439606
76380.0,0.012075666666666667,5.707079253625125e-11,0.0,0.125,9.507792511167685e-12,3.0127011996228248e-12,5.707079253625125e-11,3.0127011996228248e-12,5.707079253625125e-11,0.26116999972230204,0.0,0.125,0.023684883904889095,1.833164469133841e-05,0.26116999972230204,1.833164469133841e-05,0.26116999972230204
76440.0,0.012075333333333334,5.707079253625125e-11,0.0,0.125,9.51080357133667e-12,3.0127011996228248e-12,5.707079253625125e-11,3.0127011996228248e-12,5.707079253625125e-11,0.26089006325434805,0.0,0.125,0.02365492039406216,1.82886398631954e-05,0.26089006325434805,1.82886398631954e-05,0.26089006325434805
76500.0,0.012075,5.707079253625125e-11,0.0,0.125,9.520789567668279e-12,3.069544618483633e-12,5.707079253625125e-11,3.069544618483633e-12,5.707079253625125e-11,0.26061073689815706,0.0,0.125,0.023625028890666856,1.8245771763070184e-05,0.26061073689815706,1.8245771763070184e-05,0.26061073689815706
76560.0,0.012074666666666668,5.707079253625125e-11,0.0,0.125,9.520822812777233e-12,3.069544618483633e-12,5.707079253625125e-11,3.069544618483633e-12,5.707079253625125e-11,0.2603320188180376,0.0,0.125,0.02359520916323372,1.820303986949101e-05,0.2603320188180376,1.820303986949101e-05,0.2603320188180376
76620.0,0.012074333333333334,5.7127635955112055e-11,0.0,0.125,9.520856064229382e-12,3.069544618483633e-12,5.7127635955112055e-11,3.069544618483633e-12,5.7127635955112055e-11,0.260053907184961,0.0,0.125,0.023565460981175353,1.8160443661874304e-05,0.260053907184961,1.8160443661874304e-05,0.260053907184961
76680.0,0.012074000000000001,5.707079253625125e-11,0.0,0.125,9.52092258219347e-12,3.069544618483633e-12,5.707079253625125e-11,3.069544618483633e-12,5.707079253625125e-11,0.25977640017653164,0.0,0.125,0.023535784114782632,1.8117982621579376e-05,0.25977640017653164,1.8117982621579376e-05,0.25977640017653164
76740.0,0.012073666666666667,5.707079253625125e-11,0.0,0.125,9.521022385445153e-12,3.069544618483633e-12,5.707079253625125e-11,3.069544618483633e-12,5.707079253625125e-11,0.25949949597695954,0.0,0.125,0.02350617833522111,1.807565623329621e-05,0.25949949597695954,1.807565623329621e-05,0.25949949597695954
76800.0,0.012073333333333333,5.707079253625125e-11,0.0,0.125,9.521249621965434e-12,3.069544618483633e-12,5.707079253625125e-11,3.069544618483633e-12,5.707079253625125e-11,0.2592231927770353,0.0,0.125,0.023476643414527324,1.803346398310257e-05,0.2592231927770353,1.803346398310257e-05,0.2592231927770353
76860.0,0.012073,5.707079253625125e-11,0.0,0.125,9.523651258821772e-12,3.069544618483633e-12,5.707079253625125e-11,3.069544618483633e-12,5.707079253625125e-11,0.2589474887741007,0.0,0.125,0.023447179125605257,1.7991405359796264e-05,0.2589474887741007,1.7991405359796264e-05,0.2589474887741007
76920.0,0.012072666666666667,5.707079253625125e-11,0.0,0.125,9.490700726440688e-12,3.0127011996228248e-12,5.707079253625125e-11,3.0127011996228248e-12,5.707079253625125e-11,0.25867238217202637,0.0,0.125,0.023417785242222544,1.7949479853396344e-05,0.25867238217202637,1.7949479853396344e-05,0.25867238217202637
76980.0,0.012072333333333334,5.701394911739044e-11,0.0,0.125,9.490700726440688e-12,3.0127011996228248e-12,5.701394911739044e-11,3.0127011996228248e-12,5.701394911739044e-11,0.2583978711811805,0.0,0.125,0.023388461539007033,1.7907686957696622e-05,0.2583978711811805,1.7907686957696622e-05,0.2583978711811805
77040.0,0.012072000000000001,5.707079253625125e-11,0.0,0.125,9.500979332058365e-12,3.0127011996228248e-12,5.707079253625125e-11,3.0127011996228248e-12,5.707079253625125e-11,0.2581239540184053,0.0,0.125,0.023359207791443178,1.7866026168100735e-05,0.2581239540184053,1.7866026168100735e-05,0.2581239540184053
77100.0,0.012071666666666668,5.707079253625125e-11,0.0,0.125,9.501090527298271e-12,3.0127011996228248e-12,5.707079253625125e-11,3.0127011996228248e-12,5.707079253625125e-11,0.2578506289069925,0.0,0.125,0.023330023775868347,1.782449697962374e-05,0.2578506289069925,1.782449697962374e-05,0.2578506289069925
77160.0,0.012071333333333335,5.707079253625125e-11,0.0,0.125,9.50109052729827e-12,3.0127011996228248e-12,5.707079253625125e-11,3.0127011996228248e-12,5.707079253625125e-11,0.2575778940766513,0.0,0.125,0.02330090926946942,1.778309889399754e-05,0.2575778940766513,1.778309889399754e-05,0.2575778940766513
77220.0,0.012071,5.707079253625125e-11,0.0,0.125,9.50109052729827e-12,3.0127011996228248e-12,5.707079253625125e-11,3.0127011996228248e-12,5.707079253625125e-11,0.25730574776348814,0.0,0.125,0.023271864050279128,1.7741831412121378e-05,0.25730574776348814,1.7741831412121378e-05,0.25730574776348814
77280.0,0.012070666666666667,5.707079253625125e-11,0.0,0.125,9.50109052729827e-12,3.0127011996228248e-12,5.707079253625125e-11,3.0127011996228248e-12,5.707079253625125e-11,0.25703418820997925,0.0,0.125,0.023242887897172555,1.7700694035949205e-05,0.25703418820997925,1.7700694035949205e-05,0.25703418820997925
77340.0,0.012070333333333334,5.707079253625125e-11,0.0,0.125,9.50109052729827e-12,3.0127011996228248e-12,5.707079253625125e-11,3.0127011996228248e-12,5.707079253625125e-11,0.2567632136649419,0.0,0.125,0.02321398058986369,1.7659686273818753e-05,0.2567632136649419,1.7659686273818753e-05,0.2567632136649419
77400.0,0.01207,5.707079253625125e-11,0.0,0.125,9.50109052729827e-12,3.0127011996228248e-12,5.707079253625125e-11,3.0127011996228248e-12,5.707079253625125e-11,0.25649282238351323,0.0,0.125,0.02318514190890183,1.7618807631236688e-05,0.25649282238351323,1.7618807631236688e-05,0.25649282238351323
77460.0,0.012069666666666668,5.707079253625125e-11,0.0,0.125,9.501090527298271e-12,3.0127011996228248e-12,5.707079253625125e-11,3.0127011996228248e-12,5.707079253625125e-11,0.2562230126271215,0.0,0.125,0.02315637163566818,1.7578057619427323e-05,0.2562230126271215,1.7578057619427323e-05,0.2562230126271215
77520.0,0.012069333333333335,5.707079253625125e-11,0.0,0.125,9.501144074848453e-12,3.0127011996228248e-12,5.707079253625125e-11,3.0127011996228248e-12,5.707079253625125e-11,0.2559537826634614,0.0,0.125,0.023127669552372315,1.7537435749670482e-05,0.2559537826634614,1.7537435749670482e-05,0.2559537826634614
77580.0,0.012069,5.707079253625125e-11,0.0,0.125,9.501144074848451e-12,3.0127011996228248e-12,5.707079253625125e-11,3.0127011996228248e-12,5.707079253625125e-11,0.25568513076646976,0.0,0.125,0.0230990354420488,1.7496941536354615e-05,0.25568513076646976,1.7496941536354615e-05,0.25568513076646976
77640.0,0.012068666666666667,5.707079253625125e-11,0.0,0.125,9.50869031995563e-12,3.0127011996228248e-12,5.707079253625125e-11,3.0127011996228248e-12,5.707079253625125e-11,0.2554170552162979,0.0,0.125,0.02307046908855367,1.7456574496033106e-05,0.2554170552162979,1.7456574496033106e-05,0.2554170552162979
77700.0,0.012068333333333334,5.707079253625125e-11,0.0,0.125,9.495833384963297e-12,2.9558577807620168e-12,5.707079253625125e-11,2.9558577807620168e-12,5.707079253625125e-11,0.25514955429928954,0.0,0.125,0.023041970276561075,1.741633414686916e-05,0.25514955429928954,1.741633414686916e-05,0.25514955429928954
77760.0,0.012068,5.707079253625125e-11,0.0,0.125,9.501214197335158e-12,2.9558577807620168e-12,5.707079253625125e-11,2.9558577807620168e-12,5.707079253625125e-11,0.25488262630795366,0.0,0.125,0.02301353879155981,1.7376220008913368e-05,0.25488262630795366,1.7376220008913368e-05,0.25488262630795366
77820.0,0.012067666666666668,5.707079253625125e-11,0.0,0.125,9.501214197335158e-12,2.9558577807620168e-12,5.707079253625125e-11,2.9558577807620168e-12,5.707079253625125e-11,0.2546162695409407,0.0,0.125,0.022985174419849982,1.7336231603770624e-05,0.2546162695409407,1.7336231603770624e-05,0.2546162695409407
77880.0,0.012067333333333334,5.707079253625125e-11,0.0,0.125,9.501214197335158e-12,2.9558577807620168e-12,5.707079253625125e-11,2.9558577807620168e-12,5.707079253625125e-11,0.2543504823030163,0.0,0.125,0.02295687694853955,1.7296368456098943e-05,0.2543504823030163,1.7296368456098943e-05,0.2543504823030163
77940.0,0.012067000000000001,5.707079253625125e-11,0.0,0.125,9.501848792114822e-12,2.9558577807620168e-12,5.707079253625125e-11,2.9558577807620168e-12,5.707079253625125e-11,0.2540852629050376,0.0,0.125,0.02292864616554104,1.7256630094331094e-05,0.2540852629050376,1.7256630094331094e-05,0.2540852629050376
78000.0,0.012066666666666667,5.707079253625125e-11,0.0,0.125,9.50189310928298e-12,2.9558577807620168e-12,5.707079253625125e-11,2.9558577807620168e-12,5.707079253625125e-11,0.2538206096639291,0.0,0.125,0.022900481859568105,1.7217016044068778e-05,0.2538206096639291,1.7217016044068778e-05,0.2538206096639291
78060.0,0.012066333333333333,5.707079253625125e-11,0.0,0.125,9.506337521500668e-12,2.9558577807620168e-12,5.707079253625125e-11,2.9558577807620168e-12,5.707079253625125e-11,0.25355652090265823,0.0,0.125,0.022872383820132305,1.717752583629828e-05,0.25355652090265823,1.717752583629828e-05,0.25355652090265823
78120.0,0.012066,5.707079253625125e-11,0.0,0.125,9.511956108147284e-12,3.0127011996228248e-12,5.707079253625125e-11,3.0127011996228248e-12,5.707079253625125e-11,0.2532929949502084,0.0,0.125,0.02284435183753962,1.7138159004226328e-05,0.2532929949502084,1.7138159004226328e-05,0.2532929949502084
78180.0,0.012065666666666667,5.707079253625125e-11,0.0,0.125,9.511989384129835e-12,3.0127011996228248e-12,5.707079253625125e-11,3.0127011996228248e-12,5.707079253625125e-11,0.2530300301415583,0.0,0.125,0.02281638570288732,1.7098915081337207e-05,0.2530300301415583,1.7098915081337207e-05,0.2530300301415583
78240.0,0.012065333333333334,5.707079253625125e-11,0.0,0.125,9.516488515693518e-12,3.0127011996228248e-12,5.707079253625125e-11,3.0127011996228248e-12,5.707079253625125e-11,0.25276762481765536,0.0,0.125,0.022788485208060493,1.7059793605000984e-05,0.25276762481765536,1.7059793605000984e-05,0.25276762481765536
78300.0,0.012065,5.707079253625125e-11,0.0,0.125,9.516555064185504e-12,3.0127011996228248e-12,5.707079253625125e-11,3.0127011996228248e-12,5.707079253625125e-11,0.2525057773253926,0.0,0.125,0.02276065014572892,1.7020794113142834e-05,0.2525057773253926,1.7020794113142834e-05,0.2525057773253926
78360.0,0.012064666666666666,5.707079253625125e-11,0.0,0.125,9.516655455787568e-12,3.0127011996228248e-12,5.707079253625125e-11,3.0127011996228248e-12,5.707079253625125e-11,0.2522444860175845,0.0,0.125,0.02273288030934366,1.6981916144742648e-05,0.2522444860175845,1.6981916144742648e-05,0.2522444860175845
78420.0,0.012064333333333333,5.707079253625125e-11,0.0,0.125,9.517006968456623e-12,3.0127011996228248e-12,5.707079253625125e-11,3.0127011996228248e-12,5.707079253625125e-11,0.25198374925294265,0.0,0.125,0.022705175493133924,1.6943159243276718e-05,0.25198374925294265,1.6943159243276718e-05,0.25198374925294265
78480.0,0.012064,5.701394911739044e-11,0.0,0.125,9.484475475911193e-12,2.9558577807620168e-12,5.701394911739044e-11,2.9558577807620168e-12,5.701394911739044e-11,0.2517235653960529,0.0,0.125,0.022677535492103714,1.6904522952720935e-05,0.2517235653960529,1.6904522952720935e-05,0.2517235653960529
78540.0,0.012063666666666667,5.701394911739044e-11,0.0,0.125,9.484475475911191e-12,2.9558577807620168e-12,5.701394911739044e-11,2.9558577807620168e-12,5.701394911739044e-11,0.2514639328173518,0.0,0.125,0.022649960102028716,1.6866006818938573e-05,0.2514639328173518,1.6866006818938573e-05,0.2514639328173518
78600.0,0.012063333333333334,5.701394911739044e-11,0.0,0.125,9.484574670349525e-12,2.9558577807620168e-12,5.701394911739044e-11,2.9558577807620168e-12,5.701394911739044e-11,0.25120484989310055,0.0,0.125,0.022622449119453034,1.6827610390346415e-05,0.25120484989310055,1.6827610390346415e-05,0.25120484989310055
78660.0,0.012063,5.701394911739044e-11,0.0,0.125,9.484643514408938e-12,2.9558577807620168e-12,5.701394911739044e-11,2.9558577807620168e-12,5.701394911739044e-11,0.2509463150053651,0.0,0.125,0.022595002341685905,1.678933321652698e-05,0.2509463150053651,1.678933321652698e-05,0.2509463150053651
78720.0,0.012062666666666666,5.701394911739044e-11,0.0,0.125,9.48475060443949e-12,2.9558577807620168e-12,5.701394911739044e-11,2.9558577807620168e-12,5.701394911739044e-11,0.2506883265419907,0.0,0.125,0.022567619566798675,1.67511748491167e-05,0.2506883265419907,1.67511748491167e-05,0.2506883265419907
78780.0,0.012062333333333333,5.701394911739044e-11,0.0,0.125,9.484796241273797e-12,2.9558577807620168e-12,5.701394911739044e-11,2.9558577807620168e-12,5.701394911739044e-11,0.25043088289657883,0.0,0.125,0.022540300593621446,1.6713134841861432e-05,0.25043088289657883,1.6713134841861432e-05,0.25043088289657883
78840.0,0.012062,5.701394911739044e-11,0.0,0.125,9.484796241273796e-12,2.9558577807620168e-12,5.701394911739044e-11,2.9558577807620168e-12,5.701394911739044e-11,0.25017398246846406,0.0,0.125,0.022513045221740097,1.6675212750838497e-05,0.25017398246846406,1.6675212750838497e-05,0.25017398246846406
78900.0,0.012061666666666667,5.701394911739044e-11,0.0,0.125,9.484796241273796e-12,2.9558577807620168e-12,5.701394911739044e-11,2.9558577807620168e-12,5.701394911739044e-11,0.24991762366269163,0.0,0.125,0.022485853251493024,1.663740813412362e-05,0.24991762366269163,1.663740813412362e-05,0.24991762366269163
78960.0,0.012061333333333334,5.701394911739044e-11,0.0,0.125,9.485064372384438e-12,2.9558577807620168e-12,5.701394911739044e-11,2.9558577807620168e-12,5.701394911739044e-11,0.24966180488999423,0.0,0.125,0.022458724483968018,1.659972054979253e-05,0.24966180488999423,1.659972054979253e-05,0.24966180488999423
79020.0,0.012060999999999999,5.701394911739044e-11,0.0,0.125,9.485064372384438e-12,2.9558577807620168e-12,5.701394911739044e-11,2.9558577807620168e-12,5.701394911739044e-11,0.249406524566769,0.0,0.125,0.022431658720999184,1.6562149559584682e-05,0.249406524566769,1.6562149559584682e-05,0.249406524566769
79080.0,0.012060666666666666,5.701394911739044e-11,0.0,0.125,9.485064372384438e-12,2.9558577807620168e-12,5.701394911739044e-11,2.9558577807620168e-12,5.701394911739044e-11,0.24915178111505398,0.0,0.125,0.022404655765163758,1.6524694726405276e-05,0.24915178111505398,1.6524694726405276e-05,0.24915178111505398
79140.0,0.012060333333333333,5.701394911739044e-11,0.0,0.125,9.48506437238444e-12,2.9558577807620168e-12,5.701394911739044e-11,2.9558577807620168e-12,5.701394911739044e-11,0.24889757296250756,0.0,0.125,0.022377715419779197,1.6487355614602794e-05,0.24889757296250756,1.6487355614602794e-05,0.24889757296250756
79200.0,0.01206,5.701394911739044e-11,0.0,0.125,9.485064372384438e-12,2.9558577807620168e-12,5.701394911739044e-11,2.9558577807620168e-12,5.701394911739044e-11,0.2486438985423823,0.0,0.125,0.02235083748889981,1.6450131792467015e-05,0.2486438985423823,1.6450131792467015e-05,0.2486438985423823
79260.0,0.01206,5.701394911739044e-11,0.0,0.125,9.487338429956111e-12,2.9558577807620168e-12,5.701394911739044e-11,2.9558577807620168e-12,5.701394911739044e-11,0.2483907641012537,0.0,0.125,0.022324022686949635,1.6413023849637387e-05,0.2483907641012537,1.6413023849637387e-05,0.2483907641012537
79320.0,0.01206,5.701394911739044e-11,0.0,0.125,9.487338429956111e-12,2.9558577807620168e-12,5.701394911739044e-11,2.9558577807620168e-12,5.701394911739044e-11,0.24813817581363415,0.0,0.125,0.022297271731607008,1.6376032368314863e-05,0.24813817581363415,1.6376032368314863e-05,0.24813817581363415
79380.0,0.01206,5.707079253625125e-11,0.0,0.125,9.55263214188748e-12,2.9558577807620168e-12,5.707079253625125e-11,2.9558577807620168e-12,5.707079253625125e-11,0.24788613201372475,0.0,0.125,0.022270584430643482,1.6339156900913032e-05,0.24788613201372475,1.6339156900913032e-05,0.24788613201372475
79440.0,0.01206,5.707079253625125e-11,0.0,0.125,9.56589627677943e-12,2.9558577807620168e-12,5.707079253625125e-11,2.9558577807620168e-12,5.707079253625125e-11,0.2476346310421787,0.0,0.125,0.02224396059001561,1.630239700267655e-05,0.2476346310421787,1.630239700267655e-05,0.2476346310421787
79500.0,0.01206,5.707079253625125e-11,0.0,0.125,9.56589627677943e-12,2.9558577807620168e-12,5.707079253625125e-11,2.9558577807620168e-12,5.707079253625125e-11,0.247383671246072,0.0,0.125,0.022217400014351317,1.6265752230071318e-05,0.247383671246072,1.6265752230071318e-05,0.247383671246072
79560.0,0.01206,5.707079253625125e-11,0.0,0.125,9.56589627677943e-12,2.9558577807620168e-12,5.707079253625125e-11,2.9558577807620168e-12,5.707079253625125e-11,0.24713325097887692,0.0,0.125,0.022190902507337202,1.6229222143782085e-05,0.24713325097887692,1.6229222143782085e-05,0.24713325097887692
79620.0,0.01206,5.707079253625125e-11,0.0,0.125,9.565918053286611e-12,2.9558577807620168e-12,5.707079253625125e-11,2.9558577807620168e-12,5.707079253625125e-11,0.24688336860043433,0.0,0.125,0.02216446787202887,1.619280630343889e-05,0.24688336860043433,1.619280630343889e-05,0.24688336860043433
79680.0,0.01206,5.707079253625125e-11,0.0,0.125,9.575840268454896e-12,3.0127011996228248e-12,5.707079253625125e-11,3.0127011996228248e-12,5.707079253625125e-11,0.24663402247692406,0.0,0.125,0.022138095911101,1.6156504273223682e-05,0.24663402247692406,1.6156504273223682e-05,0.24663402247692406
79740.0,0.01206,5.707079253625125e-11,0.0,0.125,9.575950601951663e-12,3.0127011996228248e-12,5.707079253625125e-11,3.0127011996228248e-12,5.707079253625125e-11,0.2463852109808375,0.0,0.125,0.022111786427049626,1.6120315616485748e-05,0.2463852109808375,1.6120315616485748e-05,0.2463852109808375
79800.0,0.01206,5.707079253625125e-11,0.0,0.125,9.547987802962334e-12,3.0127011996228248e-12,5.707079253625125e-11,3.0127011996228248e-12,5.707079253625125e-11,0.2461369324909476,0.0,0.125,0.022085539222356378,1.6084239900182595e-05,0.2461369324909476,1.6084239900182595e-05,0.2461369324909476
79860.0,0.01206,5.701394911739044e-11,0.0,0.125,9.54145477029839e-12,2.9558577807620168e-12,5.701394911739044e-11,2.9558577807620168e-12,5.701394911739044e-11,0.24588918539227933,0.0,0.125,0.022059354099622168,1.6048276694713426e-05,0.24588918539227933,1.6048276694713426e-05,0.24588918539227933
79920.0,0.01206,5.701394911739044e-11,0.0,0.125,9.543663641528613e-12,2.9558577807620168e-12,5.701394911739044e-11,2.9558577807620168e-12,5.701394911739044e-11,0.24564196807608413,0.0,0.125,0.022033230861676228,1.6012425567979438e-05,0.24564196807608413,1.6012425567979438e-05,0.24564196807608413
79980.0,0.01206,5.701394911739044e-11,0.0,0.125,9.544184351032842e-12,2.9558577807620168e-12,5.701394911739044e-11,2.9558577807620168e-12,5.701394911739044e-11,0.24539527893980634,0.0,0.125,0.022007169311665156,1.5976686094376635e-05,0.24539527893980634,1.5976686094376635e-05,0.24539527893980634
80040.0,0.01206,5.701394911739044e-11,0.0,0.125,9.544184351032842e-12,2.9558577807620168e-12,5.701394911739044e-11,2.9558577807620168e-12,5.701394911739044e-11,0.24514911638705733,0.0,0.125,0.02198116925312597,1.5941057845969553e-05,0.24514911638705733,1.5941057845969553e-05,0.24514911638705733
80100.0,0.01206,5.701394911739044e-11,0.0,0.125,9.544184351032842e-12,2.9558577807620168e-12,5.701394911739044e-11,2.9558577807620168e-12,5.701394911739044e-11,0.24490347882758273,0.0,0.125,0.02195523049004565,1.5905540400595886e-05,0.24490347882758273,1.5905540400595886e-05,0.24490347882758273
80160.0,0.01206,5.707079253625125e-11,0.0,0.125,9.554111957399454e-12,2.9558577807620168e-12,5.707079253625125e-11,2.9558577807620168e-12,5.707079253625125e-11,0.2446583646772373,0.0,0.125,0.02192935282691018,1.5870133336037817e-05,0.2446583646772373,1.5870133336037817e-05,0.2446583646772373
80220.0,0.01206,5.707079253625125e-11,0.0,0.125,9.554111957399454e-12,2.9558577807620168e-12,5.707079253625125e-11,2.9558577807620168e-12,5.707079253625125e-11,0.24441377235795392,0.0,0.125,0.02190353606874453,1.5834836230854687e-05,0.24441377235795392,1.5834836230854687e-05,0.24441377235795392
80280.0,0.01206,5.707079253625125e-11,0.0,0.125,9.554111957399454e-12,2.9558577807620168e-12,5.707079253625125e-11,2.9558577807620168e-12,5.707079253625125e-11,0.24416970029771307,0.0,0.125,0.021877780021145415,1.5799648667880195e-05,0.24416970029771307,1.5799648667880195e-05,0.24416970029771307
80340.0,0.01206,5.707079253625125e-11,0.0,0.125,9.555084091862935e-12,2.9558577807620168e-12,5.707079253625125e-11,2.9558577807620168e-12,5.707079253625125e-11,0.24392614693051587,0.0,0.125,0.02185208449030812,1.576457022950395e-05,0.24392614693051587,1.576457022950395e-05,0.24392614693051587
80400.0,0.01206,5.707079253625125e-11,0.0,0.125,9.559244528920469e-12,2.9558577807620168e-12,5.707079253625125e-11,2.9558577807620168e-12,5.707079253625125e-11,0.24368311069635354,0.0,0.125,0.02182644928304834,1.5729600502167873e-05,0.24368311069635354,1.5729600502167873e-05,0.24368311069635354
80460.0,0.01206,5.707079253625125e-11,0.0,0.125,9.559468370283308e-12,2.9558577807620168e-12,5.707079253625125e-11,2.9558577807620168e-12,5.707079253625125e-11,0.24344059004117957,0.0,0.125,0.02180087420681985,1.5694739072646957e-05,0.24344059004117957,1.5694739072646957e-05,0.24344059004117957
80520.0,0.01206,5.707079253625125e-11,0.0,0.125,9.559674561440654e-12,2.9558577807620168e-12,5.707079253625125e-11,2.9558577807620168e-12,5.707079253625125e-11,0.2431985834168798,0.0,0.125,0.021775359069728967,1.5659985528437836e-05,0.2431985834168798,1.5659985528437836e-05,0.2431985834168798
80580.0,0.01206,5.707079253625125e-11,0.0,0.125,9.559674561440654e-12,2.9558577807620168e-12,5.707079253625125e-11,2.9558577807620168e-12,5.707079253625125e-11,0.2429570892812452,0.0,0.125,0.021749903680546048,1.562533946014577e-05,0.2429570892812452,1.562533946014577e-05,0.2429570892812452
80640.0,0.01206,5.707079253625125e-11,0.0,0.125,9.560641434209942e-12,2.9558577807620168e-12,5.707079253625125e-11,2.9558577807620168e-12,5.707079253625125e-11,0.24271610609794056,0.0,0.125,0.021724507848714658,1.5590800460929533e-05,0.24271610609794056,1.5590800460929533e-05,0.24271610609794056
80700.0,0.01206,5.7127635955112055e-11,0.0,0.125,9.570871821672568e-12,2.9558577807620168e-12,5.7127635955112055e-11,2.9558577807620168e-12,5.7127635955112055e-11,0.24247563233647945,0.0,0.125,0.021699171384358906,1.5556368125557718e-05,0.24247563233647945,1.5556368125557718e-05,0.24247563233647945
80760.0,0.01206,5.7127635955112055e-11,0.0,0.125,9.575799820323435e-12,2.9558577807620168e-12,5.7127635955112055e-11,2.9558577807620168e-12,5.7127635955112055e-11,0.24223566647219216,0.0,0.125,0.0216738940982891,1.5522042048965456e-05,0.24223566647219216,1.5522042048965456e-05,0.24223566647219216
80820.0,0.01206,5.7127635955112055e-11,0.0,0.125,9.584804702162328e-12,3.0127011996228248e-12,5.7127635955112055e-11,3.0127011996228248e-12,5.7127635955112055e-11,0.24199620698620083,0.0,0.125,0.02164867580200589,1.5487821828030768e-05,0.24199620698620083,1.5487821828030768e-05,0.24199620698620083
80880.0,0.01206,5.7127635955112055e-11,0.0,0.125,9.590893767272866e-12,3.0127011996228248e-12,5.7127635955112055e-11,3.0127011996228248e-12,5.7127635955112055e-11,0.24175725236538875,0.0,0.125,0.021623516307703646,1.545370706346194e-05,0.24175725236538875,1.545370706346194e-05,0.24175725236538875
80940.0,0.01206,5.707079253625125e-11,0.0,0.125,9.577605607762848e-12,2.9558577807620168e-12,5.707079253625125e-11,2.9558577807620168e-12,5.707079253625125e-11,0.24151880110237395,0.0,0.125,0.021598415428272476,1.541969735568971e-05,0.24151880110237395,1.541969735568971e-05,0.24151880110237395
81000.0,0.01206,5.707079253625125e-11,0.0,0.125,9.577719207333881e-12,2.9558577807620168e-12,5.707079253625125e-11,2.9558577807620168e-12,5.707079253625125e-11,0.24128085169548108,0.0,0.125,0.02157337297729978,1.5385792307032187e-05,0.24128085169548108,1.5385792307032187e-05,0.24128085169548108
81060.0,0.012059666666666666,5.707079253625125e-11,0.0,0.125,9.579472548541503e-12,3.0127011996228248e-12,5.707079253625125e-11,3.0127011996228248e-12,5.707079253625125e-11,0.24104339534017966,0.0,0.125,0.02154838791666757,1.5351990591716547e-05,0.24104339534017966,1.5351990591716547e-05,0.24104339534017966
81120.0,0.012059333333333333,5.707079253625125e-11,0.0,0.125,9.59147244844243e-12,2.9558577807620168e-12,5.707079253625125e-11,2.9558577807620168e-12,5.707079253625125e-11,0.24080642330814234,0.0,0.125,0.02152345920678444,1.531829089429504e-05,0.24080642330814234,1.531829089429504e-05,0.24080642330814234
81180.0,0.012059,5.707079253625125e-11,0.0,0.125,9.592051068595945e-12,2.9558577807620168e-12,5.707079253625125e-11,2.9558577807620168e-12,5.707079253625125e-11,0.24056993421984524,0.0,0.125,0.0214985866620516,1.5284692841122105e-05,0.24056993421984524,1.5284692841122105e-05,0.24056993421984524
81240.0,0.012058666666666667,5.707079253625125e-11,0.0,0.125,9.62090144045449e-12,2.9558577807620168e-12,5.707079253625125e-11,2.9558577807620168e-12,5.707079253625125e-11,0.24033392670052953,0.0,0.125,0.021473770099804616,1.5251196057108896e-05,0.24033392670052953,1.5251196057108896e-05,0.24033392670052953
81300.0,0.012058333333333334,5.707079253625125e-11,0.0,0.125,9.634642471822208e-12,3.0127011996228248e-12,5.707079253625125e-11,3.0127011996228248e-12,5.707079253625125e-11,0.2400983993801744,0.0,0.125,0.021449009339896533,1.5217800171163365e-05,0.2400983993801744,1.5217800171163365e-05,0.2400983993801744
81360.0,0.012058,5.707079253625125e-11,0.0,0.125,9.851612927547277e-12,3.183231456205249e-12,5.707079253625125e-11,4.149569576838985e-12,5.707079253625125e-11,0.23986335089347943,0.0,0.125,0.021424304204361623,1.5184504812304489e-05,0.23986335089347943,1.5184504812304489e-05,0.23986335089347943
81420.0,0.012057666666666666,5.7127635955112055e-11,0.0,0.125,9.973688871483477e-12,3.808509063674137e-12,5.7127635955112055e-11,4.490630090003833e-12,5.7127635955112055e-11,0.23962877987984132,0.0,0.125,0.021399654517142087,1.515130961171618e-05,0.23962877987984132,1.515130961171618e-05,0.23962877987984132
81480.0,0.012057333333333333,5.707079253625125e-11,0.0,0.125,9.978766587418489e-12,3.808509063674137e-12,5.707079253625125e-11,4.433786671143025e-12,5.707079253625125e-11,0.239394684983333,0.0,0.125,0.021375060103864887,1.5118214202525238e-05,0.239394684983333,1.5118214202525238e-05,0.239394684983333
81540.0,0.012057,5.707079253625125e-11,0.0,0.125,9.978766587418489e-12,3.808509063674137e-12,5.707079253625125e-11,4.433786671143025e-12,5.707079253625125e-11,0.23916106485268385,0.0,0.125,0.021350520791658997,1.5085218218247043e-05,0.23916106485268385,1.5085218218247043e-05,0.23916106485268385
81600.0,0.012056666666666667,5.707079253625125e-11,0.0,0.125,9.981294324840413e-12,3.808509063674137e-12,5.707079253625125e-11,4.433786671143025e-12,5.707079253625125e-11,0.23892791814125974,0.0,0.125,0.021326036409004642,1.5052321295283555e-05,0.23892791814125974,1.5052321295283555e-05,0.23892791814125974
81660.0,0.012056333333333334,5.707079253625125e-11,0.0,0.125,9.981997181107709e-12,3.808509063674137e-12,5.707079253625125e-11,4.433786671143025e-12,5.707079253625125e-11,0.23869524350704188,0.0,0.125,0.021301606785608895,1.5019523070258778e-05,0.23869524350704188,1.5019523070258778e-05,0.23869524350704188
81720.0,0.012056,5.582023732131347e-11,0.0,0.125,9.166365373883542e-12,2.5011104298755527e-12,5.582023732131347e-11,3.126388037344441e-12,5.582023732131347e-11,0.23846303961260976,0.0,0.125,0.021277231752302495,1.4986823181850628e-05,0.23846303961260976,1.4986823181850628e-05,0.23846303961260976
81780.0,0.012055666666666668,5.582023732131347e-11,0.0,0.125,9.172224496500287e-12,2.5011104298755527e-12,5.582023732131347e-11,3.240074875066057e-12,5.582023732131347e-11,0.23823130512512072,0.0,0.125,0.021252911140954005,1.4954221270235823e-05,0.23823130512512072,1.4954221270235823e-05,0.23823130512512072
81840.0,0.012055333333333335,5.582023732131347e-11,0.0,0.125,9.178436647994523e-12,2.5011104298755527e-12,5.582023732131347e-11,3.240074875066057e-12,5.582023732131347e-11,0.23800003871628933,0.0,0.125,0.021228644784398273,1.4921716977644994e-05,0.23800003871628933,1.4921716977644994e-05,0.23800003871628933
81900.0,0.012055,5.582023732131347e-11,0.00015515370530791274,0.125,9.180337564189119e-12,2.5011104298755527e-12,5.582023732131347e-11,3.240074875066057e-12,5.582023732131347e-11,0.2377692390623756,0.0,0.125,0.021204432516376437,1.4889309945864682e-05,0.2377692390623756,1.4889309945864682e-05,0.2377692390623756
81960.0,0.012054666666666667,5.582023732131347e-11,0.0,0.125,9.181383637802555e-12,2.5011104298755527e-12,5.582023732131347e-11,3.240074875066057e-12,5.582023732131347e-11,0.23753890484415663,0.0,0.125,0.021180274171485734,1.4856999821621919e-05,0.23753890484415663,1.4856999821621919e-05,0.23753890484415663
82020.0,0.012054333333333334,5.582023732131347e-11,0.00015514512498410199,0.125,9.193122425358122e-12,2.5011104298755527e-12,5.582023732131347e-11,3.240074875066057e-12,5.582023732131347e-11,0.23730903474691867,0.0,0.125,0.021156169585137018,1.4824786249145738e-05,0.23730903474691867,1.4824786249145738e-05,0.23730903474691867
82080.0,0.012054,5.582023732131347e-11,0.0001551408348221966,0.125,9.202548164343176e-12,2.5011104298755527e-12,5.582023732131347e-11,3.240074875066057e-12,5.582023732131347e-11,0.23707962746043218,0.0,0.125,0.021132118593519125,1.479266887793873e-05,0.23707962746043218,1.479266887793873e-05,0.23707962746043218
82140.0,0.012053666666666667,5.582023732131347e-11,0.00015513654466029123,0.125,9.202548164343178e-12,2.5011104298755527e-12,5.582023732131347e-11,3.240074875066057e-12,5.582023732131347e-11,0.23685068167893777,0.0,0.125,0.021108121033568388,1.4760647356504286e-05,0.23685068167893777,1.4760647356504286e-05,0.23685068167893777
82200.0,0.012053333333333334,5.582023732131347e-11,0.0,0.125,9.203641985345534e-12,2.5011104298755527e-12,5.582023732131347e-11,3.240074875066057e-12,5.582023732131347e-11,0.23662219610112914,0.0,0.125,0.02108417674294292,1.4728721334789086e-05,0.23662219610112914,1.4728721334789086e-05,0.23662219610112914
82260.0,0.012053000000000001,5.582023732131347e-11,0.0,0.125,9.203641985345534e-12,2.5011104298755527e-12,5.582023732131347e-11,3.240074875066057e-12,5.582023732131347e-11,0.2363941694301333,0.0,0.125,0.021060285560000502,1.469689046523781e-05,0.2363941694301333,1.469689046523781e-05,0.2363941694301333
82320.0,0.012052666666666668,5.582023732131347e-11,0.00015512367417457512,0.125,9.209995192888993e-12,2.6147972675971687e-12,5.582023732131347e-11,3.240074875066057e-12,5.582023732131347e-11,0.23616660037349557,0.0,0.125,0.021036447323779597,1.4665154401127811e-05,0.23616660037349557,1.4665154401127811e-05,0.23616660037349557
82380.0,0.012052333333333335,5.582023732131347e-11,0.0,0.125,9.210024420795578e-12,2.6147972675971687e-12,5.582023732131347e-11,3.240074875066057e-12,5.582023732131347e-11,0.23593948764316208,0.0,0.125,0.0210126618739832,1.4633512797124215e-05,0.23593948764316208,1.4633512797124215e-05,0.23593948764316208
82440.0,0.012052000000000002,5.582023732131347e-11,0.00015511509385076437,0.125,9.210334241990627e-12,2.6147972675971687e-12,5.582023732131347e-11,3.240074875066057e-12,5.582023732131347e-11,0.23571282995546392,0.0,0.125,0.020988929050964496,1.4601965309113396e-05,0.23571282995546392,1.4601965309113396e-05,0.23571282995546392
82500.0,0.012051666666666669,5.582023732131347e-11,0.000155110803688859,0.125,9.210334241990627e-12,2.6147972675971687e-12,5.582023732131347e-11,3.240074875066057e-12,5.582023732131347e-11,0.2354866260310978,0.0,0.125,0.0209652486957148,1.4570511595868307e-05,0.2354866260310978,1.4570511595868307e-05,0.2354866260310978
82560.0,0.012051333333333334,5.582023732131347e-11,0.0,0.125,9.210625885957778e-12,2.6147972675971687e-12,5.582023732131347e-11,3.240074875066057e-12,5.582023732131347e-11,0.23526087459511325,0.0,0.125,0.020941620649852593,1.453915131649497e-05,0.23526087459511325,1.453915131649497e-05,0.23526087459511325
82620.0,0.012051000000000001,5.582023732131347e-11,0.00015510222336504823,0.125,9.210924531823947e-12,2.6147972675971687e-12,5.582023732131347e-11,3.240074875066057e-12,5.582023732131347e-11,0.23503557437689376,0.0,0.125,0.020918044755614176,1.450788413143167e-05,0.23503557437689376,1.450788413143167e-05,0.23503557437689376
82680.0,0.012050666666666668,5.582023732131347e-11,0.00015509793320314286,0.125,9.211263831766659e-12,2.6147972675971687e-12,5.582023732131347e-11,3.240074875066057e-12,5.582023732131347e-11,0.2348107241101418,0.0,0.125,0.020894520855845276,1.447670970178283e-05,0.2348107241101418,1.447670970178283e-05,0.2348107241101418
82740.0,0.012050333333333335,5.582023732131347e-11,0.0001550936430412375,0.125,9.212691546756682e-12,2.6147972675971687e-12,5.582023732131347e-11,3.240074875066057e-12,5.582023732131347e-11,0.23458632253286182,0.0,0.125,0.02087104879399352,1.4445627691761498e-05,0.23458632253286182,1.4445627691761498e-05,0.23458632253286182
82800.0,0.012050000000000002,5.582023732131347e-11,0.0,0.125,9.215391139682979e-12,2.6147972675971687e-12,5.582023732131347e-11,3.296918293926865e-12,5.582023732131347e-11,0.23436236838734414,0.0,0.125,0.020847628414101767,1.4414637765747251e-05,0.23436236838734414,1.4414637765747251e-05,0.23436236838734414
82860.0,0.012050000000000002,5.582023732131347e-11,0.0,0.125,9.215608750370184e-12,2.6147972675971687e-12,5.582023732131347e-11,3.296918293926865e-12,5.582023732131347e-11,0.2341388672896579,0.0,0.125,0.02082426036273593,1.4383740443491e-05,0.2341388672896579,1.4383740443491e-05,0.2341388672896579
82920.0,0.012050000000000002,5.582023732131347e-11,0.0,0.125,9.215608750370184e-12,2.6147972675971687e-12,5.582023732131347e-11,3.296918293926865e-12,5.582023732131347e-11,0.23391582479561318,0.0,0.125,0.020800945288920823,1.435293623308631e-05,0.23391582479561318,1.435293623308631e-05,0.23391582479561318
82980.0,0.012050000000000002,5.582023732131347e-11,0.0,0.125,9.215608750370184e-12,2.6147972675971687e-12,5.582023732131347e-11,3.296918293926865e-12,5.582023732131347e-11,0.23369323956405227,0.0,0.125,0.020777683039519868,1.4322224788920757e-05,0.23369323956405227,1.4322224788920757e-05,0.23369323956405227
83040.0,0.012050000000000002,5.582023732131347e-11,0.0,0.125,9.215608750370184e-12,2.6147972675971687e-12,5.582023732131347e-11,3.296918293926865e-12,5.582023732131347e-11,0.2334711102587821,0.0,0.125,0.020754473459985167,1.4291605766547644e-05,0.2334711102587821,1.4291605766547644e-05,0.2334711102587821
83100.0,0.012050000000000002,5.582023732131347e-11,0.0,0.125,9.215608750370184e-12,2.6147972675971687e-12,5.582023732131347e-11,3.296918293926865e-12,5.582023732131347e-11,0.23324943554855476,0.0,0.125,0.020731316394710087,1.4261078822241924e-05,0.23324943554855476,1.4261078822241924e-05,0.23324943554855476
83160.0,0.012050000000000002,5.582023732131347e-11,0.0,0.125,9.217410789686594e-12,2.6147972675971687e-12,5.582023732131347e-11,3.296918293926865e-12,5.582023732131347e-11,0.23302821410704688,0.0,0.125,0.020708211687315688,1.4230643614110416e-05,0.23302821410704688,1.4230643614110416e-05,0.23302821410704688
83220.0,0.012050000000000002,5.582023732131347e-11,0.0,0.125,9.217410789686594e-12,2.6147972675971687e-12,5.582023732131347e-11,3.296918293926865e-12,5.582023732131347e-11,0.23280744461284059,0.0,0.125,0.020685159180884597,1.420029980164772e-05,0.23280744461284059,1.420029980164772e-05,0.23280744461284059
83280.0,0.012050000000000002,5.576339390245266e-11,0.0,0.125,9.18162911079032e-12,2.5579538487363607e-12,5.576339390245266e-11,3.240074875066057e-12,5.576339390245266e-11,0.23258712574940227,0.0,0.125,0.020662158718152433,1.41700470461803e-05,0.23258712574940227,1.41700470461803e-05,0.23258712574940227
83340.0,0.012050000000000002,5.576339390245266e-11,0.0,0.125,9.18165689808226e-12,2.5579538487363607e-12,5.576339390245266e-11,3.240074875066057e-12,5.576339390245266e-11,0.23236725620506196,0.0,0.125,0.02063921014166521,1.4139885010144848e-05,0.23236725620506196,1.4139885010144848e-05,0.23236725620506196
83400.0,0.012050000000000002,5.576339390245266e-11,0.0,0.125,9.181939392606483e-12,2.5579538487363607e-12,5.576339390245266e-11,3.240074875066057e-12,5.576339390245266e-11,0.23214783467299532,0.0,0.125,0.020616313293908957,1.4109813357643386e-05,0.23214783467299532,1.4109813357643386e-05,0.23214783467299532
83460.0,0.012050000000000002,5.576339390245266e-11,0.0,0.125,9.181939392606483e-12,2.5579538487363607e-12,5.576339390245266e-11,3.240074875066057e-12,5.576339390245266e-11,0.2319288598512002,0.0,0.125,0.020593468017416624,1.4079831754165717e-05,0.2319288598512002,1.4079831754165717e-05,0.2319288598512002
83520.0,0.012050000000000002,5.576339390245266e-11,0.0,0.125,9.185213878477196e-12,2.5579538487363607e-12,5.576339390245266e-11,3.240074875066057e-12,5.576339390245266e-11,0.23171033044247763,0.0,0.125,0.02057067415485652,1.4049939866200845e-05,0.23171033044247763,1.4049939866200845e-05,0.23171033044247763
83580.0,0.012050000000000002,5.576339390245266e-11,0.0,0.125,9.188600275266785e-12,2.5579538487363607e-12,5.576339390245266e-11,3.240074875066057e-12,5.576339390245266e-11,0.23149224515440986,0.0,0.125,0.020547931549105388,1.4020137361459017e-05,0.23149224515440986,1.4020137361459017e-05,0.23149224515440986
83640.0,0.012050000000000002,5.576339390245266e-11,0.0,0.125,9.188600275266785e-12,2.5579538487363607e-12,5.576339390245266e-11,3.240074875066057e-12,5.576339390245266e-11,0.23127460269934078,0.0,0.125,0.020525240043309037,1.399042391081462e-05,0.23127460269934078,1.399042391081462e-05,0.23127460269934078
83700.0,0.012050000000000002,5.576339390245266e-11,0.0,0.125,9.188600275266785e-12,2.5579538487363607e-12,5.576339390245266e-11,3.240074875066057e-12,5.576339390245266e-11,0.23105740179435394,0.0,0.125,0.0205025994809324,1.396079918480897e-05,0.23105740179435394,1.396079918480897e-05,0.23105740179435394
83760.0,0.012050000000000002,5.576339390245266e-11,0.0,0.125,9.189604908280458e-12,2.5579538487363607e-12,5.576339390245266e-11,3.240074875066057e-12,5.576339390245266e-11,0.23084064116125325,0.0,0.125,0.02048000970580115,1.3931262854982585e-05,0.23084064116125325,1.3931262854982585e-05,0.23084064116125325
83820.0,0.012050000000000002,5.576339390245266e-11,0.0,0.125,9.19236405541291e-12,2.6716406864579767e-12,5.576339390245266e-11,3.240074875066057e-12,5.576339390245266e-11,0.23062431952653994,0.0,0.125,0.02045747056213604,1.3901814596817275e-05,0.23062431952653994,1.3901814596817275e-05,0.23062431952653994
83880.0,0.012050000000000002,5.576339390245266e-11,0.0,0.125,9.196547070864645e-12,2.6716406864579767e-12,5.576339390245266e-11,3.240074875066057e-12,5.576339390245266e-11,0.23040843562139401,0.0,0.125,0.020434981894581424,1.3872454083241337e-05,0.23040843562139401,1.3872454083241337e-05,0.23040843562139401
83940.0,0.012050000000000002,5.576339390245266e-11,0.0,0.125,9.196918339241419e-12,2.6716406864579767e-12,5.576339390245266e-11,3.240074875066057e-12,5.576339390245266e-11,0.2301929881816517,0.0,0.125,0.02041254354822874,1.3843180993844406e-05,0.2301929881816517,1.3843180993844406e-05,0.2301929881816517
84000.0,0.012050000000000002,5.576339390245266e-11,0.0001550893528793321,0.125,9.197691651467594e-12,2.6716406864579767e-12,5.576339390245266e-11,3.240074875066057e-12,5.576339390245266e-11,0.22997797594778543,0.0,0.125,0.02039015536863581,1.3813995004552382e-05,0.22997797594778543,1.3813995004552382e-05,0.22997797594778543
84060.0,0.012050000000000002,5.582023732131347e-11,0.0,0.125,9.198329211327093e-12,2.6716406864579767e-12,5.582023732131347e-11,3.240074875066057e-12,5.582023732131347e-11,0.22976339766488343,0.0,0.125,0.020367817201842907,1.3784895795843077e-05,0.22976339766488343,1.3784895795843077e-05,0.22976339766488343
84120.0,0.012050000000000002,5.582023732131347e-11,0.0,0.125,9.199260317922332e-12,2.6716406864579767e-12,5.582023732131347e-11,3.240074875066057e-12,5.582023732131347e-11,0.22954925208262805,0.0,0.125,0.020345528894385737,1.3755883047306128e-05,0.22954925208262805,1.3755883047306128e-05,0.22954925208262805
84180.0,0.012050000000000002,5.582023732131347e-11,0.0,0.125,9.20205410905866e-12,2.6716406864579767e-12,5.582023732131347e-11,3.296918293926865e-12,5.582023732131347e-11,0.2293355379552764,0.0,0.125,0.020323290293306092,1.3726956440751614e-05,0.2293355379552764,1.3726956440751614e-05,0.2293355379552764
84240.0,0.012050000000000002,5.582023732131347e-11,0.0,0.125,9.20207703488927e-12,2.6716406864579767e-12,5.582023732131347e-11,3.296918293926865e-12,5.582023732131347e-11,0.22912225404163838,0.0,0.125,0.020301101246160476,1.3698115660432109e-05,0.22912225404163838,1.3698115660432109e-05,0.22912225404163838
84300.0,0.012050000000000002,5.582023732131347e-11,0.0,0.125,9.20207703488927e-12,2.6716406864579767e-12,5.582023732131347e-11,3.296918293926865e-12,5.582023732131347e-11,0.2289093991050571,0.0,0.125,0.02027896160102702,1.3669360391266316e-05,0.2289093991050571,1.3669360391266316e-05,0.2289093991050571
84360.0,0.012050000000000002,5.582023732131347e-11,0.0,0.125,9.20207703488927e-12,2.6716406864579767e-12,5.582023732131347e-11,3.296918293926865e-12,5.582023732131347e-11,0.22869697191338748,0.0,0.125,0.020256871206511002,1.3640690319838278e-05,0.22869697191338748,1.3640690319838278e-05,0.22869697191338748
84420.0,0.012050000000000002,5.582023732131347e-11,0.0,0.125,9.20207703488927e-12,2.6716406864579767e-12,5.582023732131347e-11,3.296918293926865e-12,5.582023732131347e-11,0.22848497123897715,0.0,0.125,0.020234829911749123,1.3612105132398966e-05,0.22848497123897715,1.3612105132398966e-05,0.22848497123897715
84480.0,0.012050000000000002,5.582023732131347e-11,0.0,0.125,9.20207703488927e-12,2.6716406864579767e-12,5.582023732131347e-11,3.296918293926865e-12,5.582023732131347e-11,0.22827339585864637,0.0,0.125,0.020212837566412803,1.3583604517974912e-05,0.22827339585864637,1.3583604517974912e-05,0.22827339585864637
84540.0,0.012050000000000002,5.582023732131347e-11,0.0,0.125,9.20207703488927e-12,2.6716406864579767e-12,5.582023732131347e-11,3.296918293926865e-12,5.582023732131347e-11,0.2280622445536654,0.0,0.125,0.02019089402071066,1.3555188166980425e-05,0.2280622445536654,1.3555188166980425e-05,0.2280622445536654
84600.0,0.012050000000000002,5.576339390245266e-11,0.0,0.125,9.166221086275242e-12,2.6147972675971687e-12,5.576339390245266e-11,3.240074875066057e-12,5.576339390245266e-11,0.22785151610973664,0.0,0.125,0.020168999125390167,1.3526855770773505e-05,0.22785151610973664,1.3526855770773505e-05,0.22785151610973664
84660.0,0.012049666666666669,5.576339390245266e-11,0.0,0.125,9.166221086275242e-12,2.6147972675971687e-12,5.576339390245266e-11,3.240074875066057e-12,5.576339390245266e-11,0.22764120286591244,0.0,0.125,0.02014715197795624,1.349860624194621e-05,0.22764120286591244,1.349860624194621e-05,0.22764120286591244
84720.0,0.012049333333333336,5.576339390245266e-11,0.0,0.125,9.166248920276286e-12,2.6147972675971687e-12,5.576339390245266e-11,3.240074875066057e-12,5.576339390245266e-11,0.22743129722450472,0.0,0.125,0.02012535167485433,1.3470438504525895e-05,0.22743129722450472,1.3470438504525895e-05,0.22743129722450472
84780.0,0.012049,5.576339390245266e-11,0.0,0.125,9.166452974087813e-12,2.6147972675971687e-12,5.576339390245266e-11,3.240074875066057e-12,5.576339390245266e-11,0.2272217980721991,0.0,0.125,0.02010359806758501,1.3442352267911684e-05,0.2272217980721991,1.3442352267911684e-05,0.2272217980721991
84840.0,0.012048666666666668,5.576339390245266e-11,0.0,0.125,9.166452974087813e-12,2.6147972675971687e-12,5.576339390245266e-11,3.240074875066057e-12,5.576339390245266e-11,0.2270127042993739,0.0,0.125,0.020081891009943644,1.3414347242612923e-05,0.2270127042993739,1.3414347242612923e-05,0.2270127042993739
84900.0,0.012048333333333335,5.576339390245266e-11,0.0,0.125,9.166637103747724e-12,2.6147972675971687e-12,5.576339390245266e-11,3.240074875066057e-12,5.576339390245266e-11,0.22680401480008822,0.0,0.125,0.02006023035771471,1.3386423139138959e-05,0.22680401480008822,1.3386423139138959e-05,0.22680401480008822
84960.0,0.012048000000000001,5.576339390245266e-11,0.0,0.125,9.16797497973729e-12,2.6147972675971687e-12,5.576339390245266e-11,3.240074875066057e-12,5.576339390245266e-11,0.22659572847206236,0.0,0.125,0.020038615968420704,1.3358579669664472e-05,0.22659572847206236,1.3358579669664472e-05,0.22659572847206236
85020.0,0.012047666666666668,5.576339390245266e-11,0.0,0.125,9.167974979737291e-12,2.6147972675971687e-12,5.576339390245266e-11,3.240074875066057e-12,5.576339390245266e-11,0.22638784421666308,0.0,0.125,0.020017047701114628,1.33308165476409e-05,0.22638784421666308,1.33308165476409e-05,0.22638784421666308
85080.0,0.012047333333333335,5.576339390245266e-11,0.0,0.125,9.197836890692496e-12,2.6147972675971687e-12,5.576339390245266e-11,3.240074875066057e-12,5.576339390245266e-11,0.2261803609388896,0.0,0.125,0.01999552541620806,1.3303133488573593e-05,0.2261803609388896,1.3303133488573593e-05,0.2261803609388896
85140.0,0.012047000000000002,5.576339390245266e-11,0.0,0.125,9.199705365900508e-12,2.6147972675971687e-12,5.576339390245266e-11,3.240074875066057e-12,5.576339390245266e-11,0.22597327754735752,0.0,0.125,0.019974048975327976,1.3275530208578523e-05,0.22597327754735752,1.3275530208578523e-05,0.22597327754735752
85200.0,0.012046666666666667,5.576339390245266e-11,0.0,0.125,9.19991990195225e-12,2.6147972675971687e-12,5.576339390245266e-11,3.240074875066057e-12,5.576339390245266e-11,0.22576659295428483,0.0,0.125,0.019952618241197442,1.3248006423272063e-05,0.22576659295428483,1.3248006423272063e-05,0.22576659295428483
85260.0,0.012046333333333334,5.576339390245266e-11,0.0,0.125,9.19991990195225e-12,2.6147972675971687e-12,5.576339390245266e-11,3.240074875066057e-12,5.576339390245266e-11,0.22556030607547667,0.0,0.125,0.019931233077535835,1.322056185243392e-05,0.22556030607547667,1.322056185243392e-05,0.22556030607547667
85320.0,0.012046000000000001,5.576339390245266e-11,0.0,0.125,9.19991990195225e-12,2.6147972675971687e-12,5.576339390245266e-11,3.240074875066057e-12,5.576339390245266e-11,0.2253544158303138,0.0,0.125,0.01990989334897499,1.319319621362336e-05,0.2253544158303138,1.319319621362336e-05,0.2253544158303138
85380.0,0.012045666666666668,5.582023732131347e-11,0.0,0.125,9.19991990195225e-12,2.6716406864579767e-12,5.582023732131347e-11,3.296918293926865e-12,5.582023732131347e-11,0.22514892114173446,0.0,0.125,0.019888598920988827,1.3165909229506667e-05,0.22514892114173446,1.3165909229506667e-05,0.22514892114173446
85440.0,0.012045333333333335,5.576339390245266e-11,0.0,0.125,9.199919901952248e-12,2.6147972675971687e-12,5.576339390245266e-11,3.240074875066057e-12,5.576339390245266e-11,0.22494382093622442,0.0,0.125,0.01986734965983402,1.313870062025213e-05,0.22494382093622442,1.313870062025213e-05,0.22494382093622442
85500.0,0.012045,5.576339390245266e-11,0.0,0.125,9.200756794173443e-12,2.6147972675971687e-12,5.576339390245266e-11,3.240074875066057e-12,5.576339390245266e-11,0.22473911414380138,0.0,0.125,0.01984614543249992,1.3111570109913817e-05,0.22473911414380138,1.3111570109913817e-05,0.22473911414380138
85560.0,0.012044666666666667,5.576339390245266e-11,0.0,0.125,9.200756794173443e-12,2.6147972675971687e-12,5.576339390245266e-11,3.240074875066057e-12,5.576339390245266e-11,0.2245347996980026,0.0,0.125,0.01982498610666603,1.3084517420325348e-05,0.2245347996980026,1.3084517420325348e-05,0.2245347996980026
85620.0,0.012044333333333334,5.576339390245266e-11,0.0,0.125,9.200756794173443e-12,2.6147972675971687e-12,5.576339390245266e-11,3.240074875066057e-12,5.576339390245266e-11,0.22433087653587072,0.0,0.125,0.01980387155066605,1.3057542278205325e-05,0.22433087653587072,1.3057542278205325e-05,0.22433087653587072
85680.0,0.012044000000000001,5.576339390245266e-11,0.0,0.125,9.200816887415295e-12,2.6147972675971687e-12,5.576339390245266e-11,3.240074875066057e-12,5.576339390245266e-11,0.2241273435979425,0.0,0.125,0.019782801633457324,1.3030644409606218e-05,0.2241273435979425,1.3030644409606218e-05,0.2241273435979425
85740.0,0.012043666666666668,5.576339390245266e-11,0.0,0.125,9.200816887415293e-12,2.6147972675971687e-12,5.576339390245266e-11,3.240074875066057e-12,5.576339390245266e-11,0.22392419982823342,0.0,0.125,0.019761776224594525,1.3003823540580495e-05,0.22392419982823342,1.3003823540580495e-05,0.22392419982823342
85800.0,0.012043333333333335,5.576339390245266e-11,0.0,0.125,9.202580737228336e-12,2.6147972675971687e-12,5.576339390245266e-11,3.240074875066057e-12,5.576339390245266e-11,0.22372144417422696,0.0,0.125,0.01974079519420735,1.2977079401066405e-05,0.22372144417422696,1.2977079401066405e-05,0.22372144417422696
85860.0,0.012043000000000002,5.576339390245266e-11,0.0,0.125,9.203374854841334e-12,2.6147972675971687e-12,5.576339390245266e-11,3.240074875066057e-12,5.576339390245266e-11,0.22351907558686024,0.0,0.125,0.019719858412981368,1.295041171917033e-05,0.22351907558686024,1.295041171917033e-05,0.22351907558686024
85920.0,0.012042666666666667,5.582023732131347e-11,0.0,0.125,9.240019439770191e-12,2.6147972675971687e-12,5.582023732131347e-11,3.240074875066057e-12,5.582023732131347e-11,0.22331709302051317,0.0,0.125,0.019698965752141417,1.2923820225940741e-05,0.22331709302051317,1.2923820225940741e-05,0.22331709302051317
85980.0,0.012042333333333334,5.582023732131347e-11,0.0,0.125,9.24120671143665e-12,2.6147972675971687e-12,5.582023732131347e-11,3.240074875066057e-12,5.582023732131347e-11,0.22311549543299553,0.0,0.125,0.01967811708343737,1.2897304653647357e-05,0.22311549543299553,1.2897304653647357e-05,0.22311549543299553
86040.0,0.012042,5.587708074017428e-11,0.0,0.125,9.291664081282255e-12,3.240074875066057e-12,5.587708074017428e-11,3.353761712787673e-12,5.587708074017428e-11,0.22291428178553335,0.0,0.125,0.01965731227913177,1.2870864733949272e-05,0.22291428178553335,1.2870864733949272e-05,0.22291428178553335
86100.0,0.012041666666666668,5.5933924159035087e-11,0.0,0.125,9.293926765851816e-12,3.410605131648481e-12,5.5933924159035087e-11,3.410605131648481e-12,5.5933924159035087e-11,0.22271345104275794,0.0,0.125,0.01963655121198893,1.2844500201447673e-05,0.22271345104275794,1.2844500201447673e-05,0.22271345104275794
86160.0,0.012041333333333334,5.587708074017428e-11,0.0,0.125,9.294081840405781e-12,3.353761712787673e-12,5.587708074017428e-11,3.353761712787673e-12,5.587708074017428e-11,0.22251300217269251,0.0,0.125,0.019615833755265655,1.2818210790854767e-05,0.22251300217269251,1.2818210790854767e-05,0.22251300217269251
86220.0,0.012041,5.5990767577895895e-11,0.0,0.125,9.345939033776103e-12,3.353761712787673e-12,5.5990767577895895e-11,3.353761712787673e-12,5.5990767577895895e-11,0.22231293414674236,0.0,0.125,0.019595159782702855,1.2791996238381564e-05,0.22231293414674236,1.2791996238381564e-05,0.22231293414674236
86280.0,0.012040666666666667,5.5990767577895895e-11,0.0,0.125,9.345939033776103e-12,3.410605131648481e-12,5.5990767577895895e-11,3.410605131648481e-12,5.5990767577895895e-11,0.22211324593968101,0.0,0.125,0.019574529168518207,1.276585628101623e-05,0.22211324593968101,1.276585628101623e-05,0.22211324593968101
86340.0,0.012040333333333333,5.610445441561751e-11,0.0,0.125,9.3471919395844e-12,3.353761712787673e-12,5.610445441561751e-11,3.353761712787673e-12,5.610445441561751e-11,0.22191393652963864,0.0,0.125,0.019553941787399734,1.2739790655580396e-05,0.22191393652963864,1.2739790655580396e-05,0.22191393652963864
86400.0,0.01204,5.60476109967567e-11,0.0,0.125,9.34722585432706e-12,3.353761712787673e-12,5.60476109967567e-11,3.353761712787673e-12,5.60476109967567e-11,0.22171500489808904,0.0,0.125,0.019533397514499947,1.2713799102948009e-05,0.22171500489808904,1.2713799102948009e-05,0.22171500489808904
86460.0,0.01204,5.60476109967567e-11,0.0,0.125,9.347264054189614e-12,3.353761712787673e-12,5.60476109967567e-11,3.353761712787673e-12,5.60476109967567e-11,0.22151645611236936,0.0,0.125,0.01951289693670082,1.268788207886562e-05,0.22151645611236936,1.268788207886562e-05,0.22151645611236936
86520.0,0.01204,5.60476109967567e-11,0.0,0.125,9.347264054189614e-12,3.353761712787673e-12,5.60476109967567e-11,3.353761712787673e-12,5.60476109967567e-11,0.22131829518910354,0.0,0.125,0.01949244064270903,1.2662040029975952e-05,0.22131829518910354,1.2662040029975952e-05,0.22131829518910354
86580.0,0.01204,5.60476109967567e-11,0.0,0.125,9.349654204943223e-12,3.353761712787673e-12,5.60476109967567e-11,3.353761712787673e-12,5.60476109967567e-11,0.22112052103911972,0.0,0.125,0.019472028509739562,1.2636272688881789e-05,0.22112052103911972,1.2636272688881789e-05,0.22112052103911972
86640.0,0.01204,5.60476109967567e-11,0.0,0.125,9.349654204943223e-12,3.353761712787673e-12,5.60476109967567e-11,3.353761712787673e-12,5.60476109967567e-11,0.22092313257713297,0.0,0.125,0.019451660413891757,1.2610579785632403e-05,0.22092313257713297,1.2610579785632403e-05,0.22092313257713297
86700.0,0.01204,5.60476109967567e-11,0.0,0.125,9.349654204943223e-12,3.353761712787673e-12,5.60476109967567e-11,3.353761712787673e-12,5.60476109967567e-11,0.22072612872172975,0.0,0.125,0.019431336230409286,1.2584961051331778e-05,0.22072612872172975,1.2584961051331778e-05,0.22072612872172975
86760.0,0.01204,5.5990767577895895e-11,0.0,0.125,9.313561903900863e-12,3.296918293926865e-12,5.5990767577895895e-11,3.296918293926865e-12,5.5990767577895895e-11,0.22052950839535101,0.0,0.125,0.019411055833895026,1.2559416221191722e-05,0.22052950839535101,1.2559416221191722e-05,0.22052950839535101
86820.0,0.01204,5.5990767577895895e-11,0.0,0.125,9.313561903900863e-12,3.296918293926865e-12,5.5990767577895895e-11,3.296918293926865e-12,5.5990767577895895e-11,0.22033327052428037,0.0,0.125,0.019390819098488974,1.2533945029480353e-05,0.22033327052428037,1.2533945029480353e-05,0.22033327052428037
86880.0,0.01204,5.5990767577895895e-11,0.0,0.125,9.313561903900863e-12,3.296918293926865e-12,5.5990767577895895e-11,3.296918293926865e-12,5.5990767577895895e-11,0.22013741403862686,0.0,0.125,0.01937062589801627,1.2508547211131926e-05,0.22013741403862686,1.2508547211131926e-05,0.22013741403862686
86940.0,0.01204,5.5990767577895895e-11,0.0,0.125,9.313561903900863e-12,3.296918293926865e-12,5.5990767577895895e-11,3.296918293926865e-12,5.5990767577895895e-11,0.2199419378723113,0.0,0.125,0.019350476106110456,1.2483222503689717e-05,0.2199419378723113,1.2483222503689717e-05,0.2199419378723113
87000.0,0.01204,5.5990767577895895e-11,0.0,0.125,9.313561903900863e-12,3.296918293926865e-12,5.5990767577895895e-11,3.296918293926865e-12,5.5990767577895895e-11,0.21974684096304922,0.0,0.125,0.019330369596316295,1.2457970645196603e-05,0.21974684096304922,1.2457970645196603e-05,0.21974684096304922
87060.0,0.01204,5.5990767577895895e-11,0.0,0.125,9.313561903900863e-12,3.296918293926865e-12,5.5990767577895895e-11,3.296918293926865e-12,5.5990767577895895e-11,0.2195521222523386,0.0,0.125,0.01931030624217565,1.243279137358444e-05,0.2195521222523386,1.243279137358444e-05,0.2195521222523386
87120.0,0.01204,5.5990767577895895e-11,0.0,0.125,9.313706938146113e-12,3.296918293926865e-12,5.5990767577895895e-11,3.296918293926865e-12,5.5990767577895895e-11,0.21935778068544165,0.0,0.125,0.01929028591729941,1.2407684429338595e-05,0.21935778068544165,1.2407684429338595e-05,0.21935778068544165
87180.0,0.01204,5.5990767577895895e-11,0.0,0.125,9.314903214153908e-12,3.296918293926865e-12,5.5990767577895895e-11,3.296918293926865e-12,5.5990767577895895e-11,0.2191638152113687,0.0,0.125,0.019270308495427563,1.2382649553777103e-05,0.2191638152113687,1.2382649553777103e-05,0.2191638152113687
87240.0,0.01204,5.5990767577895895e-11,0.0,0.125,9.322009695993966e-12,3.353761712787673e-12,5.5990767577895895e-11,3.353761712787673e-12,5.5990767577895895e-11,0.21897022478286696,0.0,0.125,0.019250373850479657,1.2357686488995157e-05,0.21897022478286696,1.2357686488995157e-05,0.21897022478286696
87300.0,0.01204,5.5990767577895895e-11,0.0,0.125,9.324539680661876e-12,3.353761712787673e-12,5.5990767577895895e-11,3.353761712787673e-12,5.5990767577895895e-11,0.21877700835640046,0.0,0.125,0.019230481856596815,1.2332794978087147e-05,0.21877700835640046,1.2332794978087147e-05,0.21877700835640046
87360.0,0.01204,5.5990767577895895e-11,0.0,0.125,9.325090190219846e-12,3.353761712787673e-12,5.5990767577895895e-11,3.353761712787673e-12,5.5990767577895895e-11,0.21858416489213678,0.0,0.125,0.019210632388177145,1.230797476525769e-05,0.21858416489213678,1.230797476525769e-05,0.21858416489213678
87420.0,0.01204,5.5990767577895895e-11,0.0,0.125,9.325090190219846e-12,3.353761712787673e-12,5.5990767577895895e-11,3.353761712787673e-12,5.5990767577895895e-11,0.21839169335393147,0.0,0.125,0.019190825319905274,1.228322559715389e-05,0.21839169335393147,1.228322559715389e-05,0.21839169335393147
87480.0,0.01204,5.5990767577895895e-11,0.0,0.125,9.326396823565239e-12,3.353761712787673e-12,5.5990767577895895e-11,3.353761712787673e-12,5.5990767577895895e-11,0.21819959270931244,0.0,0.125,0.019171060526777046,1.2258547219257121e-05,0.21819959270931244,1.2258547219257121e-05,0.21819959270931244
87540.0,0.01204,5.5990767577895895e-11,0.0,0.125,9.326769550266785e-12,3.353761712787673e-12,5.5990767577895895e-11,3.353761712787673e-12,5.5990767577895895e-11,0.21800786192946392,0.0,0.125,0.019151337884120212,1.2233939378658576e-05,0.21800786192946392,1.2233939378658576e-05,0.21800786192946392
87600.0,0.01204,5.5990767577895895e-11,0.0,0.125,9.326769550266785e-12,3.353761712787673e-12,5.5990767577895895e-11,3.353761712787673e-12,5.5990767577895895e-11,0.2178164999892105,0.0,0.125,0.019131657267611596,1.2209401824891941e-05,0.2178164999892105,1.2209401824891941e-05,0.2178164999892105
87660.0,0.01204,5.5990767577895895e-11,0.0,0.125,9.326769550266785e-12,3.353761712787673e-12,5.5990767577895895e-11,3.353761712787673e-12,5.5990767577895895e-11,0.21762550586700355,0.0,0.125,0.019112018553291484,1.2184934305770057e-05,0.21762550586700355,1.2184934305770057e-05,0.21762550586700355
87720.0,0.01204,5.5990767577895895e-11,0.0,0.125,9.326769550266785e-12,3.353761712787673e-12,5.5990767577895895e-11,3.353761712787673e-12,5.5990767577895895e-11,0.21743487854490248,0.0,0.125,0.019092421617575416,1.2160536574434833e-05,0.21743487854490248,1.2160536574434833e-05,0.21743487854490248
87780.0,0.01204,5.5990767577895895e-11,0.0,0.125,9.326769550266785e-12,3.353761712787673e-12,5.5990767577895895e-11,3.353761712787673e-12,5.5990767577895895e-11,0.2172446170085639,0.0,0.125,0.01907286633726408,1.2136208380975066e-05,0.2172446170085639,1.2136208380975066e-05,0.2172446170085639
87840.0,0.01204,5.5990767577895895e-11,0.0,0.125,9.326769550266785e-12,3.353761712787673e-12,5.5990767577895895e-11,3.353761712787673e-12,5.5990767577895895e-11,0.21705472024722128,0.0,0.125,0.019053352589551376,1.2111949478754713e-05,0.21705472024722128,1.2111949478754713e-05,0.21705472024722128
87900.0,0.01204,5.5990767577895895e-11,0.0,0.125,9.326769550266785e-12,3.353761712787673e-12,5.5990767577895895e-11,3.353761712787673e-12,5.5990767577895895e-11,0.2168651872536736,0.0,0.125,0.019033880252031003,1.2087759620915683e-05,0.2168651872536736,1.2087759620915683e-05,0.2168651872536736
87960.0,0.01204,5.5990767577895895e-11,0.0,0.125,9.367979149232728e-12,3.353761712787673e-12,5.5990767577895895e-11,3.353761712787673e-12,5.5990767577895895e-11,0.2166760170242672,0.0,0.125,0.019014449202701816,1.20636385621542e-05,0.2166760170242672,1.20636385621542e-05,0.2166760170242672
88020.0,0.01204,5.5990767577895895e-11,0.0,0.125,9.397384271080078e-12,3.353761712787673e-12,5.5990767577895895e-11,3.353761712787673e-12,5.5990767577895895e-11,0.21648720855888154,0.0,0.125,0.01899505931997215,1.2039586059164886e-05,0.21648720855888154,1.2039586059164886e-05,0.21648720855888154
88080.0,0.01204,5.5990767577895895e-11,0.0,0.125,9.397384271080078e-12,3.353761712787673e-12,5.5990767577895895e-11,3.353761712787673e-12,5.5990767577895895e-11,0.21629876086091485,0.0,0.125,0.018975710482663163,1.20156018678097e-05,0.21629876086091485,1.20156018678097e-05,0.21629876086091485
88140.0,0.01204,5.5990767577895895e-11,0.0,0.125,9.397731675506476e-12,3.353761712787673e-12,5.5990767577895895e-11,3.353761712787673e-12,5.5990767577895895e-11,0.2161106729372671,0.0,0.125,0.018956402570011507,1.1991685746726155e-05,0.2161106729372671,1.1991685746726155e-05,0.2161106729372671
88200.0,0.01204,5.5990767577895895e-11,0.0,0.125,9.397731675506476e-12,3.353761712787673e-12,5.5990767577895895e-11,3.353761712787673e-12,5.5990767577895895e-11,0.21592294379832636,0.0,0.125,0.018937135461671382,1.1967837453941144e-05,0.21592294379832636,1.1967837453941144e-05,0.21592294379832636
88260.0,0.012039666666666667,5.5933924159035087e-11,0.0,0.125,9.361676825029326e-12,3.296918293926865e-12,5.5933924159035087e-11,3.296918293926865e-12,5.5933924159035087e-11,0.2157355667286459,0.0,0.125,0.018917908367221528,1.1944056092727529e-05,0.2157355667286459,1.1944056092727529e-05,0.2157355667286459
88320.0,0.012039333333333334,5.5990767577895895e-11,0.0,0.125,9.366630081953162e-12,3.296918293926865e-12,5.5990767577895895e-11,3.296918293926865e-12,5.5990767577895895e-11,0.21554853506572558,0.0,0.125,0.01889872049550457,1.1920340774684846e-05,0.21554853506572558,1.1920340774684846e-05,0.21554853506572558
88380.0,0.012039000000000001,5.5990767577895895e-11,0.0,0.125,9.366630081953164e-12,3.296918293926865e-12,5.5990767577895895e-11,3.296918293926865e-12,5.5990767577895895e-11,0.21536184790416468,0.0,0.125,0.018879571726896468,1.1896691272605953e-05,0.21536184790416468,1.1896691272605953e-05,0.21536184790416468
88440.0,0.012038666666666666,5.5990767577895895e-11,0.0,0.125,9.368485772458436e-12,3.296918293926865e-12,5.5990767577895895e-11,3.296918293926865e-12,5.5990767577895895e-11,0.21517550434146737,0.0,0.125,0.01886046194357834,1.1873107359949842e-05,0.21517550434146737,1.1873107359949842e-05,0.21517550434146737
88500.0,0.012038333333333333,5.5990767577895895e-11,0.0,0.125,9.368485772458436e-12,3.296918293926865e-12,5.5990767577895895e-11,3.296918293926865e-12,5.5990767577895895e-11,0.2149895034780279,0.0,0.125,0.018841391029309845,1.1849588812062883e-05,0.2149895034780279,1.1849588812062883e-05,0.2149895034780279
88560.0,0.012038,5.5990767577895895e-11,0.0,0.125,9.368651272802777e-12,3.296918293926865e-12,5.5990767577895895e-11,3.296918293926865e-12,5.5990767577895895e-11,0.214803844417122,0.0,0.125,0.018822358869239914,1.1826135403736338e-05,0.214803844417122,1.1826135403736338e-05,0.214803844417122
88620.0,0.012037666666666667,5.5990767577895895e-11,0.0,0.125,9.368651272802777e-12,3.296918293926865e-12,5.5990767577895895e-11,3.296918293926865e-12,5.5990767577895895e-11,0.21461852626489303,0.0,0.125,0.018803365349748365,1.1802746910316575e-05,0.21461852626489303,1.1802746910316575e-05,0.21461852626489303
88680.0,0.012037333333333334,5.5990767577895895e-11,0.00015492632672692782,0.125,9.368651272802777e-12,3.296918293926865e-12,5.5990767577895895e-11,3.296918293926865e-12,5.5990767577895895e-11,0.21443354813033977,0.0,0.125,0.01878441035831286,1.1779423111313303e-05,0.21443354813033977,1.1779423111313303e-05,0.21443354813033977
88740.0,0.012037,5.5990767577895895e-11,0.0,0.125,9.379000332607864e-12,3.353761712787673e-12,5.5990767577895895e-11,3.353761712787673e-12,5.5990767577895895e-11,0.21424890912530814,0.0,0.125,0.01876549378339683,1.1756163782350448e-05,0.21424890912530814,1.1756163782350448e-05,0.21424890912530814
88800.0,0.012036666666666668,5.5990767577895895e-11,0.00015491774640311707,0.125,9.379000332607864e-12,3.353761712787673e-12,5.5990767577895895e-11,3.353761712787673e-12,5.5990767577895895e-11,0.21406460836447672,0.0,0.125,0.01874661551435489,1.1732968703714874e-05,0.21406460836447672,1.1732968703714874e-05,0.21406460836447672
88860.0,0.012036333333333335,5.5990767577895895e-11,0.0,0.125,9.379000332607866e-12,3.353761712787673e-12,5.5990767577895895e-11,3.353761712787673e-12,5.5990767577895895e-11,0.2138806449653479,0.0,0.125,0.018727775441352935,1.1709837655582422e-05,0.2138806449653479,1.1709837655582422e-05,0.2138806449653479
88920.0,0.012036,5.5990767577895895e-11,0.0,0.125,9.379084342810694e-12,3.353761712787673e-12,5.5990767577895895e-11,3.353761712787673e-12,5.5990767577895895e-11,0.21369701804823574,0.0,0.125,0.018708973455300336,1.1686770418406489e-05,0.21369701804823574,1.1686770418406489e-05,0.21369701804823574
88980.0,0.012035666666666667,5.5990767577895895e-11,0.00015490487591740093,0.125,9.379084342810694e-12,3.353761712787673e-12,5.5990767577895895e-11,3.353761712787673e-12,5.5990767577895895e-11,0.2135137267362566,0.0,0.125,0.01869020944779248,1.166376677452785e-05,0.2135137267362566,1.166376677452785e-05,0.2135137267362566
89040.0,0.012035333333333334,5.5990767577895895e-11,0.0,0.125,9.379089596432756e-12,3.353761712787673e-12,5.5990767577895895e-11,3.353761712787673e-12,5.5990767577895895e-11,0.21333077015531904,0.0,0.125,0.01867148331106178,1.164082650467746e-05,0.21333077015531904,1.164082650467746e-05,0.21333077015531904
89100.0,0.012035,5.5990767577895895e-11,0.0,0.125,9.379168377569562e-12,3.353761712787673e-12,5.5990767577895895e-11,3.353761712787673e-12,5.5990767577895895e-11,0.21314814743411128,0.0,0.125,0.018652794937936066,1.1617949393250004e-05,0.21314814743411128,1.1617949393250004e-05,0.21314814743411128
89160.0,0.012034666666666667,5.5990767577895895e-11,0.0,0.125,9.379252425970837e-12,3.353761712787673e-12,5.5990767577895895e-11,3.353761712787673e-12,5.5990767577895895e-11,0.21296585770409232,0.0,0.125,0.018634144221802984,1.1595135224529152e-05,0.21296585770409232,1.1595135224529152e-05,0.21296585770409232
89220.0,0.012034333333333334,5.5990767577895895e-11,0.0,0.125,9.379420540715682e-12,3.353761712787673e-12,5.5990767577895895e-11,3.353761712787673e-12,5.5990767577895895e-11,0.21278390009948245,0.0,0.125,0.01861553105657965,1.157238378290959e-05,0.21278390009948245,1.157238378290959e-05,0.21278390009948245
89280.0,0.012034000000000001,5.5990767577895895e-11,0.0,0.125,9.381611960653388e-12,3.353761712787673e-12,5.5990767577895895e-11,3.353761712787673e-12,5.5990767577895895e-11,0.21260227375725183,0.0,0.125,0.018596955336686476,1.1549694854728898e-05,0.21260227375725183,1.1549694854728898e-05,0.21260227375725183
89340.0,0.012033666666666666,5.5990767577895895e-11,0.00015487913494596867,0.125,9.381611960653388e-12,3.353761712787673e-12,5.5990767577895895e-11,3.353761712787673e-12,5.5990767577895895e-11,0.21242097781711144,0.0,0.125,0.01857841695702488,1.1527068226324655e-05,0.21242097781711144,1.1527068226324655e-05,0.21242097781711144
89400.0,0.012033333333333333,5.5990767577895895e-11,0.0,0.125,9.381611960653386e-12,3.353761712787673e-12,5.5990767577895895e-11,3.353761712787673e-12,5.5990767577895895e-11,0.212240011421503,0.0,0.125,0.01855991581295802,1.1504503685588752e-05,0.212240011421503,1.1504503685588752e-05,0.212240011421503
89460.0,0.012033,5.5990767577895895e-11,0.0,0.125,9.387208937530712e-12,3.353761712787673e-12,5.5990767577895895e-11,3.353761712787673e-12,5.5990767577895895e-11,0.21205937371558903,0.0,0.125,0.018541451800294168,1.1482001021967392e-05,0.21205937371558903,1.1482001021967392e-05,0.21205937371558903
89520.0,0.012032666666666667,5.5990767577895895e-11,0.0,0.125,9.387208937530712e-12,3.353761712787673e-12,5.5990767577895895e-11,3.353761712787673e-12,5.5990767577895895e-11,0.21187906384724378,0.0,0.125,0.018523024815272387,1.1459560023185933e-05,0.21187906384724378,1.1459560023185933e-05,0.21187906384724378
89580.0,0.012032333333333334,5.5990767577895895e-11,0.0,0.125,9.387255316568075e-12,3.353761712787673e-12,5.5990767577895895e-11,3.353761712787673e-12,5.5990767577895895e-11,0.21169908096704304,0.0,0.125,0.018504634754550036,1.1437180480911024e-05,0.21169908096704304,1.1437180480911024e-05,0.21169908096704304
89640.0,0.012032000000000001,5.5990767577895895e-11,0.0001548576841364418,0.125,9.388261064187505e-12,3.353761712787673e-12,5.5990767577895895e-11,3.353761712787673e-12,5.5990767577895895e-11,0.21151942422825604,0.0,0.125,0.01848628151519197,1.1414862184477848e-05,0.21151942422825604,1.1414862184477848e-05,0.21151942422825604
89700.0,0.012031666666666668,5.5990767577895895e-11,0.0,0.125,9.388261064187505e-12,3.353761712787673e-12,5.5990767577895895e-11,3.353761712787673e-12,5.5990767577895895e-11,0.2113400927868332,0.0,0.125,0.018467964994661083,1.1392604926330208e-05,0.2113400927868332,1.1392604926330208e-05,0.2113400927868332
89760.0,0.012031333333333335,5.5990767577895895e-11,0.0,0.125,9.388438476688567e-12,3.353761712787673e-12,5.5990767577895895e-11,3.353761712787673e-12,5.5990767577895895e-11,0.2111610858013988,0.0,0.125,0.018449685090810065,1.13704084998556e-05,0.2111610858013988,1.13704084998556e-05,0.2111610858013988
89820.0,0.012031,5.5990767577895895e-11,0.0,0.125,9.388614464198575e-12,3.353761712787673e-12,5.5990767577895895e-11,3.353761712787673e-12,5.5990767577895895e-11,0.21098240243324273,0.0,0.125,0.018431441701874104,1.1348272697109252e-05,0.21098240243324273,1.1348272697109252e-05,0.21098240243324273
89880.0,0.012030666666666667,5.5990767577895895e-11,0.0,0.125,9.388878542162305e-12,3.353761712787673e-12,5.5990767577895895e-11,3.353761712787673e-12,5.5990767577895895e-11,0.21080404184630902,0.0,0.125,0.0184132347264645,1.1326197312200303e-05,0.21080404184630902,1.1326197312200303e-05,0.21080404184630902
89940.0,0.012030333333333334,5.5990767577895895e-11,0.0,0.125,9.389382921045039e-12,3.353761712787673e-12,5.5990767577895895e-11,3.353761712787673e-12,5.5990767577895895e-11,0.21062600320718589,0.0,0.125,0.018395064063562967,1.130418214234652e-05,0.21062600320718589,1.130418214234652e-05,0.21062600320718589
90000.0,0.01203,5.5990767577895895e-11,0.0,0.125,9.395928921245094e-12,3.410605131648481e-12,5.5990767577895895e-11,3.410605131648481e-12,5.5990767577895895e-11,0.21044828568510104,0.0,0.125,0.01837692961251656,1.128222698165704e-05,0.21044828568510104,1.128222698165704e-05,0.21044828568510104
90060.0,0.01203,5.5990767577895895e-11,0.0,0.125,9.400407756616828e-12,3.410605131648481e-12,5.5990767577895895e-11,3.410605131648481e-12,5.5990767577895895e-11,0.21027089386972847,0.0,0.125,0.018358831907487872,1.12603322320326e-05,0.21027089386972847,1.12603322320326e-05,0.21027089386972847
90120.0,0.01203,5.60476109967567e-11,0.0,0.125,9.404012135250692e-12,3.410605131648481e-12,5.60476109967567e-11,3.410605131648481e-12,5.60476109967567e-11,0.2100938323077725,0.0,0.125,0.018340771483974967,1.1238498288657084e-05,0.2100938323077725,1.1238498288657084e-05,0.2100938323077725
90180.0,0.01203,5.60476109967567e-11,0.0,0.125,9.404217180240133e-12,3.410605131648481e-12,5.60476109967567e-11,3.410605131648481e-12,5.60476109967567e-11,0.20991710010828374,0.0,0.125,0.018322748242798937,1.1216724940477096e-05,0.20991710010828374,1.1216724940477096e-05,0.20991710010828374
90240.0,0.01203,5.60476109967567e-11,0.0,0.125,9.404217180240133e-12,3.410605131648481e-12,5.60476109967567e-11,3.410605131648481e-12,5.60476109967567e-11,0.20974069638338474,0.0,0.125,0.018304762083893592,1.1195011977160885e-05,0.20974069638338474,1.1195011977160885e-05,0.20974069638338474
90300.0,0.01203,5.60476109967567e-11,0.0,0.125,9.404217180240133e-12,3.410605131648481e-12,5.60476109967567e-11,3.410605131648481e-12,5.60476109967567e-11,0.20956462024825667,0.0,0.125,0.018286812906499243,1.1173359187932608e-05,0.20956462024825667,1.1173359187932608e-05,0.20956462024825667
90360.0,0.01203,5.60476109967567e-11,0.0,0.125,9.404217180240133e-12,3.410605131648481e-12,5.60476109967567e-11,3.410605131648481e-12,5.60476109967567e-11,0.20938887082112853,0.0,0.125,0.01826890060932527,1.1151766364514426e-05,0.20938887082112853,1.1151766364514426e-05,0.20938887082112853
90420.0,0.01203,5.60476109967567e-11,0.0,0.125,9.404217180240133e-12,3.410605131648481e-12,5.60476109967567e-11,3.410605131648481e-12,5.60476109967567e-11,0.20921344722326787,0.0,0.125,0.018251025090686428,1.1130233297462766e-05,0.20921344722326787,1.1130233297462766e-05,0.20921344722326787
90480.0,0.01203,5.60476109967567e-11,0.0,0.125,9.404217180240133e-12,3.410605131648481e-12,5.60476109967567e-11,3.410605131648481e-12,5.60476109967567e-11,0.20903834857896475,0.0,0.125,0.018233186248617802,1.11087597800541e-05,0.20903834857896475,1.11087597800541e-05,0.20903834857896475
90540.0,0.01203,5.60476109967567e-11,0.0,0.125,9.404217180240133e-12,3.410605131648481e-12,5.60476109967567e-11,3.410605131648481e-12,5.60476109967567e-11,0.20886357401552402,0.0,0.125,0.018215383980971465,1.1087345606120014e-05,0.20886357401552402,1.1087345606120014e-05,0.20886357401552402
90600.0,0.01203,5.60476109967567e-11,0.0,0.125,9.404217180240133e-12,3.410605131648481e-12,5.60476109967567e-11,3.410605131648481e-12,5.60476109967567e-11,0.20868912266325168,0.0,0.125,0.01819761818549817,1.1065990569436579e-05,0.20868912266325168,1.1065990569436579e-05,0.20868912266325168
90660.0,0.01203,5.5990767577895895e-11,0.0,0.125,9.368048766173378e-12,3.353761712787673e-12,5.5990767577895895e-11,3.353761712787673e-12,5.5990767577895895e-11,0.20851499365544554,0.0,0.125,0.018179888759916284,1.1044694464334981e-05,0.20851499365544554,1.1044694464334981e-05,0.20851499365544554
90720.0,0.01203,5.5990767577895895e-11,0.0,0.125,9.368048766173378e-12,3.353761712787673e-12,5.5990767577895895e-11,3.353761712787673e-12,5.5990767577895895e-11,0.20834118612838018,0.0,0.125,0.018162195601970108,1.1023457088754629e-05,0.20834118612838018,1.1023457088754629e-05,0.20834118612838018
90780.0,0.01203,5.5990767577895895e-11,0.0,0.125,9.369716113964912e-12,3.353761712787673e-12,5.5990767577895895e-11,3.353761712787673e-12,5.5990767577895895e-11,0.2081676992212969,0.0,0.125,0.018144538609479094,1.1002278237692842e-05,0.2081676992212969,1.1002278237692842e-05,0.2081676992212969
90840.0,0.01203,5.5990767577895895e-11,0.0,0.125,9.369716113964912e-12,3.353761712787673e-12,5.5990767577895895e-11,3.353761712787673e-12,5.5990767577895895e-11,0.207994532076392,0.0,0.125,0.018126917680379568,1.0981157709366585e-05,0.207994532076392,1.0981157709366585e-05,0.207994532076392
90900.0,0.01203,5.5990767577895895e-11,0.0,0.125,9.377262704801661e-12,3.353761712787673e-12,5.5990767577895895e-11,3.353761712787673e-12,5.5990767577895895e-11,0.207821683838805,0.0,0.125,0.01810933271275999,1.0960095302436912e-05,0.207821683838805,1.0960095302436912e-05,0.207821683838805
90960.0,0.01203,5.5990767577895895e-11,0.0,0.125,9.386509723497528e-12,3.410605131648481e-12,5.5990767577895895e-11,3.410605131648481e-12,5.5990767577895895e-11,0.20764915365660572,0.0,0.125,0.01809178360489075,1.0939090814787722e-05,0.20764915365660572,1.0939090814787722e-05,0.20764915365660572
91020.0,0.01203,5.5990767577895895e-11,0.0,0.125,9.387323290879156e-12,3.410605131648481e-12,5.5990767577895895e-11,3.410605131648481e-12,5.5990767577895895e-11,0.20747694068078332,0.0,0.125,0.01807427025524935,1.0918144049576473e-05,0.20747694068078332,1.0918144049576473e-05,0.20747694068078332
91080.0,0.01203,5.5990767577895895e-11,0.0,0.125,9.387344993191357e-12,3.410605131648481e-12,5.5990767577895895e-11,3.410605131648481e-12,5.5990767577895895e-11,0.20730504406523564,0.0,0.125,0.018056792562541706,1.0897254803687861e-05,0.20730504406523564,1.0897254803687861e-05,0.20730504406523564
91140.0,0.01203,5.5990767577895895e-11,0.0,0.125,9.387699906617131e-12,3.410605131648481e-12,5.5990767577895895e-11,3.410605131648481e-12,5.5990767577895895e-11,0.20713346296675408,0.0,0.125,0.018039350425720097,1.0876422881000991e-05,0.20713346296675408,1.0876422881000991e-05,0.20713346296675408
91200.0,0.01203,5.5990767577895895e-11,0.0,0.125,9.390289650122929e-12,3.410605131648481e-12,5.5990767577895895e-11,3.410605131648481e-12,5.5990767577895895e-11,0.20696219654501377,0.0,0.125,0.01802194374399828,1.0855648084007186e-05,0.20696219654501377,1.0855648084007186e-05,0.20696219654501377
91260.0,0.01203,5.5990767577895895e-11,0.0,0.125,9.39887856829011e-12,3.410605131648481e-12,5.5990767577895895e-11,3.410605131648481e-12,5.5990767577895895e-11,0.20679124396256288,0.0,0.125,0.01800457241686422,1.083493021525328e-05,0.20679124396256288,1.083493021525328e-05,0.20679124396256288
91320.0,0.01203,5.5990767577895895e-11,0.0,0.125,9.404477853130185e-12,3.410605131648481e-12,5.5990767577895895e-11,3.410605131648481e-12,5.5990767577895895e-11,0.20662060438480823,0.0,0.125,0.017987236344090746,1.0814269079117977e-05,0.20662060438480823,1.0814269079117977e-05,0.20662060438480823
91380.0,0.01203,5.5990767577895895e-11,0.0,0.125,9.404477853130185e-12,3.410605131648481e-12,5.5990767577895895e-11,3.410605131648481e-12,5.5990767577895895e-11,0.20645027698000532,0.0,0.125,0.01796993542574452,1.0793664480535092e-05,0.20645027698000532,1.0793664480535092e-05,0.20645027698000532
91440.0,0.01203,5.5990767577895895e-11,0.0,0.125,9.404642315028157e-12,3.410605131648481e-12,5.5990767577895895e-11,3.410605131648481e-12,5.5990767577895895e-11,0.20628026091924573,0.0,0.125,0.017952669562193425,1.0773116225215595e-05,0.20628026091924573,1.0773116225215595e-05,0.20628026091924573
91500.0,0.01203,5.60476109967567e-11,0.0,0.125,9.406876311144371e-12,3.410605131648481e-12,5.60476109967567e-11,3.410605131648481e-12,5.60476109967567e-11,0.20611055537644613,0.0,0.125,0.0179354386541128,1.0752624118259835e-05,0.20611055537644613,1.0752624118259835e-05,0.20611055537644613
91560.0,0.01203,5.60476109967567e-11,0.0,0.125,9.406876311144371e-12,3.410605131648481e-12,5.60476109967567e-11,3.410605131648481e-12,5.60476109967567e-11,0.20594115952833406,0.0,0.125,0.017918242602490444,1.073218796870945e-05,0.20594115952833406,1.073218796870945e-05,0.20594115952833406
91620.0,0.01203,5.60476109967567e-11,0.0,0.125,9.406876311144371e-12,3.410605131648481e-12,5.60476109967567e-11,3.410605131648481e-12,5.60476109967567e-11,0.20577207255444083,0.0,0.125,0.017901081308630842,1.0711807584162791e-05,0.20577207255444083,1.0711807584162791e-05,0.20577207255444083
91680.0,0.01203,5.60476109967567e-11,0.0,0.125,9.406876311144371e-12,3.410605131648481e-12,5.60476109967567e-11,3.410605131648481e-12,5.60476109967567e-11,0.20560329363708543,0.0,0.125,0.01788395467415853,1.0691482772495764e-05,0.20560329363708543,1.0691482772495764e-05,0.20560329363708543
91740.0,0.01203,5.60476109967567e-11,0.0,0.125,9.407223818435807e-12,3.410605131648481e-12,5.60476109967567e-11,3.410605131648481e-12,5.60476109967567e-11,0.20543482196136498,0.0,0.125,0.017866862601020793,1.0671213343194097e-05,0.20543482196136498,1.0671213343194097e-05,0.20543482196136498
91800.0,0.01203,5.60476109967567e-11,0.0,0.125,9.407223818435807e-12,3.410605131648481e-12,5.60476109967567e-11,3.410605131648481e-12,5.60476109967567e-11,0.2052666567151431,0.0,0.125,0.017849804991489752,1.0650999107630899e-05,0.2052666567151431,1.0650999107630899e-05,0.2052666567151431
91860.0,0.01203,5.60476109967567e-11,0.0,0.125,9.407223818435807e-12,3.410605131648481e-12,5.60476109967567e-11,3.410605131648481e-12,5.60476109967567e-11,0.20509879708903747,0.0,0.125,0.017832781748164023,1.063083987540292e-05,0.20509879708903747,1.063083987540292e-05,0.20509879708903747
91920.0,0.01203,5.60476109967567e-11,0.0,0.125,9.407223818435807e-12,3.410605131648481e-12,5.60476109967567e-11,3.410605131648481e-12,5.60476109967567e-11,0.20493124227640946,0.0,0.125,0.017815792773969955,1.0610735459770648e-05,0.20493124227640946,1.0610735459770648e-05,0.20493124227640946
91980.0,0.01203,5.60476109967567e-11,0.0,0.125,9.407223818435807e-12,3.410605131648481e-12,5.60476109967567e-11,3.410605131648481e-12,5.60476109967567e-11,0.20476399147335173,0.0,0.125,0.017798837972162397,1.0590685672662303e-05,0.20476399147335173,1.0590685672662303e-05,0.20476399147335173
92040.0,0.01203,5.60476109967567e-11,0.0,0.125,9.407223818435807e-12,3.410605131648481e-12,5.60476109967567e-11,3.410605131648481e-12,5.60476109967567e-11,0.2045970438786776,0.0,0.125,0.017781917246325284,1.0570690326894283e-05,0.2045970438786776,1.0570690326894283e-05,0.2045970438786776
92100.0,0.01203,5.60476109967567e-11,0.0,0.125,9.407223818435807e-12,3.410605131648481e-12,5.60476109967567e-11,3.410605131648481e-12,5.60476109967567e-11,0.20443039869390905,0.0,0.125,0.01776503050037192,1.055074923739241e-05,0.20443039869390905,1.055074923739241e-05,0.20443039869390905
92160.0,0.01203,5.60476109967567e-11,0.0,0.125,9.407223818435807e-12,3.410605131648481e-12,5.60476109967567e-11,3.410605131648481e-12,5.60476109967567e-11,0.20426405512326584,0.0,0.125,0.01774817763854501,1.0530862217861259e-05,0.20426405512326584,1.0530862217861259e-05,0.20426405512326584
92220.0,0.01203,5.60476109967567e-11,0.0,0.125,9.407223818435807e-12,3.410605131648481e-12,5.60476109967567e-11,3.410605131648481e-12,5.60476109967567e-11,0.20409801237365321,0.0,0.125,0.017731358565416487,1.0511029085169543e-05,0.20409801237365321,1.0511029085169543e-05,0.20409801237365321
92280.0,0.01203,5.5990767577895895e-11,0.0,0.125,9.370973396041159e-12,3.353761712787673e-12,5.5990767577895895e-11,3.353761712787673e-12,5.5990767577895895e-11,0.2039322696546519,0.0,0.125,0.017714573185887237,1.0491249654909218e-05,0.2039322696546519,1.0491249654909218e-05,0.2039322696546519
92340.0,0.01203,5.5990767577895895e-11,0.0,0.125,9.37118713906928e-12,3.353761712787673e-12,5.5990767577895895e-11,3.353761712787673e-12,5.5990767577895895e-11,0.203766826178507,0.0,0.125,0.01769782140518663,1.0471523743282862e-05,0.203766826178507,1.0471523743282862e-05,0.203766826178507
92400.0,0.01203,5.5990767577895895e-11,0.0,0.125,9.37118713906928e-12,3.353761712787673e-12,5.5990767577895895e-11,3.353761712787673e-12,5.5990767577895895e-11,0.2036016811601158,0.0,0.125,0.017681103128871955,1.0451851169379633e-05,0.2036016811601158,1.0451851169379633e-05,0.2036016811601158
92460.0,0.01203,5.5990767577895895e-11,0.0,0.125,9.37804892408666e-12,3.353761712787673e-12,5.5990767577895895e-11,3.353761712787673e-12,5.5990767577895895e-11,0.20343683381701713,0.0,0.125,0.017664418262827726,1.0432231751178467e-05,0.20343683381701713,1.0432231751178467e-05,0.20343683381701713
92520.0,0.01203,5.5990767577895895e-11,0.0,0.125,9.378345597279124e-12,3.353761712787673e-12,5.5990767577895895e-11,3.353761712787673e-12,5.5990767577895895e-11,0.20327228336938097,0.0,0.125,0.017647766713264935,1.0412665307601987e-05,0.20327228336938097,1.0412665307601987e-05,0.20327228336938097
92580.0,0.01203,5.5990767577895895e-11,0.0,0.125,9.378498904187762e-12,3.353761712787673e-12,5.5990767577895895e-11,3.353761712787673e-12,5.5990767577895895e-11,0.2031080290399967,0.0,0.125,0.01763114838672022,1.039315165812793e-05,0.2031080290399967,1.039315165812793e-05,0.2031080290399967
92640.0,0.01203,5.5990767577895895e-11,0.0,0.125,9.378542787081326e-12,3.353761712787673e-12,5.5990767577895895e-11,3.353761712787673e-12,5.5990767577895895e-11,0.20294407005426116,0.0,0.125,0.017614563190054923,1.0373690625620213e-05,0.20294407005426116,1.0373690625620213e-05,0.20294407005426116
92700.0,0.01203,5.5990767577895895e-11,0.0,0.125,9.37856449181446e-12,3.353761712787673e-12,5.5990767577895895e-11,3.353761712787673e-12,5.5990767577895895e-11,0.20278040564017177,0.0,0.125,0.01759801103045417,1.0354282028890438e-05,0.20278040564017177,1.0354282028890438e-05,0.20278040564017177
92760.0,0.01203,5.5990767577895895e-11,0.0,0.125,9.378586203471623e-12,3.353761712787673e-12,5.5990767577895895e-11,3.353761712787673e-12,5.5990767577895895e-11,0.2026170350283111,0.0,0.125,0.01758149181542583,1.0334925690191898e-05,0.2026170350283111,1.0334925690191898e-05,0.2026170350283111
92820.0,0.01203,5.5990767577895895e-11,0.0,0.125,9.37862964347591e-12,3.353761712787673e-12,5.5990767577895895e-11,3.353761712787673e-12,5.5990767577895895e-11,0.2024539574518379,0.0,0.125,0.01756500545279953,1.031562143427589e-05,0.2024539574518379,1.031562143427589e-05,0.2024539574518379
92880.0,0.01203,5.5990767577895895e-11,0.0,0.125,9.378673100272993e-12,3.353761712787673e-12,5.5990767577895895e-11,3.353761712787673e-12,5.5990767577895895e-11,0.20229117214647668,0.0,0.125,0.017548551850725482,1.0296369083173662e-05,0.20229117214647668,1.0296369083173662e-05,0.20229117214647668
92940.0,0.01203,5.5990767577895895e-11,0.0,0.125,9.378716568844376e-12,3.353761712787673e-12,5.5990767577895895e-11,3.353761712787673e-12,5.5990767577895895e-11,0.2021286783505081,0.0,0.125,0.017532130917673514,1.0277168460914865e-05,0.2021286783505081,1.0277168460914865e-05,0.2021286783505081
93000.0,0.01203,5.5990767577895895e-11,0.0,0.125,9.379331557093553e-12,3.353761712787673e-12,5.5990767577895895e-11,3.353761712787673e-12,5.5990767577895895e-11,0.20196647530475528,0.0,0.125,0.01751574256243181,1.0258019393416529e-05,0.20196647530475528,1.0258019393416529e-05,0.20196647530475528
93060.0,0.01203,5.5990767577895895e-11,0.0,0.125,9.382244055871372e-12,3.353761712787673e-12,5.5990767577895895e-11,3.353761712787673e-12,5.5990767577895895e-11,0.2018045622525767,0.0,0.125,0.01749938669410586,1.0238921705152393e-05,0.2018045622525767,1.0238921705152393e-05,0.2018045622525767
93120.0,0.01203,5.5990767577895895e-11,0.0,0.125,9.39089454908288e-12,3.410605131648481e-12,5.5990767577895895e-11,3.410605131648481e-12,5.5990767577895895e-11,0.20164293843985232,0.0,0.125,0.017483063222117245,1.0219875223704822e-05,0.20164293843985232,1.0219875223704822e-05,0.20164293843985232
93180.0,0.01203,5.5990767577895895e-11,0.0,0.125,9.39089454908288e-12,3.410605131648481e-12,5.5990767577895895e-11,3.410605131648481e-12,5.5990767577895895e-11,0.20148160311497765,0.0,0.125,0.01746677205620249,1.020087977471329e-05,0.20148160311497765,1.020087977471329e-05,0.20148160311497765
93240.0,0.01203,5.60476109967567e-11,0.0,0.125,9.399651182315433e-12,3.410605131648481e-12,5.60476109967567e-11,3.410605131648481e-12,5.60476109967567e-11,0.20132055552884787,0.0,0.125,0.017450513106411873,1.0181935186981406e-05,0.20132055552884787,1.0181935186981406e-05,0.20132055552884787
93300.0,0.01203,5.60476109967567e-11,0.0,0.125,9.399651182315433e-12,3.410605131648481e-12,5.60476109967567e-11,3.410605131648481e-12,5.60476109967567e-11,0.20115979493485125,0.0,0.125,0.017434286283108186,1.0163041288313579e-05,0.20115979493485125,1.0163041288313579e-05,0.20115979493485125
93360.0,0.01203,5.60476109967567e-11,0.0,0.125,9.403609756936337e-12,3.410605131648481e-12,5.60476109967567e-11,3.410605131648481e-12,5.60476109967567e-11,0.20099932058885955,0.0,0.125,0.017418091496965642,1.0144197906736263e-05,0.20099932058885955,1.0144197906736263e-05,0.20099932058885955
93420.0,0.01203,5.60476109967567e-11,0.0,0.125,9.40780911529707e-12,3.410605131648481e-12,5.60476109967567e-11,3.410605131648481e-12,5.60476109967567e-11,0.20083913174921325,0.0,0.125,0.017401928658968533,1.0125404873051469e-05,0.20083913174921325,1.0125404873051469e-05,0.20083913174921325
93480.0,0.01203,5.60476109967567e-11,0.0,0.125,9.408204252011238e-12,3.410605131648481e-12,5.60476109967567e-11,3.410605131648481e-12,5.60476109967567e-11,0.20067922767671612,0.0,0.125,0.017385797680410153,1.0106662017950185e-05,0.20067922767671612,1.0106662017950185e-05,0.20067922767671612
93540.0,0.01203,5.60476109967567e-11,0.0,0.125,9.408703301455622e-12,3.410605131648481e-12,5.60476109967567e-11,3.410605131648481e-12,5.60476109967567e-11,0.20051960763462334,0.0,0.125,0.01736969847289151,1.0087969171734823e-05,0.20051960763462334,1.0087969171734823e-05,0.20051960763462334
93600.0,0.01203,5.60476109967567e-11,0.0,0.125,9.411480675224375e-12,3.410605131648481e-12,5.60476109967567e-11,3.410605131648481e-12,5.60476109967567e-11,0.20036027088863007,0.0,0.125,0.017353630948320115,1.0069326166761705e-05,0.20036027088863007,1.0069326166761705e-05,0.20036027088863007
93660.0,0.01203,5.60476109967567e-11,0.0,0.125,9.411480675224375e-12,3.410605131648481e-12,5.60476109967567e-11,3.410605131648481e-12,5.60476109967567e-11,0.20020121670686386,0.0,0.125,0.017337595018908778,1.0050732835276133e-05,0.20020121670686386,1.0050732835276133e-05,0.20020121670686386
93720.0,0.01203,5.5933924159035087e-11,0.0,0.125,9.352841034511646e-12,3.296918293926865e-12,5.5933924159035087e-11,3.296918293926865e-12,5.5933924159035087e-11,0.20004244435987334,0.0,0.125,0.017321590597174454,1.0032189009467896e-05,0.20004244435987334,1.0032189009467896e-05,0.20004244435987334
93780.0,0.01203,5.5933924159035087e-11,0.0,0.125,9.352997673195975e-12,3.296918293926865e-12,5.5933924159035087e-11,3.296918293926865e-12,5.5933924159035087e-11,0.19988395312061802,0.0,0.125,0.017305617595936913,1.0013694524302341e-05,0.19988395312061802,1.0013694524302341e-05,0.19988395312061802
93840.0,0.01203,5.5933924159035087e-11,0.0,0.125,9.357593214340622e-12,3.296918293926865e-12,5.5933924159035087e-11,3.296918293926865e-12,5.5933924159035087e-11,0.19972574226445977,0.0,0.125,0.01728967592831764,9.995249213190505e-06,0.19972574226445977,9.995249213190505e-06,0.19972574226445977
93900.0,0.01203,5.5933924159035087e-11,0.0,0.125,9.357674223275774e-12,3.296918293926865e-12,5.5933924159035087e-11,3.296918293926865e-12,5.5933924159035087e-11,0.19956781106915122,0.0,0.125,0.017273765507738573,9.976852911708356e-06,0.19956781106915122,9.976852911708356e-06,0.19956781106915122
93960.0,0.01203,5.5933924159035087e-11,0.0,0.125,9.358359298322812e-12,3.296918293926865e-12,5.5933924159035087e-11,3.296918293926865e-12,5.5933924159035087e-11,0.1994101588148276,0.0,0.125,0.017257886247920934,9.958505455320843e-06,0.1994101588148276,9.958505455320843e-06,0.1994101588148276
94020.0,0.01203,5.587708074017428e-11,0.0,0.125,9.323982824246804e-12,3.240074875066057e-12,5.587708074017428e-11,3.240074875066057e-12,5.587708074017428e-11,0.19925278478399552,0.0,0.125,0.017242038062883963,9.94020668027007e-06,0.19925278478399552,9.94020668027007e-06,0.19925278478399552
94080.0,0.01203,5.587708074017428e-11,0.0,0.125,9.323982824246804e-12,3.240074875066057e-12,5.587708074017428e-11,3.240074875066057e-12,5.587708074017428e-11,0.1990956882615261,0.0,0.125,0.017226220866943788,9.921956423186717e-06,0.1990956882615261,9.921956423186717e-06,0.1990956882615261
94140.0,0.01203,5.587708074017428e-11,0.0,0.125,9.323982824246804e-12,3.240074875066057e-12,5.587708074017428e-11,3.240074875066057e-12,5.587708074017428e-11,0.19893886853464143,0.0,0.125,0.017210434574712198,9.903754522644359e-06,0.19893886853464143,9.903754522644359e-06,0.19893886853464143
94200.0,0.01203,5.587708074017428e-11,0.0,0.125,9.324179508708222e-12,3.240074875066057e-12,5.587708074017428e-11,3.240074875066057e-12,5.587708074017428e-11,0.19878232489290773,0.0,0.125,0.01719467910109548,9.885600816605944e-06,0.19878232489290773,9.885600816605944e-06,0.19878232489290773
94260.0,0.01203,5.587708074017428e-11,0.0,0.125,9.324179508708222e-12,3.240074875066057e-12,5.587708074017428e-11,3.240074875066057e-12,5.587708074017428e-11,0.198626056628225,0.0,0.125,0.017178954361293138,9.867495143256466e-06,0.198626056628225,9.867495143256466e-06,0.198626056628225
94320.0,0.01203,5.587708074017428e-11,0.0,0.125,9.324179508708222e-12,3.240074875066057e-12,5.587708074017428e-11,3.240074875066057e-12,5.587708074017428e-11,0.19847006303481815,0.0,0.125,0.017163260270796815,9.849437342945855e-06,0.19847006303481815,9.849437342945855e-06,0.19847006303481815
94380.0,0.01203,5.587708074017428e-11,0.0,0.125,9.324179508708222e-12,3.240074875066057e-12,5.587708074017428e-11,3.240074875066057e-12,5.587708074017428e-11,0.1983143434092268,0.0,0.125,0.01714759674538909,9.83142725607955e-06,0.1983143434092268,9.83142725607955e-06,0.1983143434092268
94440.0,0.01203,5.587708074017428e-11,0.0,0.125,9.324179508708222e-12,3.240074875066057e-12,5.587708074017428e-11,3.240074875066057e-12,5.587708074017428e-11,0.19815889705029693,0.0,0.125,0.01713196370114225,9.813464721841747e-06,0.19815889705029693,9.813464721841747e-06,0.19815889705029693
94500.0,0.01203,5.587708074017428e-11,0.0,0.125,9.339323089055257e-12,3.240074875066057e-12,5.587708074017428e-11,3.240074875066057e-12,5.587708074017428e-11,0.19800372325916987,0.0,0.125,0.01711636105441721,9.79554958280282e-06,0.19800372325916987,9.79554958280282e-06,0.19800372325916987
94560.0,0.01203,5.587708074017428e-11,0.0,0.125,9.341918525806711e-12,3.240074875066057e-12,5.587708074017428e-11,3.240074875066057e-12,5.587708074017428e-11,0.19784882133927506,0.0,0.125,0.01710078872186222,9.777681681644168e-06,0.19784882133927506,9.777681681644168e-06,0.19784882133927506
94620.0,0.01203,5.587708074017428e-11,0.0,0.125,9.341918525806711e-12,3.240074875066057e-12,5.587708074017428e-11,3.240074875066057e-12,5.587708074017428e-11,0.19769419059631854,0.0,0.125,0.01708524662041183,9.759860859992475e-06,0.19769419059631854,9.759860859992475e-06,0.19769419059631854
94680.0,0.01203,5.587708074017428e-11,0.0,0.125,9.342301019068795e-12,3.240074875066057e-12,5.587708074017428e-11,3.240074875066057e-12,5.587708074017428e-11,0.19753983033827624,0.0,0.125,0.017069734667285653,9.742086961639362e-06,0.19753983033827624,9.742086961639362e-06,0.19753983033827624
94740.0,0.01203,5.587708074017428e-11,0.0,0.125,9.342345146963858e-12,3.240074875066057e-12,5.587708074017428e-11,3.240074875066057e-12,5.587708074017428e-11,0.19738573987538433,0.0,0.125,0.01705425277998725,9.724359829710316e-06,0.19738573987538433,9.724359829710316e-06,0.19738573987538433
94800.0,0.01203,5.587708074017428e-11,0.0,0.125,9.347027844424171e-12,3.240074875066057e-12,5.587708074017428e-11,3.240074875066057e-12,5.587708074017428e-11,0.1972319185201275,0.0,0.125,0.01703880087630296,9.706679309384736e-06,0.1972319185201275,9.706679309384736e-06,0.1972319185201275
94860.0,0.01203,5.587708074017428e-11,0.0,0.125,9.348768857071164e-12,3.240074875066057e-12,5.587708074017428e-11,3.240074875066057e-12,5.587708074017428e-11,0.19707836558723385,0.0,0.125,0.017023378874300766,9.689045245675487e-06,0.19707836558723385,9.689045245675487e-06,0.19707836558723385
94920.0,0.01203,5.587708074017428e-11,0.0,0.125,9.351976685333114e-12,3.240074875066057e-12,5.587708074017428e-11,3.240074875066057e-12,5.587708074017428e-11,0.19692508039366294,0.0,0.125,0.017007986692329176,9.671457484650148e-06,0.19692508039366294,9.671457484650148e-06,0.19692508039366294
94980.0,0.01203,5.587708074017428e-11,0.0,0.125,9.362398541494178e-12,3.296918293926865e-12,5.587708074017428e-11,3.296918293926865e-12,5.587708074017428e-11,0.19677206225859878,0.0,0.125,0.01699262424901604,9.653915871432606e-06,0.19677206225859878,9.653915871432606e-06,0.19677206225859878
95040.0,0.01203,5.587708074017428e-11,0.0,0.125,9.363681334936373e-12,3.296918293926865e-12,5.587708074017428e-11,3.296918293926865e-12,5.587708074017428e-11,0.19661931050343934,0.0,0.125,0.016977291463267482,9.636420254310885e-06,0.19661931050343934,9.636420254310885e-06,0.19661931050343934
95100.0,0.01203,5.587708074017428e-11,0.0,0.125,9.36558212620019e-12,3.296918293926865e-12,5.587708074017428e-11,3.296918293926865e-12,5.587708074017428e-11,0.1964668244517889,0.0,0.125,0.016961988254266737,9.61897048068483e-06,0.1964668244517889,9.61897048068483e-06,0.1964668244517889
95160.0,0.01203,5.587708074017428e-11,0.0,0.125,9.38830970437748e-12,3.467448550509289e-12,5.587708074017428e-11,3.467448550509289e-12,5.587708074017428e-11,0.1963146034294488,0.0,0.125,0.016946714541473028,9.60156639812082e-06,0.1963146034294488,9.60156639812082e-06,0.1963146034294488
95220.0,0.01203,5.587708074017428e-11,0.0,0.125,9.388321486362297e-12,3.467448550509289e-12,5.587708074017428e-11,3.467448550509289e-12,5.587708074017428e-11,0.19616264676440884,0.0,0.125,0.016931470244620456,9.58420785596159e-06,0.19616264676440884,9.58420785596159e-06,0.19616264676440884
95280.0,0.01203,5.587708074017428e-11,0.0,0.125,9.388321486362297e-12,3.467448550509289e-12,5.587708074017428e-11,3.467448550509289e-12,5.587708074017428e-11,0.19601095378683797,0.0,0.125,0.01691625528371694,9.566894702828233e-06,0.19601095378683797,9.566894702828233e-06,0.19601095378683797
95340.0,0.01203,5.587708074017428e-11,0.0,0.125,9.468043410974745e-12,3.524291969370097e-12,5.587708074017428e-11,3.637978807091713e-12,5.587708074017428e-11,0.195859523829077,0.0,0.125,0.01690106957904308,9.549626788285526e-06,0.195859523829077,9.549626788285526e-06,0.195859523829077
95400.0,0.01203,5.587708074017428e-11,0.0,0.125,9.487184360021772e-12,3.694822225952521e-12,5.587708074017428e-11,3.694822225952521e-12,5.587708074017428e-11,0.19570835622562852,0.0,0.125,0.016885913051150992,9.532403963619096e-06,0.19570835622562852,9.532403963619096e-06,0.19570835622562852
95460.0,0.012029666666666668,5.5933924159035087e-11,0.0,0.125,9.515926690593015e-12,3.808509063674137e-12,5.5933924159035087e-11,3.808509063674137e-12,5.5933924159035087e-11,0.19555744572815492,0.0,0.125,0.01687078508293628,9.515225604828093e-06,0.19555744572815492,9.515225604828093e-06,0.19555744572815492
95520.0,0.012029333333333335,5.5933924159035087e-11,0.0,0.125,9.516034854298095e-12,3.808509063674137e-12,5.5933924159035087e-11,3.808509063674137e-12,5.5933924159035087e-11,0.1954067871260467,0.0,0.125,0.016855685057018035,9.49809109490607e-06,0.1954067871260467,9.49809109490607e-06,0.1954067871260467
95580.0,0.012029000000000001,5.5933924159035087e-11,0.0,0.125,9.51632788727995e-12,3.808509063674137e-12,5.5933924159035087e-11,3.808509063674137e-12,5.5933924159035087e-11,0.19525637981336302,0.0,0.125,0.016840612894681983,9.481000291189368e-06,0.19525637981336302,9.481000291189368e-06,0.19525637981336302
95640.0,0.012028666666666667,5.5933924159035087e-11,0.0,0.125,9.518422582218226e-12,3.808509063674137e-12,5.5933924159035087e-11,3.808509063674137e-12,5.5933924159035087e-11,0.19510622318595006,0.0,0.125,0.016825568518356034,9.463953056232377e-06,0.19510622318595006,9.463953056232377e-06,0.19510622318595006
95700.0,0.012028333333333334,5.587708074017428e-11,0.0,0.125,9.788975736846007e-12,4.433786671143025e-12,5.587708074017428e-11,4.774847184307873e-12,5.587708074017428e-11,0.1949563166414377,0.0,0.125,0.016810551851480875,9.44694924887024e-06,0.1949563166414377,9.44694924887024e-06,0.1949563166414377
95760.0,0.012028,5.5933924159035087e-11,0.0,0.125,9.81566215356335e-12,4.888534022029489e-12,5.5933924159035087e-11,4.888534022029489e-12,5.5933924159035087e-11,0.19480665957923088,0.0,0.125,0.016795562818399147,9.429988730491612e-06,0.19480665957923088,9.429988730491612e-06,0.19480665957923088
95820.0,0.012027666666666667,5.587708074017428e-11,0.0,0.125,9.815695270647405e-12,4.888534022029489e-12,5.587708074017428e-11,4.888534022029489e-12,5.587708074017428e-11,0.19465725140050352,0.0,0.125,0.0167806013442607,9.413071362485148e-06,0.19465725140050352,9.413071362485148e-06,0.19465725140050352
95880.0,0.012027333333333334,5.587708074017428e-11,0.0,0.125,9.81573436270296e-12,4.888534022029489e-12,5.587708074017428e-11,4.888534022029489e-12,5.587708074017428e-11,0.19450809150819115,0.0,0.125,0.016765667354941144,9.396197009015061e-06,0.19450809150819115,9.396197009015061e-06,0.19450809150819115
95940.0,0.012027,5.5933924159035087e-11,0.0,0.125,9.815734362702962e-12,4.888534022029489e-12,5.5933924159035087e-11,4.888534022029489e-12,5.5933924159035087e-11,0.19435917930698754,0.0,0.125,0.016750760776972108,9.379365529915695e-06,0.19435917930698754,9.379365529915695e-06,0.19435917930698754
96000.0,0.012026666666666666,5.587708074017428e-11,0.0,0.125,9.816119266506092e-12,4.888534022029489e-12,5.587708074017428e-11,4.888534022029489e-12,5.587708074017428e-11,0.1942105142033339,0.0,0.125,0.01673588153748096,9.362576789961885e-06,0.1942105142033339,9.362576789961885e-06,0.1942105142033339
96060.0,0.012026333333333333,5.5933924159035087e-11,0.0,0.125,9.82734892204395e-12,4.888534022029489e-12,5.5933924159035087e-11,4.888534022029489e-12,5.5933924159035087e-11,0.1940620956054167,0.0,0.125,0.01672102956413917,9.345830652873754e-06,0.1940620956054167,9.345830652873754e-06,0.1940620956054167
96120.0,0.012026,5.587708074017428e-11,0.0,0.125,9.827387987386712e-12,4.888534022029489e-12,5.587708074017428e-11,4.888534022029489e-12,5.587708074017428e-11,0.19391392292315984,0.0,0.125,0.016706204785117598,9.329126982204894e-06,0.19391392292315984,9.329126982204894e-06,0.19391392292315984
96180.0,0.012025666666666667,5.587708074017428e-11,0.0,0.125,9.827439414360946e-12,4.888534022029489e-12,5.587708074017428e-11,4.888534022029489e-12,5.587708074017428e-11,0.19376599556821822,0.0,0.125,0.016691407129047958,9.31246564378485e-06,0.19376599556821822,9.31246564378485e-06,0.19376599556821822
96240.0,0.012025333333333334,5.587708074017428e-11,0.0,0.125,9.827824036572486e-12,4.888534022029489e-12,5.587708074017428e-11,4.888534022029489e-12,5.587708074017428e-11,0.19361831295397383,0.0,0.125,0.016676636524989526,9.295846501611305e-06,0.19361831295397383,9.295846501611305e-06,0.19361831295397383
96300.0,0.012025000000000001,5.5933924159035087e-11,0.0,0.125,9.827908404648869e-12,4.888534022029489e-12,5.5933924159035087e-11,4.888534022029489e-12,5.5933924159035087e-11,0.1934708744955273,0.0,0.125,0.01666189290240033,9.27926942134727e-06,0.1934708744955273,9.27926942134727e-06,0.1934708744955273
96360.0,0.012024666666666666,5.5933924159035087e-11,0.0,0.125,9.82430008031237e-12,4.888534022029489e-12,5.5933924159035087e-11,4.888534022029489e-12,5.5933924159035087e-11,0.1933236796096935,0.0,0.125,0.016647176191112195,9.262734270765183e-06,0.1933236796096935,9.262734270765183e-06,0.1933236796096935
96420.0,0.012024333333333333,5.582023732131347e-11,0.0,0.125,9.789244953691484e-12,4.831690603168681e-12,5.582023732131347e-11,4.831690603168681e-12,5.582023732131347e-11,0.1931767277149963,0.0,0.125,0.016632486321309085,9.246240914917436e-06,0.1931767277149963,9.246240914917436e-06,0.1931767277149963
96480.0,0.012024,5.587708074017428e-11,0.0,0.125,9.791587099155978e-12,4.831690603168681e-12,5.587708074017428e-11,4.831690603168681e-12,5.587708074017428e-11,0.19303001823166255,0.0,0.125,0.016617823223508358,9.22978922168749e-06,0.19303001823166255,9.22978922168749e-06,0.19303001823166255
96540.0,0.012023666666666667,5.587708074017428e-11,0.0,0.125,9.791768448306466e-12,4.831690603168681e-12,5.587708074017428e-11,4.831690603168681e-12,5.587708074017428e-11,0.19288355058161588,0.0,0.125,0.016603186828544433,9.213379059347382e-06,0.19288355058161588,9.213379059347382e-06,0.19288355058161588
96600.0,0.012023333333333334,5.582023732131347e-11,0.0,0.125,9.792188646740452e-12,4.831690603168681e-12,5.582023732131347e-11,4.831690603168681e-12,5.582023732131347e-11,0.19273732418847184,0.0,0.125,0.016588577067554563,9.197010294947905e-06,0.19273732418847184,9.197010294947905e-06,0.19273732418847184
96660.0,0.012022999999999999,5.587708074017428e-11,0.0,0.125,9.802253648335305e-12,4.831690603168681e-12,5.587708074017428e-11,4.831690603168681e-12,5.587708074017428e-11,0.1925913384775313,0.0,0.125,0.016573993871966456,9.180682798981543e-06,0.1925913384775313,9.180682798981543e-06,0.1925913384775313
96720.0,0.012022666666666666,5.5933924159035087e-11,0.0,0.125,9.80417173364267e-12,4.831690603168681e-12,5.5933924159035087e-11,4.831690603168681e-12,5.5933924159035087e-11,0.19244559287577714,0.0,0.125,0.016559437173487457,9.164396438943179e-06,0.19244559287577714,9.164396438943179e-06,0.19244559287577714
96780.0,0.012022333333333333,5.587708074017428e-11,0.0,0.125,9.807671084675186e-12,4.831690603168681e-12,5.587708074017428e-11,4.831690603168681e-12,5.587708074017428e-11,0.192300086811866,0.0,0.125,0.01654490690409512,9.148151086657563e-06,0.192300086811866,9.148151086657563e-06,0.192300086811866
96840.0,0.012022,5.587708074017428e-11,0.0,0.125,9.821670729168782e-12,4.888534022029489e-12,5.587708074017428e-11,4.888534022029489e-12,5.587708074017428e-11,0.19215481971612702,0.0,0.125,0.016530402996028922,9.131946609952646e-06,0.19215481971612702,9.131946609952646e-06,0.19215481971612702
96900.0,0.012021666666666667,5.587708074017428e-11,0.0,0.125,9.821670729168782e-12,4.888534022029489e-12,5.587708074017428e-11,4.888534022029489e-12,5.587708074017428e-11,0.19200979102055138,0.0,0.125,0.01651592538178301,9.115782880653178e-06,0.19200979102055138,9.115782880653178e-06,0.19200979102055138
96960.0,0.012021333333333334,5.587708074017428e-11,0.0,0.125,9.821670729168784e-12,4.888534022029489e-12,5.587708074017428e-11,4.888534022029489e-12,5.587708074017428e-11,0.191865000158792,0.0,0.125,0.016501473994099708,9.099659768696533e-06,0.191865000158792,9.099659768696533e-06,0.191865000158792
97020.0,0.012021,5.587708074017428e-11,0.0,0.125,9.82255750634606e-12,4.888534022029489e-12,5.587708074017428e-11,4.888534022029489e-12,5.587708074017428e-11,0.19172044656615328,0.0,0.125,0.016487048765964046,9.08357714679564e-06,0.19172044656615328,9.08357714679564e-06,0.19172044656615328
97080.0,0.012020666666666666,5.5933924159035087e-11,0.0,0.125,9.829081059083294e-12,4.888534022029489e-12,5.5933924159035087e-11,4.888534022029489e-12,5.5933924159035087e-11,0.19157612967958984,0.0,0.125,0.016472649630598635,9.067534887496898e-06,0.19157612967958984,9.067534887496898e-06,0.19157612967958984
97140.0,0.012020333333333333,5.5933924159035087e-11,0.0,0.125,9.831252470445296e-12,4.888534022029489e-12,5.5933924159035087e-11,4.888534022029489e-12,5.5933924159035087e-11,0.19143204893770097,0.0,0.125,0.01645827652145935,9.05153286190341e-06,0.19143204893770097,9.05153286190341e-06,0.19143204893770097
97200.0,0.01202,5.5933924159035087e-11,0.0,0.125,9.831770949824537e-12,4.888534022029489e-12,5.5933924159035087e-11,4.888534022029489e-12,5.5933924159035087e-11,0.19128820378072217,0.0,0.125,0.016443929372231332,9.035570944337934e-06,0.19128820378072217,9.035570944337934e-06,0.19128820378072217
97260.0,0.01202,5.5990767577895895e-11,0.0,0.125,9.838679964079353e-12,4.888534022029489e-12,5.5990767577895895e-11,4.888534022029489e-12,5.5990767577895895e-11,0.1911445980095166,0.0,0.125,0.016429608628476863,9.019649448105405e-06,0.1911445980095166,9.019649448105405e-06,0.1911445980095166
97320.0,0.01202,5.5990767577895895e-11,0.0,0.125,9.838786680065628e-12,4.888534022029489e-12,5.5990767577895895e-11,4.888534022029489e-12,5.5990767577895895e-11,0.19100123539356983,0.0,0.125,0.0164153147364233,9.003768682958047e-06,0.19100123539356983,9.003768682958047e-06,0.19100123539356983
97380.0,0.01202,5.5990767577895895e-11,0.0,0.125,9.838893407085065e-12,4.888534022029489e-12,5.5990767577895895e-11,4.888534022029489e-12,5.5990767577895895e-11,0.19085811532872676,0.0,0.125,0.016401047630420277,8.987928517167898e-06,0.19085811532872676,8.987928517167898e-06,0.19085811532872676
97440.0,0.01202,5.5990767577895895e-11,0.0,0.125,9.839000143097533e-12,4.888534022029489e-12,5.5990767577895895e-11,4.888534022029489e-12,5.5990767577895895e-11,0.19071523721275882,0.0,0.125,0.01638680724424728,8.972128819229042e-06,0.19071523721275882,8.972128819229042e-06,0.19071523721275882
97500.0,0.01202,5.5990767577895895e-11,0.0,0.125,9.839106886377843e-12,4.888534022029489e-12,5.5990767577895895e-11,4.888534022029489e-12,5.5990767577895895e-11,0.19057260044535596,0.0,0.125,0.01637259351122435,8.956369456858404e-06,0.19057260044535596,8.956369456858404e-06,0.19057260044535596
97560.0,0.01202,5.5990767577895895e-11,0.0,0.125,9.83932038915885e-12,4.888534022029489e-12,5.5990767577895895e-11,4.888534022029489e-12,5.5990767577895895e-11,0.1904302044281196,0.0,0.125,0.016358406364306747,8.940650301325626e-06,0.1904302044281196,8.940650301325626e-06,0.1904302044281196
97620.0,0.01202,5.5990767577895895e-11,0.0,0.125,9.839533906392118e-12,4.888534022029489e-12,5.5990767577895895e-11,4.888534022029489e-12,5.5990767577895895e-11,0.1902880485645591,0.0,0.125,0.016344245736166274,8.92497122023661e-06,0.1902880485645591,8.92497122023661e-06,0.1902880485645591
97680.0,0.01202,5.5990767577895895e-11,0.0,0.125,9.840067726095563e-12,4.888534022029489e-12,5.5990767577895895e-11,4.888534022029489e-12,5.5990767577895895e-11,0.19014613226008112,0.0,0.125,0.01633011155926102,8.909332084860999e-06,0.19014613226008112,8.909332084860999e-06,0.19014613226008112
97740.0,0.01202,5.5990767577895895e-11,0.0,0.125,9.846330240694822e-12,4.888534022029489e-12,5.5990767577895895e-11,4.888534022029489e-12,5.5990767577895895e-11,0.19000445492198548,0.0,0.125,0.016316003765895322,8.893732766718232e-06,0.19000445492198548,8.893732766718232e-06,0.19000445492198548
97800.0,0.01202,5.5990767577895895e-11,0.0,0.125,9.847538757853706e-12,4.945377440890297e-12,5.5990767577895895e-11,4.945377440890297e-12,5.5990767577895895e-11,0.18986301595945837,0.0,0.125,0.016301922288271337,8.878173136189771e-06,0.18986301595945837,8.878173136189771e-06,0.18986301595945837
97860.0,0.01202,5.5990767577895895e-11,0.0,0.125,9.847538757853706e-12,4.945377440890297e-12,5.5990767577895895e-11,4.945377440890297e-12,5.5990767577895895e-11,0.18972181478356448,0.0,0.125,0.016287867058533325,8.862653065322412e-06,0.18972181478356448,8.862653065322412e-06,0.18972181478356448
97920.0,0.01202,5.5990767577895895e-11,0.0,0.125,9.847538757853706e-12,4.945377440890297e-12,5.5990767577895895e-11,4.945377440890297e-12,5.5990767577895895e-11,0.18958085080724144,0.0,0.125,0.01627383800880585,8.84717242624622e-06,0.18958085080724144,8.84717242624622e-06,0.18958085080724144
97980.0,0.01202,5.5990767577895895e-11,0.0,0.125,9.847538757853706e-12,4.945377440890297e-12,5.5990767577895895e-11,4.945377440890297e-12,5.5990767577895895e-11,0.1894401234452926,0.0,0.125,0.0162598350712266,8.831731092173722e-06,0.1894401234452926,8.831731092173722e-06,0.1894401234452926
98040.0,0.01202,5.5990767577895895e-11,0.0,0.125,9.847538757853706e-12,4.945377440890297e-12,5.5990767577895895e-11,4.945377440890297e-12,5.5990767577895895e-11,0.18929963211438075,0.0,0.125,0.016245858177974623,8.816328935928874e-06,0.18929963211438075,8.816328935928874e-06,0.18929963211438075
98100.0,0.01202,5.5990767577895895e-11,0.0,0.125,9.847538757853706e-12,4.945377440890297e-12,5.5990767577895895e-11,4.945377440890297e-12,5.5990767577895895e-11,0.18915937623302015,0.0,0.125,0.016231907261294688,8.80096583188994e-06,0.18915937623302015,8.80096583188994e-06,0.18915937623302015
98160.0,0.01202,5.5990767577895895e-11,0.0,0.125,9.847538757853706e-12,4.945377440890297e-12,5.5990767577895895e-11,4.945377440890297e-12,5.5990767577895895e-11,0.1890193552215709,0.0,0.125,0.016217982253518143,8.785641653713538e-06,0.1890193552215709,8.785641653713538e-06,0.1890193552215709
98220.0,0.01202,5.5990767577895895e-11,0.0,0.125,9.847538757853706e-12,4.945377440890297e-12,5.5990767577895895e-11,4.945377440890297e-12,5.5990767577895895e-11,0.18887956850223253,0.0,0.125,0.016204083087080923,8.770356276083247e-06,0.18887956850223253,8.770356276083247e-06,0.18887956850223253
98280.0,0.01202,5.5990767577895895e-11,0.0,0.125,9.847538757853706e-12,4.945377440890297e-12,5.5990767577895895e-11,4.945377440890297e-12,5.5990767577895895e-11,0.18874001549903568,0.0,0.125,0.016190209694539062,8.755109574737352e-06,0.18874001549903568,8.755109574737352e-06,0.18874001549903568
98340.0,0.01202,5.5990767577895895e-11,0.0,0.125,9.847538757853706e-12,4.945377440890297e-12,5.5990767577895895e-11,4.945377440890297e-12,5.5990767577895895e-11,0.18860069563783646,0.0,0.125,0.016176362008581857,8.739901424997809e-06,0.18860069563783646,8.739901424997809e-06,0.18860069563783646
98400.0,0.01202,5.5990767577895895e-11,0.0,0.125,9.859020809146762e-12,4.945377440890297e-12,5.5990767577895895e-11,4.945377440890297e-12,5.5990767577895895e-11,0.1884616083463093,0.0,0.125,0.01616253996204336,8.724731702713928e-06,0.1884616083463093,8.724731702713928e-06,0.1884616083463093
98460.0,0.01202,5.5990767577895895e-11,0.0,0.125,9.860254091309526e-12,4.945377440890297e-12,5.5990767577895895e-11,4.945377440890297e-12,5.5990767577895895e-11,0.18832275305394014,0.0,0.125,0.01614874348791204,8.709600284706465e-06,0.18832275305394014,8.709600284706465e-06,0.18832275305394014
98520.0,0.01202,5.5990767577895895e-11,0.0,0.125,9.860254091309526e-12,4.945377440890297e-12,5.5990767577895895e-11,4.945377440890297e-12,5.5990767577895895e-11,0.18818412919201977,0.0,0.125,0.016134972519339187,8.69450704907293e-06,0.18818412919201977,8.69450704907293e-06,0.18818412919201977
98580.0,0.01202,5.5990767577895895e-11,0.0,0.125,9.860292962324973e-12,4.945377440890297e-12,5.5990767577895895e-11,4.945377440890297e-12,5.5990767577895895e-11,0.18804573619363765,0.0,0.125,0.016121226989646038,8.679451872273258e-06,0.18804573619363765,8.679451872273258e-06,0.18804573619363765
98640.0,0.01202,5.5990767577895895e-11,0.0,0.125,9.861339347747802e-12,4.945377440890297e-12,5.5990767577895895e-11,4.945377440890297e-12,5.5990767577895895e-11,0.18790757349367404,0.0,0.125,0.01610750683232983,8.664434632071893e-06,0.18790757349367404,8.664434632071893e-06,0.18790757349367404
98700.0,0.01202,5.5990767577895895e-11,0.0,0.125,9.861339347747802e-12,4.945377440890297e-12,5.5990767577895895e-11,4.945377440890297e-12,5.5990767577895895e-11,0.18776964052879372,0.0,0.125,0.016093811981068937,8.649455207454526e-06,0.18776964052879372,8.649455207454526e-06,0.18776964052879372
98760.0,0.01202,5.5990767577895895e-11,0.0,0.125,9.861378246363969e-12,4.945377440890297e-12,5.5990767577895895e-11,4.945377440890297e-12,5.5990767577895895e-11,0.18763193673743944,0.0,0.125,0.016080142369727282,8.634513477961958e-06,0.18763193673743944,8.634513477961958e-06,0.18763193673743944
98820.0,0.01202,5.5933924159035087e-11,0.0,0.125,9.82046810638513e-12,4.888534022029489e-12,5.5933924159035087e-11,4.888534022029489e-12,5.5933924159035087e-11,0.18749446155982485,0.0,0.125,0.016066497932357968,8.619609322052524e-06,0.18749446155982485,8.619609322052524e-06,0.18749446155982485
98880.0,0.01202,5.5933924159035087e-11,0.0,0.125,9.820586082380725e-12,4.888534022029489e-12,5.5933924159035087e-11,4.888534022029489e-12,5.5933924159035087e-11,0.1873572144379284,0.0,0.125,0.016052878603206398,8.604742620127448e-06,0.1873572144379284,8.604742620127448e-06,0.1873572144379284
98940.0,0.01202,5.5933924159035087e-11,0.0,0.125,9.820624591332451e-12,4.888534022029489e-12,5.5933924159035087e-11,4.888534022029489e-12,5.5933924159035087e-11,0.1872201948154859,0.0,0.125,0.016039284316712824,8.589913251977332e-06,0.1872201948154859,8.589913251977332e-06,0.1872201948154859
99000.0,0.01202,5.5933924159035087e-11,0.0,0.125,9.820742622885078e-12,4.888534022029489e-12,5.5933924159035087e-11,4.888534022029489e-12,5.5933924159035087e-11,0.18708340213798427,0.0,0.125,0.01602571500751449,8.575121099252403e-06,0.18708340213798427,8.575121099252403e-06,0.18708340213798427
99060.0,0.01202,5.5933924159035087e-11,0.0,0.125,9.820940226638928e-12,4.888534022029489e-12,5.5933924159035087e-11,4.888534022029489e-12,5.5933924159035087e-11,0.18694683585265512,0.0,0.125,0.016012170610447365,8.560366042298373e-06,0.18694683585265512,8.560366042298373e-06,0.18694683585265512
99120.0,0.01202,5.5933924159035087e-11,0.0,0.125,9.821214946776637e-12,4.888534022029489e-12,5.5933924159035087e-11,4.888534022029489e-12,5.5933924159035087e-11,0.18681049540846748,0.0,0.125,0.015998651060547535,8.545647963403846e-06,0.18681049540846748,8.545647963403846e-06,0.18681049540846748
99180.0,0.01202,5.5933924159035087e-11,0.0,0.125,9.825333087243039e-12,4.888534022029489e-12,5.5933924159035087e-11,4.888534022029489e-12,5.5933924159035087e-11,0.18667438025612137,0.0,0.125,0.01598515629305235,8.530966743997004e-06,0.18667438025612137,8.530966743997004e-06,0.18667438025612137
99240.0,0.01202,5.5933924159035087e-11,0.0,0.125,9.82570382706423e-12,4.888534022029489e-12,5.5933924159035087e-11,4.888534022029489e-12,5.5933924159035087e-11,0.18653848984804172,0.0,0.125,0.015971686243401263,8.516322267448917e-06,0.18653848984804172,8.516322267448917e-06,0.18653848984804172
99300.0,0.01202,5.5933924159035087e-11,0.0,0.125,9.82570382706423e-12,4.888534022029489e-12,5.5933924159035087e-11,4.888534022029489e-12,5.5933924159035087e-11,0.1864028236383707,0.0,0.125,0.01595824084723646,8.501714416825346e-06,0.1864028236383707,8.501714416825346e-06,0.1864028236383707
99360.0,0.01202,5.5933924159035087e-11,0.0,0.125,9.826392757550026e-12,4.888534022029489e-12,5.5933924159035087e-11,4.888534022029489e-12,5.5933924159035087e-11,0.18626738108296287,0.0,0.125,0.015944820040403342,8.487143074803472e-06,0.18626738108296287,8.487143074803472e-06,0.18626738108296287
99420.0,0.01202,5.5933924159035087e-11,0.0,0.125,9.826392757550026e-12,4.888534022029489e-12,5.5933924159035087e-11,4.888534022029489e-12,5.5933924159035087e-11,0.1861321616393768,0.0,0.125,0.01593142375895086,8.472608125364989e-06,0.1861321616393768,8.472608125364989e-06,0.1861321616393768
99480.0,0.01202,5.5933924159035087e-11,0.0,0.125,9.826392757550026e-12,4.888534022029489e-12,5.5933924159035087e-11,4.888534022029489e-12,5.5933924159035087e-11,0.18599716476686984,0.0,0.125,0.015918051939131556,8.458109453574059e-06,0.18599716476686984,8.458109453574059e-06,0.18599716476686984
99540.0,0.01202,5.5933924159035087e-11,0.0,0.125,9.826714020305395e-12,4.888534022029489e-12,5.5933924159035087e-11,4.888534022029489e-12,5.5933924159035087e-11,0.1858623899263907,0.0,0.125,0.015904704517401686,8.443646943412375e-06,0.1858623899263907,8.443646943412375e-06,0.1858623899263907
99600.0,0.01202,5.5933924159035087e-11,0.0,0.125,9.826714020305395e-12,4.888534022029489e-12,5.5933924159035087e-11,4.888534022029489e-12,5.5933924159035087e-11,0.18572783658057376,0.0,0.125,0.015891381430421098,8.429220480998811e-06,0.18572783658057376,8.429220480998811e-06,0.18572783658057376
99660.0,0.01202,5.5933924159035087e-11,0.0,0.125,9.826714020305395e-12,4.888534022029489e-12,5.5933924159035087e-11,4.888534022029489e-12,5.5933924159035087e-11,0.1855935041937325,0.0,0.125,0.015878082615053107,8.414829951036706e-06,0.1855935041937325,8.414829951036706e-06,0.1855935041937325
99720.0,0.01202,5.5933924159035087e-11,0.0,0.125,9.826714020305395e-12,4.888534022029489e-12,5.5933924159035087e-11,4.888534022029489e-12,5.5933924159035087e-11,0.18545939223185304,0.0,0.125,0.015864808008364165,8.400475239811467e-06,0.18545939223185304,8.400475239811467e-06,0.18545939223185304
99780.0,0.01202,5.5933924159035087e-11,0.0,0.125,9.826714020305395e-12,4.888534022029489e-12,5.5933924159035087e-11,4.888534022029489e-12,5.5933924159035087e-11,0.18532550016258645,0.0,0.125,0.01585155754762361,8.386156234330144e-06,0.18532550016258645,8.386156234330144e-06,0.18532550016258645
99840.0,0.01202,5.5933924159035087e-11,0.0,0.125,9.826714020305395e-12,4.888534022029489e-12,5.5933924159035087e-11,4.888534022029489e-12,5.5933924159035087e-11,0.18519182745524482,0.0,0.125,0.015838331170303272,8.37187282110019e-06,0.18519182745524482,8.37187282110019e-06,0.18519182745524482
99900.0,0.01202,5.5933924159035087e-11,0.0,0.125,9.826714020305395e-12,4.888534022029489e-12,5.5933924159035087e-11,4.888534022029489e-12,5.5933924159035087e-11,0.18505837358079322,0.0,0.125,0.01582512881407706,8.357624887517234e-06,0.18505837358079322,8.357624887517234e-06,0.18505837358079322
99960.0,0.01202,5.5933924159035087e-11,0.0,0.125,9.826714020305395e-12,4.888534022029489e-12,5.5933924159035087e-11,4.888534022029489e-12,5.5933924159035087e-11,0.18492513801184346,0.0,0.125,0.015811950416820434,8.343412321976107e-06,0.18492513801184346,8.343412321976107e-06,0.18492513801184346
100020.0,0.01202,5.5933924159035087e-11,0.0,0.125,9.826714020305395e-12,4.888534022029489e-12,5.5933924159035087e-11,4.888534022029489e-12,5.5933924159035087e-11,0.18479212022264857,0.0,0.125,0.015798795916609938,8.329235011567127e-06,0.18479212022264857,8.329235011567127e-06,0.18479212022264857
100080.0,0.01202,5.5933924159035087e-11,0.0,0.125,9.828751787229121e-12,4.888534022029489e-12,5.5933924159035087e-11,4.888534022029489e-12,5.5933924159035087e-11,0.18465931968909588,0.0,0.125,0.015785665251722678,8.315092845878613e-06,0.18465931968909588,8.315092845878613e-06,0.18465931968909588
100140.0,0.01202,5.5933924159035087e-11,0.0,0.125,9.828751787229121e-12,4.888534022029489e-12,5.5933924159035087e-11,4.888534022029489e-12,5.5933924159035087e-11,0.18452673588870153,0.0,0.125,0.015772558360635673,8.300985713360909e-06,0.18452673588870153,8.300985713360909e-06,0.18452673588870153
100200.0,0.01202,5.5933924159035087e-11,0.0,0.125,9.82876093389289e-12,4.888534022029489e-12,5.5933924159035087e-11,4.888534022029489e-12,5.5933924159035087e-11,0.18439436830060268,0.0,0.125,0.01575947518202534,8.286913503852134e-06,0.18439436830060268,8.286913503852134e-06,0.18439436830060268
100260.0,0.01202,5.5990767577895895e-11,0.0,0.125,9.837967708614708e-12,4.888534022029489e-12,5.5990767577895895e-11,4.888534022029489e-12,5.5990767577895895e-11,0.18426221640555307,0.0,0.125,0.015746415654766817,8.27287610730143e-06,0.18426221640555307,8.27287610730143e-06,0.18426221640555307
100320.0,0.01202,5.5990767577895895e-11,0.0,0.125,9.837967708614708e-12,4.888534022029489e-12,5.5990767577895895e-11,4.888534022029489e-12,5.5990767577895895e-11,0.1841302796859164,0.0,0.125,0.015733379717933364,8.258873412825274e-06,0.1841302796859164,8.258873412825274e-06,0.1841302796859164
100380.0,0.01202,5.5990767577895895e-11,0.0,0.125,9.837967708614708e-12,4.888534022029489e-12,5.5990767577895895e-11,4.888534022029489e-12,5.5990767577895895e-11,0.18399855762565928,0.0,0.125,0.015720367310795725,8.244905312482231e-06,0.18399855762565928,8.244905312482231e-06,0.18399855762565928
100440.0,0.01202,5.5990767577895895e-11,0.0,0.125,9.837967708614708e-12,4.888534022029489e-12,5.5990767577895895e-11,4.888534022029489e-12,5.5990767577895895e-11,0.18386704971034598,0.0,0.125,0.01570737837282142,8.230971697109624e-06,0.18386704971034598,8.230971697109624e-06,0.18386704971034598
100500.0,0.01202,5.5990767577895895e-11,0.0,0.125,9.837967708614708e-12,4.888534022029489e-12,5.5990767577895895e-11,4.888534022029489e-12,5.5990767577895895e-11,0.18373575542713222,0.0,0.125,0.015694412843674118,8.217072457822328e-06,0.18373575542713222,8.217072457822328e-06,0.18373575542713222
100560.0,0.01202,5.5990767577895895e-11,0.0,0.125,9.837967708614708e-12,4.888534022029489e-12,5.5990767577895895e-11,4.888534022029489e-12,5.5990767577895895e-11,0.18360467426475938,0.0,0.125,0.015681470663212918,8.203207486873199e-06,0.18360467426475938,8.203207486873199e-06,0.18360467426475938
100620.0,0.01202,5.5990767577895895e-11,0.0,0.125,9.837967708614708e-12,4.888534022029489e-12,5.5990767577895895e-11,4.888534022029489e-12,5.5990767577895895e-11,0.18347380571354785,0.0,0.125,0.01566855177149171,8.189376676348559e-06,0.18347380571354785,8.189376676348559e-06,0.18347380571354785
100680.0,0.01202,5.5990767577895895e-11,0.0,0.125,9.838385617612427e-12,4.888534022029489e-12,5.5990767577895895e-11,4.888534022029489e-12,5.5990767577895895e-11,0.18334314926539122,0.0,0.125,0.01565565610875846,8.175579919500464e-06,0.18334314926539122,8.175579919500464e-06,0.18334314926539122
100740.0,0.01202,5.5990767577895895e-11,0.0,0.125,9.845276885945462e-12,4.888534022029489e-12,5.5990767577895895e-11,4.888534022029489e-12,5.5990767577895895e-11,0.18321270441375054,0.0,0.125,0.015642783615454483,8.161817108720548e-06,0.18321270441375054,8.161817108720548e-06,0.18321270441375054
100800.0,0.01202,5.5990767577895895e-11,0.0,0.125,9.845357456729777e-12,4.888534022029489e-12,5.5990767577895895e-11,4.888534022029489e-12,5.5990767577895895e-11,0.18308247065364802,0.0,0.125,0.01562993423221378,8.148088137982512e-06,0.18308247065364802,8.148088137982512e-06,0.18308247065364802
100860.0,0.01202,5.5990767577895895e-11,0.0,0.125,9.845357456729777e-12,4.888534022029489e-12,5.5990767577895895e-11,4.888534022029489e-12,5.5990767577895895e-11,0.18295244748166217,0.0,0.125,0.015617107899862304,8.134392901232301e-06,0.18295244748166217,8.134392901232301e-06,0.18295244748166217
100920.0,0.01202,5.5933924159035087e-11,0.0,0.125,9.804483271107035e-12,4.831690603168681e-12,5.5933924159035087e-11,4.831690603168681e-12,5.5933924159035087e-11,0.18282263439591995,0.0,0.125,0.015604304559417309,8.120731292721173e-06,0.18282263439591995,8.120731292721173e-06,0.18282263439591995
100980.0,0.01202,5.5933924159035087e-11,0.0,0.125,9.80676306419858e-12,4.831690603168681e-12,5.5933924159035087e-11,4.831690603168681e-12,5.5933924159035087e-11,0.18269303089609273,0.0,0.125,0.015591524152086575,8.107103207088961e-06,0.18269303089609273,8.107103207088961e-06,0.18269303089609273
101040.0,0.01202,5.5933924159035087e-11,0.0,0.125,9.806793612159053e-12,4.831690603168681e-12,5.5933924159035087e-11,4.831690603168681e-12,5.5933924159035087e-11,0.1825636364833895,0.0,0.125,0.015578766619267737,8.093508539058769e-06,0.1825636364833895,8.093508539058769e-06,0.1825636364833895
101100.0,0.01202,5.5933924159035087e-11,0.0,0.125,9.806832158894985e-12,4.831690603168681e-12,5.5933924159035087e-11,4.831690603168681e-12,5.5933924159035087e-11,0.18243445066055147,0.0,0.125,0.01556603190254758,8.079947184574943e-06,0.18243445066055147,8.079947184574943e-06,0.18243445066055147
101160.0,0.01202,5.5933924159035087e-11,0.0,0.125,9.80690128484833e-12,4.831690603168681e-12,5.5933924159035087e-11,4.831690603168681e-12,5.5933924159035087e-11,0.18230547293184562,0.0,0.125,0.01555331994370129,8.066419039692851e-06,0.18230547293184562,8.066419039692851e-06,0.18230547293184562
101220.0,0.01202,5.5933924159035087e-11,0.0,0.125,9.80703000405752e-12,4.831690603168681e-12,5.5933924159035087e-11,4.831690603168681e-12,5.5933924159035087e-11,0.18217670280305992,0.0,0.125,0.015540630684691817,8.052924000356843e-06,0.18217670280305992,8.052924000356843e-06,0.18217670280305992
101280.0,0.01202,5.5933924159035087e-11,0.0,0.125,9.807137740351984e-12,4.831690603168681e-12,5.5933924159035087e-11,4.831690603168681e-12,5.5933924159035087e-11,0.18204813978149717,0.0,0.125,0.015527964067669105,8.039461963316175e-06,0.18204813978149717,8.039461963316175e-06,0.18204813978149717
101340.0,0.01202,5.5933924159035087e-11,0.0,0.125,9.807237502811848e-12,4.831690603168681e-12,5.5933924159035087e-11,4.831690603168681e-12,5.5933924159035087e-11,0.18191978337596848,0.0,0.125,0.015515320034969412,8.026032825791951e-06,0.18191978337596848,8.026032825791951e-06,0.18191978337596848
101400.0,0.01202,5.5933924159035087e-11,0.0,0.125,9.807681604127331e-12,4.831690603168681e-12,5.5933924159035087e-11,4.831690603168681e-12,5.5933924159035087e-11,0.18179163309678936,0.0,0.125,0.015502698529114574,8.012636484866498e-06,0.18179163309678936,8.012636484866498e-06,0.18179163309678936
101460.0,0.01202,5.5933924159035087e-11,0.0,0.125,9.813275741160981e-12,4.831690603168681e-12,5.5933924159035087e-11,4.831690603168681e-12,5.5933924159035087e-11,0.1816636884557723,0.0,0.125,0.015490099492811386,7.999272838787874e-06,0.1816636884557723,7.999272838787874e-06,0.1816636884557723
101520.0,0.01202,5.5933924159035087e-11,0.0,0.125,9.813373872440822e-12,4.831690603168681e-12,5.5933924159035087e-11,4.831690603168681e-12,5.5933924159035087e-11,0.1815359489662222,0.0,0.125,0.015477522868950796,7.985941785110251e-06,0.1815359489662222,7.985941785110251e-06,0.1815359489662222
101580.0,0.01202,5.5933924159035087e-11,0.0,0.125,9.813446128296904e-12,4.831690603168681e-12,5.5933924159035087e-11,4.831690603168681e-12,5.5933924159035087e-11,0.1814084141429299,0.0,0.125,0.015464968600607287,7.972643223191911e-06,0.1814084141429299,7.972643223191911e-06,0.1814084141429299
101640.0,0.01202,5.5933924159035087e-11,0.0,0.125,9.813544276938817e-12,4.831690603168681e-12,5.5933924159035087e-11,4.831690603168681e-12,5.5933924159035087e-11,0.1812810835021681,0.0,0.125,0.015452436631038149,7.959377051169891e-06,0.1812810835021681,7.959377051169891e-06,0.1812810835021681
101700.0,0.01202,5.5933924159035087e-11,0.0,0.125,9.813544276938817e-12,4.831690603168681e-12,5.5933924159035087e-11,4.831690603168681e-12,5.5933924159035087e-11,0.18115395656168373,0.0,0.125,0.015439926903682753,7.94614316912412e-06,0.18115395656168373,7.94614316912412e-06,0.18115395656168373
101760.0,0.01202,5.5933924159035087e-11,0.0,0.125,9.813642440624735e-12,4.831690603168681e-12,5.5933924159035087e-11,4.831690603168681e-12,5.5933924159035087e-11,0.1810270328406941,0.0,0.125,0.015427439362161911,7.932941476218591e-06,0.1810270328406941,7.932941476218591e-06,0.1810270328406941
101820.0,0.01202,5.5933924159035087e-11,0.0,0.125,9.813642440624735e-12,4.831690603168681e-12,5.5933924159035087e-11,4.831690603168681e-12,5.5933924159035087e-11,0.1809003118598811,0.0,0.125,0.015414973950277185,7.919771872699766e-06,0.1809003118598811,7.919771872699766e-06,0.1809003118598811
101880.0,0.01202,5.5933924159035087e-11,0.0,0.125,9.813740616757567e-12,4.831690603168681e-12,5.5933924159035087e-11,4.831690603168681e-12,5.5933924159035087e-11,0.1807737931413851,0.0,0.125,0.015402530612010103,7.906634258730838e-06,0.1807737931413851,7.906634258730838e-06,0.1807737931413851
101940.0,0.01202,5.5933924159035087e-11,0.0,0.125,9.81555015078805e-12,4.831690603168681e-12,5.5933924159035087e-11,4.831690603168681e-12,5.5933924159035087e-11,0.18064747620879917,0.0,0.125,0.01539010929152164,7.893528535640737e-06,0.18064747620879917,7.893528535640737e-06,0.18064747620879917
102000.0,0.01202,5.5990767577895895e-11,0.0,0.125,9.815721430646476e-12,4.831690603168681e-12,5.5990767577895895e-11,4.831690603168681e-12,5.5990767577895895e-11,0.18052136058716567,0.0,0.125,0.01537770993315137,7.880454603981235e-06,0.18052136058716567,7.880454603981235e-06,0.18052136058716567
102060.0,0.01202,5.5990767577895895e-11,0.0,0.125,9.815835498565591e-12,4.831690603168681e-12,5.5990767577895895e-11,4.831690603168681e-12,5.5990767577895895e-11,0.18039544580296885,0.0,0.125,0.015365332481416919,7.867412365636373e-06,0.18039544580296885,7.867412365636373e-06,0.18039544580296885
102120.0,0.01202,5.5990767577895895e-11,0.0,0.125,9.81593368747619e-12,4.831690603168681e-12,5.5990767577895895e-11,4.831690603168681e-12,5.5990767577895895e-11,0.1802697313841293,0.0,0.125,0.015352976881013171,7.854401722851012e-06,0.1802697313841293,7.854401722851012e-06,0.1802697313841293
102180.0,0.01202,5.5990767577895895e-11,0.0,0.125,9.816130077279737e-12,4.831690603168681e-12,5.5990767577895895e-11,4.831690603168681e-12,5.5990767577895895e-11,0.18014421686000073,0.0,0.125,0.015340643076811699,7.84142257734266e-06,0.18014421686000073,7.84142257734266e-06,0.18014421686000073
102240.0,0.01202,5.5990767577895895e-11,0.0,0.125,9.816366163024598e-12,4.831690603168681e-12,5.5990767577895895e-11,4.831690603168681e-12,5.5990767577895895e-11,0.18001890176136276,0.0,0.125,0.015328331013860014,7.828474831578225e-06,0.18001890176136276,7.828474831578225e-06,0.18001890176136276
102300.0,0.01202,5.5990767577895895e-11,0.0,0.125,9.81681749609331e-12,4.831690603168681e-12,5.5990767577895895e-11,4.831690603168681e-12,5.5990767577895895e-11,0.17989378562041605,0.0,0.125,0.015316040637380946,7.815558388996058e-06,0.17989378562041605,7.815558388996058e-06,0.17989378562041605
102360.0,0.01202,5.5990767577895895e-11,0.0,0.125,9.823712290831626e-12,4.831690603168681e-12,5.5990767577895895e-11,4.831690603168681e-12,5.5990767577895895e-11,0.179768867970777,0.0,0.125,0.01530377189277193,7.802673152840223e-06,0.179768867970777,7.802673152840223e-06,0.179768867970777
102420.0,0.01202,5.5990767577895895e-11,0.0,0.125,9.824468723031533e-12,4.888534022029489e-12,5.5990767577895895e-11,4.888534022029489e-12,5.5990767577895895e-11,0.17964414834747322,0.0,0.125,0.015291524725604395,7.789819026826628e-06,0.17964414834747322,7.789819026826628e-06,0.17964414834747322
102480.0,0.01202,5.5990767577895895e-11,0.0,0.125,9.824468723031533e-12,4.888534022029489e-12,5.5990767577895895e-11,4.888534022029489e-12,5.5990767577895895e-11,0.17951962628693752,0.0,0.125,0.015279299081623053,7.776995914587914e-06,0.17951962628693752,7.776995914587914e-06,0.17951962628693752
102540.0,0.01202,5.5990767577895895e-11,0.0,0.125,9.824468723031533e-12,4.888534022029489e-12,5.5990767577895895e-11,4.888534022029489e-12,5.5990767577895895e-11,0.17939530132700196,0.0,0.125,0.015267094906745292,7.764203721338792e-06,0.17939530132700196,7.764203721338792e-06,0.17939530132700196
102600.0,0.01202,5.5990767577895895e-11,0.0,0.125,9.824468723031533e-12,4.888534022029489e-12,5.5990767577895895e-11,4.888534022029489e-12,5.5990767577895895e-11,0.17927117300689493,0.0,0.125,0.015254912147060474,7.751442351017213e-06,0.17927117300689493,7.751442351017213e-06,0.17927117300689493
102660.0,0.01202,5.610445441561751e-11,0.0,0.125,9.871213190690988e-12,4.888534022029489e-12,5.610445441561751e-11,4.888534022029489e-12,5.610445441561751e-11,0.17914724086723421,0.0,0.125,0.015242750748829314,7.738711708837887e-06,0.17914724086723421,7.738711708837887e-06,0.17914724086723421
102720.0,0.01202,5.616129783447832e-11,0.0,0.125,9.884593523569931e-12,4.888534022029489e-12,5.616129783447832e-11,4.888534022029489e-12,5.616129783447832e-11,0.1790235044500215,0.0,0.125,0.015230610658483192,7.726011700431856e-06,0.1790235044500215,7.726011700431856e-06,0.1790235044500215
102780.0,0.01202,5.616129783447832e-11,0.0,0.125,9.884593523569931e-12,4.888534022029489e-12,5.616129783447832e-11,4.888534022029489e-12,5.616129783447832e-11,0.1788999632986391,0.0,0.125,0.015218491822623555,7.713342231735476e-06,0.1788999632986391,7.713342231735476e-06,0.1788999632986391
102840.0,0.01202,5.616129783447832e-11,0.0,0.125,9.884593523569931e-12,4.888534022029489e-12,5.616129783447832e-11,4.888534022029489e-12,5.616129783447832e-11,0.17877661695784325,0.0,0.125,0.015206394188021232,7.700703208851634e-06,0.17877661695784325,7.700703208851634e-06,0.17877661695784325
102900.0,0.01202,5.616129783447832e-11,0.0,0.125,9.884593523569931e-12,4.888534022029489e-12,5.616129783447832e-11,4.888534022029489e-12,5.616129783447832e-11,0.17865346497375978,0.0,0.125,0.01519431770161581,7.688094538133017e-06,0.17865346497375978,7.688094538133017e-06,0.17865346497375978
102960.0,0.01202,5.616129783447832e-11,0.0,0.125,9.884593523569931e-12,4.888534022029489e-12,5.616129783447832e-11,4.888534022029489e-12,5.616129783447832e-11,0.17853050689387867,0.0,0.125,0.015182262310515011,7.675516126126603e-06,0.17853050689387867,7.675516126126603e-06,0.17853050689387867
103020.0,0.01202,5.616129783447832e-11,0.0,0.125,9.884593523569931e-12,4.888534022029489e-12,5.616129783447832e-11,4.888534022029489e-12,5.616129783447832e-11,0.17840774226704975,0.0,0.125,0.01517022796199401,7.66296788048959e-06,0.17840774226704975,7.66296788048959e-06,0.17840774226704975
103080.0,0.01202,5.616129783447832e-11,0.0,0.125,9.847535046353708e-12,4.888534022029489e-12,5.616129783447832e-11,4.888534022029489e-12,5.616129783447832e-11,0.1782851706434763,0.0,0.125,0.015158214603494839,7.650449708684892e-06,0.1782851706434763,7.650449708684892e-06,0.1782851706434763
103140.0,0.01202,5.616129783447832e-11,0.0,0.125,9.847550998971698e-12,4.888534022029489e-12,5.616129783447832e-11,4.888534022029489e-12,5.616129783447832e-11,0.17816279157471165,0.0,0.125,0.015146222182625775,7.637961518147662e-06,0.17816279157471165,7.637961518147662e-06,0.17816279157471165
103200.0,0.01202,5.616129783447832e-11,0.0,0.125,9.860909009643466e-12,4.888534022029489e-12,5.616129783447832e-11,4.888534022029489e-12,5.616129783447832e-11,0.1780406046136535,0.0,0.125,0.01513425064716062,7.625503217478791e-06,0.1780406046136535,7.625503217478791e-06,0.1780406046136535
103260.0,0.01202,5.616129783447832e-11,0.0,0.125,9.860947420231508e-12,4.888534022029489e-12,5.616129783447832e-11,4.888534022029489e-12,5.616129783447832e-11,0.17791860931453835,0.0,0.125,0.015122299945038198,7.613074715334678e-06,0.17791860931453835,7.613074715334678e-06,0.17791860931453835
103320.0,0.01202,5.616129783447832e-11,0.0,0.125,9.86098573252307e-12,4.888534022029489e-12,5.616129783447832e-11,4.888534022029489e-12,5.616129783447832e-11,0.17779680523293867,0.0,0.125,0.015110370024361643,7.600675919622324e-06,0.17779680523293867,7.600675919622324e-06,0.17779680523293867
103380.0,0.01202,5.616129783447832e-11,0.0,0.125,9.861024056976417e-12,4.888534022029489e-12,5.616129783447832e-11,4.888534022029489e-12,5.616129783447832e-11,0.17767519192575482,0.0,0.125,0.01509846083339781,7.588306740580197e-06,0.17767519192575482,7.588306740580197e-06,0.17767519192575482
103440.0,0.01202,5.616129783447832e-11,0.0,0.125,9.861062391726407e-12,4.888534022029489e-12,5.616129783447832e-11,4.888534022029489e-12,5.616129783447832e-11,0.17755376895121336,0.0,0.125,0.015086572320576652,7.575967087752877e-06,0.17755376895121336,7.575967087752877e-06,0.17755376895121336
103500.0,0.01202,5.616129783447832e-11,0.0,0.125,9.861100735162714e-12,4.888534022029489e-12,5.616129783447832e-11,4.888534022029489e-12,5.616129783447832e-11,0.1774325358688601,0.0,0.125,0.015074704434490622,7.563656870129831e-06,0.1774325358688601,7.563656870129831e-06,0.1774325358688601
103560.0,0.01202,5.616129783447832e-11,0.0,0.125,9.861139085899778e-12,4.888534022029489e-12,5.616129783447832e-11,4.888534022029489e-12,5.616129783447832e-11,0.1773114922395563,0.0,0.125,0.015062857123894047,7.551375998449128e-06,0.1773114922395563,7.551375998449128e-06,0.1773114922395563
103620.0,0.01202,5.616129783447832e-11,0.0,0.125,9.861215804697542e-12,4.888534022029489e-12,5.616129783447832e-11,4.888534022029489e-12,5.616129783447832e-11,0.1771906376254732,0.0,0.125,0.015051030337702522,7.539124383004747e-06,0.1771906376254732,7.539124383004747e-06,0.1771906376254732
103680.0,0.01202,5.616129783447832e-11,0.0,0.125,9.861330913119648e-12,4.888534022029489e-12,5.616129783447832e-11,4.888534022029489e-12,5.616129783447832e-11,0.17706997159008758,0.0,0.125,0.015039224024992285,7.526901935089869e-06,0.17706997159008758,7.526901935089869e-06,0.17706997159008758
103740.0,0.01202,5.616129783447832e-11,0.0,0.125,9.861484422888814e-12,4.888534022029489e-12,5.616129783447832e-11,4.888534022029489e-12,5.616129783447832e-11,0.1769494936981777,0.0,0.125,0.015027438134999647,7.514708565026229e-06,0.1769494936981777,7.514708565026229e-06,0.1769494936981777
103800.0,0.01202,5.616129783447832e-11,0.0,0.125,9.863248419264177e-12,4.888534022029489e-12,5.616129783447832e-11,4.888534022029489e-12,5.616129783447832e-11,0.17682920351581682,0.0,0.125,0.015015672617120368,7.502544185050697e-06,0.17682920351581682,7.502544185050697e-06,0.17682920351581682
103860.0,0.01202,5.616129783447832e-11,0.0,0.125,9.867239043648778e-12,4.888534022029489e-12,5.616129783447832e-11,4.888534022029489e-12,5.616129783447832e-11,0.17670910061037065,0.0,0.125,0.015003927420909054,7.490408706650742e-06,0.17670910061037065,7.490408706650742e-06,0.17670910061037065
103920.0,0.01202,5.616129783447832e-11,0.0,0.125,9.867239043648778e-12,4.888534022029489e-12,5.616129783447832e-11,4.888534022029489e-12,5.616129783447832e-11,0.17658918455049083,0.0,0.125,0.014992202496078577,7.478302041813434e-06,0.17658918455049083,7.478302041813434e-06,0.17658918455049083
103980.0,0.01202,5.616129783447832e-11,0.0,0.125,9.867239043648778e-12,4.888534022029489e-12,5.616129783447832e-11,4.888534022029489e-12,5.616129783447832e-11,0.17646945490611093,0.0,0.125,0.014980497792499482,7.466224103219732e-06,0.17646945490611093,7.466224103219732e-06,0.17646945490611093
104040.0,0.01202,5.616129783447832e-11,0.0,0.125,9.868035121688957e-12,4.888534022029489e-12,5.616129783447832e-11,4.888534022029489e-12,5.616129783447832e-11,0.17634991124844232,0.0,0.125,0.014968813260199361,7.454174803744884e-06,0.17634991124844232,7.454174803744884e-06,0.17634991124844232
104100.0,0.01202,5.616129783447832e-11,0.0,0.125,9.868035121688957e-12,4.888534022029489e-12,5.616129783447832e-11,4.888534022029489e-12,5.616129783447832e-11,0.17623055314996822,0.0,0.125,0.01495714884936231,7.442154056042094e-06,0.17623055314996822,7.442154056042094e-06,0.17623055314996822
104160.0,0.01202,5.616129783447832e-11,0.0,0.125,9.870107795768207e-12,4.888534022029489e-12,5.616129783447832e-11,4.888534022029489e-12,5.616129783447832e-11,0.1761113801844409,0.0,0.125,0.014945504510328339,7.430161773624988e-06,0.1761113801844409,7.430161773624988e-06,0.1761113801844409
104220.0,0.01202,5.616129783447832e-11,0.0,0.125,9.870107795768207e-12,4.888534022029489e-12,5.616129783447832e-11,4.888534022029489e-12,5.616129783447832e-11,0.17599239192687544,0.0,0.125,0.014933880193592755,7.418197870645571e-06,0.17599239192687544,7.418197870645571e-06,0.17599239192687544
104280.0,0.01202,5.616129783447832e-11,0.0,0.125,9.870116047887786e-12,4.888534022029489e-12,5.616129783447832e-11,4.888534022029489e-12,5.616129783447832e-11,0.17587358795354613,0.0,0.125,0.014922275849805612,7.406262260395424e-06,0.17587358795354613,7.406262260395424e-06,0.17587358795354613
104340.0,0.01202,5.616129783447832e-11,0.0,0.125,9.870116047887786e-12,4.888534022029489e-12,5.616129783447832e-11,4.888534022029489e-12,5.616129783447832e-11,0.1757549678419816,0.0,0.125,0.014910691429771097,7.394354857803709e-06,0.1757549678419816,7.394354857803709e-06,0.1757549678419816
104400.0,0.01202,5.616129783447832e-11,0.0,0.125,9.87029970227982e-12,4.888534022029489e-12,5.616129783447832e-11,4.888534022029489e-12,5.616129783447832e-11,0.17563653117095987,0.0,0.125,0.014899126884446987,7.382475577188963e-06,0.17563653117095987,7.382475577188963e-06,0.17563653117095987
104460.0,0.012019666666666666,5.610445441561751e-11,0.0,0.125,9.870299702279822e-12,4.888534022029489e-12,5.610445441561751e-11,4.888534022029489e-12,5.610445441561751e-11,0.1755182739528413,0.0,0.125,0.014887581745434201,7.370624005548221e-06,0.1755182739528413,7.370624005548221e-06,0.1755182739528413
104520.0,0.012019333333333333,5.610445441561751e-11,0.0,0.125,9.871230306145747e-12,4.888534022029489e-12,5.610445441561751e-11,4.888534022029489e-12,5.610445441561751e-11,0.17540019222564007,0.0,0.125,0.01487605554435851,7.35879973406961e-06,0.17540019222564007,7.35879973406961e-06,0.17540019222564007
104580.0,0.012019,5.610445441561751e-11,0.0,0.125,9.871825143598594e-12,4.888534022029489e-12,5.610445441561751e-11,4.888534022029489e-12,5.610445441561751e-11,0.17528228560832262,0.0,0.125,0.014864548232871994,7.347002682234205e-06,0.17528228560832262,7.347002682234205e-06,0.17528228560832262
104640.0,0.012018666666666667,5.610445441561751e-11,0.0,0.125,9.872099348317952e-12,4.888534022029489e-12,5.610445441561751e-11,4.888534022029489e-12,5.610445441561751e-11,0.17516455372088052,0.0,0.125,0.014853059763289055,7.3352327707443266e-06,0.17516455372088052,7.3352327707443266e-06,0.17516455372088052
104700.0,0.012018333333333332,5.616129783447832e-11,0.0,0.125,9.872647981580655e-12,4.888534022029489e-12,5.616129783447832e-11,4.888534022029489e-12,5.616129783447832e-11,0.17504699618432853,0.0,0.125,0.014841590088519135,7.3234899198859615e-06,0.17504699618432853,7.3234899198859615e-06,0.17504699618432853
104760.0,0.012018,5.610445441561751e-11,0.0,0.125,9.880194319460013e-12,4.945377440890297e-12,5.610445441561751e-11,4.945377440890297e-12,5.610445441561751e-11,0.17492961262069878,0.0,0.125,0.014830139162007904,7.311774051166342e-06,0.17492961262069878,7.311774051166342e-06,0.17492961262069878
104820.0,0.012017666666666666,5.610445441561751e-11,0.0,0.125,9.880478625116676e-12,4.945377440890297e-12,5.610445441561751e-11,4.945377440890297e-12,5.610445441561751e-11,0.17481240265303905,0.0,0.125,0.014818706937685923,7.300085086231478e-06,0.17481240265303905,7.300085086231478e-06,0.17481240265303905
104880.0,0.012017333333333333,5.616129783447832e-11,0.0,0.125,9.880478625116678e-12,4.945377440890297e-12,5.616129783447832e-11,4.945377440890297e-12,5.616129783447832e-11,0.17469536590541024,0.0,0.125,0.014807293369923605,7.288422945450623e-06,0.17469536590541024,7.288422945450623e-06,0.17469536590541024
104940.0,0.012017,5.610445441561751e-11,0.0,0.125,9.881276374536516e-12,4.945377440890297e-12,5.610445441561751e-11,4.945377440890297e-12,5.610445441561751e-11,0.17457850200288028,0.0,0.125,0.014795898413491979,7.276787551385722e-06,0.17457850200288028,7.276787551385722e-06,0.17457850200288028
105000.0,0.012016666666666667,5.610445441561751e-11,0.0,0.125,9.881495062276649e-12,4.945377440890297e-12,5.610445441561751e-11,4.945377440890297e-12,5.610445441561751e-11,0.17446181057152368,0.0,0.125,0.01478452202352819,7.265178825627272e-06,0.17446181057152368,7.265178825627272e-06,0.17446181057152368
105060.0,0.012016333333333334,5.616129783447832e-11,0.0,0.125,9.88246368218261e-12,4.945377440890297e-12,5.616129783447832e-11,4.945377440890297e-12,5.616129783447832e-11,0.17434529123841627,0.0,0.125,0.014773164155505347,7.253596690681707e-06,0.17434529123841627,7.253596690681707e-06,0.17434529123841627
105120.0,0.012016,5.610445441561751e-11,0.0,0.125,9.883994903868497e-12,4.945377440890297e-12,5.610445441561751e-11,4.945377440890297e-12,5.610445441561751e-11,0.17422894363163297,0.0,0.125,0.014761824765205999,7.242041068777905e-06,0.17422894363163297,7.242041068777905e-06,0.17422894363163297
105180.0,0.012015666666666668,5.610445441561751e-11,0.0,0.125,9.89071635249886e-12,5.002220859751105e-12,5.610445441561751e-11,5.002220859751105e-12,5.610445441561751e-11,0.17411276738024423,0.0,0.125,0.014750503808698934,7.230511883421498e-06,0.17411276738024423,7.230511883421498e-06,0.17411276738024423
105240.0,0.012015333333333334,5.616129783447832e-11,0.0,0.125,9.891230998704437e-12,5.059064278611913e-12,5.616129783447832e-11,5.059064278611913e-12,5.616129783447832e-11,0.17399676211431325,0.0,0.125,0.01473920124231871,7.219009057507497e-06,0.17399676211431325,7.219009057507497e-06,0.17399676211431325
105300.0,0.012015000000000001,5.610445441561751e-11,0.0,0.125,9.892281007495474e-12,5.002220859751105e-12,5.610445441561751e-11,5.002220859751105e-12,5.610445441561751e-11,0.17388092746489298,0.0,0.125,0.014727917022647816,7.207532514097448e-06,0.17388092746489298,7.207532514097448e-06,0.17388092746489298
105360.0,0.012014666666666667,5.610445441561751e-11,0.0,0.125,9.899185857233274e-12,5.059064278611913e-12,5.610445441561751e-11,5.059064278611913e-12,5.610445441561751e-11,0.17376526306402224,0.0,0.125,0.01471665110650079,7.196082177335361e-06,0.17376526306402224,7.196082177335361e-06,0.17376526306402224
105420.0,0.012014333333333333,5.610445441561751e-11,0.0,0.125,9.904513811740644e-12,5.059064278611913e-12,5.610445441561751e-11,5.059064278611913e-12,5.610445441561751e-11,0.1736497685447241,0.0,0.125,0.01470540345091042,7.184657970588093e-06,0.1736497685447241,7.184657970588093e-06,0.1736497685447241
105480.0,0.012014,5.610445441561751e-11,0.0,0.125,9.911609303735457e-12,5.172751116333529e-12,5.610445441561751e-11,5.172751116333529e-12,5.610445441561751e-11,0.17353444354100117,0.0,0.125,0.014694174013115539,7.1732598187768115e-06,0.17353444354100117,7.1732598187768115e-06,0.17353444354100117
105540.0,0.012013666666666667,5.616129783447832e-11,0.0,0.125,9.916607620658367e-12,5.229594535194337e-12,5.616129783447832e-11,5.229594535194337e-12,5.616129783447832e-11,0.17341928768783407,0.0,0.125,0.014682962750550184,7.161887645684706e-06,0.17341928768783407,7.161887645684706e-06,0.17341928768783407
105600.0,0.012013333333333334,5.616129783447832e-11,0.0,0.125,9.917242685549734e-12,5.229594535194337e-12,5.616129783447832e-11,5.229594535194337e-12,5.616129783447832e-11,0.17330430062117785,0.0,0.125,0.014671769620834175,7.150541376566011e-06,0.17330430062117785,7.150541376566011e-06,0.17330430062117785
105660.0,0.012013000000000001,5.616129783447832e-11,0.0,0.125,9.936843350479632e-12,5.286437954055145e-12,5.616129783447832e-11,5.343281372915953e-12,5.616129783447832e-11,0.17318948197795897,0.0,0.125,0.01466059458176468,7.1392209355647385e-06,0.17318948197795897,7.1392209355647385e-06,0.17318948197795897
105720.0,0.012012666666666668,5.610445441561751e-11,0.0,0.125,9.939047217357034e-12,5.343281372915953e-12,5.610445441561751e-11,5.343281372915953e-12,5.610445441561751e-11,0.17307483139607274,0.0,0.125,0.014649437591308908,7.1279262486567685e-06,0.17307483139607274,7.1279262486567685e-06,0.17307483139607274
105780.0,0.012012333333333335,5.616129783447832e-11,0.0,0.125,9.939908195075072e-12,5.343281372915953e-12,5.616129783447832e-11,5.343281372915953e-12,5.616129783447832e-11,0.17296034851438008,0.0,0.125,0.014638298607597454,7.116657240707758e-06,0.17296034851438008,7.116657240707758e-06,0.17296034851438008
105840.0,0.012012000000000002,5.6218141253339127e-11,0.0001546002744221193,0.125,9.943334948577003e-12,5.343281372915953e-12,5.6218141253339127e-11,5.343281372915953e-12,5.6218141253339127e-11,0.1728460329727053,0.0,0.125,0.014627177588918606,7.105413837943386e-06,0.1728460329727053,7.105413837943386e-06,0.1728460329727053
105900.0,0.012011666666666667,5.6218141253339127e-11,0.0,0.125,9.947958273376366e-12,5.4001247917767614e-12,5.6218141253339127e-11,5.4001247917767614e-12,5.6218141253339127e-11,0.17273188441183218,0.0,0.125,0.01461607449371315,7.0941959664228005e-06,0.17273188441183218,7.0941959664228005e-06,0.17273188441183218
105960.0,0.012011333333333334,5.6218141253339127e-11,0.0,0.125,9.957803558759641e-12,5.4001247917767614e-12,5.6218141253339127e-11,5.4001247917767614e-12,5.6218141253339127e-11,0.17261790247350264,0.0,0.125,0.014604989280569861,7.083003552010858e-06,0.17261790247350264,7.083003552010858e-06,0.17261790247350264
106020.0,0.012011,5.6218141253339127e-11,0.0,0.125,9.993105258528431e-12,5.5706550483591855e-12,5.6218141253339127e-11,5.5706550483591855e-12,5.6218141253339127e-11,0.17250408680041207,0.0,0.125,0.014593921908221449,7.071836521627128e-06,0.17250408680041207,7.071836521627128e-06,0.17250408680041207
106080.0,0.012010666666666668,5.6218141253339127e-11,0.0,0.125,9.993234401372723e-12,5.5706550483591855e-12,5.6218141253339127e-11,5.5706550483591855e-12,5.6218141253339127e-11,0.17239043703620852,0.0,0.125,0.014582872335540906,7.060694801330758e-06,0.17239043703620852,7.060694801330758e-06,0.17239043703620852
106140.0,0.012010333333333335,5.6218141253339127e-11,0.0,0.125,9.996247858939413e-12,5.5706550483591855e-12,5.6218141253339127e-11,5.5706550483591855e-12,5.6218141253339127e-11,0.17227695282548852,0.0,0.125,0.014571840521538459,7.04957831870745e-06,0.17227695282548852,7.04957831870745e-06,0.17227695282548852
106200.0,0.012010000000000002,5.6218141253339127e-11,0.0,0.125,1.0010861835088791e-11,5.5706550483591855e-12,5.6218141253339127e-11,5.5706550483591855e-12,5.6218141253339127e-11,0.17216363381379474,0.0,0.125,0.014560826425358506,7.038487000926574e-06,0.17216363381379474,7.038487000926574e-06,0.17216363381379474
106260.0,0.012010000000000002,5.6218141253339127e-11,0.0,0.125,1.0010866038853847e-11,5.5706550483591855e-12,5.6218141253339127e-11,5.5706550483591855e-12,5.6218141253339127e-11,0.1720504830588464,0.0,0.125,0.014549830407518493,7.027421081884366e-06,0.1720504830588464,7.027421081884366e-06,0.1720504830588464
106320.0,0.012010000000000002,5.6218141253339127e-11,0.0,0.125,1.0010866038853847e-11,5.5706550483591855e-12,5.6218141253339127e-11,5.5706550483591855e-12,5.6218141253339127e-11,0.17193750359648668,0.0,0.125,0.014538852828741742,7.016380792174148e-06,0.17193750359648668,7.016380792174148e-06,0.17193750359648668
106380.0,0.012010000000000002,5.6218141253339127e-11,0.0,0.125,1.0010866038853847e-11,5.5706550483591855e-12,5.6218141253339127e-11,5.5706550483591855e-12,5.6218141253339127e-11,0.1718246950409978,0.0,0.125,0.014527893648288229,7.005366056689333e-06,0.1718246950409978,7.005366056689333e-06,0.1718246950409978
106440.0,0.012010000000000002,5.6218141253339127e-11,0.0,0.125,1.0012305237426484e-11,5.5706550483591855e-12,5.6218141253339127e-11,5.5706550483591855e-12,5.6218141253339127e-11,0.1717120570077862,0.0,0.125,0.014516952825079605,6.994376798963309e-06,0.1717120570077862,6.994376798963309e-06,0.1717120570077862
106500.0,0.012010000000000002,5.6218141253339127e-11,0.0,0.125,1.0012484834885426e-11,5.5706550483591855e-12,5.6218141253339127e-11,5.5706550483591855e-12,5.6218141253339127e-11,0.17159958911337764,0.0,0.125,0.01450603031775706,6.983412942973555e-06,0.17159958911337764,6.983412942973555e-06,0.17159958911337764
106560.0,0.012010000000000002,5.6218141253339127e-11,0.0,0.125,1.0012484834885426e-11,5.5706550483591855e-12,5.6218141253339127e-11,5.5706550483591855e-12,5.6218141253339127e-11,0.17148729097541468,0.0,0.125,0.014495126084731712,6.972474413863283e-06,0.17148729097541468,6.972474413863283e-06,0.17148729097541468
106620.0,0.012010000000000002,5.6218141253339127e-11,0.0,0.125,1.0012484834885426e-11,5.5706550483591855e-12,5.6218141253339127e-11,5.5706550483591855e-12,5.6218141253339127e-11,0.1713751622126537,0.0,0.125,0.014484240084228765,6.961561136331618e-06,0.1713751622126537,6.961561136331618e-06,0.1713751622126537
106680.0,0.012010000000000002,5.616129783447832e-11,0.0,0.125,9.970882110639232e-12,5.5138116294983774e-12,5.616129783447832e-11,5.5138116294983774e-12,5.616129783447832e-11,0.1712632024449602,0.0,0.125,0.014473372274326159,6.950673035660548e-06,0.1712632024449602,6.950673035660548e-06,0.1712632024449602
106740.0,0.012010000000000002,5.616129783447832e-11,0.0,0.125,9.970882110639232e-12,5.5138116294983774e-12,5.616129783447832e-11,5.5138116294983774e-12,5.616129783447832e-11,0.1711514112933062,0.0,0.125,0.014462522612988334,6.9398100373541105e-06,0.1711514112933062,6.9398100373541105e-06,0.1711514112933062
106800.0,0.012010000000000002,5.616129783447832e-11,0.0,0.125,9.970882110639232e-12,5.5138116294983774e-12,5.616129783447832e-11,5.5138116294983774e-12,5.616129783447832e-11,0.17103978837976577,0.0,0.125,0.014451691058095831,6.928972066916339e-06,0.17103978837976577,6.928972066916339e-06,0.17103978837976577
106860.0,0.012010000000000002,5.616129783447832e-11,0.0,0.125,9.970882110639232e-12,5.5138116294983774e-12,5.616129783447832e-11,5.5138116294983774e-12,5.616129783447832e-11,0.1709283333275119,0.0,0.125,0.014440877567471179,6.918159050461892e-06,0.1709283333275119,6.918159050461892e-06,0.1709283333275119
106920.0,0.012010000000000002,5.616129783447832e-11,0.0,0.125,9.972019002672583e-12,5.5138116294983774e-12,5.616129783447832e-11,5.5138116294983774e-12,5.616129783447832e-11,0.17081704576081325,0.0,0.125,0.014430082098901583,6.907370914188693e-06,0.17081704576081325,6.907370914188693e-06,0.17081704576081325
106980.0,0.012010000000000002,5.616129783447832e-11,0.0,0.125,9.978192040367638e-12,5.5138116294983774e-12,5.616129783447832e-11,5.5138116294983774e-12,5.616129783447832e-11,0.17070592530502993,0.0,0.125,0.014419304610158787,6.896607584294667e-06,0.17070592530502993,6.896607584294667e-06,0.17070592530502993
107040.0,0.012010000000000002,5.616129783447832e-11,0.0,0.125,9.981493759779341e-12,5.5138116294983774e-12,5.616129783447832e-11,5.5138116294983774e-12,5.616129783447832e-11,0.1705949715866102,0.0,0.125,0.014408545059016472,6.885868987616117e-06,0.1705949715866102,6.885868987616117e-06,0.1705949715866102
107100.0,0.012010000000000002,5.616129783447832e-11,0.0,0.125,9.981493759779341e-12,5.5138116294983774e-12,5.616129783447832e-11,5.5138116294983774e-12,5.616129783447832e-11,0.17048418423308634,0.0,0.125,0.014397803403265422,6.875155051294657e-06,0.17048418423308634,6.875155051294657e-06,0.17048418423308634
107160.0,0.012010000000000002,5.616129783447832e-11,0.0,0.125,9.981658498747946e-12,5.5138116294983774e-12,5.616129783447832e-11,5.5138116294983774e-12,5.616129783447832e-11,0.17037356287307215,0.0,0.125,0.014387079600726946,6.864465702499656e-06,0.17037356287307215,6.864465702499656e-06,0.17037356287307215
107220.0,0.012010000000000002,5.616129783447832e-11,0.0,0.125,9.98233565481982e-12,5.5138116294983774e-12,5.616129783447832e-11,5.5138116294983774e-12,5.616129783447832e-11,0.17026310713625828,0.0,0.125,0.014376373609264399,6.853800868761306e-06,0.17026310713625828,6.853800868761306e-06,0.17026310713625828
107280.0,0.012010000000000002,5.616129783447832e-11,0.0,0.125,9.982389528000082e-12,5.5138116294983774e-12,5.616129783447832e-11,5.5138116294983774e-12,5.616129783447832e-11,0.17015281665340895,0.0,0.125,0.014365685386793534,6.843160477720822e-06,0.17015281665340895,6.843160477720822e-06,0.17015281665340895
107340.0,0.012010000000000002,5.616129783447832e-11,0.0,0.125,9.982788616803878e-12,5.5138116294983774e-12,5.616129783447832e-11,5.5138116294983774e-12,5.616129783447832e-11,0.17004269105635855,0.0,0.125,0.014355014891291262,6.832544457213707e-06,0.17004269105635855,6.832544457213707e-06,0.17004269105635855
107400.0,0.012010000000000002,5.616129783447832e-11,0.0,0.125,9.985602203158324e-12,5.5138116294983774e-12,5.616129783447832e-11,5.5138116294983774e-12,5.616129783447832e-11,0.1699327299780074,0.0,0.125,0.01434436208080351,6.821952736435488e-06,0.1699327299780074,6.821952736435488e-06,0.1699327299780074
107460.0,0.012010000000000002,5.616129783447832e-11,0.0,0.125,9.986057777152297e-12,5.5138116294983774e-12,5.616129783447832e-11,5.5138116294983774e-12,5.616129783447832e-11,0.1698229330523187,0.0,0.125,0.014333726913451986,6.811385243110646e-06,0.1698229330523187,6.811385243110646e-06,0.1698229330523187
107520.0,0.012010000000000002,5.616129783447832e-11,0.0,0.125,9.986414732450855e-12,5.5138116294983774e-12,5.616129783447832e-11,5.5138116294983774e-12,5.616129783447832e-11,0.16971329991431475,0.0,0.125,0.014323109347440115,6.800841906323685e-06,0.16971329991431475,6.800841906323685e-06,0.16971329991431475
107580.0,0.012010000000000002,5.616129783447832e-11,0.0,0.125,9.986771745027582e-12,5.5138116294983774e-12,5.616129783447832e-11,5.5138116294983774e-12,5.616129783447832e-11,0.1696038302000734,0.0,0.125,0.014312509341058198,6.790322655075842e-06,0.1696038302000734,6.790322655075842e-06,0.1696038302000734
107640.0,0.012010000000000002,5.616129783447832e-11,0.0,0.125,9.987846126902366e-12,5.5138116294983774e-12,5.616129783447832e-11,5.5138116294983774e-12,5.616129783447832e-11,0.1694945235467239,0.0,0.125,0.014301926852687873,6.7798274185348895e-06,0.1694945235467239,6.7798274185348895e-06,0.1694945235467239
107700.0,0.012010000000000002,5.616129783447832e-11,0.0,0.125,9.99754926227789e-12,5.5138116294983774e-12,5.616129783447832e-11,5.5138116294983774e-12,5.616129783447832e-11,0.1693853795924444,0.0,0.125,0.014291361840806004,6.769356126368198e-06,0.1693853795924444,6.769356126368198e-06,0.1693853795924444
107760.0,0.012010000000000002,5.616129783447832e-11,0.0,0.125,1.0004047433153596e-11,5.5706550483591855e-12,5.616129783447832e-11,5.5706550483591855e-12,5.616129783447832e-11,0.1692763979764571,0.0,0.125,0.014280814263988098,6.7589087081876276e-06,0.1692763979764571,6.7589087081876276e-06,0.1692763979764571
107820.0,0.012010000000000002,5.616129783447832e-11,0.0,0.125,1.0004047433153596e-11,5.5706550483591855e-12,5.616129783447832e-11,5.5706550483591855e-12,5.616129783447832e-11,0.1691675783390256,0.0,0.125,0.01427028408091115,6.7484850942156616e-06,0.1691675783390256,6.7484850942156616e-06,0.1691675783390256
107880.0,0.012010000000000002,5.616129783447832e-11,0.0,0.125,1.0004047433153596e-11,5.5706550483591855e-12,5.616129783447832e-11,5.5706550483591855e-12,5.616129783447832e-11,0.16905892032145028,0.0,0.125,0.014259771250356237,6.738085214508249e-06,0.16905892032145028,6.738085214508249e-06,0.16905892032145028
107940.0,0.012010000000000002,5.616129783447832e-11,0.0,0.125,1.0004047433153596e-11,5.5706550483591855e-12,5.616129783447832e-11,5.5706550483591855e-12,5.616129783447832e-11,0.168950423566066,0.0,0.125,0.014249275731210622,6.727708999898496e-06,0.168950423566066,6.727708999898496e-06,0.168950423566066
108000.0,0.012010000000000002,5.616129783447832e-11,0.0,0.125,1.0004047433153596e-11,5.5706550483591855e-12,5.616129783447832e-11,5.5706550483591855e-12,5.616129783447832e-11,0.16884208771623763,0.0,0.125,0.014238797482469622,6.717356380553374e-06,0.16884208771623763,6.717356380553374e-06,0.16884208771623763
108060.0,0.012010000000000002,5.616129783447832e-11,0.0,0.125,1.0004047433153596e-11,5.5706550483591855e-12,5.616129783447832e-11,5.5706550483591855e-12,5.616129783447832e-11,0.16873391241635655,0.0,0.125,0.014228336463238194,6.707027288138656e-06,0.16873391241635655,6.707027288138656e-06,0.16873391241635655
108120.0,0.012010000000000002,5.616129783447832e-11,0.0,0.125,1.0004047433153596e-11,5.5706550483591855e-12,5.616129783447832e-11,5.5706550483591855e-12,5.616129783447832e-11,0.1686258973118372,0.0,0.125,0.014217892632732232,6.6967216540703145e-06,0.1686258973118372,6.6967216540703145e-06,0.1686258973118372
108180.0,0.012010000000000002,5.616129783447832e-11,0.0,0.125,1.0004047433153596e-11,5.5706550483591855e-12,5.616129783447832e-11,5.5706550483591855e-12,5.616129783447832e-11,0.16851804204911386,0.0,0.125,0.014207465950279762,6.686439409181455e-06,0.16851804204911386,6.686439409181455e-06,0.16851804204911386
108240.0,0.012010000000000002,5.616129783447832e-11,0.0,0.125,1.0004047433153596e-11,5.5706550483591855e-12,5.616129783447832e-11,5.5706550483591855e-12,5.616129783447832e-11,0.16841034627563664,0.0,0.125,0.014197056375321829,6.6761804851933615e-06,0.16841034627563664,6.6761804851933615e-06,0.16841034627563664
108300.0,0.012010000000000002,5.616129783447832e-11,0.0,0.125,1.0004047433153596e-11,5.5706550483591855e-12,5.616129783447832e-11,5.5706550483591855e-12,5.616129783447832e-11,0.1683028096398681,0.0,0.125,0.0141866638674133,6.6659448145212075e-06,0.1683028096398681,6.6659448145212075e-06,0.1683028096398681
108360.0,0.012010000000000002,5.616129783447832e-11,0.0,0.125,1.0004047433153596e-11,5.5706550483591855e-12,5.616129783447832e-11,5.5706550483591855e-12,5.616129783447832e-11,0.16819543179127966,0.0,0.125,0.014176288386223458,6.655732329247099e-06,0.16819543179127966,6.655732329247099e-06,0.16819543179127966
108420.0,0.012010000000000002,5.616129783447832e-11,0.0,0.125,1.0004047433153596e-11,5.5706550483591855e-12,5.616129783447832e-11,5.5706550483591855e-12,5.616129783447832e-11,0.16808821238034827,0.0,0.125,0.01416592989153652,6.645542961231099e-06,0.16808821238034827,6.645542961231099e-06,0.16808821238034827
108480.0,0.012010000000000002,5.616129783447832e-11,0.0,0.125,1.0004047433153596e-11,5.5706550483591855e-12,5.616129783447832e-11,5.5706550483591855e-12,5.616129783447832e-11,0.16798115105855255,0.0,0.125,0.0141555883432521,6.635376643859825e-06,0.16798115105855255,6.635376643859825e-06,0.16798115105855255
108540.0,0.012010000000000002,5.616129783447832e-11,0.0,0.125,1.0004047433153596e-11,5.5706550483591855e-12,5.616129783447832e-11,5.5706550483591855e-12,5.616129783447832e-11,0.1678742474783695,0.0,0.125,0.014145263701385394,6.625233310214584e-06,0.1678742474783695,6.625233310214584e-06,0.1678742474783695
108600.0,0.012010000000000002,5.616129783447832e-11,0.0,0.125,1.0004047433153596e-11,5.5706550483591855e-12,5.616129783447832e-11,5.5706550483591855e-12,5.616129783447832e-11,0.16776750129327145,0.0,0.125,0.014134955926067455,6.615112892627284e-06,0.16776750129327145,6.615112892627284e-06,0.16776750129327145
108660.0,0.012010000000000002,5.616129783447832e-11,0.0,0.125,1.0004047433153596e-11,5.5706550483591855e-12,5.616129783447832e-11,5.5706550483591855e-12,5.616129783447832e-11,0.16766091215772158,0.0,0.125,0.01412466497754532,6.605015325428232e-06,0.16766091215772158,6.605015325428232e-06,0.16766091215772158
108720.0,0.012010000000000002,5.616129783447832e-11,0.0,0.125,1.0004047433153596e-11,5.5706550483591855e-12,5.616129783447832e-11,5.5706550483591855e-12,5.616129783447832e-11,0.16755447972717152,0.0,0.125,0.014114390816182112,6.594940541448935e-06,0.16755447972717152,6.594940541448935e-06,0.16755447972717152
108780.0,0.012010000000000002,5.616129783447832e-11,0.0,0.125,1.0004047433153596e-11,5.5706550483591855e-12,5.616129783447832e-11,5.5706550483591855e-12,5.616129783447832e-11,0.167448203658057,0.0,0.125,0.01410413340245697,6.584888474908679e-06,0.167448203658057,6.584888474908679e-06,0.167448203658057
108840.0,0.012010000000000002,5.616129783447832e-11,0.0,0.125,1.0004047433153596e-11,5.5706550483591855e-12,5.616129783447832e-11,5.5706550483591855e-12,5.616129783447832e-11,0.16734208360779484,0.0,0.125,0.01409389269696508,6.574859059554905e-06,0.16734208360779484,6.574859059554905e-06,0.16734208360779484
108900.0,0.012010000000000002,5.616129783447832e-11,0.0,0.125,1.0004047433153596e-11,5.5706550483591855e-12,5.616129783447832e-11,5.5706550483591855e-12,5.616129783447832e-11,0.16723611923478,0.0,0.125,0.014083668660417529,6.564852230328544e-06,0.16723611923478,6.564852230328544e-06,0.16723611923478
108960.0,0.012010000000000002,5.616129783447832e-11,0.0,0.125,1.0004047433153596e-11,5.5706550483591855e-12,5.616129783447832e-11,5.5706550483591855e-12,5.616129783447832e-11,0.16713031019838098,0.0,0.125,0.01407346125364124,6.554867921088059e-06,0.16713031019838098,6.554867921088059e-06,0.16713031019838098
109020.0,0.012010000000000002,5.616129783447832e-11,0.0,0.125,1.0004047433153596e-11,5.5706550483591855e-12,5.616129783447832e-11,5.5706550483591855e-12,5.616129783447832e-11,0.16702465615893755,0.0,0.125,0.014063270437578794,6.5449060670519366e-06,0.16702465615893755,6.5449060670519366e-06,0.16702465615893755
109080.0,0.012010000000000002,5.616129783447832e-11,0.0,0.125,1.0004047433153596e-11,5.5706550483591855e-12,5.616129783447832e-11,5.5706550483591855e-12,5.616129783447832e-11,0.16691915677775615,0.0,0.125,0.014053096173288183,6.5349666034941745e-06,0.16691915677775615,6.5349666034941745e-06,0.16691915677775615
109140.0,0.012010000000000002,5.610445441561751e-11,0.0,0.125,9.962428969490663e-12,5.5138116294983774e-12,5.610445441561751e-11,5.5138116294983774e-12,5.610445441561751e-11,0.1668138117171082,0.0,0.125,0.014042938421942708,6.5250494648283475e-06,0.1668138117171082,6.5250494648283475e-06,0.1668138117171082
109200.0,0.012010000000000002,5.610445441561751e-11,0.0,0.125,9.963440438504848e-12,5.5138116294983774e-12,5.610445441561751e-11,5.5138116294983774e-12,5.610445441561751e-11,0.16670862064022543,0.0,0.125,0.014032797144830612,6.5151545871611205e-06,0.16670862064022543,6.5151545871611205e-06,0.16670862064022543
109260.0,0.012010000000000002,5.610445441561751e-11,0.0,0.125,9.963855973068754e-12,5.5138116294983774e-12,5.610445441561751e-11,5.5138116294983774e-12,5.610445441561751e-11,0.16660358321129684,0.0,0.125,0.014022672303354931,6.50528190521138e-06,0.16660358321129684,6.50528190521138e-06,0.16660358321129684
109320.0,0.012010000000000002,5.610445441561751e-11,0.0,0.125,9.96468459172308e-12,5.5138116294983774e-12,5.610445441561751e-11,5.5138116294983774e-12,5.610445441561751e-11,0.16649869909546477,0.0,0.125,0.01401256385903315,6.49543135627928e-06,0.16649869909546477,6.49543135627928e-06,0.16649869909546477
109380.0,0.012010000000000002,5.610445441561751e-11,0.0,0.125,9.96468459172308e-12,5.5138116294983774e-12,5.610445441561751e-11,5.5138116294983774e-12,5.610445441561751e-11,0.1663939679588232,0.0,0.125,0.014002471773496932,6.485602875444529e-06,0.1663939679588232,6.485602875444529e-06,0.1663939679588232
109440.0,0.012010000000000002,5.610445441561751e-11,0.0,0.125,9.96468459172308e-12,5.5138116294983774e-12,5.610445441561751e-11,5.5138116294983774e-12,5.610445441561751e-11,0.16628938946841257,0.0,0.125,0.013992396008491816,6.475796399646461e-06,0.16628938946841257,6.475796399646461e-06,0.16628938946841257
109500.0,0.012010000000000002,5.610445441561751e-11,0.0,0.125,9.96468459172308e-12,5.5138116294983774e-12,5.610445441561751e-11,5.5138116294983774e-12,5.610445441561751e-11,0.16618496329221782,0.0,0.125,0.0139823365258769,6.4660118646031606e-06,0.16618496329221782,6.4660118646031606e-06,0.16618496329221782
109560.0,0.012010000000000002,5.610445441561751e-11,0.0,0.125,9.96468459172308e-12,5.5138116294983774e-12,5.610445441561751e-11,5.5138116294983774e-12,5.610445441561751e-11,0.16608068909916376,0.0,0.125,0.0139722932876245,6.4562492082809175e-06,0.16608068909916376,6.4562492082809175e-06,0.16608068909916376
109620.0,0.012010000000000002,5.610445441561751e-11,0.0,0.125,9.96468459172308e-12,5.5138116294983774e-12,5.610445441561751e-11,5.5138116294983774e-12,5.610445441561751e-11,0.16597656655911414,0.0,0.125,0.013962266255819845,6.446508366342307e-06,0.16597656655911414,6.456411136002149e-06,0.16597656655911414
109680.0,0.012010000000000002,5.610445441561751e-11,0.0,0.125,9.965726019270147e-12,5.5138116294983774e-12,5.610445441561751e-11,5.5138116294983774e-12,5.610445441561751e-11,0.1658725953428648,0.0,0.125,0.013952255392660689,6.436789277031174e-06,0.1658725953428648,6.460527625873347e-06,0.1658725953428648
109740.0,0.012010000000000002,5.610445441561751e-11,0.0,0.125,9.96658059051061e-12,5.5138116294983774e-12,5.610445441561751e-11,5.5138116294983774e-12,5.610445441561751e-11,0.1657687751221445,0.0,0.125,0.013942260660457012,6.4270918773978725e-06,0.1657687751221445,6.464628857699717e-06,0.1657687751221445
109800.0,0.012010000000000002,5.610445441561751e-11,0.0,0.125,9.966610614344692e-12,5.5138116294983774e-12,5.610445441561751e-11,5.5138116294983774e-12,5.610445441561751e-11,0.16566510556960753,0.0,0.125,0.013932282021630648,6.417416105408691e-06,0.16566510556960753,6.468714876389781e-06,0.16566510556960753
109860.0,0.012010000000000002,5.610445441561751e-11,0.0,0.125,9.966648617568048e-12,5.5138116294983774e-12,5.610445441561751e-11,5.5138116294983774e-12,5.610445441561751e-11,0.1655615863588345,0.0,0.125,0.013922319438714886,6.407761898280517e-06,0.1655615863588345,6.472785728295349e-06,0.1655615863588345
109920.0,0.012010000000000002,5.610445441561751e-11,0.0,0.125,9.966648617568048e-12,5.5138116294983774e-12,5.610445441561751e-11,5.5138116294983774e-12,5.610445441561751e-11,0.16545821716432663,0.0,0.125,0.013912372874354194,6.398129194395974e-06,0.16545821716432663,6.476841459157612e-06,0.16545821716432663
109980.0,0.012010000000000002,5.610445441561751e-11,0.0,0.125,9.966951868005042e-12,5.5138116294983774e-12,5.610445441561751e-11,5.5138116294983774e-12,5.610445441561751e-11,0.1653549976615018,0.0,0.125,0.013902442291303779,6.3885179324152386e-06,0.1653549976615018,6.480882113302222e-06,0.1653549976615018
110040.0,0.012010000000000002,5.610445441561751e-11,0.0,0.125,9.96698989649333e-12,5.5138116294983774e-12,5.610445441561751e-11,5.5138116294983774e-12,5.610445441561751e-11,0.1652519275266945,0.0,0.125,0.013892527652429251,6.3789280503046e-06,0.1652519275266945,6.4849077363038354e-06,0.1652519275266945
110100.0,0.012010000000000002,5.610445441561751e-11,0.0,0.125,9.967293309421113e-12,5.5138116294983774e-12,5.610445441561751e-11,5.5138116294983774e-12,5.610445441561751e-11,0.16514900643714941,0.0,0.125,0.013882628920706231,6.369359487334858e-06,0.16514900643714941,6.488918373237507e-06,0.16514900643714941
110160.0,0.012010000000000002,5.610445441561751e-11,0.0,0.125,9.96733135573818e-12,5.5138116294983774e-12,5.610445441561751e-11,5.5138116294983774e-12,5.610445441561751e-11,0.1650462340710207,0.0,0.125,0.01387274605922002,6.359812181666591e-06,0.1650462340710207,6.492914068761957e-06,0.1650462340710207
110220.0,0.012010000000000002,5.610445441561751e-11,0.0,0.125,9.967720613697495e-12,5.5138116294983774e-12,5.610445441561751e-11,5.5138116294983774e-12,5.610445441561751e-11,0.16494361010736702,0.0,0.125,0.013862879031165185,6.350286073347755e-06,0.16494361010736702,6.4968948677857075e-06,0.16494361010736702
110280.0,0.012010000000000002,5.610445441561751e-11,0.0,0.125,9.968157642863986e-12,5.5138116294983774e-12,5.610445441561751e-11,5.5138116294983774e-12,5.610445441561751e-11,0.1648411342261495,0.0,0.125,0.013853027799845213,6.34078110134384e-06,0.1648411342261495,6.500860814412368e-06,0.1648411342261495
110340.0,0.012010000000000002,5.610445441561751e-11,0.0,0.125,9.968621166548704e-12,5.5138116294983774e-12,5.610445441561751e-11,5.5138116294983774e-12,5.610445441561751e-11,0.16473880610822833,0.0,0.125,0.013843192328672121,6.331297204481556e-06,0.16473880610822833,6.504811953383927e-06,0.16473880610822833
110400.0,0.012010000000000002,5.610445441561751e-11,0.0,0.125,9.969887862168572e-12,5.5138116294983774e-12,5.610445441561751e-11,5.5138116294983774e-12,5.610445441561751e-11,0.1646366254353592,0.0,0.125,0.013833372581166093,6.321834323808062e-06,0.1646366254353592,6.5087483289427706e-06,0.1646366254353592
110460.0,0.012010000000000002,5.610445441561751e-11,0.0,0.125,9.978832832551217e-12,5.5138116294983774e-12,5.610445441561751e-11,5.5706550483591855e-12,5.610445441561751e-11,0.1645345918901911,0.0,0.125,0.013823568520955105,6.312392398427624e-06,0.1645345918901911,6.512669985109243e-06,0.1645345918901911
110520.0,0.012010000000000002,5.610445441561751e-11,0.0,0.125,9.98589594072666e-12,5.6274984672199935e-12,5.610445441561751e-11,5.6274984672199935e-12,5.610445441561751e-11,0.16443270515626243,0.0,0.125,0.013813780111774546,6.302971368665755e-06,0.16443270515626243,6.516576966153487e-06,0.16443270515626243
110580.0,0.012010000000000002,5.610445441561751e-11,0.0,0.125,9.98589594072666e-12,5.6274984672199935e-12,5.610445441561751e-11,5.6274984672199935e-12,5.610445441561751e-11,0.16433096491799792,0.0,0.125,0.013804007317466819,6.293571174736945e-06,0.16433096491799792,6.520469315568489e-06,0.16433096491799792
110640.0,0.012010000000000002,5.610445441561751e-11,0.0,0.125,9.98589594072666e-12,5.6274984672199935e-12,5.610445441561751e-11,5.6274984672199935e-12,5.610445441561751e-11,0.16422937086070594,0.0,0.125,0.013794250101981017,6.284191757743862e-06,0.16422937086070594,6.5243470769860146e-06,0.16422937086070594
110700.0,0.012010000000000002,5.610445441561751e-11,0.0,0.125,9.98589594072666e-12,5.6274984672199935e-12,5.610445441561751e-11,5.6274984672199935e-12,5.610445441561751e-11,0.16412792267057558,0.0,0.125,0.013784508429372525,6.274833058789175e-06,0.16412792267057558,6.528210294121095e-06,0.16412792267057558
110760.0,0.012010000000000002,5.610445441561751e-11,0.0,0.125,1.0013681923392166e-11,5.6274984672199935e-12,5.610445441561751e-11,5.6274984672199935e-12,5.610445441561751e-11,0.16402662003467328,0.0,0.125,0.013774782263802635,6.265495017920841e-06,0.16402662003467328,6.532059009745073e-06,0.16402662003467328
110820.0,0.012010000000000002,5.610445441561751e-11,0.0,0.125,1.0014475311144798e-11,5.6274984672199935e-12,5.610445441561751e-11,5.6274984672199935e-12,5.610445441561751e-11,0.16392546264094024,0.0,0.125,0.013765071569538195,6.256177576907662e-06,0.16392546264094024,6.535893268350135e-06,0.16392546264094024
110880.0,0.012010000000000002,5.610445441561751e-11,0.0,0.125,1.0014475311144798e-11,5.6274984672199935e-12,5.610445441561751e-11,5.6274984672199935e-12,5.610445441561751e-11,0.16382445017818842,0.0,0.125,0.013755376310951223,6.246880676297195e-06,0.16382445017818842,6.539713112485579e-06,0.16382445017818842
110940.0,0.012010000000000002,5.610445441561751e-11,0.0,0.125,1.0014475311144798e-11,5.6274984672199935e-12,5.610445441561751e-11,5.6274984672199935e-12,5.610445441561751e-11,0.16372358233609846,0.0,0.125,0.013745696452518566,6.237604258857443e-06,0.16372358233609846,6.54351858503377e-06,0.16372358233609846
111000.0,0.012010000000000002,5.610445441561751e-11,0.0,0.125,1.0014475311144798e-11,5.6274984672199935e-12,5.610445441561751e-11,5.6274984672199935e-12,5.610445441561751e-11,0.16362285880521607,0.0,0.125,0.013736031958821475,6.228348265996386e-06,0.16362285880521607,6.547309728544004e-06,0.16362285880521607
111060.0,0.012010000000000002,5.610445441561751e-11,0.0,0.125,1.0014475311144798e-11,5.6274984672199935e-12,5.610445441561751e-11,5.6274984672199935e-12,5.610445441561751e-11,0.16352227927694998,0.0,0.125,0.01372638279454533,6.219112639593849e-06,0.16352227927694998,6.55108658606518e-06,0.16352227927694998
111120.0,0.012010000000000002,5.610445441561751e-11,0.0,0.125,1.0014475311144798e-11,5.6274984672199935e-12,5.610445441561751e-11,5.6274984672199935e-12,5.610445441561751e-11,0.16342184344356836,0.0,0.125,0.013716748924479142,6.209897321390878e-06,0.16342184344356836,6.554849200507418e-06,0.16342184344356836
111180.0,0.012010000000000002,5.610445441561751e-11,0.0,0.125,1.0014475311144798e-11,5.6274984672199935e-12,5.610445441561751e-11,5.6274984672199935e-12,5.610445441561751e-11,0.16332155099819534,0.0,0.125,0.013707130313515314,6.20070225432201e-06,0.16332155099819534,6.558597613587347e-06,0.16332155099819534
111240.0,0.012010000000000002,5.610445441561751e-11,0.0,0.125,1.0014475311144798e-11,5.6274984672199935e-12,5.610445441561751e-11,5.6274984672199935e-12,5.610445441561751e-11,0.1632214016348089,0.0,0.125,0.013697526926649191,6.191527381321782e-06,0.1632214016348089,6.562331868048554e-06,0.1632214016348089
111300.0,0.012010000000000002,5.610445441561751e-11,0.0,0.125,1.0014475311144798e-11,5.6274984672199935e-12,5.610445441561751e-11,5.6274984672199935e-12,5.610445441561751e-11,0.1631213950482378,0.0,0.125,0.01368793872897877,6.182372644297773e-06,0.1631213950482378,6.566052005968492e-06,0.1631213950482378
111360.0,0.012010000000000002,5.610445441561751e-11,0.0,0.125,1.0014475311144798e-11,5.6274984672199935e-12,5.610445441561751e-11,5.6274984672199935e-12,5.610445441561751e-11,0.1630215309341584,0.0,0.125,0.01367836568570426,6.173237987239233e-06,0.1630215309341584,6.569758069452369e-06,0.1630215309341584
111420.0,0.012010000000000002,5.610445441561751e-11,0.0,0.125,1.0014475311144798e-11,5.6274984672199935e-12,5.610445441561751e-11,5.6274984672199935e-12,5.610445441561751e-11,0.16292180898909198,0.0,0.125,0.013668807762127793,6.164123352081496e-06,0.16292180898909198,6.573450100633149e-06,0.16292180898909198
111480.0,0.012010000000000002,5.610445441561751e-11,0.0,0.125,1.0014475311144798e-11,5.6274984672199935e-12,5.610445441561751e-11,5.6274984672199935e-12,5.610445441561751e-11,0.162822228910401,0.0,0.125,0.013659264923652995,6.155028683341168e-06,0.162822228910401,6.577128140367039e-06,0.162822228910401
111540.0,0.012010000000000002,5.610445441561751e-11,0.0,0.125,1.0014475311144798e-11,5.6274984672199935e-12,5.610445441561751e-11,5.6274984672199935e-12,5.610445441561751e-11,0.16272279039628812,0.0,0.125,0.013649737135784695,6.145953923702985e-06,0.16272279039628812,6.5807922309257805e-06,0.16272279039628812
111600.0,0.012010000000000002,5.610445441561751e-11,0.0,0.125,1.0014882401218067e-11,5.6274984672199935e-12,5.610445441561751e-11,5.6274984672199935e-12,5.610445441561751e-11,0.16262349314579147,0.0,0.125,0.01364022436412852,6.136899017489261e-06,0.16262349314579147,6.584442414137026e-06,0.16262349314579147
111660.0,0.012010000000000002,5.610445441561751e-11,0.0,0.125,1.0014882401218067e-11,5.6274984672199935e-12,5.610445441561751e-11,5.6274984672199935e-12,5.610445441561751e-11,0.16252433685878237,0.0,0.125,0.01363072657439057,6.127863908939046e-06,0.16252433685878237,6.588078730468405e-06,0.16252433685878237
111720.0,0.012010000000000002,5.610445441561751e-11,0.0,0.125,1.0014882401218067e-11,5.6274984672199935e-12,5.610445441561751e-11,5.6274984672199935e-12,5.610445441561751e-11,0.16242532123596323,0.0,0.125,0.013621243732377067,6.118848541264432e-06,0.16242532123596323,6.591701221941859e-06,0.16242532123596323
111780.0,0.012010000000000002,5.60476109967567e-11,0.00015457453345068704,0.125,9.979543048650455e-12,5.5138116294983774e-12,5.60476109967567e-11,5.5138116294983774e-12,5.60476109967567e-11,0.16232644597886342,0.0,0.125,0.013611775803993961,6.109852859509379e-06,0.16232644597886342,6.595309929580129e-06,0.16232644597886342
111840.0,0.012010000000000002,5.616129783447832e-11,0.0,0.125,9.995781864087126e-12,5.5138116294983774e-12,5.616129783447832e-11,5.5138116294983774e-12,5.616129783447832e-11,0.16222771078983753,0.0,0.125,0.013602322755246617,6.100876807968447e-06,0.16222771078983753,6.5989048933789984e-06,0.16222771078983753
111900.0,0.012010000000000002,5.616129783447832e-11,0.0,0.125,9.995875320131647e-12,5.5138116294983774e-12,5.616129783447832e-11,5.5138116294983774e-12,5.616129783447832e-11,0.16212911537206223,0.0,0.125,0.013592884552239462,6.0919203314080406e-06,0.16212911537206223,6.602486155166121e-06,0.16212911537206223
111960.0,0.012010000000000002,5.616129783447832e-11,0.0,0.125,9.995875320131647e-12,5.5138116294983774e-12,5.616129783447832e-11,5.5138116294983774e-12,5.616129783447832e-11,0.1620306594295332,0.0,0.125,0.013583461161175625,6.082983374317008e-06,0.1620306594295332,6.606053755353614e-06,0.1620306594295332
112020.0,0.012010000000000002,5.616129783447832e-11,0.0,0.125,9.995875320131647e-12,5.5138116294983774e-12,5.616129783447832e-11,5.5138116294983774e-12,5.616129783447832e-11,0.16193234266706247,0.0,0.125,0.0135740525483566,6.074065882377688e-06,0.16193234266706247,6.60960773457564e-06,0.16193234266706247
112080.0,0.012010000000000002,5.616129783447832e-11,0.0,0.125,9.995875320131647e-12,5.5138116294983774e-12,5.616129783447832e-11,5.5138116294983774e-12,5.616129783447832e-11,0.16183416479027554,0.0,0.125,0.013564658680181897,6.065167800495264e-06,0.16183416479027554,6.61314813310554e-06,0.16183416479027554
112140.0,0.012010000000000002,5.616129783447832e-11,0.0,0.125,9.995875320131647e-12,5.5138116294983774e-12,5.616129783447832e-11,5.5138116294983774e-12,5.616129783447832e-11,0.16173612550560923,0.0,0.125,0.013555279523148675,6.056289074046761e-06,0.16173612550560923,6.61667499129992e-06,0.16173612550560923
112200.0,0.012010000000000002,5.616129783447832e-11,0.0,0.125,9.995875320131647e-12,5.5138116294983774e-12,5.616129783447832e-11,5.5138116294983774e-12,5.616129783447832e-11,0.16163822452030846,0.0,0.125,0.01354591504385146,6.047429649130853e-06,0.16163822452030846,6.620188349515388e-06,0.16163822452030846
112260.0,0.012010000000000002,5.616129783447832e-11,0.0,0.125,9.995875320131647e-12,5.5138116294983774e-12,5.616129783447832e-11,5.5138116294983774e-12,5.616129783447832e-11,0.16154046154242319,0.0,0.125,0.01353656520898176,6.038589471207834e-06,0.16154046154242319,6.623688247636705e-06,0.16154046154242319
112320.0,0.012010000000000002,5.616129783447832e-11,0.0,0.125,9.995875320131647e-12,5.5138116294983774e-12,5.616129783447832e-11,5.5138116294983774e-12,5.616129783447832e-11,0.16144283628080597,0.0,0.125,0.013527229985327694,6.029768486431886e-06,0.16144283628080597,6.627174725021279e-06,0.16144283628080597
112380.0,0.012010000000000002,5.616129783447832e-11,0.0,0.125,9.995928233574317e-12,5.5138116294983774e-12,5.616129783447832e-11,5.5138116294983774e-12,5.616129783447832e-11,0.16134534844511,0.0,0.125,0.013517909339773707,6.020966640929437e-06,0.16134534844511,6.630647822192248e-06,0.16134534844511
112440.0,0.012010000000000002,5.616129783447832e-11,0.0,0.125,9.995928233574317e-12,5.5138116294983774e-12,5.616129783447832e-11,5.5138116294983774e-12,5.616129783447832e-11,0.16124799774578516,0.0,0.125,0.013508603239300244,6.012183881159983e-06,0.16124799774578516,6.634107578867843e-06,0.16124799774578516
112500.0,0.012010000000000002,5.616129783447832e-11,0.0,0.125,9.996925838706576e-12,5.5138116294983774e-12,5.616129783447832e-11,5.5138116294983774e-12,5.616129783447832e-11,0.16115078389407608,0.0,0.125,0.013499311650983357,6.003420152972394e-06,0.16115078389407608,6.637554034544246e-06,0.16115078389407608
112560.0,0.012010000000000002,5.616129783447832e-11,0.0,0.125,9.998150458065427e-12,5.5138116294983774e-12,5.616129783447832e-11,5.5138116294983774e-12,5.616129783447832e-11,0.16105370660201873,0.0,0.125,0.013490034541994402,5.994675404019656e-06,0.16105370660201873,6.640987228245798e-06,0.16105370660201873
112620.0,0.012010000000000002,5.616129783447832e-11,0.0,0.125,9.998225434304913e-12,5.5138116294983774e-12,5.616129783447832e-11,5.5138116294983774e-12,5.616129783447832e-11,0.1609567655824389,0.0,0.125,0.013480771879599701,5.985949580511463e-06,0.1609567655824389,6.644407199468683e-06,0.1609567655824389
112680.0,0.012010000000000002,5.616129783447832e-11,0.0,0.125,9.998255363112463e-12,5.5138116294983774e-12,5.616129783447832e-11,5.5138116294983774e-12,5.616129783447832e-11,0.16085996054894858,0.0,0.125,0.013471523631160245,5.977242630211821e-06,0.16085996054894858,6.6478139875147946e-06,0.16085996054894858
112740.0,0.012010000000000002,5.616129783447832e-11,0.0,0.125,9.998255363112463e-12,5.5138116294983774e-12,5.616129783447832e-11,5.5138116294983774e-12,5.616129783447832e-11,0.16076329121594335,0.0,0.125,0.013462289764131295,5.968554499968803e-06,0.16076329121594335,6.651207630853362e-06,0.16076329121594335
112800.0,0.012010000000000002,5.616129783447832e-11,0.0,0.125,9.998427141976013e-12,5.5138116294983774e-12,5.616129783447832e-11,5.5138116294983774e-12,5.616129783447832e-11,0.16066675729860083,0.0,0.125,0.013453070246062123,5.959885137324372e-06,0.16066675729860083,6.654588168814035e-06,0.16066675729860083
112860.0,0.012010000000000002,5.616129783447832e-11,0.0,0.125,9.99881623584758e-12,5.5138116294983774e-12,5.616129783447832e-11,5.5138116294983774e-12,5.616129783447832e-11,0.1605703585128768,0.0,0.125,0.013443865044595618,5.951234489764978e-06,0.1605703585128768,6.657955640448909e-06,0.1605703585128768
112920.0,0.012010000000000002,5.616129783447832e-11,0.0,0.125,9.998830881814581e-12,5.5138116294983774e-12,5.616129783447832e-11,5.5138116294983774e-12,5.616129783447832e-11,0.1604740945755022,0.0,0.125,0.013434674127468014,5.942602505748518e-06,0.1604740945755022,6.661310083977412e-06,0.1604740945755022
112980.0,0.012010000000000002,5.616129783447832e-11,0.0,0.125,9.998846197057104e-12,5.5138116294983774e-12,5.616129783447832e-11,5.5138116294983774e-12,5.616129783447832e-11,0.1603779652039829,0.0,0.125,0.013425497462508528,5.9339891324283744e-06,0.1603779652039829,6.664651538035304e-06,0.1603779652039829
113040.0,0.012010000000000002,5.616129783447832e-11,0.0,0.125,9.99923549333186e-12,5.5138116294983774e-12,5.616129783447832e-11,5.5138116294983774e-12,5.616129783447832e-11,0.16028197011659467,0.0,0.125,0.013416335017639069,5.925394317957133e-06,0.16028197011659467,6.667980041646926e-06,0.16028197011659467
113100.0,0.012010000000000002,5.616129783447832e-11,0.0,0.125,1.0004825792573332e-11,5.5138116294983774e-12,5.616129783447832e-11,5.5138116294983774e-12,5.616129783447832e-11,0.160186109032381,0.0,0.125,0.013407186760873904,5.916818011320046e-06,0.160186109032381,6.671295632504348e-06,0.160186109032381
113160.0,0.012010000000000002,5.6218141253339127e-11,0.00015457453345068704,0.125,1.0061544179801988e-11,5.5138116294983774e-12,5.6218141253339127e-11,5.5138116294983774e-12,5.6218141253339127e-11,0.16009038167115192,0.0,0.125,0.013398052660319303,5.908260160419898e-06,0.16009038167115192,6.674598348743732e-06,0.16009038167115192
113220.0,0.012010000000000002,5.6218141253339127e-11,0.00015457453345068704,0.125,1.0061961121432582e-11,5.5138116294983774e-12,5.6218141253339127e-11,5.5138116294983774e-12,5.6218141253339127e-11,0.15999478775348006,0.0,0.125,0.013388932684173295,5.899720714352963e-06,0.15999478775348006,6.677888228528994e-06,0.15999478775348006
113280.0,0.012010000000000002,5.6218141253339127e-11,0.00015457453345068704,0.125,1.0062765359145017e-11,5.5138116294983774e-12,5.6218141253339127e-11,5.5138116294983774e-12,5.6218141253339127e-11,0.1598993270006983,0.0,0.125,0.013379826800725258,5.8911996216604035e-06,0.1598993270006983,6.681165309579962e-06,0.1598993270006983
113340.0,0.012010000000000002,5.6218141253339127e-11,0.00015457453345068704,0.125,1.006396796876628e-11,5.5138116294983774e-12,5.6218141253339127e-11,5.5138116294983774e-12,5.6218141253339127e-11,0.15980399913489793,0.0,0.125,0.01337073497835567,5.882696830938894e-06,0.15980399913489793,6.684429629977284e-06,0.15980399913489793
113400.0,0.012010000000000002,5.6218141253339127e-11,0.00015457453345068704,0.125,1.0073846966353787e-11,5.5138116294983774e-12,5.6218141253339127e-11,5.5138116294983774e-12,5.6218141253339127e-11,0.1597088038789255,0.0,0.125,0.013361657185535777,5.874212292311665e-06,0.1597088038789255,6.6876812273575226e-06,0.1597088038789255
113460.0,0.012010000000000002,5.6218141253339127e-11,0.00015457453345068704,0.125,1.0079646314847562e-11,5.5706550483591855e-12,5.6218141253339127e-11,5.5706550483591855e-12,5.6218141253339127e-11,0.1596137409563801,0.0,0.125,0.013352593390827257,5.865745954902746e-06,0.1596137409563801,6.690920139301726e-06,0.1596137409563801
113520.0,0.012010000000000002,5.6218141253339127e-11,0.00015457453345068704,0.125,1.0085866349590813e-11,5.5706550483591855e-12,5.6218141253339127e-11,5.5706550483591855e-12,5.6218141253339127e-11,0.15951881009161184,0.0,0.125,0.013343543562881905,5.857297767697389e-06,0.15951881009161184,6.694146403390944e-06,0.15951881009161184
113580.0,0.012010000000000002,5.6274984672199935e-11,0.00015457453345068704,0.125,1.0096530395545807e-11,5.5706550483591855e-12,5.6274984672199935e-11,5.5706550483591855e-12,5.6274984672199935e-11,0.15942401100971806,0.0,0.125,0.013334507670441404,5.8488676806245365e-06,0.15942401100971806,6.697360056706625e-06,0.15942401100971806
113640.0,0.012010000000000002,5.6274984672199935e-11,0.00015457453345068704,0.125,1.0096530395545807e-11,5.5706550483591855e-12,5.6274984672199935e-11,5.5706550483591855e-12,5.6274984672199935e-11,0.15932934343654176,0.0,0.125,0.013325485682336883,5.840455644057219e-06,0.15932934343654176,6.700561136496752e-06,0.15932934343654176
113700.0,0.012010000000000002,5.6274984672199935e-11,0.00015457453345068704,0.125,1.010454601833765e-11,5.5706550483591855e-12,5.6274984672199935e-11,5.5706550483591855e-12,5.6274984672199935e-11,0.15923480709866894,0.0,0.125,0.013316477567488686,5.83206160759131e-06,0.15923480709866894,6.7037496799537966e-06,0.15923480709866894
113760.0,0.012010000000000002,5.6274984672199935e-11,0.00015457453345068704,0.125,1.0117511801180391e-11,5.5706550483591855e-12,5.6274984672199935e-11,5.5706550483591855e-12,5.6274984672199935e-11,0.1591404017234257,0.0,0.125,0.013307483294906075,5.823685521322286e-06,0.1591404017234257,6.706925724020429e-06,0.1591404017234257
113820.0,0.012010000000000002,5.6274984672199935e-11,0.00015457453345068704,0.125,1.0117767613515836e-11,5.5706550483591855e-12,5.6274984672199935e-11,5.5706550483591855e-12,5.6274984672199935e-11,0.15904612703887644,0.0,0.125,0.013298502833686882,5.815327335512155e-06,0.15904612703887644,6.710089305583811e-06,0.15904612703887644
113880.0,0.012010000000000002,5.6274984672199935e-11,0.00015457453345068704,0.125,1.0121242757316884e-11,5.5706550483591855e-12,5.6274984672199935e-11,5.5706550483591855e-12,5.6274984672199935e-11,0.15895198277382103,0.0,0.125,0.013289536153017218,5.8069870009225255e-06,0.15895198277382103,6.713240461753145e-06,0.15895198277382103
113940.0,0.012010000000000002,5.6274984672199935e-11,0.00015457453345068704,0.125,1.0121242757316884e-11,5.5706550483591855e-12,5.6274984672199935e-11,5.5706550483591855e-12,5.6274984672199935e-11,0.15885796865779203,0.0,0.125,0.013280583222171197,5.798664467787651e-06,0.15885796865779203,6.716379228582925e-06,0.15885796865779203
114000.0,0.012010000000000002,5.6274984672199935e-11,0.00015457453345068704,0.125,1.0122136605127134e-11,5.5706550483591855e-12,5.6274984672199935e-11,5.5706550483591855e-12,5.6274984672199935e-11,0.15876408442105255,0.0,0.125,0.013271644010510543,5.790359687812829e-06,0.15876408442105255,6.719505642682755e-06,0.15876408442105255
114060.0,0.012010000000000002,5.6274984672199935e-11,0.00015457453345068704,0.125,1.0122136605127134e-11,5.5706550483591855e-12,5.6274984672199935e-11,5.5706550483591855e-12,5.6274984672199935e-11,0.15867032979459475,0.0,0.125,0.013262718487484422,5.782072611731914e-06,0.15867032979459475,6.722619740606728e-06,0.15867032979459475
114120.0,0.012010000000000002,5.6274984672199935e-11,0.00015457453345068704,0.125,1.01240127338084e-11,5.5706550483591855e-12,5.6274984672199935e-11,5.5706550483591855e-12,5.6274984672199935e-11,0.1585767045101354,0.0,0.125,0.013253806622629033,5.773803190667337e-06,0.1585767045101354,6.725721558048514e-06,0.1585767045101354
114180.0,0.012010000000000002,5.6274984672199935e-11,0.00015457453345068704,0.125,1.0139984312864029e-11,5.5706550483591855e-12,5.6274984672199935e-11,5.5706550483591855e-12,5.6274984672199935e-11,0.15848320830011603,0.0,0.125,0.013244908385567373,5.765551375519484e-06,0.15848320830011603,6.728811132311607e-06,0.15848320830011603
114240.0,0.012010000000000002,5.633182809106074e-11,0.00015457453345068704,0.125,1.0143631675857812e-11,5.5706550483591855e-12,5.633182809106074e-11,5.5706550483591855e-12,5.633182809106074e-11,0.1583898408976981,0.0,0.125,0.013236023746008857,5.7573171181879434e-06,0.1583898408976981,6.731888499089678e-06,0.1583898408976981
114300.0,0.012010000000000002,5.633182809106074e-11,0.00015457453345068704,0.125,1.0146830878192368e-11,5.5706550483591855e-12,5.633182809106074e-11,5.5706550483591855e-12,5.633182809106074e-11,0.15829660203676166,0.0,0.125,0.013227152673749158,5.7491003703502574e-06,0.15829660203676166,6.7349536935490395e-06,0.15829660203676166
114360.0,0.012010000000000002,5.633182809106074e-11,0.00015457453345068704,0.125,1.0148632869145589e-11,5.5706550483591855e-12,5.633182809106074e-11,5.5706550483591855e-12,5.633182809106074e-11,0.15820349145190335,0.0,0.125,0.013218295138669773,5.740901084128058e-06,0.15820349145190335,6.738006751882963e-06,0.15820349145190335
114420.0,0.012010000000000002,5.633182809106074e-11,0.00015457453345068704,0.125,1.0149978332894663e-11,5.5706550483591855e-12,5.633182809106074e-11,5.5706550483591855e-12,5.633182809106074e-11,0.15811050887843406,0.0,0.125,0.013209451110737782,5.7327192107548e-06,0.15811050887843406,6.741047710201453e-06,0.15811050887843406
114480.0,0.012010000000000002,5.633182809106074e-11,0.00015457453345068704,0.125,1.0150856565899575e-11,5.5706550483591855e-12,5.633182809106074e-11,5.5706550483591855e-12,5.633182809106074e-11,0.1580176540523756,0.0,0.125,0.013200620560005568,5.724554702768447e-06,0.1580176540523756,6.744076604170424e-06,0.1580176540523756
114540.0,0.012010000000000002,5.6274984672199935e-11,0.0,0.125,1.0109243539894075e-11,5.5138116294983774e-12,5.6274984672199935e-11,5.5138116294983774e-12,5.6274984672199935e-11,0.15792492671045893,0.0,0.125,0.013191803456610538,5.716407512568189e-06,0.15792492671045893,6.7470934687619e-06,0.15792492671045893
114600.0,0.012010000000000002,5.6274984672199935e-11,0.0,0.125,1.0125181841869581e-11,5.5138116294983774e-12,5.6274984672199935e-11,5.5138116294983774e-12,5.6274984672199935e-11,0.15783232659012203,0.0,0.125,0.01318299977077479,5.708277592803013e-06,0.15783232659012203,6.750098339697308e-06,0.15783232659012203
114660.0,0.012010000000000002,5.6274984672199935e-11,0.0,0.125,1.0133874775107386e-11,5.5138116294983774e-12,5.6274984672199935e-11,5.5138116294983774e-12,5.6274984672199935e-11,0.15773985342950736,0.0,0.125,0.013174209472804817,5.700164895677817e-06,0.15773985342950736,6.75309125203194e-06,0.15773985342950736
114720.0,0.012010000000000002,5.6274984672199935e-11,0.0,0.125,1.0146092248534525e-11,5.5138116294983774e-12,5.6274984672199935e-11,5.5138116294983774e-12,5.6274984672199935e-11,0.15764750696745955,0.0,0.125,0.013165432533091256,5.692069374396702e-06,0.15764750696745955,6.756072240654554e-06,0.15764750696745955
114780.0,0.012010000000000002,5.6274984672199935e-11,0.0,0.125,1.0186929721177734e-11,5.5138116294983774e-12,5.6274984672199935e-11,5.6274984672199935e-12,5.6274984672199935e-11,0.15755528694352322,0.0,0.125,0.013156668922108622,5.6839909814698775e-06,0.15755528694352322,6.7590413411755534e-06,0.15755528694352322
114840.0,0.012010000000000002,5.6274984672199935e-11,0.0,0.125,1.037293076134031e-11,6.195932655828074e-12,5.6274984672199935e-11,6.195932655828074e-12,5.6274984672199935e-11,0.1574631930979402,0.0,0.125,0.013147918610414946,5.675929670129198e-06,0.1574631930979402,6.761998588178386e-06,0.1574631930979402
114900.0,0.012010000000000002,5.6274984672199935e-11,0.0,0.125,1.0384431603881697e-11,6.195932655828074e-12,5.6274984672199935e-11,6.195932655828074e-12,5.6274984672199935e-11,0.15737122517164792,0.0,0.125,0.013139181568651528,5.667885393967342e-06,0.15737122517164792,6.764944016385277e-06,0.15737122517164792
114960.0,0.012010000000000002,5.6274984672199935e-11,0.0,0.125,1.0384431603881697e-11,6.195932655828074e-12,5.6274984672199935e-11,6.195932655828074e-12,5.6274984672199935e-11,0.15727938290627702,0.0,0.125,0.013130457767542672,5.659858105938609e-06,0.15727938290627702,6.767877660990296e-06,0.15727938290627702
115020.0,0.012010000000000002,5.6274984672199935e-11,0.0,0.125,1.0384431603881697e-11,6.195932655828074e-12,5.6274984672199935e-11,6.195932655828074e-12,5.6274984672199935e-11,0.15718766604414816,0.0,0.125,0.013121747177895363,5.6518477594968974e-06,0.15718766604414816,6.770799555994023e-06,0.15718766604414816
115080.0,0.012010000000000002,5.6274984672199935e-11,0.0,0.125,1.0384431603881697e-11,6.195932655828074e-12,5.6274984672199935e-11,6.195932655828074e-12,5.6274984672199935e-11,0.15709607432827125,0.0,0.125,0.013113049770599045,5.643854308623464e-06,0.15709607432827125,6.773709736285216e-06,0.15709607432827125
115140.0,0.012010000000000002,5.6274984672199935e-11,0.0,0.125,1.0384431603881697e-11,6.195932655828074e-12,5.6274984672199935e-11,6.195932655828074e-12,5.6274984672199935e-11,0.15700460750234196,0.0,0.125,0.01310436551662525,5.635877706855474e-06,0.15700460750234196,6.7766082366416125e-06,0.15700460750234196
115200.0,0.012010000000000002,5.6274984672199935e-11,0.0,0.125,1.0384483665165066e-11,6.195932655828074e-12,5.6274984672199935e-11,6.195932655828074e-12,5.6274984672199935e-11,0.15691326531073968,0.0,0.125,0.01309569438702741,5.627917909034608e-06,0.15691326531073968,6.779495090675214e-06,0.15691326531073968
115260.0,0.012010000000000002,5.6274984672199935e-11,0.0,0.125,1.0384613590303604e-11,6.195932655828074e-12,5.6274984672199935e-11,6.195932655828074e-12,5.6274984672199935e-11,0.15682204749852646,0.0,0.125,0.013087036352940546,5.619974867920874e-06,0.15682204749852646,6.782370332997223e-06,0.15682204749852646
115320.0,0.012010000000000002,5.6274984672199935e-11,0.0,0.125,1.0386084750888217e-11,6.195932655828074e-12,5.6274984672199935e-11,6.195932655828074e-12,5.6274984672199935e-11,0.15673095381144234,0.0,0.125,0.013078391385580942,5.6120485399935305e-06,0.15673095381144234,6.785233996775553e-06,0.15673095381144234
115380.0,0.012010000000000002,5.6274984672199935e-11,0.0,0.125,1.038613684128601e-11,6.195932655828074e-12,5.6274984672199935e-11,6.195932655828074e-12,5.6274984672199935e-11,0.1566399839959061,0.0,0.125,0.013069759456245923,5.604138878179121e-06,0.1566399839959061,6.788086116510383e-06,0.1566399839959061
115440.0,0.012010000000000002,5.6274984672199935e-11,0.0,0.125,1.0386154866006817e-11,6.195932655828074e-12,5.6274984672199935e-11,6.195932655828074e-12,5.6274984672199935e-11,0.1565491377990114,0.0,0.125,0.01306114053631359,5.5962458365421686e-06,0.1565491377990114,6.790926726646385e-06,0.1565491377990114
115500.0,0.012010000000000002,5.6274984672199935e-11,0.0,0.125,1.0386582039360071e-11,6.195932655828074e-12,5.6274984672199935e-11,6.195932655828074e-12,5.6274984672199935e-11,0.15645841496852395,0.0,0.125,0.013052534597242507,5.5883693709235516e-06,0.15645841496852395,6.793755860490247e-06,0.15645841496852395
115560.0,0.012010000000000002,5.6274984672199935e-11,0.0,0.125,1.0386634154229206e-11,6.195932655828074e-12,5.6274984672199935e-11,6.195932655828074e-12,5.6274984672199935e-11,0.15636781525288052,0.0,0.125,0.013043941610571453,5.580509436303727e-06,0.15636781525288052,6.796573551431928e-06,0.15636781525288052
115620.0,0.012010000000000002,5.6274984672199935e-11,0.0,0.125,1.038706148003357e-11,6.195932655828074e-12,5.6274984672199935e-11,6.195932655828074e-12,5.6274984672199935e-11,0.15627733840118666,0.0,0.125,0.013035361547919122,5.572665987191305e-06,0.15627733840118666,6.799379833194452e-06,0.15627733840118666
115680.0,0.012010000000000002,5.6274984672199935e-11,0.0,0.125,1.0387541039233015e-11,6.195932655828074e-12,5.6274984672199935e-11,6.195932655828074e-12,5.6274984672199935e-11,0.15618698416321355,0.0,0.125,0.01302679438098386,5.564838979232878e-06,0.15618698416321355,6.802174739167777e-06,0.15618698416321355
115740.0,0.012010000000000002,5.6274984672199935e-11,0.0,0.125,1.0387963050516173e-11,6.195932655828074e-12,5.6274984672199935e-11,6.195932655828074e-12,5.6274984672199935e-11,0.15609675228939773,0.0,0.125,0.01301824008154346,5.557028367270123e-06,0.15609675228939773,6.804958302769615e-06,0.15609675228939773
115800.0,0.012010000000000002,5.6274984672199935e-11,0.0,0.125,1.0388327479745087e-11,6.195932655828074e-12,5.6274984672199935e-11,6.195932655828074e-12,5.6274984672199935e-11,0.1560066425308366,0.0,0.125,0.013009698621454785,5.5492341070328965e-06,0.1560066425308366,6.8077305570846125e-06,0.1560066425308366
115860.0,0.012010000000000002,5.6274984672199935e-11,0.0,0.125,1.0389594369259126e-11,6.195932655828074e-12,5.6274984672199935e-11,6.195932655828074e-12,5.6274984672199935e-11,0.15591665463928783,0.0,0.125,0.01300116997265357,5.541456154278812e-06,0.15591665463928783,6.8104915353639495e-06,0.15591665463928783
115920.0,0.012010000000000002,5.6274984672199935e-11,0.0,0.125,1.0391794180858642e-11,6.195932655828074e-12,5.6274984672199935e-11,6.195932655828074e-12,5.6274984672199935e-11,0.1558267883671668,0.0,0.125,0.012992654107154153,5.533694464515682e-06,0.1558267883671668,6.813241270303694e-06,0.1558267883671668
115980.0,0.012010000000000002,5.6274984672199935e-11,0.0,0.125,1.0406161266993752e-11,6.195932655828074e-12,5.6274984672199935e-11,6.195932655828074e-12,5.6274984672199935e-11,0.1557370434675444,0.0,0.125,0.01298415099704918,5.5259489942782736e-06,0.1557370434675444,6.815979795210536e-06,0.1557370434675444
116040.0,0.012010000000000002,5.6274984672199935e-11,0.0,0.125,1.0406161266993752e-11,6.195932655828074e-12,5.6274984672199935e-11,6.195932655828074e-12,5.6274984672199935e-11,0.15564741969414525,0.0,0.125,0.012975660614509372,5.518219698963378e-06,0.15564741969414525,6.818707142752789e-06,0.15564741969414525
116100.0,0.012010000000000002,5.6274984672199935e-11,0.0,0.125,1.0406161266993752e-11,6.195932655828074e-12,5.6274984672199935e-11,6.195932655828074e-12,5.6274984672199935e-11,0.15555791680134445,0.0,0.125,0.012967182931783212,5.51050653518903e-06,0.15555791680134445,6.821423345515498e-06,0.15555791680134445
116160.0,0.012010000000000002,5.6274984672199935e-11,0.0,0.125,1.0406161266993752e-11,6.195932655828074e-12,5.6274984672199935e-11,6.195932655828074e-12,5.6274984672199935e-11,0.1554685345441674,0.0,0.125,0.012958717921196771,5.502809459351221e-06,0.1554685345441674,6.824128436305754e-06,0.1554685345441674
116220.0,0.012010000000000002,5.6274984672199935e-11,0.0,0.125,1.0406161266993752e-11,6.195932655828074e-12,5.6274984672199935e-11,6.195932655828074e-12,5.6274984672199935e-11,0.15537927267828625,0.0,0.125,0.012950265555153351,5.495128427873697e-06,0.15537927267828625,6.82682244759758e-06,0.15537927267828625
116280.0,0.012010000000000002,5.6274984672199935e-11,0.0,0.125,1.0406161266993752e-11,6.195932655828074e-12,5.6274984672199935e-11,6.195932655828074e-12,5.6274984672199935e-11,0.1552901309600176,0.0,0.125,0.012941825806133274,5.487463397402248e-06,0.1552901309600176,6.829505411254377e-06,0.1552901309600176
116340.0,0.012010000000000002,5.6274984672199935e-11,0.0,0.125,1.0406161266993752e-11,6.195932655828074e-12,5.6274984672199935e-11,6.195932655828074e-12,5.6274984672199935e-11,0.1552011091463217,0.0,0.125,0.01293339864669362,5.4798143248047104e-06,0.1552011091463217,6.832177360249769e-06,0.1552011091463217
116400.0,0.012010000000000002,5.6274984672199935e-11,0.0,0.125,1.0406161266993752e-11,6.195932655828074e-12,5.6274984672199935e-11,6.195932655828074e-12,5.6274984672199935e-11,0.1551122069947996,0.0,0.125,0.012924984049467974,5.472181166976675e-06,0.1551122069947996,6.83483832661369e-06,0.1551122069947996
116460.0,0.012010000000000002,5.6274984672199935e-11,0.0,0.125,1.0406161266993752e-11,6.195932655828074e-12,5.6274984672199935e-11,6.195932655828074e-12,5.6274984672199935e-11,0.15502342426369065,0.0,0.125,0.012916581987166125,5.464563880952511e-06,0.15502342426369065,6.837488342181786e-06,0.15502342426369065
116520.0,0.012010000000000002,5.6274984672199935e-11,0.0,0.125,1.0406161266993752e-11,6.195932655828074e-12,5.6274984672199935e-11,6.195932655828074e-12,5.6274984672199935e-11,0.1549347607118715,0.0,0.125,0.01290819243257386,5.456962423960876e-06,0.1549347607118715,6.840127439122767e-06,0.1549347607118715
116580.0,0.012010000000000002,5.6274984672199935e-11,0.0,0.125,1.0406161266993752e-11,6.195932655828074e-12,5.6274984672199935e-11,6.195932655828074e-12,5.6274984672199935e-11,0.1548462160988533,0.0,0.125,0.012899815358552712,5.449376753258184e-06,0.1548462160988533,6.842755649244525e-06,0.1548462160988533
116640.0,0.012010000000000002,5.6274984672199935e-11,0.0,0.125,1.0406312147633769e-11,6.195932655828074e-12,5.6274984672199935e-11,6.195932655828074e-12,5.6274984672199935e-11,0.1547577901847798,0.0,0.125,0.012891450738039652,5.44180682646167e-06,0.1547577901847798,6.845373004354949e-06,0.1547577901847798
116700.0,0.012010000000000002,5.6274984672199935e-11,0.0,0.125,1.0406785176603245e-11,6.195932655828074e-12,5.6274984672199935e-11,6.195932655828074e-12,5.6274984672199935e-11,0.15466948273042525,0.0,0.125,0.012883098544046892,5.434252601216327e-06,0.15466948273042525,6.847979536456217e-06,0.15466948273042525
116760.0,0.012010000000000002,5.6274984672199935e-11,0.0,0.125,1.0412277000026926e-11,6.195932655828074e-12,5.6274984672199935e-11,6.195932655828074e-12,5.6274984672199935e-11,0.1545812934971928,0.0,0.125,0.012874758749661593,5.426714035638991e-06,0.1545812934971928,6.8505752764680405e-06,0.1545812934971928
116820.0,0.012010000000000002,5.6274984672199935e-11,0.0,0.125,1.0412375613540859e-11,6.195932655828074e-12,5.6274984672199935e-11,6.195932655828074e-12,5.6274984672199935e-11,0.1544932222471119,0.0,0.125,0.012866431328045642,5.419191087235875e-06,0.1544932222471119,6.853160256392599e-06,0.1544932222471119
116880.0,0.012010000000000002,5.6274984672199935e-11,0.0,0.125,1.0412375613540859e-11,6.195932655828074e-12,5.6274984672199935e-11,6.195932655828074e-12,5.6274984672199935e-11,0.15440526874283703,0.0,0.125,0.012858116252435405,5.411683713651971e-06,0.15440526874283703,6.855734507871247e-06,0.15440526874283703
116940.0,0.012010000000000002,5.6274984672199935e-11,0.0,0.125,1.0412483357471326e-11,6.195932655828074e-12,5.6274984672199935e-11,6.195932655828074e-12,5.6274984672199935e-11,0.15431743274764448,0.0,0.125,0.01284981349614143,5.404191873864539e-06,0.15431743274764448,6.85829806168492e-06,0.15431743274764448
117000.0,0.012010000000000002,5.6274984672199935e-11,0.0,0.125,1.0412483357471326e-11,6.195932655828074e-12,5.6274984672199935e-11,6.195932655828074e-12,5.6274984672199935e-11,0.15422971402543134,0.0,0.125,0.012841523032548232,5.396715525962659e-06,0.15422971402543134,6.860850949141906e-06,0.15422971402543134
117060.0,0.012010000000000002,5.6274984672199935e-11,0.0,0.125,1.0412509501587339e-11,6.195932655828074e-12,5.6274984672199935e-11,6.195932655828074e-12,5.6274984672199935e-11,0.15414211234071373,0.0,0.125,0.012833244835114081,5.389254628090923e-06,0.15414211234071373,6.863393201161916e-06,0.15414211234071373
117120.0,0.012010000000000002,5.6274984672199935e-11,0.0,0.125,1.04138695610148e-11,6.195932655828074e-12,5.6274984672199935e-11,6.195932655828074e-12,5.6274984672199935e-11,0.1540546274586241,0.0,0.125,0.012824978877370677,5.381809138810256e-06,0.1540546274586241,6.8659248494695735e-06,0.1540546274586241
117180.0,0.012010000000000002,5.6274984672199935e-11,0.0,0.125,1.04138695610148e-11,6.195932655828074e-12,5.6274984672199935e-11,6.195932655828074e-12,5.6274984672199935e-11,0.15396725914490925,0.0,0.125,0.01281672513292298,5.374379017542008e-06,0.15396725914490925,6.868445924179678e-06,0.15396725914490925
117240.0,0.012010000000000002,5.6274984672199935e-11,0.0,0.125,1.041389571992496e-11,6.195932655828074e-12,5.6274984672199935e-11,6.195932655828074e-12,5.6274984672199935e-11,0.1538800071659286,0.0,0.125,0.01280848357544892,5.366964222819348e-06,0.1538800071659286,6.870956456211941e-06,0.1538800071659286
117300.0,0.012010000000000002,5.6274984672199935e-11,0.0,0.125,1.0414335656042221e-11,6.195932655828074e-12,5.6274984672199935e-11,6.195932655828074e-12,5.6274984672199935e-11,0.15379287128865263,0.0,0.125,0.012800254178699158,5.359564713647291e-06,0.15379287128865263,6.873456476791384e-06,0.15379287128865263
117360.0,0.012010000000000002,5.6274984672199935e-11,0.0,0.125,1.0414361826941612e-11,6.195932655828074e-12,5.6274984672199935e-11,6.195932655828074e-12,5.6274984672199935e-11,0.15370585128066117,0.0,0.125,0.012792036916496862,5.352180448309207e-06,0.15370585128066117,6.875946016532408e-06,0.15370585128066117
117420.0,0.012010000000000002,5.6274984672199935e-11,0.0,0.125,1.0414685966589445e-11,6.195932655828074e-12,5.6274984672199935e-11,6.195932655828074e-12,5.6274984672199935e-11,0.1536189469101391,0.0,0.125,0.012783831762737492,5.344811387392179e-06,0.1536189469101391,6.878425105494301e-06,0.1536189469101391
117480.0,0.012010000000000002,5.6218141253339127e-11,0.0,0.125,1.037156050688281e-11,6.139089236967266e-12,5.6218141253339127e-11,6.139089236967266e-12,5.6218141253339127e-11,0.15353215794587782,0.0,0.125,0.012775638691388437,5.337457488568953e-06,0.15353215794587782,6.880893774652286e-06,0.15353215794587782
117540.0,0.012010000000000002,5.6218141253339127e-11,0.0,0.125,1.03716846964878e-11,6.139089236967266e-12,5.6218141253339127e-11,6.139089236967266e-12,5.6218141253339127e-11,0.15344548415727033,0.0,0.125,0.012767457676488916,5.330118713314791e-06,0.15344548415727033,6.88335205381585e-06,0.15344548415727033
117600.0,0.012010000000000002,5.6218141253339127e-11,0.0,0.125,1.0372428459907924e-11,6.139089236967266e-12,5.6218141253339127e-11,6.139089236967266e-12,5.6218141253339127e-11,0.15335892531431175,0.0,0.125,0.012759288692149671,5.322795020440418e-06,0.15335892531431175,6.885799973127549e-06,0.15335892531431175
117660.0,0.012010000000000002,5.6218141253339127e-11,0.0,0.125,1.0373353687662326e-11,6.139089236967266e-12,5.6218141253339127e-11,6.139089236967266e-12,5.6218141253339127e-11,0.15327248118759593,0.0,0.125,0.012751131712552774,5.315486369533717e-06,0.15327248118759593,6.8882375634515824e-06,0.15327248118759593
117720.0,0.012010000000000002,5.6218141253339127e-11,0.0,0.125,1.0378104185602367e-11,6.139089236967266e-12,5.6218141253339127e-11,6.139089236967266e-12,5.6218141253339127e-11,0.15318615154831375,0.0,0.125,0.012742986711951303,5.308192720654414e-06,0.15318615154831375,6.890664854486417e-06,0.15318615154831375
117780.0,0.012010000000000002,5.4853899200679734e-11,0.0,0.125,9.411949185843491e-12,4.831690603168681e-12,5.4853899200679734e-11,4.831690603168681e-12,5.4853899200679734e-11,0.15309993616825116,0.0,0.125,0.01273485366466919,5.300914033695703e-06,0.15309993616825116,6.8930818757639845e-06,0.15309993616825116
117840.0,0.012010000000000002,5.4853899200679734e-11,0.0,0.125,9.411949185843491e-12,4.831690603168681e-12,5.4853899200679734e-11,4.831690603168681e-12,5.4853899200679734e-11,0.15301383481978814,0.0,0.125,0.012726732545100972,5.293650269050376e-06,0.15301383481978814,6.895488657981952e-06,0.15301383481978814
117900.0,0.012010000000000002,5.4853899200679734e-11,0.0,0.125,9.421159752039597e-12,4.831690603168681e-12,5.4853899200679734e-11,4.831690603168681e-12,5.4853899200679734e-11,0.1529278472758958,0.0,0.125,0.01271862332771153,5.2864013870834725e-06,0.1529278472758958,6.897885230144896e-06,0.1529278472758958
117960.0,0.012010000000000002,5.496758603840135e-11,0.0,0.125,9.427291474891493e-12,4.831690603168681e-12,5.496758603840135e-11,4.831690603168681e-12,5.496758603840135e-11,0.15284197331013508,0.0,0.125,0.012710525987035847,5.279167348076763e-06,0.15284197331013508,6.900271622534149e-06,0.15284197331013508
118020.0,0.012010000000000002,5.496758603840135e-11,0.0,0.125,9.427319411384973e-12,4.831690603168681e-12,5.496758603840135e-11,4.831690603168681e-12,5.496758603840135e-11,0.15275621269665415,0.0,0.125,0.012702440497678822,5.271948112645086e-06,0.15275621269665415,6.9026478644873546e-06,0.15275621269665415
118080.0,0.012010000000000002,5.496758603840135e-11,0.0,0.125,9.428159004222518e-12,4.831690603168681e-12,5.496758603840135e-11,4.831690603168681e-12,5.496758603840135e-11,0.15267056521018757,0.0,0.125,0.012694366834315008,5.2647436414310356e-06,0.15267056521018757,6.905013984981334e-06,0.15267056521018757
118140.0,0.012010000000000002,5.496758603840135e-11,0.0,0.125,9.428186951669154e-12,4.831690603168681e-12,5.496758603840135e-11,4.831690603168681e-12,5.496758603840135e-11,0.15258503062605416,0.0,0.125,0.012686304971688371,5.257553895188227e-06,0.15258503062605416,6.907370014214154e-06,0.15258503062605416
118200.0,0.012010000000000002,5.496758603840135e-11,0.0,0.125,9.428590890736827e-12,4.831690603168681e-12,5.496758603840135e-11,4.831690603168681e-12,5.496758603840135e-11,0.1524996087201545,0.0,0.125,0.012678254884612064,5.250378834642522e-06,0.1524996087201545,6.9097159815234566e-06,0.1524996087201545
118260.0,0.012010000000000002,5.496758603840135e-11,0.0,0.125,9.428994924808528e-12,4.831690603168681e-12,5.496758603840135e-11,4.831690603168681e-12,5.496758603840135e-11,0.15241429926896966,0.0,0.125,0.012670216547968254,5.24321842126918e-06,0.15241429926896966,6.912051915664019e-06,0.15241429926896966
118320.0,0.012010000000000002,5.496758603840135e-11,0.0,0.125,9.429399019745068e-12,4.831690603168681e-12,5.496758603840135e-11,4.831690603168681e-12,5.496758603840135e-11,0.15232910204955932,0.0,0.125,0.01266218993670782,5.2360726160161075e-06,0.15232910204955932,6.914377846112263e-06,0.15232910204955932
118380.0,0.012010000000000002,5.496758603840135e-11,0.0,0.125,9.431235498489928e-12,4.831690603168681e-12,5.496758603840135e-11,4.831690603168681e-12,5.496758603840135e-11,0.15224401683955985,0.0,0.125,0.012654175025850171,5.228941379775698e-06,0.15224401683955985,6.916693801956031e-06,0.15224401683955985
118440.0,0.012010000000000002,5.496758603840135e-11,0.0,0.125,9.440764423570804e-12,4.831690603168681e-12,5.496758603840135e-11,4.831690603168681e-12,5.496758603840135e-11,0.15215904341718195,0.0,0.125,0.012646171790482996,5.221824675466502e-06,0.15215904341718195,6.918999811783566e-06,0.15215904341718195
118500.0,0.012010000000000002,5.496758603840135e-11,0.0,0.125,9.446021186175412e-12,4.888534022029489e-12,5.496758603840135e-11,4.888534022029489e-12,5.496758603840135e-11,0.15207418156121044,0.0,0.125,0.012638180205762035,5.214722463037225e-06,0.15207418156121044,6.921295904877001e-06,0.15207418156121044
118560.0,0.012010000000000002,5.496758603840135e-11,0.0,0.125,9.446021186175412e-12,4.888534022029489e-12,5.496758603840135e-11,4.888534022029489e-12,5.496758603840135e-11,0.15198943105100027,0.0,0.125,0.01263020024691089,5.207634704851305e-06,0.15198943105100027,6.923582109852333e-06,0.15198943105100027
118620.0,0.012010000000000002,5.496758603840135e-11,0.0,0.125,9.446021186175412e-12,4.888534022029489e-12,5.496758603840135e-11,4.888534022029489e-12,5.496758603840135e-11,0.15190479166647675,0.0,0.125,0.01262223188922076,5.200561362078693e-06,0.15190479166647675,6.925858455436584e-06,0.15190479166647675
118680.0,0.012010000000000002,5.496758603840135e-11,0.0,0.125,9.446021186175412e-12,4.888534022029489e-12,5.496758603840135e-11,4.888534022029489e-12,5.496758603840135e-11,0.1518202631881321,0.0,0.125,0.012614275108050263,5.193502397554672e-06,0.1518202631881321,6.928124970329019e-06,0.1518202631881321
118740.0,0.012010000000000002,5.496758603840135e-11,0.0,0.125,9.446021186175412e-12,4.888534022029489e-12,5.496758603840135e-11,4.888534022029489e-12,5.496758603840135e-11,0.15173584539702487,0.0,0.125,0.01260632987882514,5.186457772948794e-06,0.15173584539702487,6.9303816827570586e-06,0.15173584539702487
118800.0,0.012010000000000002,5.496758603840135e-11,0.0,0.125,9.448899070680381e-12,4.888534022029489e-12,5.496758603840135e-11,4.888534022029489e-12,5.496758603840135e-11,0.1516515380747776,0.0,0.125,0.012598396177038111,5.1794274502914295e-06,0.1516515380747776,6.932628621197923e-06,0.1516515380747776
118860.0,0.012010000000000002,5.496758603840135e-11,0.0,0.125,9.44922627129786e-12,4.888534022029489e-12,5.496758603840135e-11,4.888534022029489e-12,5.496758603840135e-11,0.15156734100357455,0.0,0.125,0.012590473978248641,5.1724113923068415e-06,0.15156734100357455,6.934865813962299e-06,0.15156734100357455
118920.0,0.012010000000000002,5.496758603840135e-11,0.0,0.125,9.46012822033109e-12,4.888534022029489e-12,5.496758603840135e-11,4.888534022029489e-12,5.496758603840135e-11,0.1514832539661618,0.0,0.125,0.012582563258082687,5.1654095612196915e-06,0.1514832539661618,6.9370932897772075e-06,0.1514832539661618
118980.0,0.012010000000000002,5.496758603840135e-11,0.0,0.125,9.46012822033109e-12,4.888534022029489e-12,5.496758603840135e-11,4.888534022029489e-12,5.496758603840135e-11,0.1513992767458433,0.0,0.125,0.012574663992232489,5.158421919060352e-06,0.1513992767458433,6.939311076453736e-06,0.1513992767458433
119040.0,0.012010000000000002,5.496758603840135e-11,0.0,0.125,9.46012822033109e-12,4.888534022029489e-12,5.496758603840135e-11,4.888534022029489e-12,5.496758603840135e-11,0.15131540912647995,0.0,0.125,0.012566776156456386,5.151448428830641e-06,0.15131540912647995,6.9415192018584815e-06,0.15131540912647995
119100.0,0.012010000000000002,5.496758603840135e-11,0.0,0.125,9.46012822033109e-12,4.888534022029489e-12,5.496758603840135e-11,4.888534022029489e-12,5.496758603840135e-11,0.15123165089248858,0.0,0.125,0.012558899726578553,5.144489053476864e-06,0.15123165089248858,6.943717694607443e-06,0.15123165089248858
119160.0,0.012010000000000002,5.496758603840135e-11,0.0,0.125,9.46012822033109e-12,4.888534022029489e-12,5.496758603840135e-11,4.888534022029489e-12,5.496758603840135e-11,0.15114800182883853,0.0,0.125,0.012551034678488808,5.137543755834306e-06,0.15114800182883853,6.945906581762307e-06,0.15114800182883853
119220.0,0.012010000000000002,5.496758603840135e-11,0.0,0.125,9.464782782187682e-12,4.888534022029489e-12,5.496758603840135e-11,4.888534022029489e-12,5.496758603840135e-11,0.1510644617210522,0.0,0.125,0.012543180988142416,5.130612498238651e-06,0.1510644617210522,6.948085891828049e-06,0.1510644617210522
119280.0,0.012010000000000002,5.496758603840135e-11,0.0,0.125,9.464782782187682e-12,4.888534022029489e-12,5.496758603840135e-11,4.888534022029489e-12,5.496758603840135e-11,0.150981030355201,0.0,0.125,0.012535338631559817,5.123695244968474e-06,0.150981030355201,6.950255652393711e-06,0.150981030355201
119340.0,0.012010000000000002,5.496758603840135e-11,0.0,0.125,9.464782782187682e-12,4.888534022029489e-12,5.496758603840135e-11,4.888534022029489e-12,5.496758603840135e-11,0.15089770751790535,0.0,0.125,0.012527507584826491,5.116791958498235e-06,0.15089770751790535,6.952415890881802e-06,0.15089770751790535
119400.0,0.012010000000000002,5.496758603840135e-11,0.0,0.125,9.464782782187682e-12,4.888534022029489e-12,5.496758603840135e-11,4.888534022029489e-12,5.496758603840135e-11,0.15081449299633196,0.0,0.125,0.012519687824092672,5.109902602357108e-06,0.15081449299633196,6.954566635297699e-06,0.15081449299633196
119460.0,0.012010000000000002,5.496758603840135e-11,0.0,0.125,9.464884457509038e-12,4.888534022029489e-12,5.496758603840135e-11,4.888534022029489e-12,5.496758603840135e-11,0.15073138657819285,0.0,0.125,0.012511879325573199,5.1030271400187566e-06,0.15073138657819285,6.956707912897375e-06,0.15073138657819285
119520.0,0.012010000000000002,5.496758603840135e-11,0.0,0.125,9.464884457509038e-12,4.888534022029489e-12,5.496758603840135e-11,4.888534022029489e-12,5.496758603840135e-11,0.1506483880517428,0.0,0.125,0.012504082065547232,5.096165534707042e-06,0.1506483880517428,6.958839751353141e-06,0.1506483880517428
119580.0,0.012010000000000002,5.496758603840135e-11,0.0,0.125,9.464884457509038e-12,4.888534022029489e-12,5.496758603840135e-11,4.888534022029489e-12,5.496758603840135e-11,0.15056549720577803,0.0,0.125,0.012496296020358141,5.089317750728295e-06,0.15056549720577803,6.960962177532393e-06,0.15056549720577803
119640.0,0.012010000000000002,5.496758603840135e-11,0.0,0.125,9.464920283660773e-12,4.888534022029489e-12,5.496758603840135e-11,4.888534022029489e-12,5.496758603840135e-11,0.15048271382963477,0.0,0.125,0.012488521166413188,5.082483752000266e-06,0.15048271382963477,6.963075218552328e-06,0.15048271382963477
119700.0,0.012010000000000002,5.496758603840135e-11,0.0,0.125,9.464920283660773e-12,4.888534022029489e-12,5.496758603840135e-11,4.888534022029489e-12,5.496758603840135e-11,0.15040003771318813,0.0,0.125,0.012480757480183392,5.07566350155253e-06,0.15040003771318813,6.965178901974234e-06,0.15040003771318813
119760.0,0.012010000000000002,5.496758603840135e-11,0.0,0.125,9.464920283660773e-12,4.888534022029489e-12,5.496758603840135e-11,4.888534022029489e-12,5.496758603840135e-11,0.15031746864684842,0.0,0.125,0.0124730049382033,5.068856964135504e-06,0.15031746864684842,6.967273254471218e-06,0.15031746864684842
119820.0,0.012010000000000002,5.496758603840135e-11,0.0,0.125,9.462272854369004e-12,4.888534022029489e-12,5.496758603840135e-11,4.888534022029489e-12,5.496758603840135e-11,0.15023500642156187,0.0,0.125,0.012465263517070764,5.062064103888986e-06,0.15023500642156187,6.969358303576811e-06,0.15023500642156187
119880.0,0.012010000000000002,5.491074261954054e-11,0.0,0.125,9.428780935955994e-12,4.831690603168681e-12,5.491074261954054e-11,4.831690603168681e-12,5.491074261954054e-11,0.15015265082880727,0.0,0.125,0.012457533193446769,5.055284884758482e-06,0.15015265082880727,6.971434076019634e-06,0.15015265082880727
119940.0,0.012010000000000002,5.491074261954054e-11,0.0,0.125,9.428780935955994e-12,4.831690603168681e-12,5.491074261954054e-11,4.831690603168681e-12,5.491074261954054e-11,0.1500704016605948,0.0,0.125,0.012449813944055211,5.0485192713001226e-06,0.1500704016605948,6.973500598472793e-06,0.1500704016605948
120000.0,0.012010000000000002,5.491074261954054e-11,0.0,0.125,9.428780935955994e-12,4.831690603168681e-12,5.491074261954054e-11,4.831690603168681e-12,5.491074261954054e-11,0.1499882587094647,0.0,0.125,0.012442105745682662,5.041767228292082e-06,0.1499882587094647,6.975557897664908e-06,0.1499882587094647
120060.0,0.012010000000000002,5.491074261954054e-11,0.0,0.125,9.428780935955994e-12,4.831690603168681e-12,5.491074261954054e-11,4.831690603168681e-12,5.491074261954054e-11,0.1499062217684853,0.0,0.125,0.012434408575178224,5.035028719957424e-06,0.1499062217684853,6.977606000102554e-06,0.1499062217684853
120120.0,0.012010000000000002,5.491074261954054e-11,0.0,0.125,9.428780935955994e-12,4.831690603168681e-12,5.491074261954054e-11,4.831690603168681e-12,5.491074261954054e-11,0.1498242906312514,0.0,0.125,0.012426722409453278,5.028303711018811e-06,0.1498242906312514,6.979644932347817e-06,0.1498242906312514
120180.0,0.012010000000000002,5.491074261954054e-11,0.0,0.125,9.428780935955994e-12,4.831690603168681e-12,5.491074261954054e-11,4.831690603168681e-12,5.491074261954054e-11,0.14974246509188294,0.0,0.125,0.012419047225481305,5.0215921665042185e-06,0.14974246509188294,6.981674721184827e-06,0.14974246509188294
120240.0,0.012010000000000002,5.491074261954054e-11,0.0,0.125,9.428790708167572e-12,4.831690603168681e-12,5.491074261954054e-11,4.831690603168681e-12,5.491074261954054e-11,0.14966074494502313,0.0,0.125,0.01241138300029769,5.014894051469376e-06,0.14966074494502313,6.983695393009137e-06,0.14966074494502313
120300.0,0.012010000000000002,5.491074261954054e-11,0.0,0.125,9.428833212278785e-12,4.831690603168681e-12,5.491074261954054e-11,4.831690603168681e-12,5.491074261954054e-11,0.14957912998583647,0.0,0.125,0.012403729710999475,5.008209330581437e-06,0.14957912998583647,6.985706974244055e-06,0.14957912998583647
120360.0,0.012010000000000002,5.491074261954054e-11,0.0,0.125,9.428833212278785e-12,4.831690603168681e-12,5.491074261954054e-11,4.831690603168681e-12,5.491074261954054e-11,0.14949762001000766,0.0,0.125,0.012396087334745223,5.001537969451242e-06,0.14949762001000766,6.9877094910075765e-06,0.14949762001000766
120420.0,0.012010000000000002,5.491074261954054e-11,0.0,0.125,9.428833212278785e-12,4.831690603168681e-12,5.491074261954054e-11,4.831690603168681e-12,5.491074261954054e-11,0.14941621481373987,0.0,0.125,0.012388455848754783,4.994879933328811e-06,0.14941621481373987,6.989702969556477e-06,0.14941621481373987
120480.0,0.012010000000000002,5.491074261954054e-11,0.0,0.125,9.428833212278785e-12,4.831690603168681e-12,5.491074261954054e-11,4.831690603168681e-12,5.491074261954054e-11,0.14933491419375328,0.0,0.125,0.012380835230309108,4.988235187020074e-06,0.14933491419375328,6.991687435814464e-06,0.14933491419375328
120540.0,0.012010000000000002,5.491074261954054e-11,0.0,0.125,9.430630265311075e-12,4.831690603168681e-12,5.491074261954054e-11,4.831690603168681e-12,5.491074261954054e-11,0.14925371794728282,0.0,0.125,0.012373225456750025,4.981603696718739e-06,0.14925371794728282,6.993662915344423e-06,0.14925371794728282
120600.0,0.012010000000000002,5.491074261954054e-11,0.0,0.125,9.431877844134328e-12,4.831690603168681e-12,5.491074261954054e-11,4.831690603168681e-12,5.491074261954054e-11,0.14917262587207755,0.0,0.125,0.012365626505480077,4.974985427647072e-06,0.14917262587207755,6.995629434958239e-06,0.14917262587207755
120660.0,0.012010000000000002,5.491074261954054e-11,0.0,0.125,9.437369937817827e-12,4.831690603168681e-12,5.491074261954054e-11,4.831690603168681e-12,5.491074261954054e-11,0.14909163776639783,0.0,0.125,0.0123580383539623,4.968380345860002e-06,0.14909163776639783,6.997587019802465e-06,0.14909163776639783
120720.0,0.012010000000000002,5.491074261954054e-11,0.0,0.125,9.438272813292584e-12,4.831690603168681e-12,5.491074261954054e-11,4.831690603168681e-12,5.491074261954054e-11,0.14901075342901535,0.0,0.125,0.012350460979720047,4.961788417051638e-06,0.14901075342901535,6.999535696022852e-06,0.14901075342901535
120780.0,0.012010000000000002,5.491074261954054e-11,0.0,0.125,9.439114562794632e-12,4.831690603168681e-12,5.491074261954054e-11,4.831690603168681e-12,5.491074261954054e-11,0.14892997265921049,0.0,0.125,0.012342894360336766,4.955209606444244e-06,0.14892997265921049,7.001475489598619e-06,0.14892997265921049
120840.0,0.012010000000000002,5.491074261954054e-11,0.0,0.125,9.440341574670838e-12,4.831690603168681e-12,5.491074261954054e-11,4.831690603168681e-12,5.491074261954054e-11,0.14884929525677032,0.0,0.125,0.012335338473455849,4.94864388098093e-06,0.14884929525677032,7.003406425371006e-06,0.14884929525677032
120900.0,0.012010000000000002,5.491074261954054e-11,0.0,0.125,9.441568755962014e-12,4.831690603168681e-12,5.491074261954054e-11,4.831690603168681e-12,5.491074261954054e-11,0.14876872102198818,0.0,0.125,0.012327793296780385,4.94209120618927e-06,0.14876872102198818,7.00532852945801e-06,0.14876872102198818
120960.0,0.012010000000000002,5.491074261954054e-11,0.0,0.125,9.443698907635219e-12,4.831690603168681e-12,5.491074261954054e-11,4.831690603168681e-12,5.491074261954054e-11,0.14868824975566114,0.0,0.125,0.012320258808073034,4.935551549262174e-06,0.14868824975566114,7.007241827228228e-06,0.14868824975566114
121020.0,0.012010000000000002,5.491074261954054e-11,0.0,0.125,9.446464804334336e-12,4.831690603168681e-12,5.491074261954054e-11,4.831690603168681e-12,5.491074261954054e-11,0.14860788125908989,0.0,0.125,0.012312734985155765,4.929024875421906e-06,0.14860788125908989,7.009146344216788e-06,0.14860788125908989
121080.0,0.012010000000000002,5.491074261954054e-11,0.0,0.125,9.468222646048034e-12,4.831690603168681e-12,5.491074261954054e-11,4.945377440890297e-12,5.491074261954054e-11,0.1485276153340751,0.0,0.125,0.012305221805909688,4.922511151694842e-06,0.1485276153340751,7.011042105181664e-06,0.1485276153340751
121140.0,0.012010000000000002,5.491074261954054e-11,0.0,0.125,9.490781581212856e-12,4.945377440890297e-12,5.491074261954054e-11,4.945377440890297e-12,5.491074261954054e-11,0.14844745178291743,0.0,0.125,0.01229771924827488,4.916010344774291e-06,0.14844745178291743,7.012929135741253e-06,0.14844745178291743
121200.0,0.012010000000000002,5.491074261954054e-11,0.0,0.125,9.490806741335877e-12,4.945377440890297e-12,5.491074261954054e-11,4.945377440890297e-12,5.491074261954054e-11,0.14836739040841593,0.0,0.125,0.012290227290250207,4.90952242099274e-06,0.14836739040841593,7.014807461402928e-06,0.14836739040841593
121260.0,0.012010000000000002,5.491074261954054e-11,0.0,0.125,9.490806741335877e-12,4.945377440890297e-12,5.491074261954054e-11,4.945377440890297e-12,5.491074261954054e-11,0.14828743101386527,0.0,0.125,0.012282745909893106,4.903047347015743e-06,0.14828743101386527,7.016677107035685e-06,0.14828743101386527
121320.0,0.012010000000000002,5.491074261954054e-11,0.0,0.125,9.490806741335877e-12,4.945377440890297e-12,5.491074261954054e-11,4.945377440890297e-12,5.491074261954054e-11,0.1482075734030554,0.0,0.125,0.012275275085319396,4.896585089925187e-06,0.1482075734030554,7.018538097119942e-06,0.1482075734030554
121380.0,0.012010000000000002,5.491074261954054e-11,0.0,0.125,9.490806741335877e-12,4.945377440890297e-12,5.491074261954054e-11,4.945377440890297e-12,5.491074261954054e-11,0.14812781738027006,0.0,0.125,0.012267814794703095,4.89013561680296e-06,0.14812781738027006,7.020390456857761e-06,0.14812781738027006
121440.0,0.012010000000000002,5.491074261954054e-11,0.0,0.125,9.490806741335877e-12,4.945377440890297e-12,5.491074261954054e-11,4.945377440890297e-12,5.491074261954054e-11,0.14804816275028457,0.0,0.125,0.012260365016276252,4.883698894703192e-06,0.14804816275028457,7.022234210840583e-06,0.14804816275028457
121500.0,0.012010000000000002,5.491074261954054e-11,0.0,0.125,9.491197263328493e-12,4.945377440890297e-12,5.491074261954054e-11,4.945377440890297e-12,5.491074261954054e-11,0.14796860931836464,0.0,0.125,0.012252925728328746,4.877274890985328e-06,0.14796860931836464,7.024069384603537e-06,0.14796860931836464
121560.0,0.012010000000000002,5.491074261954054e-11,0.0,0.125,9.491197263328493e-12,4.945377440890297e-12,5.491074261954054e-11,4.945377440890297e-12,5.491074261954054e-11,0.14788915689026483,0.0,0.125,0.012245496909208096,4.870863572814521e-06,0.14788915689026483,7.025896002099685e-06,0.14788915689026483
121620.0,0.012010000000000002,5.491074261954054e-11,0.0,0.125,9.491197263328493e-12,4.945377440890297e-12,5.491074261954054e-11,4.945377440890297e-12,5.491074261954054e-11,0.14780980527222806,0.0,0.125,0.012238078537319277,4.864464907050614e-06,0.14780980527222806,7.027714088697623e-06,0.14780980527222806
121680.0,0.012010000000000002,5.491074261954054e-11,0.0,0.125,9.491197263328493e-12,4.945377440890297e-12,5.491074261954054e-11,4.945377440890297e-12,5.491074261954054e-11,0.14773055427098164,0.0,0.125,0.012230670591124553,4.858078861774695e-06,0.14773055427098164,7.029523668433679e-06,0.14773055427098164
121740.0,0.012010000000000002,5.491074261954054e-11,0.0,0.125,9.491197263328493e-12,4.945377440890297e-12,5.491074261954054e-11,4.945377440890297e-12,5.491074261954054e-11,0.1476514036937378,0.0,0.125,0.012223273049143252,4.85170540470703e-06,0.1476514036937378,7.031324765649494e-06,0.1476514036937378
121800.0,0.012010000000000002,5.491074261954054e-11,0.0,0.125,9.491197263328493e-12,4.945377440890297e-12,5.491074261954054e-11,4.945377440890297e-12,5.491074261954054e-11,0.14757235334819213,0.0,0.125,0.012215885889951652,4.845344503456861e-06,0.14757235334819213,7.033117404492417e-06,0.14757235334819213
121860.0,0.012010000000000002,5.491074261954054e-11,0.0,0.125,9.496077359331515e-12,4.945377440890297e-12,5.491074261954054e-11,4.945377440890297e-12,5.491074261954054e-11,0.14749340304252181,0.0,0.125,0.012208509092182735,4.838996125161588e-06,0.14749340304252181,7.034901610275535e-06,0.14749340304252181
121920.0,0.012010000000000002,5.491074261954054e-11,0.0,0.125,9.496077359331515e-12,4.945377440890297e-12,5.491074261954054e-11,4.945377440890297e-12,5.491074261954054e-11,0.1474145525853832,0.0,0.125,0.012201142634526029,4.832660238540676e-06,0.1474145525853832,7.036677406729863e-06,0.1474145525853832
121980.0,0.012010000000000002,5.491074261954054e-11,0.0,0.125,9.496077359331515e-12,4.945377440890297e-12,5.491074261954054e-11,4.945377440890297e-12,5.491074261954054e-11,0.1473358017859116,0.0,0.125,0.012193786495727442,4.826336811480925e-06,0.1473358017859116,7.0384448175586645e-06,0.1473358017859116
122040.0,0.012010000000000002,5.491074261954054e-11,0.0,0.125,9.496077359331515e-12,4.945377440890297e-12,5.491074261954054e-11,4.945377440890297e-12,5.491074261954054e-11,0.1472571504537199,0.0,0.125,0.012186440654589051,4.820025811397288e-06,0.1472571504537199,7.040203867769712e-06,0.1472571504537199
122100.0,0.012010000000000002,5.491074261954054e-11,0.0,0.125,9.496077359331515e-12,4.945377440890297e-12,5.491074261954054e-11,4.945377440890297e-12,5.491074261954054e-11,0.14717859839889585,0.0,0.125,0.012179105089968953,4.8137272073423e-06,0.14717859839889585,7.041954580733201e-06,0.14717859839889585
122160.0,0.012010000000000002,5.491074261954054e-11,0.0,0.125,9.496386277694397e-12,4.945377440890297e-12,5.491074261954054e-11,4.945377440890297e-12,5.491074261954054e-11,0.14710014543200153,0.0,0.125,0.012171779780781052,4.8074409672027585e-06,0.14710014543200153,7.043696980346681e-06,0.14710014543200153
122220.0,0.012010000000000002,5.491074261954054e-11,0.0,0.125,9.49663588291095e-12,4.945377440890297e-12,5.491074261954054e-11,4.945377440890297e-12,5.491074261954054e-11,0.14702179136407223,0.0,0.125,0.012164464705994927,4.801167059143019e-06,0.14702179136407223,7.04543109084077e-06,0.14702179136407223
122280.0,0.012010000000000002,5.491074261954054e-11,0.0,0.125,9.49663588291095e-12,4.945377440890297e-12,5.491074261954054e-11,4.945377440890297e-12,5.491074261954054e-11,0.14694353600661397,0.0,0.125,0.012157159844635616,4.794905451910303e-06,0.14694353600661397,7.047156936335064e-06,0.14694353600661397
122340.0,0.012010000000000002,5.491074261954054e-11,0.0,0.125,9.49663588291095e-12,4.945377440890297e-12,5.491074261954054e-11,4.945377440890297e-12,5.491074261954054e-11,0.14686537917160253,0.0,0.125,0.012149865175783446,4.788656114557144e-06,0.14686537917160253,7.0488745400054675e-06,0.14686537917160253
122400.0,0.012010000000000002,5.491074261954054e-11,0.0,0.125,9.49663588291095e-12,4.945377440890297e-12,5.491074261954054e-11,4.945377440890297e-12,5.491074261954054e-11,0.14678732067148242,0.0,0.125,0.012142580678573892,4.7824190151646295e-06,0.14678732067148242,7.050583925777287e-06,0.14678732067148242
122460.0,0.012010000000000002,5.491074261954054e-11,0.0,0.125,9.49663588291095e-12,4.945377440890297e-12,5.491074261954054e-11,4.945377440890297e-12,5.491074261954054e-11,0.14670936031916532,0.0,0.125,0.01213530633219732,4.776194122591004e-06,0.14670936031916532,7.052285117492563e-06,0.14670936031916532
122520.0,0.012010000000000002,5.491074261954054e-11,0.0,0.125,9.49663588291095e-12,4.945377440890297e-12,5.491074261954054e-11,4.945377440890297e-12,5.491074261954054e-11,0.14663149792802843,0.0,0.125,0.012128042115898912,4.7699814052226674e-06,0.14663149792802843,7.053978138410466e-06,0.14663149792802843
122580.0,0.012010000000000002,5.491074261954054e-11,0.0,0.125,9.49663588291095e-12,4.945377440890297e-12,5.491074261954054e-11,4.945377440890297e-12,5.491074261954054e-11,0.1465537333119119,0.0,0.125,0.012120788008978433,4.7637808331391085e-06,0.1465537333119119,7.0556630116791474e-06,0.1465537333119119
122640.0,0.012010000000000002,5.491074261954054e-11,0.0,0.125,9.49663588291095e-12,4.945377440890297e-12,5.491074261954054e-11,4.945377440890297e-12,5.491074261954054e-11,0.14647606628512058,0.0,0.125,0.012113543990790065,4.757592374865505e-06,0.14647606628512058,7.05733976105738e-06,0.14647606628512058
122700.0,0.012010000000000002,5.491074261954054e-11,0.0,0.125,9.49663588291095e-12,4.945377440890297e-12,5.491074261954054e-11,4.945377440890297e-12,5.491074261954054e-11,0.1463984966624191,0.0,0.125,0.012106310040742219,4.751415999787456e-06,0.1463984966624191,7.059008409610046e-06,0.1463984966624191
122760.0,0.012010000000000002,5.491074261954054e-11,0.0,0.125,9.49663588291095e-12,4.945377440890297e-12,5.491074261954054e-11,4.945377440890297e-12,5.491074261954054e-11,0.14632102425903296,0.0,0.125,0.012099086138297445,4.7452516767909625e-06,0.14632102425903296,7.060668980846119e-06,0.14632102425903296
122820.0,0.012010000000000002,5.491074261954054e-11,0.0,0.125,9.49663588291095e-12,4.945377440890297e-12,5.491074261954054e-11,4.945377440890297e-12,5.491074261954054e-11,0.14624364889064573,0.0,0.125,0.012091872262972115,4.739099375594691e-06,0.14624364889064573,7.062321497691704e-06,0.14624364889064573
122880.0,0.012010000000000002,5.491074261954054e-11,0.0,0.125,9.49663588291095e-12,4.945377440890297e-12,5.491074261954054e-11,4.945377440890297e-12,5.491074261954054e-11,0.1461663703733989,0.0,0.125,0.012084668394336383,4.732959065084641e-06,0.1461663703733989,7.063965983544751e-06,0.1461663703733989
122940.0,0.012010000000000002,5.491074261954054e-11,0.0,0.125,9.49663588291095e-12,4.945377440890297e-12,5.491074261954054e-11,4.945377440890297e-12,5.491074261954054e-11,0.1460891885238884,0.0,0.125,0.012077474512013965,4.7268307154513245e-06,0.1460891885238884,7.065602461081566e-06,0.1460891885238884
123000.0,0.012010000000000002,5.491074261954054e-11,0.0,0.125,9.49663588291095e-12,4.945377440890297e-12,5.491074261954054e-11,4.945377440890297e-12,5.491074261954054e-11,0.14601210315916585,0.0,0.125,0.012070290595681968,4.72071429577503e-06,0.14601210315916585,7.067230953838877e-06,0.14601210315916585
123060.0,0.012010000000000002,5.491074261954054e-11,0.0,0.125,9.496786544799429e-12,4.945377440890297e-12,5.491074261954054e-11,4.945377440890297e-12,5.491074261954054e-11,0.14593511409673474,0.0,0.125,0.012063116625070716,4.71460977649607e-06,0.14593511409673474,7.06885148410441e-06,0.14593511409673474
123120.0,0.012010000000000002,5.491074261954054e-11,0.0,0.125,9.497733006867707e-12,4.945377440890297e-12,5.491074261954054e-11,4.945377440890297e-12,5.491074261954054e-11,0.14585822115455133,0.0,0.125,0.0120559525799636,4.708517126833511e-06,0.14585822115455133,7.070464075303873e-06,0.14585822115455133
123180.0,0.012010000000000002,5.491074261954054e-11,0.0,0.125,9.497733006867707e-12,4.945377440890297e-12,5.491074261954054e-11,4.945377440890297e-12,5.491074261954054e-11,0.14578142415102147,0.0,0.125,0.01204879844019688,4.702436316839087e-06,0.14578142415102147,7.072068749808258e-06,0.14578142415102147
123240.0,0.012010000000000002,5.4853899200679734e-11,0.00015457453345068704,0.125,9.457136457983027e-12,4.888534022029489e-12,5.4853899200679734e-11,4.888534022029489e-12,5.4853899200679734e-11,0.1457047229050004,0.0,0.125,0.012041654185659573,4.6963673162314645e-06,0.1457047229050004,7.073665530654694e-06,0.1457047229050004
123300.0,0.012010000000000002,5.4853899200679734e-11,0.00015457453345068704,0.125,9.457136457983027e-12,4.888534022029489e-12,5.4853899200679734e-11,4.888534022029489e-12,5.4853899200679734e-11,0.14562811723579025,0.0,0.125,0.012034519796293212,4.690310096089334e-06,0.14562811723579025,7.075254439742329e-06,0.14562811723579025
123360.0,0.012010000000000002,5.4853899200679734e-11,0.00015457453345068704,0.125,9.457136457983027e-12,4.888534022029489e-12,5.4853899200679734e-11,4.888534022029489e-12,5.4853899200679734e-11,0.14555160696313973,0.0,0.125,0.012027395252091738,4.68426462602034e-06,0.14555160696313973,7.076835499969514e-06,0.14555160696313973
123420.0,0.012010000000000002,5.4853899200679734e-11,0.00015457453345068704,0.125,9.457136457983027e-12,4.888534022029489e-12,5.4853899200679734e-11,4.888534022029489e-12,5.4853899200679734e-11,0.1454751919072429,0.0,0.125,0.012020280533101318,4.678230875826417e-06,0.1454751919072429,7.07840873434562e-06,0.1454751919072429
123480.0,0.012010000000000002,5.4853899200679734e-11,0.00015457453345068704,0.125,9.457136457983027e-12,4.888534022029489e-12,5.4853899200679734e-11,4.888534022029489e-12,5.4853899200679734e-11,0.1453988718887365,0.0,0.125,0.01201317561942017,4.672208817002588e-06,0.1453988718887365,7.07997416438122e-06,0.1453988718887365
123540.0,0.012010000000000002,5.4853899200679734e-11,0.00015457453345068704,0.125,9.457136457983027e-12,4.888534022029489e-12,5.4853899200679734e-11,4.888534022029489e-12,5.4853899200679734e-11,0.14532264672870054,0.0,0.125,0.012006080491198416,4.66619841926752e-06,0.14532264672870054,7.081531813446507e-06,0.14532264672870054
123600.0,0.012010000000000002,5.4853899200679734e-11,0.00015457453345068704,0.125,9.457136457983027e-12,4.888534022029489e-12,5.4853899200679734e-11,4.888534022029489e-12,5.4853899200679734e-11,0.14524651624865467,0.0,0.125,0.011998995128637894,4.6601996533113255e-06,0.14524651624865467,7.083081702996541e-06,0.14524651624865467
123660.0,0.012010000000000002,5.4853899200679734e-11,0.00015457453345068704,0.125,9.457136457983027e-12,4.888534022029489e-12,5.4853899200679734e-11,4.888534022029489e-12,5.4853899200679734e-11,0.1451704802705593,0.0,0.125,0.011991919511992027,4.6542124897686055e-06,0.1451704802705593,7.084623855596606e-06,0.1451704802705593
123720.0,0.012010000000000002,5.4853899200679734e-11,0.00015457453345068704,0.125,9.457136457983027e-12,4.888534022029489e-12,5.4853899200679734e-11,4.888534022029489e-12,5.4853899200679734e-11,0.14509453861681193,0.0,0.125,0.011984853621565648,4.648236899162939e-06,0.14509453861681193,7.086158293423406e-06,0.14509453861681193
123780.0,0.012010000000000002,5.4853899200679734e-11,0.00015457453345068704,0.125,9.45714345861884e-12,4.888534022029489e-12,5.4853899200679734e-11,4.888534022029489e-12,5.4853899200679734e-11,0.14501869111024784,0.0,0.125,0.011977797437714795,4.642272852489748e-06,0.14501869111024784,7.0876850388201795e-06,0.14501869111024784
123840.0,0.012010000000000002,5.4853899200679734e-11,0.00015457453345068704,0.125,9.462349720935717e-12,4.888534022029489e-12,5.4853899200679734e-11,4.888534022029489e-12,5.4853899200679734e-11,0.14494293757413723,0.0,0.125,0.011970750940846637,4.6363203214383475e-06,0.14494293757413723,7.089204113047698e-06,0.14494293757413723
123900.0,0.012010000000000002,5.4853899200679734e-11,0.00015457453345068704,0.125,9.46235672187043e-12,4.888534022029489e-12,5.4853899200679734e-11,4.888534022029489e-12,5.4853899200679734e-11,0.1448672778321855,0.0,0.125,0.011963714111419237,4.630379275533114e-06,0.1448672778321855,7.090715538782266e-06,0.1448672778321855
123960.0,0.012010000000000002,5.4853899200679734e-11,0.00015457453345068704,0.125,9.46235672187043e-12,4.888534022029489e-12,5.4853899200679734e-11,4.888534022029489e-12,5.4853899200679734e-11,0.14479171170853006,0.0,0.125,0.011956686929941437,4.6244496871572505e-06,0.14479171170853006,7.0922193375344555e-06,0.14479171170853006
124020.0,0.012010000000000002,5.4853899200679734e-11,0.00015457453345068704,0.125,9.462363725774087e-12,4.888534022029489e-12,5.4853899200679734e-11,4.888534022029489e-12,5.4853899200679734e-11,0.14471623902774056,0.0,0.125,0.011949669376972663,4.618531526640046e-06,0.14471623902774056,7.093715531591993e-06,0.14471623902774056
124080.0,0.012010000000000002,5.4853899200679734e-11,0.00015457453345068704,0.125,9.462363725774087e-12,4.888534022029489e-12,5.4853899200679734e-11,4.888534022029489e-12,5.4853899200679734e-11,0.14464085961481682,0.0,0.125,0.011942661433122816,4.612624765754081e-06,0.14464085961481682,7.095204142382183e-06,0.14464085961481682
124140.0,0.012010000000000002,5.4853899200679734e-11,0.00015457453345068704,0.125,9.462380548472456e-12,4.888534022029489e-12,5.4853899200679734e-11,4.888534022029489e-12,5.4853899200679734e-11,0.14456557329518782,0.0,0.125,0.01193566307905206,4.606729375689067e-06,0.14456557329518782,7.09668519133233e-06,0.14456557329518782
124200.0,0.012010000000000002,5.4853899200679734e-11,0.00015457453345068704,0.125,9.462394564387551e-12,4.888534022029489e-12,5.4853899200679734e-11,4.888534022029489e-12,5.4853899200679734e-11,0.14449037989471042,0.0,0.125,0.01192867429547067,4.600845328439629e-06,0.14449037989471042,7.098158700258317e-06,0.14449037989471042
124260.0,0.012009666666666668,5.4853899200679734e-11,0.00015457024328878165,0.125,9.469865701823926e-12,4.888534022029489e-12,5.4853899200679734e-11,4.888534022029489e-12,5.4853899200679734e-11,0.14441527700296938,0.0,0.125,0.011921694799369692,4.594972431909428e-06,0.14441527700296938,7.0996243794752e-06,0.14441527700296938
124320.0,0.012009333333333335,5.4853899200679734e-11,0.0,0.125,9.469965176243218e-12,4.888534022029489e-12,5.4853899200679734e-11,4.888534022029489e-12,5.4853899200679734e-11,0.1443402622219202,0.0,0.125,0.011914724307972559,4.589110497471571e-06,0.1443402622219202,7.101081939853149e-06,0.1443402622219202
124380.0,0.012009000000000002,5.4853899200679734e-11,0.0001545616629649709,0.125,9.470067525818103e-12,4.888534022029489e-12,5.4853899200679734e-11,4.888534022029489e-12,5.4853899200679734e-11,0.14426533539655545,0.0,0.125,0.011907762802558668,4.5832594974259955e-06,0.14426533539655545,7.102531404568069e-06,0.14426533539655545
124440.0,0.012008666666666667,5.4853899200679734e-11,0.0,0.125,9.470067525818103e-12,4.888534022029489e-12,5.4853899200679734e-11,4.888534022029489e-12,5.4853899200679734e-11,0.14419049637220946,0.0,0.125,0.011900810264634618,4.577419406459615e-06,0.14419049637220946,7.103972794686442e-06,0.14419049637220946
124500.0,0.012008333333333334,5.4853899200679734e-11,0.0,0.125,9.470227033683495e-12,4.888534022029489e-12,5.4853899200679734e-11,4.888534022029489e-12,5.4853899200679734e-11,0.14411574499455967,0.0,0.125,0.011893866675915203,4.571590198454434e-06,0.14411574499455967,7.105406132884573e-06,0.14411574499455967
124560.0,0.012008000000000001,5.4853899200679734e-11,0.00015454879247925476,0.125,9.470428524504388e-12,4.888534022029489e-12,5.4853899200679734e-11,4.888534022029489e-12,5.4853899200679734e-11,0.14404108110962563,0.0,0.125,0.011886932018306217,4.5657718465152985e-06,0.14404108110962563,7.106831442227346e-06,0.14404108110962563
124620.0,0.012007666666666668,5.4853899200679734e-11,0.0,0.125,9.48422440332601e-12,4.945377440890297e-12,5.4853899200679734e-11,4.945377440890297e-12,5.4853899200679734e-11,0.14396650456376564,0.0,0.125,0.011880006273889082,4.559964324718502e-06,0.14396650456376564,7.108248743892265e-06,0.14396650456376564
124680.0,0.012007333333333335,5.4853899200679734e-11,0.0,0.125,9.48751188371375e-12,4.945377440890297e-12,5.4853899200679734e-11,4.945377440890297e-12,5.4853899200679734e-11,0.14389201520367845,0.0,0.125,0.011873089424906981,4.554167606751758e-06,0.14389201520367845,7.1096580599172565e-06,0.14389201520367845
124740.0,0.012007,5.4853899200679734e-11,0.0,0.125,9.488284099571474e-12,4.945377440890297e-12,5.4853899200679734e-11,4.945377440890297e-12,5.4853899200679734e-11,0.14381761287640135,0.0,0.125,0.011866181453752409,4.548381666802381e-06,0.14381761287640135,7.111059412812093e-06,0.14381761287640135
124800.0,0.012006666666666667,5.4853899200679734e-11,0.00015453163183163325,0.125,9.488284099571474e-12,4.945377440890297e-12,5.4853899200679734e-11,4.945377440890297e-12,5.4853899200679734e-11,0.14374329742930889,0.0,0.125,0.011859282342956011,4.542606479390754e-06,0.14374329742930889,7.112452823920812e-06,0.14374329742930889
124860.0,0.012006333333333334,5.4853899200679734e-11,0.0,0.125,9.488916012066808e-12,4.945377440890297e-12,5.4853899200679734e-11,4.945377440890297e-12,5.4853899200679734e-11,0.14366906871011248,0.0,0.125,0.011852392075176441,4.536842018315612e-06,0.14366906871011248,7.113838315420118e-06,0.14366906871011248
124920.0,0.012006000000000001,5.4853899200679734e-11,0.0001545230515078225,0.125,9.490483936882693e-12,4.945377440890297e-12,5.4853899200679734e-11,4.945377440890297e-12,5.4853899200679734e-11,0.14359492656685902,0.0,0.125,0.011845510633191284,4.5310882581806045e-06,0.14359492656685902,7.115215908626293e-06,0.14359492656685902
124980.0,0.012005666666666668,5.4853899200679734e-11,0.0,0.125,9.493025897548419e-12,4.945377440890297e-12,5.4853899200679734e-11,4.945377440890297e-12,5.4853899200679734e-11,0.14352087084793194,0.0,0.125,0.011838637999888978,4.525345171702e-06,0.14352087084793194,7.1165856264099325e-06,0.14352087084793194
125040.0,0.012005333333333335,5.4853899200679734e-11,0.0,0.125,9.512404778086394e-12,4.945377440890297e-12,5.4853899200679734e-11,4.945377440890297e-12,5.4853899200679734e-11,0.14344690140204658,0.0,0.125,0.01183177415826133,4.5196127348157145e-06,0.14344690140204658,7.117947489809762e-06,0.14344690140204658
125100.0,0.012005000000000002,5.4853899200679734e-11,0.00015451018102210639,0.125,9.547062661205553e-12,5.002220859751105e-12,5.4853899200679734e-11,5.286437954055145e-12,5.4853899200679734e-11,0.14337301807825228,0.0,0.125,0.011824919091396999,4.5138909225139745e-06,0.14337301807825228,7.119301519947774e-06,0.14337301807825228
125160.0,0.012004666666666667,5.4853899200679734e-11,0.000154505890860201,0.125,9.602156198455825e-12,5.343281372915953e-12,5.4853899200679734e-11,5.343281372915953e-12,5.4853899200679734e-11,0.14329922072593188,0.0,0.125,0.011818072782475467,4.508179707790605e-06,0.14329922072593188,7.12064773952803e-06,0.14329922072593188
125220.0,0.012004333333333334,5.4853899200679734e-11,0.0,0.125,9.60225254018071e-12,5.343281372915953e-12,5.4853899200679734e-11,5.343281372915953e-12,5.4853899200679734e-11,0.14322550919479804,0.0,0.125,0.011811235214761663,4.502479065859877e-06,0.14322550919479804,7.121986169034145e-06,0.14322550919479804
125280.0,0.012004,5.491074261954054e-11,0.0,0.125,9.602677189476874e-12,5.343281372915953e-12,5.491074261954054e-11,5.343281372915953e-12,5.491074261954054e-11,0.14315188333489504,0.0,0.125,0.011804406371601137,4.496788971658505e-06,0.14315188333489504,7.123316830504045e-06,0.14315188333489504
125340.0,0.012003666666666668,5.491074261954054e-11,0.0,0.125,9.604214300157766e-12,5.343281372915953e-12,5.491074261954054e-11,5.343281372915953e-12,5.491074261954054e-11,0.14307834299659639,0.0,0.125,0.011797586236415627,4.491109400261983e-06,0.14307834299659639,7.124639744893191e-06,0.14307834299659639
125400.0,0.012003333333333335,5.491074261954054e-11,0.0,0.125,9.60661096225345e-12,5.4001247917767614e-12,5.491074261954054e-11,5.4001247917767614e-12,5.491074261954054e-11,0.14300488803060557,0.0,0.125,0.011790774792699205,4.485440325524559e-06,0.14300488803060557,7.12595493379542e-06,0.14300488803060557
125460.0,0.012003,5.491074261954054e-11,0.0,0.125,9.606610962253451e-12,5.4001247917767614e-12,5.491074261954054e-11,5.4001247917767614e-12,5.491074261954054e-11,0.14293151828795325,0.0,0.125,0.011783972024014634,4.479781722882548e-06,0.14293151828795325,7.127262418527014e-06,0.14293151828795325
125520.0,0.012002666666666667,5.491074261954054e-11,0.0,0.125,9.60661096225345e-12,5.4001247917767614e-12,5.491074261954054e-11,5.4001247917767614e-12,5.491074261954054e-11,0.1428582336199978,0.0,0.125,0.011777177913990168,4.4741335668840865e-06,0.1428582336199978,7.128562219821388e-06,0.1428582336199978
125580.0,0.012002333333333334,5.491074261954054e-11,0.0,0.125,9.60661096225345e-12,5.4001247917767614e-12,5.491074261954054e-11,5.4001247917767614e-12,5.491074261954054e-11,0.14278503387842353,0.0,0.125,0.011770392446316688,4.4684958336593805e-06,0.14278503387842353,7.129854359272381e-06,0.14278503387842353
125640.0,0.012002,5.491074261954054e-11,0.000154471569564958,0.125,9.614334274347479e-12,5.4001247917767614e-12,5.491074261954054e-11,5.4001247917767614e-12,5.491074261954054e-11,0.14271191891524188,0.0,0.125,0.011763615604745044,4.462868497312478e-06,0.14271191891524188,7.131138857918717e-06,0.14271191891524188
125700.0,0.012001666666666667,5.491074261954054e-11,0.0,0.125,9.614334274347479e-12,5.4001247917767614e-12,5.491074261954054e-11,5.4001247917767614e-12,5.491074261954054e-11,0.14263888858278767,0.0,0.125,0.011756847373083688,4.457251533279694e-06,0.14263888858278767,7.132415736549325e-06,0.14263888858278767
125760.0,0.012001333333333334,5.491074261954054e-11,0.00015446298924114726,0.125,9.61433427434748e-12,5.4001247917767614e-12,5.491074261954054e-11,5.4001247917767614e-12,5.491074261954054e-11,0.14256594273372084,0.0,0.125,0.011750087735196557,4.451644917052855e-06,0.14256594273372084,7.133685016369462e-06,0.14256594273372084
125820.0,0.012001000000000001,5.491074261954054e-11,0.0,0.125,9.614978880225383e-12,5.4001247917767614e-12,5.491074261954054e-11,5.4001247917767614e-12,5.491074261954054e-11,0.14249308122102416,0.0,0.125,0.011743336675001088,4.446048623929499e-06,0.14249308122102416,7.134946718029278e-06,0.14249308122102416
125880.0,0.012000666666666666,5.491074261954054e-11,0.0,0.125,9.614978880225384e-12,5.4001247917767614e-12,5.491074261954054e-11,5.4001247917767614e-12,5.491074261954054e-11,0.1424203038980027,0.0,0.125,0.011736594176466525,4.4404626294847205e-06,0.1424203038980027,7.136200862345454e-06,0.1424203038980027
125940.0,0.012000333333333333,5.491074261954054e-11,0.0,0.125,9.615065922080366e-12,5.4001247917767614e-12,5.491074261954054e-11,5.4001247917767614e-12,5.491074261954054e-11,0.1423476106182841,0.0,0.125,0.011729860223612281,4.4348869084887e-06,0.1423476106182841,7.137447470662028e-06,0.1423476106182841
126000.0,0.012,5.491074261954054e-11,0.00015444582859352573,0.125,9.615109242020039e-12,5.4001247917767614e-12,5.491074261954054e-11,5.4001247917767614e-12,5.491074261954054e-11,0.14227500123581607,0.0,0.125,0.011723134800506534,4.4293214371549094e-06,0.14227500123581607,7.138686563296082e-06,0.14227500123581607
126060.0,0.012,5.491074261954054e-11,0.00015444582859352573,0.125,9.615109242020039e-12,5.4001247917767614e-12,5.491074261954054e-11,5.4001247917767614e-12,5.491074261954054e-11,0.14220247776409883,0.0,0.125,0.011716418145932795,4.423766344158198e-06,0.14220247776409883,7.139918468207496e-06,0.14220247776409883
126120.0,0.012,5.491074261954054e-11,0.00015444582859352573,0.125,9.615109242020039e-12,5.4001247917767614e-12,5.491074261954054e-11,5.4001247917767614e-12,5.491074261954054e-11,0.14213004220563819,0.0,0.125,0.011709710498530337,4.418221758700769e-06,0.14213004220563819,7.141143511663062e-06,0.14213004220563819
126180.0,0.012,5.491074261954054e-11,0.00015444582859352573,0.125,9.615109242020039e-12,5.4001247917767614e-12,5.491074261954054e-11,5.4001247917767614e-12,5.491074261954054e-11,0.14205769439842547,0.0,0.125,0.011703011842086292,4.412687655164227e-06,0.14205769439842547,7.142361713452505e-06,0.14205769439842547
126240.0,0.012,5.491074261954054e-11,0.00015444582859352573,0.125,9.615109242020039e-12,5.4001247917767614e-12,5.491074261954054e-11,5.4001247917767614e-12,5.491074261954054e-11,0.14198543418084505,0.0,0.125,0.01169632216026805,4.407164007264042e-06,0.14198543418084505,7.143573093421063e-06,0.14198543418084505
126300.0,0.012,5.491074261954054e-11,0.00015444582859352573,0.125,9.627349004761763e-12,5.4001247917767614e-12,5.491074261954054e-11,5.4001247917767614e-12,5.491074261954054e-11,0.14191326139167076,0.0,0.125,0.01168964143663958,4.401650788632416e-06,0.14191326139167076,7.1447776712474376e-06,0.14191326139167076
126360.0,0.012,5.491074261954054e-11,0.00015444582859352573,0.125,9.627363735891057e-12,5.4001247917767614e-12,5.491074261954054e-11,5.4001247917767614e-12,5.491074261954054e-11,0.14184117587006673,0.0,0.125,0.01168296965467611,4.3961479743725995e-06,0.14184117587006673,7.1459754662217545e-06,0.14184117587006673
126420.0,0.012,5.491074261954054e-11,0.00015444582859352573,0.125,9.627393204762159e-12,5.4001247917767614e-12,5.491074261954054e-11,5.4001247917767614e-12,5.491074261954054e-11,0.14176917745558476,0.0,0.125,0.011676306797777298,4.390655538283328e-06,0.14176917745558476,7.147166497079027e-06,0.14176917745558476
126480.0,0.012,5.491074261954054e-11,0.00015444582859352573,0.125,9.627908957608161e-12,5.4001247917767614e-12,5.491074261954054e-11,5.4001247917767614e-12,5.491074261954054e-11,0.14169726598816496,0.0,0.125,0.01166965284927907,4.3851734552458055e-06,0.14169726598816496,7.148350783386936e-06,0.14169726598816496
126540.0,0.012,5.491074261954054e-11,0.00015444582859352573,0.125,9.627908957608161e-12,5.4001247917767614e-12,5.491074261954054e-11,5.4001247917767614e-12,5.491074261954054e-11,0.1416254413081339,0.0,0.125,0.011663007792464314,4.379701699391836e-06,0.1416254413081339,7.1495283446854074e-06,0.1416254413081339
126600.0,0.012,5.491074261954054e-11,0.00015444582859352573,0.125,9.627908957608161e-12,5.4001247917767614e-12,5.491074261954054e-11,5.4001247917767614e-12,5.491074261954054e-11,0.14155370325620337,0.0,0.125,0.011656371610572371,4.374240245463845e-06,0.14155370325620337,7.150699200098032e-06,0.14155370325620337
126660.0,0.012,5.491074261954054e-11,0.00015444582859352573,0.125,9.627908957608161e-12,5.4001247917767614e-12,5.491074261954054e-11,5.4001247917767614e-12,5.491074261954054e-11,0.14148205167346978,0.0,0.125,0.011649744286807732,4.36878906820426e-06,0.14148205167346978,7.151863368776157e-06,0.14148205167346978
126720.0,0.012,5.491074261954054e-11,0.00015444582859352573,0.125,9.627908957608161e-12,5.4001247917767614e-12,5.491074261954054e-11,5.4001247917767614e-12,5.491074261954054e-11,0.14141048640141218,0.0,0.125,0.011643125804347735,4.363348142133461e-06,0.14141048640141218,7.153020869399285e-06,0.14141048640141218
126780.0,0.012,5.491074261954054e-11,0.00015444582859352573,0.125,9.627908957608161e-12,5.4001247917767614e-12,5.491074261954054e-11,5.4001247917767614e-12,5.491074261954054e-11,0.14133900728189244,0.0,0.125,0.011636516146349501,4.357917442326942e-06,0.14133900728189244,7.1541717213963185e-06,0.14133900728189244
126840.0,0.012,5.491074261954054e-11,0.00015444582859352573,0.125,9.636783476233076e-12,5.4001247917767614e-12,5.491074261954054e-11,5.4001247917767614e-12,5.491074261954054e-11,0.14126761415715372,0.0,0.125,0.011629915295956228,4.352496943443862e-06,0.14126761415715372,7.155315944029628e-06,0.14126761415715372
126900.0,0.012,5.491074261954054e-11,0.00015444582859352573,0.125,9.649963252102927e-12,5.4569682106375694e-12,5.491074261954054e-11,5.4569682106375694e-12,5.491074261954054e-11,0.14119630686981866,0.0,0.125,0.011623323236302795,4.347086620698493e-06,0.14119630686981866,7.1564535552015585e-06,0.14119630686981866
126960.0,0.012,5.491074261954054e-11,0.00015444582859352573,0.125,9.650005053759691e-12,5.4569682106375694e-12,5.491074261954054e-11,5.4569682106375694e-12,5.491074261954054e-11,0.1411250852628895,0.0,0.125,0.011616739950520809,4.341686449110815e-06,0.1411250852628895,7.157584574479792e-06,0.1411250852628895
127020.0,0.012,5.491074261954054e-11,0.00015444582859352573,0.125,9.650026619835188e-12,5.4569682106375694e-12,5.491074261954054e-11,5.4569682106375694e-12,5.491074261954054e-11,0.14105394917974665,0.0,0.125,0.011610165421743172,4.336296403367745e-06,0.14105394917974665,7.1587090204328074e-06,0.14105394917974665
127080.0,0.012,5.491074261954054e-11,0.00015444582859352573,0.125,9.651772505130463e-12,5.4569682106375694e-12,5.491074261954054e-11,5.4569682106375694e-12,5.491074261954054e-11,0.14098289846414674,0.0,0.125,0.011603599633108112,4.330916459127643e-06,0.14098289846414674,7.159826912017664e-06,0.14098289846414674
127140.0,0.012,5.491074261954054e-11,0.00015444582859352573,0.125,9.651772505130463e-12,5.4569682106375694e-12,5.491074261954054e-11,5.4569682106375694e-12,5.491074261954054e-11,0.14091193296022267,0.0,0.125,0.011597042567762913,4.325546591632534e-06,0.14091193296022267,7.160938267469774e-06,0.14091193296022267
127200.0,0.012,5.491074261954054e-11,0.00015444582859352573,0.125,9.651772505130463e-12,5.4569682106375694e-12,5.491074261954054e-11,5.4569682106375694e-12,5.491074261954054e-11,0.14084105251248236,0.0,0.125,0.011590494208867146,4.320186775930157e-06,0.14084105251248236,7.162043106190286e-06,0.14084105251248236
127260.0,0.012,5.491074261954054e-11,0.00015444582859352573,0.125,9.651772505130463e-12,5.4569682106375694e-12,5.491074261954054e-11,5.4569682106375694e-12,5.491074261954054e-11,0.14077025696580753,0.0,0.125,0.011583954539595646,4.3148369872347825e-06,0.14077025696580753,7.163141446386856e-06,0.14077025696580753
127320.0,0.012,5.491074261954054e-11,0.00015444582859352573,0.125,9.651772505130463e-12,5.4569682106375694e-12,5.491074261954054e-11,5.4569682106375694e-12,5.491074261954054e-11,0.140699546165452,0.0,0.125,0.01157742354314115,4.309497201454571e-06,0.140699546165452,7.164233306433676e-06,0.140699546165452
127380.0,0.012,5.491074261954054e-11,0.00015444582859352573,0.125,9.651772505130463e-12,5.4569682106375694e-12,5.491074261954054e-11,5.4569682106375694e-12,5.491074261954054e-11,0.14062891995704135,0.0,0.125,0.011570901202716696,4.304167394053593e-06,0.14062891995704135,7.165318704732693e-06,0.14062891995704135
127440.0,0.012,5.491074261954054e-11,0.00015444582859352573,0.125,9.651772505130463e-12,5.4569682106375694e-12,5.491074261954054e-11,5.4569682106375694e-12,5.491074261954054e-11,0.14055837818657252,0.0,0.125,0.011564387501557699,4.298847540773476e-06,0.14055837818657252,7.1663976600744306e-06,0.14055837818657252
127500.0,0.012,5.491074261954054e-11,0.00015444582859352573,0.125,9.651772505130463e-12,5.4569682106375694e-12,5.491074261954054e-11,5.4569682106375694e-12,5.491074261954054e-11,0.14048792070041077,0.0,0.125,0.01155788242292395,4.2935376169950246e-06,0.14048792070041077,7.16747019033348e-06,0.14048792070041077
127560.0,0.012,5.491074261954054e-11,0.00015444582859352573,0.125,9.651772505130463e-12,5.4569682106375694e-12,5.491074261954054e-11,5.4569682106375694e-12,5.491074261954054e-11,0.14041754734529105,0.0,0.125,0.011551385950101228,4.288237598348843e-06,0.14041754734529105,7.168536314133833e-06,0.14041754734529105
127620.0,0.012,5.491074261954054e-11,0.00015444582859352573,0.125,9.651772505130463e-12,5.4569682106375694e-12,5.491074261954054e-11,5.4569682106375694e-12,5.491074261954054e-11,0.1403472579683147,0.0,0.125,0.011544898066402878,4.282947461659026e-06,0.1403472579683147,7.169596049461102e-06,0.1403472579683147
127680.0,0.012,5.491074261954054e-11,0.00015444582859352573,0.125,9.651772505130463e-12,5.4569682106375694e-12,5.491074261954054e-11,5.4569682106375694e-12,5.491074261954054e-11,0.14027705241694965,0.0,0.125,0.01153841875517117,4.277667182306377e-06,0.14027705241694965,7.170649414522945e-06,0.14027705241694965
127740.0,0.012,5.491074261954054e-11,0.00015444582859352573,0.125,9.651772505130463e-12,5.4569682106375694e-12,5.491074261954054e-11,5.4569682106375694e-12,5.491074261954054e-11,0.14020693053902977,0.0,0.125,0.011531947999778521,4.27239673606028e-06,0.14020693053902977,7.171696427638041e-06,0.14020693053902977
127800.0,0.012,5.491074261954054e-11,0.00015444582859352573,0.125,9.651772505130463e-12,5.4569682106375694e-12,5.491074261954054e-11,5.4569682106375694e-12,5.491074261954054e-11,0.14013689218275258,0.0,0.125,0.011525485783628556,4.267136098828894e-06,0.14013689218275258,7.172737106958538e-06,0.14013689218275258
127860.0,0.012,5.491074261954054e-11,0.00015444582859352573,0.125,9.651772505130463e-12,5.4569682106375694e-12,5.491074261954054e-11,5.4569682106375694e-12,5.491074261954054e-11,0.14006693719667895,0.0,0.125,0.011519032090157097,4.261885247019981e-06,0.14006693719667895,7.173771470359025e-06,0.14006693719667895
127920.0,0.012,5.491074261954054e-11,0.00015444582859352573,0.125,9.651772505130463e-12,5.4569682106375694e-12,5.491074261954054e-11,5.4569682106375694e-12,5.491074261954054e-11,0.13999706542973195,0.0,0.125,0.01151258690283301,4.256644156930278e-06,0.13999706542973195,7.174799535908383e-06,0.13999706542973195
127980.0,0.012,5.491074261954054e-11,0.00015444582859352573,0.125,9.651772505130463e-12,5.4569682106375694e-12,5.491074261954054e-11,5.4569682106375694e-12,5.491074261954054e-11,0.13992727673119518,0.0,0.125,0.011506150205158971,4.251412805023058e-06,0.13992727673119518,7.1758213210371125e-06,0.13992727673119518
128040.0,0.012,5.491074261954054e-11,0.00015444582859352573,0.125,9.651772505130463e-12,5.4569682106375694e-12,5.491074261954054e-11,5.4569682106375694e-12,5.491074261954054e-11,0.1398575709507136,0.0,0.125,0.01149972198067214,4.246191166928925e-06,0.1398575709507136,7.1768368443692054e-06,0.1398575709507136
128100.0,0.012,5.491074261954054e-11,0.00015444582859352573,0.125,9.651772505130463e-12,5.4569682106375694e-12,5.491074261954054e-11,5.4569682106375694e-12,5.491074261954054e-11,0.13978794793829002,0.0,0.125,0.011493302212944815,4.2409792197772855e-06,0.13978794793829002,7.1778461236404745e-06,0.13978794793829002
128160.0,0.012,5.491074261954054e-11,0.00015444582859352573,0.125,9.651772505130463e-12,5.4569682106375694e-12,5.491074261954054e-11,5.4569682106375694e-12,5.491074261954054e-11,0.139718407544286,0.0,0.125,0.011486890885584843,4.235776939365277e-06,0.139718407544286,7.1788491769753104e-06,0.139718407544286
128220.0,0.012,5.491074261954054e-11,0.00015444582859352573,0.125,9.651772505130463e-12,5.4569682106375694e-12,5.491074261954054e-11,5.4569682106375694e-12,5.491074261954054e-11,0.13964894961941915,0.0,0.125,0.011480487982236174,4.230584302988838e-06,0.13964894961941915,7.179846020555214e-06,0.13964894961941915
128280.0,0.012,5.491074261954054e-11,0.00015444582859352573,0.125,9.651772505130463e-12,5.4569682106375694e-12,5.491074261954054e-11,5.4569682106375694e-12,5.491074261954054e-11,0.13957957401476373,0.0,0.125,0.011474093486579243,4.225401286667152e-06,0.13957957401476373,7.180836673226221e-06,0.13957957401476373
128340.0,0.012,5.491074261954054e-11,0.00015444582859352573,0.125,9.651772505130463e-12,5.4569682106375694e-12,5.491074261954054e-11,5.4569682106375694e-12,5.491074261954054e-11,0.13951028058174902,0.0,0.125,0.011467707382331311,4.2202278671410465e-06,0.13951028058174902,7.181821152696388e-06,0.13951028058174902
128400.0,0.012,5.491074261954054e-11,0.00015444582859352573,0.125,9.651772505130463e-12,5.4569682106375694e-12,5.491074261954054e-11,5.4569682106375694e-12,5.491074261954054e-11,0.13944106917215754,0.0,0.125,0.011461329653246793,4.215064021401149e-06,0.13944106917215754,7.182799475924373e-06,0.13944106917215754
128460.0,0.012,5.491074261954054e-11,0.00015444582859352573,0.125,9.651772505130463e-12,5.4569682106375694e-12,5.491074261954054e-11,5.4569682106375694e-12,5.491074261954054e-11,0.13937193963812505,0.0,0.125,0.011454960283117516,4.209909726354821e-06,0.13937193963812505,7.183771661284366e-06,0.13937193963812505
128520.0,0.012,5.491074261954054e-11,0.00015444582859352573,0.125,9.651772505130463e-12,5.4569682106375694e-12,5.491074261954054e-11,5.4569682106375694e-12,5.491074261954054e-11,0.1393028918321387,0.0,0.125,0.011448599255772922,4.20476495849309e-06,0.1393028918321387,7.184737724985624e-06,0.1393028918321387
128580.0,0.012,5.491074261954054e-11,0.00015444582859352573,0.125,9.651772505130463e-12,5.4569682106375694e-12,5.491074261954054e-11,5.4569682106375694e-12,5.491074261954054e-11,0.1392339256070369,0.0,0.125,0.011442246555080277,4.199629695500473e-06,0.1392339256070369,7.185697685457848e-06,0.1392339256070369
128640.0,0.012,5.491074261954054e-11,0.00015444582859352573,0.125,9.651772505130463e-12,5.4569682106375694e-12,5.491074261954054e-11,5.4569682106375694e-12,5.491074261954054e-11,0.1391650408160079,0.0,0.125,0.011435902164944847,4.194503913479419e-06,0.1391650408160079,7.186651559798474e-06,0.1391650408160079
128700.0,0.012,5.491074261954054e-11,0.00015444582859352573,0.125,9.651772505130463e-12,5.4569682106375694e-12,5.491074261954054e-11,5.4569682106375694e-12,5.491074261954054e-11,0.13909623731258774,0.0,0.125,0.011429566069310036,4.189387590364246e-06,0.13909623731258774,7.187599364771868e-06,0.13909623731258774
128760.0,0.012,5.491074261954054e-11,0.00015444582859352573,0.125,9.652226470977943e-12,5.4569682106375694e-12,5.491074261954054e-11,5.4569682106375694e-12,5.491074261954054e-11,0.1390275149506618,0.0,0.125,0.01142323825215743,4.184280702229648e-06,0.1390275149506618,7.188541119168557e-06,0.1390275149506618
128820.0,0.012,5.491074261954054e-11,0.00015444582859352573,0.125,9.652226470977943e-12,5.4569682106375694e-12,5.491074261954054e-11,5.4569682106375694e-12,5.491074261954054e-11,0.13895887358446024,0.0,0.125,0.011416918697507003,4.179183227953631e-06,0.13895887358446024,7.18947683847615e-06,0.13895887358446024
128880.0,0.012,5.4853899200679734e-11,0.0,0.125,9.610548066667855e-12,5.4001247917767614e-12,5.4853899200679734e-11,5.4001247917767614e-12,5.4853899200679734e-11,0.13889031306856042,0.0,0.125,0.011410607389417024,4.174095143638645e-06,0.13889031306856042,7.190406540347194e-06,0.13889031306856042
128940.0,0.012,5.4853899200679734e-11,0.0,0.125,9.643660046084516e-12,5.4001247917767614e-12,5.4853899200679734e-11,5.4001247917767614e-12,5.4853899200679734e-11,0.13882183325788383,0.0,0.125,0.011404304311984293,4.169016426996963e-06,0.13882183325788383,7.191330242073413e-06,0.13882183325788383
129000.0,0.012,5.4853899200679734e-11,0.0,0.125,9.643660046084516e-12,5.4001247917767614e-12,5.4853899200679734e-11,5.4001247917767614e-12,5.4853899200679734e-11,0.13875343400769613,0.0,0.125,0.011398009449344009,4.163947054852679e-06,0.13875343400769613,7.192247961029796e-06,0.13875343400769613
129060.0,0.012,5.4853899200679734e-11,0.0,0.125,9.643660046084516e-12,5.4001247917767614e-12,5.4853899200679734e-11,5.4001247917767614e-12,5.4853899200679734e-11,0.1386851151736046,0.0,0.125,0.011391722785669873,4.158887006222578e-06,0.1386851151736046,7.193159713564379e-06,0.1386851151736046
129120.0,0.012,5.4853899200679734e-11,0.0,0.125,9.643660046084516e-12,5.4001247917767614e-12,5.4853899200679734e-11,5.4001247917767614e-12,5.4853899200679734e-11,0.1386168766115594,0.0,0.125,0.01138544430517406,4.15383625726462e-06,0.1386168766115594,7.194065516913373e-06,0.1386168766115594
129180.0,0.012,5.4853899200679734e-11,0.0,0.125,9.643660046084516e-12,5.4001247917767614e-12,5.4853899200679734e-11,5.4001247917767614e-12,5.4853899200679734e-11,0.13854871817785058,0.0,0.125,0.01137917399210721,4.1487947859131236e-06,0.13854871817785058,7.194965387702368e-06,0.13854871817785058
129240.0,0.012,5.4853899200679734e-11,0.0,0.125,9.643660046084516e-12,5.4001247917767614e-12,5.4853899200679734e-11,5.4001247917767614e-12,5.4853899200679734e-11,0.1384806397291084,0.0,0.125,0.011372911830758456,4.143762570130161e-06,0.1384806397291084,7.195859343278599e-06,0.1384806397291084
129300.0,0.012,5.4853899200679734e-11,0.0,0.125,9.643660046084516e-12,5.4001247917767614e-12,5.4853899200679734e-11,5.4001247917767614e-12,5.4853899200679734e-11,0.13841264112230173,0.0,0.125,0.011366657805455328,4.138739587294937e-06,0.13841264112230173,7.1967474004064336e-06,0.13841264112230173
129360.0,0.012,5.4853899200679734e-11,0.0,0.125,9.643660046084516e-12,5.4001247917767614e-12,5.4853899200679734e-11,5.4001247917767614e-12,5.4853899200679734e-11,0.13834472221473693,0.0,0.125,0.01136041190056378,4.133725815563816e-06,0.13834472221473693,7.197629575739217e-06,0.13834472221473693
129420.0,0.012,5.491074261954054e-11,0.0,0.125,9.646930992263647e-12,5.4001247917767614e-12,5.491074261954054e-11,5.4001247917767614e-12,5.491074261954054e-11,0.13827688286405734,0.0,0.125,0.011354174100488062,4.128721233037647e-06,0.13827688286405734,7.198505886013562e-06,0.13827688286405734
129480.0,0.012,5.491074261954054e-11,0.0,0.125,9.647169640616891e-12,5.4001247917767614e-12,5.491074261954054e-11,5.4001247917767614e-12,5.491074261954054e-11,0.13820912292824197,0.0,0.125,0.011347944389670768,4.123725817234414e-06,0.13820912292824197,7.199376347910569e-06,0.13820912292824197
129540.0,0.012,5.491074261954054e-11,0.0,0.125,9.647169640616891e-12,5.4001247917767614e-12,5.491074261954054e-11,5.4001247917767614e-12,5.491074261954054e-11,0.13814144226560465,0.0,0.125,0.0113417227525927,4.11873954636599e-06,0.13814144226560465,7.20024097747296e-06,0.13814144226560465
129600.0,0.012,5.491074261954054e-11,0.0,0.125,9.647169640616891e-12,5.4001247917767614e-12,5.491074261954054e-11,5.4001247917767614e-12,5.491074261954054e-11,0.13807384073479317,0.0,0.125,0.011335509173772849,4.113762398422205e-06,0.13807384073479317,7.201099792131238e-06,0.13807384073479317
129660.0,0.012,5.491074261954054e-11,0.0,0.125,9.647169640616891e-12,5.4001247917767614e-12,5.491074261954054e-11,5.4001247917767614e-12,5.491074261954054e-11,0.13800631819478779,0.0,0.125,0.011329303637768287,4.1087943514206415e-06,0.13800631819478779,7.201952807900369e-06,0.13800631819478779
129720.0,0.012,5.491074261954054e-11,0.0,0.125,9.647169640616891e-12,5.4001247917767614e-12,5.491074261954054e-11,5.4001247917767614e-12,5.491074261954054e-11,0.13793887450490108,0.0,0.125,0.011323106129174141,4.103835383795218e-06,0.13793887450490108,7.202800041322677e-06,0.13793887450490108
129780.0,0.012,5.491074261954054e-11,0.0,0.125,9.647169640616891e-12,5.4001247917767614e-12,5.491074261954054e-11,5.4001247917767614e-12,5.491074261954054e-11,0.13787150952477634,0.0,0.125,0.01131691663262347,4.09888547386883e-06,0.13787150952477634,7.2036415088849726e-06,0.13787150952477634
129840.0,0.012,5.491074261954054e-11,0.0,0.125,9.647169640616891e-12,5.4001247917767614e-12,5.491074261954054e-11,5.4001247917767614e-12,5.491074261954054e-11,0.13780422311438678,0.0,0.125,0.011310735132787207,4.093944599964372e-06,0.13780422311438678,7.204477226963046e-06,0.13780422311438678
129900.0,0.012,5.491074261954054e-11,0.0,0.125,9.647169640616891e-12,5.4001247917767614e-12,5.491074261954054e-11,5.4001247917767614e-12,5.491074261954054e-11,0.1377370151340346,0.0,0.125,0.011304561614374094,4.089012740182696e-06,0.1377370151340346,7.205307211710643e-06,0.1377370151340346
129960.0,0.012,5.491074261954054e-11,0.0,0.125,9.647169640616891e-12,5.4001247917767614e-12,5.491074261954054e-11,5.4001247917767614e-12,5.491074261954054e-11,0.1376698854443501,0.0,0.125,0.011298396062130558,4.084089873596097e-06,0.1376698854443501,7.206131479586819e-06,0.1376698854443501
130020.0,0.012,5.491074261954054e-11,0.0,0.125,9.647169640616891e-12,5.4001247917767614e-12,5.491074261954054e-11,5.4001247917767614e-12,5.491074261954054e-11,0.1376028339062904,0.0,0.125,0.01129223846084062,4.079175978388694e-06,0.1376028339062904,7.206950046578786e-06,0.1376028339062904
130080.0,0.012,5.491074261954054e-11,0.0,0.125,9.647169640616891e-12,5.4001247917767614e-12,5.491074261954054e-11,5.4001247917767614e-12,5.491074261954054e-11,0.1375358603811393,0.0,0.125,0.011286088795325866,4.07427103307767e-06,0.1375358603811393,7.207762929090089e-06,0.1375358603811393
130140.0,0.012,5.491074261954054e-11,0.0,0.125,9.647169640616891e-12,5.4001247917767614e-12,5.491074261954054e-11,5.4001247917767614e-12,5.491074261954054e-11,0.13746896473050538,0.0,0.125,0.011279947050445261,4.069375016790833e-06,0.13746896473050538,7.208570143274473e-06,0.13746896473050538
130200.0,0.012,5.491074261954054e-11,0.0,0.125,9.647169640616891e-12,5.4001247917767614e-12,5.491074261954054e-11,5.4001247917767614e-12,5.491074261954054e-11,0.13740214681632157,0.0,0.125,0.011273813211095156,4.064487907684544e-06,0.13740214681632157,7.209371705341194e-06,0.13740214681632157
130260.0,0.012,5.491074261954054e-11,0.0,0.125,9.647169640616891e-12,5.4001247917767614e-12,5.491074261954054e-11,5.4001247917767614e-12,5.491074261954054e-11,0.13733540650084392,0.0,0.125,0.011267687262209067,4.059609684692322e-06,0.13733540650084392,7.210167631499509e-06,0.13733540650084392
130320.0,0.012,5.491074261954054e-11,0.0,0.125,9.647169640616891e-12,5.4001247917767614e-12,5.491074261954054e-11,5.4001247917767614e-12,5.491074261954054e-11,0.13726874364665104,0.0,0.125,0.011261569188757715,4.054740326386863e-06,0.13726874364665104,7.21095793684845e-06,0.13726874364665104
130380.0,0.012,5.491074261954054e-11,0.0,0.125,9.647169640616891e-12,5.4001247917767614e-12,5.491074261954054e-11,5.4001247917767614e-12,5.491074261954054e-11,0.1372021581166432,0.0,0.125,0.011255458975748795,4.049879812090262e-06,0.1372021581166432,7.211742638235652e-06,0.1372021581166432
130440.0,0.012,5.491074261954054e-11,0.0,0.125,9.647169640616891e-12,5.4001247917767614e-12,5.491074261954054e-11,5.4001247917767614e-12,5.491074261954054e-11,0.1371356497740404,0.0,0.125,0.011249356608226999,4.0450281204029714e-06,0.1371356497740404,7.21252175087117e-06,0.1371356497740404
130500.0,0.012,5.491074261954054e-11,0.0,0.125,9.647169640616891e-12,5.4001247917767614e-12,5.491074261954054e-11,5.4001247917767614e-12,5.491074261954054e-11,0.13706921848238304,0.0,0.125,0.011243262071273817,4.040185230619331e-06,0.13706921848238304,7.213295291297328e-06,0.13706921848238304
130560.0,0.012,5.491074261954054e-11,0.0,0.125,9.647169640616891e-12,5.4001247917767614e-12,5.491074261954054e-11,5.4001247917767614e-12,5.491074261954054e-11,0.13700286410552914,0.0,0.125,0.011237175350007504,4.035351122255726e-06,0.13700286410552914,7.214063274363358e-06,0.13700286410552914
130620.0,0.012,5.491074261954054e-11,0.0,0.125,9.647169640616891e-12,5.4001247917767614e-12,5.491074261954054e-11,5.4001247917767614e-12,5.491074261954054e-11,0.1369365865076556,0.0,0.125,0.011231096429582909,4.030525773912608e-06,0.1369365865076556,7.214825716528317e-06,0.1369365865076556
130680.0,0.012,5.491074261954054e-11,0.0,0.125,9.647169640616891e-12,5.4001247917767614e-12,5.491074261954054e-11,5.4001247917767614e-12,5.491074261954054e-11,0.13687038555325562,0.0,0.125,0.011225025295191444,4.02570916480105e-06,0.13687038555325562,7.215582633557371e-06,0.13687038555325562
130740.0,0.012,5.491074261954054e-11,0.0,0.125,9.647169640616891e-12,5.4001247917767614e-12,5.491074261954054e-11,5.4001247917767614e-12,5.491074261954054e-11,0.1368042611071379,0.0,0.125,0.011218961932060924,4.020901274326416e-06,0.1368042611071379,7.216334040771599e-06,0.1368042611071379
130800.0,0.012,5.491074261954054e-11,0.0,0.125,9.647169640616891e-12,5.4001247917767614e-12,5.491074261954054e-11,5.4001247917767614e-12,5.491074261954054e-11,0.13673821303442693,0.0,0.125,0.011212906325455498,4.0161020813667125e-06,0.13673821303442693,7.217079954269234e-06,0.13673821303442693
130860.0,0.012,5.491074261954054e-11,0.0,0.125,9.647169640616891e-12,5.4001247917767614e-12,5.491074261954054e-11,5.4001247917767614e-12,5.491074261954054e-11,0.13667224120056082,0.0,0.125,0.01120685846067555,4.01131156521628e-06,0.13667224120056082,7.217820389787688e-06,0.13667224120056082
130920.0,0.012,5.411493475548923e-11,0.0,0.125,9.082897166762233e-12,4.604316927725449e-12,5.411493475548923e-11,4.604316927725449e-12,5.411493475548923e-11,0.1366063454712903,0.0,0.125,0.011200818323057523,4.006529706390705e-06,0.1366063454712903,7.218555362148438e-06,0.1366063454712903
130980.0,0.012,5.411493475548923e-11,0.0,0.125,9.082897166762233e-12,4.604316927725449e-12,5.411493475548923e-11,4.604316927725449e-12,5.411493475548923e-11,0.13654052571267883,0.0,0.125,0.011194785897973942,4.001756483767993e-06,0.13654052571267883,7.219284887005628e-06,0.13654052571267883
131040.0,0.012,5.411493475548923e-11,0.0,0.125,9.082897166762233e-12,4.604316927725449e-12,5.411493475548923e-11,4.604316927725449e-12,5.411493475548923e-11,0.13647478179110117,0.0,0.125,0.0111887611708332,3.996991877364131e-06,0.13647478179110117,7.220008979819115e-06,0.13647478179110117
131100.0,0.012,5.411493475548923e-11,0.0,0.125,9.085055151840284e-12,4.604316927725449e-12,5.411493475548923e-11,4.604316927725449e-12,5.411493475548923e-11,0.1364091135732429,0.0,0.125,0.01118274412707949,3.9922358660571255e-06,0.1364091135732429,7.220727656076509e-06,0.1364091135732429
131160.0,0.012,5.4228621593210846e-11,0.0,0.125,9.115947321018729e-12,4.604316927725449e-12,5.4228621593210846e-11,4.604316927725449e-12,5.4228621593210846e-11,0.13634352092609853,0.0,0.125,0.01117673475219272,3.987488429973984e-06,0.13634352092609853,7.22144093096011e-06,0.13634352092609853
131220.0,0.012,5.4228621593210846e-11,0.0,0.125,9.115947321018729e-12,4.604316927725449e-12,5.4228621593210846e-11,4.604316927725449e-12,5.4228621593210846e-11,0.13627800371697174,0.0,0.125,0.011170733031688364,3.982749548436804e-06,0.13627800371697174,7.222148820401619e-06,0.13627800371697174
131280.0,0.012,5.4228621593210846e-11,0.0,0.125,9.115947321018729e-12,4.604316927725449e-12,5.4228621593210846e-11,4.604316927725449e-12,5.4228621593210846e-11,0.13621256181347385,0.0,0.125,0.011164738951117399,3.978019201378302e-06,0.13621256181347385,7.222851339694358e-06,0.13621256181347385
131340.0,0.012,5.4228621593210846e-11,0.0,0.125,9.115947321018729e-12,4.604316927725449e-12,5.4228621593210846e-11,4.604316927725449e-12,5.4228621593210846e-11,0.13614719508352244,0.0,0.125,0.011158752496066189,3.973297368980999e-06,0.13614719508352244,7.223548503132449e-06,0.13614719508352244
131400.0,0.012,5.4228621593210846e-11,0.0,0.125,9.115947321018729e-12,4.604316927725449e-12,5.4228621593210846e-11,4.604316927725449e-12,5.4228621593210846e-11,0.13608190339534149,0.0,0.125,0.011152773652156365,3.968584030983324e-06,0.13608190339534149,7.224240326092479e-06,0.13608190339534149
131460.0,0.012,5.4228621593210846e-11,0.0,0.125,9.115947321018729e-12,4.604316927725449e-12,5.4228621593210846e-11,4.604316927725449e-12,5.4228621593210846e-11,0.13601668661746047,0.0,0.125,0.011146802405044747,3.963879167845352e-06,0.13601668661746047,7.224926823951039e-06,0.13601668661746047
131520.0,0.012,5.4228621593210846e-11,0.0,0.125,9.116001407624129e-12,4.604316927725449e-12,5.4228621593210846e-11,4.604316927725449e-12,5.4228621593210846e-11,0.1359515446187128,0.0,0.125,0.011140838740423226,3.9591827588059125e-06,0.1359515446187128,7.225608012528806e-06,0.1359515446187128
131580.0,0.012,5.4228621593210846e-11,0.0,0.125,9.116001407624129e-12,4.604316927725449e-12,5.4228621593210846e-11,4.604316927725449e-12,5.4228621593210846e-11,0.13588647726823533,0.0,0.125,0.011134882644018646,3.954494784186302e-06,0.13588647726823533,7.226283905870101e-06,0.13588647726823533
131640.0,0.012,5.4228621593210846e-11,0.0,0.125,9.116001407624129e-12,4.604316927725449e-12,5.4228621593210846e-11,4.604316927725449e-12,5.4228621593210846e-11,0.13582148443546696,0.0,0.125,0.011128934101592752,3.949815224557618e-06,0.13582148443546696,7.226954519129469e-06,0.13582148443546696
131700.0,0.012,5.4228621593210846e-11,0.0,0.125,9.116001407624129e-12,4.604316927725449e-12,5.4228621593210846e-11,4.604316927725449e-12,5.4228621593210846e-11,0.1357565659901486,0.0,0.125,0.011122993098942002,3.945144059824823e-06,0.1357565659901486,7.22761986723941e-06,0.1357565659901486
131760.0,0.012,5.4228621593210846e-11,0.0,0.125,9.116001407624129e-12,4.604316927725449e-12,5.4228621593210846e-11,4.604316927725449e-12,5.4228621593210846e-11,0.13569172180232217,0.0,0.125,0.011117059621897546,3.940481269976148e-06,0.13569172180232217,7.228279965576512e-06,0.13569172180232217
131820.0,0.012,5.4228621593210846e-11,0.0,0.125,9.116001407624129e-12,4.604316927725449e-12,5.4228621593210846e-11,4.604316927725449e-12,5.4228621593210846e-11,0.13562695174232925,0.0,0.125,0.011111133656325078,3.9358268351386005e-06,0.13562695174232925,7.228934829128786e-06,0.13562695174232925
131880.0,0.012,5.4228621593210846e-11,0.0,0.125,9.116001407624129e-12,4.604316927725449e-12,5.4228621593210846e-11,4.604316927725449e-12,5.4228621593210846e-11,0.13556225568080993,0.0,0.125,0.01110521518812474,3.931180736549411e-06,0.13556225568080993,7.229584471857287e-06,0.13556225568080993
131940.0,0.012,5.4228621593210846e-11,0.0,0.125,9.116001407624129e-12,4.604316927725449e-12,5.4228621593210846e-11,4.604316927725449e-12,5.4228621593210846e-11,0.13549763348870347,0.0,0.125,0.011099304203231063,3.926542954085788e-06,0.13549763348870347,7.23022890947167e-06,0.13549763348870347
132000.0,0.012,5.4228621593210846e-11,0.0,0.125,9.116001407624129e-12,4.604316927725449e-12,5.4228621593210846e-11,4.604316927725449e-12,5.4228621593210846e-11,0.13543308503724533,0.0,0.125,0.011093400687612758,3.921913468735161e-06,0.13543308503724533,7.230868155766457e-06,0.13543308503724533
132060.0,0.012,5.4228621593210846e-11,0.0,0.125,9.116176495955612e-12,4.604316927725449e-12,5.4228621593210846e-11,4.604316927725449e-12,5.4228621593210846e-11,0.13536861019796848,0.0,0.125,0.01108750462727275,3.917292260069427e-06,0.13536861019796848,7.231502226173747e-06,0.13536861019796848
132120.0,0.012,5.4228621593210846e-11,0.0,0.125,9.116176495955612e-12,4.604316927725449e-12,5.4228621593210846e-11,4.604316927725449e-12,5.4228621593210846e-11,0.1353042088427011,0.0,0.125,0.011081616008247962,3.912679309520106e-06,0.1353042088427011,7.232131135376241e-06,0.1353042088427011
132180.0,0.012,5.4228621593210846e-11,0.0,0.125,9.116176495955612e-12,4.604316927725449e-12,5.4228621593210846e-11,4.604316927725449e-12,5.4228621593210846e-11,0.13523988084356578,0.0,0.125,0.011075734816609303,3.908074597547273e-06,0.13523988084356578,7.232754897529281e-06,0.13523988084356578
132240.0,0.012,5.4228621593210846e-11,0.0,0.125,9.116176495955612e-12,4.604316927725449e-12,5.4228621593210846e-11,4.604316927725449e-12,5.4228621593210846e-11,0.13517562607297956,0.0,0.125,0.011069861038461512,3.903478104805291e-06,0.13517562607297956,7.2333735278984346e-06,0.13517562607297956
132300.0,0.012,5.4228621593210846e-11,0.0,0.125,9.116176495955612e-12,4.604316927725449e-12,5.4228621593210846e-11,4.604316927725449e-12,5.4228621593210846e-11,0.13511144440365253,0.0,0.125,0.011063994659943063,3.898889812004036e-06,0.13511144440365253,7.2339870402782225e-06,0.13511144440365253
132360.0,0.012,5.4228621593210846e-11,0.0,0.125,9.116176495955612e-12,4.604316927725449e-12,5.4228621593210846e-11,4.604316927725449e-12,5.4228621593210846e-11,0.13504733570858674,0.0,0.125,0.01105813566722609,3.8943097001586935e-06,0.13504733570858674,7.234595449601144e-06,0.13504733570858674
132420.0,0.012,5.4228621593210846e-11,0.0,0.125,9.116176495955612e-12,4.604316927725449e-12,5.4228621593210846e-11,4.604316927725449e-12,5.4228621593210846e-11,0.13498329986107582,0.0,0.125,0.011052284046516243,3.889737749812605e-06,0.13498329986107582,7.235198769967033e-06,0.13498329986107582
132480.0,0.012,5.4228621593210846e-11,0.0,0.125,9.116176495955612e-12,4.604316927725449e-12,5.4228621593210846e-11,4.604316927725449e-12,5.4228621593210846e-11,0.13491933673470435,0.0,0.125,0.011046439784052656,3.885173942230757e-06,0.13491933673470435,7.235797016280632e-06,0.13491933673470435
132540.0,0.012,5.4228621593210846e-11,0.0,0.125,9.116176495955612e-12,4.604316927725449e-12,5.4228621593210846e-11,4.604316927725449e-12,5.4228621593210846e-11,0.13485544620334614,0.0,0.125,0.011040602866107786,3.880618258261803e-06,0.13485544620334614,7.236390202336462e-06,0.13485544620334614
132600.0,0.012,5.4228621593210846e-11,0.0,0.125,9.116186816359948e-12,4.604316927725449e-12,5.4228621593210846e-11,4.604316927725449e-12,5.4228621593210846e-11,0.1347916281411638,0.0,0.125,0.01103477327898734,3.876070679087462e-06,0.1347916281411638,7.236978342567424e-06,0.1347916281411638
132660.0,0.012,5.4228621593210846e-11,0.0,0.125,9.116186816359948e-12,4.604316927725449e-12,5.4228621593210846e-11,4.604316927725449e-12,5.4228621593210846e-11,0.1347278824226092,0.0,0.125,0.011028951009030197,3.871531185306587e-06,0.1347278824226092,7.237561451656216e-06,0.1347278824226092
132720.0,0.012,5.4228621593210846e-11,0.0,0.125,9.116186816359948e-12,4.604316927725449e-12,5.4228621593210846e-11,4.604316927725449e-12,5.4228621593210846e-11,0.13466420892242048,0.0,0.125,0.011023136042608241,3.866999758378453e-06,0.13466420892242048,7.238139544035738e-06,0.13466420892242048
132780.0,0.012,5.4228621593210846e-11,0.0,0.125,9.116186816359948e-12,4.604316927725449e-12,5.4228621593210846e-11,4.604316927725449e-12,5.4228621593210846e-11,0.13460060751562247,0.0,0.125,0.011017328366126348,3.8624763792904915e-06,0.13460060751562247,7.238712633639288e-06,0.13460060751562247
132840.0,0.012,5.4228621593210846e-11,0.0,0.125,9.116264324810982e-12,4.604316927725449e-12,5.4228621593210846e-11,4.604316927725449e-12,5.4228621593210846e-11,0.13453707807752516,0.0,0.125,0.01101152796602224,3.8579610303346445e-06,0.13453707807752516,7.239280733928322e-06,0.13453707807752516
132900.0,0.012,5.4228621593210846e-11,0.0,0.125,9.116264324810982e-12,4.604316927725449e-12,5.4228621593210846e-11,4.604316927725449e-12,5.4228621593210846e-11,0.13447362048372474,0.0,0.125,0.01100573482876638,3.853453691415876e-06,0.13447362048372474,7.239843859863093e-06,0.13447362048372474
132960.0,0.012,5.4228621593210846e-11,0.0,0.125,9.116264324810982e-12,4.604316927725449e-12,5.4228621593210846e-11,4.604316927725449e-12,5.4228621593210846e-11,0.13441023461010015,0.0,0.125,0.010999948940861929,3.848954345242461e-06,0.13441023461010015,7.24040202482179e-06,0.13441023461010015
133020.0,0.012,5.4228621593210846e-11,0.0,0.125,9.116264324810982e-12,4.604316927725449e-12,5.4228621593210846e-11,4.604316927725449e-12,5.4228621593210846e-11,0.13434692033281467,0.0,0.125,0.01099417028884458,3.844462971441809e-06,0.13434692033281467,7.240955243847935e-06,0.13434692033281467
133080.0,0.012,5.4228621593210846e-11,0.0,0.125,9.116264324810982e-12,4.604316927725449e-12,5.4228621593210846e-11,4.604316927725449e-12,5.4228621593210846e-11,0.13428367752831316,0.0,0.125,0.010988398859282517,3.83997955274995e-06,0.13428367752831316,7.241503530319715e-06,0.13428367752831316
133140.0,0.012,5.4228621593210846e-11,0.0,0.125,9.116264324810982e-12,4.604316927725449e-12,5.4228621593210846e-11,4.604316927725449e-12,5.4228621593210846e-11,0.1342205060733223,0.0,0.125,0.010982634638776282,3.835504070487383e-06,0.1342205060733223,7.242046898059407e-06,0.1342205060733223
133200.0,0.012,5.4228621593210846e-11,0.0,0.125,9.116264324810982e-12,4.604316927725449e-12,5.4228621593210846e-11,4.604316927725449e-12,5.4228621593210846e-11,0.13415740584485025,0.0,0.125,0.010976877613958703,3.831036506252161e-06,0.13415740584485025,7.242585361583176e-06,0.13415740584485025
133260.0,0.012,5.4228621593210846e-11,0.0,0.125,9.116264324810982e-12,4.604316927725449e-12,5.4228621593210846e-11,4.604316927725449e-12,5.4228621593210846e-11,0.13409437672018426,0.0,0.125,0.010971127771494784,3.8265768418921375e-06,0.13409437672018426,7.243118934213699e-06,0.13409437672018426
133320.0,0.012,5.4228621593210846e-11,0.0,0.125,9.116264324810982e-12,4.604316927725449e-12,5.4228621593210846e-11,4.604316927725449e-12,5.4228621593210846e-11,0.13403141857689166,0.0,0.125,0.010965385098081646,3.8221250583669875e-06,0.13403141857689166,7.243647629745498e-06,0.13403141857689166
133380.0,0.012,5.4228621593210846e-11,0.0,0.125,9.116264324810982e-12,4.604316927725449e-12,5.4228621593210846e-11,4.604316927725449e-12,5.4228621593210846e-11,0.13396853129281766,0.0,0.125,0.010959649580448367,3.817681138273965e-06,0.13396853129281766,7.2441714622228925e-06,0.13396853129281766
133440.0,0.012,5.4228621593210846e-11,0.0,0.125,9.116264324810982e-12,4.604316927725449e-12,5.4228621593210846e-11,4.604316927725449e-12,5.4228621593210846e-11,0.13390571474608576,0.0,0.125,0.010953921205355942,3.8132450623784564e-06,0.13390571474608576,7.244690445884494e-06,0.13390571474608576
133500.0,0.012,5.4228621593210846e-11,0.0,0.125,9.121381602505673e-12,4.604316927725449e-12,5.4228621593210846e-11,4.604316927725449e-12,5.4228621593210846e-11,0.13384296881509572,0.0,0.125,0.01094819995959717,3.8088168138050715e-06,0.13384296881509572,7.245204593525623e-06,0.13384296881509572
133560.0,0.012,5.4228621593210846e-11,0.0,0.125,9.128527662950377e-12,4.604316927725449e-12,5.4228621593210846e-11,4.604316927725449e-12,5.4228621593210846e-11,0.13378029337852362,0.0,0.125,0.010942485829996556,3.804396373624508e-06,0.13378029337852362,7.2457139189963105e-06,0.13378029337852362
133620.0,0.012,5.4228621593210846e-11,0.0,0.125,9.128527662950377e-12,4.604316927725449e-12,5.4228621593210846e-11,4.604316927725449e-12,5.4228621593210846e-11,0.13371768831532127,0.0,0.125,0.010936778803410246,3.7999837236568634e-06,0.13371768831532127,7.2462184362298565e-06,0.13371768831532127
133680.0,0.012,5.4228621593210846e-11,0.0,0.125,9.128527662950377e-12,4.604316927725449e-12,5.4228621593210846e-11,4.604316927725449e-12,5.4228621593210846e-11,0.13365515350471496,0.0,0.125,0.01093107886672588,3.7955788457777473e-06,0.13365515350471496,7.24671815915956e-06,0.13365515350471496
133740.0,0.012,5.4228621593210846e-11,0.0,0.125,9.128628184979298e-12,4.604316927725449e-12,5.4228621593210846e-11,4.604316927725449e-12,5.4228621593210846e-11,0.1335926888262045,0.0,0.125,0.010925386006862547,3.79118172241788e-06,0.1335926888262045,7.247213101163608e-06,0.1335926888262045
133800.0,0.012,5.4228621593210846e-11,0.0,0.125,9.154442903851094e-12,4.604316927725449e-12,5.4228621593210846e-11,4.604316927725449e-12,5.4228621593210846e-11,0.13353029415956244,0.0,0.125,0.010919700210770692,3.7867923360079825e-06,0.13353029415956244,7.2477032752316095e-06,0.13353029415956244
133860.0,0.012,5.4228621593210846e-11,0.0,0.125,9.178979723021693e-12,4.604316927725449e-12,5.4228621593210846e-11,4.661160346586257e-12,5.4228621593210846e-11,0.13346796938483466,0.0,0.125,0.010914021465431977,3.782410667618752e-06,0.13346796938483466,7.248188695602176e-06,0.13346796938483466
133920.0,0.012,5.4228621593210846e-11,0.0,0.125,9.179265945656103e-12,4.604316927725449e-12,5.4228621593210846e-11,4.661160346586257e-12,5.4228621593210846e-11,0.1334057143823374,0.0,0.125,0.01090834975785926,3.7780367001805093e-06,0.1334057143823374,7.248669375126138e-06,0.1334057143823374
133980.0,0.012,5.4228621593210846e-11,0.0,0.125,9.179265945656103e-12,4.604316927725449e-12,5.4228621593210846e-11,4.661160346586257e-12,5.4228621593210846e-11,0.13334352903265811,0.0,0.125,0.010902685075096445,3.773670415818664e-06,0.13334352903265811,7.249145327181683e-06,0.13334352903265811
134040.0,0.012,5.4228621593210846e-11,0.0,0.125,9.179265945656103e-12,4.604316927725449e-12,5.4228621593210846e-11,4.661160346586257e-12,5.4228621593210846e-11,0.1332814132166544,0.0,0.125,0.010897027404218416,3.769311797213737e-06,0.1332814132166544,7.249616565813133e-06,0.1332814132166544
134100.0,0.012,5.4228621593210846e-11,0.0,0.125,9.179265945656103e-12,4.604316927725449e-12,5.4228621593210846e-11,4.661160346586257e-12,5.4228621593210846e-11,0.13321936681545263,0.0,0.125,0.010891376732330935,3.764960826047048e-06,0.13321936681545263,7.250083103871319e-06,0.13321936681545263
134160.0,0.012,5.4228621593210846e-11,0.0,0.125,9.179265945656103e-12,4.604316927725449e-12,5.4228621593210846e-11,4.661160346586257e-12,5.4228621593210846e-11,0.13315738971044822,0.0,0.125,0.010885733046570562,3.7606174848325846e-06,0.13315738971044822,7.250544954456872e-06,0.13315738971044822
134220.0,0.012,5.4228621593210846e-11,0.0,0.125,9.179265945656103e-12,4.604316927725449e-12,5.4228621593210846e-11,4.661160346586257e-12,5.4228621593210846e-11,0.13309548178330366,0.0,0.125,0.010880096334104576,3.7562817562786233e-06,0.13309548178330366,7.251002131364315e-06,0.13309548178330366
134280.0,0.012,5.4228621593210846e-11,0.0,0.125,9.179265945656103e-12,4.604316927725449e-12,5.4228621593210846e-11,4.661160346586257e-12,5.4228621593210846e-11,0.13303364291594874,0.0,0.125,0.010874466582130865,3.7519536227326178e-06,0.13303364291594874,7.251454647361211e-06,0.13303364291594874
134340.0,0.012,5.4228621593210846e-11,0.0,0.125,9.179265945656103e-12,4.604316927725449e-12,5.4228621593210846e-11,4.661160346586257e-12,5.4228621593210846e-11,0.1329718729905799,0.0,0.125,0.010868843777877838,3.747633066542022e-06,0.1329718729905799,7.251902516269837e-06,0.1329718729905799
134400.0,0.012,5.4228621593210846e-11,0.0,0.125,9.179273792851295e-12,4.604316927725449e-12,5.4228621593210846e-11,4.661160346586257e-12,5.4228621593210846e-11,0.13291017188965817,0.0,0.125,0.010863227908604325,3.7433200704983793e-06,0.13291017188965817,7.252345750691225e-06,0.13291017188965817
134460.0,0.012,5.4228621593210846e-11,0.0,0.125,9.179273792851295e-12,4.604316927725449e-12,5.4228621593210846e-11,4.661160346586257e-12,5.4228621593210846e-11,0.13284853949590975,0.0,0.125,0.010857618961599539,3.7390146172822103e-06,0.13284853949590975,7.252784363587228e-06,0.13284853949590975
134520.0,0.012,5.417177817435004e-11,0.00015444582859352573,0.125,9.139723228648267e-12,4.547473508864641e-12,5.417177817435004e-11,4.547473508864641e-12,5.417177817435004e-11,0.13278697569232478,0.0,0.125,0.010852016924182945,3.734716689435258e-06,0.13278697569232478,7.253218368252767e-06,0.13278697569232478
134580.0,0.012,5.417177817435004e-11,0.00015444582859352573,0.125,9.139723228648267e-12,4.547473508864641e-12,5.417177817435004e-11,4.547473508864641e-12,5.417177817435004e-11,0.1327254803621569,0.0,0.125,0.010846421783704149,3.730426269776821e-06,0.1327254803621569,7.2536477781770525e-06,0.1327254803621569
134640.0,0.012,5.417177817435004e-11,0.00015444582859352573,0.125,9.139723228648267e-12,4.547473508864641e-12,5.417177817435004e-11,4.547473508864641e-12,5.417177817435004e-11,0.132664053388922,0.0,0.125,0.010840833527542887,3.7261433405710864e-06,0.132664053388922,7.25407260573907e-06,0.132664053388922
134700.0,0.012,5.417177817435004e-11,0.00015444582859352573,0.125,9.139723228648267e-12,4.547473508864641e-12,5.417177817435004e-11,4.547473508864641e-12,5.417177817435004e-11,0.13260269465639754,0.0,0.125,0.010835252143108862,3.7218678853312426e-06,0.13260269465639754,7.254492864039452e-06,0.13260269465639754
134760.0,0.012,5.417177817435004e-11,0.00015444582859352573,0.125,9.139723228648267e-12,4.547473508864641e-12,5.417177817435004e-11,4.547473508864641e-12,5.417177817435004e-11,0.13254140404862247,0.0,0.125,0.010829677617841692,3.717599886821077e-06,0.13254140404862247,7.254908566206586e-06,0.13254140404862247
134820.0,0.012,5.417177817435004e-11,0.00015444582859352573,0.125,9.139723228648267e-12,4.547473508864641e-12,5.417177817435004e-11,4.547473508864641e-12,5.417177817435004e-11,0.13248018144989548,0.0,0.125,0.010824109939210824,3.7133393281651994e-06,0.13248018144989548,7.255319724341902e-06,0.13248018144989548
134880.0,0.012,5.417177817435004e-11,0.00015444582859352573,0.125,9.139843835282811e-12,4.547473508864641e-12,5.417177817435004e-11,4.547473508864641e-12,5.417177817435004e-11,0.13241902674477604,0.0,0.125,0.010818549094715434,3.7090861917943307e-06,0.13241902674477604,7.2557263526562554e-06,0.13241902674477604
134940.0,0.012,5.417177817435004e-11,0.00015444582859352573,0.125,9.139875875658074e-12,4.547473508864641e-12,5.417177817435004e-11,4.547473508864641e-12,5.417177817435004e-11,0.1323579398180812,0.0,0.125,0.010812995071884355,3.704840461221659e-06,0.1323579398180812,7.256128463029032e-06,0.1323579398180812
135000.0,0.012,5.417177817435004e-11,0.00015444582859352573,0.125,9.139875875658074e-12,4.547473508864641e-12,5.417177817435004e-11,4.547473508864641e-12,5.417177817435004e-11,0.1322969205548867,0.0,0.125,0.010807447858275965,3.7006021192387273e-06,0.1322969205548867,7.256526068255553e-06,0.1322969205548867
135060.0,0.012,5.417177817435004e-11,0.00015444582859352573,0.125,9.139875875658074e-12,4.547473508864641e-12,5.417177817435004e-11,4.547473508864641e-12,5.417177817435004e-11,0.1322359688405258,0.0,0.125,0.01080190744147816,3.6963711491644347e-06,0.1322359688405258,7.256919181242161e-06,0.1322359688405258
135120.0,0.012,5.417177817435004e-11,0.00015444582859352573,0.125,9.139875875658074e-12,4.547473508864641e-12,5.417177817435004e-11,4.547473508864641e-12,5.417177817435004e-11,0.13217508456058916,0.0,0.125,0.01079637380910818,3.6921475334295017e-06,0.13217508456058916,7.257307815339287e-06,0.13217508456058916
135180.0,0.012,5.417177817435004e-11,0.00015444582859352573,0.125,9.139875875658074e-12,4.547473508864641e-12,5.417177817435004e-11,4.547473508864641e-12,5.417177817435004e-11,0.13211426760092154,0.0,0.125,0.010790846948812596,3.6879312561577393e-06,0.13211426760092154,7.257691982093251e-06,0.13211426760092154
135240.0,0.012,5.417177817435004e-11,0.00015444582859352573,0.125,9.139875875658074e-12,4.547473508864641e-12,5.417177817435004e-11,4.547473508864641e-12,5.417177817435004e-11,0.13205351784762484,0.0,0.125,0.010785326848267206,3.6837223002794683e-06,0.13205351784762484,7.258071694743462e-06,0.13205351784762484
135300.0,0.012,5.417177817435004e-11,0.00015444582859352573,0.125,9.139875875658074e-12,4.547473508864641e-12,5.417177817435004e-11,4.547473508864641e-12,5.417177817435004e-11,0.1319928351870544,0.0,0.125,0.010779813495176942,3.6795206493356325e-06,0.1319928351870544,7.258446965502374e-06,0.1319928351870544
135360.0,0.012,5.417177817435004e-11,0.00015444582859352573,0.125,9.139875875658074e-12,4.547473508864641e-12,5.417177817435004e-11,4.547473508864641e-12,5.417177817435004e-11,0.1319322195058208,0.0,0.125,0.010774306877275796,3.6753262857014413e-06,0.1319322195058208,7.2588178078869525e-06,0.1319322195058208
135420.0,0.012,5.417177817435004e-11,0.00015444582859352573,0.125,9.139875875658074e-12,4.547473508864641e-12,5.417177817435004e-11,4.547473508864641e-12,5.417177817435004e-11,0.13187167069078648,0.0,0.125,0.01076880698232673,3.6711391937505056e-06,0.13187167069078648,7.259184233526783e-06,0.13187167069078648
135480.0,0.012,5.417177817435004e-11,0.00015444582859352573,0.125,9.139875875658074e-12,4.547473508864641e-12,5.417177817435004e-11,4.547473508864641e-12,5.417177817435004e-11,0.13181118862906702,0.0,0.125,0.010763313798121576,3.666959356496413e-06,0.13181118862906702,7.2595462550784084e-06,0.13181118862906702
135540.0,0.012,5.417177817435004e-11,0.00015444582859352573,0.125,9.139875875658074e-12,4.547473508864641e-12,5.417177817435004e-11,4.547473508864641e-12,5.417177817435004e-11,0.13175077320802975,0.0,0.125,0.010757827312480988,3.6627867576188855e-06,0.13175077320802975,7.259903885087349e-06,0.13175077320802975
135600.0,0.012,5.417177817435004e-11,0.00015444582859352573,0.125,9.139875875658074e-12,4.547473508864641e-12,5.417177817435004e-11,4.547473508864641e-12,5.417177817435004e-11,0.13169042431529238,0.0,0.125,0.010752347513254311,3.6586213809919332e-06,0.13169042431529238,7.2602571354885015e-06,0.13169042431529238
135660.0,0.012,5.417177817435004e-11,0.00015444582859352573,0.125,9.139875875658074e-12,4.547473508864641e-12,5.417177817435004e-11,4.547473508864641e-12,5.417177817435004e-11,0.13163014183872412,0.0,0.125,0.010746874388319576,3.6544632095181218e-06,0.13163014183872412,7.260606019493521e-06,0.13163014183872412
135720.0,0.012,5.417177817435004e-11,0.00015444582859352573,0.125,9.139875875658074e-12,4.547473508864641e-12,5.417177817435004e-11,4.547473508864641e-12,5.417177817435004e-11,0.13156992566644335,0.0,0.125,0.010741407925583325,3.650312227321262e-06,0.13156992566644335,7.260950548898526e-06,0.13156992566644335
135780.0,0.012,5.417177817435004e-11,0.00015444582859352573,0.125,9.139875875658074e-12,4.547473508864641e-12,5.417177817435004e-11,4.547473508864641e-12,5.417177817435004e-11,0.1315097756868172,0.0,0.125,0.010735948112980582,3.6461684181643417e-06,0.1315097756868172,7.261290736026993e-06,0.1315097756868172
135840.0,0.012,5.417177817435004e-11,0.00015444582859352573,0.125,9.139875875658074e-12,4.547473508864641e-12,5.417177817435004e-11,4.547473508864641e-12,5.417177817435004e-11,0.13144969178846203,0.0,0.125,0.010730494938474795,3.6420317648389045e-06,0.13144969178846203,7.261626593590975e-06,0.13144969178846203
135900.0,0.012,5.417177817435004e-11,0.00015444582859352573,0.125,9.139875875658074e-12,4.547473508864641e-12,5.417177817435004e-11,4.547473508864641e-12,5.417177817435004e-11,0.13138967386024142,0.0,0.125,0.01072504839005767,3.63790225166305e-06,0.13138967386024142,7.261958133414348e-06,0.13138967386024142
135960.0,0.012,5.417177817435004e-11,0.00015444582859352573,0.125,9.139875875658074e-12,4.547473508864641e-12,5.417177817435004e-11,4.547473508864641e-12,5.417177817435004e-11,0.13132972179126534,0.0,0.125,0.010719608455749171,3.633779862760589e-06,0.13132972179126534,7.262285367959365e-06,0.13132972179126534
136020.0,0.012,5.417177817435004e-11,0.00015444582859352573,0.125,9.139875875658074e-12,4.547473508864641e-12,5.417177817435004e-11,4.547473508864641e-12,5.417177817435004e-11,0.13126983547089044,0.0,0.125,0.010714175123597411,3.6296645818945095e-06,0.13126983547089044,7.262608309160923e-06,0.13126983547089044
136080.0,0.012,5.417177817435004e-11,0.00015444582859352573,0.125,9.139875875658074e-12,4.547473508864641e-12,5.417177817435004e-11,4.547473508864641e-12,5.417177817435004e-11,0.13121001478871963,0.0,0.125,0.010708748381678557,3.6255563923281997e-06,0.13121001478871963,7.262926969675565e-06,0.13121001478871963
136140.0,0.012,5.417177817435004e-11,0.00015444582859352573,0.125,9.139875875658074e-12,4.547473508864641e-12,5.417177817435004e-11,4.547473508864641e-12,5.417177817435004e-11,0.13115025963459948,0.0,0.125,0.010703328218096754,3.6214552789626264e-06,0.13115025963459948,7.263241360966344e-06,0.13115025963459948
136200.0,0.012,5.417177817435004e-11,0.00015444582859352573,0.125,9.139875875658074e-12,4.547473508864641e-12,5.417177817435004e-11,4.547473508864641e-12,5.417177817435004e-11,0.131090569898622,0.0,0.125,0.010697914620984064,3.617361225033422e-06,0.131090569898622,7.263551495523268e-06,0.131090569898622
136260.0,0.012,5.417177817435004e-11,0.00015444582859352573,0.125,9.139875875658074e-12,4.547473508864641e-12,5.417177817435004e-11,4.547473508864641e-12,5.417177817435004e-11,0.13103094547112232,0.0,0.125,0.010692507578500392,3.6132742145533747e-06,0.13103094547112232,7.263857385336747e-06,0.13103094547112232
136320.0,0.012,5.417177817435004e-11,0.00015444582859352573,0.125,9.139875875658074e-12,4.547473508864641e-12,5.417177817435004e-11,4.547473508864641e-12,5.417177817435004e-11,0.13097138624267865,0.0,0.125,0.01068710707883335,3.60919423161854e-06,0.13097138624267865,7.264159042480456e-06,0.13097138624267865
136380.0,0.012,5.417177817435004e-11,0.00015444582859352573,0.125,9.139875875658074e-12,4.547473508864641e-12,5.417177817435004e-11,4.547473508864641e-12,5.417177817435004e-11,0.13091189210411075,0.0,0.125,0.01068171311019823,3.605121261102129e-06,0.13091189210411075,7.264456478417447e-06,0.13091189210411075
136440.0,0.012,5.417177817435004e-11,0.00015444582859352573,0.125,9.139875875658074e-12,4.547473508864641e-12,5.417177817435004e-11,4.547473508864641e-12,5.417177817435004e-11,0.13085246294648098,0.0,0.125,0.010676325660837928,3.601055286683863e-06,0.13085246294648098,7.264749705360174e-06,0.13085246294648098
136500.0,0.012,5.417177817435004e-11,0.00015444582859352573,0.125,9.139875875658074e-12,4.547473508864641e-12,5.417177817435004e-11,4.547473508864641e-12,5.417177817435004e-11,0.13079309866109207,0.0,0.125,0.01067094471902283,3.5969962927095978e-06,0.13079309866109207,7.2650387353545565e-06,0.13079309866109207
136560.0,0.012,5.417177817435004e-11,0.00015444582859352573,0.125,9.139875875658074e-12,4.547473508864641e-12,5.417177817435004e-11,4.547473508864641e-12,5.417177817435004e-11,0.1307337991394873,0.0,0.125,0.010665570273050746,3.5929442629978325e-06,0.1307337991394873,7.2653235803077365e-06,0.1307337991394873
136620.0,0.012,5.417177817435004e-11,0.00015444582859352573,0.125,9.139875875658074e-12,4.547473508864641e-12,5.417177817435004e-11,4.547473508864641e-12,5.417177817435004e-11,0.13067456427344948,0.0,0.125,0.010660202311246862,3.588899182005445e-06,0.13067456427344948,7.265604251988078e-06,0.13067456427344948
136680.0,0.012,5.417177817435004e-11,0.00015444582859352573,0.125,9.141533367636706e-12,4.547473508864641e-12,5.417177817435004e-11,4.547473508864641e-12,5.417177817435004e-11,0.13061539395500013,0.0,0.125,0.010654840821963616,3.584861034577891e-06,0.13061539395500013,7.265880761969656e-06,0.13061539395500013
136740.0,0.012,5.434230843093246e-11,0.0,0.125,9.171895093169274e-12,4.547473508864641e-12,5.434230843093246e-11,4.547473508864641e-12,5.434230843093246e-11,0.13055628807639938,0.0,0.125,0.010649485793580634,3.5808298041450914e-06,0.13055628807639938,7.2661531222706355e-06,0.13055628807639938
136800.0,0.012,5.434230843093246e-11,0.0,0.125,9.171895093169274e-12,4.547473508864641e-12,5.434230843093246e-11,4.547473508864641e-12,5.434230843093246e-11,0.13049724653014483,0.0,0.125,0.010644137214504683,3.5768054761908807e-06,0.13049724653014483,7.266421344631624e-06,0.13049724653014483
136860.0,0.012,5.434230843093246e-11,0.0,0.125,9.171895093169274e-12,4.547473508864641e-12,5.434230843093246e-11,4.547473508864641e-12,5.434230843093246e-11,0.13043826920897142,0.0,0.125,0.010638795073169543,3.5727880342006912e-06,0.13043826920897142,7.26668544054343e-06,0.13043826920897142
136920.0,0.012,5.434230843093246e-11,0.0,0.125,9.171895093169274e-12,4.547473508864641e-12,5.434230843093246e-11,4.547473508864641e-12,5.434230843093246e-11,0.13037935600585032,0.0,0.125,0.010633459358035969,3.568777462936712e-06,0.13037935600585032,7.266945421940951e-06,0.13037935600585032
136980.0,0.012,5.434230843093246e-11,0.0,0.125,9.171895093169274e-12,4.547473508864641e-12,5.434230843093246e-11,4.547473508864641e-12,5.434230843093246e-11,0.13032050681398794,0.0,0.125,0.01062813005759162,3.5647737476884878e-06,0.13032050681398794,7.267201300092951e-06,0.13032050681398794
137040.0,0.012,5.434230843093246e-11,0.0,0.125,9.171918926584963e-12,4.547473508864641e-12,5.434230843093246e-11,4.547473508864641e-12,5.434230843093246e-11,0.1302617215268265,0.0,0.125,0.010622807160350927,3.5607768717749178e-06,0.1302617215268265,7.267453087239639e-06,0.1302617215268265
137100.0,0.012,5.434230843093246e-11,0.0,0.125,9.174485608396137e-12,4.547473508864641e-12,5.434230843093246e-11,4.547473508864641e-12,5.434230843093246e-11,0.13020300003804178,0.0,0.125,0.01061749065485508,3.5567868214292364e-06,0.13020300003804178,7.267700793900378e-06,0.13020300003804178
137160.0,0.012,5.445599526865408e-11,0.00015444582859352573,0.125,9.205126249349945e-12,4.547473508864641e-12,5.445599526865408e-11,4.547473508864641e-12,5.445599526865408e-11,0.13014434224154453,0.0,0.125,0.010612180529671937,3.552803579970343e-06,0.13014434224154453,7.267944432509665e-06,0.13014434224154453
137220.0,0.012,5.445599526865408e-11,0.00015444582859352573,0.125,9.205126249349945e-12,4.547473508864641e-12,5.445599526865408e-11,4.547473508864641e-12,5.445599526865408e-11,0.1300857480314777,0.0,0.125,0.010606876773395897,3.548827132743293e-06,0.1300857480314777,7.2681840145860654e-06,0.1300857480314777
137280.0,0.012,5.445599526865408e-11,0.00015444582859352573,0.125,9.205126249349945e-12,4.547473508864641e-12,5.445599526865408e-11,4.547473508864641e-12,5.445599526865408e-11,0.1300272173022176,0.0,0.125,0.010601579374647908,3.5448574640939423e-06,0.1300272173022176,7.268419551398342e-06,0.1300272173022176
137340.0,0.012,5.445599526865408e-11,0.00015444582859352573,0.125,9.205126249349945e-12,4.547473508864641e-12,5.445599526865408e-11,4.547473508864641e-12,5.445599526865408e-11,0.12996874994837115,0.0,0.125,0.010596288322075318,3.5408945595061248e-06,0.12996874994837115,7.268651053854436e-06,0.12996874994837115
137400.0,0.012,5.445599526865408e-11,0.00015444582859352573,0.125,9.205126249349945e-12,4.547473508864641e-12,5.445599526865408e-11,4.547473508864641e-12,5.445599526865408e-11,0.1299103458647778,0.0,0.125,0.010591003604351841,3.5369384032146733e-06,0.1299103458647778,7.268878534250067e-06,0.1299103458647778
137460.0,0.012,5.445599526865408e-11,0.00015444582859352573,0.125,9.205126249349945e-12,4.547473508864641e-12,5.445599526865408e-11,4.547473508864641e-12,5.445599526865408e-11,0.12985200494650673,0.0,0.125,0.010585725210177479,3.5329889808422e-06,0.12985200494650673,7.2691020033544e-06,0.12985200494650673
137520.0,0.012,5.445599526865408e-11,0.00015444582859352573,0.125,9.205126249349945e-12,4.547473508864641e-12,5.445599526865408e-11,4.547473508864641e-12,5.445599526865408e-11,0.12979372708885825,0.0,0.125,0.010580453128278428,3.529046276401493e-06,0.12979372708885825,7.269321472741508e-06,0.12979372708885825
137580.0,0.012,5.445599526865408e-11,0.00015444582859352573,0.125,9.205126249349945e-12,4.547473508864641e-12,5.445599526865408e-11,4.547473508864641e-12,5.445599526865408e-11,0.12973551218736112,0.0,0.125,0.010575187347407,3.525110275320875e-06,0.12973551218736112,7.269536954124245e-06,0.12973551218736112
137640.0,0.012,5.445599526865408e-11,0.00015444582859352573,0.125,9.205126249349945e-12,4.547473508864641e-12,5.445599526865408e-11,4.547473508864641e-12,5.445599526865408e-11,0.1296773601377728,0.0,0.125,0.010569927856341624,3.5211809627788693e-06,0.1296773601377728,7.269748457744418e-06,0.1296773601377728
137700.0,0.012,5.445599526865408e-11,0.00015444582859352573,0.125,9.205126249349945e-12,4.547473508864641e-12,5.445599526865408e-11,4.547473508864641e-12,5.445599526865408e-11,0.12961927083607971,0.0,0.125,0.010564674643886655,3.5172583232045973e-06,0.12961927083607971,7.269955995647948e-06,0.12961927083607971
137760.0,0.012,5.445599526865408e-11,0.00015444582859352573,0.125,9.205126249349945e-12,4.547473508864641e-12,5.445599526865408e-11,4.547473508864641e-12,5.445599526865408e-11,0.12956124417849474,0.0,0.125,0.010559427698872385,3.5133423423316934e-06,0.12956124417849474,7.27015957877053e-06,0.12956124417849474
137820.0,0.012,5.445599526865408e-11,0.00015444582859352573,0.125,9.207727486893232e-12,4.547473508864641e-12,5.445599526865408e-11,4.547473508864641e-12,5.445599526865408e-11,0.12950328006145911,0.0,0.125,0.010554187010154929,3.5094330045892796e-06,0.12950328006145911,7.270359218658484e-06,0.12950328006145911
137880.0,0.012,5.445599526865408e-11,0.00015444582859352573,0.125,9.207727486893232e-12,4.547473508864641e-12,5.445599526865408e-11,4.547473508864641e-12,5.445599526865408e-11,0.1294453783816388,0.0,0.125,0.01054895256661618,3.505530296044057e-06,0.1294453783816388,7.27055492585893e-06,0.1294453783816388
137940.0,0.012,5.445599526865408e-11,0.00015444582859352573,0.125,9.207727486893232e-12,4.547473508864641e-12,5.445599526865408e-11,4.547473508864641e-12,5.445599526865408e-11,0.12938753903592667,0.0,0.125,0.010543724357163704,3.501634201374948e-06,0.12938753903592667,7.270746711807163e-06,0.12938753903592667
138000.0,0.012,5.445599526865408e-11,0.00015444582859352573,0.125,9.208052871803882e-12,4.547473508864641e-12,5.445599526865408e-11,4.547473508864641e-12,5.445599526865408e-11,0.12932976192143997,0.0,0.125,0.010538502370730729,3.4977447061768085e-06,0.12932976192143997,7.270934588132771e-06,0.12932976192143997
138060.0,0.012,5.445599526865408e-11,0.00015444582859352573,0.125,9.208052871803882e-12,4.547473508864641e-12,5.445599526865408e-11,4.547473508864641e-12,5.445599526865408e-11,0.12927204693552086,0.0,0.125,0.010533286596275967,3.49386179507305e-06,0.12927204693552086,7.271118565160828e-06,0.12927204693552086
138120.0,0.012,5.445599526865408e-11,0.00015444582859352573,0.125,9.208052871803882e-12,4.547473508864641e-12,5.445599526865408e-11,4.547473508864641e-12,5.445599526865408e-11,0.12921439397573486,0.0,0.125,0.010528077022783652,3.4899854539083286e-06,0.12921439397573486,7.271298654243363e-06,0.12921439397573486
138180.0,0.012,5.445599526865408e-11,0.00015444582859352573,0.125,9.208052871803882e-12,4.547473508864641e-12,5.445599526865408e-11,4.547473508864641e-12,5.445599526865408e-11,0.12915680293987133,0.0,0.125,0.01052287363926342,3.4861156679721894e-06,0.12915680293987133,7.271474866427097e-06,0.12915680293987133
138240.0,0.012,5.445599526865408e-11,0.00015444582859352573,0.125,9.208052871803882e-12,4.547473508864641e-12,5.445599526865408e-11,4.547473508864641e-12,5.445599526865408e-11,0.1290992737259416,0.0,0.125,0.010517676434750215,3.4822524228872442e-06,0.1290992737259416,7.271647212148125e-06,0.1290992737259416
138300.0,0.012,5.445599526865408e-11,0.00015444582859352573,0.125,9.208052871803882e-12,4.547473508864641e-12,5.445599526865408e-11,4.547473508864641e-12,5.445599526865408e-11,0.12904180623217973,0.0,0.125,0.010512485398304254,3.4783957040263047e-06,0.12904180623217973,7.271815702897255e-06,0.12904180623217973
138360.0,0.012,5.445599526865408e-11,0.00015444582859352573,0.125,9.208052871803882e-12,4.547473508864641e-12,5.445599526865408e-11,4.547473508864641e-12,5.445599526865408e-11,0.12898440035704112,0.0,0.125,0.010507300519010948,3.4745454965678935e-06,0.12898440035704112,7.271980349499163e-06,0.12898440035704112
138420.0,0.012,5.445599526865408e-11,0.00015444582859352573,0.125,9.208052871803882e-12,4.547473508864641e-12,5.445599526865408e-11,4.547473508864641e-12,5.445599526865408e-11,0.12892705599920204,0.0,0.125,0.010502121785980803,3.470701786162378e-06,0.12892705599920204,7.272141162834034e-06,0.12892705599920204
138480.0,0.012,5.445599526865408e-11,0.00015444582859352573,0.125,9.214546413456893e-12,4.547473508864641e-12,5.445599526865408e-11,4.547473508864641e-12,5.445599526865408e-11,0.1288697730575586,0.0,0.125,0.010496949188349397,3.46686455843237e-06,0.1288697730575586,7.272298153365719e-06,0.1288697730575586
138540.0,0.012,5.445599526865408e-11,0.00015444582859352573,0.125,9.214546413456893e-12,4.547473508864641e-12,5.445599526865408e-11,4.547473508864641e-12,5.445599526865408e-11,0.12881255143122708,0.0,0.125,0.01049178271527729,3.4630337991115034e-06,0.12881255143122708,7.27245133219645e-06,0.12881255143122708
138600.0,0.012,5.445599526865408e-11,0.00015444582859352573,0.125,9.214546413456893e-12,4.547473508864641e-12,5.445599526865408e-11,4.547473508864641e-12,5.445599526865408e-11,0.12875539101954295,0.0,0.125,0.010486622355949925,3.459209493794635e-06,0.12875539101954295,7.272600710206412e-06,0.12875539101954295
138660.0,0.012,5.445599526865408e-11,0.00015444582859352573,0.125,9.214546413456893e-12,4.547473508864641e-12,5.445599526865408e-11,4.547473508864641e-12,5.445599526865408e-11,0.12869829172205943,0.0,0.125,0.010481468099577595,3.455391628104376e-06,0.12869829172205943,7.272746298025989e-06,0.12869829172205943
138720.0,0.012,5.445599526865408e-11,0.00015444582859352573,0.125,9.214546413456893e-12,4.547473508864641e-12,5.445599526865408e-11,4.547473508864641e-12,5.445599526865408e-11,0.12864125343854835,0.0,0.125,0.010476319935395334,3.451580187857628e-06,0.12864125343854835,7.27288810659088e-06,0.12864125343854835
138780.0,0.012,5.445599526865408e-11,0.00015444582859352573,0.125,9.214546413456893e-12,4.547473508864641e-12,5.445599526865408e-11,4.547473508864641e-12,5.445599526865408e-11,0.12858427606899892,0.0,0.125,0.010471177852662931,3.4477751590655803e-06,0.12858427606899892,7.273026146170647e-06,0.12858427606899892
138840.0,0.012,5.445599526865408e-11,0.00015444582859352573,0.125,9.214546413456893e-12,4.547473508864641e-12,5.445599526865408e-11,4.547473508864641e-12,5.445599526865408e-11,0.12852735951361705,0.0,0.125,0.010466041840664762,3.443976526684711e-06,0.12852735951361705,7.273160428061809e-06,0.12852735951361705
138900.0,0.012,5.445599526865408e-11,0.00015444582859352573,0.125,9.214546413456893e-12,4.547473508864641e-12,5.445599526865408e-11,4.547473508864641e-12,5.445599526865408e-11,0.12847050367282398,0.0,0.125,0.010460911888709777,3.4401842773645885e-06,0.12847050367282398,7.2732909624506625e-06,0.12847050367282398
138960.0,0.012,5.445599526865408e-11,0.00015444582859352573,0.125,9.21459165557311e-12,4.547473508864641e-12,5.445599526865408e-11,4.547473508864641e-12,5.445599526865408e-11,0.1284137084472576,0.0,0.125,0.010455787986131409,3.4363983970608913e-06,0.1284137084472576,7.27341775980106e-06,0.1284137084472576
139020.0,0.012,5.439915184979327e-11,0.0,0.125,9.175271907920749e-12,4.490630090003833e-12,5.439915184979327e-11,4.547473508864641e-12,5.439915184979327e-11,0.1283569737377706,0.0,0.125,0.010450670122287517,3.43261887109092e-06,0.1283569737377706,7.27354083096543e-06,0.1283569737377706
139080.0,0.012,5.439915184979327e-11,0.0,0.125,9.175271907920749e-12,4.490630090003833e-12,5.439915184979327e-11,4.547473508864641e-12,5.439915184979327e-11,0.12830029944542987,0.0,0.125,0.010445558286560321,3.4288456855768867e-06,0.12830029944542987,7.2736601866851824e-06,0.12830029944542987
139140.0,0.012,5.439915184979327e-11,0.0,0.125,9.175271907920749e-12,4.490630090003833e-12,5.439915184979327e-11,4.547473508864641e-12,5.439915184979327e-11,0.12824368547151616,0.0,0.125,0.010440452468356315,3.4250788267242704e-06,0.12824368547151616,7.2737758369245675e-06,0.12824368547151616
139200.0,0.012,5.439915184979327e-11,0.0,0.125,9.175271907920749e-12,4.490630090003833e-12,5.439915184979327e-11,4.547473508864641e-12,5.439915184979327e-11,0.12818713171752377,0.0,0.125,0.010435352657106227,3.4213182807107945e-06,0.12818713171752377,7.273887792730305e-06,0.12818713171752377
139260.0,0.012,5.439915184979327e-11,0.0,0.125,9.181476632184543e-12,4.490630090003833e-12,5.439915184979327e-11,4.547473508864641e-12,5.439915184979327e-11,0.1281306380851595,0.0,0.125,0.010430258842264903,3.417564032937026e-06,0.1281306380851595,7.273996064177668e-06,0.1281306380851595
139320.0,0.012,5.439915184979327e-11,0.0,0.125,9.181620053162314e-12,4.490630090003833e-12,5.439915184979327e-11,4.547473508864641e-12,5.439915184979327e-11,0.12807420447634243,0.0,0.125,0.01042517101331132,3.413816070524378e-06,0.12807420447634243,7.274100661619487e-06,0.12807420447634243
139380.0,0.012,5.439915184979327e-11,0.0,0.125,9.181620053162314e-12,4.490630090003833e-12,5.439915184979327e-11,4.547473508864641e-12,5.439915184979327e-11,0.12801783079320334,0.0,0.125,0.010420089159748442,3.41007437898444e-06,0.12801783079320334,7.27420159604697e-06,0.12801783079320334
139440.0,0.012,5.439915184979327e-11,0.0,0.125,9.181620053162314e-12,4.490630090003833e-12,5.439915184979327e-11,4.547473508864641e-12,5.439915184979327e-11,0.12796151693808375,0.0,0.125,0.01041501327110317,3.4063389441618686e-06,0.12796151693808375,7.2742988771190564e-06,0.12796151693808375
139500.0,0.012,5.439915184979327e-11,0.0,0.125,9.181620053162314e-12,4.490630090003833e-12,5.439915184979327e-11,4.547473508864641e-12,5.439915184979327e-11,0.1279052628135359,0.0,0.125,0.01040994333692633,3.4026097529560317e-06,0.1279052628135359,7.2743925159934886e-06,0.1279052628135359
139560.0,0.012,5.439915184979327e-11,0.0,0.125,9.181620053162314e-12,4.490630090003833e-12,5.439915184979327e-11,4.547473508864641e-12,5.439915184979327e-11,0.12784906832232185,0.0,0.125,0.010404879346792524,3.3988867913226084e-06,0.12784906832232185,7.274482521940628e-06,0.12784906832232185
139620.0,0.012,5.439915184979327e-11,0.0,0.125,9.181620053162314e-12,4.490630090003833e-12,5.439915184979327e-11,4.547473508864641e-12,5.439915184979327e-11,0.12779293336741293,0.0,0.125,0.010399821290300123,3.3951700459389222e-06,0.12779293336741293,7.27456890578515e-06,0.12779293336741293
139680.0,0.012,5.439915184979327e-11,0.0,0.125,9.181620053162314e-12,4.490630090003833e-12,5.439915184979327e-11,4.547473508864641e-12,5.439915184979327e-11,0.12773685785198943,0.0,0.125,0.010394769157071168,3.391459502510852e-06,0.12773685785198943,7.274651677630084e-06,0.12773685785198943
139740.0,0.012,5.439915184979327e-11,0.0,0.125,9.181620053162314e-12,4.490630090003833e-12,5.439915184979327e-11,4.547473508864641e-12,5.439915184979327e-11,0.12768084167944005,0.0,0.125,0.01038972293675134,3.387755147521432e-06,0.12768084167944005,7.27473084857766e-06,0.12768084167944005
139800.0,0.012,5.439915184979327e-11,0.0,0.125,9.181925332271908e-12,4.490630090003833e-12,5.439915184979327e-11,4.547473508864641e-12,5.439915184979327e-11,0.1276248847533606,0.0,0.125,0.01038468261900986,3.3840569676757415e-06,0.1276248847533606,7.274806427925995e-06,0.1276248847533606
139860.0,0.012,5.439915184979327e-11,0.0,0.125,9.181925332271908e-12,4.490630090003833e-12,5.439915184979327e-11,4.547473508864641e-12,5.439915184979327e-11,0.12756898697755426,0.0,0.125,0.01037964819353943,3.3803649494013044e-06,0.12756898697755426,7.274878426055675e-06,0.12756898697755426
139920.0,0.012,5.439915184979327e-11,0.0,0.125,9.181925332271908e-12,4.490630090003833e-12,5.439915184979327e-11,4.547473508864641e-12,5.439915184979327e-11,0.1275131482560311,0.0,0.125,0.010374619650056163,3.376679079264422e-06,0.1275131482560311,7.27494685257013e-06,0.1275131482560311
139980.0,0.012,5.439915184979327e-11,0.0,0.125,9.181925332271908e-12,4.490630090003833e-12,5.439915184979327e-11,4.547473508864641e-12,5.439915184979327e-11,0.12745736849300743,0.0,0.125,0.01036959697829957,3.372999343415062e-06,0.12745736849300743,7.275011718460567e-06,0.12745736849300743
140040.0,0.012,5.439915184979327e-11,0.0,0.125,9.181925332271908e-12,4.490630090003833e-12,5.439915184979327e-11,4.547473508864641e-12,5.439915184979327e-11,0.12740164759290412,0.0,0.125,0.010364580168032416,3.3693257282807476e-06,0.12740164759290412,7.2750730334136815e-06,0.12740164759290412
140100.0,0.012,5.439915184979327e-11,0.0,0.125,9.181925332271908e-12,4.490630090003833e-12,5.439915184979327e-11,4.547473508864641e-12,5.439915184979327e-11,0.12734598546034773,0.0,0.125,0.01035956920904071,3.365658220677581e-06,0.12734598546034773,7.275130807699037e-06,0.12734598546034773
140160.0,0.012,5.439915184979327e-11,0.0,0.125,9.181925332271908e-12,4.490630090003833e-12,5.439915184979327e-11,4.547473508864641e-12,5.439915184979327e-11,0.12729038200016887,0.0,0.125,0.010354564091133604,3.361996808032286e-06,0.12729038200016887,7.275185050920063e-06,0.12729038200016887
140220.0,0.012,5.439915184979327e-11,0.0,0.125,9.181956341097594e-12,4.490630090003833e-12,5.439915184979327e-11,4.547473508864641e-12,5.439915184979327e-11,0.1272348371174022,0.0,0.125,0.010349564804143372,3.3583414764393194e-06,0.1272348371174022,7.275235773457345e-06,0.1272348371174022
140280.0,0.012,5.439915184979327e-11,0.0,0.125,9.181956341097594e-12,4.490630090003833e-12,5.439915184979327e-11,4.547473508864641e-12,5.439915184979327e-11,0.12717935071728587,0.0,0.125,0.010344571337925304,3.3546922123817158e-06,0.12717935071728587,7.275282985025333e-06,0.12717935071728587
140340.0,0.012,5.439915184979327e-11,0.0,0.125,9.181956341097594e-12,4.490630090003833e-12,5.439915184979327e-11,4.547473508864641e-12,5.439915184979327e-11,0.1271239227052606,0.0,0.125,0.010339583682357675,3.351049002398021e-06,0.1271239227052606,7.275326695699302e-06,0.1271239227052606
140400.0,0.012,5.439915184979327e-11,0.0,0.125,9.181956341097594e-12,4.490630090003833e-12,5.439915184979327e-11,4.547473508864641e-12,5.439915184979327e-11,0.12706855298696934,0.0,0.125,0.01033460182734167,3.3474118333320924e-06,0.12706855298696934,7.275366915665549e-06,0.12706855298696934
140460.0,0.012,5.439915184979327e-11,0.0,0.125,9.181956341097594e-12,4.490630090003833e-12,5.439915184979327e-11,4.547473508864641e-12,5.439915184979327e-11,0.12701324146825685,0.0,0.125,0.010329625762801312,3.3437806923608537e-06,0.12701324146825685,7.275403654610768e-06,0.12701324146825685
140520.0,0.012,5.439915184979327e-11,0.0,0.125,9.181956341097594e-12,4.490630090003833e-12,5.439915184979327e-11,4.547473508864641e-12,5.439915184979327e-11,0.126957988055169,0.0,0.125,0.010324655478683387,3.3401555662448956e-06,0.126957988055169,7.275436922415945e-06,0.126957988055169
140580.0,0.012,5.439915184979327e-11,0.0,0.125,9.181956341097594e-12,4.490630090003833e-12,5.439915184979327e-11,4.547473508864641e-12,5.439915184979327e-11,0.12690279265395218,0.0,0.125,0.010319690964957435,3.3365364417448085e-06,0.12690279265395218,7.275466728351443e-06,0.12690279265395218
140640.0,0.012,5.439915184979327e-11,0.0,0.125,9.181956341097594e-12,4.490630090003833e-12,5.439915184979327e-11,4.547473508864641e-12,5.439915184979327e-11,0.1268476551710531,0.0,0.125,0.010314732211615621,3.3329233060375163e-06,0.1268476551710531,7.275493082575801e-06,0.1268476551710531
140700.0,0.012,5.439915184979327e-11,0.0,0.125,9.181956341097594e-12,4.490630090003833e-12,5.439915184979327e-11,4.547473508864641e-12,5.439915184979327e-11,0.12679257551311837,0.0,0.125,0.010309779208672706,3.3293161455782982e-06,0.12679257551311837,7.275515995414095e-06,0.12679257551311837
140760.0,0.012,5.439915184979327e-11,0.0,0.125,9.181956341097594e-12,4.490630090003833e-12,5.439915184979327e-11,4.547473508864641e-12,5.439915184979327e-11,0.1267375535869932,0.0,0.125,0.01030483194616602,3.3257149476551007e-06,0.1267375535869932,7.275535476219952e-06,0.1267375535869932
140820.0,0.012,5.445599526865408e-11,0.0,0.125,9.191521327418351e-12,4.490630090003833e-12,5.445599526865408e-11,4.547473508864641e-12,5.445599526865408e-11,0.12668258929972143,0.0,0.125,0.010299890414155315,3.3221196993338253e-06,0.12668258929972143,7.275551534763336e-06,0.12668258929972143
140880.0,0.012,5.445599526865408e-11,0.0,0.125,9.191521327418351e-12,4.490630090003833e-12,5.445599526865408e-11,4.547473508864641e-12,5.445599526865408e-11,0.12662768255854495,0.0,0.125,0.010294954602722757,3.318530387541596e-06,0.12662768255854495,7.275564180925231e-06,0.12662768255854495
140940.0,0.012,5.445599526865408e-11,0.0,0.125,9.191521327418351e-12,4.490630090003833e-12,5.445599526865408e-11,4.547473508864641e-12,5.445599526865408e-11,0.12657283327090327,0.0,0.125,0.010290024501972885,3.3149469992332925e-06,0.12657283327090327,7.2755734237817116e-06,0.12657283327090327
141000.0,0.012,5.445599526865408e-11,0.0,0.125,9.191521327418351e-12,4.490630090003833e-12,5.445599526865408e-11,4.547473508864641e-12,5.445599526865408e-11,0.1265180413444327,0.0,0.125,0.010285100102032485,3.3113695219189054e-06,0.1265180413444327,7.275579273241517e-06,0.1265180413444327
141060.0,0.012,5.445599526865408e-11,0.0,0.125,9.191521327418351e-12,4.490630090003833e-12,5.445599526865408e-11,4.547473508864641e-12,5.445599526865408e-11,0.12646330668696631,0.0,0.125,0.010280181393050604,3.30779794258107e-06,0.12646330668696631,7.275581738963588e-06,0.12646330668696631
141120.0,0.012,5.445599526865408e-11,0.0,0.125,9.191521327418351e-12,4.490630090003833e-12,5.445599526865408e-11,4.547473508864641e-12,5.445599526865408e-11,0.12640862920653295,0.0,0.125,0.010275268365198405,3.304232247869354e-06,0.12640862920653295,7.275580830967687e-06,0.12640862920653295
141180.0,0.012,5.445599526865408e-11,0.0,0.125,9.191521327418351e-12,4.490630090003833e-12,5.445599526865408e-11,4.547473508864641e-12,5.445599526865408e-11,0.12635400881135664,0.0,0.125,0.010270361008669189,3.3006724259876385e-06,0.12635400881135664,7.27557655819111e-06,0.12635400881135664
141240.0,0.012,5.445599526865408e-11,0.0,0.125,9.191521327418351e-12,4.490630090003833e-12,5.445599526865408e-11,4.547473508864641e-12,5.445599526865408e-11,0.12629944540985677,0.0,0.125,0.010265459313678277,3.2971184636132467e-06,0.12629944540985677,7.275568930570353e-06,0.12629944540985677
141300.0,0.012,5.445599526865408e-11,0.0,0.125,9.191521327418351e-12,4.490630090003833e-12,5.445599526865408e-11,4.547473508864641e-12,5.445599526865408e-11,0.12624493891064734,0.0,0.125,0.010260563270462968,3.293570347701058e-06,0.12624493891064734,7.275557958069667e-06,0.12624493891064734
141360.0,0.012,5.445599526865408e-11,0.0,0.125,9.191521327418351e-12,4.490630090003833e-12,5.445599526865408e-11,4.547473508864641e-12,5.445599526865408e-11,0.1261904892225351,0.0,0.125,0.01025567286928251,3.2900280666214865e-06,0.1261904892225351,7.27554364898797e-06,0.1261904892225351
141420.0,0.012,5.445599526865408e-11,0.0,0.125,9.191521327418351e-12,4.490630090003833e-12,5.445599526865408e-11,4.547473508864641e-12,5.445599526865408e-11,0.12613609625452193,0.0,0.125,0.010250788100417964,3.286491606246944e-06,0.12613609625452193,7.27552601387238e-06,0.12613609625452193
141480.0,0.012,5.445599526865408e-11,0.0,0.125,9.191521327418351e-12,4.490630090003833e-12,5.445599526865408e-11,4.547473508864641e-12,5.445599526865408e-11,0.12608175991580095,0.0,0.125,0.010245908954172213,3.2829609549756e-06,0.12608175991580095,7.275505061438148e-06,0.12608175991580095
141540.0,0.012,5.445599526865408e-11,0.0,0.125,9.191521327418351e-12,4.490630090003833e-12,5.445599526865408e-11,4.547473508864641e-12,5.445599526865408e-11,0.1260274801157583,0.0,0.125,0.010241035420869881,3.2794361002619343e-06,0.1260274801157583,7.275480800955636e-06,0.1260274801157583
141600.0,0.012,5.445599526865408e-11,0.0,0.125,9.191521327418351e-12,4.490630090003833e-12,5.445599526865408e-11,4.547473508864641e-12,5.445599526865408e-11,0.12597325676397267,0.0,0.125,0.010236167490857283,3.275917029088582e-06,0.12597325676397267,7.275453243110741e-06,0.12597325676397267
141660.0,0.012,5.445599526865408e-11,0.0,0.125,9.191521327418351e-12,4.490630090003833e-12,5.445599526865408e-11,4.547473508864641e-12,5.445599526865408e-11,0.12591908977021288,0.0,0.125,0.01023130515450233,3.27240372974269e-06,0.12591908977021288,7.275422395841558e-06,0.12591908977021288
141720.0,0.012,5.445599526865408e-11,0.0,0.125,9.191521327418351e-12,4.490630090003833e-12,5.445599526865408e-11,4.547473508864641e-12,5.445599526865408e-11,0.12586497904444,0.0,0.125,0.010226448402194499,3.2688961890126045e-06,0.12586497904444,7.275388269112337e-06,0.12586497904444
141780.0,0.012,5.445599526865408e-11,0.0,0.125,9.191521327418351e-12,4.490630090003833e-12,5.445599526865408e-11,4.547473508864641e-12,5.445599526865408e-11,0.1258109244968041,0.0,0.125,0.010221597224344773,3.2653943946026054e-06,0.1258109244968041,7.2753508718603754e-06,0.1258109244968041
141840.0,0.012,5.445599526865408e-11,0.0,0.125,9.191521327418351e-12,4.490630090003833e-12,5.445599526865408e-11,4.547473508864641e-12,5.445599526865408e-11,0.12575692603764596,0.0,0.125,0.01021675161138559,3.2618983346333064e-06,0.12575692603764596,7.275310213522568e-06,0.12575692603764596
141900.0,0.012,5.445599526865408e-11,0.0,0.125,9.191521327418351e-12,4.490630090003833e-12,5.445599526865408e-11,4.547473508864641e-12,5.445599526865408e-11,0.12570298357749599,0.0,0.125,0.010211911553770752,3.258407995671009e-06,0.12570298357749599,7.27526630378561e-06,0.12570298357749599
141960.0,0.012,5.445599526865408e-11,0.0,0.125,9.191521327418351e-12,4.490630090003833e-12,5.445599526865408e-11,4.547473508864641e-12,5.445599526865408e-11,0.12564909702707283,0.0,0.125,0.010207077041975404,3.2549233658085708e-06,0.12564909702707283,7.275219151503531e-06,0.12564909702707283
142020.0,0.012,5.445599526865408e-11,0.0,0.125,9.191521327418351e-12,4.490630090003833e-12,5.445599526865408e-11,4.547473508864641e-12,5.445599526865408e-11,0.12559526629728363,0.0,0.125,0.010202248066495953,3.2514444335274284e-06,0.12559526629728363,7.275168765669138e-06,0.12559526629728363
142080.0,0.012,5.445599526865408e-11,0.0,0.125,9.191521327418351e-12,4.490630090003833e-12,5.445599526865408e-11,4.547473508864641e-12,5.445599526865408e-11,0.12554149129922385,0.0,0.125,0.01019742461785001,3.2479711858379723e-06,0.12554149129922385,7.275115155969125e-06,0.12554149129922385
142140.0,0.012,5.445599526865408e-11,0.0,0.125,9.191521327418351e-12,4.490630090003833e-12,5.445599526865408e-11,4.547473508864641e-12,5.445599526865408e-11,0.12548777194417607,0.0,0.125,0.010192606686576343,3.244503610472238e-06,0.12548777194417607,7.2750583308967e-06,0.12548777194417607
142200.0,0.012,5.445599526865408e-11,0.0,0.125,9.191954309983365e-12,4.490630090003833e-12,5.445599526865408e-11,4.547473508864641e-12,5.445599526865408e-11,0.1254341081436101,0.0,0.125,0.01018779426323482,3.2410416954120613e-06,0.1254341081436101,7.274998300527136e-06,0.1254341081436101
142260.0,0.012,5.445599526865408e-11,0.0,0.125,9.191954309983365e-12,4.490630090003833e-12,5.445599526865408e-11,4.547473508864641e-12,5.445599526865408e-11,0.12538049980918142,0.0,0.125,0.010182987338406344,3.2375854288613226e-06,0.12538049980918142,7.274935072770772e-06,0.12538049980918142
142320.0,0.012,5.445599526865408e-11,0.0,0.125,9.191954309983365e-12,4.490630090003833e-12,5.445599526865408e-11,4.547473508864641e-12,5.445599526865408e-11,0.12532694685273282,0.0,0.125,0.010178185902692791,3.2341347975528567e-06,0.12532694685273282,7.274868657397571e-06,0.12532694685273282
142380.0,0.012,5.445599526865408e-11,0.0,0.125,9.191954309983365e-12,4.490630090003833e-12,5.445599526865408e-11,4.547473508864641e-12,5.445599526865408e-11,0.12527344918629157,0.0,0.125,0.010173389946716987,3.2306897903011667e-06,0.12527344918629157,7.274799063622384e-06,0.12527344918629157
142440.0,0.012,5.445599526865408e-11,0.0,0.125,9.191954309983365e-12,4.490630090003833e-12,5.445599526865408e-11,4.547473508864641e-12,5.445599526865408e-11,0.12522000672206987,0.0,0.125,0.010168599461122588,3.2272503945607323e-06,0.12522000672206987,7.274726300215972e-06,0.12522000672206987
142500.0,0.012,5.445599526865408e-11,0.0,0.125,9.191954309983365e-12,4.490630090003833e-12,5.445599526865408e-11,4.547473508864641e-12,5.445599526865408e-11,0.12516661937246504,0.0,0.125,0.010163814436574074,3.2238165986742118e-06,0.12516661937246504,7.2746503762266546e-06,0.12516661937246504
142560.0,0.012,5.445599526865408e-11,0.0,0.125,9.191966795451016e-12,4.490630090003833e-12,5.445599526865408e-11,4.547473508864641e-12,5.445599526865408e-11,0.12511328705005817,0.0,0.125,0.01015903486375667,3.220388390345885e-06,0.12511328705005817,7.27457130056397e-06,0.12511328705005817
142620.0,0.012,5.445599526865408e-11,0.0,0.125,9.191966795451016e-12,4.490630090003833e-12,5.445599526865408e-11,4.547473508864641e-12,5.445599526865408e-11,0.1250600096676141,0.0,0.125,0.010154260733376311,3.216965757113499e-06,0.1250600096676141,7.274489082720326e-06,0.1250600096676141
142680.0,0.012,5.445599526865408e-11,0.0,0.125,9.191966795451016e-12,4.490630090003833e-12,5.445599526865408e-11,4.547473508864641e-12,5.445599526865408e-11,0.12500678713808003,0.0,0.125,0.010149492036159573,3.2135486875140007e-06,0.12500678713808003,7.274403730883616e-06,0.12500678713808003
142740.0,0.012,5.445599526865408e-11,0.0,0.125,9.191966795451016e-12,4.490630090003833e-12,5.445599526865408e-11,4.547473508864641e-12,5.445599526865408e-11,0.12495361937458652,0.0,0.125,0.010144728762853614,3.210137169834537e-06,0.12495361937458652,7.274315254018893e-06,0.12495361937458652
142800.0,0.012,5.445599526865408e-11,0.0,0.125,9.191966795451016e-12,4.490630090003833e-12,5.445599526865408e-11,4.547473508864641e-12,5.445599526865408e-11,0.12490050629044616,0.0,0.125,0.01013997090422612,3.2067311922234776e-06,0.12490050629044616,7.274223661174473e-06,0.12490050629044616
142860.0,0.012,5.445599526865408e-11,0.0,0.125,9.191966795451016e-12,4.490630090003833e-12,5.445599526865408e-11,4.547473508864641e-12,5.445599526865408e-11,0.1248474477991532,0.0,0.125,0.01013521845106523,3.2033307424961244e-06,0.1248474477991532,7.274128961565207e-06,0.1248474477991532
142920.0,0.012,5.445599526865408e-11,0.0,0.125,9.191966795451016e-12,4.490630090003833e-12,5.445599526865408e-11,4.547473508864641e-12,5.445599526865408e-11,0.12479444381438282,0.0,0.125,0.010130471394179552,3.19993580896738e-06,0.12479444381438282,7.2740311633512356e-06,0.12479444381438282
142980.0,0.012,5.445599526865408e-11,0.0,0.125,9.191966795451016e-12,4.490630090003833e-12,5.445599526865408e-11,4.547473508864641e-12,5.445599526865408e-11,0.12474149424999116,0.0,0.125,0.010125729724397991,3.1965463790639692e-06,0.12474149424999116,7.273930275858431e-06,0.12474149424999116
143040.0,0.012,5.445599526865408e-11,0.0,0.125,9.191966795451016e-12,4.490630090003833e-12,5.445599526865408e-11,4.547473508864641e-12,5.445599526865408e-11,0.12468859902001457,0.0,0.125,0.010120993432569803,3.1931624427106176e-06,0.12468859902001457,7.273826307857556e-06,0.12468859902001457
143100.0,0.012,5.445599526865408e-11,0.0,0.125,9.191966795451016e-12,4.490630090003833e-12,5.445599526865408e-11,4.547473508864641e-12,5.445599526865408e-11,0.12463575803866922,0.0,0.125,0.010116262509564482,3.1897839870009825e-06,0.12463575803866922,7.273719267730794e-06,0.12463575803866922
143160.0,0.012,5.445599526865408e-11,0.0,0.125,9.191966795451016e-12,4.490630090003833e-12,5.445599526865408e-11,4.547473508864641e-12,5.445599526865408e-11,0.12458297122035075,0.0,0.125,0.010111536946271711,3.186411000444256e-06,0.12458297122035075,7.2736091642489065e-06,0.12458297122035075
143220.0,0.012,5.445599526865408e-11,0.0,0.125,9.191966795451016e-12,4.490630090003833e-12,5.445599526865408e-11,4.547473508864641e-12,5.445599526865408e-11,0.1245302384796333,0.0,0.125,0.010106816733601337,3.18304347135534e-06,0.1245302384796333,7.273496006293678e-06,0.1245302384796333
143280.0,0.012,5.445599526865408e-11,0.0,0.125,9.191966795451016e-12,4.490630090003833e-12,5.445599526865408e-11,4.547473508864641e-12,5.445599526865408e-11,0.12447755973127018,0.0,0.125,0.010102101862483295,3.179681387466271e-06,0.12447755973127018,7.273379802746893e-06,0.12447755973127018
143340.0,0.012,5.445599526865408e-11,0.0,0.125,9.191966795451016e-12,4.490630090003833e-12,5.445599526865408e-11,4.547473508864641e-12,5.445599526865408e-11,0.12442493489019187,0.0,0.125,0.01009739232386753,3.176324738340952e-06,0.12442493489019187,7.273260562157269e-06,0.12442493489019187
143400.0,0.012,5.445599526865408e-11,0.0,0.125,9.191966795451016e-12,4.490630090003833e-12,5.445599526865408e-11,4.547473508864641e-12,5.445599526865408e-11,0.12437236387150657,0.0,0.125,0.01009268810872398,3.172973511378352e-06,0.12437236387150657,7.273138293240056e-06,0.12437236387150657
143460.0,0.012,5.445599526865408e-11,0.0,0.125,9.191966795451016e-12,4.490630090003833e-12,5.445599526865408e-11,4.547473508864641e-12,5.445599526865408e-11,0.1243198465904994,0.0,0.125,0.010087989208042525,3.1696276958648184e-06,0.1243198465904994,7.273013004044371e-06,0.1243198465904994
143520.0,0.012,5.445599526865408e-11,0.0,0.125,9.191966795451016e-12,4.490630090003833e-12,5.445599526865408e-11,4.547473508864641e-12,5.445599526865408e-11,0.12426738296263241,0.0,0.125,0.010083295612832893,3.166287279726676e-06,0.12426738296263241,7.2728847037017985e-06,0.12426738296263241
143580.0,0.012,5.445599526865408e-11,0.0,0.125,9.191966795451016e-12,4.490630090003833e-12,5.445599526865408e-11,4.547473508864641e-12,5.445599526865408e-11,0.12421497290354361,0.0,0.125,0.010078607314124648,3.162952251972717e-06,0.12421497290354361,7.272753400511256e-06,0.12421497290354361
143640.0,0.012,5.445599526865408e-11,0.0,0.125,9.191966795451016e-12,4.490630090003833e-12,5.445599526865408e-11,4.547473508864641e-12,5.445599526865408e-11,0.12416261632904693,0.0,0.125,0.010073924302967115,3.1596226006402883e-06,0.12416261632904693,7.272619102938194e-06,0.12416261632904693
143700.0,0.012,5.445599526865408e-11,0.0,0.125,9.192013059307577e-12,4.490630090003833e-12,5.445599526865408e-11,4.547473508864641e-12,5.445599526865408e-11,0.12411031315513107,0.0,0.125,0.010069246570429326,3.1562983139055145e-06,0.12411031315513107,7.272481819975418e-06,0.12411031315513107
143760.0,0.012,5.445599526865408e-11,0.0,0.125,9.192013059307577e-12,4.490630090003833e-12,5.445599526865408e-11,4.547473508864641e-12,5.445599526865408e-11,0.12405806329795957,0.0,0.125,0.010064574107599977,3.1529793811102547e-06,0.12405806329795957,7.272341560032869e-06,0.12405806329795957
143820.0,0.012,5.439915184979327e-11,0.0,0.125,9.15288724011385e-12,4.433786671143025e-12,5.439915184979327e-11,4.490630090003833e-12,5.439915184979327e-11,0.12400586667387062,0.0,0.125,0.010059906905587395,3.1496657906249226e-06,0.12400586667387062,7.272198331104152e-06,0.12400586667387062
143880.0,0.012,5.439915184979327e-11,0.0,0.125,9.15288724011385e-12,4.433786671143025e-12,5.439915184979327e-11,4.490630090003833e-12,5.439915184979327e-11,0.12395372319937605,0.0,0.125,0.0100552449555194,3.1463575313195324e-06,0.12395372319937605,7.272052142182073e-06,0.12395372319937605
143940.0,0.012,5.439915184979327e-11,0.0,0.125,9.15288724011385e-12,4.433786671143025e-12,5.439915184979327e-11,4.490630090003833e-12,5.439915184979327e-11,0.1239016327911613,0.0,0.125,0.010050588248543362,3.143054591370209e-06,0.1239016327911613,7.271903001676572e-06,0.1239016327911613
144000.0,0.012,5.439915184979327e-11,0.0,0.125,9.15288724011385e-12,4.433786671143025e-12,5.439915184979327e-11,4.490630090003833e-12,5.439915184979327e-11,0.12384959536608466,0.0,0.125,0.01004593677582608,3.1397569600355446e-06,0.12384959536608466,7.271750917525743e-06,0.12384959536608466
144060.0,0.012,5.439915184979327e-11,0.0,0.125,9.15288724011385e-12,4.433786671143025e-12,5.439915184979327e-11,4.490630090003833e-12,5.439915184979327e-11,0.12379761084117674,0.0,0.125,0.010041290528553773,3.1364646258524864e-06,0.12379761084117674,7.271595898333816e-06,0.12379761084117674
144120.0,0.012,5.439915184979327e-11,0.0,0.125,9.15288724011385e-12,4.433786671143025e-12,5.439915184979327e-11,4.490630090003833e-12,5.439915184979327e-11,0.12374567913364073,0.0,0.125,0.010036649497932005,3.133177577219204e-06,0.12374567913364073,7.2714379522609285e-06,0.12374567913364073
144180.0,0.012,5.439915184979327e-11,0.0,0.125,9.15288724011385e-12,4.433786671143025e-12,5.439915184979327e-11,4.490630090003833e-12,5.439915184979327e-11,0.12369380016085095,0.0,0.125,0.010032013675185598,3.129895803533067e-06,0.12369380016085095,7.271277087883554e-06,0.12369380016085095
144240.0,0.012,5.439915184979327e-11,0.0,0.125,9.15288724011385e-12,4.433786671143025e-12,5.439915184979327e-11,4.490630090003833e-12,5.439915184979327e-11,0.12364197384035369,0.0,0.125,0.010027383051558637,3.1266192933310233e-06,0.12364197384035369,7.271113313778166e-06,0.12364197384035369
144300.0,0.012,5.439915184979327e-11,0.0,0.125,9.15288724011385e-12,4.433786671143025e-12,5.439915184979327e-11,4.490630090003833e-12,5.439915184979327e-11,0.12359020008986517,0.0,0.125,0.010022757618314417,3.123348035344309e-06,0.12359020008986517,7.270946637549791e-06,0.12359020008986517
144360.0,0.012,5.439915184979327e-11,0.0,0.125,9.15288724011385e-12,4.433786671143025e-12,5.439915184979327e-11,4.490630090003833e-12,5.439915184979327e-11,0.12353847882727284,0.0,0.125,0.01001813736673532,3.120082018637227e-06,0.12353847882727284,7.2707770683855255e-06,0.12353847882727284
144420.0,0.012,5.439915184979327e-11,0.0,0.125,9.15288724011385e-12,4.433786671143025e-12,5.439915184979327e-11,4.490630090003833e-12,5.439915184979327e-11,0.12348680997063313,0.0,0.125,0.010013522288122858,3.1168212322740807e-06,0.12348680997063313,7.270604613723863e-06,0.12348680997063313
144480.0,0.012,5.439915184979327e-11,0.0,0.125,9.15288724011385e-12,4.433786671143025e-12,5.439915184979327e-11,4.490630090003833e-12,5.439915184979327e-11,0.12343519343817255,0.0,0.125,0.010008912373797566,3.113565665208151e-06,0.12343519343817255,7.2704292817526994e-06,0.12343519343817255
144540.0,0.012,5.439915184979327e-11,0.0,0.125,9.15288724011385e-12,4.433786671143025e-12,5.439915184979327e-11,4.490630090003833e-12,5.439915184979327e-11,0.12338362914828675,0.0,0.125,0.010004307615098977,3.110315306004141e-06,0.12338362914828675,7.270251081631374e-06,0.12338362914828675
144600.0,0.012,5.439915184979327e-11,0.0,0.125,9.155215432145941e-12,4.433786671143025e-12,5.439915184979327e-11,4.490630090003833e-12,5.439915184979327e-11,0.12333211701953933,0.0,0.125,0.009999708003385538,3.107070144170443e-06,0.12333211701953933,7.270070020243269e-06,0.12333211701953933
144660.0,0.012,5.439915184979327e-11,0.0,0.125,9.155402360088945e-12,4.433786671143025e-12,5.439915184979327e-11,4.490630090003833e-12,5.439915184979327e-11,0.12328065697066296,0.0,0.125,0.009995113530034594,3.103830168382782e-06,0.12328065697066296,7.269886106608947e-06,0.12328065697066296
144720.0,0.012,5.439915184979327e-11,0.0,0.125,9.155436378800176e-12,4.433786671143025e-12,5.439915184979327e-11,4.490630090003833e-12,5.439915184979327e-11,0.12322924892055759,0.0,0.125,0.009990524186442312,3.1005953672891273e-06,0.12322924892055759,7.269699348833036e-06,0.12322924892055759
144780.0,0.012,5.439915184979327e-11,0.0,0.125,9.155436378800176e-12,4.433786671143025e-12,5.439915184979327e-11,4.490630090003833e-12,5.439915184979327e-11,0.12317789278829035,0.0,0.125,0.009985939964023652,3.0973657308974722e-06,0.12317789278829035,7.26950975504792e-06,0.12317789278829035
144840.0,0.012,5.439915184979327e-11,0.0,0.125,9.155625771002357e-12,4.433786671143025e-12,5.439915184979327e-11,4.490630090003833e-12,5.439915184979327e-11,0.12312658849309538,0.0,0.125,0.0099813608542123,3.0941412478280306e-06,0.12312658849309538,7.269317332830871e-06,0.12312658849309538
144900.0,0.012,5.439915184979327e-11,0.0,0.125,9.155625771002357e-12,4.433786671143025e-12,5.439915184979327e-11,4.490630090003833e-12,5.439915184979327e-11,0.1230753359543735,0.0,0.125,0.009976786848460643,3.0909219071451055e-06,0.1230753359543735,7.269122090675095e-06,0.1230753359543735
144960.0,0.012,5.439915184979327e-11,0.0,0.125,9.155625771002357e-12,4.433786671143025e-12,5.439915184979327e-11,4.490630090003833e-12,5.439915184979327e-11,0.1230241350916916,0.0,0.125,0.00997221793823967,3.0877076983015783e-06,0.1230241350916916,7.268924036463176e-06,0.1230241350916916
145020.0,0.012,5.439915184979327e-11,0.0,0.125,9.155625771002357e-12,4.433786671143025e-12,5.439915184979327e-11,4.490630090003833e-12,5.439915184979327e-11,0.12297298582478154,0.0,0.125,0.009967654115038986,3.0844986108613526e-06,0.12297298582478154,7.2687231778001404e-06,0.12297298582478154
145080.0,0.012,5.439915184979327e-11,0.0,0.125,9.155625771002357e-12,4.433786671143025e-12,5.439915184979327e-11,4.490630090003833e-12,5.439915184979327e-11,0.1229218880735416,0.0,0.125,0.009963095370366706,3.081294633666687e-06,0.1229218880735416,7.268519523512262e-06,0.1229218880735416
145140.0,0.012,5.439915184979327e-11,0.0,0.125,9.155625771002357e-12,4.433786671143025e-12,5.439915184979327e-11,4.490630090003833e-12,5.439915184979327e-11,0.12287084175803395,0.0,0.125,0.009958541695749458,3.078095755032484e-06,0.12287084175803395,7.268313080954769e-06,0.12287084175803395
145200.0,0.012,5.439915184979327e-11,0.0,0.125,9.155625771002357e-12,4.433786671143025e-12,5.439915184979327e-11,4.490630090003833e-12,5.439915184979327e-11,0.12281984679848534,0.0,0.125,0.00995399308273227,3.0749019657438925e-06,0.12281984679848534,7.268103858648622e-06,0.12281984679848534
145260.0,0.012,5.439915184979327e-11,0.0,0.125,9.155625771002357e-12,4.433786671143025e-12,5.439915184979327e-11,4.490630090003833e-12,5.439915184979327e-11,0.12276890311528638,0.0,0.125,0.00994944952287859,3.0717132542545933e-06,0.12276890311528638,7.2678918638380274e-06,0.12276890311528638
145320.0,0.012,5.439915184979327e-11,0.0,0.125,9.155625771002357e-12,4.433786671143025e-12,5.439915184979327e-11,4.490630090003833e-12,5.439915184979327e-11,0.12271801062899143,0.0,0.125,0.009944911007770191,3.068529609906445e-06,0.12271801062899143,7.2676771048774125e-06,0.12271801062899143
145380.0,0.012,5.439915184979327e-11,0.0,0.125,9.155625771002357e-12,4.433786671143025e-12,5.439915184979327e-11,4.490630090003833e-12,5.439915184979327e-11,0.12266716926031823,0.0,0.125,0.009940377529007121,3.065351021985796e-06,0.12266716926031823,7.267459589732628e-06,0.12266716926031823
145440.0,0.012,5.439915184979327e-11,0.0,0.125,9.16271737308359e-12,4.433786671143025e-12,5.439915184979327e-11,4.490630090003833e-12,5.439915184979327e-11,0.12261637893014617,0.0,0.125,0.009935849078207687,3.0621774807504387e-06,0.12261637893014617,7.267239326147479e-06,0.12261637893014617
145500.0,0.012,5.439915184979327e-11,0.0,0.125,9.16271737308359e-12,4.433786671143025e-12,5.439915184979327e-11,4.490630090003833e-12,5.439915184979327e-11,0.1225656395595183,0.0,0.125,0.009931325647008408,3.059008974709565e-06,0.1225656395595183,7.267016321976794e-06,0.1225656395595183
145560.0,0.012,5.439915184979327e-11,0.0,0.125,9.16271737308359e-12,4.433786671143025e-12,5.439915184979327e-11,4.490630090003833e-12,5.439915184979327e-11,0.12251495106963857,0.0,0.125,0.009926807227063893,3.0558454936768786e-06,0.12251495106963857,7.2667905851031556e-06,0.12251495106963857
145620.0,0.012,5.439915184979327e-11,0.0,0.125,9.16271737308359e-12,4.433786671143025e-12,5.439915184979327e-11,4.490630090003833e-12,5.439915184979327e-11,0.12246431338187325,0.0,0.125,0.009922293810046886,3.052687026966483e-06,0.12246431338187325,7.266562123464659e-06,0.12246431338187325
145680.0,0.012,5.439915184979327e-11,0.0,0.125,9.16271737308359e-12,4.433786671143025e-12,5.439915184979327e-11,4.490630090003833e-12,5.439915184979327e-11,0.12241372641774866,0.0,0.125,0.009917785387648176,3.0495335643920818e-06,0.12241372641774866,7.266330944499799e-06,0.12241372641774866
145740.0,0.012,5.439915184979327e-11,0.0,0.125,9.16271737308359e-12,4.433786671143025e-12,5.439915184979327e-11,4.490630090003833e-12,5.439915184979327e-11,0.12236319009895255,0.0,0.125,0.009913281951576551,3.046385095101245e-06,0.12236319009895255,7.266097055980136e-06,0.12236319009895255
145800.0,0.012,5.439915184979327e-11,0.0,0.125,9.16271737308359e-12,4.433786671143025e-12,5.439915184979327e-11,4.490630090003833e-12,5.439915184979327e-11,0.1223127043473327,0.0,0.125,0.009908783493558735,3.0432416089631875e-06,0.1223127043473327,7.2658604657049874e-06,0.1223127043473327
145860.0,0.012,5.439915184979327e-11,0.0,0.125,9.16271737308359e-12,4.433786671143025e-12,5.439915184979327e-11,4.490630090003833e-12,5.439915184979327e-11,0.12226226908489676,0.0,0.125,0.009904290005339381,3.0401030951809904e-06,0.12226226908489676,7.265621181362647e-06,0.12226226908489676
145920.0,0.012,5.439915184979327e-11,0.0,0.125,9.16271737308359e-12,4.433786671143025e-12,5.439915184979327e-11,4.490630090003833e-12,5.439915184979327e-11,0.12221188423381187,0.0,0.125,0.009899801478680994,3.0369695438181576e-06,0.12221188423381187,7.26537921089121e-06,0.12221188423381187
145980.0,0.012,5.439915184979327e-11,0.0,0.125,9.16271737308359e-12,4.433786671143025e-12,5.439915184979327e-11,4.490630090003833e-12,5.439915184979327e-11,0.12216154971640411,0.0,0.125,0.009895317905363866,3.0338409443275705e-06,0.12216154971640411,7.265134562089992e-06,0.12216154971640411
146040.0,0.012,5.439915184979327e-11,0.0,0.125,9.16271737308359e-12,4.433786671143025e-12,5.439915184979327e-11,4.490630090003833e-12,5.439915184979327e-11,0.1221112654551582,0.0,0.125,0.009890839277186094,3.030717286828244e-06,0.1221112654551582,7.2648872418146215e-06,0.1221112654551582
146100.0,0.012,5.439915184979327e-11,0.0,0.125,9.16271737308359e-12,4.433786671143025e-12,5.439915184979327e-11,4.490630090003833e-12,5.439915184979327e-11,0.12206103137271751,0.0,0.125,0.009886365585963458,3.027598560217948e-06,0.12206103137271751,7.264637258641571e-06,0.12206103137271751
146160.0,0.012,5.439915184979327e-11,0.0,0.125,9.16271737308359e-12,4.433786671143025e-12,5.439915184979327e-11,4.490630090003833e-12,5.439915184979327e-11,0.12201084739188273,0.0,0.125,0.00988189682352943,3.024484754698964e-06,0.12201084739188273,7.26438461978729e-06,0.12201084739188273
146220.0,0.012,5.439915184979327e-11,0.0,0.125,9.16271737308359e-12,4.433786671143025e-12,5.439915184979327e-11,4.490630090003833e-12,5.439915184979327e-11,0.12196071343561216,0.0,0.125,0.00987743298173509,3.021375859446618e-06,0.12196071343561216,7.264129332856806e-06,0.12196071343561216
146280.0,0.012,5.439915184979327e-11,0.0,0.125,9.16271737308359e-12,4.433786671143025e-12,5.439915184979327e-11,4.490630090003833e-12,5.439915184979327e-11,0.12191062942702144,0.0,0.125,0.009872974052449086,3.018271864801969e-06,0.12191062942702144,7.263871405482902e-06,0.12191062942702144
146340.0,0.012,5.439915184979327e-11,0.0,0.125,9.16271737308359e-12,4.433786671143025e-12,5.439915184979327e-11,4.490630090003833e-12,5.439915184979327e-11,0.1218605952893824,0.0,0.125,0.009868520027557639,3.0151727605232104e-06,0.1218605952893824,7.263610845076318e-06,0.1218605952893824
146400.0,0.012,5.439915184979327e-11,0.0,0.125,9.16271737308359e-12,4.433786671143025e-12,5.439915184979327e-11,4.490630090003833e-12,5.439915184979327e-11,0.12181061094612346,0.0,0.125,0.009864070898964412,3.0120785363407787e-06,0.12181061094612346,7.263347659242081e-06,0.12181061094612346
146460.0,0.012,5.439915184979327e-11,0.0,0.125,9.16271737308359e-12,4.433786671143025e-12,5.439915184979327e-11,4.490630090003833e-12,5.439915184979327e-11,0.1217606763208288,0.0,0.125,0.009859626658590519,3.0089891817075554e-06,0.1217606763208288,7.263081855390929e-06,0.1217606763208288
146520.0,0.012,5.439915184979327e-11,0.0,0.125,9.16271737308359e-12,4.433786671143025e-12,5.439915184979327e-11,4.490630090003833e-12,5.439915184979327e-11,0.12171079133723828,0.0,0.125,0.009855187298374464,3.005904686909089e-06,0.12171079133723828,7.262813441127891e-06,0.12171079133723828
146580.0,0.012,5.439915184979327e-11,0.0,0.125,9.162739204329835e-12,4.433786671143025e-12,5.439915184979327e-11,4.490630090003833e-12,5.439915184979327e-11,0.12166095591924649,0.0,0.125,0.009850752810272125,3.0028250424529723e-06,0.12166095591924649,7.262542424057994e-06,0.12166095591924649
146640.0,0.012,5.439915184979327e-11,0.0,0.125,9.162739204329835e-12,4.433786671143025e-12,5.439915184979327e-11,4.490630090003833e-12,5.439915184979327e-11,0.12161116999090292,0.0,0.125,0.00984632318625664,2.9997502374312646e-06,0.12161116999090292,7.262268811369932e-06,0.12161116999090292
146700.0,0.012,5.439915184979327e-11,0.0,0.125,9.162739204329835e-12,4.433786671143025e-12,5.439915184979327e-11,4.490630090003833e-12,5.439915184979327e-11,0.12156143347641157,0.0,0.125,0.009841898418318432,2.9966802619907362e-06,0.12156143347641157,7.26199261055771e-06,0.12156143347641157
146760.0,0.012,5.439915184979327e-11,0.0,0.125,9.162739204329835e-12,4.433786671143025e-12,5.439915184979327e-11,4.490630090003833e-12,5.439915184979327e-11,0.12151174630013006,0.0,0.125,0.009837478498465118,2.9936151060283578e-06,0.12151174630013006,7.2617138291430905e-06,0.12151174630013006
146820.0,0.012,5.439915184979327e-11,0.0,0.125,9.162739204329835e-12,4.433786671143025e-12,5.439915184979327e-11,4.490630090003833e-12,5.439915184979327e-11,0.1214621083865699,0.0,0.125,0.009833063418721493,2.990554759108033e-06,0.1214621083865699,7.2614324747588554e-06,0.1214621083865699
146880.0,0.012,5.439915184979327e-11,0.0,0.125,9.162739204329835e-12,4.433786671143025e-12,5.439915184979327e-11,4.490630090003833e-12,5.439915184979327e-11,0.12141251966039526,0.0,0.125,0.009828653171129456,2.98749921201491e-06,0.12141251966039526,7.261148554371655e-06,0.12141251966039526
146940.0,0.012,5.439915184979327e-11,0.0,0.125,9.162739204329835e-12,4.433786671143025e-12,5.439915184979327e-11,4.490630090003833e-12,5.439915184979327e-11,0.12136298004642346,0.0,0.125,0.009824247747748004,2.984448454534938e-06,0.12136298004642346,7.260862075642027e-06,0.12136298004642346
147000.0,0.012,5.439915184979327e-11,0.0,0.125,9.162772220153364e-12,4.433786671143025e-12,5.439915184979327e-11,4.490630090003833e-12,5.439915184979327e-11,0.12131348946962385,0.0,0.125,0.009819847140653135,2.9814024771201986e-06,0.12131348946962385,7.260573045314578e-06,0.12131348946962385
147060.0,0.012,5.439915184979327e-11,0.0,0.125,9.162772220153364e-12,4.433786671143025e-12,5.439915184979327e-11,4.490630090003833e-12,5.439915184979327e-11,0.12126404785511835,0.0,0.125,0.00981545134193785,2.9783612691958172e-06,0.12126404785511835,7.26028147127189e-06,0.12126404785511835
147120.0,0.012,5.439915184979327e-11,0.0,0.125,9.162772220153364e-12,4.433786671143025e-12,5.439915184979327e-11,4.490630090003833e-12,5.439915184979327e-11,0.12121465512818028,0.0,0.125,0.009811060343712109,2.975324821408165e-06,0.12121465512818028,7.259987360730413e-06,0.12121465512818028
147180.0,0.012,5.439915184979327e-11,0.0,0.125,9.162772220153364e-12,4.433786671143025e-12,5.439915184979327e-11,4.490630090003833e-12,5.439915184979327e-11,0.1211653112142343,0.0,0.125,0.009806674138102722,2.9722931232933902e-06,0.1211653112142343,7.259690721322931e-06,0.1211653112142343
147240.0,0.012,5.439915184979327e-11,0.0,0.125,9.162772220153364e-12,4.433786671143025e-12,5.439915184979327e-11,4.490630090003833e-12,5.439915184979327e-11,0.12111601603885495,0.0,0.125,0.009802292717253414,2.9692661657476638e-06,0.12111601603885495,7.2593915589336255e-06,0.12111601603885495
147300.0,0.012,5.439915184979327e-11,0.0,0.125,9.162772220153364e-12,4.433786671143025e-12,5.439915184979327e-11,4.490630090003833e-12,5.439915184979327e-11,0.1210667695277691,0.0,0.125,0.009797916073324657,2.966243938556934e-06,0.1210667695277691,7.259089882694081e-06,0.1210667695277691
147360.0,0.012,5.439915184979327e-11,0.0,0.125,9.162772220153364e-12,4.433786671143025e-12,5.439915184979327e-11,4.490630090003833e-12,5.439915184979327e-11,0.12101757160685221,0.0,0.125,0.00979354419849374,2.9632264320345048e-06,0.12101757160685221,7.258785698405212e-06,0.12101757160685221
147420.0,0.012,5.439915184979327e-11,0.0,0.125,9.162772220153364e-12,4.433786671143025e-12,5.439915184979327e-11,4.490630090003833e-12,5.439915184979327e-11,0.12096842220212989,0.0,0.125,0.009789177084954631,2.9602136364381693e-06,0.12096842220212989,7.258479013644292e-06,0.12096842220212989
147480.0,0.012,5.439915184979327e-11,0.0,0.125,9.162772220153364e-12,4.433786671143025e-12,5.439915184979327e-11,4.490630090003833e-12,5.439915184979327e-11,0.12091932123977744,0.0,0.125,0.00978481472491801,2.9572055422755206e-06,0.12091932123977744,7.258169835683281e-06,0.12091932123977744
147540.0,0.012,5.439915184979327e-11,0.0,0.125,9.162772220153364e-12,4.433786671143025e-12,5.439915184979327e-11,4.490630090003833e-12,5.439915184979327e-11,0.12087026864611912,0.0,0.125,0.00978045711061116,2.954202139582307e-06,0.12087026864611912,7.257858171766385e-06,0.12087026864611912
147600.0,0.012,5.439915184979327e-11,0.0,0.125,9.162772220153364e-12,4.433786671143025e-12,5.439915184979327e-11,4.490630090003833e-12,5.439915184979327e-11,0.12082126434762762,0.0,0.125,0.009776104234277971,2.951203418644077e-06,0.12082126434762762,7.25754402924883e-06,0.12082126434762762
147660.0,0.012,5.439915184979327e-11,0.0,0.125,9.162772220153364e-12,4.433786671143025e-12,5.439915184979327e-11,4.490630090003833e-12,5.439915184979327e-11,0.12077230827092371,0.0,0.125,0.009771756088178884,2.9482093702737355e-06,0.12077230827092371,7.257227414375622e-06,0.12077230827092371
147720.0,0.012,5.439915184979327e-11,0.0,0.125,9.162772220153364e-12,4.433786671143025e-12,5.439915184979327e-11,4.490630090003833e-12,5.439915184979327e-11,0.12072340034277655,0.0,0.125,0.009767412664590825,2.9452199842294746e-06,0.12072340034277655,7.256908335168122e-06,0.12072340034277655
147780.0,0.012,5.439915184979327e-11,0.0,0.125,9.162853626211038e-12,4.433786671143025e-12,5.439915184979327e-11,4.490630090003833e-12,5.439915184979327e-11,0.12067454049010246,0.0,0.125,0.009763073955807196,2.942235250935621e-06,0.12067454049010246,7.2565867978990894e-06,0.12067454049010246
147840.0,0.012,5.439915184979327e-11,0.0,0.125,9.162853626211038e-12,4.433786671143025e-12,5.439915184979327e-11,4.490630090003833e-12,5.439915184979327e-11,0.12062572863996529,0.0,0.125,0.009758739954137821,2.939255161121812e-06,0.12062572863996529,7.2562628104511084e-06,0.12062572863996529
147900.0,0.012,5.439915184979327e-11,0.0,0.125,9.162853626211038e-12,4.433786671143025e-12,5.439915184979327e-11,4.490630090003833e-12,5.439915184979327e-11,0.12057696471957485,0.0,0.125,0.009754410651908896,2.936279705573197e-06,0.12057696471957485,7.255936379096939e-06,0.12057696471957485
147960.0,0.012,5.439915184979327e-11,0.0,0.125,9.162853626211038e-12,4.433786671143025e-12,5.439915184979327e-11,4.490630090003833e-12,5.439915184979327e-11,0.12052824865628839,0.0,0.125,0.009750086041462927,2.933308873825924e-06,0.12052824865628839,7.255607511413853e-06,0.12052824865628839
148020.0,0.012,5.439915184979327e-11,0.0,0.125,9.162853626211038e-12,4.433786671143025e-12,5.439915184979327e-11,4.490630090003833e-12,5.439915184979327e-11,0.1204795803776088,0.0,0.125,0.009745766115158752,2.930342657025964e-06,0.1204795803776088,7.255276214562789e-06,0.1204795803776088
148080.0,0.012,5.439915184979327e-11,0.0,0.125,9.162853626211038e-12,4.433786671143025e-12,5.439915184979327e-11,4.490630090003833e-12,5.439915184979327e-11,0.12043095981118432,0.0,0.125,0.009741450865371424,2.9273810457086658e-06,0.12043095981118432,7.254942495066308e-06,0.12043095981118432
148140.0,0.012,5.439915184979327e-11,0.0,0.125,9.162853626211038e-12,4.433786671143025e-12,5.439915184979327e-11,4.490630090003833e-12,5.439915184979327e-11,0.12038238688480896,0.0,0.125,0.009737140284492206,2.9244240305759117e-06,0.12038238688480896,7.254606359696769e-06,0.12038238688480896
148200.0,0.012,5.439915184979327e-11,0.0,0.125,9.162853626211038e-12,4.433786671143025e-12,5.439915184979327e-11,4.490630090003833e-12,5.439915184979327e-11,0.12033386152642153,0.0,0.125,0.00973283436492855,2.9214716017744724e-06,0.12033386152642153,7.254267815948179e-06,0.12033386152642153
148260.0,0.012,5.439915184979327e-11,0.0,0.125,9.162853626211038e-12,4.433786671143025e-12,5.439915184979327e-11,4.490630090003833e-12,5.439915184979327e-11,0.12028538366410539,0.0,0.125,0.009728533099103988,2.9185237501172523e-06,0.12028538366410539,7.2539268699822745e-06,0.12028538366410539
148320.0,0.012,5.439915184979327e-11,0.0,0.125,9.162853626211038e-12,4.433786671143025e-12,5.439915184979327e-11,4.490630090003833e-12,5.439915184979327e-11,0.12023695322608847,0.0,0.125,0.009724236479458151,2.915580466333889e-06,0.12023695322608847,7.2535835295706175e-06,0.12023695322608847
148380.0,0.012,5.439915184979327e-11,0.0,0.125,9.162853626211038e-12,4.433786671143025e-12,5.439915184979327e-11,4.490630090003833e-12,5.439915184979327e-11,0.12018857014074277,0.0,0.125,0.00971994449844672,2.912641740543398e-06,0.12018857014074277,7.253237801568835e-06,0.12018857014074277
148440.0,0.012,5.439915184979327e-11,0.0,0.125,9.162955351297e-12,4.433786671143025e-12,5.439915184979327e-11,4.490630090003833e-12,5.439915184979327e-11,0.12014023433658318,0.0,0.125,0.009715657148541373,2.9097075639472614e-06,0.12014023433658318,7.2528896921941755e-06,0.12014023433658318
148500.0,0.012,5.439915184979327e-11,0.0,0.125,9.162955351297e-12,4.433786671143025e-12,5.439915184979327e-11,4.490630090003833e-12,5.439915184979327e-11,0.12009194574226816,0.0,0.125,0.009711374422229718,2.9067779268587834e-06,0.12009194574226816,7.252539208940645e-06,0.12009194574226816
148560.0,0.012,5.439915184979327e-11,0.0,0.125,9.162955351297e-12,4.433786671143025e-12,5.439915184979327e-11,4.490630090003833e-12,5.439915184979327e-11,0.12004370428659836,0.0,0.125,0.00970709631201529,2.9038528206737357e-06,0.12004370428659836,7.252186357720181e-06,0.12004370428659836
148620.0,0.012,5.439915184979327e-11,0.0,0.125,9.162955351297e-12,4.433786671143025e-12,5.439915184979327e-11,4.490630090003833e-12,5.439915184979327e-11,0.1199955098985184,0.0,0.125,0.009702822810417502,2.900932235205822e-06,0.1199955098985184,7.251831146498633e-06,0.1199955098985184
148680.0,0.012,5.439915184979327e-11,0.0,0.125,9.162955351297e-12,4.433786671143025e-12,5.439915184979327e-11,4.490630090003833e-12,5.439915184979327e-11,0.11994736250711388,0.0,0.125,0.0096985539099716,2.8980161614067246e-06,0.11994736250711388,7.251473581632029e-06,0.11994736250711388
148740.0,0.012,5.439915184979327e-11,0.0,0.125,9.162955351297e-12,4.433786671143025e-12,5.439915184979327e-11,4.490630090003833e-12,5.439915184979327e-11,0.11989926204161236,0.0,0.125,0.009694289603228606,2.8951045903946593e-06,0.11989926204161236,7.251113669809461e-06,0.11989926204161236
148800.0,0.012,5.439915184979327e-11,0.0,0.125,9.162955351297e-12,4.433786671143025e-12,5.439915184979327e-11,4.490630090003833e-12,5.439915184979327e-11,0.11985120843138265,0.0,0.125,0.009690029882755297,2.892197513287842e-06,0.11985120843138265,7.250751417720025e-06,0.11985120843138265
148860.0,0.012,5.439915184979327e-11,0.0,0.125,9.162955351297e-12,4.433786671143025e-12,5.439915184979327e-11,4.490630090003833e-12,5.439915184979327e-11,0.11980320160593494,0.0,0.125,0.009685774741134178,2.8892949204550877e-06,0.11980320160593494,7.250386832080569e-06,0.11980320160593494
148920.0,0.012,5.439915184979327e-11,0.0,0.125,9.162955351297e-12,4.433786671143025e-12,5.439915184979327e-11,4.490630090003833e-12,5.439915184979327e-11,0.11975524149492064,0.0,0.125,0.009681524170963378,2.886396802126434e-06,0.11975524149492064,7.25001991999652e-06,0.11975524149492064
148980.0,0.012,5.439915184979327e-11,0.0,0.125,9.162955351297e-12,4.433786671143025e-12,5.439915184979327e-11,4.490630090003833e-12,5.439915184979327e-11,0.11970732802813036,0.0,0.125,0.009677278164856704,2.8835031501694974e-06,0.11970732802813036,7.2496506873520605e-06,0.11970732802813036
149040.0,0.012,5.434230843093246e-11,0.0,0.125,9.123936986807777e-12,4.376943252282217e-12,5.434230843093246e-11,4.433786671143025e-12,5.434230843093246e-11,0.11965946113549572,0.0,0.125,0.00967303671544352,2.8806139553694265e-06,0.11965946113549572,7.249279142029774e-06,0.11965946113549572
149100.0,0.012,5.434230843093246e-11,0.0,0.125,9.123936986807777e-12,4.376943252282217e-12,5.434230843093246e-11,4.433786671143025e-12,5.434230843093246e-11,0.1196116407470877,0.0,0.125,0.009668799815368749,2.8777292082893258e-06,0.1196116407470877,7.248905289747309e-06,0.1196116407470877
149160.0,0.012,5.434230843093246e-11,0.0,0.125,9.123936986807777e-12,4.376943252282217e-12,5.434230843093246e-11,4.433786671143025e-12,5.434230843093246e-11,0.11956386679311697,0.0,0.125,0.009664567457292805,2.8748488999363886e-06,0.11956386679311697,7.248529137915405e-06,0.11956386679311697
149220.0,0.012,5.434230843093246e-11,0.0,0.125,9.123967929312411e-12,4.376943252282217e-12,5.434230843093246e-11,4.433786671143025e-12,5.434230843093246e-11,0.11951613920393238,0.0,0.125,0.009660339633891605,2.871973021345564e-06,0.11951613920393238,7.248150691946398e-06,0.11951613920393238
149280.0,0.012,5.434230843093246e-11,0.0,0.125,9.123967929312411e-12,4.376943252282217e-12,5.434230843093246e-11,4.433786671143025e-12,5.434230843093246e-11,0.11946845791002231,0.0,0.125,0.009656116337856447,2.869101563440779e-06,0.11946845791002231,7.2477699594730716e-06,0.11946845791002231
149340.0,0.012,5.434230843093246e-11,0.0,0.125,9.123967929312411e-12,4.376943252282217e-12,5.434230843093246e-11,4.433786671143025e-12,5.434230843093246e-11,0.11942082284201283,0.0,0.125,0.009651897561894041,2.8662345172569825e-06,0.11942082284201283,7.247386946823697e-06,0.11942082284201283
149400.0,0.012,5.434230843093246e-11,0.0,0.125,9.123967929312411e-12,4.376943252282217e-12,5.434230843093246e-11,4.433786671143025e-12,5.434230843093246e-11,0.11937323393066836,0.0,0.125,0.009647683298726456,2.863371874384235e-06,0.11937323393066836,7.247001660548591e-06,0.11937323393066836
149460.0,0.012,5.434230843093246e-11,0.0,0.125,9.123967929312411e-12,4.376943252282217e-12,5.434230843093246e-11,4.433786671143025e-12,5.434230843093246e-11,0.11932569110689133,0.0,0.125,0.009643473541091045,2.8605136250525742e-06,0.11932569110689133,7.246614107697669e-06,0.11932569110689133
149520.0,0.012,5.434230843093246e-11,0.0,0.125,9.123967929312411e-12,4.376943252282217e-12,5.434230843093246e-11,4.433786671143025e-12,5.434230843093246e-11,0.11927819430172076,0.0,0.125,0.009639268281740436,2.857659760546749e-06,0.11927819430172076,7.246224294016335e-06,0.11927819430172076
149580.0,0.012,5.434230843093246e-11,0.0,0.125,9.123967929312411e-12,4.376943252282217e-12,5.434230843093246e-11,4.433786671143025e-12,5.434230843093246e-11,0.11923074344633311,0.0,0.125,0.009635067513442517,2.854810272012731e-06,0.11923074344633311,7.245832227192883e-06,0.11923074344633311
149640.0,0.012,5.434230843093246e-11,0.0,0.125,9.125008616359123e-12,4.376943252282217e-12,5.434230843093246e-11,4.433786671143025e-12,5.434230843093246e-11,0.11918333847204114,0.0,0.125,0.009630871228980322,2.851965150957314e-06,0.11918333847204114,7.245437912445363e-06,0.11918333847204114
149700.0,0.012,5.434230843093246e-11,0.0,0.125,9.125008616359123e-12,4.376943252282217e-12,5.434230843093246e-11,4.433786671143025e-12,5.434230843093246e-11,0.11913597931029382,0.0,0.125,0.00962667942115208,2.849124387888091e-06,0.11913597931029382,7.245041356573889e-06,0.11913597931029382
149760.0,0.012,5.434230843093246e-11,0.0,0.125,9.125008616359123e-12,4.376943252282217e-12,5.434230843093246e-11,4.433786671143025e-12,5.434230843093246e-11,0.11908866589267678,0.0,0.125,0.009622492082771082,2.846287974200834e-06,0.11908866589267678,7.244642566545112e-06,0.11908866589267678
149820.0,0.012,5.434230843093246e-11,0.0,0.125,9.125008616359123e-12,4.376943252282217e-12,5.434230843093246e-11,4.433786671143025e-12,5.434230843093246e-11,0.11904139815091072,0.0,0.125,0.009618309206665739,2.843455901180292e-06,0.11904139815091072,7.244241548520769e-06,0.11904139815091072
149880.0,0.012,5.434230843093246e-11,0.0,0.125,9.125008616359123e-12,4.376943252282217e-12,5.434230843093246e-11,4.433786671143025e-12,5.434230843093246e-11,0.11899417601685175,0.0,0.125,0.009614130785679473,2.8406281600557026e-06,0.11899417601685175,7.243838309051176e-06,0.11899417601685175
149940.0,0.012,5.434230843093246e-11,0.0,0.125,9.125008616359123e-12,4.376943252282217e-12,5.434230843093246e-11,4.433786671143025e-12,5.434230843093246e-11,0.11894699942249107,0.0,0.125,0.009609956812670717,2.8378047420007935e-06,0.11894699942249107,7.243432854298071e-06,0.11894699942249107
150000.0,0.012,5.434230843093246e-11,0.0,0.125,9.125008616359123e-12,4.376943252282217e-12,5.434230843093246e-11,4.433786671143025e-12,5.434230843093246e-11,0.11889986829995447,0.0,0.125,0.009605787280512836,2.8349856384390915e-06,0.11889986829995447,7.243025191144836e-06,0.11889986829995447
150060.0,0.012,5.434230843093246e-11,0.0,0.125,9.125008616359123e-12,4.376943252282217e-12,5.434230843093246e-11,4.433786671143025e-12,5.434230843093246e-11,0.11885278258150175,0.0,0.125,0.009601622182094158,2.832170840516568e-06,0.11885278258150175,7.24261532550341e-06,0.11885278258150175
150120.0,0.012,5.434230843093246e-11,0.0,0.125,9.125008616359123e-12,4.376943252282217e-12,5.434230843093246e-11,4.433786671143025e-12,5.434230843093246e-11,0.11880574219952722,0.0,0.125,0.009597461510317845,2.8293603393791944e-06,0.11880574219952722,7.2422032637853295e-06,0.11880574219952722
150180.0,0.012,5.445599526865408e-11,0.0,0.125,9.151646758572936e-12,4.376943252282217e-12,5.445599526865408e-11,4.433786671143025e-12,5.445599526865408e-11,0.11875874708655848,0.0,0.125,0.009593305258101936,2.826554126700298e-06,0.11875874708655848,7.241789012402133e-06,0.11875874708655848
150240.0,0.012,5.445599526865408e-11,0.0,0.125,9.151646758572936e-12,4.376943252282217e-12,5.445599526865408e-11,4.433786671143025e-12,5.445599526865408e-11,0.11871179717525708,0.0,0.125,0.009589153418379261,2.8237521927099163e-06,0.11871179717525708,7.241372578181693e-06,0.11871179717525708
150300.0,0.012,5.445599526865408e-11,0.0,0.125,9.151646758572936e-12,4.376943252282217e-12,5.445599526865408e-11,4.433786671143025e-12,5.445599526865408e-11,0.11866489239841604,0.0,0.125,0.009585005984097438,2.8209545307189554e-06,0.11866489239841604,7.240953966647368e-06,0.11866489239841604
150360.0,0.012,5.445599526865408e-11,0.0,0.125,9.151646758572936e-12,4.376943252282217e-12,5.445599526865408e-11,4.433786671143025e-12,5.445599526865408e-11,0.11861803268896307,0.0,0.125,0.009580862948218796,2.818161130430097e-06,0.11861803268896307,7.240533184765807e-06,0.11861803268896307
150420.0,0.012,5.445599526865408e-11,0.0,0.125,9.151646758572936e-12,4.376943252282217e-12,5.445599526865408e-11,4.433786671143025e-12,5.445599526865408e-11,0.1185712179799566,0.0,0.125,0.009576724303720346,2.8153719843493352e-06,0.1185712179799566,7.240110238337927e-06,0.1185712179799566
150480.0,0.012,5.445599526865408e-11,0.0,0.125,9.164344985087064e-12,4.433786671143025e-12,5.445599526865408e-11,4.433786671143025e-12,5.445599526865408e-11,0.11852444820458835,0.0,0.125,0.009572590043593779,2.8125870833728417e-06,0.11852444820458835,7.2396851340250645e-06,0.11852444820458835
150540.0,0.012,5.445599526865408e-11,0.0,0.125,9.1645032558913e-12,4.433786671143025e-12,5.445599526865408e-11,4.433786671143025e-12,5.445599526865408e-11,0.11847772329618066,0.0,0.125,0.009568460160845409,2.809806418813121e-06,0.11847772329618066,7.239257877766914e-06,0.11847772329618066
150600.0,0.012,5.445599526865408e-11,0.0,0.125,9.164546326964025e-12,4.433786671143025e-12,5.445599526865408e-11,4.433786671143025e-12,5.445599526865408e-11,0.11843104318818833,0.0,0.125,0.00956433464849611,2.8070299822879896e-06,0.11843104318818833,7.238828476252568e-06,0.11843104318818833
150660.0,0.012,5.445599526865408e-11,0.0,0.125,9.164546326964025e-12,4.433786671143025e-12,5.445599526865408e-11,4.433786671143025e-12,5.445599526865408e-11,0.11838440781419626,0.0,0.125,0.009560213499581298,2.804257765387508e-06,0.11838440781419626,7.238396935227431e-06,0.11838440781419626
150720.0,0.012,5.445599526865408e-11,0.0,0.125,9.164569604779708e-12,4.433786671143025e-12,5.445599526865408e-11,4.433786671143025e-12,5.445599526865408e-11,0.11833781710792066,0.0,0.125,0.009556096707150893,2.8014897595629584e-06,0.11833781710792066,7.237963261214064e-06,0.11833781710792066
150780.0,0.012,5.445599526865408e-11,0.0,0.125,9.164569604779708e-12,4.433786671143025e-12,5.445599526865408e-11,4.433786671143025e-12,5.445599526865408e-11,0.11829127100320788,0.0,0.125,0.009551984264269307,2.7987259564321576e-06,0.11829127100320788,7.237527460041138e-06,0.11829127100320788
150840.0,0.012,5.445599526865408e-11,0.0,0.125,9.164569604779708e-12,4.433786671143025e-12,5.445599526865408e-11,4.433786671143025e-12,5.445599526865408e-11,0.11824476943403442,0.0,0.125,0.009547876164015368,2.7959663475574104e-06,0.11824476943403442,7.2370895379259e-06,0.11824476943403442
150900.0,0.012,5.445599526865408e-11,0.0,0.125,9.164569604779708e-12,4.433786671143025e-12,5.445599526865408e-11,4.433786671143025e-12,5.445599526865408e-11,0.11819831233450716,0.0,0.125,0.009543772399482302,2.7932109243067327e-06,0.11819831233450716,7.236649501113357e-06,0.11819831233450716
150960.0,0.012,5.445599526865408e-11,0.0,0.125,9.164569604779708e-12,4.433786671143025e-12,5.445599526865408e-11,4.433786671143025e-12,5.445599526865408e-11,0.1181518996388618,0.0,0.125,0.009539672963777687,2.7904596784367186e-06,0.1181518996388618,7.2362073560705564e-06,0.1181518996388618
151020.0,0.012,5.445599526865408e-11,0.0,0.125,9.164569604779708e-12,4.433786671143025e-12,5.445599526865408e-11,4.433786671143025e-12,5.445599526865408e-11,0.11810553128146364,0.0,0.125,0.009535577850023446,2.7877126015651843e-06,0.11810553128146364,7.2357631085151475e-06,0.11810553128146364
151080.0,0.012,5.445599526865408e-11,0.0,0.125,9.164569604779708e-12,4.433786671143025e-12,5.445599526865408e-11,4.433786671143025e-12,5.445599526865408e-11,0.11805920719680635,0.0,0.125,0.009531487051355762,2.7849696852821904e-06,0.11805920719680635,7.235316764941935e-06,0.11805920719680635
151140.0,0.012,5.445599526865408e-11,0.0,0.125,9.164569604779708e-12,4.433786671143025e-12,5.445599526865408e-11,4.433786671143025e-12,5.445599526865408e-11,0.11801292731951282,0.0,0.125,0.009527400560925083,2.782230920733708e-06,0.11801292731951282,7.234868331457145e-06,0.11801292731951282
151200.0,0.012,5.445599526865408e-11,0.0,0.125,9.164569604779708e-12,4.433786671143025e-12,5.445599526865408e-11,4.433786671143025e-12,5.445599526865408e-11,0.1179666915843336,0.0,0.125,0.009523318371896084,2.779496299926132e-06,0.1179666915843336,7.2344178135841375e-06,0.1179666915843336
151260.0,0.012,5.445599526865408e-11,0.0,0.125,9.164569604779708e-12,4.433786671143025e-12,5.445599526865408e-11,4.433786671143025e-12,5.445599526865408e-11,0.11792049992614727,0.0,0.125,0.009519240477447571,2.776765815171167e-06,0.11792049992614727,7.233965217762206e-06,0.11792049992614727
151320.0,0.012,5.445599526865408e-11,0.0,0.125,9.164569604779708e-12,4.433786671143025e-12,5.445599526865408e-11,4.433786671143025e-12,5.445599526865408e-11,0.1178743522799601,0.0,0.125,0.009515166870772557,2.774039457753563e-06,0.1178743522799601,7.233510549847777e-06,0.1178743522799601
151380.0,0.012,5.445599526865408e-11,0.0,0.125,9.164569604779708e-12,4.433786671143025e-12,5.445599526865408e-11,4.433786671143025e-12,5.445599526865408e-11,0.11782824858090565,0.0,0.125,0.009511097545078092,2.7713172197352254e-06,0.11782824858090565,7.233053816002588e-06,0.11782824858090565
151440.0,0.012,5.445599526865408e-11,0.0,0.125,9.164569604779708e-12,4.433786671143025e-12,5.445599526865408e-11,4.433786671143025e-12,5.445599526865408e-11,0.11778218876424482,0.0,0.125,0.009507032493585341,2.7685990921511028e-06,0.11778218876424482,7.232595022166333e-06,0.11778218876424482
151500.0,0.012,5.445599526865408e-11,0.0,0.125,9.164569604779708e-12,4.433786671143025e-12,5.445599526865408e-11,4.433786671143025e-12,5.445599526865408e-11,0.1177361727653643,0.0,0.125,0.009502971709529495,2.7658850674239233e-06,0.1177361727653643,7.23213417411217e-06,0.1177361727653643
151560.0,0.012,5.445599526865408e-11,0.0,0.125,9.164569604779708e-12,4.433786671143025e-12,5.445599526865408e-11,4.433786671143025e-12,5.445599526865408e-11,0.11769020051977844,0.0,0.125,0.009498915186159735,2.7631751369494584e-06,0.11769020051977844,7.231671278279395e-06,0.11769020051977844
151620.0,0.012,5.445599526865408e-11,0.0,0.125,9.164569604779708e-12,4.433786671143025e-12,5.445599526865408e-11,4.433786671143025e-12,5.445599526865408e-11,0.11764427196312655,0.0,0.125,0.009494862916739209,2.7604692930671693e-06,0.11764427196312655,7.23120634066321e-06,0.11764427196312655
151680.0,0.012,5.445599526865408e-11,0.0,0.125,9.164651480455258e-12,4.433786671143025e-12,5.445599526865408e-11,4.433786671143025e-12,5.445599526865408e-11,0.11759838703117453,0.0,0.125,0.009490814894544999,2.7577675269230273e-06,0.11759838703117453,7.2307393665371755e-06,0.11759838703117453
151740.0,0.012,5.445599526865408e-11,0.0,0.125,9.164651480455258e-12,4.433786671143025e-12,5.445599526865408e-11,4.433786671143025e-12,5.445599526865408e-11,0.11755254565981331,0.0,0.125,0.009486771112868093,2.7550698306622046e-06,0.11755254565981331,7.230270362923452e-06,0.11755254565981331
151800.0,0.012,5.445599526865408e-11,0.0,0.125,9.164651480455258e-12,4.433786671143025e-12,5.445599526865408e-11,4.433786671143025e-12,5.445599526865408e-11,0.11750674778505885,0.0,0.125,0.009482731565013301,2.7523761960690507e-06,0.11750674778505885,7.229799334595999e-06,0.11750674778505885
151860.0,0.012,5.445599526865408e-11,0.0,0.125,9.164651480455258e-12,4.433786671143025e-12,5.445599526865408e-11,4.433786671143025e-12,5.445599526865408e-11,0.1174609933430522,0.0,0.125,0.009478696244299287,2.749686615538538e-06,0.1174609933430522,7.229326287772064e-06,0.1174609933430522
151920.0,0.012,5.445599526865408e-11,0.0,0.125,9.164651480455258e-12,4.433786671143025e-12,5.445599526865408e-11,4.433786671143025e-12,5.445599526865408e-11,0.11741528227005918,0.0,0.125,0.009474665144058472,2.7470010804941936e-06,0.11741528227005918,7.228851228585631e-06,0.11741528227005918
151980.0,0.012,5.445599526865408e-11,0.0,0.125,9.166345904899058e-12,4.433786671143025e-12,5.445599526865408e-11,4.433786671143025e-12,5.445599526865408e-11,0.11736961450246952,0.0,0.125,0.00947063825763707,2.7443195831644562e-06,0.11736961450246952,7.2283741628098586e-06,0.11736961450246952
152040.0,0.012,5.445599526865408e-11,0.0,0.125,9.166345904899058e-12,4.433786671143025e-12,5.445599526865408e-11,4.433786671143025e-12,5.445599526865408e-11,0.11732398997679686,0.0,0.125,0.009466615578394965,2.7416421157222537e-06,0.11732398997679686,7.227895095995862e-06,0.11732398997679686
152100.0,0.012,5.445599526865408e-11,0.0,0.125,9.166345904899058e-12,4.433786671143025e-12,5.445599526865408e-11,4.433786671143025e-12,5.445599526865408e-11,0.11727840862967898,0.0,0.125,0.00946259709970578,2.7389686692858017e-06,0.11727840862967898,7.227414034333135e-06,0.11727840862967898
152160.0,0.012,5.445599526865408e-11,0.0,0.125,9.166872539188047e-12,4.433786671143025e-12,5.445599526865408e-11,4.433786671143025e-12,5.445599526865408e-11,0.117232870397877,0.0,0.125,0.009458582814956746,2.736299236694162e-06,0.117232870397877,7.2269309836225926e-06,0.117232870397877
152220.0,0.012,5.445599526865408e-11,0.0,0.125,9.166872539188047e-12,4.433786671143025e-12,5.445599526865408e-11,4.433786671143025e-12,5.445599526865408e-11,0.1171873752182748,0.0,0.125,0.009454572717548713,2.7336338092043277e-06,0.1171873752182748,7.226445949859439e-06,0.1171873752182748
152280.0,0.012,5.445599526865408e-11,0.0,0.125,9.166981676647106e-12,4.433786671143025e-12,5.445599526865408e-11,4.433786671143025e-12,5.445599526865408e-11,0.11714192302787856,0.0,0.125,0.009450566800896133,2.7309723797941388e-06,0.11714192302787856,7.225958938317234e-06,0.11714192302787856
152340.0,0.012,5.445599526865408e-11,0.0,0.125,9.166981676647106e-12,4.433786671143025e-12,5.445599526865408e-11,4.433786671143025e-12,5.445599526865408e-11,0.11709651376381819,0.0,0.125,0.00944656505842699,2.728314939748344e-06,0.11709651376381819,7.225469955768338e-06,0.11709651376381819
152400.0,0.012,5.445599526865408e-11,0.0,0.125,9.166981676647106e-12,4.433786671143025e-12,5.445599526865408e-11,4.433786671143025e-12,5.445599526865408e-11,0.11705114736334499,0.0,0.125,0.009442567483582775,2.725661481267627e-06,0.11705114736334499,7.224979006931198e-06,0.11705114736334499
152460.0,0.012,5.445599526865408e-11,0.0,0.125,9.166981676647106e-12,4.433786671143025e-12,5.445599526865408e-11,4.433786671143025e-12,5.445599526865408e-11,0.11700582376383169,0.0,0.125,0.009438574069818463,2.723011997080027e-06,0.11700582376383169,7.2244860972736635e-06,0.11700582376383169
152520.0,0.012,5.445599526865408e-11,0.0,0.125,9.166981676647106e-12,4.433786671143025e-12,5.445599526865408e-11,4.433786671143025e-12,5.445599526865408e-11,0.1169605429027738,0.0,0.125,0.009434584810602475,2.7203664786923376e-06,0.1169605429027738,7.223991233429317e-06,0.1169605429027738
152580.0,0.012,5.445599526865408e-11,0.0,0.125,9.166981676647106e-12,4.433786671143025e-12,5.445599526865408e-11,4.433786671143025e-12,5.445599526865408e-11,0.1169153047177876,0.0,0.125,0.009430599699416653,2.717724917972175e-06,0.1169153047177876,7.223494420921517e-06,0.1169153047177876
152640.0,0.012,5.445599526865408e-11,0.0,0.125,9.166981676647106e-12,4.433786671143025e-12,5.445599526865408e-11,4.433786671143025e-12,5.445599526865408e-11,0.1168701091466099,0.0,0.125,0.0094266187297562,2.7150873075643123e-06,0.1168701091466099,7.222995665273624e-06,0.1168701091466099
152700.0,0.012,5.445599526865408e-11,0.0,0.125,9.166981676647106e-12,4.433786671143025e-12,5.445599526865408e-11,4.433786671143025e-12,5.445599526865408e-11,0.11682495612709902,0.0,0.125,0.009422641895129659,2.7124536397249432e-06,0.11682495612709902,7.222494972231042e-06,0.11682495612709902
152760.0,0.012,5.445599526865408e-11,0.0,0.125,9.166981676647106e-12,4.433786671143025e-12,5.445599526865408e-11,4.433786671143025e-12,5.445599526865408e-11,0.11677984559723315,0.0,0.125,0.009418669189058905,2.7098239059886176e-06,0.11677984559723315,7.221992347594686e-06,0.11677984559723315
152820.0,0.012,5.445599526865408e-11,0.0,0.125,9.166981676647106e-12,4.433786671143025e-12,5.445599526865408e-11,4.433786671143025e-12,5.445599526865408e-11,0.11673477749511096,0.0,0.125,0.009414700605079068,2.7071980996107303e-06,0.11673477749511096,7.221487796804649e-06,0.11673477749511096
152880.0,0.012,5.445599526865408e-11,0.0,0.125,9.166981676647106e-12,4.433786671143025e-12,5.445599526865408e-11,4.433786671143025e-12,5.445599526865408e-11,0.11668975175895074,0.0,0.125,0.009410736136738517,2.70457621207032e-06,0.11668975175895074,7.22098132538429e-06,0.11668975175895074
152940.0,0.012,5.445599526865408e-11,0.0,0.125,9.167068351748833e-12,4.433786671143025e-12,5.445599526865408e-11,4.433786671143025e-12,5.445599526865408e-11,0.11664476832709066,0.0,0.125,0.009406775777598858,2.701958235928892e-06,0.11664476832709066,7.220472938829214e-06,0.11664476832709066
153000.0,0.012,5.445599526865408e-11,0.0,0.125,9.167068351748833e-12,4.433786671143025e-12,5.445599526865408e-11,4.433786671143025e-12,5.445599526865408e-11,0.1165998271379883,0.0,0.125,0.009402819521234855,2.6993441631928405e-06,0.1165998271379883,7.219962643550959e-06,0.1165998271379883
153060.0,0.012,5.445599526865408e-11,0.0,0.125,9.167650568629959e-12,4.433786671143025e-12,5.445599526865408e-11,4.433786671143025e-12,5.445599526865408e-11,0.11655492813021945,0.0,0.125,0.009398867361234424,2.696733986340405e-06,0.11655492813021945,7.21945044440675e-06,0.11655492813021945
153120.0,0.012,5.445599526865408e-11,0.0,0.125,9.167650568629959e-12,4.433786671143025e-12,5.445599526865408e-11,4.433786671143025e-12,5.445599526865408e-11,0.11651007124247945,0.0,0.125,0.009394919291198576,2.694127697711046e-06,0.11651007124247945,7.218936347197502e-06,0.11651007124247945
153180.0,0.012,5.445599526865408e-11,0.0,0.125,9.169218103412632e-12,4.433786671143025e-12,5.445599526865408e-11,4.433786671143025e-12,5.445599526865408e-11,0.11646525641358188,0.0,0.125,0.009390975304741424,2.691525289477692e-06,0.11646525641358188,7.218420357474331e-06,0.11646525641358188
153240.0,0.012,5.445599526865408e-11,0.0,0.125,9.169218103412632e-12,4.433786671143025e-12,5.445599526865408e-11,4.433786671143025e-12,5.445599526865408e-11,0.116420483582458,0.0,0.125,0.009387035395490097,2.6889267543128703e-06,0.116420483582458,7.217902480594063e-06,0.116420483582458
153300.0,0.012,5.445599526865408e-11,0.0,0.125,9.169218103412632e-12,4.433786671143025e-12,5.445599526865408e-11,4.433786671143025e-12,5.445599526865408e-11,0.11637575268815764,0.0,0.125,0.009383099557084782,2.686332084000931e-06,0.11637575268815764,7.217382722551902e-06,0.11637575268815764
153360.0,0.012,5.445599526865408e-11,0.0,0.125,9.169218103412632e-12,4.433786671143025e-12,5.445599526865408e-11,4.433786671143025e-12,5.445599526865408e-11,0.11633106366984786,0.0,0.125,0.009379167783178578,2.6837412712699127e-06,0.11633106366984786,7.216861088732429e-06,0.11633106366984786
153420.0,0.012,5.445599526865408e-11,0.0,0.125,9.169318782090654e-12,4.433786671143025e-12,5.445599526865408e-11,4.433786671143025e-12,5.445599526865408e-11,0.11628641646681298,0.0,0.125,0.009375240067437604,2.6811543083760103e-06,0.11628641646681298,7.21633758443696e-06,0.11628641646681298
153480.0,0.012,5.445599526865408e-11,0.0,0.125,9.169318782090654e-12,4.433786671143025e-12,5.445599526865408e-11,4.433786671143025e-12,5.445599526865408e-11,0.1162418110184544,0.0,0.125,0.009371316403540862,2.67857118838033e-06,0.1162418110184544,7.2158122148835435e-06,0.1162418110184544
153540.0,0.012,5.445599526865408e-11,0.0,0.125,9.169318782090654e-12,4.433786671143025e-12,5.445599526865408e-11,4.433786671143025e-12,5.445599526865408e-11,0.11619724726429057,0.0,0.125,0.00936739678518021,2.6759919030117096e-06,0.11619724726429057,7.21528498615065e-06,0.11619724726429057
153600.0,0.012,5.445599526865408e-11,0.0,0.125,9.169318782090654e-12,4.433786671143025e-12,5.445599526865408e-11,4.433786671143025e-12,5.445599526865408e-11,0.11615272514395641,0.0,0.125,0.009363481206060412,2.673416444221033e-06,0.11615272514395641,7.214755903761638e-06,0.11615272514395641
153660.0,0.012,5.445599526865408e-11,0.0,0.125,9.169318782090654e-12,4.433786671143025e-12,5.445599526865408e-11,4.433786671143025e-12,5.445599526865408e-11,0.11610824459720205,0.0,0.125,0.009359569659899026,2.6708448054579836e-06,0.11610824459720205,7.2142249723516905e-06,0.11610824459720205
153720.0,0.012,5.445599526865408e-11,0.0,0.125,9.169318782090654e-12,4.433786671143025e-12,5.445599526865408e-11,4.433786671143025e-12,5.445599526865408e-11,0.11606380556389453,0.0,0.125,0.009355662140426376,2.6682769790897787e-06,0.11606380556389453,7.213692197777233e-06,0.11606380556389453
153780.0,0.012,5.445599526865408e-11,0.0,0.125,9.169318782090654e-12,4.433786671143025e-12,5.445599526865408e-11,4.433786671143025e-12,5.445599526865408e-11,0.11601940798401655,0.0,0.125,0.009351758641385554,2.6657129575113903e-06,0.11601940798401655,7.2131575856448915e-06,0.11601940798401655
153840.0,0.012,5.445599526865408e-11,0.0,0.125,9.169318782090654e-12,4.433786671143025e-12,5.445599526865408e-11,4.433786671143025e-12,5.445599526865408e-11,0.11597505179766578,0.0,0.125,0.009347859156532402,2.6631527333120797e-06,0.11597505179766578,7.212621141339248e-06,0.11597505179766578
153900.0,0.012,5.445599526865408e-11,0.0,0.125,9.169318782090654e-12,4.433786671143025e-12,5.445599526865408e-11,4.433786671143025e-12,5.445599526865408e-11,0.11593073694505497,0.0,0.125,0.009343963679635425,2.6605962989423304e-06,0.11593073694505497,7.212082870078351e-06,0.11593073694505497
153960.0,0.012,5.445599526865408e-11,0.0,0.125,9.169318782090654e-12,4.433786671143025e-12,5.445599526865408e-11,4.433786671143025e-12,5.445599526865408e-11,0.11588646336651243,0.0,0.125,0.009340072204475816,2.6580436466305812e-06,0.11588646336651243,7.211542777330049e-06,0.11588646336651243
154020.0,0.012,5.445599526865408e-11,0.0,0.125,9.169318782090654e-12,4.433786671143025e-12,5.445599526865408e-11,4.433786671143025e-12,5.445599526865408e-11,0.11584223100248009,0.0,0.125,0.009336184724847362,2.655494769188138e-06,0.11584223100248009,7.211000868312389e-06,0.11584223100248009
154080.0,0.012,5.445599526865408e-11,0.0,0.125,9.169318782090654e-12,4.433786671143025e-12,5.445599526865408e-11,4.433786671143025e-12,5.445599526865408e-11,0.11579803979351448,0.0,0.125,0.009332301234556467,2.6529496598426405e-06,0.11579803979351448,7.2104571487985325e-06,0.11579803979351448
154140.0,0.012,5.445599526865408e-11,0.0,0.125,9.169318782090654e-12,4.433786671143025e-12,5.445599526865408e-11,4.433786671143025e-12,5.445599526865408e-11,0.11575388968028624,0.0,0.125,0.009328421727422098,2.6504083102119047e-06,0.11575388968028624,7.209911623395904e-06,0.11575388968028624
154200.0,0.012,5.445599526865408e-11,0.0,0.125,9.169318782090654e-12,4.433786671143025e-12,5.445599526865408e-11,4.433786671143025e-12,5.445599526865408e-11,0.11570978060357934,0.0,0.125,0.009324546197275747,2.6478707138843927e-06,0.11570978060357934,7.209364297627863e-06,0.11570978060357934
154260.0,0.012,5.445599526865408e-11,0.0,0.125,9.169318782090654e-12,4.433786671143025e-12,5.445599526865408e-11,4.433786671143025e-12,5.445599526865408e-11,0.11566571250429203,0.0,0.125,0.009320674637961447,2.6453368630052765e-06,0.11566571250429203,7.20881517707328e-06,0.11566571250429203
154320.0,0.012,5.445599526865408e-11,0.0,0.125,9.169318782090654e-12,4.433786671143025e-12,5.445599526865408e-11,4.433786671143025e-12,5.445599526865408e-11,0.1156216853234355,0.0,0.125,0.009316807043335667,2.6428067497752394e-06,0.1156216853234355,7.208264267061226e-06,0.1156216853234355
154380.0,0.012,5.445599526865408e-11,0.0,0.125,9.169318782090654e-12,4.433786671143025e-12,5.445599526865408e-11,4.433786671143025e-12,5.445599526865408e-11,0.11557769900213354,0.0,0.125,0.009312943407267318,2.6402803671166097e-06,0.11557769900213354,7.207711572726483e-06,0.11557769900213354
154440.0,0.012,5.445599526865408e-11,0.0,0.125,9.169318782090654e-12,4.433786671143025e-12,5.445599526865408e-11,4.433786671143025e-12,5.445599526865408e-11,0.11553375348162259,0.0,0.125,0.009309083723637717,2.637757709034183e-06,0.11553375348162259,7.2071570993981204e-06,0.11553375348162259
154500.0,0.012,5.445599526865408e-11,0.0,0.125,9.169318782090654e-12,4.433786671143025e-12,5.445599526865408e-11,4.433786671143025e-12,5.445599526865408e-11,0.11548984870325134,0.0,0.125,0.009305227986340607,2.6352387670902644e-06,0.11548984870325134,7.206600852044387e-06,0.11548984870325134
154560.0,0.012,5.445599526865408e-11,0.0,0.125,9.169318782090654e-12,4.433786671143025e-12,5.445599526865408e-11,4.433786671143025e-12,5.445599526865408e-11,0.11544598460848138,0.0,0.125,0.009301376189282035,2.6327235339296262e-06,0.11544598460848138,7.206042836160886e-06,0.11544598460848138
154620.0,0.012,5.445599526865408e-11,0.0,0.125,9.169318782090654e-12,4.433786671143025e-12,5.445599526865408e-11,4.433786671143025e-12,5.445599526865408e-11,0.11540216113888593,0.0,0.125,0.009297528326380389,2.630212002197041e-06,0.11540216113888593,7.205483057215467e-06,0.11540216113888593
154680.0,0.012,5.434230843093246e-11,0.0,0.125,9.130278015406815e-12,4.376943252282217e-12,5.434230843093246e-11,4.376943252282217e-12,5.434230843093246e-11,0.115358378236149,0.0,0.125,0.009293684391566323,2.627704165064637e-06,0.115358378236149,7.204921519871066e-06,0.115358378236149
154740.0,0.012,5.434230843093246e-11,0.0,0.125,9.13040356475653e-12,4.376943252282217e-12,5.434230843093246e-11,4.376943252282217e-12,5.434230843093246e-11,0.11531463584206693,0.0,0.125,0.00928984437878278,2.6252000151494315e-06,0.11531463584206693,7.204358229678798e-06,0.11531463584206693
154800.0,0.012,5.434230843093246e-11,0.0,0.125,9.13040356475653e-12,4.376943252282217e-12,5.434230843093246e-11,4.376943252282217e-12,5.434230843093246e-11,0.1152709338985467,0.0,0.125,0.009286008281984915,2.6226995451794632e-06,0.1152709338985467,7.203793192162022e-06,0.1152709338985467
154860.0,0.012,5.434230843093246e-11,0.0,0.125,9.13040356475653e-12,4.376943252282217e-12,5.434230843093246e-11,4.376943252282217e-12,5.434230843093246e-11,0.11522727234760613,0.0,0.125,0.00928217609514008,2.6202027484933943e-06,0.11522727234760613,7.203226411706121e-06,0.11522727234760613
154920.0,0.012,5.434230843093246e-11,0.0,0.125,9.13040356475653e-12,4.376943252282217e-12,5.434230843093246e-11,4.376943252282217e-12,5.434230843093246e-11,0.11518365113137338,0.0,0.125,0.0092783478122278,2.6177096171253744e-06,0.11518365113137338,7.202657893889963e-06,0.11518365113137338
154980.0,0.012,5.434230843093246e-11,0.0,0.125,9.130657275095761e-12,4.376943252282217e-12,5.434230843093246e-11,4.376943252282217e-12,5.434230843093246e-11,0.1151400701920874,0.0,0.125,0.00927452342723973,2.615220144830399e-06,0.1151400701920874,7.2020876435985315e-06,0.1151400701920874
155040.0,0.012,5.434230843093246e-11,0.0,0.125,9.130657275095761e-12,4.376943252282217e-12,5.434230843093246e-11,4.376943252282217e-12,5.434230843093246e-11,0.11509652947209673,0.0,0.125,0.00927070293417962,2.6127343238924183e-06,0.11509652947209673,7.201515665716807e-06,0.11509652947209673
155100.0,0.012,5.434230843093246e-11,0.0,0.125,9.130657275095761e-12,4.376943252282217e-12,5.434230843093246e-11,4.376943252282217e-12,5.434230843093246e-11,0.1150530289138594,0.0,0.125,0.009266886327063344,2.610252148232961e-06,0.1150530289138594,7.200941965546104e-06,0.1150530289138594
155160.0,0.012,5.434230843093246e-11,0.0,0.125,9.130657275095761e-12,4.376943252282217e-12,5.434230843093246e-11,4.376943252282217e-12,5.434230843093246e-11,0.11500956845994441,0.0,0.125,0.00926307359991877,2.607773609358821e-06,0.11500956845994441,7.200366548720805e-06,0.11500956845994441
155220.0,0.012,5.434230843093246e-11,0.0,0.125,9.130657275095761e-12,4.376943252282217e-12,5.434230843093246e-11,4.376943252282217e-12,5.434230843093246e-11,0.11496614805302842,0.0,0.125,0.009259264746785806,2.6052987012470386e-06,0.11496614805302842,7.199789419709557e-06,0.11496614805302842
155280.0,0.012,5.434230843093246e-11,0.0,0.125,9.13075924110042e-12,4.376943252282217e-12,5.434230843093246e-11,4.376943252282217e-12,5.434230843093246e-11,0.11492276763589823,0.0,0.125,0.009255459761716366,2.6028274155154296e-06,0.11492276763589823,7.199210584396543e-06,0.11492276763589823
155340.0,0.012,5.434230843093246e-11,0.0,0.125,9.13093106886664e-12,4.376943252282217e-12,5.434230843093246e-11,4.376943252282217e-12,5.434230843093246e-11,0.11487942715144826,0.0,0.125,0.0092516586387743,2.600359746807168e-06,0.11487942715144826,7.19863004705612e-06,0.11487942715144826
155400.0,0.012,5.434230843093246e-11,0.0,0.125,9.13093106886664e-12,4.376943252282217e-12,5.434230843093246e-11,4.376943252282217e-12,5.434230843093246e-11,0.11483612654268234,0.0,0.125,0.009247861372035395,2.597895686906604e-06,0.11483612654268234,7.198047812934094e-06,0.11483612654268234
155460.0,0.012,5.434230843093246e-11,0.0,0.125,9.13093106886664e-12,4.376943252282217e-12,5.434230843093246e-11,4.376943252282217e-12,5.434230843093246e-11,0.1147928657527119,0.0,0.125,0.009244067955587333,2.5954352293466876e-06,0.1147928657527119,7.197463886998712e-06,0.1147928657527119
155520.0,0.012,5.434230843093246e-11,0.0,0.125,9.13093106886664e-12,4.376943252282217e-12,5.434230843093246e-11,4.376943252282217e-12,5.434230843093246e-11,0.11474964472475707,0.0,0.125,0.009240278383529678,2.592978367021992e-06,0.11474964472475707,7.1968782746623106e-06,0.11474964472475707
155580.0,0.012,5.434230843093246e-11,0.0,0.125,9.131234627347538e-12,4.376943252282217e-12,5.434230843093246e-11,4.376943252282217e-12,5.434230843093246e-11,0.11470646340214512,0.0,0.125,0.009236492649973838,2.590525092660556e-06,0.11470646340214512,7.196290980393538e-06,0.11470646340214512
155640.0,0.012,5.434230843093246e-11,0.0,0.125,9.131234627347538e-12,4.376943252282217e-12,5.434230843093246e-11,4.376943252282217e-12,5.434230843093246e-11,0.11466332172831065,0.0,0.125,0.009232710749043013,2.5880753998785977e-06,0.11466332172831065,7.195702009327176e-06,0.11466332172831065
155700.0,0.012,5.434230843093246e-11,0.0,0.125,9.131234627347538e-12,4.376943252282217e-12,5.434230843093246e-11,4.376943252282217e-12,5.434230843093246e-11,0.11462021964679633,0.0,0.125,0.009228932674872202,2.5856292811543558e-06,0.11462021964679633,7.195111366736784e-06,0.11462021964679633
155760.0,0.012,5.434230843093246e-11,0.0,0.125,9.131234627347538e-12,4.376943252282217e-12,5.434230843093246e-11,4.376943252282217e-12,5.434230843093246e-11,0.11457715710125115,0.0,0.125,0.009225158421608166,2.583186730020781e-06,0.11457715710125115,7.194519057340809e-06,0.11457715710125115
155820.0,0.012,5.434230843093246e-11,0.0,0.125,9.131309712398521e-12,4.376943252282217e-12,5.434230843093246e-11,4.376943252282217e-12,5.434230843093246e-11,0.11453413403543075,0.0,0.125,0.009221387983409369,2.5807477394279577e-06,0.11453413403543075,7.193925085968722e-06,0.11453413403543075
155880.0,0.012,5.434230843093246e-11,0.0,0.125,9.131309712398521e-12,4.376943252282217e-12,5.434230843093246e-11,4.376943252282217e-12,5.434230843093246e-11,0.11449115039319784,0.0,0.125,0.009217621354446006,2.5783123024369914e-06,0.11449115039319784,7.193329458143882e-06,0.11449115039319784
155940.0,0.012,5.434230843093246e-11,0.0,0.125,9.131309712398521e-12,4.376943252282217e-12,5.434230843093246e-11,4.376943252282217e-12,5.434230843093246e-11,0.11444820611852059,0.0,0.125,0.009213858528899905,2.575880411997966e-06,0.11444820611852059,7.192732178112893e-06,0.11444820611852059
156000.0,0.012,5.434230843093246e-11,0.0,0.125,9.131309712398521e-12,4.376943252282217e-12,5.434230843093246e-11,4.376943252282217e-12,5.434230843093246e-11,0.11440530115547315,0.0,0.125,0.009210099500964545,2.5734520617826107e-06,0.11440530115547315,7.192133250677468e-06,0.11440530115547315
156060.0,0.012,5.434230843093246e-11,0.0,0.125,9.131309712398521e-12,4.376943252282217e-12,5.434230843093246e-11,4.376943252282217e-12,5.434230843093246e-11,0.11436243544823635,0.0,0.125,0.009206344264845024,2.571027244852031e-06,0.11436243544823635,7.19153268122219e-06,0.11436243544823635
156120.0,0.012,5.434230843093246e-11,0.0,0.125,9.131309712398521e-12,4.376943252282217e-12,5.434230843093246e-11,4.376943252282217e-12,5.434230843093246e-11,0.11431960894109566,0.0,0.125,0.009202592814758007,2.5686059538787553e-06,0.11431960894109566,7.1909304747430625e-06,0.11431960894109566
156180.0,0.012,5.434230843093246e-11,0.0,0.125,9.131309712398521e-12,4.376943252282217e-12,5.434230843093246e-11,4.376943252282217e-12,5.434230843093246e-11,0.11427682157844203,0.0,0.125,0.009198845144931748,2.5661881823957344e-06,0.11427682157844203,7.190326635764244e-06,0.11427682157844203
156240.0,0.012,5.434230843093246e-11,0.0,0.125,9.131457236626387e-12,4.376943252282217e-12,5.434230843093246e-11,4.376943252282217e-12,5.434230843093246e-11,0.11423407330477159,0.0,0.125,0.009195101249606,2.563773923158763e-06,0.11423407330477159,7.189721169198471e-06,0.11423407330477159
156300.0,0.012,5.434230843093246e-11,0.0,0.125,9.131457236626387e-12,4.376943252282217e-12,5.434230843093246e-11,4.376943252282217e-12,5.434230843093246e-11,0.11419136406468491,0.0,0.125,0.009191361123032012,2.5613631700061035e-06,0.11419136406468491,7.189114080125014e-06,0.11419136406468491
156360.0,0.012,5.434230843093246e-11,0.0,0.125,9.131457236626387e-12,4.376943252282217e-12,5.434230843093246e-11,4.376943252282217e-12,5.434230843093246e-11,0.11414869380288699,0.0,0.125,0.009187624759472518,2.5589559161931508e-06,0.11414869380288699,7.1885053732068105e-06,0.11414869380288699
156420.0,0.012,5.434230843093246e-11,0.0,0.125,9.134444446203587e-12,4.376943252282217e-12,5.434230843093246e-11,4.376943252282217e-12,5.434230843093246e-11,0.11410606246418707,0.0,0.125,0.00918389215320167,2.5565521551973447e-06,0.11410606246418707,7.187895053079041e-06,0.11410606246418707
156480.0,0.012,5.434230843093246e-11,0.0,0.125,9.134444446203587e-12,4.376943252282217e-12,5.434230843093246e-11,4.376943252282217e-12,5.434230843093246e-11,0.114063469993499,0.0,0.125,0.00918016329850507,2.5541518796634577e-06,0.114063469993499,7.187283124904242e-06,0.114063469993499
156540.0,0.012,5.434230843093246e-11,0.0,0.125,9.134444446203587e-12,4.376943252282217e-12,5.434230843093246e-11,4.376943252282217e-12,5.434230843093246e-11,0.11402091633583976,0.0,0.125,0.00917643818967968,2.551755082957907e-06,0.11402091633583976,7.1866695929012625e-06,0.11402091633583976
156600.0,0.012,5.434230843093246e-11,0.0,0.125,9.145489512010552e-12,4.376943252282217e-12,5.434230843093246e-11,4.433786671143025e-12,5.434230843093246e-11,0.11397840143633013,0.0,0.125,0.009172716821033827,2.549361758502622e-06,0.11397840143633013,7.186054462426927e-06,0.11397840143633013
156660.0,0.012,5.434230843093246e-11,0.0,0.125,9.1466465526303e-12,4.376943252282217e-12,5.434230843093246e-11,4.433786671143025e-12,5.434230843093246e-11,0.11393592524019418,0.0,0.125,0.009168999186887159,2.5469718997750412e-06,0.11393592524019418,7.185437738255196e-06,0.11393592524019418
156720.0,0.012,5.434230843093246e-11,0.0,0.125,9.1466465526303e-12,4.376943252282217e-12,5.434230843093246e-11,4.433786671143025e-12,5.434230843093246e-11,0.11389348769275846,0.0,0.125,0.009165285281570634,2.544585499669738e-06,0.11389348769275846,7.18481942457716e-06,0.11389348769275846
156780.0,0.012,5.434230843093246e-11,0.0,0.125,9.1466465526303e-12,4.376943252282217e-12,5.434230843093246e-11,4.433786671143025e-12,5.434230843093246e-11,0.1138510887394531,0.0,0.125,0.00916157509942649,2.542202552857642e-06,0.1138510887394531,7.184199526583113e-06,0.1138510887394531
156840.0,0.012,5.434230843093246e-11,0.0,0.125,9.1466465526303e-12,4.376943252282217e-12,5.434230843093246e-11,4.433786671143025e-12,5.434230843093246e-11,0.11380872832581093,0.0,0.125,0.009157868634808226,2.539823051206369e-06,0.11380872832581093,7.183578049463346e-06,0.11380872832581093
156900.0,0.012,5.434230843093246e-11,0.0,0.125,9.1466465526303e-12,4.376943252282217e-12,5.434230843093246e-11,4.433786671143025e-12,5.434230843093246e-11,0.11376640639746627,0.0,0.125,0.009154165882080534,2.537446988137848e-06,0.11376640639746627,7.182954997325686e-06,0.11376640639746627
156960.0,0.012,5.434230843093246e-11,0.0,0.125,9.1466465526303e-12,4.376943252282217e-12,5.434230843093246e-11,4.433786671143025e-12,5.434230843093246e-11,0.11372412290015585,0.0,0.125,0.009150466835619325,2.5350743582397417e-06,0.11372412290015585,7.182330374611023e-06,0.11372412290015585
157020.0,0.012,5.434230843093246e-11,0.0,0.125,9.1466465526303e-12,4.376943252282217e-12,5.434230843093246e-11,4.433786671143025e-12,5.434230843093246e-11,0.11368187777971867,0.0,0.125,0.009146771489811667,2.532705153712733e-06,0.11368187777971867,7.18170418689823e-06,0.11368187777971867
157080.0,0.012,5.434230843093246e-11,0.0,0.125,9.1466465526303e-12,4.376943252282217e-12,5.434230843093246e-11,4.433786671143025e-12,5.434230843093246e-11,0.11363967098209463,0.0,0.125,0.009143079839055731,2.5303393690057074e-06,0.11363967098209463,7.181076438045331e-06,0.11363967098209463
157140.0,0.012,5.434230843093246e-11,0.0,0.125,9.1466465526303e-12,4.376943252282217e-12,5.434230843093246e-11,4.433786671143025e-12,5.434230843093246e-11,0.1135975024533257,0.0,0.125,0.009139391877760849,2.52797699668017e-06,0.1135975024533257,7.180447133048329e-06,0.1135975024533257
157200.0,0.012,5.434230843093246e-11,0.0,0.125,9.1466465526303e-12,4.376943252282217e-12,5.434230843093246e-11,4.433786671143025e-12,5.434230843093246e-11,0.11355537213955441,0.0,0.125,0.009135707600347426,2.5256180307131615e-06,0.11355537213955441,7.1798162766811835e-06,0.11355537213955441
157260.0,0.012,5.434230843093246e-11,0.0,0.125,9.146792091641472e-12,4.376943252282217e-12,5.434230843093246e-11,4.433786671143025e-12,5.434230843093246e-11,0.11351327998702486,0.0,0.125,0.009132027001246911,2.5232624648319213e-06,0.11351327998702486,7.17918387355132e-06,0.11351327998702486
157320.0,0.012,5.434230843093246e-11,0.0,0.125,9.146792091641472e-12,4.376943252282217e-12,5.434230843093246e-11,4.433786671143025e-12,5.434230843093246e-11,0.11347122594208098,0.0,0.125,0.009128350074901806,2.520910292014289e-06,0.11347122594208098,7.1785499278220755e-06,0.11347122594208098
157380.0,0.012,5.434230843093246e-11,0.0,0.125,9.146792091641472e-12,4.376943252282217e-12,5.434230843093246e-11,4.433786671143025e-12,5.434230843093246e-11,0.11342920995116797,0.0,0.125,0.009124676815765603,2.5185615055711708e-06,0.11342920995116797,7.177914444739253e-06,0.11342920995116797
157440.0,0.012,5.434230843093246e-11,0.0,0.125,9.146792091641472e-12,4.376943252282217e-12,5.434230843093246e-11,4.433786671143025e-12,5.434230843093246e-11,0.11338723196083084,0.0,0.125,0.00912100721830276,2.516216099673896e-06,0.11338723196083084,7.177277428632722e-06,0.11338723196083084
157500.0,0.012,5.434230843093246e-11,0.0,0.125,9.146792091641472e-12,4.376943252282217e-12,5.434230843093246e-11,4.433786671143025e-12,5.434230843093246e-11,0.11334529191771481,0.0,0.125,0.009117341276988716,2.5138740671615256e-06,0.11334529191771481,7.17663888460951e-06,0.11334529191771481
157560.0,0.012,5.434230843093246e-11,0.0,0.125,9.146792091641472e-12,4.376943252282217e-12,5.434230843093246e-11,4.433786671143025e-12,5.434230843093246e-11,0.11330338976856429,0.0,0.125,0.009113678986309801,2.5115354019278335e-06,0.11330338976856429,7.175998816721929e-06,0.11330338976856429
157620.0,0.012,5.434230843093246e-11,0.0,0.125,9.146792091641472e-12,4.376943252282217e-12,5.434230843093246e-11,4.433786671143025e-12,5.434230843093246e-11,0.1132615254602232,0.0,0.125,0.009110020340763253,2.5092000984772156e-06,0.1132615254602232,7.175357228828005e-06,0.1132615254602232
157680.0,0.012,5.434230843093246e-11,0.0,0.125,9.147027395126095e-12,4.376943252282217e-12,5.434230843093246e-11,4.433786671143025e-12,5.434230843093246e-11,0.1132196989396356,0.0,0.125,0.009106365334857203,2.5068681494544443e-06,0.1132196989396356,7.17471412675641e-06,0.1132196989396356
157740.0,0.012,5.434230843093246e-11,0.0,0.125,9.147027395126095e-12,4.376943252282217e-12,5.434230843093246e-11,4.433786671143025e-12,5.434230843093246e-11,0.11317791015384415,0.0,0.125,0.009102713963110598,2.5045395481981814e-06,0.11317791015384415,7.1740695146427225e-06,0.11317791015384415
157800.0,0.012,5.434230843093246e-11,0.0,0.125,9.147027395126095e-12,4.376943252282217e-12,5.434230843093246e-11,4.433786671143025e-12,5.434230843093246e-11,0.11313615904999011,0.0,0.125,0.009099066220053248,2.502214288685467e-06,0.11313615904999011,7.17342339665028e-06,0.11313615904999011
157860.0,0.012,5.434230843093246e-11,0.0,0.125,9.147027395126095e-12,4.376943252282217e-12,5.434230843093246e-11,4.433786671143025e-12,5.434230843093246e-11,0.11309444557531341,0.0,0.125,0.00909542210022568,2.4998923648933413e-06,0.11309444557531341,7.172775777636309e-06,0.11309444557531341
157920.0,0.012,5.434230843093246e-11,0.0,0.125,9.147027395126095e-12,4.376943252282217e-12,5.434230843093246e-11,4.433786671143025e-12,5.434230843093246e-11,0.11305276967715305,0.0,0.125,0.00909178159817928,2.497573769966177e-06,0.11305276967715305,7.172126662485789e-06,0.11305276967715305
157980.0,0.012,5.434230843093246e-11,0.0,0.125,9.14725986262737e-12,4.376943252282217e-12,5.434230843093246e-11,4.433786671143025e-12,5.434230843093246e-11,0.1130111313029452,0.0,0.125,0.009088144708476107,2.4952584974091696e-06,0.1130111313029452,7.171476055362058e-06,0.1130111313029452
158040.0,0.012,5.434230843093246e-11,0.0,0.125,9.148111173945178e-12,4.376943252282217e-12,5.434230843093246e-11,4.433786671143025e-12,5.434230843093246e-11,0.11296953040022441,0.0,0.125,0.00908451142568896,2.4929465412826257e-06,0.11296953040022441,7.17082396056723e-06,0.11296953040022441
158100.0,0.012,5.434230843093246e-11,0.0,0.125,9.148111173945178e-12,4.376943252282217e-12,5.434230843093246e-11,4.433786671143025e-12,5.434230843093246e-11,0.11292796691662263,0.0,0.125,0.009080881744401314,2.4906378954803188e-06,0.11292796691662263,7.170170382653218e-06,0.11292796691662263
158160.0,0.012,5.434230843093246e-11,0.0,0.125,9.148111173945178e-12,4.376943252282217e-12,5.434230843093246e-11,4.433786671143025e-12,5.434230843093246e-11,0.11288644079986972,0.0,0.125,0.009077255659207317,2.4883325533964218e-06,0.11288644079986972,7.169515326060916e-06,0.11288644079986972
158220.0,0.012,5.434230843093246e-11,0.0,0.125,9.148340766678296e-12,4.376943252282217e-12,5.434230843093246e-11,4.433786671143025e-12,5.434230843093246e-11,0.11284495199779251,0.0,0.125,0.009073633164711778,2.4860305083695966e-06,0.11284495199779251,7.1688587954810146e-06,0.11284495199779251
158280.0,0.012,5.434230843093246e-11,0.0,0.125,9.148350809208932e-12,4.376943252282217e-12,5.434230843093246e-11,4.433786671143025e-12,5.434230843093246e-11,0.11280350045831475,0.0,0.125,0.009070014255530074,2.4837317550707727e-06,0.11280350045831475,7.16820079527114e-06,0.11280350045831475
158340.0,0.012,5.434230843093246e-11,0.0,0.125,9.148350809208932e-12,4.376943252282217e-12,5.434230843093246e-11,4.433786671143025e-12,5.434230843093246e-11,0.11276208612945737,0.0,0.125,0.009066398926288187,2.4814362863945227e-06,0.11276208612945737,7.167541329761162e-06,0.11276208612945737
158400.0,0.012,5.434230843093246e-11,0.0,0.125,9.148577536411636e-12,4.376943252282217e-12,5.434230843093246e-11,4.433786671143025e-12,5.434230843093246e-11,0.11272070895933758,0.0,0.125,0.009062787171622665,2.4791440967342204e-06,0.11272070895933758,7.1668804033642175e-06,0.11272070895933758
158460.0,0.012,5.434230843093246e-11,0.0,0.125,9.148703677369526e-12,4.376943252282217e-12,5.434230843093246e-11,4.433786671143025e-12,5.434230843093246e-11,0.11267936889616907,0.0,0.125,0.009059178986180595,2.476855179456283e-06,0.11267936889616907,7.166218020965287e-06,0.11267936889616907
158520.0,0.012,5.434230843093246e-11,0.0,0.125,9.148874207797302e-12,4.376943252282217e-12,5.434230843093246e-11,4.433786671143025e-12,5.434230843093246e-11,0.11263806588826122,0.0,0.125,0.009055574364619573,2.47456952873204e-06,0.11263806588826122,7.1655541860615735e-06,0.11263806588826122
158580.0,0.012,5.434230843093246e-11,0.0,0.125,9.148998672478017e-12,4.376943252282217e-12,5.434230843093246e-11,4.433786671143025e-12,5.434230843093246e-11,0.11259679988402012,0.0,0.125,0.009051973301607659,2.472287137900153e-06,0.11259679988402012,7.164888903954392e-06,0.11259679988402012
158640.0,0.012,5.434230843093246e-11,0.0,0.125,9.14936594605114e-12,4.376943252282217e-12,5.434230843093246e-11,4.433786671143025e-12,5.434230843093246e-11,0.1125555708319468,0.0,0.125,0.009048375791823387,2.4700080012429737e-06,0.1125555708319468,7.164222178224211e-06,0.1125555708319468
158700.0,0.012,5.434230843093246e-11,0.0,0.125,9.15000207267311e-12,4.376943252282217e-12,5.434230843093246e-11,4.433786671143025e-12,5.434230843093246e-11,0.11251437868063842,0.0,0.125,0.009044781829955727,2.467732112404475e-06,0.11251437868063842,7.163554013700502e-06,0.11251437868063842
158760.0,0.012,5.434230843093246e-11,0.0,0.125,9.153447910727313e-12,4.376943252282217e-12,5.434230843093246e-11,4.433786671143025e-12,5.434230843093246e-11,0.11247322337878699,0.0,0.125,0.00904119141070406,2.4654594648620964e-06,0.11247322337878699,7.162884414657622e-06,0.11247322337878699
158820.0,0.012,5.434230843093246e-11,0.0,0.125,9.153447910727313e-12,4.376943252282217e-12,5.434230843093246e-11,4.433786671143025e-12,5.434230843093246e-11,0.11243210487517936,0.0,0.125,0.009037604528778147,2.4631900529814565e-06,0.11243210487517936,7.162213385369931e-06,0.11243210487517936
158880.0,0.012,5.434230843093246e-11,0.0,0.125,9.153447910727313e-12,4.376943252282217e-12,5.434230843093246e-11,4.433786671143025e-12,5.434230843093246e-11,0.11239102311869738,0.0,0.125,0.009034021178898108,2.4609238707951064e-06,0.11239102311869738,7.161540930139543e-06,0.11239102311869738
158940.0,0.012,5.434230843093246e-11,0.0,0.125,9.154943767288519e-12,4.376943252282217e-12,5.434230843093246e-11,4.433786671143025e-12,5.434230843093246e-11,0.11234997805831787,0.0,0.125,0.009030441355794403,2.458660911447419e-06,0.11234997805831787,7.160867053712661e-06,0.11234997805831787
159000.0,0.012,5.434230843093246e-11,0.0,0.125,9.154943767288519e-12,4.376943252282217e-12,5.434230843093246e-11,4.433786671143025e-12,5.434230843093246e-11,0.11230896964311168,0.0,0.125,0.00902686505420778,2.4564011698591237e-06,0.11230896964311168,7.160191759808532e-06,0.11230896964311168
159060.0,0.012,5.434230843093246e-11,0.0,0.125,9.154943767288519e-12,4.376943252282217e-12,5.434230843093246e-11,4.433786671143025e-12,5.434230843093246e-11,0.11226799782224378,0.0,0.125,0.009023292268889314,2.4541446385362153e-06,0.11226799782224378,7.159515053145604e-06,0.11226799782224378
159120.0,0.012,5.434230843093246e-11,0.0,0.125,9.154943767288519e-12,4.376943252282217e-12,5.434230843093246e-11,4.433786671143025e-12,5.434230843093246e-11,0.11222706254497328,0.0,0.125,0.009019722994600306,2.451891312371668e-06,0.11222706254497328,7.1588369378594585e-06,0.11222706254497328
159180.0,0.012,5.434230843093246e-11,0.0,0.125,9.154943767288519e-12,4.376943252282217e-12,5.434230843093246e-11,4.433786671143025e-12,5.434230843093246e-11,0.11218616376065232,0.0,0.125,0.009016157226112294,2.449641185897633e-06,0.11218616376065232,7.158157417780364e-06,0.11218616376065232
159240.0,0.012,5.434230843093246e-11,0.0,0.125,9.154943767288519e-12,4.376943252282217e-12,5.434230843093246e-11,4.433786671143025e-12,5.434230843093246e-11,0.11214530141872797,0.0,0.125,0.009012594958207039,2.4473942523972614e-06,0.11214530141872797,7.157476498043103e-06,0.11214530141872797
159300.0,0.012,5.434230843093246e-11,0.0,0.125,9.154943767288519e-12,4.376943252282217e-12,5.434230843093246e-11,4.433786671143025e-12,5.434230843093246e-11,0.11210447546873935,0.0,0.125,0.009009036185676477,2.4451505054867706e-06,0.11210447546873935,7.15679418206161e-06,0.11210447546873935
159360.0,0.012,5.434230843093246e-11,0.0,0.125,9.154943767288519e-12,4.376943252282217e-12,5.434230843093246e-11,4.433786671143025e-12,5.434230843093246e-11,0.11206368586031913,0.0,0.125,0.009005480903322729,2.4429099396983123e-06,0.11206368586031913,7.156110474665356e-06,0.11206368586031913
159420.0,0.012,5.434230843093246e-11,0.0,0.125,9.154943767288519e-12,4.376943252282217e-12,5.434230843093246e-11,4.433786671143025e-12,5.434230843093246e-11,0.11202293254319298,0.0,0.125,0.009001929105958036,2.4406725490089265e-06,0.11202293254319298,7.155425379906655e-06,0.11202293254319298
159480.0,0.012,5.434230843093246e-11,0.0,0.125,9.154943767288519e-12,4.376943252282217e-12,5.434230843093246e-11,4.433786671143025e-12,5.434230843093246e-11,0.11198221546717885,0.0,0.125,0.008998380788404751,2.4384383275066757e-06,0.11198221546717885,7.154738901865576e-06,0.11198221546717885
159540.0,0.012,5.434230843093246e-11,0.0,0.125,9.154943767288519e-12,4.376943252282217e-12,5.434230843093246e-11,4.433786671143025e-12,5.434230843093246e-11,0.11194153458218761,0.0,0.125,0.008994835945495333,2.4362072687245107e-06,0.11194153458218761,7.154051044677701e-06,0.11194153458218761
159600.0,0.012,5.434230843093246e-11,0.0,0.125,9.154943767288519e-12,4.376943252282217e-12,5.434230843093246e-11,4.433786671143025e-12,5.434230843093246e-11,0.11190088983822218,0.0,0.125,0.008991294572072284,2.433979367000294e-06,0.11190088983822218,7.153361812922698e-06,0.11190088983822218
159660.0,0.012,5.434230843093246e-11,0.0,0.125,9.154943767288519e-12,4.376943252282217e-12,5.434230843093246e-11,4.433786671143025e-12,5.434230843093246e-11,0.1118602811853774,0.0,0.125,0.008987756662988159,2.431754616644133e-06,0.1118602811853774,7.1526712107083945e-06,0.1118602811853774
159720.0,0.012,5.434230843093246e-11,0.0,0.125,9.154943767288519e-12,4.376943252282217e-12,5.434230843093246e-11,4.433786671143025e-12,5.434230843093246e-11,0.11181970857384019,0.0,0.125,0.008984222213105545,2.4295330113555114e-06,0.11181970857384019,7.151979242281392e-06,0.11181970857384019
159780.0,0.012,5.434230843093246e-11,0.0,0.125,9.154943767288519e-12,4.376943252282217e-12,5.434230843093246e-11,4.433786671143025e-12,5.434230843093246e-11,0.1117791719538884,0.0,0.125,0.008980691217296994,2.4273145453057587e-06,0.1117791719538884,7.15128591097236e-06,0.1117791719538884
159840.0,0.012,5.434230843093246e-11,0.0,0.125,9.154943767288519e-12,4.376943252282217e-12,5.434230843093246e-11,4.433786671143025e-12,5.434230843093246e-11,0.11173867127589225,0.0,0.125,0.008977163670445057,2.4250992129715154e-06,0.11173867127589225,7.150591221805058e-06,0.11173867127589225
159900.0,0.012,5.434230843093246e-11,0.0,0.125,9.154943767288519e-12,4.376943252282217e-12,5.434230843093246e-11,4.433786671143025e-12,5.434230843093246e-11,0.11169820649031303,0.0,0.125,0.00897363956744221,2.422887007719199e-06,0.11169820649031303,7.1498951788595555e-06,0.11169820649031303
159960.0,0.012,5.434230843093246e-11,0.0,0.125,9.154943767288519e-12,4.376943252282217e-12,5.434230843093246e-11,4.433786671143025e-12,5.434230843093246e-11,0.11165777754770213,0.0,0.125,0.008970118903190844,2.4206779245528054e-06,0.11165777754770213,7.149197786049388e-06,0.11165777754770213
160020.0,0.012,5.434230843093246e-11,0.0,0.125,9.154943767288519e-12,4.376943252282217e-12,5.434230843093246e-11,4.433786671143025e-12,5.434230843093246e-11,0.11161738439870234,0.0,0.125,0.008966601672603273,2.4184719572273305e-06,0.11161738439870234,7.1484990473713594e-06,0.11161738439870234
160080.0,0.012,5.434230843093246e-11,0.0,0.125,9.154943767288519e-12,4.376943252282217e-12,5.434230843093246e-11,4.433786671143025e-12,5.434230843093246e-11,0.11157702699404703,0.0,0.125,0.008963087870601688,2.4162690999696146e-06,0.11157702699404703,7.14779896721085e-06,0.11157702699404703
160140.0,0.012,5.434230843093246e-11,0.0,0.125,9.154943767288519e-12,4.376943252282217e-12,5.434230843093246e-11,4.433786671143025e-12,5.434230843093246e-11,0.11153670528456024,0.0,0.125,0.00895957749211811,2.4140693468954755e-06,0.11153670528456024,7.147097549731196e-06,0.11153670528456024
160200.0,0.012,5.434230843093246e-11,0.0,0.125,9.154943767288519e-12,4.376943252282217e-12,5.434230843093246e-11,4.433786671143025e-12,5.434230843093246e-11,0.11149641922115569,0.0,0.125,0.008956070532094379,2.4118726918986866e-06,0.11149641922115569,7.146394798707156e-06,0.11149641922115569
160260.0,0.012,5.434230843093246e-11,0.0,0.125,9.154943767288519e-12,4.376943252282217e-12,5.434230843093246e-11,4.433786671143025e-12,5.434230843093246e-11,0.111456168754837,0.0,0.125,0.008952566985482184,2.4096791295113995e-06,0.111456168754837,7.145690717969e-06,0.111456168754837
160320.0,0.012,5.434230843093246e-11,0.0,0.125,9.154943767288519e-12,4.376943252282217e-12,5.434230843093246e-11,4.433786671143025e-12,5.434230843093246e-11,0.11141595383669811,0.0,0.125,0.008949066847242972,2.4074886539049434e-06,0.11141595383669811,7.14498531226293e-06,0.11141595383669811
160380.0,0.012,5.434230843093246e-11,0.0,0.125,9.154943767288519e-12,4.376943252282217e-12,5.434230843093246e-11,4.433786671143025e-12,5.434230843093246e-11,0.11137577441792199,0.0,0.125,0.008945570112347936,2.4053012591673806e-06,0.11137577441792199,7.144278585446973e-06,0.11137577441792199
160440.0,0.012,5.434230843093246e-11,0.0,0.125,9.154943767288519e-12,4.376943252282217e-12,5.434230843093246e-11,4.433786671143025e-12,5.434230843093246e-11,0.11133563044978087,0.0,0.125,0.008942076775778024,2.4031169400251517e-06,0.11133563044978087,7.1435705414624184e-06,0.11133563044978087
160500.0,0.012,5.434230843093246e-11,0.0,0.125,9.154943767288519e-12,4.376943252282217e-12,5.434230843093246e-11,4.433786671143025e-12,5.434230843093246e-11,0.11129552188363705,0.0,0.125,0.00893858683252388,2.4009356899556966e-06,0.11129552188363705,7.14286118450036e-06,0.11129552188363705
160560.0,0.012,5.434230843093246e-11,0.0,0.125,9.156422247318305e-12,4.376943252282217e-12,5.434230843093246e-11,4.433786671143025e-12,5.434230843093246e-11,0.11125544867094056,0.0,0.125,0.008935100277585846,2.3987575042405673e-06,0.11125544867094056,7.142150518391066e-06,0.11125544867094056
160620.0,0.012,5.434230843093246e-11,0.0,0.125,9.157361772479825e-12,4.376943252282217e-12,5.434230843093246e-11,4.433786671143025e-12,5.434230843093246e-11,0.111215410763231,0.0,0.125,0.00893161710597394,2.396582375885359e-06,0.111215410763231,7.141438547159096e-06,0.111215410763231
160680.0,0.012,5.434230843093246e-11,0.0,0.125,9.160813519619441e-12,4.376943252282217e-12,5.434230843093246e-11,4.433786671143025e-12,5.434230843093246e-11,0.11117540811213608,0.0,0.125,0.008928137312707793,2.3944103005324457e-06,0.11117540811213608,7.140725274440429e-06,0.11117540811213608
160740.0,0.012,5.434230843093246e-11,0.0,0.125,9.13208052006485e-12,4.376943252282217e-12,5.434230843093246e-11,4.433786671143025e-12,5.434230843093246e-11,0.11113544066937223,0.0,0.125,0.008924660892816695,2.39224127177029e-06,0.11113544066937223,7.140010705175559e-06,0.11113544066937223
160800.0,0.012,5.434230843093246e-11,0.0,0.125,9.12175814252749e-12,4.320099833421409e-12,5.434230843093246e-11,4.376943252282217e-12,5.434230843093246e-11,0.1110955083867439,0.0,0.125,0.00892118784133949,2.390075283575932e-06,0.1110955083867439,7.139294842584132e-06,0.1110955083867439
160860.0,0.012,5.434230843093246e-11,0.0,0.125,9.12175814252749e-12,4.320099833421409e-12,5.434230843093246e-11,4.376943252282217e-12,5.434230843093246e-11,0.11105561121614344,0.0,0.125,0.008917718153324634,2.3879123305370342e-06,0.11105561121614344,7.138577691023773e-06,0.11105561121614344
160920.0,0.012,5.434230843093246e-11,0.0,0.125,9.12175814252749e-12,4.320099833421409e-12,5.434230843093246e-11,4.376943252282217e-12,5.434230843093246e-11,0.11101574910955066,0.0,0.125,0.008914251823830117,2.385752407407793e-06,0.11101574910955066,7.1378592542969965e-06,0.11101574910955066
160980.0,0.012,5.434230843093246e-11,0.0,0.125,9.12175814252749e-12,4.320099833421409e-12,5.434230843093246e-11,4.376943252282217e-12,5.434230843093246e-11,0.11097592201903304,0.0,0.125,0.008910788847923463,2.3835955087481153e-06,0.11097592201903304,7.137139535901005e-06,0.11097592201903304
161040.0,0.012,5.434230843093246e-11,0.0,0.125,9.12175814252749e-12,4.320099833421409e-12,5.434230843093246e-11,4.376943252282217e-12,5.434230843093246e-11,0.11093612989674592,0.0,0.125,0.008907329220681721,2.38144162797993e-06,0.11093612989674592,7.136418540470979e-06,0.11093612989674592
161100.0,0.012,5.434230843093246e-11,0.0,0.125,9.12175814252749e-12,4.320099833421409e-12,5.434230843093246e-11,4.376943252282217e-12,5.434230843093246e-11,0.1108963726949315,0.0,0.125,0.008903872937191385,2.3792907599129443e-06,0.1108963726949315,7.135696271753922e-06,0.1108963726949315
161160.0,0.012,5.434230843093246e-11,0.0,0.125,9.12175814252749e-12,4.320099833421409e-12,5.434230843093246e-11,4.376943252282217e-12,5.434230843093246e-11,0.11085665036591885,0.0,0.125,0.00890041999254844,2.377142898662976e-06,0.11085665036591885,7.134972733968681e-06,0.11085665036591885
161220.0,0.012,5.434230843093246e-11,0.0,0.125,9.12175814252749e-12,4.320099833421409e-12,5.434230843093246e-11,4.376943252282217e-12,5.434230843093246e-11,0.1108169628621235,0.0,0.125,0.008896970381858306,2.3749980396226e-06,0.1108169628621235,7.1342479304736806e-06,0.1108169628621235
161280.0,0.012,5.434230843093246e-11,0.0,0.125,9.121981339410808e-12,4.320099833421409e-12,5.434230843093246e-11,4.376943252282217e-12,5.434230843093246e-11,0.11077731013604794,0.0,0.125,0.008893524100235818,2.3728561762692557e-06,0.11077731013604794,7.133521865154702e-06,0.11077731013604794
161340.0,0.012,5.434230843093246e-11,0.0,0.125,9.121981339410808e-12,4.320099833421409e-12,5.434230843093246e-11,4.376943252282217e-12,5.434230843093246e-11,0.11073769214028104,0.0,0.125,0.008890081142805203,2.3707173034959172e-06,0.11073769214028104,7.132794542230592e-06,0.11073769214028104
161400.0,0.012,5.434230843093246e-11,0.0,0.125,9.121981339410808e-12,4.320099833421409e-12,5.434230843093246e-11,4.376943252282217e-12,5.434230843093246e-11,0.11069810882749821,0.0,0.125,0.008886641504700065,2.3685814150298246e-06,0.11069810882749821,7.132065965864687e-06,0.11069810882749821
161460.0,0.012,5.434230843093246e-11,0.0,0.125,9.121981339410808e-12,4.320099833421409e-12,5.434230843093246e-11,4.376943252282217e-12,5.434230843093246e-11,0.11065856015045966,0.0,0.125,0.008883205181063366,2.3664485065688634e-06,0.11065856015045966,7.131336139054589e-06,0.11065856015045966
161520.0,0.012,5.434230843093246e-11,0.0,0.125,9.121981339410808e-12,4.320099833421409e-12,5.434230843093246e-11,4.376943252282217e-12,5.434230843093246e-11,0.11061904606201267,0.0,0.125,0.008879772167047386,2.3643185715904735e-06,0.11061904606201267,7.130605066407725e-06,0.11061904606201267
161580.0,0.012,5.434230843093246e-11,0.0,0.125,9.121981339410808e-12,4.320099833421409e-12,5.434230843093246e-11,4.376943252282217e-12,5.434230843093246e-11,0.11057956651508935,0.0,0.125,0.008876342457813722,2.3621916045712954e-06,0.11057956651508935,7.129872751504562e-06,0.11057956651508935
161640.0,0.012,5.434230843093246e-11,0.0,0.125,9.121981339410808e-12,4.320099833421409e-12,5.434230843093246e-11,4.376943252282217e-12,5.434230843093246e-11,0.11054012146270722,0.0,0.125,0.00887291604853324,2.3600676009594146e-06,0.11054012146270722,7.1291391979810825e-06,0.11054012146270722
161700.0,0.012,5.434230843093246e-11,0.0,0.125,9.121981339410808e-12,4.320099833421409e-12,5.434230843093246e-11,4.376943252282217e-12,5.434230843093246e-11,0.11050071085796961,0.0,0.125,0.00886949293438608,2.3579465545098266e-06,0.11050071085796961,7.128404409778577e-06,0.11050071085796961
161760.0,0.012,5.434230843093246e-11,0.0,0.125,9.121981339410808e-12,4.320099833421409e-12,5.434230843093246e-11,4.376943252282217e-12,5.434230843093246e-11,0.11046133465406412,0.0,0.125,0.008866073110561631,2.35582846033755e-06,0.11046133465406412,7.127668390671804e-06,0.11046133465406412
161820.0,0.012,5.434230843093246e-11,0.0,0.125,9.121981339410808e-12,4.320099833421409e-12,5.434230843093246e-11,4.376943252282217e-12,5.434230843093246e-11,0.11042199280426399,0.0,0.125,0.00886265657225849,2.3537133119477804e-06,0.11042199280426399,7.126931145101656e-06,0.11042199280426399
161880.0,0.012,5.434230843093246e-11,0.0,0.125,9.121981339410808e-12,4.320099833421409e-12,5.434230843093246e-11,4.376943252282217e-12,5.434230843093246e-11,0.11038268526192647,0.0,0.125,0.00885924331468445,2.3516011046220697e-06,0.11038268526192647,7.126192676371046e-06,0.11038268526192647
161940.0,0.012,5.434230843093246e-11,0.0,0.125,9.121981339410808e-12,4.320099833421409e-12,5.434230843093246e-11,4.376943252282217e-12,5.434230843093246e-11,0.11034341198049326,0.0,0.125,0.008855833333056494,2.349491832809303e-06,0.11034341198049326,7.125452988032688e-06,0.11034341198049326
162000.0,0.012,5.434230843093246e-11,0.0,0.125,9.121981339410808e-12,4.320099833421409e-12,5.434230843093246e-11,4.376943252282217e-12,5.434230843093246e-11,0.11030417291349062,0.0,0.125,0.008852426622600757,2.347385491402454e-06,0.11030417291349062,7.12471208411114e-06,0.11030417291349062
162060.0,0.012,5.434230843093246e-11,0.0,0.125,9.121981339410808e-12,4.320099833421409e-12,5.434230843093246e-11,4.376943252282217e-12,5.434230843093246e-11,0.11026496801452912,0.0,0.125,0.008849023178552504,2.3452820740732516e-06,0.11026496801452912,7.123969968547694e-06,0.11026496801452912
162120.0,0.012,5.434230843093246e-11,0.0,0.125,9.121981339410808e-12,4.320099833421409e-12,5.434230843093246e-11,4.376943252282217e-12,5.434230843093246e-11,0.11022579723730251,0.0,0.125,0.008845622996156105,2.343181576186515e-06,0.11022579723730251,7.12322664517262e-06,0.11022579723730251
162180.0,0.012,5.434230843093246e-11,0.0,0.125,9.122962701414788e-12,4.320099833421409e-12,5.434230843093246e-11,4.376943252282217e-12,5.434230843093246e-11,0.11018666053558873,0.0,0.125,0.008842226070665015,2.341083992107862e-06,0.11018666053558873,7.12248211748312e-06,0.11018666053558873
162240.0,0.012,5.434230843093246e-11,0.0,0.125,9.122962701414788e-12,4.320099833421409e-12,5.434230843093246e-11,4.376943252282217e-12,5.434230843093246e-11,0.11014755786324879,0.0,0.125,0.008838832397341807,2.338989316980067e-06,0.11014755786324879,7.1217363886988405e-06,0.11014755786324879
162300.0,0.012,5.434230843093246e-11,0.0,0.125,9.122962701414788e-12,4.320099833421409e-12,5.434230843093246e-11,4.376943252282217e-12,5.434230843093246e-11,0.11010848917422777,0.0,0.125,0.008835441971458018,2.336897544585881e-06,0.11010848917422777,7.120989463371696e-06,0.11010848917422777
162360.0,0.012,5.434230843093246e-11,0.0,0.125,9.122962701414788e-12,4.320099833421409e-12,5.434230843093246e-11,4.376943252282217e-12,5.434230843093246e-11,0.11006945442255309,0.0,0.125,0.008832054788294285,2.3348086697905224e-06,0.11006945442255309,7.120241345109912e-06,0.11006945442255309
162420.0,0.012,5.434230843093246e-11,0.0,0.125,9.122962701414788e-12,4.320099833421409e-12,5.434230843093246e-11,4.376943252282217e-12,5.434230843093246e-11,0.11003045356233541,0.0,0.125,0.00882867084314021,2.332722687847788e-06,0.11003045356233541,7.1194920373551795e-06,0.11003045356233541
162480.0,0.012,5.434230843093246e-11,0.0,0.125,9.122962701414788e-12,4.320099833421409e-12,5.434230843093246e-11,4.376943252282217e-12,5.434230843093246e-11,0.1099914865477685,0.0,0.125,0.008825290131294414,2.330639592651451e-06,0.1099914865477685,7.118741543910012e-06,0.1099914865477685
162540.0,0.012,5.434230843093246e-11,0.0,0.125,9.122962701414788e-12,4.320099833421409e-12,5.434230843093246e-11,4.376943252282217e-12,5.434230843093246e-11,0.10995255333312795,0.0,0.125,0.008821912648064463,2.3285593796495974e-06,0.10995255333312795,7.11798986841039e-06,0.10995255333312795
162600.0,0.012,5.434230843093246e-11,0.0,0.125,9.122962701414788e-12,4.320099833421409e-12,5.434230843093246e-11,4.376943252282217e-12,5.434230843093246e-11,0.1099136538727729,0.0,0.125,0.00881853838876684,2.3264820429025335e-06,0.1099136538727729,7.117237014742095e-06,0.1099136538727729
162660.0,0.012,5.434230843093246e-11,0.0,0.125,9.122962701414788e-12,4.320099833421409e-12,5.434230843093246e-11,4.376943252282217e-12,5.434230843093246e-11,0.1098747881211435,0.0,0.125,0.00881516734872698,2.3244075776363005e-06,0.1098747881211435,7.116482986235795e-06,0.1098747881211435
162720.0,0.012,5.434230843093246e-11,0.0,0.125,9.12327541004476e-12,4.320099833421409e-12,5.434230843093246e-11,4.376943252282217e-12,5.434230843093246e-11,0.10983595603276258,0.0,0.125,0.008811799523279228,2.3223359780777386e-06,0.10983595603276258,7.115727787193604e-06,0.10983595603276258
162780.0,0.012,5.434230843093246e-11,0.0,0.125,9.12331201984768e-12,4.320099833421409e-12,5.434230843093246e-11,4.376943252282217e-12,5.434230843093246e-11,0.10979715756223468,0.0,0.125,0.008808434907766786,2.320267239119822e-06,0.10979715756223468,7.11497142083517e-06,0.10979715756223468
162840.0,0.012,5.434230843093246e-11,0.0,0.125,9.12331201984768e-12,4.320099833421409e-12,5.434230843093246e-11,4.376943252282217e-12,5.434230843093246e-11,0.10975839266424581,0.0,0.125,0.00880507349754174,2.3182013556000136e-06,0.10975839266424581,7.114213890629939e-06,0.10975839266424581
162900.0,0.012,5.434230843093246e-11,0.0,0.125,9.12331201984768e-12,4.320099833421409e-12,5.434230843093246e-11,4.376943252282217e-12,5.434230843093246e-11,0.10971966129356375,0.0,0.125,0.008801715287964983,2.3161383221614873e-06,0.10971966129356375,7.113455200408181e-06,0.10971966129356375
162960.0,0.012,5.434230843093246e-11,0.0,0.125,9.12331201984768e-12,4.320099833421409e-12,5.434230843093246e-11,4.376943252282217e-12,5.434230843093246e-11,0.10968096340503754,0.0,0.125,0.008798360274406227,2.3140781339192618e-06,0.10968096340503754,7.112695353916898e-06,0.10968096340503754
163020.0,0.012,5.434230843093246e-11,0.0,0.125,9.12331201984768e-12,4.320099833421409e-12,5.434230843093246e-11,4.376943252282217e-12,5.434230843093246e-11,0.1096422989535972,0.0,0.125,0.00879500845224402,2.312020785377733e-06,0.1096422989535972,7.1119343545700264e-06,0.1096422989535972
163080.0,0.012,5.434230843093246e-11,0.0,0.125,9.12331201984768e-12,4.320099833421409e-12,5.434230843093246e-11,4.376943252282217e-12,5.434230843093246e-11,0.10960366789425374,0.0,0.125,0.008791659816865655,2.309966270985786e-06,0.10960366789425374,7.111172206281102e-06,0.10960366789425374
163140.0,0.012,5.434230843093246e-11,0.0,0.125,9.12331201984768e-12,4.320099833421409e-12,5.434230843093246e-11,4.376943252282217e-12,5.434230843093246e-11,0.10956507018209882,0.0,0.125,0.008788314363667196,2.3079145862470174e-06,0.10956507018209882,7.110408912214261e-06,0.10956507018209882
163200.0,0.012,5.434230843093246e-11,0.0,0.125,9.12331201984768e-12,4.320099833421409e-12,5.434230843093246e-11,4.376943252282217e-12,5.434230843093246e-11,0.10952650577230472,0.0,0.125,0.008784972088053419,2.305865725804601e-06,0.10952650577230472,7.109644476005483e-06,0.10952650577230472
163260.0,0.012,5.434230843093246e-11,0.0,0.125,9.126425132542093e-12,4.320099833421409e-12,5.434230843093246e-11,4.433786671143025e-12,5.434230843093246e-11,0.10948797462012434,0.0,0.125,0.008781632985437852,2.303819684051911e-06,0.10948797462012434,7.10887890154055e-06,0.10948797462012434
163320.0,0.012,5.434230843093246e-11,0.0,0.125,9.135726964982675e-12,4.320099833421409e-12,5.434230843093246e-11,4.433786671143025e-12,5.434230843093246e-11,0.10944947668089086,0.0,0.125,0.00877829705124268,2.3017764562982546e-06,0.10944947668089086,7.108112192594218e-06,0.10944947668089086
163380.0,0.012,5.434230843093246e-11,0.0,0.125,9.135726964982675e-12,4.320099833421409e-12,5.434230843093246e-11,4.433786671143025e-12,5.434230843093246e-11,0.10941101191001693,0.0,0.125,0.008774964280898806,2.2997360371312947e-06,0.10941101191001693,7.107344352247358e-06,0.10941101191001693
163440.0,0.012,5.434230843093246e-11,0.0,0.125,9.135726964982675e-12,4.320099833421409e-12,5.434230843093246e-11,4.433786671143025e-12,5.434230843093246e-11,0.10937258026299565,0.0,0.125,0.008771634669845764,2.297698421027672e-06,0.10937258026299565,7.106575384357994e-06,0.10937258026299565
163500.0,0.012,5.434230843093246e-11,0.0,0.125,9.135726964982675e-12,4.320099833421409e-12,5.434230843093246e-11,4.433786671143025e-12,5.434230843093246e-11,0.10933418169539943,0.0,0.125,0.008768308213531714,2.2956636033244493e-06,0.10933418169539943,7.105805292201284e-06,0.10933418169539943
163560.0,0.012,5.434230843093246e-11,0.0,0.125,9.135726964982675e-12,4.320099833421409e-12,5.434230843093246e-11,4.433786671143025e-12,5.434230843093246e-11,0.10929581616288009,0.0,0.125,0.008764984907413448,2.2936315795252238e-06,0.10929581616288009,7.105034079218919e-06,0.10929581616288009
163620.0,0.012,5.434230843093246e-11,0.0,0.125,9.135726964982675e-12,4.320099833421409e-12,5.434230843093246e-11,4.433786671143025e-12,5.434230843093246e-11,0.1092574836211693,0.0,0.125,0.008761664746956352,2.291602343634791e-06,0.1092574836211693,7.104261749102392e-06,0.1092574836211693
163680.0,0.012,5.434230843093246e-11,0.0,0.125,9.135726964982675e-12,4.320099833421409e-12,5.434230843093246e-11,4.433786671143025e-12,5.434230843093246e-11,0.10921918402607787,0.0,0.125,0.008758347727634366,2.2895758907126584e-06,0.10921918402607787,7.10348830587626e-06,0.10921918402607787
163740.0,0.012,5.434230843093246e-11,0.0,0.125,9.135726964982675e-12,4.320099833421409e-12,5.434230843093246e-11,4.433786671143025e-12,5.434230843093246e-11,0.10918091733349483,0.0,0.125,0.00875503384493002,2.2875522157073114e-06,0.10918091733349483,7.10271375226057e-06,0.10918091733349483
163800.0,0.012,5.434230843093246e-11,0.0,0.125,9.135726964982675e-12,4.320099833421409e-12,5.434230843093246e-11,4.433786671143025e-12,5.434230843093246e-11,0.10914268349938865,0.0,0.125,0.008751723094334349,2.285531313567235e-06,0.10914268349938865,7.10193809227988e-06,0.10914268349938865
163860.0,0.012,5.434230843093246e-11,0.0,0.125,9.135726964982675e-12,4.320099833421409e-12,5.434230843093246e-11,4.433786671143025e-12,5.434230843093246e-11,0.10910448247980628,0.0,0.125,0.008748415471346926,2.2835131797682706e-06,0.10910448247980628,7.101161328876282e-06,0.10910448247980628
163920.0,0.012,5.434230843093246e-11,0.0,0.125,9.135726964982675e-12,4.320099833421409e-12,5.434230843093246e-11,4.433786671143025e-12,5.434230843093246e-11,0.10906631423087332,0.0,0.125,0.008745110971475793,2.281497808509503e-06,0.10906631423087332,7.1003834659078e-06,0.10906631423087332
163980.0,0.012,5.434230843093246e-11,0.0,0.125,9.135726964982675e-12,4.320099833421409e-12,5.434230843093246e-11,4.433786671143025e-12,5.434230843093246e-11,0.10902817870879318,0.0,0.125,0.008741809590237484,2.2794851955998396e-06,0.10902817870879318,7.0996045071214375e-06,0.10902817870879318
164040.0,0.012,5.434230843093246e-11,0.0,0.125,9.135726964982675e-12,4.320099833421409e-12,5.434230843093246e-11,4.433786671143025e-12,5.434230843093246e-11,0.10899007586984785,0.0,0.125,0.00873851132315701,2.277475335155099e-06,0.10899007586984785,7.098824455459285e-06,0.10899007586984785
164100.0,0.012,5.434230843093246e-11,0.0,0.125,9.135726964982675e-12,4.320099833421409e-12,5.434230843093246e-11,4.433786671143025e-12,5.434230843093246e-11,0.10895200567039731,0.0,0.125,0.008735216165767775,2.2754682221237665e-06,0.10895200567039731,7.09804331489039e-06,0.10895200567039731
164160.0,0.012,5.434230843093246e-11,0.0,0.125,9.146837742444612e-12,4.320099833421409e-12,5.434230843093246e-11,4.433786671143025e-12,5.434230843093246e-11,0.10891396806687868,0.0,0.125,0.008731924113611641,2.2734638519539274e-06,0.10891396806687868,7.097261088245821e-06,0.10891396806687868
164220.0,0.012,5.434230843093246e-11,0.0,0.125,9.146837742444612e-12,4.320099833421409e-12,5.434230843093246e-11,4.433786671143025e-12,5.434230843093246e-11,0.10887596301580704,0.0,0.125,0.008728635162238832,2.2714622197606005e-06,0.10887596301580704,7.0964777794946254e-06,0.10887596301580704
164280.0,0.012,5.434230843093246e-11,0.0,0.125,9.146837742444612e-12,4.320099833421409e-12,5.434230843093246e-11,4.433786671143025e-12,5.434230843093246e-11,0.10883799047377549,0.0,0.125,0.008725349307207983,2.269463320214715e-06,0.10883799047377549,7.095693391884206e-06,0.10883799047377549
164340.0,0.012,5.434230843093246e-11,0.0,0.125,9.146837742444612e-12,4.320099833421409e-12,5.434230843093246e-11,4.433786671143025e-12,5.434230843093246e-11,0.10880005039745343,0.0,0.125,0.008722066544086072,2.2674671484312903e-06,0.10880005039745343,7.0949079291060535e-06,0.10880005039745343
164400.0,0.012,5.434230843093246e-11,0.0,0.125,9.146837742444612e-12,4.320099833421409e-12,5.434230843093246e-11,4.433786671143025e-12,5.434230843093246e-11,0.10876214274358736,0.0,0.125,0.008718786868448418,2.265473699886167e-06,0.10876214274358736,7.09412139365817e-06,0.10876214274358736
164460.0,0.012,5.434230843093246e-11,0.0,0.125,9.146837742444612e-12,4.320099833421409e-12,5.434230843093246e-11,4.433786671143025e-12,5.434230843093246e-11,0.10872426746900166,0.0,0.125,0.008715510275878656,2.263482968944963e-06,0.10872426746900166,7.093333790009204e-06,0.10872426746900166
164520.0,0.012,5.434230843093246e-11,0.0,0.125,9.146837742444612e-12,4.320099833421409e-12,5.434230843093246e-11,4.433786671143025e-12,5.434230843093246e-11,0.1086864245305965,0.0,0.125,0.008712236761968736,2.2614949511945426e-06,0.1086864245305965,7.092545121045735e-06,0.1086864245305965
164580.0,0.012,5.434230843093246e-11,0.0,0.125,9.146837742444612e-12,4.320099833421409e-12,5.434230843093246e-11,4.433786671143025e-12,5.434230843093246e-11,0.10864861388534902,0.0,0.125,0.008708966322318875,2.259509641472368e-06,0.10864861388534902,7.091755389904142e-06,0.10864861388534902
164640.0,0.012,5.434230843093246e-11,0.0,0.125,9.146837742444612e-12,4.320099833421409e-12,5.434230843093246e-11,4.433786671143025e-12,5.434230843093246e-11,0.10861083549031281,0.0,0.125,0.008705698952537564,2.2575270348379473e-06,0.10861083549031281,7.090964600164895e-06,0.10861083549031281
164700.0,0.012,5.434230843093246e-11,0.0,0.125,9.146837742444612e-12,4.320099833421409e-12,5.434230843093246e-11,4.433786671143025e-12,5.434230843093246e-11,0.10857308930261748,0.0,0.125,0.008702434648241532,2.2555471267393656e-06,0.10857308930261748,7.090172755269686e-06,0.10857308930261748
164760.0,0.012,5.434230843093246e-11,0.0,0.125,9.146837742444612e-12,4.320099833421409e-12,5.434230843093246e-11,4.433786671143025e-12,5.434230843093246e-11,0.1085353752794691,0.0,0.125,0.00869917340505574,2.2535699119863306e-06,0.1085353752794691,7.089379858826739e-06,0.1085353752794691
164820.0,0.012,5.434230843093246e-11,0.0,0.125,9.146837742444612e-12,4.320099833421409e-12,5.434230843093246e-11,4.433786671143025e-12,5.434230843093246e-11,0.10849769337814924,0.0,0.125,0.00869591521861335,2.251595385804883e-06,0.10849769337814924,7.088585914083456e-06,0.10849769337814924
164880.0,0.012,5.434230843093246e-11,0.0,0.125,9.146837742444612e-12,4.320099833421409e-12,5.434230843093246e-11,4.433786671143025e-12,5.434230843093246e-11,0.10846004355601517,0.0,0.125,0.008692660084555708,2.2496235432822864e-06,0.10846004355601517,7.087790924176218e-06,0.10846004355601517
164940.0,0.012,5.434230843093246e-11,0.0,0.125,9.146837742444612e-12,4.320099833421409e-12,5.434230843093246e-11,4.433786671143025e-12,5.434230843093246e-11,0.10842242577050012,0.0,0.125,0.008689407998532333,2.2476543793115145e-06,0.10842242577050012,7.086994892741005e-06,0.10842242577050012
165000.0,0.012,5.434230843093246e-11,0.0,0.125,9.147449035217583e-12,4.376943252282217e-12,5.434230843093246e-11,4.433786671143025e-12,5.434230843093246e-11,0.10838483997911237,0.0,0.125,0.008686158956200892,2.2456878896182086e-06,0.10838483997911237,7.086197822747664e-06,0.10838483997911237
165060.0,0.012,5.434230843093246e-11,0.0,0.125,9.147449035217583e-12,4.376943252282217e-12,5.434230843093246e-11,4.433786671143025e-12,5.434230843093246e-11,0.1083472861394355,0.0,0.125,0.008682912953227182,2.243724068762276e-06,0.1083472861394355,7.085399717388086e-06,0.1083472861394355
165120.0,0.012,5.434230843093246e-11,0.0,0.125,9.147449035217583e-12,4.376943252282217e-12,5.434230843093246e-11,4.433786671143025e-12,5.434230843093246e-11,0.10830976420912847,0.0,0.125,0.008679669985285111,2.241762912219558e-06,0.10830976420912847,7.084600580214984e-06,0.10830976420912847
165180.0,0.012,5.434230843093246e-11,0.0,0.125,9.147449035217583e-12,4.376943252282217e-12,5.434230843093246e-11,4.433786671143025e-12,5.434230843093246e-11,0.10827227414592469,0.0,0.125,0.008676430048056698,2.239804415132829e-06,0.10827227414592469,7.0838004146700495e-06,0.10827227414592469
165240.0,0.012,5.434230843093246e-11,0.0,0.125,9.147449035217583e-12,4.376943252282217e-12,5.434230843093246e-11,4.433786671143025e-12,5.434230843093246e-11,0.10823481590763258,0.0,0.125,0.00867319313723202,2.237848572894663e-06,0.10823481590763258,7.082999223750885e-06,0.10823481590763258
165300.0,0.012,5.411493475548923e-11,0.0,0.125,9.02527707834301e-12,4.149569576838985e-12,5.411493475548923e-11,4.206412995699793e-12,5.411493475548923e-11,0.10819738945213489,0.0,0.125,0.0086699592485092,2.2358953806200788e-06,0.10819738945213489,7.082197010371827e-06,0.10819738945213489
165360.0,0.012,5.411493475548923e-11,0.0,0.125,9.02527707834301e-12,4.149569576838985e-12,5.411493475548923e-11,4.206412995699793e-12,5.411493475548923e-11,0.10815999473738946,0.0,0.125,0.008666728377594428,2.2339448330632727e-06,0.10815999473738946,7.081393779001521e-06,0.10815999473738946
165420.0,0.012,5.411493475548923e-11,0.0,0.125,9.02527707834301e-12,4.149569576838985e-12,5.411493475548923e-11,4.206412995699793e-12,5.411493475548923e-11,0.10812263172142744,0.0,0.125,0.008663500520201881,2.2319969266437756e-06,0.10812263172142744,7.080589532276749e-06,0.10812263172142744
165480.0,0.012,5.411493475548923e-11,0.0,0.125,9.02527707834301e-12,4.149569576838985e-12,5.411493475548923e-11,4.206412995699793e-12,5.411493475548923e-11,0.10808530036235475,0.0,0.125,0.008660275672053765,2.2300516553386274e-06,0.10808530036235475,7.079784273084089e-06,0.10808530036235475
165540.0,0.012,5.411493475548923e-11,0.0,0.125,9.02527707834301e-12,4.149569576838985e-12,5.411493475548923e-11,4.206412995699793e-12,5.411493475548923e-11,0.10804800061835104,0.0,0.125,0.00865705382888024,2.2281090146791804e-06,0.10804800061835104,7.0789780054481e-06,0.10804800061835104
165600.0,0.012,5.411493475548923e-11,0.0,0.125,9.02527707834301e-12,4.149569576838985e-12,5.411493475548923e-11,4.206412995699793e-12,5.411493475548923e-11,0.10801073244766968,0.0,0.125,0.008653834986419463,2.2261690003633205e-06,0.10801073244766968,7.078170731589228e-06,0.10801073244766968
165660.0,0.012,5.411493475548923e-11,0.0,0.125,9.02527707834301e-12,4.149569576838985e-12,5.411493475548923e-11,4.206412995699793e-12,5.411493475548923e-11,0.10797349580863747,0.0,0.125,0.008650619140417513,2.2242316072285107e-06,0.10797349580863747,7.077362455087943e-06,0.10797349580863747
165720.0,0.012,5.411493475548923e-11,0.0,0.125,9.025605929770783e-12,4.149569576838985e-12,5.411493475548923e-11,4.206412995699793e-12,5.411493475548923e-11,0.10793629065965521,0.0,0.125,0.008647406286628422,2.222296830611814e-06,0.10793629065965521,7.076553179968803e-06,0.10793629065965521
165780.0,0.012,5.411493475548923e-11,0.0,0.125,9.025605929770783e-12,4.149569576838985e-12,5.411493475548923e-11,4.206412995699793e-12,5.411493475548923e-11,0.1078991169591961,0.0,0.125,0.00864419642081408,2.220364666571939e-06,0.1078991169591961,7.075742908452254e-06,0.1078991169591961
165840.0,0.012,5.411493475548923e-11,0.0,0.125,9.025605929770783e-12,4.149569576838985e-12,5.411493475548923e-11,4.206412995699793e-12,5.411493475548923e-11,0.10786197466580774,0.0,0.125,0.00864098953874435,2.21843510930797e-06,0.10786197466580774,7.074931644479587e-06,0.10786197466580774
165900.0,0.012,5.411493475548923e-11,0.0,0.125,9.025625555385792e-12,4.149569576838985e-12,5.411493475548923e-11,4.206412995699793e-12,5.411493475548923e-11,0.10782486373810918,0.0,0.125,0.00863778563619689,2.216508154795349e-06,0.10782486373810918,7.074119390576561e-06,0.10782486373810918
165960.0,0.012,5.411493475548923e-11,0.0,0.125,9.025625555385792e-12,4.149569576838985e-12,5.411493475548923e-11,4.206412995699793e-12,5.411493475548923e-11,0.1077877841347934,0.0,0.125,0.008634584708957262,2.2145837980380723e-06,0.1077877841347934,7.0733061504069106e-06,0.1077877841347934
166020.0,0.012,5.411493475548923e-11,0.0,0.125,9.025625555385792e-12,4.149569576838985e-12,5.411493475548923e-11,4.206412995699793e-12,5.411493475548923e-11,0.10775073581462552,0.0,0.125,0.008631386752818855,2.2126620347340253e-06,0.10775073581462552,7.072491926884972e-06,0.10775073581462552
166080.0,0.012,5.411493475548923e-11,0.0,0.125,9.025625555385792e-12,4.149569576838985e-12,5.411493475548923e-11,4.206412995699793e-12,5.411493475548923e-11,0.10771371873644367,0.0,0.125,0.00862819176358286,2.2107428598872048e-06,0.10771371873644367,7.071676723285902e-06,0.10771371873644367
166140.0,0.012,5.411493475548923e-11,0.0,0.125,9.025625555385792e-12,4.149569576838985e-12,5.411493475548923e-11,4.206412995699793e-12,5.411493475548923e-11,0.10767673285915755,0.0,0.125,0.008624999737058301,2.2088262688624294e-06,0.10767673285915755,7.07086054263506e-06,0.10767673285915755
166200.0,0.012,5.411493475548923e-11,0.0,0.125,9.025625555385792e-12,4.149569576838985e-12,5.411493475548923e-11,4.206412995699793e-12,5.411493475548923e-11,0.10763977814174913,0.0,0.125,0.008621810669061949,2.2069122573298294e-06,0.10763977814174913,7.0700433879855584e-06,0.10763977814174913
166260.0,0.012,5.411493475548923e-11,0.0,0.125,9.025625555385792e-12,4.149569576838985e-12,5.411493475548923e-11,4.206412995699793e-12,5.411493475548923e-11,0.10760285454327326,0.0,0.125,0.008618624555418376,2.2050008206819793e-06,0.10760285454327326,7.069225263278689e-06,0.10760285454327326
166320.0,0.012,5.411493475548923e-11,0.0,0.125,9.025625555385792e-12,4.149569576838985e-12,5.411493475548923e-11,4.206412995699793e-12,5.411493475548923e-11,0.1075659620228559,0.0,0.125,0.008615441391959897,2.2030919536730753e-06,0.1075659620228559,7.068406171234498e-06,0.1075659620228559
166380.0,0.012,5.411493475548923e-11,0.0,0.125,9.025625555385792e-12,4.149569576838985e-12,5.411493475548923e-11,4.206412995699793e-12,5.411493475548923e-11,0.10752910053969489,0.0,0.125,0.008612261174526523,2.2011856523618256e-06,0.10752910053969489,7.06758611471181e-06,0.10752910053969489
166440.0,0.012,5.411493475548923e-11,0.0,0.125,9.025625555385792e-12,4.149569576838985e-12,5.411493475548923e-11,4.206412995699793e-12,5.411493475548923e-11,0.10749227005305946,0.0,0.125,0.008609083898966027,2.1992819118910045e-06,0.10749227005305946,7.066765097041294e-06,0.10749227005305946
166500.0,0.012,5.411493475548923e-11,0.0,0.125,9.025625555385792e-12,4.149569576838985e-12,5.411493475548923e-11,4.206412995699793e-12,5.411493475548923e-11,0.10745547052229035,0.0,0.125,0.008605909561133851,2.197380727431142e-06,0.10745547052229035,7.0659431212205526e-06,0.10745547052229035
166560.0,0.012,5.411493475548923e-11,0.0,0.125,9.025625555385792e-12,4.149569576838985e-12,5.411493475548923e-11,4.206412995699793e-12,5.411493475548923e-11,0.10741870190679942,0.0,0.125,0.008602738156893115,2.1954820951242127e-06,0.10741870190679942,7.065120190413721e-06,0.10741870190679942
166620.0,0.012,5.411493475548923e-11,0.0,0.125,9.025625555385792e-12,4.149569576838985e-12,5.411493475548923e-11,4.206412995699793e-12,5.411493475548923e-11,0.10738196416607035,0.0,0.125,0.008599569682114627,2.1935860094191018e-06,0.10738196416607035,7.064296307840445e-06,0.10738196416607035
166680.0,0.012,5.411493475548923e-11,0.0,0.125,9.025654777531851e-12,4.149569576838985e-12,5.411493475548923e-11,4.206412995699793e-12,5.411493475548923e-11,0.10734525725965621,0.0,0.125,0.008596404132676788,2.1916924666243176e-06,0.10734525725965621,7.063471475943217e-06,0.10734525725965621
166740.0,0.012,5.411493475548923e-11,0.0,0.125,9.025654777531851e-12,4.149569576838985e-12,5.411493475548923e-11,4.206412995699793e-12,5.411493475548923e-11,0.10730858114718247,0.0,0.125,0.008593241504465684,2.1898014621324347e-06,0.10730858114718247,7.062645698802106e-06,0.10730858114718247
166800.0,0.012,5.411493475548923e-11,0.0,0.125,9.025654777531851e-12,4.149569576838985e-12,5.411493475548923e-11,4.206412995699793e-12,5.411493475548923e-11,0.10727193578834414,0.0,0.125,0.008590081793374957,2.1879129909196937e-06,0.10727193578834414,7.0618189794147135e-06,0.10727193578834414
166860.0,0.012,5.411493475548923e-11,0.0,0.125,9.025654777531851e-12,4.149569576838985e-12,5.411493475548923e-11,4.206412995699793e-12,5.411493475548923e-11,0.10723532114290715,0.0,0.125,0.00858692499530588,2.186027049100314e-06,0.10723532114290715,7.060991320001486e-06,0.10723532114290715
166920.0,0.012,5.411493475548923e-11,0.0,0.125,9.025654777531851e-12,4.149569576838985e-12,5.411493475548923e-11,4.206412995699793e-12,5.411493475548923e-11,0.10719873717070781,0.0,0.125,0.008583771106167266,2.1841436314007368e-06,0.10719873717070781,7.06016272422616e-06,0.10719873717070781
166980.0,0.012,5.411493475548923e-11,0.0,0.125,9.025654777531851e-12,4.149569576838985e-12,5.411493475548923e-11,4.206412995699793e-12,5.411493475548923e-11,0.1071621838316523,0.0,0.125,0.008580620121875531,2.1822627338241585e-06,0.1071621838316523,7.059333194975315e-06,0.1071621838316523
167040.0,0.012,5.411493475548923e-11,0.0,0.125,9.025654777531851e-12,4.149569576838985e-12,5.411493475548923e-11,4.206412995699793e-12,5.411493475548923e-11,0.10712566108571708,0.0,0.125,0.008577472038354603,2.1803843513745758e-06,0.10712566108571708,7.058502735440841e-06,0.10712566108571708
167100.0,0.012,5.411493475548923e-11,0.0,0.125,9.025654777531851e-12,4.149569576838985e-12,5.411493475548923e-11,4.206412995699793e-12,5.411493475548923e-11,0.10708916889294803,0.0,0.125,0.008574326851535913,2.1785084804437638e-06,0.10708916889294803,7.057671348342787e-06,0.10708916889294803
167160.0,0.012,5.411493475548923e-11,0.0,0.125,9.025654777531851e-12,4.149569576838985e-12,5.411493475548923e-11,4.206412995699793e-12,5.411493475548923e-11,0.10705270721346147,0.0,0.125,0.008571184557358415,2.1766351157304076e-06,0.10705270721346147,7.056839037372642e-06,0.10705270721346147
167220.0,0.012,5.411493475548923e-11,0.0,0.125,9.037934052995408e-12,4.149569576838985e-12,5.411493475548923e-11,4.206412995699793e-12,5.411493475548923e-11,0.10701627600744232,0.0,0.125,0.00856804515176857,2.17476425351526e-06,0.10701627600744232,7.056005804750853e-06,0.10701627600744232
167280.0,0.012,5.411493475548923e-11,0.0,0.125,9.037934052995408e-12,4.149569576838985e-12,5.411493475548923e-11,4.206412995699793e-12,5.411493475548923e-11,0.1069798752351458,0.0,0.125,0.008564908630720297,2.1728958888855843e-06,0.1069798752351458,7.055171653613801e-06,0.1069798752351458
167340.0,0.012,5.411493475548923e-11,0.0,0.125,9.037934052995408e-12,4.149569576838985e-12,5.411493475548923e-11,4.206412995699793e-12,5.411493475548923e-11,0.10694350485689566,0.0,0.125,0.008561774990174981,2.1710300172339547e-06,0.10694350485689566,7.0543365871811314e-06,0.10694350485689566
167400.0,0.012,5.405809133662842e-11,0.0,0.125,8.999393633698345e-12,4.092726157978177e-12,5.405809133662842e-11,4.149569576838985e-12,5.405809133662842e-11,0.1069071648330856,0.0,0.125,0.008558644226101426,2.169166634452546e-06,0.1069071648330856,7.053500608728003e-06,0.1069071648330856
167460.0,0.012,5.405809133662842e-11,0.0,0.125,8.999393633698345e-12,4.092726157978177e-12,5.405809133662842e-11,4.149569576838985e-12,5.405809133662842e-11,0.1068708551241773,0.0,0.125,0.008555516334475858,2.167305735822911e-06,0.1068708551241773,7.05266372066915e-06,0.1068708551241773
167520.0,0.012,5.405809133662842e-11,0.0,0.125,8.999393633698345e-12,4.092726157978177e-12,5.405809133662842e-11,4.149569576838985e-12,5.405809133662842e-11,0.10683457569070196,0.0,0.125,0.008552391311281922,2.1654473173760014e-06,0.10683457569070196,7.051825926612798e-06,0.10683457569070196
167580.0,0.012,5.405809133662842e-11,0.0,0.125,8.999393633698345e-12,4.092726157978177e-12,5.405809133662842e-11,4.149569576838985e-12,5.405809133662842e-11,0.1067983264932591,0.0,0.125,0.008549269152510633,2.163591374587659e-06,0.1067983264932591,7.050987229029193e-06,0.1067983264932591
167640.0,0.012,5.405809133662842e-11,0.0,0.125,8.999393633698345e-12,4.092726157978177e-12,5.405809133662842e-11,4.149569576838985e-12,5.405809133662842e-11,0.106762107492517,0.0,0.125,0.008546149854160396,2.1617379026839245e-06,0.106762107492517,7.050147631082471e-06,0.106762107492517
167700.0,0.012,5.411493475548923e-11,0.0,0.125,9.005402320245835e-12,4.092726157978177e-12,5.411493475548923e-11,4.149569576838985e-12,5.411493475548923e-11,0.10672591864921177,0.0,0.125,0.008543033412236967,2.1598868977235064e-06,0.10672591864921177,7.049307135770233e-06,0.10672591864921177
167760.0,0.012,5.411493475548923e-11,0.0,0.125,9.005402320245835e-12,4.092726157978177e-12,5.411493475548923e-11,4.149569576838985e-12,5.411493475548923e-11,0.10668975992414811,0.0,0.125,0.008539919822753423,2.158038355237757e-06,0.10668975992414811,7.048465745618238e-06,0.10668975992414811
167820.0,0.012,5.411493475548923e-11,0.0,0.125,9.005402320245835e-12,4.092726157978177e-12,5.411493475548923e-11,4.149569576838985e-12,5.411493475548923e-11,0.10665363127819942,0.0,0.125,0.008536809081730183,2.156192270397206e-06,0.10665363127819942,7.047623464484509e-06,0.10665363127819942
167880.0,0.012,5.411493475548923e-11,0.0,0.125,9.005402320245835e-12,4.092726157978177e-12,5.411493475548923e-11,4.149569576838985e-12,5.411493475548923e-11,0.10661753267230575,0.0,0.125,0.00853370118519497,2.1543486393160727e-06,0.10661753267230575,7.046780294533983e-06,0.10661753267230575
167940.0,0.012,5.411493475548923e-11,0.0,0.125,9.005402320245835e-12,4.092726157978177e-12,5.411493475548923e-11,4.149569576838985e-12,5.411493475548923e-11,0.10658146406747579,0.0,0.125,0.008530596129182787,2.1525074577199987e-06,0.10658146406747579,7.045936239152839e-06,0.10658146406747579
168000.0,0.012,5.411493475548923e-11,0.0,0.125,9.005402320245835e-12,4.092726157978177e-12,5.411493475548923e-11,4.149569576838985e-12,5.411493475548923e-11,0.10654542542478562,0.0,0.125,0.00852749390973589,2.1506687212513587e-06,0.10654542542478562,7.045091300672546e-06,0.10654542542478562
168060.0,0.012,5.411493475548923e-11,0.0,0.125,9.005402320245835e-12,4.092726157978177e-12,5.411493475548923e-11,4.149569576838985e-12,5.411493475548923e-11,0.10650941670537867,0.0,0.125,0.008524394522903836,2.1488324253859936e-06,0.10650941670537867,7.044245482423772e-06,0.10650941670537867
168120.0,0.012,5.411493475548923e-11,0.0,0.125,9.005402320245835e-12,4.092726157978177e-12,5.411493475548923e-11,4.149569576838985e-12,5.411493475548923e-11,0.1064734378704662,0.0,0.125,0.008521297964743378,2.1469985653777e-06,0.1064734378704662,7.043398787293098e-06,0.1064734378704662
168180.0,0.012,5.411493475548923e-11,0.0,0.125,9.005402320245835e-12,4.092726157978177e-12,5.411493475548923e-11,4.149569576838985e-12,5.411493475548923e-11,0.10643748888132576,0.0,0.125,0.008518204231318518,2.145167137784787e-06,0.10643748888132576,7.042551218139348e-06,0.10643748888132576
168240.0,0.012,5.411493475548923e-11,0.0,0.125,9.005402320245835e-12,4.092726157978177e-12,5.411493475548923e-11,4.149569576838985e-12,5.411493475548923e-11,0.10640156969930253,0.0,0.125,0.008515113318700442,2.1433381380553396e-06,0.10640156969930253,7.041702777904613e-06,0.10640156969930253
168300.0,0.012,5.411493475548923e-11,0.0,0.125,9.005402320245835e-12,4.092726157978177e-12,5.411493475548923e-11,4.149569576838985e-12,5.411493475548923e-11,0.10636568028580921,0.0,0.125,0.00851202522296755,2.1415115617762215e-06,0.10636568028580921,7.040853469475472e-06,0.10636568028580921
168360.0,0.012,5.411493475548923e-11,0.0,0.125,9.005402320245835e-12,4.092726157978177e-12,5.411493475548923e-11,4.149569576838985e-12,5.411493475548923e-11,0.10632982060232433,0.0,0.125,0.008508939940205414,2.139687404423274e-06,0.10632982060232433,7.0400032958495284e-06,0.10632982060232433
168420.0,0.012,5.411493475548923e-11,0.0,0.125,9.005402320245835e-12,4.092726157978177e-12,5.411493475548923e-11,4.149569576838985e-12,5.411493475548923e-11,0.10629399061039313,0.0,0.125,0.00850585746650675,2.1378656618331604e-06,0.10629399061039313,7.0391522599133616e-06,0.10629399061039313
168480.0,0.012,5.411493475548923e-11,0.0,0.125,9.005402320245835e-12,4.092726157978177e-12,5.411493475548923e-11,4.149569576838985e-12,5.411493475548923e-11,0.10625819027162725,0.0,0.125,0.00850277779797142,2.136046330092345e-06,0.10625819027162725,7.038300364026195e-06,0.10625819027162725
168540.0,0.012,5.411493475548923e-11,0.0,0.125,9.005402320245835e-12,4.092726157978177e-12,5.411493475548923e-11,4.149569576838985e-12,5.411493475548923e-11,0.10622241954770562,0.0,0.125,0.008499700930706414,2.134229404454624e-06,0.10622241954770562,7.0374476118795215e-06,0.10622241954770562
168600.0,0.012,5.411493475548923e-11,0.0,0.125,9.005402320245835e-12,4.092726157978177e-12,5.411493475548923e-11,4.149569576838985e-12,5.411493475548923e-11,0.10618667840037188,0.0,0.125,0.008496626860825843,2.1324148811452392e-06,0.10618667840037188,7.0365940055272524e-06,0.10618667840037188
168660.0,0.012,5.411493475548923e-11,0.0,0.125,9.005402320245835e-12,4.092726157978177e-12,5.411493475548923e-11,4.149569576838985e-12,5.411493475548923e-11,0.10615096679143679,0.0,0.125,0.008493555584450897,2.13060275577881e-06,0.10615096679143679,7.0357395476339235e-06,0.10615096679143679
168720.0,0.012,5.411493475548923e-11,0.0,0.125,9.005501578056182e-12,4.092726157978177e-12,5.411493475548923e-11,4.149569576838985e-12,5.411493475548923e-11,0.10611528468277681,0.0,0.125,0.00849048709770985,2.128793024080977e-06,0.10611528468277681,7.034884241585715e-06,0.10611528468277681
168780.0,0.012,5.411493475548923e-11,0.0,0.125,9.005501578056182e-12,4.092726157978177e-12,5.411493475548923e-11,4.149569576838985e-12,5.411493475548923e-11,0.1060796320363343,0.0,0.125,0.008487421396738035,2.126985681555338e-06,0.1060796320363343,7.0340280904634955e-06,0.1060796320363343
168840.0,0.012,5.411493475548923e-11,0.0,0.125,9.005501578056182e-12,4.092726157978177e-12,5.411493475548923e-11,4.149569576838985e-12,5.411493475548923e-11,0.10604400881411659,0.0,0.125,0.008484358477677837,2.1251807246214227e-06,0.10604400881411659,7.033171096515467e-06,0.10604400881411659
168900.0,0.012,5.411493475548923e-11,0.0,0.125,9.005537344752073e-12,4.092726157978177e-12,5.411493475548923e-11,4.149569576838985e-12,5.411493475548923e-11,0.10600841497819725,0.0,0.125,0.008481298336678655,2.1233781489771175e-06,0.10600841497819725,7.0323132629335205e-06,0.10600841497819725
168960.0,0.012,5.411493475548923e-11,0.0,0.125,9.005537344752073e-12,4.092726157978177e-12,5.411493475548923e-11,4.149569576838985e-12,5.411493475548923e-11,0.10597285049071456,0.0,0.125,0.00847824096989694,2.121577949987241e-06,0.10597285049071456,7.031454592021369e-06,0.10597285049071456
169020.0,0.012,5.411493475548923e-11,0.0,0.125,9.005537344752073e-12,4.092726157978177e-12,5.411493475548923e-11,4.149569576838985e-12,5.411493475548923e-11,0.10593731531387258,0.0,0.125,0.008475186373496103,2.1197801234607017e-06,0.10593731531387258,7.030595087387237e-06,0.10593731531387258
169080.0,0.012,5.411493475548923e-11,0.0,0.125,9.005537344752073e-12,4.092726157978177e-12,5.411493475548923e-11,4.149569576838985e-12,5.411493475548923e-11,0.10590180940993994,0.0,0.125,0.008472134543646554,2.1179846658447854e-06,0.10590180940993994,7.029734751029526e-06,0.10590180940993994
169140.0,0.012,5.411493475548923e-11,0.0,0.125,9.005537344752073e-12,4.092726157978177e-12,5.411493475548923e-11,4.149569576838985e-12,5.411493475548923e-11,0.10586633274125082,0.0,0.125,0.008469085476525673,2.116191572115733e-06,0.10586633274125082,7.0288735863344165e-06,0.10586633274125082
169200.0,0.012,5.411493475548923e-11,0.0,0.125,9.005537344752073e-12,4.092726157978177e-12,5.411493475548923e-11,4.149569576838985e-12,5.411493475548923e-11,0.10583088527020326,0.0,0.125,0.008466039168317788,2.1144008390261426e-06,0.10583088527020326,7.028011595827666e-06,0.10583088527020326
169260.0,0.012,5.411493475548923e-11,0.0,0.125,9.005537344752073e-12,4.092726157978177e-12,5.411493475548923e-11,4.149569576838985e-12,5.411493475548923e-11,0.1057954669592607,0.0,0.125,0.008462995615214186,2.1126124617465436e-06,0.1057954669592607,7.02714878197952e-06,0.1057954669592607
169320.0,0.012,5.411493475548923e-11,0.0,0.125,9.005537344752073e-12,4.092726157978177e-12,5.411493475548923e-11,4.149569576838985e-12,5.411493475548923e-11,0.10576007777095085,0.0,0.125,0.008459954813413028,2.110826436696467e-06,0.10576007777095085,7.026285147870848e-06,0.10576007777095085
169380.0,0.012,5.411493475548923e-11,0.0,0.125,9.005537344752073e-12,4.092726157978177e-12,5.411493475548923e-11,4.149569576838985e-12,5.411493475548923e-11,0.10572471766786598,0.0,0.125,0.008456916759119429,2.1090427594905314e-06,0.10572471766786598,7.025420696527007e-06,0.10572471766786598
169440.0,0.012,5.411493475548923e-11,0.0,0.125,9.005537344752073e-12,4.092726157978177e-12,5.411493475548923e-11,4.149569576838985e-12,5.411493475548923e-11,0.10568938661266208,0.0,0.125,0.00845388144854537,2.107261425965401e-06,0.10568938661266208,7.0245554302239555e-06,0.10568938661266208
169500.0,0.012,5.411493475548923e-11,0.0,0.125,9.005537344752073e-12,4.092726157978177e-12,5.411493475548923e-11,4.149569576838985e-12,5.411493475548923e-11,0.1056540845680599,0.0,0.125,0.008450848877909714,2.1054824317912058e-06,0.1056540845680599,7.023689351681739e-06,0.1056540845680599
169560.0,0.012,5.411493475548923e-11,0.0,0.125,9.005537344752073e-12,4.092726157978177e-12,5.411493475548923e-11,4.149569576838985e-12,5.411493475548923e-11,0.10561881149684378,0.0,0.125,0.008447819043438175,2.1037057735817655e-06,0.10561881149684378,7.022822464120004e-06,0.10561881149684378
169620.0,0.012,5.411493475548923e-11,0.0,0.125,9.005537344752073e-12,4.092726157978177e-12,5.411493475548923e-11,4.149569576838985e-12,5.411493475548923e-11,0.10558356736186203,0.0,0.125,0.008444791941363317,2.10193144625781e-06,0.10558356736186203,7.021954769981242e-06,0.10558356736186203
169680.0,0.012,5.411493475548923e-11,0.0,0.125,9.005537344752073e-12,4.092726157978177e-12,5.411493475548923e-11,4.149569576838985e-12,5.411493475548923e-11,0.10554835212602644,0.0,0.125,0.008441767567924538,2.100159446155603e-06,0.10554835212602644,7.021086272207544e-06,0.10554835212602644
169740.0,0.012,5.411493475548923e-11,0.0,0.125,8.996668813990157e-12,4.092726157978177e-12,5.411493475548923e-11,4.149569576838985e-12,5.411493475548923e-11,0.1055131657523123,0.0,0.125,0.008438745919368041,2.0983897698056975e-06,0.1055131657523123,7.0202169730748665e-06,0.1055131657523123
169800.0,0.012,5.411493475548923e-11,0.0,0.125,8.996668813990157e-12,4.092726157978177e-12,5.411493475548923e-11,4.149569576838985e-12,5.411493475548923e-11,0.10547800820375847,0.0,0.125,0.008435726991946831,2.0966224129892463e-06,0.10547800820375847,7.019346875358767e-06,0.10547800820375847
169860.0,0.012,5.411493475548923e-11,0.0,0.125,8.996668813990157e-12,4.092726157978177e-12,5.411493475548923e-11,4.149569576838985e-12,5.411493475548923e-11,0.10544287944346747,0.0,0.125,0.008432710781920707,2.094857370710246e-06,0.10544287944346747,7.0184759821401155e-06,0.10544287944346747
169920.0,0.012,5.411493475548923e-11,0.0,0.125,8.996715699088783e-12,4.092726157978177e-12,5.411493475548923e-11,4.149569576838985e-12,5.411493475548923e-11,0.10540777943460447,0.0,0.125,0.008429697285556228,2.0930946393327154e-06,0.10540777943460447,7.0176042958614016e-06,0.10540777943460447
169980.0,0.012,5.411493475548923e-11,0.0,0.125,8.996715699088783e-12,4.092726157978177e-12,5.411493475548923e-11,4.149569576838985e-12,5.411493475548923e-11,0.10537270814039772,0.0,0.125,0.008426686499126696,2.0913342156370085e-06,0.10537270814039772,7.016731819020627e-06,0.10537270814039772
170040.0,0.012,5.411493475548923e-11,0.0,0.125,8.996715699088783e-12,4.092726157978177e-12,5.411493475548923e-11,4.149569576838985e-12,5.411493475548923e-11,0.1053376655241386,0.0,0.125,0.008423678418912155,2.0895760946826325e-06,0.1053376655241386,7.015858554559884e-06,0.1053376655241386
170100.0,0.012,5.411493475548923e-11,0.0,0.125,8.996715699088783e-12,4.092726157978177e-12,5.411493475548923e-11,4.149569576838985e-12,5.411493475548923e-11,0.10530265154918116,0.0,0.125,0.008420673041199403,2.087820272195229e-06,0.10530265154918116,7.014984505088195e-06,0.10530265154918116
170160.0,0.012,5.411493475548923e-11,0.0,0.125,8.996715699088783e-12,4.092726157978177e-12,5.411493475548923e-11,4.149569576838985e-12,5.411493475548923e-11,0.10526766617894161,0.0,0.125,0.008417670362281913,2.086066745454751e-06,0.10526766617894161,7.014109673159075e-06,0.10526766617894161
170220.0,0.012,5.411493475548923e-11,0.0,0.125,8.996715699088783e-12,4.092726157978177e-12,5.411493475548923e-11,4.149569576838985e-12,5.411493475548923e-11,0.10523270937689908,0.0,0.125,0.008414670378459868,2.084315509964796e-06,0.10523270937689908,7.013234061548079e-06,0.10523270937689908
170280.0,0.012,5.411493475548923e-11,0.0,0.125,8.996715699088783e-12,4.092726157978177e-12,5.411493475548923e-11,4.149569576838985e-12,5.411493475548923e-11,0.10519778110659554,0.0,0.125,0.008411673086040109,2.082566560784871e-06,0.10519778110659554,7.012357673086278e-06,0.10519778110659554
170340.0,0.012,5.411493475548923e-11,0.0,0.125,8.996715699088783e-12,4.092726157978177e-12,5.411493475548923e-11,4.149569576838985e-12,5.411493475548923e-11,0.10516288133163415,0.0,0.125,0.008408678481336154,2.0808198948341072e-06,0.10516288133163415,7.01148051016065e-06,0.10516288133163415
170400.0,0.012,5.411493475548923e-11,0.0,0.125,8.996715699088783e-12,4.092726157978177e-12,5.411493475548923e-11,4.149569576838985e-12,5.411493475548923e-11,0.10512801001568065,0.0,0.125,0.0084056865606682,2.0790755081434575e-06,0.10512801001568065,7.010602575463487e-06,0.10512801001568065
170460.0,0.012,5.411493475548923e-11,0.0,0.125,8.996715699088783e-12,4.092726157978177e-12,5.411493475548923e-11,4.149569576838985e-12,5.411493475548923e-11,0.10509316712246272,0.0,0.125,0.008402697320363028,2.0773333967993857e-06,0.10509316712246272,7.009723871687079e-06,0.10509316712246272
170520.0,0.012,5.411493475548923e-11,0.0,0.125,9.027138880795814e-12,4.092726157978177e-12,5.411493475548923e-11,4.149569576838985e-12,5.411493475548923e-11,0.10505835261577007,0.0,0.125,0.00839971075675408,2.0755935563609995e-06,0.10505835261577007,7.008844401273917e-06,0.10505835261577007
170580.0,0.012,5.411493475548923e-11,0.0,0.125,9.034484600157314e-12,4.092726157978177e-12,5.411493475548923e-11,4.263256414560601e-12,5.411493475548923e-11,0.10502356645945381,0.0,0.125,0.008396726866181358,2.0738559828870073e-06,0.10502356645945381,7.007964167027314e-06,0.10502356645945381
170640.0,0.012,5.411493475548923e-11,0.0,0.125,9.040920815912729e-12,4.092726157978177e-12,5.411493475548923e-11,4.263256414560601e-12,5.411493475548923e-11,0.1049888086174268,0.0,0.125,0.008393745644991483,2.0721206727414287e-06,0.1049888086174268,7.007083171528539e-06,0.1049888086174268
170700.0,0.012,5.411493475548923e-11,0.0,0.125,9.040920815912729e-12,4.092726157978177e-12,5.411493475548923e-11,4.263256414560601e-12,5.411493475548923e-11,0.10495407905366294,0.0,0.125,0.008390767089537673,2.0703876220107276e-06,0.10495407905366294,7.006201417247837e-06,0.10495407905366294
170760.0,0.012,5.411493475548923e-11,0.0,0.125,9.040920815912729e-12,4.092726157978177e-12,5.411493475548923e-11,4.263256414560601e-12,5.411493475548923e-11,0.10491937773219778,0.0,0.125,0.00838779119617967,2.068656827225457e-06,0.10491937773219778,7.0053189068775e-06,0.10491937773219778
170820.0,0.012,5.411493475548923e-11,0.0,0.125,9.040920815912729e-12,4.092726157978177e-12,5.411493475548923e-11,4.263256414560601e-12,5.411493475548923e-11,0.10488470461712837,0.0,0.125,0.008384817961283793,2.0669282831675684e-06,0.10488470461712837,7.004435643220841e-06,0.10488470461712837
170880.0,0.012,5.411493475548923e-11,0.0,0.125,9.040920815912729e-12,4.092726157978177e-12,5.411493475548923e-11,4.263256414560601e-12,5.411493475548923e-11,0.10485005967261214,0.0,0.125,0.00838184738122287,2.06520198708926e-06,0.10485005967261214,7.0035516285815724e-06,0.10485005967261214
170940.0,0.012,5.411493475548923e-11,0.0,0.125,9.040920815912729e-12,4.092726157978177e-12,5.411493475548923e-11,4.263256414560601e-12,5.411493475548923e-11,0.10481544286286767,0.0,0.125,0.008378879452376236,2.0634779347716847e-06,0.10481544286286767,7.002666865485452e-06,0.10481544286286767
171000.0,0.012,5.411493475548923e-11,0.0,0.125,9.040920815912729e-12,4.092726157978177e-12,5.411493475548923e-11,4.263256414560601e-12,5.411493475548923e-11,0.10478085415217443,0.0,0.125,0.00837591417112977,2.06175612202375e-06,0.10478085415217443,7.001781356597014e-06,0.10478085415217443
171060.0,0.012,5.411493475548923e-11,0.0,0.125,9.041023318189015e-12,4.092726157978177e-12,5.411493475548923e-11,4.263256414560601e-12,5.411493475548923e-11,0.10474629350487266,0.0,0.125,0.008372951533875819,2.0600365449319202e-06,0.10474629350487266,7.000895104913862e-06,0.10474629350487266
171120.0,0.012,5.411493475548923e-11,0.0,0.125,9.041023318189015e-12,4.092726157978177e-12,5.411493475548923e-11,4.263256414560601e-12,5.411493475548923e-11,0.10471176088536274,0.0,0.125,0.008369991537013191,2.0583192006373707e-06,0.10471176088536274,7.0000081122123525e-06,0.10471176088536274
171180.0,0.012,5.411493475548923e-11,0.0,0.125,9.041023318189015e-12,4.092726157978177e-12,5.411493475548923e-11,4.263256414560601e-12,5.411493475548923e-11,0.1046772562581059,0.0,0.125,0.008367034176947168,2.0566040841718536e-06,0.1046772562581059,6.999120381545598e-06,0.1046772562581059
171240.0,0.012,5.411493475548923e-11,0.0,0.125,9.041023318189015e-12,4.092726157978177e-12,5.411493475548923e-11,4.263256414560601e-12,5.411493475548923e-11,0.10464277958762332,0.0,0.125,0.008364079450089476,2.0548911919548996e-06,0.10464277958762332,6.998231915494868e-06,0.10464277958762332
171300.0,0.012,5.411493475548923e-11,0.0,0.125,9.057746205042013e-12,4.092726157978177e-12,5.411493475548923e-11,4.263256414560601e-12,5.411493475548923e-11,0.1046083308384964,0.0,0.125,0.008361127352858308,2.0531805202672615e-06,0.1046083308384964,6.997342716280608e-06,0.1046083308384964
171360.0,0.012,5.411493475548923e-11,0.0,0.125,9.057746205042013e-12,4.092726157978177e-12,5.411493475548923e-11,4.263256414560601e-12,5.411493475548923e-11,0.10457390997536642,0.0,0.125,0.008358177881678213,2.0514720655562257e-06,0.10457390997536642,6.996452786511842e-06,0.10457390997536642
171420.0,0.012,5.411493475548923e-11,0.0,0.125,9.05859164577661e-12,4.206412995699793e-12,5.411493475548923e-11,4.263256414560601e-12,5.411493475548923e-11,0.10453951696293531,0.0,0.125,0.008355231032980179,2.0497658230200777e-06,0.10453951696293531,6.995562129297195e-06,0.10453951696293531
171480.0,0.012,5.411493475548923e-11,0.0,0.125,9.05859164577661e-12,4.206412995699793e-12,5.411493475548923e-11,4.263256414560601e-12,5.411493475548923e-11,0.10450515176596396,0.0,0.125,0.008352286803201587,2.0480617894391706e-06,0.10450515176596396,6.9946707467183344e-06,0.10450515176596396
171540.0,0.012,5.411493475548923e-11,0.0,0.125,9.05859164577661e-12,4.206412995699793e-12,5.411493475548923e-11,4.263256414560601e-12,5.411493475548923e-11,0.10447081434927265,0.0,0.125,0.008349345188786172,2.046359961566102e-06,0.10447081434927265,6.993778640523862e-06,0.10447081434927265
171600.0,0.012,5.411493475548923e-11,0.0,0.125,9.05859164577661e-12,4.206412995699793e-12,5.411493475548923e-11,4.263256414560601e-12,5.411493475548923e-11,0.10443650467774236,0.0,0.125,0.008346406186184055,2.044660334765691e-06,0.10443650467774236,6.992885814627314e-06,0.10443650467774236
171660.0,0.012,5.411493475548923e-11,0.0,0.125,9.058687872365312e-12,4.206412995699793e-12,5.411493475548923e-11,4.263256414560601e-12,5.411493475548923e-11,0.10440222271631255,0.0,0.125,0.008343469791851677,2.0429629055129794e-06,0.10440222271631255,6.9919922708050475e-06,0.10440222271631255
171720.0,0.012,5.411493475548923e-11,0.0,0.125,9.058687872365312e-12,4.206412995699793e-12,5.411493475548923e-11,4.263256414560601e-12,5.411493475548923e-11,0.10436796842998185,0.0,0.125,0.008340536002251847,2.041267670477298e-06,0.10436796842998185,6.991098011277508e-06,0.10436796842998185
171780.0,0.012,5.411493475548923e-11,0.0,0.125,9.058687872365312e-12,4.206412995699793e-12,5.411493475548923e-11,4.263256414560601e-12,5.411493475548923e-11,0.10433374178380879,0.0,0.125,0.008337604813853662,2.0395746250512214e-06,0.10433374178380879,6.990203039014542e-06,0.10433374178380879
171840.0,0.012,5.411493475548923e-11,0.0,0.125,9.058687872365312e-12,4.206412995699793e-12,5.411493475548923e-11,4.263256414560601e-12,5.411493475548923e-11,0.10429954274291033,0.0,0.125,0.00833467622313255,2.037883765737547e-06,0.10429954274291033,6.989307356236596e-06,0.10429954274291033
171900.0,0.012,5.411493475548923e-11,0.0,0.125,9.058687872365312e-12,4.206412995699793e-12,5.411493475548923e-11,4.263256414560601e-12,5.411493475548923e-11,0.10426537127246237,0.0,0.125,0.008331750226570222,2.0361950889558056e-06,0.10426537127246237,6.9884109654416715e-06,0.10426537127246237
171960.0,0.012,5.411493475548923e-11,0.0,0.125,9.062662538193803e-12,4.206412995699793e-12,5.411493475548923e-11,4.263256414560601e-12,5.411493475548923e-11,0.10423122733769968,0.0,0.125,0.008328826820654644,2.034508590847972e-06,0.10423122733769968,6.987513869100015e-06,0.10423122733769968
172020.0,0.012,5.411493475548923e-11,0.0,0.125,9.062662538193803e-12,4.206412995699793e-12,5.411493475548923e-11,4.263256414560601e-12,5.411493475548923e-11,0.10419711090391616,0.0,0.125,0.008325906001880101,2.032824267667044e-06,0.10419711090391616,6.986616070236984e-06,0.10419711090391616
172080.0,0.012,5.411493475548923e-11,0.0,0.125,9.062662538193803e-12,4.206412995699793e-12,5.411493475548923e-11,4.263256414560601e-12,5.411493475548923e-11,0.10416302193646343,0.0,0.125,0.008322987766747057,2.0311421156382625e-06,0.10416302193646343,6.985717570573424e-06,0.10416302193646343
172140.0,0.012,5.411493475548923e-11,0.0,0.125,9.062662538193803e-12,4.206412995699793e-12,5.411493475548923e-11,4.263256414560601e-12,5.411493475548923e-11,0.10412896040075187,0.0,0.125,0.008320072111762269,2.029462131042381e-06,0.10412896040075187,6.984818372662849e-06,0.10412896040075187
172200.0,0.012,5.411493475548923e-11,0.0,0.125,9.062662538193803e-12,4.206412995699793e-12,5.411493475548923e-11,4.263256414560601e-12,5.411493475548923e-11,0.10409492626225014,0.0,0.125,0.008317159033438703,2.027784310437708e-06,0.10409492626225014,6.983918479280815e-06,0.10409492626225014
172260.0,0.012,5.411493475548923e-11,0.0,0.125,9.062662538193803e-12,4.206412995699793e-12,5.411493475548923e-11,4.263256414560601e-12,5.411493475548923e-11,0.1040609194864849,0.0,0.125,0.008314248528295537,2.0261086496331515e-06,0.1040609194864849,6.983017892314702e-06,0.1040609194864849
172320.0,0.012,5.411493475548923e-11,0.0,0.125,9.062662538193803e-12,4.206412995699793e-12,5.411493475548923e-11,4.263256414560601e-12,5.411493475548923e-11,0.1040269400390417,0.0,0.125,0.008311340592858131,2.0244351448539533e-06,0.1040269400390417,6.982116614984157e-06,0.1040269400390417
172380.0,0.012,5.411493475548923e-11,0.0,0.125,9.062662538193803e-12,4.206412995699793e-12,5.411493475548923e-11,4.263256414560601e-12,5.411493475548923e-11,0.10399298788556269,0.0,0.125,0.008308435223658041,2.0227637932135334e-06,0.10399298788556269,6.981214649121048e-06,0.10399298788556269
172440.0,0.012,5.411493475548923e-11,0.0,0.125,9.062662538193803e-12,4.206412995699793e-12,5.411493475548923e-11,4.263256414560601e-12,5.411493475548923e-11,0.10395906299174837,0.0,0.125,0.00830553241723297,2.021094590382022e-06,0.10395906299174837,6.980311997167865e-06,0.10395906299174837
172500.0,0.012,5.411493475548923e-11,0.0,0.125,9.062662538193803e-12,4.206412995699793e-12,5.411493475548923e-11,4.263256414560601e-12,5.411493475548923e-11,0.10392516532335735,0.0,0.125,0.008302632170126816,2.0194275327511946e-06,0.10392516532335735,6.979408661789144e-06,0.10392516532335735
172560.0,0.012,5.411493475548923e-11,0.0,0.125,9.062662538193803e-12,4.206412995699793e-12,5.411493475548923e-11,4.263256414560601e-12,5.411493475548923e-11,0.10389129484620564,0.0,0.125,0.008299734478889594,2.0177626164907814e-06,0.10389129484620564,6.978504645677175e-06,0.10389129484620564
172620.0,0.012,5.411493475548923e-11,0.0,0.125,9.062662538193803e-12,4.206412995699793e-12,5.411493475548923e-11,4.263256414560601e-12,5.411493475548923e-11,0.10385745152616568,0.0,0.125,0.008296839340077432,2.0160998380758244e-06,0.10385745152616568,6.977599950497293e-06,0.10385745152616568
172680.0,0.012,5.411493475548923e-11,0.0,0.125,9.062662538193803e-12,4.206412995699793e-12,5.411493475548923e-11,4.263256414560601e-12,5.411493475548923e-11,0.10382363532916877,0.0,0.125,0.008293946750252615,2.0144391937038097e-06,0.10382363532916877,6.9766945789973e-06,0.10382363532916877
172740.0,0.012,5.411493475548923e-11,0.0,0.125,9.062662538193803e-12,4.206412995699793e-12,5.411493475548923e-11,4.263256414560601e-12,5.411493475548923e-11,0.10378984622120245,0.0,0.125,0.008291056705983478,2.012780680016313e-06,0.10378984622120245,6.9757885337029535e-06,0.10378984622120245
172800.0,0.012,5.411493475548923e-11,0.0,0.125,9.062662538193803e-12,4.206412995699793e-12,5.411493475548923e-11,4.263256414560601e-12,5.411493475548923e-11,0.10375608416831153,0.0,0.125,0.008288169203844502,2.0111242929610196e-06,0.10375608416831153,6.974881816806944e-06,0.10375608416831153
172860.0,0.012,5.411493475548923e-11,0.0,0.125,9.062662538193803e-12,4.206412995699793e-12,5.411493475548923e-11,4.263256414560601e-12,5.411493475548923e-11,0.10372234913659772,0.0,0.125,0.008285284240416206,2.0094700295125723e-06,0.10372234913659772,6.973974430724006e-06,0.10372234913659772
172920.0,0.012,5.411493475548923e-11,0.0,0.125,9.062662538193803e-12,4.206412995699793e-12,5.411493475548923e-11,4.263256414560601e-12,5.411493475548923e-11,0.10368864109221992,0.0,0.125,0.00828240181228516,2.0078178853966122e-06,0.10368864109221992,6.973066378063164e-06,0.10368864109221992
172980.0,0.012,5.411493475548923e-11,0.0,0.125,9.062662538193803e-12,4.206412995699793e-12,5.411493475548923e-11,4.263256414560601e-12,5.411493475548923e-11,0.10365496000139306,0.0,0.125,0.00827952191604402,2.0061678579208486e-06,0.10365496000139306,6.9721576605730196e-06,0.10365496000139306
173040.0,0.012,5.411493475548923e-11,0.0,0.125,9.083378150012557e-12,4.206412995699793e-12,5.411493475548923e-11,4.263256414560601e-12,5.411493475548923e-11,0.10362130583038925,0.0,0.125,0.00827664454829147,2.004519942394589e-06,0.10362130583038925,6.9712482809181076e-06,0.10362130583038925
173100.0,0.012,5.411493475548923e-11,0.0,0.125,9.083403383880361e-12,4.206412995699793e-12,5.411493475548923e-11,4.263256414560601e-12,5.411493475548923e-11,0.10358767854553723,0.0,0.125,0.008273769705632174,2.002874135875743e-06,0.10358767854553723,6.970338241402141e-06,0.10358767854553723
173160.0,0.012,5.411493475548923e-11,0.0,0.125,9.083403383880361e-12,4.206412995699793e-12,5.411493475548923e-11,4.263256414560601e-12,5.411493475548923e-11,0.10355407811322173,0.0,0.125,0.008270897384676864,2.001230434089951e-06,0.10355407811322173,6.969427545022722e-06,0.10355407811322173
173220.0,0.012,5.411493475548923e-11,0.0,0.125,9.083403383880361e-12,4.206412995699793e-12,5.411493475548923e-11,4.263256414560601e-12,5.411493475548923e-11,0.10352050449988343,0.0,0.125,0.00826802758204224,1.9995888339841006e-06,0.10352050449988343,6.968516193334162e-06,0.10352050449988343
173280.0,0.012,5.411493475548923e-11,0.0,0.125,9.083403383880361e-12,4.206412995699793e-12,5.411493475548923e-11,4.263256414560601e-12,5.411493475548923e-11,0.10348695767202004,0.0,0.125,0.00826516029435099,1.997949331783433e-06,0.10348695767202004,6.967604188917731e-06,0.10348695767202004
173340.0,0.012,5.411493475548923e-11,0.0,0.125,9.083403383880361e-12,4.206412995699793e-12,5.411493475548923e-11,4.263256414560601e-12,5.411493475548923e-11,0.10345343759618421,0.0,0.125,0.008262295518231764,1.996311924545857e-06,0.10345343759618421,6.966691534077141e-06,0.10345343759618421
173400.0,0.012,5.411493475548923e-11,0.0,0.125,9.083403383880361e-12,4.206412995699793e-12,5.411493475548923e-11,4.263256414560601e-12,5.411493475548923e-11,0.1034199442389854,0.0,0.125,0.008259433250319172,1.9946766079970146e-06,0.1034199442389854,6.965778231116104e-06,0.1034199442389854
173460.0,0.012,5.411493475548923e-11,0.0,0.125,9.083403383880361e-12,4.206412995699793e-12,5.411493475548923e-11,4.263256414560601e-12,5.411493475548923e-11,0.1033864775670886,0.0,0.125,0.008256573487253765,1.9930433782788803e-06,0.1033864775670886,6.964864282560379e-06,0.1033864775670886
173520.0,0.012,5.411493475548923e-11,0.0,0.125,9.083403383880361e-12,4.206412995699793e-12,5.411493475548923e-11,4.263256414560601e-12,5.411493475548923e-11,0.1033530375472145,0.0,0.125,0.008253716225682049,1.9914122325603856e-06,0.1033530375472145,6.9639496907969445e-06,0.1033530375472145
173580.0,0.012,5.411493475548923e-11,0.0,0.125,9.086556366915946e-12,4.206412995699793e-12,5.411493475548923e-11,4.263256414560601e-12,5.411493475548923e-11,0.10331962414613893,0.0,0.125,0.008250861462256434,1.989783166345127e-06,0.10331962414613893,6.9630344579907355e-06,0.10331962414613893
173640.0,0.012,5.411493475548923e-11,0.0,0.125,9.086556366915946e-12,4.206412995699793e-12,5.411493475548923e-11,4.263256414560601e-12,5.411493475548923e-11,0.10328623733069302,0.0,0.125,0.008248009193635214,1.9881561773849032e-06,0.10328623733069302,6.962118585918109e-06,0.10328623733069302
173700.0,0.012,5.411493475548923e-11,0.0,0.125,9.086556366915946e-12,4.206412995699793e-12,5.411493475548923e-11,4.263256414560601e-12,5.411493475548923e-11,0.10325287706776444,0.0,0.125,0.008245159416482597,1.9865312613776e-06,0.10325287706776444,6.9612020776044226e-06,0.10325287706776444
173760.0,0.012,5.411493475548923e-11,0.0,0.125,9.086556366915946e-12,4.206412995699793e-12,5.411493475548923e-11,4.263256414560601e-12,5.411493475548923e-11,0.10321954332429467,0.0,0.125,0.00824231212746867,1.98490841510357e-06,0.10321954332429467,6.960284934354188e-06,0.10321954332429467
173820.0,0.012,5.411493475548923e-11,0.0,0.125,9.087265612559173e-12,4.206412995699793e-12,5.411493475548923e-11,4.263256414560601e-12,5.411493475548923e-11,0.10318623606728156,0.0,0.125,0.008239467323269406,1.983287634649278e-06,0.10318623606728156,6.95936715972012e-06,0.10318623606728156
173880.0,0.012,5.411493475548923e-11,0.0,0.125,9.087265612559173e-12,4.206412995699793e-12,5.411493475548923e-11,4.263256414560601e-12,5.411493475548923e-11,0.10315295526377659,0.0,0.125,0.008236625000566593,1.981668917128143e-06,0.10315295526377659,6.958448755173263e-06,0.10315295526377659
173940.0,0.012,5.411493475548923e-11,0.0,0.125,9.087265612559173e-12,4.206412995699793e-12,5.411493475548923e-11,4.263256414560601e-12,5.411493475548923e-11,0.10311970088088708,0.0,0.125,0.008233785156047878,1.980052258820919e-06,0.10311970088088708,6.9575297235446865e-06,0.10311970088088708
174000.0,0.012,5.411493475548923e-11,0.0,0.125,9.087265612559173e-12,4.206412995699793e-12,5.411493475548923e-11,4.263256414560601e-12,5.411493475548923e-11,0.103086472885775,0.0,0.125,0.00823094778640675,1.9784376556752914e-06,0.103086472885775,6.956610066305435e-06,0.103086472885775
174060.0,0.012,5.411493475548923e-11,0.0,0.125,9.087265612559173e-12,4.206412995699793e-12,5.411493475548923e-11,4.263256414560601e-12,5.411493475548923e-11,0.1030532712456565,0.0,0.125,0.008228112888342505,1.9768251047214136e-06,0.1030532712456565,6.955689786369845e-06,0.1030532712456565
174120.0,0.012,5.411493475548923e-11,0.0,0.125,9.087265612559173e-12,4.206412995699793e-12,5.411493475548923e-11,4.263256414560601e-12,5.411493475548923e-11,0.10302009592780265,0.0,0.125,0.00822528045856024,1.9752146023233053e-06,0.10302009592780265,6.9547688858750956e-06,0.10302009592780265
174180.0,0.012,5.411493475548923e-11,0.0,0.125,9.087265612559173e-12,4.206412995699793e-12,5.411493475548923e-11,4.263256414560601e-12,5.411493475548923e-11,0.10298694689953919,0.0,0.125,0.008222450493770846,1.9736061446229414e-06,0.10298694689953919,6.95384736693061e-06,0.10298694689953919
174240.0,0.012,5.411493475548923e-11,0.0,0.125,9.087265612559173e-12,4.206412995699793e-12,5.411493475548923e-11,4.263256414560601e-12,5.411493475548923e-11,0.10295382412824512,0.0,0.125,0.008219622990690978,1.971999728928031e-06,0.10295382412824512,6.952925232006635e-06,0.10295382412824512
174300.0,0.012,5.411493475548923e-11,0.0,0.125,9.087265612559173e-12,4.206412995699793e-12,5.411493475548923e-11,4.263256414560601e-12,5.411493475548923e-11,0.10292072758135457,0.0,0.125,0.00821679794604309,1.9703953515748385e-06,0.10292072758135457,6.95200248304606e-06,0.10292072758135457
174360.0,0.012,5.411493475548923e-11,0.0,0.125,9.087265612559173e-12,4.206412995699793e-12,5.411493475548923e-11,4.263256414560601e-12,5.411493475548923e-11,0.10288765722635572,0.0,0.125,0.00821397535655538,1.968793008400027e-06,0.10288765722635572,6.951079122685666e-06,0.10288765722635572
174420.0,0.012,5.411493475548923e-11,0.0,0.125,9.087265612559173e-12,4.206412995699793e-12,5.411493475548923e-11,4.263256414560601e-12,5.411493475548923e-11,0.10285461303079016,0.0,0.125,0.008211155218961767,1.9671926967668174e-06,0.10285461303079016,6.950155152785076e-06,0.10285461303079016
174480.0,0.012,5.411493475548923e-11,0.0,0.125,9.087265612559173e-12,4.206412995699793e-12,5.411493475548923e-11,4.263256414560601e-12,5.411493475548923e-11,0.10282159496225375,0.0,0.125,0.008208337530001926,1.96559441284494e-06,0.10282159496225375,6.949230575370446e-06,0.10282159496225375
174540.0,0.012,5.411493475548923e-11,0.0,0.125,9.087265612559173e-12,4.206412995699793e-12,5.411493475548923e-11,4.263256414560601e-12,5.411493475548923e-11,0.10278860298839594,0.0,0.125,0.008205522286421211,1.9639981534147477e-06,0.10278860298839594,6.9483053930230465e-06,0.10278860298839594
174600.0,0.012,5.411493475548923e-11,0.0,0.125,9.087265612559173e-12,4.206412995699793e-12,5.411493475548923e-11,4.263256414560601e-12,5.411493475548923e-11,0.10275563707691995,0.0,0.125,0.00820270948497072,1.962403914812505e-06,0.10275563707691995,6.9473796079355665e-06,0.10275563707691995
174660.0,0.012,5.411493475548923e-11,0.0,0.125,9.087265612559173e-12,4.206412995699793e-12,5.411493475548923e-11,4.263256414560601e-12,5.411493475548923e-11,0.10272269719558239,0.0,0.125,0.008199899122407229,1.9608116936520315e-06,0.10272269719558239,6.9464532219398745e-06,0.10272269719558239
174720.0,0.012,5.411493475548923e-11,0.0,0.125,9.087265612559173e-12,4.206412995699793e-12,5.411493475548923e-11,4.263256414560601e-12,5.411493475548923e-11,0.10268978331219322,0.0,0.125,0.008197091195493183,1.959221487074503e-06,0.10268978331219322,6.945526237589483e-06,0.10268978331219322
174780.0,0.012,5.411493475548923e-11,0.0,0.125,9.087265612559173e-12,4.206412995699793e-12,5.411493475548923e-11,4.263256414560601e-12,5.411493475548923e-11,0.1026568953946162,0.0,0.125,0.008194285700996718,1.957633290777805e-06,0.1026568953946162,6.944598657215861e-06,0.1026568953946162
174840.0,0.012,5.411493475548923e-11,0.0,0.125,9.087265612559173e-12,4.206412995699793e-12,5.411493475548923e-11,4.263256414560601e-12,5.411493475548923e-11,0.10262403341076734,0.0,0.125,0.008191482635691617,1.9560471021529136e-06,0.10262403341076734,6.94367048281741e-06,0.10262403341076734
174900.0,0.012,5.411493475548923e-11,0.0,0.125,9.10491279300377e-12,4.206412995699793e-12,5.411493475548923e-11,4.320099833421409e-12,5.411493475548923e-11,0.1025911973286168,0.0,0.125,0.00818868199635729,1.954462917647115e-06,0.1025911973286168,6.942741716725598e-06,0.1025911973286168
174960.0,0.012,5.411493475548923e-11,0.0,0.125,9.110417488903256e-12,4.206412995699793e-12,5.411493475548923e-11,4.320099833421409e-12,5.411493475548923e-11,0.10255838711618687,0.0,0.125,0.008185883779778785,1.952880733568918e-06,0.10255838711618687,6.9418123605780035e-06,0.10255838711618687
175020.0,0.012,5.411493475548923e-11,0.0,0.125,9.110417488903256e-12,4.206412995699793e-12,5.411493475548923e-11,4.320099833421409e-12,5.411493475548923e-11,0.10252560274155334,0.0,0.125,0.008183087982746789,1.9513005463656086e-06,0.10252560274155334,6.940882417094674e-06,0.10252560274155334
175080.0,0.012,5.411493475548923e-11,0.0,0.125,9.110417488903256e-12,4.206412995699793e-12,5.411493475548923e-11,4.320099833421409e-12,5.411493475548923e-11,0.10249284417284404,0.0,0.125,0.008180294602057563,1.9497223531783625e-06,0.10249284417284404,6.939951888190743e-06,0.10249284417284404
175140.0,0.012,5.411493475548923e-11,0.0,0.125,9.110452804611316e-12,4.206412995699793e-12,5.411493475548923e-11,4.320099833421409e-12,5.411493475548923e-11,0.10246011137824015,0.0,0.125,0.008177503634512997,1.9481461506765108e-06,0.10246011137824015,6.939020775975635e-06,0.10246011137824015
175200.0,0.012,5.411493475548923e-11,0.0,0.125,9.110452804611316e-12,4.206412995699793e-12,5.411493475548923e-11,4.320099833421409e-12,5.411493475548923e-11,0.10242740432597536,0.0,0.125,0.008174715076920538,1.946571934835495e-06,0.10242740432597536,6.9380890830306186e-06,0.10242740432597536
175260.0,0.012,5.411493475548923e-11,0.0,0.125,9.110452804611316e-12,4.206412995699793e-12,5.411493475548923e-11,4.320099833421409e-12,5.411493475548923e-11,0.10239472298433502,0.0,0.125,0.008171928926093218,1.944999702879757e-06,0.10239472298433502,6.937156811159806e-06,0.10239472298433502
175320.0,0.012,5.411493475548923e-11,0.0,0.125,9.110452804611316e-12,4.206412995699793e-12,5.411493475548923e-11,4.320099833421409e-12,5.411493475548923e-11,0.10236206732165752,0.0,0.125,0.00816914517884962,1.9434294514231176e-06,0.10236206732165752,6.936223962472621e-06,0.10236206732165752
175380.0,0.012,5.411493475548923e-11,0.0,0.125,9.110452804611316e-12,4.206412995699793e-12,5.411493475548923e-11,4.320099833421409e-12,5.411493475548923e-11,0.10232943730633318,0.0,0.125,0.008166363832013867,1.9418611769128624e-06,0.10232943730633318,6.93529053899522e-06,0.10232943730633318
175440.0,0.012,5.411493475548923e-11,0.0,0.125,9.110452804611316e-12,4.206412995699793e-12,5.411493475548923e-11,4.320099833421409e-12,5.411493475548923e-11,0.10229683290680494,0.0,0.125,0.008163584882415642,1.9402948761015892e-06,0.10229683290680494,6.934356543419895e-06,0.10229683290680494
175500.0,0.012,5.411493475548923e-11,0.0,0.125,9.118283192841064e-12,4.206412995699793e-12,5.411493475548923e-11,4.376943252282217e-12,5.411493475548923e-11,0.10226425409156674,0.0,0.125,0.008160808326890142,1.9387305464912963e-06,0.10226425409156674,6.933421976829113e-06,0.10226425409156674
175560.0,0.012,5.411493475548923e-11,0.0,0.125,9.128206809573005e-12,4.206412995699793e-12,5.411493475548923e-11,4.376943252282217e-12,5.411493475548923e-11,0.10223170082916544,0.0,0.125,0.008158034162278057,1.937168183419047e-06,0.10223170082916544,6.932486842109453e-06,0.10223170082916544
175620.0,0.012,5.411493475548923e-11,0.0,0.125,9.128206809573005e-12,4.206412995699793e-12,5.411493475548923e-11,4.376943252282217e-12,5.411493475548923e-11,0.10219917308819898,0.0,0.125,0.008155262385425596,1.9356077846921504e-06,0.10219917308819898,6.9315511415368736e-06,0.10219917308819898
175680.0,0.012,5.411493475548923e-11,0.0,0.125,9.147073992975493e-12,4.206412995699793e-12,5.411493475548923e-11,4.490630090003833e-12,5.411493475548923e-11,0.10216667083731756,0.0,0.125,0.00815249299318445,1.9340493457031815e-06,0.10216667083731756,6.930614876804464e-06,0.10216667083731756
175740.0,0.012,5.411493475548923e-11,0.0,0.125,9.147201996573119e-12,4.206412995699793e-12,5.411493475548923e-11,4.490630090003833e-12,5.411493475548923e-11,0.10213419404522224,0.0,0.125,0.00814972598241179,1.93249286475905e-06,0.10213419404522224,6.9296780499383814e-06,0.10213419404522224
175800.0,0.012,5.411493475548923e-11,0.0,0.125,9.156976594404485e-12,4.206412995699793e-12,5.411493475548923e-11,4.490630090003833e-12,5.411493475548923e-11,0.10210174268066659,0.0,0.125,0.008146961349970233,1.9309383375576417e-06,0.10210174268066659,6.928740663630917e-06,0.10210174268066659
175860.0,0.012,5.411493475548923e-11,0.0,0.125,9.19886861614772e-12,4.206412995699793e-12,5.411493475548923e-11,4.547473508864641e-12,5.411493475548923e-11,0.10206931671245473,0.0,0.125,0.00814419909272786,1.9293857607682874e-06,0.10206931671245473,6.92780271932536e-06,0.10206931671245473
175920.0,0.012,5.411493475548923e-11,0.0,0.125,9.241833473877225e-12,4.206412995699793e-12,5.411493475548923e-11,4.831690603168681e-12,5.411493475548923e-11,0.10203691610944171,0.0,0.125,0.008141439207558212,1.9278351317542075e-06,0.10203691610944171,6.92686421915889e-06,0.10203691610944171
175980.0,0.012,5.411493475548923e-11,0.0,0.125,9.472046234690313e-12,5.6274984672199935e-12,5.411493475548923e-11,5.6274984672199935e-12,5.411493475548923e-11,0.10200454084053494,0.0,0.125,0.008138681691340239,1.926286446657377e-06,0.10200454084053494,6.9259251656295096e-06,0.10200454084053494
176040.0,0.012,5.411493475548923e-11,0.0,0.125,9.472046234690313e-12,5.6274984672199935e-12,5.411493475548923e-11,5.6274984672199935e-12,5.411493475548923e-11,0.1019721908746918,0.0,0.125,0.008135926540958313,1.924739702535705e-06,0.1019721908746918,6.924985560624597e-06,0.1019721908746918
176100.0,0.012,5.411493475548923e-11,0.0,0.125,9.472046234690313e-12,5.6274984672199935e-12,5.411493475548923e-11,5.6274984672199935e-12,5.411493475548923e-11,0.10193986618092138,0.0,0.125,0.008133173753302204,1.923194896003011e-06,0.10193986618092138,6.924045406364598e-06,0.10193986618092138
176160.0,0.012,5.411493475548923e-11,0.0,0.125,9.4720648134768e-12,5.6274984672199935e-12,5.411493475548923e-11,5.6274984672199935e-12,5.411493475548923e-11,0.10190756672828308,0.0,0.125,0.008130423325267092,1.921652024255982e-06,0.10190756672828308,6.923104704625871e-06,0.10190756672828308
176220.0,0.012,5.411493475548923e-11,0.0,0.125,9.475141917854612e-12,5.6274984672199935e-12,5.411493475548923e-11,5.6274984672199935e-12,5.411493475548923e-11,0.10187529248588714,0.0,0.125,0.008127675253753531,1.9201110836863933e-06,0.10187529248588714,6.922163457684372e-06,0.10187529248588714
176280.0,0.012,5.417177817435004e-11,0.0,0.125,9.480650443427827e-12,5.6274984672199935e-12,5.417177817435004e-11,5.6274984672199935e-12,5.417177817435004e-11,0.10184304342289494,0.0,0.125,0.008124929535667437,1.918572070880309e-06,0.10184304342289494,6.921221667843813e-06,0.10184304342289494
176340.0,0.012,5.417177817435004e-11,0.0,0.125,9.480650443427827e-12,5.6274984672199935e-12,5.417177817435004e-11,5.6274984672199935e-12,5.417177817435004e-11,0.1018108195085177,0.0,0.125,0.008122186167920103,1.917034982562571e-06,0.1018108195085177,6.9202793364364634e-06,0.1018108195085177
176400.0,0.012,5.417177817435004e-11,0.0,0.125,9.480650443427827e-12,5.6274984672199935e-12,5.417177817435004e-11,5.6274984672199935e-12,5.417177817435004e-11,0.10177862071201728,0.0,0.125,0.00811944514742818,1.9154998160964e-06,0.10177862071201728,6.919336465960324e-06,0.10177862071201728
176460.0,0.012,5.417177817435004e-11,0.0,0.125,9.480650443427827e-12,5.6274984672199935e-12,5.417177817435004e-11,5.6274984672199935e-12,5.417177817435004e-11,0.10174644700270638,0.0,0.125,0.008116706471113613,1.913966567457237e-06,0.10174644700270638,6.918393058774619e-06,0.10174644700270638
176520.0,0.012,5.417177817435004e-11,0.0,0.125,9.480650443427827e-12,5.6274984672199935e-12,5.417177817435004e-11,5.6274984672199935e-12,5.417177817435004e-11,0.1017142983499471,0.0,0.125,0.008113970135903727,1.912435234119325e-06,0.1017142983499471,6.91744911618386e-06,0.1017142983499471
176580.0,0.012,5.417177817435004e-11,0.0,0.125,9.480650443427827e-12,5.6274984672199935e-12,5.417177817435004e-11,5.6274984672199935e-12,5.417177817435004e-11,0.10168217472315257,0.0,0.125,0.008111236138731123,1.910905812696484e-06,0.10168217472315257,6.9165046409636055e-06,0.10168217472315257
176640.0,0.012,5.417177817435004e-11,0.0,0.125,9.480650443427827e-12,5.6274984672199935e-12,5.417177817435004e-11,5.6274984672199935e-12,5.417177817435004e-11,0.10165007609178481,0.0,0.125,0.008108504476533723,1.909378300080089e-06,0.10165007609178481,6.915559634446122e-06,0.10165007609178481
176700.0,0.012,5.417177817435004e-11,0.0,0.125,9.480650443427827e-12,5.6274984672199935e-12,5.417177817435004e-11,5.6274984672199935e-12,5.417177817435004e-11,0.10161800242535665,0.0,0.125,0.00810577514625474,1.9078526930504935e-06,0.10161800242535665,6.914614098879612e-06,0.10161800242535665
176760.0,0.012,5.417177817435004e-11,0.0,0.125,9.480650443427827e-12,5.6274984672199935e-12,5.417177817435004e-11,5.6274984672199935e-12,5.417177817435004e-11,0.10158595369343085,0.0,0.125,0.008103048144842645,1.9063289880827394e-06,0.10158595369343085,6.913668036789833e-06,0.10158595369343085
176820.0,0.012,5.417177817435004e-11,0.0,0.125,9.480650443427827e-12,5.6274984672199935e-12,5.417177817435004e-11,5.6274984672199935e-12,5.417177817435004e-11,0.10155392986561895,0.0,0.125,0.008100323469251224,1.9048071824845358e-06,0.10155392986561895,6.912721449148229e-06,0.10155392986561895
176880.0,0.012,5.417177817435004e-11,0.0,0.125,9.480650443427827e-12,5.6274984672199935e-12,5.417177817435004e-11,5.6274984672199935e-12,5.417177817435004e-11,0.10152193091158337,0.0,0.125,0.008097601116439486,1.9032872727864358e-06,0.10152193091158337,6.9117743388136255e-06,0.10152193091158337
176940.0,0.012,5.417177817435004e-11,0.0,0.125,9.480650443427827e-12,5.6274984672199935e-12,5.417177817435004e-11,5.6274984672199935e-12,5.417177817435004e-11,0.10148995680103506,0.0,0.125,0.008094881083371678,1.9017692557132815e-06,0.10148995680103506,6.9108267078954455e-06,0.10148995680103506
177000.0,0.012,5.417177817435004e-11,0.0,0.125,9.480650443427827e-12,5.6274984672199935e-12,5.417177817435004e-11,5.6274984672199935e-12,5.417177817435004e-11,0.10145800750373443,0.0,0.125,0.008092163367017317,1.90025312896136e-06,0.10145800750373443,6.9098785575594235e-06,0.10145800750373443
177060.0,0.012,5.417177817435004e-11,0.0,0.125,9.480650443427827e-12,5.6274984672199935e-12,5.417177817435004e-11,5.6274984672199935e-12,5.417177817435004e-11,0.10142608298949168,0.0,0.125,0.008089447964351125,1.8987388884783574e-06,0.10142608298949168,6.908929890275806e-06,0.10142608298949168
177120.0,0.012,5.417177817435004e-11,0.0,0.125,9.480650443427827e-12,5.6274984672199935e-12,5.417177817435004e-11,5.6274984672199935e-12,5.417177817435004e-11,0.10139418322816618,0.0,0.125,0.008086734872353047,1.8972265315164716e-06,0.10139418322816618,6.907980708015238e-06,0.10139418322816618
177180.0,0.012,5.417177817435004e-11,0.0,0.125,9.480650443427827e-12,5.6274984672199935e-12,5.417177817435004e-11,5.6274984672199935e-12,5.417177817435004e-11,0.10136230818966613,0.0,0.125,0.008084024088008217,1.8957160548283003e-06,0.10136230818966613,6.907031012803877e-06,0.10136230818966613
177240.0,0.012,5.417177817435004e-11,0.0,0.125,9.480650443427827e-12,5.6274984672199935e-12,5.417177817435004e-11,5.6274984672199935e-12,5.417177817435004e-11,0.10133045784394931,0.0,0.125,0.008081315608306975,1.8942074549999077e-06,0.10133045784394931,6.90608080666788e-06,0.10133045784394931
177300.0,0.012,5.417177817435004e-11,0.0,0.125,9.480650443427827e-12,5.6274984672199935e-12,5.417177817435004e-11,5.6274984672199935e-12,5.417177817435004e-11,0.10129863216102146,0.0,0.125,0.008078609430244823,1.8927007292834919e-06,0.10129863216102146,6.905130091272582e-06,0.10129863216102146
177360.0,0.012,5.417177817435004e-11,0.0,0.125,9.480650443427827e-12,5.6274984672199935e-12,5.417177817435004e-11,5.6274984672199935e-12,5.417177817435004e-11,0.10126683111093795,0.0,0.125,0.008075905550822462,1.8911958744038948e-06,0.10126683111093795,6.9041788691159844e-06,0.10126683111093795
177420.0,0.012,5.417177817435004e-11,0.0,0.125,9.480650443427827e-12,5.6274984672199935e-12,5.417177817435004e-11,5.6274984672199935e-12,5.417177817435004e-11,0.10123505466380245,0.0,0.125,0.00807320396704572,1.889692887974137e-06,0.10123505466380245,6.9032271420021996e-06,0.10123505466380245
177480.0,0.012,5.417177817435004e-11,0.0,0.125,9.480650443427827e-12,5.6274984672199935e-12,5.417177817435004e-11,5.6274984672199935e-12,5.417177817435004e-11,0.10120330278976752,0.0,0.125,0.008070504675925605,1.8881917658586378e-06,0.10120330278976752,6.902274911596562e-06,0.10120330278976752
177540.0,0.012,5.417177817435004e-11,0.0,0.125,9.480650443427827e-12,5.6274984672199935e-12,5.417177817435004e-11,5.6274984672199935e-12,5.417177817435004e-11,0.101171575459034,0.0,0.125,0.00806780767447823,1.8866925056704176e-06,0.101171575459034,6.901322179647673e-06,0.101171575459034
177600.0,0.012,5.417177817435004e-11,0.0,0.125,9.480650443427827e-12,5.6274984672199935e-12,5.417177817435004e-11,5.6274984672199935e-12,5.417177817435004e-11,0.1011398726418512,0.0,0.125,0.008065112959724851,1.885195103773496e-06,0.1011398726418512,6.900368948514757e-06,0.1011398726418512
177660.0,0.012,5.417177817435004e-11,0.0,0.125,9.480650443427827e-12,5.6274984672199935e-12,5.417177817435004e-11,5.6274984672199935e-12,5.417177817435004e-11,0.1011081943085172,0.0,0.125,0.00806242052869184,1.8836995573645599e-06,0.1011081943085172,6.899415220307237e-06,0.1011081943085172
177720.0,0.012,5.417177817435004e-11,0.0,0.125,9.480650443427827e-12,5.6274984672199935e-12,5.417177817435004e-11,5.6274984672199935e-12,5.417177817435004e-11,0.10107654042937772,0.0,0.125,0.008059730378410672,1.8822058634182515e-06,0.10107654042937772,6.898460996662692e-06,0.10107654042937772
177780.0,0.012,5.417177817435004e-11,0.0,0.125,9.480650443427827e-12,5.6274984672199935e-12,5.417177817435004e-11,5.6274984672199935e-12,5.417177817435004e-11,0.10104491097482657,0.0,0.125,0.008057042505917903,1.8807140193255467e-06,0.10104491097482657,6.897506279190946e-06,0.10104491097482657
177840.0,0.012,5.417177817435004e-11,0.0,0.125,9.480650443427827e-12,5.6274984672199935e-12,5.417177817435004e-11,5.6274984672199935e-12,5.417177817435004e-11,0.1010133059153065,0.0,0.125,0.008054356908255202,1.8792240210341316e-06,0.1010133059153065,6.896551070473267e-06,0.1010133059153065
177900.0,0.012,5.417177817435004e-11,0.0,0.125,9.480650443427827e-12,5.6274984672199935e-12,5.417177817435004e-11,5.6274984672199935e-12,5.417177817435004e-11,0.10098172522130723,0.0,0.125,0.008051673582469275,1.8777358660460042e-06,0.10098172522130723,6.895595372091723e-06,0.10098172522130723
177960.0,0.012,5.417177817435004e-11,0.0,0.125,9.480650443427827e-12,5.6274984672199935e-12,5.417177817435004e-11,5.6274984672199935e-12,5.417177817435004e-11,0.10095016886336641,0.0,0.125,0.008048992525611904,1.8762495514468291e-06,0.10095016886336641,6.894639185572871e-06,0.10095016886336641
178020.0,0.012,5.417177817435004e-11,0.0,0.125,9.480650443427827e-12,5.6274984672199935e-12,5.417177817435004e-11,5.6274984672199935e-12,5.417177817435004e-11,0.10091863681207044,0.0,0.125,0.008046313734739938,1.8747650736283816e-06,0.10091863681207044,6.893682513914312e-06,0.10091863681207044
178080.0,0.012,5.417177817435004e-11,0.0,0.125,9.480650443427827e-12,5.6274984672199935e-12,5.417177817435004e-11,5.6274984672199935e-12,5.417177817435004e-11,0.10088712903805216,0.0,0.125,0.008043637206915238,1.8732824298428596e-06,0.10088712903805216,6.8927253580874925e-06,0.10088712903805216
178140.0,0.012,5.417177817435004e-11,0.0,0.125,9.480650443427827e-12,5.6274984672199935e-12,5.417177817435004e-11,5.6274984672199935e-12,5.417177817435004e-11,0.10085564551199228,0.0,0.125,0.00804096293920472,1.8718016173147056e-06,0.10085564551199228,6.891767720368369e-06,0.10085564551199228
178200.0,0.012,5.417177817435004e-11,0.0,0.125,9.480650443427827e-12,5.6274984672199935e-12,5.417177817435004e-11,5.6274984672199935e-12,5.417177817435004e-11,0.10082418620461922,0.0,0.125,0.008038290928680306,1.8703226327687617e-06,0.10082418620461922,6.890809602505543e-06,0.10082418620461922
178260.0,0.012,5.417177817435004e-11,0.0,0.125,9.481688362383779e-12,5.6274984672199935e-12,5.417177817435004e-11,5.6274984672199935e-12,5.417177817435004e-11,0.10079275108670882,0.0,0.125,0.008035621172418928,1.868845473568248e-06,0.10079275108670882,6.889851006552927e-06,0.10079275108670882
178320.0,0.012,5.417177817435004e-11,0.0,0.125,9.481688362383779e-12,5.6274984672199935e-12,5.417177817435004e-11,5.6274984672199935e-12,5.417177817435004e-11,0.1007613401290837,0.0,0.125,0.008032953667502498,1.86737013610494e-06,0.1007613401290837,6.888891934259123e-06,0.1007613401290837
178380.0,0.012,5.417177817435004e-11,0.0,0.125,9.481752055830377e-12,5.6274984672199935e-12,5.417177817435004e-11,5.6274984672199935e-12,5.417177817435004e-11,0.10072995330261443,0.0,0.125,0.008030288411017937,1.8658966177143022e-06,0.10072995330261443,6.887932387455997e-06,0.10072995330261443
178440.0,0.012,5.417177817435004e-11,0.0,0.125,9.481752055830377e-12,5.6274984672199935e-12,5.417177817435004e-11,5.6274984672199935e-12,5.417177817435004e-11,0.10069859057821788,0.0,0.125,0.008027625400057137,1.8644249150101544e-06,0.10069859057821788,6.88697236803093e-06,0.10069859057821788
178500.0,0.012,5.417177817435004e-11,0.0,0.125,9.482634986761084e-12,5.6274984672199935e-12,5.417177817435004e-11,5.6274984672199935e-12,5.417177817435004e-11,0.10066725192685838,0.0,0.125,0.008024964631716962,1.8629550257998062e-06,0.10066725192685838,6.886011878037834e-06,0.10066725192685838
178560.0,0.012,5.417177817435004e-11,0.0,0.125,9.48269870341656e-12,5.6274984672199935e-12,5.417177817435004e-11,5.6274984672199935e-12,5.417177817435004e-11,0.10063593731954686,0.0,0.125,0.008022306103099232,1.8614869466415662e-06,0.10063593731954686,6.8850509191697995e-06,0.10063593731954686
178620.0,0.012,5.417177817435004e-11,0.0,0.125,9.483581848903943e-12,5.6274984672199935e-12,5.417177817435004e-11,5.6274984672199935e-12,5.417177817435004e-11,0.10060464672734154,0.0,0.125,0.008019649811310701,1.8600206743990544e-06,0.10060464672734154,6.884089493425227e-06,0.10060464672734154
178680.0,0.012,5.417177817435004e-11,0.0,0.125,9.483645580163364e-12,5.6274984672199935e-12,5.417177817435004e-11,5.6274984672199935e-12,5.417177817435004e-11,0.10057338012134671,0.0,0.125,0.008016995753463057,1.8585562055473126e-06,0.10057338012134671,6.88312760260823e-06,0.10057338012134671
178740.0,0.012,5.417177817435004e-11,0.0,0.125,9.484528849881472e-12,5.6274984672199935e-12,5.417177817435004e-11,5.6274984672199935e-12,5.417177817435004e-11,0.10054213747271334,0.0,0.125,0.008014343926672923,1.8570935387263177e-06,0.10054213747271334,6.882165248356387e-06,0.10054213747271334
178800.0,0.012,5.417177817435004e-11,0.0,0.125,9.4845925894576e-12,5.6274984672199935e-12,5.417177817435004e-11,5.6274984672199935e-12,5.417177817435004e-11,0.10051091875263941,0.0,0.125,0.00801169432806184,1.8556326698282444e-06,0.10051091875263941,6.881202433056677e-06,0.10051091875263941
178860.0,0.012,5.417177817435004e-11,0.0,0.125,9.484946506052461e-12,5.6274984672199935e-12,5.417177817435004e-11,5.6274984672199935e-12,5.417177817435004e-11,0.10047972393236901,0.0,0.125,0.008009046954756254,1.8541735960775352e-06,0.10047972393236901,6.8802391580691236e-06,0.10047972393236901
178920.0,0.012,5.417177817435004e-11,0.0,0.125,9.484946506052461e-12,5.6274984672199935e-12,5.417177817435004e-11,5.6274984672199935e-12,5.417177817435004e-11,0.10044855298319252,0.0,0.125,0.008006401803887456,1.8527163146431214e-06,0.10044855298319252,6.879275425475395e-06,0.10044855298319252
178980.0,0.012,5.417177817435004e-11,0.0,0.125,9.484946506052461e-12,5.6274984672199935e-12,5.417177817435004e-11,5.6274984672199935e-12,5.417177817435004e-11,0.10041740587644682,0.0,0.125,0.008003758872591712,1.8512608222776006e-06,0.10041740587644682,6.878311237190626e-06,0.10041740587644682
179040.0,0.012,5.417177817435004e-11,0.0,0.125,9.484946506052461e-12,5.6274984672199935e-12,5.417177817435004e-11,5.6274984672199935e-12,5.417177817435004e-11,0.10038628258351406,0.0,0.125,0.008001118158010077,1.8498071167050156e-06,0.10038628258351406,6.877346594436062e-06,0.10038628258351406
179100.0,0.012,5.417177817435004e-11,0.0,0.125,9.484946506052461e-12,5.6274984672199935e-12,5.417177817435004e-11,5.6274984672199935e-12,5.417177817435004e-11,0.10035518307582356,0.0,0.125,0.007998479657288515,1.8483551948722532e-06,0.10035518307582356,6.87638149948766e-06,0.10035518307582356
179160.0,0.012,5.417177817435004e-11,0.0,0.125,9.484946506052461e-12,5.6274984672199935e-12,5.417177817435004e-11,5.6274984672199935e-12,5.417177817435004e-11,0.10032410732485009,0.0,0.125,0.00799584336757782,1.8469050532543552e-06,0.10032410732485009,6.875415953927488e-06,0.10032410732485009
179220.0,0.012,5.417177817435004e-11,0.0,0.125,9.484946506052461e-12,5.6274984672199935e-12,5.417177817435004e-11,5.6274984672199935e-12,5.417177817435004e-11,0.10029305530211481,0.0,0.125,0.007993209286033646,1.8454566889092305e-06,0.10029305530211481,6.8744499602257925e-06,0.10029305530211481
179280.0,0.012,5.417177817435004e-11,0.0,0.125,9.484946506052461e-12,5.6274984672199935e-12,5.417177817435004e-11,5.6274984672199935e-12,5.417177817435004e-11,0.10026202697918345,0.0,0.125,0.007990577409816459,1.8440100996441888e-06,0.10026202697918345,6.87348351946504e-06,0.10026202697918345
179340.0,0.012,5.417177817435004e-11,0.0,0.125,9.484946506052461e-12,5.6274984672199935e-12,5.417177817435004e-11,5.6274984672199935e-12,5.417177817435004e-11,0.10023102232766824,0.0,0.125,0.007987947736091577,1.8425652821840721e-06,0.10023102232766824,6.872516633699144e-06,0.10023102232766824
179400.0,0.012,5.417177817435004e-11,0.0,0.125,9.484946506052461e-12,5.6274984672199935e-12,5.417177817435004e-11,5.6274984672199935e-12,5.417177817435004e-11,0.10020004131922768,0.0,0.125,0.00798532026202911,1.8411222329761667e-06,0.10020004131922768,6.871549305342839e-06,0.10020004131922768
179460.0,0.012,5.417177817435004e-11,0.0,0.125,9.484946506052461e-12,5.6274984672199935e-12,5.417177817435004e-11,5.6274984672199935e-12,5.417177817435004e-11,0.10016908392556453,0.0,0.125,0.007982694984803966,1.8396809498000266e-06,0.10016908392556453,6.870581535645126e-06,0.10016908392556453
179520.0,0.012,5.417177817435004e-11,0.0,0.125,9.484946506052461e-12,5.6274984672199935e-12,5.417177817435004e-11,5.6274984672199935e-12,5.417177817435004e-11,0.10013815011842675,0.0,0.125,0.007980071901595864,1.8382414300743832e-06,0.10013815011842675,6.869613325799495e-06,0.10013815011842675
179580.0,0.012,5.417177817435004e-11,0.0,0.125,9.484946506052461e-12,5.6274984672199935e-12,5.417177817435004e-11,5.6274984672199935e-12,5.417177817435004e-11,0.10010723986960923,0.0,0.125,0.00797745100958928,1.8368036705518342e-06,0.10010723986960923,6.868644678637015e-06,0.10010723986960923
179640.0,0.012,5.417177817435004e-11,0.0,0.125,9.484946506052461e-12,5.6274984672199935e-12,5.417177817435004e-11,5.6274984672199935e-12,5.417177817435004e-11,0.10007635315095076,0.0,0.125,0.007974832305973494,1.835367668068244e-06,0.10007635315095076,6.867675595711997e-06,0.10007635315095076
179700.0,0.012,5.417177817435004e-11,0.0,0.125,9.484946506052461e-12,5.6274984672199935e-12,5.417177817435004e-11,5.6274984672199935e-12,5.417177817435004e-11,0.10004548993433555,0.0,0.125,0.007972215787942511,1.833933420375411e-06,0.10004548993433555,6.8667060779403766e-06,0.10004548993433555
179760.0,0.012,5.417177817435004e-11,0.0,0.125,9.484946506052461e-12,5.6274984672199935e-12,5.417177817435004e-11,5.6274984672199935e-12,5.417177817435004e-11,0.10001465019169348,0.0,0.125,0.00796960145269512,1.8325009239206214e-06,0.10001465019169348,6.865736127958932e-06,0.10001465019169348
179820.0,0.012,5.417177817435004e-11,0.0,0.125,9.490210704803053e-12,5.6274984672199935e-12,5.417177817435004e-11,5.6274984672199935e-12,5.417177817435004e-11,0.09998383389499835,0.0,0.125,0.00796698929743484,1.8310701762058734e-06,0.09998383389499835,6.864765747460755e-06,0.09998383389499835
179880.0,0.012,5.417177817435004e-11,0.0,0.125,9.497824199818124e-12,5.6274984672199935e-12,5.417177817435004e-11,5.6274984672199935e-12,5.417177817435004e-11,0.0999530410162698,0.0,0.125,0.007964379319369908,1.8296411741780538e-06,0.0999530410162698,6.863794938194445e-06,0.0999530410162698
179940.0,0.012,5.417177817435004e-11,0.0,0.125,9.503274898278572e-12,5.6274984672199935e-12,5.417177817435004e-11,5.7411853049416095e-12,5.417177817435004e-11,0.0999222715275714,0.0,0.125,0.007961771515713301,1.828213915394672e-06,0.0999222715275714,6.862823702102894e-06,0.0999222715275714
180000.0,0.012,5.417177817435004e-11,0.0,0.125,9.503274898278572e-12,5.6274984672199935e-12,5.417177817435004e-11,5.7411853049416095e-12,5.417177817435004e-11,0.09989152540101161,0.0,0.125,0.007959165883682723,1.8267883970801702e-06,0.09989152540101161,6.861852040018768e-06,0.09989152540101161
180060.0,0.012,5.417177817435004e-11,0.0,0.125,9.545271261366808e-12,5.6274984672199935e-12,5.417177817435004e-11,5.7411853049416095e-12,5.417177817435004e-11,0.09986080260874436,0.0,0.125,0.007956562420500541,1.825364615737346e-06,0.09986080260874436,6.860879954329047e-06,0.09986080260874436
180120.0,0.012,5.417177817435004e-11,0.0,0.125,9.55411689582554e-12,5.7980287238024175e-12,5.417177817435004e-11,5.7980287238024175e-12,5.417177817435004e-11,0.099830103122967,0.0,0.125,0.007953961123393862,1.823942569034731e-06,0.099830103122967,6.859907446643554e-06,0.099830103122967
180180.0,0.012,5.417177817435004e-11,0.0,0.125,9.55411689582554e-12,5.7980287238024175e-12,5.417177817435004e-11,5.7980287238024175e-12,5.417177817435004e-11,0.09979942691592175,0.0,0.125,0.00795136198959444,1.8225222542245234e-06,0.09979942691592175,6.858934519127224e-06,0.09979942691592175
180240.0,0.012,5.417177817435004e-11,0.0,0.125,9.554214004843333e-12,5.7980287238024175e-12,5.417177817435004e-11,5.7980287238024175e-12,5.417177817435004e-11,0.09976877395989552,0.0,0.125,0.007948765016338708,1.8211036682258541e-06,0.09976877395989552,6.857961173611926e-06,0.09976877395989552
180300.0,0.012,5.417177817435004e-11,0.0,0.125,9.554214004843333e-12,5.7980287238024175e-12,5.417177817435004e-11,5.7980287238024175e-12,5.417177817435004e-11,0.0997381442272185,0.0,0.125,0.00794617020086778,1.8196868082631656e-06,0.0997381442272185,6.856987410819304e-06,0.0997381442272185
180360.0,0.012,5.417177817435004e-11,0.0,0.125,9.554214004843333e-12,5.7980287238024175e-12,5.417177817435004e-11,5.7980287238024175e-12,5.417177817435004e-11,0.099707537690266,0.0,0.125,0.007943577540427413,1.8182716714221225e-06,0.099707537690266,6.8560132330808266e-06,0.099707537690266
180420.0,0.012,5.417177817435004e-11,0.0,0.125,9.554214004843333e-12,5.7980287238024175e-12,5.417177817435004e-11,5.7980287238024175e-12,5.417177817435004e-11,0.09967695432145715,0.0,0.125,0.007940987032268004,1.816858255010434e-06,0.09967695432145715,6.855038642589184e-06,0.09967695432145715
180480.0,0.012,5.417177817435004e-11,0.0,0.125,9.554214004843333e-12,5.7980287238024175e-12,5.417177817435004e-11,5.7980287238024175e-12,5.417177817435004e-11,0.09964639409325501,0.0,0.125,0.007938398673644582,1.8154465559194755e-06,0.09964639409325501,6.854063640371333e-06,0.09964639409325501
180540.0,0.012,5.417177817435004e-11,0.0,0.125,9.554214004843333e-12,5.7980287238024175e-12,5.417177817435004e-11,5.7980287238024175e-12,5.417177817435004e-11,0.09961585697816619,0.0,0.125,0.007935812461816837,1.8140365718455342e-06,0.09961585697816619,6.8530882288142525e-06,0.09961585697816619
180600.0,0.012,5.417177817435004e-11,0.0,0.125,9.554214004843333e-12,5.7980287238024175e-12,5.417177817435004e-11,5.7980287238024175e-12,5.417177817435004e-11,0.09958534294874145,0.0,0.125,0.007933228394049027,1.8126282999020304e-06,0.09958534294874145,6.852112408833877e-06,0.09958534294874145
180660.0,0.012,5.417177817435004e-11,0.0,0.125,9.554214004843333e-12,5.7980287238024175e-12,5.417177817435004e-11,5.7980287238024175e-12,5.417177817435004e-11,0.09955485197757555,0.0,0.125,0.007930646467610034,1.8112217368970729e-06,0.09955485197757555,6.851136182955964e-06,0.09955485197757555
180720.0,0.012,5.417177817435004e-11,0.0,0.125,9.554791997041508e-12,5.7980287238024175e-12,5.417177817435004e-11,5.7980287238024175e-12,5.417177817435004e-11,0.09952438403730593,0.0,0.125,0.007928066679773351,1.8098168803604153e-06,0.09952438403730593,6.850159552124202e-06,0.09952438403730593
180780.0,0.012,5.417177817435004e-11,0.0,0.125,9.554791997041508e-12,5.7980287238024175e-12,5.417177817435004e-11,5.7980287238024175e-12,5.417177817435004e-11,0.09949393910061452,0.0,0.125,0.00792548902781704,1.8084137280716117e-06,0.09949393910061452,6.849182518697816e-06,0.09949393910061452
180840.0,0.012,5.417177817435004e-11,0.0,0.125,9.554791997041508e-12,5.7980287238024175e-12,5.417177817435004e-11,5.7980287238024175e-12,5.417177817435004e-11,0.09946351714022647,0.0,0.125,0.007922913509023742,1.807012276366926e-06,0.09946351714022647,6.8482050834262065e-06,0.09946351714022647
180900.0,0.012,5.417177817435004e-11,0.0,0.125,9.554791997041508e-12,5.7980287238024175e-12,5.417177817435004e-11,5.7980287238024175e-12,5.417177817435004e-11,0.09943311812891018,0.0,0.125,0.007920340120680679,1.805612523109179e-06,0.09943311812891018,6.8472272490294195e-06,0.09943311812891018
180960.0,0.012,5.417177817435004e-11,0.0,0.125,9.554791997041508e-12,5.7980287238024175e-12,5.417177817435004e-11,5.7980287238024175e-12,5.417177817435004e-11,0.0994027420394776,0.0,0.125,0.007917768860079617,1.8042144651619907e-06,0.0994027420394776,6.846249016811967e-06,0.0994027420394776
181020.0,0.012,5.417177817435004e-11,0.0,0.125,9.556120621893765e-12,5.7980287238024175e-12,5.417177817435004e-11,5.7980287238024175e-12,5.417177817435004e-11,0.09937238884478344,0.0,0.125,0.007915199724516885,1.8028180998053145e-06,0.09937238884478344,6.84527038846694e-06,0.09937238884478344
181080.0,0.012,5.417177817435004e-11,0.0,0.125,9.556120621893765e-12,5.7980287238024175e-12,5.417177817435004e-11,5.7980287238024175e-12,5.417177817435004e-11,0.09934205851772616,0.0,0.125,0.007912632711293334,1.8014234240137927e-06,0.09934205851772616,6.844291365770694e-06,0.09934205851772616
181140.0,0.012,5.417177817435004e-11,0.0,0.125,9.556120621893765e-12,5.7980287238024175e-12,5.417177817435004e-11,5.7980287238024175e-12,5.417177817435004e-11,0.09931175103124618,0.0,0.125,0.007910067817714363,1.80003043631638e-06,0.09931175103124618,6.8433119497779415e-06,0.09931175103124618
181200.0,0.012,5.417177817435004e-11,0.0,0.125,9.556120621893765e-12,5.7980287238024175e-12,5.417177817435004e-11,5.7980287238024175e-12,5.417177817435004e-11,0.09928146635832812,0.0,0.125,0.007907505041089866,1.798639132855051e-06,0.09928146635832812,6.842332142903418e-06,0.09928146635832812
181260.0,0.012,5.417177817435004e-11,0.0,0.125,9.556120621893765e-12,5.7980287238024175e-12,5.417177817435004e-11,5.7980287238024175e-12,5.417177817435004e-11,0.09925120447199873,0.0,0.125,0.007904944378734279,1.7972495110762932e-06,0.09925120447199873,6.841351946701435e-06,0.09925120447199873
181320.0,0.012,5.417177817435004e-11,0.0,0.125,9.556120621893765e-12,5.7980287238024175e-12,5.417177817435004e-11,5.7980287238024175e-12,5.417177817435004e-11,0.09922096534532795,0.0,0.125,0.007902385827966539,1.795861567926993e-06,0.09922096534532795,6.840371363087128e-06,0.09922096534532795
181380.0,0.012,5.417177817435004e-11,0.0,0.125,9.556120621893765e-12,5.7980287238024175e-12,5.417177817435004e-11,5.7980287238024175e-12,5.417177817435004e-11,0.09919074895142785,0.0,0.125,0.00789982938611005,1.7944753009924153e-06,0.09919074895142785,6.839390392920919e-06,0.09919074895142785
181440.0,0.012,5.417177817435004e-11,0.0,0.125,9.556120621893765e-12,5.7980287238024175e-12,5.417177817435004e-11,5.7980287238024175e-12,5.417177817435004e-11,0.0991605552634534,0.0,0.125,0.007897275050492713,1.793090708385181e-06,0.0991605552634534,6.838409037979165e-06,0.0991605552634534
181500.0,0.012,5.417177817435004e-11,0.0,0.125,9.556120621893765e-12,5.7980287238024175e-12,5.417177817435004e-11,5.7980287238024175e-12,5.417177817435004e-11,0.09913038425460248,0.0,0.125,0.007894722818446914,1.7917077865803321e-06,0.09913038425460248,6.837427300288024e-06,0.09913038425460248
181560.0,0.012,5.417177817435004e-11,0.0,0.125,9.556120621893765e-12,5.7980287238024175e-12,5.417177817435004e-11,5.7980287238024175e-12,5.417177817435004e-11,0.09910023589811526,0.0,0.125,0.007892172687309499,1.7903265326357776e-06,0.09910023589811526,6.836445181901407e-06,0.09910023589811526
181620.0,0.012,5.417177817435004e-11,0.0,0.125,9.556120621893765e-12,5.7980287238024175e-12,5.417177817435004e-11,5.7980287238024175e-12,5.417177817435004e-11,0.09907011016727377,0.0,0.125,0.007889624654421756,1.788946944608627e-06,0.09907011016727377,6.8354626839295385e-06,0.09907011016727377
181680.0,0.012,5.417177817435004e-11,0.0,0.125,9.556120621893765e-12,5.7980287238024175e-12,5.417177817435004e-11,5.7980287238024175e-12,5.417177817435004e-11,0.09904000703540243,0.0,0.125,0.00788707871712943,1.7875690195012783e-06,0.09904000703540243,6.83447980767693e-06,0.09904000703540243
181740.0,0.012,5.417177817435004e-11,0.0,0.125,9.556120621893765e-12,5.7980287238024175e-12,5.417177817435004e-11,5.7980287238024175e-12,5.417177817435004e-11,0.09900992647586827,0.0,0.125,0.007884534872782706,1.7861927542328626e-06,0.09900992647586827,6.833496555475049e-06,0.09900992647586827
181800.0,0.012,5.417177817435004e-11,0.0,0.125,9.556120621893765e-12,5.7980287238024175e-12,5.417177817435004e-11,5.7980287238024175e-12,5.417177817435004e-11,0.09897986846208033,0.0,0.125,0.007881993118736193,1.7848181465274227e-06,0.09897986846208033,6.832512928323098e-06,0.09897986846208033
181860.0,0.012,5.417177817435004e-11,0.0,0.125,9.556120621893765e-12,5.7980287238024175e-12,5.417177817435004e-11,5.7980287238024175e-12,5.417177817435004e-11,0.09894983296748965,0.0,0.125,0.007879453452348927,1.7834451934983786e-06,0.09894983296748965,6.8315289286358105e-06,0.09894983296748965
181920.0,0.012,5.417177817435004e-11,0.0,0.125,9.556120621893765e-12,5.7980287238024175e-12,5.417177817435004e-11,5.7980287238024175e-12,5.417177817435004e-11,0.09891981996558881,0.0,0.125,0.00787691587098435,1.7820738929252844e-06,0.09891981996558881,6.8305445572458545e-06,0.09891981996558881
181980.0,0.012,5.417177817435004e-11,0.0,0.125,9.557692530749907e-12,5.7980287238024175e-12,5.417177817435004e-11,5.7980287238024175e-12,5.417177817435004e-11,0.09888982942991334,0.0,0.125,0.007874380372010294,1.7807042417272712e-06,0.09888982942991334,6.829559816234898e-06,0.09888982942991334
182040.0,0.012,5.417177817435004e-11,0.0,0.125,9.557692530749907e-12,5.7980287238024175e-12,5.417177817435004e-11,5.7980287238024175e-12,5.417177817435004e-11,0.09885986133403882,0.0,0.125,0.007871846952799008,1.7793362375173594e-06,0.09885986133403882,6.8285747066854086e-06,0.09885986133403882
182100.0,0.012,5.417177817435004e-11,0.0,0.125,9.557692530749907e-12,5.7980287238024175e-12,5.417177817435004e-11,5.7980287238024175e-12,5.417177817435004e-11,0.09882991565158422,0.0,0.125,0.007869315610727087,1.7779698770481467e-06,0.09882991565158422,6.827589231067632e-06,0.09882991565158422
182160.0,0.012,5.417177817435004e-11,0.0,0.125,9.557692530749907e-12,5.7980287238024175e-12,5.417177817435004e-11,5.7980287238024175e-12,5.417177817435004e-11,0.09879999235620907,0.0,0.125,0.007866786343175532,1.776605158237965e-06,0.09879999235620907,6.826603390297503e-06,0.09879999235620907
182220.0,0.012,5.417177817435004e-11,0.0,0.125,9.557692530749907e-12,5.7980287238024175e-12,5.417177817435004e-11,5.7980287238024175e-12,5.417177817435004e-11,0.09877009142161483,0.0,0.125,0.007864259147529707,1.7752420783390122e-06,0.09877009142161483,6.8256171861236226e-06,0.09877009142161483
182280.0,0.012,5.417177817435004e-11,0.0,0.125,9.557692530749907e-12,5.7980287238024175e-12,5.417177817435004e-11,5.7980287238024175e-12,5.417177817435004e-11,0.0987402128215446,0.0,0.125,0.007861734021179312,1.7738806347145086e-06,0.0987402128215446,6.824630620322347e-06,0.0987402128215446
182340.0,0.012,5.417177817435004e-11,0.0,0.125,9.557692530749907e-12,5.7980287238024175e-12,5.417177817435004e-11,5.7980287238024175e-12,5.417177817435004e-11,0.09871035652978172,0.0,0.125,0.007859210961518412,1.7725208249497193e-06,0.09871035652978172,6.823643693809611e-06,0.09871035652978172
182400.0,0.012,5.417177817435004e-11,0.0,0.125,9.557692530749907e-12,5.7980287238024175e-12,5.417177817435004e-11,5.7980287238024175e-12,5.417177817435004e-11,0.09868052252015329,0.0,0.125,0.007856689965945405,1.7711626457972418e-06,0.09868052252015329,6.822656409471994e-06,0.09868052252015329
182460.0,0.012,5.417177817435004e-11,0.0,0.125,9.557692530749907e-12,5.7980287238024175e-12,5.417177817435004e-11,5.7980287238024175e-12,5.417177817435004e-11,0.09865071076652518,0.0,0.125,0.007854171031863026,1.769806094981119e-06,0.09865071076652518,6.821668768280942e-06,0.09865071076652518
182520.0,0.012,5.417177817435004e-11,0.0,0.125,9.557692530749907e-12,5.7980287238024175e-12,5.417177817435004e-11,5.7980287238024175e-12,5.417177817435004e-11,0.09862092124280497,0.0,0.125,0.00785165415667832,1.7684511703364159e-06,0.09862092124280497,6.820680771346677e-06,0.09862092124280497
182580.0,0.012,5.417177817435004e-11,0.0,0.125,9.557692530749907e-12,5.7980287238024175e-12,5.417177817435004e-11,5.7980287238024175e-12,5.417177817435004e-11,0.09859115392294183,0.0,0.125,0.007849139337802624,1.7670978685324634e-06,0.09859115392294183,6.819692420473311e-06,0.09859115392294183
182640.0,0.012,5.417177817435004e-11,0.0,0.125,9.517685922984968e-12,5.7980287238024175e-12,5.417177817435004e-11,5.7980287238024175e-12,5.417177817435004e-11,0.09856140878092595,0.0,0.125,0.007846626572651626,1.7657461874043268e-06,0.09856140878092595,6.818703717631491e-06,0.09856140878092595
182700.0,0.012,5.411493475548923e-11,0.0,0.125,9.514833863719826e-12,5.7411853049416095e-12,5.411493475548923e-11,5.7411853049416095e-12,5.411493475548923e-11,0.09853168579078792,0.0,0.125,0.007844115858645273,1.7643961239821593e-06,0.09853168579078792,6.817714664042462e-06,0.09853168579078792
182760.0,0.012,5.411493475548923e-11,0.0,0.125,9.514833863719826e-12,5.7411853049416095e-12,5.411493475548923e-11,5.7411853049416095e-12,5.411493475548923e-11,0.09850198492659903,0.0,0.125,0.007841607193207808,1.7630476759622482e-06,0.09850198492659903,6.816725261343803e-06,0.09850198492659903
182820.0,0.012,5.411493475548923e-11,0.0,0.125,9.514833863719826e-12,5.7411853049416095e-12,5.411493475548923e-11,5.7411853049416095e-12,5.411493475548923e-11,0.09847230616247189,0.0,0.125,0.007839100573767754,1.7617008410686363e-06,0.09847230616247189,6.815735510812271e-06,0.09847230616247189
182880.0,0.012,5.411493475548923e-11,0.0,0.125,9.514833863719826e-12,5.7411853049416095e-12,5.411493475548923e-11,5.7411853049416095e-12,5.411493475548923e-11,0.09844264947255972,0.0,0.125,0.007836595997757882,1.7603556158873879e-06,0.09844264947255972,6.814745414529533e-06,0.09844264947255972
182940.0,0.012,5.411493475548923e-11,0.0,0.125,9.515000787910756e-12,5.7411853049416095e-12,5.411493475548923e-11,5.7411853049416095e-12,5.411493475548923e-11,0.09841301483105537,0.0,0.125,0.007834093462615245,1.7590119988919461e-06,0.09841301483105537,6.8137549735225456e-06,0.09841301483105537
183000.0,0.012,5.411493475548923e-11,0.0,0.125,9.515000787910756e-12,5.7411853049416095e-12,5.411493475548923e-11,5.7411853049416095e-12,5.411493475548923e-11,0.0983834022121935,0.0,0.125,0.007831592965781137,1.75766998689042e-06,0.0983834022121935,6.8127641897341995e-06,0.0983834022121935
183060.0,0.012,5.411493475548923e-11,0.0,0.125,9.515000787910756e-12,5.7411853049416095e-12,5.411493475548923e-11,5.7411853049416095e-12,5.411493475548923e-11,0.09835381159024792,0.0,0.125,0.007829094504701107,1.7563295776068522e-06,0.09835381159024792,6.811773064302473e-06,0.09835381159024792
183120.0,0.012,5.411493475548923e-11,0.0,0.125,9.515000787910756e-12,5.7411853049416095e-12,5.411493475548923e-11,5.7411853049416095e-12,5.411493475548923e-11,0.09832424293953396,0.0,0.125,0.007826598076824894,1.7549907677938403e-06,0.09832424293953396,6.810781599225768e-06,0.09832424293953396
183180.0,0.012,5.411493475548923e-11,0.0,0.125,9.515000787910756e-12,5.7411853049416095e-12,5.411493475548923e-11,5.7411853049416095e-12,5.411493475548923e-11,0.0982946962344069,0.0,0.125,0.007824103679606512,1.7536535550088939e-06,0.0982946962344069,6.809789796557997e-06,0.0982946962344069
183240.0,0.012,5.411493475548923e-11,0.0,0.125,9.515000787910756e-12,5.7411853049416095e-12,5.411493475548923e-11,5.7411853049416095e-12,5.411493475548923e-11,0.09826517144926103,0.0,0.125,0.007821611310504158,1.7523179373091224e-06,0.09826517144926103,6.80879765635467e-06,0.09826517144926103
183300.0,0.012,5.411493475548923e-11,0.0,0.125,9.515000787910756e-12,5.7411853049416095e-12,5.411493475548923e-11,5.7411853049416095e-12,5.411493475548923e-11,0.09823566855853211,0.0,0.125,0.00781912096698026,1.7509839116414128e-06,0.09823566855853211,6.807805181224813e-06,0.09823566855853211
183360.0,0.012,5.411493475548923e-11,0.0,0.125,9.515000787910756e-12,5.7411853049416095e-12,5.411493475548923e-11,5.7411853049416095e-12,5.411493475548923e-11,0.09820618753669585,0.0,0.125,0.007816632646501427,1.7496514757298076e-06,0.09820618753669585,6.806812372722737e-06,0.09820618753669585
183420.0,0.012,5.411493475548923e-11,0.0,0.125,9.515000787910756e-12,5.7411853049416095e-12,5.411493475548923e-11,5.7411853049416095e-12,5.411493475548923e-11,0.09817672835826696,0.0,0.125,0.007814146346538455,1.748320627353861e-06,0.09817672835826696,6.805819231986421e-06,0.09817672835826696
183480.0,0.012,5.411493475548923e-11,0.0,0.125,9.515000787910756e-12,5.7411853049416095e-12,5.411493475548923e-11,5.7411853049416095e-12,5.411493475548923e-11,0.09814729099780056,0.0,0.125,0.007811662064566337,1.7469913635714818e-06,0.09814729099780056,6.804825760181599e-06,0.09814729099780056
183540.0,0.012,5.411493475548923e-11,0.0,0.125,9.515000787910756e-12,5.7411853049416095e-12,5.411493475548923e-11,5.7411853049416095e-12,5.411493475548923e-11,0.09811787542989184,0.0,0.125,0.007809179798064235,1.7456636820512017e-06,0.09811787542989184,6.803831959500961e-06,0.09811787542989184
183600.0,0.012,5.411493475548923e-11,0.0,0.125,9.515000787910756e-12,5.7411853049416095e-12,5.411493475548923e-11,5.7411853049416095e-12,5.411493475548923e-11,0.09808848162917522,0.0,0.125,0.007806699544515471,1.7443375802672634e-06,0.09808848162917522,6.8028378312212645e-06,0.09808848162917522
183660.0,0.012,5.411493475548923e-11,0.0,0.125,9.515000787910756e-12,5.7411853049416095e-12,5.411493475548923e-11,5.7411853049416095e-12,5.411493475548923e-11,0.09805910957032518,0.0,0.125,0.0078042213014075075,1.7430130550277756e-06,0.09805910957032518,6.801843377063355e-06,0.09805910957032518
183720.0,0.012,5.411493475548923e-11,0.0,0.125,9.515000787910756e-12,5.7411853049416095e-12,5.411493475548923e-11,5.7411853049416095e-12,5.411493475548923e-11,0.09802975922805537,0.0,0.125,0.007801745066231995,1.7416901043065813e-06,0.09802975922805537,6.800848598220721e-06,0.09802975922805537
183780.0,0.012,5.411493475548923e-11,0.0,0.125,9.515000787910756e-12,5.7411853049416095e-12,5.411493475548923e-11,5.7411853049416095e-12,5.411493475548923e-11,0.09800043057711898,0.0,0.125,0.007799270836484671,1.740368726049768e-06,0.09800043057711898,6.7998534961088986e-06,0.09800043057711898
183840.0,0.012,5.411493475548923e-11,0.0,0.125,9.515000787910756e-12,5.7411853049416095e-12,5.411493475548923e-11,5.7411853049416095e-12,5.411493475548923e-11,0.09797112359230839,0.0,0.125,0.00779679860966544,1.739048917676067e-06,0.09797112359230839,6.798858072060154e-06,0.09797112359230839
183900.0,0.012,5.411493475548923e-11,0.0,0.125,9.515000787910756e-12,5.7411853049416095e-12,5.411493475548923e-11,5.7411853049416095e-12,5.411493475548923e-11,0.09794183824845615,0.0,0.125,0.007794328383278341,1.7377306762433875e-06,0.09794183824845615,6.7978623282394235e-06,0.09794183824845615
183960.0,0.012,5.411493475548923e-11,0.0,0.125,9.515000787910756e-12,5.7411853049416095e-12,5.411493475548923e-11,5.7411853049416095e-12,5.411493475548923e-11,0.09791257452043337,0.0,0.125,0.007791860154831486,1.7364139993647498e-06,0.09791257452043337,6.796866265729173e-06,0.09791257452043337
184020.0,0.012,5.411493475548923e-11,0.0,0.125,9.515000787910756e-12,5.7411853049416095e-12,5.411493475548923e-11,5.7411853049416095e-12,5.411493475548923e-11,0.0978833323831508,0.0,0.125,0.007789393921837107,1.7350988844033743e-06,0.0978833323831508,6.7958698868608725e-06,0.0978833323831508
184080.0,0.012,5.411493475548923e-11,0.0,0.125,9.51501034962394e-12,5.7411853049416095e-12,5.411493475548923e-11,5.7411853049416095e-12,5.411493475548923e-11,0.09785411181155722,0.0,0.125,0.007786929681811535,1.7337853290277927e-06,0.09785411181155722,6.794873191356965e-06,0.09785411181155722
184140.0,0.012,5.411493475548923e-11,0.0,0.125,9.51501034962394e-12,5.7411853049416095e-12,5.411493475548923e-11,5.7411853049416095e-12,5.411493475548923e-11,0.0978249127806414,0.0,0.125,0.007784467432275196,1.7324733311563367e-06,0.0978249127806414,6.793876181798719e-06,0.0978249127806414
184200.0,0.012,5.411493475548923e-11,0.0,0.125,9.51501034962394e-12,5.7411853049416095e-12,5.411493475548923e-11,5.7411853049416095e-12,5.411493475548923e-11,0.09779573526543088,0.0,0.125,0.007782007170752591,1.7311628877636487e-06,0.09779573526543088,6.792878859657181e-06,0.09779573526543088
184256.63999999998,0.012,5.411493475548923e-11,0.0,0.125,9.51501034962394e-12,5.7411853049416095e-12,5.411493475548923e-11,5.7411853049416095e-12,5.411493475548923e-11,0.09776821141074327,0.0,0.125,0.007779686505787621,1.729927253418806e-06,0.09776821141074327,6.791937101957579e-06,0.09776821141074327
