2026-09-10 21:53:06,225 INFO START q1_1d_nr40_nz1_dt0.25 warmup 0.43s target 0.50h
2026-09-10 21:53:11,111 INFO COMPUTED {"case_id": "q1_1d_nr40_nz1_dt0.25", "simulated_time_s": 1800.0, "Cmax": 2.549990132410681, "wall_s": 4.872841399999743, "peak_rss_bytes": 207540224, "drying_time_h": null}
2026-09-10 21:53:20,251 INFO START q23_1d_nr40_nz1_dt0.25 warmup 0.39s target 72.00h
2026-09-10 21:53:28,290 INFO DRYING_EVENT_LOCATED {"case_id": "q23_1d_nr40_nz1_dt0.25", "left_s": 208488.8125, "right_s": 208488.875, "width_s": 0.0625, "raw_event_s": 208488.875, "report_s": 208488.96, "report_h": 57.913599999999995, "left_max_C": 0.15000000454850437, "right_max_C": 0.14999998662040537, "report_max_C": 0.149999962238207}
2026-09-10 21:53:30,208 INFO DRY {"case_id": "q23_1d_nr40_nz1_dt0.25", "simulated_time_s": 259200.0, "Cmax": 0.13813397079869225, "wall_s": 9.947296700000152, "peak_rss_bytes": 156389376, "drying_time_h": 57.913599999999995}
2026-09-10 21:54:58,080 INFO START q4_1d_nr40_nz1_dt0.25 warmup 0.39s target 72.00h
2026-09-10 21:55:05,284 INFO DRYING_EVENT_LOCATED {"case_id": "q4_1d_nr40_nz1_dt0.25", "left_s": 184283.875, "right_s": 184283.9375, "width_s": 0.0625, "raw_event_s": 184283.9375, "report_s": 184284.0, "report_h": 51.19, "left_max_C": 0.1500000095716367, "right_max_C": 0.1499999776096947, "report_max_C": 0.1499999456477778}
2026-09-10 21:55:08,349 INFO DRY {"case_id": "q4_1d_nr40_nz1_dt0.25", "simulated_time_s": 259200.0, "Cmax": 0.12376716107038954, "wall_s": 10.259432799999558, "peak_rss_bytes": 124686336, "drying_time_h": 51.19}
2026-09-10 21:55:21,764 INFO CACHE_REUSED q1_1d_nr40_nz1_dt0.25
2026-09-10 21:55:21,979 INFO START q1_1d_nr40_nz1_dt0.125_half_steps warmup 0.21s target 0.50h
2026-09-10 21:55:22,369 INFO COMPUTED {"case_id": "q1_1d_nr40_nz1_dt0.125_half_steps", "simulated_time_s": 1800.0, "Cmax": 2.5499901324106693, "wall_s": 0.38544460000048275, "peak_rss_bytes": 160665600, "drying_time_h": null}
2026-09-10 21:55:22,984 INFO START q1_1d_nr80_nz1_dt0.25_radial_refinement warmup 0.00s target 0.50h
2026-09-10 21:55:22,985 WARNING DT_LIMITED_BY_STABILITY {"case_id": "q1_1d_nr80_nz1_dt0.25_radial_refinement", "requested_dt_s": 0.25, "accepted_dt_s": 0.125, "simulated_time_s": 0.0, "grid": [80, 1]}
2026-09-10 21:55:23,482 INFO COMPUTED {"case_id": "q1_1d_nr80_nz1_dt0.25_radial_refinement", "simulated_time_s": 1800.0, "Cmax": 2.5499918558313523, "wall_s": 0.4917404000007082, "peak_rss_bytes": 162787328, "drying_time_h": null}
2026-09-10 21:55:24,205 INFO CACHE_REUSED q23_1d_nr40_nz1_dt0.25
2026-09-10 21:55:24,214 INFO START q23_1d_nr40_nz1_dt0.125_half_steps warmup 0.00s target 72.00h
2026-09-10 21:55:40,684 INFO DRYING_EVENT_LOCATED {"case_id": "q23_1d_nr40_nz1_dt0.125_half_steps", "left_s": 208488.8125, "right_s": 208488.875, "width_s": 0.0625, "raw_event_s": 208488.875, "report_s": 208488.96, "report_h": 57.913599999999995, "left_max_C": 0.15000000454865972, "right_max_C": 0.1499999866205607, "report_max_C": 0.14999996223836237}
2026-09-10 21:55:44,213 INFO q23_1d_nr40_nz1_dt0.125_half_steps t=71.70h 99.6% wall=20.0s ETA=0.1s
2026-09-10 21:55:44,310 INFO DRY {"case_id": "q23_1d_nr40_nz1_dt0.125_half_steps", "simulated_time_s": 259200.0, "Cmax": 0.13813397079882309, "wall_s": 20.08362429999943, "peak_rss_bytes": 187269120, "drying_time_h": 57.913599999999995}
2026-09-10 21:55:51,027 INFO START q23_1d_nr80_nz1_dt0.25_radial_refinement warmup 0.00s target 72.00h
2026-09-10 21:55:51,029 WARNING DT_LIMITED_BY_STABILITY {"case_id": "q23_1d_nr80_nz1_dt0.25_radial_refinement", "requested_dt_s": 0.25, "accepted_dt_s": 0.125, "simulated_time_s": 0.0, "grid": [80, 1]}
2026-09-10 21:56:11,035 INFO q23_1d_nr80_nz1_dt0.25_radial_refinement t=16.63h 23.1% wall=20.0s ETA=66.6s
2026-09-10 21:56:31,036 INFO q23_1d_nr80_nz1_dt0.25_radial_refinement t=33.85h 47.0% wall=40.0s ETA=45.1s
2026-09-10 21:56:51,055 INFO q23_1d_nr80_nz1_dt0.25_radial_refinement t=51.25h 71.2% wall=60.0s ETA=24.3s
2026-09-10 21:56:58,297 INFO DRYING_EVENT_LOCATED {"case_id": "q23_1d_nr80_nz1_dt0.25_radial_refinement", "left_s": 207535.6875, "right_s": 207535.75, "width_s": 0.0625, "raw_event_s": 207535.75, "report_s": 207536.03999999998, "report_h": 57.6489, "left_max_C": 0.15000000851829443, "right_max_C": 0.14999999042595158, "report_max_C": 0.14999990647761657}
2026-09-10 21:57:11,059 INFO q23_1d_nr80_nz1_dt0.25_radial_refinement t=68.67h 95.4% wall=80.0s ETA=3.9s
2026-09-10 21:57:14,775 INFO DRY {"case_id": "q23_1d_nr80_nz1_dt0.25_radial_refinement", "simulated_time_s": 259200.0, "Cmax": 0.13786030864910992, "wall_s": 83.73905620000005, "peak_rss_bytes": 184451072, "drying_time_h": 57.6489}
2026-09-10 21:57:21,105 INFO CACHE_REUSED q4_1d_nr40_nz1_dt0.25
2026-09-10 21:57:21,115 INFO START q4_1d_nr40_nz1_dt0.125_half_steps warmup 0.00s target 72.00h
2026-09-10 21:57:35,177 INFO DRYING_EVENT_LOCATED {"case_id": "q4_1d_nr40_nz1_dt0.125_half_steps", "left_s": 184283.875, "right_s": 184283.9375, "width_s": 0.0625, "raw_event_s": 184283.9375, "report_s": 184284.0, "report_h": 51.19, "left_max_C": 0.15000000957182902, "right_max_C": 0.14999997760988698, "report_max_C": 0.1499999456479701}
2026-09-10 21:57:40,826 INFO DRY {"case_id": "q4_1d_nr40_nz1_dt0.125_half_steps", "simulated_time_s": 259200.0, "Cmax": 0.12376716107052256, "wall_s": 19.701103199999125, "peak_rss_bytes": 157642752, "drying_time_h": 51.19}
2026-09-10 21:57:43,259 INFO START q4_1d_nr80_nz1_dt0.25_radial_refinement warmup 0.00s target 72.00h
2026-09-10 21:57:43,309 WARNING DT_LIMITED_BY_STABILITY {"case_id": "q4_1d_nr80_nz1_dt0.25_radial_refinement", "requested_dt_s": 0.25, "accepted_dt_s": 0.125, "simulated_time_s": 600.0, "grid": [80, 1]}
2026-09-10 21:58:03,270 INFO q4_1d_nr80_nz1_dt0.25_radial_refinement t=18.52h 25.7% wall=20.0s ETA=57.8s
2026-09-10 21:58:23,272 INFO q4_1d_nr80_nz1_dt0.25_radial_refinement t=34.62h 48.1% wall=40.0s ETA=43.2s
2026-09-10 21:58:43,277 INFO q4_1d_nr80_nz1_dt0.25_radial_refinement t=50.50h 70.1% wall=60.0s ETA=25.6s
2026-09-10 21:58:44,079 INFO DRYING_EVENT_LOCATED {"case_id": "q4_1d_nr80_nz1_dt0.25_radial_refinement", "left_s": 184054.6875, "right_s": 184054.75, "width_s": 0.0625, "raw_event_s": 184054.75, "report_s": 184055.03999999998, "report_h": 51.1264, "left_max_C": 0.15000001340009966, "right_max_C": 0.149999981352255, "report_max_C": 0.14999983265058636}
2026-09-10 21:59:03,295 INFO q4_1d_nr80_nz1_dt0.25_radial_refinement t=66.57h 92.5% wall=80.0s ETA=6.5s
2026-09-10 21:59:10,070 INFO DRY {"case_id": "q4_1d_nr80_nz1_dt0.25_radial_refinement", "simulated_time_s": 259200.0, "Cmax": 0.12366522295297261, "wall_s": 86.80158879999908, "peak_rss_bytes": 155328512, "drying_time_h": 51.1264}
2026-09-10 21:59:15,371 INFO START q1_2d_nr40_nz125_dt0.25 warmup 0.39s target 0.50h
2026-09-10 21:59:20,763 INFO COMPUTED {"case_id": "q1_2d_nr40_nz125_dt0.25", "simulated_time_s": 1800.0, "Cmax": 2.549990132410681, "wall_s": 5.385502699999051, "peak_rss_bytes": 415825920, "drying_time_h": null}
2026-09-10 21:59:20,825 INFO START q23_2d_nr40_nz125_dt0.25 warmup 0.00s target 72.00h
2026-09-10 21:59:40,826 INFO q23_2d_nr40_nz125_dt0.25 t=1.60h 2.2% wall=20.0s ETA=878.7s
2026-09-10 22:00:00,829 INFO q23_2d_nr40_nz125_dt0.25 t=3.18h 4.4% wall=40.0s ETA=864.8s
2026-09-10 22:00:20,952 INFO q23_2d_nr40_nz125_dt0.25 t=5.10h 7.1% wall=60.1s ETA=788.7s
2026-09-10 22:00:41,003 INFO q23_2d_nr40_nz125_dt0.25 t=7.03h 9.8% wall=80.2s ETA=740.6s
2026-09-10 22:01:01,077 INFO q23_2d_nr40_nz125_dt0.25 t=8.97h 12.5% wall=100.3s ETA=704.8s
2026-09-10 22:01:21,086 INFO q23_2d_nr40_nz125_dt0.25 t=10.90h 15.1% wall=120.3s ETA=674.1s
2026-09-10 22:01:41,207 INFO q23_2d_nr40_nz125_dt0.25 t=12.82h 17.8% wall=140.4s ETA=648.2s
2026-09-10 22:02:01,351 INFO q23_2d_nr40_nz125_dt0.25 t=14.70h 20.4% wall=160.5s ETA=625.7s
2026-09-10 22:02:21,467 INFO q23_2d_nr40_nz125_dt0.25 t=16.60h 23.1% wall=180.6s ETA=602.9s
2026-09-10 22:02:41,544 INFO q23_2d_nr40_nz125_dt0.25 t=18.55h 25.8% wall=200.7s ETA=578.4s
2026-09-10 22:03:01,699 INFO q23_2d_nr40_nz125_dt0.25 t=20.48h 28.4% wall=220.9s ETA=555.5s
2026-09-10 22:03:21,741 INFO q23_2d_nr40_nz125_dt0.25 t=22.42h 31.1% wall=240.9s ETA=532.9s
2026-09-10 22:03:41,821 INFO q23_2d_nr40_nz125_dt0.25 t=24.23h 33.7% wall=261.0s ETA=514.5s
2026-09-10 22:03:48,073 INFO CACHE_REUSED q1_1d_nr40_nz1_dt0.25
2026-09-10 22:03:48,080 INFO CACHE_REUSED q1_1d_nr40_nz1_dt0.125_half_steps
2026-09-10 22:03:48,923 INFO CACHE_REUSED q1_1d_nr80_nz1_dt0.25_radial_refinement
2026-09-10 22:03:49,585 INFO CACHE_REUSED q23_1d_nr40_nz1_dt0.25
2026-09-10 22:03:49,594 INFO CACHE_REUSED q23_1d_nr40_nz1_dt0.125_half_steps
2026-09-10 22:03:56,498 INFO CACHE_REUSED q23_1d_nr80_nz1_dt0.25_radial_refinement
2026-09-10 22:04:01,889 INFO q23_2d_nr40_nz125_dt0.25 t=25.97h 36.1% wall=281.1s ETA=498.3s
2026-09-10 22:04:02,116 INFO CACHE_REUSED q4_1d_nr40_nz1_dt0.25
2026-09-10 22:04:02,123 INFO CACHE_REUSED q4_1d_nr40_nz1_dt0.125_half_steps
2026-09-10 22:04:03,805 INFO CACHE_REUSED q4_1d_nr80_nz1_dt0.25_radial_refinement
2026-09-10 22:04:21,912 INFO q23_2d_nr40_nz125_dt0.25 t=27.95h 38.8% wall=301.1s ETA=474.5s
2026-09-10 22:04:41,951 INFO q23_2d_nr40_nz125_dt0.25 t=29.85h 41.5% wall=321.1s ETA=453.5s
2026-09-10 22:05:02,112 INFO q23_2d_nr40_nz125_dt0.25 t=31.83h 44.2% wall=341.3s ETA=430.6s
2026-09-10 22:05:22,159 INFO q23_2d_nr40_nz125_dt0.25 t=33.80h 46.9% wall=361.3s ETA=408.4s
2026-09-10 22:05:42,264 INFO q23_2d_nr40_nz125_dt0.25 t=35.77h 49.7% wall=381.4s ETA=386.4s
2026-09-10 22:06:02,332 INFO q23_2d_nr40_nz125_dt0.25 t=37.72h 52.4% wall=401.5s ETA=365.0s
2026-09-10 22:06:22,381 INFO q23_2d_nr40_nz125_dt0.25 t=39.68h 55.1% wall=421.6s ETA=343.3s
2026-09-10 22:06:42,414 INFO q23_2d_nr40_nz125_dt0.25 t=41.53h 57.7% wall=441.6s ETA=323.9s
2026-09-10 22:07:02,480 INFO q23_2d_nr40_nz125_dt0.25 t=43.47h 60.4% wall=461.7s ETA=303.1s
2026-09-10 22:07:22,623 INFO q23_2d_nr40_nz125_dt0.25 t=45.30h 62.9% wall=481.8s ETA=284.0s
2026-09-10 22:07:42,789 INFO q23_2d_nr40_nz125_dt0.25 t=47.15h 65.5% wall=502.0s ETA=264.6s
2026-09-10 22:08:02,860 INFO q23_2d_nr40_nz125_dt0.25 t=49.12h 68.2% wall=522.0s ETA=243.2s
2026-09-10 22:08:22,904 INFO q23_2d_nr40_nz125_dt0.25 t=51.13h 71.0% wall=542.1s ETA=221.2s
2026-09-10 22:08:43,047 INFO q23_2d_nr40_nz125_dt0.25 t=53.12h 73.8% wall=562.2s ETA=199.9s
2026-09-10 22:09:03,072 INFO q23_2d_nr40_nz125_dt0.25 t=55.07h 76.5% wall=582.2s ETA=179.0s
2026-09-10 22:09:23,157 INFO q23_2d_nr40_nz125_dt0.25 t=56.98h 79.1% wall=602.3s ETA=158.7s
2026-09-10 22:09:32,072 INFO DRYING_EVENT_LOCATED {"case_id": "q23_2d_nr40_nz125_dt0.25", "left_s": 208481.125, "right_s": 208481.1875, "width_s": 0.0625, "raw_event_s": 208481.1875, "report_s": 208481.4, "report_h": 57.9115, "left_max_C": 0.15000001331649176, "right_max_C": 0.14999999538756745, "report_max_C": 0.1499999344293009}
2026-09-10 22:09:43,223 INFO q23_2d_nr40_nz125_dt0.25 t=59.08h 82.1% wall=622.4s ETA=136.1s
2026-09-10 22:10:03,317 INFO q23_2d_nr40_nz125_dt0.25 t=61.20h 85.0% wall=642.5s ETA=113.4s
2026-09-10 22:10:23,448 INFO q23_2d_nr40_nz125_dt0.25 t=63.27h 87.9% wall=662.6s ETA=91.5s
2026-09-10 22:10:43,578 INFO q23_2d_nr40_nz125_dt0.25 t=65.38h 90.8% wall=682.8s ETA=69.1s
2026-09-10 22:11:03,731 INFO q23_2d_nr40_nz125_dt0.25 t=67.52h 93.8% wall=702.9s ETA=46.7s
2026-09-10 22:11:23,854 INFO q23_2d_nr40_nz125_dt0.25 t=69.58h 96.6% wall=723.0s ETA=25.1s
2026-09-10 22:11:43,902 INFO q23_2d_nr40_nz125_dt0.25 t=71.70h 99.6% wall=743.1s ETA=3.1s
2026-09-10 22:11:46,774 INFO DRY {"case_id": "q23_2d_nr40_nz125_dt0.25", "simulated_time_s": 259200.0, "Cmax": 0.13813207160162486, "wall_s": 745.9333677000013, "peak_rss_bytes": 710213632, "drying_time_h": 57.9115}
2026-09-10 22:11:46,783 INFO START q4_2d_nr40_nz125_dt0.25 warmup 0.00s target 72.00h
2026-09-10 22:12:06,804 INFO q4_2d_nr40_nz125_dt0.25 t=2.08h 2.9% wall=20.0s ETA=671.9s
2026-09-10 22:12:26,873 INFO q4_2d_nr40_nz125_dt0.25 t=4.18h 5.8% wall=40.1s ETA=649.9s
2026-09-10 22:12:47,027 INFO q4_2d_nr40_nz125_dt0.25 t=6.32h 8.8% wall=60.2s ETA=626.5s
2026-09-10 22:13:07,131 INFO q4_2d_nr40_nz125_dt0.25 t=8.35h 11.6% wall=80.3s ETA=612.5s
2026-09-10 22:13:27,213 INFO q4_2d_nr40_nz125_dt0.25 t=10.35h 14.4% wall=100.4s ETA=598.2s
2026-09-10 22:13:47,297 INFO q4_2d_nr40_nz125_dt0.25 t=12.28h 17.1% wall=120.5s ETA=585.9s
2026-09-10 22:14:07,357 INFO q4_2d_nr40_nz125_dt0.25 t=14.28h 19.8% wall=140.6s ETA=568.0s
2026-09-10 22:14:27,385 INFO q4_2d_nr40_nz125_dt0.25 t=16.25h 22.6% wall=160.6s ETA=551.0s
2026-09-10 22:14:47,539 INFO q4_2d_nr40_nz125_dt0.25 t=18.25h 25.3% wall=180.8s ETA=532.4s
2026-09-10 22:15:07,649 INFO q4_2d_nr40_nz125_dt0.25 t=20.15h 28.0% wall=200.9s ETA=516.9s
2026-09-10 22:15:27,688 INFO q4_2d_nr40_nz125_dt0.25 t=22.25h 30.9% wall=220.9s ETA=493.9s
2026-09-10 22:15:47,725 INFO q4_2d_nr40_nz125_dt0.25 t=24.37h 33.8% wall=240.9s ETA=471.0s
2026-09-10 22:16:07,842 INFO q4_2d_nr40_nz125_dt0.25 t=26.48h 36.8% wall=261.1s ETA=448.7s
2026-09-10 22:16:27,937 INFO q4_2d_nr40_nz125_dt0.25 t=28.48h 39.6% wall=281.2s ETA=429.5s
2026-09-10 22:16:48,040 INFO q4_2d_nr40_nz125_dt0.25 t=30.62h 42.5% wall=301.3s ETA=407.2s
2026-09-10 22:17:08,191 INFO q4_2d_nr40_nz125_dt0.25 t=32.72h 45.4% wall=321.4s ETA=385.9s
2026-09-10 22:17:21,901 WARNING END_EFFECT_NOT_NEGLIGIBLE {"case_id": "q1", "max_abs_T": 3.698672416117404, "max_abs_C": 0.9863754562123477, "relative_time_difference": null}
2026-09-10 22:17:28,239 INFO q4_2d_nr40_nz125_dt0.25 t=34.75h 48.3% wall=341.5s ETA=366.0s
2026-09-10 22:17:48,318 INFO q4_2d_nr40_nz125_dt0.25 t=36.80h 51.1% wall=361.5s ETA=345.8s
2026-09-10 22:18:03,332 WARNING END_EFFECT_NOT_NEGLIGIBLE {"case_id": "q23", "max_abs_T": 4.094380589719037, "max_abs_C": 0.9752337001443194, "relative_time_difference": 3.687247101314159e-05}
2026-09-10 22:18:08,426 INFO q4_2d_nr40_nz125_dt0.25 t=38.80h 53.9% wall=381.6s ETA=326.6s
2026-09-10 22:18:28,521 INFO q4_2d_nr40_nz125_dt0.25 t=40.90h 56.8% wall=401.7s ETA=305.5s
2026-09-10 22:18:48,625 INFO q4_2d_nr40_nz125_dt0.25 t=43.03h 59.8% wall=421.8s ETA=284.0s
2026-09-10 22:19:08,687 INFO q4_2d_nr40_nz125_dt0.25 t=45.15h 62.7% wall=441.9s ETA=262.8s
2026-09-10 22:19:28,824 INFO q4_2d_nr40_nz125_dt0.25 t=47.27h 65.6% wall=462.0s ETA=241.8s
2026-09-10 22:19:48,940 INFO q4_2d_nr40_nz125_dt0.25 t=49.32h 68.5% wall=482.2s ETA=221.8s
2026-09-10 22:20:06,821 INFO DRYING_EVENT_LOCATED {"case_id": "q4_2d_nr40_nz125_dt0.25", "left_s": 184283.8125, "right_s": 184283.875, "width_s": 0.0625, "raw_event_s": 184283.875, "report_s": 184284.0, "report_h": 51.19, "left_max_C": 0.15000002722661357, "right_max_C": 0.14999999526465543, "report_max_C": 0.1499999313408145}
2026-09-10 22:20:09,044 INFO q4_2d_nr40_nz125_dt0.25 t=51.43h 71.4% wall=502.3s ETA=200.8s
2026-09-10 22:20:29,188 INFO q4_2d_nr40_nz125_dt0.25 t=53.50h 74.3% wall=522.4s ETA=180.6s
2026-09-10 22:20:49,202 INFO q4_2d_nr40_nz125_dt0.25 t=55.62h 77.2% wall=542.4s ETA=159.8s
2026-09-10 22:21:09,238 INFO q4_2d_nr40_nz125_dt0.25 t=57.73h 80.2% wall=562.5s ETA=139.0s
2026-09-10 22:21:29,321 INFO q4_2d_nr40_nz125_dt0.25 t=59.85h 83.1% wall=582.5s ETA=118.3s
2026-09-10 22:21:49,414 INFO q4_2d_nr40_nz125_dt0.25 t=61.95h 86.0% wall=602.6s ETA=97.8s
2026-09-10 22:22:09,456 INFO q4_2d_nr40_nz125_dt0.25 t=64.03h 88.9% wall=622.7s ETA=77.5s
2026-09-10 22:22:29,609 INFO q4_2d_nr40_nz125_dt0.25 t=66.15h 91.9% wall=642.8s ETA=56.8s
2026-09-10 22:22:49,775 INFO q4_2d_nr40_nz125_dt0.25 t=68.20h 94.7% wall=663.0s ETA=36.9s
2026-09-10 22:23:09,921 INFO q4_2d_nr40_nz125_dt0.25 t=70.28h 97.6% wall=683.1s ETA=16.7s
2026-09-10 22:23:26,065 INFO DRY {"case_id": "q4_2d_nr40_nz125_dt0.25", "simulated_time_s": 259200.0, "Cmax": 0.12376715323140086, "wall_s": 699.2659182000007, "peak_rss_bytes": 131649536, "drying_time_h": 51.19}
2026-09-10 22:23:36,408 INFO CACHE_REUSED q1_2d_nr40_nz125_dt0.25
2026-09-10 22:23:36,628 INFO START q1_2d_nr40_nz125_dt0.125_half_steps warmup 0.21s target 0.50h
2026-09-10 22:23:46,010 INFO COMPUTED {"case_id": "q1_2d_nr40_nz125_dt0.125_half_steps", "simulated_time_s": 1800.0, "Cmax": 2.5499901324106693, "wall_s": 9.374525700000959, "peak_rss_bytes": 437374976, "drying_time_h": null}
2026-09-10 22:23:47,856 INFO START q1_2d_nr80_nz125_dt0.25_radial_refinement warmup 0.00s target 0.50h
2026-09-10 22:23:47,882 WARNING DT_LIMITED_BY_STABILITY {"case_id": "q1_2d_nr80_nz125_dt0.25_radial_refinement", "requested_dt_s": 0.25, "accepted_dt_s": 0.0625, "simulated_time_s": 0.0, "grid": [80, 125]}
2026-09-10 22:24:07,858 INFO q1_2d_nr80_nz125_dt0.25_radial_refinement t=0.21h 42.9% wall=20.0s ETA=26.6s
2026-09-10 22:24:27,886 INFO q1_2d_nr80_nz125_dt0.25_radial_refinement t=0.43h 85.6% wall=40.0s ETA=6.7s
2026-09-10 22:24:35,283 INFO COMPUTED {"case_id": "q1_2d_nr80_nz125_dt0.25_radial_refinement", "simulated_time_s": 1800.0, "Cmax": 2.5499918558313603, "wall_s": 47.43155309999929, "peak_rss_bytes": 585895936, "drying_time_h": null}
2026-09-10 22:24:38,146 INFO START q1_2d_nr40_nz250_dt0.25_axial_refinement warmup 0.00s target 0.50h
2026-09-10 22:24:48,063 INFO COMPUTED {"case_id": "q1_2d_nr40_nz250_dt0.25_axial_refinement", "simulated_time_s": 1800.0, "Cmax": 2.549990132410681, "wall_s": 9.912082400000145, "peak_rss_bytes": 579252224, "drying_time_h": null}
2026-09-10 22:24:50,400 INFO CACHE_REUSED q23_2d_nr40_nz125_dt0.25
2026-09-10 22:24:50,410 INFO START q23_2d_nr40_nz125_dt0.125_half_steps warmup 0.00s target 0.50h
2026-09-10 22:25:00,773 INFO PARTIAL_TIME_RANGE {"case_id": "q23_2d_nr40_nz125_dt0.125_half_steps", "simulated_time_s": 1800.0, "Cmax": 2.5499239685214063, "wall_s": 10.358016000000134, "peak_rss_bytes": 437891072, "drying_time_h": null}
2026-09-10 22:25:02,602 INFO START q23_2d_nr80_nz125_dt0.25_radial_refinement warmup 0.00s target 0.50h
2026-09-10 22:25:02,616 WARNING DT_LIMITED_BY_STABILITY {"case_id": "q23_2d_nr80_nz125_dt0.25_radial_refinement", "requested_dt_s": 0.25, "accepted_dt_s": 0.125, "simulated_time_s": 0.0, "grid": [80, 125]}
2026-09-10 22:25:22,615 INFO q23_2d_nr80_nz125_dt0.25_radial_refinement t=0.32h 64.5% wall=20.0s ETA=11.0s
2026-09-10 22:25:40,903 INFO PARTIAL_TIME_RANGE {"case_id": "q23_2d_nr80_nz125_dt0.25_radial_refinement", "simulated_time_s": 1800.0, "Cmax": 2.549931592584488, "wall_s": 38.29592080000111, "peak_rss_bytes": 573325312, "drying_time_h": null}
2026-09-10 22:25:43,594 INFO START q23_2d_nr40_nz250_dt0.25_axial_refinement warmup 0.00s target 0.50h
2026-09-10 22:25:54,229 INFO PARTIAL_TIME_RANGE {"case_id": "q23_2d_nr40_nz250_dt0.25_axial_refinement", "simulated_time_s": 1800.0, "Cmax": 2.5499239685214117, "wall_s": 10.629584199999954, "peak_rss_bytes": 577691648, "drying_time_h": null}
2026-09-10 22:25:56,760 WARNING SPATIAL_VALIDATION_INCOMPLETE {"case_id": "q23_2d_nr40_nz125_dt0.25", "covered_time_s": [0, 1800.0], "uncovered_time_s": [1800.0, 259200], "reason": "2D temporal and separate doubled spatial meshes restricted to first 1800 s based on measured base runtime and cache cost", "measured_base_wall_s": 745.9333677000013, "base_peak_rss_bytes": 710213632}
2026-09-10 22:25:56,831 INFO CACHE_REUSED q4_2d_nr40_nz125_dt0.25
2026-09-10 22:25:56,843 INFO START q4_2d_nr40_nz125_dt0.125_half_steps warmup 0.00s target 0.50h
2026-09-10 22:26:06,268 INFO PARTIAL_TIME_RANGE {"case_id": "q4_2d_nr40_nz125_dt0.125_half_steps", "simulated_time_s": 1800.0, "Cmax": 2.55, "wall_s": 9.4203604000013, "peak_rss_bytes": 153563136, "drying_time_h": null}
2026-09-10 22:26:06,345 INFO START q4_2d_nr80_nz125_dt0.25_radial_refinement warmup 0.00s target 0.50h
2026-09-10 22:26:07,882 WARNING DT_LIMITED_BY_STABILITY {"case_id": "q4_2d_nr80_nz125_dt0.25_radial_refinement", "requested_dt_s": 0.25, "accepted_dt_s": 0.125, "simulated_time_s": 180.0, "grid": [80, 125]}
2026-09-10 22:26:26,980 INFO q4_2d_nr80_nz125_dt0.25_radial_refinement t=0.48h 96.7% wall=20.6s ETA=0.7s
2026-09-10 22:26:27,777 INFO PARTIAL_TIME_RANGE {"case_id": "q4_2d_nr80_nz125_dt0.25_radial_refinement", "simulated_time_s": 1800.0, "Cmax": 2.55, "wall_s": 21.42829309999979, "peak_rss_bytes": 155500544, "drying_time_h": null}
2026-09-10 22:26:27,873 INFO START q4_2d_nr40_nz250_dt0.25_axial_refinement warmup 0.00s target 0.50h
2026-09-10 22:26:38,060 INFO PARTIAL_TIME_RANGE {"case_id": "q4_2d_nr40_nz250_dt0.25_axial_refinement", "simulated_time_s": 1800.0, "Cmax": 2.55, "wall_s": 10.184084200000143, "peak_rss_bytes": 155160576, "drying_time_h": null}
2026-09-10 22:26:38,146 WARNING SPATIAL_VALIDATION_INCOMPLETE {"case_id": "q4_2d_nr40_nz125_dt0.25", "covered_time_s": [0, 1800.0], "uncovered_time_s": [1800.0, 259200], "reason": "2D temporal and separate doubled spatial meshes restricted to first 1800 s based on measured base runtime and cache cost", "measured_base_wall_s": 699.2659182000007, "base_peak_rss_bytes": 131649536}
2026-09-10 22:26:46,700 WARNING END_EFFECT_NOT_NEGLIGIBLE {"case_id": "q4", "max_abs_T": 5.535398828697737, "max_abs_C": 1.710335829331694, "relative_time_difference": 3.391505567325964e-07}
2026-09-10 22:30:23,113 INFO DELIVERY_CHECKS_COMPLETE {"case_count": 21, "program_tests_passed": 18, "official_format_candidates": 4, "spatial_accuracy_certified": false, "two_dimensional_validation_coverage_s": 1800, "three_dimensional_png_count": 2, "gif_count": 2}
2026-09-10 23:39:31,962 WARNING END_EFFECT_NOT_NEGLIGIBLE {"case_id": "q1", "max_abs_T": 3.698672416117404, "max_abs_C": 0.9863754562123477, "relative_time_difference": null}
2026-09-10 23:40:09,738 WARNING END_EFFECT_NOT_NEGLIGIBLE {"case_id": "q23", "max_abs_T": 4.094380589719037, "max_abs_C": 0.9752337001443194, "relative_time_difference": 3.687247101314159e-05}
2026-09-10 23:40:35,301 WARNING END_EFFECT_NOT_NEGLIGIBLE {"case_id": "q4", "max_abs_T": 5.535398828697737, "max_abs_C": 1.710335829331694, "relative_time_difference": 3.391505567325964e-07}
2026-09-11 00:50:47,233 WARNING ADAPTIVE_MESH_DT_CONFLICT {"case": "q1", "dimension": 1, "nr": 80, "nz": 1, "requested_dt": 0.25, "stability_bound": 0.08529766510878518, "uniform_stability_bound": 0.1288681830982782, "failing_location": [0, 71, 0], "dt_compatible": false, "min_max_dr": {"min": 0.0002033928714060873, "max": 0.0002795353631896452, "mean": 0.00025, "neighbor_ratio": 1.014266060691301}, "min_max_dz": {"min": 0.125, "max": 0.125, "mean": 0.125, "neighbor_ratio": 1.0}, "monitor_min": 1.0, "monitor_max": 1.375, "reason": "Fine grid cannot guarantee 0.25 s, even before strong clustering; requested dt stays fixed and existing RK4 safety limiter remains active."}
2026-09-11 00:50:47,239 WARNING ADAPTIVE_MESH_DT_CONFLICT {"case": "q1", "dimension": 1, "nr": 160, "nz": 1, "requested_dt": 0.25, "stability_bound": 0.021324416277195456, "uniform_stability_bound": 0.03221704577456899, "failing_location": [0, 134, 0], "dt_compatible": false, "min_max_dr": {"min": 0.00010169643570304254, "max": 0.00013980009758546083, "mean": 0.000125, "neighbor_ratio": 1.0072223209080313}, "min_max_dz": {"min": 0.125, "max": 0.125, "mean": 0.125, "neighbor_ratio": 1.0}, "monitor_min": 1.0, "monitor_max": 1.375, "reason": "Fine grid cannot guarantee 0.25 s, even before strong clustering; requested dt stays fixed and existing RK4 safety limiter remains active."}
2026-09-11 00:50:47,249 WARNING ADAPTIVE_MESH_DT_CONFLICT {"case": "q1", "dimension": 2, "nr": 80, "nz": 125, "requested_dt": 0.25, "stability_bound": 0.07961001405207749, "uniform_stability_bound": 0.12128770173955596, "failing_location": [0, 71, 121], "dt_compatible": false, "min_max_dr": {"min": 0.0002033928714060873, "max": 0.0002795353631896452, "mean": 0.00025, "neighbor_ratio": 1.014266060691301}, "min_max_dz": {"min": 0.0007609447161983918, "max": 0.001046298982481953, "mean": 0.0009999999999999998, "neighbor_ratio": 1.0389122062220189}, "monitor_min": 1.0, "monitor_max": 1.375, "reason": "Fine grid cannot guarantee 0.25 s, even before strong clustering; requested dt stays fixed and existing RK4 safety limiter remains active."}
2026-09-11 00:50:47,254 WARNING ADAPTIVE_MESH_DT_CONFLICT {"case": "q1", "dimension": 2, "nr": 40, "nz": 250, "requested_dt": 0.25, "stability_bound": 0.15920406924007827, "uniform_stability_bound": 0.2577363661965564, "failing_location": [0, 35, 243], "dt_compatible": false, "min_max_dr": {"min": 0.0004067857428121746, "max": 0.0005588200185019017, "mean": 0.0004999999999999999, "neighbor_ratio": 1.0284072704023526}, "min_max_dz": {"min": 0.000380472358099182, "max": 0.000523149491800323, "mean": 0.0004999999999999999, "neighbor_ratio": 1.0221452811519949}, "monitor_min": 1.0, "monitor_max": 1.375, "reason": "Fine grid cannot guarantee 0.25 s, even before strong clustering; requested dt stays fixed and existing RK4 safety limiter remains active."}
2026-09-11 00:50:52,344 WARNING ADAPTIVE_MESH_DT_CONFLICT {"case": "q23", "dimension": 1, "nr": 80, "nz": 1, "requested_dt": 0.25, "stability_bound": 0.08014914009765005, "uniform_stability_bound": 0.09900204069484567, "failing_location": [0, 78, 0], "dt_compatible": false, "min_max_dr": {"min": 0.00022058760821699107, "max": 0.00025889808617706936, "mean": 0.00024999999999999995, "neighbor_ratio": 1.0203691759055105}, "min_max_dz": {"min": 0.125, "max": 0.125, "mean": 0.125, "neighbor_ratio": 1.0}, "monitor_min": 1.0, "monitor_max": 1.1875, "reason": "Fine grid cannot guarantee 0.25 s, even before strong clustering; requested dt stays fixed and existing RK4 safety limiter remains active."}
2026-09-11 00:50:52,350 WARNING ADAPTIVE_MESH_DT_CONFLICT {"case": "q23", "dimension": 1, "nr": 160, "nz": 1, "requested_dt": 0.25, "stability_bound": 0.01948691727418691, "uniform_stability_bound": 0.02475051017371098, "failing_location": [0, 158, 0], "dt_compatible": false, "min_max_dr": {"min": 0.00010965896330220382, "max": 0.00012946583140461927, "mean": 0.000125, "neighbor_ratio": 1.0115784571944602}, "min_max_dz": {"min": 0.125, "max": 0.125, "mean": 0.125, "neighbor_ratio": 1.0}, "monitor_min": 1.0, "monitor_max": 1.1875, "reason": "Fine grid cannot guarantee 0.25 s, even before strong clustering; requested dt stays fixed and existing RK4 safety limiter remains active."}
2026-09-11 00:50:52,360 WARNING ADAPTIVE_MESH_DT_CONFLICT {"case": "q23", "dimension": 2, "nr": 80, "nz": 125, "requested_dt": 0.25, "stability_bound": 0.0750497254142958, "uniform_stability_bound": 0.0931783912422077, "failing_location": [0, 78, 118], "dt_compatible": false, "min_max_dr": {"min": 0.00022058760821699107, "max": 0.00025889808617706936, "mean": 0.00024999999999999995, "neighbor_ratio": 1.0203691759055105}, "min_max_dz": {"min": 0.0008629422996286606, "max": 0.0010247439806109083, "mean": 0.001, "neighbor_ratio": 1.0219432303603135}, "monitor_min": 1.0, "monitor_max": 1.1875, "reason": "Fine grid cannot guarantee 0.25 s, even before strong clustering; requested dt stays fixed and existing RK4 safety limiter remains active."}
2026-09-11 00:50:52,367 WARNING ADAPTIVE_MESH_DT_CONFLICT {"case": "q23", "dimension": 2, "nr": 40, "nz": 250, "requested_dt": 0.25, "stability_bound": 0.15679798277406418, "uniform_stability_bound": 0.19800408138969125, "failing_location": [0, 38, 248], "dt_compatible": false, "min_max_dr": {"min": 0.0004456684042283299, "max": 0.0005176658748519389, "mean": 0.0005, "neighbor_ratio": 1.0331099976143439}, "min_max_dz": {"min": 0.0004314711498143303, "max": 0.0005123719903539826, "mean": 0.0004999999999999999, "neighbor_ratio": 1.0129211422016104}, "monitor_min": 1.0, "monitor_max": 1.1875, "reason": "Fine grid cannot guarantee 0.25 s, even before strong clustering; requested dt stays fixed and existing RK4 safety limiter remains active."}
2026-09-11 00:50:54,275 WARNING ADAPTIVE_MESH_DT_CONFLICT {"case": "q4", "dimension": 1, "nr": 80, "nz": 1, "requested_dt": 0.25, "stability_bound": 0.07663480161664023, "uniform_stability_bound": 0.08640769650604264, "failing_location": [0, 76, 0], "dt_compatible": false, "min_max_dr": {"min": 0.00014102744438879454, "max": 0.00015421813316524022, "mean": 0.00014974999999999998, "neighbor_ratio": 1.006885153487816}, "min_max_dz": {"min": 0.125, "max": 0.125, "mean": 0.125, "neighbor_ratio": 1.0}, "monitor_min": 1.0, "monitor_max": 1.09375, "reason": "Fine grid cannot guarantee 0.25 s, even before strong clustering; requested dt stays fixed and existing RK4 safety limiter remains active."}
2026-09-11 00:50:54,282 WARNING ADAPTIVE_MESH_DT_CONFLICT {"case": "q4", "dimension": 1, "nr": 160, "nz": 1, "requested_dt": 0.25, "stability_bound": 0.01915870040415985, "uniform_stability_bound": 0.021601924126510155, "failing_location": [0, 158, 0], "dt_compatible": false, "min_max_dr": {"min": 7.051372219439594e-05, "max": 7.711672117340112e-05, "mean": 7.487499999999999e-05, "neighbor_ratio": 1.0035355863794224}, "min_max_dz": {"min": 0.125, "max": 0.125, "mean": 0.125, "neighbor_ratio": 1.0}, "monitor_min": 1.0, "monitor_max": 1.09375, "reason": "Fine grid cannot guarantee 0.25 s, even before strong clustering; requested dt stays fixed and existing RK4 safety limiter remains active."}
2026-09-11 00:50:54,296 WARNING ADAPTIVE_MESH_DT_CONFLICT {"case": "q4", "dimension": 2, "nr": 80, "nz": 125, "requested_dt": 0.25, "stability_bound": 0.07489452031047712, "uniform_stability_bound": 0.08451249844635207, "failing_location": [0, 76, 123], "dt_compatible": false, "min_max_dr": {"min": 0.00014102744438879454, "max": 0.00015421813316524022, "mean": 0.00014974999999999998, "neighbor_ratio": 1.006885153487816}, "min_max_dz": {"min": 0.0009251644367714307, "max": 0.0010118986027187731, "mean": 0.001, "neighbor_ratio": 1.0073665537000123}, "monitor_min": 1.0, "monitor_max": 1.09375, "reason": "Fine grid cannot guarantee 0.25 s, even before strong clustering; requested dt stays fixed and existing RK4 safety limiter remains active."}
2026-09-11 00:50:54,305 WARNING ADAPTIVE_MESH_DT_CONFLICT {"case": "q4", "dimension": 2, "nr": 40, "nz": 250, "requested_dt": 0.25, "stability_bound": 0.2234604394171204, "uniform_stability_bound": 0.25436453610511844, "failing_location": [0, 38, 247], "dt_compatible": false, "min_max_dr": {"min": 0.00028205488877759043, "max": 0.0003083768377584064, "mean": 0.00029949999999999996, "neighbor_ratio": 1.011641562760427}, "min_max_dz": {"min": 0.00046258221838570146, "max": 0.0005059493013593866, "mean": 0.0005, "neighbor_ratio": 1.0037309796051364}, "monitor_min": 1.0, "monitor_max": 1.09375, "reason": "Fine grid cannot guarantee 0.25 s, even before strong clustering; requested dt stays fixed and existing RK4 safety limiter remains active."}
2026-09-11 00:55:21,021 INFO START q1_1d_adaptive_nr40_nz1_dt0.25_mcecd4275aca0 warmup 9.30s target 0.50h
2026-09-11 00:55:21,601 INFO COMPUTED {"case_id": "q1_1d_adaptive_nr40_nz1_dt0.25_mcecd4275aca0", "simulated_time_s": 1800.0, "Cmax": 2.5499901908781264, "wall_s": 0.5754827999990084, "peak_rss_bytes": 228397056, "drying_time_h": null}
2026-09-11 00:55:21,627 INFO START q1_1d_adaptive_nr80_nz1_dt0.25_m2fb9c46fbeef warmup 0.00s target 0.50h
2026-09-11 00:55:21,628 WARNING DT_LIMITED_BY_STABILITY {"case_id": "q1_1d_adaptive_nr80_nz1_dt0.25_m2fb9c46fbeef", "requested_dt_s": 0.25, "accepted_dt_s": 0.046875, "simulated_time_s": 0.0, "grid": [80, 1]}
2026-09-11 00:55:23,083 INFO COMPUTED {"case_id": "q1_1d_adaptive_nr80_nz1_dt0.25_m2fb9c46fbeef", "simulated_time_s": 1800.0, "Cmax": 2.549991866754662, "wall_s": 1.4511853999974846, "peak_rss_bytes": 229158912, "drying_time_h": null}
2026-09-11 00:55:23,110 INFO START q1_1d_adaptive_nr160_nz1_dt0.25_m26b01dc00898 warmup 0.00s target 0.50h
2026-09-11 00:55:23,116 WARNING DT_LIMITED_BY_STABILITY {"case_id": "q1_1d_adaptive_nr160_nz1_dt0.25_m26b01dc00898", "requested_dt_s": 0.25, "accepted_dt_s": 0.010712196255036055, "simulated_time_s": 0.0, "grid": [160, 1]}
2026-09-11 00:55:32,648 INFO COMPUTED {"case_id": "q1_1d_adaptive_nr160_nz1_dt0.25_m26b01dc00898", "simulated_time_s": 1800.0, "Cmax": 2.549992270836312, "wall_s": 9.534362500002317, "peak_rss_bytes": 229994496, "drying_time_h": null}
2026-09-11 00:55:32,682 INFO START q23_1d_adaptive_nr40_nz1_dt0.25_mf63f9f413ef6 warmup 0.00s target 72.00h
2026-09-11 00:55:50,831 INFO DRYING_EVENT_LOCATED {"case_id": "q23_1d_adaptive_nr40_nz1_dt0.25_mf63f9f413ef6", "left_s": 208280.875, "right_s": 208280.9375, "width_s": 0.0625, "raw_event_s": 208280.9375, "report_s": 208281.24, "report_h": 57.8559, "left_max_C": 0.15000001695622395, "right_max_C": 0.1499999989919916, "report_max_C": 0.14999991204525187}
2026-09-11 00:55:52,683 INFO q23_1d_adaptive_nr40_nz1_dt0.25_mf63f9f413ef6 t=64.92h 90.2% wall=20.0s ETA=2.2s
2026-09-11 00:55:54,593 INFO DRY {"case_id": "q23_1d_adaptive_nr40_nz1_dt0.25_mf63f9f413ef6", "simulated_time_s": 259200.0, "Cmax": 0.13807412137569822, "wall_s": 21.90130859999772, "peak_rss_bytes": 240668672, "drying_time_h": 57.8559}
2026-09-11 00:55:54,614 INFO START q23_1d_adaptive_nr80_nz1_dt0.25_m56c5bf06eb27 warmup 0.00s target 72.00h
2026-09-11 00:55:54,616 WARNING DT_LIMITED_BY_STABILITY {"case_id": "q23_1d_adaptive_nr80_nz1_dt0.25_m56c5bf06eb27", "requested_dt_s": 0.25, "accepted_dt_s": 0.0625, "simulated_time_s": 0.0, "grid": [80, 1]}
2026-09-11 00:56:14,614 INFO q23_1d_adaptive_nr80_nz1_dt0.25_m56c5bf06eb27 t=8.57h 11.9% wall=20.0s ETA=148.1s
2026-09-11 00:56:34,622 INFO q23_1d_adaptive_nr80_nz1_dt0.25_m56c5bf06eb27 t=18.97h 26.3% wall=40.0s ETA=111.9s
2026-09-11 00:56:54,649 INFO q23_1d_adaptive_nr80_nz1_dt0.25_m56c5bf06eb27 t=30.20h 41.9% wall=60.0s ETA=83.1s
2026-09-11 00:57:14,676 INFO q23_1d_adaptive_nr80_nz1_dt0.25_m56c5bf06eb27 t=41.42h 57.5% wall=80.1s ETA=59.1s
2026-09-11 00:57:34,693 INFO q23_1d_adaptive_nr80_nz1_dt0.25_m56c5bf06eb27 t=52.42h 72.8% wall=100.1s ETA=37.4s
2026-09-11 00:57:45,603 INFO DRYING_EVENT_LOCATED {"case_id": "q23_1d_adaptive_nr80_nz1_dt0.25_m56c5bf06eb27", "left_s": 207437.4375, "right_s": 207437.5, "width_s": 0.0625, "raw_event_s": 207437.5, "report_s": 207437.75999999998, "report_h": 57.621599999999994, "left_max_C": 0.15000001710456212, "right_max_C": 0.1499999989947882, "report_max_C": 0.14999992365824016}
2026-09-11 00:57:54,715 INFO q23_1d_adaptive_nr80_nz1_dt0.25_m56c5bf06eb27 t=62.62h 87.0% wall=120.1s ETA=18.0s
2026-09-11 00:58:11,414 INFO DRY {"case_id": "q23_1d_adaptive_nr80_nz1_dt0.25_m56c5bf06eb27", "simulated_time_s": 259200.0, "Cmax": 0.1378318381738288, "wall_s": 136.78886200000125, "peak_rss_bytes": 244879360, "drying_time_h": 57.621599999999994}
2026-09-11 00:58:11,432 INFO START q23_1d_adaptive_nr160_nz1_dt0.25_m94a220bc5006 warmup 0.00s target 72.00h
2026-09-11 00:58:11,438 WARNING DT_LIMITED_BY_STABILITY {"case_id": "q23_1d_adaptive_nr160_nz1_dt0.25_m94a220bc5006", "requested_dt_s": 0.25, "accepted_dt_s": 0.014791837893426418, "simulated_time_s": 0.0, "grid": [160, 1]}
2026-09-11 00:58:31,433 INFO q23_1d_adaptive_nr160_nz1_dt0.25_m94a220bc5006 t=1.19h 1.7% wall=20.0s ETA=1190.9s
2026-09-11 00:58:51,435 INFO q23_1d_adaptive_nr160_nz1_dt0.25_m94a220bc5006 t=2.35h 3.3% wall=40.0s ETA=1186.3s
2026-09-11 00:59:11,695 INFO q23_1d_adaptive_nr160_nz1_dt0.25_m94a220bc5006 t=3.45h 4.8% wall=60.3s ETA=1197.5s
2026-09-11 00:59:32,026 INFO q23_1d_adaptive_nr160_nz1_dt0.25_m94a220bc5006 t=4.52h 6.3% wall=80.6s ETA=1204.2s
2026-09-11 00:59:52,237 INFO q23_1d_adaptive_nr160_nz1_dt0.25_m94a220bc5006 t=5.63h 7.8% wall=100.8s ETA=1187.6s
2026-09-11 01:00:12,438 INFO q23_1d_adaptive_nr160_nz1_dt0.25_m94a220bc5006 t=6.77h 9.4% wall=121.0s ETA=1166.6s
2026-09-11 01:00:32,613 INFO q23_1d_adaptive_nr160_nz1_dt0.25_m94a220bc5006 t=8.00h 11.1% wall=141.2s ETA=1129.5s
2026-09-11 01:00:52,906 INFO q23_1d_adaptive_nr160_nz1_dt0.25_m94a220bc5006 t=9.18h 12.8% wall=161.5s ETA=1104.5s
2026-09-11 01:01:13,045 INFO q23_1d_adaptive_nr160_nz1_dt0.25_m94a220bc5006 t=10.40h 14.4% wall=181.6s ETA=1075.7s
2026-09-11 01:01:21,226 INFO CACHE_REUSED q1_1d_adaptive_nr40_nz1_dt0.25_mcecd4275aca0
2026-09-11 01:01:21,228 INFO CACHE_REUSED {"case_id": "q1_1d_adaptive_nr40_nz1_dt0.25_mcecd4275aca0"}
2026-09-11 01:01:21,244 INFO CACHE_REUSED q1_1d_adaptive_nr80_nz1_dt0.25_m2fb9c46fbeef
2026-09-11 01:01:21,245 INFO CACHE_REUSED {"case_id": "q1_1d_adaptive_nr80_nz1_dt0.25_m2fb9c46fbeef"}
2026-09-11 01:01:21,262 INFO CACHE_REUSED q1_1d_adaptive_nr160_nz1_dt0.25_m26b01dc00898
2026-09-11 01:01:21,263 INFO CACHE_REUSED {"case_id": "q1_1d_adaptive_nr160_nz1_dt0.25_m26b01dc00898"}
2026-09-11 01:01:24,773 WARNING SPATIAL_CONVERGENCE_FAILED {"case_id": "q1_1d_adaptive_nr160_nz1_dt0.25_m26b01dc00898", "failure_reasons": ["OFFICIAL_C_EXCEEDS_TOLERANCE"]}
2026-09-11 01:01:24,846 INFO START q1_1d_adaptive_nr160_nz1_dt0.125_m26b01dc00898_half_steps warmup 0.05s target 0.50h
2026-09-11 01:01:33,224 INFO q23_1d_adaptive_nr160_nz1_dt0.25_m94a220bc5006 t=11.58h 16.1% wall=201.8s ETA=1052.5s
2026-09-11 01:01:35,393 INFO COMPUTED {"case_id": "q1_1d_adaptive_nr160_nz1_dt0.125_m26b01dc00898_half_steps", "simulated_time_s": 1800.0, "Cmax": 2.549992270836059, "wall_s": 10.540599200001452, "peak_rss_bytes": 304705536, "drying_time_h": null}
2026-09-11 01:01:46,418 INFO START q1_2d_adaptive_nr40_nz125_dt0.25_md810aa408542 warmup 0.43s target 0.50h
2026-09-11 01:01:53,104 INFO COMPUTED {"case_id": "q1_2d_adaptive_nr40_nz125_dt0.25_md810aa408542", "simulated_time_s": 1800.0, "Cmax": 2.5499901908781264, "wall_s": 6.679685300001438, "peak_rss_bytes": 417492992, "drying_time_h": null}
2026-09-11 01:01:53,171 INFO START q23_2d_adaptive_nr40_nz125_dt0.25_mfd6e5cf8c919 warmup 0.00s target 72.00h
2026-09-11 01:01:53,431 INFO q23_1d_adaptive_nr160_nz1_dt0.25_m94a220bc5006 t=12.77h 17.7% wall=222.0s ETA=1030.0s
2026-09-11 01:02:13,171 INFO q23_2d_adaptive_nr40_nz125_dt0.25_mfd6e5cf8c919 t=1.24h 1.7% wall=20.0s ETA=1139.8s
2026-09-11 01:02:13,579 INFO q23_1d_adaptive_nr160_nz1_dt0.25_m94a220bc5006 t=13.92h 19.3% wall=242.1s ETA=1010.6s
2026-09-11 01:02:33,174 INFO q23_2d_adaptive_nr40_nz125_dt0.25_mfd6e5cf8c919 t=2.48h 3.5% wall=40.0s ETA=1119.5s
2026-09-11 01:02:33,815 INFO q23_1d_adaptive_nr160_nz1_dt0.25_m94a220bc5006 t=15.08h 20.9% wall=262.4s ETA=990.1s
2026-09-11 01:02:53,293 INFO q23_2d_adaptive_nr40_nz125_dt0.25_mfd6e5cf8c919 t=3.73h 5.2% wall=60.1s ETA=1099.4s
2026-09-11 01:02:54,086 INFO q23_1d_adaptive_nr160_nz1_dt0.25_m94a220bc5006 t=16.17h 22.5% wall=282.7s ETA=976.2s
2026-09-11 01:03:13,409 INFO q23_2d_adaptive_nr40_nz125_dt0.25_mfd6e5cf8c919 t=5.18h 7.2% wall=80.2s ETA=1034.3s
2026-09-11 01:03:14,161 INFO q23_1d_adaptive_nr160_nz1_dt0.25_m94a220bc5006 t=17.33h 24.1% wall=302.7s ETA=954.8s
2026-09-11 01:03:33,441 INFO q23_2d_adaptive_nr40_nz125_dt0.25_mfd6e5cf8c919 t=6.58h 9.1% wall=100.3s ETA=996.4s
2026-09-11 01:03:34,361 INFO q23_1d_adaptive_nr160_nz1_dt0.25_m94a220bc5006 t=18.47h 25.6% wall=322.9s ETA=936.2s
2026-09-11 01:03:53,537 INFO q23_2d_adaptive_nr40_nz125_dt0.25_mfd6e5cf8c919 t=8.02h 11.1% wall=120.4s ETA=960.7s
2026-09-11 01:03:54,663 INFO q23_1d_adaptive_nr160_nz1_dt0.25_m94a220bc5006 t=19.62h 27.2% wall=343.2s ETA=916.6s
2026-09-11 01:04:13,726 INFO q23_2d_adaptive_nr40_nz125_dt0.25_mfd6e5cf8c919 t=9.43h 13.1% wall=140.6s ETA=932.2s
2026-09-11 01:04:14,684 INFO q23_1d_adaptive_nr160_nz1_dt0.25_m94a220bc5006 t=20.73h 28.8% wall=363.3s ETA=898.2s
2026-09-11 01:04:33,873 INFO q23_2d_adaptive_nr40_nz125_dt0.25_mfd6e5cf8c919 t=10.83h 15.0% wall=160.7s ETA=907.4s
2026-09-11 01:04:34,759 INFO q23_1d_adaptive_nr160_nz1_dt0.25_m94a220bc5006 t=21.85h 30.3% wall=383.3s ETA=879.8s
2026-09-11 01:04:54,089 INFO q23_2d_adaptive_nr40_nz125_dt0.25_mfd6e5cf8c919 t=12.25h 17.0% wall=180.9s ETA=882.4s
2026-09-11 01:04:54,784 INFO q23_1d_adaptive_nr160_nz1_dt0.25_m94a220bc5006 t=22.97h 31.9% wall=403.4s ETA=861.2s
2026-09-11 01:05:14,193 INFO q23_2d_adaptive_nr40_nz125_dt0.25_mfd6e5cf8c919 t=13.63h 18.9% wall=201.0s ETA=860.6s
2026-09-11 01:05:14,873 INFO q23_1d_adaptive_nr160_nz1_dt0.25_m94a220bc5006 t=24.07h 33.4% wall=423.4s ETA=843.4s
2026-09-11 01:05:34,305 INFO q23_2d_adaptive_nr40_nz125_dt0.25_mfd6e5cf8c919 t=15.00h 20.8% wall=221.1s ETA=840.3s
2026-09-11 01:05:34,987 INFO q23_1d_adaptive_nr160_nz1_dt0.25_m94a220bc5006 t=25.17h 35.0% wall=443.6s ETA=825.4s
2026-09-11 01:05:54,512 INFO q23_2d_adaptive_nr40_nz125_dt0.25_mfd6e5cf8c919 t=16.40h 22.8% wall=241.3s ETA=818.2s
2026-09-11 01:05:55,086 INFO q23_1d_adaptive_nr160_nz1_dt0.25_m94a220bc5006 t=26.27h 36.5% wall=463.7s ETA=807.3s
2026-09-11 01:06:14,613 INFO q23_2d_adaptive_nr40_nz125_dt0.25_mfd6e5cf8c919 t=17.80h 24.7% wall=261.4s ETA=796.1s
2026-09-11 01:06:15,252 INFO q23_1d_adaptive_nr160_nz1_dt0.25_m94a220bc5006 t=27.38h 38.0% wall=483.8s ETA=788.3s
2026-09-11 01:06:34,833 INFO q23_2d_adaptive_nr40_nz125_dt0.25_mfd6e5cf8c919 t=19.18h 26.6% wall=281.7s ETA=775.5s
2026-09-11 01:06:35,315 INFO q23_1d_adaptive_nr160_nz1_dt0.25_m94a220bc5006 t=28.47h 39.5% wall=503.9s ETA=770.6s
2026-09-11 01:06:54,868 INFO q23_2d_adaptive_nr40_nz125_dt0.25_mfd6e5cf8c919 t=20.57h 28.6% wall=301.7s ETA=754.5s
2026-09-11 01:06:55,423 INFO q23_1d_adaptive_nr160_nz1_dt0.25_m94a220bc5006 t=29.58h 41.1% wall=524.0s ETA=751.3s
2026-09-11 01:07:14,894 INFO q23_2d_adaptive_nr40_nz125_dt0.25_mfd6e5cf8c919 t=21.98h 30.5% wall=321.7s ETA=732.0s
2026-09-11 01:07:15,576 INFO q23_1d_adaptive_nr160_nz1_dt0.25_m94a220bc5006 t=30.72h 42.7% wall=544.1s ETA=731.3s
2026-09-11 01:07:34,993 INFO q23_2d_adaptive_nr40_nz125_dt0.25_mfd6e5cf8c919 t=23.38h 32.5% wall=341.8s ETA=710.7s
2026-09-11 01:07:35,717 INFO q23_1d_adaptive_nr160_nz1_dt0.25_m94a220bc5006 t=31.85h 44.2% wall=564.3s ETA=711.3s
2026-09-11 01:07:55,100 INFO q23_2d_adaptive_nr40_nz125_dt0.25_mfd6e5cf8c919 t=24.77h 34.4% wall=361.9s ETA=690.2s
2026-09-11 01:07:56,017 INFO q23_1d_adaptive_nr160_nz1_dt0.25_m94a220bc5006 t=32.97h 45.8% wall=584.6s ETA=692.2s
2026-09-11 01:08:02,256 INFO CACHE_REUSED q1_2d_adaptive_nr40_nz125_dt0.25_md810aa408542
2026-09-11 01:08:02,257 INFO CACHE_REUSED {"case_id": "q1_2d_adaptive_nr40_nz125_dt0.25_md810aa408542"}
2026-09-11 01:08:02,490 INFO START q1_2d_adaptive_nr40_nz125_dt0.125_md810aa408542_half_steps warmup 0.22s target 0.50h
2026-09-11 01:08:15,276 INFO q23_2d_adaptive_nr40_nz125_dt0.25_mfd6e5cf8c919 t=26.12h 36.3% wall=382.1s ETA=671.3s
2026-09-11 01:08:16,147 INFO q23_1d_adaptive_nr160_nz1_dt0.25_m94a220bc5006 t=34.05h 47.3% wall=604.7s ETA=674.0s
2026-09-11 01:08:16,743 INFO COMPUTED {"case_id": "q1_2d_adaptive_nr40_nz125_dt0.125_md810aa408542_half_steps", "simulated_time_s": 1800.0, "Cmax": 2.5499901908781273, "wall_s": 14.22116620000088, "peak_rss_bytes": 441556992, "drying_time_h": null}
2026-09-11 01:08:23,049 WARNING END_EFFECT_NOT_NEGLIGIBLE {"case_id": "q1", "max_abs_T": 3.697590683434555, "max_abs_C": 0.9862263314164501, "relative_time_difference": null}
2026-09-11 01:08:23,146 INFO START q1_2d_adaptive_nr80_nz125_dt0.25_m0663d58bba57_radial_verification warmup 0.00s target 0.50h
2026-09-11 01:08:23,190 WARNING DT_LIMITED_BY_STABILITY {"case_id": "q1_2d_adaptive_nr80_nz125_dt0.25_m0663d58bba57_radial_verification", "requested_dt_s": 0.25, "accepted_dt_s": 0.046875, "simulated_time_s": 0.0, "grid": [80, 125]}
2026-09-11 01:08:35,475 INFO q23_2d_adaptive_nr40_nz125_dt0.25_mfd6e5cf8c919 t=27.48h 38.2% wall=402.3s ETA=651.6s
2026-09-11 01:08:36,377 INFO q23_1d_adaptive_nr160_nz1_dt0.25_m94a220bc5006 t=35.17h 48.8% wall=624.9s ETA=654.6s
2026-09-11 01:08:43,177 INFO q1_2d_adaptive_nr80_nz125_dt0.25_m0663d58bba57_radial_verification t=0.13h 26.9% wall=20.0s ETA=54.5s
2026-09-11 01:08:55,548 INFO q23_2d_adaptive_nr40_nz125_dt0.25_mfd6e5cf8c919 t=28.83h 40.0% wall=422.4s ETA=632.3s
2026-09-11 01:08:56,634 INFO q23_1d_adaptive_nr160_nz1_dt0.25_m94a220bc5006 t=36.27h 50.4% wall=645.2s ETA=635.7s
2026-09-11 01:09:03,205 INFO q1_2d_adaptive_nr80_nz125_dt0.25_m0663d58bba57_radial_verification t=0.27h 53.2% wall=40.1s ETA=35.3s
2026-09-11 01:09:15,715 INFO q23_2d_adaptive_nr40_nz125_dt0.25_mfd6e5cf8c919 t=30.17h 41.9% wall=442.5s ETA=613.7s
2026-09-11 01:09:16,711 INFO q23_1d_adaptive_nr160_nz1_dt0.25_m94a220bc5006 t=37.30h 51.8% wall=665.3s ETA=618.9s
2026-09-11 01:09:23,239 INFO q1_2d_adaptive_nr80_nz125_dt0.25_m0663d58bba57_radial_verification t=0.39h 78.9% wall=60.1s ETA=16.1s
2026-09-11 01:09:35,755 INFO q23_2d_adaptive_nr40_nz125_dt0.25_mfd6e5cf8c919 t=31.47h 43.7% wall=462.6s ETA=595.9s
2026-09-11 01:09:36,760 INFO q23_1d_adaptive_nr160_nz1_dt0.25_m94a220bc5006 t=38.33h 53.2% wall=685.3s ETA=601.9s
2026-09-11 01:09:40,442 INFO COMPUTED {"case_id": "q1_2d_adaptive_nr80_nz125_dt0.25_m0663d58bba57_radial_verification", "simulated_time_s": 1800.0, "Cmax": 2.549991866754662, "wall_s": 77.29062390000036, "peak_rss_bytes": 576741376, "drying_time_h": null}
2026-09-11 01:09:46,657 INFO START q1_2d_adaptive_nr40_nz250_dt0.25_m86bafdbf4d10_axial_verification warmup 0.00s target 0.50h
2026-09-11 01:09:46,676 WARNING DT_LIMITED_BY_STABILITY {"case_id": "q1_2d_adaptive_nr40_nz250_dt0.25_m86bafdbf4d10_axial_verification", "requested_dt_s": 0.25, "accepted_dt_s": 0.125, "simulated_time_s": 0.0, "grid": [40, 250]}
2026-09-11 01:09:55,798 INFO q23_2d_adaptive_nr40_nz125_dt0.25_mfd6e5cf8c919 t=32.72h 45.4% wall=482.6s ETA=579.5s
2026-09-11 01:09:57,080 INFO q23_1d_adaptive_nr160_nz1_dt0.25_m94a220bc5006 t=39.33h 54.6% wall=705.7s ETA=586.0s
2026-09-11 01:10:06,674 INFO q1_2d_adaptive_nr40_nz250_dt0.25_m86bafdbf4d10_axial_verification t=0.27h 53.6% wall=20.0s ETA=17.3s
2026-09-11 01:10:15,929 INFO q23_2d_adaptive_nr40_nz125_dt0.25_mfd6e5cf8c919 t=33.95h 47.2% wall=502.8s ETA=563.5s
2026-09-11 01:10:17,223 INFO q23_1d_adaptive_nr160_nz1_dt0.25_m94a220bc5006 t=40.32h 56.0% wall=725.8s ETA=570.4s
2026-09-11 01:10:23,451 INFO COMPUTED {"case_id": "q1_2d_adaptive_nr40_nz250_dt0.25_m86bafdbf4d10_axial_verification", "simulated_time_s": 1800.0, "Cmax": 2.5499901908781273, "wall_s": 36.78779450000002, "peak_rss_bytes": 590831616, "drying_time_h": null}
2026-09-11 01:10:29,943 WARNING 2D_SPATIAL_VALIDATION_PARTIAL {"case_id": "q1_2d_adaptive_nr40_nz125_dt0.25_md810aa408542", "covered_refinement_time_s": [0, 1800.0], "endpoint_windows": []}
2026-09-11 01:10:36,025 INFO q23_2d_adaptive_nr40_nz125_dt0.25_mfd6e5cf8c919 t=35.25h 49.0% wall=522.9s ETA=545.1s
2026-09-11 01:10:37,449 INFO q23_1d_adaptive_nr160_nz1_dt0.25_m94a220bc5006 t=41.38h 57.5% wall=746.0s ETA=551.9s
2026-09-11 01:10:56,076 INFO q23_2d_adaptive_nr40_nz125_dt0.25_mfd6e5cf8c919 t=36.52h 50.7% wall=542.9s ETA=527.5s
2026-09-11 01:10:57,654 INFO q23_1d_adaptive_nr160_nz1_dt0.25_m94a220bc5006 t=42.38h 58.9% wall=766.2s ETA=535.4s
2026-09-11 01:11:16,165 INFO q23_2d_adaptive_nr40_nz125_dt0.25_mfd6e5cf8c919 t=37.63h 52.3% wall=563.0s ETA=514.1s
2026-09-11 01:11:17,774 INFO q23_1d_adaptive_nr160_nz1_dt0.25_m94a220bc5006 t=43.28h 60.1% wall=786.3s ETA=521.7s
2026-09-11 01:11:36,170 INFO q23_2d_adaptive_nr40_nz125_dt0.25_mfd6e5cf8c919 t=39.00h 54.2% wall=583.0s ETA=493.3s
2026-09-11 01:11:38,008 INFO q23_1d_adaptive_nr160_nz1_dt0.25_m94a220bc5006 t=44.38h 61.6% wall=806.6s ETA=501.9s
2026-09-11 01:11:56,181 INFO q23_2d_adaptive_nr40_nz125_dt0.25_mfd6e5cf8c919 t=40.35h 56.0% wall=603.0s ETA=473.0s
2026-09-11 01:11:58,105 INFO q23_1d_adaptive_nr160_nz1_dt0.25_m94a220bc5006 t=45.45h 63.1% wall=826.7s ETA=482.9s
2026-09-11 01:12:16,416 INFO q23_2d_adaptive_nr40_nz125_dt0.25_mfd6e5cf8c919 t=41.68h 57.9% wall=623.2s ETA=453.3s
2026-09-11 01:12:18,178 INFO q23_1d_adaptive_nr160_nz1_dt0.25_m94a220bc5006 t=46.50h 64.6% wall=846.7s ETA=464.3s
2026-09-11 01:12:36,628 INFO q23_2d_adaptive_nr40_nz125_dt0.25_mfd6e5cf8c919 t=43.03h 59.8% wall=643.5s ETA=433.1s
2026-09-11 01:12:38,305 INFO q23_1d_adaptive_nr160_nz1_dt0.25_m94a220bc5006 t=47.57h 66.1% wall=866.9s ETA=445.3s
2026-09-11 01:12:56,637 INFO q23_2d_adaptive_nr40_nz125_dt0.25_mfd6e5cf8c919 t=44.37h 61.6% wall=663.5s ETA=413.2s
2026-09-11 01:12:58,518 INFO q23_1d_adaptive_nr160_nz1_dt0.25_m94a220bc5006 t=48.63h 67.5% wall=887.1s ETA=426.2s
2026-09-11 01:13:16,781 INFO q23_2d_adaptive_nr40_nz125_dt0.25_mfd6e5cf8c919 t=45.73h 63.5% wall=683.6s ETA=392.6s
2026-09-11 01:13:18,541 INFO q23_1d_adaptive_nr160_nz1_dt0.25_m94a220bc5006 t=49.72h 69.1% wall=907.1s ETA=406.6s
2026-09-11 01:13:36,128 INFO START q1_1d_uniform_nr40_nz1_dt0.25_m4e31807a5f2e_uniform_regression warmup 0.22s target 0.50h
2026-09-11 01:13:36,525 INFO COMPUTED {"case_id": "q1_1d_uniform_nr40_nz1_dt0.25_m4e31807a5f2e_uniform_regression", "simulated_time_s": 1800.0, "Cmax": 2.549990132410681, "wall_s": 0.3926288000002387, "peak_rss_bytes": 165314560, "drying_time_h": null}
2026-09-11 01:13:36,920 INFO q23_2d_adaptive_nr40_nz125_dt0.25_mfd6e5cf8c919 t=47.12h 65.4% wall=703.7s ETA=371.7s
2026-09-11 01:13:38,271 INFO START q23_1d_uniform_nr40_nz1_dt0.25_m4e31807a5f2e_uniform_regression warmup 0.00s target 0.50h
2026-09-11 01:13:38,654 INFO q23_1d_adaptive_nr160_nz1_dt0.25_m94a220bc5006 t=50.82h 70.6% wall=927.2s ETA=386.5s
2026-09-11 01:13:38,762 INFO PARTIAL_TIME_RANGE {"case_id": "q23_1d_uniform_nr40_nz1_dt0.25_m4e31807a5f2e_uniform_regression", "simulated_time_s": 1800.0, "Cmax": 2.5499239685214254, "wall_s": 0.48397949999707635, "peak_rss_bytes": 171757568, "drying_time_h": null}
2026-09-11 01:13:40,740 INFO START q4_1d_uniform_nr40_nz1_dt0.25_m4e31807a5f2e_uniform_regression warmup 0.00s target 0.50h
2026-09-11 01:13:40,920 INFO PARTIAL_TIME_RANGE {"case_id": "q4_1d_uniform_nr40_nz1_dt0.25_m4e31807a5f2e_uniform_regression", "simulated_time_s": 1800.0, "Cmax": 2.55, "wall_s": 0.17560320000120555, "peak_rss_bytes": 158720000, "drying_time_h": null}
2026-09-11 01:13:57,084 INFO q23_2d_adaptive_nr40_nz125_dt0.25_mfd6e5cf8c919 t=48.48h 67.3% wall=723.9s ETA=351.1s
2026-09-11 01:13:58,906 INFO q23_1d_adaptive_nr160_nz1_dt0.25_m94a220bc5006 t=51.90h 72.1% wall=947.5s ETA=366.9s
2026-09-11 01:14:17,165 INFO q23_2d_adaptive_nr40_nz125_dt0.25_mfd6e5cf8c919 t=49.83h 69.2% wall=744.0s ETA=330.9s
2026-09-11 01:14:18,915 INFO q23_1d_adaptive_nr160_nz1_dt0.25_m94a220bc5006 t=52.97h 73.6% wall=967.5s ETA=347.7s
2026-09-11 01:14:37,216 INFO q23_2d_adaptive_nr40_nz125_dt0.25_mfd6e5cf8c919 t=51.20h 71.1% wall=764.0s ETA=310.4s
2026-09-11 01:14:39,053 INFO q23_1d_adaptive_nr160_nz1_dt0.25_m94a220bc5006 t=54.07h 75.1% wall=987.6s ETA=327.6s
2026-09-11 01:14:57,406 INFO q23_2d_adaptive_nr40_nz125_dt0.25_mfd6e5cf8c919 t=52.62h 73.1% wall=784.2s ETA=288.9s
2026-09-11 01:14:59,359 INFO q23_1d_adaptive_nr160_nz1_dt0.25_m94a220bc5006 t=55.20h 76.7% wall=1007.9s ETA=306.8s
2026-09-11 01:15:17,557 INFO q23_2d_adaptive_nr40_nz125_dt0.25_mfd6e5cf8c919 t=54.02h 75.0% wall=804.4s ETA=267.8s
2026-09-11 01:15:19,552 INFO q23_1d_adaptive_nr160_nz1_dt0.25_m94a220bc5006 t=56.32h 78.2% wall=1028.1s ETA=286.3s
2026-09-11 01:15:37,793 INFO q23_2d_adaptive_nr40_nz125_dt0.25_mfd6e5cf8c919 t=55.40h 76.9% wall=824.6s ETA=247.1s
2026-09-11 01:15:39,811 INFO q23_1d_adaptive_nr160_nz1_dt0.25_m94a220bc5006 t=57.42h 79.7% wall=1048.4s ETA=266.3s
2026-09-11 01:15:41,984 INFO DRYING_EVENT_LOCATED {"case_id": "q23_1d_adaptive_nr160_nz1_dt0.25_m94a220bc5006", "left_s": 207095.453125, "right_s": 207095.46875, "width_s": 0.015625, "raw_event_s": 207095.46875, "report_s": 207095.75999999998, "report_h": 57.526599999999995, "left_max_C": 0.15000000342743258, "right_max_C": 0.1499999988848572, "report_max_C": 0.1499999142113726}
2026-09-11 01:15:57,852 INFO q23_2d_adaptive_nr40_nz125_dt0.25_mfd6e5cf8c919 t=56.75h 78.8% wall=844.7s ETA=227.0s
2026-09-11 01:16:00,105 INFO q23_1d_adaptive_nr160_nz1_dt0.25_m94a220bc5006 t=58.50h 81.2% wall=1068.7s ETA=246.6s
2026-09-11 01:16:13,877 INFO DRYING_EVENT_LOCATED {"case_id": "q23_2d_adaptive_nr40_nz125_dt0.25_mfd6e5cf8c919", "left_s": 208273.25, "right_s": 208273.3125, "width_s": 0.0625, "raw_event_s": 208273.3125, "report_s": 208273.31999999998, "report_h": 57.853699999999996, "left_max_C": 0.15000001436808816, "right_max_C": 0.1499999964030377, "report_max_C": 0.14999999424723234}
2026-09-11 01:16:18,103 INFO q23_2d_adaptive_nr40_nz125_dt0.25_mfd6e5cf8c919 t=58.15h 80.8% wall=864.9s ETA=206.0s
2026-09-11 01:16:20,211 INFO q23_1d_adaptive_nr160_nz1_dt0.25_m94a220bc5006 t=59.62h 82.8% wall=1088.8s ETA=226.2s
2026-09-11 01:16:38,221 INFO q23_2d_adaptive_nr40_nz125_dt0.25_mfd6e5cf8c919 t=59.53h 82.7% wall=885.1s ETA=185.3s
2026-09-11 01:16:40,223 INFO q23_1d_adaptive_nr160_nz1_dt0.25_m94a220bc5006 t=60.72h 84.3% wall=1108.8s ETA=206.1s
2026-09-11 01:16:58,306 INFO q23_2d_adaptive_nr40_nz125_dt0.25_mfd6e5cf8c919 t=60.97h 84.7% wall=905.1s ETA=163.8s
2026-09-11 01:17:00,402 INFO q23_1d_adaptive_nr160_nz1_dt0.25_m94a220bc5006 t=61.85h 85.9% wall=1129.0s ETA=185.3s
2026-09-11 01:17:18,366 INFO q23_2d_adaptive_nr40_nz125_dt0.25_mfd6e5cf8c919 t=62.40h 86.7% wall=925.2s ETA=142.3s
2026-09-11 01:17:20,620 INFO q23_1d_adaptive_nr160_nz1_dt0.25_m94a220bc5006 t=63.00h 87.5% wall=1149.2s ETA=164.2s
2026-09-11 01:17:38,453 INFO q23_2d_adaptive_nr40_nz125_dt0.25_mfd6e5cf8c919 t=63.78h 88.6% wall=945.3s ETA=121.8s
2026-09-11 01:17:40,674 INFO q23_1d_adaptive_nr160_nz1_dt0.25_m94a220bc5006 t=64.10h 89.0% wall=1169.2s ETA=144.1s
2026-09-11 01:17:58,633 INFO q23_2d_adaptive_nr40_nz125_dt0.25_mfd6e5cf8c919 t=65.17h 90.5% wall=965.5s ETA=101.2s
2026-09-11 01:18:00,881 INFO q23_1d_adaptive_nr160_nz1_dt0.25_m94a220bc5006 t=65.20h 90.6% wall=1189.5s ETA=124.1s
2026-09-11 01:18:18,700 INFO q23_2d_adaptive_nr40_nz125_dt0.25_mfd6e5cf8c919 t=66.57h 92.5% wall=985.5s ETA=80.4s
2026-09-11 01:18:21,168 INFO q23_1d_adaptive_nr160_nz1_dt0.25_m94a220bc5006 t=66.32h 92.1% wall=1209.7s ETA=103.7s
2026-09-11 01:18:38,793 INFO q23_2d_adaptive_nr40_nz125_dt0.25_mfd6e5cf8c919 t=68.00h 94.4% wall=1005.6s ETA=59.2s
2026-09-11 01:18:41,174 INFO q23_1d_adaptive_nr160_nz1_dt0.25_m94a220bc5006 t=67.47h 93.7% wall=1229.7s ETA=82.6s
2026-09-11 01:18:58,973 INFO q23_2d_adaptive_nr40_nz125_dt0.25_mfd6e5cf8c919 t=69.42h 96.4% wall=1025.8s ETA=38.2s
2026-09-11 01:19:01,238 INFO q23_1d_adaptive_nr160_nz1_dt0.25_m94a220bc5006 t=68.58h 95.3% wall=1249.8s ETA=62.3s
2026-09-11 01:19:19,085 INFO q23_2d_adaptive_nr40_nz125_dt0.25_mfd6e5cf8c919 t=70.85h 98.4% wall=1045.9s ETA=17.0s
2026-09-11 01:19:21,501 INFO q23_1d_adaptive_nr160_nz1_dt0.25_m94a220bc5006 t=69.77h 96.9% wall=1270.1s ETA=40.7s
2026-09-11 01:19:35,491 INFO DRY {"case_id": "q23_2d_adaptive_nr40_nz125_dt0.25_mfd6e5cf8c919", "simulated_time_s": 259200.0, "Cmax": 0.13807222639420005, "wall_s": 1062.2996735999986, "peak_rss_bytes": 711733248, "drying_time_h": 57.853699999999996}
2026-09-11 01:19:35,519 INFO START q4_2d_adaptive_nr40_nz125_dt0.25_md7f14a4ef684 warmup 0.00s target 72.00h
2026-09-11 01:19:41,733 INFO q23_1d_adaptive_nr160_nz1_dt0.25_m94a220bc5006 t=70.90h 98.5% wall=1290.3s ETA=20.0s
2026-09-11 01:19:55,661 INFO q4_2d_adaptive_nr40_nz125_dt0.25_md7f14a4ef684 t=1.45h 2.0% wall=20.1s ETA=980.1s
2026-09-11 01:20:00,854 INFO DRY {"case_id": "q23_1d_adaptive_nr160_nz1_dt0.25_m94a220bc5006", "simulated_time_s": 259200.0, "Cmax": 0.13773286573811844, "wall_s": 1309.4127566000025, "peak_rss_bytes": 250003456, "drying_time_h": 57.526599999999995}
2026-09-11 01:20:00,874 INFO START q4_1d_adaptive_nr40_nz1_dt0.25_ma085877c28ed warmup 0.00s target 72.00h
2026-09-11 01:20:05,183 INFO CACHE_REUSED q23_1d_adaptive_nr40_nz1_dt0.25_mf63f9f413ef6
2026-09-11 01:20:05,184 INFO CACHE_REUSED {"case_id": "q23_1d_adaptive_nr40_nz1_dt0.25_mf63f9f413ef6"}
2026-09-11 01:20:05,197 INFO CACHE_REUSED q23_1d_adaptive_nr80_nz1_dt0.25_m56c5bf06eb27
2026-09-11 01:20:05,197 INFO CACHE_REUSED {"case_id": "q23_1d_adaptive_nr80_nz1_dt0.25_m56c5bf06eb27"}
2026-09-11 01:20:05,211 INFO CACHE_REUSED q23_1d_adaptive_nr160_nz1_dt0.25_m94a220bc5006
2026-09-11 01:20:05,212 INFO CACHE_REUSED {"case_id": "q23_1d_adaptive_nr160_nz1_dt0.25_m94a220bc5006"}
2026-09-11 01:20:14,760 INFO DRYING_EVENT_LOCATED {"case_id": "q4_1d_adaptive_nr40_nz1_dt0.25_ma085877c28ed", "left_s": 184259.875, "right_s": 184259.9375, "width_s": 0.0625, "raw_event_s": 184259.9375, "report_s": 184260.24, "report_h": 51.1834, "left_max_C": 0.15000000588253543, "right_max_C": 0.14999997391046, "report_max_C": 0.14999981916597027}
2026-09-11 01:20:15,880 INFO q4_2d_adaptive_nr40_nz125_dt0.25_md7f14a4ef684 t=2.93h 4.1% wall=40.4s ETA=950.3s
2026-09-11 01:20:20,546 INFO DRY {"case_id": "q4_1d_adaptive_nr40_nz1_dt0.25_ma085877c28ed", "simulated_time_s": 259200.0, "Cmax": 0.12375578937417407, "wall_s": 19.662301000000298, "peak_rss_bytes": 211673088, "drying_time_h": 51.1834}
2026-09-11 01:20:20,565 INFO START q4_1d_adaptive_nr80_nz1_dt0.25_md66ccc838cbe warmup 0.00s target 72.00h
2026-09-11 01:20:20,578 WARNING DT_LIMITED_BY_STABILITY {"case_id": "q4_1d_adaptive_nr80_nz1_dt0.25_md66ccc838cbe", "requested_dt_s": 0.25, "accepted_dt_s": 0.125, "simulated_time_s": 0.0, "grid": [80, 1]}
2026-09-11 01:20:35,890 INFO q4_2d_adaptive_nr40_nz125_dt0.25_md7f14a4ef684 t=4.33h 6.0% wall=60.4s ETA=942.7s
2026-09-11 01:20:36,495 WARNING SPATIAL_CONVERGENCE_FAILED {"case_id": "q23_1d_adaptive_nr160_nz1_dt0.25_m94a220bc5006", "failure_reasons": ["OFFICIAL_C_EXCEEDS_TOLERANCE", "DRYING_TIME_EXCEEDS_TOLERANCE"]}
2026-09-11 01:20:36,563 INFO START q23_1d_adaptive_nr160_nz1_dt0.125_m94a220bc5006_half_steps warmup 0.05s target 72.00h
2026-09-11 01:20:39,081 INFO CACHE_REUSED q23_2d_adaptive_nr40_nz125_dt0.25_mfd6e5cf8c919
2026-09-11 01:20:39,082 INFO CACHE_REUSED {"case_id": "q23_2d_adaptive_nr40_nz125_dt0.25_mfd6e5cf8c919"}
2026-09-11 01:20:39,394 INFO START q23_2d_adaptive_nr40_nz125_dt0.125_mfd6e5cf8c919_half_steps warmup 0.28s target 0.50h
2026-09-11 01:20:40,601 INFO q4_1d_adaptive_nr80_nz1_dt0.25_md66ccc838cbe t=10.77h 15.0% wall=20.0s ETA=114.0s
2026-09-11 01:20:55,315 INFO PARTIAL_TIME_RANGE {"case_id": "q23_2d_adaptive_nr40_nz125_dt0.125_mfd6e5cf8c919_half_steps", "simulated_time_s": 1800.0, "Cmax": 2.549924197491844, "wall_s": 15.923872100000153, "peak_rss_bytes": 439087104, "drying_time_h": null}
2026-09-11 01:20:55,933 INFO q4_2d_adaptive_nr40_nz125_dt0.25_md7f14a4ef684 t=5.70h 7.9% wall=80.4s ETA=935.3s
2026-09-11 01:20:56,563 INFO q23_1d_adaptive_nr160_nz1_dt0.125_m94a220bc5006_half_steps t=0.77h 1.1% wall=20.0s ETA=1850.9s
2026-09-11 01:21:00,617 INFO q4_1d_adaptive_nr80_nz1_dt0.25_md66ccc838cbe t=19.60h 27.2% wall=40.1s ETA=107.1s
2026-09-11 01:21:16,085 INFO q4_2d_adaptive_nr40_nz125_dt0.25_md7f14a4ef684 t=7.05h 9.8% wall=100.6s ETA=926.5s
2026-09-11 01:21:16,566 INFO q23_1d_adaptive_nr160_nz1_dt0.125_m94a220bc5006_half_steps t=1.50h 2.1% wall=40.0s ETA=1880.2s
2026-09-11 01:21:20,632 INFO q4_1d_adaptive_nr80_nz1_dt0.25_md66ccc838cbe t=28.28h 39.3% wall=60.1s ETA=92.8s
2026-09-11 01:21:33,976 WARNING END_EFFECT_NOT_NEGLIGIBLE {"case_id": "q23", "max_abs_T": 4.093695653635564, "max_abs_C": 0.9754244913361902, "relative_time_difference": 0.005687443366623636}
2026-09-11 01:21:34,607 INFO START q23_2d_adaptive_nr80_nz125_dt0.25_m815d75810ebf_radial_verification warmup 0.00s target 1.41h
2026-09-11 01:21:34,650 WARNING DT_LIMITED_BY_STABILITY {"case_id": "q23_2d_adaptive_nr80_nz125_dt0.25_m815d75810ebf_radial_verification", "requested_dt_s": 0.25, "accepted_dt_s": 0.0625, "simulated_time_s": 0.0, "grid": [80, 125]}
2026-09-11 01:21:36,268 INFO q4_2d_adaptive_nr40_nz125_dt0.25_md7f14a4ef684 t=8.40h 11.7% wall=120.8s ETA=914.3s
2026-09-11 01:21:36,572 INFO q23_1d_adaptive_nr160_nz1_dt0.125_m94a220bc5006_half_steps t=2.23h 3.1% wall=60.0s ETA=1876.8s
2026-09-11 01:21:40,652 INFO q4_1d_adaptive_nr80_nz1_dt0.25_md66ccc838cbe t=36.95h 51.3% wall=80.1s ETA=76.0s
2026-09-11 01:21:54,651 INFO q23_2d_adaptive_nr80_nz125_dt0.25_m815d75810ebf_radial_verification t=0.12h 8.7% wall=20.0s ETA=210.1s
2026-09-11 01:21:56,473 INFO q4_2d_adaptive_nr40_nz125_dt0.25_md7f14a4ef684 t=9.68h 13.4% wall=141.0s ETA=907.1s
2026-09-11 01:21:56,576 INFO q23_1d_adaptive_nr160_nz1_dt0.125_m94a220bc5006_half_steps t=2.93h 4.1% wall=80.0s ETA=1888.6s
2026-09-11 01:22:00,654 INFO q4_1d_adaptive_nr80_nz1_dt0.25_md66ccc838cbe t=45.37h 63.0% wall=100.1s ETA=58.8s
2026-09-11 01:22:14,044 INFO DRYING_EVENT_LOCATED {"case_id": "q4_1d_adaptive_nr80_nz1_dt0.25_md66ccc838cbe", "left_s": 184044.5625, "right_s": 184044.625, "width_s": 0.0625, "raw_event_s": 184044.625, "report_s": 184044.96, "report_h": 51.123599999999996, "left_max_C": 0.15000000487107268, "right_max_C": 0.14999997281923447, "report_max_C": 0.14999980102181226}
2026-09-11 01:22:14,690 INFO q23_2d_adaptive_nr80_nz125_dt0.25_m815d75810ebf_radial_verification t=0.25h 17.6% wall=40.1s ETA=187.1s
2026-09-11 01:22:16,620 INFO q4_2d_adaptive_nr40_nz125_dt0.25_md7f14a4ef684 t=11.02h 15.3% wall=161.1s ETA=891.8s
2026-09-11 01:22:16,780 INFO q23_1d_adaptive_nr160_nz1_dt0.125_m94a220bc5006_half_steps t=3.73h 5.2% wall=100.2s ETA=1832.6s
2026-09-11 01:22:20,683 INFO q4_1d_adaptive_nr80_nz1_dt0.25_md66ccc838cbe t=54.03h 75.0% wall=120.1s ETA=39.9s
2026-09-11 01:22:34,723 INFO q23_2d_adaptive_nr80_nz125_dt0.25_m815d75810ebf_radial_verification t=0.37h 26.3% wall=60.1s ETA=168.2s
2026-09-11 01:22:36,642 INFO q4_2d_adaptive_nr40_nz125_dt0.25_md7f14a4ef684 t=12.30h 17.1% wall=181.1s ETA=879.1s
2026-09-11 01:22:37,010 INFO q23_1d_adaptive_nr160_nz1_dt0.125_m94a220bc5006_half_steps t=4.55h 6.3% wall=120.4s ETA=1785.6s
2026-09-11 01:22:40,693 INFO q4_1d_adaptive_nr80_nz1_dt0.25_md66ccc838cbe t=62.50h 86.8% wall=140.1s ETA=21.3s
2026-09-11 01:22:54,731 INFO q23_2d_adaptive_nr80_nz125_dt0.25_m815d75810ebf_radial_verification t=0.50h 35.2% wall=80.1s ETA=147.6s
2026-09-11 01:22:56,735 INFO q4_2d_adaptive_nr40_nz125_dt0.25_md7f14a4ef684 t=13.63h 18.9% wall=201.2s ETA=861.4s
2026-09-11 01:22:57,243 INFO q23_1d_adaptive_nr160_nz1_dt0.125_m94a220bc5006_half_steps t=5.42h 7.5% wall=140.7s ETA=1729.3s
2026-09-11 01:23:00,722 INFO q4_1d_adaptive_nr80_nz1_dt0.25_md66ccc838cbe t=71.15h 98.8% wall=160.2s ETA=1.9s
2026-09-11 01:23:02,646 INFO DRY {"case_id": "q4_1d_adaptive_nr80_nz1_dt0.25_md66ccc838cbe", "simulated_time_s": 259200.0, "Cmax": 0.12366066361978396, "wall_s": 162.07198440000138, "peak_rss_bytes": 214548480, "drying_time_h": 51.123599999999996}
2026-09-11 01:23:02,664 INFO START q4_1d_adaptive_nr160_nz1_dt0.25_m1d7a05f7e44b warmup 0.00s target 72.00h
2026-09-11 01:23:02,829 WARNING DT_LIMITED_BY_STABILITY {"case_id": "q4_1d_adaptive_nr160_nz1_dt0.25_m1d7a05f7e44b", "requested_dt_s": 0.25, "accepted_dt_s": 0.03076171875, "simulated_time_s": 0.0, "grid": [160, 1]}
2026-09-11 01:23:14,744 INFO q23_2d_adaptive_nr80_nz125_dt0.25_m815d75810ebf_radial_verification t=0.62h 44.0% wall=100.1s ETA=127.5s
2026-09-11 01:23:16,785 INFO q4_2d_adaptive_nr40_nz125_dt0.25_md7f14a4ef684 t=14.95h 20.8% wall=221.3s ETA=844.4s
2026-09-11 01:23:17,289 INFO q23_1d_adaptive_nr160_nz1_dt0.125_m94a220bc5006_half_steps t=6.27h 8.7% wall=160.7s ETA=1685.9s
2026-09-11 01:23:22,726 INFO q4_1d_adaptive_nr160_nz1_dt0.25_m1d7a05f7e44b t=2.13h 3.0% wall=20.1s ETA=657.1s
2026-09-11 01:23:34,777 INFO q23_2d_adaptive_nr80_nz125_dt0.25_m815d75810ebf_radial_verification t=0.74h 52.1% wall=120.2s ETA=110.3s
2026-09-11 01:23:36,823 INFO q4_2d_adaptive_nr40_nz125_dt0.25_md7f14a4ef684 t=16.23h 22.5% wall=241.3s ETA=829.0s
2026-09-11 01:23:37,298 INFO q23_1d_adaptive_nr160_nz1_dt0.125_m94a220bc5006_half_steps t=7.08h 9.8% wall=180.7s ETA=1656.4s
2026-09-11 01:23:42,807 INFO q4_1d_adaptive_nr160_nz1_dt0.25_m1d7a05f7e44b t=3.70h 5.1% wall=40.1s ETA=741.0s
2026-09-11 01:23:54,817 INFO q23_2d_adaptive_nr80_nz125_dt0.25_m815d75810ebf_radial_verification t=0.85h 60.3% wall=140.2s ETA=92.4s
2026-09-11 01:23:57,036 INFO q4_2d_adaptive_nr40_nz125_dt0.25_md7f14a4ef684 t=17.55h 24.4% wall=261.5s ETA=811.4s
2026-09-11 01:23:57,605 INFO q23_1d_adaptive_nr160_nz1_dt0.125_m94a220bc5006_half_steps t=7.93h 11.0% wall=201.0s ETA=1623.6s
2026-09-11 01:24:03,050 INFO q4_1d_adaptive_nr160_nz1_dt0.25_m1d7a05f7e44b t=4.73h 6.6% wall=60.4s ETA=858.2s
2026-09-11 01:24:14,850 INFO q23_2d_adaptive_nr80_nz125_dt0.25_m815d75810ebf_radial_verification t=0.97h 68.6% wall=160.2s ETA=73.2s
2026-09-11 01:24:17,048 INFO q4_2d_adaptive_nr40_nz125_dt0.25_md7f14a4ef684 t=18.88h 26.2% wall=281.5s ETA=791.9s
2026-09-11 01:24:17,850 INFO q23_1d_adaptive_nr160_nz1_dt0.125_m94a220bc5006_half_steps t=8.82h 12.2% wall=221.3s ETA=1585.8s
2026-09-11 01:24:23,306 INFO q4_1d_adaptive_nr160_nz1_dt0.25_m1d7a05f7e44b t=5.78h 8.0% wall=80.6s ETA=923.3s
2026-09-11 01:24:34,879 INFO q23_2d_adaptive_nr80_nz125_dt0.25_m815d75810ebf_radial_verification t=1.08h 76.4% wall=180.3s ETA=55.8s
2026-09-11 01:24:37,192 INFO q4_2d_adaptive_nr40_nz125_dt0.25_md7f14a4ef684 t=20.20h 28.1% wall=301.7s ETA=773.6s
2026-09-11 01:24:38,087 INFO q23_1d_adaptive_nr160_nz1_dt0.125_m94a220bc5006_half_steps t=9.68h 13.4% wall=241.5s ETA=1554.3s
2026-09-11 01:24:43,453 INFO q4_1d_adaptive_nr160_nz1_dt0.25_m1d7a05f7e44b t=6.82h 9.5% wall=100.8s ETA=963.8s
2026-09-11 01:24:54,919 INFO q23_2d_adaptive_nr80_nz125_dt0.25_m815d75810ebf_radial_verification t=1.20h 84.9% wall=200.3s ETA=35.7s
2026-09-11 01:24:57,373 INFO q4_2d_adaptive_nr40_nz125_dt0.25_md7f14a4ef684 t=21.55h 29.9% wall=321.9s ETA=753.5s
2026-09-11 01:24:58,191 INFO q23_1d_adaptive_nr160_nz1_dt0.125_m94a220bc5006_half_steps t=10.57h 14.7% wall=261.6s ETA=1521.1s
2026-09-11 01:25:03,479 INFO q4_1d_adaptive_nr160_nz1_dt0.25_m1d7a05f7e44b t=7.83h 10.9% wall=120.8s ETA=989.7s
2026-09-11 01:25:14,919 INFO q23_2d_adaptive_nr80_nz125_dt0.25_m815d75810ebf_radial_verification t=1.32h 93.2% wall=220.3s ETA=16.0s
2026-09-11 01:25:17,458 INFO q4_2d_adaptive_nr40_nz125_dt0.25_md7f14a4ef684 t=22.88h 31.8% wall=341.9s ETA=733.9s
2026-09-11 01:25:18,583 INFO q23_1d_adaptive_nr160_nz1_dt0.125_m94a220bc5006_half_steps t=11.45h 15.9% wall=282.0s ETA=1491.4s
2026-09-11 01:25:23,746 INFO q4_1d_adaptive_nr160_nz1_dt0.25_m1d7a05f7e44b t=8.87h 12.3% wall=141.1s ETA=1004.6s
2026-09-11 01:25:31,673 INFO PARTIAL_TIME_RANGE {"case_id": "q23_2d_adaptive_nr80_nz125_dt0.25_m815d75810ebf_radial_verification", "simulated_time_s": 5085.0, "Cmax": 2.418872495978915, "wall_s": 237.0530409000021, "peak_rss_bytes": 984231936, "drying_time_h": null}
2026-09-11 01:25:37,500 INFO q4_2d_adaptive_nr40_nz125_dt0.25_md7f14a4ef684 t=24.20h 33.6% wall=362.0s ETA=715.0s
2026-09-11 01:25:38,588 INFO q23_1d_adaptive_nr160_nz1_dt0.125_m94a220bc5006_half_steps t=12.32h 17.1% wall=302.0s ETA=1463.5s
2026-09-11 01:25:43,769 INFO q4_1d_adaptive_nr160_nz1_dt0.25_m1d7a05f7e44b t=9.88h 13.7% wall=161.1s ETA=1012.6s
2026-09-11 01:25:47,909 INFO START q23_2d_adaptive_nr40_nz250_dt0.25_m53a461f993b9_axial_verification warmup 0.00s target 1.41h
2026-09-11 01:25:47,931 WARNING DT_LIMITED_BY_STABILITY {"case_id": "q23_2d_adaptive_nr40_nz250_dt0.25_m53a461f993b9_axial_verification", "requested_dt_s": 0.25, "accepted_dt_s": 0.125, "simulated_time_s": 0.0, "grid": [40, 250]}
2026-09-11 01:25:57,609 INFO q4_2d_adaptive_nr40_nz125_dt0.25_md7f14a4ef684 t=25.53h 35.5% wall=382.1s ETA=695.3s
2026-09-11 01:25:58,900 INFO q23_1d_adaptive_nr160_nz1_dt0.125_m94a220bc5006_half_steps t=13.20h 18.3% wall=322.3s ETA=1435.9s
2026-09-11 01:26:04,017 INFO q4_1d_adaptive_nr160_nz1_dt0.25_m1d7a05f7e44b t=10.92h 15.2% wall=181.4s ETA=1014.8s
2026-09-11 01:26:07,918 INFO q23_2d_adaptive_nr40_nz250_dt0.25_m53a461f993b9_axial_verification t=0.27h 18.9% wall=20.0s ETA=85.7s
2026-09-11 01:26:17,724 INFO q4_2d_adaptive_nr40_nz125_dt0.25_md7f14a4ef684 t=26.87h 37.3% wall=402.2s ETA=675.7s
2026-09-11 01:26:19,095 INFO q23_1d_adaptive_nr160_nz1_dt0.125_m94a220bc5006_half_steps t=14.07h 19.5% wall=342.5s ETA=1410.7s
2026-09-11 01:26:24,315 INFO q4_1d_adaptive_nr160_nz1_dt0.25_m1d7a05f7e44b t=11.95h 16.6% wall=201.7s ETA=1013.3s
2026-09-11 01:26:27,928 INFO q23_2d_adaptive_nr40_nz250_dt0.25_m53a461f993b9_axial_verification t=0.54h 38.2% wall=40.0s ETA=64.7s
2026-09-11 01:26:37,886 INFO q4_2d_adaptive_nr40_nz125_dt0.25_md7f14a4ef684 t=28.18h 39.1% wall=422.4s ETA=656.7s
2026-09-11 01:26:39,147 INFO q23_1d_adaptive_nr160_nz1_dt0.125_m94a220bc5006_half_steps t=14.92h 20.7% wall=362.6s ETA=1387.5s
2026-09-11 01:26:44,602 INFO q4_1d_adaptive_nr160_nz1_dt0.25_m1d7a05f7e44b t=12.97h 18.0% wall=221.9s ETA=1010.4s
2026-09-11 01:26:47,940 INFO q23_2d_adaptive_nr40_nz250_dt0.25_m53a461f993b9_axial_verification t=0.80h 56.8% wall=60.0s ETA=45.7s
2026-09-11 01:26:58,158 INFO q4_2d_adaptive_nr40_nz125_dt0.25_md7f14a4ef684 t=29.50h 41.0% wall=442.6s ETA=637.7s
2026-09-11 01:26:59,269 INFO q23_1d_adaptive_nr160_nz1_dt0.125_m94a220bc5006_half_steps t=15.77h 21.9% wall=382.7s ETA=1365.0s
2026-09-11 01:27:04,823 INFO q4_1d_adaptive_nr160_nz1_dt0.25_m1d7a05f7e44b t=13.98h 19.4% wall=242.2s ETA=1004.7s
2026-09-11 01:27:07,941 INFO q23_2d_adaptive_nr40_nz250_dt0.25_m53a461f993b9_axial_verification t=1.05h 74.4% wall=80.0s ETA=27.5s
2026-09-11 01:27:18,351 INFO q4_2d_adaptive_nr40_nz125_dt0.25_md7f14a4ef684 t=30.82h 42.8% wall=462.8s ETA=618.5s
2026-09-11 01:27:19,618 INFO q23_1d_adaptive_nr160_nz1_dt0.125_m94a220bc5006_half_steps t=16.62h 23.1% wall=403.1s ETA=1343.4s
2026-09-11 01:27:25,149 INFO q4_1d_adaptive_nr160_nz1_dt0.25_m1d7a05f7e44b t=14.98h 20.8% wall=262.5s ETA=998.8s
2026-09-11 01:27:27,953 INFO q23_2d_adaptive_nr40_nz250_dt0.25_m53a461f993b9_axial_verification t=1.32h 93.1% wall=100.0s ETA=7.4s
2026-09-11 01:27:35,750 INFO PARTIAL_TIME_RANGE {"case_id": "q23_2d_adaptive_nr40_nz250_dt0.25_m53a461f993b9_axial_verification", "simulated_time_s": 5085.0, "Cmax": 2.4188079984199193, "wall_s": 107.83390589999908, "peak_rss_bytes": 1036075008, "drying_time_h": null}
2026-09-11 01:27:38,599 INFO q4_2d_adaptive_nr40_nz125_dt0.25_md7f14a4ef684 t=32.10h 44.6% wall=483.1s ETA=600.5s
2026-09-11 01:27:39,798 INFO q23_1d_adaptive_nr160_nz1_dt0.125_m94a220bc5006_half_steps t=17.45h 24.2% wall=423.2s ETA=1323.1s
2026-09-11 01:27:45,445 INFO q4_1d_adaptive_nr160_nz1_dt0.25_m1d7a05f7e44b t=15.98h 22.2% wall=282.8s ETA=991.1s
2026-09-11 01:27:58,954 INFO q4_2d_adaptive_nr40_nz125_dt0.25_md7f14a4ef684 t=33.32h 46.3% wall=503.4s ETA=584.5s
2026-09-11 01:28:00,224 INFO q23_1d_adaptive_nr160_nz1_dt0.125_m94a220bc5006_half_steps t=18.20h 25.3% wall=443.7s ETA=1311.5s
2026-09-11 01:28:05,606 INFO q4_1d_adaptive_nr160_nz1_dt0.25_m1d7a05f7e44b t=16.83h 23.4% wall=302.9s ETA=992.8s
2026-09-11 01:28:19,224 INFO q4_2d_adaptive_nr40_nz125_dt0.25_md7f14a4ef684 t=34.47h 47.9% wall=523.7s ETA=570.3s
2026-09-11 01:28:20,494 INFO q23_1d_adaptive_nr160_nz1_dt0.125_m94a220bc5006_half_steps t=18.95h 26.3% wall=463.9s ETA=1298.8s
2026-09-11 01:28:25,662 INFO q4_1d_adaptive_nr160_nz1_dt0.25_m1d7a05f7e44b t=17.72h 24.6% wall=323.0s ETA=989.7s
2026-09-11 01:28:39,438 INFO q4_2d_adaptive_nr40_nz125_dt0.25_md7f14a4ef684 t=35.67h 49.5% wall=543.9s ETA=554.1s
2026-09-11 01:28:40,552 INFO q23_1d_adaptive_nr160_nz1_dt0.125_m94a220bc5006_half_steps t=19.73h 27.4% wall=484.0s ETA=1281.9s
2026-09-11 01:28:45,900 INFO q4_1d_adaptive_nr160_nz1_dt0.25_m1d7a05f7e44b t=18.68h 25.9% wall=343.2s ETA=979.5s
2026-09-11 01:28:59,599 INFO q4_2d_adaptive_nr40_nz125_dt0.25_md7f14a4ef684 t=36.95h 51.3% wall=564.1s ETA=535.1s
2026-09-11 01:29:00,829 INFO q23_1d_adaptive_nr160_nz1_dt0.125_m94a220bc5006_half_steps t=20.57h 28.6% wall=504.3s ETA=1261.1s
2026-09-11 01:29:06,150 INFO q4_1d_adaptive_nr160_nz1_dt0.25_m1d7a05f7e44b t=19.67h 27.3% wall=363.5s ETA=967.2s
2026-09-11 01:29:19,837 INFO q4_2d_adaptive_nr40_nz125_dt0.25_md7f14a4ef684 t=38.27h 53.1% wall=584.3s ETA=515.1s
2026-09-11 01:29:20,911 INFO q23_1d_adaptive_nr160_nz1_dt0.125_m94a220bc5006_half_steps t=21.40h 29.7% wall=524.3s ETA=1239.8s
2026-09-11 01:29:26,227 INFO q4_1d_adaptive_nr160_nz1_dt0.25_m1d7a05f7e44b t=20.68h 28.7% wall=383.6s ETA=951.6s
2026-09-11 01:29:40,046 INFO q4_2d_adaptive_nr40_nz125_dt0.25_md7f14a4ef684 t=39.57h 55.0% wall=604.5s ETA=495.5s
2026-09-11 01:29:41,171 INFO q23_1d_adaptive_nr160_nz1_dt0.125_m94a220bc5006_half_steps t=22.25h 30.9% wall=544.6s ETA=1217.7s
2026-09-11 01:29:46,283 INFO q4_1d_adaptive_nr160_nz1_dt0.25_m1d7a05f7e44b t=21.68h 30.1% wall=403.6s ETA=936.6s
2026-09-11 01:30:00,287 INFO q4_2d_adaptive_nr40_nz125_dt0.25_md7f14a4ef684 t=40.88h 56.8% wall=624.8s ETA=475.5s
2026-09-11 01:30:01,518 INFO q23_1d_adaptive_nr160_nz1_dt0.125_m94a220bc5006_half_steps t=23.10h 32.1% wall=565.0s ETA=1195.9s
2026-09-11 01:30:06,321 INFO q4_1d_adaptive_nr160_nz1_dt0.25_m1d7a05f7e44b t=22.68h 31.5% wall=423.7s ETA=921.1s
2026-09-11 01:30:20,386 INFO q4_2d_adaptive_nr40_nz125_dt0.25_md7f14a4ef684 t=42.20h 58.6% wall=644.9s ETA=455.4s
2026-09-11 01:30:21,585 INFO q23_1d_adaptive_nr160_nz1_dt0.125_m94a220bc5006_half_steps t=23.95h 33.3% wall=585.0s ETA=1173.7s
2026-09-11 01:30:26,540 INFO q4_1d_adaptive_nr160_nz1_dt0.25_m1d7a05f7e44b t=23.68h 32.9% wall=443.9s ETA=905.6s
2026-09-11 01:30:40,419 INFO q4_2d_adaptive_nr40_nz125_dt0.25_md7f14a4ef684 t=43.48h 60.4% wall=664.9s ETA=436.0s
2026-09-11 01:30:41,902 INFO q23_1d_adaptive_nr160_nz1_dt0.125_m94a220bc5006_half_steps t=24.80h 34.4% wall=605.3s ETA=1152.1s
2026-09-11 01:30:46,788 INFO q4_1d_adaptive_nr160_nz1_dt0.25_m1d7a05f7e44b t=24.72h 34.3% wall=464.1s ETA=887.9s
2026-09-11 01:31:00,504 INFO q4_2d_adaptive_nr40_nz125_dt0.25_md7f14a4ef684 t=44.82h 62.2% wall=685.0s ETA=415.5s
2026-09-11 01:31:02,091 INFO q23_1d_adaptive_nr160_nz1_dt0.125_m94a220bc5006_half_steps t=25.67h 35.6% wall=625.5s ETA=1129.2s
2026-09-11 01:31:06,873 INFO q4_1d_adaptive_nr160_nz1_dt0.25_m1d7a05f7e44b t=25.73h 35.7% wall=484.2s ETA=870.6s
2026-09-11 01:31:20,517 INFO q4_2d_adaptive_nr40_nz125_dt0.25_md7f14a4ef684 t=46.15h 64.1% wall=705.0s ETA=394.9s
2026-09-11 01:31:22,363 INFO q23_1d_adaptive_nr160_nz1_dt0.125_m94a220bc5006_half_steps t=26.55h 36.9% wall=645.8s ETA=1105.5s
2026-09-11 01:31:26,989 INFO q4_1d_adaptive_nr160_nz1_dt0.25_m1d7a05f7e44b t=26.77h 37.2% wall=504.3s ETA=852.3s
2026-09-11 01:31:40,521 INFO q4_2d_adaptive_nr40_nz125_dt0.25_md7f14a4ef684 t=47.48h 65.9% wall=725.0s ETA=374.3s
2026-09-11 01:31:42,603 INFO q23_1d_adaptive_nr160_nz1_dt0.125_m94a220bc5006_half_steps t=27.43h 38.1% wall=666.0s ETA=1082.0s
2026-09-11 01:31:47,188 INFO q4_1d_adaptive_nr160_nz1_dt0.25_m1d7a05f7e44b t=27.80h 38.6% wall=524.5s ETA=834.0s
2026-09-11 01:32:00,646 INFO q4_2d_adaptive_nr40_nz125_dt0.25_md7f14a4ef684 t=48.82h 67.8% wall=745.1s ETA=353.9s
2026-09-11 01:32:02,843 INFO q23_1d_adaptive_nr160_nz1_dt0.125_m94a220bc5006_half_steps t=28.30h 39.3% wall=686.3s ETA=1059.7s
2026-09-11 01:32:07,281 INFO q4_1d_adaptive_nr160_nz1_dt0.25_m1d7a05f7e44b t=28.82h 40.0% wall=544.6s ETA=816.1s
2026-09-11 01:32:20,778 INFO q4_2d_adaptive_nr40_nz125_dt0.25_md7f14a4ef684 t=50.13h 69.6% wall=765.3s ETA=333.8s
2026-09-11 01:32:22,892 INFO q23_1d_adaptive_nr160_nz1_dt0.125_m94a220bc5006_half_steps t=29.15h 40.5% wall=706.3s ETA=1038.3s
2026-09-11 01:32:27,318 INFO q4_1d_adaptive_nr160_nz1_dt0.25_m1d7a05f7e44b t=29.83h 41.4% wall=564.7s ETA=798.1s
2026-09-11 01:32:36,747 INFO DRYING_EVENT_LOCATED {"case_id": "q4_2d_adaptive_nr40_nz125_dt0.25_md7f14a4ef684", "left_s": 184259.8125, "right_s": 184259.875, "width_s": 0.0625, "raw_event_s": 184259.875, "report_s": 184259.88, "report_h": 51.1833, "left_max_C": 0.15000002354372266, "right_max_C": 0.1499999915716311, "report_max_C": 0.14999998901386488}
2026-09-11 01:32:40,995 INFO q4_2d_adaptive_nr40_nz125_dt0.25_md7f14a4ef684 t=51.47h 71.5% wall=785.5s ETA=313.4s
2026-09-11 01:32:43,033 INFO q23_1d_adaptive_nr160_nz1_dt0.125_m94a220bc5006_half_steps t=30.00h 41.7% wall=726.5s ETA=1017.1s
2026-09-11 01:32:47,449 INFO q4_1d_adaptive_nr160_nz1_dt0.25_m1d7a05f7e44b t=30.87h 42.9% wall=584.8s ETA=779.3s
2026-09-11 01:32:48,720 WARNING 2D_SPATIAL_VALIDATION_PARTIAL {"case_id": "q23_2d_adaptive_nr40_nz125_dt0.25_mfd6e5cf8c919", "covered_refinement_time_s": [0, 5085.0], "endpoint_windows": [[204660.0, 208873.31999999998], [204660.0, 208873.31999999998]]}
2026-09-11 01:33:01,163 INFO q4_2d_adaptive_nr40_nz125_dt0.25_md7f14a4ef684 t=52.85h 73.4% wall=805.6s ETA=291.9s
2026-09-11 01:33:03,285 INFO q23_1d_adaptive_nr160_nz1_dt0.125_m94a220bc5006_half_steps t=30.90h 42.9% wall=746.7s ETA=993.2s
2026-09-11 01:33:07,623 INFO q4_1d_adaptive_nr160_nz1_dt0.25_m1d7a05f7e44b t=31.95h 44.4% wall=605.0s ETA=758.3s
2026-09-11 01:33:21,379 INFO q4_2d_adaptive_nr40_nz125_dt0.25_md7f14a4ef684 t=54.28h 75.4% wall=825.9s ETA=269.5s
2026-09-11 01:33:23,297 INFO q23_1d_adaptive_nr160_nz1_dt0.125_m94a220bc5006_half_steps t=31.83h 44.2% wall=766.7s ETA=967.5s
2026-09-11 01:33:27,908 INFO q4_1d_adaptive_nr160_nz1_dt0.25_m1d7a05f7e44b t=33.07h 45.9% wall=625.2s ETA=736.2s
2026-09-11 01:33:41,480 INFO q4_2d_adaptive_nr40_nz125_dt0.25_md7f14a4ef684 t=55.72h 77.4% wall=846.0s ETA=247.2s
2026-09-11 01:33:43,405 INFO q23_1d_adaptive_nr160_nz1_dt0.125_m94a220bc5006_half_steps t=32.77h 45.5% wall=786.8s ETA=942.1s
2026-09-11 01:33:47,977 INFO q4_1d_adaptive_nr160_nz1_dt0.25_m1d7a05f7e44b t=34.17h 47.5% wall=645.3s ETA=714.6s
2026-09-11 01:34:01,730 INFO q4_2d_adaptive_nr40_nz125_dt0.25_md7f14a4ef684 t=57.10h 79.3% wall=866.2s ETA=226.0s
2026-09-11 01:34:03,436 INFO q23_1d_adaptive_nr160_nz1_dt0.125_m94a220bc5006_half_steps t=33.65h 46.7% wall=806.9s ETA=919.6s
2026-09-11 01:34:08,191 INFO q4_1d_adaptive_nr160_nz1_dt0.25_m1d7a05f7e44b t=35.20h 48.9% wall=665.5s ETA=695.8s
2026-09-11 01:34:21,943 INFO q4_2d_adaptive_nr40_nz125_dt0.25_md7f14a4ef684 t=58.50h 81.2% wall=886.4s ETA=204.6s
2026-09-11 01:34:23,745 INFO q23_1d_adaptive_nr160_nz1_dt0.125_m94a220bc5006_half_steps t=34.57h 48.0% wall=827.2s ETA=895.8s
2026-09-11 01:34:28,379 INFO q4_1d_adaptive_nr160_nz1_dt0.25_m1d7a05f7e44b t=36.30h 50.4% wall=685.7s ETA=674.4s
2026-09-11 01:34:41,975 INFO q4_2d_adaptive_nr40_nz125_dt0.25_md7f14a4ef684 t=59.92h 83.2% wall=906.5s ETA=182.8s
2026-09-11 01:34:44,056 INFO q23_1d_adaptive_nr160_nz1_dt0.125_m94a220bc5006_half_steps t=35.48h 49.3% wall=847.5s ETA=872.2s
2026-09-11 01:34:48,540 INFO q4_1d_adaptive_nr160_nz1_dt0.25_m1d7a05f7e44b t=37.40h 51.9% wall=705.9s ETA=653.0s
2026-09-11 01:35:02,119 INFO q4_2d_adaptive_nr40_nz125_dt0.25_md7f14a4ef684 t=61.30h 85.1% wall=926.6s ETA=161.7s
2026-09-11 01:35:04,364 INFO q23_1d_adaptive_nr160_nz1_dt0.125_m94a220bc5006_half_steps t=36.38h 50.5% wall=867.8s ETA=849.5s
2026-09-11 01:35:08,792 INFO q4_1d_adaptive_nr160_nz1_dt0.25_m1d7a05f7e44b t=38.47h 53.4% wall=726.1s ETA=633.0s
2026-09-11 01:35:22,154 INFO q4_2d_adaptive_nr40_nz125_dt0.25_md7f14a4ef684 t=62.67h 87.0% wall=946.6s ETA=141.0s
2026-09-11 01:35:24,672 INFO q23_1d_adaptive_nr160_nz1_dt0.125_m94a220bc5006_half_steps t=37.27h 51.8% wall=888.1s ETA=827.7s
2026-09-11 01:35:29,008 INFO q4_1d_adaptive_nr160_nz1_dt0.25_m1d7a05f7e44b t=39.53h 54.9% wall=746.3s ETA=612.9s
2026-09-11 01:35:42,223 INFO q4_2d_adaptive_nr40_nz125_dt0.25_md7f14a4ef684 t=64.07h 89.0% wall=966.7s ETA=119.7s
2026-09-11 01:35:44,695 INFO q23_1d_adaptive_nr160_nz1_dt0.125_m94a220bc5006_half_steps t=38.17h 53.0% wall=908.1s ETA=805.0s
2026-09-11 01:35:49,113 INFO q4_1d_adaptive_nr160_nz1_dt0.25_m1d7a05f7e44b t=40.60h 56.4% wall=766.4s ETA=592.8s
2026-09-11 01:36:02,305 INFO q4_2d_adaptive_nr40_nz125_dt0.25_md7f14a4ef684 t=65.45h 90.9% wall=986.8s ETA=98.8s
2026-09-11 01:36:04,714 INFO q23_1d_adaptive_nr160_nz1_dt0.125_m94a220bc5006_half_steps t=39.07h 54.3% wall=928.2s ETA=782.4s
2026-09-11 01:36:09,396 INFO q4_1d_adaptive_nr160_nz1_dt0.25_m1d7a05f7e44b t=41.70h 57.9% wall=786.7s ETA=571.7s
2026-09-11 01:36:22,376 INFO q4_2d_adaptive_nr40_nz125_dt0.25_md7f14a4ef684 t=66.87h 92.9% wall=1006.9s ETA=77.3s
2026-09-11 01:36:24,782 INFO q23_1d_adaptive_nr160_nz1_dt0.125_m94a220bc5006_half_steps t=40.00h 55.6% wall=948.2s ETA=758.6s
2026-09-11 01:36:29,402 INFO q4_1d_adaptive_nr160_nz1_dt0.25_m1d7a05f7e44b t=42.80h 59.4% wall=806.7s ETA=550.4s
2026-09-11 01:36:42,512 INFO q4_2d_adaptive_nr40_nz125_dt0.25_md7f14a4ef684 t=68.27h 94.8% wall=1027.0s ETA=56.2s
2026-09-11 01:36:44,845 INFO q23_1d_adaptive_nr160_nz1_dt0.125_m94a220bc5006_half_steps t=40.92h 56.8% wall=968.3s ETA=735.6s
2026-09-11 01:36:49,642 INFO q4_1d_adaptive_nr160_nz1_dt0.25_m1d7a05f7e44b t=43.92h 61.0% wall=827.0s ETA=528.8s
2026-09-11 01:37:02,654 INFO q4_2d_adaptive_nr40_nz125_dt0.25_md7f14a4ef684 t=69.70h 96.8% wall=1047.1s ETA=34.6s
2026-09-11 01:37:05,062 INFO q23_1d_adaptive_nr160_nz1_dt0.125_m94a220bc5006_half_steps t=41.83h 58.1% wall=988.5s ETA=712.8s
2026-09-11 01:37:09,829 INFO q4_1d_adaptive_nr160_nz1_dt0.25_m1d7a05f7e44b t=45.00h 62.5% wall=847.2s ETA=508.3s
2026-09-11 01:37:22,697 INFO q4_2d_adaptive_nr40_nz125_dt0.25_md7f14a4ef684 t=71.08h 98.7% wall=1067.2s ETA=13.8s
2026-09-11 01:37:25,226 INFO q23_1d_adaptive_nr160_nz1_dt0.125_m94a220bc5006_half_steps t=42.77h 59.4% wall=1008.7s ETA=689.5s
2026-09-11 01:37:30,028 INFO q4_1d_adaptive_nr160_nz1_dt0.25_m1d7a05f7e44b t=46.10h 64.0% wall=867.4s ETA=487.3s
2026-09-11 01:37:35,767 INFO DRY {"case_id": "q4_2d_adaptive_nr40_nz125_dt0.25_md7f14a4ef684", "simulated_time_s": 259200.0, "Cmax": 0.12375578153609805, "wall_s": 1080.231666900003, "peak_rss_bytes": 133939200, "drying_time_h": 51.1833}
2026-09-11 01:37:45,230 INFO q23_1d_adaptive_nr160_nz1_dt0.125_m94a220bc5006_half_steps t=43.70h 60.7% wall=1028.7s ETA=666.2s
2026-09-11 01:37:50,314 INFO q4_1d_adaptive_nr160_nz1_dt0.25_m1d7a05f7e44b t=47.23h 65.6% wall=887.7s ETA=465.4s
2026-09-11 01:38:05,397 INFO q23_1d_adaptive_nr160_nz1_dt0.125_m94a220bc5006_half_steps t=44.67h 62.0% wall=1048.8s ETA=641.8s
2026-09-11 01:38:10,450 INFO q4_1d_adaptive_nr160_nz1_dt0.25_m1d7a05f7e44b t=48.40h 67.2% wall=907.8s ETA=442.6s
2026-09-11 01:38:25,608 INFO q23_1d_adaptive_nr160_nz1_dt0.125_m94a220bc5006_half_steps t=45.62h 63.4% wall=1069.0s ETA=618.3s
2026-09-11 01:38:30,595 INFO q4_1d_adaptive_nr160_nz1_dt0.25_m1d7a05f7e44b t=49.57h 68.8% wall=927.9s ETA=420.0s
2026-09-11 01:38:45,764 INFO q23_1d_adaptive_nr160_nz1_dt0.125_m94a220bc5006_half_steps t=46.57h 64.7% wall=1089.2s ETA=594.9s
2026-09-11 01:38:50,640 INFO q4_1d_adaptive_nr160_nz1_dt0.25_m1d7a05f7e44b t=50.75h 70.5% wall=948.0s ETA=396.9s
2026-09-11 01:38:56,880 INFO DRYING_EVENT_LOCATED {"case_id": "q4_1d_adaptive_nr160_nz1_dt0.25_m1d7a05f7e44b", "left_s": 183965.953125, "right_s": 183965.96875, "width_s": 0.015625, "raw_event_s": 183965.96875, "report_s": 183966.12, "report_h": 51.1017, "left_max_C": 0.1500000015410422, "right_max_C": 0.14999999352093185, "report_max_C": 0.14999991588634534}
2026-09-11 01:39:05,798 INFO q23_1d_adaptive_nr160_nz1_dt0.125_m94a220bc5006_half_steps t=47.52h 66.0% wall=1109.2s ETA=571.5s
2026-09-11 01:39:10,741 INFO q4_1d_adaptive_nr160_nz1_dt0.25_m1d7a05f7e44b t=51.88h 72.1% wall=968.1s ETA=375.4s
2026-09-11 01:39:25,918 INFO q23_1d_adaptive_nr160_nz1_dt0.125_m94a220bc5006_half_steps t=48.47h 67.3% wall=1129.4s ETA=548.4s
2026-09-11 01:39:30,747 INFO q4_1d_adaptive_nr160_nz1_dt0.25_m1d7a05f7e44b t=53.03h 73.7% wall=988.1s ETA=353.4s
2026-09-11 01:39:46,062 INFO q23_1d_adaptive_nr160_nz1_dt0.125_m94a220bc5006_half_steps t=49.43h 68.7% wall=1149.5s ETA=524.8s
2026-09-11 01:39:50,972 INFO q4_1d_adaptive_nr160_nz1_dt0.25_m1d7a05f7e44b t=54.22h 75.3% wall=1008.3s ETA=330.7s
2026-09-11 01:40:06,262 INFO q23_1d_adaptive_nr160_nz1_dt0.125_m94a220bc5006_half_steps t=50.37h 70.0% wall=1169.7s ETA=502.4s
2026-09-11 01:40:11,136 INFO q4_1d_adaptive_nr160_nz1_dt0.25_m1d7a05f7e44b t=55.33h 76.9% wall=1028.5s ETA=309.8s
2026-09-11 01:40:26,400 INFO q23_1d_adaptive_nr160_nz1_dt0.125_m94a220bc5006_half_steps t=51.30h 71.2% wall=1189.8s ETA=480.1s
2026-09-11 01:40:31,283 INFO q4_1d_adaptive_nr160_nz1_dt0.25_m1d7a05f7e44b t=56.48h 78.4% wall=1048.6s ETA=288.1s
2026-09-11 01:40:46,562 INFO q23_1d_adaptive_nr160_nz1_dt0.125_m94a220bc5006_half_steps t=52.25h 72.6% wall=1210.0s ETA=457.4s
2026-09-11 01:40:51,468 INFO q4_1d_adaptive_nr160_nz1_dt0.25_m1d7a05f7e44b t=57.67h 80.1% wall=1068.8s ETA=265.7s
2026-09-11 01:41:06,584 INFO q23_1d_adaptive_nr160_nz1_dt0.125_m94a220bc5006_half_steps t=53.22h 73.9% wall=1230.0s ETA=434.1s
2026-09-11 01:41:11,692 INFO q4_1d_adaptive_nr160_nz1_dt0.25_m1d7a05f7e44b t=58.85h 81.7% wall=1089.0s ETA=243.3s
2026-09-11 01:41:26,592 INFO q23_1d_adaptive_nr160_nz1_dt0.125_m94a220bc5006_half_steps t=54.18h 75.3% wall=1250.0s ETA=411.0s
2026-09-11 01:41:31,855 INFO q4_1d_adaptive_nr160_nz1_dt0.25_m1d7a05f7e44b t=60.00h 83.3% wall=1109.2s ETA=221.8s
2026-09-11 01:41:46,620 INFO q23_1d_adaptive_nr160_nz1_dt0.125_m94a220bc5006_half_steps t=55.10h 76.5% wall=1270.1s ETA=389.5s
2026-09-11 01:41:51,919 INFO q4_1d_adaptive_nr160_nz1_dt0.25_m1d7a05f7e44b t=61.12h 84.9% wall=1129.3s ETA=201.1s
2026-09-11 01:42:06,772 INFO q23_1d_adaptive_nr160_nz1_dt0.125_m94a220bc5006_half_steps t=56.05h 77.8% wall=1290.2s ETA=367.2s
2026-09-11 01:42:12,058 INFO q4_1d_adaptive_nr160_nz1_dt0.25_m1d7a05f7e44b t=62.25h 86.5% wall=1149.4s ETA=180.0s
2026-09-11 01:42:26,938 INFO q23_1d_adaptive_nr160_nz1_dt0.125_m94a220bc5006_half_steps t=56.98h 79.1% wall=1310.4s ETA=345.3s
2026-09-11 01:42:32,308 INFO q4_1d_adaptive_nr160_nz1_dt0.25_m1d7a05f7e44b t=63.38h 88.0% wall=1169.6s ETA=159.0s
2026-09-11 01:42:38,927 INFO DRYING_EVENT_LOCATED {"case_id": "q23_1d_adaptive_nr160_nz1_dt0.125_m94a220bc5006_half_steps", "left_s": 207095.4609375, "right_s": 207095.46875, "width_s": 0.0078125, "raw_event_s": 207095.46875, "report_s": 207095.75999999998, "report_h": 57.526599999999995, "left_max_C": 0.15000000115844025, "right_max_C": 0.1499999988871527, "report_max_C": 0.149999914213668}
2026-09-11 01:42:46,990 INFO q23_1d_adaptive_nr160_nz1_dt0.125_m94a220bc5006_half_steps t=57.90h 80.4% wall=1330.4s ETA=324.0s
2026-09-11 01:42:52,407 INFO q4_1d_adaptive_nr160_nz1_dt0.25_m1d7a05f7e44b t=64.52h 89.6% wall=1189.7s ETA=138.0s
2026-09-11 01:43:07,277 INFO q23_1d_adaptive_nr160_nz1_dt0.125_m94a220bc5006_half_steps t=58.85h 81.7% wall=1350.7s ETA=301.8s
2026-09-11 01:43:12,676 INFO q4_1d_adaptive_nr160_nz1_dt0.25_m1d7a05f7e44b t=65.70h 91.2% wall=1210.0s ETA=116.0s
2026-09-11 01:43:27,467 INFO q23_1d_adaptive_nr160_nz1_dt0.125_m94a220bc5006_half_steps t=59.80h 83.1% wall=1370.9s ETA=279.7s
2026-09-11 01:43:32,799 INFO q4_1d_adaptive_nr160_nz1_dt0.25_m1d7a05f7e44b t=66.87h 92.9% wall=1230.1s ETA=94.4s
2026-09-11 01:43:47,640 INFO q23_1d_adaptive_nr160_nz1_dt0.125_m94a220bc5006_half_steps t=60.77h 84.4% wall=1391.1s ETA=257.2s
2026-09-11 01:43:52,815 INFO q4_1d_adaptive_nr160_nz1_dt0.25_m1d7a05f7e44b t=68.02h 94.5% wall=1250.2s ETA=73.2s
2026-09-11 01:44:07,989 INFO q23_1d_adaptive_nr160_nz1_dt0.125_m94a220bc5006_half_steps t=61.68h 85.7% wall=1411.4s ETA=236.1s
2026-09-11 01:44:13,031 INFO q4_1d_adaptive_nr160_nz1_dt0.25_m1d7a05f7e44b t=69.13h 96.0% wall=1270.4s ETA=52.7s
2026-09-11 01:44:28,138 INFO q23_1d_adaptive_nr160_nz1_dt0.125_m94a220bc5006_half_steps t=62.62h 87.0% wall=1431.6s ETA=214.5s
2026-09-11 01:44:33,288 INFO q4_1d_adaptive_nr160_nz1_dt0.25_m1d7a05f7e44b t=70.30h 97.6% wall=1290.6s ETA=31.2s
2026-09-11 01:44:48,476 INFO q23_1d_adaptive_nr160_nz1_dt0.125_m94a220bc5006_half_steps t=63.58h 88.3% wall=1451.9s ETA=192.2s
2026-09-11 01:44:53,491 INFO q4_1d_adaptive_nr160_nz1_dt0.25_m1d7a05f7e44b t=71.48h 99.3% wall=1310.8s ETA=9.5s
2026-09-11 01:45:02,256 INFO DRY {"case_id": "q4_1d_adaptive_nr160_nz1_dt0.25_m1d7a05f7e44b", "simulated_time_s": 259200.0, "Cmax": 0.1236268014568915, "wall_s": 1319.5830127000008, "peak_rss_bytes": 218578944, "drying_time_h": 51.1017}
2026-09-11 01:45:08,658 INFO q23_1d_adaptive_nr160_nz1_dt0.125_m94a220bc5006_half_steps t=64.53h 89.6% wall=1472.1s ETA=170.3s
2026-09-11 01:45:15,548 INFO CACHE_REUSED q4_2d_adaptive_nr40_nz125_dt0.25_md7f14a4ef684
2026-09-11 01:45:15,549 INFO CACHE_REUSED {"case_id": "q4_2d_adaptive_nr40_nz125_dt0.25_md7f14a4ef684"}
2026-09-11 01:45:15,569 INFO START q4_2d_adaptive_nr40_nz125_dt0.125_md7f14a4ef684_half_steps warmup 0.00s target 0.50h
2026-09-11 01:45:28,723 INFO q23_1d_adaptive_nr160_nz1_dt0.125_m94a220bc5006_half_steps t=65.48h 90.9% wall=1492.2s ETA=148.5s
2026-09-11 01:45:29,413 INFO PARTIAL_TIME_RANGE {"case_id": "q4_2d_adaptive_nr40_nz125_dt0.125_md7f14a4ef684_half_steps", "simulated_time_s": 1800.0, "Cmax": 2.55, "wall_s": 13.83901319999859, "peak_rss_bytes": 158998528, "drying_time_h": null}
2026-09-11 01:45:48,826 INFO q23_1d_adaptive_nr160_nz1_dt0.125_m94a220bc5006_half_steps t=66.40h 92.2% wall=1512.3s ETA=127.5s
2026-09-11 01:45:53,250 WARNING END_EFFECT_NOT_NEGLIGIBLE {"case_id": "q4", "max_abs_T": 5.534792666020849, "max_abs_C": 1.7108088207014944, "relative_time_difference": 0.0015976120583443506}
2026-09-11 01:45:53,388 INFO START q4_2d_adaptive_nr80_nz125_dt0.25_m338635beb33f_radial_verification warmup 0.00s target 2.87h
2026-09-11 01:45:54,516 WARNING DT_LIMITED_BY_STABILITY {"case_id": "q4_2d_adaptive_nr80_nz125_dt0.25_m338635beb33f_radial_verification", "requested_dt_s": 0.25, "accepted_dt_s": 0.125, "simulated_time_s": 0.0, "grid": [80, 125]}
2026-09-11 01:46:07,788 WARNING END_EFFECT_NOT_NEGLIGIBLE {"case_id": "q1", "max_abs_T": 3.697590683434555, "max_abs_C": 0.9862263314164501, "relative_time_difference": null}
2026-09-11 01:46:08,831 INFO q23_1d_adaptive_nr160_nz1_dt0.125_m94a220bc5006_half_steps t=67.28h 93.4% wall=1532.3s ETA=107.4s
2026-09-11 01:46:13,887 INFO q4_2d_adaptive_nr80_nz125_dt0.25_m338635beb33f_radial_verification t=0.30h 10.5% wall=20.5s ETA=175.4s
2026-09-11 01:46:28,851 INFO q23_1d_adaptive_nr160_nz1_dt0.125_m94a220bc5006_half_steps t=68.15h 94.7% wall=1552.3s ETA=87.7s
2026-09-11 01:46:34,875 INFO q4_2d_adaptive_nr80_nz125_dt0.25_m338635beb33f_radial_verification t=0.60h 20.9% wall=41.5s ETA=156.7s
2026-09-11 01:46:36,397 WARNING END_EFFECT_NOT_NEGLIGIBLE {"case_id": "q23", "max_abs_T": 4.093695653635564, "max_abs_C": 0.9754244913361902, "relative_time_difference": 0.005687443366623636}
2026-09-11 01:46:49,040 INFO q23_1d_adaptive_nr160_nz1_dt0.125_m94a220bc5006_half_steps t=69.05h 95.9% wall=1572.5s ETA=67.2s
2026-09-11 01:46:55,885 INFO q4_2d_adaptive_nr80_nz125_dt0.25_m338635beb33f_radial_verification t=0.92h 32.0% wall=62.5s ETA=133.0s
2026-09-11 01:46:57,393 WARNING END_EFFECT_NOT_NEGLIGIBLE {"case_id": "q4", "max_abs_T": 5.534792666020849, "max_abs_C": 1.7108088207014944, "relative_time_difference": 0.0015976120583443506}
2026-09-11 01:47:09,181 INFO q23_1d_adaptive_nr160_nz1_dt0.125_m94a220bc5006_half_steps t=69.98h 97.2% wall=1592.6s ETA=45.9s
2026-09-11 01:47:16,959 INFO q4_2d_adaptive_nr80_nz125_dt0.25_m338635beb33f_radial_verification t=1.23h 43.0% wall=83.6s ETA=110.7s
2026-09-11 01:47:29,401 INFO q23_1d_adaptive_nr160_nz1_dt0.125_m94a220bc5006_half_steps t=70.92h 98.5% wall=1612.8s ETA=24.6s
2026-09-11 01:47:38,130 INFO q4_2d_adaptive_nr80_nz125_dt0.25_m338635beb33f_radial_verification t=1.55h 54.1% wall=104.7s ETA=89.0s
2026-09-11 01:47:49,724 INFO q23_1d_adaptive_nr160_nz1_dt0.125_m94a220bc5006_half_steps t=71.82h 99.7% wall=1633.2s ETA=4.2s
2026-09-11 01:47:53,895 INFO DRY {"case_id": "q23_1d_adaptive_nr160_nz1_dt0.125_m94a220bc5006_half_steps", "simulated_time_s": 259200.0, "Cmax": 0.1377328657400242, "wall_s": 1637.3144694000002, "peak_rss_bytes": 464433152, "drying_time_h": 57.526599999999995}
2026-09-11 01:47:58,554 INFO q4_2d_adaptive_nr80_nz125_dt0.25_m338635beb33f_radial_verification t=1.85h 64.5% wall=125.2s ETA=68.8s
2026-09-11 01:48:18,971 INFO q4_2d_adaptive_nr80_nz125_dt0.25_m338635beb33f_radial_verification t=2.15h 75.0% wall=145.6s ETA=48.5s
2026-09-11 01:48:39,803 INFO q4_2d_adaptive_nr80_nz125_dt0.25_m338635beb33f_radial_verification t=2.47h 86.0% wall=166.4s ETA=27.0s
2026-09-11 01:48:43,242 INFO CACHE_REUSED q4_1d_adaptive_nr40_nz1_dt0.25_ma085877c28ed
2026-09-11 01:48:43,243 INFO CACHE_REUSED {"case_id": "q4_1d_adaptive_nr40_nz1_dt0.25_ma085877c28ed"}
2026-09-11 01:48:43,255 INFO CACHE_REUSED q4_1d_adaptive_nr80_nz1_dt0.25_md66ccc838cbe
2026-09-11 01:48:43,256 INFO CACHE_REUSED {"case_id": "q4_1d_adaptive_nr80_nz1_dt0.25_md66ccc838cbe"}
2026-09-11 01:48:43,269 INFO CACHE_REUSED q4_1d_adaptive_nr160_nz1_dt0.25_m1d7a05f7e44b
2026-09-11 01:48:43,270 INFO CACHE_REUSED {"case_id": "q4_1d_adaptive_nr160_nz1_dt0.25_m1d7a05f7e44b"}
2026-09-11 01:48:52,263 WARNING SPATIAL_CONVERGENCE_FAILED {"case_id": "q4_1d_adaptive_nr160_nz1_dt0.25_m1d7a05f7e44b", "failure_reasons": ["OFFICIAL_C_EXCEEDS_TOLERANCE"]}
2026-09-11 01:48:52,279 INFO START q4_1d_adaptive_nr160_nz1_dt0.125_m1d7a05f7e44b_half_steps warmup 0.00s target 72.00h
2026-09-11 01:49:00,308 INFO q4_2d_adaptive_nr80_nz125_dt0.25_m338635beb33f_radial_verification t=2.77h 96.5% wall=186.9s ETA=6.8s
2026-09-11 01:49:06,987 INFO PARTIAL_TIME_RANGE {"case_id": "q4_2d_adaptive_nr80_nz125_dt0.25_m338635beb33f_radial_verification", "simulated_time_s": 10320.0, "Cmax": 2.475017771909165, "wall_s": 193.5850352999987, "peak_rss_bytes": 169783296, "drying_time_h": null}
2026-09-11 01:49:07,623 INFO START q4_2d_adaptive_nr40_nz250_dt0.25_m7c4f1999f231_axial_verification warmup 0.00s target 2.87h
2026-09-11 01:49:12,338 INFO q4_1d_adaptive_nr160_nz1_dt0.125_m1d7a05f7e44b_half_steps t=1.72h 2.4% wall=20.1s ETA=821.3s
2026-09-11 01:49:28,022 INFO q4_2d_adaptive_nr40_nz250_dt0.25_m7c4f1999f231_axial_verification t=0.73h 25.6% wall=20.4s ETA=59.3s
2026-09-11 01:49:32,469 INFO q4_1d_adaptive_nr160_nz1_dt0.125_m1d7a05f7e44b_half_steps t=3.38h 4.7% wall=40.2s ETA=815.1s
2026-09-11 01:49:48,254 INFO q4_2d_adaptive_nr40_nz250_dt0.25_m7c4f1999f231_axial_verification t=1.45h 50.6% wall=40.6s ETA=39.7s
2026-09-11 01:49:52,506 INFO q4_1d_adaptive_nr160_nz1_dt0.125_m1d7a05f7e44b_half_steps t=4.25h 5.9% wall=60.2s ETA=960.1s
2026-09-11 01:50:08,702 INFO q4_2d_adaptive_nr40_nz250_dt0.25_m7c4f1999f231_axial_verification t=2.18h 76.2% wall=61.1s ETA=19.1s
2026-09-11 01:50:12,662 INFO q4_1d_adaptive_nr160_nz1_dt0.125_m1d7a05f7e44b_half_steps t=5.15h 7.2% wall=80.4s ETA=1043.4s
2026-09-11 01:50:27,606 INFO PARTIAL_TIME_RANGE {"case_id": "q4_2d_adaptive_nr40_nz250_dt0.25_m7c4f1999f231_axial_verification", "simulated_time_s": 10320.0, "Cmax": 2.4748463454346066, "wall_s": 79.96898610000062, "peak_rss_bytes": 167686144, "drying_time_h": null}
2026-09-11 01:50:32,928 INFO q4_1d_adaptive_nr160_nz1_dt0.125_m1d7a05f7e44b_half_steps t=6.07h 8.4% wall=100.7s ETA=1093.9s
2026-09-11 01:50:53,089 INFO q4_1d_adaptive_nr160_nz1_dt0.125_m1d7a05f7e44b_half_steps t=6.98h 9.7% wall=120.8s ETA=1124.8s
2026-09-11 01:51:13,260 INFO q4_1d_adaptive_nr160_nz1_dt0.125_m1d7a05f7e44b_half_steps t=7.90h 11.0% wall=141.0s ETA=1143.9s
2026-09-11 01:51:33,365 INFO q4_1d_adaptive_nr160_nz1_dt0.125_m1d7a05f7e44b_half_steps t=8.80h 12.2% wall=161.1s ETA=1156.9s
2026-09-11 01:51:53,701 INFO q4_1d_adaptive_nr160_nz1_dt0.125_m1d7a05f7e44b_half_steps t=9.70h 13.5% wall=181.4s ETA=1165.2s
2026-09-11 01:52:13,930 INFO q4_1d_adaptive_nr160_nz1_dt0.125_m1d7a05f7e44b_half_steps t=10.62h 14.7% wall=201.7s ETA=1165.9s
2026-09-11 01:52:34,210 INFO q4_1d_adaptive_nr160_nz1_dt0.125_m1d7a05f7e44b_half_steps t=11.53h 16.0% wall=221.9s ETA=1163.5s
2026-09-11 01:52:54,502 INFO q4_1d_adaptive_nr160_nz1_dt0.125_m1d7a05f7e44b_half_steps t=12.45h 17.3% wall=242.2s ETA=1158.6s
2026-09-11 01:53:14,719 INFO q4_1d_adaptive_nr160_nz1_dt0.125_m1d7a05f7e44b_half_steps t=13.33h 18.5% wall=262.4s ETA=1154.7s
2026-09-11 01:53:34,905 INFO q4_1d_adaptive_nr160_nz1_dt0.125_m1d7a05f7e44b_half_steps t=14.23h 19.8% wall=282.6s ETA=1147.1s
2026-09-11 01:53:55,157 INFO q4_1d_adaptive_nr160_nz1_dt0.125_m1d7a05f7e44b_half_steps t=15.15h 21.0% wall=302.9s ETA=1136.5s
2026-09-11 01:54:15,498 INFO q4_1d_adaptive_nr160_nz1_dt0.125_m1d7a05f7e44b_half_steps t=16.08h 22.3% wall=323.2s ETA=1123.7s
2026-09-11 01:54:35,631 INFO q4_1d_adaptive_nr160_nz1_dt0.125_m1d7a05f7e44b_half_steps t=17.02h 23.6% wall=343.4s ETA=1109.4s
2026-09-11 01:54:51,888 WARNING 2D_SPATIAL_VALIDATION_PARTIAL {"case_id": "q4_2d_adaptive_nr40_nz125_dt0.25_md7f14a4ef684", "covered_refinement_time_s": [0, 10320.0], "endpoint_windows": [[180600.0, 184859.88], [180600.0, 184859.88]]}
2026-09-11 01:54:55,733 INFO q4_1d_adaptive_nr160_nz1_dt0.125_m1d7a05f7e44b_half_steps t=17.93h 24.9% wall=363.5s ETA=1095.8s
2026-09-11 01:55:15,759 INFO q4_1d_adaptive_nr160_nz1_dt0.125_m1d7a05f7e44b_half_steps t=18.97h 26.3% wall=383.5s ETA=1072.3s
2026-09-11 01:55:36,047 INFO q4_1d_adaptive_nr160_nz1_dt0.125_m1d7a05f7e44b_half_steps t=20.03h 27.8% wall=403.8s ETA=1047.4s
2026-09-11 01:55:56,054 INFO q4_1d_adaptive_nr160_nz1_dt0.125_m1d7a05f7e44b_half_steps t=21.08h 29.3% wall=423.8s ETA=1023.4s
2026-09-11 01:56:16,072 INFO q4_1d_adaptive_nr160_nz1_dt0.125_m1d7a05f7e44b_half_steps t=22.08h 30.7% wall=443.8s ETA=1003.1s
2026-09-11 01:56:36,273 INFO q4_1d_adaptive_nr160_nz1_dt0.125_m1d7a05f7e44b_half_steps t=23.15h 32.2% wall=464.0s ETA=979.1s
2026-09-11 01:56:56,602 INFO q4_1d_adaptive_nr160_nz1_dt0.125_m1d7a05f7e44b_half_steps t=24.22h 33.6% wall=484.3s ETA=955.6s
2026-09-11 01:57:16,896 INFO q4_1d_adaptive_nr160_nz1_dt0.125_m1d7a05f7e44b_half_steps t=25.28h 35.1% wall=504.6s ETA=932.4s
2026-09-11 01:57:37,115 INFO q4_1d_adaptive_nr160_nz1_dt0.125_m1d7a05f7e44b_half_steps t=26.33h 36.6% wall=524.8s ETA=910.2s
2026-09-11 01:57:57,412 INFO q4_1d_adaptive_nr160_nz1_dt0.125_m1d7a05f7e44b_half_steps t=27.42h 38.1% wall=545.1s ETA=886.5s
2026-09-11 01:58:17,546 INFO q4_1d_adaptive_nr160_nz1_dt0.125_m1d7a05f7e44b_half_steps t=28.47h 39.5% wall=565.3s ETA=864.5s
2026-09-11 01:58:37,552 INFO q4_1d_adaptive_nr160_nz1_dt0.125_m1d7a05f7e44b_half_steps t=29.52h 41.0% wall=585.3s ETA=842.4s
2026-09-11 01:58:57,807 INFO q4_1d_adaptive_nr160_nz1_dt0.125_m1d7a05f7e44b_half_steps t=30.57h 42.5% wall=605.5s ETA=820.8s
2026-09-11 01:59:17,877 INFO q4_1d_adaptive_nr160_nz1_dt0.125_m1d7a05f7e44b_half_steps t=31.58h 43.9% wall=625.6s ETA=800.6s
2026-09-11 01:59:38,169 INFO q4_1d_adaptive_nr160_nz1_dt0.125_m1d7a05f7e44b_half_steps t=32.65h 45.3% wall=645.9s ETA=778.4s
2026-09-11 01:59:58,209 INFO q4_1d_adaptive_nr160_nz1_dt0.125_m1d7a05f7e44b_half_steps t=33.68h 46.8% wall=665.9s ETA=757.5s
2026-09-11 02:00:18,447 INFO q4_1d_adaptive_nr160_nz1_dt0.125_m1d7a05f7e44b_half_steps t=34.75h 48.3% wall=686.2s ETA=735.5s
2026-09-11 02:00:38,736 INFO q4_1d_adaptive_nr160_nz1_dt0.125_m1d7a05f7e44b_half_steps t=35.83h 49.8% wall=706.5s ETA=713.0s
2026-09-11 02:00:58,802 INFO q4_1d_adaptive_nr160_nz1_dt0.125_m1d7a05f7e44b_half_steps t=36.93h 51.3% wall=726.5s ETA=689.8s
2026-09-11 02:01:18,981 INFO q4_1d_adaptive_nr160_nz1_dt0.125_m1d7a05f7e44b_half_steps t=38.00h 52.8% wall=746.7s ETA=668.1s
2026-09-11 02:01:39,163 INFO q4_1d_adaptive_nr160_nz1_dt0.125_m1d7a05f7e44b_half_steps t=39.08h 54.3% wall=766.9s ETA=645.9s
2026-09-11 02:01:59,504 INFO q4_1d_adaptive_nr160_nz1_dt0.125_m1d7a05f7e44b_half_steps t=40.17h 55.8% wall=787.2s ETA=623.9s
2026-09-11 02:02:19,542 INFO q4_1d_adaptive_nr160_nz1_dt0.125_m1d7a05f7e44b_half_steps t=41.22h 57.2% wall=807.3s ETA=602.9s
2026-09-11 02:02:39,693 INFO q4_1d_adaptive_nr160_nz1_dt0.125_m1d7a05f7e44b_half_steps t=42.30h 58.8% wall=827.4s ETA=581.0s
2026-09-11 02:02:59,985 INFO q4_1d_adaptive_nr160_nz1_dt0.125_m1d7a05f7e44b_half_steps t=43.40h 60.3% wall=847.7s ETA=558.6s
2026-09-11 02:03:20,013 INFO q4_1d_adaptive_nr160_nz1_dt0.125_m1d7a05f7e44b_half_steps t=44.47h 61.8% wall=867.7s ETA=537.3s
2026-09-11 02:03:40,152 INFO q4_1d_adaptive_nr160_nz1_dt0.125_m1d7a05f7e44b_half_steps t=45.53h 63.2% wall=887.9s ETA=516.1s
2026-09-11 02:04:00,271 INFO q4_1d_adaptive_nr160_nz1_dt0.125_m1d7a05f7e44b_half_steps t=46.60h 64.7% wall=908.0s ETA=494.9s
2026-09-11 02:04:20,347 INFO q4_1d_adaptive_nr160_nz1_dt0.125_m1d7a05f7e44b_half_steps t=47.67h 66.2% wall=928.1s ETA=473.8s
2026-09-11 02:04:40,632 INFO q4_1d_adaptive_nr160_nz1_dt0.125_m1d7a05f7e44b_half_steps t=48.73h 67.7% wall=948.4s ETA=452.8s
2026-09-11 02:05:00,729 INFO q4_1d_adaptive_nr160_nz1_dt0.125_m1d7a05f7e44b_half_steps t=49.80h 69.2% wall=968.5s ETA=431.7s
2026-09-11 02:05:20,767 INFO q4_1d_adaptive_nr160_nz1_dt0.125_m1d7a05f7e44b_half_steps t=50.87h 70.6% wall=988.5s ETA=410.7s
2026-09-11 02:05:25,484 INFO DRYING_EVENT_LOCATED {"case_id": "q4_1d_adaptive_nr160_nz1_dt0.125_m1d7a05f7e44b_half_steps", "left_s": 183965.953125, "right_s": 183965.9609375, "width_s": 0.0078125, "raw_event_s": 183965.9609375, "report_s": 183966.12, "report_h": 51.1017, "left_max_C": 0.15000000154401769, "right_max_C": 0.1499999975339623, "report_max_C": 0.14999991588932085}
2026-09-11 02:05:40,950 INFO q4_1d_adaptive_nr160_nz1_dt0.125_m1d7a05f7e44b_half_steps t=51.92h 72.1% wall=1008.7s ETA=390.2s
2026-09-11 02:06:00,970 INFO q4_1d_adaptive_nr160_nz1_dt0.125_m1d7a05f7e44b_half_steps t=52.95h 73.5% wall=1028.7s ETA=370.1s
2026-09-11 02:06:21,023 INFO q4_1d_adaptive_nr160_nz1_dt0.125_m1d7a05f7e44b_half_steps t=54.00h 75.0% wall=1048.7s ETA=349.6s
2026-09-11 02:06:41,095 INFO q4_1d_adaptive_nr160_nz1_dt0.125_m1d7a05f7e44b_half_steps t=55.05h 76.5% wall=1068.8s ETA=329.1s
2026-09-11 02:07:01,307 INFO q4_1d_adaptive_nr160_nz1_dt0.125_m1d7a05f7e44b_half_steps t=56.10h 77.9% wall=1089.0s ETA=308.7s
2026-09-11 02:07:21,566 INFO q4_1d_adaptive_nr160_nz1_dt0.125_m1d7a05f7e44b_half_steps t=57.22h 79.5% wall=1109.3s ETA=286.6s
2026-09-11 02:07:41,713 INFO q4_1d_adaptive_nr160_nz1_dt0.125_m1d7a05f7e44b_half_steps t=58.27h 80.9% wall=1129.4s ETA=266.2s
2026-09-11 02:08:01,865 INFO q4_1d_adaptive_nr160_nz1_dt0.125_m1d7a05f7e44b_half_steps t=59.33h 82.4% wall=1149.6s ETA=245.4s
2026-09-11 02:08:22,002 INFO q4_1d_adaptive_nr160_nz1_dt0.125_m1d7a05f7e44b_half_steps t=60.37h 83.8% wall=1169.7s ETA=225.4s
2026-09-11 02:08:42,022 INFO q4_1d_adaptive_nr160_nz1_dt0.125_m1d7a05f7e44b_half_steps t=61.38h 85.3% wall=1189.7s ETA=205.8s
2026-09-11 02:09:02,023 INFO q4_1d_adaptive_nr160_nz1_dt0.125_m1d7a05f7e44b_half_steps t=62.42h 86.7% wall=1209.7s ETA=185.7s
2026-09-11 02:09:22,265 INFO q4_1d_adaptive_nr160_nz1_dt0.125_m1d7a05f7e44b_half_steps t=63.47h 88.1% wall=1230.0s ETA=165.4s
2026-09-11 02:09:42,329 INFO q4_1d_adaptive_nr160_nz1_dt0.125_m1d7a05f7e44b_half_steps t=64.52h 89.6% wall=1250.1s ETA=145.0s
2026-09-11 02:10:02,563 INFO q4_1d_adaptive_nr160_nz1_dt0.125_m1d7a05f7e44b_half_steps t=65.57h 91.1% wall=1270.3s ETA=124.6s
2026-09-11 02:10:22,648 INFO q4_1d_adaptive_nr160_nz1_dt0.125_m1d7a05f7e44b_half_steps t=66.62h 92.5% wall=1290.4s ETA=104.3s
2026-09-11 02:10:42,728 INFO q4_1d_adaptive_nr160_nz1_dt0.125_m1d7a05f7e44b_half_steps t=67.67h 94.0% wall=1310.5s ETA=83.9s
2026-09-11 02:11:02,965 INFO q4_1d_adaptive_nr160_nz1_dt0.125_m1d7a05f7e44b_half_steps t=68.75h 95.5% wall=1330.7s ETA=62.9s
2026-09-11 02:11:23,232 INFO q4_1d_adaptive_nr160_nz1_dt0.125_m1d7a05f7e44b_half_steps t=69.83h 97.0% wall=1351.0s ETA=41.9s
2026-09-11 02:11:43,241 INFO q4_1d_adaptive_nr160_nz1_dt0.125_m1d7a05f7e44b_half_steps t=70.87h 98.4% wall=1371.0s ETA=21.9s
2026-09-11 02:12:03,258 INFO q4_1d_adaptive_nr160_nz1_dt0.125_m1d7a05f7e44b_half_steps t=71.90h 99.9% wall=1391.0s ETA=1.9s
2026-09-11 02:12:05,206 INFO DRY {"case_id": "q4_1d_adaptive_nr160_nz1_dt0.125_m1d7a05f7e44b_half_steps", "simulated_time_s": 259200.0, "Cmax": 0.12362680145889196, "wall_s": 1392.9075584999991, "peak_rss_bytes": 233598976, "drying_time_h": 51.1017}
2026-09-11 18:10:57,563 INFO CACHE_REUSED q1_1d_adaptive_nr40_nz1_dt0.25_mcecd4275aca0
2026-09-11 18:10:57,564 INFO CACHE_REUSED {"case_id": "q1_1d_adaptive_nr40_nz1_dt0.25_mcecd4275aca0"}
2026-09-11 18:10:57,581 INFO CACHE_REUSED q1_1d_adaptive_nr80_nz1_dt0.25_m2fb9c46fbeef
2026-09-11 18:10:57,583 INFO CACHE_REUSED {"case_id": "q1_1d_adaptive_nr80_nz1_dt0.25_m2fb9c46fbeef"}
2026-09-11 18:10:57,602 INFO CACHE_REUSED q1_1d_adaptive_nr160_nz1_dt0.25_m26b01dc00898
2026-09-11 18:10:57,603 INFO CACHE_REUSED {"case_id": "q1_1d_adaptive_nr160_nz1_dt0.25_m26b01dc00898"}
2026-09-11 18:11:01,201 WARNING SPATIAL_CONVERGENCE_FAILED {"case_id": "q1_1d_adaptive_nr160_nz1_dt0.25_m26b01dc00898", "failure_reasons": ["OFFICIAL_C_EXCEEDS_TOLERANCE"]}
2026-09-11 18:11:01,223 INFO CACHE_REUSED q1_1d_adaptive_nr160_nz1_dt0.125_m26b01dc00898_half_steps
2026-09-11 18:11:01,224 INFO CACHE_REUSED {"case_id": "q1_1d_adaptive_nr160_nz1_dt0.125_m26b01dc00898_half_steps"}
2026-09-11 18:11:04,813 INFO CACHE_REUSED q1_1d_adaptive_nr160_nz1_dt0.25_m26b01dc00898
2026-09-11 18:11:04,814 INFO CACHE_REUSED {"case_id": "q1_1d_adaptive_nr160_nz1_dt0.25_m26b01dc00898"}
2026-09-11 18:11:04,890 INFO START q1_1d_adaptive_nr160_nz1_dt0.25_m26b01dc00898_stagepart_35c8e86f6109_0 warmup 0.03s target 0.08h
2026-09-11 18:11:04,895 WARNING DT_LIMITED_BY_STABILITY {"case_id": "q1_1d_adaptive_nr160_nz1_dt0.25_m26b01dc00898_stagepart_35c8e86f6109_0", "requested_dt_s": 0.25, "accepted_dt_s": 0.010712196255036055, "simulated_time_s": 0.0, "grid": [160, 1]}
2026-09-11 18:11:06,213 INFO COMPUTED {"case_id": "q1_1d_adaptive_nr160_nz1_dt0.25_m26b01dc00898_stagepart_35c8e86f6109_0", "simulated_time_s": 300.0, "Cmax": 2.55, "wall_s": 1.3160831999994116, "peak_rss_bytes": 170856448, "drying_time_h": null}
2026-09-11 18:11:06,228 INFO MESH_STAGE_SWITCH {"case_id": "q1_1d_stage_schedule_default_dt0.25_s35c8e86f6109", "switch_time": 300.0, "old_mesh": [160, 1], "new_mesh": [80, 1], "projection_max_abs_T": 0.006920277984193035, "projection_max_abs_C": 0.017362214511169594, "projection_L2_T": 0.0038225365974270597, "projection_L2_C": 0.005090051862388003, "volume_integral_T_before": 301.5093774687989, "volume_integral_T_after": 301.5093774687989, "volume_integral_C_before": 2.4975348568287195, "volume_integral_C_after": 2.497534856828719, "volume_integral_relative_error_T": 0.0, "volume_integral_relative_error_C": 1.7781101578456096e-16, "metric_note": "Max/L2 compare old averages with conservatively back-projected new averages; T integral is not nonlinear enthalpy.", "method": "Exact annular-volume overlap in frozen xi coordinates; positive weights"}
2026-09-11 18:11:06,247 INFO START q1_1d_adaptive_nr80_nz1_dt0.25_m2fb9c46fbeef_stagepart_35c8e86f6109_1 warmup 0.00s target 0.33h
2026-09-11 18:11:06,249 WARNING DT_LIMITED_BY_STABILITY {"case_id": "q1_1d_adaptive_nr80_nz1_dt0.25_m2fb9c46fbeef_stagepart_35c8e86f6109_1", "requested_dt_s": 0.25, "accepted_dt_s": 0.046875, "simulated_time_s": 300.0, "grid": [80, 1]}
2026-09-11 18:11:06,878 INFO COMPUTED {"case_id": "q1_1d_adaptive_nr80_nz1_dt0.25_m2fb9c46fbeef_stagepart_35c8e86f6109_1", "simulated_time_s": 1200.0, "Cmax": 2.5499999760329044, "wall_s": 0.6248759000009159, "peak_rss_bytes": 175124480, "drying_time_h": null}
2026-09-11 18:11:06,890 INFO MESH_STAGE_SWITCH {"case_id": "q1_1d_stage_schedule_default_dt0.25_s35c8e86f6109", "switch_time": 1200.0, "old_mesh": [80, 1], "new_mesh": [40, 1], "projection_max_abs_T": 0.031216672193181694, "projection_max_abs_C": 0.03079833363136175, "projection_L2_T": 0.023312520495898218, "projection_L2_C": 0.012573558568401255, "volume_integral_T_before": 305.09895229392737, "volume_integral_T_after": 305.09895229392737, "volume_integral_C_before": 2.367970950023701, "volume_integral_C_after": 2.367970950023701, "volume_integral_relative_error_T": 0.0, "volume_integral_relative_error_C": 0.0, "metric_note": "Max/L2 compare old averages with conservatively back-projected new averages; T integral is not nonlinear enthalpy.", "method": "Exact annular-volume overlap in frozen xi coordinates; positive weights"}
2026-09-11 18:11:06,908 INFO START q1_1d_adaptive_nr40_nz1_dt0.25_mcecd4275aca0_stagepart_35c8e86f6109_2 warmup 0.00s target 0.50h
2026-09-11 18:11:07,046 INFO COMPUTED {"case_id": "q1_1d_adaptive_nr40_nz1_dt0.25_mcecd4275aca0_stagepart_35c8e86f6109_2", "simulated_time_s": 1800.0, "Cmax": 2.5499912634848245, "wall_s": 0.13357689999975264, "peak_rss_bytes": 172077056, "drying_time_h": null}
2026-09-11 18:11:07,062 INFO STAGE_SCHEDULE_COMPLETED {"case_id": "q1_1d_stage_schedule_default_dt0.25_s35c8e86f6109", "drying_time_h": null, "stage_dt_statistics": [{"t_start": 0.0, "t_end": 300.0, "nr": 160, "nz": 1, "case_id": "q1_1d_adaptive_nr160_nz1_dt0.25_m26b01dc00898_stagepart_35c8e86f6109_0", "fingerprint": "8eca28f452896d506d93b731a9b4248111503324f65fb63dab1ec9902735fdbd", "mesh_profile_hash": "26b01dc0089856eaa32f6d68287688f2857015d88610fe7b0762801e14066cd9", "actual_dt_min": 0.010712196255035167, "actual_dt_mean": 0.015384615384615385, "actual_dt_max": 0.02121669240295887, "steps": 19500, "wall_s": 1.3160831999994116}, {"t_start": 300.0, "t_end": 1200.0, "nr": 80, "nz": 1, "case_id": "q1_1d_adaptive_nr80_nz1_dt0.25_m2fb9c46fbeef_stagepart_35c8e86f6109_1", "fingerprint": "ac0bd581e36cbf69bf01f00517a1a000d44b5f2a5e680e3a3b15fda23d3f2905", "mesh_profile_hash": "2fb9c46fbeef408dac08434286ee8d5646515efd2b69ab592690255bb7a7e7a4", "actual_dt_min": 0.046875, "actual_dt_mean": 0.0625, "actual_dt_max": 0.0703125, "steps": 14400, "wall_s": 0.6248759000009159}, {"t_start": 1200.0, "t_end": 1800.0, "nr": 40, "nz": 1, "case_id": "q1_1d_adaptive_nr40_nz1_dt0.25_mcecd4275aca0_stagepart_35c8e86f6109_2", "fingerprint": "1948d082ee3ed2c2cb3b1b5ac5ca9ea09230bd77a09f8cf926f9bba2beccc561", "mesh_profile_hash": "cecd4275aca095a95091243f77d37f47061c095c82e9e9233ab7119ae4a79c4d", "actual_dt_min": 0.25, "actual_dt_mean": 0.25, "actual_dt_max": 0.25, "steps": 2400, "wall_s": 0.13357689999975264}], "transfers": [{"switch_time": 300.0, "old_mesh": [160, 1], "new_mesh": [80, 1], "projection_max_abs_T": 0.006920277984193035, "projection_max_abs_C": 0.017362214511169594, "projection_L2_T": 0.0038225365974270597, "projection_L2_C": 0.005090051862388003, "volume_integral_T_before": 301.5093774687989, "volume_integral_T_after": 301.5093774687989, "volume_integral_C_before": 2.4975348568287195, "volume_integral_C_after": 2.497534856828719, "volume_integral_relative_error_T": 0.0, "volume_integral_relative_error_C": 1.7781101578456096e-16, "metric_note": "Max/L2 compare old averages with conservatively back-projected new averages; T integral is not nonlinear enthalpy.", "method": "Exact annular-volume overlap in frozen xi coordinates; positive weights"}, {"switch_time": 1200.0, "old_mesh": [80, 1], "new_mesh": [40, 1], "projection_max_abs_T": 0.031216672193181694, "projection_max_abs_C": 0.03079833363136175, "projection_L2_T": 0.023312520495898218, "projection_L2_C": 0.012573558568401255, "volume_integral_T_before": 305.09895229392737, "volume_integral_T_after": 305.09895229392737, "volume_integral_C_before": 2.367970950023701, "volume_integral_C_after": 2.367970950023701, "volume_integral_relative_error_T": 0.0, "volume_integral_relative_error_C": 0.0, "metric_note": "Max/L2 compare old averages with conservatively back-projected new averages; T integral is not nonlinear enthalpy.", "method": "Exact annular-volume overlap in frozen xi coordinates; positive weights"}]}
2026-09-11 18:11:11,449 INFO START q1_1d_adaptive_nr160_nz1_dt0.125_m26b01dc00898_stagepart_b04ec1e92fab_0 warmup 0.00s target 0.08h
2026-09-11 18:11:13,007 INFO COMPUTED {"case_id": "q1_1d_adaptive_nr160_nz1_dt0.125_m26b01dc00898_stagepart_b04ec1e92fab_0", "simulated_time_s": 300.0, "Cmax": 2.55, "wall_s": 1.5529555999964941, "peak_rss_bytes": 172834816, "drying_time_h": null}
2026-09-11 18:11:13,020 INFO MESH_STAGE_SWITCH {"case_id": "q1_1d_stage_schedule_half_steps_dt0.125_sb04ec1e92fab", "switch_time": 300.0, "old_mesh": [160, 1], "new_mesh": [80, 1], "projection_max_abs_T": 0.006920277984193035, "projection_max_abs_C": 0.017362214511170926, "projection_L2_T": 0.0038225365974379256, "projection_L2_C": 0.005090051862387914, "volume_integral_T_before": 301.50937746880066, "volume_integral_T_after": 301.5093774688006, "volume_integral_C_before": 2.4975348568287083, "volume_integral_C_after": 2.497534856828708, "volume_integral_relative_error_T": 1.8852952215952225e-16, "volume_integral_relative_error_C": 1.7781101578456175e-16, "metric_note": "Max/L2 compare old averages with conservatively back-projected new averages; T integral is not nonlinear enthalpy.", "method": "Exact annular-volume overlap in frozen xi coordinates; positive weights"}
2026-09-11 18:11:13,045 INFO START q1_1d_adaptive_nr80_nz1_dt0.125_m2fb9c46fbeef_stagepart_b04ec1e92fab_1 warmup 0.00s target 0.33h
2026-09-11 18:11:13,878 INFO COMPUTED {"case_id": "q1_1d_adaptive_nr80_nz1_dt0.125_m2fb9c46fbeef_stagepart_b04ec1e92fab_1", "simulated_time_s": 1200.0, "Cmax": 2.5499999760328675, "wall_s": 0.8267359000019496, "peak_rss_bytes": 175190016, "drying_time_h": null}
2026-09-11 18:11:13,894 INFO MESH_STAGE_SWITCH {"case_id": "q1_1d_stage_schedule_half_steps_dt0.125_sb04ec1e92fab", "switch_time": 1200.0, "old_mesh": [80, 1], "new_mesh": [40, 1], "projection_max_abs_T": 0.031216672193238537, "projection_max_abs_C": 0.030798333631361308, "projection_L2_T": 0.02331252049589554, "projection_L2_C": 0.0125735585684012, "volume_integral_T_before": 305.098952293928, "volume_integral_T_after": 305.098952293928, "volume_integral_C_before": 2.367970950023688, "volume_integral_C_after": 2.367970950023688, "volume_integral_relative_error_T": 0.0, "volume_integral_relative_error_C": 0.0, "metric_note": "Max/L2 compare old averages with conservatively back-projected new averages; T integral is not nonlinear enthalpy.", "method": "Exact annular-volume overlap in frozen xi coordinates; positive weights"}
2026-09-11 18:11:13,920 INFO START q1_1d_adaptive_nr40_nz1_dt0.125_mcecd4275aca0_stagepart_b04ec1e92fab_2 warmup 0.00s target 0.50h
2026-09-11 18:11:14,096 INFO COMPUTED {"case_id": "q1_1d_adaptive_nr40_nz1_dt0.125_mcecd4275aca0_stagepart_b04ec1e92fab_2", "simulated_time_s": 1800.0, "Cmax": 2.5499912634847917, "wall_s": 0.16868040000554174, "peak_rss_bytes": 170348544, "drying_time_h": null}
2026-09-11 18:11:14,113 INFO STAGE_SCHEDULE_COMPLETED {"case_id": "q1_1d_stage_schedule_half_steps_dt0.125_sb04ec1e92fab", "drying_time_h": null, "stage_dt_statistics": [{"t_start": 0.0, "t_end": 300.0, "nr": 160, "nz": 1, "case_id": "q1_1d_adaptive_nr160_nz1_dt0.125_m26b01dc00898_stagepart_b04ec1e92fab_0", "fingerprint": "4c34f57469b3efee7e2c4bb551175070f09368c0cc2eaba2693100ee84ef2c6f", "mesh_profile_hash": "26b01dc0089856eaa32f6d68287688f2857015d88610fe7b0762801e14066cd9", "actual_dt_min": 0.005356098127492714, "actual_dt_mean": 0.007692307692307693, "actual_dt_max": 0.010608346201479435, "steps": 39000, "wall_s": 1.5529555999964941}, {"t_start": 300.0, "t_end": 1200.0, "nr": 80, "nz": 1, "case_id": "q1_1d_adaptive_nr80_nz1_dt0.125_m2fb9c46fbeef_stagepart_b04ec1e92fab_1", "fingerprint": "eefaf434eaf6053e2236284f5a6ca5350081c4ee90fb639db1f41c951f64be23", "mesh_profile_hash": "2fb9c46fbeef408dac08434286ee8d5646515efd2b69ab592690255bb7a7e7a4", "actual_dt_min": 0.0234375, "actual_dt_mean": 0.03125, "actual_dt_max": 0.03515625, "steps": 28800, "wall_s": 0.8267359000019496}, {"t_start": 1200.0, "t_end": 1800.0, "nr": 40, "nz": 1, "case_id": "q1_1d_adaptive_nr40_nz1_dt0.125_mcecd4275aca0_stagepart_b04ec1e92fab_2", "fingerprint": "647450970cabe37d1d4ce53153fbf6e1ad757c590039db50570cb794d53770e8", "mesh_profile_hash": "cecd4275aca095a95091243f77d37f47061c095c82e9e9233ab7119ae4a79c4d", "actual_dt_min": 0.125, "actual_dt_mean": 0.125, "actual_dt_max": 0.125, "steps": 4800, "wall_s": 0.16868040000554174}], "transfers": [{"switch_time": 300.0, "old_mesh": [160, 1], "new_mesh": [80, 1], "projection_max_abs_T": 0.006920277984193035, "projection_max_abs_C": 0.017362214511170926, "projection_L2_T": 0.0038225365974379256, "projection_L2_C": 0.005090051862387914, "volume_integral_T_before": 301.50937746880066, "volume_integral_T_after": 301.5093774688006, "volume_integral_C_before": 2.4975348568287083, "volume_integral_C_after": 2.497534856828708, "volume_integral_relative_error_T": 1.8852952215952225e-16, "volume_integral_relative_error_C": 1.7781101578456175e-16, "metric_note": "Max/L2 compare old averages with conservatively back-projected new averages; T integral is not nonlinear enthalpy.", "method": "Exact annular-volume overlap in frozen xi coordinates; positive weights"}, {"switch_time": 1200.0, "old_mesh": [80, 1], "new_mesh": [40, 1], "projection_max_abs_T": 0.031216672193238537, "projection_max_abs_C": 0.030798333631361308, "projection_L2_T": 0.02331252049589554, "projection_L2_C": 0.0125735585684012, "volume_integral_T_before": 305.098952293928, "volume_integral_T_after": 305.098952293928, "volume_integral_C_before": 2.367970950023688, "volume_integral_C_after": 2.367970950023688, "volume_integral_relative_error_T": 0.0, "volume_integral_relative_error_C": 0.0, "metric_note": "Max/L2 compare old averages with conservatively back-projected new averages; T integral is not nonlinear enthalpy.", "method": "Exact annular-volume overlap in frozen xi coordinates; positive weights"}]}
2026-09-11 18:11:29,332 INFO CACHE_REUSED q23_1d_adaptive_nr40_nz1_dt0.25_mf63f9f413ef6
2026-09-11 18:11:29,333 INFO CACHE_REUSED {"case_id": "q23_1d_adaptive_nr40_nz1_dt0.25_mf63f9f413ef6"}
2026-09-11 18:11:29,355 INFO CACHE_REUSED q23_1d_adaptive_nr80_nz1_dt0.25_m56c5bf06eb27
2026-09-11 18:11:29,356 INFO CACHE_REUSED {"case_id": "q23_1d_adaptive_nr80_nz1_dt0.25_m56c5bf06eb27"}
2026-09-11 18:11:29,376 INFO CACHE_REUSED q23_1d_adaptive_nr160_nz1_dt0.25_m94a220bc5006
2026-09-11 18:11:29,376 INFO CACHE_REUSED {"case_id": "q23_1d_adaptive_nr160_nz1_dt0.25_m94a220bc5006"}
2026-09-11 18:11:59,642 WARNING SPATIAL_CONVERGENCE_FAILED {"case_id": "q23_1d_adaptive_nr160_nz1_dt0.25_m94a220bc5006", "failure_reasons": ["OFFICIAL_C_EXCEEDS_TOLERANCE", "DRYING_TIME_EXCEEDS_TOLERANCE"]}
2026-09-11 18:11:59,664 INFO CACHE_REUSED q23_1d_adaptive_nr160_nz1_dt0.125_m94a220bc5006_half_steps
2026-09-11 18:11:59,665 INFO CACHE_REUSED {"case_id": "q23_1d_adaptive_nr160_nz1_dt0.125_m94a220bc5006_half_steps"}
2026-09-11 18:12:30,717 INFO CACHE_REUSED q23_1d_adaptive_nr160_nz1_dt0.25_m94a220bc5006
2026-09-11 18:12:30,718 INFO CACHE_REUSED {"case_id": "q23_1d_adaptive_nr160_nz1_dt0.25_m94a220bc5006"}
2026-09-11 18:12:30,760 INFO START q23_1d_adaptive_nr160_nz1_dt0.25_m94a220bc5006_stagepart_0f29ee9da8ff_0 warmup 0.00s target 0.50h
2026-09-11 18:12:30,764 WARNING DT_LIMITED_BY_STABILITY {"case_id": "q23_1d_adaptive_nr160_nz1_dt0.25_m94a220bc5006_stagepart_0f29ee9da8ff_0", "requested_dt_s": 0.25, "accepted_dt_s": 0.014791837893426418, "simulated_time_s": 0.0, "grid": [160, 1]}
2026-09-11 18:12:38,838 INFO PARTIAL_TIME_RANGE {"case_id": "q23_1d_adaptive_nr160_nz1_dt0.25_m94a220bc5006_stagepart_0f29ee9da8ff_0", "simulated_time_s": 1800.0, "Cmax": 2.5499334881586337, "wall_s": 8.07158590000472, "peak_rss_bytes": 226811904, "drying_time_h": null}
2026-09-11 18:12:38,858 INFO MESH_STAGE_SWITCH {"case_id": "q23_1d_stage_schedule_default_dt0.25_s0f29ee9da8ff", "switch_time": 1800.0, "old_mesh": [160, 1], "new_mesh": [80, 1], "projection_max_abs_T": 0.018836477313698197, "projection_max_abs_C": 0.01017571937724182, "projection_L2_T": 0.014010220178325969, "projection_L2_C": 0.005762721154563933, "volume_integral_T_before": 306.92322314487797, "volume_integral_T_after": 306.92322314487797, "volume_integral_C_before": 2.282653462473599, "volume_integral_C_after": 2.2826534624735992, "volume_integral_relative_error_T": 0.0, "volume_integral_relative_error_C": 1.9454955259342128e-16, "metric_note": "Max/L2 compare old averages with conservatively back-projected new averages; T integral is not nonlinear enthalpy.", "method": "Exact annular-volume overlap in frozen xi coordinates; positive weights"}
2026-09-11 18:12:38,875 INFO START q23_1d_adaptive_nr80_nz1_dt0.25_m56c5bf06eb27_stagepart_0f29ee9da8ff_1 warmup 0.00s target 6.00h
2026-09-11 18:12:38,878 WARNING DT_LIMITED_BY_STABILITY {"case_id": "q23_1d_adaptive_nr80_nz1_dt0.25_m56c5bf06eb27_stagepart_0f29ee9da8ff_1", "requested_dt_s": 0.25, "accepted_dt_s": 0.0625, "simulated_time_s": 1800.0, "grid": [80, 1]}
2026-09-11 18:12:50,460 INFO PARTIAL_TIME_RANGE {"case_id": "q23_1d_adaptive_nr80_nz1_dt0.25_m56c5bf06eb27_stagepart_0f29ee9da8ff_1", "simulated_time_s": 21600.0, "Cmax": 1.0170007368591945, "wall_s": 11.579870700006722, "peak_rss_bytes": 237080576, "drying_time_h": null}
2026-09-11 18:12:50,476 INFO MESH_STAGE_SWITCH {"case_id": "q23_1d_stage_schedule_default_dt0.25_s0f29ee9da8ff", "switch_time": 21600.0, "old_mesh": [80, 1], "new_mesh": [40, 1], "projection_max_abs_T": 7.28050508769229e-08, "projection_max_abs_C": 0.006100708727072579, "projection_L2_T": 5.868820259620046e-08, "projection_L2_C": 0.004248965071160292, "volume_integral_T_before": 323.14892217166914, "volume_integral_T_after": 323.14892217166914, "volume_integral_C_before": 0.7817417203578851, "volume_integral_C_after": 0.7817417203578851, "volume_integral_relative_error_T": 0.0, "volume_integral_relative_error_C": 0.0, "metric_note": "Max/L2 compare old averages with conservatively back-projected new averages; T integral is not nonlinear enthalpy.", "method": "Exact annular-volume overlap in frozen xi coordinates; positive weights"}
2026-09-11 18:12:50,505 INFO START q23_1d_adaptive_nr40_nz1_dt0.25_mf63f9f413ef6_stagepart_0f29ee9da8ff_2 warmup 0.00s target 72.00h
2026-09-11 18:13:03,242 INFO DRYING_EVENT_LOCATED {"case_id": "q23_1d_adaptive_nr40_nz1_dt0.25_mf63f9f413ef6_stagepart_0f29ee9da8ff_2", "left_s": 208278.125, "right_s": 208278.1875, "width_s": 0.0625, "raw_event_s": 208278.1875, "report_s": 208278.36, "report_h": 57.85509999999999, "left_max_C": 0.15000001074119187, "right_max_C": 0.14999999277696308, "report_max_C": 0.14999994319574478}
2026-09-11 18:13:06,579 INFO DRY {"case_id": "q23_1d_adaptive_nr40_nz1_dt0.25_mf63f9f413ef6_stagepart_0f29ee9da8ff_2", "simulated_time_s": 259200.0, "Cmax": 0.13807359007600256, "wall_s": 16.065459999997984, "peak_rss_bytes": 205049856, "drying_time_h": 57.85509999999999}
2026-09-11 18:13:06,609 INFO STAGE_SCHEDULE_COMPLETED {"case_id": "q23_1d_stage_schedule_default_dt0.25_s0f29ee9da8ff", "drying_time_h": 57.85509999999999, "stage_dt_statistics": [{"t_start": 0.0, "t_end": 1800.0, "nr": 160, "nz": 1, "case_id": "q23_1d_adaptive_nr160_nz1_dt0.25_m94a220bc5006_stagepart_0f29ee9da8ff_0", "fingerprint": "b8642ed874811cdcc4ccf676795c9c951d6e626a1dc055a3359d03c977ba85ac", "mesh_profile_hash": "94a220bc50061d36a574ee73b40c366ffe6b5d5c2cd922a512ddbca7425d837e", "actual_dt_min": 0.01320699811913073, "actual_dt_mean": 0.01645127680187179, "actual_dt_max": 0.029296875, "steps": 109414, "wall_s": 8.07158590000472}, {"t_start": 1800.0, "t_end": 21600.0, "nr": 80, "nz": 1, "case_id": "q23_1d_adaptive_nr80_nz1_dt0.25_m56c5bf06eb27_stagepart_0f29ee9da8ff_1", "fingerprint": "9ce04bdfb939ae395563b64b2f78104d5eef2c8237a7ec5c95a81a41e0b2ffca", "mesh_profile_hash": "56c5bf06eb27fcc5e1e267860ad5746318f2c3928af5fec3d79c9ca13589bb9a", "actual_dt_min": 0.046875, "actual_dt_mean": 0.06434044544385159, "actual_dt_max": 0.09375, "steps": 307738, "wall_s": 11.579870700006722}, {"t_start": 21600.0, "t_end": 259200.0, "nr": 40, "nz": 1, "case_id": "q23_1d_adaptive_nr40_nz1_dt0.25_mf63f9f413ef6_stagepart_0f29ee9da8ff_2", "fingerprint": "bee995d260223c53b845e1460ad9359b41201d773fd3e0e5e913f9f6fedf5eac", "mesh_profile_hash": "f63f9f413ef6e0c1d3f216375f4dff2d9ce92adffd5c5c6754ccbc668e8886f2", "actual_dt_min": 0.25, "actual_dt_mean": 0.25, "actual_dt_max": 0.25, "steps": 950400, "wall_s": 16.065459999997984}], "transfers": [{"switch_time": 1800.0, "old_mesh": [160, 1], "new_mesh": [80, 1], "projection_max_abs_T": 0.018836477313698197, "projection_max_abs_C": 0.01017571937724182, "projection_L2_T": 0.014010220178325969, "projection_L2_C": 0.005762721154563933, "volume_integral_T_before": 306.92322314487797, "volume_integral_T_after": 306.92322314487797, "volume_integral_C_before": 2.282653462473599, "volume_integral_C_after": 2.2826534624735992, "volume_integral_relative_error_T": 0.0, "volume_integral_relative_error_C": 1.9454955259342128e-16, "metric_note": "Max/L2 compare old averages with conservatively back-projected new averages; T integral is not nonlinear enthalpy.", "method": "Exact annular-volume overlap in frozen xi coordinates; positive weights"}, {"switch_time": 21600.0, "old_mesh": [80, 1], "new_mesh": [40, 1], "projection_max_abs_T": 7.28050508769229e-08, "projection_max_abs_C": 0.006100708727072579, "projection_L2_T": 5.868820259620046e-08, "projection_L2_C": 0.004248965071160292, "volume_integral_T_before": 323.14892217166914, "volume_integral_T_after": 323.14892217166914, "volume_integral_C_before": 0.7817417203578851, "volume_integral_C_after": 0.7817417203578851, "volume_integral_relative_error_T": 0.0, "volume_integral_relative_error_C": 0.0, "metric_note": "Max/L2 compare old averages with conservatively back-projected new averages; T integral is not nonlinear enthalpy.", "method": "Exact annular-volume overlap in frozen xi coordinates; positive weights"}]}
2026-09-11 18:13:48,307 WARNING STAGE_COARSENING_TOO_AGGRESSIVE {"case_id": "q23_1d_stage_schedule_default_dt0.25_s0f29ee9da8ff", "failure_reasons": ["DRYING_TIME_EXCEEDS_TOLERANCE"], "official_temperature": {"value": 0.00020226048980021005, "signed_difference": -0.00020226048980021005, "time_s": 1800.0, "r_m": 0.016, "z_m": 0.0, "coarse_value": 307.3627335836362, "fine_value": 307.3625313231464}, "official_moisture": {"value": 0.0013475257362906695, "signed_difference": -0.0013475257362906695, "time_s": 147360.0, "r_m": 0.019, "z_m": 0.0, "coarse_value": 0.10786104825999086, "fine_value": 0.1065135225237002}, "event_relative_difference": 0.0057109832346343885}
2026-09-11 18:13:48,345 INFO START q23_1d_adaptive_nr160_nz1_dt0.25_m94a220bc5006_stagepart_574bd68ce323_0 warmup 0.00s target 0.50h
2026-09-11 18:13:48,350 WARNING DT_LIMITED_BY_STABILITY {"case_id": "q23_1d_adaptive_nr160_nz1_dt0.25_m94a220bc5006_stagepart_574bd68ce323_0", "requested_dt_s": 0.25, "accepted_dt_s": 0.014791837893426418, "simulated_time_s": 0.0, "grid": [160, 1]}
2026-09-11 18:13:57,046 INFO PARTIAL_TIME_RANGE {"case_id": "q23_1d_adaptive_nr160_nz1_dt0.25_m94a220bc5006_stagepart_574bd68ce323_0", "simulated_time_s": 1800.0, "Cmax": 2.5499334881586337, "wall_s": 8.694793000002392, "peak_rss_bytes": 227102720, "drying_time_h": null}
2026-09-11 18:13:57,065 INFO MESH_STAGE_SWITCH {"case_id": "q23_1d_stage_schedule_conservative_dt0.25_s574bd68ce323", "switch_time": 1800.0, "old_mesh": [160, 1], "new_mesh": [80, 1], "projection_max_abs_T": 0.018836477313698197, "projection_max_abs_C": 0.01017571937724182, "projection_L2_T": 0.014010220178325969, "projection_L2_C": 0.005762721154563933, "volume_integral_T_before": 306.92322314487797, "volume_integral_T_after": 306.92322314487797, "volume_integral_C_before": 2.282653462473599, "volume_integral_C_after": 2.2826534624735992, "volume_integral_relative_error_T": 0.0, "volume_integral_relative_error_C": 1.9454955259342128e-16, "metric_note": "Max/L2 compare old averages with conservatively back-projected new averages; T integral is not nonlinear enthalpy.", "method": "Exact annular-volume overlap in frozen xi coordinates; positive weights"}
2026-09-11 18:13:57,082 INFO START q23_1d_adaptive_nr80_nz1_dt0.25_m56c5bf06eb27_stagepart_574bd68ce323_1 warmup 0.00s target 72.00h
2026-09-11 18:13:57,084 WARNING DT_LIMITED_BY_STABILITY {"case_id": "q23_1d_adaptive_nr80_nz1_dt0.25_m56c5bf06eb27_stagepart_574bd68ce323_1", "requested_dt_s": 0.25, "accepted_dt_s": 0.0625, "simulated_time_s": 1800.0, "grid": [80, 1]}
2026-09-11 18:14:17,098 INFO q23_1d_adaptive_nr80_nz1_dt0.25_m56c5bf06eb27_stagepart_574bd68ce323_1 t=10.58h 14.7% wall=20.0s ETA=116.2s
2026-09-11 18:14:37,121 INFO q23_1d_adaptive_nr80_nz1_dt0.25_m56c5bf06eb27_stagepart_574bd68ce323_1 t=21.68h 30.1% wall=40.0s ETA=92.9s
2026-09-11 18:14:57,137 INFO q23_1d_adaptive_nr80_nz1_dt0.25_m56c5bf06eb27_stagepart_574bd68ce323_1 t=32.55h 45.2% wall=60.1s ETA=72.8s
2026-09-11 18:15:17,162 INFO q23_1d_adaptive_nr80_nz1_dt0.25_m56c5bf06eb27_stagepart_574bd68ce323_1 t=43.47h 60.4% wall=80.1s ETA=52.6s
2026-09-11 18:15:37,188 INFO q23_1d_adaptive_nr80_nz1_dt0.25_m56c5bf06eb27_stagepart_574bd68ce323_1 t=54.70h 76.0% wall=100.1s ETA=31.7s
2026-09-11 18:15:42,501 INFO DRYING_EVENT_LOCATED {"case_id": "q23_1d_adaptive_nr80_nz1_dt0.25_m56c5bf06eb27_stagepart_574bd68ce323_1", "left_s": 207437.25, "right_s": 207437.3125, "width_s": 0.0625, "raw_event_s": 207437.3125, "report_s": 207437.4, "report_h": 57.6215, "left_max_C": 0.15000001216370748, "right_max_C": 0.14999999405393644, "report_max_C": 0.14999996870027432}
2026-09-11 18:15:57,208 INFO q23_1d_adaptive_nr80_nz1_dt0.25_m56c5bf06eb27_stagepart_574bd68ce323_1 t=65.82h 91.4% wall=120.1s ETA=11.3s
2026-09-11 18:16:08,926 INFO DRY {"case_id": "q23_1d_adaptive_nr80_nz1_dt0.25_m56c5bf06eb27_stagepart_574bd68ce323_1", "simulated_time_s": 259200.0, "Cmax": 0.13783179898482625, "wall_s": 131.83546010000282, "peak_rss_bytes": 238100480, "drying_time_h": 57.6215}
2026-09-11 18:16:08,955 INFO STAGE_SCHEDULE_COMPLETED {"case_id": "q23_1d_stage_schedule_conservative_dt0.25_s574bd68ce323", "drying_time_h": 57.6215, "stage_dt_statistics": [{"t_start": 0.0, "t_end": 1800.0, "nr": 160, "nz": 1, "case_id": "q23_1d_adaptive_nr160_nz1_dt0.25_m94a220bc5006_stagepart_574bd68ce323_0", "fingerprint": "b8642ed874811cdcc4ccf676795c9c951d6e626a1dc055a3359d03c977ba85ac", "mesh_profile_hash": "94a220bc50061d36a574ee73b40c366ffe6b5d5c2cd922a512ddbca7425d837e", "actual_dt_min": 0.01320699811913073, "actual_dt_mean": 0.01645127680187179, "actual_dt_max": 0.029296875, "steps": 109414, "wall_s": 8.694793000002392}, {"t_start": 1800.0, "t_end": 259200.0, "nr": 80, "nz": 1, "case_id": "q23_1d_adaptive_nr80_nz1_dt0.25_m56c5bf06eb27_stagepart_574bd68ce323_1", "fingerprint": "9ecedf33ca2a20c87d7ef64f6fed5e9e7866c3bd8981a85016e3a48a530af1e4", "mesh_profile_hash": "56c5bf06eb27fcc5e1e267860ad5746318f2c3928af5fec3d79c9ca13589bb9a", "actual_dt_min": 0.046875, "actual_dt_mean": 0.06263782633601811, "actual_dt_max": 0.09375, "steps": 4109338, "wall_s": 131.83546010000282}], "transfers": [{"switch_time": 1800.0, "old_mesh": [160, 1], "new_mesh": [80, 1], "projection_max_abs_T": 0.018836477313698197, "projection_max_abs_C": 0.01017571937724182, "projection_L2_T": 0.014010220178325969, "projection_L2_C": 0.005762721154563933, "volume_integral_T_before": 306.92322314487797, "volume_integral_T_after": 306.92322314487797, "volume_integral_C_before": 2.282653462473599, "volume_integral_C_after": 2.2826534624735992, "volume_integral_relative_error_T": 0.0, "volume_integral_relative_error_C": 1.9454955259342128e-16, "metric_note": "Max/L2 compare old averages with conservatively back-projected new averages; T integral is not nonlinear enthalpy.", "method": "Exact annular-volume overlap in frozen xi coordinates; positive weights"}]}
2026-09-11 18:16:49,590 WARNING STAGE_COARSENING_TOO_AGGRESSIVE {"case_id": "q23_1d_stage_schedule_conservative_dt0.25_s574bd68ce323", "failure_reasons": ["DRYING_TIME_EXCEEDS_TOLERANCE"], "official_temperature": {"value": 0.00020226048980021005, "signed_difference": -0.00020226048980021005, "time_s": 1800.0, "r_m": 0.016, "z_m": 0.0, "coarse_value": 307.3627335836362, "fine_value": 307.3625313231464}, "official_moisture": {"value": 0.0004986533772883134, "signed_difference": -0.0004986533772883134, "time_s": 137160.0, "r_m": 0.019, "z_m": 0.0, "coarse_value": 0.10966706632821371, "fine_value": 0.1091684129509254}, "event_relative_difference": 0.0016506577959591402}
2026-09-11 18:16:49,662 INFO START q23_1d_adaptive_nr160_nz1_dt0.125_m94a220bc5006_stagepart_313e72f835bd_0 warmup 0.00s target 0.50h
2026-09-11 18:16:59,727 INFO PARTIAL_TIME_RANGE {"case_id": "q23_1d_adaptive_nr160_nz1_dt0.125_m94a220bc5006_stagepart_313e72f835bd_0", "simulated_time_s": 1800.0, "Cmax": 2.5499334881584117, "wall_s": 10.058198200000334, "peak_rss_bytes": 356839424, "drying_time_h": null}
2026-09-11 18:16:59,757 INFO MESH_STAGE_SWITCH {"case_id": "q23_1d_stage_schedule_half_steps_dt0.125_s313e72f835bd", "switch_time": 1800.0, "old_mesh": [160, 1], "new_mesh": [80, 1], "projection_max_abs_T": 0.018836477313698197, "projection_max_abs_C": 0.010175719377242487, "projection_L2_T": 0.014010220178339519, "projection_L2_C": 0.005762721154564067, "volume_integral_T_before": 306.9232231448748, "volume_integral_T_after": 306.9232231448748, "volume_integral_C_before": 2.2826534624735593, "volume_integral_C_after": 2.282653462473559, "volume_integral_relative_error_T": 0.0, "volume_integral_relative_error_C": 1.9454955259342466e-16, "metric_note": "Max/L2 compare old averages with conservatively back-projected new averages; T integral is not nonlinear enthalpy.", "method": "Exact annular-volume overlap in frozen xi coordinates; positive weights"}
2026-09-11 18:16:59,784 INFO START q23_1d_adaptive_nr80_nz1_dt0.125_m56c5bf06eb27_stagepart_313e72f835bd_1 warmup 0.00s target 72.00h
2026-09-11 18:17:19,790 INFO q23_1d_adaptive_nr80_nz1_dt0.125_m56c5bf06eb27_stagepart_313e72f835bd_1 t=6.68h 9.3% wall=20.0s ETA=195.5s
2026-09-11 18:17:39,832 INFO q23_1d_adaptive_nr80_nz1_dt0.125_m56c5bf06eb27_stagepart_313e72f835bd_1 t=14.25h 19.8% wall=40.0s ETA=162.3s
2026-09-11 18:17:59,840 INFO q23_1d_adaptive_nr80_nz1_dt0.125_m56c5bf06eb27_stagepart_313e72f835bd_1 t=21.70h 30.1% wall=60.1s ETA=139.2s
2026-09-11 18:18:19,850 INFO q23_1d_adaptive_nr80_nz1_dt0.125_m56c5bf06eb27_stagepart_313e72f835bd_1 t=29.35h 40.8% wall=80.1s ETA=116.4s
2026-09-11 18:18:39,862 INFO q23_1d_adaptive_nr80_nz1_dt0.125_m56c5bf06eb27_stagepart_313e72f835bd_1 t=36.97h 51.3% wall=100.1s ETA=94.8s
2026-09-11 18:18:59,862 INFO q23_1d_adaptive_nr80_nz1_dt0.125_m56c5bf06eb27_stagepart_313e72f835bd_1 t=44.53h 61.9% wall=120.1s ETA=74.1s
2026-09-11 18:19:19,867 INFO q23_1d_adaptive_nr80_nz1_dt0.125_m56c5bf06eb27_stagepart_313e72f835bd_1 t=51.95h 72.2% wall=140.1s ETA=54.1s
2026-09-11 18:19:34,559 INFO DRYING_EVENT_LOCATED {"case_id": "q23_1d_adaptive_nr80_nz1_dt0.125_m56c5bf06eb27_stagepart_313e72f835bd_1", "left_s": 207437.28125, "right_s": 207437.3125, "width_s": 0.03125, "raw_event_s": 207437.3125, "report_s": 207437.4, "report_h": 57.6215, "left_max_C": 0.15000000310937095, "right_max_C": 0.14999999405448666, "report_max_C": 0.1499999687008246}
2026-09-11 18:19:39,908 INFO q23_1d_adaptive_nr80_nz1_dt0.125_m56c5bf06eb27_stagepart_313e72f835bd_1 t=59.65h 82.8% wall=160.1s ETA=33.2s
2026-09-11 18:19:59,929 INFO q23_1d_adaptive_nr80_nz1_dt0.125_m56c5bf06eb27_stagepart_313e72f835bd_1 t=67.05h 93.1% wall=180.1s ETA=13.3s
2026-09-11 18:20:12,958 INFO DRY {"case_id": "q23_1d_adaptive_nr80_nz1_dt0.125_m56c5bf06eb27_stagepart_313e72f835bd_1", "simulated_time_s": 259200.0, "Cmax": 0.13783179898528586, "wall_s": 193.16434429999208, "peak_rss_bytes": 495255552, "drying_time_h": 57.6215}
2026-09-11 18:20:12,982 INFO STAGE_SCHEDULE_COMPLETED {"case_id": "q23_1d_stage_schedule_half_steps_dt0.125_s313e72f835bd", "drying_time_h": 57.6215, "stage_dt_statistics": [{"t_start": 0.0, "t_end": 1800.0, "nr": 160, "nz": 1, "case_id": "q23_1d_adaptive_nr160_nz1_dt0.125_m94a220bc5006_stagepart_313e72f835bd_0", "fingerprint": "980f7c8db9db8b218324c86ba2bd2f1dc70d6c9353aafa49aa86354be9ab9a32", "mesh_profile_hash": "94a220bc50061d36a574ee73b40c366ffe6b5d5c2cd922a512ddbca7425d837e", "actual_dt_min": 0.006603499059565365, "actual_dt_mean": 0.008225638400935894, "actual_dt_max": 0.0146484375, "steps": 218828, "wall_s": 10.058198200000334}, {"t_start": 1800.0, "t_end": 259200.0, "nr": 80, "nz": 1, "case_id": "q23_1d_adaptive_nr80_nz1_dt0.125_m56c5bf06eb27_stagepart_313e72f835bd_1", "fingerprint": "5ea8acf36c9e1923bd9f40e05cccb54cb70e2413cf9308641086e27f2e6776a6", "mesh_profile_hash": "56c5bf06eb27fcc5e1e267860ad5746318f2c3928af5fec3d79c9ca13589bb9a", "actual_dt_min": 0.0234375, "actual_dt_mean": 0.031318913168009055, "actual_dt_max": 0.046875, "steps": 8218676, "wall_s": 193.16434429999208}], "transfers": [{"switch_time": 1800.0, "old_mesh": [160, 1], "new_mesh": [80, 1], "projection_max_abs_T": 0.018836477313698197, "projection_max_abs_C": 0.010175719377242487, "projection_L2_T": 0.014010220178339519, "projection_L2_C": 0.005762721154564067, "volume_integral_T_before": 306.9232231448748, "volume_integral_T_after": 306.9232231448748, "volume_integral_C_before": 2.2826534624735593, "volume_integral_C_after": 2.282653462473559, "volume_integral_relative_error_T": 0.0, "volume_integral_relative_error_C": 1.9454955259342466e-16, "metric_note": "Max/L2 compare old averages with conservatively back-projected new averages; T integral is not nonlinear enthalpy.", "method": "Exact annular-volume overlap in frozen xi coordinates; positive weights"}]}
2026-09-11 18:21:33,289 INFO CACHE_REUSED q4_1d_adaptive_nr40_nz1_dt0.25_ma085877c28ed
2026-09-11 18:21:33,290 INFO CACHE_REUSED {"case_id": "q4_1d_adaptive_nr40_nz1_dt0.25_ma085877c28ed"}
2026-09-11 18:21:33,312 INFO CACHE_REUSED q4_1d_adaptive_nr80_nz1_dt0.25_md66ccc838cbe
2026-09-11 18:21:33,313 INFO CACHE_REUSED {"case_id": "q4_1d_adaptive_nr80_nz1_dt0.25_md66ccc838cbe"}
2026-09-11 18:21:33,324 INFO CACHE_REUSED q4_1d_adaptive_nr160_nz1_dt0.25_m1d7a05f7e44b
2026-09-11 18:21:33,325 INFO CACHE_REUSED {"case_id": "q4_1d_adaptive_nr160_nz1_dt0.25_m1d7a05f7e44b"}
2026-09-11 18:21:44,269 WARNING SPATIAL_CONVERGENCE_FAILED {"case_id": "q4_1d_adaptive_nr160_nz1_dt0.25_m1d7a05f7e44b", "failure_reasons": ["OFFICIAL_C_EXCEEDS_TOLERANCE"]}
2026-09-11 18:21:44,292 INFO CACHE_REUSED q4_1d_adaptive_nr160_nz1_dt0.125_m1d7a05f7e44b_half_steps
2026-09-11 18:21:44,293 INFO CACHE_REUSED {"case_id": "q4_1d_adaptive_nr160_nz1_dt0.125_m1d7a05f7e44b_half_steps"}
2026-09-11 18:21:54,846 INFO CACHE_REUSED q4_1d_adaptive_nr160_nz1_dt0.25_m1d7a05f7e44b
2026-09-11 18:21:54,848 INFO CACHE_REUSED {"case_id": "q4_1d_adaptive_nr160_nz1_dt0.25_m1d7a05f7e44b"}
2026-09-11 18:21:54,888 INFO START q4_1d_adaptive_nr160_nz1_dt0.25_m1d7a05f7e44b_stagepart_c624024c7fc3_0 warmup 0.00s target 1.00h
2026-09-11 18:21:55,010 WARNING DT_LIMITED_BY_STABILITY {"case_id": "q4_1d_adaptive_nr160_nz1_dt0.25_m1d7a05f7e44b_stagepart_c624024c7fc3_0", "requested_dt_s": 0.25, "accepted_dt_s": 0.03076171875, "simulated_time_s": 0.0, "grid": [160, 1]}
2026-09-11 18:22:02,632 INFO PARTIAL_TIME_RANGE {"case_id": "q4_1d_adaptive_nr160_nz1_dt0.25_m1d7a05f7e44b_stagepart_c624024c7fc3_0", "simulated_time_s": 3600.0, "Cmax": 2.549999989498603, "wall_s": 7.737624200002756, "peak_rss_bytes": 217436160, "drying_time_h": null}
2026-09-11 18:22:02,646 INFO MESH_STAGE_SWITCH {"case_id": "q4_1d_stage_schedule_default_dt0.25_sc624024c7fc3", "switch_time": 3600.0, "old_mesh": [160, 1], "new_mesh": [80, 1], "projection_max_abs_T": 0.025566205856989654, "projection_max_abs_C": 0.02449283119416723, "projection_L2_T": 0.017601965074680644, "projection_L2_C": 0.011730689851772936, "volume_integral_T_before": 314.2903509957055, "volume_integral_T_after": 314.29035099570547, "volume_integral_C_before": 2.1863687541757852, "volume_integral_C_after": 2.1863687541757857, "volume_integral_relative_error_T": 1.8086275534938306e-16, "volume_integral_relative_error_C": 2.031172504646751e-16, "metric_note": "Max/L2 compare old averages with conservatively back-projected new averages; T integral is not nonlinear enthalpy.", "method": "Exact annular-volume overlap in frozen xi coordinates; positive weights"}
2026-09-11 18:22:02,664 INFO START q4_1d_adaptive_nr80_nz1_dt0.25_md66ccc838cbe_stagepart_c624024c7fc3_1 warmup 0.00s target 6.00h
2026-09-11 18:22:02,683 WARNING DT_LIMITED_BY_STABILITY {"case_id": "q4_1d_adaptive_nr80_nz1_dt0.25_md66ccc838cbe_stagepart_c624024c7fc3_1", "requested_dt_s": 0.25, "accepted_dt_s": 0.125, "simulated_time_s": 3600.0, "grid": [80, 1]}
2026-09-11 18:22:10,606 INFO PARTIAL_TIME_RANGE {"case_id": "q4_1d_adaptive_nr80_nz1_dt0.25_md66ccc838cbe_stagepart_c624024c7fc3_1", "simulated_time_s": 21600.0, "Cmax": 1.7196508438229197, "wall_s": 7.934135999996215, "peak_rss_bytes": 219078656, "drying_time_h": null}
2026-09-11 18:22:10,619 INFO MESH_STAGE_SWITCH {"case_id": "q4_1d_stage_schedule_default_dt0.25_sc624024c7fc3", "switch_time": 21600.0, "old_mesh": [80, 1], "new_mesh": [40, 1], "projection_max_abs_T": 7.571918558824109e-08, "projection_max_abs_C": 0.016656854145523925, "projection_L2_T": 5.588634022314321e-08, "projection_L2_C": 0.01107522061687662, "volume_integral_T_before": 323.14892438091204, "volume_integral_T_after": 323.14892438091204, "volume_integral_C_before": 1.0652860406037887, "volume_integral_C_after": 1.0652860406037887, "volume_integral_relative_error_T": 0.0, "volume_integral_relative_error_C": 0.0, "metric_note": "Max/L2 compare old averages with conservatively back-projected new averages; T integral is not nonlinear enthalpy.", "method": "Exact annular-volume overlap in frozen xi coordinates; positive weights"}
2026-09-11 18:22:10,645 INFO START q4_1d_adaptive_nr40_nz1_dt0.25_ma085877c28ed_stagepart_c624024c7fc3_2 warmup 0.00s target 72.00h
2026-09-11 18:22:22,678 INFO DRYING_EVENT_LOCATED {"case_id": "q4_1d_adaptive_nr40_nz1_dt0.25_ma085877c28ed_stagepart_c624024c7fc3_2", "left_s": 184256.5625, "right_s": 184256.625, "width_s": 0.0625, "raw_event_s": 184256.625, "report_s": 184256.63999999998, "report_h": 51.182399999999994, "left_max_C": 0.15000001521320508, "right_max_C": 0.14999998324112232, "report_max_C": 0.14999997556782618}
2026-09-11 18:22:28,415 INFO DRY {"case_id": "q4_1d_adaptive_nr40_nz1_dt0.25_ma085877c28ed_stagepart_c624024c7fc3_2", "simulated_time_s": 259200.0, "Cmax": 0.12375499556445407, "wall_s": 17.76085819999571, "peak_rss_bytes": 219291648, "drying_time_h": 51.182399999999994}
2026-09-11 18:22:28,444 INFO STAGE_SCHEDULE_COMPLETED {"case_id": "q4_1d_stage_schedule_default_dt0.25_sc624024c7fc3", "drying_time_h": 51.182399999999994, "stage_dt_statistics": [{"t_start": 0.0, "t_end": 3600.0, "nr": 160, "nz": 1, "case_id": "q4_1d_adaptive_nr160_nz1_dt0.25_m1d7a05f7e44b_stagepart_c624024c7fc3_0", "fingerprint": "ba0ee02878485153b2a4506edf45866a0f34b772c7b2bb033ba2a4b3621516d1", "mesh_profile_hash": "1d7a05f7e44bf42e3989ae2727861e45350a0b31d07f3cb1f3dfa672c0b5ee6e", "actual_dt_min": 0.02355194091796875, "actual_dt_mean": 0.03126384076283772, "actual_dt_max": 0.0546875, "steps": 115149, "wall_s": 7.737624200002756}, {"t_start": 3600.0, "t_end": 21600.0, "nr": 80, "nz": 1, "case_id": "q4_1d_adaptive_nr80_nz1_dt0.25_md66ccc838cbe_stagepart_c624024c7fc3_1", "fingerprint": "fc68e78382a46edbd3f2d8df19ead9ef2e79f78359892e85846d1800b85938f0", "mesh_profile_hash": "d66ccc838cbe21fba959c6dabcf7f55f685e0b7b34f44fc4e668f58e047c9179", "actual_dt_min": 0.0625, "actual_dt_mean": 0.0814310143590022, "actual_dt_max": 0.125, "steps": 221046, "wall_s": 7.934135999996215}, {"t_start": 21600.0, "t_end": 259200.0, "nr": 40, "nz": 1, "case_id": "q4_1d_adaptive_nr40_nz1_dt0.25_ma085877c28ed_stagepart_c624024c7fc3_2", "fingerprint": "7f0ca894b569980f528060f452f14458404f9f59ff95acc514aba77c72d28dd4", "mesh_profile_hash": "a085877c28ed4c1a5c753e29920c8977fac02465e17fa06a216fb0438e33feed", "actual_dt_min": 0.25, "actual_dt_mean": 0.25, "actual_dt_max": 0.25, "steps": 950400, "wall_s": 17.76085819999571}], "transfers": [{"switch_time": 3600.0, "old_mesh": [160, 1], "new_mesh": [80, 1], "projection_max_abs_T": 0.025566205856989654, "projection_max_abs_C": 0.02449283119416723, "projection_L2_T": 0.017601965074680644, "projection_L2_C": 0.011730689851772936, "volume_integral_T_before": 314.2903509957055, "volume_integral_T_after": 314.29035099570547, "volume_integral_C_before": 2.1863687541757852, "volume_integral_C_after": 2.1863687541757857, "volume_integral_relative_error_T": 1.8086275534938306e-16, "volume_integral_relative_error_C": 2.031172504646751e-16, "metric_note": "Max/L2 compare old averages with conservatively back-projected new averages; T integral is not nonlinear enthalpy.", "method": "Exact annular-volume overlap in frozen xi coordinates; positive weights"}, {"switch_time": 21600.0, "old_mesh": [80, 1], "new_mesh": [40, 1], "projection_max_abs_T": 7.571918558824109e-08, "projection_max_abs_C": 0.016656854145523925, "projection_L2_T": 5.588634022314321e-08, "projection_L2_C": 0.01107522061687662, "volume_integral_T_before": 323.14892438091204, "volume_integral_T_after": 323.14892438091204, "volume_integral_C_before": 1.0652860406037887, "volume_integral_C_after": 1.0652860406037887, "volume_integral_relative_error_T": 0.0, "volume_integral_relative_error_C": 0.0, "metric_note": "Max/L2 compare old averages with conservatively back-projected new averages; T integral is not nonlinear enthalpy.", "method": "Exact annular-volume overlap in frozen xi coordinates; positive weights"}]}
2026-09-11 18:22:41,143 WARNING STAGE_COARSENING_TOO_AGGRESSIVE {"case_id": "q4_1d_stage_schedule_default_dt0.25_sc624024c7fc3", "failure_reasons": ["OFFICIAL_C_EXCEEDS_TOLERANCE", "DRYING_TIME_EXCEEDS_TOLERANCE"], "official_temperature": {"value": 0.0003224729153998851, "signed_difference": -0.0003224729153998851, "time_s": 3780.0, "r_m": 0.017, "z_m": 0.0, "coarse_value": 316.53060244383425, "fine_value": 316.53027997091885}, "official_moisture": {"value": 0.006383036968633182, "signed_difference": 0.006383036968633182, "time_s": 70740.0, "r_m": 0.012, "z_m": 0.0, "coarse_value": 0.09743198577273017, "fine_value": 0.10381502274136335}, "event_relative_difference": 0.0015799457474386823}
2026-09-11 18:22:41,181 INFO START q4_1d_adaptive_nr160_nz1_dt0.25_m1d7a05f7e44b_stagepart_6468a2bfff79_0 warmup 0.00s target 1.00h
2026-09-11 18:22:41,300 WARNING DT_LIMITED_BY_STABILITY {"case_id": "q4_1d_adaptive_nr160_nz1_dt0.25_m1d7a05f7e44b_stagepart_6468a2bfff79_0", "requested_dt_s": 0.25, "accepted_dt_s": 0.03076171875, "simulated_time_s": 0.0, "grid": [160, 1]}
2026-09-11 18:22:48,539 INFO PARTIAL_TIME_RANGE {"case_id": "q4_1d_adaptive_nr160_nz1_dt0.25_m1d7a05f7e44b_stagepart_6468a2bfff79_0", "simulated_time_s": 3600.0, "Cmax": 2.549999989498603, "wall_s": 7.352362400008133, "peak_rss_bytes": 216928256, "drying_time_h": null}
2026-09-11 18:22:48,552 INFO MESH_STAGE_SWITCH {"case_id": "q4_1d_stage_schedule_conservative_dt0.25_s6468a2bfff79", "switch_time": 3600.0, "old_mesh": [160, 1], "new_mesh": [80, 1], "projection_max_abs_T": 0.025566205856989654, "projection_max_abs_C": 0.02449283119416723, "projection_L2_T": 0.017601965074680644, "projection_L2_C": 0.011730689851772936, "volume_integral_T_before": 314.2903509957055, "volume_integral_T_after": 314.29035099570547, "volume_integral_C_before": 2.1863687541757852, "volume_integral_C_after": 2.1863687541757857, "volume_integral_relative_error_T": 1.8086275534938306e-16, "volume_integral_relative_error_C": 2.031172504646751e-16, "metric_note": "Max/L2 compare old averages with conservatively back-projected new averages; T integral is not nonlinear enthalpy.", "method": "Exact annular-volume overlap in frozen xi coordinates; positive weights"}
2026-09-11 18:22:48,569 INFO START q4_1d_adaptive_nr80_nz1_dt0.25_md66ccc838cbe_stagepart_6468a2bfff79_1 warmup 0.00s target 72.00h
2026-09-11 18:22:48,586 WARNING DT_LIMITED_BY_STABILITY {"case_id": "q4_1d_adaptive_nr80_nz1_dt0.25_md66ccc838cbe_stagepart_6468a2bfff79_1", "requested_dt_s": 0.25, "accepted_dt_s": 0.125, "simulated_time_s": 3600.0, "grid": [80, 1]}
2026-09-11 18:23:08,578 INFO q4_1d_adaptive_nr80_nz1_dt0.25_md66ccc838cbe_stagepart_6468a2bfff79_1 t=12.97h 18.0% wall=20.0s ETA=91.1s
2026-09-11 18:23:28,600 INFO q4_1d_adaptive_nr80_nz1_dt0.25_md66ccc838cbe_stagepart_6468a2bfff79_1 t=23.50h 32.6% wall=40.0s ETA=82.6s
2026-09-11 18:23:48,618 INFO q4_1d_adaptive_nr80_nz1_dt0.25_md66ccc838cbe_stagepart_6468a2bfff79_1 t=33.93h 47.1% wall=60.1s ETA=67.4s
2026-09-11 18:24:08,624 INFO q4_1d_adaptive_nr80_nz1_dt0.25_md66ccc838cbe_stagepart_6468a2bfff79_1 t=44.88h 62.3% wall=80.1s ETA=48.4s
2026-09-11 18:24:20,256 INFO DRYING_EVENT_LOCATED {"case_id": "q4_1d_adaptive_nr80_nz1_dt0.25_md66ccc838cbe_stagepart_6468a2bfff79_1", "left_s": 184044.0, "right_s": 184044.0625, "width_s": 0.0625, "raw_event_s": 184044.0625, "report_s": 184044.24, "report_h": 51.1234, "left_max_C": 0.15000003046591265, "right_max_C": 0.14999999841405423, "report_max_C": 0.14999990738691416}
2026-09-11 18:24:28,649 INFO q4_1d_adaptive_nr80_nz1_dt0.25_md66ccc838cbe_stagepart_6468a2bfff79_1 t=55.38h 76.9% wall=100.1s ETA=30.0s
2026-09-11 18:24:48,668 INFO q4_1d_adaptive_nr80_nz1_dt0.25_md66ccc838cbe_stagepart_6468a2bfff79_1 t=65.65h 91.2% wall=120.1s ETA=11.6s
2026-09-11 18:25:00,434 INFO DRY {"case_id": "q4_1d_adaptive_nr80_nz1_dt0.25_md66ccc838cbe_stagepart_6468a2bfff79_1", "simulated_time_s": 259200.0, "Cmax": 0.12366054021988201, "wall_s": 131.85557700000936, "peak_rss_bytes": 218578944, "drying_time_h": 51.1234}
2026-09-11 18:25:00,461 INFO STAGE_SCHEDULE_COMPLETED {"case_id": "q4_1d_stage_schedule_conservative_dt0.25_s6468a2bfff79", "drying_time_h": 51.1234, "stage_dt_statistics": [{"t_start": 0.0, "t_end": 3600.0, "nr": 160, "nz": 1, "case_id": "q4_1d_adaptive_nr160_nz1_dt0.25_m1d7a05f7e44b_stagepart_6468a2bfff79_0", "fingerprint": "ba0ee02878485153b2a4506edf45866a0f34b772c7b2bb033ba2a4b3621516d1", "mesh_profile_hash": "1d7a05f7e44bf42e3989ae2727861e45350a0b31d07f3cb1f3dfa672c0b5ee6e", "actual_dt_min": 0.02355194091796875, "actual_dt_mean": 0.03126384076283772, "actual_dt_max": 0.0546875, "steps": 115149, "wall_s": 7.352362400008133}, {"t_start": 3600.0, "t_end": 259200.0, "nr": 80, "nz": 1, "case_id": "q4_1d_adaptive_nr80_nz1_dt0.25_md66ccc838cbe_stagepart_6468a2bfff79_1", "fingerprint": "867cd7449c3bb7f9cb863fc141a70bb9c70b8def63f8965fe60222fdfb4c3765", "mesh_profile_hash": "d66ccc838cbe21fba959c6dabcf7f55f685e0b7b34f44fc4e668f58e047c9179", "actual_dt_min": 0.046875, "actual_dt_mean": 0.0635415620484845, "actual_dt_max": 0.125, "steps": 4022564, "wall_s": 131.85557700000936}], "transfers": [{"switch_time": 3600.0, "old_mesh": [160, 1], "new_mesh": [80, 1], "projection_max_abs_T": 0.025566205856989654, "projection_max_abs_C": 0.02449283119416723, "projection_L2_T": 0.017601965074680644, "projection_L2_C": 0.011730689851772936, "volume_integral_T_before": 314.2903509957055, "volume_integral_T_after": 314.29035099570547, "volume_integral_C_before": 2.1863687541757852, "volume_integral_C_after": 2.1863687541757857, "volume_integral_relative_error_T": 1.8086275534938306e-16, "volume_integral_relative_error_C": 2.031172504646751e-16, "metric_note": "Max/L2 compare old averages with conservatively back-projected new averages; T integral is not nonlinear enthalpy.", "method": "Exact annular-volume overlap in frozen xi coordinates; positive weights"}]}
2026-09-11 18:25:13,039 WARNING STAGE_COARSENING_TOO_AGGRESSIVE {"case_id": "q4_1d_stage_schedule_conservative_dt0.25_s6468a2bfff79", "failure_reasons": ["OFFICIAL_C_EXCEEDS_TOLERANCE"], "official_temperature": {"value": 0.0003224729153998851, "signed_difference": -0.0003224729153998851, "time_s": 3780.0, "r_m": 0.017, "z_m": 0.0, "coarse_value": 316.53060244383425, "fine_value": 316.53027997091885}, "official_moisture": {"value": 0.003177686687009587, "signed_difference": 0.003177686687009587, "time_s": 70740.0, "r_m": 0.012, "z_m": 0.0, "coarse_value": 0.10063733605435377, "fine_value": 0.10381502274136335}, "event_relative_difference": 0.0004245010668583235}
2026-09-11 18:25:13,112 INFO START q4_1d_adaptive_nr160_nz1_dt0.125_m1d7a05f7e44b_stagepart_9e6310a1cf6c_0 warmup 0.00s target 1.00h
2026-09-11 18:25:22,904 INFO PARTIAL_TIME_RANGE {"case_id": "q4_1d_adaptive_nr160_nz1_dt0.125_m1d7a05f7e44b_stagepart_9e6310a1cf6c_0", "simulated_time_s": 3600.0, "Cmax": 2.549999989497758, "wall_s": 9.785536099996534, "peak_rss_bytes": 223596544, "drying_time_h": null}
2026-09-11 18:25:22,920 INFO MESH_STAGE_SWITCH {"case_id": "q4_1d_stage_schedule_half_steps_dt0.125_s9e6310a1cf6c", "switch_time": 3600.0, "old_mesh": [160, 1], "new_mesh": [80, 1], "projection_max_abs_T": 0.02556620585710334, "projection_max_abs_C": 0.02449283119416834, "projection_L2_T": 0.01760196507471204, "projection_L2_C": 0.011730689851772958, "volume_integral_T_before": 314.2903509957007, "volume_integral_T_after": 314.2903509957007, "volume_integral_C_before": 2.1863687541756516, "volume_integral_C_after": 2.1863687541756516, "volume_integral_relative_error_T": 0.0, "volume_integral_relative_error_C": 0.0, "metric_note": "Max/L2 compare old averages with conservatively back-projected new averages; T integral is not nonlinear enthalpy.", "method": "Exact annular-volume overlap in frozen xi coordinates; positive weights"}
2026-09-11 18:25:22,947 INFO START q4_1d_adaptive_nr80_nz1_dt0.125_md66ccc838cbe_stagepart_9e6310a1cf6c_1 warmup 0.00s target 72.00h
2026-09-11 18:25:42,953 INFO q4_1d_adaptive_nr80_nz1_dt0.125_md66ccc838cbe_stagepart_9e6310a1cf6c_1 t=9.28h 12.9% wall=20.0s ETA=135.2s
2026-09-11 18:26:02,972 INFO q4_1d_adaptive_nr80_nz1_dt0.125_md66ccc838cbe_stagepart_9e6310a1cf6c_1 t=16.62h 23.1% wall=40.0s ETA=133.4s
2026-09-11 18:26:23,009 INFO q4_1d_adaptive_nr80_nz1_dt0.125_md66ccc838cbe_stagepart_9e6310a1cf6c_1 t=24.02h 33.4% wall=60.1s ETA=120.0s
2026-09-11 18:26:43,009 INFO q4_1d_adaptive_nr80_nz1_dt0.125_md66ccc838cbe_stagepart_9e6310a1cf6c_1 t=31.00h 43.1% wall=80.1s ETA=105.9s
2026-09-11 18:27:03,036 INFO q4_1d_adaptive_nr80_nz1_dt0.125_md66ccc838cbe_stagepart_9e6310a1cf6c_1 t=37.90h 52.6% wall=100.1s ETA=90.1s
2026-09-11 18:27:23,069 INFO q4_1d_adaptive_nr80_nz1_dt0.125_md66ccc838cbe_stagepart_9e6310a1cf6c_1 t=44.82h 62.2% wall=120.1s ETA=72.9s
2026-09-11 18:27:41,473 INFO DRYING_EVENT_LOCATED {"case_id": "q4_1d_adaptive_nr80_nz1_dt0.125_md66ccc838cbe_stagepart_9e6310a1cf6c_1", "left_s": 184044.03125, "right_s": 184044.0625, "width_s": 0.03125, "raw_event_s": 184044.0625, "report_s": 184044.24, "report_h": 51.1234, "left_max_C": 0.1500000144406845, "right_max_C": 0.1499999984147585, "report_max_C": 0.1499999073876184}
2026-09-11 18:27:43,077 INFO q4_1d_adaptive_nr80_nz1_dt0.125_md66ccc838cbe_stagepart_9e6310a1cf6c_1 t=51.65h 71.7% wall=140.1s ETA=55.2s
2026-09-11 18:28:03,117 INFO q4_1d_adaptive_nr80_nz1_dt0.125_md66ccc838cbe_stagepart_9e6310a1cf6c_1 t=58.05h 80.6% wall=160.2s ETA=38.5s
2026-09-11 18:28:23,141 INFO q4_1d_adaptive_nr80_nz1_dt0.125_md66ccc838cbe_stagepart_9e6310a1cf6c_1 t=64.78h 90.0% wall=180.2s ETA=20.1s
2026-09-11 18:28:43,193 INFO q4_1d_adaptive_nr80_nz1_dt0.125_md66ccc838cbe_stagepart_9e6310a1cf6c_1 t=71.62h 99.5% wall=200.2s ETA=1.1s
2026-09-11 18:28:44,418 INFO DRY {"case_id": "q4_1d_adaptive_nr80_nz1_dt0.125_md66ccc838cbe_stagepart_9e6310a1cf6c_1", "simulated_time_s": 259200.0, "Cmax": 0.1236605402203601, "wall_s": 201.45995709999988, "peak_rss_bytes": 227127296, "drying_time_h": 51.1234}
2026-09-11 18:28:44,449 INFO STAGE_SCHEDULE_COMPLETED {"case_id": "q4_1d_stage_schedule_half_steps_dt0.125_s9e6310a1cf6c", "drying_time_h": 51.1234, "stage_dt_statistics": [{"t_start": 0.0, "t_end": 3600.0, "nr": 160, "nz": 1, "case_id": "q4_1d_adaptive_nr160_nz1_dt0.125_m1d7a05f7e44b_stagepart_9e6310a1cf6c_0", "fingerprint": "4a3acb7900a770615ccb91dc654905dd577a42e87b5c31e49e0b8b4a869fe84b", "mesh_profile_hash": "1d7a05f7e44bf42e3989ae2727861e45350a0b31d07f3cb1f3dfa672c0b5ee6e", "actual_dt_min": 0.011775970458984375, "actual_dt_mean": 0.01563192038141886, "actual_dt_max": 0.02734375, "steps": 230298, "wall_s": 9.785536099996534}, {"t_start": 3600.0, "t_end": 259200.0, "nr": 80, "nz": 1, "case_id": "q4_1d_adaptive_nr80_nz1_dt0.125_md66ccc838cbe_stagepart_9e6310a1cf6c_1", "fingerprint": "066bfd73e2f35f7a293417ff5d0996e245ab98bdce3530cf115bbe6ffcb5e635", "mesh_profile_hash": "d66ccc838cbe21fba959c6dabcf7f55f685e0b7b34f44fc4e668f58e047c9179", "actual_dt_min": 0.0234375, "actual_dt_mean": 0.03177078102424225, "actual_dt_max": 0.0625, "steps": 8045128, "wall_s": 201.45995709999988}], "transfers": [{"switch_time": 3600.0, "old_mesh": [160, 1], "new_mesh": [80, 1], "projection_max_abs_T": 0.02556620585710334, "projection_max_abs_C": 0.02449283119416834, "projection_L2_T": 0.01760196507471204, "projection_L2_C": 0.011730689851772958, "volume_integral_T_before": 314.2903509957007, "volume_integral_T_after": 314.2903509957007, "volume_integral_C_before": 2.1863687541756516, "volume_integral_C_after": 2.1863687541756516, "volume_integral_relative_error_T": 0.0, "volume_integral_relative_error_C": 0.0, "metric_note": "Max/L2 compare old averages with conservatively back-projected new averages; T integral is not nonlinear enthalpy.", "method": "Exact annular-volume overlap in frozen xi coordinates; positive weights"}]}
2026-09-11 18:29:06,228 INFO CACHE_REUSED q1_2d_adaptive_nr40_nz125_dt0.25_md810aa408542
2026-09-11 18:29:06,229 INFO CACHE_REUSED {"case_id": "q1_2d_adaptive_nr40_nz125_dt0.25_md810aa408542"}
2026-09-11 18:29:06,250 INFO CACHE_REUSED q1_2d_adaptive_nr40_nz125_dt0.125_md810aa408542_half_steps
2026-09-11 18:29:06,251 INFO CACHE_REUSED {"case_id": "q1_2d_adaptive_nr40_nz125_dt0.125_md810aa408542_half_steps"}
2026-09-11 18:29:14,228 WARNING END_EFFECT_NOT_NEGLIGIBLE {"case_id": "q1", "max_abs_T": 3.698125600962271, "max_abs_C": 0.9862253240649625, "relative_time_difference": null}
2026-09-11 18:29:24,878 WARNING 2D_SPATIAL_VALIDATION_PARTIAL {"case_id": "q1_2d_adaptive_nr40_nz125_dt0.25_md810aa408542", "covered_refinement_time_s": [0, 1800.0], "endpoint_windows": []}
2026-09-11 18:29:24,911 INFO CACHE_REUSED q23_2d_adaptive_nr40_nz125_dt0.25_mfd6e5cf8c919
2026-09-11 18:29:24,912 INFO CACHE_REUSED {"case_id": "q23_2d_adaptive_nr40_nz125_dt0.25_mfd6e5cf8c919"}
2026-09-11 18:29:24,943 INFO CACHE_REUSED q23_2d_adaptive_nr40_nz125_dt0.125_mfd6e5cf8c919_half_steps
2026-09-11 18:29:24,944 INFO CACHE_REUSED {"case_id": "q23_2d_adaptive_nr40_nz125_dt0.125_mfd6e5cf8c919_half_steps"}
2026-09-11 18:29:59,891 WARNING END_EFFECT_NOT_NEGLIGIBLE {"case_id": "q23", "max_abs_T": 4.093695653635564, "max_abs_C": 0.9754244913361902, "relative_time_difference": 0.005687443366623636}
2026-09-11 18:30:30,777 WARNING 2D_SPATIAL_VALIDATION_PARTIAL {"case_id": "q23_2d_adaptive_nr40_nz125_dt0.25_mfd6e5cf8c919", "covered_refinement_time_s": [0, 5085.0], "endpoint_windows": [[204660.0, 208873.31999999998], [204660.0, 208873.31999999998]]}
2026-09-11 18:30:30,812 INFO CACHE_REUSED q4_2d_adaptive_nr40_nz125_dt0.25_md7f14a4ef684
2026-09-11 18:30:30,814 INFO CACHE_REUSED {"case_id": "q4_2d_adaptive_nr40_nz125_dt0.25_md7f14a4ef684"}
2026-09-11 18:30:30,836 INFO CACHE_REUSED q4_2d_adaptive_nr40_nz125_dt0.125_md7f14a4ef684_half_steps
2026-09-11 18:30:30,837 INFO CACHE_REUSED {"case_id": "q4_2d_adaptive_nr40_nz125_dt0.125_md7f14a4ef684_half_steps"}
2026-09-11 18:30:54,005 WARNING END_EFFECT_NOT_NEGLIGIBLE {"case_id": "q4", "max_abs_T": 5.534792666020849, "max_abs_C": 1.7108088207014944, "relative_time_difference": 0.0015976120583443506}
2026-09-11 18:30:55,526 WARNING 2D_SPATIAL_VALIDATION_PARTIAL {"case_id": "q4_2d_adaptive_nr40_nz125_dt0.25_md7f14a4ef684", "covered_refinement_time_s": [0, 10320.0], "endpoint_windows": [[180600.0, 184859.88], [180600.0, 184859.88]]}
2026-09-11 18:30:59,462 WARNING END_EFFECT_NOT_NEGLIGIBLE {"case_id": "q1", "max_abs_T": 3.698125600962271, "max_abs_C": 0.9862253240649625, "relative_time_difference": null}
2026-09-11 18:30:59,892 ERROR [Errno 22] Invalid argument {"exception_type": "OSError", "message": "[Errno 22] Invalid argument: 'D:\\\\数学建模\\\\A_Drying\\\\work\\\\comparison\\\\q23_pointwise.csv'", "traceback": "Traceback (most recent call last):\n  File \"D:\\数学建模\\A_Drying\\compute.py\", line 57, in Compute_Main\n    Case_SolvePairEvents(_ROOT); Comparison_Run(_ROOT)\n                                 ^^^^^^^^^^^^^^^^^^^^^\n  File \"D:\\数学建模\\A_Drying\\src\\drying\\comparison.py\", line 86, in Comparison_Run\n    with (folder/f'{case}_pointwise.csv').open('w', newline='', encoding='utf-8-sig') as output, (folder/f'{case}_z_profiles.csv').open('w', newline='', encoding='utf-8-sig') as profile:\n         ^^^^^^^^^^^^^^^^^^^^^^^^^^^^^^^^^^^^^^^^^^^^^^^^^^^^^^^^^^^^^^^^^^^^^^^^^^^^\n  File \"C:\\Users\\chdxm\\.cache\\codex-runtimes\\codex-primary-runtime\\dependencies\\python\\Lib\\pathlib.py\", line 1013, in open\n    return io.open(self, mode, buffering, encoding, errors, newline)\n           ^^^^^^^^^^^^^^^^^^^^^^^^^^^^^^^^^^^^^^^^^^^^^^^^^^^^^^^^^\nOSError: [Errno 22] Invalid argument: 'D:\\\\数学建模\\\\A_Drying\\\\work\\\\comparison\\\\q23_pointwise.csv'\n", "phase": "paired events / comparison"}
2026-09-11 21:01:13,245 INFO CACHE_REUSED q1_1d_adaptive_nr40_nz1_dt0.25_mcecd4275aca0
2026-09-11 21:01:13,246 INFO CACHE_REUSED {"case_id": "q1_1d_adaptive_nr40_nz1_dt0.25_mcecd4275aca0"}
2026-09-11 21:01:13,257 INFO CACHE_REUSED q1_1d_adaptive_nr80_nz1_dt0.25_m2fb9c46fbeef
2026-09-11 21:01:13,258 INFO CACHE_REUSED {"case_id": "q1_1d_adaptive_nr80_nz1_dt0.25_m2fb9c46fbeef"}
2026-09-11 21:01:13,268 INFO CACHE_REUSED q1_1d_adaptive_nr160_nz1_dt0.25_m26b01dc00898
2026-09-11 21:01:13,269 INFO CACHE_REUSED {"case_id": "q1_1d_adaptive_nr160_nz1_dt0.25_m26b01dc00898"}
2026-09-11 21:01:25,692 INFO START q1_1d_adaptive_nr320_nz1_dt0.25_mf0640d83d5fa_early_reference_t60 warmup 0.03s target 0.02h
2026-09-11 21:01:25,724 WARNING DT_LIMITED_BY_STABILITY {"case_id": "q1_1d_adaptive_nr320_nz1_dt0.25_mf0640d83d5fa_early_reference_t60", "requested_dt_s": 0.25, "accepted_dt_s": 0.0026767871942644326, "simulated_time_s": 0.0, "grid": [320, 1]}
2026-09-11 21:01:27,642 INFO COMPUTED {"case_id": "q1_1d_adaptive_nr320_nz1_dt0.25_mf0640d83d5fa_early_reference_t60", "simulated_time_s": 60.0, "Cmax": 2.55, "wall_s": 1.945274800003972, "peak_rss_bytes": 172347392, "drying_time_h": null}
2026-09-11 21:01:30,094 WARNING SPATIAL_CONVERGENCE_FAILED {"case_id": "q1_1d_adaptive_nr160_nz1_dt0.25_m26b01dc00898", "failure_reasons": ["OFFICIAL_C_EXCEEDS_TOLERANCE"]}
2026-09-11 21:01:30,106 INFO CACHE_REUSED q1_1d_adaptive_nr160_nz1_dt0.125_m26b01dc00898_half_steps
2026-09-11 21:01:30,107 INFO CACHE_REUSED {"case_id": "q1_1d_adaptive_nr160_nz1_dt0.125_m26b01dc00898_half_steps"}
2026-09-11 21:01:32,844 INFO CACHE_REUSED q1_1d_adaptive_nr160_nz1_dt0.25_m26b01dc00898
2026-09-11 21:01:32,845 INFO CACHE_REUSED {"case_id": "q1_1d_adaptive_nr160_nz1_dt0.25_m26b01dc00898"}
2026-09-11 21:01:32,890 INFO START q1_1d_adaptive_nr320_nz1_dt0.25_mf0640d83d5fa_stagepart_730fad2ba402_0 warmup 0.00s target 0.02h
2026-09-11 21:01:32,924 WARNING DT_LIMITED_BY_STABILITY {"case_id": "q1_1d_adaptive_nr320_nz1_dt0.25_mf0640d83d5fa_stagepart_730fad2ba402_0", "requested_dt_s": 0.25, "accepted_dt_s": 0.0026767871942644326, "simulated_time_s": 0.0, "grid": [320, 1]}
2026-09-11 21:01:34,813 INFO COMPUTED {"case_id": "q1_1d_adaptive_nr320_nz1_dt0.25_mf0640d83d5fa_stagepart_730fad2ba402_0", "simulated_time_s": 60.0, "Cmax": 2.55, "wall_s": 1.9176780999987386, "peak_rss_bytes": 176173056, "drying_time_h": null}
2026-09-11 21:01:34,831 INFO MESH_STAGE_SWITCH {"case_id": "q1_1d_stage_schedule_default_dt0.25_s730fad2ba402", "switch_time": 60.0, "old_mesh": [320, 1], "new_mesh": [160, 1], "projection_max_abs_T": 0.0007785874062165021, "projection_max_abs_C": 0.009281170049739718, "projection_L2_T": 0.000287898964971117, "projection_L2_C": 0.0018457907282538424, "volume_integral_T_before": 301.1662814414238, "volume_integral_T_after": 301.16628144142385, "volume_integral_C_before": 2.5386295384689865, "volume_integral_C_after": 2.538629538468987, "volume_integral_relative_error_T": 1.887442996232762e-16, "volume_integral_relative_error_C": 1.749326568215569e-16, "metric_note": "Max/L2 compare old averages with conservatively back-projected new averages; T integral is not nonlinear enthalpy.", "method": "Exact annular-volume overlap in frozen xi coordinates; positive weights"}
2026-09-11 21:01:34,848 INFO START q1_1d_adaptive_nr160_nz1_dt0.25_m26b01dc00898_stagepart_730fad2ba402_1 warmup 0.00s target 0.08h
2026-09-11 21:01:34,856 WARNING DT_LIMITED_BY_STABILITY {"case_id": "q1_1d_adaptive_nr160_nz1_dt0.25_m26b01dc00898_stagepart_730fad2ba402_1", "requested_dt_s": 0.25, "accepted_dt_s": 0.010712196255035167, "simulated_time_s": 60.0, "grid": [160, 1]}
2026-09-11 21:01:35,793 INFO COMPUTED {"case_id": "q1_1d_adaptive_nr160_nz1_dt0.25_m26b01dc00898_stagepart_730fad2ba402_1", "simulated_time_s": 300.0, "Cmax": 2.55, "wall_s": 0.9403173999889987, "peak_rss_bytes": 179609600, "drying_time_h": null}
2026-09-11 21:01:35,805 INFO MESH_STAGE_SWITCH {"case_id": "q1_1d_stage_schedule_default_dt0.25_s730fad2ba402", "switch_time": 300.0, "old_mesh": [160, 1], "new_mesh": [80, 1], "projection_max_abs_T": 0.006920277056735813, "projection_max_abs_C": 0.01736219332204847, "projection_L2_T": 0.0038225367132078904, "projection_L2_C": 0.005090220151113328, "volume_integral_T_before": 301.50937771290023, "volume_integral_T_after": 301.5093777129002, "volume_integral_C_before": 2.497532499325086, "volume_integral_C_after": 2.497532499325086, "volume_integral_relative_error_T": 1.8852952200689026e-16, "volume_integral_relative_error_C": 0.0, "metric_note": "Max/L2 compare old averages with conservatively back-projected new averages; T integral is not nonlinear enthalpy.", "method": "Exact annular-volume overlap in frozen xi coordinates; positive weights"}
2026-09-11 21:01:35,820 INFO START q1_1d_adaptive_nr80_nz1_dt0.25_m2fb9c46fbeef_stagepart_730fad2ba402_2 warmup 0.00s target 0.33h
2026-09-11 21:01:35,822 WARNING DT_LIMITED_BY_STABILITY {"case_id": "q1_1d_adaptive_nr80_nz1_dt0.25_m2fb9c46fbeef_stagepart_730fad2ba402_2", "requested_dt_s": 0.25, "accepted_dt_s": 0.046875, "simulated_time_s": 300.0, "grid": [80, 1]}
2026-09-11 21:01:36,316 INFO COMPUTED {"case_id": "q1_1d_adaptive_nr80_nz1_dt0.25_m2fb9c46fbeef_stagepart_730fad2ba402_2", "simulated_time_s": 1200.0, "Cmax": 2.5499999760644037, "wall_s": 0.48996239999542013, "peak_rss_bytes": 183554048, "drying_time_h": null}
2026-09-11 21:01:36,330 INFO MESH_STAGE_SWITCH {"case_id": "q1_1d_stage_schedule_default_dt0.25_s730fad2ba402", "switch_time": 1200.0, "old_mesh": [80, 1], "new_mesh": [40, 1], "projection_max_abs_T": 0.031216671649360705, "projection_max_abs_C": 0.030798303105405767, "projection_L2_T": 0.02331252002912789, "projection_L2_C": 0.01257359487997535, "volume_integral_T_before": 305.0989524000603, "volume_integral_T_after": 305.0989524000603, "volume_integral_C_before": 2.3679692660865426, "volume_integral_C_after": 2.3679692660865426, "volume_integral_relative_error_T": 0.0, "volume_integral_relative_error_C": 0.0, "metric_note": "Max/L2 compare old averages with conservatively back-projected new averages; T integral is not nonlinear enthalpy.", "method": "Exact annular-volume overlap in frozen xi coordinates; positive weights"}
2026-09-11 21:01:36,346 INFO START q1_1d_adaptive_nr40_nz1_dt0.25_mcecd4275aca0_stagepart_730fad2ba402_3 warmup 0.00s target 0.50h
2026-09-11 21:01:36,461 INFO COMPUTED {"case_id": "q1_1d_adaptive_nr40_nz1_dt0.25_mcecd4275aca0_stagepart_730fad2ba402_3", "simulated_time_s": 1800.0, "Cmax": 2.549991265390382, "wall_s": 0.11039220000384375, "peak_rss_bytes": 180154368, "drying_time_h": null}
2026-09-11 21:01:36,477 INFO STAGE_SCHEDULE_COMPLETED {"case_id": "q1_1d_stage_schedule_default_dt0.25_s730fad2ba402", "drying_time_h": null, "stage_dt_statistics": [{"t_start": 0.0, "t_end": 60.0, "nr": 320, "nz": 1, "case_id": "q1_1d_adaptive_nr320_nz1_dt0.25_mf0640d83d5fa_stagepart_730fad2ba402_0", "fingerprint": "0105c155a38442f6af5e7118872cf02bb9026d442deed99a60b07ae65dd3eaf8", "mesh_profile_hash": "f0640d83d5fad47235ca2716582447708cd57dc332b2ec32bfe18fa9ebb645aa", "actual_dt_min": 0.0026767871942642296, "actual_dt_mean": 0.0038461538461538464, "actual_dt_max": 0.005287817416089524, "requested_dt_max": 0.25, "stability_limited_count": 88680, "steps": 15600, "wall_s": 1.9176780999987386}, {"t_start": 60.0, "t_end": 300.0, "nr": 160, "nz": 1, "case_id": "q1_1d_adaptive_nr160_nz1_dt0.25_m26b01dc00898_stagepart_730fad2ba402_1", "fingerprint": "72ec9b1348c2396e38888c29e1c25a33be80ea8d8ad96e90fce624d9257dafaa", "mesh_profile_hash": "26b01dc0089856eaa32f6d68287688f2857015d88610fe7b0762801e14066cd9", "actual_dt_min": 0.010712196255035167, "actual_dt_mean": 0.015384615384615385, "actual_dt_max": 0.02121669240295887, "requested_dt_max": 0.25, "stability_limited_count": 57840, "steps": 15600, "wall_s": 0.9403173999889987}, {"t_start": 300.0, "t_end": 1200.0, "nr": 80, "nz": 1, "case_id": "q1_1d_adaptive_nr80_nz1_dt0.25_m2fb9c46fbeef_stagepart_730fad2ba402_2", "fingerprint": "d5e0d8be7314d482fb88d43972704efa22586a35c160e25638fa5cb005aff068", "mesh_profile_hash": "2fb9c46fbeef408dac08434286ee8d5646515efd2b69ab592690255bb7a7e7a4", "actual_dt_min": 0.046875, "actual_dt_mean": 0.0625, "actual_dt_max": 0.0703125, "requested_dt_max": 0.25, "stability_limited_count": 26100, "steps": 14400, "wall_s": 0.48996239999542013}, {"t_start": 1200.0, "t_end": 1800.0, "nr": 40, "nz": 1, "case_id": "q1_1d_adaptive_nr40_nz1_dt0.25_mcecd4275aca0_stagepart_730fad2ba402_3", "fingerprint": "ed835d9fec3fe83d438b7b7cb3ecbb2e18e122dd4169ea48d8955377147c34f6", "mesh_profile_hash": "cecd4275aca095a95091243f77d37f47061c095c82e9e9233ab7119ae4a79c4d", "actual_dt_min": 0.25, "actual_dt_mean": 0.25, "actual_dt_max": 0.25, "requested_dt_max": 0.25, "stability_limited_count": 0, "steps": 2400, "wall_s": 0.11039220000384375}], "transfers": [{"switch_time": 60.0, "old_mesh": [320, 1], "new_mesh": [160, 1], "projection_max_abs_T": 0.0007785874062165021, "projection_max_abs_C": 0.009281170049739718, "projection_L2_T": 0.000287898964971117, "projection_L2_C": 0.0018457907282538424, "volume_integral_T_before": 301.1662814414238, "volume_integral_T_after": 301.16628144142385, "volume_integral_C_before": 2.5386295384689865, "volume_integral_C_after": 2.538629538468987, "volume_integral_relative_error_T": 1.887442996232762e-16, "volume_integral_relative_error_C": 1.749326568215569e-16, "metric_note": "Max/L2 compare old averages with conservatively back-projected new averages; T integral is not nonlinear enthalpy.", "method": "Exact annular-volume overlap in frozen xi coordinates; positive weights"}, {"switch_time": 300.0, "old_mesh": [160, 1], "new_mesh": [80, 1], "projection_max_abs_T": 0.006920277056735813, "projection_max_abs_C": 0.01736219332204847, "projection_L2_T": 0.0038225367132078904, "projection_L2_C": 0.005090220151113328, "volume_integral_T_before": 301.50937771290023, "volume_integral_T_after": 301.5093777129002, "volume_integral_C_before": 2.497532499325086, "volume_integral_C_after": 2.497532499325086, "volume_integral_relative_error_T": 1.8852952200689026e-16, "volume_integral_relative_error_C": 0.0, "metric_note": "Max/L2 compare old averages with conservatively back-projected new averages; T integral is not nonlinear enthalpy.", "method": "Exact annular-volume overlap in frozen xi coordinates; positive weights"}, {"switch_time": 1200.0, "old_mesh": [80, 1], "new_mesh": [40, 1], "projection_max_abs_T": 0.031216671649360705, "projection_max_abs_C": 0.030798303105405767, "projection_L2_T": 0.02331252002912789, "projection_L2_C": 0.01257359487997535, "volume_integral_T_before": 305.0989524000603, "volume_integral_T_after": 305.0989524000603, "volume_integral_C_before": 2.3679692660865426, "volume_integral_C_after": 2.3679692660865426, "volume_integral_relative_error_T": 0.0, "volume_integral_relative_error_C": 0.0, "metric_note": "Max/L2 compare old averages with conservatively back-projected new averages; T integral is not nonlinear enthalpy.", "method": "Exact annular-volume overlap in frozen xi coordinates; positive weights"}]}
2026-09-11 21:01:50,011 WARNING STAGE_COARSENING_TOO_AGGRESSIVE {"case_id": "q1_1d_stage_schedule_default_dt0.25_s730fad2ba402", "failure_reasons": ["OFFICIAL_C_EXCEEDS_TOLERANCE", "STAGE_COARSENING_TOO_AGGRESSIVE: projection lost variation reaches strict tolerance"], "official_temperature": {"value": 0.0008857774976718247, "time_s": 1242.375, "r_m": 0.005, "z_m": 0.0, "coarse_value": 304.0576296837768, "fine_value": 304.0567439062791, "signed_difference": -0.0008857774976718247}, "official_moisture": {"value": 0.010218109430190303, "time_s": 0.00390625, "r_m": 0.02, "z_m": 0.0, "coarse_value": 2.5394655342824453, "fine_value": 2.529247424852255, "signed_difference": -0.010218109430190303}, "event_relative_difference": null}
2026-09-11 21:01:50,048 INFO START q1_1d_adaptive_nr320_nz1_dt0.25_mf0640d83d5fa_stagepart_9fc4b0690299_0 warmup 0.00s target 0.02h
2026-09-11 21:01:50,080 WARNING DT_LIMITED_BY_STABILITY {"case_id": "q1_1d_adaptive_nr320_nz1_dt0.25_mf0640d83d5fa_stagepart_9fc4b0690299_0", "requested_dt_s": 0.25, "accepted_dt_s": 0.0026767871942644326, "simulated_time_s": 0.0, "grid": [320, 1]}
2026-09-11 21:01:51,959 INFO COMPUTED {"case_id": "q1_1d_adaptive_nr320_nz1_dt0.25_mf0640d83d5fa_stagepart_9fc4b0690299_0", "simulated_time_s": 60.0, "Cmax": 2.55, "wall_s": 1.9056785999855492, "peak_rss_bytes": 183099392, "drying_time_h": null}
2026-09-11 21:01:51,971 INFO MESH_STAGE_SWITCH {"case_id": "q1_1d_stage_schedule_conservative_dt0.25_s9fc4b0690299", "switch_time": 60.0, "old_mesh": [320, 1], "new_mesh": [160, 1], "projection_max_abs_T": 0.0007785874062165021, "projection_max_abs_C": 0.009281170049739718, "projection_L2_T": 0.000287898964971117, "projection_L2_C": 0.0018457907282538424, "volume_integral_T_before": 301.1662814414238, "volume_integral_T_after": 301.16628144142385, "volume_integral_C_before": 2.5386295384689865, "volume_integral_C_after": 2.538629538468987, "volume_integral_relative_error_T": 1.887442996232762e-16, "volume_integral_relative_error_C": 1.749326568215569e-16, "metric_note": "Max/L2 compare old averages with conservatively back-projected new averages; T integral is not nonlinear enthalpy.", "method": "Exact annular-volume overlap in frozen xi coordinates; positive weights"}
2026-09-11 21:01:51,986 INFO START q1_1d_adaptive_nr160_nz1_dt0.25_m26b01dc00898_stagepart_9fc4b0690299_1 warmup 0.00s target 0.08h
2026-09-11 21:01:51,992 WARNING DT_LIMITED_BY_STABILITY {"case_id": "q1_1d_adaptive_nr160_nz1_dt0.25_m26b01dc00898_stagepart_9fc4b0690299_1", "requested_dt_s": 0.25, "accepted_dt_s": 0.010712196255035167, "simulated_time_s": 60.0, "grid": [160, 1]}
2026-09-11 21:01:52,859 INFO COMPUTED {"case_id": "q1_1d_adaptive_nr160_nz1_dt0.25_m26b01dc00898_stagepart_9fc4b0690299_1", "simulated_time_s": 300.0, "Cmax": 2.55, "wall_s": 0.8671389000082854, "peak_rss_bytes": 185409536, "drying_time_h": null}
2026-09-11 21:01:52,873 INFO MESH_STAGE_SWITCH {"case_id": "q1_1d_stage_schedule_conservative_dt0.25_s9fc4b0690299", "switch_time": 300.0, "old_mesh": [160, 1], "new_mesh": [80, 1], "projection_max_abs_T": 0.006920277056735813, "projection_max_abs_C": 0.01736219332204847, "projection_L2_T": 0.0038225367132078904, "projection_L2_C": 0.005090220151113328, "volume_integral_T_before": 301.50937771290023, "volume_integral_T_after": 301.5093777129002, "volume_integral_C_before": 2.497532499325086, "volume_integral_C_after": 2.497532499325086, "volume_integral_relative_error_T": 1.8852952200689026e-16, "volume_integral_relative_error_C": 0.0, "metric_note": "Max/L2 compare old averages with conservatively back-projected new averages; T integral is not nonlinear enthalpy.", "method": "Exact annular-volume overlap in frozen xi coordinates; positive weights"}
2026-09-11 21:01:52,887 INFO START q1_1d_adaptive_nr80_nz1_dt0.25_m2fb9c46fbeef_stagepart_9fc4b0690299_2 warmup 0.00s target 0.50h
2026-09-11 21:01:52,889 WARNING DT_LIMITED_BY_STABILITY {"case_id": "q1_1d_adaptive_nr80_nz1_dt0.25_m2fb9c46fbeef_stagepart_9fc4b0690299_2", "requested_dt_s": 0.25, "accepted_dt_s": 0.046875, "simulated_time_s": 300.0, "grid": [80, 1]}
2026-09-11 21:01:53,708 INFO COMPUTED {"case_id": "q1_1d_adaptive_nr80_nz1_dt0.25_m2fb9c46fbeef_stagepart_9fc4b0690299_2", "simulated_time_s": 1800.0, "Cmax": 2.5499919132646376, "wall_s": 0.8165329000039492, "peak_rss_bytes": 194342912, "drying_time_h": null}
2026-09-11 21:01:53,725 INFO STAGE_SCHEDULE_COMPLETED {"case_id": "q1_1d_stage_schedule_conservative_dt0.25_s9fc4b0690299", "drying_time_h": null, "stage_dt_statistics": [{"t_start": 0.0, "t_end": 60.0, "nr": 320, "nz": 1, "case_id": "q1_1d_adaptive_nr320_nz1_dt0.25_mf0640d83d5fa_stagepart_9fc4b0690299_0", "fingerprint": "0105c155a38442f6af5e7118872cf02bb9026d442deed99a60b07ae65dd3eaf8", "mesh_profile_hash": "f0640d83d5fad47235ca2716582447708cd57dc332b2ec32bfe18fa9ebb645aa", "actual_dt_min": 0.0026767871942642296, "actual_dt_mean": 0.0038461538461538464, "actual_dt_max": 0.005287817416089524, "requested_dt_max": 0.25, "stability_limited_count": 88680, "steps": 15600, "wall_s": 1.9056785999855492}, {"t_start": 60.0, "t_end": 300.0, "nr": 160, "nz": 1, "case_id": "q1_1d_adaptive_nr160_nz1_dt0.25_m26b01dc00898_stagepart_9fc4b0690299_1", "fingerprint": "72ec9b1348c2396e38888c29e1c25a33be80ea8d8ad96e90fce624d9257dafaa", "mesh_profile_hash": "26b01dc0089856eaa32f6d68287688f2857015d88610fe7b0762801e14066cd9", "actual_dt_min": 0.010712196255035167, "actual_dt_mean": 0.015384615384615385, "actual_dt_max": 0.02121669240295887, "requested_dt_max": 0.25, "stability_limited_count": 57840, "steps": 15600, "wall_s": 0.8671389000082854}, {"t_start": 300.0, "t_end": 1800.0, "nr": 80, "nz": 1, "case_id": "q1_1d_adaptive_nr80_nz1_dt0.25_m2fb9c46fbeef_stagepart_9fc4b0690299_2", "fingerprint": "4b9e1440cbdeba7e2c6d8c3bfa91efa07b815a3e2efde9acda4326601b1cd631", "mesh_profile_hash": "2fb9c46fbeef408dac08434286ee8d5646515efd2b69ab592690255bb7a7e7a4", "actual_dt_min": 0.046875, "actual_dt_mean": 0.0625, "actual_dt_max": 0.0703125, "requested_dt_max": 0.25, "stability_limited_count": 43500, "steps": 24000, "wall_s": 0.8165329000039492}], "transfers": [{"switch_time": 60.0, "old_mesh": [320, 1], "new_mesh": [160, 1], "projection_max_abs_T": 0.0007785874062165021, "projection_max_abs_C": 0.009281170049739718, "projection_L2_T": 0.000287898964971117, "projection_L2_C": 0.0018457907282538424, "volume_integral_T_before": 301.1662814414238, "volume_integral_T_after": 301.16628144142385, "volume_integral_C_before": 2.5386295384689865, "volume_integral_C_after": 2.538629538468987, "volume_integral_relative_error_T": 1.887442996232762e-16, "volume_integral_relative_error_C": 1.749326568215569e-16, "metric_note": "Max/L2 compare old averages with conservatively back-projected new averages; T integral is not nonlinear enthalpy.", "method": "Exact annular-volume overlap in frozen xi coordinates; positive weights"}, {"switch_time": 300.0, "old_mesh": [160, 1], "new_mesh": [80, 1], "projection_max_abs_T": 0.006920277056735813, "projection_max_abs_C": 0.01736219332204847, "projection_L2_T": 0.0038225367132078904, "projection_L2_C": 0.005090220151113328, "volume_integral_T_before": 301.50937771290023, "volume_integral_T_after": 301.5093777129002, "volume_integral_C_before": 2.497532499325086, "volume_integral_C_after": 2.497532499325086, "volume_integral_relative_error_T": 1.8852952200689026e-16, "volume_integral_relative_error_C": 0.0, "metric_note": "Max/L2 compare old averages with conservatively back-projected new averages; T integral is not nonlinear enthalpy.", "method": "Exact annular-volume overlap in frozen xi coordinates; positive weights"}]}
2026-09-11 21:02:07,289 WARNING STAGE_COARSENING_TOO_AGGRESSIVE {"case_id": "q1_1d_stage_schedule_conservative_dt0.25_s9fc4b0690299", "failure_reasons": ["OFFICIAL_C_EXCEEDS_TOLERANCE", "STAGE_COARSENING_TOO_AGGRESSIVE: projection lost variation reaches strict tolerance"], "official_temperature": {"value": 0.00015630496136509464, "time_s": 1800.0, "r_m": 0.0, "z_m": 0.0, "coarse_value": 306.72513470838044, "fine_value": 306.7252910133418, "signed_difference": 0.00015630496136509464}, "official_moisture": {"value": 0.010218109430190303, "time_s": 0.00390625, "r_m": 0.02, "z_m": 0.0, "coarse_value": 2.5394655342824453, "fine_value": 2.529247424852255, "signed_difference": -0.010218109430190303}, "event_relative_difference": null}
2026-09-11 21:02:07,361 INFO START q1_1d_adaptive_nr320_nz1_dt0.125_mf0640d83d5fa_stagepart_abfa522e6b98_0 warmup 0.00s target 0.02h
2026-09-11 21:02:09,134 INFO COMPUTED {"case_id": "q1_1d_adaptive_nr320_nz1_dt0.125_mf0640d83d5fa_stagepart_abfa522e6b98_0", "simulated_time_s": 60.0, "Cmax": 2.55, "wall_s": 1.767309999995632, "peak_rss_bytes": 185376768, "drying_time_h": null}
2026-09-11 21:02:09,147 INFO MESH_STAGE_SWITCH {"case_id": "q1_1d_stage_schedule_half_steps_dt0.125_sabfa522e6b98", "switch_time": 60.0, "old_mesh": [320, 1], "new_mesh": [160, 1], "projection_max_abs_T": 0.0007785874061596587, "projection_max_abs_C": 0.009281170049739718, "projection_L2_T": 0.00028789896496289575, "projection_L2_C": 0.0018457907282538562, "volume_integral_T_before": 301.16628144142805, "volume_integral_T_after": 301.16628144142805, "volume_integral_C_before": 2.5386295384689808, "volume_integral_C_after": 2.5386295384689808, "volume_integral_relative_error_T": 0.0, "volume_integral_relative_error_C": 0.0, "metric_note": "Max/L2 compare old averages with conservatively back-projected new averages; T integral is not nonlinear enthalpy.", "method": "Exact annular-volume overlap in frozen xi coordinates; positive weights"}
2026-09-11 21:02:09,170 INFO START q1_1d_adaptive_nr160_nz1_dt0.125_m26b01dc00898_stagepart_abfa522e6b98_1 warmup 0.00s target 0.08h
2026-09-11 21:02:10,199 INFO COMPUTED {"case_id": "q1_1d_adaptive_nr160_nz1_dt0.125_m26b01dc00898_stagepart_abfa522e6b98_1", "simulated_time_s": 300.0, "Cmax": 2.55, "wall_s": 1.0242934999987483, "peak_rss_bytes": 186277888, "drying_time_h": null}
2026-09-11 21:02:10,211 INFO MESH_STAGE_SWITCH {"case_id": "q1_1d_stage_schedule_half_steps_dt0.125_sabfa522e6b98", "switch_time": 300.0, "old_mesh": [160, 1], "new_mesh": [80, 1], "projection_max_abs_T": 0.006920277056735813, "projection_max_abs_C": 0.017362193322047137, "projection_L2_T": 0.003822536713211608, "projection_L2_C": 0.005090220151112943, "volume_integral_T_before": 301.5093777129058, "volume_integral_T_after": 301.5093777129058, "volume_integral_C_before": 2.4975324993250734, "volume_integral_C_after": 2.4975324993250734, "volume_integral_relative_error_T": 0.0, "volume_integral_relative_error_C": 0.0, "metric_note": "Max/L2 compare old averages with conservatively back-projected new averages; T integral is not nonlinear enthalpy.", "method": "Exact annular-volume overlap in frozen xi coordinates; positive weights"}
2026-09-11 21:02:10,232 INFO START q1_1d_adaptive_nr80_nz1_dt0.125_m2fb9c46fbeef_stagepart_abfa522e6b98_2 warmup 0.00s target 0.50h
2026-09-11 21:02:11,399 INFO COMPUTED {"case_id": "q1_1d_adaptive_nr80_nz1_dt0.125_m2fb9c46fbeef_stagepart_abfa522e6b98_2", "simulated_time_s": 1800.0, "Cmax": 2.5499919132646083, "wall_s": 1.1603264000004856, "peak_rss_bytes": 199208960, "drying_time_h": null}
2026-09-11 21:02:11,417 INFO STAGE_SCHEDULE_COMPLETED {"case_id": "q1_1d_stage_schedule_half_steps_dt0.125_sabfa522e6b98", "drying_time_h": null, "stage_dt_statistics": [{"t_start": 0.0, "t_end": 60.0, "nr": 320, "nz": 1, "case_id": "q1_1d_adaptive_nr320_nz1_dt0.125_mf0640d83d5fa_stagepart_abfa522e6b98_0", "fingerprint": "a05214798f7aaa9216af79d4bd4e5cb6889389065218508726cf6adc212c01a7", "mesh_profile_hash": "f0640d83d5fad47235ca2716582447708cd57dc332b2ec32bfe18fa9ebb645aa", "actual_dt_min": 0.001338393597130505, "actual_dt_mean": 0.0019230769230769232, "actual_dt_max": 0.002643908708044762, "requested_dt_max": 0.125, "stability_limited_count": 0, "steps": 31200, "wall_s": 1.767309999995632}, {"t_start": 60.0, "t_end": 300.0, "nr": 160, "nz": 1, "case_id": "q1_1d_adaptive_nr160_nz1_dt0.125_m26b01dc00898_stagepart_abfa522e6b98_1", "fingerprint": "d2c97de7130f69eb2a89a56181eda1c8244025b6fe4ad6ad54f75b9eaac6e9bb", "mesh_profile_hash": "26b01dc0089856eaa32f6d68287688f2857015d88610fe7b0762801e14066cd9", "actual_dt_min": 0.005356098127492714, "actual_dt_mean": 0.007692307692307693, "actual_dt_max": 0.010608346201479435, "requested_dt_max": 0.125, "stability_limited_count": 0, "steps": 31200, "wall_s": 1.0242934999987483}, {"t_start": 300.0, "t_end": 1800.0, "nr": 80, "nz": 1, "case_id": "q1_1d_adaptive_nr80_nz1_dt0.125_m2fb9c46fbeef_stagepart_abfa522e6b98_2", "fingerprint": "19f48f15f70af6ac50714194aa01a4a4c7dc175a7005b7df88993765e237d70d", "mesh_profile_hash": "2fb9c46fbeef408dac08434286ee8d5646515efd2b69ab592690255bb7a7e7a4", "actual_dt_min": 0.0234375, "actual_dt_mean": 0.03125, "actual_dt_max": 0.03515625, "requested_dt_max": 0.125, "stability_limited_count": 0, "steps": 48000, "wall_s": 1.1603264000004856}], "transfers": [{"switch_time": 60.0, "old_mesh": [320, 1], "new_mesh": [160, 1], "projection_max_abs_T": 0.0007785874061596587, "projection_max_abs_C": 0.009281170049739718, "projection_L2_T": 0.00028789896496289575, "projection_L2_C": 0.0018457907282538562, "volume_integral_T_before": 301.16628144142805, "volume_integral_T_after": 301.16628144142805, "volume_integral_C_before": 2.5386295384689808, "volume_integral_C_after": 2.5386295384689808, "volume_integral_relative_error_T": 0.0, "volume_integral_relative_error_C": 0.0, "metric_note": "Max/L2 compare old averages with conservatively back-projected new averages; T integral is not nonlinear enthalpy.", "method": "Exact annular-volume overlap in frozen xi coordinates; positive weights"}, {"switch_time": 300.0, "old_mesh": [160, 1], "new_mesh": [80, 1], "projection_max_abs_T": 0.006920277056735813, "projection_max_abs_C": 0.017362193322047137, "projection_L2_T": 0.003822536713211608, "projection_L2_C": 0.005090220151112943, "volume_integral_T_before": 301.5093777129058, "volume_integral_T_after": 301.5093777129058, "volume_integral_C_before": 2.4975324993250734, "volume_integral_C_after": 2.4975324993250734, "volume_integral_relative_error_T": 0.0, "volume_integral_relative_error_C": 0.0, "metric_note": "Max/L2 compare old averages with conservatively back-projected new averages; T integral is not nonlinear enthalpy.", "method": "Exact annular-volume overlap in frozen xi coordinates; positive weights"}]}
2026-09-11 21:02:18,322 ERROR [WinError 5] 拒绝访问。 {"exception_type": "PermissionError", "message": "[WinError 5] 拒绝访问。: 'D:\\\\数学建模\\\\A_Drying\\\\results\\\\tables\\\\result1.tmp.xlsx' -> 'D:\\\\数学建模\\\\A_Drying\\\\results\\\\tables\\\\result1.xlsx'", "traceback": "Traceback (most recent call last):\n  File \"D:\\数学建模\\A_Drying\\compute.py\", line 55, in Compute_Main\n    Export_Run(_ROOT,case)\n  File \"D:\\数学建模\\A_Drying\\src\\drying\\export.py\", line 130, in Export_Run\n    Export_WriteWorkbook(root/input_manifest['templates'][str(q)]['path'], destination, times, arrays, columns)\n  File \"D:\\数学建模\\A_Drying\\src\\drying\\export.py\", line 68, in Export_WriteWorkbook\n    os.replace(tmp, destination)\nPermissionError: [WinError 5] 拒绝访问。: 'D:\\\\数学建模\\\\A_Drying\\\\results\\\\tables\\\\result1.tmp.xlsx' -> 'D:\\\\数学建模\\\\A_Drying\\\\results\\\\tables\\\\result1.xlsx'\n", "phase": "q1: official export"}
2026-09-11 21:03:35,657 INFO CACHE_REUSED q23_1d_adaptive_nr40_nz1_dt0.25_mf63f9f413ef6
2026-09-11 21:03:35,658 INFO CACHE_REUSED {"case_id": "q23_1d_adaptive_nr40_nz1_dt0.25_mf63f9f413ef6"}
2026-09-11 21:03:35,670 INFO CACHE_REUSED q23_1d_adaptive_nr80_nz1_dt0.25_m56c5bf06eb27
2026-09-11 21:03:35,671 INFO CACHE_REUSED {"case_id": "q23_1d_adaptive_nr80_nz1_dt0.25_m56c5bf06eb27"}
2026-09-11 21:03:35,683 INFO CACHE_REUSED q23_1d_adaptive_nr160_nz1_dt0.25_m94a220bc5006
2026-09-11 21:03:35,683 INFO CACHE_REUSED {"case_id": "q23_1d_adaptive_nr160_nz1_dt0.25_m94a220bc5006"}
2026-09-11 21:11:15,631 INFO CACHE_REUSED q1_1d_adaptive_nr40_nz1_dt0.25_mcecd4275aca0
2026-09-11 21:11:15,632 INFO CACHE_REUSED {"case_id": "q1_1d_adaptive_nr40_nz1_dt0.25_mcecd4275aca0"}
2026-09-11 21:11:15,644 INFO CACHE_REUSED q1_1d_adaptive_nr80_nz1_dt0.25_m2fb9c46fbeef
2026-09-11 21:11:15,644 INFO CACHE_REUSED {"case_id": "q1_1d_adaptive_nr80_nz1_dt0.25_m2fb9c46fbeef"}
2026-09-11 21:11:15,654 INFO CACHE_REUSED q1_1d_adaptive_nr160_nz1_dt0.25_m26b01dc00898
2026-09-11 21:11:15,655 INFO CACHE_REUSED {"case_id": "q1_1d_adaptive_nr160_nz1_dt0.25_m26b01dc00898"}
2026-09-11 21:11:19,394 INFO START q1_1d_adaptive_nr200_nz1_dt0.25_md2d30d0587fe_early_reference_t60 warmup 0.05s target 0.02h
2026-09-11 21:11:19,405 WARNING DT_LIMITED_BY_STABILITY {"case_id": "q1_1d_adaptive_nr200_nz1_dt0.25_md2d30d0587fe_early_reference_t60", "requested_dt_s": 0.25, "accepted_dt_s": 0.006880767643451691, "simulated_time_s": 0.0, "grid": [200, 1]}
2026-09-11 21:11:20,128 INFO COMPUTED {"case_id": "q1_1d_adaptive_nr200_nz1_dt0.25_md2d30d0587fe_early_reference_t60", "simulated_time_s": 60.0, "Cmax": 2.55, "wall_s": 0.7308549000008497, "peak_rss_bytes": 152784896, "drying_time_h": null}
2026-09-11 21:11:20,147 INFO START q1_1d_adaptive_nr400_nz1_dt0.25_mb959eaf2ef9f_early_reference_t60 warmup 0.00s target 0.02h
2026-09-11 21:11:20,247 WARNING DT_LIMITED_BY_STABILITY {"case_id": "q1_1d_adaptive_nr400_nz1_dt0.25_mb959eaf2ef9f_early_reference_t60", "requested_dt_s": 0.25, "accepted_dt_s": 0.0017093217204269418, "simulated_time_s": 0.0, "grid": [400, 1]}
2026-09-11 21:11:26,219 INFO COMPUTED {"case_id": "q1_1d_adaptive_nr400_nz1_dt0.25_mb959eaf2ef9f_early_reference_t60", "simulated_time_s": 60.0, "Cmax": 2.55, "wall_s": 6.066636300005484, "peak_rss_bytes": 153571328, "drying_time_h": null}
2026-09-11 21:11:31,677 WARNING SPATIAL_CONVERGENCE_FAILED {"case_id": "q1_1d_adaptive_nr160_nz1_dt0.25_m26b01dc00898", "failure_reasons": ["OFFICIAL_C_EXCEEDS_TOLERANCE"]}
2026-09-11 21:11:31,698 INFO CACHE_REUSED q1_1d_adaptive_nr160_nz1_dt0.125_m26b01dc00898_half_steps
2026-09-11 21:11:31,699 INFO CACHE_REUSED {"case_id": "q1_1d_adaptive_nr160_nz1_dt0.125_m26b01dc00898_half_steps"}
2026-09-11 21:11:35,263 INFO CACHE_REUSED q1_1d_adaptive_nr160_nz1_dt0.25_m26b01dc00898
2026-09-11 21:11:35,265 INFO CACHE_REUSED {"case_id": "q1_1d_adaptive_nr160_nz1_dt0.25_m26b01dc00898"}
2026-09-11 21:11:35,314 INFO START q1_1d_adaptive_nr200_nz1_dt0.25_md2d30d0587fe_stagepart_030d129157f2_0 warmup 0.00s target 0.02h
2026-09-11 21:11:35,329 WARNING DT_LIMITED_BY_STABILITY {"case_id": "q1_1d_adaptive_nr200_nz1_dt0.25_md2d30d0587fe_stagepart_030d129157f2_0", "requested_dt_s": 0.25, "accepted_dt_s": 0.006880767643451691, "simulated_time_s": 0.0, "grid": [200, 1]}
2026-09-11 21:11:36,082 INFO COMPUTED {"case_id": "q1_1d_adaptive_nr200_nz1_dt0.25_md2d30d0587fe_stagepart_030d129157f2_0", "simulated_time_s": 60.0, "Cmax": 2.55, "wall_s": 0.7625524000031874, "peak_rss_bytes": 165384192, "drying_time_h": null}
2026-09-11 21:11:36,101 INFO MESH_STAGE_SWITCH {"case_id": "q1_1d_stage_schedule_default_dt0.25_s030d129157f2", "switch_time": 60.0, "old_mesh": [200, 1], "new_mesh": [160, 1], "projection_max_abs_T": 0.0004917666497021855, "projection_max_abs_C": 0.005723191294542129, "projection_L2_T": 0.0001303150401063507, "projection_L2_C": 0.0008396982150371568, "volume_integral_T_before": 301.16628120866227, "volume_integral_T_after": 301.16628120866227, "volume_integral_C_before": 2.5386313003359064, "volume_integral_C_after": 2.538631300335907, "volume_integral_relative_error_T": 0.0, "volume_integral_relative_error_C": 1.7493253541437927e-16, "metric_note": "Max/L2 compare old averages with conservatively back-projected new averages; T integral is not nonlinear enthalpy.", "method": "Exact annular-volume overlap in frozen xi coordinates; positive weights"}
2026-09-11 21:11:36,122 INFO START q1_1d_adaptive_nr160_nz1_dt0.25_m26b01dc00898_stagepart_030d129157f2_1 warmup 0.00s target 0.08h
2026-09-11 21:11:36,129 WARNING DT_LIMITED_BY_STABILITY {"case_id": "q1_1d_adaptive_nr160_nz1_dt0.25_m26b01dc00898_stagepart_030d129157f2_1", "requested_dt_s": 0.25, "accepted_dt_s": 0.010712196255035167, "simulated_time_s": 60.0, "grid": [160, 1]}
2026-09-11 21:11:37,386 INFO COMPUTED {"case_id": "q1_1d_adaptive_nr160_nz1_dt0.25_m26b01dc00898_stagepart_030d129157f2_1", "simulated_time_s": 300.0, "Cmax": 2.55, "wall_s": 1.2576343999971868, "peak_rss_bytes": 168820736, "drying_time_h": null}
2026-09-11 21:11:37,400 INFO MESH_STAGE_SWITCH {"case_id": "q1_1d_stage_schedule_default_dt0.25_s030d129157f2", "switch_time": 300.0, "old_mesh": [160, 1], "new_mesh": [80, 1], "projection_max_abs_T": 0.006920277235280992, "projection_max_abs_C": 0.017362169894121315, "projection_L2_T": 0.0038225362227141306, "projection_L2_C": 0.0050900444099037335, "volume_integral_T_before": 301.50937772864484, "volume_integral_T_after": 301.50937772864484, "volume_integral_C_before": 2.497532438169441, "volume_integral_C_after": 2.497532438169441, "volume_integral_relative_error_T": 0.0, "volume_integral_relative_error_C": 0.0, "metric_note": "Max/L2 compare old averages with conservatively back-projected new averages; T integral is not nonlinear enthalpy.", "method": "Exact annular-volume overlap in frozen xi coordinates; positive weights"}
2026-09-11 21:11:37,422 INFO START q1_1d_adaptive_nr80_nz1_dt0.25_m2fb9c46fbeef_stagepart_030d129157f2_2 warmup 0.00s target 0.33h
2026-09-11 21:11:37,425 WARNING DT_LIMITED_BY_STABILITY {"case_id": "q1_1d_adaptive_nr80_nz1_dt0.25_m2fb9c46fbeef_stagepart_030d129157f2_2", "requested_dt_s": 0.25, "accepted_dt_s": 0.046875, "simulated_time_s": 300.0, "grid": [80, 1]}
2026-09-11 21:11:38,158 INFO COMPUTED {"case_id": "q1_1d_adaptive_nr80_nz1_dt0.25_m2fb9c46fbeef_stagepart_030d129157f2_2", "simulated_time_s": 1200.0, "Cmax": 2.5499999760263043, "wall_s": 0.7303814999904716, "peak_rss_bytes": 173641728, "drying_time_h": null}
2026-09-11 21:11:38,173 INFO MESH_STAGE_SWITCH {"case_id": "q1_1d_stage_schedule_default_dt0.25_s030d129157f2", "switch_time": 1200.0, "old_mesh": [80, 1], "new_mesh": [40, 1], "projection_max_abs_T": 0.031216671585127642, "projection_max_abs_C": 0.030798301254391314, "projection_L2_T": 0.02331251997153631, "projection_L2_C": 0.012573574133790566, "volume_integral_T_before": 305.0989524127174, "volume_integral_T_after": 305.0989524127174, "volume_integral_C_before": 2.367968931999133, "volume_integral_C_after": 2.367968931999133, "volume_integral_relative_error_T": 0.0, "volume_integral_relative_error_C": 0.0, "metric_note": "Max/L2 compare old averages with conservatively back-projected new averages; T integral is not nonlinear enthalpy.", "method": "Exact annular-volume overlap in frozen xi coordinates; positive weights"}
2026-09-11 21:11:38,194 INFO START q1_1d_adaptive_nr40_nz1_dt0.25_mcecd4275aca0_stagepart_030d129157f2_3 warmup 0.00s target 0.50h
2026-09-11 21:11:38,359 INFO COMPUTED {"case_id": "q1_1d_adaptive_nr40_nz1_dt0.25_mcecd4275aca0_stagepart_030d129157f2_3", "simulated_time_s": 1800.0, "Cmax": 2.549991262232132, "wall_s": 0.15918539999984205, "peak_rss_bytes": 170151936, "drying_time_h": null}
2026-09-11 21:11:38,377 INFO STAGE_SCHEDULE_COMPLETED {"case_id": "q1_1d_stage_schedule_default_dt0.25_s030d129157f2", "drying_time_h": null, "stage_dt_statistics": [{"t_start": 0.0, "t_end": 60.0, "nr": 200, "nz": 1, "case_id": "q1_1d_adaptive_nr200_nz1_dt0.25_md2d30d0587fe_stagepart_030d129157f2_0", "fingerprint": "fc1b6b92af28ce55264472cd2672e02685bd5c14f04c75daa3408515281998f9", "mesh_profile_hash": "d2d30d0587febdc210a0e00d8e5187c1e07316481d30b824f5349ebe2e89554f", "actual_dt_min": 0.006880767643451691, "actual_dt_mean": 0.00819672131147541, "actual_dt_max": 0.013448161019613991, "requested_dt_max": 0.25, "stability_limited_count": 34260, "steps": 7320, "wall_s": 0.7625524000031874}, {"t_start": 60.0, "t_end": 300.0, "nr": 160, "nz": 1, "case_id": "q1_1d_adaptive_nr160_nz1_dt0.25_m26b01dc00898_stagepart_030d129157f2_1", "fingerprint": "02423ec24ce3820298f1d4776305bda24df76cf5aa4308bc7297e5b23fd9ad61", "mesh_profile_hash": "26b01dc0089856eaa32f6d68287688f2857015d88610fe7b0762801e14066cd9", "actual_dt_min": 0.010712196255035167, "actual_dt_mean": 0.015384615384615385, "actual_dt_max": 0.02121669240295887, "requested_dt_max": 0.25, "stability_limited_count": 57840, "steps": 15600, "wall_s": 1.2576343999971868}, {"t_start": 300.0, "t_end": 1200.0, "nr": 80, "nz": 1, "case_id": "q1_1d_adaptive_nr80_nz1_dt0.25_m2fb9c46fbeef_stagepart_030d129157f2_2", "fingerprint": "09e778164c163e4da1d44c52ad8d248ed9bfb7a80c825531d1145f96c28675ad", "mesh_profile_hash": "2fb9c46fbeef408dac08434286ee8d5646515efd2b69ab592690255bb7a7e7a4", "actual_dt_min": 0.046875, "actual_dt_mean": 0.0625, "actual_dt_max": 0.0703125, "requested_dt_max": 0.25, "stability_limited_count": 26100, "steps": 14400, "wall_s": 0.7303814999904716}, {"t_start": 1200.0, "t_end": 1800.0, "nr": 40, "nz": 1, "case_id": "q1_1d_adaptive_nr40_nz1_dt0.25_mcecd4275aca0_stagepart_030d129157f2_3", "fingerprint": "4a9ed585f791058ddcc15fceff14439fcf41586ea3717b224c07d5fef2f1b964", "mesh_profile_hash": "cecd4275aca095a95091243f77d37f47061c095c82e9e9233ab7119ae4a79c4d", "actual_dt_min": 0.25, "actual_dt_mean": 0.25, "actual_dt_max": 0.25, "requested_dt_max": 0.25, "stability_limited_count": 0, "steps": 2400, "wall_s": 0.15918539999984205}], "transfers": [{"switch_time": 60.0, "old_mesh": [200, 1], "new_mesh": [160, 1], "projection_max_abs_T": 0.0004917666497021855, "projection_max_abs_C": 0.005723191294542129, "projection_L2_T": 0.0001303150401063507, "projection_L2_C": 0.0008396982150371568, "volume_integral_T_before": 301.16628120866227, "volume_integral_T_after": 301.16628120866227, "volume_integral_C_before": 2.5386313003359064, "volume_integral_C_after": 2.538631300335907, "volume_integral_relative_error_T": 0.0, "volume_integral_relative_error_C": 1.7493253541437927e-16, "metric_note": "Max/L2 compare old averages with conservatively back-projected new averages; T integral is not nonlinear enthalpy.", "method": "Exact annular-volume overlap in frozen xi coordinates; positive weights"}, {"switch_time": 300.0, "old_mesh": [160, 1], "new_mesh": [80, 1], "projection_max_abs_T": 0.006920277235280992, "projection_max_abs_C": 0.017362169894121315, "projection_L2_T": 0.0038225362227141306, "projection_L2_C": 0.0050900444099037335, "volume_integral_T_before": 301.50937772864484, "volume_integral_T_after": 301.50937772864484, "volume_integral_C_before": 2.497532438169441, "volume_integral_C_after": 2.497532438169441, "volume_integral_relative_error_T": 0.0, "volume_integral_relative_error_C": 0.0, "metric_note": "Max/L2 compare old averages with conservatively back-projected new averages; T integral is not nonlinear enthalpy.", "method": "Exact annular-volume overlap in frozen xi coordinates; positive weights"}, {"switch_time": 1200.0, "old_mesh": [80, 1], "new_mesh": [40, 1], "projection_max_abs_T": 0.031216671585127642, "projection_max_abs_C": 0.030798301254391314, "projection_L2_T": 0.02331251997153631, "projection_L2_C": 0.012573574133790566, "volume_integral_T_before": 305.0989524127174, "volume_integral_T_after": 305.0989524127174, "volume_integral_C_before": 2.367968931999133, "volume_integral_C_after": 2.367968931999133, "volume_integral_relative_error_T": 0.0, "volume_integral_relative_error_C": 0.0, "metric_note": "Max/L2 compare old averages with conservatively back-projected new averages; T integral is not nonlinear enthalpy.", "method": "Exact annular-volume overlap in frozen xi coordinates; positive weights"}]}
2026-09-11 21:11:54,515 WARNING STAGE_COARSENING_TOO_AGGRESSIVE {"case_id": "q1_1d_stage_schedule_default_dt0.25_s030d129157f2", "failure_reasons": ["STAGE_COARSENING_TOO_AGGRESSIVE: projection lost variation reaches strict tolerance"], "official_temperature": {"value": 0.0008857930389467583, "time_s": 1242.375, "r_m": 0.005, "z_m": 0.0, "coarse_value": 304.05762969931806, "fine_value": 304.0567439062791, "signed_difference": -0.0008857930389467583}, "official_moisture": {"value": 0.0040692294551982755, "time_s": 0.0078125, "r_m": 0.02, "z_m": 0.0, "coarse_value": 2.5332400424133454, "fine_value": 2.529170812958147, "signed_difference": -0.0040692294551982755}, "event_relative_difference": null}
2026-09-11 21:11:54,559 INFO START q1_1d_adaptive_nr200_nz1_dt0.25_md2d30d0587fe_stagepart_f333b4df7245_0 warmup 0.00s target 0.02h
2026-09-11 21:11:54,574 WARNING DT_LIMITED_BY_STABILITY {"case_id": "q1_1d_adaptive_nr200_nz1_dt0.25_md2d30d0587fe_stagepart_f333b4df7245_0", "requested_dt_s": 0.25, "accepted_dt_s": 0.006880767643451691, "simulated_time_s": 0.0, "grid": [200, 1]}
2026-09-11 21:11:55,258 INFO COMPUTED {"case_id": "q1_1d_adaptive_nr200_nz1_dt0.25_md2d30d0587fe_stagepart_f333b4df7245_0", "simulated_time_s": 60.0, "Cmax": 2.55, "wall_s": 0.6928044999949634, "peak_rss_bytes": 173715456, "drying_time_h": null}
2026-09-11 21:11:55,274 INFO MESH_STAGE_SWITCH {"case_id": "q1_1d_stage_schedule_conservative_dt0.25_sf333b4df7245", "switch_time": 60.0, "old_mesh": [200, 1], "new_mesh": [160, 1], "projection_max_abs_T": 0.0004917666497021855, "projection_max_abs_C": 0.005723191294542129, "projection_L2_T": 0.0001303150401063507, "projection_L2_C": 0.0008396982150371568, "volume_integral_T_before": 301.16628120866227, "volume_integral_T_after": 301.16628120866227, "volume_integral_C_before": 2.5386313003359064, "volume_integral_C_after": 2.538631300335907, "volume_integral_relative_error_T": 0.0, "volume_integral_relative_error_C": 1.7493253541437927e-16, "metric_note": "Max/L2 compare old averages with conservatively back-projected new averages; T integral is not nonlinear enthalpy.", "method": "Exact annular-volume overlap in frozen xi coordinates; positive weights"}
2026-09-11 21:11:55,292 INFO START q1_1d_adaptive_nr160_nz1_dt0.25_m26b01dc00898_stagepart_f333b4df7245_1 warmup 0.00s target 0.08h
2026-09-11 21:11:55,297 WARNING DT_LIMITED_BY_STABILITY {"case_id": "q1_1d_adaptive_nr160_nz1_dt0.25_m26b01dc00898_stagepart_f333b4df7245_1", "requested_dt_s": 0.25, "accepted_dt_s": 0.010712196255035167, "simulated_time_s": 60.0, "grid": [160, 1]}
2026-09-11 21:11:56,483 INFO COMPUTED {"case_id": "q1_1d_adaptive_nr160_nz1_dt0.25_m26b01dc00898_stagepart_f333b4df7245_1", "simulated_time_s": 300.0, "Cmax": 2.55, "wall_s": 1.1836214999930235, "peak_rss_bytes": 175243264, "drying_time_h": null}
2026-09-11 21:11:56,498 INFO MESH_STAGE_SWITCH {"case_id": "q1_1d_stage_schedule_conservative_dt0.25_sf333b4df7245", "switch_time": 300.0, "old_mesh": [160, 1], "new_mesh": [80, 1], "projection_max_abs_T": 0.006920277235280992, "projection_max_abs_C": 0.017362169894121315, "projection_L2_T": 0.0038225362227141306, "projection_L2_C": 0.0050900444099037335, "volume_integral_T_before": 301.50937772864484, "volume_integral_T_after": 301.50937772864484, "volume_integral_C_before": 2.497532438169441, "volume_integral_C_after": 2.497532438169441, "volume_integral_relative_error_T": 0.0, "volume_integral_relative_error_C": 0.0, "metric_note": "Max/L2 compare old averages with conservatively back-projected new averages; T integral is not nonlinear enthalpy.", "method": "Exact annular-volume overlap in frozen xi coordinates; positive weights"}
2026-09-11 21:11:56,519 INFO START q1_1d_adaptive_nr80_nz1_dt0.25_m2fb9c46fbeef_stagepart_f333b4df7245_2 warmup 0.00s target 0.50h
2026-09-11 21:11:56,522 WARNING DT_LIMITED_BY_STABILITY {"case_id": "q1_1d_adaptive_nr80_nz1_dt0.25_m2fb9c46fbeef_stagepart_f333b4df7245_2", "requested_dt_s": 0.25, "accepted_dt_s": 0.046875, "simulated_time_s": 300.0, "grid": [80, 1]}
2026-09-11 21:11:57,638 INFO COMPUTED {"case_id": "q1_1d_adaptive_nr80_nz1_dt0.25_m2fb9c46fbeef_stagepart_f333b4df7245_2", "simulated_time_s": 1800.0, "Cmax": 2.549991910205448, "wall_s": 1.1118803999997908, "peak_rss_bytes": 185372672, "drying_time_h": null}
2026-09-11 21:11:57,658 INFO STAGE_SCHEDULE_COMPLETED {"case_id": "q1_1d_stage_schedule_conservative_dt0.25_sf333b4df7245", "drying_time_h": null, "stage_dt_statistics": [{"t_start": 0.0, "t_end": 60.0, "nr": 200, "nz": 1, "case_id": "q1_1d_adaptive_nr200_nz1_dt0.25_md2d30d0587fe_stagepart_f333b4df7245_0", "fingerprint": "fc1b6b92af28ce55264472cd2672e02685bd5c14f04c75daa3408515281998f9", "mesh_profile_hash": "d2d30d0587febdc210a0e00d8e5187c1e07316481d30b824f5349ebe2e89554f", "actual_dt_min": 0.006880767643451691, "actual_dt_mean": 0.00819672131147541, "actual_dt_max": 0.013448161019613991, "requested_dt_max": 0.25, "stability_limited_count": 34260, "steps": 7320, "wall_s": 0.6928044999949634}, {"t_start": 60.0, "t_end": 300.0, "nr": 160, "nz": 1, "case_id": "q1_1d_adaptive_nr160_nz1_dt0.25_m26b01dc00898_stagepart_f333b4df7245_1", "fingerprint": "02423ec24ce3820298f1d4776305bda24df76cf5aa4308bc7297e5b23fd9ad61", "mesh_profile_hash": "26b01dc0089856eaa32f6d68287688f2857015d88610fe7b0762801e14066cd9", "actual_dt_min": 0.010712196255035167, "actual_dt_mean": 0.015384615384615385, "actual_dt_max": 0.02121669240295887, "requested_dt_max": 0.25, "stability_limited_count": 57840, "steps": 15600, "wall_s": 1.1836214999930235}, {"t_start": 300.0, "t_end": 1800.0, "nr": 80, "nz": 1, "case_id": "q1_1d_adaptive_nr80_nz1_dt0.25_m2fb9c46fbeef_stagepart_f333b4df7245_2", "fingerprint": "987b24213f6711684e134ba296042e382a02089d7d399fcdfc537fc1bfd390f0", "mesh_profile_hash": "2fb9c46fbeef408dac08434286ee8d5646515efd2b69ab592690255bb7a7e7a4", "actual_dt_min": 0.046875, "actual_dt_mean": 0.0625, "actual_dt_max": 0.0703125, "requested_dt_max": 0.25, "stability_limited_count": 43500, "steps": 24000, "wall_s": 1.1118803999997908}], "transfers": [{"switch_time": 60.0, "old_mesh": [200, 1], "new_mesh": [160, 1], "projection_max_abs_T": 0.0004917666497021855, "projection_max_abs_C": 0.005723191294542129, "projection_L2_T": 0.0001303150401063507, "projection_L2_C": 0.0008396982150371568, "volume_integral_T_before": 301.16628120866227, "volume_integral_T_after": 301.16628120866227, "volume_integral_C_before": 2.5386313003359064, "volume_integral_C_after": 2.538631300335907, "volume_integral_relative_error_T": 0.0, "volume_integral_relative_error_C": 1.7493253541437927e-16, "metric_note": "Max/L2 compare old averages with conservatively back-projected new averages; T integral is not nonlinear enthalpy.", "method": "Exact annular-volume overlap in frozen xi coordinates; positive weights"}, {"switch_time": 300.0, "old_mesh": [160, 1], "new_mesh": [80, 1], "projection_max_abs_T": 0.006920277235280992, "projection_max_abs_C": 0.017362169894121315, "projection_L2_T": 0.0038225362227141306, "projection_L2_C": 0.0050900444099037335, "volume_integral_T_before": 301.50937772864484, "volume_integral_T_after": 301.50937772864484, "volume_integral_C_before": 2.497532438169441, "volume_integral_C_after": 2.497532438169441, "volume_integral_relative_error_T": 0.0, "volume_integral_relative_error_C": 0.0, "metric_note": "Max/L2 compare old averages with conservatively back-projected new averages; T integral is not nonlinear enthalpy.", "method": "Exact annular-volume overlap in frozen xi coordinates; positive weights"}]}
2026-09-11 21:12:14,929 WARNING STAGE_COARSENING_TOO_AGGRESSIVE {"case_id": "q1_1d_stage_schedule_conservative_dt0.25_sf333b4df7245", "failure_reasons": ["STAGE_COARSENING_TOO_AGGRESSIVE: projection lost variation reaches strict tolerance"], "official_temperature": {"value": 0.00017918514606662939, "time_s": 60.0, "r_m": 0.02, "z_m": 0.0, "coarse_value": 301.2301290130522, "fine_value": 301.23030819819826, "signed_difference": 0.00017918514606662939}, "official_moisture": {"value": 0.0040692294551982755, "time_s": 0.0078125, "r_m": 0.02, "z_m": 0.0, "coarse_value": 2.5332400424133454, "fine_value": 2.529170812958147, "signed_difference": -0.0040692294551982755}, "event_relative_difference": null}
2026-09-11 21:12:15,022 INFO START q1_1d_adaptive_nr200_nz1_dt0.125_md2d30d0587fe_stagepart_bdea1b9b6ee8_0 warmup 0.00s target 0.02h
2026-09-11 21:12:15,752 INFO COMPUTED {"case_id": "q1_1d_adaptive_nr200_nz1_dt0.125_md2d30d0587fe_stagepart_bdea1b9b6ee8_0", "simulated_time_s": 60.0, "Cmax": 2.55, "wall_s": 0.7237575000035577, "peak_rss_bytes": 174477312, "drying_time_h": null}
2026-09-11 21:12:15,766 INFO MESH_STAGE_SWITCH {"case_id": "q1_1d_stage_schedule_half_steps_dt0.125_sbdea1b9b6ee8", "switch_time": 60.0, "old_mesh": [200, 1], "new_mesh": [160, 1], "projection_max_abs_T": 0.000491766649759029, "projection_max_abs_C": 0.005723191294542129, "projection_L2_T": 0.0001303150401086094, "projection_L2_C": 0.000839698215037179, "volume_integral_T_before": 301.16628120866505, "volume_integral_T_after": 301.16628120866505, "volume_integral_C_before": 2.5386313003359087, "volume_integral_C_after": 2.5386313003359087, "volume_integral_relative_error_T": 0.0, "volume_integral_relative_error_C": 0.0, "metric_note": "Max/L2 compare old averages with conservatively back-projected new averages; T integral is not nonlinear enthalpy.", "method": "Exact annular-volume overlap in frozen xi coordinates; positive weights"}
2026-09-11 21:12:15,794 INFO START q1_1d_adaptive_nr160_nz1_dt0.125_m26b01dc00898_stagepart_bdea1b9b6ee8_1 warmup 0.00s target 0.08h
2026-09-11 21:12:17,302 INFO COMPUTED {"case_id": "q1_1d_adaptive_nr160_nz1_dt0.125_m26b01dc00898_stagepart_bdea1b9b6ee8_1", "simulated_time_s": 300.0, "Cmax": 2.55, "wall_s": 1.5014714999997523, "peak_rss_bytes": 175087616, "drying_time_h": null}
2026-09-11 21:12:17,320 INFO MESH_STAGE_SWITCH {"case_id": "q1_1d_stage_schedule_half_steps_dt0.125_sbdea1b9b6ee8", "switch_time": 300.0, "old_mesh": [160, 1], "new_mesh": [80, 1], "projection_max_abs_T": 0.006920277235224148, "projection_max_abs_C": 0.017362169894119983, "projection_L2_T": 0.0038225362227176135, "projection_L2_C": 0.005090044409903725, "volume_integral_T_before": 301.5093777286495, "volume_integral_T_after": 301.5093777286495, "volume_integral_C_before": 2.497532438169437, "volume_integral_C_after": 2.4975324381694373, "volume_integral_relative_error_T": 0.0, "volume_integral_relative_error_C": 1.7781118798022788e-16, "metric_note": "Max/L2 compare old averages with conservatively back-projected new averages; T integral is not nonlinear enthalpy.", "method": "Exact annular-volume overlap in frozen xi coordinates; positive weights"}
2026-09-11 21:12:17,351 INFO START q1_1d_adaptive_nr80_nz1_dt0.125_m2fb9c46fbeef_stagepart_bdea1b9b6ee8_2 warmup 0.00s target 0.50h
2026-09-11 21:12:19,009 INFO COMPUTED {"case_id": "q1_1d_adaptive_nr80_nz1_dt0.125_m2fb9c46fbeef_stagepart_bdea1b9b6ee8_2", "simulated_time_s": 1800.0, "Cmax": 2.5499919102054216, "wall_s": 1.6520480000035604, "peak_rss_bytes": 192483328, "drying_time_h": null}
2026-09-11 21:12:19,032 INFO STAGE_SCHEDULE_COMPLETED {"case_id": "q1_1d_stage_schedule_half_steps_dt0.125_sbdea1b9b6ee8", "drying_time_h": null, "stage_dt_statistics": [{"t_start": 0.0, "t_end": 60.0, "nr": 200, "nz": 1, "case_id": "q1_1d_adaptive_nr200_nz1_dt0.125_md2d30d0587fe_stagepart_bdea1b9b6ee8_0", "fingerprint": "fa0b31f7ab3869c8607f29e5216805f9d28543c2ceef0b4fef6cee3077aaa4ae", "mesh_profile_hash": "d2d30d0587febdc210a0e00d8e5187c1e07316481d30b824f5349ebe2e89554f", "actual_dt_min": 0.0034403838217258453, "actual_dt_mean": 0.004098360655737705, "actual_dt_max": 0.006724080509808772, "requested_dt_max": 0.125, "stability_limited_count": 0, "steps": 14640, "wall_s": 0.7237575000035577}, {"t_start": 60.0, "t_end": 300.0, "nr": 160, "nz": 1, "case_id": "q1_1d_adaptive_nr160_nz1_dt0.125_m26b01dc00898_stagepart_bdea1b9b6ee8_1", "fingerprint": "03d7c921b7bcd1515429d8fdf353af60d9f07bfa51233f4a6d471410398e5966", "mesh_profile_hash": "26b01dc0089856eaa32f6d68287688f2857015d88610fe7b0762801e14066cd9", "actual_dt_min": 0.005356098127492714, "actual_dt_mean": 0.007692307692307693, "actual_dt_max": 0.010608346201479435, "requested_dt_max": 0.125, "stability_limited_count": 0, "steps": 31200, "wall_s": 1.5014714999997523}, {"t_start": 300.0, "t_end": 1800.0, "nr": 80, "nz": 1, "case_id": "q1_1d_adaptive_nr80_nz1_dt0.125_m2fb9c46fbeef_stagepart_bdea1b9b6ee8_2", "fingerprint": "69c8d638aefa2e0742fef6b92da2f2d584639b09462f404975e056a57c916d8f", "mesh_profile_hash": "2fb9c46fbeef408dac08434286ee8d5646515efd2b69ab592690255bb7a7e7a4", "actual_dt_min": 0.0234375, "actual_dt_mean": 0.03125, "actual_dt_max": 0.03515625, "requested_dt_max": 0.125, "stability_limited_count": 0, "steps": 48000, "wall_s": 1.6520480000035604}], "transfers": [{"switch_time": 60.0, "old_mesh": [200, 1], "new_mesh": [160, 1], "projection_max_abs_T": 0.000491766649759029, "projection_max_abs_C": 0.005723191294542129, "projection_L2_T": 0.0001303150401086094, "projection_L2_C": 0.000839698215037179, "volume_integral_T_before": 301.16628120866505, "volume_integral_T_after": 301.16628120866505, "volume_integral_C_before": 2.5386313003359087, "volume_integral_C_after": 2.5386313003359087, "volume_integral_relative_error_T": 0.0, "volume_integral_relative_error_C": 0.0, "metric_note": "Max/L2 compare old averages with conservatively back-projected new averages; T integral is not nonlinear enthalpy.", "method": "Exact annular-volume overlap in frozen xi coordinates; positive weights"}, {"switch_time": 300.0, "old_mesh": [160, 1], "new_mesh": [80, 1], "projection_max_abs_T": 0.006920277235224148, "projection_max_abs_C": 0.017362169894119983, "projection_L2_T": 0.0038225362227176135, "projection_L2_C": 0.005090044409903725, "volume_integral_T_before": 301.5093777286495, "volume_integral_T_after": 301.5093777286495, "volume_integral_C_before": 2.497532438169437, "volume_integral_C_after": 2.4975324381694373, "volume_integral_relative_error_T": 0.0, "volume_integral_relative_error_C": 1.7781118798022788e-16, "metric_note": "Max/L2 compare old averages with conservatively back-projected new averages; T integral is not nonlinear enthalpy.", "method": "Exact annular-volume overlap in frozen xi coordinates; positive weights"}]}
2026-09-11 21:16:59,296 INFO START q23_1d_adaptive_nr200_nz1_dt0.25_m1ccbfdc27056_early_reference_t300 warmup 0.21s target 0.08h
2026-09-11 21:16:59,302 WARNING DT_LIMITED_BY_STABILITY {"case_id": "q23_1d_adaptive_nr200_nz1_dt0.25_m1ccbfdc27056_early_reference_t300", "requested_dt_s": 0.25, "accepted_dt_s": 0.009415016239777807, "simulated_time_s": 0.0, "grid": [200, 1]}
2026-09-11 21:17:01,025 INFO PARTIAL_TIME_RANGE {"case_id": "q23_1d_adaptive_nr200_nz1_dt0.25_m1ccbfdc27056_early_reference_t300", "simulated_time_s": 300.0, "Cmax": 2.55, "wall_s": 1.722886399991694, "peak_rss_bytes": 153194496, "drying_time_h": null}
2026-09-11 21:17:01,042 INFO START q23_1d_adaptive_nr400_nz1_dt0.25_m2daefaf124e5_early_reference_t300 warmup 0.00s target 0.08h
2026-09-11 21:17:01,090 WARNING DT_LIMITED_BY_STABILITY {"case_id": "q23_1d_adaptive_nr400_nz1_dt0.25_m2daefaf124e5_early_reference_t300", "requested_dt_s": 0.25, "accepted_dt_s": 0.002323052502172034, "simulated_time_s": 0.0, "grid": [400, 1]}
2026-09-11 21:17:17,912 INFO PARTIAL_TIME_RANGE {"case_id": "q23_1d_adaptive_nr400_nz1_dt0.25_m2daefaf124e5_early_reference_t300", "simulated_time_s": 300.0, "Cmax": 2.55, "wall_s": 16.864821099996334, "peak_rss_bytes": 155922432, "drying_time_h": null}
2026-09-11 21:17:36,232 INFO START q4_1d_adaptive_nr200_nz1_dt0.25_m60a8c7b6b2c2_early_reference_t600 warmup 0.00s target 0.17h
2026-09-11 21:17:36,404 WARNING DT_LIMITED_BY_STABILITY {"case_id": "q4_1d_adaptive_nr200_nz1_dt0.25_m60a8c7b6b2c2_early_reference_t600", "requested_dt_s": 0.25, "accepted_dt_s": 0.020607948303222656, "simulated_time_s": 0.0, "grid": [200, 1]}
2026-09-11 21:17:37,964 INFO PARTIAL_TIME_RANGE {"case_id": "q4_1d_adaptive_nr200_nz1_dt0.25_m60a8c7b6b2c2_early_reference_t600", "simulated_time_s": 600.0, "Cmax": 2.55, "wall_s": 1.7254080999991857, "peak_rss_bytes": 163758080, "drying_time_h": null}
2026-09-11 21:17:37,983 INFO START q4_1d_adaptive_nr400_nz1_dt0.25_m30266bb16d2d_early_reference_t600 warmup 0.00s target 0.17h
2026-09-11 21:17:39,639 WARNING DT_LIMITED_BY_STABILITY {"case_id": "q4_1d_adaptive_nr400_nz1_dt0.25_m30266bb16d2d_early_reference_t600", "requested_dt_s": 0.25, "accepted_dt_s": 0.004852502447032947, "simulated_time_s": 0.0, "grid": [400, 1]}
2026-09-11 21:17:53,174 INFO PARTIAL_TIME_RANGE {"case_id": "q4_1d_adaptive_nr400_nz1_dt0.25_m30266bb16d2d_early_reference_t600", "simulated_time_s": 600.0, "Cmax": 2.55, "wall_s": 15.184589099997538, "peak_rss_bytes": 162435072, "drying_time_h": null}
2026-09-11 21:22:27,202 INFO CACHE_REUSED q4_1d_adaptive_nr40_nz1_dt0.25_ma085877c28ed
2026-09-11 21:22:27,202 INFO CACHE_REUSED {"case_id": "q4_1d_adaptive_nr40_nz1_dt0.25_ma085877c28ed"}
2026-09-11 21:22:27,215 INFO CACHE_REUSED q4_1d_adaptive_nr80_nz1_dt0.25_md66ccc838cbe
2026-09-11 21:22:27,215 INFO CACHE_REUSED {"case_id": "q4_1d_adaptive_nr80_nz1_dt0.25_md66ccc838cbe"}
2026-09-11 21:22:27,226 INFO CACHE_REUSED q4_1d_adaptive_nr160_nz1_dt0.25_m1d7a05f7e44b
2026-09-11 21:22:27,227 INFO CACHE_REUSED {"case_id": "q4_1d_adaptive_nr160_nz1_dt0.25_m1d7a05f7e44b"}
2026-09-11 21:29:20,654 INFO CACHE_REUSED q23_1d_adaptive_nr400_nz1_dt0.25_m2daefaf124e5_early_reference_t300
2026-09-11 21:29:20,656 INFO CACHE_REUSED {"case_id": "q23_1d_adaptive_nr400_nz1_dt0.25_m2daefaf124e5_early_reference_t300"}
2026-09-11 21:29:37,286 WARNING SPATIAL_CONVERGENCE_FAILED {"case_id": "q23_1d_adaptive_nr160_nz1_dt0.25_m94a220bc5006", "failure_reasons": ["OFFICIAL_C_EXCEEDS_TOLERANCE"]}
2026-09-11 21:29:37,301 INFO CACHE_REUSED q23_1d_adaptive_nr160_nz1_dt0.125_m94a220bc5006_half_steps
2026-09-11 21:29:37,302 INFO CACHE_REUSED {"case_id": "q23_1d_adaptive_nr160_nz1_dt0.125_m94a220bc5006_half_steps"}
2026-09-11 21:30:10,489 INFO CACHE_REUSED q23_1d_adaptive_nr160_nz1_dt0.25_m94a220bc5006
2026-09-11 21:30:10,490 INFO CACHE_REUSED {"case_id": "q23_1d_adaptive_nr160_nz1_dt0.25_m94a220bc5006"}
2026-09-11 21:30:10,592 INFO START q23_1d_adaptive_nr200_nz1_dt0.25_m1ccbfdc27056_stagepart_b9b049c66d4c_0 warmup 0.05s target 0.08h
2026-09-11 21:30:10,599 WARNING DT_LIMITED_BY_STABILITY {"case_id": "q23_1d_adaptive_nr200_nz1_dt0.25_m1ccbfdc27056_stagepart_b9b049c66d4c_0", "requested_dt_s": 0.25, "accepted_dt_s": 0.009415016239777807, "simulated_time_s": 0.0, "grid": [200, 1]}
2026-09-11 21:30:12,547 INFO PARTIAL_TIME_RANGE {"case_id": "q23_1d_adaptive_nr200_nz1_dt0.25_m1ccbfdc27056_stagepart_b9b049c66d4c_0", "simulated_time_s": 300.0, "Cmax": 2.55, "wall_s": 1.9511670999927446, "peak_rss_bytes": 177602560, "drying_time_h": null}
2026-09-11 21:30:12,564 INFO MESH_STAGE_SWITCH {"case_id": "q23_1d_stage_schedule_default_dt0.25_sb9b049c66d4c", "switch_time": 300.0, "old_mesh": [200, 1], "new_mesh": [160, 1], "projection_max_abs_T": 0.002037047401699965, "projection_max_abs_C": 0.005053813629674053, "projection_L2_T": 0.0007787382046086465, "projection_L2_C": 0.0011525505706542654, "volume_integral_T_before": 301.40317075843154, "volume_integral_T_after": 301.40317075843154, "volume_integral_C_before": 2.4969748187589573, "volume_integral_C_after": 2.496974818758957, "volume_integral_relative_error_T": 0.0, "volume_integral_relative_error_C": 1.7785089641824387e-16, "metric_note": "Max/L2 compare old averages with conservatively back-projected new averages; T integral is not nonlinear enthalpy.", "method": "Exact annular-volume overlap in frozen xi coordinates; positive weights"}
2026-09-11 21:30:12,585 INFO START q23_1d_adaptive_nr160_nz1_dt0.25_m94a220bc5006_stagepart_b9b049c66d4c_1 warmup 0.00s target 0.50h
2026-09-11 21:30:12,592 WARNING DT_LIMITED_BY_STABILITY {"case_id": "q23_1d_adaptive_nr160_nz1_dt0.25_m94a220bc5006_stagepart_b9b049c66d4c_1", "requested_dt_s": 0.25, "accepted_dt_s": 0.014087464660406113, "simulated_time_s": 300.0, "grid": [160, 1]}
2026-09-11 21:30:19,221 INFO PARTIAL_TIME_RANGE {"case_id": "q23_1d_adaptive_nr160_nz1_dt0.25_m94a220bc5006_stagepart_b9b049c66d4c_1", "simulated_time_s": 1800.0, "Cmax": 2.5499334793260715, "wall_s": 6.63197920001403, "peak_rss_bytes": 189718528, "drying_time_h": null}
2026-09-11 21:30:19,238 INFO MESH_STAGE_SWITCH {"case_id": "q23_1d_stage_schedule_default_dt0.25_sb9b049c66d4c", "switch_time": 1800.0, "old_mesh": [160, 1], "new_mesh": [80, 1], "projection_max_abs_T": 0.01883647684473999, "projection_max_abs_C": 0.010175691850589974, "projection_L2_T": 0.014010221112608743, "projection_L2_C": 0.005762725734055009, "volume_integral_T_before": 306.92322749905736, "volume_integral_T_after": 306.9232274990573, "volume_integral_C_before": 2.282649384478865, "volume_integral_C_after": 2.2826493844788653, "volume_integral_relative_error_T": 1.8520403074082295e-16, "volume_integral_relative_error_C": 1.9454990015974327e-16, "metric_note": "Max/L2 compare old averages with conservatively back-projected new averages; T integral is not nonlinear enthalpy.", "method": "Exact annular-volume overlap in frozen xi coordinates; positive weights"}
2026-09-11 21:30:19,255 INFO START q23_1d_adaptive_nr80_nz1_dt0.25_m56c5bf06eb27_stagepart_b9b049c66d4c_2 warmup 0.00s target 6.00h
2026-09-11 21:30:19,256 WARNING DT_LIMITED_BY_STABILITY {"case_id": "q23_1d_adaptive_nr80_nz1_dt0.25_m56c5bf06eb27_stagepart_b9b049c66d4c_2", "requested_dt_s": 0.25, "accepted_dt_s": 0.0625, "simulated_time_s": 1800.0, "grid": [80, 1]}
2026-09-11 21:30:29,680 INFO PARTIAL_TIME_RANGE {"case_id": "q23_1d_adaptive_nr80_nz1_dt0.25_m56c5bf06eb27_stagepart_b9b049c66d4c_2", "simulated_time_s": 21600.0, "Cmax": 1.0169994669994695, "wall_s": 10.420725900010439, "peak_rss_bytes": 205316096, "drying_time_h": null}
2026-09-11 21:30:29,693 INFO MESH_STAGE_SWITCH {"case_id": "q23_1d_stage_schedule_default_dt0.25_sb9b049c66d4c", "switch_time": 21600.0, "old_mesh": [80, 1], "new_mesh": [40, 1], "projection_max_abs_T": 7.280442559931544e-08, "projection_max_abs_C": 0.00610070594837131, "projection_L2_T": 5.868774515120548e-08, "projection_L2_C": 0.004248961675999157, "volume_integral_T_before": 323.1489221717682, "volume_integral_T_after": 323.1489221717682, "volume_integral_C_before": 0.7817406894601749, "volume_integral_C_after": 0.7817406894601749, "volume_integral_relative_error_T": 0.0, "volume_integral_relative_error_C": 0.0, "metric_note": "Max/L2 compare old averages with conservatively back-projected new averages; T integral is not nonlinear enthalpy.", "method": "Exact annular-volume overlap in frozen xi coordinates; positive weights"}
2026-09-11 21:30:29,717 INFO START q23_1d_adaptive_nr40_nz1_dt0.25_mf63f9f413ef6_stagepart_b9b049c66d4c_3 warmup 0.00s target 72.00h
2026-09-11 21:30:41,424 INFO DRYING_EVENT_LOCATED {"case_id": "q23_1d_adaptive_nr40_nz1_dt0.25_mf63f9f413ef6_stagepart_b9b049c66d4c_3", "left_s": 208278.125, "right_s": 208278.1875, "width_s": 0.0625, "raw_event_s": 208278.1875, "report_s": 208278.36, "report_h": 57.85509999999999, "left_max_C": 0.1500000030699574, "right_max_C": 0.149999985105733, "report_max_C": 0.14999993552452673}
2026-09-11 21:30:44,787 INFO DRY {"case_id": "q23_1d_adaptive_nr40_nz1_dt0.25_mf63f9f413ef6_stagepart_b9b049c66d4c_3", "simulated_time_s": 259200.0, "Cmax": 0.13807358495991595, "wall_s": 15.060682199997245, "peak_rss_bytes": 173195264, "drying_time_h": 57.85509999999999}
2026-09-11 21:30:44,813 INFO STAGE_SCHEDULE_COMPLETED {"case_id": "q23_1d_stage_schedule_default_dt0.25_sb9b049c66d4c", "drying_time_h": 57.85509999999999, "stage_dt_statistics": [{"t_start": 0.0, "t_end": 300.0, "nr": 200, "nz": 1, "case_id": "q23_1d_adaptive_nr200_nz1_dt0.25_m1ccbfdc27056_stagepart_b9b049c66d4c_0", "fingerprint": "2131b7930b1b58cb55981a0aa8b34d1aa5d4f1892431f799601e2bebfa0c979a", "mesh_profile_hash": "1ccbfdc27056e443fd5ff4d1b25280e1d8aaaf16f0f442ceed6f796a0a2d3979", "actual_dt_min": 0.008966682133120685, "actual_dt_mean": 0.014925373134328358, "actual_dt_max": 0.01864748355728807, "requested_dt_max": 0.25, "stability_limited_count": 75089, "steps": 20100, "wall_s": 1.9511670999927446}, {"t_start": 300.0, "t_end": 1800.0, "nr": 160, "nz": 1, "case_id": "q23_1d_adaptive_nr160_nz1_dt0.25_m94a220bc5006_stagepart_b9b049c66d4c_1", "fingerprint": "148b50f4cbd7d36b9e24c29183d53b9a46c62ce13d15206e64c3e183cfb352b0", "mesh_profile_hash": "94a220bc50061d36a574ee73b40c366ffe6b5d5c2cd922a512ddbca7425d837e", "actual_dt_min": 0.01320699811913073, "actual_dt_mean": 0.016408865162885335, "actual_dt_max": 0.027734696050174534, "requested_dt_max": 0.25, "stability_limited_count": 338986, "steps": 91414, "wall_s": 6.63197920001403}, {"t_start": 1800.0, "t_end": 21600.0, "nr": 80, "nz": 1, "case_id": "q23_1d_adaptive_nr80_nz1_dt0.25_m56c5bf06eb27_stagepart_b9b049c66d4c_2", "fingerprint": "c1045f69d65948dc0c00efc3080874c86b0ae593e7a7f56c020848d66c9b07d5", "mesh_profile_hash": "56c5bf06eb27fcc5e1e267860ad5746318f2c3928af5fec3d79c9ca13589bb9a", "actual_dt_min": 0.046875, "actual_dt_mean": 0.06434044544385159, "actual_dt_max": 0.09375, "requested_dt_max": 0.25, "stability_limited_count": 587936, "steps": 307738, "wall_s": 10.420725900010439}, {"t_start": 21600.0, "t_end": 259200.0, "nr": 40, "nz": 1, "case_id": "q23_1d_adaptive_nr40_nz1_dt0.25_mf63f9f413ef6_stagepart_b9b049c66d4c_3", "fingerprint": "4f08498739344fbbc33e649b53e6d126a16502bc5aaaaad00326dfc8b1e7867a", "mesh_profile_hash": "f63f9f413ef6e0c1d3f216375f4dff2d9ce92adffd5c5c6754ccbc668e8886f2", "actual_dt_min": 0.25, "actual_dt_mean": 0.25, "actual_dt_max": 0.25, "requested_dt_max": 0.25, "stability_limited_count": 0, "steps": 950400, "wall_s": 15.060682199997245}], "transfers": [{"switch_time": 300.0, "old_mesh": [200, 1], "new_mesh": [160, 1], "projection_max_abs_T": 0.002037047401699965, "projection_max_abs_C": 0.005053813629674053, "projection_L2_T": 0.0007787382046086465, "projection_L2_C": 0.0011525505706542654, "volume_integral_T_before": 301.40317075843154, "volume_integral_T_after": 301.40317075843154, "volume_integral_C_before": 2.4969748187589573, "volume_integral_C_after": 2.496974818758957, "volume_integral_relative_error_T": 0.0, "volume_integral_relative_error_C": 1.7785089641824387e-16, "metric_note": "Max/L2 compare old averages with conservatively back-projected new averages; T integral is not nonlinear enthalpy.", "method": "Exact annular-volume overlap in frozen xi coordinates; positive weights"}, {"switch_time": 1800.0, "old_mesh": [160, 1], "new_mesh": [80, 1], "projection_max_abs_T": 0.01883647684473999, "projection_max_abs_C": 0.010175691850589974, "projection_L2_T": 0.014010221112608743, "projection_L2_C": 0.005762725734055009, "volume_integral_T_before": 306.92322749905736, "volume_integral_T_after": 306.9232274990573, "volume_integral_C_before": 2.282649384478865, "volume_integral_C_after": 2.2826493844788653, "volume_integral_relative_error_T": 1.8520403074082295e-16, "volume_integral_relative_error_C": 1.9454990015974327e-16, "metric_note": "Max/L2 compare old averages with conservatively back-projected new averages; T integral is not nonlinear enthalpy.", "method": "Exact annular-volume overlap in frozen xi coordinates; positive weights"}, {"switch_time": 21600.0, "old_mesh": [80, 1], "new_mesh": [40, 1], "projection_max_abs_T": 7.280442559931544e-08, "projection_max_abs_C": 0.00610070594837131, "projection_L2_T": 5.868774515120548e-08, "projection_L2_C": 0.004248961675999157, "volume_integral_T_before": 323.1489221717682, "volume_integral_T_after": 323.1489221717682, "volume_integral_C_before": 0.7817406894601749, "volume_integral_C_after": 0.7817406894601749, "volume_integral_relative_error_T": 0.0, "volume_integral_relative_error_C": 0.0, "metric_note": "Max/L2 compare old averages with conservatively back-projected new averages; T integral is not nonlinear enthalpy.", "method": "Exact annular-volume overlap in frozen xi coordinates; positive weights"}]}
2026-09-11 21:46:32,498 INFO CACHE_REUSED q23_1d_adaptive_nr40_nz1_dt0.25_mf63f9f413ef6
2026-09-11 21:46:32,499 INFO CACHE_REUSED {"case_id": "q23_1d_adaptive_nr40_nz1_dt0.25_mf63f9f413ef6"}
2026-09-11 21:46:32,511 INFO CACHE_REUSED q23_1d_adaptive_nr80_nz1_dt0.25_m56c5bf06eb27
2026-09-11 21:46:32,512 INFO CACHE_REUSED {"case_id": "q23_1d_adaptive_nr80_nz1_dt0.25_m56c5bf06eb27"}
2026-09-11 21:46:32,522 INFO CACHE_REUSED q23_1d_adaptive_nr160_nz1_dt0.25_m94a220bc5006
2026-09-11 21:46:32,523 INFO CACHE_REUSED {"case_id": "q23_1d_adaptive_nr160_nz1_dt0.25_m94a220bc5006"}
2026-09-11 21:46:44,232 INFO CACHE_REUSED q4_1d_adaptive_nr40_nz1_dt0.25_ma085877c28ed
2026-09-11 21:46:44,233 INFO CACHE_REUSED {"case_id": "q4_1d_adaptive_nr40_nz1_dt0.25_ma085877c28ed"}
2026-09-11 21:46:44,243 INFO CACHE_REUSED q4_1d_adaptive_nr80_nz1_dt0.25_md66ccc838cbe
2026-09-11 21:46:44,245 INFO CACHE_REUSED {"case_id": "q4_1d_adaptive_nr80_nz1_dt0.25_md66ccc838cbe"}
2026-09-11 21:46:44,257 INFO CACHE_REUSED q4_1d_adaptive_nr160_nz1_dt0.25_m1d7a05f7e44b
2026-09-11 21:46:44,257 INFO CACHE_REUSED {"case_id": "q4_1d_adaptive_nr160_nz1_dt0.25_m1d7a05f7e44b"}
2026-09-11 21:46:49,438 INFO SPATIAL_INTERNAL_AUDIT_NOTICE {"comparison": "q4_1d_spatial_40_80", "notice": "INTERNAL_MOISTURE_EXCEEDS_TOLERANCE", "acceptance_veto": false}
2026-09-11 21:46:56,082 INFO CACHE_REUSED q1_1d_adaptive_nr40_nz1_dt0.25_mcecd4275aca0
2026-09-11 21:46:56,084 INFO CACHE_REUSED {"case_id": "q1_1d_adaptive_nr40_nz1_dt0.25_mcecd4275aca0"}
2026-09-11 21:46:56,094 INFO CACHE_REUSED q1_1d_adaptive_nr80_nz1_dt0.25_m2fb9c46fbeef
2026-09-11 21:46:56,095 INFO CACHE_REUSED {"case_id": "q1_1d_adaptive_nr80_nz1_dt0.25_m2fb9c46fbeef"}
2026-09-11 21:46:56,107 INFO CACHE_REUSED q1_1d_adaptive_nr160_nz1_dt0.25_m26b01dc00898
2026-09-11 21:46:56,107 INFO CACHE_REUSED {"case_id": "q1_1d_adaptive_nr160_nz1_dt0.25_m26b01dc00898"}
2026-09-11 21:46:59,459 INFO SPATIAL_INTERNAL_AUDIT_NOTICE {"comparison": "q1_1d_spatial_40_80", "notice": "INTERNAL_MOISTURE_EXCEEDS_TOLERANCE", "acceptance_veto": false}
2026-09-11 21:47:11,332 INFO SPATIAL_INTERNAL_AUDIT_NOTICE {"comparison": "q1_1d_spatial_80_160", "notice": "INTERNAL_MOISTURE_EXCEEDS_TOLERANCE", "acceptance_veto": false}
2026-09-11 21:47:11,368 INFO CACHE_REUSED q1_1d_adaptive_nr200_nz1_dt0.25_md2d30d0587fe_early_reference_t60
2026-09-11 21:47:11,368 INFO CACHE_REUSED {"case_id": "q1_1d_adaptive_nr200_nz1_dt0.25_md2d30d0587fe_early_reference_t60"}
2026-09-11 21:47:11,379 INFO CACHE_REUSED q1_1d_adaptive_nr400_nz1_dt0.25_mb959eaf2ef9f_early_reference_t60
2026-09-11 21:47:11,380 INFO CACHE_REUSED {"case_id": "q1_1d_adaptive_nr400_nz1_dt0.25_mb959eaf2ef9f_early_reference_t60"}
2026-09-11 21:47:11,873 INFO SPATIAL_INTERNAL_AUDIT_NOTICE {"comparison": "q1_1d_early_spatial_80_160", "notice": "INTERNAL_MOISTURE_EXCEEDS_TOLERANCE", "acceptance_veto": false}
2026-09-11 21:47:17,446 WARNING SPATIAL_CONVERGENCE_FAILED {"case_id": "q1_1d_adaptive_nr160_nz1_dt0.25_m26b01dc00898", "failure_reasons": ["OFFICIAL_C_EXCEEDS_TOLERANCE"]}
2026-09-11 21:47:17,462 INFO CACHE_REUSED q1_1d_adaptive_nr160_nz1_dt0.125_m26b01dc00898_half_steps
2026-09-11 21:47:17,463 INFO CACHE_REUSED {"case_id": "q1_1d_adaptive_nr160_nz1_dt0.125_m26b01dc00898_half_steps"}
2026-09-11 21:47:21,111 INFO CACHE_REUSED q1_1d_adaptive_nr160_nz1_dt0.25_m26b01dc00898
2026-09-11 21:47:21,112 INFO CACHE_REUSED {"case_id": "q1_1d_adaptive_nr160_nz1_dt0.25_m26b01dc00898"}
2026-09-11 21:47:21,156 INFO CACHE_REUSED {"case_id": "q1_1d_stage_schedule_default_dt0.25_s030d129157f2"}
2026-09-11 21:47:39,105 INFO STAGE_PROJECTION_AUDIT_NOTICE {"case_id": "q1_1d_stage_schedule_default_dt0.25_s030d129157f2", "projection_checks": {"passed": true, "acceptance_veto": false, "threshold_exceeded": true, "switches": [{"switch_time": 60.0, "temperature_passed": true, "moisture_passed": true}, {"switch_time": 300.0, "temperature_passed": true, "moisture_passed": false}, {"switch_time": 1200.0, "temperature_passed": false, "moisture_passed": false}], "note": "Lost subcell variation is audit-only. Nonfinite/unbounded states and conservation violations still stop Stage_ProjectState."}, "acceptance_veto": false}
2026-09-11 21:47:39,167 INFO CACHE_REUSED {"case_id": "q1_1d_stage_schedule_conservative_dt0.25_sf333b4df7245"}
2026-09-11 21:47:57,765 INFO STAGE_PROJECTION_AUDIT_NOTICE {"case_id": "q1_1d_stage_schedule_conservative_dt0.25_sf333b4df7245", "projection_checks": {"passed": true, "acceptance_veto": false, "threshold_exceeded": true, "switches": [{"switch_time": 60.0, "temperature_passed": true, "moisture_passed": true}, {"switch_time": 300.0, "temperature_passed": true, "moisture_passed": false}], "note": "Lost subcell variation is audit-only. Nonfinite/unbounded states and conservation violations still stop Stage_ProjectState."}, "acceptance_veto": false}
2026-09-11 21:47:57,976 INFO START q1_1d_adaptive_nr200_nz1_dt0.125_md2d30d0587fe_stagepart_a7f7356a73ea_0 warmup 0.06s target 0.02h
2026-09-11 21:47:58,824 INFO COMPUTED {"case_id": "q1_1d_adaptive_nr200_nz1_dt0.125_md2d30d0587fe_stagepart_a7f7356a73ea_0", "simulated_time_s": 60.0, "Cmax": 2.55, "wall_s": 0.8426512000005459, "peak_rss_bytes": 172068864, "drying_time_h": null}
2026-09-11 21:47:58,840 INFO MESH_STAGE_SWITCH {"case_id": "q1_1d_stage_schedule_half_steps_dt0.125_sa7f7356a73ea", "switch_time": 60.0, "old_mesh": [200, 1], "new_mesh": [160, 1], "projection_max_abs_T": 0.000491766649759029, "projection_max_abs_C": 0.005723191294542129, "projection_L2_T": 0.0001303150401086094, "projection_L2_C": 0.000839698215037179, "volume_integral_T_before": 301.16628120866505, "volume_integral_T_after": 301.16628120866505, "volume_integral_C_before": 2.5386313003359087, "volume_integral_C_after": 2.5386313003359087, "volume_integral_relative_error_T": 0.0, "volume_integral_relative_error_C": 0.0, "metric_note": "Max/L2 compare old averages with conservatively back-projected new averages; T integral is not nonlinear enthalpy.", "method": "Exact annular-volume overlap in frozen xi coordinates; positive weights"}
2026-09-11 21:47:58,868 INFO START q1_1d_adaptive_nr160_nz1_dt0.125_m26b01dc00898_stagepart_a7f7356a73ea_1 warmup 0.00s target 0.08h
2026-09-11 21:48:00,408 INFO COMPUTED {"case_id": "q1_1d_adaptive_nr160_nz1_dt0.125_m26b01dc00898_stagepart_a7f7356a73ea_1", "simulated_time_s": 300.0, "Cmax": 2.55, "wall_s": 1.5351064000133192, "peak_rss_bytes": 180547584, "drying_time_h": null}
2026-09-11 21:48:00,424 INFO MESH_STAGE_SWITCH {"case_id": "q1_1d_stage_schedule_half_steps_dt0.125_sa7f7356a73ea", "switch_time": 300.0, "old_mesh": [160, 1], "new_mesh": [80, 1], "projection_max_abs_T": 0.006920277235224148, "projection_max_abs_C": 0.017362169894119983, "projection_L2_T": 0.0038225362227176135, "projection_L2_C": 0.005090044409903725, "volume_integral_T_before": 301.5093777286495, "volume_integral_T_after": 301.5093777286495, "volume_integral_C_before": 2.497532438169437, "volume_integral_C_after": 2.4975324381694373, "volume_integral_relative_error_T": 0.0, "volume_integral_relative_error_C": 1.7781118798022788e-16, "metric_note": "Max/L2 compare old averages with conservatively back-projected new averages; T integral is not nonlinear enthalpy.", "method": "Exact annular-volume overlap in frozen xi coordinates; positive weights"}
2026-09-11 21:48:00,457 INFO START q1_1d_adaptive_nr80_nz1_dt0.125_m2fb9c46fbeef_stagepart_a7f7356a73ea_2 warmup 0.00s target 0.33h
2026-09-11 21:48:01,577 INFO COMPUTED {"case_id": "q1_1d_adaptive_nr80_nz1_dt0.125_m2fb9c46fbeef_stagepart_a7f7356a73ea_2", "simulated_time_s": 1200.0, "Cmax": 2.5499999760262666, "wall_s": 1.1147113000042737, "peak_rss_bytes": 182218752, "drying_time_h": null}
2026-09-11 21:48:01,594 INFO MESH_STAGE_SWITCH {"case_id": "q1_1d_stage_schedule_half_steps_dt0.125_sa7f7356a73ea", "switch_time": 1200.0, "old_mesh": [80, 1], "new_mesh": [40, 1], "projection_max_abs_T": 0.031216671585013955, "projection_max_abs_C": 0.030798301254391536, "projection_L2_T": 0.023312519971523445, "projection_L2_C": 0.012573574133790424, "volume_integral_T_before": 305.0989524127194, "volume_integral_T_after": 305.0989524127194, "volume_integral_C_before": 2.367968931999126, "volume_integral_C_after": 2.367968931999126, "volume_integral_relative_error_T": 0.0, "volume_integral_relative_error_C": 0.0, "metric_note": "Max/L2 compare old averages with conservatively back-projected new averages; T integral is not nonlinear enthalpy.", "method": "Exact annular-volume overlap in frozen xi coordinates; positive weights"}
2026-09-11 21:48:01,624 INFO START q1_1d_adaptive_nr40_nz1_dt0.125_mcecd4275aca0_stagepart_a7f7356a73ea_3 warmup 0.00s target 0.50h
2026-09-11 21:48:01,870 INFO COMPUTED {"case_id": "q1_1d_adaptive_nr40_nz1_dt0.125_mcecd4275aca0_stagepart_a7f7356a73ea_3", "simulated_time_s": 1800.0, "Cmax": 2.549991262232104, "wall_s": 0.2418028999964008, "peak_rss_bytes": 177094656, "drying_time_h": null}
2026-09-11 21:48:01,891 INFO STAGE_SCHEDULE_COMPLETED {"case_id": "q1_1d_stage_schedule_half_steps_dt0.125_sa7f7356a73ea", "drying_time_h": null, "stage_dt_statistics": [{"t_start": 0.0, "t_end": 60.0, "nr": 200, "nz": 1, "case_id": "q1_1d_adaptive_nr200_nz1_dt0.125_md2d30d0587fe_stagepart_a7f7356a73ea_0", "fingerprint": "9d1405b4c1948ae65ae120d624041ca1d9c00236321963515f00eda1e67c66ec", "mesh_profile_hash": "d2d30d0587febdc210a0e00d8e5187c1e07316481d30b824f5349ebe2e89554f", "actual_dt_min": 0.0034403838217258453, "actual_dt_mean": 0.004098360655737705, "actual_dt_max": 0.006724080509808772, "requested_dt_max": 0.125, "stability_limited_count": 0, "steps": 14640, "wall_s": 0.8426512000005459}, {"t_start": 60.0, "t_end": 300.0, "nr": 160, "nz": 1, "case_id": "q1_1d_adaptive_nr160_nz1_dt0.125_m26b01dc00898_stagepart_a7f7356a73ea_1", "fingerprint": "34ac2d9d6b497055960c697685e9cfb64db76b41cdff5b537c40757cec5b2099", "mesh_profile_hash": "26b01dc0089856eaa32f6d68287688f2857015d88610fe7b0762801e14066cd9", "actual_dt_min": 0.005356098127492714, "actual_dt_mean": 0.007692307692307693, "actual_dt_max": 0.010608346201479435, "requested_dt_max": 0.125, "stability_limited_count": 0, "steps": 31200, "wall_s": 1.5351064000133192}, {"t_start": 300.0, "t_end": 1200.0, "nr": 80, "nz": 1, "case_id": "q1_1d_adaptive_nr80_nz1_dt0.125_m2fb9c46fbeef_stagepart_a7f7356a73ea_2", "fingerprint": "fdd1b057f4378b3b3a58c6d7610118519c9e8e9d5f8e77bf8dd15482c6600e03", "mesh_profile_hash": "2fb9c46fbeef408dac08434286ee8d5646515efd2b69ab592690255bb7a7e7a4", "actual_dt_min": 0.0234375, "actual_dt_mean": 0.03125, "actual_dt_max": 0.03515625, "requested_dt_max": 0.125, "stability_limited_count": 0, "steps": 28800, "wall_s": 1.1147113000042737}, {"t_start": 1200.0, "t_end": 1800.0, "nr": 40, "nz": 1, "case_id": "q1_1d_adaptive_nr40_nz1_dt0.125_mcecd4275aca0_stagepart_a7f7356a73ea_3", "fingerprint": "fe5e709e0bc9874020e3fd5d8f9d9d3a349fe1eaf45f77fe05f1146bea0bbd83", "mesh_profile_hash": "cecd4275aca095a95091243f77d37f47061c095c82e9e9233ab7119ae4a79c4d", "actual_dt_min": 0.125, "actual_dt_mean": 0.125, "actual_dt_max": 0.125, "requested_dt_max": 0.125, "stability_limited_count": 0, "steps": 4800, "wall_s": 0.2418028999964008}], "transfers": [{"switch_time": 60.0, "old_mesh": [200, 1], "new_mesh": [160, 1], "projection_max_abs_T": 0.000491766649759029, "projection_max_abs_C": 0.005723191294542129, "projection_L2_T": 0.0001303150401086094, "projection_L2_C": 0.000839698215037179, "volume_integral_T_before": 301.16628120866505, "volume_integral_T_after": 301.16628120866505, "volume_integral_C_before": 2.5386313003359087, "volume_integral_C_after": 2.5386313003359087, "volume_integral_relative_error_T": 0.0, "volume_integral_relative_error_C": 0.0, "metric_note": "Max/L2 compare old averages with conservatively back-projected new averages; T integral is not nonlinear enthalpy.", "method": "Exact annular-volume overlap in frozen xi coordinates; positive weights"}, {"switch_time": 300.0, "old_mesh": [160, 1], "new_mesh": [80, 1], "projection_max_abs_T": 0.006920277235224148, "projection_max_abs_C": 0.017362169894119983, "projection_L2_T": 0.0038225362227176135, "projection_L2_C": 0.005090044409903725, "volume_integral_T_before": 301.5093777286495, "volume_integral_T_after": 301.5093777286495, "volume_integral_C_before": 2.497532438169437, "volume_integral_C_after": 2.4975324381694373, "volume_integral_relative_error_T": 0.0, "volume_integral_relative_error_C": 1.7781118798022788e-16, "metric_note": "Max/L2 compare old averages with conservatively back-projected new averages; T integral is not nonlinear enthalpy.", "method": "Exact annular-volume overlap in frozen xi coordinates; positive weights"}, {"switch_time": 1200.0, "old_mesh": [80, 1], "new_mesh": [40, 1], "projection_max_abs_T": 0.031216671585013955, "projection_max_abs_C": 0.030798301254391536, "projection_L2_T": 0.023312519971523445, "projection_L2_C": 0.012573574133790424, "volume_integral_T_before": 305.0989524127194, "volume_integral_T_after": 305.0989524127194, "volume_integral_C_before": 2.367968931999126, "volume_integral_C_after": 2.367968931999126, "volume_integral_relative_error_T": 0.0, "volume_integral_relative_error_C": 0.0, "metric_note": "Max/L2 compare old averages with conservatively back-projected new averages; T integral is not nonlinear enthalpy.", "method": "Exact annular-volume overlap in frozen xi coordinates; positive weights"}]}
2026-09-11 21:50:19,914 INFO SPATIAL_INTERNAL_AUDIT_NOTICE {"comparison": "q23_1d_spatial_40_80", "notice": "INTERNAL_MOISTURE_EXCEEDS_TOLERANCE", "acceptance_veto": false}
2026-09-11 21:50:35,952 INFO SPATIAL_INTERNAL_AUDIT_NOTICE {"comparison": "q23_1d_spatial_80_160", "notice": "INTERNAL_MOISTURE_EXCEEDS_TOLERANCE", "acceptance_veto": false}
2026-09-11 21:50:36,101 INFO CACHE_REUSED q23_1d_adaptive_nr200_nz1_dt0.25_m1ccbfdc27056_early_reference_t300
2026-09-11 21:50:36,102 INFO CACHE_REUSED {"case_id": "q23_1d_adaptive_nr200_nz1_dt0.25_m1ccbfdc27056_early_reference_t300"}
2026-09-11 21:50:36,113 INFO CACHE_REUSED q23_1d_adaptive_nr400_nz1_dt0.25_m2daefaf124e5_early_reference_t300
2026-09-11 21:50:36,114 INFO CACHE_REUSED {"case_id": "q23_1d_adaptive_nr400_nz1_dt0.25_m2daefaf124e5_early_reference_t300"}
2026-09-11 21:50:36,510 INFO SPATIAL_INTERNAL_AUDIT_NOTICE {"comparison": "q23_1d_early_spatial_80_160", "notice": "INTERNAL_MOISTURE_EXCEEDS_TOLERANCE", "acceptance_veto": false}
2026-09-11 21:50:36,919 WARNING SPATIAL_CONVERGENCE_FAILED {"case_id": "q23_1d_adaptive_nr160_nz1_dt0.25_m94a220bc5006", "failure_reasons": ["OFFICIAL_C_EXCEEDS_TOLERANCE"]}
2026-09-11 21:50:36,933 INFO CACHE_REUSED q23_1d_adaptive_nr160_nz1_dt0.125_m94a220bc5006_half_steps
2026-09-11 21:50:36,934 INFO CACHE_REUSED {"case_id": "q23_1d_adaptive_nr160_nz1_dt0.125_m94a220bc5006_half_steps"}
2026-09-11 21:51:09,450 INFO CACHE_REUSED q23_1d_adaptive_nr160_nz1_dt0.25_m94a220bc5006
2026-09-11 21:51:09,451 INFO CACHE_REUSED {"case_id": "q23_1d_adaptive_nr160_nz1_dt0.25_m94a220bc5006"}
2026-09-11 21:51:09,498 INFO CACHE_REUSED {"case_id": "q23_1d_stage_schedule_default_dt0.25_sb9b049c66d4c"}
2026-09-11 22:12:24,041 INFO SPATIAL_INTERNAL_AUDIT_NOTICE {"comparison": "q4_1d_spatial_80_160", "notice": "INTERNAL_MOISTURE_EXCEEDS_TOLERANCE", "acceptance_veto": false}
2026-09-11 22:12:24,105 INFO CACHE_REUSED q4_1d_adaptive_nr200_nz1_dt0.25_m60a8c7b6b2c2_early_reference_t600
2026-09-11 22:12:24,106 INFO CACHE_REUSED {"case_id": "q4_1d_adaptive_nr200_nz1_dt0.25_m60a8c7b6b2c2_early_reference_t600"}
2026-09-11 22:12:24,121 INFO CACHE_REUSED q4_1d_adaptive_nr400_nz1_dt0.25_m30266bb16d2d_early_reference_t600
2026-09-11 22:12:24,122 INFO CACHE_REUSED {"case_id": "q4_1d_adaptive_nr400_nz1_dt0.25_m30266bb16d2d_early_reference_t600"}
2026-09-11 22:12:26,213 INFO SPATIAL_INTERNAL_AUDIT_NOTICE {"comparison": "q4_1d_early_spatial_80_160", "notice": "INTERNAL_MOISTURE_EXCEEDS_TOLERANCE", "acceptance_veto": false}
2026-09-11 22:12:43,008 INFO SPATIAL_INTERNAL_AUDIT_NOTICE {"comparison": "q4_1d_spatial_200_400", "notice": "INTERNAL_MOISTURE_EXCEEDS_TOLERANCE", "acceptance_veto": false}
2026-09-11 22:12:43,030 WARNING SPATIAL_CONVERGENCE_FAILED {"case_id": "q4_1d_adaptive_nr160_nz1_dt0.25_m1d7a05f7e44b", "failure_reasons": ["OFFICIAL_C_EXCEEDS_TOLERANCE"]}
2026-09-11 22:12:43,054 INFO CACHE_REUSED q4_1d_adaptive_nr160_nz1_dt0.125_m1d7a05f7e44b_half_steps
2026-09-11 22:12:43,055 INFO CACHE_REUSED {"case_id": "q4_1d_adaptive_nr160_nz1_dt0.125_m1d7a05f7e44b_half_steps"}
2026-09-11 22:12:55,689 INFO CACHE_REUSED q4_1d_adaptive_nr160_nz1_dt0.25_m1d7a05f7e44b
2026-09-11 22:12:55,691 INFO CACHE_REUSED {"case_id": "q4_1d_adaptive_nr160_nz1_dt0.25_m1d7a05f7e44b"}
2026-09-11 22:12:55,724 INFO CACHE_REUSED {"case_id": "q4_1d_stage_schedule_default_dt0.25_s33c788387cd3"}
2026-09-11 22:15:32,468 INFO STAGE_PROJECTION_AUDIT_NOTICE {"case_id": "q23_1d_stage_schedule_default_dt0.25_sb9b049c66d4c", "projection_checks": {"passed": true, "acceptance_veto": false, "threshold_exceeded": true, "switches": [{"switch_time": 300.0, "temperature_passed": true, "moisture_passed": true}, {"switch_time": 1800.0, "temperature_passed": false, "moisture_passed": false}, {"switch_time": 21600.0, "temperature_passed": true, "moisture_passed": true}], "note": "Lost subcell variation is audit-only. Nonfinite/unbounded states and conservation violations still stop Stage_ProjectState."}, "acceptance_veto": false}
2026-09-11 22:15:32,649 WARNING STAGE_COARSENING_TOO_AGGRESSIVE {"case_id": "q23_1d_stage_schedule_default_dt0.25_sb9b049c66d4c", "failure_reasons": ["DRYING_TIME_EXCEEDS_TOLERANCE"], "official_temperature": {"value": 0.0007560886703572578, "signed_difference": 0.0007560886703572578, "time_s": 300.0, "r_m": 0.02, "z_m": 0.0, "coarse_value": 301.7941478672935, "fine_value": 301.79490395596383}, "official_moisture": {"value": 0.0018330304210114612, "signed_difference": -0.0018330304210114612, "time_s": 300.0, "r_m": 0.02, "z_m": 0.0, "coarse_value": 2.088061375539562, "fine_value": 2.0862283451185504}, "event_relative_difference": 0.0057109832346343885}
2026-09-11 22:15:32,686 INFO CACHE_REUSED {"case_id": "q23_1d_stage_schedule_conservative_dt0.25_s45cdf27de084"}
