time_s,z_m,max_abs_delta_T_K,max_abs_delta_C_kg_kg,radial_weighted_mean_delta_T_K,radial_weighted_mean_delta_C_kg_kg
0.0,0.0,0.0,0.0,0.0,0.0
0.0,0.0005,0.0,0.0,0.0,0.0
0.0,0.0015,0.0,0.0,0.0,0.0
0.0,0.0025,0.0,0.0,0.0,0.0
0.0,0.0035,0.0,0.0,0.0,0.0
0.0,0.0045,0.0,0.0,0.0,0.0
0.0,0.0055,0.0,0.0,0.0,0.0
0.0,0.0065,0.0,0.0,0.0,0.0
0.0,0.0075,0.0,0.0,0.0,0.0
0.0,0.0085,0.0,0.0,0.0,0.0
0.0,0.0095,0.0,0.0,0.0,0.0
0.0,0.0105,0.0,0.0,0.0,0.0
0.0,0.0115,0.0,0.0,0.0,0.0
0.0,0.0125,0.0,0.0,0.0,0.0
0.0,0.0135,0.0,0.0,0.0,0.0
0.0,0.0145,0.0,0.0,0.0,0.0
0.0,0.0155,0.0,0.0,0.0,0.0
0.0,0.0165,0.0,0.0,0.0,0.0
0.0,0.0175,0.0,0.0,0.0,0.0
0.0,0.0185,0.0,0.0,0.0,0.0
0.0,0.0195,0.0,0.0,0.0,0.0
0.0,0.0205,0.0,0.0,0.0,0.0
0.0,0.0215,0.0,0.0,0.0,0.0
0.0,0.0225,0.0,0.0,0.0,0.0
0.0,0.0235,0.0,0.0,0.0,0.0
0.0,0.0245,0.0,0.0,0.0,0.0
0.0,0.0255,0.0,0.0,0.0,0.0
0.0,0.0265,0.0,0.0,0.0,0.0
0.0,0.0275,0.0,0.0,0.0,0.0
0.0,0.0285,0.0,0.0,0.0,0.0
0.0,0.0295,0.0,0.0,0.0,0.0
0.0,0.0305,0.0,0.0,0.0,0.0
0.0,0.0315,0.0,0.0,0.0,0.0
0.0,0.0325,0.0,0.0,0.0,0.0
0.0,0.0335,0.0,0.0,0.0,0.0
0.0,0.0345,0.0,0.0,0.0,0.0
0.0,0.0355,0.0,0.0,0.0,0.0
0.0,0.0365,0.0,0.0,0.0,0.0
0.0,0.0375,0.0,0.0,0.0,0.0
0.0,0.0385,0.0,0.0,0.0,0.0
0.0,0.0395,0.0,0.0,0.0,0.0
0.0,0.0405,0.0,0.0,0.0,0.0
0.0,0.0415,0.0,0.0,0.0,0.0
0.0,0.0425,0.0,0.0,0.0,0.0
0.0,0.0435,0.0,0.0,0.0,0.0
0.0,0.0445,0.0,0.0,0.0,0.0
0.0,0.0455,0.0,0.0,0.0,0.0
0.0,0.0465,0.0,0.0,0.0,0.0
0.0,0.0475,0.0,0.0,0.0,0.0
0.0,0.0485,0.0,0.0,0.0,0.0
0.0,0.0495,0.0,0.0,0.0,0.0
0.0,0.0505,0.0,0.0,0.0,0.0
0.0,0.0515,0.0,0.0,0.0,0.0
0.0,0.0525,0.0,0.0,0.0,0.0
0.0,0.0535,0.0,0.0,0.0,0.0
0.0,0.0545,0.0,0.0,0.0,0.0
0.0,0.0555,0.0,0.0,0.0,0.0
0.0,0.0565,0.0,0.0,0.0,0.0
0.0,0.0575,0.0,0.0,0.0,0.0
0.0,0.0585,0.0,0.0,0.0,0.0
0.0,0.0595,0.0,0.0,0.0,0.0
0.0,0.0605,0.0,0.0,0.0,0.0
0.0,0.0615,0.0,0.0,0.0,0.0
0.0,0.0625,0.0,0.0,0.0,0.0
0.0,0.0635,0.0,0.0,0.0,0.0
0.0,0.0645,0.0,0.0,0.0,0.0
0.0,0.0655,0.0,0.0,0.0,0.0
0.0,0.0665,0.0,0.0,0.0,0.0
0.0,0.0675,0.0,0.0,0.0,0.0
0.0,0.0685,0.0,0.0,0.0,0.0
0.0,0.0695,0.0,0.0,0.0,0.0
0.0,0.0705,0.0,0.0,0.0,0.0
0.0,0.0715,0.0,0.0,0.0,0.0
0.0,0.0725,0.0,0.0,0.0,0.0
0.0,0.0735,0.0,0.0,0.0,0.0
0.0,0.0745,0.0,0.0,0.0,0.0
0.0,0.0755,0.0,0.0,0.0,0.0
0.0,0.0765,0.0,0.0,0.0,0.0
0.0,0.0775,0.0,0.0,0.0,0.0
0.0,0.0785,0.0,0.0,0.0,0.0
0.0,0.0795,0.0,0.0,0.0,0.0
0.0,0.0805,0.0,0.0,0.0,0.0
0.0,0.0815,0.0,0.0,0.0,0.0
0.0,0.0825,0.0,0.0,0.0,0.0
0.0,0.0835,0.0,0.0,0.0,0.0
0.0,0.0845,0.0,0.0,0.0,0.0
0.0,0.0855,0.0,0.0,0.0,0.0
0.0,0.0865,0.0,0.0,0.0,0.0
0.0,0.0875,0.0,0.0,0.0,0.0
0.0,0.0885,0.0,0.0,0.0,0.0
0.0,0.0895,0.0,0.0,0.0,0.0
0.0,0.0905,0.0,0.0,0.0,0.0
0.0,0.0915,0.0,0.0,0.0,0.0
0.0,0.0925,0.0,0.0,0.0,0.0
0.0,0.0935,0.0,0.0,0.0,0.0
0.0,0.0945,0.0,0.0,0.0,0.0
0.0,0.0955,0.0,0.0,0.0,0.0
0.0,0.0965,0.0,0.0,0.0,0.0
0.0,0.0975,0.0,0.0,0.0,0.0
0.0,0.0985,0.0,0.0,0.0,0.0
0.0,0.0995,0.0,0.0,0.0,0.0
0.0,0.1005,0.0,0.0,0.0,0.0
0.0,0.1015,0.0,0.0,0.0,0.0
0.0,0.1025,0.0,0.0,0.0,0.0
0.0,0.1035,0.0,0.0,0.0,0.0
0.0,0.1045,0.0,0.0,0.0,0.0
0.0,0.1055,0.0,0.0,0.0,0.0
0.0,0.1065,0.0,0.0,0.0,0.0
0.0,0.1075,0.0,0.0,0.0,0.0
0.0,0.1085,0.0,0.0,0.0,0.0
0.0,0.1095,0.0,0.0,0.0,0.0
0.0,0.1105,0.0,0.0,0.0,0.0
0.0,0.1115,0.0,0.0,0.0,0.0
0.0,0.1125,0.0,0.0,0.0,0.0
0.0,0.1135,0.0,0.0,0.0,0.0
0.0,0.1145,0.0,0.0,0.0,0.0
0.0,0.1155,0.0,0.0,0.0,0.0
0.0,0.1165,0.0,0.0,0.0,0.0
0.0,0.1175,0.0,0.0,0.0,0.0
0.0,0.1185,0.0,0.0,0.0,0.0
0.0,0.1195,0.0,0.0,0.0,0.0
0.0,0.1205,0.0,0.0,0.0,0.0
0.0,0.1215,0.0,0.0,0.0,0.0
0.0,0.1225,0.0,0.0,0.0,0.0
0.0,0.1235,0.0,0.0,0.0,0.0
0.0,0.1245,0.0,0.0,0.0,0.0
0.0,0.125,0.0,0.0,0.0,0.0
60.0,0.0,5.684341886080802e-14,4.440892098500626e-16,-5.044853423896722e-15,-1.829092433069947e-16
60.0,0.0005,0.0,0.0,0.0,0.0
60.0,0.0015,0.0,0.0,0.0,0.0
60.0,0.0025,0.0,0.0,0.0,0.0
60.0,0.0035,0.0,0.0,0.0,0.0
60.0,0.0045,0.0,0.0,0.0,0.0
60.0,0.0055,0.0,0.0,0.0,0.0
60.0,0.0065,0.0,0.0,0.0,0.0
60.0,0.0075,0.0,0.0,0.0,0.0
60.0,0.0085,0.0,0.0,0.0,0.0
60.0,0.0095,0.0,0.0,0.0,0.0
60.0,0.0105,0.0,0.0,0.0,0.0
60.0,0.0115,0.0,0.0,0.0,0.0
60.0,0.0125,0.0,0.0,0.0,0.0
60.0,0.0135,0.0,0.0,0.0,0.0
60.0,0.0145,0.0,0.0,0.0,0.0
60.0,0.0155,0.0,0.0,0.0,0.0
60.0,0.0165,0.0,0.0,0.0,0.0
60.0,0.0175,0.0,0.0,0.0,0.0
60.0,0.0185,0.0,0.0,0.0,0.0
60.0,0.0195,0.0,0.0,0.0,0.0
60.0,0.0205,0.0,0.0,0.0,0.0
60.0,0.0215,0.0,0.0,0.0,0.0
60.0,0.0225,0.0,0.0,0.0,0.0
60.0,0.0235,0.0,0.0,0.0,0.0
60.0,0.0245,0.0,0.0,0.0,0.0
60.0,0.0255,0.0,0.0,0.0,0.0
60.0,0.0265,0.0,0.0,0.0,0.0
60.0,0.0275,0.0,0.0,0.0,0.0
60.0,0.0285,0.0,0.0,0.0,0.0
60.0,0.0295,0.0,0.0,0.0,0.0
60.0,0.0305,0.0,0.0,0.0,0.0
60.0,0.0315,0.0,0.0,0.0,0.0
60.0,0.0325,0.0,0.0,0.0,0.0
60.0,0.0335,0.0,0.0,0.0,0.0
60.0,0.0345,0.0,0.0,0.0,0.0
60.0,0.0355,0.0,0.0,0.0,0.0
60.0,0.0365,0.0,0.0,0.0,0.0
60.0,0.0375,0.0,0.0,0.0,0.0
60.0,0.0385,0.0,0.0,0.0,0.0
60.0,0.0395,0.0,0.0,0.0,0.0
60.0,0.0405,0.0,0.0,0.0,0.0
60.0,0.0415,0.0,0.0,0.0,0.0
60.0,0.0425,0.0,0.0,0.0,0.0
60.0,0.0435,0.0,0.0,0.0,0.0
60.0,0.0445,0.0,0.0,0.0,0.0
60.0,0.0455,0.0,0.0,0.0,0.0
60.0,0.0465,0.0,0.0,0.0,0.0
60.0,0.0475,0.0,0.0,0.0,0.0
60.0,0.0485,0.0,0.0,0.0,0.0
60.0,0.0495,0.0,0.0,0.0,0.0
60.0,0.0505,0.0,0.0,0.0,0.0
60.0,0.0515,0.0,0.0,0.0,0.0
60.0,0.0525,0.0,0.0,0.0,0.0
60.0,0.0535,0.0,0.0,0.0,0.0
60.0,0.0545,0.0,0.0,0.0,0.0
60.0,0.0555,0.0,0.0,0.0,0.0
60.0,0.0565,0.0,0.0,0.0,0.0
60.0,0.0575,0.0,0.0,0.0,0.0
60.0,0.0585,0.0,0.0,0.0,0.0
60.0,0.0595,0.0,0.0,0.0,0.0
60.0,0.0605,0.0,0.0,0.0,0.0
60.0,0.0615,0.0,0.0,0.0,0.0
60.0,0.0625,0.0,0.0,0.0,0.0
60.0,0.0635,0.0,0.0,0.0,0.0
60.0,0.0645,0.0,0.0,0.0,0.0
60.0,0.0655,0.0,0.0,0.0,0.0
60.0,0.0665,0.0,0.0,0.0,0.0
60.0,0.0675,0.0,0.0,0.0,0.0
60.0,0.0685,0.0,0.0,0.0,0.0
60.0,0.0695,0.0,0.0,0.0,0.0
60.0,0.0705,0.0,0.0,0.0,0.0
60.0,0.0715,0.0,0.0,0.0,0.0
60.0,0.0725,0.0,0.0,0.0,0.0
60.0,0.0735,0.0,0.0,0.0,0.0
60.0,0.0745,0.0,0.0,0.0,0.0
60.0,0.0755,0.0,0.0,0.0,0.0
60.0,0.0765,0.0,0.0,0.0,0.0
60.0,0.0775,0.0,0.0,0.0,0.0
60.0,0.0785,0.0,0.0,0.0,0.0
60.0,0.0795,0.0,0.0,0.0,0.0
60.0,0.0805,0.0,0.0,0.0,0.0
60.0,0.0815,0.0,0.0,0.0,0.0
60.0,0.0825,0.0,0.0,0.0,0.0
60.0,0.0835,0.0,0.0,0.0,0.0
60.0,0.0845,0.0,0.0,0.0,0.0
60.0,0.0855,0.0,0.0,0.0,0.0
60.0,0.0865,0.0,0.0,0.0,0.0
60.0,0.0875,0.0,0.0,0.0,0.0
60.0,0.0885,0.0,0.0,0.0,0.0
60.0,0.0895,0.0,0.0,0.0,0.0
60.0,0.0905,5.684341886080802e-14,0.0,1.4210854715201995e-15,0.0
60.0,0.0915,5.684341886080802e-14,0.0,8.206768598029157e-15,0.0
60.0,0.0925,5.684341886080802e-14,0.0,1.7337242752546447e-14,0.0
60.0,0.0935,1.1368683772161603e-13,0.0,8.391509709326784e-14,0.0
60.0,0.0945,3.979039320256561e-13,0.0,2.792788222905074e-13,0.0
60.0,0.0955,1.1368683772161603e-12,0.0,9.966427683139044e-13,0.0
60.0,0.0965,3.694822225952521e-12,0.0,3.4295055684196997e-12,0.0
60.0,0.0975,1.2391865311656147e-11,0.0,1.1661782650662644e-11,0.0
60.0,0.0985,4.121147867408581e-11,0.0,3.884967014755603e-11,0.0
60.0,0.0995,1.3375256457948126e-10,0.0,1.2619015166137613e-10,0.0
60.0,0.1005,4.232560968375765e-10,0.0,3.9942943175219625e-10,0.0
60.0,0.1015,1.3038174984103534e-09,0.0,1.2308976948816054e-09,0.0
60.0,0.1025,3.909178758476628e-09,0.0,3.6914465795234718e-09,0.0
60.0,0.1035,1.1400686616980238e-08,0.0,1.0768217393319902e-08,0.0
60.0,0.1045,3.232543122067e-08,0.0,3.053951282083744e-08,0.0
60.0,0.1055,8.906789616958122e-08,0.0,8.416968043434281e-08,0.0
60.0,0.1065,2.383796982030617e-07,0.0,2.2533724852280557e-07,0.0
60.0,0.1075,6.19445984284539e-07,0.0,5.857461257008367e-07,0.0
60.0,0.1085,1.5622344449184311e-06,0.0,1.477778666973961e-06,0.0
60.0,0.1095,3.822357257377007e-06,0.0,3.6171656536510004e-06,0.0
60.0,0.1105,9.069972350062017e-06,0.0,8.586892573951845e-06,0.0
60.0,0.1115,2.0865769272404577e-05,0.0,1.9764188841975283e-05,0.0
60.0,0.1125,4.652655337622491e-05,0.0,4.409451652509944e-05,0.0
60.0,0.1135,0.0001005341453605979,8.881784197001252e-16,9.533764814264601e-05,-1.9456658506555878e-16
60.0,0.1145,0.00021047890299996652,1.1546319456101628e-14,0.00019973701642854284,-7.874256802153924e-15
60.0,0.1155,0.00042692728533211266,3.290701044988964e-13,0.0004054521510200004,-3.2284647177860394e-13
60.0,0.1165,0.0008389846831846626,1.113420466936077e-11,0.0007974753035333394,-1.1013857048602916e-11
60.0,0.1175,0.0015975481522332302,3.416045224469144e-10,0.0015199961141401275,-3.382120125627886e-10
60.0,0.1185,0.0029481080715072494,9.341134532547812e-09,0.0028080954472555317,-9.255258010820722e-09
60.0,0.1195,0.005274246836791008,2.2429693347092439e-07,0.005030038054395902,-2.2240064119188883e-07
60.0,0.1205,0.009151549630075806,4.640703271441282e-06,0.008740152732936829,-4.604948118724639e-06
60.0,0.1215,0.015409519609704603,8.06809063624847e-05,0.014740362716314338,-8.012089420343428e-05
60.0,0.1225,0.025196579920304885,0.001138302682537784,0.024146133593312732,-0.001131293320391242
60.0,0.1235,0.04004092919967661,0.012389866928051774,0.03845047847523624,-0.012323710396032117
60.0,0.1245,0.06189863736693724,0.09642704679095049,0.059578393060788847,-0.09600027066719449
60.0,0.125,0.07753961130885045,0.28112331038961624,0.07475135590917344,-0.28014938126178507
120.0,0.0,5.684341886080802e-14,4.440892098500626e-16,-2.7000623958883614e-15,-1.3794521080967547e-16
120.0,0.0005,0.0,0.0,0.0,0.0
120.0,0.0015,0.0,0.0,0.0,0.0
120.0,0.0025,0.0,0.0,0.0,0.0
120.0,0.0035,0.0,0.0,0.0,0.0
120.0,0.0045,0.0,0.0,0.0,0.0
120.0,0.0055,0.0,0.0,0.0,0.0
120.0,0.0065,0.0,0.0,0.0,0.0
120.0,0.0075,0.0,0.0,0.0,0.0
120.0,0.0085,0.0,0.0,0.0,0.0
120.0,0.0095,0.0,0.0,0.0,0.0
120.0,0.0105,0.0,0.0,0.0,0.0
120.0,0.0115,0.0,0.0,0.0,0.0
120.0,0.0125,0.0,0.0,0.0,0.0
120.0,0.0135,0.0,0.0,0.0,0.0
120.0,0.0145,0.0,0.0,0.0,0.0
120.0,0.0155,0.0,0.0,0.0,0.0
120.0,0.0165,0.0,0.0,0.0,0.0
120.0,0.0175,0.0,0.0,0.0,0.0
120.0,0.0185,0.0,0.0,0.0,0.0
120.0,0.0195,0.0,0.0,0.0,0.0
120.0,0.0205,0.0,0.0,0.0,0.0
120.0,0.0215,0.0,0.0,0.0,0.0
120.0,0.0225,0.0,0.0,0.0,0.0
120.0,0.0235,0.0,0.0,0.0,0.0
120.0,0.0245,0.0,0.0,0.0,0.0
120.0,0.0255,0.0,0.0,0.0,0.0
120.0,0.0265,0.0,0.0,0.0,0.0
120.0,0.0275,0.0,0.0,0.0,0.0
120.0,0.0285,0.0,0.0,0.0,0.0
120.0,0.0295,0.0,0.0,0.0,0.0
120.0,0.0305,0.0,0.0,0.0,0.0
120.0,0.0315,0.0,0.0,0.0,0.0
120.0,0.0325,0.0,0.0,0.0,0.0
120.0,0.0335,0.0,0.0,0.0,0.0
120.0,0.0345,0.0,0.0,0.0,0.0
120.0,0.0355,0.0,0.0,0.0,0.0
120.0,0.0365,0.0,0.0,0.0,0.0
120.0,0.0375,0.0,0.0,0.0,0.0
120.0,0.0385,0.0,0.0,0.0,0.0
120.0,0.0395,0.0,0.0,0.0,0.0
120.0,0.0405,0.0,0.0,0.0,0.0
120.0,0.0415,0.0,0.0,0.0,0.0
120.0,0.0425,0.0,0.0,0.0,0.0
120.0,0.0435,0.0,0.0,0.0,0.0
120.0,0.0445,0.0,0.0,0.0,0.0
120.0,0.0455,0.0,0.0,0.0,0.0
120.0,0.0465,0.0,0.0,0.0,0.0
120.0,0.0475,0.0,0.0,0.0,0.0
120.0,0.0485,0.0,0.0,0.0,0.0
120.0,0.0495,0.0,0.0,0.0,0.0
120.0,0.0505,0.0,0.0,0.0,0.0
120.0,0.0515,0.0,0.0,0.0,0.0
120.0,0.0525,0.0,0.0,0.0,0.0
120.0,0.0535,0.0,0.0,0.0,0.0
120.0,0.0545,0.0,0.0,0.0,0.0
120.0,0.0555,0.0,0.0,0.0,0.0
120.0,0.0565,0.0,0.0,0.0,0.0
120.0,0.0575,0.0,0.0,0.0,0.0
120.0,0.0585,0.0,0.0,0.0,0.0
120.0,0.0595,0.0,0.0,0.0,0.0
120.0,0.0605,0.0,0.0,0.0,0.0
120.0,0.0615,0.0,0.0,0.0,0.0
120.0,0.0625,0.0,0.0,0.0,0.0
120.0,0.0635,0.0,0.0,0.0,0.0
120.0,0.0645,0.0,0.0,0.0,0.0
120.0,0.0655,0.0,0.0,0.0,0.0
120.0,0.0665,0.0,0.0,0.0,0.0
120.0,0.0675,0.0,0.0,0.0,0.0
120.0,0.0685,0.0,0.0,0.0,0.0
120.0,0.0695,0.0,0.0,0.0,0.0
120.0,0.0705,0.0,0.0,0.0,0.0
120.0,0.0715,0.0,0.0,0.0,0.0
120.0,0.0725,0.0,0.0,0.0,0.0
120.0,0.0735,5.684341886080802e-14,0.0,1.2434497875801766e-15,0.0
120.0,0.0745,5.684341886080802e-14,0.0,1.2434497875801766e-15,0.0
120.0,0.0755,5.684341886080802e-14,0.0,2.415845301584343e-15,0.0
120.0,0.0765,5.684341886080802e-14,0.0,1.2434497875801766e-15,0.0
120.0,0.0775,5.684341886080802e-14,0.0,1.147526518252563e-14,0.0
120.0,0.0785,5.684341886080802e-14,0.0,2.3696600237599354e-14,0.0
120.0,0.0795,1.1368683772161603e-13,0.0,4.067857162226574e-14,0.0
120.0,0.0805,1.1368683772161603e-13,0.0,7.286615755219828e-14,0.0
120.0,0.0815,2.2737367544323206e-13,0.0,1.6171952665899884e-13,0.0
120.0,0.0825,5.115907697472721e-13,0.0,3.872102638524666e-13,0.0
120.0,0.0835,1.1937117960769683e-12,0.0,9.861977900982312e-13,0.0
120.0,0.0845,2.8421709430404007e-12,0.0,2.5375257450832578e-12,0.0
120.0,0.0855,7.275957614183426e-12,0.0,6.463380941568175e-12,0.0
120.0,0.0865,1.8246737454319373e-11,0.0,1.6363976840239048e-11,0.0
120.0,0.0875,4.5645265345228836e-11,0.0,4.086071925257783e-11,0.0
120.0,0.0885,1.1237943908781745e-10,0.0,1.0062741750971328e-10,0.0
120.0,0.0895,2.724505065998528e-10,0.0,2.439470847548364e-10,0.0
120.0,0.0905,6.49890807835618e-10,0.0,5.81925299059094e-10,0.0
120.0,0.0915,1.5247678675223142e-09,0.0,1.3658038611197298e-09,0.0
120.0,0.0925,3.519289748510346e-09,0.0,3.1531526545336426e-09,0.0
120.0,0.0935,7.988717243279098e-09,0.0,7.1594189066104264e-09,0.0
120.0,0.0945,1.7832462617661804e-08,0.0,1.5985817327646144e-08,0.0
120.0,0.0955,3.913874024874531e-08,0.0,3.5096577057913695e-08,0.0
120.0,0.0965,8.445346111329854e-08,0.0,7.57566975906343e-08,0.0
120.0,0.0975,1.7914334193847026e-07,0.0,1.60753361235777e-07,0.0
120.0,0.0985,3.7352117487898795e-07,0.0,3.353065530475874e-07,0.0
120.0,0.0995,7.654632554476848e-07,0.0,6.874343447194065e-07,0.0
120.0,0.1005,1.5416853784699924e-06,0.0,1.3851483237914408e-06,0.0
120.0,0.1015,3.0514191848851624e-06,0.0,2.742906382735555e-06,0.0
120.0,0.1025,5.935000217505149e-06,0.0,5.337709087847031e-06,0.0
120.0,0.1035,1.1343230880811461e-05,0.0,1.0207377242785754e-05,0.0
120.0,0.1045,2.130304238789904e-05,0.0,1.918149201198816e-05,0.0
120.0,0.1055,3.931291098524525e-05,0.0,3.542106892890474e-05,0.0
120.0,0.1065,7.128968087499743e-05,0.0,6.42782015573573e-05,0.0
120.0,0.1075,0.00012703859124485462,0.0,0.00011463337318915025,0.0
120.0,0.1085,0.0002224812690201361,0.0,0.00020092698392002006,0.0
120.0,0.1095,0.00038295168690183345,0.0,0.00034617282722006594,0.0
120.0,0.1105,0.0006479550127664879,0.0,0.0005863230253989472,0.0
120.0,0.1115,0.001077873563360754,2.220446049250313e-15,0.0009764422750408387,-7.854827899222984e-16
120.0,0.1125,0.001763189073585636,2.708944180085382e-14,0.0015992372558246261,-2.2893076323526883e-14
120.0,0.1135,0.0028368583850806317,5.31574784190525e-13,0.0025765641353190463,-5.156322591126639e-13
120.0,0.1145,0.0044905124365755,1.084954348584688e-11,0.004084587860113551,-1.0601110544961046e-11
120.0,0.1155,0.006995121574732366,2.0440449333136712e-10,0.0063732696750563285,-2.0005903961228808e-10
120.0,0.1165,0.010726651749052962,3.512264257210518e-09,0.009790784913490178,-3.442292912936296e-09
120.0,0.1175,0.016196988018293723,5.452924289883754e-08,0.014813285744109946,-5.3516214964244304e-08
120.0,0.1185,0.024089985887314924,7.565393662645192e-07,0.02208008616166378,-7.435137430103488e-07
120.0,0.1195,0.03530190292912039,9.253428058464408e-06,0.03243383328976602,-9.10685204424333e-06
120.0,0.1205,0.05098467353855085,9.80916706159185e-05,0.04696454555620921,-9.667466707467544e-05
120.0,0.1215,0.07258958783597791,0.0008816212479656471,0.06705560411701061,-0.0008701309839239597
120.0,0.1225,0.10190806428801125,0.00652733651902615,0.09442900767340554,-0.006451627049148387
120.0,0.1235,0.14110557115242273,0.03833377392398152,0.13118663384141643,-0.03794572964127616
120.0,0.1245,0.1927445819355853,0.17037371439812743,0.17984411046380672,-0.16892548558714154
120.0,0.125,0.226268751421685,0.3512929997090395,0.21159924255195256,-0.348814640341699
180.0,0.0,5.684341886080802e-14,8.881784197001252e-16,-1.1404210908949619e-14,-1.540434446667406e-16
180.0,0.0005,0.0,4.440892098500626e-16,0.0,-6.411537967210287e-17
180.0,0.0015,0.0,4.440892098500626e-16,0.0,-6.411537967210287e-17
180.0,0.0025,0.0,4.440892098500626e-16,0.0,-6.411537967210287e-17
180.0,0.0035,0.0,4.440892098500626e-16,0.0,-6.411537967210287e-17
180.0,0.0045,0.0,4.440892098500626e-16,0.0,-6.411537967210287e-17
180.0,0.0055,0.0,4.440892098500626e-16,0.0,-6.411537967210287e-17
180.0,0.0065,0.0,4.440892098500626e-16,0.0,-6.411537967210287e-17
180.0,0.0075,0.0,4.440892098500626e-16,0.0,-6.411537967210287e-17
180.0,0.0085,0.0,4.440892098500626e-16,0.0,-6.411537967210287e-17
180.0,0.0095,0.0,4.440892098500626e-16,0.0,-6.411537967210287e-17
180.0,0.0105,0.0,4.440892098500626e-16,0.0,-6.411537967210287e-17
180.0,0.0115,0.0,4.440892098500626e-16,0.0,-6.411537967210287e-17
180.0,0.0125,0.0,4.440892098500626e-16,0.0,-6.411537967210287e-17
180.0,0.0135,0.0,4.440892098500626e-16,0.0,-6.411537967210287e-17
180.0,0.0145,0.0,4.440892098500626e-16,0.0,-6.411537967210287e-17
180.0,0.0155,0.0,4.440892098500626e-16,0.0,-6.411537967210287e-17
180.0,0.0165,0.0,4.440892098500626e-16,0.0,-6.411537967210287e-17
180.0,0.0175,0.0,4.440892098500626e-16,0.0,-6.411537967210287e-17
180.0,0.0185,0.0,4.440892098500626e-16,0.0,-6.411537967210287e-17
180.0,0.0195,0.0,4.440892098500626e-16,0.0,-6.411537967210287e-17
180.0,0.0205,0.0,4.440892098500626e-16,0.0,-6.411537967210287e-17
180.0,0.0215,0.0,4.440892098500626e-16,0.0,-6.411537967210287e-17
180.0,0.0225,0.0,4.440892098500626e-16,0.0,-6.411537967210287e-17
180.0,0.0235,0.0,4.440892098500626e-16,0.0,-6.411537967210287e-17
180.0,0.0245,0.0,4.440892098500626e-16,0.0,-6.411537967210287e-17
180.0,0.0255,0.0,4.440892098500626e-16,0.0,-6.411537967210287e-17
180.0,0.0265,0.0,4.440892098500626e-16,0.0,-6.411537967210287e-17
180.0,0.0275,0.0,4.440892098500626e-16,0.0,-6.411537967210287e-17
180.0,0.0285,0.0,4.440892098500626e-16,0.0,-6.411537967210287e-17
180.0,0.0295,0.0,4.440892098500626e-16,0.0,-6.411537967210287e-17
180.0,0.0305,0.0,4.440892098500626e-16,0.0,-6.411537967210287e-17
180.0,0.0315,0.0,4.440892098500626e-16,0.0,-6.411537967210287e-17
180.0,0.0325,0.0,4.440892098500626e-16,0.0,-6.411537967210287e-17
180.0,0.0335,0.0,4.440892098500626e-16,0.0,-6.411537967210287e-17
180.0,0.0345,0.0,4.440892098500626e-16,0.0,-6.411537967210287e-17
180.0,0.0355,0.0,4.440892098500626e-16,0.0,-6.411537967210287e-17
180.0,0.0365,0.0,4.440892098500626e-16,0.0,-6.411537967210287e-17
180.0,0.0375,0.0,4.440892098500626e-16,0.0,-6.411537967210287e-17
180.0,0.0385,0.0,4.440892098500626e-16,0.0,-6.411537967210287e-17
180.0,0.0395,0.0,4.440892098500626e-16,0.0,-6.411537967210287e-17
180.0,0.0405,0.0,4.440892098500626e-16,0.0,-6.411537967210287e-17
180.0,0.0415,0.0,4.440892098500626e-16,0.0,-6.411537967210287e-17
180.0,0.0425,0.0,4.440892098500626e-16,0.0,-6.411537967210287e-17
180.0,0.0435,0.0,4.440892098500626e-16,0.0,-6.411537967210287e-17
180.0,0.0445,0.0,4.440892098500626e-16,0.0,-6.411537967210287e-17
180.0,0.0455,0.0,4.440892098500626e-16,0.0,-6.411537967210287e-17
180.0,0.0465,0.0,4.440892098500626e-16,0.0,-6.411537967210287e-17
180.0,0.0475,0.0,4.440892098500626e-16,0.0,-6.411537967210287e-17
180.0,0.0485,0.0,4.440892098500626e-16,0.0,-6.411537967210287e-17
180.0,0.0495,0.0,4.440892098500626e-16,0.0,-6.411537967210287e-17
180.0,0.0505,0.0,4.440892098500626e-16,0.0,-6.411537967210287e-17
180.0,0.0515,0.0,4.440892098500626e-16,0.0,-6.411537967210287e-17
180.0,0.0525,0.0,4.440892098500626e-16,0.0,-6.411537967210287e-17
180.0,0.0535,0.0,4.440892098500626e-16,0.0,-6.411537967210287e-17
180.0,0.0545,0.0,4.440892098500626e-16,0.0,-6.411537967210287e-17
180.0,0.0555,0.0,4.440892098500626e-16,0.0,-6.411537967210287e-17
180.0,0.0565,0.0,4.440892098500626e-16,0.0,-6.411537967210287e-17
180.0,0.0575,0.0,4.440892098500626e-16,0.0,-6.411537967210287e-17
180.0,0.0585,0.0,4.440892098500626e-16,0.0,-6.411537967210287e-17
180.0,0.0595,0.0,4.440892098500626e-16,0.0,-6.411537967210287e-17
180.0,0.0605,0.0,4.440892098500626e-16,0.0,-6.411537967210287e-17
180.0,0.0615,0.0,4.440892098500626e-16,0.0,-6.411537967210287e-17
180.0,0.0625,0.0,4.440892098500626e-16,0.0,-6.411537967210287e-17
180.0,0.0635,0.0,4.440892098500626e-16,0.0,-6.411537967210287e-17
180.0,0.0645,0.0,4.440892098500626e-16,0.0,-6.411537967210287e-17
180.0,0.0655,0.0,4.440892098500626e-16,0.0,-6.411537967210287e-17
180.0,0.0665,0.0,4.440892098500626e-16,0.0,-6.411537967210287e-17
180.0,0.0675,0.0,4.440892098500626e-16,0.0,-6.411537967210287e-17
180.0,0.0685,0.0,4.440892098500626e-16,0.0,-6.411537967210287e-17
180.0,0.0695,5.684341886080802e-14,4.440892098500626e-16,4.4764192352886304e-15,-6.411537967210287e-17
180.0,0.0705,1.1368683772161603e-13,4.440892098500626e-16,3.261391157138861e-14,-6.411537967210287e-17
180.0,0.0715,1.7053025658242404e-13,4.440892098500626e-16,9.958256441677806e-14,-6.411537967210287e-17
180.0,0.0725,3.410605131648481e-13,4.440892098500626e-16,2.3334223442361693e-13,-6.411537967210287e-17
180.0,0.0735,7.958078640513122e-13,4.440892098500626e-16,5.644551492878235e-13,-6.411537967210287e-17
180.0,0.0745,1.5916157281026244e-12,4.440892098500626e-16,1.2730438925245836e-12,-6.411537967210287e-17
180.0,0.0755,3.467448550509289e-12,4.440892098500626e-16,2.9216806751719563e-12,-6.411537967210287e-17
180.0,0.0765,7.673861546209082e-12,4.440892098500626e-16,6.511271521958406e-12,-6.411537967210287e-17
180.0,0.0775,1.6825651982799172e-11,4.440892098500626e-16,1.4389982538887125e-11,-6.411537967210287e-17
180.0,0.0785,3.6550318327499554e-11,4.440892098500626e-16,3.137959225796294e-11,-6.411537967210287e-17
180.0,0.0795,7.889866537880152e-11,4.440892098500626e-16,6.762725490716548e-11,-6.411537967210287e-17
180.0,0.0805,1.680859895714093e-10,4.440892098500626e-16,1.4404111681187715e-10,-6.411537967210287e-17
180.0,0.0815,3.538502824085299e-10,4.440892098500626e-16,3.0321956501211395e-10,-6.411537967210287e-17
180.0,0.0825,7.360085874097422e-10,4.440892098500626e-16,6.308487954242991e-10,-6.411537967210287e-17
180.0,0.0835,1.513001279818127e-09,4.440892098500626e-16,1.2968826013093349e-09,-6.411537967210287e-17
180.0,0.0845,3.0728415367775597e-09,4.440892098500626e-16,2.6344927306354294e-09,-6.411537967210287e-17
180.0,0.0855,6.166203547763871e-09,4.440892098500626e-16,5.2879395795457646e-09,-6.411537967210287e-17
180.0,0.0865,1.222537093781284e-08,4.440892098500626e-16,1.0486963581968212e-08,-6.411537967210287e-17
180.0,0.0875,2.3947279714775505e-08,4.440892098500626e-16,2.0547997117148497e-08,-6.411537967210287e-17
180.0,0.0885,4.634267725123209e-08,4.440892098500626e-16,3.9776938898228306e-08,-6.411537967210287e-17
180.0,0.0895,8.859882427714183e-08,4.440892098500626e-16,7.60714927139361e-08,-6.411537967210287e-17
180.0,0.0905,1.6733321217543562e-07,4.440892098500626e-16,1.437242910995451e-07,-6.411537967210287e-17
180.0,0.0915,3.12201450469729e-07,4.440892098500626e-16,2.682548794652462e-07,-6.411537967210287e-17
180.0,0.0925,5.754127982982027e-07,4.440892098500626e-16,4.946156040475102e-07,-6.411537967210287e-17
180.0,0.0935,1.0476380225554749e-06,4.440892098500626e-16,9.009216120148269e-07,-6.411537967210287e-17
180.0,0.0945,1.8842053464140918e-06,4.440892098500626e-16,1.621079675508952e-06,-6.411537967210287e-17
180.0,0.0955,3.3475823215667333e-06,4.440892098500626e-16,2.881522276041437e-06,-6.411537967210287e-17
180.0,0.0965,5.875224474038987e-06,4.440892098500626e-16,5.059937414380045e-06,-6.411537967210287e-17
180.0,0.0975,1.01862656265439e-05,4.440892098500626e-16,8.777734410614356e-06,-6.411537967210287e-17
180.0,0.0985,1.7446701406242937e-05,4.440892098500626e-16,1.5043394514293597e-05,-6.411537967210287e-17
180.0,0.0995,2.952115374910136e-05,4.440892098500626e-16,2.5471284956104517e-05,-6.411537967210287e-17
180.0,0.1005,4.935057535249143e-05,4.440892098500626e-16,4.2610483100489205e-05,-6.411537967210287e-17
180.0,0.1015,8.150994477773565e-05,4.440892098500626e-16,7.04312049850131e-05,-6.411537967210287e-17
180.0,0.1025,0.00013301856955649782,4.440892098500626e-16,0.00011503305339100934,-6.411537967210287e-17
180.0,0.1035,0.00021449841199228104,4.440892098500626e-16,0.000185659847509676,-6.411537967210287e-17
180.0,0.1045,0.0003418027633870224,4.440892098500626e-16,0.0002961303303119323,-6.411537967210287e-17
180.0,0.1055,0.000538267983699825,4.440892098500626e-16,0.0004668221347751356,-6.411537967210287e-17
180.0,0.1065,0.0008377732843314334,4.440892098500626e-16,0.0007273768073540055,-6.411537967210287e-17
180.0,0.1075,0.0012888247318301183,4.440892098500626e-16,0.0011203240792687908,-6.411537967210287e-17
180.0,0.1085,0.001959905082401292,4.440892098500626e-16,0.0017058499887810542,-6.411537967210287e-17
180.0,0.1095,0.002946343681117014,8.881784197001252e-16,0.0025679498702031365,-3.980149543281186e-16
180.0,0.1105,0.0043789507859059995,1.1546319456101628e-14,0.003822205155735503,-8.197054146563688e-15
180.0,0.1115,0.006434615980140279,1.7674750552032492e-13,0.005625391416216061,-1.679875683002763e-13
180.0,0.1125,0.009348976879493875,2.807976073881946e-12,0.008187051479568695,-2.7059846030574877e-12
180.0,0.1135,0.01343110916718615,4.179234736056969e-11,0.011783039842355406,-4.037505801912644e-11
180.0,0.1145,0.01907996502421838,5.759974719410366e-10,0.01677085605393085,-5.575638234445179e-10
180.0,0.1155,0.026802000284476435,7.304174598488089e-09,0.023606340139221093,-7.08400659910069e-09
180.0,0.1165,0.037229108560211444,8.46021719347334e-08,0.032861026715421994,-8.221114909640059e-08
180.0,0.1175,0.05113567805807406,8.874394796798413e-07,0.045239195734160374,-8.640481738733662e-07
180.0,0.1185,0.06945338492977271,8.344638010804317e-06,0.061593490456605046,-8.140756181418961e-06
180.0,0.1195,0.09328232881108534,6.947293786296882e-05,0.08293798240453842,-6.791064427454529e-05
180.0,0.1205,0.12389737753909458,0.0005043923808942807,0.11045781829236025,-0.0004940385544791198
180.0,0.1215,0.16274913861940377,0.0031339827549063948,0.14551510385382505,-0.003075827688346951
180.0,0.1225,0.2114597448138511,0.016283637827729347,0.18965140052030963,-0.01601370965041127
180.0,0.1235,0.27181446245668894,0.06885807855317827,0.2445879808864728,-0.06785531348379045
180.0,0.1245,0.3457507723438198,0.23049567943864657,0.31222560049996084,-0.22764508690331745
180.0,0.125,0.3905487932523215,0.4083524485593206,0.3534357053845429,-0.40403126383935145
240.0,0.0,5.684341886080802e-14,4.440892098500626e-16,1.3145040611561877e-15,-3.608224830031802e-18
240.0,0.0005,0.0,4.440892098500626e-16,0.0,-2.1926904736346864e-17
240.0,0.0015,0.0,4.440892098500626e-16,0.0,-2.1926904736346864e-17
240.0,0.0025,0.0,4.440892098500626e-16,0.0,-2.1926904736346864e-17
240.0,0.0035,0.0,4.440892098500626e-16,0.0,-2.1926904736346864e-17
240.0,0.0045,0.0,4.440892098500626e-16,0.0,-2.1926904736346864e-17
240.0,0.0055,0.0,4.440892098500626e-16,0.0,-2.1926904736346864e-17
240.0,0.0065,0.0,4.440892098500626e-16,0.0,-2.1926904736346864e-17
240.0,0.0075,0.0,4.440892098500626e-16,0.0,-2.1926904736346864e-17
240.0,0.0085,0.0,4.440892098500626e-16,0.0,-2.1926904736346864e-17
240.0,0.0095,0.0,4.440892098500626e-16,0.0,-2.1926904736346864e-17
240.0,0.0105,0.0,4.440892098500626e-16,0.0,-2.1926904736346864e-17
240.0,0.0115,0.0,4.440892098500626e-16,0.0,-2.1926904736346864e-17
240.0,0.0125,0.0,4.440892098500626e-16,0.0,-2.1926904736346864e-17
240.0,0.0135,0.0,4.440892098500626e-16,0.0,-2.1926904736346864e-17
240.0,0.0145,0.0,4.440892098500626e-16,0.0,-2.1926904736346864e-17
240.0,0.0155,0.0,4.440892098500626e-16,0.0,-2.1926904736346864e-17
240.0,0.0165,0.0,4.440892098500626e-16,0.0,-2.1926904736346864e-17
240.0,0.0175,0.0,4.440892098500626e-16,0.0,-2.1926904736346864e-17
240.0,0.0185,0.0,4.440892098500626e-16,0.0,-2.1926904736346864e-17
240.0,0.0195,0.0,4.440892098500626e-16,0.0,-2.1926904736346864e-17
240.0,0.0205,0.0,4.440892098500626e-16,0.0,-2.1926904736346864e-17
240.0,0.0215,0.0,4.440892098500626e-16,0.0,-2.1926904736346864e-17
240.0,0.0225,0.0,4.440892098500626e-16,0.0,-2.1926904736346864e-17
240.0,0.0235,0.0,4.440892098500626e-16,0.0,-2.1926904736346864e-17
240.0,0.0245,0.0,4.440892098500626e-16,0.0,-2.1926904736346864e-17
240.0,0.0255,0.0,4.440892098500626e-16,0.0,-2.1926904736346864e-17
240.0,0.0265,0.0,4.440892098500626e-16,0.0,-2.1926904736346864e-17
240.0,0.0275,0.0,4.440892098500626e-16,0.0,-2.1926904736346864e-17
240.0,0.0285,0.0,4.440892098500626e-16,0.0,-2.1926904736346864e-17
240.0,0.0295,0.0,4.440892098500626e-16,0.0,-2.1926904736346864e-17
240.0,0.0305,0.0,4.440892098500626e-16,0.0,-2.1926904736346864e-17
240.0,0.0315,0.0,4.440892098500626e-16,0.0,-2.1926904736346864e-17
240.0,0.0325,0.0,4.440892098500626e-16,0.0,-2.1926904736346864e-17
240.0,0.0335,0.0,4.440892098500626e-16,0.0,-2.1926904736346864e-17
240.0,0.0345,0.0,4.440892098500626e-16,0.0,-2.1926904736346864e-17
240.0,0.0355,0.0,4.440892098500626e-16,0.0,-2.1926904736346864e-17
240.0,0.0365,0.0,4.440892098500626e-16,0.0,-2.1926904736346864e-17
240.0,0.0375,0.0,4.440892098500626e-16,0.0,-2.1926904736346864e-17
240.0,0.0385,0.0,4.440892098500626e-16,0.0,-2.1926904736346864e-17
240.0,0.0395,0.0,4.440892098500626e-16,0.0,-2.1926904736346864e-17
240.0,0.0405,0.0,4.440892098500626e-16,0.0,-2.1926904736346864e-17
240.0,0.0415,0.0,4.440892098500626e-16,0.0,-2.1926904736346864e-17
240.0,0.0425,0.0,4.440892098500626e-16,0.0,-2.1926904736346864e-17
240.0,0.0435,0.0,4.440892098500626e-16,0.0,-2.1926904736346864e-17
240.0,0.0445,0.0,4.440892098500626e-16,0.0,-2.1926904736346864e-17
240.0,0.0455,0.0,4.440892098500626e-16,0.0,-2.1926904736346864e-17
240.0,0.0465,0.0,4.440892098500626e-16,0.0,-2.1926904736346864e-17
240.0,0.0475,0.0,4.440892098500626e-16,0.0,-2.1926904736346864e-17
240.0,0.0485,0.0,4.440892098500626e-16,0.0,-2.1926904736346864e-17
240.0,0.0495,0.0,4.440892098500626e-16,0.0,-2.1926904736346864e-17
240.0,0.0505,0.0,4.440892098500626e-16,0.0,-2.1926904736346864e-17
240.0,0.0515,0.0,4.440892098500626e-16,0.0,-2.1926904736346864e-17
240.0,0.0525,0.0,4.440892098500626e-16,0.0,-2.1926904736346864e-17
240.0,0.0535,0.0,4.440892098500626e-16,0.0,-2.1926904736346864e-17
240.0,0.0545,0.0,4.440892098500626e-16,0.0,-2.1926904736346864e-17
240.0,0.0555,0.0,4.440892098500626e-16,0.0,-2.1926904736346864e-17
240.0,0.0565,0.0,4.440892098500626e-16,0.0,-2.1926904736346864e-17
240.0,0.0575,0.0,4.440892098500626e-16,0.0,-2.1926904736346864e-17
240.0,0.0585,5.684341886080802e-14,4.440892098500626e-16,-2.0961010704922927e-15,-2.1926904736346864e-17
240.0,0.0595,5.684341886080802e-14,4.440892098500626e-16,7.815970093361128e-16,-2.1926904736346864e-17
240.0,0.0605,5.684341886080802e-14,4.440892098500626e-16,1.1297629498585581e-14,-2.1926904736346864e-17
240.0,0.0615,5.684341886080802e-14,4.440892098500626e-16,4.4373393848218245e-14,-2.1926904736346864e-17
240.0,0.0625,1.1368683772161603e-13,4.440892098500626e-16,8.66862137627322e-14,-2.1926904736346864e-17
240.0,0.0635,2.2737367544323206e-13,4.440892098500626e-16,1.6068923969214665e-13,-2.1926904736346864e-17
240.0,0.0645,3.979039320256561e-13,4.440892098500626e-16,3.1963764968168106e-13,-2.1926904736346864e-17
240.0,0.0655,8.526512829121202e-13,4.440892098500626e-16,6.38387120943662e-13,-2.1926904736346864e-17
240.0,0.0665,1.5916157281026244e-12,4.440892098500626e-16,1.2949996630595706e-12,-2.1926904736346864e-17
240.0,0.0675,3.183231456205249e-12,4.440892098500626e-16,2.6268764941050907e-12,-2.1926904736346864e-17
240.0,0.0685,6.423306331271306e-12,4.440892098500626e-16,5.3127280352782694e-12,-2.1926904736346864e-17
240.0,0.0695,1.2846612662542611e-11,4.440892098500626e-16,1.0670149208635847e-11,-2.1926904736346864e-17
240.0,0.0705,2.5636381906224415e-11,4.440892098500626e-16,2.129347365098511e-11,-2.1926904736346864e-17
240.0,0.0715,5.0874859880423173e-11,4.440892098500626e-16,4.218776439302019e-11,-2.1926904736346864e-17
240.0,0.0725,9.99875737761613e-11,4.440892098500626e-16,8.28756085979876e-11,-2.1926904736346864e-17
240.0,0.0735,1.9463186617940664e-10,4.440892098500626e-16,1.6133501645754224e-10,-2.1926904736346864e-17
240.0,0.0745,3.7539393815677613e-10,4.440892098500626e-16,3.112650759362623e-10,-2.1926904736346864e-17
240.0,0.0755,7.175344762799796e-10,4.440892098500626e-16,5.950435522095176e-10,-2.1926904736346864e-17
240.0,0.0765,1.3589556147053372e-09,4.440892098500626e-16,1.1270440225530367e-09,-2.1926904736346864e-17
240.0,0.0775,2.5494273359072395e-09,4.440892098500626e-16,2.1148476037069488e-09,-2.1926904736346864e-17
240.0,0.0785,4.738240022561513e-09,4.440892098500626e-16,3.931394445544356e-09,-2.1926904736346864e-17
240.0,0.0795,8.723816335987067e-09,4.440892098500626e-16,7.2399703299197434e-09,-2.1926904736346864e-17
240.0,0.0805,1.5911211903585354e-08,4.440892098500626e-16,1.3208148139653984e-08,-2.1926904736346864e-17
240.0,0.0815,2.874759275073302e-08,4.440892098500626e-16,2.3870331915532006e-08,-2.1926904736346864e-17
240.0,0.0825,5.145216164237354e-08,4.440892098500626e-16,4.273475731508824e-08,-2.1926904736346864e-17
240.0,0.0835,9.122248911808128e-08,4.440892098500626e-16,7.578932507357195e-08,-2.1926904736346864e-17
240.0,0.0845,1.6021164128687815e-07,4.440892098500626e-16,1.3314880142445418e-07,-2.1926904736346864e-17
240.0,0.0855,2.7872783903148957e-07,4.440892098500626e-16,2.317227032477831e-07,-2.1926904736346864e-17
240.0,0.0865,4.803535489372734e-07,4.440892098500626e-16,3.9948727678762444e-07,-2.1926904736346864e-17
240.0,0.0875,8.200444767680892e-07,4.440892098500626e-16,6.8224829757213e-07,-2.1926904736346864e-17
240.0,0.0885,1.38679507699635e-06,4.440892098500626e-16,1.1542251846208273e-06,-2.1926904736346864e-17
240.0,0.0895,2.3232158810060355e-06,4.440892098500626e-16,1.9344244580210556e-06,-2.1926904736346864e-17
240.0,0.0905,3.855442798794684e-06,4.440892098500626e-16,3.2116776416657444e-06,-2.1926904736346864e-17
240.0,0.0915,6.338296827834711e-06,4.440892098500626e-16,5.2824817516849975e-06,-2.1926904736346864e-17
240.0,0.0925,1.0322660500605707e-05,4.440892098500626e-16,8.60751830462192e-06,-2.1926904736346864e-17
240.0,0.0935,1.6654807666327542e-05,4.440892098500626e-16,1.3895071608978072e-05,-2.1926904736346864e-17
240.0,0.0945,2.662106754769411e-05,4.440892098500626e-16,2.2222676953269623e-05,-2.1926904736346864e-17
240.0,0.0955,4.215594736933781e-05,4.440892098500626e-16,3.5212373709256894e-05,-2.1926904736346864e-17
240.0,0.0965,6.613783853026689e-05,4.440892098500626e-16,5.5280091181195704e-05,-2.1926904736346864e-17
240.0,0.0975,0.00010280387732564122,4.440892098500626e-16,8.598610778928872e-05,-2.1926904736346864e-17
240.0,0.0985,0.0001583245021379298,4.440892098500626e-16,0.00013252130582898757,-2.1926904736346864e-17
240.0,0.0995,0.00024158873947044412,4.440892098500626e-16,0.00020237310644652954,-2.1926904736346864e-17
240.0,0.1005,0.00036526305910911105,4.440892098500626e-16,0.0003062253851072683,-2.1926904736346864e-17
240.0,0.1015,0.000547199305799495,4.440892098500626e-16,0.0004591579969937954,-2.1926904736346864e-17
240.0,0.1025,0.0008122799470697828,4.440892098500626e-16,0.0006822231613494623,-2.1926904736346864e-17
240.0,0.1035,0.0011948004512305488,4.440892098500626e-16,0.0010044868926750538,-2.1926904736346864e-17
240.0,0.1045,0.001741497311115836,4.440892098500626e-16,0.0014656325344336453,-2.1926904736346864e-17
240.0,0.1055,0.002515333820781507,4.440892098500626e-16,0.002119228416452152,-2.1926904736346864e-17
240.0,0.1065,0.0036001514475287877,4.440892098500626e-16,0.0030367604331818406,-2.1926904736346864e-17
240.0,0.1075,0.005106279319193163,4.440892098500626e-16,0.004312520235319007,-8.548717289613702e-17
240.0,0.1085,0.007177164443817219,3.552713678800501e-15,0.006069417713367251,-1.4560574967958928e-15
240.0,0.1095,0.009997037126936448,3.552713678800501e-14,0.008465749287568406,-3.158667771785418e-14
240.0,0.1105,0.013799556084052256,4.658495811327157e-13,0.011702897922964013,-4.4027587131623133e-13
240.0,0.1115,0.0188772829473578,5.991207530087195e-12,0.016033863787336636,-5.70417379996968e-12
240.0,0.1125,0.025591714595122994,7.234968180114265e-11,0.021772424104552962,-6.907413752088587e-11
240.0,0.1135,0.03438345530940978,8.140617069329892e-10,0.029302597520999323,-7.791097705878159e-10
240.0,0.1145,0.0457819461530562,8.490049108189623e-09,0.03908794763828333,-8.145278251880939e-09
240.0,0.1155,0.06041400251211826,8.158769126964671e-08,0.051680116259756805,-7.846668203137507e-08
240.0,0.1165,0.0790102723112227,7.17522404158899e-07,0.06772585579407768,-6.917861938704471e-07
240.0,0.1175,0.10240866222159184,5.729033782042592e-06,0.08797177317667032,-5.537364186158911e-06
240.0,0.1185,0.1315538443703872,4.114186230896877e-05,0.11326605717206739,-3.986560280841822e-05
240.0,0.1195,0.1674922077395422,0.0002627828967960433,0.1445566895004608,-0.00025527510622917
240.0,0.1205,0.2113620887110983,0.0014731124130649143,0.18288606910298927,-0.001434643709387154
240.0,0.1215,0.2643797836434487,0.007134152129918192,0.2293825915434573,-0.006965327998157794
240.0,0.1225,0.3278226179614876,0.02931375212253373,0.28525043735291794,-0.028691487719294934
240.0,0.1235,0.40301105191122133,0.10029500881617537,0.3517594816463139,-0.09841268447382547
240.0,0.1245,0.4912922342679735,0.2814180986460322,0.43023765558408394,-0.27688995228086755
240.0,0.125,0.5426598122979271,0.45668180245901,0.47615288406923617,-0.4502749673491035
300.0,0.0,5.684341886080802e-14,4.440892098500626e-16,2.131628207280356e-16,4.940492459581937e-17
300.0,0.0005,0.0,0.0,0.0,0.0
300.0,0.0015,0.0,0.0,0.0,0.0
300.0,0.0025,0.0,0.0,0.0,0.0
300.0,0.0035,0.0,0.0,0.0,0.0
300.0,0.0045,0.0,0.0,0.0,0.0
300.0,0.0055,0.0,0.0,0.0,0.0
300.0,0.0065,0.0,0.0,0.0,0.0
300.0,0.0075,0.0,0.0,0.0,0.0
300.0,0.0085,0.0,0.0,0.0,0.0
300.0,0.0095,0.0,0.0,0.0,0.0
300.0,0.0105,0.0,0.0,0.0,0.0
300.0,0.0115,0.0,0.0,0.0,0.0
300.0,0.0125,0.0,0.0,0.0,0.0
300.0,0.0135,0.0,0.0,0.0,0.0
300.0,0.0145,0.0,0.0,0.0,0.0
300.0,0.0155,0.0,0.0,0.0,0.0
300.0,0.0165,0.0,0.0,0.0,0.0
300.0,0.0175,0.0,0.0,0.0,0.0
300.0,0.0185,0.0,0.0,0.0,0.0
300.0,0.0195,0.0,0.0,0.0,0.0
300.0,0.0205,0.0,0.0,0.0,0.0
300.0,0.0215,0.0,0.0,0.0,0.0
300.0,0.0225,0.0,0.0,0.0,0.0
300.0,0.0235,0.0,0.0,0.0,0.0
300.0,0.0245,0.0,0.0,0.0,0.0
300.0,0.0255,0.0,0.0,0.0,0.0
300.0,0.0265,0.0,0.0,0.0,0.0
300.0,0.0275,0.0,0.0,0.0,0.0
300.0,0.0285,0.0,0.0,0.0,0.0
300.0,0.0295,0.0,0.0,0.0,0.0
300.0,0.0305,0.0,0.0,0.0,0.0
300.0,0.0315,0.0,0.0,0.0,0.0
300.0,0.0325,0.0,0.0,0.0,0.0
300.0,0.0335,0.0,0.0,0.0,0.0
300.0,0.0345,0.0,0.0,0.0,0.0
300.0,0.0355,0.0,0.0,0.0,0.0
300.0,0.0365,0.0,0.0,0.0,0.0
300.0,0.0375,0.0,0.0,0.0,0.0
300.0,0.0385,0.0,0.0,0.0,0.0
300.0,0.0395,0.0,0.0,0.0,0.0
300.0,0.0405,0.0,0.0,0.0,0.0
300.0,0.0415,0.0,0.0,0.0,0.0
300.0,0.0425,0.0,0.0,0.0,0.0
300.0,0.0435,0.0,0.0,0.0,0.0
300.0,0.0445,0.0,0.0,0.0,0.0
300.0,0.0455,0.0,0.0,0.0,0.0
300.0,0.0465,0.0,0.0,0.0,0.0
300.0,0.0475,0.0,0.0,0.0,0.0
300.0,0.0485,5.684341886080802e-14,0.0,-1.2789769243681807e-15,0.0
300.0,0.0495,5.684341886080802e-14,0.0,2.7000623958883796e-15,0.0
300.0,0.0505,5.684341886080802e-14,0.0,-1.8829382497642632e-15,0.0
300.0,0.0515,5.684341886080802e-14,0.0,7.389644451905037e-15,0.0
300.0,0.0525,1.1368683772161603e-13,0.0,1.509903313490213e-14,0.0
300.0,0.0535,1.1368683772161603e-13,0.0,3.648636948128114e-14,0.0
300.0,0.0545,1.7053025658242404e-13,0.0,6.767919558114956e-14,0.0
300.0,0.0555,2.2737367544323206e-13,0.0,1.0924594562311542e-13,0.0
300.0,0.0565,3.410605131648481e-13,0.0,2.0229151687090054e-13,0.0
300.0,0.0575,5.684341886080801e-13,0.0,3.859312869280984e-13,0.0
300.0,0.0585,9.663381206337363e-13,0.0,7.362643827946159e-13,0.0
300.0,0.0595,1.7621459846850485e-12,0.0,1.361577517400292e-12,0.0
300.0,0.0605,3.183231456205249e-12,0.0,2.559055189976789e-12,0.0
300.0,0.0615,6.0822458181064576e-12,0.0,4.8597570412312055e-12,0.0
300.0,0.0625,1.1368683772161603e-11,0.0,9.151186475264694e-12,0.0
300.0,0.0635,2.120259523508139e-11,0.0,1.7160850518394e-11,0.0
300.0,0.0645,3.956301952712238e-11,0.0,3.2008884431888876e-11,0.0
300.0,0.0655,7.321432349272072e-11,0.0,5.928217916562062e-11,0.0
300.0,0.0665,1.3460521586239338e-10,0.0,1.0900208735620254e-10,0.0
300.0,0.0675,2.4562041289755143e-10,0.0,1.9894777381068707e-10,0.0
300.0,0.0685,4.4502712626126595e-10,0.0,3.6041029716216143e-10,0.0
300.0,0.0695,7.998437467904296e-10,0.0,6.479767833411643e-10,0.0
300.0,0.0705,1.4269403436628636e-09,0.0,1.1561067481125067e-09,0.0
300.0,0.0715,2.5257804736611433e-09,0.0,2.046937161992446e-09,0.0
300.0,0.0725,4.43696990259923e-09,0.0,3.5963924815973773e-09,0.0
300.0,0.0735,7.734342943876982e-09,0.0,6.27028164501553e-09,0.0
300.0,0.0745,1.337838284598547e-08,0.0,1.0848215978853659e-08,0.0
300.0,0.0755,2.2963149604038335e-08,0.0,1.8624248347975933e-08,0.0
300.0,0.0765,3.9111171190597815e-08,0.0,3.172829359243679e-08,0.0
300.0,0.0775,6.610173386434326e-08,0.0,5.3636631101028343e-08,0.0
300.0,0.0785,1.1085774076491361e-07,0.0,8.997530457577341e-08,0.0
300.0,0.0795,1.8448508853907697e-07,0.0,1.4977267483118338e-07,0.0
300.0,0.0805,3.0464826750176144e-07,0.0,2.4739468567958056e-07,0.0
300.0,0.0815,4.992064077669056e-07,0.0,4.0550693682916975e-07,0.0
300.0,0.0825,8.117216907521652e-07,0.0,6.595662711106343e-07,0.0
300.0,0.0835,1.3097297255626472e-06,0.0,1.064567771642544e-06,0.0
300.0,0.0845,2.097038532156148e-06,0.0,1.7050840349952524e-06,0.0
300.0,0.0855,3.3318395367132325e-06,0.0,2.71006114342498e-06,0.0
300.0,0.0865,5.253126118986984e-06,0.0,4.274415577896207e-06,0.0
300.0,0.0875,8.2188487908752e-06,0.0,6.6902528851287e-06,0.0
300.0,0.0885,1.2760483343754458e-05,0.0,1.039155250502688e-05,0.0
300.0,0.0895,1.966028855804325e-05,0.0,1.6017494457578607e-05,0.0
300.0,0.0905,3.0059588311814878e-05,0.0,2.45013041441311e-05,0.0
300.0,0.0915,4.560897673400177e-05,0.0,3.71936306471099e-05,0.0
300.0,0.0925,6.867450741765424e-05,0.0,5.603211105103867e-05,0.0
300.0,0.0935,0.00010261773144293329,0.0,8.377196203841919e-05,0.0
300.0,0.0945,0.00015217191639749217,0.0,0.00012429620364585504,0.0
300.0,0.0955,0.00022394189232954886,0.0,0.00018302845170882874,0.0
300.0,0.0965,0.00032706061739418146,0.0,0.000267476043095165,0.0
300.0,0.0975,0.00047404155839103623,0.0,0.00038793643605984586,0.0
300.0,0.0985,0.0006818719955390407,0.0,0.0005584051119722134,0.0
300.0,0.0995,0.0009733979325119435,0.0,0.0007977282178042344,0.0
300.0,0.1005,0.0013790557532615821,0.0,0.0011310474241692959,0.0
300.0,0.1015,0.0019390083082271303,0.0,0.0015915872678597864,0.0
300.0,0.1025,0.0027057427208774243,0.0,0.0022228358104408484,0.0
300.0,0.1035,0.003747182817335215,0.0,0.0030811669086907756,0.0
300.0,0.1045,0.005150359634285451,0.0,0.00423894593242256,0.0
300.0,0.1055,0.0070256682174658636,4.440892098500626e-16,0.005788149835930803,-1.804112415015884e-17
300.0,0.1065,0.009511717875000159,1.3322676295501878e-15,0.007844517205771525,-3.5915714846623813e-16
300.0,0.1075,0.012780757613199967,9.769962616701378e-15,0.01055222568940163,-4.344025139602082e-15
300.0,0.1085,0.017044632484214617,7.105427357601002e-14,0.014089076679061742,-5.787065271434245e-14
300.0,0.1095,0.022561207521334836,7.349676423018536e-13,0.018672157296037818,-6.83907097620562e-13
300.0,0.1105,0.02964119625175954,8.065548229296837e-12,0.02456395918944743,-7.58299950609498e-12
300.0,0.1115,0.038655368469733276,8.378409077636206e-11,0.03207897926010208,-7.902691834260622e-11
300.0,0.1125,0.050042209365699364,8.154947828131753e-10,0.0415909301396508,-7.714128977265311e-10
300.0,0.1135,0.06431628115450394,7.402902291175906e-09,0.05354086889181414,-7.023028774644225e-09
300.0,0.1145,0.08207781042625584,6.23698048762833e-08,0.0684468222303812,-5.9342595502276394e-08
300.0,0.1155,0.10402437469053893,4.849706543019749e-07,0.08691583263568313,-4.627967705506109e-07
300.0,0.1165,0.13096593027580639,3.4581808812106374e-06,0.10965971749734331,-3.3099127791169635e-06
300.0,0.1175,0.16384469276914615,2.244739734624801e-05,0.13751611363204405,-2.1549507238967093e-05
300.0,0.1185,0.2037613783157326,0.00013150777696724347,0.17147641199181535,-0.0001266280252304819
300.0,0.1195,0.25200884847419047,0.0006884591697309261,0.21272179339852743,-0.0006649094720917559
300.0,0.1205,0.3101131350963442,0.003183772492269199,0.26266762511364106,-0.0030840647293105036
300.0,0.1215,0.3798801640825218,0.012837949437095375,0.3230149753730392,-0.012472593597331879
300.0,0.1225,0.46344448269451277,0.04452190894191865,0.3958061645191568,-0.0433804446145547
300.0,0.1235,0.5633143961073301,0.13115234086778127,0.483479536194053,-0.1281618878245825
300.0,0.1245,0.6824067471193302,0.3258068746586673,0.5889175776411553,-0.3193872190674648
300.0,0.125,0.7532357141669195,0.49882130225420784,0.6522001317141048,-0.4901413679380097
360.0,0.0,5.684341886080802e-14,4.440892098500626e-16,-4.547473508864662e-15,3.858025010572435e-17
360.0,0.0005,0.0,0.0,0.0,0.0
360.0,0.0015,0.0,0.0,0.0,0.0
360.0,0.0025,0.0,0.0,0.0,0.0
360.0,0.0035,0.0,0.0,0.0,0.0
360.0,0.0045,0.0,0.0,0.0,0.0
360.0,0.0055,0.0,0.0,0.0,0.0
360.0,0.0065,0.0,0.0,0.0,0.0
360.0,0.0075,0.0,0.0,0.0,0.0
360.0,0.0085,0.0,0.0,0.0,0.0
360.0,0.0095,0.0,0.0,0.0,0.0
360.0,0.0105,0.0,0.0,0.0,0.0
360.0,0.0115,0.0,0.0,0.0,0.0
360.0,0.0125,0.0,0.0,0.0,0.0
360.0,0.0135,0.0,0.0,0.0,0.0
360.0,0.0145,0.0,0.0,0.0,0.0
360.0,0.0155,0.0,0.0,0.0,0.0
360.0,0.0165,0.0,0.0,0.0,0.0
360.0,0.0175,0.0,0.0,0.0,0.0
360.0,0.0185,0.0,0.0,0.0,0.0
360.0,0.0195,0.0,0.0,0.0,0.0
360.0,0.0205,0.0,0.0,0.0,0.0
360.0,0.0215,0.0,0.0,0.0,0.0
360.0,0.0225,0.0,0.0,0.0,0.0
360.0,0.0235,0.0,0.0,0.0,0.0
360.0,0.0245,0.0,0.0,0.0,0.0
360.0,0.0255,0.0,0.0,0.0,0.0
360.0,0.0265,0.0,0.0,0.0,0.0
360.0,0.0275,0.0,0.0,0.0,0.0
360.0,0.0285,0.0,0.0,0.0,0.0
360.0,0.0295,0.0,0.0,0.0,0.0
360.0,0.0305,0.0,0.0,0.0,0.0
360.0,0.0315,0.0,0.0,0.0,0.0
360.0,0.0325,0.0,0.0,0.0,0.0
360.0,0.0335,0.0,0.0,0.0,0.0
360.0,0.0345,0.0,0.0,0.0,0.0
360.0,0.0355,0.0,0.0,0.0,0.0
360.0,0.0365,0.0,0.0,0.0,0.0
360.0,0.0375,0.0,0.0,0.0,0.0
360.0,0.0385,0.0,0.0,0.0,0.0
360.0,0.0395,0.0,0.0,0.0,0.0
360.0,0.0405,0.0,0.0,0.0,0.0
360.0,0.0415,0.0,0.0,0.0,0.0
360.0,0.0425,0.0,0.0,0.0,0.0
360.0,0.0435,5.684341886080802e-14,0.0,-7.105427357601003e-16,0.0
360.0,0.0445,5.684341886080802e-14,0.0,3.730349362740526e-15,0.0
360.0,0.0455,5.684341886080802e-14,0.0,1.0160761121369434e-14,0.0
360.0,0.0465,1.1368683772161603e-13,0.0,1.5738521597086218e-14,0.0
360.0,0.0475,1.1368683772161603e-13,0.0,5.076827847005916e-14,0.0
360.0,0.0485,1.7053025658242404e-13,0.0,8.732570222491631e-14,0.0
360.0,0.0495,2.8421709430404007e-13,0.0,1.6257217794191092e-13,0.0
360.0,0.0505,3.979039320256561e-13,0.0,2.942357468782575e-13,0.0
360.0,0.0515,6.821210263296962e-13,0.0,5.423217430688965e-13,0.0
360.0,0.0525,1.2505552149377763e-12,0.0,9.812950452214865e-13,0.0
360.0,0.0535,2.2168933355715126e-12,0.0,1.7514523165118592e-12,0.0
360.0,0.0545,3.865352482534945e-12,0.0,3.1334579375652543e-12,0.0
360.0,0.0555,6.991740519879386e-12,0.0,5.61438895374522e-12,0.0
360.0,0.0565,1.2505552149377763e-11,0.0,1.0068852418498862e-11,0.0
360.0,0.0575,2.2396307031158358e-11,0.0,1.797573645490047e-11,0.0
360.0,0.0585,3.9960923459148034e-11,0.0,3.192138109398002e-11,0.0
360.0,0.0595,7.065636964398436e-11,0.0,5.6365578871009354e-11,0.0
360.0,0.0605,1.240323399542831e-10,0.0,9.894048247360843e-11,0.0
360.0,0.0615,2.1645973902195692e-10,0.0,1.7263488416574544e-10,0.0
360.0,0.0625,3.753370947379153e-10,0.0,2.9928564515557814e-10,0.0
360.0,0.0635,6.465370461228304e-10,0.0,5.155539994916581e-10,0.0
360.0,0.0645,1.1066276783822104e-09,0.0,8.823671748814376e-10,0.0
360.0,0.0655,1.8816876945493277e-09,0.0,1.5004107112304153e-09,0.0
360.0,0.0665,3.1785134524398018e-09,0.0,2.5347177867729443e-09,0.0
360.0,0.0675,5.334015895641642e-09,0.0,4.254150738347562e-09,0.0
360.0,0.0685,8.892698133422527e-09,0.0,7.09343396465556e-09,0.0
360.0,0.0695,1.4728755104442826e-08,0.0,1.1750478456917791e-08,0.0
360.0,0.0705,2.4235134787886636e-08,0.0,1.933787658003894e-08,0.0
360.0,0.0715,3.961656602768926e-08,0.0,3.1616648143995004e-08,0.0
360.0,0.0725,6.433646149162087e-08,0.0,5.135417435297996e-08,0.0
360.0,0.0735,1.0379761761214468e-07,0.0,8.286839786819655e-08,0.0
360.0,0.0745,1.663667035245453e-07,0.0,1.3284812698799443e-07,0.0
360.0,0.0755,2.6490818072488764e-07,0.0,2.1158060349080187e-07,0.0
360.0,0.0765,4.190584945718001e-07,0.0,3.347733111880302e-07,0.0
360.0,0.0775,6.585743790310516e-07,0.0,5.262367806579959e-07,0.0
360.0,0.0785,1.0282216749146755e-06,0.0,8.21803331483295e-07,0.0
360.0,0.0795,1.594855177700083e-06,0.0,1.2750054115784338e-06,0.0
360.0,0.0805,2.45758951677999e-06,0.0,1.9652363744526725e-06,0.0
360.0,0.0815,3.7622886566168745e-06,0.0,3.0093831374600194e-06,0.0
360.0,0.0825,5.722037030864158e-06,0.0,4.578270609627566e-06,0.0
360.0,0.0835,8.64581960513533e-06,0.0,6.9197140005172745e-06,0.0
360.0,0.0845,1.2978360757642804e-05,0.0,1.0390561127913146e-05,0.0
360.0,0.0855,1.9354987273345614e-05,0.0,1.550085029982995e-05,0.0
360.0,0.0865,2.867652654003905e-05,0.0,2.2974137875380055e-05,0.0
360.0,0.0875,4.2210649780827225e-05,0.0,3.382919332988621e-05,0.0
360.0,0.0885,6.17277708556685e-05,0.0,4.9489644911133726e-05,0.0
360.0,0.0895,8.96816220006258e-05,0.0,7.19298078653452e-05,0.0
360.0,0.0905,0.00012944696709382697,0.0,0.00010386685213536142,0.0
360.0,0.0915,0.00018562957876611108,0.0,0.0001490116649956974,0.0
360.0,0.0925,0.00026446655158451904,0.0,0.00021239321690458727,0.0
360.0,0.0935,0.0003743382000038764,0.0,0.0003007738970521246,0.0
360.0,0.0945,0.0005264160817546326,0.0,0.0004231760774142402,0.0
360.0,0.0955,0.0007354749558885487,0.0,0.0005915429829471819,0.0
360.0,0.0965,0.001020899554987409,0.0,0.0008215596649690583,0.0
360.0,0.0975,0.0014079197122782716,0.0,0.001133662351514886,0.0
360.0,0.0985,0.0019291094516233898,0.0,0.0015542665556840872,0.0
360.0,0.0995,0.002626186972179312,0.0,0.002117245986750227,0.0
360.0,0.1005,0.0035521530102755605,0.0,0.0028656955628905225,0.0
360.0,0.1015,0.0047738050091084006,0.0,0.00385401288609593,0.0
360.0,0.1025,0.0063746643033368855,0.0,0.0051503338758010385,0.0
360.0,0.1035,0.00845835392783556,0.0,0.0068393606436303505,0.0
360.0,0.1045,0.011152466781823023,4.440892098500626e-16,0.009025624203288701,-1.221245327087672e-17
360.0,0.1055,0.014612969047846036,1.7763568394002505e-15,0.011837232491859489,-5.156985949383852e-16
360.0,0.1065,0.019029193097765074,9.769962616701378e-15,0.015430166513545734,-6.7568173278687034e-15
360.0,0.1075,0.024629487875586165,8.43769498715119e-14,0.01999320448374931,-7.491451903263169e-14
360.0,0.1085,0.031687611218274014,8.43769498715119e-13,0.025753574111972172,-7.799885737291845e-13
360.0,0.1095,0.04052996255774133,8.279155139234717e-12,0.032983451896218735,-7.685953540281786e-12
360.0,0.1105,0.051543755681677794,7.671463464475892e-11,0.04200743608356419,-7.146459202189704e-11
360.0,0.1115,0.06518620319934598,6.690110687657125e-10,0.05321110157716745,-6.252932641115372e-10
360.0,0.1125,0.08199470479007687,5.470209618607669e-09,0.06705067992708816,-5.129745312970613e-09
360.0,0.1135,0.1025978758247561,4.1762514335630385e-08,0.08406377292247257,-3.9294891419072724e-08
360.0,0.1145,0.1277270034181015,2.9632276588031914e-07,0.10488078709354835,-2.7976137191382256e-07
360.0,0.1155,0.15822717512429563,1.9438393010773325e-06,0.13023646967932706,-1.8414918577122629e-06
360.0,0.1165,0.19506692946032445,1.1718861359089061e-05,0.16098056892925125,-1.1140169855179128e-05
360.0,0.1175,0.2393449150178526,6.448994064101043e-05,0.1980863135988224,-6.151784135110417e-05
360.0,0.1185,0.29229185306616046,0.00032145183651310916,0.24265523465238362,-0.00030769984734336646
360.0,0.1195,0.35526623833015947,0.0014385815147863745,0.2959169858732916,-0.0013817807727782361
360.0,0.1205,0.4297428146987272,0.005723698426992829,0.35922338127498743,-0.00551638932263299
360.0,0.1215,0.5172939533950967,0.02003445728574338,0.43403688205693325,-0.019373077862938314
360.0,0.1225,0.6195654980587619,0.06106918850669718,0.521915104722679,-0.05924534887906505
360.0,0.1235,0.7382500975304538,0.16085340519877356,0.6244942856757743,-0.15655823516203934
360.0,0.1245,0.875062078067856,0.3653085705691672,0.7434756203114123,-0.3568233118963993
360.0,0.125,0.9533900865990859,0.5363226759262512,0.8120471226812044,-0.5252180445494378
420.0,0.0,5.684341886080802e-14,4.440892098500626e-16,-5.222489107836747e-15,-1.1657341758564293e-17
420.0,0.0005,0.0,0.0,0.0,0.0
420.0,0.0015,0.0,0.0,0.0,0.0
420.0,0.0025,0.0,0.0,0.0,0.0
420.0,0.0035,0.0,0.0,0.0,0.0
420.0,0.0045,0.0,0.0,0.0,0.0
420.0,0.0055,0.0,0.0,0.0,0.0
420.0,0.0065,0.0,0.0,0.0,0.0
420.0,0.0075,0.0,0.0,0.0,0.0
420.0,0.0085,0.0,0.0,0.0,0.0
420.0,0.0095,0.0,0.0,0.0,0.0
420.0,0.0105,0.0,0.0,0.0,0.0
420.0,0.0115,0.0,0.0,0.0,0.0
420.0,0.0125,0.0,0.0,0.0,0.0
420.0,0.0135,0.0,0.0,0.0,0.0
420.0,0.0145,0.0,0.0,0.0,0.0
420.0,0.0155,0.0,0.0,0.0,0.0
420.0,0.0165,0.0,0.0,0.0,0.0
420.0,0.0175,0.0,0.0,0.0,0.0
420.0,0.0185,0.0,0.0,0.0,0.0
420.0,0.0195,0.0,0.0,0.0,0.0
420.0,0.0205,0.0,0.0,0.0,0.0
420.0,0.0215,0.0,0.0,0.0,0.0
420.0,0.0225,0.0,0.0,0.0,0.0
420.0,0.0235,0.0,0.0,0.0,0.0
420.0,0.0245,0.0,0.0,0.0,0.0
420.0,0.0255,0.0,0.0,0.0,0.0
420.0,0.0265,0.0,0.0,0.0,0.0
420.0,0.0275,0.0,0.0,0.0,0.0
420.0,0.0285,0.0,0.0,0.0,0.0
420.0,0.0295,0.0,0.0,0.0,0.0
420.0,0.0305,0.0,0.0,0.0,0.0
420.0,0.0315,0.0,0.0,0.0,0.0
420.0,0.0325,0.0,0.0,0.0,0.0
420.0,0.0335,5.684341886080802e-14,0.0,6.039613253960859e-16,0.0
420.0,0.0345,5.684341886080802e-14,0.0,3.659295089164517e-15,0.0
420.0,0.0355,5.684341886080802e-14,0.0,8.526512829121202e-15,0.0
420.0,0.0365,5.684341886080802e-14,0.0,9.769962616701379e-15,0.0
420.0,0.0375,5.684341886080802e-14,0.0,9.769962616701379e-15,0.0
420.0,0.0385,5.684341886080802e-14,0.0,9.769962616701379e-15,0.0
420.0,0.0395,5.684341886080802e-14,0.0,2.387423592153937e-14,0.0
420.0,0.0405,5.684341886080802e-14,0.0,3.9399594697897555e-14,0.0
420.0,0.0415,1.1368683772161603e-13,0.0,5.5848659030743883e-14,0.0
420.0,0.0425,1.7053025658242404e-13,0.0,1.0928147275990341e-13,0.0
420.0,0.0435,2.8421709430404007e-13,0.0,1.8335555296289385e-13,0.0
420.0,0.0445,4.547473508864641e-13,0.0,3.155875560878485e-13,0.0
420.0,0.0455,7.389644451905042e-13,0.0,5.474731779031573e-13,0.0
420.0,0.0465,1.1937117960769683e-12,0.0,9.568168479745509e-13,0.0
420.0,0.0475,2.1032064978498966e-12,0.0,1.6556356285946094e-12,0.0
420.0,0.0485,3.581135388230905e-12,0.0,2.835740531281772e-12,0.0
420.0,0.0495,6.252776074688882e-12,0.0,4.8851944711714174e-12,0.0
420.0,0.0505,1.0686562745831907e-11,0.0,8.422418318332347e-12,0.0
420.0,0.0515,1.836042429204099e-11,0.0,1.4485372901162918e-11,0.0
420.0,0.0525,3.149125404888764e-11,0.0,2.482050120988788e-11,0.0
420.0,0.0535,5.3717030823463574e-11,0.0,4.2355985385711384e-11,0.0
420.0,0.0545,9.117684385273606e-11,0.0,7.188173611893944e-11,0.0
420.0,0.0555,1.539888216939289e-10,0.0,1.2133369864386623e-10,0.0
420.0,0.0565,2.582964953035116e-10,0.0,2.0362126207373877e-10,0.0
420.0,0.0575,4.31100488640368e-10,0.0,3.3985955383286634e-10,0.0
420.0,0.0585,7.155449566198513e-10,0.0,5.640843880883039e-10,0.0
420.0,0.0595,1.1809220268332865e-09,0.0,9.309421145076158e-10,0.0
420.0,0.0605,1.9377353055460844e-09,0.0,1.5277416665071543e-09,0.0
420.0,0.0615,3.16151727020042e-09,0.0,2.4929073205726128e-09,0.0
420.0,0.0625,5.128981683810707e-09,0.0,4.044698265204261e-09,0.0
420.0,0.0635,8.273502771771746e-09,0.0,6.5251689918e-09,0.0
420.0,0.0645,1.3269868759380188e-08,0.0,1.0466984399215562e-08,0.0
420.0,0.0655,2.1162236407690216e-08,0.0,1.6694470552636176e-08,0.0
420.0,0.0665,3.355654598635738e-08,0.0,2.6475496461841882e-08,0.0
420.0,0.0675,5.290644367050845e-08,0.0,4.174796391254177e-08,0.0
420.0,0.0685,8.293892506117118e-08,0.0,6.545548767888932e-08,0.0
420.0,0.0695,1.292779074901773e-07,0.0,1.0204129438307064e-07,0.0
420.0,0.0705,2.0035793113493128e-07,0.0,1.5817032704035227e-07,0.0
420.0,0.0715,3.0874889489496127e-07,0.0,2.437771317786997e-07,0.0
420.0,0.0725,4.7306434680649545e-07,0.0,3.735768420298769e-07,0.0
420.0,0.0735,7.206946293081273e-07,0.0,5.69227654665383e-07,0.0
420.0,0.0745,1.0916879773503751e-06,0.0,8.62404990797927e-07,0.0
420.0,0.0755,1.644228120767366e-06,0.0,1.299140052744008e-06,0.0
420.0,0.0765,2.4623057015560335e-06,0.0,1.945899400652707e-06,0.0
420.0,0.0775,3.666388181500224e-06,0.0,2.898043004080364e-06,0.0
420.0,0.0785,5.4281487109619775e-06,0.0,4.2915056152281755e-06,0.0
420.0,0.0795,7.990650431111135e-06,0.0,6.3188118070911515e-06,0.0
420.0,0.0805,1.1695801390487759e-05,0.0,9.250869829280362e-06,0.0
420.0,0.0815,1.7021418273088784e-05,0.0,1.3466408140239136e-05,0.0
420.0,0.0825,2.463088219428755e-05,0.0,1.9491434173346533e-05,0.0
420.0,0.0835,3.54391540895449e-05,0.0,2.805172463613559e-05,0.0
420.0,0.0845,5.069986031003282e-05,0.0,4.014211250915168e-05,0.0
420.0,0.0855,7.211927055550404e-05,0.0,5.7117233961072604e-05,0.0
420.0,0.0865,0.00010200429289852764,0.0,8.080944803968038e-05,0.0
420.0,0.0875,0.00014345309904228998,0.0,0.00011368085090552427,0.0
420.0,0.0885,0.00020059867875943382,0.0,0.00015901767842152025,0.0
420.0,0.0895,0.00027891748914044,0.0,0.00022117692227112686,0.0
420.0,0.0905,0.00038561740041132,0.0,0.00030589666722594447,0.0
420.0,0.0915,0.0005301213188317888,0.0,0.00042068347642384654,0.0
420.0,0.0925,0.0007246651533705517,0.0,0.0005752920909936776,0.0
420.0,0.0935,0.0009850311570289705,0.0,0.0007823147508872452,0.0
420.0,0.0945,0.0013314400706576635,0.0,0.0010578995721898467,0.0
420.0,0.0955,0.0017896279079536725,0.0,0.001422619626036301,0.0
420.0,0.0965,0.002392135613604296,0.0,0.0019025166616461321,0.0
420.0,0.0975,0.0031798422009501337,0.0,0.00253034581615438,0.0
420.0,0.0985,0.004203774306176911,0.0,0.0033470501756130487,0.0
420.0,0.0995,0.005527227355685227,0.0,0.0044034966948443355,0.0
420.0,0.1005,0.0072282356179584895,0.0,0.005762507690360295,0.0
420.0,0.1015,0.009402430070963419,0.0,0.0075012247243098785,0.0
420.0,0.1025,0.012166323803796786,0.0,0.009713843840928256,0.0
420.0,0.1035,0.01566106384206023,4.440892098500626e-16,0.012514762184227523,-3.774758283725534e-17
420.0,0.1045,0.02005668468893873,1.7763568394002505e-15,0.0160421750639312,-7.299716386910405e-16
420.0,0.1055,0.025556890994835157,1.1546319456101628e-14,0.020462158255042377,-8.003320228766598e-15
420.0,0.1065,0.03240438277100566,9.237055564881302e-14,0.025973261163985982,-7.779027422216699e-14
420.0,0.1075,0.04088671459658144,8.020251129892131e-13,0.03281162090847187,-7.295788972960793e-13
420.0,0.1085,0.05134264897185403,7.139622226759457e-12,0.04125658421001969,-6.5411184801966736e-12
420.0,0.1095,0.06416892318600276,6.042411015982907e-11,0.05163679325439531,-5.557788340659897e-11
420.0,0.1105,0.07982730080146894,4.832529931775298e-10,0.06433665520507552,-4.4613818750427473e-10
420.0,0.1115,0.0988517280642327,3.6401193170831903e-09,0.07980307739120027,-3.373063177380953e-09
420.0,0.1125,0.12185537065124663,2.573345447842712e-08,0.09855231891686969,-2.3935248773809816e-08
420.0,0.1135,0.14953727848825338,1.700650997804587e-07,0.1211767947047177,-1.587831342336754e-07
420.0,0.1145,0.18268842818736175,1.0460755182073456e-06,0.14835168072031776,-9.80431949891558e-07
420.0,0.1155,0.22219693352525383,5.959473694083783e-06,0.18084121765648448,-5.607122151379817e-06
420.0,0.1165,0.26905229617557325,3.1271780449149134e-05,0.2195046958946349,-2.953725591320733e-05
420.0,0.1175,0.3243486809618048,0.00015021111524893271,0.26530221681237043,-0.00014243160191826617
420.0,0.1185,0.3892873169028803,0.0006558974859762756,0.3193004407692405,-0.0006243378520980966
420.0,0.1195,0.4651782105278812,0.002583501503360175,0.38267861639297607,-0.0024686136391653467
420.0,0.1205,0.5534413734508803,0.009103795210346544,0.4567352044992064,-0.008731630861970992
420.0,0.1215,0.6556076886784581,0.028461262552488265,0.5428953426955345,-0.027397546495622732
420.0,0.1225,0.7733193764751718,0.07836758321802417,0.6427192521165546,-0.07570724726753139
420.0,0.1235,0.9083298149926122,0.1892136702098446,0.757911510982114,-0.18344334766307527
420.0,0.1245,1.0625022961202149,0.40100121692687596,0.8903309865525041,-0.3903044563477032
420.0,0.125,1.1501547627783566,0.5702076934739904,0.966166101918532,-0.556552107715925
480.0,0.0,5.684341886080802e-14,4.440892098500626e-16,4.796163466380688e-15,3.608224830031471e-18
480.0,0.0005,0.0,0.0,0.0,0.0
480.0,0.0015,0.0,0.0,0.0,0.0
480.0,0.0025,0.0,0.0,0.0,0.0
480.0,0.0035,0.0,0.0,0.0,0.0
480.0,0.0045,0.0,0.0,0.0,0.0
480.0,0.0055,0.0,0.0,0.0,0.0
480.0,0.0065,0.0,0.0,0.0,0.0
480.0,0.0075,0.0,0.0,0.0,0.0
480.0,0.0085,0.0,0.0,0.0,0.0
480.0,0.0095,0.0,0.0,0.0,0.0
480.0,0.0105,0.0,0.0,0.0,0.0
480.0,0.0115,0.0,0.0,0.0,0.0
480.0,0.0125,0.0,0.0,0.0,0.0
480.0,0.0135,0.0,0.0,0.0,0.0
480.0,0.0145,0.0,0.0,0.0,0.0
480.0,0.0155,0.0,0.0,0.0,0.0
480.0,0.0165,0.0,0.0,0.0,0.0
480.0,0.0175,0.0,0.0,0.0,0.0
480.0,0.0185,0.0,0.0,0.0,0.0
480.0,0.0195,0.0,0.0,0.0,0.0
480.0,0.0205,0.0,0.0,0.0,0.0
480.0,0.0215,0.0,0.0,0.0,0.0
480.0,0.0225,0.0,0.0,0.0,0.0
480.0,0.0235,0.0,0.0,0.0,0.0
480.0,0.0245,0.0,0.0,0.0,0.0
480.0,0.0255,0.0,0.0,0.0,0.0
480.0,0.0265,0.0,0.0,0.0,0.0
480.0,0.0275,0.0,0.0,0.0,0.0
480.0,0.0285,5.684341886080802e-14,0.0,2.238209617644316e-15,0.0
480.0,0.0295,5.684341886080802e-14,0.0,5.790923296444817e-15,0.0
480.0,0.0305,5.684341886080802e-14,0.0,1.4885870314174085e-14,0.0
480.0,0.0315,1.1368683772161603e-13,0.0,2.724931391639983e-14,0.0
480.0,0.0325,5.684341886080802e-14,0.0,3.741007503776928e-14,0.0
480.0,0.0335,1.1368683772161603e-13,0.0,5.023537141823908e-14,0.0
480.0,0.0345,1.1368683772161603e-13,0.0,6.583178446817329e-14,0.0
480.0,0.0355,1.7053025658242404e-13,0.0,1.0025758001575013e-13,0.0
480.0,0.0365,2.2737367544323206e-13,0.0,1.304556462855544e-13,0.0
480.0,0.0375,2.8421709430404007e-13,0.0,2.0079937712580432e-13,0.0
480.0,0.0385,3.979039320256561e-13,0.0,3.096189971074637e-13,0.0
480.0,0.0395,6.252776074688882e-13,0.0,4.980194034942542e-13,0.0
480.0,0.0405,1.0231815394945443e-12,0.0,8.048672839322535e-13,0.0
480.0,0.0415,1.7053025658242404e-12,0.0,1.3063683468317321e-12,0.0
480.0,0.0425,2.7284841053187847e-12,0.0,2.1638157932102333e-12,0.0
480.0,0.0435,4.604316927725449e-12,0.0,3.5877434356734735e-12,0.0
480.0,0.0445,7.617018127348274e-12,0.0,5.963656235508097e-12,0.0
480.0,0.0455,1.2676082405960187e-11,0.0,9.950724688678746e-12,0.0
480.0,0.0465,2.1088908397359774e-11,0.0,1.6550281145555348e-11,0.0
480.0,0.0475,3.5072389437118545e-11,0.0,2.7456223961053183e-11,0.0
480.0,0.0485,5.780975698144175e-11,0.0,4.5314614283142874e-11,0.0
480.0,0.0495,9.521272659185342e-11,0.0,7.447724215126072e-11,0.0
480.0,0.0505,1.5575096767861396e-10,0.0,1.2182116648773445e-10,0.0
480.0,0.0515,2.5357849153806455e-10,0.0,1.9836306819343007e-10,0.0
480.0,0.0525,4.1103476178250276e-10,0.0,3.21468860420282e-10,0.0
480.0,0.0535,6.627374204981606e-10,0.0,5.184010731795752e-10,0.0
480.0,0.0545,1.0633698366291355e-09,0.0,8.31847657423168e-10,0.0
480.0,0.0555,1.6976855476968922e-09,0.0,1.3281247035479282e-09,0.0
480.0,0.0565,2.6965949473378714e-09,0.0,2.1098351510318027e-09,0.0
480.0,0.0575,4.2619490159268025e-09,0.0,3.3347510353110013e-09,0.0
480.0,0.0585,6.701895927108126e-09,0.0,5.24430024739786e-09,0.0
480.0,0.0595,1.0485393886483507e-08,0.0,8.205654538073759e-09,0.0
480.0,0.0605,1.6322076135111274e-08,0.0,1.27743633981936e-08,0.0
480.0,0.0615,2.5279121018684236e-08,0.0,1.9786327634108145e-08,0.0
480.0,0.0625,3.895331701642135e-08,0.0,3.0492299174511576e-08,0.0
480.0,0.0635,5.972060534986667e-08,0.0,4.675341706672498e-08,0.0
480.0,0.0645,9.109606935453485e-08,0.0,7.132375436924577e-08,0.0
480.0,0.0655,1.3825177802573307e-07,0.0,1.082560005372102e-07,0.0
480.0,0.0665,2.0875472728221212e-07,0.0,1.6348065695837022e-07,0.0
480.0,0.0675,3.1361463470602757e-07,0.0,2.456274754081278e-07,0.0
480.0,0.0685,4.687601062869362e-07,0.0,3.671837995611327e-07,0.0
480.0,0.0695,6.971056336624315e-07,0.0,5.461172292697825e-07,0.0
480.0,0.0705,1.031431338560651e-06,0.0,8.081350659949748e-07,0.0
480.0,0.0715,1.5183628079284972e-06,0.0,1.189810273274361e-06,0.0
480.0,0.0725,2.2238440919863933e-06,0.0,1.7428789724860396e-06,0.0
480.0,0.0735,3.240609828480956e-06,0.0,2.540111213775731e-06,0.0
480.0,0.0745,4.698324687524291e-06,0.0,3.6832785177765e-06,0.0
480.0,0.0755,6.777250803224888e-06,0.0,5.313898187502276e-06,0.0
480.0,0.0765,9.72655175246473e-06,0.0,7.6276271567010674e-06,0.0
480.0,0.0775,1.3888644332382682e-05,0.0,1.0893418806183774e-05,0.0
480.0,0.0785,1.973138074617964e-05,0.0,1.5478850496783992e-05,0.0
480.0,0.0795,2.789029650784869e-05,0.0,2.1883387538856878e-05,0.0
480.0,0.0805,3.92237009236851e-05,0.0,3.078177959285001e-05,0.0
480.0,0.0815,5.4884027576918015e-05,0.0,4.3080296163182656e-05,0.0
480.0,0.0825,7.6409621840412e-05,0.0,5.998911142917507e-05,0.0
480.0,0.0835,0.00010584201459096221,0.0,8.311484898982258e-05,0.0
480.0,0.0845,0.00014587474265681522,0.0,0.00011457810573446638,0.0
480.0,0.0855,0.0002000409176616813,0.0,0.0001571616954856836,0.0
480.0,0.0865,0.00027294802652022554,0.0,0.000214496391405099,0.0
480.0,0.0875,0.00037056987292771737,0.0,0.0002912921060091023,0.0
480.0,0.0885,0.0005006071200455153,0.0,0.00039362372661546637,0.0
480.0,0.0895,0.000672929586016835,0.0,0.0005292822220669535,0.0
480.0,0.0905,0.0009001152351402197,0.0,0.0007082031458724102,0.0
480.0,0.0915,0.0011981026992771149,0.0,0.0009429862713485805,0.0
480.0,0.0925,0.0015869761136855232,0.0,0.0012495217900077905,0.0
480.0,0.0935,0.0020919030163781827,0.0,0.0016477402567174335,0.0
480.0,0.0945,0.002744247983059722,0.0,0.002162505236611949,0.0
480.0,0.0955,0.003582886455149037,0.0,0.0028246693374865827,0.0
480.0,0.0965,0.004655744752028568,0.0,0.0036723159132409935,0.0
480.0,0.0975,0.006021593366597244,0.0,0.004752210078792949,0.0
480.0,0.0985,0.007752121115970567,0.0,0.006121483625052341,0.0
480.0,0.0995,0.009934317281476979,0.0,0.007849578761833094,0.0
480.0,0.1005,0.01267318720476851,0.0,0.010020475107811679,0.0
480.0,0.1015,0.016094823546950465,0.0,0.012735222721790328,0.0
480.0,0.1025,0.020349850210834575,4.440892098500626e-16,0.016114800958916504,-1.3877787807814463e-17
480.0,0.1035,0.02561724840785473,1.3322676295501878e-15,0.02030331829748107,-6.553091402849989e-16
480.0,0.1045,0.032108564277734786,1.1546319456101628e-14,0.02547156182455023,-7.372158439267196e-15
480.0,0.1055,0.04007248459726043,8.704148513061227e-14,0.03182089665435353,-6.84516332505325e-14
480.0,0.1065,0.04979975127236003,6.66577903984944e-13,0.0395875050328327,-5.949310488695403e-13
480.0,0.1075,0.061628366125887624,5.4645177272050205e-12,0.04904694191686353,-4.938852937730331e-12
480.0,0.1085,0.07594901409260046,4.2944314770920755e-11,0.06051896754160488,-3.8989589890015e-11
480.0,0.1095,0.09321060338834286,3.2015989859246474e-10,0.07437259598664532,-2.9186100536371384e-10
480.0,0.1105,0.11392578187889058,2.2569235369473972e-09,0.09103126843904842,-2.0658371138737585e-09
480.0,0.1115,0.13867623398050455,1.499764268331205e-08,0.1109780150467571,-1.3784603354882742e-08
480.0,0.1125,0.16811748438937002,9.36321793432171e-08,0.13476040248091534,-8.641890679367271e-08
480.0,0.1135,0.20298282645052268,5.471513810917372e-07,0.16299496818355222,-5.07133170104257e-07
480.0,0.1145,0.24408585154634466,2.980431942134487e-06,0.19637071374389092,-2.7742119976775783e-06
480.0,0.1155,0.2923208913347821,1.5064375246787165e-05,0.2356510772690103,-1.4082110361342547e-05
480.0,0.1165,0.3486605280616004,7.029318461260203e-05,0.2816736561670607,-6.599178854707955e-05
480.0,0.1175,0.4141492383293439,0.0003011037652567161,0.3353468617090153,-0.00028388883437578503
480.0,0.1185,0.4898922968945385,0.0011767055145246452,0.3976427335961109,-0.0011141395527774608
480.0,0.1195,0.5770393711619022,0.004167420698074853,0.46958541294541906,-0.003962315588278176
480.0,0.1205,0.676762847519683,0.013283810749142422,0.5522353266919715,-0.01268145625113176
480.0,0.1215,0.790231835647262,0.03786288461224574,0.6466699673745055,-0.036288470769312325
480.0,0.1225,0.9185838701061471,0.09601942434442501,0.7539631460930348,-0.09237930009428894
480.0,0.1235,1.0628973245529778,0.21621743858209808,0.8751655296171571,-0.20882269923905905
480.0,0.1245,1.224168158357827,0.4336292284797634,1.011289858847358,-0.42059618546976824
480.0,0.125,1.313731352654088,0.6011832731979723,1.08729704658437,-0.584869433768088
540.0,0.0,5.684341886080802e-14,4.440892098500626e-16,-3.0198066269804214e-15,8.46545056276698e-18
540.0,0.0005,0.0,0.0,0.0,0.0
540.0,0.0015,0.0,0.0,0.0,0.0
540.0,0.0025,0.0,0.0,0.0,0.0
540.0,0.0035,0.0,0.0,0.0,0.0
540.0,0.0045,0.0,0.0,0.0,0.0
540.0,0.0055,0.0,0.0,0.0,0.0
540.0,0.0065,0.0,0.0,0.0,0.0
540.0,0.0075,0.0,0.0,0.0,0.0
540.0,0.0085,0.0,0.0,0.0,0.0
540.0,0.0095,0.0,0.0,0.0,0.0
540.0,0.0105,0.0,0.0,0.0,0.0
540.0,0.0115,0.0,0.0,0.0,0.0
540.0,0.0125,0.0,0.0,0.0,0.0
540.0,0.0135,0.0,0.0,0.0,0.0
540.0,0.0145,0.0,0.0,0.0,0.0
540.0,0.0155,0.0,0.0,0.0,0.0
540.0,0.0165,0.0,0.0,0.0,0.0
540.0,0.0175,0.0,0.0,0.0,0.0
540.0,0.0185,0.0,0.0,0.0,0.0
540.0,0.0195,5.684341886080802e-14,0.0,-4.263256414560597e-15,0.0
540.0,0.0205,5.684341886080802e-14,0.0,-4.263256414560597e-15,0.0
540.0,0.0215,5.684341886080802e-14,0.0,-4.263256414560597e-15,0.0
540.0,0.0225,5.684341886080802e-14,0.0,-4.263256414560597e-15,0.0
540.0,0.0235,5.684341886080802e-14,0.0,-4.263256414560597e-15,0.0
540.0,0.0245,5.684341886080802e-14,0.0,1.2256862191861729e-14,0.0
540.0,0.0255,5.684341886080802e-14,0.0,1.9362289549462728e-14,0.0
540.0,0.0265,5.684341886080802e-14,0.0,2.540190280342358e-14,0.0
540.0,0.0275,1.1368683772161603e-13,0.0,3.780087354243733e-14,0.0
540.0,0.0285,1.1368683772161603e-13,0.0,5.304201522449149e-14,0.0
540.0,0.0295,1.1368683772161603e-13,0.0,7.126743639673806e-14,0.0
540.0,0.0305,1.7053025658242404e-13,0.0,9.29034627006331e-14,0.0
540.0,0.0315,2.2737367544323206e-13,0.0,1.2988721209694632e-13,0.0
540.0,0.0325,2.8421709430404007e-13,0.0,2.012612299040484e-13,0.0
540.0,0.0335,4.547473508864641e-13,0.0,3.1597835459251654e-13,0.0
540.0,0.0345,7.389644451905042e-13,0.0,5.028510940974229e-13,0.0
540.0,0.0355,1.1368683772161603e-12,0.0,8.166267662090832e-13,0.0
540.0,0.0365,1.8189894035458565e-12,0.0,1.3293188771967833e-12,0.0
540.0,0.0375,2.8990143619012088e-12,0.0,2.1937296423857334e-12,0.0
540.0,0.0385,4.661160346586257e-12,0.0,3.618367827584734e-12,0.0
540.0,0.0395,7.617018127348274e-12,0.0,5.9541704899857e-12,0.0
540.0,0.0405,1.2562395568238571e-11,0.0,9.750600327151915e-12,0.0
540.0,0.0415,2.034994395216927e-11,0.0,1.58689061890982e-11,0.0
540.0,0.0425,3.3026026358129457e-11,0.0,2.572505763964728e-11,0.0
540.0,0.0435,5.326228347257711e-11,0.0,4.150198407160133e-11,0.0
540.0,0.0445,8.549250196665525e-11,0.0,6.656168949348285e-11,0.0
540.0,0.0455,1.3665157894138247e-10,0.0,1.0635751834797703e-10,0.0
540.0,0.0465,2.1736923372372985e-10,0.0,1.6915894462954385e-10,0.0
540.0,0.0475,3.4430058803991415e-10,0.0,2.678704191794168e-10,0.0
540.0,0.0485,5.426841198641341e-10,0.0,4.222601290848615e-10,0.0
540.0,0.0495,8.516281013726257e-10,0.0,6.626160597988928e-10,0.0
540.0,0.0505,1.3301360013429075e-09,0.0,1.0350672852155184e-09,0.0
540.0,0.0515,2.0683614820882212e-09,0.0,1.6095190602527508e-09,0.0
540.0,0.0525,3.201478193659568e-09,0.0,2.4914431406841687e-09,0.0
540.0,0.0535,4.932985575578641e-09,0.0,3.839116899939654e-09,0.0
540.0,0.0545,7.566427484562155e-09,0.0,5.8888552345592875e-09,0.0
540.0,0.0555,1.15527427624329e-08,0.0,8.99193654646524e-09,0.0
540.0,0.0565,1.7559045772941317e-08,0.0,1.366767019561621e-08,0.0
540.0,0.0575,2.6566340238787234e-08,0.0,2.068018410739114e-08,0.0
540.0,0.0585,4.001105935458327e-08,0.0,3.1148159962413045e-08,0.0
540.0,0.0595,5.998504093440715e-08,0.0,4.6701204325927394e-08,0.0
540.0,0.0605,8.952071084422641e-08,0.0,6.970127614636113e-08,0.0
540.0,0.0615,1.3299001011546352e-07,0.0,1.0355472248591013e-07,0.0
540.0,0.0625,1.9666606476675952e-07,0.0,1.5314940469579596e-07,0.0
540.0,0.0635,2.895038164751895e-07,0.0,2.2546368491305202e-07,0.0
540.0,0.0645,4.2422266233188566e-07,0.0,3.3041038303593957e-07,0.0
540.0,0.0655,6.187963208503788e-07,0.0,4.819994756033453e-07,0.0
540.0,0.0665,8.98495841283875e-07,0.0,6.999311348820925e-07,0.0
540.0,0.0675,1.2986710657969525e-06,0.0,1.0117662705155795e-06,0.0
540.0,0.0685,1.8685175859900482e-06,0.0,1.4558668051734004e-06,0.0
540.0,0.0695,2.6761518370221893e-06,0.0,2.085356312520048e-06,0.0
540.0,0.0705,3.815403772478021e-06,0.0,2.973424433143634e-06,0.0
540.0,0.0715,5.414862926045316e-06,0.0,4.22039043957767e-06,0.0
540.0,0.0725,7.649849067092873e-06,0.0,5.9630549881362075e-06,0.0
540.0,0.0735,1.0758165956303856e-05,0.0,8.38700978341933e-06,0.0
540.0,0.0745,1.5060712030390278e-05,0.0,1.1742746784548786e-05,0.0
540.0,0.0755,2.0988284461509465e-05,0.0,1.636661713977361e-05,0.0
540.0,0.0765,2.9116238977167086e-05,0.0,2.2707941241151275e-05,0.0
540.0,0.0775,4.020904157187033e-05,0.0,3.136387037692145e-05,0.0
540.0,0.0785,5.5277198953262996e-05,0.0,4.312395534249447e-05,0.0
540.0,0.0795,7.564958127659338e-05,0.0,5.9026792773586565e-05,0.0
540.0,0.0805,0.00010306475871857401,0.0,8.043160294452177e-05,0.0
540.0,0.0815,0.0001397856739799863,0.0,0.00010910814996346832,0.0
540.0,0.0825,0.00018874277026270647,0.0,0.00014734905092776528,0.0
540.0,0.0835,0.0002537115921654731,0.0,0.00019810923965767556,0.0
540.0,0.0845,0.0003395318796037827,0.0,0.0002651781563732314,0.0
540.0,0.0855,0.00045237627580263506,0.0,0.0003533911270271162,0.0
540.0,0.0865,0.0006000779758323915,0.0,0.00046888737462037256,0.0
540.0,0.0875,0.0007925279286382647,0.0,0.0006194231630367143,0.0
540.0,0.0885,0.0010421535690738892,0.0,0.0008147497031612972,0.0
540.0,0.0895,0.0013644924645177525,0.0,0.0010670666342428702,0.0
540.0,0.0905,0.0017788756832146646,0.0,0.0013915631084632095,0.0
540.0,0.0915,0.002309237077895432,0.0,0.0018070597199861638,0.0
540.0,0.0925,0.0029850659695966897,0.0,0.002336765687703739,0.0
540.0,0.0935,0.0038425218285738083,0.0,0.003009166767166356,0.0
540.0,0.0945,0.004925730382865368,0.0,0.003859060255445144,0.0
540.0,0.0955,0.006288281011052277,0.0,0.004928754074526864,0.0
540.0,0.0965,0.007994945145810561,0.0,0.006269447158049318,0.0
540.0,0.0975,0.010123634533499626,0.0,0.007942808083843716,0.0
540.0,0.0985,0.012767616347787225,0.0,0.010022767921632578,0.0
540.0,0.0995,0.01603799907093162,0.0,0.012597541393835988,0.0
540.0,0.1005,0.020066498407857125,0.0,0.01577188742306774,0.0
540.0,0.1015,0.025008485918760925,4.440892098500626e-16,0.01966961565854362,-6.883382752675973e-17
540.0,0.1025,0.031046314095476646,2.220446049250313e-15,0.024436339271680832,-6.381006834033087e-16
540.0,0.1035,0.038392899796576785,1.2878587085651816e-14,0.030242465791787656,-6.123573870198128e-15
540.0,0.1045,0.047295532846533206,7.37188088351104e-14,0.03728640663669253,-5.4118654002621716e-14
540.0,0.1055,0.05803985792954336,5.009326287108706e-13,0.04579797206032268,-4.3952230743826706e-13
540.0,0.1065,0.07095395587884923,3.837818951524241e-12,0.05604190168905838,-3.4214286959155517e-12
540.0,0.1075,0.08641242624207734,2.83586487626053e-11,0.06832146273448765,-2.5407049658587867e-11
540.0,0.1085,0.10484034951673493,1.9944845774944042e-10,0.082982031017205,-1.7948229694142448e-10
540.0,0.1095,0.1267169903067611,1.3309837676445113e-09,0.10041455929406445,-1.2030565638143643e-09
540.0,0.1105,0.15257910127616015,8.405122819965527e-09,0.12105884174208775,-7.631261701446234e-09
540.0,0.1115,0.18302371595740397,5.008081149782129e-08,0.14540651562398263,-4.5675881180651246e-08
540.0,0.1125,0.2187103936873882,2.806515460029857e-07,0.17400381745149535,-2.571388252901874e-07
540.0,0.1135,0.2603630199904501,1.4740325662288e-06,0.2074542481347788,-1.356781257475237e-06
540.0,0.1145,0.3087714814815854,7.2278982892193255e-06,0.2464215101894858,-6.683908921034237e-06
540.0,0.1155,0.3647938183339079,3.2948494159690256e-05,0.2916333537078946,-3.061094674659496e-05
540.0,0.1165,0.4293597699104339,0.0001389791631463133,0.3438872703906334,-0.00012972162676576926
540.0,0.1175,0.5034768882258049,0.0005396854043246968,0.4040592308124781,-0.0005060728583982298
540.0,0.1185,0.588240476896658,0.0019187801424749296,0.47311675563243505,-0.0018075150047830472
540.0,0.1195,0.6848483811407959,0.00621028167479043,0.5521374171182646,-0.005876392059050904
540.0,0.1205,0.794621001438486,0.018194610985604154,0.6423332838909666,-0.017291275949471177
540.0,0.1215,0.9190258233559234,0.04801455473076999,0.7450808420184326,-0.045822093855199794
540.0,0.1225,1.0597043981391039,0.11376007796227539,0.8619546876111764,-0.10900781952640635
540.0,0.1235,1.2184983884225176,0.24191985721240172,0.9947620845072821,-0.2327687248267087
540.0,0.1245,1.39747042785757,0.46372842515189383,1.1455747101599778,-0.44825078905918625
540.0,0.125,1.4981929715509636,0.6297552713476202,1.231164330051756,-0.6106905928640713
600.0,0.0,5.684341886080802e-14,4.440892098500626e-16,-1.6413537196058293e-14,2.692290834716013e-17
600.0,0.0005,0.0,0.0,0.0,0.0
600.0,0.0015,0.0,0.0,0.0,0.0
600.0,0.0025,0.0,0.0,0.0,0.0
600.0,0.0035,0.0,0.0,0.0,0.0
600.0,0.0045,0.0,0.0,0.0,0.0
600.0,0.0055,0.0,0.0,0.0,0.0
600.0,0.0065,0.0,0.0,0.0,0.0
600.0,0.0075,0.0,0.0,0.0,0.0
600.0,0.0085,0.0,0.0,0.0,0.0
600.0,0.0095,5.684341886080802e-14,0.0,-4.5474735088646476e-15,0.0
600.0,0.0105,5.684341886080802e-14,0.0,-4.5474735088646476e-15,0.0
600.0,0.0115,5.684341886080802e-14,0.0,-4.5474735088646476e-15,0.0
600.0,0.0125,5.684341886080802e-14,0.0,-6.927791673660984e-15,0.0
600.0,0.0135,5.684341886080802e-14,0.0,-1.190159082398169e-14,0.0
600.0,0.0145,5.684341886080802e-14,0.0,-1.5951684417814263e-14,0.0
600.0,0.0155,5.684341886080802e-14,0.0,-1.797673121473055e-14,0.0
600.0,0.0165,5.684341886080802e-14,0.0,-1.797673121473055e-14,0.0
600.0,0.0175,5.684341886080802e-14,0.0,-2.0961010704922966e-14,0.0
600.0,0.0185,5.684341886080802e-14,0.0,-2.2772894681111224e-14,0.0
600.0,0.0195,5.684341886080802e-14,0.0,-2.6822988274943785e-14,0.0
600.0,0.0205,5.684341886080802e-14,0.0,-2.465583293087548e-14,0.0
600.0,0.0215,5.684341886080802e-14,0.0,-2.2772894681111224e-14,0.0
600.0,0.0225,5.684341886080802e-14,0.0,-1.6378010059270323e-14,0.0
600.0,0.0235,5.684341886080802e-14,0.0,4.334310688136604e-15,0.0
600.0,0.0245,5.684341886080802e-14,0.0,1.3500311979441893e-14,0.0
600.0,0.0255,1.1368683772161603e-13,0.0,5.0803805606847153e-14,0.0
600.0,0.0265,1.7053025658242404e-13,0.0,8.551381824872803e-14,0.0
600.0,0.0275,2.8421709430404007e-13,0.0,1.5354828519775765e-13,0.0
600.0,0.0285,3.979039320256561e-13,0.0,2.784261710075952e-13,0.0
600.0,0.0295,6.252776074688882e-13,0.0,4.692424226959701e-13,0.0
600.0,0.0305,1.0800249583553523e-12,0.0,7.846523430998787e-13,0.0
600.0,0.0315,1.7621459846850485e-12,0.0,1.2767031876137479e-12,0.0
600.0,0.0325,2.7284841053187847e-12,0.0,2.077698013636109e-12,0.0
600.0,0.0335,4.376943252282217e-12,0.0,3.354436728386645e-12,0.0
600.0,0.0345,6.934897101018578e-12,0.0,5.364668709262332e-12,0.0
600.0,0.0355,1.1027623258996755e-11,0.0,8.552767383207537e-12,0.0
600.0,0.0365,1.7621459846850485e-11,0.0,1.361115664622048e-11,0.0
600.0,0.0375,2.7910118660656735e-11,0.0,2.1594992460904907e-11,0.0
600.0,0.0385,4.405364961712621e-11,0.0,3.412065296970468e-11,0.0
600.0,0.0395,6.934897101018578e-11,0.0,5.3686441958689106e-11,0.0
600.0,0.0405,1.0857093002414331e-10,0.0,8.409870133618824e-11,0.0
600.0,0.0415,1.6927970136748627e-10,0.0,1.311884290089438e-10,0.0
600.0,0.0425,2.630713424878195e-10,0.0,2.038302682194626e-10,0.0
600.0,0.0435,4.0688519220566377e-10,0.0,3.153594008153959e-10,0.0
600.0,0.0445,6.269829100347124e-10,0.0,4.859053959194171e-10,0.0
600.0,0.0455,9.618474905437324e-10,0.0,7.455899364572362e-10,0.0
600.0,0.0465,1.469743438065052e-09,0.0,1.1393246168722726e-09,0.0
600.0,0.0475,2.2364474716596305e-09,0.0,1.7337573865461307e-09,0.0
600.0,0.0485,3.3890614759002347e-09,0.0,2.627417003964183e-09,0.0
600.0,0.0495,5.114543455420062e-09,0.0,3.965264774308252e-09,0.0
600.0,0.0505,7.68636709835846e-09,0.0,5.959592783710832e-09,0.0
600.0,0.0515,1.1503857422212604e-08,0.0,8.91987266271599e-09,0.0
600.0,0.0525,1.7145907804660965e-08,0.0,1.3295324805540077e-08,0.0
600.0,0.0535,2.5449367058172356e-08,0.0,1.9734938874194086e-08,0.0
600.0,0.0545,3.761738298635464e-08,0.0,2.9172219058182235e-08,0.0
600.0,0.0555,5.537265224120347e-08,0.0,4.294369155388722e-08,0.0
600.0,0.0565,8.117035577015486e-08,0.0,6.29543025354451e-08,0.0
600.0,0.0575,1.1849368775074254e-07,0.0,9.190673779357895e-08,0.0
600.0,0.0585,1.7226113868673565e-07,0.0,1.3361803176792362e-07,0.0
600.0,0.0595,2.493876536391326e-07,0.0,1.9345445089413716e-07,0.0
600.0,0.0605,3.595488351493259e-07,0.0,2.7892569786303057e-07,0.0
600.0,0.0615,5.162217462384433e-07,0.0,4.004928683087882e-07,0.0
600.0,0.0625,7.38092239771504e-07,0.0,5.72661606810243e-07,0.0
600.0,0.0635,1.0509488674870227e-06,0.0,8.154531706239253e-07,0.0
600.0,0.0645,1.4902185512255528e-06,0.0,1.1563746575404821e-06,0.0
600.0,0.0655,2.104344446252071e-06,0.0,1.6330438090150775e-06,0.0
600.0,0.0665,2.959262417334685e-06,0.0,2.2966679308211725e-06,0.0
600.0,0.0675,4.14430257933418e-06,0.0,3.2166316825055213e-06,0.0
600.0,0.0685,5.7799304613581626e-06,0.0,4.486515549331216e-06,0.0
600.0,0.0695,8.027847798075527e-06,0.0,6.231950783508467e-06,0.0
600.0,0.0705,1.1104103748493799e-05,0.0,8.620818177789147e-06,0.0
600.0,0.0715,1.5296026845135202e-05,0.0,1.1876421637460055e-05,0.0
600.0,0.0725,2.0983976298794005e-05,0.0,1.6294416472533157e-05,0.0
600.0,0.0735,2.8669139794601506e-05,0.0,2.2264449752853465e-05,0.0
600.0,0.0745,3.900887361396599e-05,0.0,3.029768180581982e-05,0.0
600.0,0.0755,5.286139889904007e-05,0.0,4.1061605809602494e-05,0.0
600.0,0.0765,7.134203514169712e-05,0.0,5.5423873862956444e-05,0.0
600.0,0.0775,9.589358398898185e-05,0.0,7.450717409668073e-05,0.0
600.0,0.0785,0.00012837396451459426,0.0,9.975759178974644e-05,0.0
600.0,0.0795,0.0001711647621505108,0.0,0.00013302932924432297,0.0
600.0,0.0805,0.00022730498335477023,0.0,0.00017668915915180605,0.0
600.0,0.0815,0.0003006550131203767,0.0,0.00023374454564667246,0.0
600.0,0.0825,0.00039609654555761153,0.0,0.00030799998787156113,0.0
600.0,0.0835,0.0005197751123091621,0.0,0.0004042468202615623,0.0
600.0,0.0845,0.0006793927364014962,0.0,0.0005284924391031609,0.0
600.0,0.0855,0.0008845592106467848,0.0,0.0006882357087123835,0.0
600.0,0.0865,0.001147211500551748,0.0,0.0008927961226104841,0.0
600.0,0.0875,0.0014821117867995781,0.0,0.001153705136338914,0.0
600.0,0.0885,0.0019074356603141496,0.0,0.0014851689309231023,0.0
600.0,0.0895,0.002445462926630171,0.0,0.0019046126740408908,0.0
600.0,0.0905,0.0031233842929054845,0.0,0.0024333170839909712,0.0
600.0,0.0915,0.003974237862621521,0.0,0.0030971587180243535,0.0
600.0,0.0925,0.00503798973704761,0.0,0.003927465840563115,0.0
600.0,0.0935,0.0063627730429516305,0.0,0.004962001904253875,0.0
600.0,0.0945,0.008006299240150838,0.0,0.0062460885127970656,0.0
600.0,0.0955,0.01003745450191218,0.0,0.007833879134811959,0.0
600.0,0.0965,0.012538092156773928,0.0,0.009789793707095562,0.0
600.0,0.0975,0.015605029522930636,0.0,0.01219012251751334,0.0
600.0,0.0985,0.01935225386341699,0.0,0.015124805338697556,0.0
600.0,0.0995,0.023913337616477293,0.0,0.01869938869856494,0.0
600.0,0.1005,0.029444057611840435,4.440892098500626e-16,0.023037160535784657,-2.858824288409781e-17
600.0,0.1015,0.03612520694332488,1.7763568394002505e-15,0.028281457565537734,-3.050337760157618e-16
600.0,0.1025,0.04416558203433851,8.881784197001252e-15,0.03459813695878708,-4.6894432781385834e-15
600.0,0.1035,0.05380512204578736,4.707345624410664e-14,0.042178201169965776,-3.904321310699288e-14
600.0,0.1045,0.06531817424638575,3.459454944731988e-13,0.0512405639713073,-3.0081090396372194e-13
600.0,0.1055,0.07901685871394193,2.5273116932567063e-12,0.06203494824039726,-2.2226849527573476e-12
600.0,0.1065,0.09525451022875586,1.773381441694255e-11,0.07484491313584007,-1.5674978814939064e-11
600.0,0.1075,0.11442918561886017,1.187285825210438e-10,0.08999102104118063,-1.0544261741518568e-10
600.0,0.1085,0.13698724135758766,7.565947868215517e-10,0.10783417327279286,-6.751163462992427e-10
600.0,0.1095,0.1634270073457742,4.577838108588139e-09,0.12877916663016414,-4.104421734846264e-09
600.0,0.1105,0.19430260422336687,2.623216444064269e-08,0.15327854651984943,-2.363352463410906e-08
600.0,0.1115,0.23022796544591984,1.4196420394796405e-07,0.18183684949618936,-1.2852881203492818e-07
600.0,0.1125,0.2718811203330347,7.23401790025946e-07,0.21501532826217215,-6.581873366581781e-07
600.0,0.1135,0.3200087568317258,3.4593988322839664e-06,0.25343722310132305,-3.1632628279211485e-06
600.0,0.1145,0.37543100078801217,1.5469444103022312e-05,0.29779357434544507,-1.4216230609530726e-05
600.0,0.1155,0.4390462176171468,6.443083905161018e-05,0.3488494567107034,-5.950881504098726e-05
600.0,0.1165,0.5118354731268937,0.00024888858981064743,0.4074503680329161,-0.00023102710418626188
600.0,0.1175,0.5948661153729518,0.000887601326428733,0.4745283520179835,-0.0008279922644102615
600.0,0.1185,0.6892938140060778,0.0029082846215233715,0.5511073280660548,-0.0027262137997156417
600.0,0.1195,0.7963623863198563,0.00871245288058331,0.638307104553411,-0.008205868425341682
600.0,0.1205,0.9174009104362995,0.02375419644913901,0.7373457211572638,-0.022475819032505947
600.0,0.1215,1.0538179971842965,0.05872831129046929,0.8495401212108272,-0.055813304214122526
600.0,0.1225,1.2070936179666774,0.13141509819939845,0.9763056558976435,-0.12542872448548842
600.0,0.1235,1.378769445796479,0.2664028760300394,1.1191554593546509,-0.25537768605330546
600.0,0.1245,1.5704390892705078,0.49169911273542244,1.2797011547176391,-0.4736818033774588
600.0,0.125,1.6770894040549251,0.6563082331368737,1.3696788364865093,-0.6344120361927248
660.0,0.0,5.684341886080802e-14,4.440892098500626e-16,-4.61852778244066e-15,-4.454769886308437e-17
660.0,0.0005,0.0,0.0,0.0,0.0
660.0,0.0015,0.0,0.0,0.0,0.0
660.0,0.0025,0.0,0.0,0.0,0.0
660.0,0.0035,0.0,0.0,0.0,0.0
660.0,0.0045,0.0,0.0,0.0,0.0
660.0,0.0055,0.0,0.0,0.0,0.0
660.0,0.0065,0.0,0.0,0.0,0.0
660.0,0.0075,0.0,0.0,0.0,0.0
660.0,0.0085,0.0,0.0,0.0,0.0
660.0,0.0095,0.0,0.0,0.0,0.0
660.0,0.0105,0.0,0.0,0.0,0.0
660.0,0.0115,0.0,0.0,0.0,0.0
660.0,0.0125,0.0,0.0,0.0,0.0
660.0,0.0135,0.0,0.0,0.0,0.0
660.0,0.0145,0.0,0.0,0.0,0.0
660.0,0.0155,0.0,0.0,0.0,0.0
660.0,0.0165,5.684341886080802e-14,0.0,1.9895196601282787e-15,0.0
660.0,0.0175,5.684341886080802e-14,0.0,2.877698079828405e-15,0.0
660.0,0.0185,5.684341886080802e-14,0.0,1.4672707493446072e-14,0.0
660.0,0.0195,1.1368683772161603e-13,0.0,2.827960088325197e-14,0.0
660.0,0.0205,1.1368683772161603e-13,0.0,5.59907675778959e-14,0.0
660.0,0.0215,1.7053025658242404e-13,0.0,8.977707466328864e-14,0.0
660.0,0.0225,2.2737367544323206e-13,0.0,1.5131007558011335e-13,0.0
660.0,0.0235,3.979039320256561e-13,0.0,2.6076918402395674e-13,0.0
660.0,0.0245,6.252776074688882e-13,0.0,4.192912683720351e-13,0.0
660.0,0.0255,9.663381206337363e-13,0.0,6.749800718353072e-13,0.0
660.0,0.0265,1.5347723092418164e-12,0.0,1.0953726814477704e-12,0.0
660.0,0.0275,2.3874235921539366e-12,0.0,1.7537615804030792e-12,0.0
660.0,0.0285,3.694822225952521e-12,0.0,2.7739233132706434e-12,0.0
660.0,0.0295,5.7980287238024175e-12,0.0,4.3703352048396486e-12,0.0
660.0,0.0305,9.038103598868474e-12,0.0,6.854463663330534e-12,0.0
660.0,0.0315,1.404032445861958e-11,0.0,1.0733494093528862e-11,0.0
660.0,0.0325,2.177102942368947e-11,0.0,1.6710188788238156e-11,0.0
660.0,0.0335,3.3651303965598345e-11,0.0,2.592297931869325e-11,0.0
660.0,0.0345,5.1954884838778526e-11,0.0,4.007777221204379e-11,0.0
660.0,0.0355,8.003553375601768e-11,0.0,6.175174149802842e-11,0.0
660.0,0.0365,1.227817847393453e-10,0.0,9.480299212327737e-11,0.0
660.0,0.0375,1.8758328224066645e-10,0.0,1.4495395106450813e-10,0.0
660.0,0.0385,2.8558133635669947e-10,0.0,2.2080079986608326e-10,0.0
660.0,0.0395,4.333173819759395e-10,0.0,3.3504818475194045e-10,0.0
660.0,0.0405,6.550635589519516e-10,0.0,5.064877939275902e-10,0.0
660.0,0.0415,9.864606909104623e-10,0.0,7.627428644241263e-10,0.0
660.0,0.0425,1.4798615666222759e-09,0.0,1.1442786629345392e-09,0.0
660.0,0.0435,2.211720584455179e-09,0.0,1.7101702809441124e-09,0.0
660.0,0.0445,3.2928255677688867e-09,0.0,2.5462373898221812e-09,0.0
660.0,0.0455,4.883759174845181e-09,0.0,3.776603989535943e-09,0.0
660.0,0.0465,7.2159878072852734e-09,0.0,5.580270645566542e-09,0.0
660.0,0.0475,1.062142018781742e-08,0.0,8.213990518868288e-09,0.0
660.0,0.0485,1.5574471490253927e-08,0.0,1.2044815598244439e-08,0.0
660.0,0.0495,2.2750441530661192e-08,0.0,1.7595123260605306e-08,0.0
660.0,0.0505,3.310651663923636e-08,0.0,2.5605346607449064e-08,0.0
660.0,0.0515,4.7993466978368815e-08,0.0,3.712060635763237e-08,0.0
660.0,0.0525,6.930980589459068e-08,0.0,5.360996421899245e-08,0.0
660.0,0.0535,9.971353165383334e-08,0.0,7.712978447926843e-08,0.0
660.0,0.0545,1.4290873195932363e-07,0.0,1.1054656603448621e-07,0.0
660.0,0.0555,2.040375193246291e-07,0.0,1.5783930333412856e-07,0.0
660.0,0.0565,2.902071400967543e-07,0.0,2.2450831433928894e-07,0.0
660.0,0.0575,4.1120028981822543e-07,0.0,3.181249492811844e-07,0.0
660.0,0.0585,5.804260467812128e-07,0.0,4.490679818047738e-07,0.0
660.0,0.0595,8.161871960510325e-07,0.0,6.315046311300421e-07,0.0
660.0,0.0605,1.143360520927672e-06,0.0,8.846926105476883e-07,0.0
660.0,0.0615,1.5956165952957235e-06,0.0,1.2346992452449968e-06,0.0
660.0,0.0625,2.2183373857842525e-06,0.0,1.7166614575714333e-06,0.0
660.0,0.0635,3.072432150474924e-06,0.0,2.3777425157334165e-06,0.0
660.0,0.0645,4.239306576891977e-06,0.0,3.280982897813089e-06,0.0
660.0,0.0655,5.827304107697273e-06,0.0,4.5102918699413415e-06,0.0
660.0,0.0665,7.98001337898313e-06,0.0,6.176888105855483e-06,0.0
660.0,0.0675,1.0886937388931983e-05,0.0,8.427570674136575e-06,0.0
660.0,0.0685,1.4797126823395956e-05,0.0,1.145529198037565e-05,0.0
660.0,0.0695,2.0036523380895233e-05,0.0,1.551260932860288e-05,0.0
660.0,0.0705,2.7029916850551672e-05,0.0,2.0928720278163837e-05,0.0
660.0,0.0715,3.632861466940085e-05,0.0,2.8130934916390514e-05,0.0
660.0,0.0725,4.864514687596966e-05,0.0,3.767161533701824e-05,0.0
660.0,0.0735,6.489658994723868e-05,0.0,5.0261816197583185e-05,0.0
660.0,0.0745,8.625839751630338e-05,0.0,6.681309756121578e-05,0.0
660.0,0.0755,0.00011423097072338351,0.0,8.848925211427883e-05,0.0
660.0,0.0765,0.00015072159510509664,0.0,0.00011676999874531191,0.0
660.0,0.0775,0.00019814481612456802,0.0,0.00015352904247375676,0.0
660.0,0.0785,0.0002595448176521131,0.0,0.00020112929194727514,0.0
660.0,0.0795,0.00033874391681365523,0.0,0.00026253845674883535,0.0
660.0,0.0805,0.00044052188422938343,0.0,0.00034146872091419313,0.0
660.0,0.0815,0.0005708314411663196,0.0,0.00044254470026579897,0.0
660.0,0.0825,0.0007370559706032509,0.0,0.0005715044376574952,0.0
660.0,0.0835,0.0009483161857133382,0.0,0.0007354387626338266,0.0
660.0,0.0845,0.001215833232777186,0.0,0.0009430749317278142,0.0
660.0,0.0855,0.0015533564196630323,0.0,0.0012051110566822843,0.0
660.0,0.0865,0.001977664459218431,0.0,0.0015346084038475284,0.0
660.0,0.0875,0.0025091497416838138,0.0,0.0019474491848175644,0.0
660.0,0.0885,0.0031724956858170117,0.0,0.0024628679294613678,0.0
660.0,0.0895,0.003997457606715216,0.0,0.003104064908052173,0.0
660.0,0.0905,0.005019757740967634,0.0,0.003898910313369406,0.0
660.0,0.0915,0.006282105036120811,0.0,0.004880747996495494,0.0
660.0,0.0925,0.007835349993740692,0.0,0.0060893074368136265,0.0
660.0,0.0935,0.009739784217856595,0.0,0.007571732299697978,0.0
660.0,0.0945,0.012066593338659004,0.0,0.009383733382346762,0.0
660.0,0.0955,0.01489947066033892,0.0,0.011590872985957219,0.0
660.0,0.0965,0.01833639724867453,0.0,0.014269986822241522,0.0
660.0,0.0975,0.02249159230780151,0.0,0.017510748541536537,0.0
660.0,0.0985,0.027497635712563806,0.0,0.021417380974394436,0.0
660.0,0.0995,0.03350776260793964,4.440892098500626e-16,0.026110517356860645,-1.3322676295501867e-17
660.0,0.1005,0.04069832825013009,8.881784197001252e-16,0.03172921532845773,-3.075317778211684e-16
660.0,0.1015,0.04927143989579008,5.329070518200751e-15,0.03843312651660508,-3.1567803926435545e-15
660.0,0.1025,0.05945775167975853,3.3306690738754696e-14,0.046404825172028444,-2.647118635401569e-14
660.0,0.1035,0.07151941806790774,2.291500322826323e-13,0.05585230063751436,-1.95316540718693e-13
660.0,0.1045,0.08575320151533106,1.5876189252139739e-12,0.06701162035169482,-1.3746349891707865e-12
660.0,0.1055,0.1024937301623936,1.063993337879765e-11,0.08014977243624949,-9.274117862556608e-12
660.0,0.1065,0.12211690145534249,6.828182463891608e-11,0.09556769951312735,-5.98295192555387e-11
660.0,0.1075,0.14504342741190612,4.1829961716643993e-10,0.11360353828032074,-3.6836568434450713e-10
660.0,0.1085,0.17174251739896818,2.4403874476774945e-09,0.1346360832025404,-2.1600070934657548e-09
660.0,0.1095,0.20273569657996404,1.352795475639823e-08,0.15908849933701968,-1.2035412562116934e-08
660.0,0.1105,0.23860076652380258,7.108016220058744e-08,0.18743232265426166,-6.356776235755257e-08
660.0,0.1115,0.2799759353455329,3.5307051815536283e-07,0.2201918125396335,-3.1741965591608467e-07
660.0,0.1125,0.3275641871105677,1.6532117150802605e-06,0.25794876908347814,-1.494185306377821e-06
660.0,0.1135,0.3821380335750746,7.274478354357683e-06,0.3013480064527361,-6.609909894777499e-06
660.0,0.1145,0.44454490134643265,2.99793703648632e-05,0.35110378875138043,-2.7386759667333838e-05
660.0,0.1155,0.5157135489463371,0.00011529654334241357,0.40800768177115215,-0.00010589033874310928
660.0,0.1165,0.5966620560820957,0.0004121897742699332,0.4729384299560043,-0.00038057900802383385
660.0,0.1175,0.6885080303856057,0.00136422090895838,0.5468745850881247,-0.0012662249767827138
660.0,0.1185,0.79248165873571,0.004162439816561836,0.630910620410314,-0.0038833469711654846
660.0,0.1195,0.9099420055774772,0.011659984537645052,0.7262770807888671,-0.010932585409755655
660.0,0.1205,1.0423964671660428,0.02987793214364931,0.8343648869763878,-0.028148879747691303
660.0,0.1215,1.1915225325257666,0.06985122568064384,0.9567532325908347,-0.06611305257859883
660.0,0.1225,1.359190085923501,0.14887066517359138,1.095239684987591,-0.14153772659833735
660.0,0.1235,1.547481626860872,0.2897558640239084,1.2518703279300767,-0.2767509521504388
660.0,0.1245,1.7587072615355055,0.5178522574133111,1.4289673330267159,-0.4972110507886334
660.0,0.125,1.8770593242599034,0.6811477623677036,1.5290594048548172,-0.6563492830343362
720.0,0.0,5.684341886080802e-14,4.440892098500626e-16,8.810729923425225e-15,4.4270143106927956e-17
720.0,0.0005,0.0,0.0,0.0,0.0
720.0,0.0015,0.0,0.0,0.0,0.0
720.0,0.0025,0.0,0.0,0.0,0.0
720.0,0.0035,0.0,0.0,0.0,0.0
720.0,0.0045,0.0,0.0,0.0,0.0
720.0,0.0055,5.684341886080802e-14,0.0,5.115907697472707e-15,0.0
720.0,0.0065,5.684341886080802e-14,0.0,1.4921397450962105e-14,0.0
720.0,0.0075,5.684341886080802e-14,0.0,1.4921397450962105e-14,0.0
720.0,0.0085,5.684341886080802e-14,0.0,1.602273869139026e-14,0.0
720.0,0.0095,5.684341886080802e-14,0.0,2.4584778657299472e-14,0.0
720.0,0.0105,5.684341886080802e-14,0.0,2.9736213491560196e-14,0.0
720.0,0.0115,1.1368683772161603e-13,0.0,3.552713678800501e-14,0.0
720.0,0.0125,1.1368683772161603e-13,0.0,5.066169705969513e-14,0.0
720.0,0.0135,1.1368683772161603e-13,0.0,6.583178446817327e-14,0.0
720.0,0.0145,1.1368683772161603e-13,0.0,6.981082378842985e-14,0.0
720.0,0.0155,1.7053025658242404e-13,0.0,1.1002754263245151e-13,0.0
720.0,0.0165,2.2737367544323206e-13,0.0,1.4512835377900047e-13,0.0
720.0,0.0175,2.2737367544323206e-13,0.0,2.0111912135689636e-13,0.0
720.0,0.0185,3.410605131648481e-13,0.0,2.8851587785538866e-13,0.0
720.0,0.0195,5.115907697472721e-13,0.0,4.144595777688665e-13,0.0
720.0,0.0205,7.958078640513122e-13,0.0,6.114575512583542e-13,0.0
720.0,0.0215,1.2505552149377763e-12,0.0,9.392309152644884e-13,0.0
720.0,0.0225,1.8758328224066645e-12,0.0,1.4540191273226812e-12,0.0
720.0,0.0235,2.8421709430404007e-12,0.0,2.2019719381205503e-12,0.0
720.0,0.0245,4.376943252282217e-12,0.0,3.3818636779869855e-12,0.0
720.0,0.0255,6.707523425575346e-12,0.0,5.185114559935755e-12,0.0
720.0,0.0265,1.028865881380625e-11,0.0,7.942055901821733e-12,0.0
720.0,0.0275,1.574562702444382e-11,0.0,1.2159979689840839e-11,0.0
720.0,0.0285,2.404476617812179e-11,0.0,1.8557066994162598e-11,0.0
720.0,0.0295,3.666400516522117e-11,0.0,2.8257609585580214e-11,0.0
720.0,0.0305,5.559286364587024e-11,0.0,4.290036770271399e-11,0.0
720.0,0.0315,8.418510333285667e-11,0.0,6.489941029030887e-11,0.0
720.0,0.0325,1.268745108973235e-10,0.0,9.789083321720683e-11,0.0
720.0,0.0335,1.907096702780109e-10,0.0,1.471393673568855e-10,0.0
720.0,0.0345,2.856381797755603e-10,0.0,2.2040097746867105e-10,0.0
720.0,0.0355,4.263256414560601e-10,0.0,3.2898437751782693e-10,0.0
720.0,0.0365,6.340314939734526e-10,0.0,4.89325806540819e-10,0.0
720.0,0.0375,9.39735400606878e-10,0.0,7.252874567598157e-10,0.0
720.0,0.0385,1.3879457583243493e-09,0.0,1.071259170259964e-09,0.0
720.0,0.0395,2.0428387870197184e-09,0.0,1.5767281524858846e-09,0.0
720.0,0.0405,2.9961597647343297e-09,0.0,2.312578502028373e-09,0.0
720.0,0.0415,4.3789327719423454e-09,0.0,3.3799678078594297e-09,0.0
720.0,0.0425,6.377320005412912e-09,0.0,4.92269343510543e-09,0.0
720.0,0.0435,9.255359145754483e-09,0.0,7.144390110624954e-09,0.0
720.0,0.0445,1.3384919839154463e-08,0.0,1.0332391617851044e-08,0.0
720.0,0.0455,1.9289245756226592e-08,0.0,1.489054373138288e-08,0.0
720.0,0.0465,2.7700423288479215e-08,0.0,2.1384241932764784e-08,0.0
720.0,0.0475,3.963975814258447e-08,0.0,3.060202381277577e-08,0.0
720.0,0.0485,5.6526118896726985e-08,0.0,4.363956065844832e-08,0.0
720.0,0.0495,8.032316145545337e-08,0.0,6.201326712584888e-08,0.0
720.0,0.0505,1.1373833785910392e-07,0.0,8.781392466516991e-08,0.0
720.0,0.0515,1.6048977613536408e-07,0.0,1.239131927377457e-07,0.0
720.0,0.0525,2.256647917420196e-07,0.0,1.7424000070320744e-07,0.0
720.0,0.0535,3.161962922604289e-07,0.0,2.4414916207859963e-07,0.0
720.0,0.0545,4.414966952026589e-07,0.0,3.4091095393762314e-07,0.0
720.0,0.0555,6.142952315713046e-07,0.0,4.7435808411933075e-07,0.0
720.0,0.0565,8.517406513419701e-07,0.0,6.577378301386717e-07,0.0
720.0,0.0575,1.176846581074642e-06,0.0,9.088291601955234e-07,0.0
720.0,0.0585,1.6203783843593556e-06,0.0,1.2514010285613608e-06,0.0
720.0,0.0595,2.2233057848097815e-06,0.0,1.7171084734357578e-06,0.0
720.0,0.0605,3.0399783099710476e-06,0.0,2.3479470585030527e-06,0.0
720.0,0.0615,4.142216539548826e-06,0.0,3.199416704475766e-06,0.0
720.0,0.0625,5.624564892059425e-06,0.0,4.344582918278661e-06,0.0
720.0,0.0635,7.611003013607842e-06,0.0,5.879267485262573e-06,0.0
720.0,0.0645,1.0263486615258444e-05,0.0,7.928654907125576e-06,0.0
720.0,0.0655,1.3792770971576829e-05,0.0,1.0655664831560329e-05,0.0
720.0,0.0665,1.847206459615336e-05,0.0,1.4271517373281028e-05,0.0
720.0,0.0675,2.4654185494910053e-05,0.0,1.9049009079665778e-05,0.0
720.0,0.0685,3.279302046621524e-05,0.0,2.533912382101988e-05,0.0
720.0,0.0695,4.347025605966337e-05,0.0,3.3591727494517445e-05,0.0
720.0,0.0705,5.7428530908509856e-05,0.0,4.438124057621451e-05,0.0
720.0,0.0715,7.5612375496803e-05,0.0,5.8438349063187906e-05,0.0
720.0,0.0725,9.921855109951139e-05,0.0,7.668900607551876e-05,0.0
720.0,0.0735,0.000129757675779274,0.0,0.00010030219304937305,0.0
720.0,0.0745,0.0001691293410885919,0.0,0.0001307481549018874,0.0
720.0,0.0755,0.00021971327180381195,0.0,0.00016986909689968853,0.0
720.0,0.0765,0.00028447946419873915,0.0,0.00021996463389150733,0.0
720.0,0.0775,0.0003671206684430217,0.0,0.00028389461499962466,0.0
720.0,0.0785,0.00047221102687444727,0.0,0.00036520230681063025,0.0
720.0,0.0795,0.000605395175796275,0.0,0.00046826130286472536,0.0
720.0,0.0805,0.0007736126272561705,0.0,0.000598449935339893,0.0
720.0,0.0815,0.0009853627743154902,0.0,0.0007623573864015044,0.0
720.0,0.0825,0.0012510164042396354,0.0,0.0009680261290601065,0.0
720.0,0.0835,0.0015831801281365188,0.0,0.001225235757068468,0.0
720.0,0.0845,0.001997120648525197,0.0,0.0015458336823016337,0.0
720.0,0.0855,0.0025112562485105627,0.0,0.001944118571963607,0.0
720.0,0.0865,0.0031477232981842462,0.0,0.0024372827518683595,0.0
720.0,0.0875,0.0039330258936161044,0.0,0.003045920104845585,0.0
720.0,0.0885,0.0048987769710038265,0.0,0.0037946062258945546,0.0
720.0,0.0895,0.0060825393346704,0.0,0.004712557751884141,0.0
720.0,0.0905,0.00752877499854776,0.0,0.005834377849072468,0.0
720.0,0.0915,0.009289911049506827,0.0,0.007200894818107174,0.0
720.0,0.0925,0.011427529899549427,0.0,0.00886010066283923,0.0
720.0,0.0935,0.014013691298828235,0.0,0.010868196283252871,0.0
720.0,0.0945,0.017132392863345558,0.0,0.013290749713880565,0.0
720.0,0.0955,0.020881175150691433,0.0,0.016203973575730578,0.0
720.0,0.0965,0.02537287654274678,0.0,0.01969612769141914,0.0
720.0,0.0975,0.030737542429562836,0.0,0.023869052695707466,0.0
720.0,0.0985,0.037124492516113605,4.440892098500626e-16,0.028839840547765727,-6.439293542825909e-17
720.0,0.0995,0.04470454959835024,1.3322676295501878e-15,0.03474264823114553,-2.86992651865603e-16
720.0,0.1005,0.05367243302885072,4.884981308350689e-15,0.04173066176917207,-2.265410081747632e-15
720.0,0.1015,0.06424932050748566,2.4868995751603507e-14,0.049978219192220515,-1.7302964616661142e-14
720.0,0.1025,0.07668558304209228,1.4432899320127035e-13,0.05968310353789754,-1.2089163003992098e-13
720.0,0.1035,0.09126370023983554,9.583445148564351e-13,0.07106902067362865,-8.188191791269618e-13
720.0,0.1045,0.10830136683711089,6.178613176643921e-12,0.08438828205561479,-5.311012324371589e-12
720.0,0.1055,0.12815480677818414,3.823030780836234e-11,0.09992471975470367,-3.304092874301112e-11
720.0,0.1065,0.15122231810931908,2.2634383256558976e-10,0.11799687016210524,-1.966634355365926e-10
720.0,0.1075,0.1779480795806876,1.279638617290857e-09,0.1389614730058425,-1.1177971082076966e-09
720.0,0.1085,0.2088262558059455,6.893964954457488e-09,0.1632173415969243,-6.054759548040911e-09
720.0,0.1095,0.24440543743850185,3.531643466558876e-08,0.19120966431239403,-3.11879620260025e-08
720.0,0.1105,0.28529343802455287,1.716336175405786e-07,0.22343478881115567,-1.5241308620198014e-07
720.0,0.1115,0.3321624280041533,7.893304094785947e-07,0.26044550823003854,-7.048743910631483e-07
720.0,0.1125,0.3857543034318951,3.425899684383893e-06,0.30285679827982664,-3.0766521375705237e-06
720.0,0.1135,0.44688604679470245,1.3992272471785583e-05,0.3513518309674039,-1.2637287615359927e-05
720.0,0.1145,0.5164546305877593,5.360993775038736e-05,0.4066879055266912,-4.8693964436798695e-05
720.0,0.1155,0.5954407488667357,0.0001920435811411103,0.46970169652607685,-0.0001754225102457095
720.0,0.1165,0.6849103753015697,0.0006409491297629799,0.5413129569817182,-0.0005887660255906012
720.0,0.1175,0.7860129150919306,0.0019857814250174854,0.6225256011998472,-0.001834196287226512
720.0,0.1185,0.899974656655786,0.00569029392175624,0.7144250336755275,-0.005284292662864813
720.0,0.1195,1.0280864663589,0.015029333711417348,0.8181708070037942,-0.014029849756507728
720.0,0.1205,1.1716853033654502,0.03648447685188483,0.9349842754713359,-0.03422881528745742
720.0,0.1215,1.3321301664174712,0.0812607787643751,1.0661318683975667,-0.07660321323166226
720.0,0.1225,1.510774378816393,0.16605383260384166,1.2129058107195492,-0.15727052516487514
720.0,0.1235,1.7089373759048385,0.3120668965559412,1.3766052972444747,-0.2969867779284169
720.0,0.1245,1.9278799899683463,0.5424310728230068,1.5585219250887725,-0.5190908131270898
720.0,0.125,2.0483336312180995,0.7044900546532544,1.6592276060918745,-0.6767263410047714
780.0,0.0,5.684341886080802e-14,4.440892098500626e-16,-8.881784197001386e-16,-3.330669073875476e-17
780.0,0.0005,0.0,0.0,0.0,0.0
780.0,0.0015,0.0,0.0,0.0,0.0
780.0,0.0025,0.0,0.0,0.0,0.0
780.0,0.0035,0.0,0.0,0.0,0.0
780.0,0.0045,0.0,0.0,0.0,0.0
780.0,0.0055,5.684341886080802e-14,0.0,1.1723955140041656e-15,0.0
780.0,0.0065,5.684341886080802e-14,0.0,3.9790393202565646e-15,0.0
780.0,0.0075,5.684341886080802e-14,0.0,5.79092329644482e-15,0.0
780.0,0.0085,5.684341886080802e-14,0.0,1.1155520951433573e-14,0.0
780.0,0.0095,1.1368683772161603e-13,0.0,1.6555645743210344e-14,0.0
780.0,0.0105,1.1368683772161603e-13,0.0,2.9523050670832146e-14,0.0
780.0,0.0115,1.7053025658242404e-13,0.0,7.371880883511041e-14,0.0
780.0,0.0125,2.2737367544323206e-13,0.0,1.1816325695690468e-13,0.0
780.0,0.0135,2.8421709430404007e-13,0.0,1.8602008822199423e-13,0.0
780.0,0.0145,4.547473508864641e-13,0.0,2.8705926524708046e-13,0.0
780.0,0.0155,6.821210263296962e-13,0.0,4.549249865704042e-13,0.0
780.0,0.0165,1.0231815394945443e-12,0.0,7.011280445112789e-13,0.0
780.0,0.0175,1.5347723092418164e-12,0.0,1.0605916145323134e-12,0.0
780.0,0.0185,2.2737367544323206e-12,0.0,1.6192203133869042e-12,0.0
780.0,0.0195,3.353761712787673e-12,0.0,2.445723623623053e-12,0.0
780.0,0.0205,4.945377440890297e-12,0.0,3.698730210999201e-12,0.0
780.0,0.0215,7.389644451905042e-12,0.0,5.59122526055944e-12,0.0
780.0,0.0225,1.1084466677857563e-11,0.0,8.425651287780056e-12,0.0
780.0,0.0235,1.6541434888495132e-11,0.0,1.2671890203819203e-11,0.0
780.0,0.0245,2.4783730623312294e-11,0.0,1.9037038612168544e-11,0.0
780.0,0.0255,3.7118752516107634e-11,0.0,2.8520368289264296e-11,0.0
780.0,0.0265,5.5365489970427006e-11,0.0,4.263196018428062e-11,0.0
780.0,0.0275,8.259348760475405e-11,0.0,6.353133130687639e-11,0.0
780.0,0.0285,1.2249756764504127e-10,0.0,9.436764258907714e-11,0.0
780.0,0.0295,1.8138734958483838e-10,0.0,1.3974556622997624e-10,0.0
780.0,0.0305,2.6773250283440575e-10,0.0,2.0630896102602488e-10,0.0
780.0,0.0315,3.9398173612426035e-10,0.0,3.03600131701387e-10,0.0
780.0,0.0325,5.779270395578351e-10,0.0,4.4537369348063295e-10,0.0
780.0,0.0335,8.448637345281895e-10,0.0,6.512168582162303e-10,0.0
780.0,0.0345,1.231398982781684e-09,0.0,9.490624464092435e-10,0.0
780.0,0.0355,1.7885781744553242e-09,0.0,1.3786572239382624e-09,0.0
780.0,0.0365,2.5896156330418307e-09,0.0,1.9962124397920888e-09,0.0
780.0,0.0375,3.737227416422684e-09,0.0,2.880976524011202e-09,0.0
780.0,0.0385,5.375966338760918e-09,0.0,4.144340586265116e-09,0.0
780.0,0.0395,7.707967597525567e-09,0.0,5.942279805992713e-09,0.0
780.0,0.0405,1.1015686141035985e-08,0.0,8.492466783138753e-09,0.0
780.0,0.0415,1.569145524626947e-08,0.0,1.2097564869861799e-08,0.0
780.0,0.0425,2.2279323275142815e-08,0.0,1.7176887929792883e-08,0.0
780.0,0.0435,3.152996441713185e-08,0.0,2.4309414214940264e-08,0.0
780.0,0.0445,4.447622359293746e-08,0.0,3.429162148904652e-08,0.0
780.0,0.0455,6.25340135229635e-08,0.0,4.8215390400230265e-08,0.0
780.0,0.0465,8.76372610036924e-08,0.0,6.75722146326052e-08,0.0
780.0,0.0475,1.224186121362436e-07,0.0,9.439229831542662e-08,0.0
780.0,0.0485,1.704482315290079e-07,0.0,1.314291498744069e-07,0.0
780.0,0.0495,2.365512159485661e-07,0.0,1.824042021070227e-07,0.0
780.0,0.0505,3.272251092312217e-07,0.0,2.5232906608607664e-07,0.0
780.0,0.0515,4.5118906655261526e-07,0.0,3.4792887984025354e-07,0.0
780.0,0.0525,6.201008773132344e-07,0.0,4.781961114730393e-07,0.0
780.0,0.0535,8.49492948873376e-07,0.0,6.551122518061447e-07,0.0
780.0,0.0545,1.1599860840760812e-06,0.0,8.945847782371176e-07,0.0
780.0,0.0555,1.5788592122589762e-06,0.0,1.2176584935374988e-06,0.0
780.0,0.0565,2.1420713665065705e-06,0.0,1.6520759350058256e-06,0.0
780.0,0.0575,2.896855505696294e-06,0.0,2.2342793990404177e-06,0.0
780.0,0.0585,3.9050326563483395e-06,0.0,3.011969634627576e-06,0.0
780.0,0.0595,5.24723185435505e-06,0.0,4.0473630473059075e-06,0.0
780.0,0.0605,7.028239281225979e-06,0.0,5.42132211123203e-06,0.0
780.0,0.0615,9.383755411818129e-06,0.0,7.238572631891316e-06,0.0
780.0,0.0625,1.2488894583384536e-05,0.0,9.63426777396137e-06,0.0
780.0,0.0635,1.656883591749647e-05,0.0,1.2782214200335316e-05,0.0
780.0,0.0645,2.191211711988217e-05,0.0,1.6905141043892513e-05,0.0
780.0,0.0655,2.8887160851809313e-05,0.0,2.2287467686830095e-05,0.0
780.0,0.0665,3.7962738986152544e-05,0.0,2.9291116672389707e-05,0.0
780.0,0.0675,4.973321341594783e-05,0.0,3.8375019595271455e-05,0.0
780.0,0.0685,6.494953998981146e-05,0.0,5.0119083505819615e-05,0.0
780.0,0.0695,8.455720535494038e-05,0.0,6.525351972666015e-05,0.0
780.0,0.0705,0.00010974245441275343,0.0,8.469459177831597e-05,0.0
780.0,0.0715,0.0001419883955691148,0.0,0.00010958801114423267,0.0
780.0,0.0725,0.00018314281658149412,0.0,0.00014136140433972598,0.0
780.0,0.0735,0.0002354998193254687,0.0,0.0001817874886864246,0.0
780.0,0.0745,0.0003018976840394316,0.0,0.00023305983047198,0.0
780.0,0.0755,0.00038583570136552225,0.0,0.00029788331609598373,0.0
780.0,0.0765,0.0004916130624224024,0.0,0.0003795817431305793,0.0
780.0,0.0775,0.0006244932739605247,0.0,0.0004822252338846411,0.0
780.0,0.0785,0.0007908979548005846,0.0,0.000610780483496498,0.0
780.0,0.0795,0.0009986342799948034,0.0,0.0007712871779808239,0.0
780.0,0.0805,0.0012571607455242884,0.0,0.0009710642467486607,0.0
780.0,0.0815,0.001577896346077523,0.0,0.00121894994665233,0.0
780.0,0.0825,0.001974578653289427,0.0,0.001525580102641442,0.0
780.0,0.0835,0.0024636766680714572,0.0,0.0019037091470150004,0.0
780.0,0.0845,0.0030648646700797144,0.0,0.0023685788993983437,0.0
780.0,0.0855,0.003801563601939506,0.0,0.002938340304586049,0.0
780.0,0.0865,0.004701556782208627,0.0,0.0036345335906123213,0.0
780.0,0.0875,0.005797686946095837,0.0,0.0044826325194560115,0.0
780.0,0.0885,0.007128641747101483,0.0,0.005512658578184287,0.0
780.0,0.0895,0.008739834923744638,0.0,0.006759871098126346,0.0
780.0,0.0905,0.010684390338496996,0.0,0.008265539403761048,0.0
780.0,0.0915,0.013024236050284799,0.0,0.010077803192216343,0.0
780.0,0.0925,0.015831315492164322,0.0,0.012252627451488075,0.0
780.0,0.0935,0.019188922728233138,0.0,0.014854858367500653,0.0
780.0,0.0945,0.023193168691818755,0.0,0.01795938688553825,0.0
780.0,0.0955,0.027954585287830014,0.0,0.021652426923471853,0.0
780.0,0.0965,0.033599874334981905,4.440892098500626e-16,0.026032915728881143,-7.494005416219801e-18
780.0,0.0975,0.04027380854188323,4.440892098500626e-16,0.031214044566940477,-3.053113317719181e-17
780.0,0.0985,0.048141292061643526,8.881784197001252e-16,0.03732492884041335,-1.9845236565174686e-16
780.0,0.0995,0.057389588596834074,2.6645352591003757e-15,0.04451242784089452,-1.3078427230084345e-15
780.0,0.1005,0.06823072537474673,1.554312234475219e-14,0.052943125506513374,-1.0403344852250028e-14
780.0,0.1015,0.0809040812792432,8.926193117986259e-14,0.06280548457429205,-7.21700477157583e-14
780.0,0.1025,0.09567916652213171,5.626610288800293e-13,0.07431218696148967,-4.722267021861626e-13
780.0,0.1035,0.11285859870878312,3.497646616779093e-12,0.08770267247180917,-2.9634068809958336e-12
780.0,0.1045,0.13278127501871495,2.0955237545194905e-11,0.10324588516568088,-1.785834133349873e-11
780.0,0.1055,0.1558257312896103,1.2041478925084448e-10,0.12124323096734091,-1.0320091670124044e-10
780.0,0.1065,0.18241366491110966,6.623528392424305e-10,0.14203174032597407,-5.708546294003192e-10
780.0,0.1075,0.21301357878826366,3.4808813609288336e-09,0.16598741538041217,-3.0170926708372735e-09
780.0,0.1085,0.24814447846330268,1.7443838817854385e-08,0.19352872237265606,-1.520678918259799e-08
780.0,0.1095,0.2883795257849897,8.318661626205426e-08,0.2251201689481953,-7.294162749790778e-08
780.0,0.1105,0.33434952510219773,3.766729919085776e-07,0.2612758869013867,-3.322306948305709e-07
780.0,0.1115,0.3867461000724006,1.6156478968021304e-06,0.30256313147935854,-1.4334975742288927e-06
780.0,0.1125,0.44632442254800253,6.5478415738340345e-06,0.349605619289736,-5.844383055661068e-06
780.0,0.1135,0.513905393229777,2.5005802907429597e-05,0.403086670647049,-2.2453231753445797e-05
780.0,0.1145,0.5903772585348293,8.972653546202025e-05,0.46375220951592716,-8.105014092348191e-05
780.0,0.1155,0.6766967827657027,0.0003015881483761085,0.532413808072437,-0.00027404813603974353
780.0,0.1165,0.773890266304079,0.0009465442886540387,0.6099521312898554,-0.0008651730466063171
780.0,0.1175,0.8830548733791375,0.002765008867490426,0.6973213066454643,-0.002541908077494257
780.0,0.1185,1.0053608476615636,0.007493966912447636,0.7955548599875941,-0.006928005689174763
780.0,0.1195,1.142055178012015,0.018791163329851646,0.9057738535628602,-0.01746610565422639
780.0,0.1205,1.294467068334768,0.04349884611968058,1.0291976788880755,-0.040641258180789265
780.0,0.1215,1.4640151463186157,0.09285968003480027,1.1671575790030264,-0.08719108527473489
780.0,0.1225,1.652215770578266,0.18291919018527736,1.3211124537430212,-0.1725895143806199
780.0,0.1235,1.8606912002102263,0.3334178199500295,1.4926659674423384,-0.31617576735223374
780.0,0.1245,2.0911759646940027,0.5656273076301468,1.683583614626346,-0.5395205416380087
780.0,0.125,2.218347830367918,0.726516147094191,1.7896960035587335,-0.6957310713429873
840.0,0.0,1.1368683772161603e-13,4.440892098500626e-16,2.533084852984759e-14,4.815592369311615e-17
840.0,0.0005,5.684341886080802e-14,0.0,3.250733016102459e-14,0.0
840.0,0.0015,1.1368683772161603e-13,0.0,3.446132268436487e-14,0.0
840.0,0.0025,1.1368683772161603e-13,0.0,3.929301328753355e-14,0.0
840.0,0.0035,1.1368683772161603e-13,0.0,5.0413007102179106e-14,0.0
840.0,0.0045,1.1368683772161603e-13,0.0,5.083933274363518e-14,0.0
840.0,0.0055,1.1368683772161603e-13,0.0,6.330935775622494e-14,0.0
840.0,0.0065,1.7053025658242404e-13,0.0,8.260059303211166e-14,0.0
840.0,0.0075,1.7053025658242404e-13,0.0,1.0473399925103877e-13,0.0
840.0,0.0085,2.2737367544323206e-13,0.0,1.48894230278529e-13,0.0
840.0,0.0095,3.410605131648481e-13,0.0,2.2669865984426e-13,0.0
840.0,0.0105,4.547473508864641e-13,0.0,3.5186076274840163e-13,0.0
840.0,0.0115,6.821210263296962e-13,0.0,5.125855295773364e-13,0.0
840.0,0.0125,9.663381206337363e-13,0.0,7.692335657338845e-13,0.0
840.0,0.0135,1.4779288903810084e-12,0.0,1.1398881838431406e-12,0.0
840.0,0.0145,2.2168933355715126e-12,0.0,1.6964207816272392e-12,0.0
840.0,0.0155,3.296918293926865e-12,0.0,2.5410784587620587e-12,0.0
840.0,0.0165,4.888534022029489e-12,0.0,3.797175907038763e-12,0.0
840.0,0.0175,7.219114195322618e-12,0.0,5.6427040817652595e-12,0.0
840.0,0.0185,1.0800249583553523e-11,0.0,8.363514325537836e-12,0.0
840.0,0.0195,1.602984411874786e-11,0.0,1.2401990545640728e-11,0.0
840.0,0.0205,2.376054908381775e-11,0.0,1.8348380592669854e-11,0.0
840.0,0.0215,3.512923285597935e-11,0.0,2.7114985812204397e-11,0.0
840.0,0.0225,5.17843545821961e-11,0.0,3.994937713969193e-11,0.0
840.0,0.0235,7.617018127348274e-11,0.0,5.873729946870299e-11,0.0
840.0,0.0245,1.1169731806148775e-10,0.0,8.610498980488047e-11,0.0
840.0,0.0255,1.6336798580596223e-10,0.0,1.2587587860934947e-10,0.0
840.0,0.0265,2.382307684456464e-10,0.0,1.8351556718698706e-10,0.0
840.0,0.0275,3.461764208623208e-10,0.0,2.667436760361852e-10,0.0
840.0,0.0285,5.018137017032132e-10,0.0,3.865817888026868e-10,0.0
840.0,0.0295,7.250378075696062e-10,0.0,5.585617657288822e-10,0.0
840.0,0.0305,1.0446115084050689e-09,0.0,8.046413313422819e-10,0.0
840.0,0.0315,1.5002115105744451e-09,0.0,1.1555886203495903e-09,0.0
840.0,0.0325,2.148112798749935e-09,0.0,1.6546312053833389e-09,0.0
840.0,0.0335,3.0664182304462884e-09,0.0,2.3619544009534363e-09,0.0
840.0,0.0345,4.363982952781953e-09,0.0,3.3614134764548e-09,0.0
840.0,0.0355,6.191669399413513e-09,0.0,4.76930168247236e-09,0.0
840.0,0.0365,8.758206604397856e-09,0.0,6.746265590606983e-09,0.0
840.0,0.0375,1.2350938050076365e-08,0.0,9.51369628410248e-09,0.0
840.0,0.0385,1.736430021992419e-08,0.0,1.3375647363034205e-08,0.0
840.0,0.0395,2.4338646653632168e-08,0.0,1.874816412339442e-08,0.0
840.0,0.0405,3.401061121621751e-08,0.0,2.6198826219570034e-08,0.0
840.0,0.0415,4.738183179142652e-08,0.0,3.649934722460557e-08,0.0
840.0,0.0425,6.580967237823643e-08,0.0,5.069547238889527e-08,0.0
840.0,0.0435,9.112739007832715e-08,0.0,7.019967874555278e-08,0.0
840.0,0.0445,1.2580278507812181e-07,0.0,9.691339617035055e-08,0.0
840.0,0.0455,1.7314727074335678e-07,0.0,1.3338792676620414e-07,0.0
840.0,0.0465,2.3758883571645129e-07,0.0,1.8303515954443127e-07,0.0
840.0,0.0475,3.25029532177723e-07,0.0,2.5040294747924464e-07,0.0
840.0,0.0485,4.433103413248318e-07,0.0,3.415330661127314e-07,0.0
840.0,0.0495,6.028128041180025e-07,0.0,4.6442569406224266e-07,0.0
840.0,0.0505,8.172385150828632e-07,0.0,6.296391759619269e-07,0.0
840.0,0.0515,1.1046095096389763e-06,0.0,8.510621036350585e-07,0.0
840.0,0.0525,1.4885533801134443e-06,0.0,1.1469036220290719e-06,0.0
840.0,0.0535,1.9999449136776093e-06,0.0,1.5409587765091715e-06,0.0
840.0,0.0545,2.6789955995809578e-06,0.0,2.064219795840927e-06,0.0
840.0,0.0555,3.577905431484396e-06,0.0,2.756920360766913e-06,0.0
840.0,0.0565,4.764213201724488e-06,0.0,3.6711196977279313e-06,0.0
840.0,0.0575,6.3250183757190825e-06,0.0,4.87395719066086e-06,0.0
840.0,0.0585,8.37227668171181e-06,0.0,6.451736904260485e-06,0.0
840.0,0.0595,1.1049421573261498e-05,0.0,8.5150345790197e-06,0.0
840.0,0.0605,1.453961294828332e-05,0.0,1.1205060063836924e-05,0.0
840.0,0.0615,1.9075974648785632e-05,0.0,1.470155454480704e-05,0.0
840.0,0.0625,2.495425280812924e-05,0.0,1.9232557145443253e-05,0.0
840.0,0.0635,3.254841283251153e-05,0.0,2.5086438651236167e-05,0.0
840.0,0.0645,4.232978153595468e-05,0.0,3.262667401362051e-05,0.0
840.0,0.0655,5.489045770445955e-05,0.0,4.2309910117275256e-05,0.0
840.0,0.0665,7.097183214455072e-05,0.0,5.470798099477037e-05,0.0
840.0,0.0675,9.149920475692852e-05,0.0,7.053463311898157e-05,0.0
840.0,0.0685,0.00011762364283640636,0.0,9.067784682525114e-05,0.0
840.0,0.0695,0.0001507724025486823,0.0,0.00011623877767917179,0.0
840.0,0.0705,0.00019270943687388353,0.0,0.00014857849602151419,0.0
840.0,0.0715,0.00024560772595805247,0.0,0.0001893738721780025,0.0
840.0,0.0725,0.0003121354085351413,0.0,0.00024068414034669416,0.0
840.0,0.0735,0.00039555794836587665,0.0,0.00030502987585769855,0.0
840.0,0.0745,0.0004998588480589206,0.0,0.0003854863364081496,0.0
840.0,0.0755,0.000629881715326519,0.0,0.00048579334947405076,0.0
840.0,0.0765,0.0007914967967508346,0.0,0.0006104841704492259,0.0
840.0,0.0775,0.0009917954152456332,0.0,0.0007650359910090643,0.0
840.0,0.0785,0.001239316077658259,0.0,0.0009560450386297959,0.0
840.0,0.0795,0.0015443063531961343,0.0,0.0011914294762842559,0.0
840.0,0.0805,0.0019190249559528638,0.0,0.001480663580892454,0.0
840.0,0.0815,0.0023780887960356267,0.0,0.001835046948012753,0.0
840.0,0.0825,0.0029388700787649213,0.0,0.002268012734816054,0.0
840.0,0.0835,0.00362194883553002,0.0,0.002795479210992191,0.0
840.0,0.0845,0.004451626553247934,0.0,0.0034362491362179524,0.0
840.0,0.0855,0.005456506824941698,0.0,0.0042124617205590905,0.0
840.0,0.0865,0.006670149183946705,0.0,0.005150102154054643,0.0
840.0,0.0875,0.008131802485991102,0.0,0.006279573911968583,0.0
840.0,0.0885,0.009887224393480665,0.0,0.007636339259746166,0.0
840.0,0.0895,0.011989593669966325,0.0,0.009261633598962399,0.0
840.0,0.0905,0.014500522140451721,0.0,0.011203259519650857,0.0
840.0,0.0915,0.01749117328392913,0.0,0.013516466658265893,0.0
840.0,0.0925,0.02104349452383758,0.0,0.016264923706675205,0.0
840.0,0.0935,0.02525157032869174,0.0,0.01952178916793674,0.0
840.0,0.0945,0.030223103220350822,0.0,0.023370887694090497,0.0
840.0,0.0955,0.0360810296470504,4.440892098500626e-16,0.027907999036146585,-4.718447854656921e-18
840.0,0.0965,0.042965277343796515,4.440892098500626e-16,0.033242266734114456,-2.331468351712826e-17
840.0,0.0975,0.05103467016834884,8.881784197001252e-16,0.03949773359895541,-1.4668821712859889e-16
840.0,0.0985,0.060468985325201174,2.220446049250313e-15,0.04681501069664527,-8.902600878712975e-16
840.0,0.0995,0.07147116622934391,1.021405182655144e-14,0.05535308582196404,-6.225575610585566e-15
840.0,0.1005,0.08426969185194366,5.551115123125783e-14,0.06529127624961054,-4.169359302252929e-14
840.0,0.1015,0.09912110011168807,3.241851231905457e-13,0.07683132879612571,-2.6533761299241116e-13
840.0,0.1025,0.11631265867572438,1.9393375794152234e-12,0.09019966791903661,-1.6187552687174647e-12
840.0,0.1035,0.13616517148761886,1.1288747714388592e-11,0.10564978982710159,-9.486286617343964e-12
840.0,0.1045,0.15903590365655873,6.319300638324421e-11,0.12346479761672514,-5.340999670311319e-11
840.0,0.1055,0.18532160139051257,3.393112457672487e-10,0.14396006964125735,-2.8845962479762126e-10
840.0,0.1065,0.21546157781182274,1.744735023123667e-09,0.16748605103126576,-1.492044003764681e-09
840.0,0.1075,0.24994082993146094,8.576463539355927e-09,0.19443115665059924,-7.37838391759449e-09
840.0,0.1085,0.2892931462384922,4.022871458175814e-08,0.22522477227364593,-3.4819602785785e-08
840.0,0.1095,0.33410415641662894,1.797053137408966e-07,0.2603403375918124,-1.564996907918448e-07
840.0,0.1105,0.38501426060793165,7.629081468785159e-07,0.3002984859707393,-6.685212729722056e-07
840.0,0.1115,0.4427213486894743,3.071134711429835e-06,0.34567019529454474,-2.708019754476404e-06
840.0,0.1125,0.5079831710024791,1.1695167650760396e-05,0.3970798629735405,-1.0377232587562707e-05
840.0,0.1135,0.5816191410633564,4.2024011690955376e-05,0.45520814683576744,-3.752301335585795e-05
840.0,0.1145,0.664511231959068,0.00014210664279357133,0.5207943061665866,-0.00012768248134070642
840.0,0.1155,0.7576034763529833,0.0004509703522721509,0.5946376377440228,-0.00040771760499126524
840.0,0.1165,0.8618994199904364,0.0013392347198113441,0.677597452827991,-0.0012182149446357596
840.0,0.1175,0.9784567614466368,0.0037110974501404215,0.7705909299261845,-0.0033959974754082913
840.0,0.1185,1.108378412946422,0.00957003375195109,0.8745881758071931,-0.008808414876908682
840.0,0.1195,1.2527994245669447,0.02291318655839447,0.9906040143837258,-0.021207635313458043
840.0,0.1205,1.412869690810794,0.05085368785947475,1.119686460473694,-0.04732012051845318
840.0,0.1215,1.589733103216986,0.10457104201123046,1.2629025241708103,-0.09780437637011977
840.0,0.1225,1.7845047229035345,0.19943984277678029,1.4213228394130266,-0.18747484287586888
840.0,0.1235,1.9982484129811837,0.35388292864593085,1.5960074263294908,-0.3343998331188539
840.0,0.1245,2.2319579182574216,0.5875956574586438,1.7879954318974687,-0.5586615594243667
840.0,0.125,2.359251138705474,0.7473653082385174,1.89314857960953,-0.7135084097214319
900.0,0.0,1.7053025658242404e-13,4.440892098500626e-16,6.373568339768098e-14,1.165734175856426e-17
900.0,0.0005,1.1368683772161603e-13,0.0,5.73763259126281e-14,0.0
900.0,0.0015,1.1368683772161603e-13,0.0,7.567280135845067e-14,0.0
900.0,0.0025,1.7053025658242404e-13,0.0,1.0068390565720618e-13,0.0
900.0,0.0035,1.7053025658242404e-13,0.0,1.2818190953112207e-13,0.0
900.0,0.0045,2.2737367544323206e-13,0.0,1.6441958905488716e-13,0.0
900.0,0.0055,3.410605131648481e-13,0.0,2.377120722485415e-13,0.0
900.0,0.0065,4.547473508864641e-13,0.0,3.397460091036919e-13,0.0
900.0,0.0075,6.821210263296962e-13,0.0,4.937561470796936e-13,0.0
900.0,0.0085,1.0231815394945443e-12,0.0,7.311129479603552e-13,0.0
900.0,0.0095,1.4779288903810084e-12,0.0,1.0856027188310692e-12,0.0
900.0,0.0105,2.1600499167107046e-12,0.0,1.6188650420190243e-12,0.0
900.0,0.0115,3.240074875066057e-12,0.0,2.4002844156711945e-12,0.0
900.0,0.0125,4.774847184307873e-12,0.0,3.56216389718611e-12,0.0
900.0,0.0135,6.991740519879386e-12,0.0,5.271019176689151e-12,0.0
900.0,0.0145,1.0231815394945443e-11,0.0,7.768505838612327e-12,0.0
900.0,0.0155,1.4949819160392508e-11,0.0,1.141220451472691e-11,0.0
900.0,0.0165,2.1827872842550278e-11,0.0,1.6710011152554215e-11,0.0
900.0,0.0175,3.183231456205249e-11,0.0,2.4427642131286122e-11,0.0
900.0,0.0185,4.632738637155853e-11,0.0,3.561694938980509e-11,0.0
900.0,0.0195,6.73594513500575e-11,0.0,5.1792987676435594e-11,0.0
900.0,0.0205,9.765699360286817e-11,0.0,7.507903632131274e-11,0.0
900.0,0.0215,1.410853656125255e-10,0.0,1.085487255636508e-10,0.0
900.0,0.0225,2.034994395216927e-10,0.0,1.5652343421379555e-10,0.0
900.0,0.0235,2.9245939003885724e-10,0.0,2.2507766317403367e-10,0.0
900.0,0.0245,4.1939074435504153e-10,0.0,3.2276890493676545e-10,0.0
900.0,0.0255,5.997549124003854e-10,0.0,4.615728244061757e-10,0.0
900.0,0.0265,8.552092367608566e-10,0.0,6.581894140822442e-10,0.0
900.0,0.0275,1.2158807294326834e-09,0.0,9.35906889765192e-10,0.0
900.0,0.0285,1.724060894048307e-09,0.0,1.327024392594467e-09,0.0
900.0,0.0295,2.4375026441703085e-09,0.0,1.8762326803312137e-09,0.0
900.0,0.0305,3.436355200392427e-09,0.0,2.645198762252221e-09,0.0
900.0,0.0315,4.830951638723491e-09,0.0,3.718686976128538e-09,0.0
900.0,0.0325,6.771983862563502e-09,0.0,5.212978955171366e-09,0.0
900.0,0.0335,9.466020856052637e-09,0.0,7.286893364266689e-09,0.0
900.0,0.0345,1.3194153325457592e-08,0.0,1.015687416838773e-08,0.0
900.0,0.0355,1.8338141671847552e-08,0.0,1.4116935567187738e-08,0.0
900.0,0.0365,2.541514732001815e-08,0.0,1.956516101131456e-08,0.0
900.0,0.0375,3.512332114041783e-08,0.0,2.703895049194216e-08,0.0
900.0,0.0385,4.8401773256046e-08,0.0,3.7261555476675315e-08,0.0
900.0,0.0395,6.651089279330336e-08,0.0,5.12032587351996e-08,0.0
900.0,0.0405,9.113614396483172e-08,0.0,7.016182987484853e-08,0.0
900.0,0.0415,1.2452494502213085e-07,0.0,9.586763017210842e-08,0.0
900.0,0.0425,1.6966453131317394e-07,0.0,1.3062075201020205e-07,0.0
900.0,0.0435,2.3051330799717107e-07,0.0,1.7746915254690523e-07,0.0
900.0,0.0445,3.1230035801854683e-07,0.0,2.4043942964624426e-07,0.0
900.0,0.0455,4.21912716319639e-07,0.0,3.248344821571436e-07,0.0
900.0,0.0465,5.683919539478666e-07,0.0,4.376168141106973e-07,0.0
900.0,0.0475,7.635723022758611e-07,0.0,5.878995796848585e-07,0.0
900.0,0.0485,1.0228956739410933e-06,0.0,7.875741734864049e-07,0.0
900.0,0.0495,1.3664488847098255e-06,0.0,1.0521096709581457e-06,0.0
900.0,0.0505,1.820281283926306e-06,0.0,1.4015672172007498e-06,0.0
900.0,0.0515,2.418070039311715e-06,0.0,1.8618833057004736e-06,0.0
900.0,0.0525,3.203220444447652e-06,0.0,2.4664876037050474e-06,0.0
900.0,0.0535,4.2315041923757235e-06,0.0,3.2583355607584964e-06,0.0
900.0,0.0545,5.574362830884638e-06,0.0,4.292453459768808e-06,0.0
900.0,0.0555,7.323029763028899e-06,0.0,5.63911464332989e-06,0.0
900.0,0.0565,9.593656159267994e-06,0.0,7.387789250685728e-06,0.0
900.0,0.0575,1.2533664119018795e-05,0.0,9.652039896224098e-06,0.0
900.0,0.0585,1.6329592710917495e-05,0.0,1.2575568466566269e-05,0.0
900.0,0.0595,2.121675532862355e-05,0.0,1.6339659324557943e-05,0.0
900.0,0.0605,2.7491085120345815e-05,0.0,2.1172309757311326e-05,0.0
900.0,0.0615,3.5523614769772394e-05,0.0,2.7359391677315158e-05,0.0
900.0,0.0625,4.5778112905736634e-05,0.0,3.5258248820539964e-05,0.0
900.0,0.0635,5.883249383487055e-05,0.0,4.5314203555193446e-05,0.0
900.0,0.0645,7.540471312950103e-05,0.0,5.808052584470147e-05,0.0
900.0,0.0655,9.63839817131884e-05,0.0,7.424250572572788e-05,0.0
900.0,0.0665,0.00012286825631235843,0.0,9.464637055263124e-05,0.0
900.0,0.0675,0.00015620910949110112,0.0,0.00012033389894241965,0.0
900.0,0.0685,0.00019806523943088905,0.0,0.00015258370686833445,0.0
900.0,0.0695,0.00025046605554734924,0.0,0.00019296031623426303,0.0
900.0,0.0705,0.00031588696481321676,0.0,0.00024337226428709611,0.0
900.0,0.0715,0.0003973381896571482,0.0,0.00030614067219886465,0.0
900.0,0.0725,0.0004984691716458656,0.0,0.0003840798642260168,0.0
900.0,0.0735,0.0006236908450318879,0.0,0.00048059181216380864,0.0
900.0,0.0745,0.0007783183218634804,0.0,0.0005997763759599906,0.0
900.0,0.0755,0.0009687367823971726,0.0,0.0007465595160966033,0.0
900.0,0.0765,0.0012025936417785488,0.0,0.000926841867404633,0.0
900.0,0.0775,0.0014890203392496915,0.0,0.001147670285490605,0.0
900.0,0.0785,0.0018388873809840334,0.0,0.0014174352037555236,0.0
900.0,0.0795,0.0022650965536286094,0.0,0.0017460968709242764,0.0
900.0,0.0805,0.0027829145122382215,0.0,0.0021454437720562682,0.0
900.0,0.0815,0.003410352228627289,0.0,0.002629386770728388,0.0
900.0,0.0825,0.004168595063788416,0.0,0.003214292744413001,0.0
900.0,0.0835,0.005082488493769688,0.0,0.003919361717027812,0.0
900.0,0.0845,0.0061810847772676425,0.0,0.004767051721013509,0.0
900.0,0.0855,0.007498256089490951,0.0,0.005783555846268236,0.0
900.0,0.0865,0.00907337986973289,0.0,0.0069993361506376665,0.0
900.0,0.0875,0.010952102321937218,0.0,0.008449719316335555,0.0
900.0,0.0885,0.013187186171307985,0.0,0.010175559132626263,0.0
900.0,0.0895,0.015839448892961627,0.0,0.012223971063719611,0.0
900.0,0.0905,0.018978797689442217,0.0,0.0146491443108172,0.0
900.0,0.0915,0.022685367467659034,0.0,0.01751323688835644,0.0
900.0,0.0925,0.02705076793756689,0.0,0.020887359289528364,0.0
900.0,0.0935,0.03217944568228859,0.0,0.024852652292481032,0.0
900.0,0.0945,0.038190166597701136,0.0,0.02950146433354135,0.0
900.0,0.0955,0.04521762341386193,4.440892098500626e-16,0.034938633613116825,-2.3037127760972016e-17
900.0,0.0965,0.05341417203976562,4.440892098500626e-16,0.04128287967042684,-1.0297318553398328e-16
900.0,0.0975,0.06295169914483267,1.3322676295501878e-15,0.04866830852191864,-6.66133814775094e-16
900.0,0.0985,0.07402362163497855,6.217248937900877e-15,0.05724603455394881,-3.893413369482346e-15
900.0,0.0995,0.086847016382535,3.197442310920451e-14,0.06718592112323972,-2.418065747633591e-14
900.0,0.1005,0.10166487562054272,1.8429702208777599e-13,0.07867844015345689,-1.4593937169848915e-13
900.0,0.1015,0.11874847959319368,1.0587086762825493e-12,0.09193664877660328,-8.685674401931464e-13
900.0,0.1025,0.13839987313917845,6.001865671123596e-12,0.10719827804634238,-4.968267880434141e-12
900.0,0.1035,0.16095442650191671,3.2799984950315775e-11,0.12472792464831618,-2.7330708668449334e-11
900.0,0.1045,0.18678345235520055,1.723750031601412e-10,0.1448193309641193,-1.4451243923740975e-10
900.0,0.1055,0.21629684029869622,8.693947783910971e-10,0.16779773136142245,-7.33347575998522e-10
900.0,0.1065,0.24994565640849942,4.201395231717697e-09,0.1940222327459337,-3.566024958240321e-09
900.0,0.1075,0.2882246385401004,1.9421571462174825e-08,0.22388818497458166,-1.6588605201844908e-08
900.0,0.1085,0.331674498208713,8.57287263400508e-08,0.2578294818895992,-7.369196714221426e-08
900.0,0.1095,0.38088391813960243,3.6066826503144966e-07,0.2963207175108207,-3.120321024424611e-07
900.0,0.1105,0.4364911135260172,1.443332084072324e-06,0.3398791065707015,-1.256836967206687e-06
900.0,0.1115,0.49918480893620654,5.482589519711922e-06,0.38906606793660936,-4.8054789092215334e-06
900.0,0.1125,0.5697044777724614,1.972411226169868e-05,0.44448836903030225,-1.7401839799616876e-05
900.0,0.1135,0.6488397046180125,6.704727772888219e-05,0.5067987457694136,-5.954204497967825e-05
900.0,0.1145,0.7374285698452923,0.0002148178595096084,0.5766959522594877,-0.0001920186501552988
900.0,0.1155,0.8363550249153491,0.0006470894242278646,0.6549242613696381,-0.0005821543112895319
900.0,0.1165,0.9465453241895148,0.0018278886705425101,0.7422725298198639,-0.0016549193439663805
900.0,0.1175,1.0689636940887226,0.004829927573738235,0.8395730496140779,-0.004400006684507138
900.0,0.1185,1.2046075321611625,0.011910848710640742,0.947700512437704,-0.010915728415787812
900.0,0.1195,1.3545025086765463,0.027362182936490953,1.0675714891417365,-0.025220435643944702
900.0,0.1205,1.519697963271426,0.05848950691853627,1.2001448469776628,-0.054207614606088514
900.0,0.1215,1.7012629313798584,0.11633425038010525,1.3464234776893436,-0.10838696174094686
900.0,0.1225,1.9002830038824072,0.21560137805093227,1.5074575955664056,-0.20191846587880455
900.0,0.1235,2.117858049333165,0.37352913766011975,1.6843497176308146,-0.3517325721832166
900.0,0.1245,2.3551006625540936,0.608467982112106,1.8782613116052869,-0.5766514740569654
900.0,0.125,2.484117881676468,0.767184032833113,1.9843411833734586,-0.7302105330035471
960.0,0.0,3.410605131648481e-13,4.440892098500626e-16,2.76152434253163e-13,3.4278135885301674e-17
960.0,0.0005,2.8421709430404007e-13,0.0,2.6879831693804594e-13,0.0
960.0,0.0015,3.410605131648481e-13,0.0,3.0318858534883476e-13,0.0
960.0,0.0025,4.547473508864641e-13,0.0,3.8401282154154616e-13,0.0
960.0,0.0035,6.252776074688882e-13,0.0,5.209699338593055e-13,0.0
960.0,0.0045,9.094947017729282e-13,0.0,7.405986934827526e-13,0.0
960.0,0.0055,1.3073986337985843e-12,0.0,1.0551914897405367e-12,0.0
960.0,0.0065,1.8758328224066645e-12,0.0,1.5355183791143648e-12,0.0
960.0,0.0075,2.8421709430404007e-12,0.0,2.2353319195644874e-12,0.0
960.0,0.0085,4.206412995699793e-12,0.0,3.2573765906818157e-12,0.0
960.0,0.0095,6.139089236967266e-12,0.0,4.735163372515672e-12,0.0
960.0,0.0105,8.924416761146858e-12,0.0,6.8943251108066775e-12,0.0
960.0,0.0115,1.3073986337985843e-11,0.0,1.0049099330444732e-11,0.0
960.0,0.0125,1.887201506178826e-11,0.0,1.458506204699006e-11,0.0
960.0,0.0135,2.7341684472048655e-11,0.0,2.1112782633281314e-11,0.0
960.0,0.0145,3.956301952712238e-11,0.0,3.047958330171241e-11,0.0
960.0,0.0155,5.701394911739044e-11,0.0,4.390354746419689e-11,0.0
960.0,0.0165,8.185452315956354e-11,0.0,6.306112965148714e-11,0.0
960.0,0.0175,1.1732481652870774e-10,0.0,9.031168701767454e-11,0.0
960.0,0.0185,1.6757439880166203e-10,0.0,1.2899864287874152e-10,0.0
960.0,0.0195,2.3874235921539366e-10,0.0,1.8377377841716223e-10,0.0
960.0,0.0205,3.3924152376130223e-10,0.0,2.610963889537743e-10,0.0
960.0,0.0215,4.807816367247142e-10,0.0,3.699767603393411e-10,0.0
960.0,0.0225,6.793356988055166e-10,0.0,5.22871914654388e-10,0.0
960.0,0.0235,9.575842341291718e-10,0.0,7.369542487367655e-10,0.0
960.0,0.0245,1.3461658454616554e-09,0.0,1.0359358526557117e-09,0.0
960.0,0.0255,1.8873151930165477e-09,0.0,1.4523079627792869e-09,0.0
960.0,0.0265,2.6388988771941513e-09,0.0,2.03059173031761e-09,0.0
960.0,0.0275,3.679701876535546e-09,0.0,2.8315276523471764e-09,0.0
960.0,0.0285,5.117442469781963e-09,0.0,3.937828481070937e-09,0.0
960.0,0.0295,7.097924026311375e-09,0.0,5.461726502176135e-09,0.0
960.0,0.0305,9.818279522733064e-09,0.0,7.555065302256026e-09,0.0
960.0,0.0315,1.354504775008536e-08,0.0,1.0422739862292474e-08,0.0
960.0,0.0325,1.863628540377249e-08,0.0,1.4340450391614467e-08,0.0
960.0,0.0335,2.557266043368145e-08,0.0,1.967801811275649e-08,0.0
960.0,0.0345,3.499690137687139e-08,0.0,2.6930092218435672e-08,0.0
960.0,0.0355,4.7766320676601026e-08,0.0,3.675648692080813e-08,0.0
960.0,0.0365,6.502119731521816e-08,0.0,5.0034581242641706e-08,0.0
960.0,0.0375,8.827322517390712e-08,0.0,6.792789314147285e-08,0.0
960.0,0.0385,1.1952153045058367e-07,0.0,9.197474746258649e-08,0.0
960.0,0.0395,1.6140120351337828e-07,0.0,1.2420332375029374e-07,0.0
960.0,0.0405,2.173763959945063e-07,0.0,1.6727966769991554e-07,0.0
960.0,0.0415,2.919879307228257e-07,0.0,2.2469843376171637e-07,0.0
960.0,0.0425,3.9117014694056707e-07,0.0,3.010270152259409e-07,0.0
960.0,0.0435,5.226566486271622e-07,0.0,4.022175624740498e-07,0.0
960.0,0.0445,6.964964995859191e-07,0.0,5.360045760838261e-07,0.0
960.0,0.0455,9.257097417503246e-07,0.0,7.124094914345847e-07,0.0
960.0,0.0465,1.227117479629669e-06,0.0,9.443794186125843e-07,0.0
960.0,0.0475,1.6223881402765983e-06,0.0,1.2485930149352953e-06,0.0
960.0,0.0485,2.139354535302118e-06,0.0,1.6464741270993956e-06,0.0
960.0,0.0495,2.8136639116382867e-06,0.0,2.1654624318756534e-06,0.0
960.0,0.0505,3.6908407992086723e-06,0.0,2.8406015015747244e-06,0.0
960.0,0.0515,4.828856162930606e-06,0.0,3.7165171581676758e-06,0.0
960.0,0.0525,6.301318080659257e-06,0.0,4.849874041781277e-06,0.0
960.0,0.0535,8.201420541809057e-06,0.0,6.312416498737149e-06,0.0
960.0,0.0545,1.0646815326254e-05,0.0,8.194720528820199e-06,0.0
960.0,0.0555,1.3785604210170277e-05,0.0,1.0610808110484982e-05,0.0
960.0,0.0565,1.7803684045247792e-05,0.0,1.3703804316023138e-05,0.0
960.0,0.0575,2.2933721368190163e-05,0.0,1.7652849622642463e-05,0.0
960.0,0.0585,2.946608276488405e-05,0.0,2.268151959430753e-05,0.0
960.0,0.0595,3.776210462547169e-05,0.0,2.9068046353231126e-05,0.0
960.0,0.0605,4.82701483974779e-05,0.0,3.715768761523463e-05,0.0
960.0,0.0615,6.154496395538445e-05,0.0,4.737764528695009e-05,0.0
960.0,0.0625,7.827096601431549e-05,0.0,6.025500008938422e-05,0.0
960.0,0.0635,9.92901201470886e-05,0.0,7.643820119795919e-05,0.0
960.0,0.0645,0.00012563524387587677,0.0,9.672273028268564e-05,0.0
960.0,0.0655,0.00015856963881333286,0.0,0.00012208164951971412,0.0
960.0,0.0665,0.00019963410352374922,0.0,0.0001537018424487613,0.0
960.0,0.0675,0.00025070251223269224,0.0,0.00019302686515530355,0.0
960.0,0.0685,0.00031404730361828115,0.0,0.00024180744505834185,0.0
960.0,0.0695,0.00039241638455678185,0.0,0.0003021607932813453,0.0
960.0,0.0705,0.0004891231376404903,0.0,0.0003766400360347788,0.0
960.0,0.0715,0.0006081514096649698,0.0,0.0004683152201783969,0.0
960.0,0.0725,0.0007542775634306054,0.0,0.0005808675065377855,0.0
960.0,0.0735,0.0009332118891052232,0.0,0.000718698333271739,0.0
960.0,0.0745,0.0011517618958691855,0.0,0.0008870555080933328,0.0
960.0,0.0755,0.0014180202414308951,0.0,0.0010921783723653177,0.0
960.0,0.0765,0.0017415802902860378,0.0,0.0013414643717343112,0.0
960.0,0.0775,0.002133782549094576,0.0,0.0016436595648535147,0.0
960.0,0.0785,0.0026079954657802773,0.0,0.0020090758024424106,0.0
960.0,0.0795,0.00317993434168784,0.0,0.00244983751451759,0.0
960.0,0.0805,0.003868022344590827,0.0,0.0029801612483388593,0.0
960.0,0.0815,0.004693797866138993,0.0,0.0036166713054184636,0.0
960.0,0.0825,0.0056823726949915,0.0,0.004378755028861826,0.0
960.0,0.0835,0.006862945705620405,0.0,0.00528896148872537,0.0
960.0,0.0845,0.008269376966040909,0.0,0.0063734475028417135,0.0
960.0,0.0855,0.00994082734712265,0.0,0.007662475104825895,0.0
960.0,0.0865,0.011922468860234403,0.0,0.009190964729060199,0.0
960.0,0.0875,0.014266271049336865,0.0,0.010999108512508115,0.0
960.0,0.0885,0.017031868801609562,0.0,0.01313304821093027,0.0
960.0,0.0895,0.020287516902385505,0.0,0.01564562227528871,0.0
960.0,0.0905,0.024111136514534337,0.0,0.01859718662305536,0.0
960.0,0.0915,0.028591458496293853,0.0,0.022056513543425034,0.0
960.0,0.0925,0.03382926802714792,0.0,0.026101772975598257,0.0
960.0,0.0935,0.039938754364925444,0.0,0.030821600059454755,0.0
960.0,0.0945,0.047048968634840094,0.0,0.036316252340418735,0.0
960.0,0.0955,0.0553053912985888,4.440892098500626e-16,0.042698859266236795,-1.9428902930940237e-18
960.0,0.0965,0.06487160927895275,8.881784197001252e-16,0.050096765581584435,-2.7922109069322674e-16
960.0,0.0975,0.07593110052812335,3.9968028886505635e-15,0.05865296884191991,-2.0983215165415457e-15
960.0,0.0985,0.08868912103633875,1.8207657603852567e-14,0.06852764945120356,-1.3107570584480754e-14
960.0,0.0995,0.10337468575409048,1.021405182655144e-13,0.07989978930827196,-7.938302792886987e-14
960.0,0.1005,0.12024263058151519,5.74651437545981e-13,0.09296887225804798,-4.590698654549642e-13
960.0,0.1015,0.13957573738218798,3.1530333899354446e-12,0.10795665605942663,-2.570432755533147e-12
960.0,0.1025,0.1616868979453443,1.686917272536448e-11,0.12510900153623938,-1.3855215169611414e-11
960.0,0.1035,0.18692128607517589,8.697265130308551e-11,0.14469774011436368,-7.18865805771074e-11
960.0,0.1045,0.21565849986319563,4.3115067072108104e-10,0.16702255638243305,-3.586394863031028e-10
960.0,0.1055,0.24831462932871773,2.0521739862999766e-09,0.1924128582182238,-1.7180290567964106e-09
960.0,0.1065,0.28534419901416186,9.364217845586609e-09,0.2212296043506139,-7.890691005457695e-09
960.0,0.1075,0.3272419324503062,4.0899141851014065e-08,0.2538670594887031,-3.469138696809981e-08
960.0,0.1085,0.37454428814680796,1.7069223456900318e-07,0.29075445264541583,-1.4575317800358256e-07
960.0,0.1095,0.4278307285413234,6.795140667925637e-07,0.332357528403043,-5.841540275351721e-07
960.0,0.1105,0.48772470919681155,2.575441971686132e-06,0.37918000834736565,-2.229086463495511e-06
960.0,0.1115,0.5548944218757583,9.274959224647716e-06,0.43176502685303775,-8.082527783448284e-06
960.0,0.1125,0.6300533990535655,3.1671838060187696e-05,0.4906966787020162,-2.778899807998683e-05
960.0,0.1135,0.7139611946898299,0.00010232667374676652,0.5566019214195258,-9.039528740203765e-05
960.0,0.1145,0.807424497015063,0.00031208913928271187,0.6301532136432313,-0.00027756964478227615
960.0,0.1155,0.9112991926692757,0.0008964850647350531,0.7120724327060329,-0.0008026670283692977
960.0,0.1165,1.0264940582732152,0.0024198459919504423,0.8031367732065382,-0.002180835240694201
960.0,0.1175,1.1539768529629555,0.006124421442689432,0.9041874353438227,-0.0055547674935124474
960.0,0.1185,1.2947835508626895,0.014505712143360494,1.0161418996482041,-0.013237562118752842
960.0,0.1195,1.45003120855597,0.03210535760972233,1.1400103809361952,-0.029471451494823248
960.0,0.1205,1.6209344574317015,0.06635431775634748,1.2769166094172217,-0.06125375379451102
960.0,0.1215,1.808824856632441,0.12810160469321064,1.4281224108369257,-0.11889545900806768
960.0,0.1225,2.0151714472032722,0.23139803052874353,1.5950547498458816,-0.21592037294844965
960.0,0.1235,2.2416000184428526,0.39241794200515523,1.7793331545972588,-0.3682413327288902
960.0,0.1245,2.4899080960880156,0.6283612251237323,1.9827950064644662,-0.5936122339682376
960.0,0.125,2.6259904093426485,0.7860909149754773,2.0951556499415864,-0.745960773624344
1020.0,0.0,1.4779288903810084e-12,4.440892098500626e-16,1.013233941193903e-12,2.4563684419831817e-17
1020.0,0.0005,1.4779288903810084e-12,0.0,1.0403056194263627e-12,0.0
1020.0,0.0015,1.6484591469634324e-12,0.0,1.197122401208617e-12,0.0
1020.0,0.0025,2.1032064978498966e-12,0.0,1.5408474496325652e-12,0.0
1020.0,0.0035,2.8421709430404007e-12,0.0,2.0951418377990195e-12,0.0
1020.0,0.0045,3.979039320256561e-12,0.0,2.93692181685401e-12,0.0
1020.0,0.0055,5.5138116294983774e-12,0.0,4.16960688198742e-12,0.0
1020.0,0.0065,7.901235221652314e-12,0.0,5.9766236404357194e-12,0.0
1020.0,0.0075,1.1254996934439987e-11,0.0,8.57287574262955e-12,0.0
1020.0,0.0085,1.6086687537608668e-11,0.0,1.2319141262651103e-11,0.0
1020.0,0.0095,2.3078428057488054e-11,0.0,1.767261892382521e-11,0.0
1020.0,0.0105,3.296918293926865e-11,0.0,2.5268320769100688e-11,0.0
1020.0,0.0115,4.700950739788823e-11,0.0,3.6056846397514165e-11,0.0
1020.0,0.0125,6.684786058031023e-11,0.0,5.1318558291768566e-11,0.0
1020.0,0.0135,9.492850949754938e-11,0.0,7.28821092366161e-11,0.0
1020.0,0.0145,1.3449152902467176e-10,0.0,1.0324757937496544e-10,0.0
1020.0,0.0155,1.8985701899509877e-10,0.0,1.458828791101041e-10,0.0
1020.0,0.0165,2.673914423212409e-10,0.0,2.0559681956910936e-10,0.0
1020.0,0.0175,3.759055289265234e-10,0.0,2.889996864041677e-10,0.0
1020.0,0.0185,5.269953362585511e-10,0.0,4.05212325915727e-10,0.0
1020.0,0.0195,7.369749255303759e-10,0.0,5.667193647695967e-10,0.0
1020.0,0.0205,1.028013230097713e-09,0.0,7.905832077881313e-10,0.0
1020.0,0.0215,1.4302941053756513e-09,0.0,1.1000846811271003e-09,0.0
1020.0,0.0225,1.9851427168759983e-09,0.0,1.5268458497530447e-09,0.0
1020.0,0.0235,2.7480382414069027e-09,0.0,2.1137839922857894e-09,0.0
1020.0,0.0245,3.7946392694721e-09,0.0,2.9189299866061443e-09,0.0
1020.0,0.0255,5.226752364251297e-09,0.0,4.020571431340159e-09,0.0
1020.0,0.0265,7.181142791523598e-09,0.0,5.523973811705219e-09,0.0
1020.0,0.0275,9.841471637628274e-09,0.0,7.570404392254204e-09,0.0
1020.0,0.0285,1.3453131941787433e-08,0.0,1.0348721701802787e-08,0.0
1020.0,0.0295,1.8343826013733633e-08,0.0,1.4110995927296697e-08,0.0
1020.0,0.0305,2.494948603271041e-08,0.0,1.919251932491761e-08,0.0
1020.0,0.0315,3.3848209568532184e-08,0.0,2.6038181246690328e-08,0.0
1020.0,0.0325,4.5805563786416315e-08,0.0,3.523667281513099e-08,0.0
1020.0,0.0335,6.183091727507417e-08,0.0,4.7564786846976415e-08,0.0
1020.0,0.0345,8.32533260108903e-08,0.0,6.404483837485486e-08,0.0
1020.0,0.0355,1.1181657555425772e-07,0.0,8.601847770961512e-08,0.0
1020.0,0.0365,1.4980309970269445e-07,0.0,1.1524169810428475e-07,0.0
1020.0,0.0375,2.0019217572553316e-07,0.0,1.5400654653774382e-07,0.0
1020.0,0.0385,2.6686166165745817e-07,0.0,2.0529659668255819e-07,0.0
1020.0,0.0395,3.548459517332958e-07,0.0,2.72985034861506e-07,0.0
1020.0,0.0405,4.7066237129911315e-07,0.0,3.620862629816201e-07,0.0
1020.0,0.0415,6.227253379620379e-07,0.0,4.790743998839276e-07,0.0
1020.0,0.0425,8.218695484174532e-07,0.0,6.322855390905602e-07,0.0
1020.0,0.0435,1.0820074294315418e-06,0.0,8.324240914703296e-07,0.0
1020.0,0.0445,1.4209547885002394e-06,0.0,1.0931982104622763e-06,0.0
1020.0,0.0455,1.8614648524817312e-06,0.0,1.4321150496243718e-06,0.0
1020.0,0.0465,2.4325166236849327e-06,0.0,1.8714728429003458e-06,0.0
1020.0,0.0475,3.1709192285234167e-06,0.0,2.439594902874376e-06,0.0
1020.0,0.0485,4.123299618186138e-06,0.0,3.1723600501365473e-06,0.0
1020.0,0.0495,5.348561785467609e-06,0.0,4.115094865113633e-06,0.0
1020.0,0.0505,6.9209166895234375e-06,0.0,5.32490611000469e-06,0.0
1020.0,0.0515,8.933607148264855e-06,0.0,6.873547417995952e-06,0.0
1020.0,0.0525,1.1503470886964351e-05,0.0,8.850931613615387e-06,0.0
1020.0,0.0535,1.4776514035474975e-05,0.0,1.136942126318985e-05,0.0
1020.0,0.0545,1.8934698630346247e-05,0.0,1.456905375782469e-05,0.0
1020.0,0.0555,2.420418434212479e-05,0.0,1.8623885296555896e-05,0.0
1020.0,0.0565,3.0865301141602686e-05,0.0,2.3749669672881167e-05,0.0
1020.0,0.0575,3.9264585723230994e-05,0.0,3.021312442555768e-05,0.0
1020.0,0.0585,4.98292577049142e-05,0.0,3.8343077930349526e-05,0.0
1020.0,0.0595,6.308458205239731e-05,0.0,4.854383835642296e-05,0.0
1020.0,0.0605,7.967462465785502e-05,0.0,6.13111773562025e-05,0.0
1020.0,0.0615,0.00010038698985681549,0.0,7.725138140354915e-05,0.0
1020.0,0.0625,0.0001261822112610389,0.0,9.710388906452039e-05,0.0
1020.0,0.0635,0.00015822856238401073,0.0,0.00012176810542822383,0.0
1020.0,0.0645,0.00019794316006027657,0.0,0.00015233506657882145,0.0
1020.0,0.0655,0.00024704034439082534,0.0,0.0001901247144348517,0.0
1020.0,0.0665,0.000307588446560203,0.0,0.0002367296403756569,0.0
1020.0,0.0675,0.0003820761929773653,0.0,0.0002940662603126398,0.0
1020.0,0.0685,0.00047349013584607746,0.0,0.0003644344980347114,0.0
1020.0,0.0695,0.0005854046624449438,0.0,0.0004505871756844116,0.0
1020.0,0.0705,0.0007220862989356647,0.0,0.0005558104405454145,0.0
1020.0,0.0715,0.0008886142050528179,0.0,0.0006840166957553962,0.0
1020.0,0.0725,0.0010910189398032344,0.0,0.0008398516490745323,0.0
1020.0,0.0735,0.0013364417764023528,0.0,0.0010288172467485166,0.0
1020.0,0.0745,0.0016333170452185186,0.0,0.0012574124197302083,0.0
1020.0,0.0755,0.001991580194044218,0.0,0.0015332937346154906,0.0
1020.0,0.0765,0.002422904467778153,0.0,0.0018654582119891217,0.0
1020.0,0.0775,0.0029409693247544055,0.0,0.002264450747562172,0.0
1020.0,0.0785,0.003561763923585204,0.0,0.002742598746512961,0.0
1020.0,0.0795,0.004303929226068703,0.0,0.0033142767555149532,0.0
1020.0,0.0805,0.005189142468395858,0.0,0.003996204048094718,0.0
1020.0,0.0815,0.006242547945021215,0.0,0.004807778284328457,0.0
1020.0,0.0825,0.0074932382281645005,0.0,0.005771448521310311,0.0
1020.0,0.0835,0.008974790097795449,0.0,0.006913130991059014,0.0
1020.0,0.0845,0.01072585957422234,0.0,0.0082626711832647,0.0
1020.0,0.0855,0.012790840524587566,0.0,0.009854355861132334,0.0
1020.0,0.0865,0.015220591325373789,0.0,0.011727478693445122,0.0
1020.0,0.0875,0.018073234012831563,0.0,0.013926963190337321,0.0
1020.0,0.0885,0.021415030195441886,0.0,0.016504046572282716,0.0
1020.0,0.0895,0.025321337736841087,0.0,0.019517028062819828,0.0
1020.0,0.0905,0.029877651796311966,0.0,0.023032084857631325,0.0
1020.0,0.0915,0.035180733223910465,0.0,0.027124158661731918,0.0
1020.0,0.0925,0.041339826492389875,0.0,0.03187791518062376,0.0
1020.0,0.0935,0.04847796829744766,0.0,0.03738877827638589,0.0
1020.0,0.0945,0.05673338661631533,4.440892098500626e-16,0.04376403963605508,-3.05311331771918e-18
1020.0,0.0955,0.06626098837693917,4.440892098500626e-16,0.05112404373767525,-8.631984016460589e-17
1020.0,0.0965,0.0772339319445905,2.220446049250313e-15,0.05960344664673006,-9.785228183289974e-16
1020.0,0.0975,0.08984527840539158,1.1102230246251565e-14,0.06935254576799196,-6.94319601812765e-15
1020.0,0.0985,0.10430971320499793,5.595524044110789e-14,0.08053867619760743,-4.1934233863116785e-14
1020.0,0.0995,0.12086532722162247,3.055333763768431e-13,0.09334766791395371,-2.403925669636209e-13
1020.0,0.1005,0.13977544407822506,1.6422418980255316e-12,0.10798535694795657,-1.3168342805069957e-12
1020.0,0.1015,0.16133047878508933,8.611333868202564e-12,0.12467914322675086,-6.968553650787967e-12
1020.0,0.1025,0.18584981216065444,4.363265304618835e-11,0.1436795884564122,-3.5548842758359457e-11
1020.0,0.1035,0.21368366653530302,2.1298163233041123e-10,0.16526204978050477,-1.7466357846163128e-10
1020.0,0.1045,0.24521497168899486,1.0000271721821719e-09,0.18972834966060675,-8.255613141716634e-10
1020.0,0.1055,0.28086121640444617,4.510534168389313e-09,0.21740849003308138,-3.748673063908026e-09
1020.0,0.1065,0.3210762906497848,1.9514654781005447e-08,0.24866242951286505,-1.632911225693534e-08
1020.0,0.1075,0.36635233554039814,8.086363756376613e-08,0.2838819556309599,-6.813080043285846e-08
1020.0,0.1085,0.4172216305354368,3.204133909306961e-07,0.3234926976852171,-2.718448874308721e-07
1020.0,0.1095,0.47425855479139045,1.2119933558984997e-06,0.3679563351792143,-1.035516619678073e-06
1020.0,0.1105,0.5380816535681561,4.368682683164593e-06,0.4177730540274228,-3.759002481432544e-06
1020.0,0.1115,0.6093558080885373,1.497792951132837e-05,0.47348427569592266,-1.297924660928082e-05
1020.0,0.1125,0.6887944317631991,4.8748187929881226e-05,0.5356756177909061,-4.254334400705898e-05
1020.0,0.1135,0.7771614804040041,0.0001503120647159406,0.6049799224332985,-0.0001321081824580815
1020.0,0.1145,0.8752728589149683,0.00043818650157811945,0.6820800012907978,-0.00038781976272728684
1020.0,0.1155,0.9839965399785342,0.0012051712229173006,0.7677105001210537,-0.0010740131568454322
1020.0,0.1165,1.10425042077253,0.0031208884704856388,0.8626580168771995,-0.0028000385725079763
1020.0,0.1175,1.2369967125400194,0.007594961059076866,0.967758390184763,-0.006858830686301822
1020.0,0.1185,1.3832316048499251,0.01734184425954366,1.0838900205184974,-0.015759865702778916
1020.0,0.1195,1.543969207043915,0.037111209673859946,1.2119623209795218,-0.033929336381847294
1020.0,0.1205,1.7202194453906827,0.07440302901366724,1.3528990142112587,-0.06841562685733076
1020.0,0.1215,1.912960688907674,0.13983568814464098,1.507617002042512,-0.1292965621235638
1020.0,0.1225,2.1231092388443926,0.2468301638278203,1.6770027981331292,-0.22948613106397764
1020.0,0.1235,2.351489132231791,0.41060534310030716,1.8618897433182595,-0.38398729071441423
1020.0,0.1245,2.59880656510785,0.6473678926617248,2.0630400394302706,-0.6096407687625933
1020.0,0.125,2.7322199115881176,0.8041413393198498,2.172087868870653,-0.7608173964685206
1080.0,0.0,5.115907697472721e-12,4.440892098500626e-16,4.018865240595915e-12,8.187894806610626e-18
1080.0,0.0005,5.229594535194337e-12,0.0,4.106652795599075e-12,0.0
1080.0,0.0015,5.9117155615240335e-12,0.0,4.650928531191311e-12,0.0
1080.0,0.0025,7.389644451905042e-12,0.0,5.786198187252012e-12,0.0
1080.0,0.0035,9.833911462919787e-12,0.0,7.660645451323943e-12,0.0
1080.0,0.0045,1.3528733688872308e-11,0.0,1.0499583424916636e-11,0.0
1080.0,0.0055,1.892885848064907e-11,0.0,1.4662937530829367e-11,0.0
1080.0,0.0065,2.6716406864579767e-11,0.0,2.0614123741324873e-11,0.0
1080.0,0.0075,3.7630343285854906e-11,0.0,2.904261720004797e-11,0.0
1080.0,0.0085,5.3091753215994686e-11,0.0,4.090811245305304e-11,0.0
1080.0,0.0095,7.469225238310173e-11,0.0,5.755911303140238e-11,0.0
1080.0,0.0105,1.049897946359124e-10,0.0,8.084416691644947e-11,0.0
1080.0,0.0115,1.4722445484949276e-10,0.0,1.1330513416396572e-10,0.0
1080.0,0.0125,2.0600054995156825e-10,0.0,1.584734121706788e-10,0.0
1080.0,0.0135,2.874003257602453e-10,0.0,2.2112093489567997e-10,0.0
1080.0,0.0145,4.000639819423668e-10,0.0,3.0780523019302564e-10,0.0
1080.0,0.0155,5.556444193643983e-10,0.0,4.2743522499222306e-10,0.0
1080.0,0.0165,7.698872650507838e-10,0.0,5.92163544865798e-10,0.0
1080.0,0.0175,1.0639951142366044e-09,0.0,8.184075639405819e-10,0.0
1080.0,0.0185,1.467071797378594e-09,0.0,1.1283797363148552e-09,0.0
1080.0,0.0195,2.0179413695586845e-09,0.0,1.5520576823746522e-09,0.0
1080.0,0.0205,2.7690703063854016e-09,0.0,2.1296940033721514e-09,0.0
1080.0,0.0215,3.7906033867329825e-09,0.0,2.915297336869571e-09,0.0
1080.0,0.0225,5.176389095140621e-09,0.0,3.981161711408276e-09,0.0
1080.0,0.0235,7.051994543871842e-09,0.0,5.4236681990005305e-09,0.0
1080.0,0.0245,9.584255167283118e-09,0.0,7.371229280295211e-09,0.0
1080.0,0.0255,1.2994632925256155e-08,0.0,9.99418883651515e-09,0.0
1080.0,0.0265,1.7576553545950446e-08,0.0,1.3518119104105607e-08,0.0
1080.0,0.0275,2.3717234398645815e-08,0.0,1.8240991259688147e-08,0.0
1080.0,0.0285,3.1927072541293455e-08,0.0,2.455526495026561e-08,0.0
1080.0,0.0295,4.287642241251888e-08,0.0,3.297654757261625e-08,0.0
1080.0,0.0305,5.744385589423473e-08,0.0,4.418060800759349e-08,0.0
1080.0,0.0315,7.67776668908482e-08,0.0,5.905067965272792e-08,0.0
1080.0,0.0325,1.0237511105515296e-07,0.0,7.873834849903006e-08,0.0
1080.0,0.0335,1.3618313232655055e-07,0.0,1.047410613352895e-07,0.0
1080.0,0.0345,1.8072671537083806e-07,0.0,1.390010852375667e-07,0.0
1080.0,0.0355,2.392725946265273e-07,0.0,1.8403113116960412e-07,0.0
1080.0,0.0365,3.16036164349498e-07,0.0,2.430734897984621e-07,0.0
1080.0,0.0375,4.164425604358257e-07,0.0,3.2030116816628155e-07,0.0
1080.0,0.0385,5.474562954077555e-07,0.0,4.2107124532009265e-07,0.0
1080.0,0.0395,7.179949079727521e-07,0.0,5.522430412341351e-07,0.0
1080.0,0.0405,9.394469770995784e-07,0.0,7.225769657281945e-07,0.0
1080.0,0.0415,1.2263201369933086e-06,0.0,9.432325577307666e-07,0.0
1080.0,0.0425,1.5970472873050312e-06,0.0,1.2283890151820742e-06,0.0
1080.0,0.0435,2.0749885152326897e-06,0.0,1.5960159464256663e-06,0.0
1080.0,0.0445,2.6896724421021645e-06,0.0,2.0688282319980543e-06,0.0
1080.0,0.0455,3.4783287787831796e-06,0.0,2.6754653364946534e-06,0.0
1080.0,0.0465,4.487776379846764e-06,0.0,3.4519439751434792e-06,0.0
1080.0,0.0475,5.776742455054773e-06,0.0,4.443442239505658e-06,0.0
1080.0,0.0485,7.418702068662242e-06,0.0,5.706484508785082e-06,0.0
1080.0,0.0495,9.50534587218499e-06,0.0,7.3116097994940795e-06,0.0
1080.0,0.0505,1.2150802945143369e-05,0.0,9.346620916410586e-06,0.0
1080.0,0.0515,1.5496767730383e-05,0.0,1.1920529749680498e-05,0.0
1080.0,0.0525,1.971870716488411e-05,0.0,1.516833381920435e-05,0.0
1080.0,0.0535,2.5033354461356794e-05,0.0,1.9256782814451868e-05,0.0
1080.0,0.0545,3.1707727885077475e-05,0.0,2.439132008603906e-05,0.0
1080.0,0.0555,4.006995783356615e-05,0.0,3.082441446302653e-05,0.0
1080.0,0.0565,5.0522241508588195e-05,0.0,3.886553182990582e-05,0.0
1080.0,0.0575,6.355630353027664e-05,0.0,4.889303472015883e-05,0.0
1080.0,0.0585,7.977179006957158e-05,0.0,6.136834143024572e-05,0.0
1080.0,0.0595,9.989809058197352e-05,0.0,7.68527246487949e-05,0.0
1080.0,0.0605,0.00012482015199566376,0.0,9.602718411066747e-05,0.0
1080.0,0.0615,0.00015560892308030816,0.0,0.00011971588693608481,0.0
1080.0,0.0625,0.00019355715863866862,0.0,0.00014891373603717284,0.0
1080.0,0.0635,0.0002402214024073146,0.0,0.000184818699399294,0.0
1080.0,0.0645,0.00029747107134880935,0.0,0.00022886961162594591,0.0
1080.0,0.0655,0.00036754567508978653,0.0,0.00028279024654814577,0.0
1080.0,0.0665,0.00045312132692743035,0.0,0.0003486405514888702,0.0
1080.0,0.0675,0.0005573878260065612,0.0,0.0004288760349346887,0.0
1080.0,0.0685,0.0006841377361297418,0.0,0.0005264164062222677,0.0
1080.0,0.0695,0.0008378690268955324,0.0,0.0006447246801185003,0.0
1080.0,0.0705,0.0010239030010552597,0.0,0.000787898079852809,0.0
1080.0,0.0715,0.0012485193936413452,0.0,0.0009607721993380026,0.0
1080.0,0.0725,0.0015191106984957514,0.0,0.0011690400177063155,0.0
1080.0,0.0735,0.0018443579500626583,0.0,0.001419387497167932,0.0
1080.0,0.0745,0.0022344303716295144,0.0,0.0017196476362617474,0.0
1080.0,0.0755,0.0027012114787794417,0.0,0.002078974995045364,0.0
1080.0,0.0765,0.0032585544093990393,0.0,0.0025080428537683375,0.0
1080.0,0.0775,0.003922569432631917,0.0,0.0030192653108327147,0.0
1080.0,0.0785,0.004711946758789054,0.0,0.003627046767192681,0.0
1080.0,0.0795,0.005648317934742408,0.0,0.004348061378045962,0.0
1080.0,0.0805,0.006756659257689535,0.0,0.0052015651784031655,0.0
1080.0,0.0815,0.008065740761992402,0.0,0.006209743698280476,0.0
1080.0,0.0825,0.009608624429120027,0.0,0.00739809797409407,0.0
1080.0,0.0835,0.011423215327681646,0.0,0.008795871926538048,0.0
1080.0,0.0845,0.013552869394686695,0.0,0.01043652410641215,0.0
1080.0,0.0855,0.016047061519429917,0.0,0.012358246799083651,0.0
1080.0,0.0865,0.018962117460034733,0.0,0.014604535416621368,0.0
1080.0,0.0875,0.022362012908274664,0.0,0.01722481098646682,0.0
1080.0,0.0885,0.026319242705596935,0.0,0.02027509835631616,0.0
1080.0,0.0895,0.030915762778647604,0.0,0.023818762471754375,0.0
1080.0,0.0905,0.03624400681661655,0.0,0.02792730474047506,0.0
1080.0,0.0915,0.04240797903469229,0.0,0.03268122107883418,0.0
1080.0,0.0925,0.04952442357381415,0.0,0.03817092275232444,0.0
1080.0,0.0935,0.05772407019514958,0.0,0.044497720591415414,0.0
1080.0,0.0945,0.06715295496354656,4.440892098500626e-16,0.05177487262540758,-3.05311331771918e-18
1080.0,0.0955,0.07797381363275235,1.3322676295501878e-15,0.06012869467518602,-4.1217029789208936e-16
1080.0,0.0965,0.09036754451693696,6.217248937900877e-15,0.06969973304538321,-3.680111770876238e-15
1080.0,0.0975,0.10453473680342995,3.197442310920451e-14,0.08064399822267768,-2.210592819906765e-14
1080.0,0.0985,0.12069725962174971,1.6120438317557273e-13,0.09313425848088461,-1.2340781174735584e-13
1080.0,0.0995,0.13909990672777894,8.473222123939195e-13,0.10736139254012317,-6.688712084201853e-13
1080.0,0.1005,0.1600120913524279,4.368061468085216e-12,0.12353580088620332,-3.4815959837342087e-12
1080.0,0.1015,0.18372958540385298,2.1787016635244072e-11,0.1418888758770538,-1.749132921835539e-11
1080.0,0.1025,0.2105762964412179,1.0486456147873469e-10,0.1626745310320394,-8.476942536805865e-11
1080.0,0.1035,0.24090607407697462,4.863802693932939e-10,0.18617078943016202,-3.9585490774207697e-10
1080.0,0.1045,0.2751045339417715,2.170966517667239e-09,0.21268142928069114,-1.7791146766921172e-09
1080.0,0.1055,0.31359088125992685,9.313030346902451e-09,0.24253768081058652,-7.68555674698912e-09
1080.0,0.1065,0.3568197069554344,3.8343646036054224e-08,0.27609996229123296,-3.186769599816674e-08
1080.0,0.1075,0.40528271756363665,1.5129744834752046e-07,0.31375963490185643,-1.2664774426407455e-07
1080.0,0.1085,0.45951034869653995,5.712737740637408e-07,0.35594074876663245,-4.816693872163047e-07
1080.0,0.1095,0.5200732066068667,2.0608035482538867e-06,0.40310175181243413,-1.7502661331682267e-06
1080.0,0.1105,0.5875832949546407,7.090559849487477e-06,0.4557371498520238,-6.066339637717244e-06
1080.0,0.1115,0.6626950318668037,2.322824728739903e-05,0.5143791571525406,-2.0019248257981263e-05
1080.0,0.1125,0.7461061689305097,7.231963917053719e-05,0.5795994835143379,-6.278670706960448e-05
1080.0,0.1135,0.8385589128134825,0.0002135941809751074,0.6520115893215778,-0.00018679377849296395
1080.0,0.1145,0.9408418363456121,0.000597301081756374,0.7322740183825338,-0.000526130208145325
1080.0,0.1155,1.0537935379026067,0.001578521366784269,0.821095780116734,-0.0014003104204781407
1080.0,0.1165,1.1783094091219937,0.003935288584497876,0.9192451459834939,-0.0035152063974108047
1080.0,0.1175,1.3153531842466464,0.009239817372816539,1.027563541779911,-0.00830889424160071
1080.0,0.1185,1.4659749952513152,0.02040516696034178,1.1469862953538932,-0.018467654963081552
1080.0,0.1195,1.6313372483431294,0.0423500498815188,1.2785716542202523,-0.03856488120964149
1080.0,0.1205,1.8127486221371214,0.08259673133536127,1.42353858047245,-0.07565660728758321
1080.0,0.1215,2.011704863983539,0.15150726622197652,1.5833123568114813,-0.13956492853685032
1080.0,0.1225,2.229933053612058,0.2619021004026729,1.7595752044458186,-0.24262479958496863
1080.0,0.1235,2.4694340781515507,0.4281402058944854,1.9543173545648749,-0.39902399228513685
1080.0,0.1245,2.7325168312572146,0.6655608012828014,2.169882906056029,-0.6248138433141409
1080.0,0.125,2.877167250187597,0.8214058586990627,2.2894438959964316,-0.7748544116539022
1140.0,0.0,1.7621459846850485e-11,4.440892098500626e-16,1.3539249721361559e-11,1.2073675392798671e-17
1140.0,0.0005,1.801936377887614e-11,0.0,1.3822614164382683e-11,0.0
1140.0,0.0015,2.0179413695586845e-11,0.0,1.548691841435357e-11,0.0
1140.0,0.0025,2.467004378559068e-11,0.0,1.8960335523843243e-11,0.0
1140.0,0.0035,3.200284481863491e-11,0.0,2.464673798385775e-11,0.0
1140.0,0.0045,4.297362465877086e-11,0.0,3.315104635248644e-11,0.0
1140.0,0.0055,5.88897819397971e-11,0.0,4.539437270523195e-11,0.0
1140.0,0.0065,8.139977580867708e-11,0.0,6.264158969315759e-11,0.0
1140.0,0.0075,1.1272049960098229e-10,0.0,8.674511775552674e-11,0.0
1140.0,0.0085,1.5620571502950042e-10,0.0,1.2017672190722808e-10,0.0
1140.0,0.0095,2.162892087653745e-10,0.0,1.663337911850249e-10,0.0
1140.0,0.0105,2.9888269637012854e-10,0.0,2.2989159020880835e-10,0.0
1140.0,0.0115,4.1228531699744053e-10,0.0,3.171031437432248e-10,0.0
1140.0,0.0125,5.676383807440288e-10,0.0,4.3653511028196587e-10,0.0
1140.0,0.0135,7.797780199325643e-10,0.0,5.996131591246012e-10,0.0
1140.0,0.0145,1.0686562745831907e-09,0.0,8.217725167014578e-10,0.0
1140.0,0.0155,1.4612737686547916e-09,0.0,1.1237088060056523e-09,0.0
1140.0,0.0165,1.9936692297051195e-09,0.0,1.5330979508121348e-09,0.0
1140.0,0.0175,2.7138185032526962e-09,0.0,2.086887000984916e-09,0.0
1140.0,0.0185,3.6857272789347917e-09,0.0,2.834299728249334e-09,0.0
1140.0,0.0195,4.994376467948314e-09,0.0,3.840638953533926e-09,0.0
1140.0,0.0205,6.7523160396376625e-09,0.0,5.192469352266471e-09,0.0
1140.0,0.0215,9.108418907999294e-09,0.0,7.004211823868901e-09,0.0
1140.0,0.0225,1.2258738024684135e-08,0.0,9.426711216065086e-09,0.0
1140.0,0.0235,1.646117198106367e-08,0.0,1.2658344772376041e-08,0.0
1140.0,0.0245,2.2054223336454015e-08,0.0,1.6959344115718978e-08,0.0
1140.0,0.0255,2.9480816010618582e-08,0.0,2.2670321371265344e-08,0.0
1140.0,0.0265,3.931910441679065e-08,0.0,3.023599763452012e-08,0.0
1140.0,0.0275,5.232254807197023e-08,0.0,4.023553302090477e-08,0.0
1140.0,0.0285,6.946919484107639e-08,0.0,5.3421381096541154e-08,0.0
1140.0,0.0295,9.202733508573147e-08,0.0,7.076872947209267e-08,0.0
1140.0,0.0305,1.2163633300588117e-07,0.0,9.35383198452655e-08,0.0
1140.0,0.0315,1.6041065009630984e-07,0.0,1.2335618826853078e-07,0.0
1140.0,0.0325,2.1107024394950713e-07,0.0,1.623142658857546e-07,0.0
1140.0,0.0335,2.77106380508485e-07,0.0,2.1309735316776824e-07,0.0
1140.0,0.0345,3.629887146416877e-07,0.0,2.7914276557794437e-07,0.0
1140.0,0.0355,4.7442512141060433e-07,0.0,3.6484047072349323e-07,0.0
1140.0,0.0365,6.186883183545433e-07,0.0,4.7578343053800154e-07,0.0
1140.0,0.0375,8.050208180065965e-07,0.0,6.190798926652975e-07,0.0
1140.0,0.0385,1.0451408343215007e-06,0.0,8.037419637219046e-07,0.0
1140.0,0.0395,1.3538683560909703e-06,0.0,1.0411675460275661e-06,0.0
1140.0,0.0405,1.749901230141404e-06,0.0,1.3457369482949844e-06,0.0
1140.0,0.0415,2.256772063446988e-06,0.0,1.7355489723769325e-06,0.0
1140.0,0.0425,2.904025848238234e-06,0.0,2.233327025642495e-06,0.0
1140.0,0.0435,3.7286665701685706e-06,0.0,2.8675313135906323e-06,0.0
1140.0,0.0445,4.776926630256639e-06,0.0,3.673720443799766e-06,0.0
1140.0,0.0455,6.106428600105573e-06,0.0,4.696213687580552e-06,0.0
1140.0,0.0465,7.7888157079542e-06,0.0,5.990115125626972e-06,0.0
1140.0,0.0475,9.912947632528812e-06,0.0,7.623771542668579e-06,0.0
1140.0,0.0485,1.2588769152444002e-05,0.0,9.681748779257759e-06,0.0
1140.0,0.0495,1.5951983641571132e-05,0.0,1.2268426672150666e-05,0.0
1140.0,0.0505,2.016968039697531e-05,0.0,1.5512328859301763e-05,0.0
1140.0,0.0515,2.5447095254094165e-05,0.0,1.9571323550344743e-05,0.0
1140.0,0.0525,3.203570776122433e-05,0.0,2.4638853565086552e-05,0.0
1140.0,0.0535,4.024291484938658e-05,0.0,3.09513789544269e-05,0.0
1140.0,0.0545,5.044355407335388e-05,0.0,3.8797243776720335e-05,0.0
1140.0,0.0555,6.30935952017353e-05,0.0,4.8527211005513495e-05,0.0
1140.0,0.0565,7.874636094129528e-05,0.0,6.056694457011958e-05,0.0
1140.0,0.0575,9.807169317355147e-05,0.0,7.543175868985229e-05,0.0
1140.0,0.0585,0.00012187853690193151,0.0,9.374399807981603e-05,0.0
1140.0,0.0595,0.00015114147765871166,0.0,0.00011625346230459855,0.0
1140.0,0.0605,0.0001870318404257887,0.0,0.0001438613422699575,0.0
1140.0,0.0615,0.00023095403287243244,0.0,0.0001776481953689313,0.0
1140.0,0.0625,0.0002845879016604158,0.0,0.00021890655206238563,0.0
1140.0,0.0635,0.00034993796168691915,0.0,0.00026917881652483545,0.0
1140.0,0.0645,0.0004293904553946959,0.0,0.000330301200884513,0.0
1140.0,0.0655,0.0005257793109194608,0.0,0.00040445451521570425,0.0
1140.0,0.0665,0.0006424621728342572,0.0,0.0004942227231321539,0.0
1140.0,0.0675,0.0007834078102177955,0.0,0.0006026602676050174,0.0
1140.0,0.0685,0.0009532963278502393,0.0,0.0007333692705327978,0.0
1140.0,0.0695,0.0011576337441283613,0.0,0.0008905878147504254,0.0
1140.0,0.0705,0.0014028826385015236,0.0,0.001079290626634908,0.0
1140.0,0.0715,0.0016966107172038392,0.0,0.0013053035907835664,0.0
1140.0,0.0725,0.0020476592937370697,0.0,0.0015754336454069319,0.0
1140.0,0.0735,0.0024663338322170603,0.0,0.0018976157254476434,0.0
1140.0,0.0745,0.0029646188521610384,0.0,0.002281078540274244,0.0
1140.0,0.0755,0.003556419641654429,0.0,0.0027365310910334984,0.0
1140.0,0.0765,0.004257833369422315,0.0,0.0032763719484481153,0.0
1140.0,0.0775,0.005087452319799013,0.0,0.00391492342105547,0.0
1140.0,0.0785,0.006066702099417398,0.0,0.004668692845800457,0.0
1140.0,0.0795,0.007220217763176606,0.0,0.005556663321915991,0.0
1140.0,0.0805,0.00857626089509722,0.0,0.006600616282999744,0.0
1140.0,0.0815,0.010167180726398328,0.0,0.007825488356694983,0.0
1140.0,0.0825,0.012029922395754511,0.0,0.009259764991184518,0.0
1140.0,0.0835,0.014206585427814389,0.0,0.010935913330037012,0.0
1140.0,0.0845,0.016745035438077593,0.0,0.012890856786122881,0.0
1140.0,0.0855,0.01969957194296512,0.0,0.015166493698826146,0.0
1140.0,0.0865,0.023131654969631654,0.0,0.017810262353756733,0.0
1140.0,0.0875,0.027110692909673162,0.0,0.02087575449976011,0.0
1140.0,0.0885,0.031714893750972806,0.0,0.024423379314499307,0.0
1140.0,0.0895,0.03703218144028142,0.0,0.02852107955152828,0.0
1140.0,0.0905,0.04316117869507252,0.0,0.03324510135211597,0.0
1140.0,0.0915,0.050212257086514,0.0,0.0386808189328135,0.0
1140.0,0.0925,0.05830865466742807,0.0,0.04492361507103435,0.0
1140.0,0.0935,0.0675876608291901,4.440892098500626e-16,0.05207981801571919,-1.1934897514720408e-17
1140.0,0.0945,0.07820186742844726,8.881784197001252e-16,0.060267695152942655,-2.327305015370484e-16
1140.0,0.0955,0.09032048453957486,3.552713678800501e-15,0.06961850346467369,-1.988409437103655e-15
1140.0,0.0965,0.10413071845562172,1.865174681370263e-14,0.08027759653931817,-1.1261408472407196e-14
1140.0,0.0975,0.11983920878105891,8.526512829121202e-14,0.09240558764294245,-6.295783339105299e-14
1140.0,0.0985,0.13767352067600314,4.369837824924616e-13,0.10617956818450439,-3.368062773123626e-13
1140.0,0.0995,0.15788368760001958,2.2031265700661606e-12,0.12179438090550866,-1.729466153621573e-12
1140.0,0.1005,0.18074379946409636,1.0837553077180928e-11,0.13946394749214516,-8.570176374123051e-12
1140.0,0.1015,0.2065536312832137,5.149392023895416e-11,0.15942265139501743,-4.10196522582229e-11
1140.0,0.1025,0.2356403088170964,2.3618840216954595e-10,0.1819267790163021,-1.8947233004773523e-10
1140.0,0.1035,0.26836001116447505,1.044297093244495e-09,0.2072560269085241,-8.436804187217373e-10
1140.0,0.1045,0.3050997169765992,4.445510626283067e-09,0.23571509030391155,-3.6172933312594852e-09
1140.0,0.1055,0.346279012160835,1.8197186424373513e-08,0.2676353603574757,-1.4914795976039843e-08
1140.0,0.1065,0.39235199369647944,7.153205761056824e-08,0.3033767749406813,-5.9061396755488706e-08
1140.0,0.1075,0.44380932662147643,2.6965645583132414e-07,0.3433298908214271,-2.243045509059405e-07
1140.0,0.1085,0.5011805374576852,9.734314252440868e-07,0.38791827190781525,-8.158031655378095e-07
1140.0,0.1095,0.5650366518713099,3.3598992130734473e-06,0.4376013139442953,-2.8371371809741977e-06
1140.0,0.1105,0.6359932965337975,1.1071015154850983e-05,0.4928776408368697,-9.419508020643564e-06
1140.0,0.1115,0.7147143678593011,3.4767798411827755e-05,0.5542891958947964,-2.980621898639513e-05
1140.0,0.1125,0.801916300499613,0.00010388721208531848,0.622426091382902,-8.973680083854782e-05
1140.0,0.1135,0.8983728210072286,0.00029484520808908954,0.6979321484268951,-0.000256600009288946
1140.0,0.1145,1.0049198283206806,0.0007934541535323802,0.7815108389776905,-0.0006956598106169508
1140.0,0.1155,1.1224597049893532,0.0020211999124368774,0.8739310338060139,-0.001784990751284616
1140.0,0.1165,1.2519639718174176,0.004865910807436702,0.9760316022492641,-0.0043277347733610486
1140.0,0.1175,1.3944728464387595,0.011055558842949509,1.0887235858694475,-0.009900201968320987
1140.0,0.1185,1.5510900971759156,0.02368091278482698,1.2129885124822117,-0.021345571309424126
1140.0,0.1195,1.7229717658588015,0.04779427343254605,1.34987158574298,-0.04335121236467174
1140.0,0.1205,1.9113080021078304,0.09090196352333013,1.5004691050084413,-0.08294556104458008
1140.0,0.1215,2.117298430120229,0.16309355107605583,1.6659105639994058,-0.14968144350742796
1140.0,0.1225,2.342123000213917,0.27662055507262284,1.8473373019189432,-0.2553474273322288
1140.0,0.1235,2.5869118087189804,0.4450662205106868,2.04588101352639,-0.41339933808224905
1140.0,0.1245,2.852718424520333,0.6830126793129538,2.2626464283663736,-0.6392076819034634
1140.0,0.125,2.996609909338247,0.8379904085233598,2.380674535828667,-0.7881822480811227
1200.0,0.0,5.297806637827307e-11,4.440892098500626e-16,4.076767368133005e-11,-9.99200722162644e-18
1200.0,0.0005,5.4001247917767614e-11,0.0,4.151321064682633e-11,0.0
1200.0,0.0015,5.991296347929165e-11,0.0,4.6012580412480024e-11,0.0
1200.0,0.0025,7.219114195322618e-11,0.0,5.549257053871771e-11,0.0
1200.0,0.0035,9.208633855450898e-11,0.0,7.088182485404105e-11,0.0
1200.0,0.0045,1.2175860319985077e-10,0.0,9.365518138793051e-11,0.0
1200.0,0.0055,1.638795765757095e-10,0.0,1.2604701282725728e-10,0.0
1200.0,0.0065,2.2254198484006338e-10,0.0,1.7120296291750491e-10,0.0
1200.0,0.0075,3.035438567167148e-10,0.0,2.3340671617688716e-10,0.0
1200.0,0.0085,4.140474629821256e-10,0.0,3.184732122463174e-10,0.0
1200.0,0.0095,5.647962098009884e-10,0.0,4.3431072072053214e-10,0.0
1200.0,0.0105,7.691483006055932e-10,0.0,5.915016387803007e-10,0.0
1200.0,0.0115,1.0458052202011459e-09,0.0,8.041894616894752e-10,0.0
1200.0,0.0125,1.419095951860072e-09,0.0,1.0912389925010758e-09,0.0
1200.0,0.0135,1.921819148265058e-09,0.0,1.4777217316463973e-09,0.0
1200.0,0.0145,2.5970621209125966e-09,0.0,1.996878928878232e-09,0.0
1200.0,0.0155,3.50200934917666e-09,0.0,2.6926863228027285e-09,0.0
1200.0,0.0165,4.712205736723263e-09,0.0,3.6231897126981498e-09,0.0
1200.0,0.0175,6.326899892883375e-09,0.0,4.864744660437737e-09,0.0
1200.0,0.0185,8.476490620523691e-09,0.0,6.517669071115506e-09,0.0
1200.0,0.0195,1.1332190297252964e-08,0.0,8.713406103311173e-09,0.0
1200.0,0.0205,1.5117279872356448e-08,0.0,1.1623788473968946e-08,0.0
1200.0,0.0215,2.0123252397752367e-08,0.0,1.5472884378198158e-08,0.0
1200.0,0.0225,2.672919663382345e-08,0.0,2.055229796127378e-08,0.0
1200.0,0.0235,3.542743343132315e-08,0.0,2.72404632895018e-08,0.0
1200.0,0.0245,4.685546173277544e-08,0.0,3.6027606746813495e-08,0.0
1200.0,0.0255,6.183677214721683e-08,0.0,4.7547066941433515e-08,0.0
1200.0,0.0265,8.143331342580495e-08,0.0,6.261527392581456e-08,0.0
1200.0,0.0275,1.0701069186325185e-07,0.0,8.228226924700265e-08,0.0
1200.0,0.0285,1.4032093531568535e-07,0.0,1.0789536151634139e-07,0.0
1200.0,0.0295,1.836069714045152e-07,0.0,1.4117925577039615e-07,0.0
1200.0,0.0305,2.3973359475348843e-07,0.0,1.8433669264794618e-07,0.0
1200.0,0.0315,3.123506076008198e-07,0.0,2.4017439709922427e-07,0.0
1200.0,0.0325,4.0609825191495474e-07,0.0,3.122603434846383e-07,0.0
1200.0,0.0335,5.268611857900396e-07,0.0,4.051197599608258e-07,0.0
1200.0,0.0345,6.820858402534213e-07,0.0,5.244785893410153e-07,0.0
1200.0,0.0355,8.811722409518552e-07,0.0,6.775653587354213e-07,0.0
1200.0,0.0365,1.1359599056959269e-06,0.0,8.734842552016176e-07,0.0
1200.0,0.0375,1.461325496165955e-06,0.0,1.123675236378574e-06,0.0
1200.0,0.0385,1.8759189970296575e-06,0.0,1.4424799958234756e-06,0.0
1200.0,0.0395,2.4030670147112687e-06,0.0,1.8478364302509927e-06,0.0
1200.0,0.0405,3.0718769608029106e-06,0.0,2.3621282453234472e-06,0.0
1200.0,0.0415,3.918586344298092e-06,0.0,3.013222376786473e-06,0.0
1200.0,0.0425,4.9882046937455016e-06,0.0,3.835731787553698e-06,0.0
1200.0,0.0435,6.33650751069581e-06,0.0,4.872549116790026e-06,0.0
1200.0,0.0445,8.032452001316415e-06,0.0,6.176704454290416e-06,0.0
1200.0,0.0455,1.0161094905924983e-05,0.0,7.813609656928122e-06,0.0
1200.0,0.0465,1.2827109230784117e-05,0.0,9.863763178685758e-06,0.0
1200.0,0.0475,1.6159010897354165e-05,0.0,1.242600097256741e-05,0.0
1200.0,0.0485,2.031422593518073e-05,0.0,1.5621394005798096e-05,0.0
1200.0,0.0495,2.548514930822421e-05,0.0,1.959790890914803e-05,0.0
1200.0,0.0505,3.190637175976008e-05,0.0,2.4535966514775963e-05,0.0
1200.0,0.0515,3.986327578786586e-05,0.0,3.0655054518327065e-05,0.0
1200.0,0.0525,4.9702235514814674e-05,0.0,3.8221573642367445e-05,0.0
1200.0,0.0535,6.18426867049493e-05,0.0,4.755812333556264e-05,0.0
1200.0,0.0545,7.679137496552357e-05,0.0,5.9054462612415654e-05,0.0
1200.0,0.0555,9.515912927327008e-05,0.0,7.318041498823647e-05,0.0
1200.0,0.0565,0.00011768055850325254,0.0,9.050102287044837e-05,0.0
1200.0,0.0575,0.00014523712093250651,0.0,0.00011169429760062855,0.0
1200.0,0.0585,0.00017888407325017397,0.0,0.00013757195576673096,0.0
1200.0,0.0595,0.00021988187080523858,0.0,0.00016910358194415664,0.0
1200.0,0.0605,0.00026973265869401075,0.0,0.00020744471132850607,0.0
1200.0,0.0615,0.00033022257065340455,0.0,0.0002539693834328815,0.0
1200.0,0.0625,0.000403470633273173,0.0,0.00031030778235624723,0.0
1200.0,0.0635,0.0004919851581917101,0.0,0.00037838964539719914,0.0
1200.0,0.0645,0.000598728605496035,0.0,0.00046049419561775554,0.0
1200.0,0.0655,0.0007271919935760707,0.0,0.0005593074307466139,0.0
1200.0,0.0665,0.0008814800422669578,0.0,0.0006779876831202358,0.0
1200.0,0.0675,0.0010664083451956685,0.0,0.0008202404515302318,0.0
1200.0,0.0685,0.0012876139818445154,0.0,0.0009904035959459989,0.0
1200.0,0.0695,0.0015516811027396216,0.0,0.0011935440798290032,0.0
1200.0,0.0705,0.0018662831426468074,0.0,0.0014355675410930501,0.0
1200.0,0.0715,0.0022403434410307455,0.0,0.0017233420700590685,0.0
1200.0,0.0725,0.0026842161767035577,0.0,0.002064837672300861,0.0
1200.0,0.0735,0.003209889644267605,0.0,0.00246928299151584,0.0
1200.0,0.0745,0.003831214022397944,0.0,0.0029473409634960743,0.0
1200.0,0.0755,0.004564155898151512,0.0,0.0035113051639503825,0.0
1200.0,0.0765,0.005427081914092469,0.0,0.00417531869879486,0.0
1200.0,0.0775,0.0064410739994968935,0.0,0.004955617562070032,0.0
1200.0,0.0785,0.007630278723354422,0.0,0.0058708004543385085,0.0
1200.0,0.0795,0.009022293363955214,0.0,0.00694212710624278,0.0
1200.0,0.0805,0.010648591324638801,0.0,0.008193847190751065,0.0
1200.0,0.0815,0.012544989530510975,0.0,0.0096535619248775,0.0
1200.0,0.0825,0.014752160419050142,0.0,0.011352620461446144,0.0
1200.0,0.0835,0.017316191075167353,0.0,0.01332655314500652,0.0
1200.0,0.0845,0.020289191968515752,0.0,0.015615543658739277,0.0
1200.0,0.0855,0.023729957612090402,0.0,0.018264942014122917,0.0
1200.0,0.0865,0.027704681282443744,0.0,0.021325820237604917,0.0
1200.0,0.0875,0.03228772572572325,0.0,0.024855572487559815,0.0
1200.0,0.0885,0.037562451513792894,0.0,0.0289185611947282,0.0
1200.0,0.0895,0.04362210442468495,0.0,0.03358681066923186,0.0
1200.0,0.0905,0.05057076290529494,0.0,0.038940749464628686,0.0
1200.0,0.0915,0.058524346353522105,0.0,0.045070002655578,0.0
1200.0,0.0925,0.0676116846504442,0.0,0.05207423509450972,0.0
1200.0,0.0935,0.07797564912578991,4.440892098500626e-16,0.060064046703656865,-7.160938508832252e-17
1200.0,0.0945,0.08977434500252457,1.7763568394002505e-15,0.06916192098502254,-8.235079285157099e-16
1200.0,0.0955,0.10318236541348824,9.325873406851315e-15,0.07950322826628035,-5.836164884698291e-15
1200.0,0.0965,0.11839210741322859,4.618527782440651e-14,0.09123728583368645,-3.2068098176907256e-14
1200.0,0.0975,0.13561515112246525,2.2426505097428162e-13,0.10452847814250374,-1.6876680608568507e-13
1200.0,0.0985,0.15508370435850338,1.1080025785759062e-12,0.11955744184471104,-8.549819185965645e-13
1200.0,0.0995,0.17705211689002454,5.371258993136507e-12,0.1365223225178754,-4.184440988153071e-12
1200.0,0.1005,0.201798470819881,2.5227819833162357e-11,0.15564011273214784,-1.9800487360832622e-11
1200.0,0.1015,0.22962625638160716,1.1454392989662665e-10,0.1771480843416355,-9.055281233183443e-11
1200.0,0.1025,0.2608661452557044,5.021121296522324e-10,0.2013053313166239,-3.998216345502126e-10
1200.0,0.1035,0.29587787565822055,2.1225710078454085e-09,0.22839444244144677,-1.702572996614693e-09
1200.0,0.1045,0.335052263801515,8.642885518383991e-09,0.25872332484630783,-6.9843137368019725e-09
1200.0,0.1055,0.37881335338840927,3.385837299418881e-08,0.2926271983360174,-2.7567389485616545e-08
1200.0,0.1065,0.4276207067900373,1.2744937372133336e-07,0.33047077531485086,-1.0456107012432604e-07
1200.0,0.1075,0.48197182678234185,4.603637666633631e-07,0.3726506303595209,-3.806002776952922e-07
1200.0,0.1085,0.5424046751430183,1.5935237986930417e-06,0.4195977463380012,-1.327665047548554e-06
1200.0,0.1095,0.6095002245211845,5.278218950799385e-06,0.471780200978994,-4.4319803740576485e-06
1200.0,0.1105,0.6838849458392815,1.670482562277087e-05,0.529705931833744,-1.413649786712573e-05
1200.0,0.1115,0.7662331015850441,5.043780106062101e-05,0.5939254946497141,-4.3017310351614604e-05
1200.0,0.1125,0.8572686960059173,0.00014506025712712756,0.6650347197143679,-0.00012468301466278116
1200.0,0.1135,0.9577669395581552,0.00039676152160694755,0.743677184662024,-0.00034366017546379126
1200.0,0.1145,1.068555129956394,0.0010304211040823574,0.8305464722979408,-0.0008993039862001119
1200.0,0.1155,1.1905129434130686,0.002537132340824755,0.9263882748927545,-0.002230788633645591
1200.0,0.1165,1.3245722625537724,0.005914344370561153,1.0320025375753734,-0.005237880817301769
1200.0,0.1175,1.4717168191109522,0.013037421846433972,1.1482459814031127,-0.011626898440875513
1200.0,0.1185,1.6329820567604543,0.027154086179861814,1.2760354713756858,-0.02437829681829669
1200.0,0.1195,1.8094556659264072,0.053418463887996204,1.4163527437838446,-0.04826383513793109
1200.0,0.1205,2.0022791554079618,0.09929000679400524,1.570250932407335,-0.09025610024828254
1200.0,0.1215,2.2126505815328983,0.17457686336100053,1.7388631130061152,-0.15963188642400356
1200.0,0.1225,2.441828182716961,0.2909940173135346,1.923412748485348,-0.2676664618200475
1200.0,0.1235,2.6911342550269524,0.46142396896793203,2.125225549267703,-0.4271576669764212
1200.0,0.1245,2.9619582847410584,0.6997823304380826,2.345741994463708,-0.6528842527878327
1200.0,0.125,3.108858271230929,0.8539002881957758,2.4661358608760255,-0.8008069624862129
1260.0,0.0,1.4443912732531317e-10,4.440892098500626e-16,1.1114934750366955e-10,6.022959908591469e-17
1260.0,0.0005,1.468833943363279e-10,0.0,1.1301363400662012e-10,0.0
1260.0,0.0015,1.6143530956469476e-10,0.0,1.2423424067264933e-10,0.0
1260.0,0.0025,1.9196022549294867e-10,0.0,1.4770503042882412e-10,0.0
1260.0,0.0035,2.411297828075476e-10,0.0,1.8552455571807515e-10,0.0
1260.0,0.0045,3.134346115984954e-10,0.0,2.4106963536496553e-10,0.0
1260.0,0.0055,4.1524117477820255e-10,0.0,3.1932763988606896e-10,0.0
1260.0,0.0065,5.553602022700943e-10,0.0,4.271263165378514e-10,0.0
1260.0,0.0075,7.462972462235484e-10,0.0,5.738845487712752e-10,0.0
1260.0,0.0085,1.0041958375950344e-09,0.0,7.721569517116222e-10,0.0
1260.0,0.0095,1.3508270058082417e-09,0.0,1.0387204341100185e-09,0.0
1260.0,0.0105,1.8154082681576256e-09,0.0,1.395824611449825e-09,0.0
1260.0,0.0115,2.4357404981856234e-09,0.0,1.8728275463786302e-09,0.0
1260.0,0.0125,3.2624143386783544e-09,0.0,2.5083772925427186e-09,0.0
1260.0,0.0135,4.361197625257773e-09,0.0,3.3531690846189124e-09,0.0
1260.0,0.0145,5.818549198011169e-09,0.0,4.473636536772575e-09,0.0
1260.0,0.0155,7.747132713120664e-09,0.0,5.956466893053402e-09,0.0
1260.0,0.0165,1.0294002095179167e-08,0.0,7.91464071170367e-09,0.0
1260.0,0.0175,1.3650264918396715e-08,0.0,1.0495086932849063e-08,0.0
1260.0,0.0185,1.806364480216871e-08,0.0,1.3888335281819767e-08,0.0
1260.0,0.0195,2.3855022845964413e-08,0.0,1.83410428533648e-08,0.0
1260.0,0.0205,3.143867388644139e-08,0.0,2.417169959301191e-08,0.0
1260.0,0.0215,4.1348300783283776e-08,0.0,3.17907451830024e-08,0.0
1260.0,0.0225,5.4270003602141514e-08,0.0,4.172583917494421e-08,0.0
1260.0,0.0235,7.108451427484397e-08,0.0,5.4653856622621787e-08,0.0
1260.0,0.0245,9.291852620663121e-08,0.0,7.144120296231904e-08,0.0
1260.0,0.0255,1.212113147630589e-07,0.0,9.319449009836945e-08,0.0
1260.0,0.0265,1.5779687601025216e-07,0.0,1.2132382352092463e-07,0.0
1260.0,0.0275,2.0500692698988132e-07,0.0,1.5762222787429895e-07,0.0
1260.0,0.0285,2.6580028134048916e-07,0.0,2.043644261107147e-07,0.0
1260.0,0.0295,3.439219540268823e-07,0.0,2.644300290199908e-07,0.0
1260.0,0.0305,4.4410234067981946e-07,0.0,3.414562459269632e-07,0.0
1260.0,0.0315,5.723033495996788e-07,0.0,4.4002700740009003e-07,0.0
1260.0,0.0325,7.36021718239499e-07,0.0,5.659066710350657e-07,0.0
1260.0,0.0335,9.446638955523667e-07,0.0,7.2632795795613e-07,0.0
1260.0,0.0345,1.2100065305276075e-06,0.0,9.303458272569287e-07,0.0
1260.0,0.0355,1.546760472592723e-06,0.0,1.1892717855488399e-06,0.0
1260.0,0.0365,1.9732619875867385e-06,0.0,1.5172047625000575e-06,0.0
1260.0,0.0375,2.5123152909145574e-06,0.0,1.9316793381563003e-06,0.0
1260.0,0.0385,3.1922185144139803e-06,0.0,2.454454820792762e-06,0.0
1260.0,0.0395,4.0480106804352545e-06,0.0,3.112473534017113e-06,0.0
1260.0,0.0405,5.122980610394734e-06,0.0,3.939021892591654e-06,0.0
1260.0,0.0415,6.470492280641338e-06,0.0,4.975133690088285e-06,0.0
1260.0,0.0425,8.156184719609882e-06,0.0,6.271281751892843e-06,0.0
1260.0,0.0435,1.0260617727908539e-05,0.0,7.889412789445771e-06,0.0
1260.0,0.0445,1.2882446071671438e-05,0.0,9.90538851567635e-06,0.0
1260.0,0.0455,1.614221895351875e-05,0.0,1.241190716960716e-05,0.0
1260.0,0.0465,2.018691509420023e-05,0.0,1.5521991763272072e-05,0.0
1260.0,0.0475,2.5195344392159313e-05,0.0,1.937314417979508e-05,0.0
1260.0,0.0485,3.138456509077514e-05,0.0,2.413228054965799e-05,0.0
1260.0,0.0495,3.9017489143589046e-05,0.0,3.0001580486285206e-05,0.0
1260.0,0.0505,4.841187245574474e-05,0.0,3.722540194807778e-05,0.0
1260.0,0.0515,5.995091737531766e-05,0.0,4.60984362392125e-05,0.0
1260.0,0.0525,7.40957462426195e-05,0.0,5.697530205313939e-05,0.0
1260.0,0.0535,9.140003794527729e-05,0.0,7.02818041535025e-05,0.0
1260.0,0.0545,0.00011252716296894505,0.0,8.652811394387782e-05,0.0
1260.0,0.0555,0.00013827019228074278,0.0,0.00010632416154763292,0.0
1260.0,0.0565,0.00016957520506366563,0.0,0.00013039756672053926,0.0
1260.0,0.0575,0.0002075683745488277,0.0,0.00015961447572848897,0.0
1260.0,0.0585,0.00025358736303360274,0.0,0.00019500371653244028,0.0
1260.0,0.0595,0.00030921762584057433,0.0,0.0002377847311358039,0.0
1260.0,0.0605,0.00037633428695471594,0.0,0.0002893997973198381,0.0
1260.0,0.0615,0.0004571503235411001,0.0,0.00035155110694432777,0.0
1260.0,0.0625,0.0005542718718629658,0.0,0.0004262433280244338,0.0
1260.0,0.0635,0.0006707615528398492,0.0,0.0005158323420938516,0.0
1260.0,0.0645,0.0008102107995568986,0.0,0.0006230809150651596,0.0
1260.0,0.0655,0.0009768222626007628,0.0,0.0007512221315630541,0.0
1260.0,0.0665,0.0011755034657312535,0.0,0.0009040314971835528,0.0
1260.0,0.0675,0.001411972980918108,0.0,0.0010859086899540316,0.0
1260.0,0.0685,0.0016928804980125278,0.0,0.0013019700221385835,0.0
1260.0,0.0695,0.0020259422645381164,0.0,0.0015581527546603977,0.0
1260.0,0.0705,0.0024200934794862405,0.0,0.0018613324887589043,0.0
1260.0,0.0715,0.0028856593252157836,0.0,0.002219454940881782,0.0
1260.0,0.0725,0.0034345464284797345,0.0,0.0026416834880338058,0.0
1260.0,0.0735,0.004080456635392693,0.0,0.003138563948701183,0.0
1260.0,0.0745,0.004839125079683981,0.0,0.003722208138797676,0.0
1260.0,0.0755,0.005728584607822995,0.0,0.004406497810741321,0.0
1260.0,0.0765,0.006769458698499875,0.0,0.005207310645993495,0.0
1260.0,0.0775,0.007985285073971227,0.0,0.006142770024009501,0.0
1260.0,0.0785,0.009402872249097527,0.0,0.007233520333871725,0.0
1260.0,0.0795,0.011052691289535232,0.0,0.008503029625639053,0.0
1260.0,0.0805,0.012969305064757464,0.0,0.009977921417352108,0.0
1260.0,0.0815,0.015191837261795627,0.0,0.011688337477797645,0.0
1260.0,0.0825,0.017764483400469544,0.0,0.013668333396568607,0.0
1260.0,0.0835,0.020737066027095352,0.0,0.015956308731952976,0.0
1260.0,0.0845,0.024165636193288265,0.0,0.01859547349418527,0.0
1260.0,0.0855,0.028113123229218218,0.0,0.021634352685203986,0.0
1260.0,0.0865,0.03265003472046146,0.0,0.025127330577096676,0.0
1260.0,0.0875,0.037855208488394965,0.0,0.029135236383723576,0.0
1260.0,0.0885,0.04381661828347205,0.0,0.033725972973021955,0.0
1260.0,0.0895,0.05063223482898138,0.0,0.03897519029882957,0.0
1260.0,0.0905,0.058410943835497164,0.0,0.044967005318566323,0.0
1260.0,0.0915,0.06727352264920228,0.0,0.051794770328226145,0.0
1260.0,0.0925,0.0773536773352248,4.440892098500626e-16,0.0595618919113257,-4.05231403988182e-17
1260.0,0.0935,0.08879914223513197,8.881784197001252e-16,0.06838270308093893,-2.9573565818452596e-16
1260.0,0.0945,0.10177284439015466,4.884981308350689e-15,0.07838339170466399,-2.8727020762175925e-15
1260.0,0.0955,0.11645413567151763,2.4424906541753444e-14,0.08970298893813772,-1.6147638781660592e-14
1260.0,0.0965,0.13304009595833577,1.1457501614131615e-13,0.1024944221259131,-8.392814221380718e-14
1260.0,0.0975,0.15174691119375439,5.568878691519785e-13,0.11692563740522281,-4.2087236473697946e-13
1260.0,0.0985,0.17281133047453068,2.6565416533230746e-12,0.13318079797562254,-2.036461693721847e-12
1260.0,0.0995,0.1964922063530139,1.233724233884459e-11,0.15146156454933565,-9.537625966782315e-12
1260.0,0.1005,0.2230721220033729,5.5492499484444124e-11,0.17198846471570178,-4.322178559501566e-11
1260.0,0.1015,0.2528591076252269,2.413407251822264e-10,0.19500235766726678,-1.8937386034312273e-10
1260.0,0.1025,0.28618844617597006,1.0137291006628857e-09,0.22076599979100733,-8.014086104457529e-10
1260.0,0.1035,0.3234245650772891,4.108021034454623e-09,0.24956571491878748,-3.2722948510588433e-09
1260.0,0.1045,0.36496300584866503,1.604290345014192e-08,0.28171317052816874,-1.2877621408530217e-08
1260.0,0.1055,0.4112324576651645,6.030755672625787e-08,0.3175472579370999,-4.8786444231119226e-08
1260.0,0.1065,0.46269683367739844,2.179595099960352e-07,0.35743607058837173,-1.7771129359744897e-07
1260.0,0.1075,0.5198573603707359,7.563969126600512e-07,0.4017789697289886,-6.216297814039262e-07
1260.0,0.1085,0.5832546395891427,2.5172481414870163e-06,0.4510087204365301,-2.0853304004155026e-06
1260.0,0.1095,0.6534706281861418,8.022622301151472e-06,0.5055936711884896,-6.699575674336407e-06
1260.0,0.1105,0.7311304578449835,2.4451954215631844e-05,0.5660399333720119,-2.0584093244552933e-05
1260.0,0.1115,0.8169039813080872,7.116970729459382e-05,0.6328934873702872,-6.039397761222185e-05
1260.0,0.1125,0.9115068728065694,0.00019752798333483312,0.7067420911512485,-0.00016896096015872164
1260.0,0.1135,1.0157010214459206,0.0005220111886536927,0.7882167873344331,-0.00045004875560939264
1260.0,0.1145,1.130293832395239,0.0013116743790315688,0.8779926910207352,-0.0011396514531455883
1260.0,0.1155,1.2561358990892586,0.0031295059496070365,0.9767885992692227,-0.0027397561261206377
1260.0,0.1165,1.3941163574968982,0.0070810513678347675,1.0853648187663554,-0.006244914665549671
1260.0,0.1175,1.5451551346994847,0.015179634963050415,1.2045185107048402,-0.013482335285418205
1260.0,0.1185,1.7101913373189745,0.03080980317117543,1.3350758745522353,-0.027550853054177663
1260.0,0.1195,1.8901672780405079,0.0591993866801519,1.4778807172705213,-0.05328058017724103
1260.0,0.1205,2.0860081729500166,0.1077362489321021,1.6337794413289541,-0.0975659205730659
1260.0,0.1215,2.2985983518858575,0.18594361376719126,1.8036032297997378,-0.1694059220210723
1260.0,0.1225,2.528755795549671,0.3050320035279195,1.98814910820724,-0.27959505716616234
1260.0,0.1235,2.777207722422702,0.47724915354862363,2.18816241591648,-0.44033813404674127
1260.0,0.1245,3.0445705055390704,0.715923982878262,2.4043237600090537,-0.6659006190446058
1260.0,0.125,3.1879538240884813,0.8692435510948768,2.5207836389474942,-0.8128415239768977
1320.0,0.0,3.6072833609068766e-10,4.440892098500626e-16,2.7741300812067496e-10,-2.844946500601943e-17
1320.0,0.0005,3.6629899113904685e-10,0.0,2.816944899564078e-10,0.0
1320.0,0.0015,3.9972292142920196e-10,0.0,3.073744636594711e-10,0.0
1320.0,0.0025,4.69299266114831e-10,0.0,3.6087140387053287e-10,0.0
1320.0,0.0035,5.807692105008755e-10,0.0,4.4659820730430506e-10,0.0
1320.0,0.0045,7.433982318616472e-10,0.0,5.716230688790348e-10,0.0
1320.0,0.0055,9.703740033728536e-10,0.0,7.461066786618175e-10,0.0
1320.0,0.0065,1.279943262488814e-09,0.0,9.841319226211454e-10,0.0
1320.0,0.0075,1.6968897398328409e-09,0.0,1.304622827547064e-09,0.0
1320.0,0.0085,2.2538415578310378e-09,0.0,1.732807888288335e-09,0.0
1320.0,0.0095,2.9940565582364798e-09,0.0,2.3019323691642057e-09,0.0
1320.0,0.0105,3.974207629653392e-09,0.0,3.055544794960952e-09,0.0
1320.0,0.0115,5.268418590276269e-09,0.0,4.050459843085719e-09,0.0
1320.0,0.0125,6.972527444304433e-09,0.0,5.360632009399069e-09,0.0
1320.0,0.0135,9.2115328698128e-09,0.0,7.08196463250488e-09,0.0
1320.0,0.0145,1.2146870176366065e-08,0.0,9.338635571509712e-09,0.0
1320.0,0.0155,1.598687049408909e-08,0.0,1.2290886814980695e-08,0.0
1320.0,0.0165,2.1000175820518052e-08,0.0,1.614523537085688e-08,0.0
1320.0,0.0175,2.7532109925232362e-08,0.0,2.116707079835578e-08,0.0
1320.0,0.0185,3.602531251090113e-08,0.0,2.7696791633502472e-08,0.0
1320.0,0.0195,4.7046512463566614e-08,0.0,3.617014098011851e-08,0.0
1320.0,0.0205,6.13196107224212e-08,0.0,4.7143562937890235e-08,0.0
1320.0,0.0215,7.976700544531923e-08,0.0,6.132632464073139e-08,0.0
1320.0,0.0225,1.035618879541289e-07,0.0,7.9620328037322e-08,0.0
1320.0,0.0235,1.3419310107565252e-07,0.0,1.0317023026118477e-07,0.0
1320.0,0.0245,1.7354591363982763e-07,0.0,1.3342561846485524e-07,0.0
1320.0,0.0255,2.2400286070478614e-07,0.0,1.7221828215951973e-07,0.0
1320.0,0.0265,2.885687990783481e-07,0.0,2.2185827464937804e-07,0.0
1320.0,0.0275,3.710242708621081e-07,0.0,2.8525241180688e-07,0.0
1320.0,0.0285,4.7611695208615856e-07,0.0,3.6605088077124043e-07,0.0
1320.0,0.0295,6.097959044382151e-07,0.0,4.6882758311994624e-07,0.0
1320.0,0.0305,7.794996008669841e-07,0.0,5.99301679535813e-07,0.0
1320.0,0.0315,9.945100600816659e-07,0.0,7.646095378532892e-07,0.0
1320.0,0.0325,1.26638417441427e-06,0.0,9.73636821832713e-07,0.0
1320.0,0.0335,1.609481728337414e-06,0.0,1.2374241416068798e-06,0.0
1320.0,0.0345,2.04160721750668e-06,0.0,1.5696606390847025e-06,0.0
1320.0,0.0355,2.5847895130937104e-06,0.0,1.9872836017498233e-06,0.0
1320.0,0.0365,3.2662269404681865e-06,0.0,2.511205049025023e-06,0.0
1320.0,0.0375,4.1194296613866754e-06,0.0,3.1671900360308314e-06,0.0
1320.0,0.0385,5.185597728996072e-06,0.0,3.9869162751671185e-06,0.0
1320.0,0.0395,6.51527864192758e-06,0.0,5.009248903533603e-06,0.0
1320.0,0.0405,8.170358455572568e-06,0.0,6.2817711676999015e-06,0.0
1320.0,0.0415,1.0226445454009081e-05,0.0,7.862617710792109e-06,0.0
1320.0,0.0425,1.2775719426372234e-05,0.0,9.822665315297741e-06,0.0
1320.0,0.0435,1.5930328231661406e-05,0.0,1.2248144648339122e-05,0.0
1320.0,0.0445,1.9826427319458162e-05,0.0,1.5243746814199711e-05,0.0
1320.0,0.0455,2.46289736764993e-05,0.0,1.8936309572552546e-05,0.0
1320.0,0.0465,3.053740010727779e-05,0.0,2.3479181343617487e-05,0.0
1320.0,0.0475,3.7792318778429035e-05,0.0,2.905737570408462e-05,0.0
1320.0,0.0485,4.6683418531756615e-05,0.0,3.5893644989748456e-05,0.0
1320.0,0.0495,5.755874940405192e-05,0.0,4.4255620636448615e-05,0.0
1320.0,0.0505,7.083561177978481e-05,0.0,5.446418750246096e-05,0.0
1320.0,0.0515,8.7013297672911e-05,0.0,6.690328311211857e-05,0.0
1320.0,0.0525,0.00010668796414847748,0.0,8.20313367705694e-05,0.0
1320.0,0.0535,0.00013056995521765202,0.0,0.0001003945925381089,0.0
1320.0,0.0545,0.00015950392798913526,0.0,0.00012264258950846598,0.0
1320.0,0.0555,0.00019449218314093741,0.0,0.00014954610672770485,0.0
1320.0,0.0565,0.00023672164445542876,0.0,0.00018201791704431256,0.0
1320.0,0.0575,0.0002875949877534367,0.0,0.00022113673261031863,0.0
1320.0,0.0585,0.0003487664712338301,0.0,0.00026817476883390863,0.0
1320.0,0.0595,0.0004221830810706706,0.0,0.0003246293989874971,0.0
1320.0,0.0605,0.0005101316703530756,0.0,0.00039225942118019223,0.0
1320.0,0.0615,0.0006152928344818065,0.0,0.0004731265122674344,0.0
1320.0,0.0625,0.0007408023448078893,0.0,0.0005696424989156057,0.0
1320.0,0.0635,0.000890321031079111,0.0,0.0006846231347531884,0.0
1320.0,0.0645,0.001068114086535843,0.0,0.0008213491345410874,0.0
1320.0,0.0655,0.0012791408534553739,0.0,0.000983635280012045,0.0
1320.0,0.0665,0.0015291562296511074,0.0,0.0011759084783393447,0.0
1320.0,0.0675,0.0018248249235739422,0.0,0.0014032957220988251,0.0
1320.0,0.0685,0.0021738498763852476,0.0,0.0016717229684308423,0.0
1320.0,0.0695,0.0025851162560002194,0.0,0.0019880260242000247,0.0
1320.0,0.0705,0.003068852515752951,0.0,0.0023600745929342535,0.0
1320.0,0.0715,0.0036368100971344575,0.0,0.0027969107068064503,0.0
1320.0,0.0725,0.004302463436431481,0.0,0.0033089028324868866,0.0
1320.0,0.0735,0.005081232014958914,0.0,0.003907917001772745,0.0
1320.0,0.0745,0.005990726262780299,0.0,0.004607506376206238,0.0
1320.0,0.0755,0.007051019187883867,0.0,0.005423120708016249,0.0
1320.0,0.0765,0.00828494566178506,0.0,0.006372337207115919,0.0
1320.0,0.0775,0.009718431333567423,0.0,0.007475114364577954,0.0
1320.0,0.0785,0.011380853180867234,0.0,0.008754070317454394,0.0
1320.0,0.0795,0.013305433730465666,0.0,0.01023478736719138,0.0
1320.0,0.0805,0.015529670989394617,0.0,0.011946144285132583,0.0
1320.0,0.0815,0.018095806136329884,0.0,0.013920678056870486,0.0
1320.0,0.0825,0.02105133101321144,0.0,0.01619497673101858,0.0
1320.0,0.0835,0.024449537451630476,0.0,0.0188101050547531,0.0
1320.0,0.0845,0.028350110454994137,0.0,0.021812064599848923,0.0
1320.0,0.0855,0.03281976725776303,0.0,0.025252290114547264,0.0
1320.0,0.0865,0.03793294428351146,0.0,0.029188183886038638,0.0
1320.0,0.0875,0.04377253404982184,0.0,0.03368368996888499,0.0
1320.0,0.0885,0.050430674111225926,0.0,0.03880991023614904,0.0
1320.0,0.0895,0.05800959019632046,0.0,0.044645764343718065,0.0
1320.0,0.0905,0.06662249579488844,0.0,0.05127869586868723,0.0
1320.0,0.0915,0.0763945505541983,0.0,0.05880542708796604,0.0
1320.0,0.0925,0.08746387996370686,4.440892098500626e-16,0.06733276509357243,-2.613187444211461e-16
1320.0,0.0935,0.09998265889470304,2.220446049250313e-15,0.07697846218454572,-1.2498335699717698e-15
1320.0,0.0945,0.1141182615967864,1.2434497875801753e-14,0.08787213370380807,-8.214540159201534e-15
1320.0,0.0955,0.13005448066888903,5.995204332975845e-14,0.10015623666471288,-4.205566450643516e-14
1320.0,0.0965,0.14799281724970115,2.793321129956894e-13,0.11398711258445722,-2.0660251287552001e-13
1320.0,0.0975,0.1681538441089856,1.3105072582675348e-12,0.1295360978369217,-9.88570197923977e-13
1320.0,0.0985,0.19077864234168374,6.0254023992456496e-12,0.14699070446073556,-4.585933854883706e-12
1320.0,0.0995,0.216130310804715,2.6861179946990887e-11,0.16655587358269383,-2.060873291465093e-11
1320.0,0.1005,0.24449554507094717,1.1597300897392415e-10,0.18845530227258914,-8.965694034412942e-11
1320.0,0.1015,0.27618627924618977,4.842881651256903e-10,0.21293284251611597,-3.772578585636843e-10
1320.0,0.1025,0.3115413791642254,1.953907702301194e-09,0.24025396780232308,-1.533867130393274e-09
1320.0,0.1035,0.35092836885712586,7.608734087227731e-09,0.2707072982560182,-6.0199322925169604e-09
1320.0,0.1045,0.39474516345109123,2.8567147758451483e-08,0.3046061690042203,-2.2781729623194692e-08
1320.0,0.1055,0.4434217705515948,1.0329697186506337e-07,0.34229021840430895,-8.304028267638875e-08
1320.0,0.1065,0.4974219090673273,3.5931440933723025e-07,0.3841269631807495,-2.912009816116723e-07
1320.0,0.1075,0.557244480590839,1.2009050300854085e-06,0.4305133176614159,-9.812346242445147e-07
1320.0,0.1085,0.6234248170949286,3.8516919036446495e-06,0.4818770071558063,-3.1730942165775214e-06
1320.0,0.1095,0.6965356260130875,1.1839894782372795e-05,0.5386778268467204,-9.834639402128283e-06
1320.0,0.1105,0.7771875701112094,3.483592328867857e-05,0.6014087170762562,-2.9175485778053092e-05
1320.0,0.1115,0.8660294702134479,9.797353434493061e-05,0.6705966779181475,-8.273093167589992e-05
1320.0,0.1125,0.9637482230659771,0.00026303037575559074,0.7468036486132787,-0.00022392715685448398
1320.0,0.1135,1.07106870368915,0.00067318791048665,0.8306276491742486,-0.0005777437277800201
1320.0,0.1145,1.1887541820707952,0.0016403441055716783,0.922704732782966,-0.0014189569399306187
1320.0,0.1155,1.3176081161884667,0.0038007935667732085,1.0237126184430592,-0.0033132969363805533
1320.0,0.1165,1.4584785365688049,0.008365518555287998,1.1343772176680469,-0.007347270433650779
1320.0,0.1175,1.6122665103818008,0.017475695428822657,1.2554835431763152,-0.015459327562848948
1320.0,0.1185,1.7799402160570708,0.034633534084131945,1.3878925529350945,-0.030848806272464946
1320.0,0.1195,1.962555805327554,0.06511591424500907,1.5325651832110603,-0.05838148863455026
1320.0,0.1205,2.1612853546898236,0.1162196187214044,1.6905940427656017,-0.10485621349563809
1320.0,0.1215,2.377450813381074,0.19718347429901506,1.863241975426398,-0.17899627864696008
1320.0,0.1225,2.612561134042096,0.31874473998078656,2.051985128356147,-0.2911467739185407
1320.0,0.1235,2.8683481233406383,0.49257574722112096,2.258556658986295,-0.45297777823821106
1320.0,0.1245,3.146795494028595,0.7314884239106207,2.4849862657636552,-0.6783101371125179
1320.0,0.125,3.2984755526883305,0.8840303691674252,2.6093085323320087,-0.8242967087136456
1380.0,0.0,8.336087375937495e-10,4.440892098500626e-16,6.4092503748725e-10,-5.329070518200736e-17
1380.0,0.0005,8.454890121356584e-10,0.0,6.500356874994395e-10,0.0
1380.0,0.0015,9.166001291305292e-10,0.0,7.046989836112516e-10,0.0
1380.0,0.0025,1.0642224879120477e-09,0.0,8.182153621305589e-10,0.0
1380.0,0.0035,1.2996679288335145e-09,0.0,9.991751070970167e-10,0.0
1380.0,0.0045,1.6405579117417801e-09,0.0,1.2612867550387818e-09,0.0
1380.0,0.0055,2.1126425053807907e-09,0.0,1.624162564439757e-09,0.0
1380.0,0.0065,2.7507667255122215e-09,0.0,2.1147251416664406e-09,0.0
1380.0,0.0075,3.6016558624396566e-09,0.0,2.768913276440799e-09,0.0
1380.0,0.0085,4.7270987124647945e-09,0.0,3.634078638015125e-09,0.0
1380.0,0.0095,6.207301339600235e-09,0.0,4.772060897551001e-09,0.0
1380.0,0.0105,8.146685104293283e-09,0.0,6.2630430974763845e-09,0.0
1380.0,0.0115,1.0679855222406331e-08,0.0,8.210568225308634e-09,0.0
1380.0,0.0125,1.3980468338559149e-08,0.0,1.0747970939917196e-08,0.0
1380.0,0.0135,1.8270839063916355e-08,0.0,1.4046365244269053e-08,0.0
1380.0,0.0145,2.3836150830902625e-08,0.0,1.8324938082514565e-08,0.0
1380.0,0.0155,3.1040713110996876e-08,0.0,2.3863658960010527e-08,0.0
1380.0,0.0165,4.0348595575778745e-08,0.0,3.101947552153206e-08,0.0
1380.0,0.0175,5.235062872088747e-08,0.0,4.024645825495554e-08,0.0
1380.0,0.0185,6.779640671084053e-08,0.0,5.212109563501599e-08,0.0
1380.0,0.0195,8.763612413531519e-08,0.0,6.73736930068003e-08,0.0
1380.0,0.0205,1.1307071190458373e-07,0.0,8.692759770667635e-08,0.0
1380.0,0.0215,1.456155018786376e-07,0.0,1.119477873956498e-07,0.0
1380.0,0.0225,1.871785570983775e-07,0.0,1.4390120366414292e-07,0.0
1380.0,0.0235,2.4015753297135234e-07,0.0,1.8463125279311048e-07,0.0
1380.0,0.0245,3.0755938951188e-07,0.0,2.3644962432456398e-07,0.0
1380.0,0.0255,3.9314744526564027e-07,0.0,3.02249570971469e-07,0.0
1380.0,0.0265,5.016220256948145e-07,0.0,3.856447200689672e-07,0.0
1380.0,0.0275,6.388418114511296e-07,0.0,4.911393670425923e-07,0.0
1380.0,0.0285,8.120948677969864e-07,0.0,6.24336649224233e-07,0.0
1380.0,0.0295,1.0304289617124596e-06,0.0,7.921926266618585e-07,0.0
1380.0,0.0305,1.3050533880232251e-06,0.0,1.0033253247954122e-06,0.0
1380.0,0.0315,1.6498280501764384e-06,0.0,1.2683904597921014e-06,0.0
1380.0,0.0325,2.0818551433876564e-06,0.0,1.6005365438687132e-06,0.0
1380.0,0.0335,2.622195040657971e-06,0.0,2.0159553359988536e-06,0.0
1380.0,0.0345,3.2967301422104356e-06,0.0,2.5345460864301116e-06,0.0
1380.0,0.0355,4.1372052805854764e-06,0.0,3.180715217503405e-06,0.0
1380.0,0.0365,5.182476968457195e-06,0.0,3.984336796314381e-06,0.0
1380.0,0.0375,6.480010370069067e-06,0.0,4.981904157475015e-06,0.0
1380.0,0.0385,8.087671119483275e-06,0.0,6.2179068149959e-06,0.0
1380.0,0.0395,1.0075862178382522e-05,0.0,7.746473636629503e-06,0.0
1380.0,0.0405,1.2530067920124566e-05,0.0,9.63332948561657e-06,0.0
1380.0,0.0415,1.5553877631191426e-05,0.0,1.1958119379755772e-05,0.0
1380.0,0.0425,1.9272568295036763e-05,0.0,1.4817163748226393e-05,0.0
1380.0,0.0435,2.383734261002246e-05,0.0,1.8326716914174314e-05,0.0
1380.0,0.0445,2.943032984603633e-05,0.0,2.2626812537964724e-05,0.0
1380.0,0.0455,3.627047391319138e-05,0.0,2.7885791282358245e-05,0.0
1380.0,0.0465,4.462045160380512e-05,0.0,3.430562028828632e-05,0.0
1380.0,0.0475,5.479478079450928e-05,0.0,4.212812867073979e-05,0.0
1380.0,0.0485,6.716930505490382e-05,0.0,5.1642300543441884e-05,0.0
1380.0,0.0495,8.21922609475223e-05,0.0,6.319278595697144e-05,0.0
1380.0,0.0505,0.00010039716482879157,0.0,7.71898110365754e-05,0.0
1380.0,0.0515,0.00012241778398447423,0.0,9.412069158202029e-05,0.0
1380.0,0.0525,0.0001490054918349415,0.0,0.00011456317951772376,0.0
1380.0,0.0535,0.00018104933889162567,0.0,0.0001392008996006311,0.0
1380.0,0.0545,0.00021959921559755458,0.0,0.000168841163663096,0.0
1380.0,0.0555,0.0002658925218383956,0.0,0.00020443548284880818,0.0
1380.0,0.0565,0.00032138480469257047,0.0,0.0002471031330560791,0.0
1380.0,0.0575,0.00038778487748913903,0.0,0.00029815816757217556,0.0
1380.0,0.0585,0.00046709498235486535,0.0,0.00035914031164022473,0.0
1380.0,0.0595,0.000561656619936457,0.0,0.00043185021683935795,0.0
1380.0,0.0605,0.0006742027244968085,0.0,0.0005183895999275734,0.0
1380.0,0.0615,0.000807916930796182,0.0,0.0006212068395775106,0.0
1380.0,0.0625,0.000966500741640175,0.0,0.0007431486552742329,0.0
1380.0,0.0635,0.0011542494761442867,0.0,0.0008875185462709113,0.0
1380.0,0.0645,0.0013761379494781067,0.0,0.0010581427243083043,0.0
1380.0,0.0655,0.001637916908975967,0.0,0.0012594443300749701,0.0
1380.0,0.0665,0.0019462213251131288,0.0,0.001496526782130374,0.0
1380.0,0.0675,0.0023086917130967777,0.0,0.0017752671659418693,0.0
1380.0,0.0685,0.0027341097369344425,0.0,0.0021024206298903537,0.0
1380.0,0.0695,0.0032325494193514714,0.0,0.002485736814337685,0.0
1380.0,0.0705,0.003815545362044759,0.0,0.002934089397904671,0.0
1380.0,0.0715,0.004496279444026641,0.0,0.003457619902204421,0.0
1380.0,0.0725,0.0052897875424946506,0.0,0.00406789695095803,0.0
1380.0,0.0735,0.006213187875573567,0.0,0.00477809223213832,0.0
1380.0,0.0745,0.007285932639206294,0.0,0.005603174461320429,0.0
1380.0,0.0755,0.008530084652647929,0.0,0.006560122691114324,0.0
1380.0,0.0765,0.009970620785850315,0.0,0.007668160354980352,0.0
1380.0,0.0775,0.011635763982098979,0.0,0.00894901147488696,0.0
1380.0,0.0785,0.01355734573121481,0.0,0.010427180500226748,0.0
1380.0,0.0795,0.015771200880578817,0.0,0.012130257282641069,0.0
1380.0,0.0805,0.01831759670841393,0.0,0.014089248728370479,0.0
1380.0,0.0815,0.021241698206779347,0.0,0.016338938707997314,0.0
1380.0,0.0825,0.024594071558112773,0.0,0.018918277844669974,0.0
1380.0,0.0835,0.02843122781433749,0.0,0.021870804848834205,0.0
1380.0,0.0845,0.03281620882438574,0.0,0.025245101120422865,0.0
1380.0,0.0855,0.037819217488845425,0.0,0.029095280401175,0.0
1380.0,0.0865,0.04351829445624844,0.0,0.0334815153285976,0.0
1380.0,0.0875,0.0500000434130925,0.0,0.03847060281942213,0.0
1380.0,0.0885,0.05736040713611601,0.0,0.04413657028855653,0.0
1380.0,0.0895,0.06570549648495216,0.0,0.05056132478224,0.0
1380.0,0.0905,0.0751524744659946,4.440892098500626e-16,0.05783534715975648,-1.582067810090848e-17
1380.0,0.0915,0.08583049739866055,4.440892098500626e-16,0.06605843347756249,-1.3503087537003455e-16
1380.0,0.0925,0.09788171500366616,1.7763568394002505e-15,0.07534048568854519,-7.341349750333845e-16
1380.0,0.0935,0.11146233087782775,6.661338147750939e-15,0.08580235363591068,-3.933520176246929e-15
1380.0,0.0945,0.12674372426670288,3.064215547965432e-14,0.09757673005615342,-2.0662915822811102e-14
1380.0,0.0955,0.14391363322545203,1.389999226830696e-13,0.11080909986951554,-1.0053291532585717e-13
1380.0,0.0965,0.1631773981301876,6.474820679613913e-13,0.12565874438993951,-4.789495189339022e-13
1380.0,0.0975,0.18475926300533274,2.9389823907877144e-12,0.14229980021147423,-2.2016517775558243e-12
1380.0,0.0985,0.20890373028566955,1.2993606191002982e-11,0.1609223714408548,-9.817283652679975e-12
1380.0,0.0995,0.2358769625059267,5.5722093605936607e-11,0.18173369273842677,-4.2432434788075564e-11
1380.0,0.1005,0.26596822220164995,2.3142421312627448e-10,0.2049593395035149,-1.7760937970345836e-10
1380.0,0.1015,0.29949133942272965,9.299356840131168e-10,0.23084448087142495,-7.193094872515183e-10
1380.0,0.1025,0.3367861953253737,3.6117704382832017e-09,0.2596551715735761,-2.8160203371929703e-09
1380.0,0.1035,0.3782202112655,1.3545130350678392e-08,0.29167968101478997,-1.064631710082087e-08
1380.0,0.1045,0.42418983687082346,4.90004197217786e-08,0.3272298632523606,-3.8829426724784626e-08
1380.0,0.1055,0.47512203908684114,1.708088213092651e-07,0.36664258118103316,-1.364759511558733e-07
1380.0,0.1065,0.5314758083861761,5.731094141481208e-07,0.41028121324408523,-4.617446205323894e-07
1380.0,0.1075,0.5937437186475449,1.8487896675800641e-06,0.4585372918430003,-1.502093592998105e-06
1380.0,0.1085,0.6624536024473286,5.7273049427486455e-06,0.5118323482096354,-4.692705244023625e-06
1380.0,0.1095,0.7381704294959377,1.7017746850811477e-05,0.5706200650688396,-1.4061992471091355e-05
1380.0,0.1105,0.8214984942543424,4.844039470386363e-05,0.6353888582267233,-4.036649246291838e-05
1380.0,0.1115,0.9130840156067279,0.00013192438803510953,0.7066650086515707,-0.00011086389898991342
1380.0,0.1125,1.0136182081376433,0.00034332985323670684,0.7850164304210628,-0.0002909349995433022
1380.0,0.1135,1.1238407802705979,0.0008527722732067922,0.8710570678607354,-0.000728596006923155
1380.0,0.1145,1.2445436332927216,0.002019194337399277,0.9654517523541077,-0.0017391278778892563
1380.0,0.1155,1.3765742769904818,0.004552793450878667,1.0689211152692006,-0.00395221370276488
1380.0,0.1165,1.5208381716413442,0.009766404916692117,1.1822458750250124,-0.008542690420114251
1380.0,0.1175,1.6782989222396054,0.019918599843485207,1.3062695577879626,-0.017550365496200437
1380.0,0.1185,1.849975099198275,0.03861127062173786,1.4418985744674697,-0.03425840399275109
1380.0,0.1195,2.036932570534532,0.07114891094411968,1.5900986824355097,-0.06354866912593272
1380.0,0.1205,2.240271709830722,0.12472209621752661,1.751887307847828,-0.11211116740570164
1380.0,0.1215,2.4611097140438005,0.20828876644351135,1.9283220153352343,-0.1883981523817743
1380.0,0.1225,2.7005594106989292,0.33214285487614337,2.120486481672395,-0.30233531756548454
1380.0,0.1235,2.9597070909008494,0.5074335418599007,2.3294764166732085,-0.46510926448026296
1380.0,0.1245,3.239592712833087,0.74650855037378,2.5563886491071384,-0.6901480900764101
1380.0,0.125,3.3903943275363417,0.8982764217647725,2.6793527028670927,-0.8351894287196029
1440.0,0.0,1.8003447621595114e-09,4.440892098500626e-16,1.3839245127655888e-09,2.400857290751902e-17
1440.0,0.0005,1.8240484678244684e-09,0.0,1.402115437088014e-09,0.0
1440.0,0.0015,1.9661001715576276e-09,0.0,1.5112880902279356e-09,0.0
1440.0,0.0025,2.260037490486866e-09,0.0,1.7372844496321704e-09,0.0
1440.0,0.0035,2.7267219593340997e-09,0.0,2.095956617154116e-09,0.0
1440.0,0.0045,3.398383796593407e-09,0.0,2.612317331340819e-09,0.0
1440.0,0.0055,4.321634605730651e-09,0.0,3.3220559458868592e-09,0.0
1440.0,0.0065,5.559570581681328e-09,0.0,4.273749603100896e-09,0.0
1440.0,0.0075,7.196092610683991e-09,0.0,5.531842113271068e-09,0.0
1440.0,0.0085,9.340624274045695e-09,0.0,7.1804557322252544e-09,0.0
1440.0,0.0095,1.2134648841310991e-08,0.0,9.32841732748102e-09,0.0
1440.0,0.0105,1.5760122096253326e-08,0.0,1.2115541423440845e-08,0.0
1440.0,0.0115,2.044981783910771e-08,0.0,1.572082446443801e-08,0.0
1440.0,0.0125,2.6500458716327557e-08,0.0,2.03724140135364e-08,0.0
1440.0,0.0135,3.4289485029148636e-08,0.0,2.6360347824549987e-08,0.0
1440.0,0.0145,4.4295290990703506e-08,0.0,3.405250208032839e-08,0.0
1440.0,0.0155,5.7123372698697494e-08,0.0,4.391437649076125e-08,0.0
1440.0,0.0165,7.353850151048391e-08,0.0,5.653374845593362e-08,0.0
1440.0,0.0175,9.45036617849837e-08,0.0,7.265126097166786e-08,0.0
1440.0,0.0185,1.2123081205572817e-07,0.0,9.319828460974123e-08,0.0
1440.0,0.0195,1.552402295601496e-07,0.0,1.1934378758127195e-07,0.0
1440.0,0.0205,1.984365667340171e-07,0.0,1.525520310963202e-07,0.0
1440.0,0.0215,2.5320110808024765e-07,0.0,1.946535758534651e-07,0.0
1440.0,0.0225,3.225047180421825e-07,0.0,2.4793242779708176e-07,0.0
1440.0,0.0235,4.1004693684953963e-07,0.0,3.152328257982617e-07,0.0
1440.0,0.0245,5.20426169714483e-07,0.0,4.000898556100197e-07,0.0
1440.0,0.0255,6.593464263460191e-07,0.0,5.068886126124994e-07,0.0
1440.0,0.0265,8.338692509823886e-07,0.0,6.410581811877592e-07,0.0
1440.0,0.0275,1.0527209042265895e-06,0.0,8.09306972193724e-07,0.0
1440.0,0.0285,1.3266628116070933e-06,0.0,1.0199083783390962e-06,0.0
1440.0,0.0295,1.6689411381776154e-06,0.0,1.2830459550627893e-06,0.0
1440.0,0.0305,2.0958286199856957e-06,0.0,1.6112302604653908e-06,0.0
1440.0,0.0315,2.6272782633895986e-06,0.0,2.0198008441596473e-06,0.0
1440.0,0.0325,3.2877073294912407e-06,0.0,2.5275298035509765e-06,0.0
1440.0,0.0335,4.10693894536962e-06,0.0,3.157345359134922e-06,0.0
1440.0,0.0345,5.121329252233409e-06,0.0,3.937198122834217e-06,0.0
1440.0,0.0355,6.375112377554615e-06,0.0,4.9010957024364645e-06,0.0
1440.0,0.0365,7.922004385818582e-06,0.0,6.090335519530753e-06,0.0
1440.0,0.0375,9.82711020469651e-06,0.0,7.554971128591603e-06,0.0
1440.0,0.0385,1.2169186845767399e-05,0.0,9.355552147489732e-06,0.0
1440.0,0.0395,1.5043323287500243e-05,0.0,1.1565184851178855e-05,0.0
1440.0,0.0405,1.8564107165275345e-05,0.0,1.4271966944328087e-05,0.0
1440.0,0.0415,2.286935909978638e-05,0.0,1.7581858623749726e-05,0.0
1440.0,0.0425,2.8124525954353885e-05,0.0,2.1622060706150136e-05,0.0
1440.0,0.0435,3.4527840398368426e-05,0.0,2.654498119202487e-05,0.0
1440.0,0.0445,4.231636341955891e-05,0.0,3.253288241150898e-05,0.0
1440.0,0.0455,5.177305189363324e-05,0.0,3.980331424038752e-05,0.0
1440.0,0.0465,6.323500122107362e-05,0.0,4.861545273957546e-05,0.0
1440.0,0.0475,7.71030423720731e-05,0.0,5.9277479251385046e-05,0.0
1440.0,0.0485,9.385288927887814e-05,0.0,7.215515231603575e-05,0.0
1440.0,0.0495,0.00011404806076598106,0.0,8.768174420634267e-05,0.0
1440.0,0.0505,0.0001383548272428925,0.0,0.00010636953432662465,0.0
1440.0,0.0515,0.00016755946165858404,0.0,0.0001288230752418329,0.0
1440.0,0.0525,0.00020258810815221295,0.0,0.00015575447165094402,0.0
1440.0,0.0535,0.00024452961520182726,0.0,0.00018800094013101895,0.0
1440.0,0.0545,0.00029466172048842054,0.0,0.000226544946519347,0.0
1440.0,0.0555,0.0003544810141420385,0.0,0.0002725372499315526,0.0
1440.0,0.0565,0.00042573715109028853,0.0,0.000327323215582247,0.0
1440.0,0.0575,0.0005104718301822686,0.0,0.0003924727955484286,0.0
1440.0,0.0585,0.0006110631103410924,0.0,0.00046981461450101847,0.0
1440.0,0.0595,0.0007302756809508537,0.0,0.0005614746385437997,0.0
1440.0,0.0605,0.0008713177654726678,0.0,0.0006699199476608797,0.0
1440.0,0.0615,0.0010379053899782775,0.0,0.000798008177337941,0.0
1440.0,0.0625,0.00123433481377333,0.0,0.0009490432416919247,0.0
1440.0,0.0635,0.0014655639751026683,0.0,0.0011268379980186793,0.0
1440.0,0.0645,0.0017373038754158188,0.0,0.0013357845630649478,0.0
1440.0,0.0655,0.002056120886493318,0.0,0.001580933041316257,0.0
1440.0,0.0665,0.0024295510328897763,0.0,0.0018680794775483632,0.0
1440.0,0.0675,0.002866227366723706,0.0,0.0022038638975062953,0.0
1440.0,0.0685,0.0033760216218183814,0.0,0.0025958793523924942,0.0
1440.0,0.0695,0.003970201395361528,0.0,0.0030527929353444355,0.0
1440.0,0.0705,0.004661604172838452,0.0,0.0035844797881048867,0.0
1440.0,0.0715,0.005464829574805208,0.0,0.004202171167592148,0.0
1440.0,0.0725,0.006396451263924519,0.0,0.004918617690369693,0.0
1440.0,0.0735,0.007475250010486434,0.0,0.005748268921555387,0.0
1440.0,0.0745,0.008722469469887528,0.0,0.006707470521182373,0.0
1440.0,0.0755,0.01016209628096476,0.0,0.007814680206790357,0.0
1440.0,0.0765,0.011821166141828598,0.0,0.009090703834787349,0.0
1440.0,0.0775,0.013730097571908573,0.0,0.010558952947567448,0.0
1440.0,0.0785,0.01592305511098857,0.0,0.012245725175790059,0.0
1440.0,0.0795,0.018438343752393394,0.0,0.014180508928469815,0.0
1440.0,0.0805,0.0213188364442658,0.0,0.01639631384615637,0.0
1440.0,0.0815,0.02461243653448264,0.0,0.01893002853578459,0.0
1440.0,0.0825,0.02837257706124774,0.0,0.021822807147459003,0.0
1440.0,0.0835,0.03265875882289038,0.0,0.025120486394630853,0.0
1440.0,0.0845,0.03753712917028906,0.0,0.028874034655696833,0.0
1440.0,0.0855,0.043081103467557114,0.0,0.03314003482587403,0.0
1440.0,0.0865,0.049372031142524975,0.0,0.03798120260648723,0.0
1440.0,0.0875,0.056499908193927695,0.0,0.04346694192203074,0.0
1440.0,0.0885,0.06456413792449212,0.0,0.049673939134505074,0.0
1440.0,0.0895,0.07367434152263286,0.0,0.05668679767427481,0.0
1440.0,0.0905,0.08395121989531162,4.440892098500626e-16,0.06459871462252088,-4.996003610813206e-18
1440.0,0.0915,0.09552746787818478,1.3322676295501878e-15,0.0735122006590266,-3.667899317605361e-16
1440.0,0.0925,0.10854874158729899,3.9968028886505635e-15,0.08353984463938566,-2.1069257449823907e-15
1440.0,0.0935,0.12317467926465042,1.5987211554602254e-14,0.09480512390145925,-1.0271228312319636e-14
1440.0,0.0945,0.13957997553535506,7.061018436615996e-14,0.10744326126032028,-4.9464737861271146e-14
1440.0,0.0955,0.15795550857177432,3.184119634624949e-13,0.12160212958601103,-2.3149870909122685e-13
1440.0,0.0965,0.1785095193665711,1.432187701766452e-12,0.13744320495320328,-1.0553928564416283e-12
1440.0,0.0975,0.20146884222771178,6.282085962538986e-12,0.1551425697108925,-4.672872505606662e-12
1440.0,0.0985,0.22708018588440382,2.6769697569761775e-11,0.17489196756727893,-2.0076204032548616e-11
1440.0,0.0995,0.2556114653302757,1.1062395444128015e-10,0.19689991404155627,-8.362701378605841e-11
1440.0,0.1005,0.2873531858447791,4.428541977574696e-10,0.22139286748714732,-3.374614773732354e-10
1440.0,0.1015,0.3226198824809785,1.7158385823279332e-09,0.2486164683399473,-1.3180874836038471e-09
1440.0,0.1025,0.3617516205208062,6.428142462766573e-09,0.2788368571361883,-4.978616101880551e-09
1440.0,0.1035,0.40511556448797137,2.3263774462378706e-08,0.31234208478952347,-1.8167953204778486e-08
1440.0,0.1045,0.4531076244840051,8.12523355264716e-08,0.34944363092104147,-6.398938708518375e-08
1440.0,0.1055,0.5061541876303295,2.735978674728301e-07,0.390478046652547,-2.1730479565523766e-07
1440.0,0.1065,0.5647139376573023,8.872696697359572e-07,0.43580873581175433,-7.107691750804501e-07
1440.0,0.1075,0.6292797553069249,2.768184638846094e-06,0.4858278813403628,-2.236704119429334e-06
1440.0,0.1085,0.700380674322389,8.299429865132879e-06,0.540958510218591,-6.764215500996984e-06
1440.0,0.1095,0.7785838409655526,2.3884795397943748e-05,0.6016566691680858,-1.963590696882109e-05
1440.0,0.1105,0.8644963887450103,6.590421743801755e-05,0.6684136543492301,-5.46506296154109e-05
1440.0,0.1115,0.9587670955085059,0.0001741479132140178,0.7417582021922261,-0.00014565681729221928
1440.0,0.1125,1.0620876405617423,0.0004401846943173915,0.822258508239428,-0.0003713127904753498
1440.0,0.1135,1.175193230948878,0.0010631005387367054,0.9105239015327921,-0.0009043059145913087
1440.0,0.1145,1.2988623270988455,0.0024506125138938906,1.007205971155884,-0.0021017224876481613
1440.0,0.1155,1.4339151797822183,0.005386679715397857,1.112998928709656,-0.0046567629234283755
1440.0,0.1165,1.581210905315345,0.011281679978623504,1.2286390069025135,-0.00982835759021907
1440.0,0.1175,1.7416428866271758,0.02250103325592301,1.3549027512472311,-0.019747784486300837
1440.0,0.1185,1.9161324036924157,0.042729635147885414,1.492604167934067,-0.03776665658746559
1440.0,0.1195,2.1056205707049003,0.07728109761897395,1.6425908493877421,-0.06876613745845828
1440.0,0.1205,2.3110588806728742,0.13322828691753008,1.805739403043984,-0.11931753178965689
1440.0,0.1215,2.5333989070723533,0.21925390524079935,1.9829507382486813,-0.1976086647615188
1440.0,0.1225,2.773581946711431,0.34523680267624135,2.175145986256042,-0.3131740106313139
1440.0,0.1235,3.0325295559862866,0.5218489493051868,2.3832639943597487,-0.4767616683371765
1440.0,0.1245,3.3111359812756973,0.7610262558645111,2.6082614037698466,-0.7014584861852576
1440.0,0.125,3.4606996784157786,0.9120847784283765,2.729688836269944,-0.8456278870700897
1500.0,0.0,3.661966729850974e-09,4.440892098500626e-16,2.81487750442011e-09,-9.57567358739192e-18
1500.0,0.0005,3.706645657075569e-09,0.0,2.8492114267919536e-09,0.0
1500.0,0.0015,3.974548690166557e-09,0.0,3.055205191060395e-09,0.0
1500.0,0.0025,4.5278625293576624e-09,0.0,3.4805726656372834e-09,0.0
1500.0,0.0035,5.4024553719500545e-09,0.0,4.152942985058417e-09,0.0
1500.0,0.0045,6.654829576291377e-09,0.0,5.115706080971449e-09,0.0
1500.0,0.0055,8.365134362975368e-09,0.0,6.4304696323347345e-09,0.0
1500.0,0.0065,1.064177013176959e-08,0.0,8.180621975384385e-09,0.0
1500.0,0.0075,1.3627584394271253e-08,0.0,1.0475919403063473e-08,0.0
1500.0,0.0085,1.7507431948615704e-08,0.0,1.3458621914708148e-08,0.0
1500.0,0.0095,2.251897512905998e-08,0.0,1.7311257742846917e-08,0.0
1500.0,0.0105,2.8964677767362446e-08,0.0,2.22663964422054e-08,0.0
1500.0,0.0115,3.722834662767127e-08,0.0,2.8619089071924008e-08,0.0
1500.0,0.0125,4.779491291628801e-08,0.0,3.674215321325391e-08,0.0
1500.0,0.0135,6.127550022938522e-08,0.0,4.7105503142574884e-08,0.0
1500.0,0.0145,7.8438631589961e-08,0.0,6.029978528943047e-08,0.0
1500.0,0.0155,1.0024797347796266e-07,0.0,7.70658199655827e-08,0.0
1500.0,0.0165,1.2790945902452222e-07,0.0,9.833081112020636e-08,0.0
1500.0,0.0175,1.6292983673338313e-07,0.0,1.2525297329091246e-07,0.0
1500.0,0.0185,2.071871563202876e-07,0.0,1.592761584845448e-07,0.0
1500.0,0.0195,2.630185349516978e-07,0.0,2.0219698296131128e-07,0.0
1500.0,0.0205,3.3332611337755225e-07,0.0,2.562466475453107e-07,0.0
1500.0,0.0215,4.2170785263806465e-07,0.0,3.2419103657588266e-07,0.0
1500.0,0.0225,5.32615104020806e-07,0.0,4.0945217627097464e-07,0.0
1500.0,0.0235,6.715450808769674e-07,0.0,5.162561981464364e-07,0.0
1500.0,0.0245,8.452739166386891e-07,0.0,6.498124858467237e-07,0.0
1500.0,0.0255,1.0621390060805425e-06,0.0,8.165304113205707e-07,0.0
1500.0,0.0265,1.3323789858077362e-06,0.0,1.024281220978196e-06,0.0
1500.0,0.0275,1.668544314270548e-06,0.0,1.282713466075336e-06,0.0
1500.0,0.0285,2.085990956857131e-06,0.0,1.6036322904255943e-06,0.0
1500.0,0.0295,2.6034720121970167e-06,0.0,2.0014547671465267e-06,0.0
1500.0,0.0305,3.24384751593243e-06,0.0,2.4937551050996376e-06,0.0
1500.0,0.0315,4.03493163503299e-06,0.0,3.1019163655443545e-06,0.0
1500.0,0.0325,5.010504139590921e-06,0.0,3.851907851277758e-06,0.0
1500.0,0.0335,6.2115140622154286e-06,0.0,4.7752104815756985e-06,0.0
1500.0,0.0345,7.687509366860468e-06,0.0,5.90991605335489e-06,0.0
1500.0,0.0355,9.498332076418592e-06,0.0,7.302030519689139e-06,0.0
1500.0,0.0365,1.1716123992755456e-05,0.0,9.007015782636075e-06,0.0
1500.0,0.0375,1.4427694452479045e-05,0.0,1.1091610433204836e-05,0.0
1500.0,0.0385,1.773731077037155e-05,0.0,1.3635974636052597e-05,0.0
1500.0,0.0395,2.176997850256157e-05,0.0,1.6736212733299282e-05,0.0
1500.0,0.0405,2.6675292019717745e-05,0.0,2.050733326509402e-05,0.0
1500.0,0.0415,3.2631942929128854e-05,0.0,2.5086715362263587e-05,0.0
1500.0,0.0425,3.985298923225855e-05,0.0,3.063816021324329e-05,0.0
1500.0,0.0435,4.8592001292036e-05,0.0,3.7356615929198255e-05,0.0
1500.0,0.0445,5.91502139855038e-05,0.0,4.5473677212477525e-05,0.0
1500.0,0.0455,7.188483499476206e-05,0.0,5.526397328917909e-05,0.0
1500.0,0.0465,8.721867544636552e-05,0.0,6.705257251724107e-05,0.0
1500.0,0.0475,0.00010565128934558743,0.0,8.122354781630037e-05,0.0
1500.0,0.0485,0.0001277718329788513,0.0,9.822986464048e-05,0.0
1500.0,0.0495,0.00015427388001398867,0.0,0.00011860477206351306,0.0
1500.0,0.0505,0.00018597245122009554,0.0,0.00014297489857359124,0.0
1500.0,0.0515,0.00022382355456329606,0.0,0.0001720752766702205,0.0
1500.0,0.0525,0.00026894655417208924,0.0,0.00020676654453463783,0.0
1500.0,0.0535,0.0003226497281616503,0.0,0.0002480545998743722,0.0
1500.0,0.0545,0.00038645940793458067,0.0,0.0002971130085967389,0.0
1500.0,0.0555,0.00046215313295761007,0.0,0.0003553085016103097,0.0
1500.0,0.0565,0.0005517972934967474,0.0,0.00042422992499425055,0.0
1500.0,0.0575,0.0006577897821102852,0.0,0.0005057210429363935,0.0
1500.0,0.0585,0.0007829082183548053,0.0,0.0006019176285400362,0.0
1500.0,0.0595,0.0009303643609541723,0.0,0.0007152893152767703,0.0
1500.0,0.0605,0.0011038653717605484,0.0,0.0008486867214465832,0.0
1500.0,0.0615,0.001307682650519837,0.0,0.0010053944010557103,0.0
1500.0,0.0625,0.0015467290130004585,0.0,0.0011891902163271696,0.0
1500.0,0.0635,0.0018266450421151603,0.0,0.0014044117714649574,0.0
1500.0,0.0645,0.0021538954964057666,0.0,0.0016560305914351404,0.0
1500.0,0.0655,0.002535876725517028,0.0,0.0019497347751838135,0.0
1500.0,0.0665,0.002981036092535305,0.0,0.0022920208991818215,0.0
1500.0,0.0675,0.0034990044699156897,0.0,0.002690295993255561,0.0
1500.0,0.0685,0.004100742932735102,0.0,0.0031529904578089687,0.0
1500.0,0.0695,0.00479870482968181,0.0,0.003689682837972903,0.0
1500.0,0.0705,0.005607014475401684,0.0,0.004311237417223275,0.0
1500.0,0.0715,0.00654166376187959,0.0,0.005029955638200008,0.0
1500.0,0.0725,0.007620728044457792,0.0,0.005859742405281096,0.0
1500.0,0.0735,0.008864602712151282,0.0,0.006816288367153121,0.0
1500.0,0.0745,0.010296261905295978,0.0,0.007917269322594542,0.0
1500.0,0.0755,0.01194154089461108,0.0,0.009182563935449509,0.0
1500.0,0.0765,0.013829443682652709,0.0,0.010634490986743224,0.0
1500.0,0.0775,0.015992477435418095,0.0,0.012298067433208148,0.0
1500.0,0.0785,0.01846701539074047,0.0,0.014201288579380033,0.0
1500.0,0.0795,0.021293689926437764,0.0,0.016375431708217328,0.0
1500.0,0.0805,0.024517817504090544,0.0,0.01885538454821713,0.0
1500.0,0.0815,0.028189857217171266,0.0,0.02167999998515111,0.0
1500.0,0.0825,0.03236590469367684,0.0,0.024892478451415345,0.0
1500.0,0.0835,0.03710822309267314,0.0,0.02854077944511921,0.0
1500.0,0.0845,0.042485812925349364,0.0,0.032678063643617396,0.0
1500.0,0.0855,0.0485750223902528,0.0,0.037363167080528115,0.0
1500.0,0.0865,0.05546019986951478,0.0,0.04266110885455177,0.0
1500.0,0.0875,0.06323439015721988,0.0,0.04864363383259068,0.0
1500.0,0.0885,0.07200007591217172,4.440892098500626e-16,0.05538979180416131,-2.4424906541753302e-17
1500.0,0.0895,0.08186996573283523,4.440892098500626e-16,0.06298655454625063,-5.814793091474246e-17
1500.0,0.0905,0.09296783016048948,8.881784197001252e-16,0.07152947227882969,-1.6001089342410055e-16
1500.0,0.0915,0.10542938683772718,2.6645352591003757e-15,0.08112337104411613,-1.0030865027488288e-15
1500.0,0.0925,0.11940323599577596,8.881784197001252e-15,0.09188309264509083,-5.268702141236758e-15
1500.0,0.0935,0.13505184743627296,3.552713678800501e-14,0.10393427894803128,-2.430500245509393e-14
1500.0,0.0945,0.15255260021234562,1.567634910770721e-13,0.1174142026006765,-1.1234443930696616e-13
1500.0,0.0955,0.17209887630872345,6.981082378842984e-13,0.13247264654981586,-5.058879704034069e-13
1500.0,0.0965,0.19390120973071134,3.036237927744878e-12,0.14927283514280934,-2.223578682292171e-12
1500.0,0.0975,0.21818849249638106,1.2860823517257813e-11,0.1679924200273016,-9.496838732081515e-12
1500.0,0.0985,0.24520923896471913,5.289546578524096e-11,0.18882452444053624,-3.9380392696797274e-11
1500.0,0.0995,0.2752329095641244,2.1101609348761485e-10,0.21197884967616393,-1.5838062500384e-10
1500.0,0.1005,0.30855129407331106,8.157430286814815e-10,0.23768284734284495,-6.172996228070993e-10
1500.0,0.1015,0.34547995283844557,3.05311509407602e-09,0.2661829602392216,-2.329644960691324e-09
1500.0,0.1025,0.38635971131003544,1.1053510551306545e-08,0.2977459329607144,-8.505537485159477e-09
1500.0,0.1035,0.4315581986270445,3.86751768388649e-08,0.3326601903795748,-3.001483703357622e-08
1500.0,0.1045,0.4814714142049752,1.3065698833969464e-07,0.3712372775312998,-1.0227767126988473e-07
1500.0,0.1055,0.5365252969457401,4.2577550818378995e-07,0.41381334780548407,-3.3620944861575963e-07
1500.0,0.1065,0.5971772592759521,1.3370343676655239e-06,0.46075067724420965,-1.0650807091981684e-06
1500.0,0.1075,0.6639176321413629,4.041776727525814e-06,0.5124391706172554,-3.248212513270177e-06
1500.0,0.1085,0.7372709464035552,1.1749335038668818e-05,0.5692978088520154,-9.526413085721164e-06
1500.0,0.1095,0.8177969492453485,3.280957051376987e-05,0.6317759657517201,-2.6838689465369382e-05
1500.0,0.1105,0.9060912185507846,8.791524699436337e-05,0.7003544920766824,-7.255331940255864e-05
1500.0,0.1115,1.0027851898914832,0.00022580533277327675,0.7755464230076323,-0.0001879890129703324
1500.0,0.1125,1.1085453448657745,0.0005553249475087618,0.857897105785172,-0.00046634434454669374
1500.0,0.1135,1.2240712220462342,0.0013063407450575326,0.9479834635359509,-0.0011064062534085605
1500.0,0.1145,1.3500918031436981,0.0029366096659266816,1.0464120086687316,-0.002507956828082788
1500.0,0.1155,1.4873597081647745,0.006303058750966262,1.153815104224079,-0.005426713468254195
1500.0,0.1165,1.6366425329262029,0.012908750033106209,1.270844870184516,-0.01120101430195969
1500.0,0.1175,1.7987106313753998,0.025215521633440208,1.3981640912872209,-0.02204389918493927
1500.0,0.1185,1.974320754703001,0.04697594625587431,1.5364335696776508,-0.04136137855780138
1500.0,0.1195,2.164195284034463,0.08349690578753988,1.6862956506588802,-0.0740196507273419
1500.0,0.1205,2.368997381219174,0.14172504417747156,1.8483541793756224,-0.12646423387073985
1500.0,0.1215,2.5893032132813687,0.23007496830230867,2.023151905375272,-0.206626442037697
1500.0,0.1225,2.8255733610617995,0.3580370796834069,2.2111472332307054,-0.32367599415049514
1500.0,0.1235,3.0781263801314367,0.5358481670235475,2.4126930186818374,-0.48796353192874514
1500.0,0.1245,3.347117964099482,0.7750775691330154,2.6280205762108975,-0.7122793398327307
1500.0,0.125,3.489823493257859,0.9254288523796093,2.742626274695401,-0.8555840338343619
1560.0,0.0,7.061487394821597e-09,4.440892098500626e-16,5.428305094312691e-09,2.2482016248659434e-17
1560.0,0.0005,7.1416366154153366e-09,0.0,5.489924497226184e-09,0.0
1560.0,0.0015,7.622588782396633e-09,0.0,5.859591638568418e-09,0.0
1560.0,0.0025,8.613369573140517e-09,0.0,6.621268227036126e-09,0.0
1560.0,0.0035,1.0173835107707419e-08,0.0,7.820883389797472e-09,0.0
1560.0,0.0045,1.2397606496961089e-08,0.0,9.530285147718589e-09,0.0
1560.0,0.0055,1.5416503629239742e-08,0.0,1.1851124241957222e-08,0.0
1560.0,0.0065,1.940867377925315e-08,0.0,1.4920120818828768e-08,0.0
1560.0,0.0075,2.460683390381746e-08,0.0,1.8916160691162533e-08,0.0
1560.0,0.0085,3.131049197691027e-08,0.0,2.406950805777797e-08,0.0
1560.0,0.0095,3.990101049566874e-08,0.0,3.067337456030828e-08,0.0
1560.0,0.0105,5.086059218228911e-08,0.0,3.909853315775536e-08,0.0
1560.0,0.0115,6.479626790678594e-08,0.0,4.9811583231473834e-08,0.0
1560.0,0.0125,8.24691142042866e-08,0.0,6.339751895012569e-08,0.0
1560.0,0.0135,1.0483034884600784e-07,0.0,8.058757781981286e-08,0.0
1560.0,0.0145,1.3306572554938612e-07,0.0,1.0229347815027267e-07,0.0
1560.0,0.0155,1.68650899468048e-07,0.0,1.296494596658704e-07,0.0
1560.0,0.0165,2.1341747924452648e-07,0.0,1.6406365933363533e-07,0.0
1560.0,0.0175,2.6963527943735244e-07,0.0,2.072808817743521e-07,0.0
1560.0,0.0185,3.4011083016594057e-07,0.0,2.614588737515078e-07,0.0
1560.0,0.0195,4.283090788703703e-07,0.0,3.2926123370913275e-07,0.0
1560.0,0.0205,5.384993642110203e-07,0.0,4.1396987597863706e-07,0.0
1560.0,0.0215,6.759320285709691e-07,0.0,5.196213285785234e-07,0.0
1560.0,0.0225,8.47053684083221e-07,0.0,6.511712172496686e-07,0.0
1560.0,0.0235,1.059764088040538e-06,0.0,8.146926676388945e-07,0.0
1560.0,0.0245,1.3237272469268646e-06,0.0,1.01761493688457e-06,0.0
1560.0,0.0255,1.6507441387147992e-06,0.0,1.2690099345036287e-06,0.0
1560.0,0.0265,2.055198706329975e-06,0.0,1.5799357952062113e-06,0.0
1560.0,0.0275,2.5545932658133097e-06,0.0,1.9638475377092843e-06,0.0
1560.0,0.0285,3.1701858915766934e-06,0.0,2.4370875020096605e-06,0.0
1560.0,0.0295,3.92775018553948e-06,0.0,3.0194695706242667e-06,0.0
1560.0,0.0305,4.858479371705471e-06,0.0,3.7349739606185037e-06,0.0
1560.0,0.0315,6.000058476729464e-06,0.0,4.612571728621618e-06,0.0
1560.0,0.0325,7.39793460979854e-06,0.0,5.687201254680474e-06,0.0
1560.0,0.0335,9.1068188794452e-06,0.0,7.0009228195644365e-06,0.0
1560.0,0.0345,1.119245763447907e-05,0.0,8.604280511335105e-06,0.0
1560.0,0.0355,1.3733719242736697e-05,0.0,1.0557906205903578e-05,0.0
1560.0,0.0365,1.6825045008772577e-05,0.0,1.2934404165250157e-05,0.0
1560.0,0.0375,2.0579324939262733e-05,0.0,1.582056194362025e-05,0.0
1560.0,0.0385,2.513126361236573e-05,0.0,1.9319938034030316e-05,0.0
1560.0,0.0395,3.064131317387364e-05,0.0,2.3555885261892228e-05,0.0
1560.0,0.0405,3.730025758841293e-05,0.0,2.8675075947788286e-05,0.0
1560.0,0.0415,4.5334548985920264e-05,0.0,3.485160430333423e-05,0.0
1560.0,0.0425,5.5012504958540376e-05,0.0,4.229175076538638e-05,0.0
1560.0,0.0435,6.665149095397283e-05,0.0,5.123950478040484e-05,0.0
1560.0,0.0445,8.062623021487525e-05,0.0,6.198295357364713e-05,0.0
1560.0,0.0455,9.737839775425527e-05,0.0,7.486165854555083e-05,0.0
1560.0,0.0465,0.0001174276747519798,0.0,9.027515486209836e-05,0.0
1560.0,0.0475,0.0001413844615854032,0.0,0.00010869272595279256,0.0
1560.0,0.0485,0.00016996446851180735,0.0,0.00013066462210307607,0.0
1560.0,0.0495,0.00020400542751985995,0.0,0.00015683491076448066,0.0
1560.0,0.0505,0.0002444861979142843,0.0,0.0001879561665657903,0.0
1560.0,0.0515,0.0002925485626974478,0.0,0.00022490623145191788,0.0
1560.0,0.0525,0.0003495220462355064,0.0,0.0002687072982352845,0.0
1560.0,0.0535,0.00041695211587011727,0.0,0.0003205475965560467,0.0
1560.0,0.0545,0.0004966321642427829,0.0,0.00038180598686889057,0.0
1560.0,0.0555,0.000590639707183982,0.0,0.0004540797968427412,0.0
1560.0,0.0565,0.0007013772701611742,0.0,0.0005392162645935628,0.0
1560.0,0.0575,0.0008316184787418024,0.0,0.0006393479849819173,0.0
1560.0,0.0585,0.0009845599112168202,0.0,0.0007569327888693423,0.0
1560.0,0.0595,0.0011638793158113003,0.0,0.0008947985197147901,0.0
1560.0,0.0605,0.0013738008433392679,0.0,0.0010561932084997851,0.0
1560.0,0.0615,0.0016191679947041848,0.0,0.0012448411852703956,0.0
1560.0,0.0625,0.0019055250307360438,0.0,0.0014650057046532083,0.0
1560.0,0.0635,0.0022392076458572774,0.0,0.0017215587021910037,0.0
1560.0,0.0645,0.0026274437568645226,0.0,0.0020200583391029882,0.0
1560.0,0.0655,0.003078465313706147,0.0,0.002366835034571011,0.0
1560.0,0.0665,0.003601632090237672,0.0,0.0027690867264215414,0.0
1560.0,0.0675,0.004207568469666967,0.0,0.0032349841435647523,0.0
1560.0,0.0685,0.004908314291583338,0.0,0.0037737869157900765,0.0
1560.0,0.0695,0.005717490880613241,0.0,0.004395971389607673,0.0
1560.0,0.0705,0.006650483433588761,0.0,0.0051133710603210505,0.0
1560.0,0.0715,0.007724640989579257,0.0,0.0059393305734563384,0.0
1560.0,0.0725,0.00895949526102413,0.0,0.006888874289255648,0.0
1560.0,0.0735,0.010376999654454266,0.0,0.007978890445318357,0.0
1560.0,0.0745,0.012001789851808553,0.0,0.009228331990844722,0.0
1560.0,0.0755,0.013861467374567837,0.0,0.010658435205776692,0.0
1560.0,0.0765,0.015986907587262067,0.0,0.012292957252866934,0.0
1560.0,0.0775,0.018412593640164232,0.0,0.014158433847059405,0.0
1560.0,0.0785,0.021176977877757963,0.0,0.016284458257904574,0.0
1560.0,0.0795,0.02432287227429697,0.0,0.018703982892054116,0.0
1560.0,0.0805,0.027897869471928516,0.0,0.02145364472941626,0.0
1560.0,0.0815,0.031954796017430454,0.0,0.024574115913821512,0.0
1560.0,0.0825,0.0365521994019673,0.0,0.028110480821498564,0.0
1560.0,0.0835,0.04175487050781612,0.0,0.03211264095514796,0.0
1560.0,0.0845,0.047634403067036146,0.0,0.03663574903408385,0.0
1560.0,0.0855,0.05426979172756319,0.0,0.041740673677664444,0.0
1560.0,0.0865,0.061748070310841285,0.0,0.04749449611002081,0.0
1560.0,0.0875,0.07016499183089309,0.0,0.05397104035182534,0.0
1560.0,0.0885,0.0796257518298944,0.0,0.06125143841137543,0.0
1560.0,0.0895,0.09024575656258094,4.440892098500626e-16,0.06942473204436926,-7.577272143066695e-17
1560.0,0.0905,0.10215143753430311,1.3322676295501878e-15,0.07858851271406521,-4.825306820777085e-16
1560.0,0.0915,0.11548111384030335,4.884981308350689e-15,0.0888496014482634,-2.5114632595801822e-15
1560.0,0.0925,0.13038590366232938,1.9095836023552692e-14,0.10032477033957213,-1.1877859806830315e-14
1560.0,0.0935,0.1470306861060635,8.08242361927114e-14,0.11314150744817181,-5.426811777731189e-14
1560.0,0.0945,0.16559511426032714,3.4061642395499803e-13,0.12743882680362362,-2.417653577335699e-13
1560.0,0.0955,0.18627467985686508,1.4694911953938572e-12,0.14336812500598656,-1.0570415376331965e-12
1560.0,0.0965,0.20928182910188298,6.179501355063621e-12,0.1610940855192407,-4.491451655042057e-12
1560.0,0.0975,0.234847127991884,2.5302426820417168e-11,0.18079563101820242,-1.8546766344940126e-11
1560.0,0.0985,0.2632204735482446,1.0060219324259378e-10,0.20266692295093086,-7.435963525481704e-11
1560.0,0.0995,0.2946723446655142,3.880895604879697e-10,0.2269184056219755,-2.892494080364294e-10
1560.0,0.1005,0.3294950823841418,1.4512058221782809e-09,0.2537778893501528,-1.090738030035121e-09
1560.0,0.1015,0.3680041840379431,5.255749613297667e-09,0.2834916633206912,-3.984087591779594e-09
1560.0,0.1025,0.41053958848067396,1.841968844118469e-08,0.3163256233030704,-1.4084105819517356e-08
1560.0,0.1035,0.4574669201050483,6.241583605515189e-08,0.3525663920999078,-4.81438191966832e-08
1560.0,0.1045,0.5091786472735294,2.0430649660951872e-07,0.3925224011459449,-1.5898919893883589e-07
1560.0,0.1055,0.5660950960475475,6.454201728622877e-07,0.4365248900226711,-5.067600423541707e-07
1560.0,0.1065,0.6286652431867878,1.965905473966245e-06,0.4849287672231994,-1.5574858895102407e-06
1560.0,0.1075,0.6973671948632045,5.767918706212072e-06,0.5381132616926134,-4.611060542525497e-06
1560.0,0.1085,0.7727082427604159,1.6284722481607616e-05,0.5964822835568834,-1.3136831145269255e-05
1560.0,0.1095,0.8552243834038222,4.41986322390342e-05,0.6604644097138977,-3.59785960444671e-05
1560.0,0.1105,0.9454791996995482,0.0001152032557061311,0.7305124248478388,-9.462552148808726e-05
1560.0,0.1115,1.0440620501353806,0.0002880786367316368,0.8071023943058945,-0.00023874284139764588
1560.0,0.1125,1.151585608775008,0.0006904312655873213,0.8907323388856634,-0.0005772525153833318
1560.0,0.1135,1.2686829657813519,0.0015844755740124228,0.9819207397176988,-0.0013362514959413946
1560.0,0.1145,1.396004743622882,0.003478829028269459,1.0812053338604366,-0.0029587189195274433
1560.0,0.1155,1.5342169982867517,0.007302028167035068,1.1891429594252696,-0.006261406278822799
1560.0,0.1165,1.684001013396994,0.014644570964376769,1.3063115327437678,-0.01265706772321365
1560.0,0.1175,1.8460563687404488,0.028054552792965648,1.4333155070751413,-0.02443110900396299
1560.0,0.1185,2.021108741581145,0.05133825148695026,1.5707962505846147,-0.04503120330830226
1560.0,0.1195,2.2099236310774018,0.08978233044336559,1.7194485527565988,-0.0792965487673208
1560.0,0.1205,2.4133264717982,0.15020115419201385,1.8800438184439843,-0.13354206607995234
1560.0,0.1215,2.6322284178872906,0.24074941423067564,2.053459432052687,-0.21545134835976992
1560.0,0.1225,2.867655598131705,0.37055407591848777,2.2407124211863874,-0.3338541228883695
1560.0,0.1235,3.120778204812666,0.5494538816039425,2.442994236337062,-0.4987398026846456
1560.0,0.1245,3.3929348345175185,0.7886883405296055,2.6617026126912036,-0.7226383462246306
1560.0,0.125,3.5392911460448886,0.9383614735204278,2.7800845508949137,-0.8651138651552978
1620.0,0.0,1.298440110986121e-08,4.440892098500626e-16,9.981288329186101e-09,3.233524559220769e-17
1620.0,0.0005,1.3121905340085505e-08,2.220446049250313e-16,1.0087028279315292e-08,3.205768983605143e-17
1620.0,0.0015,1.3947158095106715e-08,2.220446049250313e-16,1.072144993230495e-08,3.205768983605143e-17
1620.0,0.0025,1.5644161521777278e-08,2.220446049250313e-16,1.2026017515154306e-08,3.205768983605143e-17
1620.0,0.0035,1.8308185190107906e-08,2.220446049250313e-16,1.4073912275591737e-08,3.205768983605143e-17
1620.0,0.0045,2.208770411016303e-08,2.220446049250313e-16,1.697939026712447e-08,3.205768983605143e-17
1620.0,0.0055,2.719218628044473e-08,2.220446049250313e-16,2.0903430701935118e-08,3.205768983605143e-17
1620.0,0.0065,3.3901812912517926e-08,2.220446049250313e-16,2.6061374036601142e-08,3.205768983605143e-17
1620.0,0.0075,4.258117769495584e-08,2.220446049250313e-16,3.273349694410399e-08,3.205768983605143e-17
1620.0,0.0085,5.369628297557938e-08,2.220446049250313e-16,4.1278142823841794e-08,3.205768983605143e-17
1620.0,0.0095,6.783699291190715e-08,2.220446049250313e-16,5.2148660856232714e-08,3.205768983605143e-17
1620.0,0.0105,8.574380672143889e-08,2.220446049250313e-16,6.59142891734632e-08,3.205768983605143e-17
1620.0,0.0115,1.0834168051587767e-07,2.220446049250313e-16,8.328619031772178e-08,3.205768983605143e-17
1620.0,0.0125,1.3678209143108688e-07,2.220446049250313e-16,1.0514939429384641e-07,3.205768983605143e-17
1620.0,0.0135,1.7249317352252547e-07,2.220446049250313e-16,1.3260192314845652e-07,3.205768983605143e-17
1620.0,0.0145,2.1724275711676455e-07,2.220446049250313e-16,1.6700262349900187e-07,3.205768983605143e-17
1620.0,0.0155,2.7321306106387055e-07,2.220446049250313e-16,2.100292691409322e-07,3.205768983605143e-17
1620.0,0.0165,3.4309357488382375e-07,2.220446049250313e-16,2.637492350032744e-07,3.205768983605143e-17
1620.0,0.0175,4.301916760596214e-07,2.220446049250313e-16,3.307051036927078e-07,3.205768983605143e-17
1620.0,0.0185,5.385674626268155e-07,2.220446049250313e-16,4.1401801759377576e-07,3.205768983605143e-17
1620.0,0.0195,6.731958137606853e-07,2.220446049250313e-16,5.1751249763754e-07,3.205768983605143e-17
1620.0,0.0205,8.401619311371178e-07,2.220446049250313e-16,6.458665160380406e-07,3.205768983605143e-17
1620.0,0.0215,1.0468964433130168e-06,2.220446049250313e-16,8.047921144083148e-07,3.205768983605143e-17
1620.0,0.0225,1.3024559848417994e-06,2.220446049250313e-16,1.0012518014690386e-06,3.205768983605143e-17
1620.0,0.0235,1.6178611872419424e-06,2.220446049250313e-16,1.2437175385215937e-06,3.205768983605143e-17
1620.0,0.0245,2.006498391438072e-06,2.220446049250313e-16,1.5424802164432096e-06,3.205768983605143e-17
1620.0,0.0255,2.4846005430845253e-06,2.220446049250313e-16,1.910018760646892e-06,3.205768983605143e-17
1620.0,0.0265,3.07181761627362e-06,2.220446049250313e-16,2.3614392449289313e-06,3.205768983605143e-17
1620.0,0.0275,3.7918959492344584e-06,2.220446049250313e-16,2.9149967004471478e-06,3.205768983605143e-17
1620.0,0.0285,4.673482692396647e-06,2.220446049250313e-16,3.592713727691432e-06,3.205768983605143e-17
1620.0,0.0295,5.75107804934305e-06,2.220446049250313e-16,4.4211125717907864e-06,3.205768983605143e-17
1620.0,0.0305,7.066160549129563e-06,2.220446049250313e-16,5.432080014742269e-06,3.205768983605143e-17
1620.0,0.0315,8.668512805343198e-06,2.220446049250313e-16,6.66388684891217e-06,3.205768983605143e-17
1620.0,0.0325,1.0617782493227423e-05,2.220446049250313e-16,8.16238784800305e-06,3.205768983605143e-17
1620.0,0.0335,1.2985315549940424e-05,2.220446049250313e-16,9.98243098603524e-06,3.205768983605143e-17
1620.0,0.0345,1.5856305424222228e-05,2.220446049250313e-16,1.2189509642261953e-05,3.205768983605143e-17
1620.0,0.0355,1.933230726081092e-05,2.220446049250313e-16,1.4861695832699696e-05,3.205768983605143e-17
1620.0,0.0365,2.35341753409557e-05,2.220446049250313e-16,1.8091898171306298e-05,3.205768983605143e-17
1620.0,0.0375,2.8605486591004592e-05,2.220446049250313e-16,2.199049396875097e-05,3.205768983605143e-17
1620.0,0.0385,3.471652399866798e-05,2.220446049250313e-16,2.6688391617639693e-05,3.205768983605143e-17
1620.0,0.0395,4.20689025872889e-05,2.220446049250313e-16,3.234058716248711e-05,3.205768983605143e-17
1620.0,0.0405,5.090093128501394e-05,2.220446049250313e-16,3.913028648693029e-05,3.205768983605143e-17
1620.0,0.0415,6.149381647446717e-05,2.220446049250313e-16,4.727367462045606e-05,3.205768983605143e-17
1620.0,0.0425,7.417882488880423e-05,2.220446049250313e-16,5.7025422727647887e-05,3.205768983605143e-17
1620.0,0.0435,8.934553886774665e-05,2.220446049250313e-16,6.868503508471235e-05,3.205768983605143e-17
1620.0,0.0445,0.00010745135290335384,2.220446049250313e-16,8.260415022629531e-05,3.205768983605143e-17
1620.0,0.0455,0.0001290323767193513,2.220446049250313e-16,9.919492368172913e-05,3.205768983605143e-17
1620.0,0.0465,0.0001547159296251266,2.220446049250313e-16,0.00011893963431703014,3.205768983605143e-17
1620.0,0.0475,0.00018523483061017032,2.220446049250313e-16,0.00014240167160302518,3.205768983605143e-17
1620.0,0.0485,0.00022144371268950636,2.220446049250313e-16,0.00017023807869545496,3.205768983605143e-17
1620.0,0.0495,0.00026433760962163433,2.220446049250313e-16,0.00020321384399750285,3.205768983605143e-17
1620.0,0.0505,0.000315073094213858,2.220446049250313e-16,0.00024221815388070667,3.205768983605143e-17
1620.0,0.0515,0.00037499227016724035,2.220446049250313e-16,0.0002882828405805782,3.205768983605143e-17
1620.0,0.0525,0.0004456499516436452,2.220446049250313e-16,0.0003426032811080049,3.205768983605143e-17
1620.0,0.0535,0.0005288443948074928,2.220446049250313e-16,0.0004065620279151361,3.205768983605143e-17
1620.0,0.0545,0.0006266519780524504,2.220446049250313e-16,0.0004817554769966748,3.205768983605143e-17
1620.0,0.0555,0.0007414662653673076,2.220446049250313e-16,0.0005700239064238488,3.205768983605143e-17
1620.0,0.0565,0.0008760419182749501,2.220446049250313e-16,0.0006734852459765861,3.205768983605143e-17
1620.0,0.0575,0.0010335439692426007,2.220446049250313e-16,0.000794572969087497,3.205768983605143e-17
1620.0,0.0585,0.0012176029993611337,2.220446049250313e-16,0.0009360785288988539,3.205768983605143e-17
1620.0,0.0595,0.0014323768133976955,2.220446049250313e-16,0.0011011987924056754,3.205768983605143e-17
1620.0,0.0605,0.0016826192442636057,2.220446049250313e-16,0.0012935889605294193,3.205768983605143e-17
1620.0,0.0615,0.0019737567644710907,2.220446049250313e-16,0.0015174214964595125,3.205768983605143e-17
1620.0,0.0625,0.002311973628764008,2.220446049250313e-16,0.0017774516198158354,3.205768983605143e-17
1620.0,0.0635,0.002704306317184546,2.220446049250313e-16,0.0020790899611145973,3.205768983605143e-17
1620.0,0.0645,0.0031587480999633044,2.220446049250313e-16,0.002428483007658642,3.205768983605143e-17
1620.0,0.0655,0.003684364587059008,2.220446049250313e-16,0.0028326020102285555,3.205768983605143e-17
1620.0,0.0665,0.0042914211814490955,2.220446049250313e-16,0.003299341057804029,3.205768983605143e-17
1620.0,0.0675,0.004991523398246045,2.220446049250313e-16,0.0038376250659753097,3.205768983605143e-17
1620.0,0.0685,0.005797771065431334,2.220446049250313e-16,0.004457528463490021,3.205768983605143e-17
1620.0,0.0695,0.006724927467018915,2.220446049250313e-16,0.005170405399924256,3.205768983605143e-17
1620.0,0.0705,0.0077896045382317425,2.220446049250313e-16,0.005989032335143171,3.205768983605143e-17
1620.0,0.0715,0.009010465272297097,2.220446049250313e-16,0.006927763910075911,3.205768983605143e-17
1620.0,0.0725,0.01040844453751788,2.220446049250313e-16,0.008002703034512813,3.205768983605143e-17
1620.0,0.0735,0.012006989555288783,2.220446049250313e-16,0.009231886164757059,3.205768983605143e-17
1620.0,0.0745,0.013832321324173336,2.220446049250313e-16,0.01063548477906167,3.205768983605143e-17
1620.0,0.0755,0.015913718320291537,2.220446049250313e-16,0.01223602409387759,3.205768983605143e-17
1620.0,0.0765,0.018283823838885382,2.220446049250313e-16,0.01405862009641929,3.205768983605143e-17
1620.0,0.0775,0.020978978375694624,2.220446049250313e-16,0.016131236002187705,3.205768983605143e-17
1620.0,0.0785,0.02403957847855054,2.220446049250313e-16,0.01848495927668669,3.205768983605143e-17
1620.0,0.0795,0.027510463527335105,2.220446049250313e-16,0.021154300390814916,3.205768983605143e-17
1620.0,0.0805,0.03144133192239451,2.220446049250313e-16,0.024177514509364464,3.205768983605143e-17
1620.0,0.0815,0.03588718818286907,2.220446049250313e-16,0.027596947339459388,3.205768983605143e-17
1620.0,0.0825,0.04090882246907768,2.220446049250313e-16,0.03145940639484657,3.205768983605143e-17
1620.0,0.0835,0.04657332405241732,2.220446049250313e-16,0.03581655895746732,3.205768983605143e-17
1620.0,0.0845,0.05295463025464642,2.220446049250313e-16,0.04072535804262543,3.205768983605143e-17
1620.0,0.0855,0.060134112366824866,2.220446049250313e-16,0.04624849769347101,3.205768983605143e-17
1620.0,0.0865,0.0682012000251575,2.220446049250313e-16,0.05245489894167599,3.205768983605143e-17
1620.0,0.0875,0.07725404546243908,2.220446049250313e-16,0.05942022776770745,3.205768983605143e-17
1620.0,0.0885,0.0874002289521627,4.440892098500626e-16,0.06722744636490635,-3.733124920302092e-17
1620.0,0.0895,0.09875750659318783,8.881784197001252e-16,0.07596739894241361,-2.055300374337321e-16
1620.0,0.0905,0.11145460133337792,2.6645352591003757e-15,0.0857394331703682,-1.279532035880493e-15
1620.0,0.0915,0.1256320377322595,9.325873406851315e-15,0.09665205814863621,-5.951489301381229e-15
1620.0,0.0925,0.14144302040131151,3.863576125695545e-14,0.10882363942666423,-2.6628282912000148e-14
1620.0,0.0935,0.15905435524126688,1.6830981053317373e-13,0.12238313107014526,-1.1626144491572177e-13
1620.0,0.0945,0.17864741146087226,7.109868249699502e-13,0.13747084400103537,-5.021730253851331e-13
1620.0,0.0955,0.2004191208253019,2.970512724687069e-12,0.1542392487660184,-2.123703296552648e-12
1620.0,0.0965,0.2245830085533953,1.2105871860512707e-11,0.1728538094557987,-8.735918238800267e-12
1620.0,0.0975,0.25137024770941707,4.7986947748768216e-11,0.1934938436514271,-3.49238903074589e-11
1620.0,0.0985,0.281030725772041,1.8475354579550185e-10,0.21635340100857733,-1.3559952716235557e-10
1620.0,0.0995,0.3138341083840146,6.90269619241235e-10,0.2416421504645687,-5.109554394866488e-10
1620.0,0.1005,0.35007088125666996,2.5006929860182936e-09,0.2695862632422068,-1.8671110856016696e-09
1620.0,0.1015,0.3900533472133816,8.777481408372978e-09,0.3004292761729375,-6.6111649761613215e-09
1620.0,0.1025,0.4341165520173149,2.982605051826681e-08,0.33443291793983915,-2.266477902024278e-08
1620.0,0.1035,0.48261911088405895,9.803374378947183e-08,0.37187788047760684,-7.516642670096774e-08
1620.0,0.1045,0.5359439086280418,3.1141245226962155e-07,0.41306452005061695,-2.4094405487631866e-07
1620.0,0.1055,0.5944986516218478,9.551972754984206e-07,0.4583134786885547,-7.458266140700221e-07
1620.0,0.1065,0.658716260407914,2.8265293998686047e-06,0.5079662277980056,-2.227345550700199e-06
1620.0,0.1075,0.729055108429975,8.061497365652315e-06,0.5623855523404596,-6.411425098886841e-06
1620.0,0.1085,0.8059991338881787,2.2139708538926328e-05,0.6219560149544225,-1.7771343493620527e-05
1620.0,0.1095,0.8900578742679954,5.849391192169762e-05,0.6870844611817414,-4.738718644904077e-05
1620.0,0.1105,0.9817664885640625,0.00014853224494704165,0.7582006420709617,-0.00012143704517189937
1620.0,0.1115,1.0816858274134233,0.0003621563714899523,0.8357580266503373,-0.00029879211261023205
1620.0,0.1125,1.1904025682654833,0.0008471168729986545,0.9202348374170123,-0.0007051856614801736
1620.0,0.1135,1.308529331570071,0.0018992912600070966,1.0121352486661284,-0.0015950121606101585
1620.0,0.1145,1.4367045201111068,0.0040785609535918255,1.1119905264266738,-0.0034545876485553924
1620.0,0.1155,1.5755913788368048,0.008383235678950385,1.2203596613010232,-0.0071598123345142295
1620.0,0.1165,1.7258754887089367,0.01648574741836306,1.3378287808303635,-0.0141926806230504
1620.0,0.1175,1.8882596581666462,0.03101067066474439,1.4650083934632898,-0.026901977231377307
1620.0,0.1185,2.0634550730104024,0.05580533625807016,1.6025274168334835,-0.04876557495524992
1620.0,0.1195,2.2521677418797594,0.0961247885788099,1.751023101850639,-0.08458560041221892
1620.0,0.1205,2.4550798345755993,0.1586470665917621,1.9111264792101754,-0.1405434142130163
1620.0,0.1215,2.672826468843823,0.2512757912895287,2.0834438416237666,-0.2240842058653497
1620.0,0.1225,2.90596972840126,0.38279782128366246,2.2685359153307885,-0.3437207382661185
1620.0,0.1235,3.1549729057186937,0.5626870633854191,2.4668975059583187,-0.5091135382379933
1620.0,0.1245,3.4201787743270415,0.8018862578379022,2.678941174039571,-0.7325648906332065
1620.0,0.125,3.5609872631641792,0.9508994343222117,2.7919648773225,-0.8742351115972403
1680.0,0.0,2.2875724425830413e-08,4.440892098500626e-16,1.7585154701293958e-08,7.091549569793179e-17
1680.0,0.0005,2.3102529667085037e-08,4.440892098500626e-16,1.775949645121955e-08,6.189493362285248e-17
1680.0,0.0015,2.446336111461278e-08,4.440892098500626e-16,1.8805541657229698e-08,6.189493362285248e-17
1680.0,0.0025,2.7256419343757443e-08,4.440892098500626e-16,2.0952614256941616e-08,6.189493362285248e-17
1680.0,0.0035,3.162790562782902e-08,4.440892098500626e-16,2.4313186806068644e-08,6.189493362285248e-17
1680.0,0.0045,3.780576207645936e-08,4.440892098500626e-16,2.9062317103978328e-08,6.189493362285248e-17
1680.0,0.0055,4.6109505547065055e-08,4.440892098500626e-16,3.5445708803649724e-08,6.189493362285248e-17
1680.0,0.0065,5.696500693375128e-08,4.440892098500626e-16,4.37907096184631e-08,6.189493362285248e-17
1680.0,0.0075,7.092353371263016e-08,4.440892098500626e-16,5.4521011136898784e-08,6.189493362285248e-17
1680.0,0.0085,8.868562417774228e-08,4.440892098500626e-16,6.817532536729232e-08,6.189493362285248e-17
1680.0,0.0095,1.1113235132143018e-07,4.440892098500626e-16,8.543090419976806e-08,6.189493362285248e-17
1680.0,0.0105,1.3936295317762415e-07,4.440892098500626e-16,1.0713270931717034e-07,6.189493362285248e-17
1680.0,0.0115,1.74741501268727e-07,4.440892098500626e-16,1.3432942441937714e-07,6.189493362285248e-17
1680.0,0.0125,2.1895402824156918e-07,4.440892098500626e-16,1.683171254995841e-07,6.189493362285248e-17
1680.0,0.0135,2.740779905252566e-07,4.440892098500626e-16,2.1069285455865838e-07,6.189493362285248e-17
1680.0,0.0145,3.4266656712134136e-07,4.440892098500626e-16,2.634192415129632e-07,6.189493362285248e-17
1680.0,0.0155,4.27850181949907e-07,4.440892098500626e-16,3.289028796515936e-07,6.189493362285248e-17
1680.0,0.0165,5.334597403816588e-07,4.440892098500626e-16,4.100886419777794e-07,6.189493362285248e-17
1680.0,0.0175,6.641738536927733e-07,4.440892098500626e-16,5.105732951804498e-07,6.189493362285248e-17
1680.0,0.0185,8.256968158093514e-07,4.440892098500626e-16,6.347417766860986e-07,6.189493362285248e-17
1680.0,0.0195,1.024970401886094e-06,4.440892098500626e-16,7.879306003744092e-07,6.189493362285248e-17
1680.0,0.0205,1.2704283562925411e-06,4.440892098500626e-16,9.766231804775317e-07,6.189493362285248e-17
1680.0,0.0215,1.5722995385658578e-06,4.440892098500626e-16,1.2086828731128208e-06,6.189493362285248e-17
1680.0,0.0225,1.9429693907113688e-06,4.440892098500626e-16,1.4936307457347198e-06,6.189493362285248e-17
1680.0,0.0235,2.3974090481715393e-06,4.440892098500626e-16,1.8429757901117228e-06,6.189493362285248e-17
1680.0,0.0245,2.9536852821365756e-06,4.440892098500626e-16,2.2706068000033496e-06,6.189493362285248e-17
1680.0,0.0255,3.633564574556658e-06,4.440892098500626e-16,2.79325667232655e-06,6.189493362285248e-17
1680.0,0.0265,4.463227639917022e-06,4.440892098500626e-16,3.431051515008221e-06,6.189493362285248e-17
1680.0,0.0275,5.474111674175219e-06,4.440892098500626e-16,4.208158757386116e-06,6.189493362285248e-17
1680.0,0.0285,6.703904830374086e-06,4.440892098500626e-16,5.1535508086786305e-06,6.189493362285248e-17
1680.0,0.0295,8.19771344140463e-06,4.440892098500626e-16,6.301903218464133e-06,6.189493362285248e-17
1680.0,0.0305,1.0009434106450499e-05,4.440892098500626e-16,7.6946489657459e-06,6.189493362285248e-17
1680.0,0.0315,1.2203361109186517e-05,4.440892098500626e-16,9.381214199706279e-06,6.189493362285248e-17
1680.0,0.0325,1.4856065831736487e-05,4.440892098500626e-16,1.1420463371827339e-05,6.189493362285248e-17
1680.0,0.0335,1.8058592274883267e-05,4.440892098500626e-16,1.3882386762915645e-05,6.189493362285248e-17
1680.0,0.0345,2.191901495507409e-05,4.440892098500626e-16,1.6850067137283986e-05,6.189493362285248e-17
1680.0,0.0355,2.6565415112145274e-05,4.440892098500626e-16,2.0421967608648116e-05,6.189493362285248e-17
1680.0,0.0365,3.214933616391136e-05,4.440892098500626e-16,2.4714588400343017e-05,6.189493362285248e-17
1680.0,0.0375,3.884978980295273e-05,4.440892098500626e-16,2.986554615059589e-05,6.189493362285248e-17
1680.0,0.0385,4.687788924684355e-05,4.440892098500626e-16,3.603713668816511e-05,6.189493362285248e-17
1680.0,0.0395,5.648220246712299e-05,4.440892098500626e-16,4.342044958729474e-05,6.189493362285248e-17
1680.0,0.0405,6.795492009814552e-05,4.440892098500626e-16,5.2240110994006264e-05,6.189493362285248e-17
1680.0,0.0415,8.163895546431377e-05,4.440892098500626e-16,6.275974128321592e-05,6.189493362285248e-17
1680.0,0.0425,9.793609655162072e-05,4.440892098500626e-16,7.528822299438076e-05,6.189493362285248e-17
1680.0,0.0435,0.00011731635333944723,4.440892098500626e-16,9.018688675169529e-05,6.189493362285248e-17
1680.0,0.0445,0.00014032865294666408,4.440892098500626e-16,0.00010787773425292358,6.189493362285248e-17
1680.0,0.0455,0.00016761305698764772,4.440892098500626e-16,0.0001288528308417014,6.189493362285248e-17
1680.0,0.0465,0.00019991468883517882,4.440892098500626e-16,0.00015368501395425228,6.189493362285248e-17
1680.0,0.0475,0.0002380995854309731,4.440892098500626e-16,0.00018304008008918516,6.189493362285248e-17
1680.0,0.0485,0.00028317270198385813,4.440892098500626e-16,0.0002176906279046165,6.189493362285248e-17
1680.0,0.0495,0.00033629832654469283,4.440892098500626e-16,0.00025853175469894293,6.189493362285248e-17
1680.0,0.0505,0.0003988231845255541,4.440892098500626e-16,0.0003065988206776993,6.189493362285248e-17
1680.0,0.0515,0.0004723025391513147,4.440892098500626e-16,0.00036308751719943194,6.189493362285248e-17
1680.0,0.0525,0.0005585296204344559,4.440892098500626e-16,0.00042937649543493,6.189493362285248e-17
1680.0,0.0535,0.0006595687493700098,4.440892098500626e-16,0.000507052835839339,6.189493362285248e-17
1680.0,0.0545,0.000777792548888101,4.440892098500626e-16,0.0005979406619066907,6.189493362285248e-17
1680.0,0.0555,0.0009159236731193232,4.440892098500626e-16,0.0007041332278274481,6.189493362285248e-17
1680.0,0.0565,0.0010770815135856537,4.440892098500626e-16,0.0008280288354448474,6.189493362285248e-17
1680.0,0.0575,0.0012648343823684627,4.440892098500626e-16,0.0009723709642871725,6.189493362285248e-17
1680.0,0.0585,0.0014832577096512978,4.440892098500626e-16,0.001140293027028463,6.189493362285248e-17
1680.0,0.0595,0.0017369988247537549,4.440892098500626e-16,0.0013353681927115702,6.189493362285248e-17
1680.0,0.0605,0.0020313489416707853,4.440892098500626e-16,0.0015616647508667116,6.189493362285248e-17
1680.0,0.0615,0.0023723229990082473,4.440892098500626e-16,0.0018238075218292946,6.189493362285248e-17
1680.0,0.0625,0.002766748054796153,4.440892098500626e-16,0.002127045850862537,6.189493362285248e-17
1680.0,0.0635,0.0032223609775883233,4.440892098500626e-16,0.002477328757683246,6.189493362285248e-17
1680.0,0.0645,0.003747916214649649,4.440892098500626e-16,0.0028813878458770147,6.189493362285248e-17
1680.0,0.0655,0.004353304469816521,4.440892098500626e-16,0.0033468286124919188,6.189493362285248e-17
1680.0,0.0665,0.005049683161587382,4.440892098500626e-16,0.0038822308318935232,6.189493362285248e-17
1680.0,0.0675,0.005849619578327747,4.440892098500626e-16,0.0044972587233143456,6.189493362285248e-17
1680.0,0.0685,0.006767247695336209,4.440892098500626e-16,0.005202781646753607,6.189493362285248e-17
1680.0,0.0695,0.007818439656830378,4.440892098500626e-16,0.006011006106591133,6.189493362285248e-17
1680.0,0.0705,0.009020992972864406,4.440892098500626e-16,0.006935619877266426,6.189493362285248e-17
1680.0,0.0715,0.01039483452427703,4.440892098500626e-16,0.007991949099831572,6.189493362285248e-17
1680.0,0.0725,0.011962242507593146,4.440892098500626e-16,0.009197129231944389,6.189493362285248e-17
1680.0,0.0735,0.013748087493070216,4.440892098500626e-16,0.010570290767506627,6.189493362285248e-17
1680.0,0.0745,0.015780093808587026,4.440892098500626e-16,0.01213276067428648,6.189493362285248e-17
1680.0,0.0755,0.01808912249492778,4.440892098500626e-16,0.013908280529887164,6.189493362285248e-17
1680.0,0.0765,0.02070947711416693,4.440892098500626e-16,0.015923242366567506,6.189493362285248e-17
1680.0,0.0775,0.023679233721736637,4.440892098500626e-16,0.018206943263869953,6.189493362285248e-17
1680.0,0.0785,0.027040596337258194,4.440892098500626e-16,0.02079185975505677,6.189493362285248e-17
1680.0,0.0795,0.03084027927002353,4.440892098500626e-16,0.023713943136575398,6.189493362285248e-17
1680.0,0.0805,0.03512991766581308,4.440892098500626e-16,0.027012936788710428,6.189493362285248e-17
1680.0,0.0815,0.039966507641793214,4.440892098500626e-16,0.030732716628223997,6.189493362285248e-17
1680.0,0.0825,0.045412877362878135,4.440892098500626e-16,0.03492165581689183,6.189493362285248e-17
1680.0,0.0835,0.05153819037332141,4.440892098500626e-16,0.03963301483925228,6.189493362285248e-17
1680.0,0.0845,0.05841848243687764,4.440892098500626e-16,0.04492535803291091,6.189493362285248e-17
1680.0,0.0855,0.06613723302768904,4.440892098500626e-16,0.050862997597122366,6.189493362285248e-17
1680.0,0.0865,0.07478597245932406,4.440892098500626e-16,0.05751646601189627,4.413136522884996e-17
1680.0,0.0875,0.08446492540747386,4.440892098500626e-16,0.06496301765545931,2.803313137178518e-17
1680.0,0.0885,0.09528369126462621,8.881784197001252e-16,0.07328716020101372,-9.436895709313832e-17
1680.0,0.0895,0.10736196133319709,1.7763568394002505e-15,0.08258121608733165,-6.039613253960851e-16
1680.0,0.0905,0.12083027229755317,5.329070518200751e-15,0.09294591397522169,-2.8799185258776562e-15
1680.0,0.0915,0.13583079469771064,1.9539925233402755e-14,0.10449100961093102,-1.2555650963363972e-14
1680.0,0.0925,0.15251815423346216,8.260059303211165e-14,0.11733593490948299,-5.551267778791669e-14
1680.0,0.0935,0.17106028266510975,3.455014052633487e-13,0.13161047334566667,-2.389113906708929e-13
1680.0,0.0945,0.19163929385069878,1.4273027204581012e-12,0.1474554589184818,-1.0040283882073454e-12
1680.0,0.0955,0.21445237911029835,5.794031920913767e-12,0.16502349506942918,-4.114954349487832e-12
1680.0,0.0965,0.2397127146984417,2.289990419512833e-11,0.1844796890516653,-1.6407599029433227e-11
1680.0,0.0975,0.267650372798812,8.800604689440661e-11,0.20600239645020926,-6.359707746539379e-11
1680.0,0.0985,0.298513226233581,3.285434146960142e-10,0.2297839699498035,-2.3947487479136773e-10
1680.0,0.0995,0.33256783614405094,1.1905783026122663e-09,0.25603150614354997,-8.754088107187918e-10
1680.0,0.1005,0.370100311324677,4.1848586818105105e-09,0.2849675842513413,-3.10436828562799e-09
1680.0,0.1015,0.41141712769996275,1.4257118596816554e-08,0.3168309910793434,-1.0671265320838508e-08
1680.0,0.1025,0.45684589648305973,4.704062650517926e-08,0.35187742727685256,-3.5530178639636703e-08
1680.0,0.1035,0.506736069501585,1.501955027016777e-07,0.3903801906265916,-1.1448929769189432e-07
1680.0,0.1045,0.561459569420947,4.6368786987827093e-07,0.4326308322132902,-3.567425822961767e-07
1680.0,0.1055,0.6214113303207114,1.3829712508517389e-06,0.47893978014077404,-1.0739746802672366e-06
1680.0,0.1065,0.687009729415422,3.981483432724531e-06,0.5296369222652443,-3.121041209389747e-06
1680.0,0.1075,0.758696883089442,1.1054531659393518e-05,0.5850721337445247,-8.74743861040514e-06
1680.0,0.1085,0.8369387702434778,2.9574297325751786e-05,0.645615727531052,-2.3623376173309144e-05
1680.0,0.1095,0.9222251354832451,7.616941038213199e-05,0.7116587984507098,-6.141624096476104e-05
1680.0,0.1105,1.015069119104794,0.0001886924461378392,0.7836134291105155,-0.00015356978610926567
1680.0,0.1115,1.1160065690657461,0.0004492203686812246,0.8619127369247676,-0.00036899156904320827
1680.0,0.1125,1.2255950247432565,0.0010269126942166196,0.947010777781794,-0.0008512070335987829
1680.0,0.1135,1.3444124374508988,0.0022523717250297892,1.0393823965808144,-0.0018836736626046922
1680.0,0.1145,1.4730558194116838,0.0047367623081076005,1.1395232383849165,-0.003995855042888297
1680.0,0.1155,1.6121401907997779,0.009545936115994191,1.2479503061478752,-0.008120587888725175
1680.0,0.1165,1.7622984019575938,0.01842861874946511,1.3652036520248294,-0.015803849265125267
1680.0,0.1175,1.924182593977946,0.03407654738900545,1.4918499719891656,-0.02944929013651128
1680.0,0.1185,2.098468145277934,0.060366715819481165,1.62848896333995,-0.05255472701330676
1680.0,0.1195,2.2858608400989624,0.10251298461786273,1.7757632136768804,-0.08987686149388954
1680.0,0.1205,2.487107611111867,0.16705465800180086,1.9343720469850687,-0.1474620242188501
1680.0,0.1215,2.7030105396246427,0.2616535109321245,2.1050891451143268,-0.23252658268289098
1680.0,0.1225,2.9344429325169585,0.394777998423109,2.2887829739565677,-0.3532876959052306
1680.0,0.1235,3.1823654351190953,0.5755669231315299,2.4864382603853263,-0.519105908212284
1680.0,0.1245,3.4478395544866203,0.8146952793255007,2.6991762447893928,-0.7420845271546466
1680.0,0.125,3.589937732286785,0.9630697886772648,2.8137238336537904,-0.8829764938599457
1740.0,0.0,3.878000143231475e-08,6.661338147750939e-16,2.981110771571594e-08,7.313594174718226e-17
1740.0,0.0005,3.9140729768405436e-08,4.440892098500626e-16,3.008839840390465e-08,1.2323475573339236e-16
1740.0,0.0015,4.13050429415307e-08,4.440892098500626e-16,3.1752153688557885e-08,1.2323475573339236e-16
1740.0,0.0025,4.5740080167888664e-08,4.440892098500626e-16,3.5161485740786705e-08,1.2323475573339236e-16
1740.0,0.0035,5.2663324368040776e-08,4.440892098500626e-16,4.0483539898161784e-08,1.2323475573339236e-16
1740.0,0.0045,6.241231176318252e-08,4.440892098500626e-16,4.7977879624738764e-08,1.2323475573339236e-16
1740.0,0.0055,7.545935432062834e-08,4.440892098500626e-16,5.8007511434254865e-08,1.2323475573339236e-16
1740.0,0.0065,9.243109388989978e-08,4.440892098500626e-16,7.105414503882912e-08,1.2323475573339236e-16
1740.0,0.0075,1.1413442280172603e-07,4.440892098500626e-16,8.773824159646892e-08,1.2323475573339236e-16
1740.0,0.0085,1.4159064676277922e-07,4.440892098500626e-16,1.0884468622407439e-07,1.2323475573339236e-16
1740.0,0.0095,1.760760142133222e-07,4.440892098500626e-16,1.3535462006331045e-07,1.2323475573339236e-16
1740.0,0.0105,2.1917355752520962e-07,4.440892098500626e-16,1.6848496287025225e-07,1.2323475573339236e-16
1740.0,0.0115,2.7283567760605365e-07,4.440892098500626e-16,2.097366859743488e-07,1.2323475573339236e-16
1740.0,0.0125,3.3946065514101065e-07,4.440892098500626e-16,2.6095340583509596e-07,1.2323475573339236e-16
1740.0,0.0135,4.219847937747545e-07,4.440892098500626e-16,3.2439221179458857e-07,1.2323475573339236e-16
1740.0,0.0145,5.239933216216741e-07,4.440892098500626e-16,4.028093578867243e-07,1.2323475573339236e-16
1740.0,0.0155,6.498542575172905e-07,4.440892098500626e-16,4.995626278869736e-07,1.2323475573339236e-16
1740.0,0.0165,8.048783683989313e-07,4.440892098500626e-16,6.187345859842708e-07,1.2323475573339236e-16
1740.0,0.0175,9.95510504253616e-07,4.440892098500626e-16,7.652795746793118e-07,1.2323475573339236e-16
1740.0,0.0185,1.2295575402276882e-06,4.440892098500626e-16,9.451991699904739e-07,1.2323475573339236e-16
1740.0,0.0195,1.5164608271334146e-06,4.440892098500626e-16,1.1657510146179106e-06,1.2323475573339236e-16
1740.0,0.0205,1.867618038886576e-06,4.440892098500626e-16,1.435697093157273e-06,1.2323475573339236e-16
1740.0,0.0215,2.296766922427196e-06,4.440892098500626e-16,1.7655981133302134e-06,1.2323475573339236e-16
1740.0,0.0225,2.8204385671415366e-06,4.440892098500626e-16,2.168162092459625e-06,1.2323475573339236e-16
1740.0,0.0235,3.4584928698677686e-06,4.440892098500626e-16,2.658656129916892e-06,1.2323475573339236e-16
1740.0,0.0245,4.234751088461053e-06,4.440892098500626e-16,3.255392509160515e-06,1.2323475573339236e-16
1740.0,0.0255,5.177739751616173e-06,4.440892098500626e-16,3.980300701407202e-06,1.2323475573339236e-16
1740.0,0.0265,6.32156604751799e-06,4.440892098500626e-16,4.859600182705037e-06,1.2323475573339236e-16
1740.0,0.0275,7.70694401808214e-06,4.440892098500626e-16,5.924589664552116e-06,1.2323475573339236e-16
1740.0,0.0285,9.382397820445476e-06,4.440892098500626e-16,7.212571603893991e-06,1.2323475573339236e-16
1740.0,0.0295,1.1405667748931592e-05,4.440892098500626e-16,8.767933447160204e-06,1.2323475573339236e-16
1740.0,0.0305,1.3845352157204616e-05,4.440892098500626e-16,1.0643409530253225e-05,1.2323475573339236e-16
1740.0,0.0315,1.6782819329819176e-05,4.440892098500626e-16,1.2901551513948563e-05,1.2323475573339236e-16
1740.0,0.0325,2.031443347050299e-05,4.440892098500626e-16,1.5616438820629242e-05,1.2323475573339236e-16
1740.0,0.0335,2.455413715551913e-05,4.440892098500626e-16,1.8875664523605452e-05,1.2323475573339236e-16
1740.0,0.0345,2.9636446186032117e-05,4.440892098500626e-16,2.2782637252838358e-05,1.2323475573339236e-16
1740.0,0.0355,3.5719913512366475e-05,4.440892098500626e-16,2.7459244629000067e-05,1.2323475573339236e-16
1740.0,0.0365,4.299113135175503e-05,4.440892098500626e-16,3.304892928245096e-05,1.2323475573339236e-16
1740.0,0.0375,5.1669343918092636e-05,4.440892098500626e-16,3.9720235784201916e-05,1.2323475573339236e-16
1740.0,0.0385,6.201175750675247e-05,4.440892098500626e-16,4.767089252418089e-05,1.2323475573339236e-16
1740.0,0.0395,7.431964098714161e-05,4.440892098500626e-16,5.713250162028061e-05,1.2323475573339236e-16
1740.0,0.0405,8.894532214753781e-05,4.440892098500626e-16,6.837591750326055e-05,1.2323475573339236e-16
1740.0,0.0415,0.00010630019670543334,4.440892098500626e-16,8.171740471279776e-05,1.2323475573339236e-16
1740.0,0.0425,0.00012686388237170831,4.440892098500626e-16,9.752567493787723e-05,1.2323475573339236e-16
1740.0,0.0435,0.0001511946605319281,4.440892098500626e-16,0.00011622991496547997,1.2323475573339236e-16
1740.0,0.0445,0.00017994136800325577,4.440892098500626e-16,0.00013832892877832848,1.2323475573339236e-16
1740.0,0.0455,0.00021385691371733628,4.440892098500626e-16,0.00016440152987037495,1.2323475573339236e-16
1740.0,0.0465,0.0002538136178031891,4.440892098500626e-16,0.00019511833399821655,1.2323475573339236e-16
1740.0,0.0475,0.00030082058589187,4.440892098500626e-16,0.00023125511735162972,1.2323475573339236e-16
1740.0,0.0485,0.00035604335545258436,4.440892098500626e-16,0.0002737079210705673,1.2323475573339236e-16
1740.0,0.0495,0.00042082607001248107,4.440892098500626e-16,0.00032351010041193007,1.2323475573339236e-16
1740.0,0.0505,0.000496716464056135,4.440892098500626e-16,0.000381851534659603,1.2323475573339236e-16
1740.0,0.0515,0.0005854939645359991,4.440892098500626e-16,0.00045010023353057703,1.2323475573339236e-16
1740.0,0.0525,0.0006892012409593917,4.440892098500626e-16,0.0005298265962513681,1.2323475573339236e-16
1740.0,0.0535,0.0008101795668835621,4.440892098500626e-16,0.0006228306007448836,1.2323475573339236e-16
1740.0,0.0545,0.0009511083803204201,4.440892098500626e-16,0.000731172223603025,1.2323475573339236e-16
1740.0,0.0555,0.001115049467728113,4.440892098500626e-16,0.0008572054145880159,1.2323475573339236e-16
1740.0,0.0565,0.001305496221903013,4.440892098500626e-16,0.0010036159749892447,1.2323475573339236e-16
1740.0,0.0575,0.0015264284622276136,4.440892098500626e-16,0.0011734637145245231,1.2323475573339236e-16
1740.0,0.0585,0.0017823733396085117,4.440892098500626e-16,0.001370229288356626,1.2323475573339236e-16
1740.0,0.0595,0.0020784728814078335,4.440892098500626e-16,0.001597866143863378,1.2323475573339236e-16
1740.0,0.0605,0.0024205587730534717,4.440892098500626e-16,0.001860858035027739,1.2323475573339236e-16
1740.0,0.0615,0.002815235008597483,4.440892098500626e-16,0.0021642825919440866,1.2323475573339236e-16
1740.0,0.0625,0.003269969079326529,4.440892098500626e-16,0.002513881462894787,1.2323475573339236e-16
1740.0,0.0635,0.003793192414946134,4.440892098500626e-16,0.002916137577032423,1.2323475573339236e-16
1740.0,0.0645,0.004394410823636008,4.440892098500626e-16,0.0033783601070618728,1.2323475573339236e-16
1740.0,0.0655,0.005084325725817962,4.440892098500626e-16,0.00390877774258204,1.2323475573339236e-16
1740.0,0.0665,0.005874967009901866,4.440892098500626e-16,0.004516640916674639,1.2323475573339236e-16
1740.0,0.0675,0.006779838385511994,4.440892098500626e-16,0.005212333660336875,1.2323475573339236e-16
1740.0,0.0685,0.007814076142494741,4.440892098500626e-16,0.006007495790935272,1.2323475573339236e-16
1740.0,0.0695,0.008994622272211927,4.440892098500626e-16,0.006915156172714384,1.2323475573339236e-16
1740.0,0.0705,0.01034041293860355,4.440892098500626e-16,0.007949877818955287,1.2323475573339236e-16
1740.0,0.0715,0.011872583329989084,4.440892098500626e-16,0.009127915635650794,1.2323475573339236e-16
1740.0,0.0725,0.013614689954977166,4.440892098500626e-16,0.010467387636440506,1.2323475573339236e-16
1740.0,0.0735,0.01559295148348383,4.440892098500626e-16,0.011988460487256845,1.2323475573339236e-16
1740.0,0.0745,0.01783650925915481,4.440892098500626e-16,0.013713550265154206,1.2323475573339236e-16
1740.0,0.0755,0.020377708641206027,4.440892098500626e-16,0.015667539340399834,1.2323475573339236e-16
1740.0,0.0765,0.023252402352568424,4.440892098500626e-16,0.017878010310288062,1.2323475573339236e-16
1740.0,0.0775,0.02650027702185298,4.440892098500626e-16,0.02037549792971511,1.2323475573339236e-16
1740.0,0.0785,0.030165204115917277,4.440892098500626e-16,0.02319375999125967,1.2323475573339236e-16
1740.0,0.0795,0.034295616443671406,4.440892098500626e-16,0.026370068107994766,1.2323475573339236e-16
1740.0,0.0805,0.03894491139061529,4.440892098500626e-16,0.029945519340277935,1.2323475573339236e-16
1740.0,0.0815,0.04417188198965505,4.440892098500626e-16,0.03396536958017375,1.2323475573339236e-16
1740.0,0.0825,0.05004117685911069,4.440892098500626e-16,0.03847938956039304,1.2323475573339236e-16
1740.0,0.0835,0.056623789928210044,4.440892098500626e-16,0.04354224428369879,1.2323475573339236e-16
1740.0,0.0845,0.06399758071171391,4.440892098500626e-16,0.049213896566499396,1.2323475573339236e-16
1740.0,0.0855,0.07224782569113586,4.440892098500626e-16,0.05556003525412709,1.1407541578023482e-16
1740.0,0.0865,0.08146780109541396,4.440892098500626e-16,0.06265252848580283,1.1407541578023482e-16
1740.0,0.0875,0.09175939704073244,4.440892098500626e-16,0.0705699021632907,4.440892098500511e-18
1740.0,0.0885,0.10323376257844075,8.881784197001252e-16,0.07939784350217409,-2.8130275886439903e-16
1740.0,0.0895,0.11601198072247598,2.6645352591003757e-15,0.08922972921930462,-1.421640583032513e-15
1740.0,0.0905,0.13022577195835083,1.1102230246251565e-14,0.10016717753381081,-5.8487936716034034e-15
1740.0,0.0915,0.1460182241000325,4.1300296516055823e-14,0.11232062273989221,-2.650671349080369e-14
1740.0,0.0925,0.1635445456532807,1.674216321134736e-13,0.125809910652089,-1.1334322369549454e-13
1740.0,0.0935,0.18297283907617157,6.883382752675971e-13,0.14076491274273215,-4.74882494438944e-13
1740.0,0.0945,0.20448488951842592,2.7760016507727414e-12,0.157326156296813,-1.938834370829312e-12
1740.0,0.0955,0.2282769637707247,1.0934808614138092e-11,0.17564546741767575,-7.710354438250634e-12
1740.0,0.0965,0.25456061328935675,4.1944225870338414e-11,0.1958866232368671,-2.9839263698816513e-11
1740.0,0.0975,0.2835634742693287,1.5646861584173166e-10,0.21822600922697732,-1.1228816251818152e-10
1740.0,0.0985,0.31553005684583013,5.671614289326499e-10,0.2428532770978642,-4.106172304951805e-10
1740.0,0.0995,0.3507225146113342,1.99618588325734e-09,0.2699719983992811,-1.4581661890444855e-09
1740.0,0.1005,0.38942138480013,6.817082010002196e-09,0.29980030871109503,-5.0249915815869795e-09
1740.0,0.1015,0.4319262888139406,2.2572743674231788e-08,0.33257153728454986,-1.6792052217468045e-08
1740.0,0.1025,0.47855658245765653,7.241586486017582e-08,0.3685348174208031,-5.437298948085534e-08
1740.0,0.1035,0.529651945695548,2.2491220885711982e-07,0.4079556740979384,-1.7046476046583825e-07
1740.0,0.1045,0.5855729035454829,6.757409600766096e-07,0.4511165879707436,-5.170226512457576e-07
1740.0,0.1055,0.6467012737995788,1.962392378374034e-06,0.4983175397282551,-1.515831655074934e-06
1740.0,0.1065,0.7134405448784378,5.503943347751061e-06,0.5498765471073648,-4.292339472749679e-06
1740.0,0.1075,0.7862161999698856,1.4896487979143558e-05,0.606130220225043,-1.172918726174324e-05
1740.0,0.1085,0.8654760238009089,3.8873384446969084e-05,0.6674343813537836,-3.0902775810036645e-05
1740.0,0.1095,0.9516904585428279,9.772739280711207e-05,0.7341648253520943,-7.843436229638818e-05
1740.0,0.1105,1.0453531184331837,0.0002364922628510513,0.8067183396620626,-0.00019161108798615737
1740.0,0.1115,1.146981631857841,0.0005504336502539786,0.885514161338057,-0.0004501675695166811
1740.0,0.1125,1.257119057354771,0.0012312555363807043,0.9709961257867314,-0.0010162869016068497
1740.0,0.1135,1.3763362165033755,0.0026450971078180174,1.0636358586107462,-0.0022030388033741047
1740.0,0.1145,1.5052353967624867,0.005454078825823938,1.163937474135419,-0.0045825504900537314
1740.0,0.1155,1.6444559860792083,0.010789045328200686,1.272444358757538,-0.009142125854648036
1740.0,0.1165,1.7946826788764838,0.02046933260119621,1.3897487073213972,-0.01748646909284836
1740.0,0.1175,1.9566568930080734,0.03724503717144989,1.5165045030108142,-0.03206609917236146
1740.0,0.1185,2.1311918991235643,0.06501261517859946,1.6534445293190774,-0.0563896510999039
1740.0,0.1195,2.319191828393457,0.10893678415109287,1.8014017202461212,-0.09516154282346563
1740.0,0.1205,2.5216741598096633,0.17541702904873535,1.9613346603712383,-0.15429280224299138
1740.0,0.1215,2.7397945224745968,0.2718826691282561,2.134356363694794,-0.24078062547973894
1740.0,0.1225,2.9748717947166483,0.40650391259856633,2.3217646926824553,-0.3625663514085722
1740.0,0.1235,3.228410738055061,0.588111186464938,2.525072110818055,-0.528736478802663
1740.0,0.1245,3.502119010990441,0.8271371381898316,2.746032122933208,-0.7512204948961093
1740.0,0.125,3.6500172916406655,0.9748887955517223,2.866346040804319,-0.8913553029737442
1800.0,0.0,6.34914272268361e-08,8.881784197001252e-16,4.880736298673583e-08,2.0039525594484087e-16
1800.0,0.0005,6.404684427252505e-08,4.440892098500626e-16,4.9234315078194866e-08,1.4183099139586373e-16
1800.0,0.0015,6.737911917298334e-08,4.440892098500626e-16,5.17959793100431e-08,1.4183099139586373e-16
1800.0,0.0025,7.419765779559384e-08,4.440892098500626e-16,5.703746328578063e-08,1.4183099139586373e-16
1800.0,0.0035,8.481561053486075e-08,4.440892098500626e-16,6.519984019348612e-08,1.4183099139586373e-16
1800.0,0.0045,9.971921599571942e-08,4.440892098500626e-16,7.665662028699671e-08,1.4183099139586373e-16
1800.0,0.0055,1.1958570667047752e-07,4.440892098500626e-16,9.19285900025102e-08,1.4183099139586373e-16
1800.0,0.0065,1.4531099168380024e-07,4.440892098500626e-16,1.1170428095397255e-07,1.4183099139586373e-16
1800.0,0.0075,1.7804370600060793e-07,4.440892098500626e-16,1.36866756577092e-07,1.4183099139586373e-16
1800.0,0.0085,2.1922977566646296e-07,4.440892098500626e-16,1.685276654583845e-07,1.4183099139586373e-16
1800.0,0.0095,2.706680106712156e-07,4.440892098500626e-16,2.0806960712604905e-07,1.4183099139586373e-16
1800.0,0.0105,3.3457666859249e-07,4.440892098500626e-16,2.5719805400115094e-07,1.4183099139586373e-16
1800.0,0.0115,4.1367695757799083e-07,4.440892098500626e-16,3.1800468608622623e-07,1.4183099139586373e-16
1800.0,0.0125,5.112915459903888e-07,4.440892098500626e-16,3.930437849675172e-07,1.4183099139586373e-16
1800.0,0.0135,6.31464672551374e-07,4.440892098500626e-16,4.854242192209312e-07,1.4183099139586373e-16
1800.0,0.0145,7.791051075400901e-07,4.440892098500626e-16,5.989196535338692e-07,1.4183099139586373e-16
1800.0,0.0155,9.60157763074676e-07,4.440892098500626e-16,7.381000549244732e-07,1.4183099139586373e-16
1800.0,0.0165,1.1818074767688813e-06,4.440892098500626e-16,9.08488580577682e-07,1.4183099139586373e-16
1800.0,0.0175,1.4527211646964133e-06,4.440892098500626e-16,1.1167478372797746e-06,1.4183099139586373e-16
1800.0,0.0185,1.783335449090373e-06,4.440892098500626e-16,1.3709008104711983e-06,1.4183099139586373e-16
1800.0,0.0195,2.1861970367353933e-06,4.440892098500626e-16,1.6805924920149098e-06,1.4183099139586373e-16
1800.0,0.0205,2.67636437456531e-06,4.440892098500626e-16,2.0573987814387352e-06,1.4183099139586373e-16
1800.0,0.0215,3.2718813827159465e-06,4.440892098500626e-16,2.5151907692944066e-06,1.4183099139586373e-16
1800.0,0.0225,3.99433611164568e-06,4.440892098500626e-16,3.0705637359673685e-06,1.4183099139586373e-16
1800.0,0.0235,4.86951535094704e-06,4.440892098500626e-16,3.7433410055598416e-06,1.4183099139586373e-16
1800.0,0.0245,5.92817411870783e-06,4.440892098500626e-16,4.557164994523078e-06,1.4183099139586373e-16
1800.0,0.0255,7.206935947579041e-06,4.440892098500626e-16,5.5401895463802465e-06,1.4183099139586373e-16
1800.0,0.0265,8.74934551120532e-06,4.440892098500626e-16,6.7258890067023466e-06,1.4183099139586373e-16
1800.0,0.0275,1.060709701050655e-05,4.440892098500626e-16,8.154002518629967e-06,1.4183099139586373e-16
1800.0,0.0285,1.2841464922530577e-05,4.440892098500626e-16,9.871634174203335e-06,1.4183099139586373e-16
1800.0,0.0295,1.5524968659974547e-05,4.440892098500626e-16,1.1934532470938565e-05,1.4183099139586373e-16
1800.0,0.0305,1.8743305076895922e-05,4.440892098500626e-16,1.4408575717332897e-05,1.4183099139586373e-16
1800.0,0.0315,2.25975875309814e-05,4.440892098500626e-16,1.737149394628545e-05,1.4183099139586373e-16
1800.0,0.0325,2.720693805713381e-05,4.440892098500626e-16,2.0914861172940393e-05,1.4183099139586373e-16
1800.0,0.0335,3.271148102612642e-05,4.440892098500626e-16,2.5146396747608436e-05,1.4183099139586373e-16
1800.0,0.0345,3.9275794676996156e-05,4.440892098500626e-16,3.0192619158313505e-05,1.4183099139586373e-16
1800.0,0.0355,4.709288594995087e-05,4.440892098500626e-16,3.62019012822401e-05,1.4183099139586373e-16
1800.0,0.0365,5.638875722979719e-05,4.440892098500626e-16,4.3347981354031624e-05,1.4183099139586373e-16
1800.0,0.0375,6.74276460586043e-05,4.440892098500626e-16,5.1833991251015735e-05,1.4183099139586373e-16
1800.0,0.0385,8.051802649333695e-05,4.440892098500626e-16,6.189707002384637e-05,1.4183099139586373e-16
1800.0,0.0395,9.601947164128433e-05,4.440892098500626e-16,7.381363906628023e-05,1.4183099139586373e-16
1800.0,0.0405,0.00011435048429575545,4.440892098500626e-16,8.790542326600815e-05,1.4183099139586373e-16
1800.0,0.0415,0.0001359974224897087,4.440892098500626e-16,0.00010454631196747499,1.4183099139586373e-16
1800.0,0.0425,0.00016152465076402223,4.440892098500626e-16,0.00012417016350156016,1.4183099139586373e-16
1800.0,0.0435,0.00019158606892233365,4.440892098500626e-16,0.00014727966811744155,1.4183099139586373e-16
1800.0,0.0445,0.00022693818027619272,4.440892098500626e-16,0.00017445639544547476,1.4183099139586373e-16
1800.0,0.0455,0.0002684548828710831,4.440892098500626e-16,0.0002063721653528816,1.4183099139586373e-16
1800.0,0.0465,0.0003171441786662399,4.440892098500626e-16,0.00024380189486500114,1.4183099139586373e-16
1800.0,0.0475,0.00037416702070913743,4.440892098500626e-16,0.00028763808778059285,1.4183099139586373e-16
1800.0,0.0485,0.0004408585326132197,4.440892098500626e-16,0.00033890714918804576,1.4183099139586373e-16
1800.0,0.0495,0.0005187518603406716,4.440892098500626e-16,0.0003987877238781224,1.4183099139586373e-16
1800.0,0.0505,0.0006096049369830325,4.440892098500626e-16,0.0004686312741027621,1.4183099139586373e-16
1800.0,0.0515,0.0007154304641403542,4.440892098500626e-16,0.0005499851316043092,1.4183099139586373e-16
1800.0,0.0525,0.0008385294411255018,4.440892098500626e-16,0.0006446182775992782,1.4183099139586373e-16
1800.0,0.0535,0.0009815285976060295,4.440892098500626e-16,0.0007545501244828046,1.4183099139586373e-16
1800.0,0.0545,0.0011474221134903928,4.440892098500626e-16,0.0008820825953530331,1.4183099139586373e-16
1800.0,0.0555,0.0013396180406743952,4.440892098500626e-16,0.0010298358186330602,1.4183099139586373e-16
1800.0,0.0565,0.0015619898665590881,4.440892098500626e-16,0.001200787779096224,1.4183099139586373e-16
1800.0,0.0575,0.0018189336974501202,4.440892098500626e-16,0.0013983182904452108,1.4183099139586373e-16
1800.0,0.0585,0.002115431565016479,4.440892098500626e-16,0.0016262576792278694,1.4183099139586373e-16
1800.0,0.0595,0.002457121398037998,4.440892098500626e-16,0.0018889405962327287,1.4183099139586373e-16
1800.0,0.0605,0.0028503742326506654,4.440892098500626e-16,0.0021912653973257083,1.4183099139586373e-16
1800.0,0.0615,0.0033023792688595677,4.440892098500626e-16,0.0025387595630317603,1.4183099139586373e-16
1800.0,0.0625,0.0038212374206523236,4.440892098500626e-16,0.002937651654010871,1.4183099139586373e-16
1800.0,0.0635,0.004416064037229717,4.440892098500626e-16,0.0033949503269396783,1.4183099139586373e-16
1800.0,0.0645,0.005097101513797497,4.440892098500626e-16,0.003918530964673365,1.4183099139586373e-16
1800.0,0.0655,0.005875842547027332,4.440892098500626e-16,0.0045172305021920775,1.4183099139586373e-16
1800.0,0.0665,0.006765164821558756,4.440892098500626e-16,0.005200951058997063,1.4183099139586373e-16
1800.0,0.0675,0.0077794779564897,4.440892098500626e-16,0.005980773017107311,1.4183099139586373e-16
1800.0,0.0685,0.00893488357314709,4.440892098500626e-16,0.006869078211125732,1.4183099139586373e-16
1800.0,0.0695,0.0102493493776592,4.440892098500626e-16,0.007879683925117505,1.4183099139586373e-16
1800.0,0.0705,0.011742898187435458,4.440892098500626e-16,0.009027988416083554,1.4183099139586373e-16
1800.0,0.0715,0.013437812859478981,4.440892098500626e-16,0.01033112870919819,1.4183099139586373e-16
1800.0,0.0725,0.015358858103809325,4.440892098500626e-16,0.011808151431599967,1.4183099139586373e-16
1800.0,0.0735,0.017533520188919738,4.440892098500626e-16,0.013480197471414606,1.4183099139586373e-16
1800.0,0.0745,0.019992265561825207,4.440892098500626e-16,0.015370701262924133,1.4183099139586373e-16
1800.0,0.0755,0.022768819414181962,4.440892098500626e-16,0.017505605509938214,1.4183099139586373e-16
1800.0,0.0765,0.025900465226300184,4.440892098500626e-16,0.01991359216196457,1.4183099139586373e-16
1800.0,0.0775,0.02942836630415968,4.440892098500626e-16,0.022626330452577115,1.4183099139586373e-16
1800.0,0.0785,0.03339791030577999,4.440892098500626e-16,0.025678742794613536,1.4183099139586373e-16
1800.0,0.0795,0.037859077695145515,4.440892098500626e-16,0.02910928929699004,1.4183099139586373e-16
1800.0,0.0805,0.042866835006179826,4.440892098500626e-16,0.03296027162506768,1.4183099139586373e-16
1800.0,0.0815,0.04848155369847973,4.440892098500626e-16,0.03727815686366111,1.4183099139586373e-16
1800.0,0.0825,0.05476945526356758,4.440892098500626e-16,0.04211392195834865,1.4183099139586373e-16
1800.0,0.0835,0.06180308308540816,4.440892098500626e-16,0.04752341920320123,1.4183099139586373e-16
1800.0,0.0845,0.06966180135850664,4.440892098500626e-16,0.05356776310883556,1.4183099139586373e-16
1800.0,0.0855,0.07843232112708165,4.440892098500626e-16,0.06031373882115634,1.140754157802348e-16
1800.0,0.0865,0.0882092532268075,4.440892098500626e-16,0.06783423206820587,3.871902798380227e-17
1800.0,0.0875,0.09909568757410625,8.881784197001252e-16,0.07620868038697537,-1.2614909117303358e-16
1800.0,0.0885,0.11120379787035972,1.3322676295501878e-15,0.0855235451291373,-6.240841177174163e-16
1800.0,0.0895,0.12465547035799318,5.329070518200751e-15,0.09587280346240473,-2.811639809863209e-15
1800.0,0.0905,0.13958295480051675,2.042810365310288e-14,0.10735845928288626,-1.2499445922742324e-14
1800.0,0.0915,0.156129535355376,8.304468224196171e-14,0.12009107163988247,-5.3361620677705454e-14
1800.0,0.0925,0.17445021848703846,3.326228181776969e-13,0.13419029896454615,-2.2444088254580658e-13
1800.0,0.0935,0.19471243455672038,1.3313794511304877e-12,0.14978545711044491,-9.135665834936191e-13
1800.0,0.0945,0.21709674925074296,5.226485910725387e-12,0.16701608899370624,-3.6250684398719815e-12
1800.0,0.0955,0.24179758063394274,2.000399845769607e-11,0.1860325435138405,-1.4005819004569988e-11
1800.0,0.0965,0.26902391742095233,7.456035788777626e-11,0.2069965615249492,-5.267361422034433e-11
1800.0,0.0975,0.299000034165374,2.703295365336089e-10,0.23008186702197034,-1.926802334351052e-10
1800.0,0.0985,0.3319661996490595,9.526179844954186e-10,0.2554747625705676,-6.851282828568283e-10
1800.0,0.0995,0.36817937604837425,3.2605576016919713e-09,0.283374729565055,-2.3665237713910157e-09
1800.0,0.1005,0.4079139087832573,1.0832204466737494e-08,0.3139950364403976,-7.935173587381162e-09
1800.0,0.1015,0.4514622107087689,3.490520050775103e-08,0.34756336187273057,-2.581077431673684e-08
1800.0,0.1025,0.49913544998730686,1.0901831304366283e-07,0.3843224457291845,-8.138190637232978e-08
1800.0,0.1035,0.5512642590813925,3.29780470487151e-07,0.42453078857911836,-2.4854855298919734e-07
1800.0,0.1045,0.6081994933503552,9.654716137674768e-07,0.4684634314391869,-7.347122622365643e-07
1800.0,0.1055,0.6703130819874445,2.733442296065647e-06,0.5164128614248452,-2.1004130356808152e-06
1800.0,0.1065,0.7379990313686449,7.4782139574125495e-06,0.5686901060641354,-5.802643926650781e-06
1800.0,0.1075,0.8116746602894978,1.9754310955910626e-05,0.6256260983854305,-1.5478492876505878e-05
1800.0,0.1085,0.8917821656056049,5.034534157433157e-05,0.6875734144293859,-3.98343847903293e-05
1800.0,0.1095,0.9787906309420578,0.0001236942193134638,0.7549085005364365,-9.882338149648922e-05
1800.0,0.1105,1.0731985930195265,0.0002927503665377529,0.8280345130094,-0.00023614739585550075
1800.0,0.1115,1.1755372592532467,0.0006669296564183469,0.9073848779844483,-0.0005431100679632156
1800.0,0.1125,1.2863744135537445,0.0014614791260445514,0.993427632552876,-0.0012012971956858473
1800.0,0.1135,1.4063189414579256,0.003078645886283482,1.0866705170608715,-0.002553733172560358
1800.0,0.1145,1.5360257424489419,0.006230869183718291,1.1876666450405087,-0.005214465879949997
1800.0,0.1155,1.6762005807751166,0.012111190236647307,1.2970203848177004,-0.010222602912067509
1800.0,0.1165,1.8276041822511502,0.022603907197182416,1.4153928689747048,-0.019236389608703903
1800.0,0.1175,1.991054668244658,0.04050921525743201,1.5435063546671872,-0.034745749880891165
1800.0,0.1185,2.167427311810229,0.06973394081964956,1.6821465652920586,-0.06026205974235224
1800.0,0.1195,2.357650699382077,0.1153870970710007,1.8321622398327024,-0.10043188978584014
1800.0,0.1205,2.5626987590117665,0.18372833045884596,1.9944614698611436,-0.16103164503677841
1800.0,0.1215,2.783578783791313,0.2819639022083238,2.170005026976881,-0.2488489268794946
1800.0,0.1225,3.02131644715962,0.41798446491483165,2.3597976941356915,-0.37156755104317357
1800.0,0.1235,3.276939677213363,0.6003360430506031,2.564879432175523,-0.5380231928442889
1800.0,0.1245,3.5514638638608176,0.8392309786115009,2.7863187963517957,-0.759993367950429
1800.0,0.125,3.698672416117404,0.9863754562123477,2.9057649729312147,-0.8993918370123695
