case_id,dimension,time_s,dt_s,rk_stage,T_K,Cmax_kg_kg,r_m,z_m,R_m,rho,cp,k,D
q1_1d_adaptive_nr160_nz1_dt0.125_m26b01dc00898_half_steps,1,1800.0,0.010608346201479435,accepted_state,306.7252910133367,2.549992270836059,0.0,0.0,0.02,820.0,2600.0,0.36,4.937649870645039e-09
q1_1d_adaptive_nr160_nz1_dt0.25_m26b01dc00898,1,1800.0,0.02121669240295887,accepted_state,306.7252910133418,2.549992270836312,0.0,0.0,0.02,820.0,2600.0,0.36,4.93764987064521e-09
q1_1d_adaptive_nr40_nz1_dt0.25_mcecd4275aca0,1,1800.0,0.25,accepted_state,306.72448471282735,2.5499901908781264,0.0,0.0,0.02,820.0,2600.0,0.36,4.937648464961972e-09
q1_1d_adaptive_nr80_nz1_dt0.25_m2fb9c46fbeef,1,1800.0,0.0703125,accepted_state,306.7251296558727,2.549991866754662,0.0,0.0,0.02,820.0,2600.0,0.36,4.937649597557752e-09
q1_1d_nr40_nz1_dt0.125_half_steps,1,1800.0,,accepted_state,,2.5499901324106693,0.0,0.0,0.02,820.0,2600.0,0.36,4.937648425448302e-09
q1_1d_nr40_nz1_dt0.25,1,1800.0,,accepted_state,,2.549990132410681,0.0,0.0,0.02,820.0,2600.0,0.36,4.9376484254483105e-09
q1_1d_nr80_nz1_dt0.25_radial_refinement,1,1800.0,,accepted_state,,2.5499918558313523,0.0,0.0,0.02,820.0,2600.0,0.36,4.937649590175533e-09
q1_1d_uniform_nr40_nz1_dt0.25_m4e31807a5f2e_uniform_regression,1,1800.0,0.25,accepted_state,306.72472127889273,2.549990132410681,0.0,0.0,0.02,820.0,2600.0,0.36,4.9376484254483105e-09
q1_2d_adaptive_nr40_nz125_dt0.125_md810aa408542_half_steps,2,1800.0,0.125,accepted_state,306.7244847763195,2.5499901908781273,0.0,0.0,0.02,820.0,2600.0,0.36,4.937648464961973e-09
q1_2d_adaptive_nr40_nz125_dt0.25_md810aa408542,2,1800.0,0.25,accepted_state,306.72448477692797,2.5499901908781264,0.0,0.0005231494912409765,0.02,820.0,2600.0,0.36,4.937648464961972e-09
q1_2d_adaptive_nr40_nz250_dt0.25_m86bafdbf4d10_axial_verification,2,1800.0,0.125,accepted_state,306.72448477373655,2.5499901908781273,0.0,0.0,0.02,820.0,2600.0,0.36,4.937648464961973e-09
q1_2d_adaptive_nr80_nz125_dt0.25_m0663d58bba57_radial_verification,2,1800.0,0.0703125,accepted_state,306.72512971996184,2.549991866754662,0.0,0.0005231494912409765,0.02,820.0,2600.0,0.36,4.937649597557752e-09
q1_2d_nr40_nz125_dt0.125_half_steps,2,1800.0,,accepted_state,,2.5499901324106693,0.0,0.0005,0.02,820.0,2600.0,0.36,4.937648425448302e-09
q1_2d_nr40_nz125_dt0.25,2,1800.0,,accepted_state,,2.549990132410681,0.0,0.0,0.02,820.0,2600.0,0.36,4.9376484254483105e-09
q1_2d_nr40_nz250_dt0.25_axial_refinement,2,1800.0,,accepted_state,,2.549990132410681,0.0,0.0,0.02,820.0,2600.0,0.36,4.9376484254483105e-09
q1_2d_nr80_nz125_dt0.25_radial_refinement,2,1800.0,,accepted_state,,2.5499918558313603,0.0,0.0,0.02,820.0,2600.0,0.36,4.937649590175538e-09
q23_1d_adaptive_nr160_nz1_dt0.125_m94a220bc5006_half_steps,1,3600.0,0.0146484375,accepted_state,313.53150427924277,2.5257259146668005,0.0,0.0,0.02,973.2929170773505,3409.989593570388,0.48222077688477605,9.331025566210065e-09
q23_1d_adaptive_nr160_nz1_dt0.125_m94a220bc5006_half_steps,1,7200.0,0.0146484375,accepted_state,321.60020852538787,2.170859760045132,0.0,0.0,0.02,927.8700492857769,3323.142539548625,0.47015868604842004,1.2333299493169993e-08
q23_1d_adaptive_nr160_nz1_dt0.125_m94a220bc5006_half_steps,1,10800.0,0.0146484375,accepted_state,322.99949138949114,1.766190658962199,0.0,0.0,0.02,876.0724043471614,3196.9141641644924,0.4526269672450684,1.2387281393891838e-08
q23_1d_adaptive_nr160_nz1_dt0.125_m94a220bc5006_half_steps,1,14400.0,0.0146484375,accepted_state,323.1493896460682,1.4536188698479067,0.0,0.0,0.02,836.063215340532,3070.912390582651,0.4351267209142571,1.1791898726058846e-08
q23_1d_adaptive_nr160_nz1_dt0.125_m94a220bc5006_half_steps,1,18000.0,0.0146484375,accepted_state,323.1485677883974,1.2098500697649353,0.0,0.0,0.02,804.8608089299117,2947.9069558456367,0.41804263275633846,1.1078516008931834e-08
q23_1d_adaptive_nr160_nz1_dt0.125_m94a220bc5006_half_steps,1,21600.0,0.0146484375,accepted_state,323.14891852554905,1.0169788839446516,0.0,0.0,0.02,780.1732971449154,2829.5157939536075,0.4015994158268899,1.0324095374210778e-08
q23_1d_adaptive_nr160_nz1_dt0.125_m94a220bc5006_half_steps,1,25200.0,0.0146484375,accepted_state,323.1489338479613,0.8637829600231016,0.0,0.0,0.02,760.564218882957,2718.017912661844,0.38611359898081166,9.544871045077003e-09
q23_1d_adaptive_nr160_nz1_dt0.125_m94a220bc5006_half_steps,1,28800.0,0.0146484375,accepted_state,323.14893440757714,0.7419681167386012,0.0,0.0,0.02,744.9719189425409,2615.3627571539746,0.37185593849360754,8.762428614047226e-09
q23_1d_adaptive_nr160_nz1_dt0.125_m94a220bc5006_half_steps,1,32400.0,0.0146484375,accepted_state,323.1489344221621,0.6450084675420066,0.0,0.0,0.02,732.5610838453769,2522.78667679555,0.3589981495549375,7.998891022083932e-09
q23_1d_adaptive_nr160_nz1_dt0.125_m94a220bc5006_half_steps,1,36000.0,0.0146484375,accepted_state,323.1489344222865,0.5676928425495814,0.0,0.0,0.02,722.6646838463464,2440.7601636361564,0.34760557828279953,7.273851924327898e-09
q23_1d_adaptive_nr160_nz1_dt0.125_m94a220bc5006_half_steps,1,39600.0,0.0146484375,accepted_state,323.14893442239537,0.5058509951076007,0.0,0.0,0.02,714.7489273737729,2369.087165404105,0.33765099519501457,6.602036376234887e-09
q23_1d_adaptive_nr160_nz1_dt0.125_m94a220bc5006_half_steps,1,43200.0,0.0146484375,accepted_state,323.148934422509,0.4561541836978193,0.0,0.0,0.02,708.3877355133209,2307.0780900604314,0.32903862361950437,5.992205999065226e-09
q23_1d_adaptive_nr160_nz1_dt0.125_m94a220bc5006_half_steps,1,46800.0,0.0146484375,accepted_state,323.14893442260296,0.41595998879635476,0.0,0.0,0.02,703.2428785659334,2253.7420113221187,0.32163083490584976,5.447372316127951e-09
q23_1d_adaptive_nr160_nz1_dt0.125_m94a220bc5006_half_steps,1,50400.0,0.0146484375,accepted_state,323.1489344226897,0.3831866991069862,0.0,0.0,0.02,699.0478974856942,2207.9590010759807,0.3152720834827751,4.965956384455572e-09
q23_1d_adaptive_nr160_nz1_dt0.125_m94a220bc5006_half_steps,1,54000.0,0.0146484375,accepted_state,323.14893442275536,0.35620853299591376,0.0,0.0,0.02,695.594692223477,2168.611129900446,0.30980710137506196,4.543343650410078e-09
q23_1d_adaptive_nr160_nz1_dt0.125_m94a220bc5006_half_steps,1,57600.0,0.0146484375,accepted_state,323.14893442280993,0.33376665704085473,0.0,0.0,0.02,692.7221321012294,2134.666668523418,0.30509259285047474,4.173357434839984e-09
q23_1d_adaptive_nr160_nz1_dt0.125_m94a220bc5006_half_steps,1,61200.0,0.0146484375,accepted_state,323.148934422851,0.31489328262765387,0.0,0.0,0.02,690.3063401763397,2105.2227718036265,0.3010031627505037,3.849381930680085e-09
q23_1d_adaptive_nr160_nz1_dt0.125_m94a220bc5006_half_steps,1,64800.0,0.0146484375,accepted_state,323.1489344228911,0.2988475453428937,0.0,0.0,0.02,688.2524858038904,2079.517210845788,0.29743294595080394,3.565069950105919e-09
q23_1d_adaptive_nr160_nz1_dt0.125_m94a220bc5006_half_steps,1,68400.0,0.0146484375,accepted_state,323.14893442292447,0.28506261003888955,0.0,0.0,0.02,686.4880140849779,2056.9208573758124,0.29429456352441835,3.314701568331738e-09
q23_1d_adaptive_nr160_nz1_dt0.125_m94a220bc5006_half_steps,1,72000.0,0.0146484375,accepted_state,323.1489344229548,0.27310341979270636,0.0,0.0,0.02,684.9572377334664,2036.9208619944716,0.291516786388121,3.093306937504279e-09
q23_1d_adaptive_nr160_nz1_dt0.125_m94a220bc5006_half_steps,1,75600.0,0.0146484375,accepted_state,323.14893442298046,0.2626339962576462,0.0,0.0,0.02,683.6171515209787,2019.1012723328363,0.28904184337956057,2.896656342317033e-09
q23_1d_adaptive_nr160_nz1_dt0.125_m94a220bc5006_half_steps,1,79200.0,0.0146484375,accepted_state,323.1489344230048,0.2533927402901561,0.0,0.0,0.02,682.43427075714,2003.1247430660678,0.2868228809813983,2.721188764198235e-09
q23_1d_adaptive_nr160_nz1_dt0.125_m94a220bc5006_half_steps,1,82800.0,0.0146484375,accepted_state,323.14893442302866,0.24517405378767532,0.0,0.0,0.02,681.3822788848224,1988.7168236621983,0.2848217810641942,2.5639201838528186e-09
q23_1d_adaptive_nr160_nz1_dt0.125_m94a220bc5006_half_steps,1,86400.0,0.0146484375,accepted_state,323.14893442305134,0.23781475704432534,0.0,0.0,0.02,680.4402889016736,1975.653108892427,0.28300737623505934,2.4223522811002613e-09
q23_1d_adaptive_nr160_nz1_dt0.125_m94a220bc5006_half_steps,1,90000.0,0.0146484375,accepted_state,323.1489344230718,0.23118405584368287,0.0,0.0,0.02,679.5915591479915,1963.7489994173739,0.28135402769685747,2.2943903183669256e-09
q23_1d_adaptive_nr160_nz1_dt0.125_m94a220bc5006_half_steps,1,93600.0,0.0146484375,accepted_state,323.1489344230913,0.22517610347984232,0.0,0.0,0.02,678.8225412454199,1952.8516450582117,0.279840506258085,2.17827288797705e-09
q23_1d_adaptive_nr160_nz1_dt0.125_m94a220bc5006_half_steps,1,97200.0,0.0146484375,accepted_state,323.14893442310995,0.21970445173271885,0.0,0.0,0.02,678.122169821788,1942.833636121256,0.2784491161279522,2.072513374891089e-09
q23_1d_adaptive_nr160_nz1_dt0.125_m94a220bc5006_half_steps,1,100800.0,0.0146484375,accepted_state,323.148934423127,0.2146978785171759,0.0,0.0,0.02,677.4813284501985,1933.5880641695608,0.277165008912439,1.975851855842447e-09
q23_1d_adaptive_nr160_nz1_dt0.125_m94a220bc5006_half_steps,1,104400.0,0.0146484375,accepted_state,323.1489344231445,0.21009722345571732,0.0,0.0,0.02,676.8924446023318,1925.024644493681,0.2759756450685668,1.8872158422889855e-09
q23_1d_adaptive_nr160_nz1_dt0.125_m94a220bc5006_half_steps,1,108000.0,0.0146484375,accepted_state,323.1489344231616,0.20585296629819216,0.0,0.0,0.02,676.3491796861686,1917.066658649806,0.2748703692569175,1.8056883223134328e-09
q23_1d_adaptive_nr160_nz1_dt0.125_m94a220bc5006_half_steps,1,111600.0,0.0146484375,accepted_state,323.1489344231786,0.20192335710238163,0.0,0.0,0.02,675.8461897091048,1909.6485306384277,0.27384007369978164,1.7304817418315498e-09
q23_1d_adaptive_nr160_nz1_dt0.125_m94a220bc5006_half_steps,1,115200.0,0.0146484375,accepted_state,323.14893442319567,0.1982729596881157,0.0,0.0,0.02,675.3789388400788,1902.7138940428722,0.2728769297281767,1.6609167841984834e-09
q23_1d_adaptive_nr160_nz1_dt0.125_m94a220bc5006_half_steps,1,118800.0,0.0146484375,accepted_state,323.14893442321295,0.19487150730752642,0.0,0.0,0.02,674.9435529353634,1896.214041202482,0.2719741723892336,1.5964050149783267e-09
q23_1d_adaptive_nr160_nz1_dt0.125_m94a220bc5006_half_steps,1,122400.0,0.0146484375,accepted_state,323.1489344232301,0.19169299621743544,0.0,0.0,0.02,674.5367035158317,1890.1066711943724,0.27112592655477397,1.5364346390714755e-09
q23_1d_adaptive_nr160_nz1_dt0.125_m94a220bc5006_half_steps,1,126000.0,0.0146484375,accepted_state,323.14893442324717,0.1887149620607968,0.0,0.0,0.02,674.1555151437819,1884.3548728479223,0.27032706567332254,1.4805587673454831e-09
q23_1d_adaptive_nr160_nz1_dt0.125_m94a220bc5006_half_steps,1,129600.0,0.0146484375,accepted_state,323.1489344232642,0.18591789787540017,0.0,0.0,0.02,673.7974909280513,1878.9262937159406,0.2695730963494362,1.428385711557919e-09
q23_1d_adaptive_nr160_nz1_dt0.125_m94a220bc5006_half_steps,1,133200.0,0.0146484375,accepted_state,323.14893442328133,0.18328478269263682,0.0,0.0,0.02,673.4604521846575,1873.7924570498872,0.268860063479151,1.379570923711524e-09
q23_1d_adaptive_nr160_nz1_dt0.125_m94a220bc5006_half_steps,1,136800.0,0.0146484375,accepted_state,323.14893442329776,0.1808006971458147,0.0,0.0,0.02,673.1424892346643,1868.928197270418,0.2681844718431136,1.333810273342213e-09
q23_1d_adaptive_nr160_nz1_dt0.125_m94a220bc5006_half_steps,1,140400.0,0.0146484375,accepted_state,323.14893442330975,0.1784525080316183,0.0,0.0,0.02,672.8419210280472,1864.311190859978,0.2675432209527747,1.2908344174979503e-09
q23_1d_adaptive_nr160_nz1_dt0.125_m94a220bc5006_half_steps,1,144000.0,0.0146484375,accepted_state,323.1489344233218,0.17622860789334804,0.0,0.0,0.02,672.5572618103486,1859.9215645330735,0.2669335506295935,1.2504040666355718e-09
q23_1d_adaptive_nr160_nz1_dt0.125_m94a220bc5006_half_steps,1,147600.0,0.0146484375,accepted_state,323.1489344233336,0.17411869879859487,0.0,0.0,0.02,672.2871934462202,1855.74156633432,0.2663529953242111,1.2123059880336846e-09
q23_1d_adaptive_nr160_nz1_dt0.125_m94a220bc5006_half_steps,1,151200.0,0.0146484375,accepted_state,323.14893442334505,0.17211361183744406,0.0,0.0,0.02,672.0305423151929,1851.7552882514897,0.2657993455904847,1.176349618761481e-09
q23_1d_adaptive_nr160_nz1_dt0.125_m94a220bc5006_half_steps,1,154800.0,0.0146484375,accepted_state,323.1489344233565,0.1702051556645919,0.0,0.0,0.02,671.7862599250677,1847.9484312166187,0.2652706154467526,1.1423641844424318e-09
q23_1d_adaptive_nr160_nz1_dt0.125_m94a220bc5006_half_steps,1,158400.0,0.0146484375,accepted_state,323.1489344233671,0.16838598879101596,0.0,0.0,0.02,671.55340656525,1844.3081051570398,0.2647650146051444,1.1101962393556926e-09
q23_1d_adaptive_nr160_nz1_dt0.125_m94a220bc5006_half_steps,1,162000.0,0.0146484375,accepted_state,323.14893442337734,0.16664951140120698,0.0,0.0,0.02,671.3311374593545,1840.8226581658434,0.26428092474525605,1.0797075588659632e-09
q23_1d_adaptive_nr160_nz1_dt0.125_m94a220bc5006_half_steps,1,165600.0,0.0146484375,accepted_state,323.1489344233876,0.16498977330601225,0.0,0.0,0.02,671.1186909831696,1837.4815299744914,0.2638168791631238,1.05077332757465e-09
q23_1d_adaptive_nr160_nz1_dt0.125_m94a220bc5006_half_steps,1,169200.0,0.0146484375,accepted_state,323.1489344233978,0.16340139529543873,0.0,0.0,0.02,670.9153785978161,1834.2751257959344,0.26337154524943535,1.023280576585958e-09
q23_1d_adaptive_nr160_nz1_dt0.125_m94a220bc5006_half_steps,1,172800.0,0.0146484375,accepted_state,323.1489344234081,0.1618795016715897,0.0,0.0,0.02,670.7205762139635,1831.194707313683,0.26294370934912265,9.971268313647237e-10
q23_1d_adaptive_nr160_nz1_dt0.125_m94a220bc5006_half_steps,1,176400.0,0.0146484375,accepted_state,323.1489344234178,0.16041966215167106,0.0,0.0,0.02,670.5337167554139,1828.2322981611158,0.26253226363348825,9.722189382347356e-10
q23_1d_adaptive_nr160_nz1_dt0.125_m94a220bc5006_half_steps,1,180000.0,0.0146484375,accepted_state,323.1489344234251,0.15901784165748378,0.0,0.0,0.02,670.3542837321579,1825.3806016934893,0.2621361946796513,9.484720429144939e-10
q23_1d_adaptive_nr160_nz1_dt0.125_m94a220bc5006_half_steps,1,183600.0,0.0146484375,accepted_state,323.14893442343237,0.1576703567699181,0.0,0.0,0.02,670.1818056665495,1822.6329292270477,0.26175457350375664,9.258086988666488e-10
q23_1d_adaptive_nr160_nz1_dt0.125_m94a220bc5006_half_steps,1,187200.0,0.0146484375,accepted_state,323.148934423441,0.15637383783825667,0.0,0.0,0.02,670.0158512432969,1819.9831372225428,0.2613865468364643,9.04158086831435e-10
q23_1d_adaptive_nr160_nz1_dt0.125_m94a220bc5006_half_steps,1,190800.0,0.0146484375,accepted_state,323.1489344234501,0.15512519590498133,0.0,0.0,0.02,669.8560250758376,1817.4255721376726,0.2610313294635656,8.834553298727037e-10
q23_1d_adaptive_nr160_nz1_dt0.125_m94a220bc5006_half_steps,1,194400.0,0.0146484375,accepted_state,323.1489344234578,0.15392159374634456,0.0,0.0,0.02,669.7019639995322,1814.9550218769643,0.2606881974829117,8.636408907175464e-10
q23_1d_adaptive_nr160_nz1_dt0.125_m94a220bc5006_half_steps,1,198000.0,0.0146484375,accepted_state,323.1489344234649,0.1527604204424265,0.0,0.0,0.02,669.5533338166306,1812.5666729345808,0.2603564823520251,8.446600401947071e-10
q23_1d_adaptive_nr160_nz1_dt0.125_m94a220bc5006_half_steps,1,201600.0,0.0146484375,accepted_state,323.1489344234719,0.15163926898418734,0.0,0.0,0.02,669.409826429976,1810.2560724650257,0.26003556562014246,8.264623872719701e-10
q23_1d_adaptive_nr160_nz1_dt0.125_m94a220bc5006_half_steps,1,205200.0,0.0146484375,accepted_state,323.1489344234792,0.15055591650176958,0.0,0.0,0.02,669.2711573122265,1808.0190946314674,0.25972487425437046,8.0900146259928e-10
q23_1d_adaptive_nr160_nz1_dt0.125_m94a220bc5006_half_steps,1,208800.0,0.0146484375,accepted_state,323.148934423486,0.14950830676226412,0.0,0.0,0.02,669.1370632655699,1805.8519106779743,0.259423876483052,7.922343486486393e-10
q23_1d_adaptive_nr160_nz1_dt0.125_m94a220bc5006_half_steps,1,212400.0,0.0146484375,accepted_state,323.14893442349313,0.14849453463810677,0.0,0.0,0.02,669.0073004336776,1803.7509622524067,0.259132078090612,7.761213505343887e-10
q23_1d_adaptive_nr160_nz1_dt0.125_m94a220bc5006_half_steps,1,216000.0,0.0146484375,accepted_state,323.1489344235,0.14751283229125994,0.0,0.0,0.02,668.8816425332813,1801.7129375738843,0.2588490191074839,7.606257024304431e-10
q23_1d_adaptive_nr160_nz1_dt0.125_m94a220bc5006_half_steps,1,219600.0,0.0146484375,accepted_state,323.14893442350694,0.14656155685557334,0.0,0.0,0.02,668.7598792775134,1799.7347500962478,0.25857427084670104,7.457133052127465e-10
q23_1d_adaptive_nr160_nz1_dt0.125_m94a220bc5006_half_steps,1,223200.0,0.0146484375,accepted_state,323.1489344235139,0.14563917943057864,0.0,0.0,0.02,668.6418149671141,1797.8135193666435,0.25830743324536715,7.313524915506953e-10
q23_1d_adaptive_nr160_nz1_dt0.125_m94a220bc5006_half_steps,1,226800.0,0.0146484375,accepted_state,323.1489344235207,0.1447442752261432,0.0,0.0,0.02,668.5272672289464,1795.9465538191876,0.25804813247488717,7.175138151808184e-10
q23_1d_adaptive_nr160_nz1_dt0.125_m94a220bc5006_half_steps,1,230400.0,0.0146484375,accepted_state,323.1489344235276,0.1438755147195706,0.0,0.0,0.02,668.416065884105,1794.1313352784282,0.2577960187886706,7.041698615303921e-10
q23_1d_adaptive_nr160_nz1_dt0.125_m94a220bc5006_half_steps,1,234000.0,0.0146484375,accepted_state,323.1489344235344,0.143031655705436,0.0,0.0,0.02,668.3080519302958,1792.3655049768117,0.2575507645801127,6.912950772283486e-10
q23_1d_adaptive_nr160_nz1_dt0.125_m94a220bc5006_half_steps,1,237600.0,0.0146484375,accepted_state,323.1489344235412,0.14221153613432336,0.0,0.0,0.02,668.2030766251934,1790.646850915496,0.2573120626271522,6.788656163573317e-10
q23_1d_adaptive_nr160_nz1_dt0.125_m94a220bc5006_half_steps,1,241200.0,0.0146484375,accepted_state,323.14893442354804,0.1414140676504438,0.0,0.0,0.02,668.1010006592568,1788.9732964199845,0.2570796245027756,6.668592015762169e-10
q23_1d_adaptive_nr160_nz1_dt0.125_m94a220bc5006_half_steps,1,244800.0,0.0146484375,accepted_state,323.1489344235548,0.14063822974924398,0.0,0.0,0.02,668.0016934079032,1787.3428897596411,0.2568531791332835,6.552549984693414e-10
q23_1d_adaptive_nr160_nz1_dt0.125_m94a220bc5006_half_steps,1,248400.0,0.0146484375,accepted_state,323.14893442356015,0.13988306448670534,0.0,0.0,0.02,667.9050322542982,1785.7537947175015,0.25663247148854185,6.440335016902602e-10
q23_1d_adaptive_nr160_nz1_dt0.125_m94a220bc5006_half_steps,1,252000.0,0.0146484375,accepted_state,323.1489344235653,0.1391476716801074,0.0,0.0,0.02,667.8109019750538,1784.204282009614,0.25641726139022414,6.331764316350995e-10
q23_1d_adaptive_nr160_nz1_dt0.125_m94a220bc5006_half_steps,1,255600.0,0.0146484375,accepted_state,323.1489344235695,0.13843120454755456,0.0,0.0,0.02,667.719194182087,1782.6927214654438,0.25620732242575606,6.22666640533687e-10
q23_1d_adaptive_nr160_nz1_dt0.125_m94a220bc5006_half_steps,1,259200.0,0.0146484375,accepted_state,323.1489344235729,0.1377328657400242,0.0,0.0,0.02,667.6298068147231,1781.2175748914462,0.2560024409571453,6.124880269798533e-10
q23_1d_adaptive_nr160_nz1_dt0.25_m94a220bc5006,1,3600.0,0.029296875,accepted_state,313.53150427925215,2.5257259146669058,0.0,0.0,0.02,973.2929170773639,3409.9895935704108,0.48222077688477927,9.331025566213564e-09
q23_1d_adaptive_nr160_nz1_dt0.25_m94a220bc5006,1,7200.0,0.029296875,accepted_state,321.6002085253903,2.1708597600451487,0.0,0.0,0.02,927.870049285779,3323.1425395486294,0.4701586860484207,1.2333299493171133e-08
q23_1d_adaptive_nr160_nz1_dt0.25_m94a220bc5006,1,10800.0,0.029296875,accepted_state,322.99949138949154,1.7661906589621064,0.0,0.0,0.02,876.0724043471496,3196.914164164459,0.4526269672450638,1.2387281393891838e-08
q23_1d_adaptive_nr160_nz1_dt0.25_m94a220bc5006,1,14400.0,0.029296875,accepted_state,323.1493896460695,1.4536188698478534,0.0,0.0,0.02,836.0632153405252,3070.9123905826264,0.43512672091425375,1.1791898726059286e-08
q23_1d_adaptive_nr160_nz1_dt0.25_m94a220bc5006,1,18000.0,0.029296875,accepted_state,323.1485677882837,1.2098500697652463,0.0,0.0,0.02,804.8608089299515,2947.9069558458114,0.41804263275636266,1.1078516008886473e-08
q23_1d_adaptive_nr160_nz1_dt0.25_m94a220bc5006,1,21600.0,0.029296875,accepted_state,323.1489185262167,1.0169788839419178,0.0,0.0,0.02,780.1732971445655,2829.5157939517685,0.40159941582663455,1.0324095374452617e-08
q23_1d_adaptive_nr160_nz1_dt0.25_m94a220bc5006,1,25200.0,0.029296875,accepted_state,323.1489338482635,0.863782960019821,0.0,0.0,0.02,760.564218882537,2718.0179126592598,0.3861135989804527,9.544871045164458e-09
q23_1d_adaptive_nr160_nz1_dt0.25_m94a220bc5006,1,28800.0,0.029296875,accepted_state,323.14893440812074,0.7419681167358361,0.0,0.0,0.02,744.971918942187,2615.3627571514817,0.37185593849326126,8.762428614203034e-09
q23_1d_adaptive_nr160_nz1_dt0.25_m94a220bc5006,1,32400.0,0.029296875,accepted_state,323.1489344245547,0.64500846753645,0.0,0.0,0.02,732.5610838446656,2522.7866767899322,0.3589981495541572,7.998891022741448e-09
q23_1d_adaptive_nr160_nz1_dt0.25_m94a220bc5006,1,36000.0,0.029296875,accepted_state,323.14893442460095,0.5676928425408172,0.0,0.0,0.02,722.6646838452245,2440.7601636264,0.34760557828144445,7.273851924859558e-09
q23_1d_adaptive_nr160_nz1_dt0.25_m94a220bc5006,1,39600.0,0.029296875,accepted_state,323.14893442462375,0.5058509950978074,0.0,0.0,0.02,714.7489273725193,2369.0871653922886,0.3376509951933734,6.602036376663589e-09
q23_1d_adaptive_nr160_nz1_dt0.25_m94a220bc5006,1,43200.0,0.029296875,accepted_state,323.14893442464665,0.456154183687906,0.0,0.0,0.02,708.387735512052,2307.07809004764,0.3290386236177278,5.992205999409015e-09
q23_1d_adaptive_nr160_nz1_dt0.25_m94a220bc5006,1,46800.0,0.029296875,accepted_state,323.14893442466257,0.4159599887867003,0.0,0.0,0.02,703.2428785646977,2253.742011308944,0.32163083490402,5.447372316404815e-09
q23_1d_adaptive_nr160_nz1_dt0.25_m94a220bc5006,1,50400.0,0.029296875,accepted_state,323.14893442467803,0.3831866990977494,0.0,0.0,0.02,699.047897484512,2207.9590010627717,0.3152720834809405,4.965956384679033e-09
q23_1d_adaptive_nr160_nz1_dt0.25_m94a220bc5006,1,54000.0,0.029296875,accepted_state,323.14893442468895,0.35620853298715655,0.0,0.0,0.02,695.594692222356,2168.6111298874193,0.30980710137325274,4.543343650592861e-09
q23_1d_adaptive_nr160_nz1_dt0.25_m94a220bc5006,1,57600.0,0.029296875,accepted_state,323.1489344246974,0.33376665703258734,0.0,0.0,0.02,692.7221321001712,2134.666668510703,0.30509259284870877,4.173357434991032e-09
q23_1d_adaptive_nr160_nz1_dt0.25_m94a220bc5006,1,61200.0,0.029296875,accepted_state,323.14893442470463,0.3148932826198606,0.0,0.0,0.02,690.3063401753421,2105.2227717912942,0.30100316274879085,3.849381930807002e-09
q23_1d_adaptive_nr160_nz1_dt0.25_m94a220bc5006,1,64800.0,0.029296875,accepted_state,323.1489344247133,0.29884754533553975,0.0,0.0,0.02,688.2524858029491,2079.517210833862,0.2974329459491475,3.565069950213324e-09
q23_1d_adaptive_nr160_nz1_dt0.25_m94a220bc5006,1,68400.0,0.029296875,accepted_state,323.14893442472106,0.28506261003194244,0.0,0.0,0.02,686.4880140840886,2056.9208573643023,0.29429456352281974,3.314701568423775e-09
q23_1d_adaptive_nr160_nz1_dt0.25_m94a220bc5006,1,72000.0,0.029296875,accepted_state,323.1489344247279,0.273103419786132,0.0,0.0,0.02,684.9572377326249,2036.9208619833735,0.29151678638657963,3.0933069375837893e-09
q23_1d_adaptive_nr160_nz1_dt0.25_m94a220bc5006,1,75600.0,0.029296875,accepted_state,323.1489344247347,0.2626339962514087,0.0,0.0,0.02,683.6171515201803,2019.1012723221315,0.2890418433780738,2.896656342386502e-09
q23_1d_adaptive_nr160_nz1_dt0.25_m94a220bc5006,1,79200.0,0.029296875,accepted_state,323.1489344247415,0.25339274028422154,0.0,0.0,0.02,682.4342707563803,2003.1247430557323,0.2868228809799628,2.7211887642592957e-09
q23_1d_adaptive_nr160_nz1_dt0.25_m94a220bc5006,1,82800.0,0.029296875,accepted_state,323.14893442474835,0.24517405378201687,0.0,0.0,0.02,681.3822788840981,1988.7168236522132,0.28482178106280737,2.5639201839067657e-09
q23_1d_adaptive_nr160_nz1_dt0.25_m94a220bc5006,1,86400.0,0.029296875,accepted_state,323.14893442475517,0.23781475703892005,0.0,0.0,0.02,680.4402889009817,1975.653108882775,0.28300737623371874,2.4223522811482477e-09
q23_1d_adaptive_nr160_nz1_dt0.25_m94a220bc5006,1,90000.0,0.029296875,accepted_state,323.148934424762,0.2311840558385078,0.0,0.0,0.02,679.591559147329,1963.748999408033,0.28135402769556017,2.2943903184099274e-09
q23_1d_adaptive_nr160_nz1_dt0.25_m94a220bc5006,1,93600.0,0.029296875,accepted_state,323.1489344247688,0.22517610347487862,0.0,0.0,0.02,678.8225412447845,1952.8516450491643,0.2798405062568284,2.1782728880158138e-09
q23_1d_adaptive_nr160_nz1_dt0.25_m94a220bc5006,1,97200.0,0.029296875,accepted_state,323.14893442477563,0.21970445172795025,0.0,0.0,0.02,678.1221698211776,1942.8336361124861,0.2784491161267342,2.072513374926229e-09
q23_1d_adaptive_nr160_nz1_dt0.25_m94a220bc5006,1,100800.0,0.029296875,accepted_state,323.14893442478245,0.21469787851258548,0.0,0.0,0.02,677.4813284496109,1933.5880641610488,0.2771650089112567,1.975851855874495e-09
q23_1d_adaptive_nr160_nz1_dt0.25_m94a220bc5006,1,104400.0,0.029296875,accepted_state,323.1489344247893,0.21009722345129098,0.0,0.0,0.02,676.8924446017652,1925.0246444854106,0.2759756450674181,1.887215842318265e-09
q23_1d_adaptive_nr160_nz1_dt0.25_m94a220bc5006,1,108000.0,0.029296875,accepted_state,323.1489344247961,0.20585296629391994,0.0,0.0,0.02,676.3491796856217,1917.0666586417674,0.274870369255801,1.8056883223403214e-09
q23_1d_adaptive_nr160_nz1_dt0.25_m94a220bc5006,1,111600.0,0.029296875,accepted_state,323.1489344248029,0.20192335709825157,0.0,0.0,0.02,675.8461897085762,1909.6485306306058,0.27384007369869523,1.7304817418563044e-09
q23_1d_adaptive_nr160_nz1_dt0.25_m94a220bc5006,1,115200.0,0.029296875,accepted_state,323.14893442480974,0.19827295968411773,0.0,0.0,0.02,675.3789388395671,1902.7138940352543,0.27287692972711863,1.6609167842213134e-09
q23_1d_adaptive_nr160_nz1_dt0.25_m94a220bc5006,1,118800.0,0.029296875,accepted_state,323.1489344248166,0.19487150730365288,0.0,0.0,0.02,674.9435529348675,1896.214041195059,0.27197417238820265,1.5964050149994364e-09
q23_1d_adaptive_nr160_nz1_dt0.25_m94a220bc5006,1,122400.0,0.029296875,accepted_state,323.14893442482344,0.19169299621367336,0.0,0.0,0.02,674.5367035153502,1890.1066711871244,0.27112592655376727,1.5364346390909486e-09
q23_1d_adaptive_nr160_nz1_dt0.25_m94a220bc5006,1,126000.0,0.029296875,accepted_state,323.14893442483026,0.18871496205714536,0.0,0.0,0.02,674.1555151433146,1884.354872840852,0.27032706567234055,1.4805587673635856e-09
q23_1d_adaptive_nr160_nz1_dt0.25_m94a220bc5006,1,129600.0,0.029296875,accepted_state,323.1489344248371,0.1859178978718507,0.0,0.0,0.02,673.7974909275969,1878.9262937090357,0.26957309634847715,1.4283857115747442e-09
q23_1d_adaptive_nr160_nz1_dt0.25_m94a220bc5006,1,133200.0,0.029296875,accepted_state,323.1489344248439,0.18328478268918003,0.0,0.0,0.02,673.460452184215,1873.7924570431323,0.26886006347821284,1.379570923727122e-09
q23_1d_adaptive_nr160_nz1_dt0.25_m94a220bc5006,1,136800.0,0.029296875,accepted_state,323.1489344248507,0.18080069714244468,0.0,0.0,0.02,673.1424892342329,1868.928197263805,0.2681844718421951,1.333810273356704e-09
q23_1d_adaptive_nr160_nz1_dt0.25_m94a220bc5006,1,140400.0,0.029296875,accepted_state,323.14893442485754,0.1784525080283345,0.0,0.0,0.02,672.8419210276268,1864.3111908535086,0.2675432209518762,1.290834417511715e-09
q23_1d_adaptive_nr160_nz1_dt0.25_m94a220bc5006,1,144000.0,0.029296875,accepted_state,323.14893442486425,0.17622860789014358,0.0,0.0,0.02,672.5572618099384,1859.9215645267363,0.2669335506287134,1.2504040666486212e-09
q23_1d_adaptive_nr160_nz1_dt0.25_m94a220bc5006,1,147600.0,0.029296875,accepted_state,323.1489344248687,0.17411869879546832,0.0,0.0,0.02,672.28719344582,1855.7415663281147,0.2663529953233493,1.212305988046037e-09
q23_1d_adaptive_nr160_nz1_dt0.25_m94a220bc5006,1,151200.0,0.029296875,accepted_state,323.1489344248737,0.17211361183438972,0.0,0.0,0.02,672.0305423148019,1851.755288245407,0.26579934558963986,1.1763496187731974e-09
q23_1d_adaptive_nr160_nz1_dt0.25_m94a220bc5006,1,154800.0,0.029296875,accepted_state,323.14893442487755,0.17020515566160122,0.0,0.0,0.02,671.7862599246849,1847.9484312106433,0.2652706154459227,1.1423641844534262e-09
q23_1d_adaptive_nr160_nz1_dt0.25_m94a220bc5006,1,158400.0,0.029296875,accepted_state,323.14893442488176,0.1683859887880897,0.0,0.0,0.02,671.5534065648754,1844.308105151175,0.26476501460432983,1.1101962393661271e-09
q23_1d_adaptive_nr160_nz1_dt0.25_m94a220bc5006,1,162000.0,0.029296875,accepted_state,323.14893442488557,0.166649511398338,0.0,0.0,0.02,671.3311374589873,1840.8226581600763,0.264280924744455,1.079707558875808e-09
q23_1d_adaptive_nr160_nz1_dt0.25_m94a220bc5006,1,165600.0,0.029296875,accepted_state,323.1489344248901,0.1649897733032066,0.0,0.0,0.02,671.1186909828104,1837.4815299688355,0.26381687916233826,1.0507733275841264e-09
q23_1d_adaptive_nr160_nz1_dt0.25_m94a220bc5006,1,169200.0,0.029296875,accepted_state,323.14893442489375,0.16340139529269018,0.0,0.0,0.02,670.9153785974644,1834.2751257903785,0.2633715452486637,1.023280576594992e-09
q23_1d_adaptive_nr160_nz1_dt0.25_m94a220bc5006,1,172800.0,0.029296875,accepted_state,323.1489344248972,0.16187950166889464,0.0,0.0,0.02,670.7205762136185,1831.1947073082208,0.262943709348364,9.971268313733212e-10
q23_1d_adaptive_nr160_nz1_dt0.25_m94a220bc5006,1,176400.0,0.029296875,accepted_state,323.1489344249013,0.16041966214902578,0.0,0.0,0.02,670.5337167550753,1828.2322981557409,0.2625322636327418,9.722189382429406e-10
q23_1d_adaptive_nr160_nz1_dt0.25_m94a220bc5006,1,180000.0,0.029296875,accepted_state,323.14893442490495,0.15901784165488236,0.0,0.0,0.02,670.3542837318249,1825.3806016881908,0.2621361946789154,9.484720429223333e-10
q23_1d_adaptive_nr160_nz1_dt0.25_m94a220bc5006,1,183600.0,0.029296875,accepted_state,323.1489344249086,0.1576703567673683,0.0,0.0,0.02,670.1818056662231,1822.6329292218422,0.26175457350303366,9.258086988743042e-10
q23_1d_adaptive_nr160_nz1_dt0.25_m94a220bc5006,1,187200.0,0.029296875,accepted_state,323.1489344249126,0.15637383783574743,0.0,0.0,0.02,670.0158512429757,1819.983137217409,0.26138654683575124,9.041580868387412e-10
q23_1d_adaptive_nr160_nz1_dt0.25_m94a220bc5006,1,190800.0,0.029296875,accepted_state,323.1489344249162,0.15512519590251564,0.0,0.0,0.02,669.856025075522,1817.4255721326167,0.26103132946286345,8.834553298797217e-10
q23_1d_adaptive_nr160_nz1_dt0.25_m94a220bc5006,1,194400.0,0.029296875,accepted_state,323.14893442491973,0.15392159374391723,0.0,0.0,0.02,669.7019639992214,1814.955021871977,0.260688197482219,8.636408907242797e-10
q23_1d_adaptive_nr160_nz1_dt0.25_m94a220bc5006,1,198000.0,0.029296875,accepted_state,323.14893442492354,0.1527604204400402,0.0,0.0,0.02,669.5533338163251,1812.5666729296674,0.2603564823513427,8.446600402012638e-10
q23_1d_adaptive_nr160_nz1_dt0.25_m94a220bc5006,1,201600.0,0.029296875,accepted_state,323.14893442492695,0.1516392689818399,0.0,0.0,0.02,669.4098264296755,1810.256072460183,0.26003556561946983,8.264623872783386e-10
q23_1d_adaptive_nr160_nz1_dt0.25_m94a220bc5006,1,205200.0,0.029296875,accepted_state,323.14893442493053,0.15055591649945438,0.0,0.0,0.02,669.2711573119302,1808.019094626682,0.25972487425370583,8.090014626053847e-10
q23_1d_adaptive_nr160_nz1_dt0.25_m94a220bc5006,1,208800.0,0.029296875,accepted_state,323.14893442493394,0.1495083067599854,0.0,0.0,0.02,669.1370632652781,1805.851910673256,0.2594238764823966,7.922343486545866e-10
q23_1d_adaptive_nr160_nz1_dt0.25_m94a220bc5006,1,212400.0,0.029296875,accepted_state,323.14893442493747,0.14849453463586215,0.0,0.0,0.02,669.0073004333904,1803.7509622477507,0.25913207808996536,7.761213505401666e-10
q23_1d_adaptive_nr160_nz1_dt0.25_m94a220bc5006,1,216000.0,0.029296875,accepted_state,323.1489344249409,0.14751283228904405,0.0,0.0,0.02,668.8816425329976,1801.7129375692803,0.2588490191068445,7.606257024359924e-10
q23_1d_adaptive_nr160_nz1_dt0.25_m94a220bc5006,1,219600.0,0.029296875,accepted_state,323.1489344249444,0.14656155685339065,0.0,0.0,0.02,668.759879277234,1799.734750091705,0.25857427084607015,7.457133052181682e-10
q23_1d_adaptive_nr160_nz1_dt0.25_m94a220bc5006,1,223200.0,0.029296875,accepted_state,323.14893442494787,0.14563917942842697,0.0,0.0,0.02,668.6418149668386,1797.8135193621583,0.2583074332447442,7.313524915559737e-10
q23_1d_adaptive_nr160_nz1_dt0.25_m94a220bc5006,1,226800.0,0.029296875,accepted_state,323.14893442495134,0.14474427522401923,0.0,0.0,0.02,668.5272672286744,1795.9465538147529,0.2580481324742712,7.17513815185932e-10
q23_1d_adaptive_nr160_nz1_dt0.25_m94a220bc5006,1,230400.0,0.029296875,accepted_state,323.14893442495475,0.14387551471747173,0.0,0.0,0.02,668.4160658838364,1794.1313352740394,0.257796018788061,7.041698615353143e-10
q23_1d_adaptive_nr160_nz1_dt0.25_m94a220bc5006,1,234000.0,0.029296875,accepted_state,323.14893442495816,0.143031655703357,0.0,0.0,0.02,668.3080519300297,1792.365504972458,0.25755076457950804,6.912950772330223e-10
q23_1d_adaptive_nr160_nz1_dt0.25_m94a220bc5006,1,237600.0,0.029296875,accepted_state,323.14893442496157,0.14221153613228157,0.0,0.0,0.02,668.203076624932,1790.6468509112144,0.25731206262655754,6.788656163620407e-10
q23_1d_adaptive_nr160_nz1_dt0.25_m94a220bc5006,1,241200.0,0.029296875,accepted_state,323.148934424965,0.1414140676484278,0.0,0.0,0.02,668.1010006589987,1788.9732964157508,0.25707962450218763,6.668592015808012e-10
q23_1d_adaptive_nr160_nz1_dt0.25_m94a220bc5006,1,244800.0,0.029296875,accepted_state,323.1489344249685,0.14063822974725304,0.0,0.0,0.02,668.0016934076484,1787.3428897554545,0.256853179132702,6.552549984738133e-10
q23_1d_adaptive_nr160_nz1_dt0.25_m94a220bc5006,1,248400.0,0.029296875,accepted_state,323.1489344249719,0.13988306448473703,0.0,0.0,0.02,667.9050322540463,1785.753794713357,0.2566324714879662,6.440335016946294e-10
q23_1d_adaptive_nr160_nz1_dt0.25_m94a220bc5006,1,252000.0,0.029296875,accepted_state,323.1489344249753,0.139147671678161,0.0,0.0,0.02,667.8109019748047,1784.2042820055103,0.2564172613896542,6.331764316393714e-10
q23_1d_adaptive_nr160_nz1_dt0.25_m94a220bc5006,1,255600.0,0.029296875,accepted_state,323.14893442497873,0.13843120454562363,0.0,0.0,0.02,667.7191941818398,1782.6927214613675,0.2562073224251899,6.22666640537805e-10
q23_1d_adaptive_nr160_nz1_dt0.25_m94a220bc5006,1,259200.0,0.029296875,accepted_state,323.14893442498214,0.13773286573811844,0.0,0.0,0.02,667.6298068144791,1781.217574887418,0.25600244095658586,6.124880269839876e-10
q23_1d_adaptive_nr40_nz1_dt0.25_mf63f9f413ef6,1,3600.0,0.25,accepted_state,313.5305682272862,2.5255514342741328,0.0,0.0,0.02,973.270583587089,3409.9511886277987,0.4822154428649721,9.330568642380368e-09
q23_1d_adaptive_nr40_nz1_dt0.25_mf63f9f413ef6,1,7200.0,0.25,accepted_state,321.59980562718664,2.1709826785910993,0.0,0.0,0.02,927.8857828596607,3323.175986967033,0.470163331523199,1.233325927324475e-08
q23_1d_adaptive_nr40_nz1_dt0.25_mf63f9f413ef6,1,10800.0,0.25,accepted_state,322.99942842191103,1.766393883535837,0.0,0.0,0.02,876.0984170925872,3196.98682429741,0.4526370589301958,1.2387615725634554e-08
q23_1d_adaptive_nr40_nz1_dt0.25_mf63f9f413ef6,1,14400.0,0.25,accepted_state,323.149363022466,1.4538117985380294,0.0,0.0,0.02,836.0879102128678,3071.0000633177747,0.4351388976830243,1.1792371594655128e-08
q23_1d_adaptive_nr40_nz1_dt0.25_mf63f9f413ef6,1,18000.0,0.25,accepted_state,323.148567204093,1.210025503209512,0.0,0.0,0.02,804.8832644108176,2948.005236579107,0.4180562828582093,1.1079113207275302e-08
q23_1d_adaptive_nr40_nz1_dt0.25_mf63f9f413ef6,1,21600.0,0.25,accepted_state,323.148918494349,1.0171367764593633,0.0,0.0,0.02,780.1935073867985,2829.621973517115,0.4016141629884882,1.0324804531241274e-08
q23_1d_adaptive_nr40_nz1_dt0.25_mf63f9f413ef6,1,25200.0,0.25,accepted_state,323.1489338470999,0.8639235732572268,0.0,0.0,0.02,760.582217376925,2718.128656316734,0.3861289800439908,9.545680415014624e-09
q23_1d_adaptive_nr40_nz1_dt0.25_mf63f9f413ef6,1,28800.0,0.25,accepted_state,323.148934408356,0.7420920992617832,0.0,0.0,0.02,744.9877887055083,2615.4745374487447,0.3718714635345478,8.7633165395955e-09
q23_1d_adaptive_nr40_nz1_dt0.25_mf63f9f413ef6,1,32400.0,0.25,accepted_state,323.148934425727,0.6451169309587774,0.0,0.0,0.02,732.5749671627235,2522.8963333168945,0.3590133796273465,7.999829334961972e-09
q23_1d_adaptive_nr40_nz1_dt0.25_mf63f9f413ef6,1,36000.0,0.25,accepted_state,323.14893442612737,0.5677872812497154,0.0,0.0,0.02,722.6767719999635,2440.865291534271,0.34762017937975986,7.274811009084076e-09
q23_1d_adaptive_nr40_nz1_dt0.25_mf63f9f413ef6,1,39600.0,0.25,accepted_state,323.14893442612924,0.5059331874866846,0.0,0.0,0.02,714.7594479982956,2369.186330752013,0.3376647681600018,6.602990573125657e-09
q23_1d_adaptive_nr40_nz1_dt0.25_mf63f9f413ef6,1,43200.0,0.25,accepted_state,323.1489344261308,0.456226124864918,0.0,0.0,0.02,708.3969439827094,2307.1709134432704,0.32905151575600977,5.9931382204634935e-09
q23_1d_adaptive_nr40_nz1_dt0.25_mf63f9f413ef6,1,46800.0,0.25,accepted_state,323.1489344261319,0.41602387796639984,0.0,0.0,0.02,703.2510563796992,2253.8291923090574,0.32164294337625793,5.448277409575718e-09
q23_1d_adaptive_nr40_nz1_dt0.25_mf63f9f413ef6,1,50400.0,0.25,accepted_state,323.1489344261321,0.3832449855334016,0.0,0.0,0.02,699.0553581482754,2208.0423506939705,0.315283659818607,4.966843407759284e-09
q23_1d_adaptive_nr40_nz1_dt0.25_mf63f9f413ef6,1,54000.0,0.25,accepted_state,323.1489344261323,0.3562639769504602,0.0,0.0,0.02,695.6017890496589,2168.6936005836737,0.30981855563662136,4.5442369744825116e-09
q23_1d_adaptive_nr40_nz1_dt0.25_mf63f9f413ef6,1,57600.0,0.25,accepted_state,323.1489344261328,0.33382231322085604,0.0,0.0,0.02,692.7292560922696,2134.7522641653622,0.30510448113407806,4.174295649530643e-09
q23_1d_adaptive_nr40_nz1_dt0.25_mf63f9f413ef6,1,61200.0,0.25,accepted_state,323.1489344261332,0.314952341572937,0.0,0.0,0.02,690.3138997213359,2105.316226527864,0.3010161425733144,3.850413597238297e-09
q23_1d_adaptive_nr40_nz1_dt0.25_mf63f9f413ef6,1,64800.0,0.25,accepted_state,323.1489344261335,0.29891307472065815,0.0,0.0,0.02,688.2608735642442,2079.623481626437,0.2974477057814495,3.566246997227282e-09
q23_1d_adaptive_nr40_nz1_dt0.25_mf63f9f413ef6,1,68400.0,0.25,accepted_state,323.1489344261338,0.2851373055256909,0.0,0.0,0.02,686.4975751072884,2057.0446049336124,0.29431175068522397,3.3160725982640557e-09
q23_1d_adaptive_nr40_nz1_dt0.25_mf63f9f413ef6,1,72000.0,0.25,accepted_state,323.14893442613396,0.2731894468870456,0.0,0.0,0.02,684.9682492015419,2037.0660713615453,0.2915369543557702,3.094912371666717e-09
q23_1d_adaptive_nr40_nz1_dt0.25_mf63f9f413ef6,1,75600.0,0.25,accepted_state,323.14893442613555,0.26273293874782905,0.0,0.0,0.02,683.6298161597222,2019.2710614858001,0.28906542520636114,2.89852602135625e-09
q23_1d_adaptive_nr40_nz1_dt0.25_mf63f9f413ef6,1,79200.0,0.25,accepted_state,323.1489344261357,0.2535056291806545,0.0,0.0,0.02,682.4487205351238,2003.32132963107,0.28685018467098194,2.7233416074634678e-09
q23_1d_adaptive_nr40_nz1_dt0.25_mf63f9f413ef6,1,82800.0,0.25,accepted_state,323.14893442613584,0.24530144094359577,0.0,0.0,0.02,681.3985844407803,1988.9415930596972,0.2848529990360691,2.5663651626259085e-09
q23_1d_adaptive_nr40_nz1_dt0.25_mf63f9f413ef6,1,86400.0,0.25,accepted_state,323.14893442613595,0.23795680510884126,0.0,0.0,0.02,680.4584710539317,1975.90673284481,0.28304260178400137,2.4250900296397487e-09
q23_1d_adaptive_nr40_nz1_dt0.25_mf63f9f413ef6,1,90000.0,0.25,accepted_state,323.14893442613607,0.23134062687055845,0.0,0.0,0.02,679.6116002394315,1964.0315695799623,0.28139327355277255,2.2974149156974153e-09
q23_1d_adaptive_nr40_nz1_dt0.25_mf63f9f413ef6,1,93600.0,0.25,accepted_state,323.1489344261362,0.22534683751927576,0.0,0.0,0.02,678.8443952024672,1953.1628013999257,0.2798837224166564,2.1815735420301605e-09
q23_1d_adaptive_nr40_nz1_dt0.25_mf63f9f413ef6,1,97200.0,0.25,accepted_state,323.1489344261363,0.21988883224262734,0.0,0.0,0.02,678.1457705270564,1943.1726802595822,0.27849620559160865,2.0760758829873764e-09
q23_1d_adaptive_nr40_nz1_dt0.25_mf63f9f413ef6,1,100800.0,0.25,accepted_state,323.14893442613635,0.21489528456367415,0.0,0.0,0.02,677.5065964241503,1933.9540543425305,0.277215840880907,1.9796598027954462e-09
q23_1d_adaptive_nr40_nz1_dt0.25_mf63f9f413ef6,1,104400.0,0.25,accepted_state,323.14893442613646,0.21030697010818586,0.0,0.0,0.02,676.9192921738478,1925.4164723719332,0.27603006560721294,1.8912515444942016e-09
q23_1d_adaptive_nr40_nz1_dt0.25_mf63f9f413ef6,1,108000.0,0.25,accepted_state,323.1489344261365,0.2060743351223058,0.0,0.0,0.02,676.3775148956552,1917.4831098511459,0.274928209701548,1.8099335478193969e-09
q23_1d_adaptive_nr40_nz1_dt0.25_mf63f9f413ef6,1,111600.0,0.25,accepted_state,323.1489344261366,0.2021556186680767,0.0,0.0,0.02,675.8759191895139,1910.0883313997736,0.27390115713885743,1.7349182434401305e-09
q23_1d_adaptive_nr40_nz1_dt0.25_mf63f9f413ef6,1,115200.0,0.25,accepted_state,323.14893442613686,0.1985153898070462,0.0,0.0,0.02,675.4099698953019,1903.1757465371556,0.2729410759079383,1.665526682113472e-09
q23_1d_adaptive_nr40_nz1_dt0.25_mf63f9f413ef6,1,118800.0,0.25,accepted_state,323.1489344261369,0.19512339844007326,0.0,0.0,0.02,674.9757950003294,1896.6966497592252,0.27204120135544796,1.6011710615465398e-09
q23_1d_adaptive_nr40_nz1_dt0.25_mf63f9f413ef6,1,122400.0,0.25,accepted_state,323.148934426137,0.1919536652140317,0.0,0.0,0.02,674.5700691473961,1890.6087613575874,0.2711956612996649,1.5413403930265561e-09
q23_1d_adaptive_nr40_nz1_dt0.25_mf63f9f413ef6,1,126000.0,0.25,accepted_state,323.14893442613703,0.18898375515685412,0.0,0.0,0.02,674.1899206600773,1884.8752048684978,0.2703993340095136,1.4855886998302708e-09
q23_1d_adaptive_nr40_nz1_dt0.25_mf63f9f413ef6,1,129600.0,0.25,accepted_state,323.1489344261371,0.1861941936532023,0.0,0.0,0.02,673.8328567876099,1879.463671767136,0.26964773218988,1.4335252615910876e-09
q23_1d_adaptive_nr40_nz1_dt0.25_mf63f9f413ef6,1,133200.0,0.25,accepted_state,323.14893442613715,0.18356799355718106,0.0,0.0,0.02,673.4967031753192,1874.3457351892162,0.26893690766516887,1.3848065168618208e-09
q23_1d_adaptive_nr40_nz1_dt0.25_mf63f9f413ef6,1,136800.0,0.25,accepted_state,323.1489344261372,0.1810902697300099,0.0,0.0,0.02,673.1795545254413,1869.496282950978,0.2682633726320803,1.3391293141831669e-09
q23_1d_adaptive_nr40_nz1_dt0.25_mf63f9f413ef6,1,140400.0,0.25,accepted_state,323.1489344261372,0.1787479228439643,0.0,0.0,0.02,672.8797341240274,1864.8930466160614,0.26762403425223075,1.2962252638717392e-09
q23_1d_adaptive_nr40_nz1_dt0.25_mf63f9f413ef6,1,144000.0,0.25,accepted_state,323.14893442613726,0.17652937844248448,0.0,0.0,0.02,672.5957604406381,1860.516208322841,0.26701614004483903,1.255855991757254e-09
q23_1d_adaptive_nr40_nz1_dt0.25_mf63f9f413ef6,1,147600.0,0.25,accepted_state,323.1489344261373,0.17442437036902408,0.0,0.0,0.02,672.3263194072351,1856.3480709104306,0.2664372320708931,1.21780913492205e-09
q23_1d_adaptive_nr40_nz1_dt0.25_mf63f9f413ef6,1,151200.0,0.25,accepted_state,323.1489344261373,0.17242376004505883,0.0,0.0,0.02,672.0702412857676,1852.372779842973,0.265885108311524,1.1818949502921985e-09
q23_1d_adaptive_nr40_nz1_dt0.25_mf63f9f413ef6,1,154800.0,0.25,accepted_state,323.1489344261374,0.17051938488614832,0.0,0.0,0.02,671.826481265427,1848.5760877372231,0.2653577899635032,1.1479434314155658e-09
q23_1d_adaptive_nr40_nz1_dt0.25_mf63f9f413ef6,1,158400.0,0.25,accepted_state,323.14893442613834,0.16870393053576171,0.0,0.0,0.02,671.5941031085775,1844.9451541026713,0.26485349362537103,1.1158018482856657e-09
q23_1d_adaptive_nr40_nz1_dt0.25_mf63f9f413ef6,1,162000.0,0.25,accepted_state,323.14893442613834,0.16697082267335195,0.0,0.0,0.02,671.372265302189,1841.4683743229828,0.2643706075448587,1.0853326406863326e-09
q23_1d_adaptive_nr40_nz1_dt0.25_mf63f9f413ef6,1,165600.0,0.25,accepted_state,323.1489344261384,0.1653141349922586,0.0,0.0,0.02,671.1602092790091,1838.135233030383,0.2639076712542199,1.0564116080683755e-09
q23_1d_adaptive_nr40_nz1_dt0.25_mf63f9f413ef6,1,169200.0,0.25,accepted_state,323.1489344261384,0.16372851060084648,0.0,0.0,0.02,670.9572493569084,1834.9361779171572,0.26346335804404963,1.0289263490641903e-09
q23_1d_adaptive_nr40_nz1_dt0.25_mf63f9f413ef6,1,172800.0,0.25,accepted_state,323.14893442613845,0.16220909461921065,0.0,0.0,0.02,670.762764111259,1831.8625107417263,0.26303645982523977,1.0027749119116948e-09
q23_1d_adaptive_nr40_nz1_dt0.25_mf63f9f413ef6,1,176400.0,0.25,accepted_state,323.14893442613845,0.16075147615534097,0.0,0.0,0.02,670.5761889478837,1828.906292859328,0.26262587400824,9.778646236813891e-10
q23_1d_adaptive_nr40_nz1_dt0.25_mf63f9f413ef6,1,180000.0,0.25,accepted_state,323.1489344261385,0.15935163817295783,0.0,0.0,0.02,670.3970096861386,1826.060263069357,0.2622305920929663,9.541110715961665e-10
q23_1d_adaptive_nr40_nz1_dt0.25_mf63f9f413ef6,1,183600.0,0.25,accepted_state,323.1489344261385,0.1580059140264138,0.0,0.0,0.02,670.224756995381,1823.3177659457165,0.2618496897146828,9.314372141426264e-10
q23_1d_adaptive_nr40_nz1_dt0.25_mf63f9f413ef6,1,187200.0,0.25,accepted_state,323.14893442613857,0.15671094965022206,0.0,0.0,0.02,670.0590015552284,1820.6726891213925,0.2614823179335267,9.097726032913605e-10
q23_1d_adaptive_nr40_nz1_dt0.25_mf63f9f413ef6,1,190800.0,0.25,accepted_state,323.14893442613857,0.15546367056248453,0.0,0.0,0.02,669.899349831998,1818.11940824751,0.26112769558993193,8.890527021211439e-10
q23_1d_adaptive_nr40_nz1_dt0.25_mf63f9f413ef6,1,194400.0,0.25,accepted_state,323.1489344261386,0.15426125298128462,0.0,0.0,0.02,669.7454403816045,1815.652738551762,0.26078510257663357,8.692182846036635e-10
q23_1d_adaptive_nr40_nz1_dt0.25_mf63f9f413ef6,1,198000.0,0.25,accepted_state,323.1489344261386,0.1531010984672585,0.0,0.0,0.02,669.5969406038091,1813.2678920896137,0.26045387390133523,8.50214906344347e-10
q23_1d_adaptive_nr40_nz1_dt0.25_mf63f9f413ef6,1,201600.0,0.25,accepted_state,323.1489344261387,0.151980811599301,0.0,0.0,0.02,669.4535438847105,1810.9604399212199,0.26013339443350275,8.319924367719682e-10
q23_1d_adaptive_nr40_nz1_dt0.25_mf63f9f413ef6,1,205200.0,0.25,accepted_state,323.1489344261387,0.15089818026759058,0.0,0.0,0.02,669.3149670742516,1808.7262785628318,0.25982309424483774,8.145046446850778e-10
q23_1d_adaptive_nr40_nz1_dt0.25_mf63f9f413ef6,1,208800.0,0.25,accepted_state,323.1489344261387,0.14985115823201792,0.0,0.0,0.02,669.1809482536983,1806.5616001580547,0.2595224444663965,7.977088302484083e-10
q23_1d_adaptive_nr40_nz1_dt0.25_mf63f9f413ef6,1,212400.0,0.25,accepted_state,323.14893442613874,0.148837849647163,0.0,0.0,0.02,669.0512447548368,1804.4628658950483,0.2592309535965345,7.815654975269266e-10
q23_1d_adaptive_nr40_nz1_dt0.25_mf63f9f413ef6,1,216000.0,0.25,accepted_state,323.14893442613874,0.14785649529925252,0.0,0.0,0.02,668.9256313983043,1802.4267822636577,0.2589481642032858,7.660380624838793e-10
q23_1d_adaptive_nr40_nz1_dt0.25_mf63f9f413ef6,1,219600.0,0.25,accepted_state,323.14893442613874,0.1469054603374728,0.0,0.0,0.02,668.8038989231965,1800.4502798034096,0.25867364997269576,7.5109259207566e-10
q23_1d_adaptive_nr40_nz1_dt0.25_mf63f9f413ef6,1,223200.0,0.25,accepted_state,323.1489344261388,0.1459832233131435,0.0,0.0,0.02,668.6858525840823,1798.5304940416397,0.25840701306133884,7.366975706765709e-10
q23_1d_adaptive_nr40_nz1_dt0.25_mf63f9f413ef6,1,226800.0,0.25,accepted_state,323.1489344261388,0.14508836636640945,0.0,0.0,0.02,668.5713108949004,1796.6647483618526,0.258147881716924,7.228236905753882e-10
q23_1d_adaptive_nr40_nz1_dt0.25_mf63f9f413ef6,1,230400.0,0.25,accepted_state,323.1489344261388,0.1442195664221871,0.0,0.0,0.02,668.4601045020399,1794.8505385770623,0.25789590813570307,7.094436637185881e-10
q23_1d_adaptive_nr40_nz1_dt0.25_mf63f9f413ef6,1,234000.0,0.25,accepted_state,323.14893442613885,0.14337558727588973,0.0,0.0,0.02,668.3520751713139,1793.0855190125558,0.2576507665295216,6.965320522459304e-10
q23_1d_adaptive_nr40_nz1_dt0.25_mf63f9f413ef6,1,237600.0,0.25,accepted_state,323.14893442613885,0.1425552724653342,0.0,0.0,0.02,668.2470748755628,1791.3674899277034,0.25741215137884765,6.840651156801367e-10
q23_1d_adaptive_nr40_nz1_dt0.25_mf63f9f413ef6,1,241200.0,0.25,accepted_state,323.14893442613885,0.14175753883885278,0.0,0.0,0.02,668.1449649713732,1789.6943861281936,0.257179775851138,6.720206729048448e-10
q23_1d_adaptive_nr40_nz1_dt0.25_mf63f9f413ef6,1,244800.0,0.25,accepted_state,323.1489344261389,0.14098137074120262,0.0,0.0,0.02,668.0456154548739,1788.064266638601,0.25695337036647237,6.60377977298169e-10
q23_1d_adaptive_nr40_nz1_dt0.25_mf63f9f413ef6,1,248400.0,0.25,accepted_state,323.1489344261389,0.14022581474884238,0.0,0.0,0.02,667.9489042878519,1786.4753053212894,0.2567326812946235,6.491176035911921e-10
q23_1d_adaptive_nr40_nz1_dt0.25_mf63f9f413ef6,1,252000.0,0.25,accepted_state,323.1489344261389,0.13948997489467607,0.0,0.0,0.02,667.8547167865186,1784.9257823414457,0.25651746976964523,6.382213451945504e-10
q23_1d_adaptive_nr40_nz1_dt0.25_mf63f9f413ef6,1,255600.0,0.25,accepted_state,323.1489344261389,0.1387730083297496,0.0,0.0,0.02,667.762945066208,1783.4140763900612,0.2563075106097307,6.276721208872836e-10
q23_1d_adaptive_nr40_nz1_dt0.25_mf63f9f413ef6,1,259200.0,0.25,accepted_state,323.14893442613896,0.13807412137569822,0.0,0.0,0.02,667.6734875360894,1781.9386575869619,0.25610259133152247,6.174538898922879e-10
q23_1d_adaptive_nr80_nz1_dt0.25_m56c5bf06eb27,1,3600.0,0.09375,accepted_state,313.531317013363,2.5256908649773115,0.0,0.0,0.02,973.2884307170959,3409.9818790756044,0.4822197054271673,9.330934059697673e-09
q23_1d_adaptive_nr80_nz1_dt0.25_m56c5bf06eb27,1,7200.0,0.09375,accepted_state,321.60012793951364,2.1708843891080547,0.0,0.0,0.02,927.8732018058311,3323.149241581269,0.4701596168862874,1.2333291501071908e-08
q23_1d_adaptive_nr80_nz1_dt0.25_m56c5bf06eb27,1,10800.0,0.09375,accepted_state,322.99947880468244,1.7662313217987666,0.0,0.0,0.02,876.0776091902421,3196.928703453155,0.45262898659071593,1.2387348302208763e-08
q23_1d_adaptive_nr80_nz1_dt0.25_m56c5bf06eb27,1,14400.0,0.09375,accepted_state,323.1493843094688,1.4536574628991683,0.0,0.0,0.02,836.0681552510936,3070.929929556172,0.4351291568828016,1.179199332174875e-08
q23_1d_adaptive_nr80_nz1_dt0.25_m56c5bf06eb27,1,18000.0,0.09375,accepted_state,323.14856767156857,1.2098851608398857,0.0,0.0,0.02,804.8653005875053,2947.926615697913,0.41804536329137676,1.1078635474836281e-08
q23_1d_adaptive_nr80_nz1_dt0.25_m56c5bf06eb27,1,21600.0,0.09375,accepted_state,323.14891852008964,1.017010465514637,0.0,0.0,0.02,780.1773395858736,2829.5370332588163,0.4016023657303912,1.0324237233409325e-08
q23_1d_adaptive_nr80_nz1_dt0.25_m56c5bf06eb27,1,25200.0,0.09375,accepted_state,323.14893384816344,0.8638110849256286,0.0,0.0,0.02,760.5678188704804,2718.0400645062296,0.3861166756258652,9.54503294777047e-09
q23_1d_adaptive_nr80_nz1_dt0.25_m56c5bf06eb27,1,28800.0,0.09375,accepted_state,323.14893440835914,0.7419929151134367,0.0,0.0,0.02,744.9750931345199,2615.3851161720513,0.3718590439127849,8.762606229294245e-09
q23_1d_adaptive_nr80_nz1_dt0.25_m56c5bf06eb27,1,32400.0,0.09375,accepted_state,323.1489344257019,0.6450301622621217,0.0,0.0,0.02,732.5638607695516,2522.8086113158806,0.3590011960160946,7.999078719553203e-09
q23_1d_adaptive_nr80_nz1_dt0.25_m56c5bf06eb27,1,36000.0,0.09375,accepted_state,323.14893442582286,0.5677117333412242,0.0,0.0,0.02,722.6671018676767,2440.7811936261824,0.34760849911474756,7.274043788424443e-09
q23_1d_adaptive_nr80_nz1_dt0.25_m56c5bf06eb27,1,39600.0,0.09375,accepted_state,323.1489344258278,0.5058674391558938,0.0,0.0,0.02,714.7510322119545,2369.1070060631296,0.33765375084210136,6.602227294735607e-09
q23_1d_adaptive_nr80_nz1_dt0.25_m56c5bf06eb27,1,43200.0,0.09375,accepted_state,323.14893442583417,0.4561685831272136,0.0,0.0,0.02,708.3895786402834,2307.096669916976,0.3290412041551356,5.992392600925602e-09
q23_1d_adaptive_nr80_nz1_dt0.25_m56c5bf06eb27,1,46800.0,0.09375,accepted_state,323.1489344258386,0.41597279069743187,0.0,0.0,0.02,703.2445172092713,2253.7594809908783,0.3216332612487331,5.447553686500209e-09
q23_1d_adaptive_nr80_nz1_dt0.25_m56c5bf06eb27,1,50400.0,0.09375,accepted_state,323.1489344258427,0.38319841103680463,0.0,0.0,0.02,699.049396612711,2207.9757497052246,0.3152744096812812,4.966134630110218e-09
q23_1d_adaptive_nr80_nz1_dt0.25_m56c5bf06eb27,1,54000.0,0.09375,accepted_state,323.1489344258461,0.35621974760321407,0.0,0.0,0.02,695.5961276932114,2168.6278117279967,0.3098094182955551,4.543524351071392e-09
q23_1d_adaptive_nr80_nz1_dt0.25_m56c5bf06eb27,1,57600.0,0.09375,accepted_state,323.1489344258495,0.3337780652290476,0.0,0.0,0.02,692.7235923493181,2134.684214168606,0.30509502974563973,4.173549755124912e-09
q23_1d_adaptive_nr80_nz1_dt0.25_m56c5bf06eb27,1,61200.0,0.09375,accepted_state,323.148934425852,0.31490565270184795,0.0,0.0,0.02,690.3079235458365,2105.2423468724855,0.3010058815100674,3.84959802582755e-09
q23_1d_adaptive_nr80_nz1_dt0.25_m56c5bf06eb27,1,64800.0,0.09375,accepted_state,323.1489344258537,0.298861666811886,0.0,0.0,0.02,688.2542933519214,2079.540112923931,0.29743612679499043,3.565323612832074e-09
q23_1d_adaptive_nr80_nz1_dt0.25_m56c5bf06eb27,1,68400.0,0.09375,accepted_state,323.1489344258548,0.28507922460678015,0.0,0.0,0.02,686.4901407496678,2056.9483838732313,0.2942983866490599,3.315006540817923e-09
q23_1d_adaptive_nr80_nz1_dt0.25_m56c5bf06eb27,1,72000.0,0.09375,accepted_state,323.1489344258561,0.2731231650216054,0.0,0.0,0.02,684.9597651227655,2036.954192673441,0.291521415649089,3.0936754381763484e-09
q23_1d_adaptive_nr80_nz1_dt0.25_m56c5bf06eb27,1,75600.0,0.09375,accepted_state,323.1489344258589,0.26265737411172607,0.0,0.0,0.02,683.620143886301,2019.1413920385457,0.2890474155609091,2.8970981232918055e-09
q23_1d_adaptive_nr80_nz1_dt0.25_m56c5bf06eb27,1,79200.0,0.09375,accepted_state,323.1489344258596,0.25342010952589067,0.0,0.0,0.02,682.437774019314,2003.1724075538416,0.2868295010491447,2.721710728134585e-09
q23_1d_adaptive_nr80_nz1_dt0.25_m56c5bf06eb27,1,82800.0,0.09375,accepted_state,323.1489344258602,0.24520563901111908,0.0,0.0,0.02,681.3863217934232,1988.772558777684,0.2848295220524561,2.5645264279721047e-09
q23_1d_adaptive_nr80_nz1_dt0.25_m56c5bf06eb27,1,86400.0,0.09375,accepted_state,323.1489344258619,0.23785066675734057,0.0,0.0,0.02,680.4448853449396,1975.7172304578594,0.283016282008036,2.423044400099368e-09
q23_1d_adaptive_nr80_nz1_dt0.25_m56c5bf06eb27,1,90000.0,0.09375,accepted_state,323.1489344258636,0.23122430369485608,0.0,0.0,0.02,679.5967108729416,1963.8216432299373,0.28136411711526904,2.2951678263585806e-09
q23_1d_adaptive_nr80_nz1_dt0.25_m56c5bf06eb27,1,93600.0,0.09375,accepted_state,323.1489344258643,0.225220629150426,0.0,0.0,0.02,678.8282405312546,1952.9327997708006,0.2798517777459445,2.179133665085739e-09
q23_1d_adaptive_nr80_nz1_dt0.25_m56c5bf06eb27,1,97200.0,0.09375,accepted_state,323.1489344258646,0.21975313962064966,0.0,0.0,0.02,678.1284018714432,1942.923174757384,0.2784615520496367,2.0734540842979536e-09
q23_1d_adaptive_nr80_nz1_dt0.25_m56c5bf06eb27,1,100800.0,0.09375,accepted_state,323.14893442586504,0.21475057351074192,0.0,0.0,0.02,677.4880734093749,1933.68577215592,0.2771785794661,1.9768683056386267e-09
q23_1d_adaptive_nr80_nz1_dt0.25_m56c5bf06eb27,1,104400.0,0.09375,accepted_state,323.1489344258679,0.2101537437336944,0.0,0.0,0.02,676.8996791979129,1925.1302434361742,0.2759903115883575,1.8883032842863444e-09
q23_1d_adaptive_nr80_nz1_dt0.25_m56c5bf06eb27,1,108000.0,0.09375,accepted_state,323.1489344258682,0.2059131134153415,0.0,0.0,0.02,676.3568785171638,1917.1798258406825,0.274886086922317,1.8068416898327135e-09
q23_1d_adaptive_nr80_nz1_dt0.25_m56c5bf06eb27,1,111600.0,0.09375,accepted_state,323.1489344258686,0.20198692374728602,0.0,0.0,0.02,675.8543262396527,1909.7689146648027,0.2738567937034448,1.731695833216571e-09
q23_1d_adaptive_nr80_nz1_dt0.25_m56c5bf06eb27,1,115200.0,0.09375,accepted_state,323.148934425869,0.1983397355225012,0.0,0.0,0.02,675.3874861468802,1902.8411270222573,0.27289460097531354,1.6621864004816573e-09
q23_1d_adaptive_nr80_nz1_dt0.25_m56c5bf06eb27,1,118800.0,0.09375,accepted_state,323.14893442586947,0.19494128326632304,0.0,0.0,0.02,674.9524842580894,1896.3477481995967,0.27199274280549957,1.597725060143306e-09
q23_1d_adaptive_nr80_nz1_dt0.25_m56c5bf06eb27,1,122400.0,0.09375,accepted_state,323.14893442587066,0.1917655675978946,0.0,0.0,0.02,674.5459926525305,1890.2464773381212,0.27114534407473906,1.5378001905734901e-09
q23_1d_adaptive_nr80_nz1_dt0.25_m56c5bf06eb27,1,126000.0,0.09375,accepted_state,323.14893442587237,0.18879013067349204,0.0,0.0,0.02,674.165136726207,1884.5004086045378,0.2703472789728525,1.481965123457444e-09
q23_1d_adaptive_nr80_nz1_dt0.25_m56c5bf06eb27,1,129600.0,0.09375,accepted_state,323.14893442587294,0.18599547347775686,0.0,0.0,0.02,673.8074206051529,1879.0771987037324,0.2695940553755184,1.4298284209730918e-09
q23_1d_adaptive_nr80_nz1_dt0.25_m56c5bf06eb27,1,133200.0,0.09375,accepted_state,323.14893442587305,0.18336458388027588,0.0,0.0,0.02,673.4706667366753,1873.9483827134645,0.2688817198213145,1.3810458017848029e-09
q23_1d_adaptive_nr80_nz1_dt0.25_m56c5bf06eb27,1,136800.0,0.09375,accepted_state,323.14893442587356,0.18088255183902152,0.0,0.0,0.02,673.1529666353947,1869.0888086718273,0.26820677898219825,1.3353134084396806e-09
q23_1d_adaptive_nr80_nz1_dt0.25_m56c5bf06eb27,1,140400.0,0.09375,accepted_state,323.1489344258736,0.1785362536634204,0.0,0.0,0.02,672.8526404689178,1864.4761677926476,0.26756613441564553,1.2923621701642671e-09
q23_1d_adaptive_nr80_nz1_dt0.25_m56c5bf06eb27,1,144000.0,0.09375,accepted_state,323.14893442587373,0.17631409138111998,0.0,0.0,0.02,672.5682036967834,1860.0906021217172,0.2669570280724607,1.2519530636697694e-09
q23_1d_adaptive_nr80_nz1_dt0.25_m56c5bf06eb27,1,147600.0,0.09375,accepted_state,323.14893442587385,0.17420577636176887,0.0,0.0,0.02,672.2983393743065,1855.9143752491236,0.2663769965623783,1.2138731130712793e-09
q23_1d_adaptive_nr80_nz1_dt0.25_m56c5bf06eb27,1,151200.0,0.09375,accepted_state,323.148934425874,0.17220214870875314,0.0,0.0,0.02,672.0418750347204,1851.9315946367626,0.2658238325884392,1.177932000568371e-09
q23_1d_adaptive_nr80_nz1_dt0.25_m56c5bf06eb27,1,154800.0,0.09375,accepted_state,323.148934425875,0.17029502573061384,0.0,0.0,0.02,671.7977632935185,1848.1279764118296,0.26529555227942075,1.1439591838236359e-09
q23_1d_adaptive_nr80_nz1_dt0.25_m56c5bf06eb27,1,158400.0,0.09375,accepted_state,323.14893442587663,0.16847707418874128,0.0,0.0,0.02,671.5650654961589,1844.490645270409,0.2647903673986679,1.1118014353457484e-09
q23_1d_adaptive_nr80_nz1_dt0.25_m56c5bf06eb27,1,162000.0,0.09375,accepted_state,323.14893442587663,0.16674170209043138,0.0,0.0,0.02,671.3429378675752,1841.007963546726,0.2643066616037119,1.0813207346866493e-09
q23_1d_adaptive_nr80_nz1_dt0.25_m56c5bf06eb27,1,165600.0,0.09375,accepted_state,323.14893442587663,0.16508296663210167,0.0,0.0,0.02,671.130619728909,1837.6693846199307,0.26384297008610147,1.052392456708772e-09
q23_1d_adaptive_nr80_nz1_dt0.25_m56c5bf06eb27,1,169200.0,0.09375,accepted_state,323.14893442587663,0.16349549555291495,0.0,0.0,0.02,670.9274234307732,1834.4653267180881,0.2633979620441789,1.0249038092087975e-09
q23_1d_adaptive_nr80_nz1_dt0.25_m56c5bf06eb27,1,172800.0,0.09375,accepted_state,323.14893442587663,0.16197441967603818,0.0,0.0,0.02,670.7327257185328,1831.3870638883732,0.2629704255400518,9.987524812985302e-10
q23_1d_adaptive_nr80_nz1_dt0.25_m56c5bf06eb27,1,176400.0,0.09375,accepted_state,323.14893442587686,0.16051531482508088,0.0,0.0,0.02,670.5459602976103,1828.4266314724296,0.2625592543711707,9.73845470530697e-10
q23_1d_adaptive_nr80_nz1_dt0.25_m56c5bf06eb27,1,180000.0,0.09375,accepted_state,323.14893442587817,0.15911415163042267,0.0,0.0,0.02,670.3666114086941,1825.5767438853952,0.2621634366507493,9.500980621233645e-10
q23_1d_adaptive_nr80_nz1_dt0.25_m56c5bf06eb27,1,183600.0,0.09375,accepted_state,323.1489344258783,0.15776725200269592,0.0,0.0,0.02,670.1942082563451,1822.8307228699978,0.26178204484305523,9.274329380275178e-10
q23_1d_adaptive_nr80_nz1_dt0.25_m56c5bf06eb27,1,187200.0,0.09375,accepted_state,323.1489344258783,0.15647125126218178,0.0,0.0,0.02,670.0283201615592,1820.1824347004665,0.26141422704173145,9.057793971844361e-10
q23_1d_adaptive_nr80_nz1_dt0.25_m56c5bf06eb27,1,190800.0,0.09375,accepted_state,323.1489344258783,0.15522306508424835,0.0,0.0,0.02,669.8685523307838,1817.6262350592278,0.26105919931378163,8.850726712860632e-10
q23_1d_adaptive_nr80_nz1_dt0.25_m56c5bf06eb27,1,194400.0,0.09375,accepted_state,323.1489344258783,0.15401986056044056,0.0,0.0,0.02,669.7145421517364,1815.1569205132369,0.26071623896017176,8.652533228062099e-10
q23_1d_adaptive_nr80_nz1_dt0.25_m56c5bf06eb27,1,198000.0,0.09375,accepted_state,323.14893442587834,0.1528590307887147,0.0,0.0,0.02,669.5659559409555,1812.7696856846424,0.2603846785673114,8.462667141022173e-10
q23_1d_adaptive_nr80_nz1_dt0.25_m56c5bf06eb27,1,201600.0,0.09375,accepted_state,323.14893442587845,0.15173817249995714,0.0,0.0,0.02,669.4224860799945,1810.4600853497354,0.26006390074301877,8.280625380808609e-10
q23_1d_adaptive_nr80_nz1_dt0.25_m56c5bf06eb27,1,205200.0,0.09375,accepted_state,323.14893442587896,0.15065506630499528,0.0,0.0,0.02,669.2838484870394,1808.2240008155584,0.25975333344660534,8.10594402334258e-10
q23_1d_adaptive_nr80_nz1_dt0.25_m56c5bf06eb27,1,208800.0,0.09375,accepted_state,323.148934425879,0.1496076592101507,0.0,0.0,0.02,669.1497803788993,1806.0576100199298,0.2594524458361014,7.938194598347737e-10
q23_1d_adaptive_nr80_nz1_dt0.25_m56c5bf06eb27,1,212400.0,0.09375,accepted_state,323.1489344258791,0.14859404910239252,0.0,0.0,0.02,669.0200382851062,1803.9573608812102,0.25916074456683474,7.776980802717237e-10
q23_1d_adaptive_nr80_nz1_dt0.25_m56c5bf06eb27,1,216000.0,0.09375,accepted_state,323.1489344258792,0.1476124709493722,0.0,0.0,0.02,668.8943962815197,1801.9199474918387,0.25887777048497757,7.621935569496302e-10
q23_1d_adaptive_nr80_nz1_dt0.25_m56c5bf06eb27,1,219600.0,0.09375,accepted_state,323.14893442587925,0.1466612844965944,0.0,0.0,0.02,668.7726444155641,1799.9422888066247,0.2586030956675867,7.472718448751686e-10
q23_1d_adaptive_nr80_nz1_dt0.25_m56c5bf06eb27,1,223200.0,0.09375,accepted_state,323.1489344258802,0.14573896327505942,0.0,0.0,0.02,668.6545872992076,1798.0215095249719,0.2583363207673572,7.329013262593683e-10
q23_1d_adaptive_nr80_nz1_dt0.25_m56c5bf06eb27,1,226800.0,0.09375,accepted_state,323.14893442588084,0.14484408475883948,0.0,0.0,0.02,668.5400428491314,1796.1549229069597,0.2580770726259666,7.19052600170027e-10
q23_1d_adaptive_nr80_nz1_dt0.25_m56c5bf06eb27,1,230400.0,0.09375,accepted_state,323.1489344258809,0.14397532153420317,0.0,0.0,0.02,668.428841156378,1794.3400152979632,0.2578250021247171,7.056982935040401e-10
q23_1d_adaptive_nr80_nz1_dt0.25_m56c5bf06eb27,1,234000.0,0.09375,accepted_state,323.14893442588095,0.1431314333606127,0.0,0.0,0.02,668.3208234701584,1792.5744321660165,0.25757978224528005,6.928128908186632e-10
q23_1d_adaptive_nr80_nz1_dt0.25_m56c5bf06eb27,1,237600.0,0.09375,accepted_state,323.148934425881,0.14231126001987282,0.0,0.0,0.02,668.2158412825437,1790.8559654814208,0.25734110631686397,6.803725808785071e-10
q23_1d_adaptive_nr80_nz1_dt0.25_m56c5bf06eb27,1,241200.0,0.09375,accepted_state,323.1489344258823,0.1415137148632655,0.0,0.0,0.02,668.113755502498,1789.182542289711,0.2571086864291265,6.683551180466935e-10
q23_1d_adaptive_nr80_nz1_dt0.25_m56c5bf06eb27,1,244800.0,0.09375,accepted_state,323.14893442588425,0.14073777897817014,0.0,0.0,0.02,668.0144357092058,1787.5522143478008,0.2568822519927501,6.567396968832793e-10
q23_1d_adaptive_nr80_nz1_dt0.25_m56c5bf06eb27,1,248400.0,0.09375,accepted_state,323.1489344258843,0.13998249590556036,0.0,0.0,0.02,667.9177594759117,1785.9631487090319,0.25666154843181,6.455068385152767e-10
q23_1d_adaptive_nr80_nz1_dt0.25_m56c5bf06eb27,1,252000.0,0.09375,accepted_state,323.14893442588436,0.13924696684839794,0.0,0.0,0.02,667.8236117565949,1784.4136191568325,0.2564463359940045,6.346382875180143e-10
q23_1d_adaptive_nr80_nz1_dt0.25_m56c5bf06eb27,1,255600.0,0.09375,accepted_state,323.1489344258844,0.13853034631823818,0.0,0.0,0.02,667.7318843287345,1782.9019983985193,0.256236388666461,6.241169181969631e-10
q23_1d_adaptive_nr80_nz1_dt0.25_m56c5bf06eb27,1,259200.0,0.09375,accepted_state,323.1489344258845,0.1378318381738288,0.0,0.0,0.02,667.64247528625,1781.4267509413671,0.256031493186301,6.139266492927312e-10
q23_1d_nr40_nz1_dt0.125_half_steps,1,3600.0,,accepted_state,,2.5255393672523794,0.0,0.0,0.02,973.2690390083046,3409.9485324107172,0.482215073945933,9.330579577383144e-09
q23_1d_nr40_nz1_dt0.125_half_steps,1,7200.0,,accepted_state,,2.1709629501489878,0.0,0.0,0.02,927.8832576190705,3323.1706188268618,0.4701625859481753,1.2333241489276753e-08
q23_1d_nr40_nz1_dt0.125_half_steps,1,10800.0,,accepted_state,,1.7663807076545335,0.0,0.0,0.02,876.0967305797803,3196.982113767086,0.452636404689873,1.2387593173245717e-08
q23_1d_nr40_nz1_dt0.125_half_steps,1,14400.0,,accepted_state,,1.4538010602738123,0.0,0.0,0.02,836.086535715048,3070.995183882308,0.4351382199836539,1.1792344623176939e-08
q23_1d_nr40_nz1_dt0.125_half_steps,1,18000.0,,accepted_state,,1.210015991206169,0.0,0.0,0.02,804.8820468743896,2947.999908196699,0.4180555428050971,1.1079080820539673e-08
q23_1d_nr40_nz1_dt0.125_half_steps,1,21600.0,,accepted_state,,1.017128157730188,0.0,0.0,0.02,780.192404189464,2829.616178022751,0.40161335805871534,1.0324765825083661e-08
q23_1d_nr40_nz1_dt0.125_half_steps,1,25200.0,,accepted_state,,0.8639156747079908,0.0,0.0,0.02,760.5812063626229,2718.1224360492415,0.38612811611795017,9.545634956104653e-09
q23_1d_nr40_nz1_dt0.125_half_steps,1,28800.0,,accepted_state,,0.7420848046005659,0.0,0.0,0.02,744.9868549888724,2615.4679611608667,0.3718705501612315,8.763264303153552e-09
q23_1d_nr40_nz1_dt0.125_half_steps,1,32400.0,,accepted_state,,0.6451101674586672,0.0,0.0,0.02,732.5741014347094,2522.8894958405626,0.359012429977856,7.999770830231294e-09
q23_1d_nr40_nz1_dt0.125_half_steps,1,36000.0,,accepted_state,,0.5677810172565183,0.0,0.0,0.02,722.6759702088343,2440.858318932982,0.34761921096291415,7.274747400262239e-09
q23_1d_nr40_nz1_dt0.125_half_steps,1,39600.0,,accepted_state,,0.5059274343293055,0.0,0.0,0.02,714.7587115941511,2369.179389902986,0.33766380415319247,6.602923788564229e-09
q23_1d_nr40_nz1_dt0.125_half_steps,1,43200.0,,accepted_state,,0.4562209448620261,0.0,0.0,0.02,708.3962809423393,2307.164230157924,0.3290505875219339,5.9930711024325006e-09
q23_1d_nr40_nz1_dt0.125_half_steps,1,46800.0,,accepted_state,,0.41601939975278135,0.0,0.0,0.02,703.250483168356,2253.823081747559,0.321642094687161,5.4482139726177605e-09
q23_1d_nr40_nz1_dt0.125_half_steps,1,50400.0,,accepted_state,,0.38324142312062326,0.0,0.0,0.02,699.0549021594397,2208.0372566435126,0.3152829523115989,4.966789196921478e-09
q23_1d_nr40_nz1_dt0.125_half_steps,1,54000.0,,accepted_state,,0.35626163957925644,0.0,0.0,0.02,695.6014898661448,2168.690123972857,0.30981807277400786,4.544199316361323e-09
q23_1d_nr40_nz1_dt0.125_half_steps,1,57600.0,,accepted_state,,0.33382158887299407,0.0,0.0,0.02,692.7291633757433,2134.751150210599,0.3051043264181388,4.174283439600623e-09
q23_1d_nr40_nz1_dt0.125_half_steps,1,61200.0,,accepted_state,,0.3149536507719745,0.0,0.0,0.02,690.3140672988127,2105.31829810597,0.3010164302924958,3.850436465599415e-09
q23_1d_nr40_nz1_dt0.125_half_steps,1,64800.0,,accepted_state,,0.29891681268589876,0.0,0.0,0.02,688.2613520237951,2079.629543263435,0.29744854767547707,3.56631413515336e-09
q23_1d_nr40_nz1_dt0.125_half_steps,1,68400.0,,accepted_state,,0.28514379605967516,0.0,0.0,0.02,686.4984058956384,2057.055357082427,0.2943132440392259,3.316191724316575e-09
q23_1d_nr40_nz1_dt0.125_half_steps,1,72000.0,,accepted_state,,0.27319891924689704,0.0,0.0,0.02,684.9694616636028,2037.0820590247151,0.2915391748645437,3.0950891335142015e-09
q23_1d_nr40_nz1_dt0.125_half_steps,1,75600.0,,accepted_state,,0.2627455253720089,0.0,0.0,0.02,683.6314272476171,2019.2926587136665,0.28906842482134254,2.8987638515139056e-09
q23_1d_nr40_nz1_dt0.125_half_steps,1,79200.0,,accepted_state,,0.2535213764486292,0.0,0.0,0.02,682.4507361854245,2003.3487493676382,0.2868539929677275,2.723641897959547e-09
q23_1d_nr40_nz1_dt0.125_half_steps,1,82800.0,,accepted_state,,0.24532032555684186,0.0,0.0,0.02,681.4010016712757,1988.974910269288,0.28485762642629,2.5667276025914245e-09
q23_1d_nr40_nz1_dt0.125_half_steps,1,86400.0,,accepted_state,,0.2379787512155646,0.0,0.0,0.02,680.4612801555922,1975.945911984728,0.2830480433312122,2.4255129897548627e-09
q23_1d_nr40_nz1_dt0.125_half_steps,1,90000.0,,accepted_state,,0.23136552142898772,0.0,0.0,0.02,679.6147867429104,1964.0764911909353,0.28139951266540764,2.297895811814128e-09
q23_1d_nr40_nz1_dt0.125_half_steps,1,93600.0,,accepted_state,,0.2253745429660375,0.0,0.0,0.02,678.8479414996528,1953.2132853539858,0.2798907340769425,2.182109146881875e-09
q23_1d_nr40_nz1_dt0.125_half_steps,1,97200.0,,accepted_state,,0.21991919638843183,0.0,0.0,0.02,678.1496571377193,1943.2285048879285,0.2785039590122123,2.076662577254306e-09
q23_1d_nr40_nz1_dt0.125_half_steps,1,100800.0,,accepted_state,,0.2149281480254336,0.0,0.0,0.02,677.5108029472555,1934.0149715465118,0.27722430160368217,1.980293768448759e-09
q23_1d_nr40_nz1_dt0.125_half_steps,1,104400.0,,accepted_state,,0.21034217171238506,0.0,0.0,0.02,676.9237979791853,1925.4822192065544,0.27603919711202146,1.8919289083219934e-09
q23_1d_nr40_nz1_dt0.125_half_steps,1,108000.0,,accepted_state,,0.2061117157125379,0.0,0.0,0.02,676.3822996112049,1917.5534171860309,0.27493797460917097,1.8106504843475956e-09
q23_1d_nr40_nz1_dt0.125_half_steps,1,111600.0,,accepted_state,,0.20219502369508746,0.0,0.0,0.02,675.8809630329712,1910.1629302452252,0.2739115180896146,1.7356710459868753e-09
q23_1d_nr40_nz1_dt0.125_half_steps,1,115200.0,,accepted_state,,0.19855667101048774,0.0,0.0,0.02,675.4152538893425,1903.2543725501828,0.27295199618752536,1.6663118095122403e-09
q23_1d_nr40_nz1_dt0.125_half_steps,1,118800.0,,accepted_state,,0.1951664148649049,0.0,0.0,0.02,674.9813011027078,1896.7790463562662,0.2720526453272592,1.6019851666987926e-09
q23_1d_nr40_nz1_dt0.125_half_steps,1,122400.0,,accepted_state,,0.19199828374754585,0.0,0.0,0.02,674.5757803196859,1890.6946817756834,0.27120759469106714,1.5421803381505486e-09
q23_1d_nr40_nz1_dt0.125_half_steps,1,126000.0,,accepted_state,,0.18902985072630202,0.0,0.0,0.02,674.1958208929667,1884.9644134428138,0.2704117240892797,1.4864515621619036e-09
q23_1d_nr40_nz1_dt0.125_half_steps,1,129600.0,,accepted_state,,0.1862416491879457,0.0,0.0,0.02,673.8389310960571,1879.555944631553,0.2696605478654935,1.4344083323859754e-09
q23_1d_nr40_nz1_dt0.125_half_steps,1,133200.0,,accepted_state,,0.18361669979173878,0.0,0.0,0.02,673.5029375733426,1874.4408605578071,0.26895011952191766,1.3857072958297478e-09
q23_1d_nr40_nz1_dt0.125_half_steps,1,136800.0,,accepted_state,,0.18114012490360482,0.0,0.0,0.02,673.1859359876614,1869.5940610998289,0.2682769529305318,1.3400455009298204e-09
q23_1d_nr40_nz1_dt0.125_half_steps,1,140400.0,,accepted_state,,0.17879883233665111,0.0,0.0,0.02,672.8862505390913,1864.9932896551848,0.26763795689655345,1.297154747497936e-09
q23_1d_nr40_nz1_dt0.125_half_steps,1,144000.0,,accepted_state,,0.1765812543764705,0.0,0.0,0.02,672.6024005601882,1860.6187398252032,0.26703038053127826,1.2567968394449207e-09
q23_1d_nr40_nz1_dt0.125_half_steps,1,147600.0,,accepted_state,,0.17447713119532496,0.0,0.0,0.02,672.3330727930016,1856.4527254477625,0.26645176742330035,1.2187595800971232e-09
q23_1d_nr40_nz1_dt0.125_half_steps,1,151200.0,,accepted_state,,0.17247733012945482,0.0,0.0,0.02,672.0770982565703,1852.4794024649377,0.2658999170090191,1.1828533807752184e-09
q23_1d_nr40_nz1_dt0.125_half_steps,1,154800.0,,accepted_state,,0.17057369410388684,0.0,0.0,0.02,671.8334328452975,1848.6845334205984,0.26537285186397197,1.1489083778402527e-09
q23_1d_nr40_nz1_dt0.125_half_steps,1,158400.0,,accepted_state,,0.16875891388119238,0.0,0.0,0.02,671.6011409767926,1845.0552871897735,0.26486878988746854,1.1167719729693258e-09
q23_1d_nr40_nz1_dt0.125_half_steps,1,162000.0,,accepted_state,,0.16702641988834058,0.0,0.0,0.02,671.3793817457076,1841.5800679630058,0.26438612055041744,1.0863067270663864e-09
q23_1d_nr40_nz1_dt0.125_half_steps,1,165600.0,,accepted_state,,0.16537029021552696,0.0,0.0,0.02,671.1673971475875,1838.2483686331182,0.2639233845323775,1.0573885507689442e-09
q23_1d_nr40_nz1_dt0.125_half_steps,1,169200.0,,accepted_state,,0.16378517203923076,0.0,0.0,0.02,670.9645020210215,1835.0506446255267,0.26347925619798984,1.02990514462132e-09
q23_1d_nr40_nz1_dt0.125_half_steps,1,172800.0,,accepted_state,,0.16226621424099025,0.0,0.0,0.02,670.7700754228467,1831.9782049272374,0.2630525284621163,1.003754650160832e-09
q23_1d_nr40_nz1_dt0.125_half_steps,1,176400.0,,accepted_state,,0.16080900940525095,0.0,0.0,0.02,670.5835532038722,1829.0231176429188,0.26264209967262764,9.788444797941718e-10
q23_1d_nr40_nz1_dt0.125_half_steps,1,180000.0,,accepted_state,,0.15940954370810553,0.0,0.0,0.02,670.4044215946375,1826.178127868836,0.262246962204005,9.550902987418469e-10
q23_1d_nr40_nz1_dt0.125_half_steps,1,183600.0,,accepted_state,,0.15806415347211844,0.0,0.0,0.02,670.2322116444311,1823.4365860501769,0.261866192506969,9.324151367431189e-10
q23_1d_nr40_nz1_dt0.125_half_steps,1,187200.0,,accepted_state,,0.15676948737462293,0.0,0.0,0.02,670.0664943839517,1820.7923852922834,0.261498942401706,9.107486108341669e-10
q23_1d_nr40_nz1_dt0.125_half_steps,1,190800.0,,accepted_state,,0.1555224734687633,0.0,0.0,0.02,669.9068766040017,1818.239906345741,0.26114443143690846,8.900262434936102e-10
q23_1d_nr40_nz1_dt0.125_half_steps,1,194400.0,,accepted_state,,0.15432029031626146,0.0,0.0,0.02,669.7529971604814,1815.7739691897914,0.2608019401652488,8.701888629105152e-10
q23_1d_nr40_nz1_dt0.125_half_steps,1,198000.0,,accepted_state,,0.1531603416451945,0.0,0.0,0.02,669.6045237305849,1813.3897903073957,0.26047080420936053,8.511820741719671e-10
q23_1d_nr40_nz1_dt0.125_half_steps,1,201600.0,,accepted_state,,0.15204023403974476,0.0,0.0,0.02,669.4611499570873,1811.08294488471,0.2601504090117653,8.32955791863713e-10
q23_1d_nr40_nz1_dt0.125_half_steps,1,205200.0,,accepted_state,,0.1509577572461839,0.0,0.0,0.02,669.3225929275116,1808.8493332837552,0.2598401851782993,8.154638259940457e-10
q23_1d_nr40_nz1_dt0.125_half_steps,1,208800.0,,accepted_state,,0.1499108667432198,0.0,0.0,0.02,669.1885909431321,1806.685151233586,0.25953960433799805,7.986635143355363e-10
q23_1d_nr40_nz1_dt0.125_half_steps,1,212400.0,,accepted_state,,0.1488976682779456,0.0,0.0,0.02,669.058901539577,1804.5868632661402,0.25924817545363055,7.825153952755678e-10
q23_1d_nr40_nz1_dt0.125_half_steps,1,216000.0,,accepted_state,,0.14791640411284063,0.0,0.0,0.02,668.9332997264436,1802.551178990687,0.2589654415264843,7.669829161024672e-10
q23_1d_nr40_nz1_dt0.125_half_steps,1,219600.0,,accepted_state,,0.14696544076631823,0.0,0.0,0.02,668.8115764180887,1800.5750318579735,0.25869097664694074,7.520321723636551e-10
q23_1d_nr40_nz1_dt0.125_half_steps,1,223200.0,,accepted_state,,0.14604325806036128,0.0,0.0,0.02,668.6935370317262,1798.6555601133366,0.2584243833490745,7.376316745302994e-10
q23_1d_nr40_nz1_dt0.125_half_steps,1,226800.0,,accepted_state,,0.145148439314965,0.0,0.0,0.02,668.5790002323155,1796.790089678948,0.25816529023318724,7.237521387123224e-10
q23_1d_nr40_nz1_dt0.125_half_steps,1,230400.0,,accepted_state,,0.14427966255118874,0.0,0.0,0.02,668.4677968065522,1794.9761187400231,0.2579133498250032,7.10366298600547e-10
q23_1d_nr40_nz1_dt0.125_half_steps,1,234000.0,,accepted_state,,0.1434356925833892,0.0,0.0,0.02,668.3597686506738,1793.2113038394878,0.2576682366443733,6.97448736183357e-10
q23_1d_nr40_nz1_dt0.125_half_steps,1,237600.0,,accepted_state,,0.14261537389710027,0.0,0.0,0.02,668.2547678588288,1791.4934473108235,0.2574296454598366,6.849757291013195e-10
q23_1d_nr40_nz1_dt0.125_half_steps,1,241200.0,,accepted_state,,0.1418176242226095,0.0,0.0,0.02,668.152655900494,1789.8204859004807,0.25719728970840006,6.729251127751386e-10
q23_1d_nr40_nz1_dt0.125_half_steps,1,244800.0,,accepted_state,,0.14104142872588674,0.0,0.0,0.02,668.0533028769134,1788.1904804498809,0.25697090006248346,6.612761556758223e-10
q23_1d_nr40_nz1_dt0.125_half_steps,1,248400.0,,accepted_state,,0.14028583474845505,0.0,0.0,0.02,667.9565868478022,1786.60160652302,0.25675022312819723,6.500094463076032e-10
q23_1d_nr40_nz1_dt0.125_half_steps,1,252000.0,,accepted_state,,0.1395499470363606,0.0,0.0,0.02,667.8623932206542,1785.0521458795697,0.25653502026105135,6.391067906477626e-10
q23_1d_nr40_nz1_dt0.125_half_steps,1,255600.0,,accepted_state,,0.13883292340573772,0.0,0.0,0.02,667.7706141959344,1783.5404787052933,0.2563250664868463,6.285511189386217e-10
q23_1d_nr40_nz1_dt0.125_half_steps,1,259200.0,,accepted_state,,0.13813397079882309,0.0,0.0,0.02,667.6811482622494,1782.0650765219834,0.2561201495169421,6.183264008571144e-10
q23_1d_nr40_nz1_dt0.25,1,3600.0,,accepted_state,,2.5255393672523763,0.0,0.0,0.02,973.2690390083042,3409.9485324107163,0.4822150739459329,9.330579577383277e-09
q23_1d_nr40_nz1_dt0.25,1,7200.0,,accepted_state,,2.1709629501489833,0.0,0.0,0.02,927.8832576190698,3323.170618826861,0.47016258594817506,1.2333241489277037e-08
q23_1d_nr40_nz1_dt0.25,1,10800.0,,accepted_state,,1.7663807076545388,0.0,0.0,0.02,876.096730579781,3196.982113767088,0.4526364046898733,1.2387593173245785e-08
q23_1d_nr40_nz1_dt0.25,1,14400.0,,accepted_state,,1.4538010602738187,0.0,0.0,0.02,836.0865357150487,3070.995183882311,0.4351382199836543,1.1792344623176939e-08
q23_1d_nr40_nz1_dt0.25,1,18000.0,,accepted_state,,1.2100159912061728,0.0,0.0,0.02,804.8820468743901,2947.9999081967017,0.41805554280509744,1.1079080820539454e-08
q23_1d_nr40_nz1_dt0.25,1,21600.0,,accepted_state,,1.017128157730188,0.0,0.0,0.02,780.192404189464,2829.616178022751,0.40161335805871534,1.03247658250839e-08
q23_1d_nr40_nz1_dt0.25,1,25200.0,,accepted_state,,0.8639156747079837,0.0,0.0,0.02,760.581206362622,2718.122436049236,0.3861281161179494,9.545634956111265e-09
q23_1d_nr40_nz1_dt0.25,1,28800.0,,accepted_state,,0.7420848046004324,0.0,0.0,0.02,744.9868549888554,2615.467961160746,0.37187055016121473,8.763264303163483e-09
q23_1d_nr40_nz1_dt0.25,1,32400.0,,accepted_state,,0.6451101674585012,0.0,0.0,0.02,732.5741014346881,2522.8894958403953,0.35901242997783267,7.999770830251117e-09
q23_1d_nr40_nz1_dt0.25,1,36000.0,,accepted_state,,0.567781017256164,0.0,0.0,0.02,722.675970208789,2440.8583189325873,0.3476192109628594,7.274747400297723e-09
q23_1d_nr40_nz1_dt0.25,1,39600.0,,accepted_state,,0.5059274343288149,0.0,0.0,0.02,714.7587115940883,2369.179389902394,0.33766380415311026,6.602923788592766e-09
q23_1d_nr40_nz1_dt0.25,1,43200.0,,accepted_state,,0.4562209448614878,0.0,0.0,0.02,708.3962809422704,2307.1642301572297,0.32905058752183747,5.993071102455762e-09
q23_1d_nr40_nz1_dt0.25,1,46800.0,,accepted_state,,0.4160193997522333,0.0,0.0,0.02,703.2504831682859,2253.8230817468116,0.3216420946870571,5.448213972636623e-09
q23_1d_nr40_nz1_dt0.25,1,50400.0,,accepted_state,,0.3832414231200854,0.0,0.0,0.02,699.054902159371,2208.037256642743,0.3152829523114921,4.96678919693706e-09
q23_1d_nr40_nz1_dt0.25,1,54000.0,,accepted_state,,0.3562616395787343,0.0,0.0,0.02,695.6014898660779,2168.69012397208,0.3098180727739,4.544199316374432e-09
q23_1d_nr40_nz1_dt0.25,1,57600.0,,accepted_state,,0.33382158887249,0.0,0.0,0.02,692.7291633756787,2134.751150209824,0.3051043264180311,4.174283439611554e-09
q23_1d_nr40_nz1_dt0.25,1,61200.0,,accepted_state,,0.31495365077149334,0.0,0.0,0.02,690.3140672987512,2105.3182981052087,0.30101643029239006,3.850436465608573e-09
q23_1d_nr40_nz1_dt0.25,1,64800.0,,accepted_state,,0.2989168126854394,0.0,0.0,0.02,688.2613520237362,2079.62954326269,0.2974485476753736,3.566314135161063e-09
q23_1d_nr40_nz1_dt0.25,1,68400.0,,accepted_state,,0.2851437960592368,0.0,0.0,0.02,686.4984058955823,2057.0553570817,0.294313244039125,3.316191724323214e-09
q23_1d_nr40_nz1_dt0.25,1,72000.0,,accepted_state,,0.2731989192464814,0.0,0.0,0.02,684.9694616635496,2037.0820590240135,0.2915391748644463,3.095089133520085e-09
q23_1d_nr40_nz1_dt0.25,1,75600.0,,accepted_state,,0.262745525371611,0.0,0.0,0.02,683.6314272475662,2019.2926587129837,0.2890684248212477,2.8987638515190548e-09
q23_1d_nr40_nz1_dt0.25,1,79200.0,,accepted_state,,0.2535213764482501,0.0,0.0,0.02,682.4507361853761,2003.3487493669782,0.28685399296763586,2.7236418979640224e-09
q23_1d_nr40_nz1_dt0.25,1,82800.0,,accepted_state,,0.2453203255564792,0.0,0.0,0.02,681.4010016712293,1988.9749102686483,0.28485762642620116,2.5667276025954508e-09
q23_1d_nr40_nz1_dt0.25,1,86400.0,,accepted_state,,0.23797875121521694,0.0,0.0,0.02,680.4612801555478,1975.9459119841072,0.283048043331126,2.42551298975837e-09
q23_1d_nr40_nz1_dt0.25,1,90000.0,,accepted_state,,0.2313655214286542,0.0,0.0,0.02,679.6147867428678,1964.0764911903334,0.28139951266532404,2.2978958118173363e-09
q23_1d_nr40_nz1_dt0.25,1,93600.0,,accepted_state,,0.2253745429657159,0.0,0.0,0.02,678.8479414996116,1953.2132853534,0.2798907340768611,2.182109146884782e-09
q23_1d_nr40_nz1_dt0.25,1,97200.0,,accepted_state,,0.2199191963881224,0.0,0.0,0.02,678.1496571376797,1943.2285048873596,0.27850395901213326,2.0766625772568917e-09
q23_1d_nr40_nz1_dt0.25,1,100800.0,,accepted_state,,0.21492814802513538,0.0,0.0,0.02,677.5108029472174,1934.0149715459588,0.2772243016036054,1.9802937684511544e-09
q23_1d_nr40_nz1_dt0.25,1,104400.0,,accepted_state,,0.21034217171209615,0.0,0.0,0.02,676.9237979791483,1925.482219206015,0.2760391971119465,1.8919289083241846e-09
q23_1d_nr40_nz1_dt0.25,1,108000.0,,accepted_state,,0.20611171571225845,0.0,0.0,0.02,676.3822996111691,1917.5534171855052,0.27493797460909797,1.8106504843496445e-09
q23_1d_nr40_nz1_dt0.25,1,111600.0,,accepted_state,,0.20219502369481468,0.0,0.0,0.02,675.8809630329363,1910.1629302447088,0.27391151808954284,1.7356710459887191e-09
q23_1d_nr40_nz1_dt0.25,1,115200.0,,accepted_state,,0.19855667101022392,0.0,0.0,0.02,675.4152538893087,1903.2543725496803,0.2729519961874556,1.6663118095138771e-09
q23_1d_nr40_nz1_dt0.25,1,118800.0,,accepted_state,,0.19516641486464867,0.0,0.0,0.02,674.981301102675,1896.7790463557753,0.27205264532719103,1.601985166700332e-09
q23_1d_nr40_nz1_dt0.25,1,122400.0,,accepted_state,,0.1919982837472955,0.0,0.0,0.02,674.5757803196539,1890.6946817752012,0.2712075946910002,1.542180338151984e-09
q23_1d_nr40_nz1_dt0.25,1,126000.0,,accepted_state,,0.18902985072605907,0.0,0.0,0.02,674.1958208929356,1884.9644134423436,0.2704117240892144,1.4864515621632581e-09
q23_1d_nr40_nz1_dt0.25,1,129600.0,,accepted_state,,0.18624164918770955,0.0,0.0,0.02,673.8389310960268,1879.555944631094,0.2696605478654297,1.4344083323872673e-09
q23_1d_nr40_nz1_dt0.25,1,133200.0,,accepted_state,,0.18361669979150871,0.0,0.0,0.02,673.5029375733131,1874.4408605573578,0.2689501195218552,1.3857072958310303e-09
q23_1d_nr40_nz1_dt0.25,1,136800.0,,accepted_state,,0.18114012490338077,0.0,0.0,0.02,673.1859359876328,1869.5940610993896,0.26827695293047077,1.3400455009310488e-09
q23_1d_nr40_nz1_dt0.25,1,140400.0,,accepted_state,,0.17879883233643293,0.0,0.0,0.02,672.8862505390634,1864.9932896547552,0.2676379568964938,1.2971547474990536e-09
q23_1d_nr40_nz1_dt0.25,1,144000.0,,accepted_state,,0.1765812543762582,0.0,0.0,0.02,672.6024005601611,1860.6187398247837,0.26703038053121997,1.2567968394460057e-09
q23_1d_nr40_nz1_dt0.25,1,147600.0,,accepted_state,,0.17447713119511754,0.0,0.0,0.02,672.333072792975,1856.452725447351,0.26645176742324317,1.2187595800981667e-09
q23_1d_nr40_nz1_dt0.25,1,151200.0,,accepted_state,,0.17247733012925176,0.0,0.0,0.02,672.0770982565442,1852.4794024645335,0.265899917008963,1.182853380776227e-09
q23_1d_nr40_nz1_dt0.25,1,154800.0,,accepted_state,,0.17057369410368645,0.0,0.0,0.02,671.8334328452719,1848.6845334201982,0.2653728518639164,1.1489083778411913e-09
q23_1d_nr40_nz1_dt0.25,1,158400.0,,accepted_state,,0.16875891388099667,0.0,0.0,0.02,671.6011409767676,1845.0552871893817,0.26486878988741414,1.1167719729701789e-09
q23_1d_nr40_nz1_dt0.25,1,162000.0,,accepted_state,,0.1670264198881488,0.0,0.0,0.02,671.3793817456831,1841.5800679626207,0.264386120550364,1.0863067270672124e-09
q23_1d_nr40_nz1_dt0.25,1,165600.0,,accepted_state,,0.16537029021533872,0.0,0.0,0.02,671.1673971475634,1838.248368632739,0.26392338453232483,1.0573885507697517e-09
q23_1d_nr40_nz1_dt0.25,1,169200.0,,accepted_state,,0.16378517203904536,0.0,0.0,0.02,670.9645020209978,1835.0506446251522,0.2634792561979378,1.0299051446220847e-09
q23_1d_nr40_nz1_dt0.25,1,172800.0,,accepted_state,,0.16226621424080792,0.0,0.0,0.02,670.7700754228234,1831.978204926868,0.263052528462065,1.003754650161572e-09
q23_1d_nr40_nz1_dt0.25,1,176400.0,,accepted_state,,0.16080900940507342,0.0,0.0,0.02,670.5835532038494,1829.0231176425584,0.26264209967257757,9.788444797949144e-10
q23_1d_nr40_nz1_dt0.25,1,180000.0,,accepted_state,,0.1594095437079317,0.0,0.0,0.02,670.4044215946153,1826.1781278684823,0.2622469622039559,9.550902987425731e-10
q23_1d_nr40_nz1_dt0.25,1,183600.0,,accepted_state,,0.15806415347194588,0.0,0.0,0.02,670.2322116444091,1823.4365860498249,0.2618661925069201,9.324151367437947e-10
q23_1d_nr40_nz1_dt0.25,1,187200.0,,accepted_state,,0.1567694873744535,0.0,0.0,0.02,670.06649438393,1820.792385291937,0.26149894240165794,9.107486108348254e-10
q23_1d_nr40_nz1_dt0.25,1,190800.0,,accepted_state,,0.15552247346859574,0.0,0.0,0.02,669.9068766039802,1818.2399063453977,0.2611444314368608,8.900262434942394e-10
q23_1d_nr40_nz1_dt0.25,1,194400.0,,accepted_state,,0.154320290316098,0.0,0.0,0.02,669.7529971604605,1815.7739691894558,0.2608019401652022,8.70188862911149e-10
q23_1d_nr40_nz1_dt0.25,1,198000.0,,accepted_state,,0.15316034164503362,0.0,0.0,0.02,669.6045237305643,1813.3897903070647,0.26047080420931457,8.511820741725869e-10
q23_1d_nr40_nz1_dt0.25,1,201600.0,,accepted_state,,0.15204023403958514,0.0,0.0,0.02,669.4611499570669,1811.082944884381,0.2601504090117196,8.329557918643004e-10
q23_1d_nr40_nz1_dt0.25,1,205200.0,,accepted_state,,0.15095775724602611,0.0,0.0,0.02,669.3225929274913,1808.8493332834291,0.259840185178254,8.154638259945714e-10
q23_1d_nr40_nz1_dt0.25,1,208800.0,,accepted_state,,0.14991086674306472,0.0,0.0,0.02,669.1885909431123,1806.685151233265,0.2595396043379535,7.98663514336057e-10
q23_1d_nr40_nz1_dt0.25,1,212400.0,,accepted_state,,0.14889766827779372,0.0,0.0,0.02,669.0589015395576,1804.5868632658253,0.25924817545358686,7.82515395276096e-10
q23_1d_nr40_nz1_dt0.25,1,216000.0,,accepted_state,,0.1479164041126903,0.0,0.0,0.02,668.9332997264244,1802.5511789903749,0.25896544152644096,7.669829161029766e-10
q23_1d_nr40_nz1_dt0.25,1,219600.0,,accepted_state,,0.14696544076617013,0.0,0.0,0.02,668.8115764180698,1800.5750318576656,0.258690976646898,7.520321723641548e-10
q23_1d_nr40_nz1_dt0.25,1,223200.0,,accepted_state,,0.14604325806021595,0.0,0.0,0.02,668.6935370317076,1798.655560113034,0.2584243833490325,7.376316745308038e-10
q23_1d_nr40_nz1_dt0.25,1,226800.0,,accepted_state,,0.1451484393148213,0.0,0.0,0.02,668.5790002322972,1796.7900896786484,0.2581652902331456,7.237521387128136e-10
q23_1d_nr40_nz1_dt0.25,1,230400.0,,accepted_state,,0.14427966255104627,0.0,0.0,0.02,668.4677968065339,1794.9761187397253,0.25791334982496184,7.103662986010202e-10
q23_1d_nr40_nz1_dt0.25,1,234000.0,,accepted_state,,0.1434356925832475,0.0,0.0,0.02,668.3597686506557,1793.2113038391913,0.25766823664433214,6.974487361838042e-10
q23_1d_nr40_nz1_dt0.25,1,237600.0,,accepted_state,,0.14261537389696044,0.0,0.0,0.02,668.254767858811,1791.4934473105304,0.2574296454597959,6.849757291017574e-10
q23_1d_nr40_nz1_dt0.25,1,241200.0,,accepted_state,,0.1418176242224715,0.0,0.0,0.02,668.1526559004764,1789.820485900191,0.25719728970835987,6.729251127755499e-10
q23_1d_nr40_nz1_dt0.25,1,244800.0,,accepted_state,,0.14104142872574935,0.0,0.0,0.02,668.0533028768959,1788.190480449592,0.25697090006244333,6.612761556762123e-10
q23_1d_nr40_nz1_dt0.25,1,248400.0,,accepted_state,,0.14028583474831963,0.0,0.0,0.02,667.9565868477849,1786.6016065227352,0.25675022312815765,6.500094463079924e-10
q23_1d_nr40_nz1_dt0.25,1,252000.0,,accepted_state,,0.13954994703622675,0.0,0.0,0.02,667.862393220637,1785.0521458792878,0.25653502026101216,6.391067906481474e-10
q23_1d_nr40_nz1_dt0.25,1,255600.0,,accepted_state,,0.13883292340560593,0.0,0.0,0.02,667.7706141959176,1783.5404787050152,0.25632506648680764,6.285511189390069e-10
q23_1d_nr40_nz1_dt0.25,1,259200.0,,accepted_state,,0.13813397079869225,0.0,0.0,0.02,667.6811482622326,1782.065076521707,0.25612014951690376,6.183264008574923e-10
q23_1d_nr80_nz1_dt0.25_radial_refinement,1,3600.0,,accepted_state,,2.525687837562211,0.0,0.0,0.02,973.288043207963,3409.981212729324,0.4822196128790728,9.330936808066712e-09
q23_1d_nr80_nz1_dt0.25_radial_refinement,1,7200.0,,accepted_state,,2.1708794340356863,0.0,0.0,0.02,927.8725675565679,3323.1478932209666,0.4701594296140231,1.233328703552039e-08
q23_1d_nr80_nz1_dt0.25_radial_refinement,1,10800.0,,accepted_state,,1.7662280077535844,0.0,0.0,0.02,876.0771849924588,3196.9275185085453,0.45262882201507576,1.2387342628822531e-08
q23_1d_nr80_nz1_dt0.25_radial_refinement,1,14400.0,,accepted_state,,1.4536547612332569,0.0,0.0,0.02,836.0678094378569,3070.9287017767606,0.43512898635788344,1.1791986534922081e-08
q23_1d_nr80_nz1_dt0.25_radial_refinement,1,18000.0,,accepted_state,,1.2098827685615419,0.0,0.0,0.02,804.8649943758774,2947.925275438516,0.4180451771442384,1.107862732804155e-08
q23_1d_nr80_nz1_dt0.25_radial_refinement,1,21600.0,,accepted_state,,1.017008299001311,0.0,0.0,0.02,780.1770622721679,2829.5355762518748,0.4016021633683159,1.0324227501904042e-08
q23_1d_nr80_nz1_dt0.25_radial_refinement,1,25200.0,,accepted_state,,0.8638091005771722,0.0,0.0,0.02,760.567564873878,2718.0385016079526,0.3861164585566601,9.545021525011418e-09
q23_1d_nr80_nz1_dt0.25_radial_refinement,1,28800.0,,accepted_state,,0.7419910836773551,0.0,0.0,0.02,744.9748587107015,2615.3834649117234,0.37185881457107267,8.76259311216392e-09
q23_1d_nr80_nz1_dt0.25_radial_refinement,1,32400.0,,accepted_state,,0.6450284656006585,0.0,0.0,0.02,732.5636435968843,2522.8068959214097,0.35900095776686247,7.999064040826035e-09
q23_1d_nr80_nz1_dt0.25_radial_refinement,1,36000.0,,accepted_state,,0.5677101639703104,0.0,0.0,0.02,722.6669009881997,2440.7794465585825,0.3476082564664698,7.274027849494965e-09
q23_1d_nr80_nz1_dt0.25_radial_refinement,1,39600.0,,accepted_state,,0.5058660011133101,0.0,0.0,0.02,714.7508481425037,2369.1052710020463,0.3376535098613953,6.602210599135252e-09
q23_1d_nr80_nz1_dt0.25_radial_refinement,1,43200.0,,accepted_state,,0.456167294914637,0.0,0.0,0.02,708.3894137490736,2307.09500772685,0.3290409732953958,5.992375907316141e-09
q23_1d_nr80_nz1_dt0.25_radial_refinement,1,46800.0,,accepted_state,,0.4159716913099408,0.0,0.0,0.02,703.2443764876724,2253.7579807623997,0.3216330528836666,5.447538111231822e-09
q23_1d_nr80_nz1_dt0.25_radial_refinement,1,50400.0,,accepted_state,,0.38319756927707155,0.0,0.0,0.02,699.0492888674652,2207.974545957328,0.3152742424940733,4.966121819430836e-09
q23_1d_nr80_nz1_dt0.25_radial_refinement,1,54000.0,,accepted_state,,0.3562192717025432,0.0,0.0,0.02,695.5960667779256,2168.6271038271448,0.3098093199759923,4.543516683004085e-09
q23_1d_nr80_nz1_dt0.25_radial_refinement,1,57600.0,,accepted_state,,0.33377810549144415,0.0,0.0,0.02,692.7235975029048,2134.684276091117,0.3050950383459885,4.17355043386347e-09
q23_1d_nr80_nz1_dt0.25_radial_refinement,1,61200.0,,accepted_state,,0.3149063907938663,0.0,0.0,0.02,690.3080180216149,2105.243514857238,0.301006043730172,3.849610919518073e-09
q23_1d_nr80_nz1_dt0.25_radial_refinement,1,64800.0,,accepted_state,,0.298863293856419,0.0,0.0,0.02,688.2545016136216,2079.5427516189034,0.2974364932804032,3.5653528388685887e-09
q23_1d_nr80_nz1_dt0.25_radial_refinement,1,68400.0,,accepted_state,,0.28508191745395794,0.0,0.0,0.02,686.4904854341066,2056.9528452313425,0.2942990062821309,3.315055969226631e-09
q23_1d_nr80_nz1_dt0.25_radial_refinement,1,72000.0,,accepted_state,,0.2731270689619698,0.0,0.0,0.02,684.9602648271322,2036.9607825472067,0.29152233090933427,3.0937482953446787e-09
q23_1d_nr80_nz1_dt0.25_radial_refinement,1,75600.0,,accepted_state,,0.26266259470933406,0.0,0.0,0.02,683.6208121227947,2019.1503511198657,0.2890486598777591,2.8971967774779602e-09
q23_1d_nr80_nz1_dt0.25_radial_refinement,1,79200.0,,accepted_state,,0.2534267120261934,0.0,0.0,0.02,682.4386191393528,2003.1839057289658,0.2868310980179119,2.7218366437241314e-09
q23_1d_nr80_nz1_dt0.25_radial_refinement,1,82800.0,,accepted_state,,0.2452136524120536,0.0,0.0,0.02,681.3873475087429,1988.7866987322186,0.2848314859350303,2.564680234404772e-09
q23_1d_nr80_nz1_dt0.25_radial_refinement,1,86400.0,,accepted_state,,0.23786008998910094,0.0,0.0,0.02,680.4460915186049,1975.734056274413,0.2830186189270018,2.4232260202753827e-09
q23_1d_nr80_nz1_dt0.25_radial_refinement,1,90000.0,,accepted_state,,0.23123511221653364,0.0,0.0,0.02,679.5980943637163,1963.841150846884,0.2813668265065117,2.2953766240827557e-09
q23_1d_nr80_nz1_dt0.25_radial_refinement,1,93600.0,,accepted_state,,0.2252327810437368,0.0,0.0,0.02,678.8297959735983,1952.954947394332,0.2798548538047683,2.1793685872440954e-09
q23_1d_nr80_nz1_dt0.25_radial_refinement,1,97200.0,,accepted_state,,0.2197665807864135,0.0,0.0,0.02,678.1301223406609,1942.9478922467006,0.278464985034264,2.073713785726227e-09
q23_1d_nr80_nz1_dt0.25_radial_refinement,1,100800.0,,accepted_state,,0.2147652418788653,0.0,0.0,0.02,677.4899509604948,1933.7129689945227,0.2771823568047948,1.9771512524546907e-09
q23_1d_nr80_nz1_dt0.25_radial_refinement,1,104400.0,,accepted_state,,0.2101695725514035,0.0,0.0,0.02,676.9017052865796,1925.159815238385,0.275994418783109,1.88860783582287e-09
q23_1d_nr80_nz1_dt0.25_radial_refinement,1,108000.0,,accepted_state,,0.2059300337418643,0.0,0.0,0.02,676.3590443189586,1917.2116595102107,0.27489050826530703,1.8071661614095254e-09
q23_1d_nr80_nz1_dt0.25_radial_refinement,1,111600.0,,accepted_state,,0.20200486629788536,0.0,0.0,0.02,675.8566228861293,1909.8028923903257,0.2738615128319897,1.7320385427580855e-09
q23_1d_nr80_nz1_dt0.25_radial_refinement,1,115200.0,,accepted_state,,0.1983586319958883,0.0,0.0,0.02,675.3899048954737,1902.8771293088266,0.2728996012928926,1.6625457020437746e-09
q23_1d_nr80_nz1_dt0.25_radial_refinement,1,118800.0,,accepted_state,,0.19496106727110504,0.0,0.0,0.02,674.9550166107015,1896.385656121737,0.2719980077946857,1.5980993671252301e-09
q23_1d_nr80_nz1_dt0.25_radial_refinement,1,122400.0,,accepted_state,,0.1917861752733161,0.0,0.0,0.02,674.5486304349845,1890.2861741767188,0.27115085752454426,1.5381879909807926e-09
q23_1d_nr80_nz1_dt0.25_radial_refinement,1,126000.0,,accepted_state,,0.1888115010805313,0.0,0.0,0.02,674.167872138308,1884.5417810029576,0.27035302513929965,1.4823649891539429e-09
q23_1d_nr80_nz1_dt0.25_radial_refinement,1,129600.0,,accepted_state,,0.1860175488201169,0.0,0.0,0.02,673.810246248975,1879.1201374534057,0.26960001909075076,1.4302390124673174e-09
q23_1d_nr80_nz1_dt0.25_radial_refinement,1,133200.0,,accepted_state,,0.18338730960119307,0.0,0.0,0.02,673.4735756289527,1873.9927832570347,0.26888788656347706,1.381465869760381e-09
q23_1d_nr80_nz1_dt0.25_radial_refinement,1,136800.0,,accepted_state,,0.18090587662890087,0.0,0.0,0.02,673.1559522084993,1869.1345713932908,0.26821313491573484,1.335741792962204e-09
q23_1d_nr80_nz1_dt0.25_radial_refinement,1,140400.0,,accepted_state,,0.17856012940479438,0.0,0.0,0.02,672.8556965638137,1864.5231981487816,0.267572666409553,1.2927977982754904e-09
q23_1d_nr80_nz1_dt0.25_radial_refinement,1,144000.0,,accepted_state,,0.17633847305074254,0.0,0.0,0.02,672.5713245504951,1860.1388106567692,0.26696372370232907,1.2523949459029583e-09
q23_1d_nr80_nz1_dt0.25_radial_refinement,1,147600.0,,accepted_state,,0.17423062190462046,0.0,0.0,0.02,672.3015196037915,1855.9636775251483,0.26638384410071503,1.214320339286799e-09
q23_1d_nr80_nz1_dt0.25_radial_refinement,1,151200.0,,accepted_state,,0.17222741889484475,0.0,0.0,0.02,672.0451096185401,1851.9819111043723,0.26583082098671834,1.1783837354027933e-09
q23_1d_nr80_nz1_dt0.25_radial_refinement,1,154800.0,,accepted_state,,0.17032068400251135,0.0,0.0,0.02,671.8010475523215,1848.1792322401361,0.2653026711444634,1.1444146619650478e-09
q23_1d_nr80_nz1_dt0.25_radial_refinement,1,158400.0,,accepted_state,,0.16850308650558143,0.0,0.0,0.02,671.5683950727145,1844.5427701504566,0.2647976069653412,1.1122599567883301e-09
q23_1d_nr80_nz1_dt0.25_radial_refinement,1,162000.0,,accepted_state,,0.16676803677246282,0.0,0.0,0.02,671.3463087068752,1841.060891479014,0.2643140127054186,1.0817816600703413e-09
q23_1d_nr80_nz1_dt0.25_radial_refinement,1,165600.0,,accepted_state,,0.16510959420861804,0.0,0.0,0.02,671.134028058703,1837.7230536940313,0.263850424124171,1.052855202816664e-09
q23_1d_nr80_nz1_dt0.25_radial_refinement,1,169200.0,,accepted_state,,0.16352238861545412,0.0,0.0,0.02,670.9308657427781,1834.5196788901221,0.2634055109569614,1.025367844669e-09
q23_1d_nr80_nz1_dt0.25_radial_refinement,1,172800.0,,accepted_state,,0.1620015527381194,0.0,0.0,0.02,670.7361987504793,1831.442044760664,0.2629780617723144,9.992173225191947e-10
q23_1d_nr80_nz1_dt0.25_radial_refinement,1,176400.0,,accepted_state,,0.16054266418915478,0.0,0.0,0.02,670.5494610162118,1828.4821900782233,0.26256697084419767,9.743106778819342e-10
q23_1d_nr80_nz1_dt0.25_radial_refinement,1,180000.0,,accepted_state,,0.1591416952624427,0.0,0.0,0.02,670.3701369935927,1825.6328324808135,0.2621712267334463,9.50563236371714e-10
q23_1d_nr80_nz1_dt0.25_radial_refinement,1,183600.0,,accepted_state,,0.1577949694143948,0.0,0.0,0.02,670.1977560850426,1822.887296734541,0.2617899023242418,9.278977170207145e-10
q23_1d_nr80_nz1_dt0.25_radial_refinement,1,187200.0,,accepted_state,,0.1564991234009594,0.0,0.0,0.02,670.0318877953227,1820.2394519468858,0.2614221461037341,9.062434527790637e-10
q23_1d_nr80_nz1_dt0.25_radial_refinement,1,190800.0,,accepted_state,,0.15525107423050682,0.0,0.0,0.02,669.8721375015049,1817.6836564532923,0.2610671745074017,8.855357065091088e-10
q23_1d_nr80_nz1_dt0.25_radial_refinement,1,194400.0,,accepted_state,,0.15404799023202326,0.0,0.0,0.02,669.7181427496989,1815.214709303447,0.2607242651810343,8.657150692379397e-10
q23_1d_nr80_nz1_dt0.25_radial_refinement,1,198000.0,,accepted_state,,0.15288726565214586,0.0,0.0,0.02,669.5695700034747,1812.8278074419136,0.2603927510335991,8.467269294678157e-10
q23_1d_nr80_nz1_dt0.25_radial_refinement,1,201600.0,,accepted_state,,0.15176649828808472,0.0,0.0,0.02,669.4261117808749,1810.5185078167988,0.2600720149745554,8.285210040370242e-10
q23_1d_nr80_nz1_dt0.25_radial_refinement,1,205200.0,,accepted_state,,0.15068346974066388,0.0,0.0,0.02,669.287484126805,1808.2826937657946,0.2597614852452493,8.110509224374428e-10
q23_1d_nr80_nz1_dt0.25_radial_refinement,1,208800.0,,accepted_state,,0.14963612793550315,0.0,0.0,0.02,669.1534243757444,1806.1165451252286,0.2594606312673928,7.942738576776877e-10
q23_1d_nr80_nz1_dt0.25_radial_refinement,1,212400.0,,accepted_state,,0.14862257161342454,0.0,0.0,0.02,669.0236891665184,1804.0165115884415,0.2591689599428391,7.781501977752475e-10
q23_1d_nr80_nz1_dt0.25_radial_refinement,1,216000.0,,accepted_state,,0.14764103653537627,0.0,0.0,0.02,668.8980526765282,1801.9792889075013,0.2588860123482641,7.626432527981932e-10
q23_1d_nr80_nz1_dt0.25_radial_refinement,1,219600.0,,accepted_state,,0.14668988318413387,0.0,0.0,0.02,668.7763050475692,1800.0017975891944,0.258611360776277,7.477189930839477e-10
q23_1d_nr80_nz1_dt0.25_radial_refinement,1,223200.0,,accepted_state,,0.1457675857761235,0.0,0.0,0.02,668.6582509793438,1798.0811637844686,0.25834460608117615,7.33345814862363e-10
q23_1d_nr80_nz1_dt0.25_radial_refinement,1,226800.0,,accepted_state,,0.14487272242289473,0.0,0.0,0.02,668.5437084701305,1796.2147021113387,0.2580853752932415,7.194943300193641e-10
q23_1d_nr80_nz1_dt0.25_radial_refinement,1,230400.0,,accepted_state,,0.14400396630382048,0.0,0.0,0.02,668.432507686889,1794.3999001858506,0.257833319470257,7.061371771708059e-10
q23_1d_nr80_nz1_dt0.25_radial_refinement,1,234000.0,,accepted_state,,0.14316007773040762,0.0,0.0,0.02,668.3244899494922,1792.6344046653867,0.2575881117590815,6.932488515869468e-10
q23_1d_nr80_nz1_dt0.25_radial_refinement,1,237600.0,,accepted_state,,0.1423398969984928,0.0,0.0,0.02,668.2195068158071,1790.9160086338034,0.2573494456435838,6.808055518243727e-10
q23_1d_nr80_nz1_dt0.25_radial_refinement,1,241200.0,,accepted_state,,0.14154233793819676,0.0,0.0,0.02,668.1174192560892,1789.2426401795644,0.2571170333582728,6.687850411952969e-10
q23_1d_nr80_nz1_dt0.25_radial_refinement,1,244800.0,,accepted_state,,0.1407663820831431,0.0,0.0,0.02,668.0180969066423,1787.6123520366937,0.25689060444954076,6.57166522437113e-10
q23_1d_nr80_nz1_dt0.25_radial_refinement,1,248400.0,,accepted_state,,0.14001107339034233,0.0,0.0,0.02,667.9214173939638,1786.0233121742779,0.2566699044686497,6.459305241475056e-10
q23_1d_nr80_nz1_dt0.25_radial_refinement,1,252000.0,,accepted_state,,0.13927551345079509,0.0,0.0,0.02,667.8272657217018,1784.4737952342844,0.2564546937825395,6.350587977250774e-10
q23_1d_nr80_nz1_dt0.25_radial_refinement,1,255600.0,,accepted_state,,0.13855885713813723,0.0,0.0,0.02,667.7355337136815,1782.9621747292322,0.25624474649017115,6.245342237057993e-10
q23_1d_nr80_nz1_dt0.25_radial_refinement,1,259200.0,,accepted_state,,0.13786030864910992,0.0,0.0,0.02,667.646119507086,1781.4869159218385,0.2560398494335887,6.143407265175255e-10
q23_1d_uniform_nr40_nz1_dt0.25_m4e31807a5f2e_uniform_regression,1,1800.0,0.25,accepted_state,305.33869718358704,2.5499239685214254,0.0,0.0,0.02,976.3902679707425,3415.2792678769492,0.4829554538717985,6.723135536592436e-09
q23_2d_adaptive_nr40_nz125_dt0.125_mfd6e5cf8c919_half_steps,2,1800.0,0.125,accepted_state,305.33864002191,2.549924197491844,0.0,0.0,0.02,976.390297278956,3415.279317588503,0.482955460776181,6.72311977325912e-09
q23_2d_adaptive_nr40_nz125_dt0.25_mfd6e5cf8c919,2,3600.0,0.25,accepted_state,313.53060893111586,2.5255514117719406,0.0,0.0,0.02,973.2705807068085,3409.951183674588,0.48221544217702605,9.330583502144691e-09
q23_2d_adaptive_nr40_nz125_dt0.25_mfd6e5cf8c919,2,7200.0,0.25,accepted_state,321.60123514382497,2.1709727929484415,0.0,0.0,0.02,927.8845174974006,3323.173297076445,0.470162957927284,1.233390393702968e-08
q23_2d_adaptive_nr40_nz125_dt0.25_mfd6e5cf8c919,2,10800.0,0.25,accepted_state,323.0006818379401,1.7663713874390352,0.0,0.0,0.02,876.0955375921965,3196.978781654893,0.45263594189651285,1.2388148523993723e-08
q23_2d_adaptive_nr40_nz125_dt0.25_mfd6e5cf8c919,2,14400.0,0.25,accepted_state,323.14968044550494,1.4537944891057826,0.0,0.0,0.02,836.0856946055402,3070.992197941948,0.4351378052697149,1.1792466139993248e-08
q23_2d_adaptive_nr40_nz125_dt0.25_mfd6e5cf8c919,2,18000.0,0.25,accepted_state,323.1486068411289,1.2100134283243318,0.0,0.0,0.02,804.8817188255144,2947.998472527617,0.41805534340661354,1.1079088281413374e-08
q23_2d_adaptive_nr40_nz125_dt0.25_mfd6e5cf8c919,2,21600.0,0.25,accepted_state,323.1489214933815,1.0171269375411358,0.0,0.0,0.02,780.1922480052654,2829.615357526698,0.4016132441009303,1.0324761486687987e-08
q23_2d_adaptive_nr40_nz125_dt0.25_mfd6e5cf8c919,2,25200.0,0.25,accepted_state,323.1489340000225,0.863914847371499,0.0,0.0,0.02,760.5811004635518,2718.1217845019482,0.3861280256252706,9.545630248276652e-09
q23_2d_adaptive_nr40_nz125_dt0.25_mfd6e5cf8c919,2,28800.0,0.25,accepted_state,323.1489344142997,0.7420841989620098,0.0,0.0,0.02,744.9867774671372,2615.467415162713,0.37187047432815457,8.763259968127626e-09
q23_2d_adaptive_nr40_nz125_dt0.25_mfd6e5cf8c919,2,32400.0,0.25,accepted_state,323.1489344259132,0.6451097445894466,0.0,0.0,0.02,732.5740473074492,2522.889068344315,0.3590123706033771,7.99976717243567e-09
q23_2d_adaptive_nr40_nz125_dt0.25_mfd6e5cf8c919,2,36000.0,0.25,accepted_state,323.1489344261292,0.5677807106199984,0.0,0.0,0.02,722.6759309593598,2440.8579776070756,0.34761916355653827,7.274744286488268e-09
q23_2d_adaptive_nr40_nz125_dt0.25_mfd6e5cf8c919,2,39600.0,0.25,accepted_state,323.14893442613095,0.5059271324527438,0.0,0.0,0.02,714.7586729539512,2369.179025705046,0.33766375357014533,6.60292028429483e-09
q23_2d_adaptive_nr40_nz125_dt0.25_mfd6e5cf8c919,2,43200.0,0.25,accepted_state,323.14893442613163,0.4562204934250535,0.0,0.0,0.02,708.3962231584069,2307.163647707714,0.32905050662607144,5.9930652530968406e-09
q23_2d_adaptive_nr40_nz125_dt0.25_mfd6e5cf8c919,2,46800.0,0.25,accepted_state,323.148934426133,0.4160185928459939,0.0,0.0,0.02,703.2503798842872,2253.8219807121086,0.3216419417655706,5.4482025421969185e-09
q23_2d_adaptive_nr40_nz125_dt0.25_mfd6e5cf8c919,2,50400.0,0.25,accepted_state,323.14893442613356,0.38323998485644684,0.0,0.0,0.02,699.0547180616252,2208.035199998977,0.3152826666665246,4.966767310124661e-09
q23_2d_adaptive_nr40_nz125_dt0.25_mfd6e5cf8c919,2,54000.0,0.25,accepted_state,323.1489344261342,0.3562592120994885,0.0,0.0,0.02,695.6011791487346,2168.6865133216875,0.30981757129467885,4.544160206324205e-09
q23_2d_adaptive_nr40_nz125_dt0.25_mfd6e5cf8c919,2,57600.0,0.25,accepted_state,323.14893442613464,0.3338177462302713,0.0,0.0,0.02,692.7286715174747,2134.7452406952343,0.3051035056521159,4.174218666138067e-09
q23_2d_adaptive_nr40_nz125_dt0.25_mfd6e5cf8c919,2,61200.0,0.25,accepted_state,323.14893442613504,0.3149479428883057,0.0,0.0,0.02,690.3133366897031,2105.3092663498683,0.30101517588192617,3.850336763003622e-09
q23_2d_adaptive_nr40_nz125_dt0.25_mfd6e5cf8c919,2,64800.0,0.25,accepted_state,323.1489344261353,0.2989088213865391,0.0,0.0,0.02,688.260329137477,2079.616584203796,0.2974467478060827,3.5661706021920275e-09
q23_2d_adaptive_nr40_nz125_dt0.25_mfd6e5cf8c919,2,68400.0,0.25,accepted_state,323.1489344261357,0.2851331797058974,0.0,0.0,0.02,686.4970470023549,2057.0377700884405,0.29431080140117233,3.315996873131877e-09
q23_2d_adaptive_nr40_nz125_dt0.25_mfd6e5cf8c919,2,72000.0,0.25,accepted_state,323.14893442613595,0.27318543465893164,0.0,0.0,0.02,684.9677356363433,2037.059299360477,0.2915360138000663,3.0948374996082093e-09
q23_2d_adaptive_nr40_nz125_dt0.25_mfd6e5cf8c919,2,75600.0,0.25,accepted_state,323.1489344261369,0.26272902914243773,0.0,0.0,0.02,683.6293157302321,2019.264352956144,0.28906449346613106,2.898452146861709e-09
q23_2d_adaptive_nr40_nz125_dt0.25_mfd6e5cf8c919,2,79200.0,0.25,accepted_state,323.1489344261372,0.2535018134406538,0.0,0.0,0.02,682.4482321204036,2003.3146854170595,0.2868492618634805,2.723268843067393e-09
q23_2d_adaptive_nr40_nz125_dt0.25_mfd6e5cf8c919,2,82800.0,0.25,accepted_state,323.1489344261372,0.2452977119636697,0.0,0.0,0.02,681.3981071313498,1988.9350140813397,0.2848520852890749,2.5662935942177843e-09
q23_2d_adaptive_nr40_nz125_dt0.25_mfd6e5cf8c919,2,86400.0,0.25,accepted_state,323.1489344261376,0.23795315702094388,0.0,0.0,0.02,680.4580040986808,1975.900219985697,0.2830416972202357,2.425019720825032e-09
q23_2d_adaptive_nr40_nz125_dt0.25_mfd6e5cf8c919,2,90000.0,0.25,accepted_state,323.1489344261377,0.23133705473960262,0.0,0.0,0.02,679.6111430066692,1964.0251236095576,0.28139237827910524,2.2973459114714297e-09
q23_2d_adaptive_nr40_nz125_dt0.25_mfd6e5cf8c919,2,93600.0,0.25,accepted_state,323.1489344261378,0.2253433371208213,0.0,0.0,0.02,678.8439471514652,1953.156422926528,0.27988283651757334,2.1815058719128583e-09
q23_2d_adaptive_nr40_nz125_dt0.25_mfd6e5cf8c919,2,97200.0,0.25,accepted_state,323.14893442613794,0.21988539990045416,0.0,0.0,0.02,678.1453311872581,1943.1663697071342,0.27849532912599084,2.0760095637063224e-09
q23_2d_adaptive_nr40_nz125_dt0.25_mfd6e5cf8c919,2,100800.0,0.25,accepted_state,323.1489344261383,0.2148919170306914,0.0,0.0,0.02,677.5061653799285,1933.9478119444257,0.2772149738811702,1.979594840577557e-09
q23_2d_adaptive_nr40_nz125_dt0.25_mfd6e5cf8c919,2,104400.0,0.25,accepted_state,323.1489344261384,0.21030366447859034,0.0,0.0,0.02,676.9188690532595,1925.4102981761248,0.27602920808001735,1.8911879370147026e-09
q23_2d_adaptive_nr40_nz125_dt0.25_mfd6e5cf8c919,2,108000.0,0.25,accepted_state,323.14893442613857,0.20607108876626928,0.0,0.0,0.02,676.3770993620825,1917.4770037322207,0.27492736162947506,1.8098712858507982e-09
q23_2d_adaptive_nr40_nz125_dt0.25_mfd6e5cf8c919,2,111600.0,0.25,accepted_state,323.14893442613936,0.20215242918271215,0.0,0.0,0.02,675.8755109353872,1910.082293074864,0.27390031848262,1.7348573122399507e-09
q23_2d_adaptive_nr40_nz125_dt0.25_mfd6e5cf8c919,2,115200.0,0.25,accepted_state,323.1489344261394,0.198512254979186,0.0,0.0,0.02,675.4095686373358,1903.1697755835507,0.27294024660882643,1.6654670625861808e-09
q23_2d_adaptive_nr40_nz125_dt0.25_mfd6e5cf8c919,2,118800.0,0.25,accepted_state,323.1489344261394,0.1951203162176754,0.0,0.0,0.02,674.9754004758624,1896.6907456322801,0.27204038133781666,1.6011127312124628e-09
q23_2d_adaptive_nr40_nz125_dt0.25_mfd6e5cf8c919,2,122400.0,0.25,accepted_state,323.1489344261394,0.1919506336839137,0.0,0.0,0.02,674.569681111541,1890.6029234080315,0.2711948504733377,1.5412833268256713e-09
q23_2d_adaptive_nr40_nz125_dt0.25_mfd6e5cf8c919,2,126000.0,0.25,accepted_state,323.1489344261394,0.18898077252712894,0.0,0.0,0.02,674.1895388834726,1884.8694323586526,0.2703985322720351,1.4855328707868189e-09
q23_2d_adaptive_nr40_nz125_dt0.25_mfd6e5cf8c919,2,129600.0,0.25,accepted_state,323.1489344261397,0.18619125823921,0.0,0.0,0.02,673.8324810546189,1879.4579638857429,0.26964693942857537,1.4334706413605477e-09
q23_2d_adaptive_nr40_nz125_dt0.25_mfd6e5cf8c919,2,133200.0,0.25,accepted_state,323.1489344261397,0.18356510377006954,0.0,0.0,0.02,673.4963332825689,1874.3400910647995,0.26893612375899995,1.384753076179314e-09
q23_2d_adaptive_nr40_nz125_dt0.25_mfd6e5cf8c919,2,136800.0,0.25,accepted_state,323.1489344261397,0.1810874240673214,0.0,0.0,0.02,673.1791902806171,1869.4907016637158,0.26826259745329384,1.3390770232293905e-09
q23_2d_adaptive_nr40_nz125_dt0.25_mfd6e5cf8c919,2,140400.0,0.25,accepted_state,323.1489344261397,0.17874511988176872,0.0,0.0,0.02,672.8793753448664,1864.887527208233,0.26762326766781014,1.2961740925699938e-09
q23_2d_adaptive_nr40_nz125_dt0.25_mfd6e5cf8c919,2,144000.0,0.25,accepted_state,323.14893442614,0.1765266168287213,0.0,0.0,0.02,672.5954069540763,1860.5107498079606,0.2670153819177723,1.2558059100133118e-09
q23_2d_adaptive_nr40_nz125_dt0.25_mfd6e5cf8c919,2,147600.0,0.25,accepted_state,323.14893442614004,0.17442164881778607,0.0,0.0,0.02,672.3259710486766,1856.3426722811578,0.2664364822612719,1.217760112816308e-09
q23_2d_adaptive_nr40_nz125_dt0.25_mfd6e5cf8c919,2,151200.0,0.25,accepted_state,323.14893442614044,0.17242107733163034,0.0,0.0,0.02,672.0698978984486,1852.3674400779332,0.2658843666774907,1.1818469582324845e-09
q23_2d_adaptive_nr40_nz125_dt0.25_mfd6e5cf8c919,2,154800.0,0.25,accepted_state,323.1489344261405,0.1705167398426559,0.0,0.0,0.02,671.8261426998599,1848.5708058068603,0.2653570563620639,1.1478964402572557e-09
q23_2d_adaptive_nr40_nz125_dt0.25_mfd6e5cf8c919,2,158400.0,0.25,accepted_state,323.14893442614056,0.16870132204731755,0.0,0.0,0.02,671.5937692220566,1844.939928974234,0.26485276791308804,1.1157558294248668e-09
q23_2d_adaptive_nr40_nz125_dt0.25_mfd6e5cf8c919,2,162000.0,0.25,accepted_state,323.14893442614056,0.1669682496746116,0.0,0.0,0.02,671.3719359583503,1841.463204964758,0.2643698895784386,1.0852875661310066e-09
q23_2d_adaptive_nr40_nz125_dt0.25_mfd6e5cf8c919,2,165600.0,0.25,accepted_state,323.14893442614067,0.16531159646431398,0.0,0.0,0.02,671.1598843474322,1838.1301184152542,0.2639069608910075,1.0563674504908262e-09
q23_2d_adaptive_nr40_nz125_dt0.25_mfd6e5cf8c919,2,169200.0,0.25,accepted_state,323.14893442614067,0.16372600556841732,0.0,0.0,0.02,670.9569287127574,1834.9311170255994,0.2634626551424444,1.0288830818388686e-09
q23_2d_adaptive_nr40_nz125_dt0.25_mfd6e5cf8c919,2,172800.0,0.25,accepted_state,323.1489344261408,0.16220662214808143,0.0,0.0,0.02,670.7624476349545,1831.8575025642942,0.2630357642450409,1.002732509140654e-09
q23_2d_adaptive_nr40_nz125_dt0.25_mfd6e5cf8c919,2,176400.0,0.25,accepted_state,323.1489344261408,0.16074903535001475,0.0,0.0,0.02,670.5758765248019,1828.9013363987156,0.2626251856109327,9.778230602097695e-10
q23_2d_adaptive_nr40_nz125_dt0.25_mfd6e5cf8c919,2,180000.0,0.25,accepted_state,323.14893442614084,0.1593492281744929,0.0,0.0,0.02,670.3967012063351,1826.0553573420705,0.26222991074195423,9.540703230195202e-10
q23_2d_adaptive_nr40_nz125_dt0.25_mfd6e5cf8c919,2,183600.0,0.25,accepted_state,323.1489344261409,0.15800353401043116,0.0,0.0,0.02,670.2244523533352,1823.3129099834384,0.26184901527547755,9.313972568077776e-10
q23_2d_adaptive_nr40_nz125_dt0.25_mfd6e5cf8c919,2,187200.0,0.25,accepted_state,323.1489344261409,0.15670859882505234,0.0,0.0,0.02,670.0587006496067,1820.6678819720528,0.26148165027389625,9.09733414291907e-10
q23_2d_adaptive_nr40_nz125_dt0.25_mfd6e5cf8c919,2,190800.0,0.25,accepted_state,323.1489344261416,0.1554613481674553,0.0,0.0,0.02,669.8990525654343,1818.1146489761377,0.2611270345800191,8.89014259288978e-10
q23_2d_adaptive_nr40_nz125_dt0.25_mfd6e5cf8c919,2,194400.0,0.25,accepted_state,323.14893442614164,0.15425895828511776,0.0,0.0,0.02,669.745146660495,1815.648026241118,0.26078444808904416,8.69180566496975e-10
q23_2d_adaptive_nr40_nz125_dt0.25_mfd6e5cf8c919,2,198000.0,0.25,accepted_state,323.1489344261417,0.15309883076657743,0.0,0.0,0.02,669.5966503381219,1813.263225840656,0.2604532258112022,8.501778922332814e-10
q23_2d_adaptive_nr40_nz125_dt0.25_mfd6e5cf8c919,2,201600.0,0.25,accepted_state,323.1489344261417,0.1519785702172354,0.0,0.0,0.02,669.4532569878062,1810.9558188534215,0.26013275261853075,8.319561066222503e-10
q23_2d_adaptive_nr40_nz125_dt0.25_mfd6e5cf8c919,2,205200.0,0.25,accepted_state,323.1489344261417,0.1508959645524693,0.0,0.0,0.02,669.3146834627161,1808.7217018143729,0.2598224585853296,8.144689791402377e-10
q23_2d_adaptive_nr40_nz125_dt0.25_mfd6e5cf8c919,2,208800.0,0.25,accepted_state,323.1489344261418,0.14984896755613858,0.0,0.0,0.02,669.1806678471858,1806.5570668858982,0.25952181484526365,7.976738106108896e-10
q23_2d_adaptive_nr40_nz125_dt0.25_mfd6e5cf8c919,2,212400.0,0.25,accepted_state,323.1489344261418,0.1488356834056473,0.0,0.0,0.02,669.0509674759229,1804.4583752749486,0.2592303298992984,7.815311057386738e-10
q23_2d_adaptive_nr40_nz125_dt0.25_mfd6e5cf8c919,2,216000.0,0.25,accepted_state,323.1489344261418,0.14785435290895688,0.0,0.0,0.02,668.9253571723465,1802.4223334900676,0.25894754631806494,7.66004281106322e-10
q23_2d_adaptive_nr40_nz125_dt0.25_mfd6e5cf8c919,2,219600.0,0.25,accepted_state,323.1489344261419,0.14690334123596954,0.0,0.0,0.02,668.8036276782041,1800.445872089336,0.2586730377901856,7.51059404269591e-10
q23_2d_adaptive_nr40_nz125_dt0.25_mfd6e5cf8c919,2,223200.0,0.25,accepted_state,323.1489344261419,0.1459811269577666,0.0,0.0,0.02,668.6855842505942,1798.5261266184611,0.2584064064747863,7.366649601820994e-10
q23_2d_adaptive_nr40_nz125_dt0.25_mfd6e5cf8c919,2,226800.0,0.25,accepted_state,323.1489344261419,0.14508629223334207,0.0,0.0,0.02,668.5710454058678,1796.6604204790651,0.25814728062209236,7.227916416918402e-10
q23_2d_adaptive_nr40_nz125_dt0.25_mfd6e5cf8c919,2,230400.0,0.25,accepted_state,323.148934426142,0.14421751400561156,0.0,0.0,0.02,668.4598417927183,1794.846249502014,0.25789531243083524,7.094121612848158e-10
q23_2d_adaptive_nr40_nz125_dt0.25_mfd6e5cf8c919,2,234000.0,0.25,accepted_state,323.148934426142,0.14337355608717875,0.0,0.0,0.02,668.3518151791588,1793.0812680301412,0.2576501761152974,6.965010816208718e-10
q23_2d_adaptive_nr40_nz125_dt0.25_mfd6e5cf8c919,2,237600.0,0.25,accepted_state,323.148934426142,0.14255326203228808,0.0,0.0,0.02,668.2468175401328,1791.3632763400383,0.25741156615833866,6.840346627238172e-10
q23_2d_adaptive_nr40_nz125_dt0.25_mfd6e5cf8c919,2,241200.0,0.25,accepted_state,323.14893442614203,0.14175554870497764,0.0,0.0,0.02,668.1447102342371,1789.690209254271,0.25717919572975984,6.719907239598241e-10
q23_2d_adaptive_nr40_nz125_dt0.25_mfd6e5cf8c919,2,244800.0,0.25,accepted_state,323.14893442614203,0.14097940046502971,0.0,0.0,0.02,668.0453632595238,1788.0601258139395,0.25695279525193604,6.603485191715305e-10
q23_2d_adaptive_nr40_nz125_dt0.25_mfd6e5cf8c919,2,248400.0,0.25,accepted_state,323.1489344261436,0.14022386390328,0.0,0.0,0.02,667.9486545796199,1786.4711998975647,0.256732111096884,6.490886235370631e-10
q23_2d_adaptive_nr40_nz125_dt0.25_mfd6e5cf8c919,2,252000.0,0.25,accepted_state,323.1489344261437,0.13948804306639984,0.0,0.0,0.02,667.8544695124992,1784.9217116861237,0.2565169044008505,6.38192830897063e-10
q23_2d_adaptive_nr40_nz125_dt0.25_mfd6e5cf8c919,2,255600.0,0.25,accepted_state,323.1489344261437,0.13877109511861568,0.0,0.0,0.02,667.7627001751828,1783.4100398860096,0.256306949984168,6.276440604442048e-10
q23_2d_adaptive_nr40_nz125_dt0.25_mfd6e5cf8c919,2,259200.0,0.25,accepted_state,323.1489344261437,0.13807222639420005,0.0,0.0,0.02,667.6732449784577,1781.934654632089,0.2561020353655679,6.17426271799269e-10
q23_2d_adaptive_nr40_nz250_dt0.25_m53a461f993b9_axial_verification,2,3600.0,0.125,accepted_state,313.5306085859529,2.5255514120219176,0.0,0.0,0.02,973.2705807388054,3409.951183729613,0.4822154421846685,9.33058337617476e-09
q23_2d_adaptive_nr40_nz250_dt0.25_m53a461f993b9_axial_verification,2,5085.0,0.125,accepted_state,318.2873539242971,2.4188079984199193,0.0,0.0,0.02,959.6074237977497,3385.7210720038956,0.4788501488894299,1.1122268696956875e-08
q23_2d_adaptive_nr80_nz125_dt0.25_m815d75810ebf_radial_verification,2,3600.0,0.09375,accepted_state,313.5313577112581,2.5256908424884887,0.0,0.0,0.02,973.2884278385266,3409.9818741257277,0.48221970473968445,9.330948917814605e-09
q23_2d_adaptive_nr80_nz125_dt0.25_m815d75810ebf_radial_verification,2,5085.0,0.09375,accepted_state,318.2879769670459,2.418872495978915,0.0,0.0,0.02,959.6156794853011,3385.7361693897833,0.478852245748581,1.1122587224964556e-08
q23_2d_nr40_nz125_dt0.125_half_steps,2,1800.0,,accepted_state,,2.5499239685214063,0.0,0.0,0.02,976.3902679707401,3415.2792678769447,0.48295545387179795,6.723135538788827e-09
q23_2d_nr40_nz125_dt0.25,2,3600.0,,accepted_state,,2.5255393447422527,0.0,0.0,0.02,973.2690361270083,3409.948527455726,0.4822150732577397,9.330594438311523e-09
q23_2d_nr40_nz125_dt0.25,2,7200.0,,accepted_state,,2.170953064816254,0.0,0.0,0.02,927.8819922964806,3323.1679289871354,0.4701622123593243,1.2333886151209921e-08
q23_2d_nr40_nz125_dt0.25,2,10800.0,,accepted_state,,1.7663582126243422,0.0,0.0,0.02,876.0938512159158,3196.97407142929,0.45263528769851247,1.2388125967615709e-08
q23_2d_nr40_nz125_dt0.25,2,14400.0,,accepted_state,,1.4537837514285543,0.0,0.0,0.02,836.084320182855,3070.9873187043704,0.43513712759782924,1.1792439167962567e-08
q23_2d_nr40_nz125_dt0.25,2,18000.0,,accepted_state,,1.210003916549247,0.0,0.0,0.02,804.8805013183037,2947.99314421485,0.4180546033631737,1.1079055894699732e-08
q23_2d_nr40_nz125_dt0.25,2,21600.0,,accepted_state,,1.0171183189638056,0.0,0.0,0.02,780.1911448273671,2829.6095620779033,0.40161243917748657,1.0324722780605413e-08
q23_2d_nr40_nz125_dt0.25,2,25200.0,,accepted_state,,0.8639069489697521,0.0,0.0,0.02,760.5800894681282,2718.1155642923673,0.3861271617072732,9.545584789541305e-09
q23_2d_nr40_nz125_dt0.25,2,28800.0,,accepted_state,,0.7420769044447161,0.0,0.0,0.02,744.9858437689237,2615.4608389449404,0.371869560964575,8.76320773195211e-09
q23_2d_nr40_nz125_dt0.25,2,32400.0,,accepted_state,,0.6451029812230673,0.0,0.0,0.02,732.5731815965526,2522.882230943442,0.359011420964367,7.999708668034322e-09
q23_2d_nr40_nz125_dt0.25,2,36000.0,,accepted_state,,0.5677744467474058,0.0,0.0,0.02,722.675129183668,2440.851005081591,0.34761819515022097,7.274680678041989e-09
q23_2d_nr40_nz125_dt0.25,2,39600.0,,accepted_state,,0.5059213794054557,0.0,0.0,0.02,714.7579365638983,2369.172084933023,0.33766278957403095,6.602853500158592e-09
q23_2d_nr40_nz125_dt0.25,2,43200.0,,accepted_state,,0.45621531352971,0.0,0.0,0.02,708.3955601318029,2307.1569645094387,0.32904957840408866,5.992998135650465e-09
q23_2d_nr40_nz125_dt0.25,2,46800.0,,accepted_state,,0.41601411475049543,0.0,0.0,0.02,703.2498066880635,2253.815870266174,0.3216410930925242,5.448139106199259e-09
q23_2d_nr40_nz125_dt0.25,2,50400.0,,accepted_state,,0.3832364225900802,0.0,0.0,0.02,699.0542620915303,2208.0301061210494,0.3152819591834791,4.96671310095505e-09
q23_2d_nr40_nz125_dt0.25,2,54000.0,,accepted_state,,0.35625687492277386,0.0,0.0,0.02,695.600879990115,2168.683036975728,0.30981708846885114,4.544122550986988e-09
q23_2d_nr40_nz125_dt0.25,2,57600.0,,accepted_state,,0.33381702214150066,0.0,0.0,0.02,692.7285788341121,2134.7441271312955,0.3051033509904577,4.174206460485992e-09
q23_2d_nr40_nz125_dt0.25,2,61200.0,,accepted_state,,0.3149492524184419,0.0,0.0,0.02,690.3135043095606,2105.3113384657427,0.3010154636757976,3.850359637348237e-09
q23_2d_nr40_nz125_dt0.25,2,64800.0,,accepted_state,,0.29891255975022224,0.0,0.0,0.02,688.2608076480285,2079.622646526625,0.29744758979536456,3.566237747763019e-09
q23_2d_nr40_nz125_dt0.25,2,68400.0,,accepted_state,,0.28513967068995055,0.0,0.0,0.02,686.4978778483137,2057.048523051873,0.29431229486831567,3.3161160081866585e-09
q23_2d_nr40_nz125_dt0.25,2,72000.0,,accepted_state,,0.27319490749712044,0.0,0.0,0.02,684.9689481596314,2037.0752879317592,0.2915382344349665,3.0950142713113185e-09
q23_2d_nr40_nz125_dt0.25,2,75600.0,,accepted_state,,0.26274161624608544,0.0,0.0,0.02,683.6309268794989,2019.2859511404563,0.28906749321395225,2.8986899871084212e-09
q23_2d_nr40_nz125_dt0.25,2,79200.0,,accepted_state,,0.25351756116148033,0.0,0.0,0.02,682.4502478286695,2003.3421061090794,0.28685307029292767,2.723569143227416e-09
q23_2d_nr40_nz125_dt0.25,2,82800.0,,accepted_state,,0.24531659697695096,0.0,0.0,0.02,681.4005244130498,1988.9683321962186,0.2848567128050304,2.566656042784152e-09
q23_2d_nr40_nz125_dt0.25,2,86400.0,,accepted_state,,0.23797510345146847,0.0,0.0,0.02,680.460813241788,1975.939399934582,0.2830471388798031,2.425442687897434e-09
q23_2d_nr40_nz125_dt0.25,2,90000.0,,accepted_state,,0.23136194952553443,0.0,0.0,0.02,679.6143295392684,1964.0700458916817,0.2813986174849558,2.2978268124002165e-09
q23_2d_nr40_nz125_dt0.25,2,93600.0,,accepted_state,,0.22537104268219513,0.0,0.0,0.02,678.847493463321,1953.2069073778557,0.2798898482469244,2.1820414790159016e-09
q23_2d_nr40_nz125_dt0.25,2,97200.0,,accepted_state,,0.21991576403471633,0.0,0.0,0.02,678.1492177964437,1943.2221946283998,0.27850308258727774,2.076596257334225e-09
q23_2d_nr40_nz125_dt0.25,2,100800.0,,accepted_state,,0.21492478034453275,0.0,0.0,0.02,677.5103718841002,1934.008729211931,0.27722343461276816,1.9802288024527327e-09
q23_2d_nr40_nz125_dt0.25,2,104400.0,,accepted_state,,0.21033886579096972,0.0,0.0,0.02,676.9233748212441,1925.4760448248564,0.27603833955900786,1.891865293749024e-09
q23_2d_nr40_nz125_dt0.25,2,108000.0,,accepted_state,,0.20610846891558735,0.0,0.0,0.02,676.3818840211952,1917.5473106163172,0.2749371264744885,1.810588211857536e-09
q23_2d_nr40_nz125_dt0.25,2,111600.0,,accepted_state,,0.2021918336165018,0.0,0.0,0.02,675.8805547029123,1910.156891193139,0.27391067933238045,1.7356101007786905e-09
q23_2d_nr40_nz125_dt0.25,2,115200.0,,accepted_state,,0.19855353543555457,0.0,0.0,0.02,675.414852535751,1903.2484005850126,0.2729511667479184,1.6662521724774722e-09
q23_2d_nr40_nz125_dt0.25,2,118800.0,,accepted_state,,0.1951633317414061,0.0,0.0,0.02,674.9809064629,1896.7731409283397,0.27205182512893605,1.6019268153821591e-09
q23_2d_nr40_nz125_dt0.25,2,122400.0,,accepted_state,,0.1919952511632519,0.0,0.0,0.02,674.5753921488963,1890.6888422332431,0.271206783643506,1.5421232475466107e-09
q23_2d_nr40_nz125_dt0.25,2,126000.0,,accepted_state,,0.1890268668911883,0.0,0.0,0.02,674.1954389620721,1884.9586390478255,0.27041092208997575,1.4863957053734166e-09
q23_2d_nr40_nz125_dt0.25,2,129600.0,,accepted_state,,0.18623871241993775,0.0,0.0,0.02,673.838555189752,1879.5502345741734,0.2696597548019685,1.4343536811654935e-09
q23_2d_nr40_nz125_dt0.25,2,133200.0,,accepted_state,,0.1836138085051405,0.0,0.0,0.02,673.502567488658,1874.435213969441,0.2689493352735335,1.3856538210235547e-09
q23_2d_nr40_nz125_dt0.25,2,136800.0,,accepted_state,,0.18113727759954978,0.0,0.0,0.02,673.1855715327424,1869.588477064723,0.26827617737010045,1.3399931728399494e-09
q23_2d_nr40_nz125_dt0.25,2,140400.0,,accepted_state,,0.17879602759513114,0.0,0.0,0.02,672.8858915321767,1864.987767220653,0.26763718989175733,1.2971035361760152e-09
q23_2d_nr40_nz125_dt0.25,2,144000.0,,accepted_state,,0.17657849084958277,0.0,0.0,0.02,672.6020468287466,1860.6132780105545,0.26702962194591034,1.2567467149296098e-09
q23_2d_nr40_nz125_dt0.25,2,147600.0,,accepted_state,,0.17447440760148203,0.0,0.0,0.02,672.3327241729897,1856.447323252046,0.26645101711833974,1.2187105126039625e-09
q23_2d_nr40_nz125_dt0.25,2,151200.0,,accepted_state,,0.1724746452483629,0.0,0.0,0.02,672.0767545917904,1852.4740588736238,0.26589917484355885,1.1828053408477562e-09
q23_2d_nr40_nz125_dt0.25,2,154800.0,,accepted_state,,0.17057104677214252,0.0,0.0,0.02,671.8330939868342,1848.6792474113056,0.26537211769601465,1.148861336468797e-09
q23_2d_nr40_nz125_dt0.25,2,158400.0,,accepted_state,,0.16875630298838987,0.0,0.0,0.02,671.6008067825139,1845.0500577371613,0.26486806357460574,1.1167259016830556e-09
q23_2d_nr40_nz125_dt0.25,2,162000.0,,accepted_state,,0.16702384437359094,0.0,0.0,0.02,671.3790520798196,1841.5748940429155,0.26438540195040494,1.0862615980036079e-09
q23_2d_nr40_nz125_dt0.25,2,165600.0,,accepted_state,,0.16536774906432875,0.0,0.0,0.02,671.1670718802341,1838.2432492260675,0.2639226735036205,1.0573443367289344e-09
q23_2d_nr40_nz125_dt0.25,2,169200.0,,accepted_state,,0.16378266428063967,0.0,0.0,0.02,670.9641810279219,1835.0455787196456,0.2634785525999508,1.0298618191016583e-09
q23_2d_nr40_nz125_dt0.25,2,172800.0,,accepted_state,,0.16226373894504095,0.0,0.0,0.02,670.7697585849652,1831.9731915207112,0.2630518321556543,1.003712187382534e-09
q23_2d_nr40_nz125_dt0.25,2,176400.0,,accepted_state,,0.16080656568059618,0.0,0.0,0.02,670.5832404071164,1829.018155746003,0.26264141052027823,9.788028547168825e-10
q23_2d_nr40_nz125_dt0.25,2,180000.0,,accepted_state,,0.1594071306998456,0.0,0.0,0.02,670.4041127295802,1826.1732165055034,0.2622462800702088,9.550494870710702e-10
q23_2d_nr40_nz125_dt0.25,2,183600.0,,accepted_state,,0.15806177035979455,0.0,0.0,0.02,670.2319066060537,1823.4317242594402,0.2618655172582556,9.32375114930878e-10
q23_2d_nr40_nz125_dt0.25,2,187200.0,,accepted_state,,0.1567671333703735,0.0,0.0,0.02,670.0661930714078,1820.7875721292748,0.2614982739068437,9.107093560747245e-10
q23_2d_nr40_nz125_dt0.25,2,190800.0,,accepted_state,,0.1555201478155979,0.0,0.0,0.02,669.9065789203966,1818.2351408825275,0.26114376956701774,8.899877337148201e-10
q23_2d_nr40_nz125_dt0.25,2,194400.0,,accepted_state,,0.15431799228646076,0.0,0.0,0.02,669.752703012667,1815.7692505160035,0.26080128479388937,8.701510767620135e-10
q23_2d_nr40_nz125_dt0.25,2,198000.0,,accepted_state,,0.1531580705388148,0.0,0.0,0.02,669.6042330289683,1813.3851175306781,0.2604701552125942,8.511449910108427e-10
q23_2d_nr40_nz125_dt0.25,2,201600.0,,accepted_state,,0.1520379891832239,0.0,0.0,0.02,669.4608626154527,1811.0783171310354,0.26014976626819936,8.329193917382571e-10
q23_2d_nr40_nz125_dt0.25,2,205200.0,,accepted_state,,0.1509555379910369,0.0,0.0,0.02,669.3223088628528,1808.8447496976146,0.2598395485691131,8.154280896260955e-10
q23_2d_nr40_nz125_dt0.25,2,208800.0,,accepted_state,,0.1499086724648141,0.0,0.0,0.02,669.1883100754962,1806.68061097807,0.25953897374695417,7.986284231019093e-10
q23_2d_nr40_nz125_dt0.25,2,212400.0,,accepted_state,,0.14889549837435012,0.0,0.0,0.02,669.0586237919168,1804.5823655229294,0.2592475507670735,7.824809311885481e-10
q23_2d_nr40_nz125_dt0.25,2,216000.0,,accepted_state,,0.14791425800374555,0.0,0.0,0.02,668.9330250244794,1802.5467229599715,0.2589648226333294,7.669490617900587e-10
q23_2d_nr40_nz125_dt0.25,2,219600.0,,accepted_state,,0.1469633178920191,0.0,0.0,0.02,668.8113046901784,1800.5706167583114,0.25869036343865437,7.519989110496368e-10
q23_2d_nr40_nz125_dt0.25,2,223200.0,,accepted_state,,0.14604115788080518,0.0,0.0,0.02,668.6932682087431,1798.6511851814666,0.25842377571964814,7.375989900142913e-10
q23_2d_nr40_nz125_dt0.25,2,226800.0,,accepted_state,,0.14514636130884292,0.0,0.0,0.02,668.5787342475319,1796.7857541695423,0.2581646880791031,7.237200153498524e-10
q23_2d_nr40_nz125_dt0.25,2,230400.0,,accepted_state,,0.14427760621508828,0.0,0.0,0.02,668.4675335955313,1794.9718219254237,0.25791275304519773,7.103347212835155e-10
q23_2d_nr40_nz125_dt0.25,2,234000.0,,accepted_state,,0.14343365743099193,0.0,0.0,0.02,668.359508151167,1793.207045009411,0.25766764514019597,6.974176903207687e-10
q23_2d_nr40_nz125_dt0.25,2,237600.0,,accepted_state,,0.14261335945842032,0.0,0.0,0.02,668.2545100106778,1791.4892257720335,0.25742905913500463,6.849452006004096e-10
q23_2d_nr40_nz125_dt0.25,2,241200.0,,accepted_state,,0.14181563004327588,0.0,0.0,0.02,668.1524006455393,1789.8163009764519,0.25719670846895165,6.728950880229611e-10
q23_2d_nr40_nz125_dt0.25,2,244800.0,,accepted_state,,0.14103945436646495,0.0,0.0,0.02,668.0530501589075,1788.186331480449,0.256970323816729,6.612466215214145e-10
q23_2d_nr40_nz125_dt0.25,2,248400.0,,accepted_state,,0.1402838797838039,0.0,0.0,0.02,667.9563366123269,1786.5974928640212,0.25674965178666964,6.499803900445433e-10
q23_2d_nr40_nz125_dt0.25,2,252000.0,,accepted_state,,0.13954801105502518,0.0,0.0,0.02,667.8621454150432,1785.0480669024773,0.25653445373645517,6.390781999974037e-10
q23_2d_nr40_nz125_dt0.25,2,255600.0,,accepted_state,,0.13883100600936565,0.0,0.0,0.02,667.7703687691989,1783.5364337968338,0.2563245046940047,6.285229820337121e-10
q23_2d_nr40_nz125_dt0.25,2,259200.0,,accepted_state,,0.13813207160162486,0.0,0.0,0.02,667.680905165008,1782.061065083781,0.25611959237274734,6.18298706226217e-10
q23_2d_nr40_nz250_dt0.25_axial_refinement,2,1800.0,,accepted_state,,2.5499239685214117,0.0,0.0,0.02,976.3902679707408,3415.2792678769456,0.48295545387179806,6.723135538656526e-09
q23_2d_nr80_nz125_dt0.25_radial_refinement,2,1800.0,,accepted_state,,2.549931592584488,0.0,0.0,0.02,976.3912438508145,3415.280923126723,0.48295568376760034,6.723253062929949e-09
q4_1d_adaptive_nr160_nz1_dt0.125_m1d7a05f7e44b_half_steps,1,3600.0,0.02734375,accepted_state,312.2120798178294,2.549999989497758,0.0,0.0,0.01794,989.4999990547982,3394.3661953914047,0.2636619716643167,1.6470758406598262e-09
q4_1d_adaptive_nr160_nz1_dt0.125_m1d7a05f7e44b_half_steps,1,7200.0,0.02734375,accepted_state,321.3020939612606,2.545352388044421,0.0,0.0,0.01625,989.0817149239979,3393.5722702064277,0.2635881181587374,2.3341677482600187e-09
q4_1d_adaptive_nr160_nz1_dt0.125_m1d7a05f7e44b_half_steps,1,10800.0,0.02734375,accepted_state,322.9712360362517,2.4547127089863956,0.0,0.0,0.01552,980.9241438087756,3377.661709928174,0.2621080660398301,2.472500274070912e-09
q4_1d_adaptive_nr160_nz1_dt0.125_m1d7a05f7e44b_half_steps,1,14400.0,0.02734375,accepted_state,323.14742693159155,2.2418816251762035,0.0,0.0,0.014770000000000002,961.7693462658583,3336.8049026518224,0.2583074328048207,2.4599157981163338e-09
q4_1d_adaptive_nr160_nz1_dt0.125_m1d7a05f7e44b_half_steps,1,18000.0,0.02734375,accepted_state,323.1485580955259,1.9799154258231835,0.0,0.0,0.01424,938.1923883240866,3278.503013418216,0.25288400124820615,2.4168459561397315e-09
q4_1d_adaptive_nr160_nz1_dt0.125_m1d7a05f7e44b_half_steps,1,21600.0,0.02734375,accepted_state,323.1489209849739,1.7196254936894175,0.0,0.0,0.013740000000000002,914.7662944320475,3209.4499757452522,0.24646046286002343,2.3620780915913827e-09
q4_1d_adaptive_nr160_nz1_dt0.125_m1d7a05f7e44b_half_steps,1,25200.0,0.02734375,accepted_state,323.1489340526756,1.4827071502484246,0.0,0.0,0.01337,893.4436435223582,3134.0098248056092,0.23944277440052175,2.297143158616713e-09
q4_1d_adaptive_nr160_nz1_dt0.125_m1d7a05f7e44b_half_steps,1,28800.0,0.02734375,accepted_state,323.1489344166779,1.2767428885983307,0.0,0.0,0.01311,874.9068599738498,3055.6685119048993,0.2321552104097581,2.223374191031197e-09
q4_1d_adaptive_nr160_nz1_dt0.125_m1d7a05f7e44b_half_steps,1,32400.0,0.02734375,accepted_state,323.14893442256516,1.1029687226520106,0.0,0.0,0.01291,859.267185038681,2977.6357694523012,0.2248963506467257,2.142569173996716e-09
q4_1d_adaptive_nr160_nz1_dt0.125_m1d7a05f7e44b_half_steps,1,36000.0,0.02734375,accepted_state,323.1489344227821,0.9579012574158796,0.0,0.0,0.01273,846.2111131674292,2901.885377591687,0.21784980256666855,2.0561065767534413e-09
q4_1d_adaptive_nr160_nz1_dt0.125_m1d7a05f7e44b_half_steps,1,39600.0,0.02734375,accepted_state,323.14893442296966,0.8374619331426789,0.0,0.0,0.0126,835.3715739828411,2829.907732388896,0.21115420766408335,1.9655529925100134e-09
q4_1d_adaptive_nr160_nz1_dt0.125_m1d7a05f7e44b_half_steps,1,43200.0,0.02734375,accepted_state,323.14893442313684,0.7376967250386436,0.0,0.0,0.01248,826.392705253478,2762.7300155312273,0.20490511772383507,1.8725997037170927e-09
q4_1d_adaptive_nr160_nz1_dt0.125_m1d7a05f7e44b_half_steps,1,46800.0,0.02734375,accepted_state,323.14893442318885,0.6552101430656052,0.0,0.0,0.0124,818.9689128759045,2701.071275446635,0.19916942097177998,1.7791406997825894e-09
q4_1d_adaptive_nr160_nz1_dt0.125_m1d7a05f7e44b_half_steps,1,50400.0,0.02734375,accepted_state,323.1489344232162,0.5868752155150432,0.0,0.0,0.01233,812.8187693963539,2645.136064273216,0.19396614551378755,1.686772506545265e-09
q4_1d_adaptive_nr160_nz1_dt0.125_m1d7a05f7e44b_half_steps,1,54000.0,0.02734375,accepted_state,323.1489344232495,0.5300053431461939,0.0,0.0,0.01226,807.7004808831574,2594.776149226451,0.18928150225362333,1.5967444458402778e-09
q4_1d_adaptive_nr160_nz1_dt0.125_m1d7a05f7e44b_half_steps,1,57600.0,0.02734375,accepted_state,323.1489344232836,0.4824456068575523,0.0,0.0,0.01221,803.4201046171797,2549.693836958031,0.18508779878679357,1.5100867600773442e-09
q4_1d_adaptive_nr160_nz1_dt0.125_m1d7a05f7e44b_half_steps,1,61200.0,0.02734375,accepted_state,323.14893442331,0.44251223482241997,0.0,0.0,0.01218,799.8261011340178,2509.544703955544,0.18135299571679478,1.427681082761319e-09
q4_1d_adaptive_nr160_nz1_dt0.125_m1d7a05f7e44b_half_steps,1,64800.0,0.02734375,accepted_state,323.14893442333045,0.40876006225044287,0.0,0.0,0.01214,796.7884056025399,2473.8352132403206,0.17803118262700657,1.3499559705795608e-09
q4_1d_adaptive_nr160_nz1_dt0.125_m1d7a05f7e44b_half_steps,1,68400.0,0.02734375,accepted_state,323.1489344233509,0.3800163133455072,0.0,0.0,0.01212,794.2014682010956,2442.0474024775413,0.17507417697465502,1.2770580968624497e-09
q4_1d_adaptive_nr160_nz1_dt0.125_m1d7a05f7e44b_half_steps,1,72000.0,0.02734375,accepted_state,323.148934423368,0.355383238606809,0.0,0.0,0.0121,791.9844914746128,2413.732781430901,0.17244025873775826,1.2090558309608937e-09
q4_1d_adaptive_nr160_nz1_dt0.125_m1d7a05f7e44b_half_steps,1,75600.0,0.02734375,accepted_state,323.14893442338166,0.33410827657809417,0.0,0.0,0.01208,790.0697448920284,2388.4366525971805,0.1700871304741563,1.1457808368768584e-09
q4_1d_adaptive_nr160_nz1_dt0.125_m1d7a05f7e44b_half_steps,1,79200.0,0.02734375,accepted_state,323.1489344233953,0.3155971358842463,0.0,0.0,0.01206,788.4037422295821,2365.761112306671,0.16797777788899265,1.086998138521115e-09
q4_1d_adaptive_nr160_nz1_dt0.125_m1d7a05f7e44b_half_steps,1,82800.0,0.02734375,accepted_state,323.14893442340895,0.2993966354831652,0.0,0.0,0.012050000000000002,786.9456971934849,2345.3858958157543,0.16608240891309345,1.0325005683360734e-09
q4_1d_adaptive_nr160_nz1_dt0.125_m1d7a05f7e44b_half_steps,1,86400.0,0.02734375,accepted_state,323.1489344234226,0.28512837594784224,0.0,0.0,0.01204,785.6615538353058,2327.015385980973,0.1643735242772998,9.820050986410575e-10
q4_1d_adaptive_nr160_nz1_dt0.125_m1d7a05f7e44b_half_steps,1,90000.0,0.02734375,accepted_state,323.14893442343623,0.272482229482438,0.0,0.0,0.01203,784.5234006534195,2310.3889781828398,0.16282688169142698,9.352042116041642e-10
q4_1d_adaptive_nr160_nz1_dt0.125_m1d7a05f7e44b_half_steps,1,93600.0,0.02734375,accepted_state,323.1489344234499,0.26121203866657744,0.0,0.0,0.01203,783.509083479992,2295.290614040524,0.1614223827014441,8.918178442034991e-10
q4_1d_adaptive_nr160_nz1_dt0.125_m1d7a05f7e44b_half_steps,1,97200.0,0.02734375,accepted_state,323.1489344234635,0.2511204721812636,0.0,0.0,0.01202,782.6008424963137,2281.5403889510444,0.16014329199544597,8.515927441343196e-10
q4_1d_adaptive_nr160_nz1_dt0.125_m1d7a05f7e44b_half_steps,1,100800.0,0.02734375,accepted_state,323.14893442347716,0.24202992222962663,0.0,0.0,0.01202,781.7826930006664,2268.9627991083876,0.15897328363798954,8.142260113472563e-10
q4_1d_adaptive_nr160_nz1_dt0.125_m1d7a05f7e44b_half_steps,1,104400.0,0.02734375,accepted_state,323.1489344234908,0.23381183338428663,0.0,0.0,0.01202,781.0430650045857,2257.432825795929,0.15790072798101668,7.795143478306213e-10
q4_1d_adaptive_nr160_nz1_dt0.125_m1d7a05f7e44b_half_steps,1,108000.0,0.02734375,accepted_state,323.14893442350444,0.2263398322867366,0.0,0.0,0.012010000000000002,780.3705849058063,2246.815488337414,0.15691306868255012,7.471855569913923e-10
q4_1d_adaptive_nr160_nz1_dt0.125_m1d7a05f7e44b_half_steps,1,111600.0,0.02734375,accepted_state,323.1489344235181,0.21952369079591444,0.0,0.0,0.012010000000000002,779.7571321716323,2237.0166186793667,0.156001545923662,7.170596595203392e-10
q4_1d_adaptive_nr160_nz1_dt0.125_m1d7a05f7e44b_half_steps,1,115200.0,0.02734375,accepted_state,323.1489344235317,0.21328410229073236,0.0,0.0,0.012010000000000002,779.1955692061659,2227.9500770341356,0.15515814670084985,6.889574738391148e-10
q4_1d_adaptive_nr160_nz1_dt0.125_m1d7a05f7e44b_half_steps,1,118800.0,0.02734375,accepted_state,323.14893442354537,0.20755138633307013,0.0,0.0,0.012010000000000002,778.6796247699763,2219.537467031667,0.15437557832852716,6.627043500725563e-10
q4_1d_adaptive_nr160_nz1_dt0.125_m1d7a05f7e44b_half_steps,1,122400.0,0.02734375,accepted_state,323.148934423559,0.20226639614614483,0.0,0.0,0.012010000000000002,778.2039756531531,2211.7108097741,0.1536475171882884,6.38142525254536e-10
q4_1d_adaptive_nr160_nz1_dt0.125_m1d7a05f7e44b_half_steps,1,126000.0,0.02734375,accepted_state,323.14893442357265,0.1973766897237992,0.0,0.0,0.012,777.7639020751419,2204.408004221342,0.15296818643919458,6.151202767319171e-10
q4_1d_adaptive_nr160_nz1_dt0.125_m1d7a05f7e44b_half_steps,1,129600.0,0.02734375,accepted_state,323.1489344235863,0.19283573007892954,0.0,0.0,0.012,777.3552157071036,2197.572435344693,0.1523323195669482,5.934932594082717e-10
q4_1d_adaptive_nr160_nz1_dt0.125_m1d7a05f7e44b_half_steps,1,133200.0,0.02734375,accepted_state,323.14893442359994,0.1886123464259764,0.0,0.0,0.012,776.9751111783379,2191.1680402237043,0.15173656188127482,5.731744879524968e-10
q4_1d_adaptive_nr160_nz1_dt0.125_m1d7a05f7e44b_half_steps,1,136800.0,0.02734375,accepted_state,323.1489344236136,0.18467404302835166,0.0,0.0,0.012,776.6206638725516,2185.1548004681435,0.15117719074122266,5.540585104623791e-10
q4_1d_adaptive_nr160_nz1_dt0.125_m1d7a05f7e44b_half_steps,1,140400.0,0.02734375,accepted_state,323.1489344236272,0.18099255237300893,0.0,0.0,0.012,776.2893297135709,2179.497410309717,0.15065092188927598,5.360499663405758e-10
q4_1d_adaptive_nr160_nz1_dt0.125_m1d7a05f7e44b_half_steps,1,144000.0,0.02734375,accepted_state,323.14893442364087,0.17754318079034237,0.0,0.0,0.012,775.9788862711308,2174.164620819285,0.1501548484483056,5.190625325180765e-10
q4_1d_adaptive_nr160_nz1_dt0.125_m1d7a05f7e44b_half_steps,1,147600.0,0.02734375,accepted_state,323.1489344236545,0.17430426977390862,0.0,0.0,0.012,775.6873842796517,2169.1286872235046,0.14968638950916321,5.03017977273992e-10
q4_1d_adaptive_nr160_nz1_dt0.125_m1d7a05f7e44b_half_steps,1,151200.0,0.02734375,accepted_state,323.14893442366815,0.1712567504339208,0.0,0.0,0.012,775.4131075390528,2164.364901885535,0.1492432466870265,4.878453147886799e-10
q4_1d_adaptive_nr160_nz1_dt0.125_m1d7a05f7e44b_half_steps,1,154800.0,0.02734375,accepted_state,323.1489344236818,0.16838377304081673,0.0,0.0,0.012,775.1545395736736,2159.8511982031,0.148823367274707,4.734800510171254e-10
q4_1d_adaptive_nr160_nz1_dt0.125_m1d7a05f7e44b_half_steps,1,158400.0,0.02734375,accepted_state,323.14893442369544,0.16567039745925669,0.0,0.0,0.012,774.910335771333,2155.567813434888,0.148424912877664,4.598635117546638e-10
q4_1d_adaptive_nr160_nz1_dt0.125_m1d7a05f7e44b_half_steps,1,162000.0,0.02734375,accepted_state,323.1489344237091,0.1631033332667594,0.0,0.0,0.012,774.6792999940084,2151.4970007339025,0.14804623262640954,4.469422444833934e-10
q4_1d_adaptive_nr160_nz1_dt0.125_m1d7a05f7e44b_half_steps,1,165600.0,0.02734375,accepted_state,323.1489344237227,0.16067072062886723,0.0,0.0,0.012,774.4603648565981,2147.622782424372,0.14768584022552297,4.3466748618918145e-10
q4_1d_adaptive_nr160_nz1_dt0.125_m1d7a05f7e44b_half_steps,1,169200.0,0.02734375,accepted_state,323.14893442373636,0.15836194476606952,0.0,0.0,0.012,774.2525750289462,2143.930737957564,0.14734239422861056,4.2299468994384623e-10
q4_1d_adaptive_nr160_nz1_dt0.125_m1d7a05f7e44b_half_steps,1,172800.0,0.02734375,accepted_state,323.14893442375,0.1561674782314456,0.0,0.0,0.012,774.05507304083,2140.4078211153374,0.14701468103398485,4.118831036826458e-10
q4_1d_adaptive_nr160_nz1_dt0.125_m1d7a05f7e44b_half_steps,1,176400.0,0.02734375,accepted_state,323.14893442376365,0.15407874631250398,0.0,0.0,0.012,773.8670871681254,2137.0422019557595,0.14670160018193112,4.012953952503928e-10
q4_1d_adaptive_nr160_nz1_dt0.125_m1d7a05f7e44b_half_steps,1,180000.0,0.02734375,accepted_state,323.14893442377735,0.15208801174074976,0.0,0.0,0.012,773.6879210566675,2133.8231297525153,0.14640215160488512,3.9119731841123927e-10
q4_1d_adaptive_nr160_nz1_dt0.125_m1d7a05f7e44b_half_steps,1,183600.0,0.02734375,accepted_state,323.1489344237908,0.15018827558759437,0.0,0.0,0.012,773.5169448028835,2130.740813801433,0.14611542453966817,3.8155741510154473e-10
q4_1d_adaptive_nr160_nz1_dt0.125_m1d7a05f7e44b_half_steps,1,187200.0,0.02734375,accepted_state,323.14893442380156,0.14837319178253475,0.0,0.0,0.012,773.3535872604282,2127.786319477979,0.14584058785841664,3.7234674974051976e-10
q4_1d_adaptive_nr160_nz1_dt0.125_m1d7a05f7e44b_half_steps,1,190800.0,0.02734375,accepted_state,323.1489344238118,0.14663699313888656,0.0,0.0,0.012,773.1973293824998,2124.9514773507913,0.1455768816140271,3.635386719000861e-10
q4_1d_adaptive_nr160_nz1_dt0.125_m1d7a05f7e44b_half_steps,1,194400.0,0.02734375,accepted_state,323.148934423822,0.14497442713566777,0.0,0.0,0.012,773.04769844221,2122.2288035038823,0.1453236096282681,3.5510860406965535e-10
q4_1d_adaptive_nr160_nz1_dt0.125_m1d7a05f7e44b_half_steps,1,198000.0,0.02734375,accepted_state,323.14893442383226,0.1433806999997072,0.0,0.0,0.012,772.9042629999736,2119.6114295085176,0.14508013297753652,3.470338516405497e-10
q4_1d_adaptive_nr160_nz1_dt0.125_m1d7a05f7e44b_half_steps,1,201600.0,0.02734375,accepted_state,323.1489344238425,0.14185142787291954,0.0,0.0,0.012,772.7666285085628,2117.093040725014,0.14484586425348966,3.392934325773199e-10
q4_1d_adaptive_nr160_nz1_dt0.125_m1d7a05f7e44b_half_steps,1,205200.0,0.02734375,accepted_state,323.1489344238524,0.14038259404719494,0.0,0.0,0.012,772.6344334642475,2114.6678218143497,0.14462026249435814,3.318679245469751e-10
q4_1d_adaptive_nr160_nz1_dt0.125_m1d7a05f7e44b_half_steps,1,208800.0,0.02734375,accepted_state,323.14893442386085,0.13896993390982962,0.0,0.0,0.01199,772.5072940518846,2112.329451384612,0.14440273966368486,3.247364143858058e-10
q4_1d_adaptive_nr160_nz1_dt0.125_m1d7a05f7e44b_half_steps,1,212400.0,0.02734375,accepted_state,323.14893442386943,0.1376090089569474,0.0,0.0,0.01199,772.3848108061253,2110.071225639031,0.144192672152468,3.178769379645201e-10
q4_1d_adaptive_nr160_nz1_dt0.125_m1d7a05f7e44b_half_steps,1,216000.0,0.02734375,accepted_state,323.1489344238763,0.13629848299860436,0.0,0.0,0.01199,772.2668634698744,2107.8915160334323,0.14398990846822626,3.1128301052620847e-10
q4_1d_adaptive_nr160_nz1_dt0.125_m1d7a05f7e44b_half_steps,1,219600.0,0.02734375,accepted_state,323.14893442388313,0.1350354605646888,0.0,0.0,0.01199,772.153191450822,2105.7860527719913,0.14379405142065035,3.049401357110803e-10
q4_1d_adaptive_nr160_nz1_dt0.125_m1d7a05f7e44b_half_steps,1,223200.0,0.02734375,accepted_state,323.14893442388995,0.13381726620970755,0.0,0.0,0.01199,772.0435539588736,2103.750874082789,0.14360473247281755,2.9883481967167806e-10
q4_1d_adaptive_nr160_nz1_dt0.125_m1d7a05f7e44b_half_steps,1,226800.0,0.02734375,accepted_state,323.1489344238968,0.13264142400547893,0.0,0.0,0.01199,771.9377281604931,2101.7822989408874,0.14342160920380345,2.929544883765777e-10
q4_1d_adaptive_nr160_nz1_dt0.125_m1d7a05f7e44b_half_steps,1,230400.0,0.02734375,accepted_state,323.1489344239036,0.13150563927814396,0.0,0.0,0.01199,771.835507535033,2099.87690262718,0.14324436303508647,2.872874127429454e-10
q4_1d_adaptive_nr160_nz1_dt0.125_m1d7a05f7e44b_half_steps,1,234000.0,0.02734375,accepted_state,323.1489344239104,0.13040778230471156,0.0,0.0,0.01199,771.736700407424,2098.031494779246,0.14307269718876706,2.8182264074789405e-10
q4_1d_adaptive_nr160_nz1_dt0.125_m1d7a05f7e44b_half_steps,1,237600.0,0.02734375,accepted_state,323.14893442391724,0.12934587372938247,0.0,0.0,0.01199,771.6411286356445,2096.243099644786,0.14290633485067777,2.7654993579390175e-10
q4_1d_adaptive_nr160_nz1_dt0.125_m1d7a05f7e44b_half_steps,1,241200.0,0.02734375,accepted_state,323.148934423924,0.12831764940733983,0.0,0.0,0.01198,771.5485884466606,2094.508225472402,0.14274495120673508,2.7145763306754983e-10
q4_1d_adaptive_nr160_nz1_dt0.125_m1d7a05f7e44b_half_steps,1,244800.0,0.02734375,accepted_state,323.1489344239309,0.127320613927579,0.0,0.0,0.01198,771.458855253482,2092.8229525499305,0.14258818163255166,2.665329386568898e-10
q4_1d_adaptive_nr160_nz1_dt0.125_m1d7a05f7e44b_half_steps,1,248400.0,0.02734375,accepted_state,323.1489344239377,0.12635446655595456,0.0,0.0,0.01198,771.3719019900359,2091.187042943916,0.14243600399478284,2.6177389385808766e-10
q4_1d_adaptive_nr160_nz1_dt0.125_m1d7a05f7e44b_half_steps,1,252000.0,0.02734375,accepted_state,323.1489344239445,0.1254177041312578,0.0,0.0,0.01198,771.2875933718132,2089.598206863427,0.1422882052896211,2.571725736751466e-10
q4_1d_adaptive_nr160_nz1_dt0.125_m1d7a05f7e44b_half_steps,1,255600.0,0.02734375,accepted_state,323.14893442395135,0.12450892105173864,0.0,0.0,0.01198,771.2058028946565,2088.05429663543,0.1421445857335284,2.527215373373629e-10
q4_1d_adaptive_nr160_nz1_dt0.125_m1d7a05f7e44b_half_steps,1,259200.0,0.02734375,accepted_state,323.14893442395817,0.12362680145889196,0.0,0.0,0.01198,771.1264121313003,2086.553295802051,0.142004957749028,2.484137927136721e-10
q4_1d_adaptive_nr160_nz1_dt0.25_m1d7a05f7e44b,1,3600.0,0.0546875,accepted_state,312.21207981784096,2.549999989498603,0.0,0.0,0.01794,989.4999990548743,3394.366195391549,0.26366197166433014,1.6470758406606393e-09
q4_1d_adaptive_nr160_nz1_dt0.25_m1d7a05f7e44b,1,7200.0,0.0546875,accepted_state,321.3020939612669,2.5453523880448934,0.0,0.0,0.01625,989.0817149240404,3393.5722702065077,0.26358811815874494,2.334167748260616e-09
q4_1d_adaptive_nr160_nz1_dt0.25_m1d7a05f7e44b,1,10800.0,0.0546875,accepted_state,322.97123603625585,2.454712708986655,0.0,0.0,0.01552,980.9241438087989,3377.6617099282203,0.2621080660398345,2.4725002740713293e-09
q4_1d_adaptive_nr160_nz1_dt0.25_m1d7a05f7e44b,1,14400.0,0.0546875,accepted_state,323.14742693159536,2.241881625176349,0.0,0.0,0.014770000000000002,961.7693462658715,3336.8049026518524,0.2583074328048235,2.4599157981166965e-09
q4_1d_adaptive_nr160_nz1_dt0.25_m1d7a05f7e44b,1,18000.0,0.0546875,accepted_state,323.14855809542183,1.9799154258234173,0.0,0.0,0.01424,938.1923883241076,3278.5030134182725,0.2528840012482114,2.416845956130497e-09
q4_1d_adaptive_nr160_nz1_dt0.25_m1d7a05f7e44b,1,21600.0,0.0546875,accepted_state,323.1489209856161,1.7196254936854602,0.0,0.0,0.013740000000000002,914.7662944316914,3209.4499757441017,0.24646046285991643,2.362078091646357e-09
q4_1d_adaptive_nr160_nz1_dt0.25_m1d7a05f7e44b,1,25200.0,0.0546875,accepted_state,323.1489340529452,1.4827071502424203,0.0,0.0,0.01337,893.4436435218179,3134.0098248035147,0.23944277440032696,2.297143158637667e-09
q4_1d_adaptive_nr160_nz1_dt0.25_m1d7a05f7e44b,1,28800.0,0.0546875,accepted_state,323.148934417755,1.2767428885919654,0.0,0.0,0.01311,874.9068599732768,3055.668511902259,0.23215521040951248,2.2233741911168855e-09
q4_1d_adaptive_nr160_nz1_dt0.25_m1d7a05f7e44b,1,32400.0,0.0546875,accepted_state,323.1489344246527,1.1029687226390354,0.0,0.0,0.01291,859.2671850375132,2977.635769445993,0.22489635064613892,2.1425691741547626e-09
q4_1d_adaptive_nr160_nz1_dt0.25_m1d7a05f7e44b,1,36000.0,0.0546875,accepted_state,323.14893442467354,0.9579012573979288,0.0,0.0,0.01273,846.2111131658136,2901.8853775816187,0.217849802565732,2.0561065768847587e-09
q4_1d_adaptive_nr160_nz1_dt0.25_m1d7a05f7e44b,1,39600.0,0.0546875,accepted_state,323.148934424691,0.8374619331232145,0.0,0.0,0.0126,835.3715739810893,2829.907732376501,0.21115420766293033,1.9655529926183864e-09
q4_1d_adaptive_nr160_nz1_dt0.25_m1d7a05f7e44b,1,43200.0,0.0546875,accepted_state,323.1489344247044,0.7376967250194206,0.0,0.0,0.01248,826.3927052517479,2762.73001551754,0.20490511772256187,1.872599703805472e-09
q4_1d_adaptive_nr160_nz1_dt0.25_m1d7a05f7e44b,1,46800.0,0.0546875,accepted_state,323.14893442471805,0.6552101430472915,0.0,0.0,0.0124,818.9689128742563,2701.071275432263,0.19916942097044305,1.7791406998601262e-09
q4_1d_adaptive_nr160_nz1_dt0.25_m1d7a05f7e44b,1,50400.0,0.0546875,accepted_state,323.1489344247338,0.5868752154977972,0.0,0.0,0.01233,812.8187693948017,2645.1360642584914,0.1939661455124178,1.686772506614303e-09
q4_1d_adaptive_nr160_nz1_dt0.25_m1d7a05f7e44b,1,54000.0,0.0546875,accepted_state,323.148934424751,0.5300053431300573,0.0,0.0,0.01226,807.7004808817052,2594.7761492116306,0.1892815022522447,1.5967444459011552e-09
q4_1d_adaptive_nr160_nz1_dt0.25_m1d7a05f7e44b,1,57600.0,0.0546875,accepted_state,323.14893442476813,0.4824456068425232,0.0,0.0,0.01221,803.4201046158271,2549.693836943328,0.18508779878542583,1.5100867601307412e-09
q4_1d_adaptive_nr160_nz1_dt0.25_m1d7a05f7e44b,1,61200.0,0.0546875,accepted_state,323.1489344247813,0.4425122348084622,0.0,0.0,0.01218,799.8261011327616,2509.544703941122,0.1813529957154532,1.4276810828082362e-09
q4_1d_adaptive_nr160_nz1_dt0.25_m1d7a05f7e44b,1,64800.0,0.0546875,accepted_state,323.14893442479155,0.40876006223749384,0.0,0.0,0.01214,796.7884056013744,2473.8352132262926,0.1780311826257016,1.3499559706208952e-09
q4_1d_adaptive_nr160_nz1_dt0.25_m1d7a05f7e44b,1,68400.0,0.0546875,accepted_state,323.1489344248018,0.38001631333349084,0.0,0.0,0.01212,794.2014682000142,2442.0474024639757,0.1750741769733931,1.2770580968988843e-09
q4_1d_adaptive_nr160_nz1_dt0.25_m1d7a05f7e44b,1,72000.0,0.0546875,accepted_state,323.14893442481105,0.3553832385956402,0.0,0.0,0.0121,791.9844914736076,2413.7327814178298,0.1724402587365423,1.2090558309931418e-09
q4_1d_adaptive_nr160_nz1_dt0.25_m1d7a05f7e44b,1,75600.0,0.0546875,accepted_state,323.1489344248199,0.3341082765676803,0.0,0.0,0.01208,790.0697448910912,2388.436652584601,0.17008713047298613,1.1457808369055462e-09
q4_1d_adaptive_nr160_nz1_dt0.25_m1d7a05f7e44b,1,79200.0,0.0546875,accepted_state,323.1489344248295,0.315597135874516,0.0,0.0,0.01206,788.4037422287064,2365.761112294584,0.16797777788786827,1.086998138546734e-09
q4_1d_adaptive_nr160_nz1_dt0.25_m1d7a05f7e44b,1,82800.0,0.0546875,accepted_state,323.14893442483753,0.29939663547405837,0.0,0.0,0.012050000000000002,786.9456971926653,2345.3858958041583,0.1660824089120147,1.0325005683589865e-09
q4_1d_adaptive_nr160_nz1_dt0.25_m1d7a05f7e44b,1,86400.0,0.0546875,accepted_state,323.1489344248457,0.28512837593929213,0.0,0.0,0.01204,785.6615538345363,2327.015385969842,0.1643735242762644,9.820050986615979e-10
q4_1d_adaptive_nr160_nz1_dt0.25_m1d7a05f7e44b,1,90000.0,0.0546875,accepted_state,323.14893442485476,0.27248222947439904,0.0,0.0,0.01203,784.523400652696,2310.388978172166,0.16282688169043402,9.352042116226971e-10
q4_1d_adaptive_nr160_nz1_dt0.25_m1d7a05f7e44b,1,93600.0,0.0546875,accepted_state,323.14893442486266,0.2612120386589862,0.0,0.0,0.01203,783.5090834793087,2295.2906140302634,0.16142238270048961,8.91817844220187e-10
q4_1d_adaptive_nr160_nz1_dt0.25_m1d7a05f7e44b,1,97200.0,0.0546875,accepted_state,323.1489344248711,0.2511204721740863,0.0,0.0,0.01202,782.6008424956677,2281.540388941186,0.16014329199452892,8.515927441494364e-10
q4_1d_adaptive_nr160_nz1_dt0.25_m1d7a05f7e44b,1,100800.0,0.0546875,accepted_state,323.14893442487937,0.24202992222282813,0.0,0.0,0.01202,781.7826930000546,2268.9627990989125,0.1589732836371081,8.142260113609996e-10
q4_1d_adaptive_nr160_nz1_dt0.25_m1d7a05f7e44b,1,104400.0,0.0546875,accepted_state,323.1489344248872,0.23381183337782885,0.0,0.0,0.01202,781.0430650040046,2257.4328257868087,0.15790072798016824,7.795143478431292e-10
q4_1d_adaptive_nr160_nz1_dt0.25_m1d7a05f7e44b,1,108000.0,0.0546875,accepted_state,323.14893442489563,0.2263398322805939,0.0,0.0,0.012010000000000002,780.3705849052535,2246.8154883286325,0.15691306868173324,7.471855570028372e-10
q4_1d_adaptive_nr160_nz1_dt0.25_m1d7a05f7e44b,1,111600.0,0.0546875,accepted_state,323.1489344249035,0.219523690790056,0.0,0.0,0.012010000000000002,779.757132171105,2237.0166186708975,0.15600154592287416,7.170596595308134e-10
q4_1d_adaptive_nr160_nz1_dt0.25_m1d7a05f7e44b,1,115200.0,0.0546875,accepted_state,323.14893442491064,0.21328410228513686,0.0,0.0,0.012010000000000002,779.1955692056623,2227.9500770259633,0.1551581467000896,6.889574738487182e-10
q4_1d_adaptive_nr160_nz1_dt0.25_m1d7a05f7e44b,1,118800.0,0.0546875,accepted_state,323.14893442491797,0.20755138632771558,0.0,0.0,0.012010000000000002,778.6796247694944,2219.537467023772,0.15437557832779275,6.627043500813818e-10
q4_1d_adaptive_nr160_nz1_dt0.25_m1d7a05f7e44b,1,122400.0,0.0546875,accepted_state,323.14893442492496,0.20226639614101372,0.0,0.0,0.012010000000000002,778.2039756526913,2211.710809766468,0.15364751718757844,6.381425252626624e-10
q4_1d_adaptive_nr160_nz1_dt0.25_m1d7a05f7e44b,1,126000.0,0.0546875,accepted_state,323.1489344249327,0.19737668971887404,0.0,0.0,0.012,777.7639020746986,2204.408004213956,0.15296818643850751,6.151202767394304e-10
q4_1d_adaptive_nr160_nz1_dt0.25_m1d7a05f7e44b,1,129600.0,0.0546875,accepted_state,323.1489344249397,0.19283573007419802,0.0,0.0,0.012,777.3552157066778,2197.5724353375435,0.15233231956628313,5.934932594152308e-10
q4_1d_adaptive_nr160_nz1_dt0.25_m1d7a05f7e44b,1,133200.0,0.0546875,accepted_state,323.1489344249465,0.1886123464214195,0.0,0.0,0.012,776.9751111779277,2191.16804021677,0.15173656188062973,5.731744879589266e-10
q4_1d_adaptive_nr160_nz1_dt0.25_m1d7a05f7e44b,1,136800.0,0.0546875,accepted_state,323.1489344249533,0.18467404302396034,0.0,0.0,0.012,776.6206638721565,2185.1548004614165,0.15117719074059685,5.540585104683455e-10
q4_1d_adaptive_nr160_nz1_dt0.25_m1d7a05f7e44b,1,140400.0,0.0546875,accepted_state,323.14893442496015,0.18099255236876993,0.0,0.0,0.012,776.2893297131893,2179.4974103031827,0.15065092188866813,5.360499663461091e-10
q4_1d_adaptive_nr160_nz1_dt0.25_m1d7a05f7e44b,1,144000.0,0.0546875,accepted_state,323.14893442496697,0.177543180786246,0.0,0.0,0.012,775.9788862707621,2174.164620812933,0.15015484844771473,5.190625325232168e-10
q4_1d_adaptive_nr160_nz1_dt0.25_m1d7a05f7e44b,1,147600.0,0.0546875,accepted_state,323.1489344249738,0.1743042697699492,0.0,0.0,0.012,775.6873842792954,2169.1286872173314,0.14968638950858895,5.030179772787912e-10
q4_1d_adaptive_nr160_nz1_dt0.25_m1d7a05f7e44b,1,151200.0,0.0546875,accepted_state,323.1489344249806,0.17125675043008662,0.0,0.0,0.012,775.4131075387078,2164.364901879526,0.1492432466864675,4.878453147931523e-10
q4_1d_adaptive_nr160_nz1_dt0.25_m1d7a05f7e44b,1,154800.0,0.0546875,accepted_state,323.14893442498743,0.1683837730370987,0.0,0.0,0.012,775.1545395733389,2159.8511981972442,0.14882336727416226,4.734800510212913e-10
q4_1d_adaptive_nr160_nz1_dt0.25_m1d7a05f7e44b,1,158400.0,0.0546875,accepted_state,323.14893442499425,0.16567039745565407,0.0,0.0,0.012,774.9103357710088,2155.5678134291875,0.14842491287713372,4.5986351175857665e-10
q4_1d_adaptive_nr160_nz1_dt0.25_m1d7a05f7e44b,1,162000.0,0.0546875,accepted_state,323.1489344250011,0.16310333326325951,0.0,0.0,0.012,774.6792999936933,2151.4970007283405,0.14804623262589212,4.4694224448704305e-10
q4_1d_adaptive_nr160_nz1_dt0.25_m1d7a05f7e44b,1,165600.0,0.0546875,accepted_state,323.1489344250079,0.16067072062546528,0.0,0.0,0.012,774.4603648562919,2147.6227824189427,0.14768584022501793,4.346674861925927e-10
q4_1d_adaptive_nr160_nz1_dt0.25_m1d7a05f7e44b,1,169200.0,0.0546875,accepted_state,323.1489344250147,0.15836194476275967,0.0,0.0,0.012,774.2525750286484,2143.93073795226,0.14734239422811723,4.229946899470336e-10
q4_1d_adaptive_nr160_nz1_dt0.25_m1d7a05f7e44b,1,172800.0,0.0546875,accepted_state,323.14893442502154,0.1561674782282268,0.0,0.0,0.012,774.0550730405404,2140.40782111016,0.14701468103350324,4.1188310368564553e-10
q4_1d_adaptive_nr160_nz1_dt0.25_m1d7a05f7e44b,1,176400.0,0.0546875,accepted_state,323.14893442502836,0.1540787463093678,0.0,0.0,0.012,773.8670871678431,2137.042201950697,0.14670160018146017,4.0129539525320067e-10
q4_1d_adaptive_nr160_nz1_dt0.25_m1d7a05f7e44b,1,180000.0,0.0546875,accepted_state,323.1489344250352,0.15208801173769185,0.0,0.0,0.012,773.6879210563923,2133.823129747562,0.14640215160442435,3.9119731841386676e-10
q4_1d_adaptive_nr160_nz1_dt0.25_m1d7a05f7e44b,1,183600.0,0.0546875,accepted_state,323.148934425042,0.15018827558461065,0.0,0.0,0.012,773.516944802615,2130.7408137965836,0.14611542453921708,3.815574151040044e-10
q4_1d_adaptive_nr160_nz1_dt0.25_m1d7a05f7e44b,1,187200.0,0.0546875,accepted_state,323.1489344250488,0.14837319177962452,0.0,0.0,0.012,773.3535872601663,2127.7863194732345,0.1458405878579753,3.7234674974287516e-10
q4_1d_adaptive_nr160_nz1_dt0.25_m1d7a05f7e44b,1,190800.0,0.0546875,accepted_state,323.14893442505564,0.14663699313604223,0.0,0.0,0.012,773.1973293822438,2124.95147734614,0.14557688161359442,3.6353867190233083e-10
q4_1d_adaptive_nr160_nz1_dt0.25_m1d7a05f7e44b,1,194400.0,0.0546875,accepted_state,323.14893442506246,0.14497442713288697,0.0,0.0,0.012,773.0476984419598,2122.2288034993217,0.14532360962784385,3.551086040718001e-10
q4_1d_adaptive_nr160_nz1_dt0.25_m1d7a05f7e44b,1,198000.0,0.0546875,accepted_state,323.1489344250693,0.14338069999698497,0.0,0.0,0.012,772.9042629997286,2119.6114295040406,0.14508013297712005,3.4703385164259135e-10
q4_1d_adaptive_nr160_nz1_dt0.25_m1d7a05f7e44b,1,201600.0,0.0546875,accepted_state,323.1489344250761,0.1418514278702588,0.0,0.0,0.012,772.7666285083233,2117.0930407206265,0.14484586425308152,3.3929343257929194e-10
q4_1d_adaptive_nr160_nz1_dt0.25_m1d7a05f7e44b,1,205200.0,0.0546875,accepted_state,323.1489344250829,0.14038259404459147,0.0,0.0,0.012,772.6344334640132,2114.6678218100456,0.14462026249395774,3.3186792454887934e-10
q4_1d_adaptive_nr160_nz1_dt0.25_m1d7a05f7e44b,1,208800.0,0.0546875,accepted_state,323.14893442508975,0.13896993390727724,0.0,0.0,0.01199,772.507294051655,2112.329451380382,0.14440273966329134,3.2473641438764363e-10
q4_1d_adaptive_nr160_nz1_dt0.25_m1d7a05f7e44b,1,212400.0,0.0546875,accepted_state,323.14893442509657,0.1376090089544511,0.0,0.0,0.01199,772.3848108059005,2110.0712256348843,0.14419267215208223,3.17876937966331e-10
q4_1d_adaptive_nr160_nz1_dt0.25_m1d7a05f7e44b,1,216000.0,0.0546875,accepted_state,323.1489344251034,0.13629848299614883,0.0,0.0,0.01199,772.2668634696533,2107.8915160293436,0.1439899084678459,3.112830105279475e-10
q4_1d_adaptive_nr160_nz1_dt0.25_m1d7a05f7e44b,1,219600.0,0.0546875,accepted_state,323.1489344251102,0.13503546056228266,0.0,0.0,0.01199,772.1531914506054,2105.786052767976,0.14379405142027682,3.0494013571280445e-10
q4_1d_adaptive_nr160_nz1_dt0.25_m1d7a05f7e44b,1,223200.0,0.0546875,accepted_state,323.14893442511703,0.13381726620734175,0.0,0.0,0.01199,772.0435539586607,2103.750874078832,0.14360473247244948,2.9883481967335336e-10
q4_1d_adaptive_nr160_nz1_dt0.25_m1d7a05f7e44b,1,226800.0,0.0546875,accepted_state,323.14893442512385,0.13264142400315682,0.0,0.0,0.01199,771.9377281602841,2101.7822989369956,0.14342160920344144,2.9295448837823155e-10
q4_1d_adaptive_nr160_nz1_dt0.25_m1d7a05f7e44b,1,230400.0,0.0546875,accepted_state,323.1489344251307,0.13150563927586295,0.0,0.0,0.01199,771.8355075348277,2099.8769026233495,0.14324436303473015,2.872874127445743e-10
q4_1d_adaptive_nr160_nz1_dt0.25_m1d7a05f7e44b,1,234000.0,0.0546875,accepted_state,323.1489344251375,0.13040778230246627,0.0,0.0,0.01199,771.736700407222,2098.0314947754678,0.14307269718841562,2.818226407494815e-10
q4_1d_adaptive_nr160_nz1_dt0.25_m1d7a05f7e44b,1,237600.0,0.0546875,accepted_state,323.1489344251443,0.1293458737271804,0.0,0.0,0.01199,771.6411286354462,2096.243099641074,0.14290633485033247,2.765499357954929e-10
q4_1d_adaptive_nr160_nz1_dt0.25_m1d7a05f7e44b,1,241200.0,0.0546875,accepted_state,323.1489344251511,0.12831764940517537,0.0,0.0,0.01198,771.5485884464658,2094.508225468747,0.14274495120639505,2.714576330691252e-10
q4_1d_adaptive_nr160_nz1_dt0.25_m1d7a05f7e44b,1,244800.0,0.0546875,accepted_state,323.1489344251579,0.12732061392544894,0.0,0.0,0.01198,771.4588552532904,2092.8229525463266,0.14258818163221643,2.665329386584408e-10
q4_1d_adaptive_nr160_nz1_dt0.25_m1d7a05f7e44b,1,248400.0,0.0546875,accepted_state,323.1489344251647,0.1263544665538562,0.0,0.0,0.01198,771.3719019898471,2091.18704294036,0.14243600399445205,2.617738938596087e-10
q4_1d_adaptive_nr160_nz1_dt0.25_m1d7a05f7e44b,1,252000.0,0.0546875,accepted_state,323.14893442517155,0.12541770412919556,0.0,0.0,0.01198,771.2875933716276,2089.5982068599264,0.14228820528929548,2.57172573676666e-10
q4_1d_adaptive_nr160_nz1_dt0.25_m1d7a05f7e44b,1,255600.0,0.0546875,accepted_state,323.14893442517837,0.12450892104970479,0.0,0.0,0.01198,771.2058028944734,2088.054296631972,0.1421445857332067,2.527215373388489e-10
q4_1d_adaptive_nr160_nz1_dt0.25_m1d7a05f7e44b,1,259200.0,0.0546875,accepted_state,323.1489344251852,0.1236268014568915,0.0,0.0,0.01198,771.1264121311202,2086.5532957986443,0.1420049577487111,2.4841379271515564e-10
q4_1d_adaptive_nr40_nz1_dt0.25_ma085877c28ed,1,3600.0,0.25,accepted_state,312.2107227042761,2.5499999721470834,0.0,0.0,0.01794,989.4999974932375,3394.366192431361,0.26366197138896386,1.6469875554723816e-09
q4_1d_adaptive_nr40_nz1_dt0.25_ma085877c28ed,1,7200.0,0.25,accepted_state,321.30158874012295,2.5452067066749247,0.0,0.0,0.01625,989.0686036007432,3393.5473505812865,0.26358580005407317,2.3341080231840645e-09
q4_1d_adaptive_nr40_nz1_dt0.25_ma085877c28ed,1,10800.0,0.25,accepted_state,322.97116333135625,2.454526730654858,0.0,0.0,0.01552,980.9074057589372,3377.6282056464406,0.26210494936245954,2.4724707437934493e-09
q4_1d_adaptive_nr40_nz1_dt0.25_ma085877c28ed,1,14400.0,0.25,accepted_state,323.14739921775293,2.2419769821441298,0.0,0.0,0.014770000000000002,961.7779283929717,3336.8244093522017,0.25830924738160016,2.4599272853695876e-09
q4_1d_adaptive_nr40_nz1_dt0.25_ma085877c28ed,1,18000.0,0.25,accepted_state,323.14855757274813,1.9801926069242375,0.0,0.0,0.01424,938.2173346231814,3278.5701182518715,0.2528902435583136,2.416897170237378e-09
q4_1d_adaptive_nr40_nz1_dt0.25_ma085877c28ed,1,21600.0,0.25,accepted_state,323.14892096237736,1.7199662199286778,0.0,0.0,0.013740000000000002,914.796959793581,3209.5490068048066,0.2464696750516099,2.3621597243229208e-09
q4_1d_adaptive_nr40_nz1_dt0.25_ma085877c28ed,1,25200.0,0.25,accepted_state,323.1489340523819,1.4830455237523155,0.0,0.0,0.01337,893.4740971377084,3134.1278363874,0.23945375222208368,2.297249207408026e-09
q4_1d_adaptive_nr40_nz1_dt0.25_ma085877c28ed,1,28800.0,0.25,accepted_state,323.14893441800666,1.2770498470515899,0.0,0.0,0.01311,874.9344862346431,3055.7958128216205,0.23216705235549956,2.2234997693766545e-09
q4_1d_adaptive_nr40_nz1_dt0.25_ma085877c28ed,1,32400.0,0.25,accepted_state,323.14893442605137,1.103235168863197,0.0,0.0,0.01291,859.2911651976877,2977.765286626469,0.2249083987559506,2.1427099243440817e-09
q4_1d_adaptive_nr40_nz1_dt0.25_ma085877c28ed,1,36000.0,0.25,accepted_state,323.148934426132,0.9581271494638223,0.0,0.0,0.01273,846.231443451744,2902.012057496513,0.2178615867438617,2.0562584008446155e-09
q4_1d_adaptive_nr40_nz1_dt0.25_ma085877c28ed,1,39600.0,0.25,accepted_state,323.1489344261329,0.8376508644104261,0.0,0.0,0.0126,835.3885777969383,2830.028031091866,0.21116539824110386,1.965711810577159e-09
q4_1d_adaptive_nr40_nz1_dt0.25_ma085877c28ed,1,43200.0,0.25,accepted_state,323.1489344261337,0.7378534469707283,0.0,0.0,0.01248,826.4068102273656,2762.841594181783,0.20491549713318907,1.8727614622981364e-09
q4_1d_adaptive_nr40_nz1_dt0.25_ma085877c28ed,1,46800.0,0.25,accepted_state,323.14893442613425,0.6553397400610622,0.0,0.0,0.0124,818.9805766054956,2701.1729689273993,0.19917888083045573,1.7793018012695204e-09
q4_1d_adaptive_nr40_nz1_dt0.25_ma085877c28ed,1,50400.0,0.25,accepted_state,323.1489344261348,0.5869826765674848,0.0,0.0,0.01233,812.8284408910737,2645.22780762152,0.19397467977874602,1.68693036891783e-09
q4_1d_adaptive_nr40_nz1_dt0.25_ma085877c28ed,1,54000.0,0.25,accepted_state,323.14893442613527,0.5300954337962747,0.0,0.0,0.01226,807.7085890416647,2594.8588875494524,0.18928919884180956,1.5968980572405848e-09
q4_1d_adaptive_nr40_nz1_dt0.25_ma085877c28ed,1,57600.0,0.25,accepted_state,323.1489344261367,0.4825228103204442,0.0,0.0,0.01221,803.42705292884,2549.7693627153826,0.18509482443864023,1.5102370105318836e-09
q4_1d_adaptive_nr40_nz1_dt0.25_ma085877c28ed,1,61200.0,0.25,accepted_state,323.1489344261372,0.44258069353215146,0.0,0.0,0.01218,799.8322624178936,2509.6154345891487,0.18135957531061847,1.4278308051077165e-09
q4_1d_adaptive_nr40_nz1_dt0.25_ma085877c28ed,1,64800.0,0.25,accepted_state,323.14893442613754,0.4088234735716073,0.0,0.0,0.01214,796.7941126214447,2473.9039061087024,0.17803757266127462,1.3501096545225476e-09
q4_1d_adaptive_nr40_nz1_dt0.25_ma085877c28ed,1,68400.0,0.25,accepted_state,323.1489344261392,0.3800778676499857,0.0,0.0,0.01212,794.2070080884987,2442.1168903599278,0.1750806409637142,1.27722138086171e-09
q4_1d_adaptive_nr40_nz1_dt0.25_ma085877c28ed,1,72000.0,0.25,accepted_state,323.14893442613936,0.35544557286580847,0.0,0.0,0.0121,791.9901015579228,2413.805730720511,0.17244704471818703,1.2092348325177136e-09
q4_1d_adaptive_nr40_nz1_dt0.25_ma085877c28ed,1,75600.0,0.25,accepted_state,323.1489344261395,0.334173463518746,0.0,0.0,0.01208,790.0756117166871,2388.515392646474,0.17009445512990456,1.1459815438684957e-09
q4_1d_adaptive_nr40_nz1_dt0.25_ma085877c28ed,1,79200.0,0.25,accepted_state,323.14893442613993,0.3156667221415459,0.0,0.0,0.01206,788.4100049927391,2365.8475480018315,0.16798581841877505,1.0872259404478797e-09
q4_1d_adaptive_nr40_nz1_dt0.25_ma085877c28ed,1,82800.0,0.25,accepted_state,323.14893442614135,0.29947168908214605,0.0,0.0,0.012050000000000002,786.9524520173932,2345.4814613786575,0.16609129873289835,1.0327598877881728e-09
q4_1d_adaptive_nr40_nz1_dt0.25_ma085877c28ed,1,86400.0,0.25,accepted_state,323.14893442614147,0.28520955747853716,0.0,0.0,0.01204,785.6688601730683,2327.1210617059974,0.16438335457730208,9.82299237834468e-10
q4_1d_adaptive_nr40_nz1_dt0.25_ma085877c28ed,1,90000.0,0.25,accepted_state,323.1489344261416,0.27256987191059145,0.0,0.0,0.01203,784.5312884719532,2310.505342412306,0.1628377062709122,9.35535345069045e-10
q4_1d_adaptive_nr40_nz1_dt0.25_ma085877c28ed,1,93600.0,0.25,accepted_state,323.1489344261417,0.2613062185424784,0.0,0.0,0.01203,783.5175596688231,2295.4179021772643,0.16143422345835015,8.92187078968985e-10
q4_1d_adaptive_nr40_nz1_dt0.25_ma085877c28ed,1,97200.0,0.25,accepted_state,323.14893442614186,0.2512210701003093,0.0,0.0,0.01202,782.6098963090278,2281.678552753562,0.16015614444219184,8.5200022572816e-10
q4_1d_adaptive_nr40_nz1_dt0.25_ma085877c28ed,1,100800.0,0.25,accepted_state,323.1489344261419,0.24213668671505637,0.0,0.0,0.01202,781.792301804355,2269.1115857097247,0.15898712425206746,8.146711365082252e-10
q4_1d_adaptive_nr40_nz1_dt0.25_ma085877c28ed,1,104400.0,0.25,accepted_state,323.148934426142,0.23392441227238853,0.0,0.0,0.01202,781.053197104515,2257.591811446074,0.15791551734382087,7.799958457917664e-10
q4_1d_adaptive_nr40_nz1_dt0.25_ma085877c28ed,1,108000.0,0.25,accepted_state,323.14893442614215,0.22645782170586176,0.0,0.0,0.012010000000000002,780.3812039535276,2246.98415065787,0.1569287582007321,7.477017290587244e-10
q4_1d_adaptive_nr40_nz1_dt0.25_ma085877c28ed,1,111600.0,0.25,accepted_state,323.1489344261422,0.2196466488945689,0.0,0.0,0.012010000000000002,779.7681984005112,2237.1943530130957,0.15601807935005543,7.17608433984129e-10
q4_1d_adaptive_nr40_nz1_dt0.25_ma085877c28ed,1,115200.0,0.25,accepted_state,323.1489344261423,0.21341157220691398,0.0,0.0,0.012010000000000002,779.2070414986223,2228.136232383503,0.15517546347753514,6.895365389739014e-10
q4_1d_adaptive_nr40_nz1_dt0.25_ma085877c28ed,1,118800.0,0.25,accepted_state,323.14893442614374,0.2076829123955175,0.0,0.0,0.012010000000000002,778.6914621155966,2219.7313732498415,0.15439361611626432,6.633112615156511e-10
q4_1d_adaptive_nr40_nz1_dt0.25_ma085877c28ed,1,122400.0,0.25,accepted_state,323.1489344261438,0.20240153384819165,0.0,0.0,0.012010000000000002,778.2161380463373,2211.911795289304,0.1536662135152841,6.387747813606488e-10
q4_1d_adaptive_nr40_nz1_dt0.25_ma085877c28ed,1,126000.0,0.25,accepted_state,323.1489344261439,0.19751501402537894,0.0,0.0,0.012,777.7763512622842,2204.6154120666124,0.152987480192243,6.15775387910176e-10
q4_1d_adaptive_nr40_nz1_dt0.25_ma085877c28ed,1,129600.0,0.25,accepted_state,323.1489344261439,0.19297684024972872,0.0,0.0,0.012,777.3679156224756,2197.7856338351585,0.15235215198466592,5.941687973560021e-10
q4_1d_adaptive_nr40_nz1_dt0.25_ma085877c28ed,1,133200.0,0.25,accepted_state,323.1489344261447,0.18875586269443023,0.0,0.0,0.012,776.9880276424988,2191.386417117795,0.15175687601095766,5.738680755838124e-10
q4_1d_adaptive_nr40_nz1_dt0.25_ma085877c28ed,1,136800.0,0.25,accepted_state,323.1489344261448,0.18481961186130993,0.0,0.0,0.012,776.6337650675179,2185.377775252702,0.1511979325816467,5.547678746713495e-10
q4_1d_adaptive_nr40_nz1_dt0.25_ma085877c28ed,1,140400.0,0.25,accepted_state,323.1489344261448,0.18113984649987047,0.0,0.0,0.012,776.3025861849883,2179.72443621202,0.15067204057786232,5.367729525217413e-10
q4_1d_adaptive_nr40_nz1_dt0.25_ma085877c28ed,1,144000.0,0.25,accepted_state,323.1489344261449,0.17769189872931998,0.0,0.0,0.012,775.9922708856388,2174.395185769929,0.15017629635069105,5.197971137455305e-10
q4_1d_adaptive_nr40_nz1_dt0.25_ma085877c28ed,1,147600.0,0.25,accepted_state,323.1489344261449,0.17445413505407925,0.0,0.0,0.012,775.7008721548672,2169.3623140924096,0.1497081222411544,5.037622594605979e-10
q4_1d_adaptive_nr40_nz1_dt0.25_ma085877c28ed,1,151200.0,0.25,accepted_state,323.14893442614493,0.17140751050682257,0.0,0.0,0.012,775.4266759456141,2164.601148007171,0.1492652230704345,4.885975381591348e-10
q4_1d_adaptive_nr40_nz1_dt0.25_ma085877c28ed,1,154800.0,0.25,accepted_state,323.14893442614505,0.16853519795797312,0.0,0.0,0.012,775.1681678162175,2160.0896543320678,0.14884554924019233,4.742385886042689e-10
q4_1d_adaptive_nr40_nz1_dt0.25_ma085877c28ed,1,158400.0,0.25,accepted_state,323.14893442614505,0.16582227842289937,0.0,0.0,0.012,774.924005058061,2155.8081023220143,0.1484472653322804,4.6062686575829636e-10
q4_1d_adaptive_nr40_nz1_dt0.25_ma085877c28ed,1,162000.0,0.25,accepted_state,323.14893442614505,0.16325548113786958,0.0,0.0,0.012,774.6929933024082,2151.738775477834,0.14806872330026363,4.477090411884402e-10
q4_1d_adaptive_nr40_nz1_dt0.25_ma085877c28ed,1,165600.0,0.25,accepted_state,323.1489344261453,0.1608229644476568,0.0,0.0,0.012,774.4740668002892,2147.865724707631,0.1477084395076866,4.354364699621565e-10
q4_1d_adaptive_nr40_nz1_dt0.25_ma085877c28ed,1,169200.0,0.25,accepted_state,323.14893442614533,0.15851413031872658,0.0,0.0,0.012,774.2662717286854,2144.174556240847,0.14736507499914855,4.2376471668504214e-10
q4_1d_adaptive_nr40_nz1_dt0.25_ma085877c28ed,1,172800.0,0.25,accepted_state,323.14893442614533,0.1563194666831695,0.0,0.0,0.012,774.0687520014852,2140.6522488398978,0.14703741849673468,4.1265313400895504e-10
q4_1d_adaptive_nr40_nz1_dt0.25_ma085877c28ed,1,176400.0,0.25,accepted_state,323.14893442614533,0.1542304129179749,0.0,0.0,0.012,773.8807371626177,2137.286995787392,0.14672437170115274,4.0206448760882465e-10
q4_1d_adaptive_nr40_nz1_dt0.25_ma085877c28ed,1,180000.0,0.25,accepted_state,323.14893442614533,0.15223924463747013,0.0,0.0,0.012,773.7015320173723,2134.068067889446,0.14642493654785543,3.9196462226821306e-10
q4_1d_adaptive_nr40_nz1_dt0.25_ma085877c28ed,1,183600.0,0.25,accepted_state,323.1489344261454,0.15033897467365323,0.0,0.0,0.012,773.5305077206287,2130.985694360267,0.1461382041265365,3.8232216431093736e-10
q4_1d_adaptive_nr40_nz1_dt0.25_ma085877c28ed,1,187200.0,0.25,accepted_state,323.1489344261454,0.1485232676779235,0.0,0.0,0.012,773.3670940910131,2128.0309589662425,0.14586334502011558,3.7310825616229097e-10
q4_1d_adaptive_nr40_nz1_dt0.25_ma085877c28ed,1,190800.0,0.25,accepted_state,323.1489344261454,0.1467863662277522,0.0,0.0,0.012,773.2107729604977,2125.1957092302846,0.14559960085863113,3.6429631931657993e-10
q4_1d_adaptive_nr40_nz1_dt0.25_ma085877c28ed,1,194400.0,0.25,accepted_state,323.1489344261455,0.14512302668589364,0.0,0.0,0.012,773.0610724017304,2122.472476846155,0.14534627691592142,3.5586184242891974e-10
q4_1d_adaptive_nr40_nz1_dt0.25_ma085877c28ed,1,198000.0,0.25,accepted_state,323.1489344261455,0.14352846335552108,0.0,0.0,0.012,772.9175617019969,2119.8544077415163,0.14510273560386197,3.477821916415753e-10
q4_1d_adaptive_nr40_nz1_dt0.25_ma085877c28ed,1,201600.0,0.25,accepted_state,323.1489344261455,0.14199829971593605,0.0,0.0,0.012,772.7798469744342,2117.3352004685144,0.14486839074125715,3.4003644060207577e-10
q4_1d_adaptive_nr40_nz1_dt0.25_ma085877c28ed,1,205200.0,0.25,accepted_state,323.1489344261455,0.14052852572114094,0.0,0.0,0.012,772.6475673149026,2114.9090518007133,0.1446427024930896,3.3260521793630525e-10
q4_1d_adaptive_nr40_nz1_dt0.25_ma085877c28ed,1,208800.0,0.25,accepted_state,323.1489344261455,0.13911488238630268,0.0,0.0,0.01199,772.5203394147672,2112.569651011828,0.14442508381505376,3.2546765446354955e-10
q4_1d_adaptive_nr40_nz1_dt0.25_ma085877c28ed,1,212400.0,0.25,accepted_state,323.1489344261455,0.1377529357827538,0.0,0.0,0.01199,772.3977642204478,2110.3103034220358,0.1442149119462359,3.1860182280963063e-10
q4_1d_adaptive_nr40_nz1_dt0.25_ma085877c28ed,1,216000.0,0.25,accepted_state,323.1489344261455,0.13644135592156031,0.0,0.0,0.01199,772.2797220329404,2108.129391105688,0.14401203638192445,3.1200128452858387e-10
q4_1d_adaptive_nr40_nz1_dt0.25_ma085877c28ed,1,219600.0,0.25,accepted_state,323.14893442614556,0.1351772518598646,0.0,0.0,0.01199,772.1659526673878,2106.022652869886,0.1438160607320824,3.0565157871215416e-10
q4_1d_adaptive_nr40_nz1_dt0.25_ma085877c28ed,1,223200.0,0.25,accepted_state,323.14893442614556,0.13395795225243906,0.0,0.0,0.01199,772.0562157027196,2103.9861348215386,0.14362661719270128,2.9953924375407454e-10
q4_1d_adaptive_nr40_nz1_dt0.25_ma085877c28ed,1,226800.0,0.25,accepted_state,323.14893442614556,0.1327809848820324,0.0,0.0,0.01199,771.950288639383,2102.016163147459,0.14344336401371713,2.936517349087268e-10
q4_1d_adaptive_nr40_nz1_dt0.25_ma085877c28ed,1,230400.0,0.25,accepted_state,323.14893442614556,0.1316440584301767,0.0,0.0,0.01199,771.8479652587159,2100.109319725062,0.14326598323023834,2.8797734965892687e-10
q4_1d_adaptive_nr40_nz1_dt0.25_ma085877c28ed,1,234000.0,0.25,accepted_state,323.1489344261456,0.13054504620630997,0.0,0.0,0.01199,771.7490541585679,2098.2624202241186,0.1430941786254994,2.8250516005501153e-10
q4_1d_adaptive_nr40_nz1_dt0.25_ma085877c28ed,1,237600.0,0.25,accepted_state,323.1489344261456,0.12948197159528724,0.0,0.0,0.01199,771.6533774435759,2096.472494409692,0.14292767389857602,2.772249512988139e-10
q4_1d_adaptive_nr40_nz1_dt0.25_ma085877c28ed,1,241200.0,0.25,accepted_state,323.1489344261456,0.12845257243778502,0.0,0.0,0.01198,771.5607315194006,2094.7360549186606,0.14276614464359635,2.7212507513223113e-10
q4_1d_adaptive_nr40_nz1_dt0.25_ma085877c28ed,1,244800.0,0.25,accepted_state,323.1489344261456,0.12745435456655,0.0,0.0,0.01198,771.4708919109895,2093.049185280261,0.1426092265376987,2.671927490457408e-10
q4_1d_adaptive_nr40_nz1_dt0.25_ma085877c28ed,1,248400.0,0.25,accepted_state,323.1489344261456,0.12648702074484702,0.0,0.0,0.01198,771.3838318670362,2091.4116537460027,0.14245689802288397,2.624260399643444e-10
q4_1d_adaptive_nr40_nz1_dt0.25_ma085877c28ed,1,252000.0,0.25,accepted_state,323.1489344261456,0.1255490696433696,0.0,0.0,0.01198,771.2994162679032,2089.8211744058144,0.14230894645635483,2.578170374822977e-10
q4_1d_adaptive_nr40_nz1_dt0.25_ma085877c28ed,1,255600.0,0.25,accepted_state,323.1489344261457,0.1246390973109049,0.0,0.0,0.01198,771.2175187579815,2088.2756031327663,0.14216517238444337,2.533583139630863e-10
q4_1d_adaptive_nr40_nz1_dt0.25_ma085877c28ed,1,259200.0,0.25,accepted_state,323.1489344261457,0.12375578937417407,0.0,0.0,0.01198,771.1380210436756,2086.77292670737,0.14202538853091815,2.490428890789711e-10
q4_1d_adaptive_nr80_nz1_dt0.25_md66ccc838cbe,1,3600.0,0.125,accepted_state,312.2118089790227,2.5499999868098238,0.0,0.0,0.01794,989.4999988128841,3394.3661949328407,0.2636619716216596,1.6470582213496145e-09
q4_1d_adaptive_nr80_nz1_dt0.25_md66ccc838cbe,1,7200.0,0.125,accepted_state,321.30199318501474,2.5453230248968377,0.0,0.0,0.01625,989.0790722407154,3393.5672476381583,0.26358765094308445,2.334155802083735e-09
q4_1d_adaptive_nr80_nz1_dt0.25_md66ccc838cbe,1,10800.0,0.125,accepted_state,322.9712215595538,2.4546752112496915,0.0,0.0,0.01552,980.9207690124722,3377.654954943721,0.2621074376691833,2.472494336945374e-09
q4_1d_adaptive_nr80_nz1_dt0.25_md66ccc838cbe,1,14400.0,0.125,accepted_state,323.1474213804596,2.241900423017324,0.0,0.0,0.014770000000000002,961.7710380715591,3336.8087481234425,0.2583077905231109,2.4599180547342277e-09
q4_1d_adaptive_nr80_nz1_dt0.25_md66ccc838cbe,1,18000.0,0.125,accepted_state,323.1485579912753,1.9799705455599867,0.0,0.0,0.01424,938.1973491003988,3278.51635875952,0.25288524267530416,2.4168561415141504e-09
q4_1d_adaptive_nr80_nz1_dt0.25_md66ccc838cbe,1,21600.0,0.125,accepted_state,323.1489209812305,1.719693311307115,0.0,0.0,0.013740000000000002,914.7723980176404,3209.4696887103473,0.24646229662421837,2.3620943420619197e-09
q4_1d_adaptive_nr80_nz1_dt0.25_md66ccc838cbe,1,25200.0,0.125,accepted_state,323.1489340529425,1.4827745158118169,0.0,0.0,0.01337,893.4497064230635,3134.0333218713604,0.23944496017408007,2.2971642749850145e-09
q4_1d_adaptive_nr80_nz1_dt0.25_md66ccc838cbe,1,28800.0,0.125,accepted_state,323.1489344179831,1.2768040029847505,0.0,0.0,0.01311,874.9123602686275,3055.693859822153,0.23215756835554915,2.2233991975874754e-09
q4_1d_adaptive_nr80_nz1_dt0.25_md66ccc838cbe,1,32400.0,0.125,accepted_state,323.1489344258364,1.1030217693984652,0.0,0.0,0.01291,859.2719592458618,2977.661557628587,0.2248987495468453,2.1425972008553465e-09
q4_1d_adaptive_nr80_nz1_dt0.25_md66ccc838cbe,1,36000.0,0.125,accepted_state,323.1489344258399,0.9579462265226109,0.0,0.0,0.01273,846.215160387035,2901.9105985262504,0.21785214870011632,2.0561368058930383e-09
q4_1d_adaptive_nr80_nz1_dt0.25_md66ccc838cbe,1,39600.0,0.125,accepted_state,323.14893442584594,0.8374995403544554,0.0,0.0,0.0126,835.374958631901,2829.9316800997603,0.21115643535811726,1.9655846104704005e-09
q4_1d_adaptive_nr80_nz1_dt0.25_md66ccc838cbe,1,43200.0,0.125,accepted_state,323.14893442584935,0.7377279190727638,0.0,0.0,0.01248,826.3955127165488,2762.7522258218532,0.20490718379738168,1.8726319047596396e-09
q4_1d_adaptive_nr80_nz1_dt0.25_md66ccc838cbe,1,46800.0,0.125,accepted_state,323.14893442585395,0.6552359432878366,0.0,0.0,0.0124,818.9712348959054,2701.091521895422,0.1991713043623648,1.7791727759855876e-09
q4_1d_adaptive_nr80_nz1_dt0.25_md66ccc838cbe,1,50400.0,0.125,accepted_state,323.14893442586094,0.5868966297501678,0.0,0.0,0.01233,812.8206966775151,2645.154347363833,0.19396784626640307,1.6868039680341334e-09
q4_1d_adaptive_nr80_nz1_dt0.25_md66ccc838cbe,1,54000.0,0.125,accepted_state,323.14893442586776,0.5300233464964788,0.0,0.0,0.01226,807.7021011846831,2594.7926840965047,0.18928304038107024,1.5967751460334475e-09
q4_1d_adaptive_nr80_nz1_dt0.25_md66ccc838cbe,1,57600.0,0.125,accepted_state,323.1489344258745,0.48246113415802283,0.0,0.0,0.01221,803.4215020742221,2549.7090274672787,0.18508921185742128,1.510116981495559e-09
q4_1d_adaptive_nr80_nz1_dt0.25_md66ccc838cbe,1,61200.0,0.125,accepted_state,323.1489344258814,0.4425261708570962,0.0,0.0,0.01218,799.8273553771387,2509.559103026499,0.18135433516525573,1.4277115640974385e-09
q4_1d_adaptive_nr80_nz1_dt0.25_md66ccc838cbe,1,64800.0,0.125,accepted_state,323.1489344258882,0.4087732197290736,0.0,0.0,0.01214,796.7895897756166,2473.849467117586,0.17803250856907776,1.3499878616798371e-09
q4_1d_adaptive_nr80_nz1_dt0.25_md66ccc838cbe,1,68400.0,0.125,accepted_state,323.14893442589505,0.3800294156698188,0.0,0.0,0.01212,794.2026474102837,2442.062194046448,0.1750755529345533,1.2770928559371859e-09
q4_1d_adaptive_nr80_nz1_dt0.25_md66ccc838cbe,1,72000.0,0.125,accepted_state,323.14893442590187,0.35539690152739034,0.0,0.0,0.0121,791.9857211374651,2413.7487716128203,0.17244174619654143,1.2090950691425864e-09
q4_1d_adaptive_nr80_nz1_dt0.25_md66ccc838cbe,1,75600.0,0.125,accepted_state,323.1489344259078,0.33412299750559865,0.0,0.0,0.01208,790.0710697755039,2388.4544348460813,0.17008878463684476,1.1458261656529478e-09
q4_1d_adaptive_nr80_nz1_dt0.25_md66ccc838cbe,1,79200.0,0.125,accepted_state,323.14893442591233,0.3156132946337946,0.0,0.0,0.01206,788.4051965170415,2365.7811845094957,0.16797964507065075,1.0870510415891409e-09
q4_1d_adaptive_nr80_nz1_dt0.25_md66ccc838cbe,1,82800.0,0.125,accepted_state,323.14893442591625,0.29941449816855314,0.0,0.0,0.012050000000000002,786.9473048351698,2345.408641330156,0.1660845247748982,1.0325622920733949e-09
q4_1d_adaptive_nr80_nz1_dt0.25_md66ccc838cbe,1,86400.0,0.125,accepted_state,323.1489344259203,0.2851481075462835,0.0,0.0,0.01204,785.6633296791655,2327.0410722504453,0.16437591369771584,9.820765980894222e-10
q4_1d_adaptive_nr80_nz1_dt0.25_md66ccc838cbe,1,90000.0,0.125,accepted_state,323.14893442592376,0.27250391069502655,0.0,0.0,0.01203,784.5253519625523,2310.4177661617596,0.16282955964295437,9.35286137241699e-10
q4_1d_adaptive_nr80_nz1_dt0.25_md66ccc838cbe,1,93600.0,0.125,accepted_state,323.14893442592717,0.2612356820914369,0.0,0.0,0.01203,783.5112113882293,2295.32257092919,0.16142535543527348,8.919105496108791e-10
q4_1d_adaptive_nr80_nz1_dt0.25_md66ccc838cbe,1,97200.0,0.125,accepted_state,323.1489344259306,0.25114603687459347,0.0,0.0,0.01202,782.6031433187134,2281.57550227248,0.1601465583509284,8.516963089120304e-10
q4_1d_adaptive_nr80_nz1_dt0.25_md66ccc838cbe,1,100800.0,0.125,accepted_state,323.148934425934,0.24205733050757838,0.0,0.0,0.01202,781.7851597456821,2269.0009976259453,0.15897683698846,8.14340296926477e-10
q4_1d_adaptive_nr80_nz1_dt0.25_md66ccc838cbe,1,104400.0,0.125,accepted_state,323.1489344259374,0.2338409788042466,0.0,0.0,0.01202,781.0456880923822,2257.4739881928454,0.1579045570411949,7.796390182871198e-10
q4_1d_adaptive_nr80_nz1_dt0.25_md66ccc838cbe,1,108000.0,0.125,accepted_state,323.14893442594024,0.2263705934731789,0.0,0.0,0.012010000000000002,780.3733534125861,2246.859463654433,0.1569171594097147,7.473201464772105e-10
q4_1d_adaptive_nr80_nz1_dt0.25_md66ccc838cbe,1,111600.0,0.125,accepted_state,323.148934425942,0.21955593511159657,0.0,0.0,0.012010000000000002,779.7600341600437,2237.0632308855415,0.1560058819428411,7.172035880563503e-10
q4_1d_adaptive_nr80_nz1_dt0.25_md66ccc838cbe,1,115200.0,0.125,accepted_state,323.1489344259427,0.21331769251535615,0.0,0.0,0.012010000000000002,779.198592326382,2227.999135541503,0.1551627102829305,6.891100861211656e-10
q4_1d_adaptive_nr80_nz1_dt0.25_md66ccc838cbe,1,118800.0,0.125,accepted_state,323.14893442594433,0.20758618544256732,0.0,0.0,0.012010000000000002,778.6827566898311,2219.5887747655474,0.15438035114098117,6.62864947245305e-10
q4_1d_adaptive_nr80_nz1_dt0.25_md66ccc838cbe,1,122400.0,0.125,accepted_state,323.14893442594564,0.20230227030998732,0.0,0.0,0.012010000000000002,778.2072043278988,2211.764168551666,0.1536524807955038,6.383103876802833e-10
q4_1d_adaptive_nr80_nz1_dt0.25_md66ccc838cbe,1,126000.0,0.125,accepted_state,323.14893442594575,0.1974135108387428,0.0,0.0,0.012,777.7672159754868,2204.4632196491534,0.15297332275806075,6.152946850505504e-10
q4_1d_adaptive_nr80_nz1_dt0.25_md66ccc838cbe,1,129600.0,0.125,accepted_state,323.1489344259469,0.1928733772721546,0.0,0.0,0.012,777.3586039544939,2197.6293201239946,0.15233761117432507,5.936735096779124e-10
q4_1d_adaptive_nr80_nz1_dt0.25_md66ccc838cbe,1,133200.0,0.125,accepted_state,323.14893442594735,0.1886507051214697,0.0,0.0,0.012,776.9785634609323,2191.2264126572923,0.15174199187509693,5.733598896606472e-10
q4_1d_adaptive_nr80_nz1_dt0.25_md66ccc838cbe,1,136800.0,0.125,accepted_state,323.1489344259475,0.1847130065634153,0.0,0.0,0.012,776.6241705907074,2185.214488159741,0.15118274308462704,5.542484023553258e-10
q4_1d_adaptive_nr80_nz1_dt0.25_md66ccc838cbe,1,140400.0,0.125,accepted_state,323.14893442594763,0.18103202203838792,0.0,0.0,0.012,776.2928819834549,2179.55825085146,0.1506565814745544,5.362437211288814e-10
q4_1d_adaptive_nr80_nz1_dt0.25_md66ccc838cbe,1,144000.0,0.125,accepted_state,323.1489344259478,0.17758306571356638,0.0,0.0,0.012,775.982475914221,2174.226462150091,0.15016060113024102,5.192595599336781e-10
q4_1d_adaptive_nr80_nz1_dt0.25_md66ccc838cbe,1,147600.0,0.125,accepted_state,323.1489344259478,0.17434448670451336,0.0,0.0,0.012,775.6910038034061,2169.1913877559,0.1496922221168279,5.032177258750668e-10
q4_1d_adaptive_nr80_nz1_dt0.25_md66ccc838cbe,1,151200.0,0.125,accepted_state,323.1489344259478,0.17129722342750686,0.0,0.0,0.012,775.4167501084756,2164.4283304039895,0.14924914701432462,4.880472726048317e-10
q4_1d_adaptive_nr80_nz1_dt0.25_md66ccc838cbe,1,154800.0,0.125,accepted_state,323.14893442594786,0.16842443306574056,0.0,0.0,0.012,775.1581989759167,2159.9152335775984,0.1488293240537301,4.736837452513013e-10
q4_1d_adaptive_nr80_nz1_dt0.25_md66ccc838cbe,1,158400.0,0.125,accepted_state,323.148934425948,0.16571118195987877,0.0,0.0,0.012,774.9140063763891,2155.632344209598,0.14843091574042774,4.600685078023908e-10
q4_1d_adaptive_nr80_nz1_dt0.25_md66ccc838cbe,1,162000.0,0.125,accepted_state,323.14893442594854,0.16314418571007197,0.0,0.0,0.012,774.6829767139064,2151.5619246400856,0.14805227205954286,4.4714814448714007e-10
q4_1d_adaptive_nr80_nz1_dt0.25_md66ccc838cbe,1,165600.0,0.125,accepted_state,323.14893442594985,0.16071159005235405,0.0,0.0,0.012,774.4640431047119,2147.6880058524926,0.1476919075211621,4.3487392729126753e-10
q4_1d_adaptive_nr80_nz1_dt0.25_md66ccc838cbe,1,169200.0,0.125,accepted_state,323.1489344259503,0.1584027853378361,0.0,0.0,0.012,774.2562506804053,2143.9961754123588,0.1473484814337078,4.232013423568929e-10
q4_1d_adaptive_nr80_nz1_dt0.25_md66ccc838cbe,1,172800.0,0.125,accepted_state,323.1489344259503,0.1562082488293638,0.0,0.0,0.012,774.0587423946428,2140.473394670182,0.14702078089955184,4.1208966866516065e-10
q4_1d_adaptive_nr80_nz1_dt0.25_md66ccc838cbe,1,176400.0,0.125,accepted_state,323.14893442595036,0.1541194101262153,0.0,0.0,0.012,773.8707469113593,2137.1078407173877,0.14670770611324535,4.01501603051189e-10
q4_1d_adaptive_nr80_nz1_dt0.25_md66ccc838cbe,1,180000.0,0.125,accepted_state,323.1489344259505,0.15212853589858744,0.0,0.0,0.012,773.6915682308729,2133.88876934366,0.14640825761336373,3.914029262295681e-10
q4_1d_adaptive_nr80_nz1_dt0.25_md66ccc838cbe,1,183600.0,0.125,accepted_state,323.14893442595053,0.15022863080911592,0.0,0.0,0.012,773.5205767728204,2130.8063958661805,0.14612152519685398,3.817622050960085e-10
q4_1d_adaptive_nr80_nz1_dt0.25_md66ccc838cbe,1,187200.0,0.125,accepted_state,323.14893442595053,0.14841335205663808,0.0,0.0,0.012,773.3572016850974,2127.851791212921,0.14584667825236475,3.725505271104179e-10
q4_1d_adaptive_nr80_nz1_dt0.25_md66ccc838cbe,1,190800.0,0.125,accepted_state,323.1489344259506,0.14667693542682395,0.0,0.0,0.012,773.2009241884142,2125.016791063551,0.14558295730823728,3.6374126305450116e-10
q4_1d_adaptive_nr80_nz1_dt0.25_md66ccc838cbe,1,194400.0,0.125,accepted_state,323.1489344259507,0.14501413109797723,0.0,0.0,0.012,773.051271798818,2122.293916199688,0.14532966662322677,3.5530985489437913e-10
q4_1d_adaptive_nr80_nz1_dt0.25_md66ccc838cbe,1,198000.0,0.125,accepted_state,323.14893442595076,0.14342014774579087,0.0,0.0,0.012,772.9078132971212,2119.6763025046894,0.14508616767485483,3.472336258679203e-10
q4_1d_adaptive_nr80_nz1_dt0.25_md66ccc838cbe,1,201600.0,0.125,accepted_state,323.1489344259508,0.14189060373190648,0.0,0.0,0.012,772.7701543358716,2117.1576392927586,0.14485187342258218,3.394916102609613e-10
q4_1d_adaptive_nr80_nz1_dt0.25_md66ccc838cbe,1,205200.0,0.125,accepted_state,323.1489344259508,0.14042148435865195,0.0,0.0,0.012,772.6379335922787,2114.7321148468955,0.14462624324157167,3.3206440064091e-10
q4_1d_adaptive_nr80_nz1_dt0.25_md66ccc838cbe,1,208800.0,0.125,accepted_state,323.148934425951,0.13900852670662833,0.0,0.0,0.01199,772.5107674035966,2112.393410946106,0.14440868939033544,3.2493109666056963e-10
q4_1d_adaptive_nr80_nz1_dt0.25_md66ccc838cbe,1,212400.0,0.125,accepted_state,323.1489344259526,0.1376472936452683,0.0,0.0,0.01199,772.3882564280741,2110.1348264883272,0.14419858851054204,3.1806974486757037e-10
q4_1d_adaptive_nr80_nz1_dt0.25_md66ccc838cbe,1,216000.0,0.125,accepted_state,323.14893442595434,0.13633645084452928,0.0,0.0,0.01199,772.2702805760076,2107.954736115248,0.14399578940606958,3.1147387398478185e-10
q4_1d_adaptive_nr80_nz1_dt0.25_md66ccc838cbe,1,219600.0,0.125,accepted_state,323.1489344259544,0.13507310418421042,0.0,0.0,0.01199,772.156579376579,2105.848872575279,0.14379989512328176,3.05128997898603e-10
q4_1d_adaptive_nr80_nz1_dt0.25_md66ccc838cbe,1,223200.0,0.125,accepted_state,323.1489344259544,0.13385457943707157,0.0,0.0,0.01199,772.0469121493364,2103.8132764190823,0.14361053734131,2.9902163204821013e-10
q4_1d_adaptive_nr80_nz1_dt0.25_md66ccc838cbe,1,226800.0,0.125,accepted_state,323.1489344259544,0.13267840177339515,0.0,0.0,0.01199,771.9410561596055,2101.844268740518,0.14342737383632728,2.9313921080727666e-10
q4_1d_adaptive_nr80_nz1_dt0.25_md66ccc838cbe,1,230400.0,0.125,accepted_state,323.1489344259544,0.13154227750859,0.0,0.0,0.01199,771.8388049757731,2099.9384267516434,0.1432500862094552,2.8747001268822954e-10
q4_1d_adaptive_nr80_nz1_dt0.25_md66ccc838cbe,1,234000.0,0.125,accepted_state,323.1489344259544,0.13044407780991618,0.0,0.0,0.01199,771.7399670028924,2098.092561849378,0.14307837784645377,2.8200309252289355e-10
q4_1d_adaptive_nr80_nz1_dt0.25_md66ccc838cbe,1,237600.0,0.125,accepted_state,323.1489344259544,0.1293818241224932,0.0,0.0,0.01199,771.6443641710243,2096.303699884221,0.1429119720822531,2.7672821989412307e-10
q4_1d_adaptive_nr80_nz1_dt0.25_md66ccc838cbe,1,241200.0,0.125,accepted_state,323.14893442595456,0.12835325287684232,0.0,0.0,0.01198,771.5517927589158,2094.568350365124,0.14275054422001154,2.716337346425835e-10
q4_1d_adaptive_nr80_nz1_dt0.25_md66ccc838cbe,1,244800.0,0.125,accepted_state,323.14893442595456,0.12735586901768514,0.0,0.0,0.01198,771.4620282115917,2092.8825944966343,0.14259372972061712,2.6670684602357264e-10
q4_1d_adaptive_nr80_nz1_dt0.25_md66ccc838cbe,1,248400.0,0.125,accepted_state,323.14893442595456,0.1263893728286381,0.0,0.0,0.01198,771.3750435545775,2091.246196152556,0.1424415066188424,2.619456025793635e-10
q4_1d_adaptive_nr80_nz1_dt0.25_md66ccc838cbe,1,252000.0,0.125,accepted_state,323.14893442595456,0.12545226167230564,0.0,0.0,0.01198,771.2907035505075,2089.656866649037,0.14229366201386393,2.573420833669095e-10
q4_1d_adaptive_nr80_nz1_dt0.25_md66ccc838cbe,1,255600.0,0.125,accepted_state,323.14893442595456,0.12454313041584182,0.0,0.0,0.01198,771.2088817374257,2088.1124593194063,0.14214999621575872,2.528888512419592e-10
q4_1d_adaptive_nr80_nz1_dt0.25_md66ccc838cbe,1,259200.0,0.125,accepted_state,323.14893442595456,0.12366066361978396,0.0,0.0,0.01198,771.1294597257805,2086.6109586198872,0.1420103217320825,2.4857891731142037e-10
q4_1d_nr40_nz1_dt0.125_half_steps,1,3600.0,,accepted_state,,2.5499999720439748,0.0,0.0,0.01794,989.4999974839577,3394.3661924137705,0.2636619713873275,1.6469919175658723e-09
q4_1d_nr40_nz1_dt0.125_half_steps,1,7200.0,,accepted_state,,2.545203940352884,0.0,0.0,0.01625,989.0683546317596,3393.5468773663856,0.2635857560340824,2.334110113788338e-09
q4_1d_nr40_nz1_dt0.125_half_steps,1,10800.0,,accepted_state,,2.4545129735555618,0.0,0.0,0.01552,980.9061676200006,3377.625727140602,0.26210471880377695,2.472469484034783e-09
q4_1d_nr40_nz1_dt0.125_half_steps,1,14400.0,,accepted_state,,2.2419595728376738,0.0,0.0,0.014770000000000002,961.7763615553906,3336.820848102645,0.2583089161025716,2.4599247763096095e-09
q4_1d_nr40_nz1_dt0.125_half_steps,1,18000.0,,accepted_state,,1.9801746428528486,0.0,0.0,0.01424,938.2157178567563,3278.565769574545,0.25288983903019024,2.4168938507021857e-09
q4_1d_nr40_nz1_dt0.125_half_steps,1,21600.0,,accepted_state,,1.7199479765287018,0.0,0.0,0.013740000000000002,914.7953178875832,3209.5437050439805,0.24646918186455632,2.3621553542305327e-09
q4_1d_nr40_nz1_dt0.125_half_steps,1,25200.0,,accepted_state,,1.4830270264721142,0.0,0.0,0.01337,893.4724323824903,3134.1213860830503,0.2394531521937721,2.297243411345626e-09
q4_1d_nr40_nz1_dt0.125_half_steps,1,28800.0,,accepted_state,,1.2770312643312567,0.0,0.0,0.01311,874.932813789813,3055.788107225908,0.2321663355558984,2.2234921686059026e-09
q4_1d_nr40_nz1_dt0.125_half_steps,1,32400.0,,accepted_state,,1.1032167453843365,0.0,0.0,0.01291,859.2895070845902,2977.756332190521,0.22490756578516474,2.142700194037574e-09
q4_1d_nr40_nz1_dt0.125_half_steps,1,36000.0,,accepted_state,,0.9581091219065284,0.0,0.0,0.01273,846.2298209715875,2902.001948743982,0.21786064639478908,2.0562462865885798e-09
q4_1d_nr40_nz1_dt0.125_half_steps,1,39600.0,,accepted_state,,0.8376334281902025,0.0,0.0,0.0126,835.3870085371182,2830.01692991761,0.2111643655737312,1.965697155941571e-09
q4_1d_nr40_nz1_dt0.125_half_steps,1,43200.0,,accepted_state,,0.7378367529948003,0.0,0.0,0.01248,826.405307769532,2762.8297098131216,0.2049143916105229,1.87274423443982e-09
q4_1d_nr40_nz1_dt0.125_half_steps,1,46800.0,,accepted_state,,0.6553239085221882,0.0,0.0,0.0124,818.9791517669969,2701.1605469291867,0.1991777252957383,1.77928212380069e-09
q4_1d_nr40_nz1_dt0.125_half_steps,1,50400.0,,accepted_state,,0.5869678138529725,0.0,0.0,0.01233,812.8271032467675,2645.215119530338,0.19397349949119425,1.6869085378847729e-09
q4_1d_nr40_nz1_dt0.125_half_steps,1,54000.0,,accepted_state,,0.5300816455183713,0.0,0.0,0.01226,807.7073480966534,2594.846225168848,0.18928802094593936,1.5968745496264325e-09
q4_1d_nr40_nz1_dt0.125_half_steps,1,57600.0,,accepted_state,,0.48251020328533295,0.0,0.0,0.01221,803.4259182956799,2549.7570301806563,0.1850936772261076,1.5102124774819474e-09
q4_1d_nr40_nz1_dt0.125_half_steps,1,61200.0,,accepted_state,,0.4425693690045913,0.0,0.0,0.01218,799.8312432104133,2509.6037347004303,0.1813584869488772,1.427806039978422e-09
q4_1d_nr40_nz1_dt0.125_half_steps,1,64800.0,,accepted_state,,0.4088135212808651,0.0,0.0,0.01214,796.7932169152779,2473.893125297901,0.1780365697951536,1.3500855361232452e-09
q4_1d_nr40_nz1_dt0.125_half_steps,1,68400.0,,accepted_state,,0.3800693583897248,0.0,0.0,0.01212,794.2062422550753,2442.107284731953,0.17507974741692583,1.2771988104203889e-09
q4_1d_nr40_nz1_dt0.125_half_steps,1,72000.0,,accepted_state,,0.35543854967418254,0.0,0.0,0.0121,791.9894694706765,2413.797511870374,0.17244628017398828,1.2092146662628624e-09
q4_1d_nr40_nz1_dt0.125_half_steps,1,75600.0,,accepted_state,,0.3341679413200114,0.0,0.0,0.01208,790.075114718801,2388.508722617924,0.17009383466213246,1.1459645430024743e-09
q4_1d_nr40_nz1_dt0.125_half_steps,1,79200.0,,accepted_state,,0.3156626890742281,0.0,0.0,0.01206,788.4096420166806,2365.842538627544,0.1679853524304692,1.0872127389878887e-09
q4_1d_nr40_nz1_dt0.125_half_steps,1,82800.0,,accepted_state,,0.29946910787483044,0.0,0.0,0.012050000000000002,786.9522197087348,2345.4781749170324,0.16609099301553792,1.032750970475386e-09
q4_1d_nr40_nz1_dt0.125_half_steps,1,86400.0,,accepted_state,,0.28520837133856564,0.0,0.0,0.01204,785.6687534204709,2327.1195177784753,0.16438321095613723,9.822949407484214e-10
q4_1d_nr40_nz1_dt0.125_half_steps,1,90000.0,,accepted_state,,0.2725700102909631,0.0,0.0,0.01203,784.5313009261866,2310.5055261294274,0.16283772336087696,9.355358678232342e-10
q4_1d_nr40_nz1_dt0.125_half_steps,1,93600.0,,accepted_state,,0.26130760141638815,0.0,0.0,0.01203,783.5176841274749,2295.419771048987,0.1614343973068825,8.921924997149741e-10
q4_1d_nr40_nz1_dt0.125_half_steps,1,97200.0,,accepted_state,,0.2512236115156072,0.0,0.0,0.01202,782.6101250364046,2281.6820429118143,0.16015646910807574,8.520105182688075e-10
q4_1d_nr40_nz1_dt0.125_half_steps,1,100800.0,,accepted_state,,0.2421402998815647,0.0,0.0,0.01202,781.7926269893409,2269.116620558082,0.15898759261005416,8.146861979943013e-10
q4_1d_nr40_nz1_dt0.125_half_steps,1,104400.0,,accepted_state,,0.23392900974792274,0.0,0.0,0.01202,781.0536108773131,2257.598303455707,0.1579161212516937,7.800155055764777e-10
q4_1d_nr40_nz1_dt0.125_half_steps,1,108000.0,,accepted_state,,0.2264633196716825,0.0,0.0,0.012010000000000002,780.3816987704514,2246.9920090430887,0.1569294892133106,7.477257767517659e-10
q4_1d_nr40_nz1_dt0.125_half_steps,1,111600.0,,accepted_state,,0.21965296626613484,0.0,0.0,0.012010000000000002,779.7687669639521,2237.2034837236984,0.15601892871848358,7.176366237877009e-10
q4_1d_nr40_nz1_dt0.125_half_steps,1,115200.0,,accepted_state,,0.21341863195488164,0.0,0.0,0.012010000000000002,779.2076768759393,2228.1465412013363,0.1551764224373336,6.895686036979135e-10
q4_1d_nr40_nz1_dt0.125_half_steps,1,118800.0,,accepted_state,,0.20769064231640655,0.0,0.0,0.012010000000000002,778.6921578084766,2219.7427680020764,0.15439467609321644,6.633469236742491e-10
q4_1d_nr40_nz1_dt0.125_half_steps,1,122400.0,,accepted_state,,0.20240986672900207,0.0,0.0,0.012010000000000002,778.2168880056101,2211.9241870088836,0.15366736623338453,6.388137604720958e-10
q4_1d_nr40_nz1_dt0.125_half_steps,1,126000.0,,accepted_state,,0.19752388787580175,0.0,0.0,0.012,777.7771499088221,2204.62871616388,0.15298871778268652,6.158174073967962e-10
q4_1d_nr40_nz1_dt0.125_half_steps,1,129600.0,,accepted_state,,0.19298619828566274,0.0,0.0,0.012,777.3687578457096,2197.799770785631,0.15235346704982614,5.942135893826188e-10
q4_1d_nr40_nz1_dt0.125_half_steps,1,133200.0,,accepted_state,,0.18876565212794408,0.0,0.0,0.012,776.988908691515,2191.401310972097,0.15175826148577645,5.739153782194617e-10
q4_1d_nr40_nz1_dt0.125_half_steps,1,136800.0,,accepted_state,,0.18482978435043154,0.0,0.0,0.012,776.6346805915389,2185.393354895521,0.15119938185074613,5.548174378515996e-10
q4_1d_nr40_nz1_dt0.125_half_steps,1,140400.0,,accepted_state,,0.18115035785334319,0.0,0.0,0.012,776.3035322068009,2179.7406353011042,0.15067354746987016,5.368245392732759e-10
q4_1d_nr40_nz1_dt0.125_half_steps,1,144000.0,,accepted_state,,0.17770270861430656,0.0,0.0,0.012,775.9932437752876,2174.4119426118114,0.1501778551266801,5.198505009036943e-10
q4_1d_nr40_nz1_dt0.125_half_steps,1,147600.0,,accepted_state,,0.1744652067158526,0.0,0.0,0.012,775.7018686044267,2169.379571480004,0.14970972757953524,5.038172380103887e-10
q4_1d_nr40_nz1_dt0.125_half_steps,1,151200.0,,accepted_state,,0.17141881049424207,0.0,0.0,0.012,775.4276929444818,2164.6188530190348,0.1492668700482823,4.886539132436081e-10
q4_1d_nr40_nz1_dt0.125_half_steps,1,154800.0,,accepted_state,,0.16854669585601223,0.0,0.0,0.012,775.169202627041,2160.1077581028717,0.14884723331189503,4.742961792695313e-10
q4_1d_nr40_nz1_dt0.125_half_steps,1,158400.0,,accepted_state,,0.16583394659688913,0.0,0.0,0.012,774.92505519372,2155.82655979788,0.1484489823067795,4.6068550451201366e-10
q4_1d_nr40_nz1_dt0.125_half_steps,1,162000.0,,accepted_state,,0.16326729449295985,0.0,0.0,0.012,774.6940565043664,2151.7575451675248,0.14807046931790926,4.4776857343507536e-10
q4_1d_nr40_nz1_dt0.125_half_steps,1,165600.0,,accepted_state,,0.16083490020516544,0.0,0.0,0.012,774.4751410184649,2147.8847684369157,0.1477102110173875,4.3549675336172047e-10
q4_1d_nr40_nz1_dt0.125_half_steps,1,169200.0,,accepted_state,,0.1585261678097623,0.0,0.0,0.012,774.2673551028786,2144.193838914613,0.14736686873624305,4.2382562046930697e-10
q4_1d_nr40_nz1_dt0.125_half_steps,1,172800.0,,accepted_state,,0.1563315871591675,0.0,0.0,0.012,774.0698428443251,2140.6717382147795,0.14703923146183995,4.1271453827959737e-10
q4_1d_nr40_nz1_dt0.125_half_steps,1,176400.0,,accepted_state,,0.1542425993773627,0.0,0.0,0.012,773.8818339439626,2137.3066622564593,0.14672620114013576,4.0212628263517576e-10
q4_1d_nr40_nz1_dt0.125_half_steps,1,180000.0,,accepted_state,,0.15225148166750024,0.0,0.0,0.012,773.7026333500751,2134.0878842797483,0.14642677993299985,3.9202670779731586e-10
q4_1d_nr40_nz1_dt0.125_half_steps,1,183600.0,,accepted_state,,0.15035124830633398,0.0,0.0,0.012,773.5316123475701,2131.005635743472,0.14614005913892764,3.8238444889876395e-10
q4_1d_nr40_nz1_dt0.125_half_steps,1,187200.0,,accepted_state,,0.1485355652589708,0.0,0.0,0.012,773.3682008733074,2128.051002482261,0.1458652095332336,3.731706565321845e-10
q4_1d_nr40_nz1_dt0.125_half_steps,1,190800.0,,accepted_state,,0.14679867629749963,0.0,0.0,0.012,773.211880866775,2125.2158339235366,0.14560147292311967,3.643587597488128e-10
q4_1d_nr40_nz1_dt0.125_half_steps,1,194400.0,,accepted_state,,0.14513533887114227,0.0,0.0,0.012,773.0621804984028,2122.4926635139577,0.1453481547454844,3.5592425418361474e-10
q4_1d_nr40_nz1_dt0.125_half_steps,1,198000.0,,accepted_state,,0.14354076827137302,0.0,0.0,0.012,772.9186691444236,2119.874638794002,0.14510461756223272,3.478445124160673e-10
q4_1d_nr40_nz1_dt0.125_half_steps,1,201600.0,,accepted_state,,0.14201058887671483,0.0,0.0,0.012,772.7809529989044,2117.355459799417,0.1448702753301783,3.4009861402284873e-10
q4_1d_nr40_nz1_dt0.125_half_steps,1,205200.0,,accepted_state,,0.14054079145955428,0.0,0.0,0.012,772.6486712313599,2114.929324668312,0.1446445883412383,3.326671930849336e-10
q4_1d_nr40_nz1_dt0.125_half_steps,1,208800.0,,accepted_state,,0.13912711776609613,0.0,0.0,0.01199,772.5214405989486,2112.5899239267583,0.14442696966760543,3.255293853249927e-10
q4_1d_nr40_nz1_dt0.125_half_steps,1,212400.0,,accepted_state,,0.1377651345057594,0.0,0.0,0.01199,772.3988621055183,2110.330564019303,0.14421679665295845,3.186632676704382e-10
q4_1d_nr40_nz1_dt0.125_half_steps,1,216000.0,,accepted_state,,0.13645351234449493,0.0,0.0,0.01199,772.2808161110046,2108.1496280788765,0.14401391889105827,3.1206240619989426e-10
q4_1d_nr40_nz1_dt0.125_half_steps,1,219600.0,,accepted_state,,0.13518936090532863,0.0,0.0,0.01199,772.1670424814796,2106.042855893799,0.14381794008314405,3.0571234389920316e-10
q4_1d_nr40_nz1_dt0.125_half_steps,1,223200.0,,accepted_state,,0.1339700093587574,0.0,0.0,0.01199,772.0573008422882,2104.006294473527,0.14362849250916526,2.9959962273053974e-10
q4_1d_nr40_nz1_dt0.125_half_steps,1,226800.0,,accepted_state,,0.132792985957581,0.0,0.0,0.01199,771.9513687361823,2102.0362708350053,0.14344523449627955,2.937117012160279e-10
q4_1d_nr40_nz1_dt0.125_half_steps,1,230400.0,,accepted_state,,0.13165599981176723,0.0,0.0,0.01199,771.849039983059,2100.1293676191194,0.14326784815061575,2.8803687982870985e-10
q4_1d_nr40_nz1_dt0.125_half_steps,1,234000.0,,accepted_state,,0.13055692462137797,0.0,0.0,0.01199,771.750123215924,2098.2824011979474,0.1430960373207393,2.825642333539287e-10
q4_1d_nr40_nz1_dt0.125_half_steps,1,237600.0,,accepted_state,,0.12949378412767504,0.0,0.0,0.01199,771.6544405714908,2096.4924019830023,0.14292952576586068,2.7728354949473807e-10
q4_1d_nr40_nz1_dt0.125_half_steps,1,241200.0,,accepted_state,,0.1284643164676562,0.0,0.0,0.01198,771.561788482089,2094.7558831722945,0.14276798913230646,2.721831820720594e-10
q4_1d_nr40_nz1_dt0.125_half_steps,1,244800.0,,accepted_state,,0.12746602770860027,0.0,0.0,0.01198,771.471942493774,2093.0689287644955,0.14261106314088332,2.6725035022373255e-10
q4_1d_nr40_nz1_dt0.125_half_steps,1,248400.0,,accepted_state,,0.12649862097089684,0.0,0.0,0.01198,771.3848758873808,2091.4313076149383,0.1424587262897617,2.6248312339987336e-10
q4_1d_nr40_nz1_dt0.125_half_steps,1,252000.0,,accepted_state,,0.1255605951745641,0.0,0.0,0.01198,771.3004535657108,2089.8407342817873,0.14231076597970113,2.5787359294731993e-10
q4_1d_nr40_nz1_dt0.125_half_steps,1,255600.0,,accepted_state,,0.12465054659617272,0.0,0.0,0.01198,771.2185491936556,2088.2950650696666,0.14216698279717832,2.534143328287658e-10
q4_1d_nr40_nz1_dt0.125_half_steps,1,259200.0,,accepted_state,,0.12376716107052256,0.0,0.0,0.01198,771.1390444963471,2086.792287156827,0.14202718950296064,2.4909836417470867e-10
q4_1d_nr40_nz1_dt0.25,1,3600.0,,accepted_state,,2.549999972044007,0.0,0.0,0.01794,989.4999974839607,3394.3661924137764,0.26366197138732805,1.646991917565896e-09
q4_1d_nr40_nz1_dt0.25,1,7200.0,,accepted_state,,2.545203940352894,0.0,0.0,0.01625,989.0683546317605,3393.546877366388,0.2635857560340825,2.334110113788338e-09
q4_1d_nr40_nz1_dt0.25,1,10800.0,,accepted_state,,2.4545129735555555,0.0,0.0,0.01552,980.90616762,3377.625727140601,0.26210471880377684,2.47246948403484e-09
q4_1d_nr40_nz1_dt0.25,1,14400.0,,accepted_state,,2.2419595728376667,0.0,0.0,0.014770000000000002,961.7763615553899,3336.820848102643,0.25830891610257145,2.459924776309614e-09
q4_1d_nr40_nz1_dt0.25,1,18000.0,,accepted_state,,1.9801746428528526,0.0,0.0,0.01424,938.2157178567568,3278.565769574546,0.25288983903019036,2.416893850702113e-09
q4_1d_nr40_nz1_dt0.25,1,21600.0,,accepted_state,,1.7199479765286998,0.0,0.0,0.013740000000000002,914.795317887583,3209.5437050439796,0.24646918186455627,2.3621553542305956e-09
q4_1d_nr40_nz1_dt0.25,1,25200.0,,accepted_state,,1.4830270264721035,0.0,0.0,0.01337,893.4724323824893,3134.121386083046,0.23945315219377175,2.2972434113478378e-09
q4_1d_nr40_nz1_dt0.25,1,28800.0,,accepted_state,,1.2770312643310162,0.0,0.0,0.01311,874.9328137897915,3055.7881072258083,0.23216633555588914,2.2234921686080077e-09
q4_1d_nr40_nz1_dt0.25,1,32400.0,,accepted_state,,1.1032167453840127,0.0,0.0,0.01291,859.2895070845611,2977.756332190363,0.22490756578515006,2.1427001940411515e-09
q4_1d_nr40_nz1_dt0.25,1,36000.0,,accepted_state,,0.9581091219057778,0.0,0.0,0.01273,846.22982097152,2902.0019487435616,0.2178606463947499,2.0562462865968673e-09
q4_1d_nr40_nz1_dt0.25,1,39600.0,,accepted_state,,0.837633428189249,0.0,0.0,0.0126,835.3870085370324,2830.016929917003,0.2111643655736747,1.9656971559487226e-09
q4_1d_nr40_nz1_dt0.25,1,43200.0,,accepted_state,,0.737836752993776,0.0,0.0,0.01248,826.4053077694398,2762.829709812392,0.2049143916104551,1.8727442344460572e-09
q4_1d_nr40_nz1_dt0.25,1,46800.0,,accepted_state,,0.6553239085211602,0.0,0.0,0.0124,818.9791517669045,2701.16054692838,0.19917772529566324,1.779282123806158e-09
q4_1d_nr40_nz1_dt0.25,1,50400.0,,accepted_state,,0.5869678138519749,0.0,0.0,0.01233,812.8271032466778,2645.2151195294864,0.19397349949111503,1.6869085378895016e-09
q4_1d_nr40_nz1_dt0.25,1,54000.0,,accepted_state,,0.5300816455174192,0.0,0.0,0.01226,807.7073480965678,2594.846225167974,0.189288020945858,1.5968745496306309e-09
q4_1d_nr40_nz1_dt0.25,1,57600.0,,accepted_state,,0.48251020328443506,0.0,0.0,0.01221,803.4259182955991,2549.757030179778,0.18509367722602588,1.5102124774855878e-09
q4_1d_nr40_nz1_dt0.25,1,61200.0,,accepted_state,,0.4425693690037463,0.0,0.0,0.01218,799.8312432103372,2509.603734699557,0.181358486948796,1.4278060399816585e-09
q4_1d_nr40_nz1_dt0.25,1,64800.0,,accepted_state,,0.408813521280076,0.0,0.0,0.01214,796.7932169152068,2473.893125297046,0.17803656979507407,1.350085536126008e-09
q4_1d_nr40_nz1_dt0.25,1,68400.0,,accepted_state,,0.38006935838898936,0.0,0.0,0.01212,794.2062422550091,2442.1072847311225,0.17507974741684862,1.2771988104228504e-09
q4_1d_nr40_nz1_dt0.25,1,72000.0,,accepted_state,,0.35543854967349586,0.0,0.0,0.0121,791.9894694706146,2413.7975118695704,0.17244628017391353,1.2092146662649974e-09
q4_1d_nr40_nz1_dt0.25,1,75600.0,,accepted_state,,0.33416794131937066,0.0,0.0,0.01208,790.0751147187434,2388.50872261715,0.17009383466206046,1.1459645430043816e-09
q4_1d_nr40_nz1_dt0.25,1,79200.0,,accepted_state,,0.31566268907362927,0.0,0.0,0.01206,788.4096420166267,2365.8425386268,0.16798535243039997,1.0872127389895997e-09
q4_1d_nr40_nz1_dt0.25,1,82800.0,,accepted_state,,0.299469107874269,0.0,0.0,0.012050000000000002,786.9522197086842,2345.4781749163176,0.16609099301547142,1.032750970476971e-09
q4_1d_nr40_nz1_dt0.25,1,86400.0,,accepted_state,,0.28520837133803784,0.0,0.0,0.01204,785.6687534204234,2327.119517777788,0.16438321095607333,9.822949407498558e-10
q4_1d_nr40_nz1_dt0.25,1,90000.0,,accepted_state,,0.27257001029046346,0.0,0.0,0.01203,784.5313009261417,2310.505526128764,0.16283772336081526,9.355358678244904e-10
q4_1d_nr40_nz1_dt0.25,1,93600.0,,accepted_state,,0.26130760141591713,0.0,0.0,0.01203,783.5176841274325,2295.4197710483504,0.1614343973068233,8.921924997161152e-10
q4_1d_nr40_nz1_dt0.25,1,97200.0,,accepted_state,,0.25122361151516065,0.0,0.0,0.01202,782.6101250363645,2281.682042911201,0.16015646910801867,8.520105182698486e-10
q4_1d_nr40_nz1_dt0.25,1,100800.0,,accepted_state,,0.24214029988114205,0.0,0.0,0.01202,781.7926269893028,2269.116620557493,0.15898759260999937,8.146861979952579e-10
q4_1d_nr40_nz1_dt0.25,1,104400.0,,accepted_state,,0.23392900974752123,0.0,0.0,0.01202,781.0536108772769,2257.59830345514,0.15791612125164092,7.800155055773408e-10
q4_1d_nr40_nz1_dt0.25,1,108000.0,,accepted_state,,0.22646331967130018,0.0,0.0,0.012010000000000002,780.381698770417,2246.9920090425426,0.15692948921325978,7.47725776752555e-10
q4_1d_nr40_nz1_dt0.25,1,111600.0,,accepted_state,,0.21965296626576958,0.0,0.0,0.012010000000000002,779.7687669639192,2237.2034837231704,0.15601892871843448,7.176366237884301e-10
q4_1d_nr40_nz1_dt0.25,1,115200.0,,accepted_state,,0.21341863195453264,0.0,0.0,0.012010000000000002,779.207676875908,2228.1465412008265,0.1551764224372862,6.895686036985921e-10
q4_1d_nr40_nz1_dt0.25,1,118800.0,,accepted_state,,0.2076906423160718,0.0,0.0,0.012010000000000002,778.6921578084465,2219.742768001583,0.15439467609317054,6.633469236748843e-10
q4_1d_nr40_nz1_dt0.25,1,122400.0,,accepted_state,,0.20240986672868014,0.0,0.0,0.012010000000000002,778.2168880055813,2211.924187008405,0.15366736623334,6.388137604726837e-10
q4_1d_nr40_nz1_dt0.25,1,126000.0,,accepted_state,,0.19752388787549305,0.0,0.0,0.012,777.7771499087944,2204.6287161634173,0.15298871778264345,6.15817407397353e-10
q4_1d_nr40_nz1_dt0.25,1,129600.0,,accepted_state,,0.19298619828536556,0.0,0.0,0.012,777.3687578456829,2197.799770785182,0.1523534670497844,5.942135893831434e-10
q4_1d_nr40_nz1_dt0.25,1,133200.0,,accepted_state,,0.18876565212765767,0.0,0.0,0.012,776.9889086914892,2191.401310971661,0.1517582614857359,5.73915378219943e-10
q4_1d_nr40_nz1_dt0.25,1,136800.0,,accepted_state,,0.18482978435015596,0.0,0.0,0.012,776.634680591514,2185.393354895099,0.15119938185070686,5.54817437852056e-10
q4_1d_nr40_nz1_dt0.25,1,140400.0,,accepted_state,,0.18115035785307554,0.0,0.0,0.012,776.3035322067768,2179.740635300692,0.15067354746983178,5.368245392737041e-10
q4_1d_nr40_nz1_dt0.25,1,144000.0,,accepted_state,,0.17770270861404863,0.0,0.0,0.012,775.9932437752644,2174.4119426114116,0.15017785512664292,5.198505009041042e-10
q4_1d_nr40_nz1_dt0.25,1,147600.0,,accepted_state,,0.17446520671560306,0.0,0.0,0.012,775.7018686044042,2169.3795714796147,0.14970972757949905,5.038172380107816e-10
q4_1d_nr40_nz1_dt0.25,1,151200.0,,accepted_state,,0.17141881049400004,0.0,0.0,0.012,775.42769294446,2164.6188530186555,0.149266870048247,4.886539132439813e-10
q4_1d_nr40_nz1_dt0.25,1,154800.0,,accepted_state,,0.16854669585577617,0.0,0.0,0.012,775.1692026270199,2160.1077581025,0.14884723331186048,4.742961792698826e-10
q4_1d_nr40_nz1_dt0.25,1,158400.0,,accepted_state,,0.16583394659666076,0.0,0.0,0.012,774.9250551936994,2155.8265597975187,0.1484489823067459,4.6068550451235653e-10
q4_1d_nr40_nz1_dt0.25,1,162000.0,,accepted_state,,0.16326729449273847,0.0,0.0,0.012,774.6940565043465,2151.7575451671732,0.14807046931787657,4.477685734354062e-10
q4_1d_nr40_nz1_dt0.25,1,165600.0,,accepted_state,,0.16083490020495042,0.0,0.0,0.012,774.4751410184456,2147.8847684365724,0.14771021101735557,4.3549675336204075e-10
q4_1d_nr40_nz1_dt0.25,1,169200.0,,accepted_state,,0.15852616780955286,0.0,0.0,0.012,774.2673551028597,2144.1938389142774,0.14736686873621185,4.2382562046961567e-10
q4_1d_nr40_nz1_dt0.25,1,172800.0,,accepted_state,,0.1563315871589624,0.0,0.0,0.012,774.0698428443067,2140.6717382144498,0.14703923146180928,4.127145382798921e-10
q4_1d_nr40_nz1_dt0.25,1,176400.0,,accepted_state,,0.15424259937716195,0.0,0.0,0.012,773.8818339439446,2137.3066622561355,0.14672620114010562,4.0212628263545715e-10
q4_1d_nr40_nz1_dt0.25,1,180000.0,,accepted_state,,0.15225148166730304,0.0,0.0,0.012,773.7026333500572,2134.087884279429,0.14642677993297015,3.920267077975805e-10
q4_1d_nr40_nz1_dt0.25,1,183600.0,,accepted_state,,0.1503512483061406,0.0,0.0,0.012,773.5316123475527,2131.0056357431577,0.1461400591388984,3.8238444889901325e-10
q4_1d_nr40_nz1_dt0.25,1,187200.0,,accepted_state,,0.14853556525878203,0.0,0.0,0.012,773.3682008732903,2128.051002481953,0.14586520953320498,3.7317065653243774e-10
q4_1d_nr40_nz1_dt0.25,1,190800.0,,accepted_state,,0.1467986762973139,0.0,0.0,0.012,773.2118808667583,2125.215833923233,0.14560147292309145,3.643587597490529e-10
q4_1d_nr40_nz1_dt0.25,1,194400.0,,accepted_state,,0.1451353388709608,0.0,0.0,0.012,773.0621804983865,2122.49266351366,0.14534815474545673,3.5592425418384935e-10
q4_1d_nr40_nz1_dt0.25,1,198000.0,,accepted_state,,0.14354076827119547,0.0,0.0,0.012,772.9186691444075,2119.87463879371,0.14510461756220555,3.4784451241629594e-10
q4_1d_nr40_nz1_dt0.25,1,201600.0,,accepted_state,,0.14201058887654092,0.0,0.0,0.012,772.7809529988887,2117.35545979913,0.14487027533015165,3.4009861402307103e-10
q4_1d_nr40_nz1_dt0.25,1,205200.0,,accepted_state,,0.14054079145938195,0.0,0.0,0.012,772.6486712313443,2114.929324668027,0.14464458834121183,3.32667193085141e-10
q4_1d_nr40_nz1_dt0.25,1,208800.0,,accepted_state,,0.1391271177659272,0.0,0.0,0.01199,772.5214405989334,2112.5899239264786,0.1444269696675794,3.255293853251957e-10
q4_1d_nr40_nz1_dt0.25,1,212400.0,,accepted_state,,0.13776513450559408,0.0,0.0,0.01199,772.3988621055034,2110.3305640190288,0.14421679665293288,3.1866326767063856e-10
q4_1d_nr40_nz1_dt0.25,1,216000.0,,accepted_state,,0.13645351234433323,0.0,0.0,0.01199,772.28081611099,2108.1496280786073,0.1440139188910332,3.120624062000933e-10
q4_1d_nr40_nz1_dt0.25,1,219600.0,,accepted_state,,0.1351893609051691,0.0,0.0,0.01199,772.1670424814653,2106.0428558935328,0.1438179400831193,3.0571234389938235e-10
q4_1d_nr40_nz1_dt0.25,1,223200.0,,accepted_state,,0.13397000935860018,0.0,0.0,0.01199,772.057300842274,2104.006294473264,0.1436284925091408,2.9959962273071324e-10
q4_1d_nr40_nz1_dt0.25,1,226800.0,,accepted_state,,0.1327929859574278,0.0,0.0,0.01199,771.9513687361685,2102.0362708347484,0.14344523449625568,2.9371170121620323e-10
q4_1d_nr40_nz1_dt0.25,1,230400.0,,accepted_state,,0.1316559998116174,0.0,0.0,0.01199,771.8490399830456,2100.129367618868,0.14326784815059235,2.8803687982888335e-10
q4_1d_nr40_nz1_dt0.25,1,234000.0,,accepted_state,,0.13055692462123109,0.0,0.0,0.01199,771.7501232159108,2098.2824011977004,0.14309603732071632,2.8256423335410083e-10
q4_1d_nr40_nz1_dt0.25,1,237600.0,,accepted_state,,0.12949378412753054,0.0,0.0,0.01199,771.6544405714777,2096.492401982759,0.14292952576583803,2.772835494949065e-10
q4_1d_nr40_nz1_dt0.25,1,241200.0,,accepted_state,,0.1284643164675136,0.0,0.0,0.01198,771.5617884820763,2094.755883172054,0.14276798913228406,2.7218318207222334e-10
q4_1d_nr40_nz1_dt0.25,1,244800.0,,accepted_state,,0.12746602770846088,0.0,0.0,0.01198,771.4719424937615,2093.06892876426,0.1426110631408614,2.6725035022389824e-10
q4_1d_nr40_nz1_dt0.25,1,248400.0,,accepted_state,,0.1264986209707577,0.0,0.0,0.01198,771.3848758873681,2091.4313076147023,0.14245872628973977,2.6248312340002727e-10
q4_1d_nr40_nz1_dt0.25,1,252000.0,,accepted_state,,0.12556059517442725,0.0,0.0,0.01198,771.3004535656985,2089.840734281555,0.1423107659796795,2.57873592947472e-10
q4_1d_nr40_nz1_dt0.25,1,255600.0,,accepted_state,,0.12465054659603741,0.0,0.0,0.01198,771.2185491936434,2088.295065069437,0.14216698279715692,2.5341433282891164e-10
q4_1d_nr40_nz1_dt0.25,1,259200.0,,accepted_state,,0.12376716107038954,0.0,0.0,0.01198,771.139044496335,2086.7922871566007,0.14202718950293958,2.4909836417485513e-10
q4_1d_nr80_nz1_dt0.25_radial_refinement,1,3600.0,,accepted_state,,2.5499999868008003,0.0,0.0,0.01794,989.499998812072,3394.366194931301,0.2636619716215164,1.6470593301578226e-09
q4_1d_nr80_nz1_dt0.25_radial_refinement,1,7200.0,,accepted_state,,2.545322338950788,0.0,0.0,0.01625,989.079010505571,3393.567130306048,0.26358764002846957,2.3341563346287936e-09
q4_1d_nr80_nz1_dt0.25_radial_refinement,1,10800.0,,accepted_state,,2.454671699690281,0.0,0.0,0.01552,980.9204529721253,3377.654322350586,0.26210737882331037,2.472494014774819e-09
q4_1d_nr80_nz1_dt0.25_radial_refinement,1,14400.0,,accepted_state,,2.241895937941616,0.0,0.0,0.014770000000000002,961.7706344147455,3336.807830616209,0.2583077051736008,2.4599174082078464e-09
q4_1d_nr80_nz1_dt0.25_radial_refinement,1,18000.0,,accepted_state,,1.9799659031889474,0.0,0.0,0.01424,938.1969312870053,3278.5152347886856,0.25288513811987773,2.416855283479195e-09
q4_1d_nr80_nz1_dt0.25_radial_refinement,1,21600.0,,accepted_state,,1.7196886048264215,0.0,0.0,0.013740000000000002,914.771974434378,3209.4683206803306,0.24646216936561213,2.362093214334936e-09
q4_1d_nr80_nz1_dt0.25_radial_refinement,1,25200.0,,accepted_state,,1.4827697612678579,0.0,0.0,0.01337,893.4492785141072,3134.031663531267,0.23944480590988532,2.2971627846874604e-09
q4_1d_nr80_nz1_dt0.25_radial_refinement,1,28800.0,,accepted_state,,1.2767992445975915,0.0,0.0,0.01311,874.9119320137833,3055.6918862734437,0.23215738476962267,2.2233972506523894e-09
q4_1d_nr80_nz1_dt0.25_radial_refinement,1,32400.0,,accepted_state,,1.1030170672236297,0.0,0.0,0.01291,859.2715360501267,2977.6592717631165,0.2248985369081969,2.142594716611853e-09
q4_1d_nr80_nz1_dt0.25_radial_refinement,1,36000.0,,accepted_state,,0.9579416377129332,0.0,0.0,0.01273,846.214747394164,2901.908024944293,0.21785190929714354,2.0561337213357226e-09
q4_1d_nr80_nz1_dt0.25_radial_refinement,1,39600.0,,accepted_state,,0.8374951118081915,0.0,0.0,0.0126,835.3745600627373,2829.9288601185517,0.21115617303428386,1.965580887351272e-09
q4_1d_nr80_nz1_dt0.25_radial_refinement,1,43200.0,,accepted_state,,0.7377236873135401,0.0,0.0,0.01248,826.3951318582186,2762.7492128372696,0.204906903519746,1.8726275365431235e-09
q4_1d_nr80_nz1_dt0.25_radial_refinement,1,46800.0,,accepted_state,,0.6552319385569707,0.0,0.0,0.0124,818.9708744701273,2701.0883792670365,0.1991710120248406,1.7791677972471374e-09
q4_1d_nr80_nz1_dt0.25_radial_refinement,1,50400.0,,accepted_state,,0.5868928811061772,0.0,0.0,0.01233,812.820359299556,2645.1511468743265,0.193967548546449,1.68679846073228e-09
q4_1d_nr80_nz1_dt0.25_radial_refinement,1,54000.0,,accepted_state,,0.530019886047668,0.0,0.0,0.01226,807.7017897442902,2594.7895059365155,0.1892827447382805,1.5967692452528847e-09
q4_1d_nr80_nz1_dt0.25_radial_refinement,1,57600.0,,accepted_state,,0.48245799829145825,0.0,0.0,0.01221,803.4212198462312,2549.7059596441263,0.18508892647852337,1.5101108781679414e-09
q4_1d_nr80_nz1_dt0.25_radial_refinement,1,61200.0,,accepted_state,,0.4425233985309144,0.0,0.0,0.01218,799.8271058677823,2509.556238609655,0.18135406870787485,1.427705500506123e-09
q4_1d_nr80_nz1_dt0.25_radial_refinement,1,64800.0,,accepted_state,,0.4087708501946514,0.0,0.0,0.01214,796.7893765175186,2473.8469001520493,0.17803226978158598,1.3499821185207333e-09
q4_1d_nr80_nz1_dt0.25_radial_refinement,1,68400.0,,accepted_state,,0.3800274851268235,0.0,0.0,0.01212,794.2024736614142,2442.060014621798,0.17507535019737658,1.2770877345206399e-09
q4_1d_nr80_nz1_dt0.25_radial_refinement,1,72000.0,,accepted_state,,0.3553954387581413,0.0,0.0,0.0121,791.9855894882327,2413.747059699491,0.17244158694878986,1.2090908683496824e-09
q4_1d_nr80_nz1_dt0.25_radial_refinement,1,75600.0,,accepted_state,,0.3341220220814437,0.0,0.0,0.01208,790.0709819873299,2388.4532565876875,0.17008867503141278,1.1458231621957388e-09
q4_1d_nr80_nz1_dt0.25_radial_refinement,1,79200.0,,accepted_state,,0.3156128160738485,0.0,0.0,0.01206,788.4051534466464,2365.780590055216,0.16797958977257826,1.0870494748477697e-09
q4_1d_nr80_nz1_dt0.25_radial_refinement,1,82800.0,,accepted_state,,0.2994145154688215,0.0,0.0,0.012050000000000002,786.9473063921939,2345.4086633592115,0.16608452682411268,1.032562351851717e-09
q4_1d_nr80_nz1_dt0.25_radial_refinement,1,86400.0,,accepted_state,,0.28514861066175673,0.0,0.0,0.01204,785.6633749595582,2327.0417271875594,0.16437597462209858,9.820784211156005e-10
q4_1d_nr80_nz1_dt0.25_radial_refinement,1,90000.0,,accepted_state,,0.2725048824298508,0.0,0.0,0.01203,784.5254394186866,2310.419056393269,0.1628296796644901,9.352898089428013e-10
q4_1d_nr80_nz1_dt0.25_radial_refinement,1,93600.0,,accepted_state,,0.2612370997285122,0.0,0.0,0.01203,783.5113389755661,2295.3244869955074,0.1614255336740007,8.919161079059561e-10
q4_1d_nr80_nz1_dt0.25_radial_refinement,1,97200.0,,accepted_state,,0.25114787366152114,0.0,0.0,0.01202,782.6033086295369,2281.578025059531,0.16014679302879353,8.517037495614153e-10
q4_1d_nr80_nz1_dt0.25_radial_refinement,1,100800.0,,accepted_state,,0.24205955777675403,0.0,0.0,0.01202,781.7853601999078,2269.0041016644727,0.15897712573623002,8.143495836361333e-10
q4_1d_nr80_nz1_dt0.25_radial_refinement,1,104400.0,,accepted_state,,0.23384356635096273,0.0,0.0,0.01202,781.0459209715866,2257.4776425195223,0.1579048969785602,7.79650086054886e-10
q4_1d_nr80_nz1_dt0.25_radial_refinement,1,108000.0,,accepted_state,,0.2263735113984671,0.0,0.0,0.012010000000000002,780.373616025862,2246.8636349228577,0.15691754743468445,7.473329126344037e-10
q4_1d_nr80_nz1_dt0.25_radial_refinement,1,111600.0,,accepted_state,,0.21955915374336998,0.0,0.0,0.012010000000000002,779.7603238369034,2237.06788358671,0.1560063147522521,7.172179542794458e-10
q4_1d_nr80_nz1_dt0.25_radial_refinement,1,115200.0,,accepted_state,,0.21332118310726197,0.0,0.0,0.012010000000000002,779.1989064796536,2228.004233393548,0.1551631845017254,6.891259442908439e-10
q4_1d_nr80_nz1_dt0.25_radial_refinement,1,118800.0,,accepted_state,,0.20758992062736403,0.0,0.0,0.012010000000000002,778.6830928564627,2219.5942817384253,0.15438086341752794,6.628821841517148e-10
q4_1d_nr80_nz1_dt0.25_radial_refinement,1,122400.0,,accepted_state,,0.20230622429877473,0.0,0.0,0.012010000000000002,778.2075601868897,2211.770049469758,0.1536530278576519,6.383288882405084e-10
q4_1d_nr80_nz1_dt0.25_radial_refinement,1,126000.0,,accepted_state,,0.19741765961520596,0.0,0.0,0.012,777.7675893653685,2204.469440770642,0.15297390146703643,6.153143353198244e-10
q4_1d_nr80_nz1_dt0.25_radial_refinement,1,129600.0,,accepted_state,,0.19287769866401572,0.0,0.0,0.012,777.3589928797614,2197.6358495024847,0.15233821855837065,5.936941989795881e-10
q4_1d_nr80_nz1_dt0.25_radial_refinement,1,133200.0,,accepted_state,,0.18865517842568252,0.0,0.0,0.012,776.9789660583115,2191.2332196730317,0.1517426250858634,5.733815097762798e-10
q4_1d_nr80_nz1_dt0.25_radial_refinement,1,136800.0,,accepted_state,,0.1847176127486044,0.0,0.0,0.012,776.6245851473744,2185.221544050576,0.1511833994465652,5.542708499649556e-10
q4_1d_nr80_nz1_dt0.25_radial_refinement,1,140400.0,,accepted_state,,0.1810367436637062,0.0,0.0,0.012,776.2933069297336,2179.565528731593,0.1506572584866598,5.362668983968497e-10
q4_1d_nr80_nz1_dt0.25_radial_refinement,1,144000.0,,accepted_state,,0.1775878868402489,0.0,0.0,0.012,775.9829098156224,2174.233936993895,0.15016129646454837,5.192833748665819e-10
q4_1d_nr80_nz1_dt0.25_radial_refinement,1,147600.0,,accepted_state,,0.17434939280561218,0.0,0.0,0.012,775.6914453525051,2169.199036358777,0.14969293361476996,5.03242092508459e-10
q4_1d_nr80_nz1_dt0.25_radial_refinement,1,151200.0,,accepted_state,,0.1713022012936841,0.0,0.0,0.012,775.4171981164316,2164.4361313200297,0.149249872680933,4.880721110347272e-10
q4_1d_nr80_nz1_dt0.25_radial_refinement,1,154800.0,,accepted_state,,0.16842947070878955,0.0,0.0,0.012,775.158652363791,2159.9231670391086,0.14883006205014965,4.737089815414994e-10
q4_1d_nr80_nz1_dt0.25_radial_refinement,1,158400.0,,accepted_state,,0.1657162685171079,0.0,0.0,0.012,774.9144641665397,2155.6403920355456,0.14843166437539956,4.600940738030893e-10
q4_1d_nr80_nz1_dt0.25_radial_refinement,1,162000.0,,accepted_state,,0.16314931135206695,0.0,0.0,0.012,774.683438021686,2151.5700701393193,0.1480530297804018,4.47173977594604e-10
q4_1d_nr80_nz1_dt0.25_radial_refinement,1,165600.0,,accepted_state,,0.16071674589549576,0.0,0.0,0.012,774.4645071305946,2147.6962337255936,0.1476926729047064,4.3489997017013506e-10
q4_1d_nr80_nz1_dt0.25_radial_refinement,1,169200.0,,accepted_state,,0.15840796336237098,0.0,0.0,0.012,774.2567167026134,2144.0044716548264,0.14734925317719316,4.232275426414711e-10
q4_1d_nr80_nz1_dt0.25_radial_refinement,1,172800.0,,accepted_state,,0.1562134418032458,0.0,0.0,0.012,774.0592097622921,2140.481746478547,0.14702155781195783,4.1211597865090125e-10
q4_1d_nr80_nz1_dt0.25_radial_refinement,1,176400.0,,accepted_state,,0.15412461153475282,0.0,0.0,0.012,773.8712150381277,2137.1162363993485,0.14670848710691614,4.0152797938503056e-10
q4_1d_nr80_nz1_dt0.25_radial_refinement,1,180000.0,,accepted_state,,0.15213373987970064,0.0,0.0,0.012,773.6920365891731,2133.8971982328276,0.146409041696077,3.914293296049516e-10
q4_1d_nr80_nz1_dt0.25_radial_refinement,1,183600.0,,accepted_state,,0.15023383209398367,0.0,0.0,0.012,773.5210448884585,2130.814848241808,0.1461223114643542,3.8178859995700015e-10
q4_1d_nr80_nz1_dt0.25_radial_refinement,1,187200.0,,accepted_state,,0.14841854591540676,0.0,0.0,0.012,773.3576691323866,2127.8602582247304,0.1458474658813703,3.7257688136774343e-10
q4_1d_nr80_nz1_dt0.25_radial_refinement,1,190800.0,,accepted_state,,0.14668211761905517,0.0,0.0,0.012,773.201390585715,2125.025264661656,0.14558374554992148,3.63767547815457e-10
q4_1d_nr80_nz1_dt0.25_radial_refinement,1,194400.0,,accepted_state,,0.1450192978274819,0.0,0.0,0.012,773.0517368044734,2122.302389069484,0.14533045479716128,3.5533604420767496e-10
q4_1d_nr80_nz1_dt0.25_radial_refinement,1,198000.0,,accepted_state,,0.14342529561951817,0.0,0.0,0.012,772.9082766057567,2119.6847680065443,0.14508695516339948,3.47259696484034e-10
q4_1d_nr80_nz1_dt0.25_radial_refinement,1,201600.0,,accepted_state,,0.1418957297225693,0.0,0.0,0.012,772.7706156750312,2117.1660914063004,0.14485265966570235,3.395175414081547e-10
q4_1d_nr80_nz1_dt0.25_radial_refinement,1,205200.0,,accepted_state,,0.1404265857707549,0.0,0.0,0.012,772.638392719368,2114.7405481196083,0.14462702773205657,3.32090173816607e-10
q4_1d_nr80_nz1_dt0.25_radial_refinement,1,208800.0,,accepted_state,,0.13901360113390823,0.0,0.0,0.01199,772.5112241020518,2112.401820435123,0.14440947166838353,3.2495669536183366e-10
q4_1d_nr80_nz1_dt0.25_radial_refinement,1,212400.0,,accepted_state,,0.13765233892679146,0.0,0.0,0.01199,772.3887105034112,2110.1432076971682,0.14419936815787612,3.180951543073294e-10
q4_1d_nr80_nz1_dt0.25_radial_refinement,1,216000.0,,accepted_state,,0.13634146510040634,0.0,0.0,0.01199,772.2707318590366,2107.963085013335,0.14399656604775207,3.1149908132360773e-10
q4_1d_nr80_nz1_dt0.25_radial_refinement,1,219600.0,,accepted_state,,0.13507808576004915,0.0,0.0,0.01199,772.1570277184044,2105.857185534193,0.1438006684217854,3.051539918826051e-10
q4_1d_nr80_nz1_dt0.25_radial_refinement,1,223200.0,,accepted_state,,0.13385952688290206,0.0,0.0,0.01199,772.0473574194612,2103.8215501786417,0.143611306993362,2.990464028676518e-10
q4_1d_nr80_nz1_dt0.25_radial_refinement,1,226800.0,,accepted_state,,0.13268331382450377,0.0,0.0,0.01199,771.9414982442054,2101.8525003775967,0.14342813957000897,2.931637499664331e-10
q4_1d_nr80_nz1_dt0.25_radial_refinement,1,230400.0,,accepted_state,,0.1315471530680768,0.0,0.0,0.01199,771.8392437761269,2099.9466136515034,0.14325084778153518,2.874943128856897e-10
q4_1d_nr80_nz1_dt0.25_radial_refinement,1,234000.0,,accepted_state,,0.13044891593287028,0.0,0.0,0.01199,771.7404024339584,2098.100701679408,0.1430791350399449,2.82027147541842e-10
q4_1d_nr80_nz1_dt0.25_radial_refinement,1,237600.0,,accepted_state,,0.1293866240017119,0.0,0.0,0.01199,771.6447961601541,2096.31179057001,0.142912724704187,2.7675202450225174e-10
q4_1d_nr80_nz1_dt0.25_radial_refinement,1,241200.0,,accepted_state,,0.12835801381353787,0.0,0.0,0.01198,771.5522212432184,2094.5763900469897,0.1427512920973944,2.7165728439357375e-10
q4_1d_nr80_nz1_dt0.25_radial_refinement,1,244800.0,,accepted_state,,0.12736059039231484,0.0,0.0,0.01198,771.4624531353084,2092.8905814848354,0.14259447269626377,2.667301370598157e-10
q4_1d_nr80_nz1_dt0.25_radial_refinement,1,248400.0,,accepted_state,,0.12639405417299385,0.0,0.0,0.01198,771.3754648755695,2091.2541290192225,0.14244224455992768,2.619686320968271e-10
q4_1d_nr80_nz1_dt0.25_radial_refinement,1,252000.0,,accepted_state,,0.12545690261141826,0.0,0.0,0.01198,771.2911212350276,2089.664744148518,0.1422943948045133,2.5736484922826414e-10
q4_1d_nr80_nz1_dt0.25_radial_refinement,1,255600.0,,accepted_state,,0.12454773065912855,0.0,0.0,0.01198,771.2092957593215,2088.120280372781,0.14215072375560753,2.529113519123493e-10
q4_1d_nr80_nz1_dt0.25_radial_refinement,1,259200.0,,accepted_state,,0.12366522295297261,0.0,0.0,0.01198,771.1298700657676,2086.6187223007246,0.14201104393495112,2.4860115179967417e-10
q4_1d_uniform_nr40_nz1_dt0.25_m4e31807a5f2e_uniform_regression,1,1800.0,0.25,accepted_state,304.1870305449913,2.55,0.0,0.0,0.01873,989.5,3394.366197183099,0.26366197183098594,1.18967010585337e-09
q4_2d_adaptive_nr40_nz125_dt0.125_md7f14a4ef684_half_steps,2,1800.0,0.125,accepted_state,304.1869839020048,2.55,0.0,0.0,0.01873,989.5,3394.366197183099,0.26366197183098594,1.1896677970237438e-09
q4_2d_adaptive_nr40_nz125_dt0.25_md7f14a4ef684,2,3600.0,0.25,accepted_state,312.2107227456408,2.549999972147084,0.0,0.0,0.01794,989.4999974932375,3394.366192431361,0.26366197138896386,1.6469875581632047e-09
q4_2d_adaptive_nr40_nz125_dt0.25_md7f14a4ef684,2,7200.0,0.25,accepted_state,321.3016236917965,2.545206698658188,0.0,0.0,0.01625,989.0686028792369,3393.547349209922,0.2635857999265044,2.334111064772389e-09
q4_2d_adaptive_nr40_nz125_dt0.25_md7f14a4ef684,2,10800.0,0.25,accepted_state,322.97125164422306,2.4545262969904407,0.0,0.0,0.01552,980.9073667291397,3377.628127516915,0.26210494209459667,2.472478749546904e-09
q4_2d_adaptive_nr40_nz125_dt0.25_md7f14a4ef684,2,14400.0,0.25,accepted_state,323.14743509476455,2.241975917454488,0.0,0.0,0.014770000000000002,961.7778325709039,3336.824191560275,0.25830922712188603,2.4599303829078184e-09
q4_2d_adaptive_nr40_nz125_dt0.25_md7f14a4ef684,2,18000.0,0.25,accepted_state,323.1485632260399,1.980191528523406,0.0,0.0,0.01424,938.2172375671065,3278.5698571979838,0.25289021927423105,2.4168974745792015e-09
q4_2d_adaptive_nr40_nz125_dt0.25_md7f14a4ef684,2,21600.0,0.25,accepted_state,323.1489214316488,1.7199653341299066,0.0,0.0,0.013740000000000002,914.7968800716916,3209.5487493822175,0.24646965110532254,2.362159553000904e-09
q4_2d_adaptive_nr40_nz125_dt0.25_md7f14a4ef684,2,25200.0,0.25,accepted_state,323.1489340759132,1.483044799360311,0.0,0.0,0.01337,893.4740319424279,3134.12758378186,0.23945372872389392,2.297248982417561e-09
q4_2d_adaptive_nr40_nz125_dt0.25_md7f14a4ef684,2,28800.0,0.25,accepted_state,323.14893441879076,1.277049239877052,0.0,0.0,0.01311,874.9344315889347,3055.79556104984,0.23216702893486885,2.2234995210953827e-09
q4_2d_adaptive_nr40_nz125_dt0.25_md7f14a4ef684,2,32400.0,0.25,accepted_state,323.1489344260807,1.1032346519569307,0.0,0.0,0.01291,859.2911186761238,2977.765035394621,0.22490837538554614,2.142709651347805e-09
q4_2d_adaptive_nr40_nz125_dt0.25_md7f14a4ef684,2,36000.0,0.25,accepted_state,323.1489344261328,0.9581267067997885,0.0,0.0,0.01273,846.231403611981,2902.0118092798016,0.21786156365393505,2.056258103385713e-09
q4_2d_adaptive_nr40_nz125_dt0.25_md7f14a4ef684,2,39600.0,0.25,accepted_state,323.148934426134,0.8376504846969461,0.0,0.0,0.0126,835.3885436227251,2830.027789340711,0.21116537575262428,1.9657114914446193e-09
q4_2d_adaptive_nr40_nz125_dt0.25_md7f14a4ef684,2,43200.0,0.25,accepted_state,323.1489344261349,0.7378531210841942,0.0,0.0,0.01248,826.4067808975775,2762.8413621867653,0.20491547555225725,1.8727611259957427e-09
q4_2d_adaptive_nr40_nz125_dt0.25_md7f14a4ef684,2,46800.0,0.25,accepted_state,323.1489344261354,0.6553394600199671,0.0,0.0,0.0124,818.980551401797,2701.1727491990882,0.19917886039061283,1.7793014532050609e-09
q4_2d_adaptive_nr40_nz125_dt0.25_md7f14a4ef684,2,50400.0,0.25,accepted_state,323.14893442613595,0.5869824354023454,0.0,0.0,0.01233,812.8284191862111,2645.2276017441154,0.19397466062735957,1.686930014690209e-09
q4_2d_adaptive_nr40_nz125_dt0.25_md7f14a4ef684,2,54000.0,0.25,accepted_state,323.1489344261366,0.5300952254945167,0.0,0.0,0.01226,807.7085702945064,2594.8586962585064,0.1892891810473029,1.5968977021139178e-09
q4_2d_adaptive_nr40_nz125_dt0.25_md7f14a4ef684,2,57600.0,0.25,accepted_state,323.14893442613845,0.48252262970781756,0.0,0.0,0.01221,803.4270366737036,2549.7691860368213,0.18509480800342526,1.5102366590695678e-09
q4_2d_adaptive_nr40_nz125_dt0.25_md7f14a4ef684,2,61200.0,0.25,accepted_state,323.14893442613874,0.44258053615367726,0.0,0.0,0.01218,799.8322482538309,2509.615271995489,0.18135956018562688,1.4278304609492944e-09
q4_2d_adaptive_nr40_nz125_dt0.25_md7f14a4ef684,2,64800.0,0.25,accepted_state,323.14893442613914,0.4088233356939964,0.0,0.0,0.01214,796.7941002124596,2473.9037567539335,0.17803755876780775,1.3501093203949178e-09
q4_2d_adaptive_nr40_nz125_dt0.25_md7f14a4ef684,2,68400.0,0.25,accepted_state,323.14893442614084,0.38007774618129425,0.0,0.0,0.01212,794.2069971563164,2442.1167532415493,0.1750806282085162,1.277221058675753e-09
q4_2d_adaptive_nr40_nz125_dt0.25_md7f14a4ef684,2,72000.0,0.25,accepted_state,323.1489344261412,0.35544546523094067,0.0,0.0,0.0121,791.9900918707847,2413.8056047620603,0.17244703300112188,1.2092345234606812e-09
q4_2d_adaptive_nr40_nz125_dt0.25_md7f14a4ef684,2,75600.0,0.25,accepted_state,323.1489344261427,0.3341733676033639,0.0,0.0,0.01208,790.0756030843028,2388.515276794842,0.17009444435300858,1.1459812485823406e-09
q4_2d_adaptive_nr40_nz125_dt0.25_md7f14a4ef684,2,79200.0,0.25,accepted_state,323.14893442614283,0.3156666362063411,0.0,0.0,0.01206,788.4099972585707,2365.8474412641353,0.16798580848968703,1.0872256591577712e-09
q4_2d_adaptive_nr40_nz125_dt0.25_md7f14a4ef684,2,82800.0,0.25,accepted_state,323.1489344261439,0.2994716116791343,0.0,0.0,0.012050000000000002,786.9524450511221,2345.4813628272796,0.16609128956532832,1.032759620384832e-09
q4_2d_adaptive_nr40_nz125_dt0.25_md7f14a4ef684,2,86400.0,0.25,accepted_state,323.1489344261448,0.28520948740774377,0.0,0.0,0.01204,785.668853866697,2327.120970499112,0.16438334609294064,9.822989839864406e-10
q4_2d_adaptive_nr40_nz125_dt0.25_md7f14a4ef684,2,90000.0,0.25,accepted_state,323.1489344261449,0.27256980817675625,0.0,0.0,0.01203,784.531282735908,2310.505257797715,0.16283769839978746,9.35535104302774e-10
q4_2d_adaptive_nr40_nz125_dt0.25_md7f14a4ef684,2,93600.0,0.25,accepted_state,323.1489344261451,0.26130616031306886,0.0,0.0,0.01203,783.5175544281763,2295.4178234835954,0.16143421613800887,8.921868507141907e-10
q4_2d_adaptive_nr40_nz125_dt0.25_md7f14a4ef684,2,97200.0,0.25,accepted_state,323.1489344261467,0.2512210166732219,0.0,0.0,0.01202,782.6098915005899,2281.678479381305,0.1601561376168656,8.520000093516693e-10
q4_2d_adaptive_nr40_nz125_dt0.25_md7f14a4ef684,2,100800.0,0.25,accepted_state,323.1489344261468,0.24213663750432518,0.0,0.0,0.01202,781.7922973753892,2269.1115171357196,0.1589871178730902,8.146709313722024e-10
q4_2d_adaptive_nr40_nz125_dt0.25_md7f14a4ef684,2,104400.0,0.25,accepted_state,323.14893442614687,0.23392436677610984,0.0,0.0,0.01202,781.0531930098499,2257.591747201384,0.1579155113675706,7.799956512387167e-10
q4_2d_adaptive_nr40_nz125_dt0.25_md7f14a4ef684,2,108000.0,0.25,accepted_state,323.14893442614766,0.22645777950285634,0.0,0.0,0.012010000000000002,780.381200155257,2246.9840903357467,0.15692875258937178,7.477015444645299e-10
q4_2d_adaptive_nr40_nz125_dt0.25_md7f14a4ef684,2,111600.0,0.25,accepted_state,323.14893442614783,0.21964660962131585,0.0,0.0,0.012010000000000002,779.7681948659184,2237.19429624984,0.1560180740697526,7.176082587348838e-10
q4_2d_adaptive_nr40_nz125_dt0.25_md7f14a4ef684,2,115200.0,0.25,accepted_state,323.1489344261485,0.21341153554988154,0.0,0.0,0.012010000000000002,779.2070381994894,2228.1361788556883,0.15517545849820355,6.895363724795433e-10
q4_2d_adaptive_nr40_nz125_dt0.25_md7f14a4ef684,2,118800.0,0.25,accepted_state,323.14893442614857,0.20768287808434258,0.0,0.0,0.012010000000000002,778.6914590275908,2219.7313226710767,0.15439361141126295,6.633111032187615e-10
q4_2d_adaptive_nr40_nz125_dt0.25_md7f14a4ef684,2,122400.0,0.25,accepted_state,323.1489344261487,0.20240150164861295,0.0,0.0,0.012010000000000002,778.2161351483752,2211.911747405393,0.15366620906096679,6.387746307376491e-10
q4_2d_adaptive_nr40_nz125_dt0.25_md7f14a4ef684,2,126000.0,0.25,accepted_state,323.14893442614925,0.19751498373447463,0.0,0.0,0.012,777.7763485361027,2204.615366652715,0.15298747596769438,6.157752444751427e-10
q4_2d_adaptive_nr40_nz125_dt0.25_md7f14a4ef684,2,129600.0,0.25,accepted_state,323.14893442614925,0.19297681169174732,0.0,0.0,0.012,777.3679130522572,2197.785590692992,0.15235214797144112,5.94168660662503e-10
q4_2d_adaptive_nr40_nz125_dt0.25_md7f14a4ef684,2,133200.0,0.25,accepted_state,323.14893442614925,0.18875583571225354,0.0,0.0,0.012,776.9880252141028,2191.386376066193,0.15175687219220402,5.738679452043773e-10
q4_2d_adaptive_nr40_nz125_dt0.25_md7f14a4ef684,2,136800.0,0.25,accepted_state,323.14893442614925,0.18481958631650194,0.0,0.0,0.012,776.6337627684852,2185.3777361292973,0.15119792894226022,5.547677502087721e-10
q4_2d_adaptive_nr40_nz125_dt0.25_md7f14a4ef684,2,140400.0,0.25,accepted_state,323.14893442614925,0.18113982226998987,0.0,0.0,0.012,776.3025840042991,2179.7243988709206,0.15067203710427166,5.36772833607231e-10
q4_2d_adaptive_nr40_nz125_dt0.25_md7f14a4ef684,2,144000.0,0.25,accepted_state,323.14893442614925,0.17769187570568604,0.0,0.0,0.012,775.9922688135117,2174.3951500797302,0.15017629303067256,5.197970000369005e-10
q4_2d_adaptive_nr40_nz125_dt0.25_md7f14a4ef684,2,147600.0,0.25,accepted_state,323.14893442614925,0.17445411313989323,0.0,0.0,0.012,775.7008701825904,2169.3622799344685,0.14970811906367149,5.03762150640434e-10
q4_2d_adaptive_nr40_nz125_dt0.25_md7f14a4ef684,2,151200.0,0.25,accepted_state,323.14893442614937,0.17140748961558602,0.0,0.0,0.012,775.4266740654027,2164.601115274111,0.1492652200254987,4.885974339329946e-10
q4_2d_adaptive_nr40_nz125_dt0.25_md7f14a4ef684,2,154800.0,0.25,accepted_state,323.14893442614937,0.1685351780121546,0.0,0.0,0.012,775.168166021094,2160.0896229264936,0.1488455463187436,4.742384886989865e-10
q4_2d_adaptive_nr40_nz125_dt0.25_md7f14a4ef684,2,158400.0,0.25,accepted_state,323.14893442614937,0.16582225935279757,0.0,0.0,0.012,774.9240033417518,2155.808072155385,0.14844726252608237,4.6062676992036187e-10
q4_2d_adaptive_nr40_nz125_dt0.25_md7f14a4ef684,2,162000.0,0.25,accepted_state,323.14893442614937,0.16325546288064408,0.0,0.0,0.012,774.6929916592579,2151.738746469484,0.14806872060181245,4.477089491824669e-10
q4_2d_adaptive_nr40_nz125_dt0.25_md7f14a4ef684,2,165600.0,0.25,accepted_state,323.14893442614937,0.16082294694650284,0.0,0.0,0.012,774.4740652251853,2147.865696783918,0.1477084369101319,4.3543638156947745e-10
q4_2d_adaptive_nr40_nz125_dt0.25_md7f14a4ef684,2,169200.0,0.25,accepted_state,323.14893442614937,0.15851411352215947,0.0,0.0,0.012,774.2662702169944,2144.1745293344015,0.1473650724962234,4.2376463170238737e-10
q4_2d_adaptive_nr40_nz125_dt0.25_md7f14a4ef684,2,172800.0,0.25,accepted_state,323.1489344261495,0.15631945054441643,0.0,0.0,0.012,774.0687505489975,2140.652222888977,0.14703741608269555,4.1265305224725426e-10
q4_2d_adaptive_nr40_nz125_dt0.25_md7f14a4ef684,2,176400.0,0.25,accepted_state,323.14893442615096,0.15423039739444055,0.0,0.0,0.012,773.8807357654996,2137.2869707352975,0.14672436937072533,4.0206440889208903e-10
q4_2d_adaptive_nr40_nz125_dt0.25_md7f14a4ef684,2,180000.0,0.25,accepted_state,323.14893442615096,0.1522392296902773,0.0,0.0,0.012,773.7015306721249,2134.0680436840175,0.14642493429618766,3.91964546432451e-10
q4_2d_adaptive_nr40_nz125_dt0.25_md7f14a4ef684,2,183600.0,0.25,accepted_state,323.1489344261511,0.15033896026724125,0.0,0.0,0.012,773.5305064240517,2130.985670953436,0.14613820194915683,3.823220912032716e-10
q4_2d_adaptive_nr40_nz125_dt0.25_md7f14a4ef684,2,187200.0,0.25,accepted_state,323.1489344261511,0.1485232537796999,0.0,0.0,0.012,773.367092840173,2128.030936313637,0.14586334291289646,3.731081856400773e-10
q4_2d_adaptive_nr40_nz125_dt0.25_md7f14a4ef684,2,190800.0,0.25,accepted_state,323.1489344261511,0.146786352807785,0.0,0.0,0.012,773.2107717527007,2125.195687290878,0.14559959881775608,3.6429625124660944e-10
q4_2d_adaptive_nr40_nz125_dt0.25_md7f14a4ef684,2,194400.0,0.25,accepted_state,323.1489344261511,0.14512301371664058,0.0,0.0,0.012,773.0610712344976,2122.472455581951,0.1453462749378559,3.558617766866787e-10
q4_2d_adaptive_nr40_nz125_dt0.25_md7f14a4ef684,2,198000.0,0.25,accepted_state,323.1489344261511,0.14352845081159468,0.0,0.0,0.012,772.9175605730435,2119.8543871172737,0.1451027336853278,3.477821281105982e-10
q4_2d_adaptive_nr40_nz125_dt0.25_md7f14a4ef684,2,201600.0,0.25,accepted_state,323.1489344261511,0.14199828757389402,0.0,0.0,0.012,772.7798458816504,2117.335180451501,0.1448683888792094,3.400363791733278e-10
q4_2d_adaptive_nr40_nz125_dt0.25_md7f14a4ef684,2,205200.0,0.25,accepted_state,323.1489344261511,0.14052851395930102,0.0,0.0,0.012,772.6475662563371,2114.9090323604823,0.144642700684696,3.326051585076236e-10
q4_2d_adaptive_nr40_nz125_dt0.25_md7f14a4ef684,2,208800.0,0.25,accepted_state,323.14893442615113,0.1391148709847669,0.0,0.0,0.01199,772.520338388629,2112.5696321203136,0.1444250820577036,3.254675969401232e-10
q4_2d_adaptive_nr40_nz125_dt0.25_md7f14a4ef684,2,212400.0,0.25,accepted_state,323.14893442615113,0.13775292472341322,0.0,0.0,0.01199,772.3977632251072,2110.310285053617,0.1442149102375458,3.186017671043323e-10
q4_2d_adaptive_nr40_nz125_dt0.25_md7f14a4ef684,2,216000.0,0.25,accepted_state,323.14893442615113,0.13644134518701975,0.0,0.0,0.01199,772.2797210668318,2108.1293732355516,0.14401203471958618,3.1200123055658223e-10
q4_2d_adaptive_nr40_nz125_dt0.25_md7f14a4ef684,2,219600.0,0.25,accepted_state,323.14893442615113,0.13517724143393955,0.0,0.0,0.01199,772.1659517290545,2106.0226354748347,0.14381605911393813,3.0565152639371904e-10
q4_2d_adaptive_nr40_nz125_dt0.25_md7f14a4ef684,2,223200.0,0.25,accepted_state,323.14893442615113,0.13395794212005227,0.0,0.0,0.01199,772.0562147908047,2103.9861178798647,0.1436266156167316,2.9953919301422004e-10
q4_2d_adaptive_nr40_nz125_dt0.25_md7f14a4ef684,2,226800.0,0.25,accepted_state,323.14893442615113,0.13278097502911443,0.0,0.0,0.01199,771.9502877526203,2102.016146638814,0.14344336247802922,2.9365168567685054e-10
q4_2d_adaptive_nr40_nz125_dt0.25_md7f14a4ef684,2,230400.0,0.25,accepted_state,323.14893442615113,0.13164404884358363,0.0,0.0,0.01199,771.8479643959225,2100.1093036303555,0.14326598173305632,2.879773018685105e-10
q4_2d_adaptive_nr40_nz125_dt0.25_md7f14a4ef684,2,234000.0,0.25,accepted_state,323.14893442615124,0.13054503687374638,0.0,0.0,0.01199,771.7490533186372,2098.262404525419,0.14309417716515524,2.8250511364333554e-10
q4_2d_adaptive_nr40_nz125_dt0.25_md7f14a4ef684,2,237600.0,0.25,accepted_state,323.14893442615124,0.12948196250524036,0.0,0.0,0.01199,771.6533766254717,2096.472479090143,0.1429276724735017,2.7722490620670724e-10
q4_2d_adaptive_nr40_nz125_dt0.25_md7f14a4ef684,2,241200.0,0.25,accepted_state,323.1489344261513,0.1284525635795816,0.0,0.0,0.01198,771.5607307221624,2094.736039962591,0.14276614325233403,2.7212503130447076e-10
q4_2d_adaptive_nr40_nz125_dt0.25_md7f14a4ef684,2,244800.0,0.25,accepted_state,323.1489344261513,0.12745434593040467,0.0,0.0,0.01198,771.4708911337365,2093.04917067328,0.14260922517890975,2.6719270643138486e-10
q4_2d_adaptive_nr40_nz125_dt0.25_md7f14a4ef684,2,248400.0,0.25,accepted_state,323.1489344261513,0.12648701232119522,0.0,0.0,0.01198,771.3838311089075,2091.4116394739485,0.14245689669525102,2.624259985132425e-10
q4_2d_adaptive_nr40_nz125_dt0.25_md7f14a4ef684,2,252000.0,0.25,accepted_state,323.1489344261513,0.12554906142321684,0.0,0.0,0.01198,771.2994155280895,2089.8211604553235,0.14230894515863476,2.578169971470091e-10
q4_2d_adaptive_nr40_nz125_dt0.25_md7f14a4ef684,2,255600.0,0.25,accepted_state,323.14893442615136,0.1246390892857815,0.0,0.0,0.01198,771.2175180357203,2088.2755894912125,0.14216517111546165,2.5335827469868706e-10
q4_2d_adaptive_nr40_nz125_dt0.25_md7f14a4ef684,2,259200.0,0.25,accepted_state,323.14893442615136,0.12375578153609805,0.0,0.0,0.01198,771.1380203382488,2086.772913362817,0.14202538728956432,2.4904285084290354e-10
q4_2d_adaptive_nr40_nz250_dt0.25_m7c4f1999f231_axial_verification,2,3600.0,0.25,accepted_state,312.21072274368373,2.549999972147084,0.0,0.0,0.01794,989.4999974932375,3394.366192431361,0.26366197138896386,1.6469875580358954e-09
q4_2d_adaptive_nr40_nz250_dt0.25_m7c4f1999f231_axial_verification,2,7200.0,0.25,accepted_state,321.3016234681484,2.545206698730934,0.0,0.0,0.01625,989.068602885784,3393.547349222366,0.26358579992766196,2.334111045312245e-09
q4_2d_adaptive_nr40_nz250_dt0.25_m7c4f1999f231_axial_verification,2,10320.0,0.25,accepted_state,322.8972873484366,2.4748463454346066,0.0,0.0,0.015618666666666668,982.7361710891146,3381.267605451171,0.26244349818150436,2.4682123434855987e-09
q4_2d_adaptive_nr80_nz125_dt0.25_m338635beb33f_radial_verification,2,3600.0,0.125,accepted_state,312.2118090203855,2.549999986809824,0.0,0.0,0.01794,989.4999988128842,3394.3661949328407,0.2636619716216596,1.6470582240404098e-09
q4_2d_adaptive_nr80_nz125_dt0.25_m338635beb33f_radial_verification,2,7200.0,0.125,accepted_state,321.30202812705386,2.54532301696484,0.0,0.0,0.01625,989.0790715268356,3393.567246281378,0.2635876508168724,2.3341588428972323e-09
q4_2d_adaptive_nr80_nz125_dt0.25_m338635beb33f_radial_verification,2,10320.0,0.125,accepted_state,322.89738075927414,2.475017771909165,0.0,0.0,0.015618666666666668,982.7515994718249,3381.298128205314,0.26244633750747104,2.4682415803448207e-09
q4_2d_nr40_nz125_dt0.125_half_steps,2,1800.0,,accepted_state,,2.55,0.0,0.0005,0.01873,989.5,3394.366197183099,0.26366197183098594,1.1896701058533615e-09
q4_2d_nr40_nz125_dt0.25,2,3600.0,,accepted_state,,2.5499999720440076,0.0,0.0,0.01794,989.4999974839607,3394.3661924137764,0.26366197138732805,1.646991920256878e-09
q4_2d_nr40_nz125_dt0.25,2,7200.0,,accepted_state,,2.5452039323332403,0.0,0.0,0.01625,989.0683539099916,3393.5468759945215,0.26358575590646716,2.3341131551972437e-09
q4_2d_nr40_nz125_dt0.25,2,10800.0,,accepted_state,,2.4545125398960708,0.0,0.0,0.01552,980.9061285906464,3377.6256490113415,0.26210471153593873,2.4724774893507822e-09
q4_2d_nr40_nz125_dt0.25,2,14400.0,,accepted_state,,2.241958508224735,0.0,0.0,0.014770000000000002,961.7762657402261,3336.8206303240695,0.25830889584409944,2.4599278736838146e-09
q4_2d_nr40_nz125_dt0.25,2,18000.0,,accepted_state,,1.9801735645461023,0.0,0.0,0.01424,938.2156208091492,3278.5655085402864,0.2528898147479336,2.4168941550280244e-09
q4_2d_nr40_nz125_dt0.25,2,21600.0,,accepted_state,,1.7199470908086025,0.0,0.0,0.013740000000000002,914.7952381727742,3209.5434476408013,0.24646915792007454,2.3621551829203803e-09
q4_2d_nr40_nz125_dt0.25,2,25200.0,,accepted_state,,1.4830263021449805,0.0,0.0,0.01337,893.4723671930483,3134.121133496368,0.23945312869733656,2.2972431863723942e-09
q4_2d_nr40_nz125_dt0.25,2,28800.0,,accepted_state,,1.2770306572123464,0.0,0.0,0.01311,874.9327591491112,3055.787855473085,0.23216631213703118,2.2234919203431782e-09
q4_2d_nr40_nz125_dt0.25,2,32400.0,,accepted_state,,1.1032162285267766,0.0,0.0,0.01291,859.2894605674098,2977.7560809779443,0.22490754241655292,2.142699921062874e-09
q4_2d_nr40_nz125_dt0.25,2,36000.0,,accepted_state,,0.9581086792849233,0.0,0.0,0.01273,846.2297811356431,2902.0017005464924,0.21786062330665043,2.0562459891577034e-09
q4_2d_nr40_nz125_dt0.25,2,39600.0,,accepted_state,,0.8376330485138251,0.0,0.0,0.0126,835.3869743662442,2830.0166881854893,0.21116434308702228,1.9656968368373026e-09
q4_2d_nr40_nz125_dt0.25,2,43200.0,,accepted_state,,0.7378364271408616,0.0,0.0,0.01248,826.4052784426775,2762.8294778368518,0.20491437003133503,1.872743898166175e-09
q4_2d_nr40_nz125_dt0.25,2,46800.0,,accepted_state,,0.655323628509933,0.0,0.0,0.0124,818.9791265658939,2701.1603272193015,0.19917770485760944,1.7792817757658677e-09
q4_2d_nr40_nz125_dt0.25,2,50400.0,,accepted_state,,0.5869675727136026,0.0,0.0,0.01233,812.8270815442243,2645.214913671077,0.1939734803414955,1.6869081836878628e-09
q4_2d_nr40_nz125_dt0.25,2,54000.0,,accepted_state,,0.5300814372399144,0.0,0.0,0.01226,807.7073293515923,2594.8460338958525,0.18928800315310257,1.5968741945321624e-09
q4_2d_nr40_nz125_dt0.25,2,57600.0,,accepted_state,,0.4825100226940493,0.0,0.0,0.01221,803.4259020424645,2549.756853519969,0.18509366079255526,1.5102121260539678e-09
q4_2d_nr40_nz125_dt0.25,2,61200.0,,accepted_state,,0.44256921164590174,0.0,0.0,0.01218,799.8312290481311,2509.603572124658,0.1813584718255496,1.4278056958568131e-09
q4_2d_nr40_nz125_dt0.25,2,64800.0,,accepted_state,,0.40881338342176593,0.0,0.0,0.01214,796.793204507959,2473.892975961075,0.17803655590335582,1.3500852020349364e-09
q4_2d_nr40_nz125_dt0.25,2,68400.0,,accepted_state,,0.38006923693845374,0.0,0.0,0.01212,794.2062313244609,2442.1071476315483,0.17507973466339985,1.2771984882764025e-09
q4_2d_nr40_nz125_dt0.25,2,72000.0,,accepted_state,,0.355438442055746,0.0,0.0,0.0121,791.9894597850172,2413.7973859298468,0.1724462684585904,1.2092143572501743e-09
q4_2d_nr40_nz125_dt0.25,2,75600.0,,accepted_state,,0.33416784542012445,0.0,0.0,0.01208,790.0751060878112,2388.508606784049,0.17009382388688826,1.1459642477625748e-09
q4_2d_nr40_nz125_dt0.25,2,79200.0,,accepted_state,,0.31566260315360184,0.0,0.0,0.01206,788.4096342838242,2365.842431907301,0.16798534250300473,1.0872124577454682e-09
q4_2d_nr40_nz125_dt0.25,2,82800.0,,accepted_state,,0.2994690304854914,0.0,0.0,0.012050000000000002,786.9522127436942,2345.4780763826716,0.16609098384955084,1.0327507031205312e-09
q4_2d_nr40_nz125_dt0.25,2,86400.0,,accepted_state,,0.2852083012805457,0.0,0.0,0.01204,785.6687471152491,2327.119426588048,0.1643832024733068,9.82294686949013e-10
q4_2d_nr40_nz125_dt0.25,2,90000.0,,accepted_state,,0.27256994656901645,0.0,0.0,0.01203,784.5312951912115,2310.505441530638,0.16283771549122214,9.355356271051318e-10
q4_2d_nr40_nz125_dt0.25,2,93600.0,,accepted_state,,0.26130754319800054,0.0,0.0,0.01203,783.51767888782,2295.419692370386,0.1614343899879429,8.921922715074036e-10
q4_2d_nr40_nz125_dt0.25,2,97200.0,,accepted_state,,0.2512235580987016,0.0,0.0,0.01202,782.6101202288831,2281.681969553838,0.16015646228407793,8.520103019381234e-10
q4_2d_nr40_nz125_dt0.25,2,100800.0,,accepted_state,,0.24214025068020814,0.0,0.0,0.01202,781.7926225612188,2269.116551997539,0.1589875862323292,8.146859929023804e-10
q4_2d_nr40_nz125_dt0.25,2,104400.0,,accepted_state,,0.23392896426024853,0.0,0.0,0.01202,781.0536067834223,2257.598239223646,0.15791611527661822,7.800153110655205e-10
q4_2d_nr40_nz125_dt0.25,2,108000.0,,accepted_state,,0.22646327747654957,0.0,0.0,0.012010000000000002,780.3816949728895,2246.991948732759,0.15692948360304732,7.477255921974478e-10
q4_2d_nr40_nz125_dt0.25,2,111600.0,,accepted_state,,0.21965292700006453,0.0,0.0,0.012010000000000002,779.7687634300058,2237.2034269714122,0.15601892343920115,7.176364485760128e-10
q4_2d_nr40_nz125_dt0.25,2,115200.0,,accepted_state,,0.21341859530438811,0.0,0.0,0.012010000000000002,779.207673577395,2228.1464876836926,0.15517641745894817,6.895684372387304e-10
q4_2d_nr40_nz125_dt0.25,2,118800.0,,accepted_state,,0.2076906080111649,0.0,0.0,0.012010000000000002,778.6921547210048,2219.7427174327054,0.15439467138908888,6.633467654101591e-10
q4_2d_nr40_nz125_dt0.25,2,122400.0,,accepted_state,,0.20240983453479258,0.0,0.0,0.012010000000000002,778.2168851081314,2211.9241391336204,0.15366736177987167,6.388136098794888e-10
q4_2d_nr40_nz125_dt0.25,2,126000.0,,accepted_state,,0.19752385758974392,0.0,0.0,0.012,777.777147183077,2204.6286707579216,0.15298871355887642,6.158172639897927e-10
q4_2d_nr40_nz125_dt0.25,2,129600.0,,accepted_state,,0.19298616973204388,0.0,0.0,0.012,777.3687552758839,2197.7997276507317,0.15235346303727737,5.942134527148602e-10
q4_2d_nr40_nz125_dt0.25,2,133200.0,,accepted_state,,0.1887656251496821,0.0,0.0,0.012,776.9889062634713,2191.401269927127,0.15175825766763973,5.739152478635625e-10
q4_2d_nr40_nz125_dt0.25,2,136800.0,,accepted_state,,0.18482975880912242,0.0,0.0,0.012,776.634678292821,2185.3933157781466,0.15119937821192062,5.548173134104318e-10
q4_2d_nr40_nz125_dt0.25,2,140400.0,,accepted_state,,0.1811503336265776,0.0,0.0,0.012,776.303530026392,2179.74059796547,0.1506735439967879,5.36824420378148e-10
q4_2d_nr40_nz125_dt0.25,2,144000.0,,accepted_state,,0.17770268559343397,0.0,0.0,0.012,775.993241703409,2174.411906926548,0.15017785180712076,5.198503872125257e-10
q4_2d_nr40_nz125_dt0.25,2,147600.0,,accepted_state,,0.1744651848041008,0.0,0.0,0.012,775.701866632369,2169.3795373265007,0.14970972440246516,5.038171292058632e-10
q4_2d_nr40_nz125_dt0.25,2,151200.0,,accepted_state,,0.17141878960513982,0.0,0.0,0.012,775.4276910644626,2164.6188202899502,0.1492668670037163,4.886538090313942e-10
q4_2d_nr40_nz125_dt0.25,2,154800.0,,accepted_state,,0.16854667591205086,0.0,0.0,0.012,775.1692008320846,2160.10772670084,0.1488472303907758,4.742960793765657e-10
q4_2d_nr40_nz125_dt0.25,2,158400.0,,accepted_state,,0.16583392752839018,0.0,0.0,0.012,774.9250534775551,2155.82652963439,0.14844897950087352,4.606854086849045e-10
q4_2d_nr40_nz125_dt0.25,2,162000.0,,accepted_state,,0.16326727623710338,0.0,0.0,0.012,774.6940548613393,2151.757516161939,0.14807046661971524,4.477684814385226e-10
q4_2d_nr40_nz125_dt0.25,2,165600.0,,accepted_state,,0.16083488270516377,0.0,0.0,0.012,774.4751394434647,2147.884740515615,0.14771020842005722,4.3549666497715123e-10
q4_2d_nr40_nz125_dt0.25,2,169200.0,,accepted_state,,0.1585261510141499,0.0,0.0,0.012,774.2673535912735,2144.193812010256,0.1473668662335122,4.238255354935447e-10
q4_2d_nr40_nz125_dt0.25,2,172800.0,,accepted_state,,0.1563315710211853,0.0,0.0,0.012,774.0698413919067,2140.671712265643,0.14703922904796674,4.127144565236471e-10
q4_2d_nr40_nz125_dt0.25,2,176400.0,,accepted_state,,0.1542425838544308,0.0,0.0,0.012,773.8818325468987,2137.306637205866,0.146726198809848,4.0212620392311195e-10
q4_2d_nr40_nz125_dt0.25,2,180000.0,,accepted_state,,0.15225146672075382,0.0,0.0,0.012,773.7026320048678,2134.087860075557,0.14642677768144716,3.9202663196523955e-10
q4_2d_nr40_nz125_dt0.25,2,183600.0,,accepted_state,,0.15035123390022584,0.0,0.0,0.012,773.5316110510204,2131.005612337634,0.14614005696164034,3.8238437579387426e-10
q4_2d_nr40_nz125_dt0.25,2,187200.0,,accepted_state,,0.14853555136091937,0.0,0.0,0.012,773.3681996224827,2128.050979830421,0.1458652074260857,3.7317058601190605e-10
q4_2d_nr40_nz125_dt0.25,2,190800.0,,accepted_state,,0.14679866287758145,0.0,0.0,0.012,773.2118796589823,2125.215811984681,0.1456014708822959,3.6435869167999026e-10
q4_2d_nr40_nz125_dt0.25,2,194400.0,,accepted_state,,0.14513532590182718,0.0,0.0,0.012,773.0621793311644,2122.492642250109,0.145348152767452,3.5592418844180964e-10
q4_2d_nr40_nz125_dt0.25,2,198000.0,,accepted_state,,0.14354075572728323,0.0,0.0,0.012,772.9186680154555,2119.8746181699344,0.14510461564371485,3.478444488848705e-10
q4_2d_nr40_nz125_dt0.25,2,201600.0,,accepted_state,,0.1420105767344146,0.0,0.0,0.012,772.7809519060974,2117.3554397824087,0.14487027346813103,3.400985525932685e-10
q4_2d_nr40_nz125_dt0.25,2,205200.0,,accepted_state,,0.14054077969736864,0.0,0.0,0.012,772.6486701727632,2114.9293052279277,0.14464458653283047,3.3266713365485616e-10
q4_2d_nr40_nz125_dt0.25,2,208800.0,,accepted_state,,0.1391271063641368,0.0,0.0,0.01199,772.5214395727724,2112.589905034948,0.14442696791022774,3.255293277996675e-10
q4_2d_nr40_nz125_dt0.25,2,212400.0,,accepted_state,,0.13776512344591932,0.0,0.0,0.01199,772.3988611101328,2110.330545650449,0.1442167949442278,3.186632119627551e-10
q4_2d_nr40_nz125_dt0.25,2,216000.0,,accepted_state,,0.13645350160938824,0.0,0.0,0.01199,772.280815144845,2108.14961020818,0.1440139172286679,3.1206235222507793e-10
q4_2d_nr40_nz125_dt0.25,2,219600.0,,accepted_state,,0.13518935047877606,0.0,0.0,0.01199,772.1670415430898,2106.042838498072,0.14381793846493693,3.0571229157754596e-10
q4_2d_nr40_nz125_dt0.25,2,223200.0,,accepted_state,,0.13396999922568498,0.0,0.0,0.01199,772.0572999303116,2104.0062775310666,0.14362849093312247,2.995995719870939e-10
q4_2d_nr40_nz125_dt0.25,2,226800.0,,accepted_state,,0.13279297610392624,0.0,0.0,0.01199,771.9513678493533,2102.0362543254755,0.14344523296050934,2.937116519802326e-10
q4_2d_nr40_nz125_dt0.25,2,230400.0,,accepted_state,,0.13165599022438937,0.0,0.0,0.01199,771.849039120195,2100.1293515234347,0.14326784665334277,2.8803683203406914e-10
q4_2d_nr40_nz125_dt0.25,2,234000.0,,accepted_state,,0.13055691528798796,0.0,0.0,0.01199,771.7501223759189,2098.2823854981875,0.1430960358602965,2.8256418693776383e-10
q4_2d_nr40_nz125_dt0.25,2,237600.0,,accepted_state,,0.12949377503675977,0.0,0.0,0.01199,771.6544397533083,2096.4923866623103,0.14292952434068001,2.7728350439788236e-10
q4_2d_nr40_nz125_dt0.25,2,241200.0,,accepted_state,,0.12846430760854924,0.0,0.0,0.01198,771.5617876847695,2094.75586821501,0.1427679877409312,2.721831382393301e-10
q4_2d_nr40_nz125_dt0.25,2,244800.0,,accepted_state,,0.1274660190715163,0.0,0.0,0.01198,771.4719417164365,2093.0689141562293,0.14261106178197483,2.672503076041947e-10
q4_2d_nr40_nz125_dt0.25,2,248400.0,,accepted_state,,0.12649861254627529,0.0,0.0,0.01198,771.3848751291648,2091.431293341535,0.14245872496200324,2.6248308194340246e-10
q4_2d_nr40_nz125_dt0.25,2,252000.0,,accepted_state,,0.12556058695341407,0.0,0.0,0.01198,771.3004528258073,2089.84072032989,0.1423107646818502,2.57873552606497e-10
q4_2d_nr40_nz125_dt0.25,2,255600.0,,accepted_state,,0.12465053857002627,0.0,0.0,0.01198,771.2185484713024,2088.295051426652,0.14216698152806068,2.534142935586812e-10
q4_2d_nr40_nz125_dt0.25,2,259200.0,,accepted_state,,0.12376715323140086,0.0,0.0,0.01198,771.1390437908261,2086.792273810763,0.14202718826146635,2.49098325932824e-10
q4_2d_nr40_nz250_dt0.25_axial_refinement,2,1800.0,,accepted_state,,2.55,0.0,0.00025,0.01873,989.5,3394.366197183099,0.26366197183098594,1.1896701058533615e-09
q4_2d_nr80_nz125_dt0.25_radial_refinement,2,1800.0,,accepted_state,,2.55,0.0,0.0005,0.01873,989.5,3394.366197183099,0.26366197183098594,1.1896993645547112e-09
