time_s,R_m,T_K_max_abs,T_K_r_m,T_K_z_m,T_K_volume_RMSE,T_K_midplane_max_abs,T_K_endface_max_abs,T_K_middle_zone_max_abs,T_K_end_zone_max_abs,C_kg_kg_max_abs,C_kg_kg_r_m,C_kg_kg_z_m,C_kg_kg_volume_RMSE,C_kg_kg_midplane_max_abs,C_kg_kg_endface_max_abs,C_kg_kg_middle_zone_max_abs,C_kg_kg_end_zone_max_abs
0.0,0.02,0.0,0.0,0.0,0.0,0.0,0.0,0.0,0.0,0.0,0.0,0.0,0.0,0.0,0.0,0.0,0.0
1.0,0.02,0.0003084235614778663,0.02,0.125,4.853202996094602e-06,3.054075227737485e-05,0.0003084235614778663,3.054075233421827e-05,0.0003084235614778663,0.1963197397363614,0.02,0.125,0.0007863468158754539,0.0503613071875364,0.1963197397363614,0.0503613071875364,0.1963197397363614
2.0,0.02,0.0006901086318293892,0.02,0.125,1.7692800153987274e-05,4.311510497245763e-05,0.0006901086318293892,4.311510497245763e-05,0.0006901086318293892,0.1906793940821463,0.02,0.125,0.001119753944209079,0.042587346119239644,0.1906793940821463,0.042587346119239644,0.1906793940821463
3.0,0.02,0.0011409224246676786,0.02,0.125,3.7404558309031984e-05,5.227904244975434e-05,0.0011409224246676786,5.227904244975434e-05,0.0011409224246676786,0.18747978644069407,0.02,0.125,0.0012478599385384284,0.037278477362713947,0.18747978644069407,0.037278477362713947,0.18747978644069407
4.0,0.02,0.0016712198715822524,0.018169464157345213,0.125,6.321572537719848e-05,5.973632272571194e-05,0.0016712198715822524,5.973632272571194e-05,0.0016712198715822524,0.18559452061315174,0.02,0.125,0.0013197500649194235,0.03330769114315668,0.18559452061315174,0.03330769114315668,0.18559452061315174
5.0,0.02,0.0022646980312401865,0.017762678414533037,0.125,9.460640961333359e-05,6.611881832441213e-05,0.0022646980312401865,6.611881832441213e-05,0.0022646980312401865,0.18453196195457844,0.02,0.125,0.001394493660429172,0.030182773545713637,0.18453196195457844,0.030182773545713637,0.18453196195457844
6.0,0.02,0.0029121479767013625,0.01735573582317227,0.125,0.00013119579287149263,7.17451816854009e-05,0.0029121479767013625,7.174518174224431e-05,0.0029121479767013625,0.1840308513305806,0.02,0.125,0.0014902070743854322,0.02764191713018116,0.1840308513305806,0.02764191713018116,0.1840308513305806
7.0,0.02,0.0036087456868472145,0.016944640961407006,0.125,0.00017268784945020376,7.680291656697591e-05,0.0036087456868472145,7.680291656697591e-05,0.0036087456868472145,0.18393438711128907,0.02,0.125,0.0016078855704912227,0.025527799976545307,0.18393438711128907,0.025527799976545307,0.18393438711128907
8.0,0.02,0.004350742733151947,0.01652366428253007,0.125,0.0002188424720415459,8.141345335843653e-05,0.004350742733151947,8.141345341527995e-05,0.004350742733151947,0.18414058879618755,0.02,0.125,0.0017428578918322695,0.023737946706342328,0.18414058879618755,0.023737946706342328,0.18414058879618755
9.0,0.02,0.005135023915443071,0.016090738201011527,0.125,0.0002694587408052825,8.566080344962756e-05,0.005135023915443071,8.566080344962756e-05,0.005135023915443071,0.1845792755469131,0.02,0.125,0.0018898151810756558,0.02220170471450489,0.1845792755469131,0.02220170471450489,0.1845792755469131
10.0,0.02,0.005958958398707637,0.015645737689287544,0.125,0.000324364527107069,8.960597511986634e-05,0.005958958398707637,8.960597511986634e-05,0.005958958398707637,0.1852000920821384,0.02,0.125,0.002044481205364566,0.020868268028605197,0.1852000920821384,0.020868268028605197,0.1852000920821384
11.0,0.02,0.006820303792608229,0.015188849198253543,0.125,0.0003834096552929531,9.329494605481159e-05,0.006820303792608229,9.329494605481159e-05,0.006820303792608229,0.1859657329761073,0.02,0.125,0.002203833106473975,0.0196998998045248,0.1859657329761073,0.0196998998045248,0.1859657329761073
12.0,0.02,0.007717122873486915,0.014720437634316937,0.125,0.00044646119154227655,9.67633937420942e-05,0.007717122873486915,9.676339379893761e-05,0.007717122873486915,0.18684785341062948,0.02,0.125,0.002365862453764871,0.01866784147984557,0.18684785341062948,0.01866784147984557,0.18684785341062948
13.0,0.02,0.008647721224235738,0.01424106220447891,0.125,0.0005134000726875281,0.00010003966485783167,0.008647721224235738,0.00010003966485783167,0.008647721224235738,0.18782447263403546,0.02,0.125,0.002529275119509088,0.017749714813522388,0.18782447263403546,0.017749714813522388,0.18782447263403546
14.0,0.02,0.009610613387508238,0.01424106220447891,0.125,0.0005841186170332782,0.00010314672130107283,0.009610613387508238,0.00010314672130107283,0.009610613387508238,0.18887825614208342,0.02,0.125,0.002693248766437201,0.016927802804971304,0.18887825614208342,0.016927802804971304,0.18887825614208342
15.0,0.02,0.010604461399680076,0.013751476202782456,0.125,0.0006585186376811622,0.00010610346748762822,0.010604461399680076,0.00010610346748762822,0.010604461399680076,0.18999534008735974,0.02,0.125,0.0028572628844633833,0.016187872979981144,0.18999534008735974,0.016187872979981144,0.18999534008735974
16.0,0.02,0.011628037649416001,0.013252608438803094,0.125,0.0007365099804893118,0.00010892568326426044,0.011628037649416001,0.00010892568332110386,0.011628037649416001,0.19116450363387782,0.02,0.125,0.0030209871036692825,0.015518348743401411,0.19116450363387782,0.015518348743401411,0.19116450363387782
17.0,0.02,0.012680255500356452,0.012745523557934853,0.125,0.0008180093694577267,0.0001116266961389556,0.012680255500356452,0.00011162669619579901,0.012680255500356452,0.1923765720842523,0.02,0.125,0.00318421016413342,0.014909711611314158,0.1923765720842523,0.014909711611314158,0.1923765720842523
18.0,0.02,0.013760139501982849,0.012745523557934853,0.125,0.0009029394798599174,0.00011421787729659627,0.013760139501982849,0.00011421787729659627,0.013760139501982849,0.19362397744850357,0.02,0.125,0.0033467955084205184,0.014354060978871708,0.19362397744850357,0.014354060978871708,0.19362397744850357
19.0,0.02,0.014866762943881895,0.012231363588077493,0.125,0.0009912281835295217,0.00011670901739080364,0.014866762943881895,0.00011670901739080364,0.014866762943881895,0.1949004290781957,0.02,0.125,0.00350865374897083,0.01384478403626277,0.1949004290781957,0.01384478403626277,0.1949004290781957
20.0,0.02,0.01599928119071592,0.01171127758374588,0.125,0.0010828079265828234,0.0001191086115568396,0.01599928119071592,0.0001191086115568396,0.01599928119071592,0.19620066290037252,0.02,0.125,0.003669725644362224,0.013376304357382018,0.19620066290037252,0.013376304357382018,0.19620066290037252
21.0,0.02,0.017156933956869125,0.01171127758374588,0.125,0.0011776152105990086,0.0001214240844547021,0.017156933956869125,0.00012142408451154552,0.017156933956869125,0.19752024784097078,0.02,0.125,0.003829971557276688,0.012943887742251192,0.19752024784097078,0.012943887742251192,0.19752024784097078
22.0,0.02,0.01833899098795655,0.01118634914836078,0.125,0.0012755901557811398,0.00012366196506263805,0.01833899098795655,0.00012366196506263805,0.01833899098795655,0.19885543455418286,0.02,0.125,0.00398936489109139,0.012543490422077586,0.19885543455418286,0.012543490422077586,0.19885543455418286
23.0,0.02,0.01954477805196575,0.010657534580487177,0.125,0.00137667612981146,0.00012582802793303927,0.01954477805196575,0.00012582802798988268,0.01954477805196575,0.20020303591278665,0.02,0.125,0.0041478879648569516,0.012171639075312157,0.20020303591278665,0.012171639075312157,0.20020303591278665
24.0,0.02,0.02077368297511839,0.010657534580487177,0.125,0.001480819430053676,0.0001279274075614012,0.02077368297511839,0.00012792740761824462,0.02077368297511839,0.20156033165998055,0.02,0.125,0.00430552938426208,0.011825335049431729,0.20156033165998055,0.011825335049431729,0.20156033165998055
25.0,0.02,0.02202510457328799,0.010125623080643572,0.125,0.0015879690094030912,0.00012996468990422727,0.02202510457328799,0.0001299646899610707,0.02202510457328799,0.2029249916615652,0.02,0.125,0.004462282333658616,0.01150197722216273,0.2029249916615652,0.01150197722216273,0.2029249916615652
26.0,0.02,0.023298497238215532,0.010125623080643572,0.125,0.0016980762382274453,0.00013194398962923515,0.023298497238215532,0.00013194398962923515,0.023298497238215532,0.20433342455224146,0.018983035642969562,0.125,0.004618143438771184,0.011199299371391191,0.20433342455224146,0.011199299371391191,0.20433342455224146
27.0,0.02,0.024593343908463794,0.009591223921703376,0.125,0.001811094696382462,0.00013386901258627404,0.024593343908463794,0.00013386901258627404,0.024593343908463794,0.2062579298383742,0.018983035642969562,0.125,0.0047731119864476415,0.01091531894952702,0.2062579298383742,0.01091531894952702,0.2062579298383742
28.0,0.02,0.025909148303355778,0.00905477808544069,0.125,0.0019269799905197347,0.0001357431094106687,0.025909148303355778,0.0001357431094106687,0.025909148303355778,0.20816027302352813,0.018983035642969562,0.125,0.0049271893709220286,0.010648294902628752,0.20816027302352813,0.010648294902628752,0.20816027302352813
29.0,0.02,0.027245455266438512,0.00905477808544069,0.125,0.0020456895927453973,0.00013756931957686902,0.027245455266438512,0.00013756931957686902,0.027245455266438512,0.2100409814792492,0.018983035642969562,0.125,0.005080378686531923,0.010396692721712508,0.2100409814792492,0.010396692721712508,0.2100409814792492
30.0,0.02,0.02860181880299706,0.008516585872756742,0.125,0.002167182697518115,0.00013935040931301046,0.02860181880299706,0.00013935040936985388,0.02860181880299706,0.21190058925043642,0.018983035642969562,0.125,0.00523268441749272,0.010159155320404789,0.21190058925043642,0.010159155320404789,0.21190058925043642
31.0,0.02,0.029977825577873318,0.008516585872756742,0.125,0.002291420094089029,0.0001410889036037588,0.029977825577873318,0.0001410889036037588,0.029977825577873318,0.2137396307562871,0.018983035642969562,0.125,0.005384112193967663,0.009934478639035849,0.2137396307562871,0.009934478639035849,0.2137396307562871
32.0,0.02,0.03137307916665577,0.007976840399843262,0.125,0.002418364052372914,0.0001427871135319947,0.03137307916665577,0.0001427871135319947,0.03137307916665577,0.21555863587447233,0.018983035642969562,0.125,0.005534668595027212,0.009721591107366034,0.21555863587447233,0.009721591107366034,0.21555863587447233
33.0,0.02,0.03278719994165158,0.007976840399843262,0.125,0.002547978220490318,0.00014444716026673632,0.03278719994165158,0.00014444716032357974,0.03278719994165158,0.21735812616788452,0.018983035642969562,0.125,0.005684360986028416,0.009519536276294982,0.21735812616788452,0.009519536276294982,0.21735812616788452
34.0,0.02,0.03421983243185878,0.007435659025733593,0.125,0.0026802275323325546,0.00014607099518570976,0.03421983243185878,0.00014607099518570976,0.03421983243185878,0.21913861204822194,0.018983035642969562,0.125,0.005833197382206155,0.009327458066477057,0.21913861204822194,0.009327458066477057,0.21913861204822194
35.0,0.02,0.03567062817177202,0.006893108767669093,0.125,0.0028150781240699066,0.0001476604177810259,0.03567062817177202,0.00014766041783786932,0.03567062817177202,0.2209005907023105,0.018983035642969562,0.125,0.005981186332909387,0.009144588189049951,0.2209005907023105,0.009144588189049951,0.2209005907023105
36.0,0.02,0.03713926200299511,0.006893108767669093,0.125,0.0029524972583113997,0.00014921709117743376,0.03713926200299511,0.00014921709117743376,0.03713926200299511,0.22264454463512529,0.018983035642969562,0.125,0.006128336822568992,0.008970235378027436,0.22264454463512529,0.008970235378027436,0.22264454463512529
37.0,0.02,0.038625416940078594,0.006349225127478153,0.125,0.003092453255162725,0.00015074255520630686,0.038625416940078594,0.00015074255520630686,0.038625416940078594,0.22437094070774322,0.018983035642969562,0.125,0.006274658185538243,0.008803776140422492,0.22437094070774322,0.008803776140422492,0.22437094070774322
38.0,0.02,0.040128792362054355,0.006349225127478153,0.125,0.003234915429300065,0.00015223823919541246,0.040128792362054355,0.00015223823925225588,0.040128792362054355,0.2260802295693689,0.018983035642969562,0.125,0.006420160032634931,0.008644646783352528,0.2260802295693689,0.008644646783352528,0.2260802295693689
39.0,0.02,0.04164909870723932,0.005804024711706093,0.125,0.003379854032428668,0.0001537054717459796,0.04164909870723932,0.0001537054717459796,0.04164909870723932,0.22777284540027898,0.018983035642969562,0.125,0.006564852187677738,0.008492336519700494,0.22777284540027898,0.008492336519700494,0.22777284540027898
40.0,0.02,0.04318605705526579,0.005804024711706093,0.125,0.0035272402004864157,0.0001551454898844895,0.04318605705526579,0.00015514548994133293,0.04318605705526579,0.22944920589750728,0.018983035642969562,0.125,0.006708744632631869,0.008346381488347987,0.22944920589750728,0.008346381488347987,0.22944920589750728
41.0,0.02,0.04473940140923105,0.005257513054872893,0.125,0.003677045905138841,0.00015655944815762268,0.04473940140923105,0.0001565594482144661,0.04473940140923105,0.23110971244750322,0.018983035642969562,0.125,0.006851847460213158,0.008206359552477949,0.23110971244750322,0.008206359552477949,0.23110971244750322
42.0,0.02,0.04630887252778848,0.004709689338509177,0.125,0.003829243909111233,0.00015794842522609542,0.04630887252778848,0.00015794842528293884,0.04630887252778848,0.2327547504405345,0.018983035642969562,0.125,0.0069941708329776696,0.0080718857622184,0.2327547504405345,0.0080718857622184,0.2327547504405345
43.0,0.02,0.047894224184631184,0.004709689338509177,0.125,0.003983807724888147,0.00015931343023112277,0.047894224184631184,0.00015931343028796618,0.047894224184631184,0.234440775778888,0.01857624990015739,0.125,0.007135724948063029,0.00794260838622618,0.234440775778888,0.00794260838622618,0.234440775778888
44.0,0.02,0.049495215672607173,0.004160549166406691,0.125,0.004140711576620595,0.00016065540933141165,0.049495215672607173,0.00016065540933141165,0.049495215672607173,0.23613652515095218,0.01857624990015739,0.125,0.007276520006862001,0.007818205432047254,0.23613652515095218,0.007818205432047254,0.23613652515095218
45.0,0.02,0.05111161727182889,0.004160549166406691,0.125,0.004299930364712257,0.000161975250193791,0.05111161727182889,0.000161975250193791,0.05111161727182889,0.2378182815441483,0.01857624990015739,0.125,0.007416566189000711,0.00769838158759617,0.2378182815441483,0.00769838158759617,0.2378182815441483
46.0,0.02,0.052743205445040076,0.003610086096196138,0.125,0.004461439633005797,0.00016327378767755363,0.052743205445040076,0.00016327378767755363,0.052743205445040076,0.23948622864898272,0.01857624990015739,0.125,0.007555873630077257,0.007582865526427618,0.23948622864898272,0.007582865526427618,0.23948622864898272
47.0,0.02,0.05438976505035953,0.003610086096196138,0.125,0.004625215538267294,0.00016455180684715742,0.05438976505035953,0.00016455180684715742,0.05438976505035953,0.2411405519971339,0.01857624990015739,0.125,0.00769445240268252,0.007471407528179874,0.2411405519971339,0.007471407528179874,0.2411405519971339
48.0,0.02,0.05605108777353962,0.003058292482476693,0.125,0.004791234821728782,0.00016581004808813304,0.05605108777353962,0.00016581004808813304,0.05605108777353962,0.24278143829493937,0.01857624990015739,0.125,0.007832312500286919,0.007363777372691782,0.24278143829493937,0.007363777372691782,0.24278143829493937
49.0,0.02,0.05772697162615259,0.003058292482476693,0.125,0.004959474782562945,0.00016704920892607333,0.05772697162615259,0.00016704920892607333,0.05772697162615259,0.24440907482886232,0.01857624990015739,0.125,0.007969463823627135,0.007259762472398901,0.24440907482886232,0.007259762472398901,0.24440907482886232
50.0,0.02,0.05941722190789278,0.002505159946610381,0.125,0.005129913253073832,0.00016826994868779366,0.05941722190789278,0.00016826994874463708,0.05941722190789278,0.246023648937856,0.01857624990015739,0.125,0.00810591616927312,0.007159166212638457,0.246023648937856,0.007159166212638457,0.246023648937856
51.0,0.02,0.061121648727919364,0.0019506796826743904,0.125,0.005302528575525144,0.00016947289128665943,0.061121648727919364,0.00016947289128665943,0.061121648727919364,0.2476253475474972,0.01857624990015739,0.125,0.008241679220096545,0.007061806473787513,0.2476253475474972,0.007061806473787513,0.2476253475474972
52.0,0.02,0.06284006896470373,0.0019506796826743904,0.125,0.005477299580367034,0.00017065862618892425,0.06284006896470373,0.00017065862618892425,0.06284006896470373,0.2492143567608318,0.01857624990015739,0.125,0.008376762537394607,0.006967514312778089,0.2492143567608318,0.006967514312778089,0.2492143567608318
53.0,0.02,0.06457230444686957,0.0013948483429327152,0.125,0.005654205565858925,0.00017182771239276917,0.06457230444686957,0.0001718277124496126,0.06457230444686957,0.25079086150105745,0.01857624990015739,0.125,0.00851117555445587,0.006876132784618516,0.25079086150105745,0.006876132784618516,0.25079086150105745
54.0,0.02,0.06631818227640451,0.0008377076023981845,0.125,0.0058332262789001265,0.00017298068047466586,0.06631818227640451,0.00017298068053150928,0.06631818227640451,0.2523550452013761,0.01857624990015739,0.125,0.008644927571380372,0.0067875158870909225,0.2523550452013761,0.0067875158870909225,0.2523550452013761
55.0,0.02,0.06807753456268983,0.00027941000925095087,0.125,0.0060143418969885645,0.00017411803361255807,0.06807753456268983,0.00017411803361255807,0.06807753456268983,0.2539070895376039,0.01857624990015739,0.125,0.008778027750990063,0.006701527614146663,0.2539070895376039,0.006701527614146663,0.2539070895376039
56.0,0.02,0.0698501977660726,0.00027941000925095087,0.125,0.006197533011276717,0.00017524025037118918,0.0698501977660726,0.00017524025037118918,0.0698501977660726,0.2554471741993911,0.01857624990015739,0.125,0.008910485115686467,0.006618041105264982,0.2554471741993911,0.006618041105264982,0.2554471741993911
57.0,0.02,0.07163601304904432,0.00027941000925095087,0.125,0.006382780610535675,0.00017634778538422324,0.07163601304904432,0.00017634778538422324,0.07163601304904432,0.25697547669622445,0.01857624990015739,0.125,0.009042308545129591,0.006536937879823679,0.25697547669622445,0.006536937879823679,0.25697547669622445
58.0,0.02,0.07343482592364126,0.00027941000925095087,0.125,0.006570066066054242,0.00017744107208272908,0.07343482592364126,0.00017744107208272908,0.07343482592364126,0.2584921721945963,0.01857624990015739,0.125,0.009173506774629385,0.006458107146825487,0.2584921721945963,0.006458107146825487,0.2584921721945963
59.0,0.02,0.07524648600616501,0.00027941000925095087,0.125,0.006759371117380754,0.0001785205228088671,0.07524648600616501,0.0001785205228088671,0.07524648600616501,0.25999743338309944,0.01857624990015739,0.125,0.00930408839415286,0.006381445181574463,0.25999743338309944,0.006381445181574463,0.25999743338309944
60.0,0.02,0.07707084586598967,0.00027941000925095087,0.125,0.006949620223608721,0.0003545610961168677,0.07707084586598967,0.0003545610961168677,0.07707084586598967,0.2613766852053083,0.018169464157345213,0.125,0.009425260653032634,0.00812898806139728,0.2613766852053083,0.00812898806139728,0.2613766852053083
61.0,0.02,0.0789812105007286,0.00027941000925095087,0.125,0.0071440936790303465,0.000198615749354758,0.0789812105007286,0.00019861574941160143,0.0789812105007286,0.26290033425931325,0.018169464157345213,0.125,0.009555181690204842,0.007459442601961186,0.26290033425931325,0.007459442601961186,0.26290033425931325
62.0,0.02,0.08092960443133279,0.00027941000925095087,0.125,0.007341958224075063,0.00019669008673872668,0.08092960443133279,0.00019669008673872668,0.08092960443133279,0.26440772477316665,0.018169464157345213,0.125,0.0096837782077261,0.0070219987287152286,0.26440772477316665,0.0070219987287152286,0.26440772477316665
63.0,0.02,0.08291106727392616,0.00027941000925095087,0.125,0.007543349518537785,0.00019746773432416376,0.08291106727392616,0.00019746773432416376,0.08291106727392616,0.26590476394157525,0.018169464157345213,0.125,0.009811831790197054,0.006718203157599856,0.26590476394157525,0.006718203157599856,0.26590476394157525
64.0,0.02,0.08492233659922022,0.00027941000925095087,0.125,0.007748151957669833,0.00019891070121502707,0.08492233659922022,0.00019891070121502707,0.08492233659922022,0.26739241812372505,0.018169464157345213,0.125,0.009939417247505165,0.006495727530460016,0.26739241812372505,0.006495727530460016,0.26739241812372505
65.0,0.02,0.08696110862598516,0.00027941000925095087,0.125,0.007956268718958591,0.0002005750707212428,0.08696110862598516,0.0002005750707212428,0.08696110862598516,0.2688706761911397,0.018169464157345213,0.125,0.010066508642762373,0.006323677713021336,0.2688706761911397,0.006323677713021336,0.2688706761911397
66.0,0.02,0.0890256587880458,0.00027941000925095087,0.125,0.008167616191044358,0.00020231288448258056,0.0890256587880458,0.00020231288448258056,0.0890256587880458,0.2703394440382674,0.018169464157345213,0.125,0.01019308015608435,0.00618371464210421,0.2703394440382674,0.00618371464210421,0.2703394440382674
67.0,0.02,0.09111463488170557,0.00027941000925095087,0.125,0.008382120567316017,0.00020406428501473783,0.09111463488170557,0.00020406428501473783,0.09111463488170557,0.2717986984094902,0.018169464157345213,0.125,0.010319117818299544,0.006064926319065744,0.2717986984094902,0.006064926319065744,0.2717986984094902
68.0,0.02,0.09322693745014021,0.00027941000925095087,0.125,0.008599715618033965,0.00020580256648372597,0.09322693745014021,0.0002058025665405694,0.09322693745014021,0.2732484794326071,0.018169464157345213,0.125,0.01044461683966595,0.00596072094298794,0.2732484794326071,0.00596072094298794,0.2732484794326071
69.0,0.02,0.09536164670060998,0.00027941000925095087,0.125,0.008820341156664468,0.00020751537141450171,0.09536164670060998,0.00020751537141450171,0.09536164670060998,0.2746888635432838,0.018169464157345213,0.125,0.01056957798762905,0.005867011178345205,0.2746888635432838,0.005867011178345205,0.2746888635432838
70.0,0.02,0.09751797558311637,0.00027941000925095087,0.125,0.009043941938878829,0.0002091971345521415,0.09751797558311637,0.0002091971345521415,0.09751797558311637,0.2761199444874469,0.018169464157345213,0.125,0.010694005079164681,0.005781178047759461,0.2761199444874469,0.005781178047759461,0.2761199444874469
71.0,0.02,0.09969523832569394,0.00027941000925095087,0.125,0.00927046684433992,0.00021084569749518778,0.09969523832569394,0.00021084569749518778,0.09969523832569394,0.277541823150671,0.018169464157345213,0.125,0.010817903502316992,0.005701482322796991,0.277541823150671,0.005701482322796991,0.277541823150671
72.0,0.02,0.10189282852581982,0.00027941000925095087,0.125,0.009499868251114936,0.00021246066830826749,0.10189282852581982,0.0002124606683651109,0.10189282852581982,0.27895460278940165,0.018169464157345213,0.125,0.010941279403025628,0.005626726792048231,0.27895460278940165,0.005626726792048231,0.27895460278940165
73.0,0.02,0.10411020339518018,0.00027941000925095087,0.125,0.009732101545826915,0.00021404257989843245,0.10411020339518018,0.00021404257989843245,0.10411020339518018,0.2803583869922588,0.018169464157345213,0.125,0.01106413925386083,0.005556058694076604,0.2803583869922588,0.005556058694076604,0.2803583869922588
74.0,0.02,0.10634687211125993,0.00027941000925095087,0.125,0.009967124732424858,0.00021559243953106488,0.10634687211125993,0.0002155924395879083,0.10634687211125993,0.2817532788746555,0.018169464157345213,0.125,0.011186489629973198,0.005488851221369551,0.2817532788746555,0.005488851221369551,0.2817532788746555
75.0,0.02,0.10860238699859792,0.00027941000925095087,0.125,0.010204898114339016,0.00021711148218628296,0.10860238699859792,0.00021711148218628296,0.10860238699859792,0.2831393807812117,0.018169464157345213,0.125,0.011308337094187406,0.0054246304379974575,0.2831393807812117,0.0054246304379974575,0.2831393807812117
76.0,0.02,0.11087633671201047,0.00027941000925095087,0.125,0.01044538403256405,0.00021860103112203433,0.11087633671201047,0.00021860103117887775,0.11087633671201047,0.28451679417584064,0.018169464157345213,0.125,0.011429688138738634,0.005363028885092547,0.28451679417584064,0.005363028885092547,0.28451679417584064
77.0,0.02,0.11316834087324423,0.00027941000925095087,0.125,0.0106885466470464,0.00022006242079442018,0.11316834087324423,0.00022006242079442018,0.11316834087324423,0.28588561958968883,0.018169464157345213,0.125,0.01155054915626091,0.005303755276835798,0.28588561958968883,0.005303755276835798,0.28588561958968883
78.0,0.02,0.11547804578287924,0.00027941000925095087,0.125,0.010934351752217348,0.00022149695371354028,0.11547804578287924,0.0002214969537703837,0.11547804578287924,0.28724595657963503,0.018169464157345213,0.125,0.011670926425917586,0.0052465741600342675,0.28724595657963503,0.0052465741600342675,0.28724595657963503
79.0,0.02,0.11780512094458118,0.00027941000925095087,0.125,0.011182766619861551,0.00022290587685347418,0.11780512094458118,0.00022290587685347418,0.11780512094458118,0.2886016613777387,0.017762678414533037,0.125,0.011790826107432472,0.005191291909598661,0.2886016613777387,0.005191291909598661,0.2886016613777387
80.0,0.02,0.1201492562133808,0.00027941000925095087,0.125,0.011433759864072775,0.0002242903717046829,0.1201492562133808,0.0002242903717046829,0.1201492562133808,0.289966036866931,0.017762678414533037,0.125,0.011910254239289892,0.005137746857844405,0.289966036866931,0.005137746857844405,0.289966036866931
81.0,0.02,0.12251015942689492,0.00027941000925095087,0.125,0.011687301324356584,0.00022565154932863152,0.12251015942689492,0.00022565154932863152,0.12251015942689492,0.29132269669493205,0.017762678414533037,0.125,0.012029216739160728,0.00508580218718091,0.29132269669493205,0.00508580218718091,0.29132269669493205
82.0,0.02,0.12488755442240063,0.00027941000925095087,0.125,0.011943361963658427,0.00022699045030094567,0.12488755442240063,0.00022699045035778909,0.12488755442240063,0.2926717178582434,0.017762678414533037,0.125,0.012147719405526673,0.005035340712376435,0.2926717178582434,0.005035340712376435,0.2926717178582434
83.0,0.02,0.12728117935773753,0.00027941000925095087,0.125,0.012201913778949117,0.00022830804755358258,0.12728117935773753,0.000228308047610426,0.12728117935773753,0.2940131765524656,0.017762678414533037,0.125,0.012265767919945688,0.0049862609820721104,0.2940131765524656,0.0049862609820721104,0.2940131765524656
84.0,0.02,0.12969078528016098,0.00027941000925095087,0.125,0.012462929722321752,0.00022960524881909805,0.12969078528016098,0.00022960524887594147,0.12969078528016098,0.2953471481788137,0.017762678414533037,0.125,0.012383367849651623,0.0049384743191986935,0.2953471481788137,0.0049384743191986935,0.2953471481788137
85.0,0.02,0.13211613489670526,0.00027941000925095087,0.125,0.012726383631011763,0.00023088290151918045,0.13211613489670526,0.00023088290151918045,0.13211613489670526,0.29667370734890053,0.017762678414533037,0.125,0.012500524650312202,0.004891902541372506,0.29667370734890053,0.004891902541372506,0.29667370734890053
86.0,0.02,0.134557001510359,0.00027941000925095087,0.125,0.012992250165012539,0.00023214179611841246,0.134557001510359,0.00023214179617525588,0.134557001510359,0.297992927888016,0.017762678414533037,0.125,0.012617243668844258,0.0048464761816582325,0.297992927888016,0.0048464761816582325,0.297992927888016
87.0,0.02,0.13701316809363107,0.00027941000925095087,0.125,0.013260504751301914,0.00023338267118333533,0.13701316809363107,0.00023338267118333533,0.13701316809363107,0.29930488283716095,0.017762678414533037,0.125,0.012733530146226118,0.004802133082985716,0.29930488283716095,0.004802133082985716,0.29930488283716095
88.0,0.02,0.13948442647716774,0.00027941000925095087,0.125,0.013531123533653273,0.00023460621690674088,0.13948442647716774,0.00023460621690674088,0.13948442647716774,0.3006096444541333,0.017762678414533037,0.125,0.012849389220271245,0.004758817275324123,0.3006096444541333,0.004758817275324123,0.3006096444541333
89.0,0.02,0.141970576636254,0.00027941000925095087,0.125,0.013804083327417992,0.0002358130794277713,0.141970576636254,0.0002358130794277713,0.141970576636254,0.3019072842139372,0.017762678414533037,0.125,0.01296482592834251,0.004716478069464181,0.3019072842139372,0.004716478069464181,0.3019072842139372
90.0,0.02,0.14447142605854424,0.00027941000925095087,0.125,0.014079361578553462,0.00023700386344671642,0.14447142605854424,0.00023700386344671642,0.14447142605854424,0.30319787280880783,0.017762678414533037,0.125,0.013079845209995198,0.004675069318676339,0.30319787280880783,0.004675069318676339,0.30319787280880783
91.0,0.02,0.14698678918210817,0.00027941000925095087,0.125,0.014356936326452872,0.00023817913671564384,0.14698678918210817,0.00023817913671564384,0.14698678918210817,0.30448148014808574,0.017762678414533037,0.125,0.013194451909542305,0.0046345488117967015,0.30448148014808574,0.0046345488117967015,0.30448148014808574
92.0,0.02,0.14951648689458352,0.00027941000925095087,0.125,0.014636786170046124,0.00023933943208476194,0.14951648689458352,0.00023933943208476194,0.14951648689458352,0.3057581753581742,0.017762678414533037,0.125,0.013308650778539596,0.004594877770226713,0.3057581753581742,0.004594877770226713,0.3057581753581742
93.0,0.02,0.15206034608269192,0.00027941000925095087,0.125,0.014918890236864088,0.00024048525045827773,0.15206034608269192,0.00024048525051512115,0.15206034608269192,0.3070280267827372,0.017762678414533037,0.125,0.013422446478190327,0.004556020427845642,0.3070280267827372,0.004556020427845642,0.3070280267827372
94.0,0.02,0.1546181992287643,0.00027941000925095087,0.125,0.015203228154690909,0.00024161706386394144,0.1546181992287643,0.00024161706392078486,0.1546181992287643,0.30829110198330545,0.017762678414533037,0.125,0.013535843581670487,0.004517943677631031,0.30829110198330545,0.004517943677631031,0.30829110198330545
95.0,0.02,0.15718988404501033,0.00027941000925095087,0.125,0.015489780025533787,0.00024273531710150564,0.15718988404501033,0.00024273531710150564,0.15718988404501033,0.30954746774037156,0.017762678414533037,0.125,0.01364884657637665,0.004480616772394086,0.30954746774037156,0.004480616772394086,0.30954746774037156
96.0,0.02,0.15977524314217817,0.00027941000925095087,0.125,0.01577852640162287,0.00024384042978908838,0.15977524314217817,0.00024384042978908838,0.15977524314217817,0.310797190055049,0.017762678414533037,0.125,0.013761459866098676,0.004444011069714371,0.310797190055049,0.004444011069714371,0.310797190055049
97.0,0.02,0.16237412372930748,0.00027941000925095087,0.125,0.01606944826333155,0.0002449327990348138,0.16237412372930748,0.0002449327990916572,0.16237412372930748,0.3120403341513338,0.017762678414533037,0.125,0.013873687773120601,0.004408099813241417,0.3120403341513338,0.004408099813241417,0.3120403341513338
98.0,0.02,0.16498637733991472,0.00027941000925095087,0.125,0.016362526998721812,0.00024601280051683716,0.16498637733991472,0.00024601280051683716,0.16498637733991472,0.3132769644789968,0.017762678414533037,0.125,0.013985534540251853,0.004372857944130448,0.3132769644789968,0.004372857944130448,0.3132769644789968
99.0,0.02,0.167611859580461,0.00027941000925095087,0.125,0.016657744384589085,0.0002470807896770566,0.167611859580461,0.0002470807897339,0.167611859580461,0.3145104396522256,0.01735573582317227,0.125,0.014097004332792358,0.004338261937575805,0.3145104396522256,0.004338261937575805,0.3145104396522256
100.0,0.02,0.17025042990178463,0.00027941000925095087,0.125,0.016955082568880106,0.0002481371043359104,0.17025042990178463,0.0002481371043359104,0.17025042990178463,0.3157459805448779,0.01735573582317227,0.125,0.014208101240433974,0.004304289660395089,0.3157459805448779,0.004304289660395089,0.3157459805448779
101.0,0.02,0.17290195138781428,0.00027941000925095087,0.125,0.01725452405432254,0.0002491820649197507,0.17290195138781428,0.0002491820649197507,0.17290195138781428,0.3169755040787776,0.01735573582317227,0.125,0.014318829279101117,0.004270920246358667,0.3169755040787776,0.004270920246358667,0.3169755040787776
102.0,0.02,0.17556629056065276,0.00027941000925095087,0.125,0.01755605168318654,0.00025021597627983283,0.17556629056065276,0.00025021597627983283,0.17556629056065276,0.31819906594583136,0.01735573582317227,0.125,0.01442919239273322,0.004238133986561365,0.31819906594583136,0.004238133986561365,0.31819906594583136
103.0,0.02,0.17824331720265718,0.00027941000925095087,0.125,0.017859648623067104,0.00025123912820390615,0.17824331720265718,0.00025123912826074957,0.17824331720265718,0.31941672110373664,0.01735573582317227,0.125,0.014539194455011496,0.00420591223259148,0.31941672110373664,0.00420591223259148,0.31941672110373664
104.0,0.02,0.1809329041893193,0.00027941000925095087,0.125,0.018165298353568875,0.00025225179706467316,0.1809329041893193,0.0002522517971215166,0.1809329041893193,0.3206285237897242,0.01735573582317227,0.125,0.014648839271032476,0.004174237310689666,0.3206285237897242,0.004174237310689666,0.3206285237897242
105.0,0.02,0.18363492733647035,0.00027941000925095087,0.125,0.018472984653838107,0.00025325424650191053,0.18363492733647035,0.00025325424655875395,0.18363492733647035,0.32183452753377617,0.01735573582317227,0.125,0.014758130578930466,0.004143092445308749,0.32183452753377617,0.004143092445308749,0.32183452753377617
106.0,0.02,0.1863492652572063,0.00027941000925095087,0.125,0.018782691590919633,0.0002542467279909033,0.1863492652572063,0.00025424672804774673,0.1863492652572063,0.32303478517137973,0.01735573582317227,0.125,0.01486707205145097,0.004112461690844338,0.32303478517137973,0.004112461690844338,0.32303478517137973
107.0,0.02,0.1890757992295562,0.00027941000925095087,0.125,0.019094403508760537,0.0002552294819793133,0.1890757992295562,0.0002552294819793133,0.1890757992295562,0.32422934885584054,0.01735573582317227,0.125,0.01497566729747728,0.00408232987042334,0.32422934885584054,0.00408232987042334,0.32422934885584054
108.0,0.02,0.19181441307222258,0.00027941000925095087,0.125,0.01940810501791236,0.0002562027382850829,0.19181441307222258,0.0002562027383419263,0.19181441307222258,0.32541827007018354,0.01735573582317227,0.125,0.015083919863512056,0.004052682520826689,0.32541827007018354,0.004052682520826689,0.32541827007018354
109.0,0.02,0.1945649930298714,0.00027941000925095087,0.125,0.019723780985802918,0.0002571667168353997,0.1945649930298714,0.0002571667168353997,0.1945649930298714,0.32660159963868907,0.01735573582317227,0.125,0.015191833235115432,0.004023505842814856,0.32660159963868907,0.004023505842814856,0.32660159963868907
110.0,0.02,0.19732742766456113,0.00027941000925095087,0.125,0.02004141652760306,0.00025812162863303456,0.19732742766456113,0.000258121628689878,0.19732742766456113,0.32777938773807413,0.01735573582317227,0.125,0.015299410838301658,0.003994786656161153,0.32777938773807413,0.003994786656161153,0.32777938773807413
111.0,0.02,0.20010160775507302,0.00027941000925095087,0.125,0.02036099699756903,0.0002590676758700283,0.20010160775507302,0.00025906767592687174,0.20010160775507302,0.32895168390836016,0.01735573582317227,0.125,0.01540665604089573,0.003966512358827501,0.32895168390836016,0.003966512358827501,0.32895168390836016
112.0,0.02,0.20288742620209632,0.00027941000925095087,0.125,0.02068250798087516,0.0002600050523824393,0.20288742620209632,0.00026000505243928274,0.20288742620209632,0.33011853706343386,0.01735573582317227,0.125,0.015513572153851365,0.003938670889841234,0.33011853706343386,0.003938670889841234,0.33011853706343386
113.0,0.02,0.20568477793904094,0.00027941000925095087,0.125,0.021005935285888698,0.0002609339446166814,0.20568477793904094,0.0002609339446166814,0.20568477793904094,0.33127999550133547,0.01735573582317227,0.125,0.015620162432531899,0.00391125069539644,0.33127999550133547,0.00391125069539644,0.33127999550133547
114.0,0.02,0.20849355984893236,0.00027941000925095087,0.125,0.021331264936858513,0.00026185453145899373,0.20849355984893236,0.00026185453145899373,0.20849355984893236,0.33243610691425607,0.01735573582317227,0.125,0.015726430077955416,0.003884240697858754,0.33243610691425607,0.003884240697858754,0.33243610691425607
115.0,0.02,0.21131367068471718,0.00027941000925095087,0.125,0.021658483166957808,0.0002627669852017789,0.21131367068471718,0.0002627669852017789,0.21131367068471718,0.33358691839832444,0.01735573582317227,0.125,0.015832378238005526,0.0038576302673565266,0.33358691839832444,0.0038576302673565266,0.33358691839832444
116.0,0.02,0.21414501099593508,0.00027941000925095087,0.125,0.02198757641171314,0.0002636714714867594,0.21414501099593508,0.0002636714715436028,0.21414501099593508,0.33473247646312965,0.01735573582317227,0.125,0.01593801000860859,0.003831409195657276,0.33473247646312965,0.003831409195657276,0.33473247646312965
117.0,0.02,0.21698748305817617,0.00027941000925095087,0.125,0.02231853130273909,0.00026456815027131597,0.21698748305817617,0.00026456815027131597,0.21698748305817617,0.33587282704101984,0.01735573582317227,0.125,0.01604332843487884,0.003805567672145127,0.33587282704101984,0.003805567672145127,0.33587282704101984
118.0,0.02,0.21984099080674468,0.00027941000925095087,0.125,0.022651334661783807,0.00026545717514636635,0.21984099080674468,0.00026545717520320977,0.21984099080674468,0.3370080154962012,0.01735573582317227,0.125,0.01614833651223263,0.003780096261634114,0.3370080154962012,0.003780096261634114,0.3370080154962012
119.0,0.02,0.22270543977441548,0.00027941000925095087,0.125,0.022985973495072448,0.00026633869447323377,0.22270543977441548,0.00026633869447323377,0.22270543977441548,0.3381380866336219,0.01735573582317227,0.125,0.01625303718747244,0.0037549858838561434,0.3381380866336219,0.0037549858838561434,0.3381380866336219
120.0,0.02,0.2255807370319758,0.00027941000925095087,0.125,0.023322434987904556,0.0002672128513836469,0.2255807370319758,0.00026721285144049034,0.2255807370319758,0.3392678121572157,0.016944640961407006,0.125,0.016357433359842133,0.0037302277944930573,0.3392678121572157,0.0037302277944930573,0.3392678121572157
121.0,0.02,0.22837390365549481,0.00027941000925095087,0.125,0.02365966782860801,0.0002583720005873147,0.22837390365549481,0.0002583720005873147,0.22837390365549481,0.3403948479286556,0.016944640961407006,0.125,0.01646152790708937,0.0037058283018716054,0.3403948479286556,0.0037058283018716054,0.3403948479286556
122.0,0.02,0.2311453473888605,0.00027941000925095087,0.125,0.023996747722660288,0.00025522904070385266,0.2311453473888605,0.00025522904070385266,0.2311453473888605,0.34151709245929185,0.016944640961407006,0.125,0.016565323660565446,0.0036817621332554396,0.34151709245929185,0.0036817621332554396,0.34151709245929185
123.0,0.02,0.23390108151198774,0.00027941000925095087,0.125,0.02433377866218184,0.0002531656172095609,0.23390108151198774,0.0002531656172095609,0.23390108151198774,0.3426345867086473,0.016944640961407006,0.125,0.016668823382038313,0.0036580222362001535,0.3426345867086473,0.0036580222362001535,0.3426345867086473
124.0,0.02,0.23664497731118672,0.00027941000925095087,0.125,0.024670841364466553,0.0002516387231707995,0.23664497731118672,0.0002516387232276429,0.23664497731118672,0.3437473710777659,0.016944640961407006,0.125,0.01677202978995982,0.003634601475347221,0.3437473710777659,0.003634601475347221,0.3437473710777659
125.0,0.02,0.23937969895126798,0.00027941000925095087,0.125,0.025008001294034164,0.00025044722451639245,0.23937969895126798,0.00025044722451639245,0.23937969895126798,0.3448554854204553,0.016944640961407006,0.125,0.01687494556020867,0.0036114928118138323,0.3448554854204553,0.0036114928118138323,0.3448554854204553
126.0,0.02,0.2421071831386712,0.00027941000925095087,0.125,0.025345313069885633,0.000249489779207579,0.2421071831386712,0.000249489779207579,0.2421071831386712,0.3459589690541982,0.016944640961407006,0.125,0.01697757332692037,0.003588689367681308,0.3459589690541982,0.003588689367681308,0.3459589690541982
127.0,0.02,0.24482890053502615,0.00027941000925095087,0.125,0.025682823215046825,0.00024870680971389447,0.24482890053502615,0.00024870680971389447,0.24482890053502615,0.3470578607707666,0.016944640961407006,0.125,0.01707991568333858,0.003566184449699694,0.3470578607707666,0.003566184449699694,0.3470578607707666
128.0,0.02,0.24754600684917705,0.00027941000925095087,0.125,0.02602057197210614,0.0002480597734688672,0.24754600684917705,0.0002480597734688672,0.24754600684917705,0.34815219884652926,0.016944640961407006,0.125,0.017181975182660732,0.0035439715566587537,0.34815219884652926,0.0035439715566587537,0.34815219884652926
129.0,0.02,0.2502594350887648,0.00027941000925095087,0.125,0.026358594562590335,0.00024752203796651884,0.2502594350887648,0.00024752203802336226,0.2502594350887648,0.349242021052488,0.016944640961407006,0.125,0.01728375433886792,0.003522044379570488,0.349242021052488,0.003522044379570488,0.349242021052488
130.0,0.02,0.2529699547343398,0.00027941000925095087,0.125,0.02669692209738124,0.00024707428991632696,0.2529699547343398,0.0002470742899731704,0.2529699547343398,0.35032736466402437,0.016944640961407006,0.125,0.017385255627535432,0.003500396798429506,0.35032736466402437,0.003500396798429506,0.35032736466402437
131.0,0.02,0.25567821137150304,0.00027941000925095087,0.125,0.02703558225777613,0.0002467019978098506,0.25567821137150304,0.000246701997866694,0.25567821137150304,0.35140826647038903,0.016944640961407006,0.125,0.0174864814866236,0.0034790228773062815,0.35140826647038903,0.0034790228773062815,0.35140826647038903
132.0,0.02,0.25838475424734497,0.00027941000925095087,0.125,0.02737459981951426,0.00024639390511538295,0.25838475424734497,0.00024639390511538295,0.25838475424734497,0.3524847627839316,0.016944640961407006,0.125,0.017587434317248435,0.0034579168586463815,0.3524847627839316,0.0034579168586463815,0.3524847627839316
133.0,0.02,0.2610900560501932,0.00027941000925095087,0.125,0.027713997065521898,0.00024614108633613796,0.2610900560501932,0.00024614108633613796,0.2610900560501932,0.3535568894490817,0.016944640961407006,0.125,0.0176881164844332,0.003437073157216197,0.3535568894490817,0.003437073157216197,0.3535568894490817
134.0,0.02,0.2637945275024549,0.00027941000925095087,0.125,0.02805379411740891,0.0002459363265643333,0.2637945275024549,0.0002459363265643333,0.2637945275024549,0.35462468185110163,0.016944640961407006,0.125,0.017788530317841243,0.003416486353985171,0.35462468185110163,0.003416486353985171,0.35462468185110163
135.0,0.02,0.26649852838193056,0.00027941000925095087,0.125,0.028394009206083155,0.0002457736998735527,0.26649852838193056,0.0002457736999303961,0.26649852838193056,0.3556881749245937,0.016944640961407006,0.125,0.0178886781124905,0.003396151190026231,0.3556881749245937,0.003396151190026231,0.3556881749245937
136.0,0.02,0.26920237601495955,0.00027941000925095087,0.125,0.028734658895812407,0.0002456482721413522,0.26920237601495955,0.0002456482721413522,0.26920237601495955,0.3567474031617941,0.016944640961407006,0.125,0.017988562129450443,0.0033760625605747663,0.3567474031617941,0.0033760625605747663,0.3567474031617941
137.0,0.02,0.2719063519406859,0.00027941000925095087,0.125,0.029075758272010872,0.00024555588731800526,0.2719063519406859,0.00024555588731800526,0.2719063519406859,0.35780240062064994,0.016944640961407006,0.125,0.018088184596521957,0.003356215509256799,0.35780240062064994,0.003356215509256799,0.35780240062064994
138.0,0.02,0.2746107072167092,0.00027941000925095087,0.125,0.02941732110022244,0.00024549300962917187,0.2746107072167092,0.00024549300962917187,0.2746107072167092,0.3588532009326899,0.016944640961407006,0.125,0.018187547708900395,0.003336605222526323,0.3588532009326899,0.003336605222526323,0.3588532009326899
139.0,0.02,0.2773156667059311,0.00027941000925095087,0.125,0.029759359961987558,0.0002454566043752493,0.2773156667059311,0.0002454566044320927,0.2773156667059311,0.3598998373106874,0.016944640961407006,0.125,0.01828665362982275,0.0033172270243118085,0.3598998373106874,0.0033172270243118085,0.3598998373106874
140.0,0.02,0.2800214325767456,0.00027941000925095087,0.125,0.030101886371914084,0.00024544404652715457,0.2800214325767456,0.000245444046583998,0.2800214325767456,0.36094411376119284,0.01652366428253007,0.125,0.018385504491198742,0.0032980763708923,0.36094411376119284,0.0032980763708923,0.36094411376119284
141.0,0.02,0.28272818719688075,0.00027941000925095087,0.125,0.03044491087923725,0.0002454530498425811,0.28272818719688075,0.0002454530498994245,0.28272818719688075,0.3619867507725676,0.01652366428253007,0.125,0.018484102394227157,0.0032791488459800178,0.3619867507725676,0.0032791488459800178,0.3619867507725676
142.0,0.02,0.28543609554617433,0.00027941000925095087,0.125,0.030788443156550303,0.00024548161127313506,0.28543609554617433,0.0002454816113299785,0.28543609554617433,0.36302544598989206,0.01652366428253007,0.125,0.018582449409996964,0.003260440156020561,0.36302544598989206,0.003260440156020561,0.36302544598989206
143.0,0.02,0.28814530724588394,0.00027941000925095087,0.125,0.031132492077711373,0.0002455279660580345,0.28814530724588394,0.0002455279661148779,0.28814530724588394,0.36406023075105765,0.01652366428253007,0.125,0.018680547580074324,0.003241946125699169,0.36406023075105765,0.003241946125699169,0.36406023075105765
144.0,0.02,0.2908559582800194,0.00027941000925095087,0.125,0.03147706578664727,0.00024559055128747787,0.2908559582800194,0.00024559055128747787,0.2908559582800194,0.3650911359755491,0.01652366428253007,0.125,0.01877839891707525,0.003223662693648155,0.3650911359755491,0.003223662693648155,0.3650911359755491
145.0,0.02,0.2935681724656547,0.00027941000925095087,0.125,0.031822171758398334,0.0002456679765145964,0.2935681724656547,0.0002456679765145964,0.2935681724656547,0.3661181921724683,0.01652366428253007,0.125,0.018876005405225,0.0032055859083381932,0.3661181921724683,0.0032055859083381932,0.3661181921724683
146.0,0.02,0.2962820627167275,0.00027941000925095087,0.125,0.03216781685351125,0.00024575900010859186,0.2962820627167275,0.00024575900010859186,0.2962820627167275,0.36714142944834327,0.01652366428253007,0.125,0.01897336900090413,0.0031877119241565666,0.36714142944834327,0.0031877119241565666,0.36714142944834327
147.0,0.02,0.2989977321372521,0.00027941000925095087,0.125,0.03251400736668112,0.0002458625083363586,0.2989977321372521,0.0002458625083363586,0.2989977321372521,0.3681608775147591,0.01652366428253007,0.125,0.01907049163318151,0.003170036997650616,0.3681608775147591,0.003170036997650616,0.3681608775147591
148.0,0.02,0.30171527497191164,0.00027941000925095087,0.125,0.032860749070473476,0.0002459774996168562,0.30171527497191164,0.0002459774996168562,0.30171527497191164,0.3691765656958106,0.01652366428253007,0.125,0.019167375204335094,0.0031525574839523784,0.3691765656958106,0.0031525574839523784,0.3691765656958106
149.0,0.02,0.3044347774372227,0.00027941000925095087,0.125,0.0332080472546619,0.0002461030692870736,0.3044347774372227,0.000246103069343917,0.3044347774372227,0.3701885229353765,0.01652366428253007,0.125,0.019264021590360215,0.00313526983333956,0.3701885229353765,0.00313526983333956,0.3701885229353765
150.0,0.02,0.30715631845146163,0.00027941000925095087,0.125,0.03355590676180994,0.00024623839897230937,0.30715631845146163,0.0002462383990291528,0.30715631845146163,0.3711967778042178,0.01652366428253007,0.125,0.01936043264146631,0.0031181705879652633,0.3711967778042178,0.0031181705879652633,0.3711967778042178
151.0,0.02,0.3098799702790984,0.00027941000925095087,0.125,0.03390433201950865,0.0002463827447627409,0.3098799702790984,0.0002463827447627409,0.3098799702790984,0.3722013585069157,0.01652366428253007,0.125,0.019456610182562013,0.0031012563787027325,0.3722013585069157,0.0031012563787027325,0.3722013585069157
152.0,0.02,0.3126057991009361,0.00027941000925095087,0.125,0.03425332706968638,0.000246535429710093,0.3126057991009361,0.00024653542976693643,0.3126057991009361,0.3732022928886365,0.01652366428253007,0.125,0.019552556013728933,0.0030845239221624077,0.3732022928886365,0.0030845239221624077,0.3732022928886365
153.0,0.02,0.31533386552177944,0.00027941000925095087,0.125,0.03460289559531026,0.0002466958366653671,0.31533386552177944,0.0002466958366653671,0.31533386552177944,0.37419960844174494,0.01652366428253007,0.125,0.019648271910684616,0.0030679700177982383,0.37419960844174494,0.0030679700177982383,0.37419960844174494
154.0,0.02,0.3180642250228516,0.00027941000925095087,0.125,0.03495304094475884,0.00024686340043444943,0.3180642250228516,0.00024686340043444943,0.3180642250228516,0.3751933323122638,0.01652366428253007,0.125,0.019743759625234943,0.0030515915451574394,0.3751933323122638,0.0030515915451574394,0.3751933323122638
155.0,0.02,0.32079692836765616,0.00027941000925095087,0.125,0.035303766154149034,0.0002470376034580113,0.32079692836765616,0.0002470376035148547,0.32079692836765616,0.3761834913061697,0.01652366428253007,0.125,0.01983902088571602,0.0030353854612430453,0.3761834913061697,0.0030353854612430453,0.3761834913061697
156.0,0.02,0.3235320219662867,0.00027941000925095087,0.125,0.03565507396780513,0.00024721797035454074,0.3235320219662867,0.00024721797041138416,0.3235320219662867,0.3771701118955586,0.01652366428253007,0.125,0.01993405739742623,0.0030193487979803812,0.3771701118955586,0.0030193487979803812,0.3771701118955586
157.0,0.02,0.32626954820341325,0.00027941000925095087,0.125,0.03600696685708321,0.00024740406371392965,0.32626954820341325,0.00024740406371392965,0.32626954820341325,0.37815322022466136,0.01652366428253007,0.125,0.020028870843048264,0.003003478659782566,0.37815322022466136,0.003003478659782566,0.37815322022466136
158.0,0.02,0.3290095457350617,0.00027941000925095087,0.125,0.03635944703767638,0.00024759548011843435,0.3290095457350617,0.00024759548017527777,0.3290095457350617,0.37913284211571696,0.01652366428253007,0.125,0.020123462883061775,0.0029877722212390267,0.37913284211571696,0.0029877722212390267,0.37913284211571696
159.0,0.02,0.3317520497573696,0.00027941000925095087,0.125,0.03671251648561643,0.00024779184735734816,0.3317520497573696,0.00024779184735734816,0.3317520497573696,0.3801090030747156,0.01652366428253007,0.125,0.020217835156146582,0.002972226724864857,0.3801090030747156,0.002972226724864857,0.3801090030747156
160.0,0.02,0.33449709225072866,0.00027941000925095087,0.125,0.03706617695202303,0.0002479928210163962,0.33449709225072866,0.0002479928210163962,0.33449709225072866,0.3810817282970045,0.01652366428253007,0.125,0.020311989279577083,0.002956839478956308,0.3810817282970045,0.002956839478956308,0.3810817282970045
161.0,0.02,0.33724470220147396,0.00027941000925095087,0.125,0.03742042997677093,0.0002481980824313723,0.33724470220147396,0.0002481980824313723,0.33724470220147396,0.3820532102783667,0.016090738201011527,0.125,0.020405926849607625,0.0029416078555439817,0.3820532102783667,0.0029416078555439817,0.3820532102783667
162.0,0.02,0.33999490580561087,0.00027941000925095087,0.125,0.037775276901145044,0.0002484073356185945,0.33999490580561087,0.00024840733567543793,0.33999490580561087,0.3830217604408164,0.016090738201011527,0.125,0.02049964944184939,0.0029265292884002037,0.3830217604408164,0.0029265292884002037,0.3830217604408164
163.0,0.02,0.3427477266540109,0.00027941000925095087,0.125,0.038130718879601296,0.0002486203060243497,0.3427477266540109,0.0002486203060243497,0.3427477266540109,0.3839870285114517,0.016090738201011527,0.125,0.02059315861163886,0.0029116012711463135,0.3839870285114517,0.0029116012711463135,0.3839870285114517
164.0,0.02,0.3455031859025439,0.00027941000925095087,0.125,0.038486756890689894,0.00024883673830800035,0.3455031859025439,0.00024883673836484377,0.3455031859025439,0.38494903868259156,0.016090738201011527,0.125,0.020686455894398315,0.0028968213554105837,0.38494903868259156,0.0028968213554105837,0.38494903868259156
165.0,0.02,0.34826130242777253,0.00027941000925095087,0.125,0.038843391747186484,0.00024905639463668194,0.34826130242777253,0.00024905639469352536,0.34826130242777253,0.38590781484042846,0.016090738201011527,0.125,0.020779542805988153,0.002882187149090054,0.38590781484042846,0.002882187149090054,0.38590781484042846
166.0,0.02,0.3510220929716752,0.00027941000925095087,0.125,0.039200624105611946,0.0002492790534915912,0.3510220929716752,0.0002492790535484346,0.3510220929716752,0.38686338057039515,0.016090738201011527,0.125,0.020872420843051694,0.002867696314638124,0.38686338057039515,0.002867696314638124,0.38686338057039515
167.0,0.02,0.35378557227340934,0.00027941000925095087,0.125,0.03955845447501847,0.00024950450790584,0.35378557227340934,0.0002495045079626834,0.35378557227340934,0.3878157591624456,0.016090738201011527,0.125,0.020965091483352377,0.0028533465674489555,0.3878157591624456,0.0028533465674489555,0.3878157591624456
168.0,0.02,0.3565517531923206,0.00027941000925095087,0.125,0.03991688322526475,0.00024973256483917794,0.3565517531923206,0.00024973256489602136,0.3565517531923206,0.3887649736162033,0.016090738201011527,0.125,0.021057556186103558,0.0028391356742893947,0.3887649736162033,0.0028391356742893947,0.3887649736162033
169.0,0.02,0.359320646821061,0.00027941000925095087,0.125,0.04027591059471237,0.0002499630437569067,0.359320646821061,0.0002499630438137501,0.359320646821061,0.38971104664602185,0.016090738201011527,0.125,0.02114981639229123,0.0028250614517819628,0.38971104664602185,0.0028250614517819628,0.38971104664602185
170.0,0.02,0.3620922625902381,0.00027941000925095087,0.125,0.04063553669745464,0.00025019577549301175,0.3620922625902381,0.00025019577549301175,0.3620922625902381,0.3906540006859278,0.016090738201011527,0.125,0.021241873524989782,0.0028111217649584574,0.3906540006859278,0.0028111217649584574,0.3906540006859278
171.0,0.02,0.3648666083664125,0.00027941000925095087,0.125,0.04099576153006669,0.000250430601795415,0.3648666083664125,0.0002504306018522584,0.3648666083664125,0.39159385789446643,0.016090738201011527,0.125,0.02133372898967092,0.0027973145258526344,0.39159385789446643,0.0027973145258526344,0.39159385789446643
172.0,0.02,0.3676436905427636,0.00027941000925095087,0.125,0.04135658497794498,0.0002506673743596366,0.3676436905427636,0.0002506673743596366,0.3676436905427636,0.3925306401594537,0.016090738201011527,0.125,0.021425384174505974,0.002783637692160834,0.3925306401594537,0.002783637692160834,0.3925306401594537
173.0,0.02,0.3704235141232175,0.00027941000925095087,0.125,0.04171800682127063,0.00025090595352139644,0.3704235141232175,0.00025090595357823986,0.3704235141232175,0.3934643691026172,0.016090738201011527,0.125,0.021516840450661733,0.0027700892659350274,0.3934643691026172,0.0027700892659350274,0.3934643691026172
174.0,0.02,0.37320608280151646,0.00027941000925095087,0.125,0.042080026740578605,0.0002511462090524219,0.37320608280151646,0.0002511462090524219,0.37320608280151646,0.39439506608414954,0.016090738201011527,0.125,0.021608099172590118,0.0027566672923144964,0.39439506608414954,0.0027566672923144964,0.39439506608414954
175.0,0.02,0.3759913990345467,0.00027941000925095087,0.125,0.04244264432201313,0.0002513880176024941,0.3759913990345467,0.0002513880176593375,0.3759913990345467,0.3953227522071727,0.016090738201011527,0.125,0.021699161678311457,0.002743369858336564,0.3953227522071727,0.002743369858336564,0.3953227522071727
176.0,0.02,0.37877946411123276,0.00027941000925095087,0.125,0.04280585906229803,0.00025163126372262923,0.37877946411123276,0.00025163126372262923,0.37877946411123276,0.3962474483221001,0.016090738201011527,0.125,0.02179002928969208,0.0027301950917517637,0.3962474483221001,0.0027301950917517637,0.3962474483221001
177.0,0.02,0.3815702782166568,0.00027941000925095087,0.125,0.043169670373361224,0.0002518758387282105,0.3815702782166568,0.00025187583878505393,0.3815702782166568,0.39716917503091276,0.016090738201011527,0.125,0.021880703312715737,0.0027171411598989614,0.39716917503091276,0.0027171411598989614,0.39716917503091276
178.0,0.02,0.38436384049322214,0.00027941000925095087,0.125,0.04353407758673756,0.0002521216403579274,0.38436384049322214,0.0002521216404147708,0.38436384049322214,0.39808795269135944,0.016090738201011527,0.125,0.021971185037749683,0.002704206268625775,0.39808795269135944,0.002704206268625775,0.39808795269135944
179.0,0.02,0.38716014909630303,0.00027941000925095087,0.125,0.043899079957714145,0.00025236857209165464,0.38716014909630303,0.00025236857214849806,0.38716014909630303,0.39900380142104375,0.016090738201011527,0.125,0.02206147573980486,0.002691388661217431,0.39900380142104375,0.002691388661217431,0.39900380142104375
180.0,0.02,0.3899592012486437,0.00027941000925095087,0.125,0.04426467666921463,0.00025261654286623525,0.3899592012486437,0.00025261654292307867,0.3899592012486437,0.3999167411014608,0.016090738201011527,0.125,0.022151576678790946,0.002678686617406445,0.3999167411014608,0.002678686617406445,0.3999167411014608
181.0,0.02,0.39268592724766904,0.00027941000925095087,0.125,0.0446300999196991,0.00024502022341721386,0.39268592724766904,0.0002450202234740573,0.39268592724766904,0.4008267508547503,0.016090738201011527,0.125,0.022241489075078637,0.0026660835384797466,0.4008267508547503,0.0026660835384797466,0.4008267508547503
182.0,0.02,0.3953892132307715,0.00027941000925095087,0.125,0.044994668892426135,0.0002420351972887147,0.3953892132307715,0.0002420351972887147,0.3953892132307715,0.40173443783068485,0.015645737689287544,0.125,0.022331214135677915,0.002653595114952889,0.40173443783068485,0.002653595114952889,0.40173443783068485
183.0,0.02,0.3980739851142516,0.00027941000925095087,0.125,0.045358455347181484,0.0002399290088987982,0.3980739851142516,0.00023992900895564162,0.3980739851142516,0.4026403136412249,0.015645737689287544,0.125,0.02242075307781682,0.0026412189464184443,0.4026403136412249,0.0026412189464184443,0.4026403136412249
184.0,0.02,0.40074343596057815,0.00027941000925095087,0.125,0.04572151709417445,0.0002382626599910509,0.40074343596057815,0.0002382626599910509,0.40074343596057815,0.4035434074534079,0.015645737689287544,0.125,0.022510107104099657,0.002628953018087188,0.4035434074534079,0.002628953018087188,0.4035434074534079
185.0,0.02,0.40339978156168854,0.00027941000925095087,0.125,0.046083902799777476,0.00023687343997380594,0.40339978156168854,0.00023687343997380594,0.40339978156168854,0.4044437383295043,0.015645737689287544,0.125,0.022599277403029965,0.0026167955095837137,0.4044437383295043,0.0026167955095837137,0.4044437383295043
186.0,0.02,0.40604464814805397,0.00027941000925095087,0.125,0.04644565455369368,0.00023567929139289845,0.40604464814805397,0.00023567929144974187,0.40604464814805397,0.4053413251061664,0.015645737689287544,0.125,0.02268826514935273,0.0026047447176185123,0.4053413251061664,0.0026047447176185123,0.4053413251061664
187.0,0.02,0.408679283714946,0.00027941000925095087,0.125,0.0468068094745962,0.00023463191490691315,0.408679283714946,0.00023463191490691315,0.408679283714946,0.4062361863980417,0.015645737689287544,0.125,0.022777071504321168,0.002592799019893288,0.4062361863980417,0.002592799019893288,0.4062361863980417
188.0,0.02,0.41130468019247246,0.00027941000925095087,0.125,0.04716740077337204,0.00023370001599687384,0.41130468019247246,0.00023370001605371726,0.41130468019247246,0.40712834060132463,0.015645737689287544,0.125,0.022865697615930658,0.0025809568560273277,0.40712834060132463,0.0025809568560273277,0.40712834060132463
189.0,0.02,0.41392164805893117,0.00027941000925095087,0.125,0.04752745849315644,0.00023286193163585267,0.41392164805893117,0.0002328619316926961,0.41392164805893117,0.4080178058972437,0.015645737689287544,0.125,0.02295414461913721,0.002569216716394873,0.4080178058972437,0.002569216716394873,0.4080178058972437
190.0,0.02,0.41653086422178376,0.00027941000925095087,0.125,0.04788701004650407,0.00023210191824318827,0.41653086422178376,0.00023210191830003168,0.41653086422178376,0.4089046002554664,0.015645737689287544,0.125,0.023042413636067505,0.0025575771350005994,0.4089046002554664,0.0025575771350005994,0.4089046002554664
191.0,0.02,0.4191329041022982,0.00027941000925095087,0.125,0.04824608061916192,0.0002314081024223924,0.4191329041022982,0.00023140810247923582,0.4191329041022982,0.4097887414374779,0.015645737689287544,0.125,0.023130505776223182,0.0025460366846488114,0.4097887414374779,0.0025460366846488114,0.4097887414374779
192.0,0.02,0.4217282639586415,0.00027941000925095087,0.125,0.04860469348237351,0.00023077126235193646,0.4217282639586415,0.00023077126240877988,0.4217282639586415,0.41067024699986066,0.015645737689287544,0.125,0.02321842213668053,0.0025345939734391365,0.41067024699986066,0.0025345939734391365,0.41067024699986066
193.0,0.02,0.42431737692248817,0.00027941000925095087,0.125,0.04896287024031657,0.00023018406443497952,0.42431737692248817,0.00023018406449182294,0.42431737692248817,0.41154913429753126,0.015645737689287544,0.125,0.023306163802285954,0.0025232476421357397,0.41154913429753126,0.0025232476421357397,0.41154913429753126
194.0,0.02,0.4269006248402434,0.00027941000925095087,0.125,0.04932063103005906,0.0002296405621109443,0.4269006248402434,0.00022964056216778772,0.4269006248402434,0.4124254204869193,0.015645737689287544,0.125,0.02339373184584762,0.00251199636208721,0.4124254204869193,0.00251199636208721,0.4124254204869193
195.0,0.02,0.42947834722633615,0.00027941000925095087,0.125,0.04967799468595637,0.00022913585434025663,0.42947834722633615,0.00022913585434025663,0.42947834722633615,0.4132991225290805,0.015645737689287544,0.125,0.023481127328323182,0.00250083883354435,0.4132991225290805,0.00250083883354435,0.4132991225290805
196.0,0.02,0.4320508481723664,0.00027941000925095087,0.125,0.05003497887671057,0.00022866584640723886,0.4320508481723664,0.00022866584646408228,0.4320508481723664,0.41417025719275236,0.015645737689287544,0.125,0.023568351299003948,0.0024897737842506373,0.41417025719275236,0.0024897737842506373,0.41417025719275236
197.0,0.02,0.4346184017741166,0.00027941000925095087,0.125,0.05039160022108728,0.0002282270757518745,0.4346184017741166,0.0002282270757518745,0.4346184017741166,0.4150388410573709,0.015645737689287544,0.125,0.02365540479569546,0.0024787999682378548,0.4150388410573709,0.0024787999682378548,0.4150388410573709
198.0,0.02,0.43718125646086037,0.00027941000925095087,0.125,0.050747874386709614,0.00022781658447001973,0.43718125646086037,0.00022781658447001973,0.43718125646086037,0.41590489051600166,0.015645737689287544,0.125,0.023742288844894318,0.00246791616476294,0.41590489051600166,0.00246791616476294,0.41590489051600166
199.0,0.02,0.4397396384974286,0.00027941000925095087,0.125,0.051103816175104046,0.00022743182341855572,0.4397396384974286,0.00022743182341855572,0.4397396384974286,0.4167684217782446,0.015645737689287544,0.125,0.023829004461961963,0.002457121177381172,0.4167684217782446,0.002457121177381172,0.4167684217782446
200.0,0.02,0.44229375485116407,0.00027941000925095087,0.125,0.051459439595664215,0.00022707057763682315,0.44229375485116407,0.00022707057769366656,0.44229375485116407,0.4176294508730729,0.015645737689287544,0.125,0.023915552651294684,0.0024464138330886342,0.4176294508730729,0.0024464138330886342,0.4176294508730729
201.0,0.02,0.444843795565248,0.00027941000925095087,0.125,0.05181475793031738,0.00022673090967373355,0.444843795565248,0.00022673090973057697,0.444843795565248,0.4184879936516208,0.015645737689287544,0.125,0.02400193440649059,0.002435792981567708,0.4184879936516208,0.002435792981567708,0.4184879936516208
202.0,0.02,0.44738993574264896,0.00027941000925095087,0.125,0.052169783790501426,0.00022641111348775667,0.44738993574264896,0.00022641111354460008,0.44738993574264896,0.4193440657899261,0.015645737689287544,0.125,0.024088150710513526,0.0024252574944667593,0.4193440657899261,0.0024252574944667593,0.4193440657899261
203.0,0.02,0.4499323372187405,0.00027941000925095087,0.125,0.052524529167725945,0.0002261096782376626,0.4499323372187405,0.000226109678294506,0.4499323372187405,0.42019768279161607,0.015645737689287544,0.125,0.024174202535853395,0.0024148062647455504,0.42019768279161607,0.0024148062647455504,0.42019768279161607
204.0,0.02,0.452471149983694,0.00027941000925095087,0.125,0.052879005478508795,0.0002258252593492216,0.452471149983694,0.0002258252593492216,0.452471149983694,0.42104885999054,0.015645737689287544,0.125,0.02426009084468381,0.0024044382060557368,0.42104885999054,0.0024044382060557368,0.42104885999054
205.0,0.02,0.4550065133997805,0.00027941000925095087,0.125,0.05323322360473041,0.00022555665429990768,0.4550065133997805,0.0002255566543567511,0.4550065133997805,0.4218984384018003,0.015188849198253543,0.125,0.024345816589016644,0.0023941522521693237,0.4218984384018003,0.0023941522521693237,0.4218984384018003
206.0,0.02,0.4575385572521782,0.00027941000925095087,0.125,0.05358719392984611,0.00022530278329213616,0.4575385572521782,0.00022530278334897957,0.4575385572521782,0.4227457774779948,0.015188849198253543,0.125,0.024431380710853615,0.0023839473564168934,0.4227457774779948,0.0023839473564168934,0.4227457774779948
207.0,0.02,0.46006740265875123,0.00027941000925095087,0.125,0.053940926371612956,0.0002250626724276117,0.46006740265875123,0.0002250626724276117,0.46006740265875123,0.42359075356996945,0.015188849198253543,0.125,0.024516784142334987,0.002373822491189337,0.42359075356996945,0.002373822491189337,0.42359075356996945
208.0,0.02,0.4625931628656872,0.00027941000925095087,0.125,0.05429443041176635,0.00022483544029228142,0.4625931628656872,0.00022483544029228142,0.4625931628656872,0.4244333816254078,0.015188849198253543,0.125,0.024602027805885596,0.002363776647428484,0.4244333816254078,0.002363776647428484,0.4244333816254078
209.0,0.02,0.4651159439432604,0.00027941000925095087,0.125,0.054647715122975386,0.0002246202865876512,0.4651159439432604,0.0002246202865876512,0.4651159439432604,0.42527367642885894,0.015188849198253543,0.125,0.024687112614358037,0.002353808834152371,0.42527367642885894,0.002353808834152371,0.42527367642885894
210.0,0.02,0.46763584540047987,0.00027941000925095087,0.125,0.05500078919349091,0.00022441648218318733,0.46763584540047987,0.00022441648218318733,0.46763584540047987,0.4261116526041233,0.015188849198253543,0.125,0.02477203947117323,0.0023439180780249202,0.4261116526041233,0.0023439180780249202,0.4261116526041233
211.0,0.02,0.47015296072856927,0.00027941000925095087,0.125,0.05535366094965855,0.00022422336093086415,0.47015296072856927,0.00022422336093086415,0.47015296072856927,0.4269473246165867,0.015188849198253543,0.125,0.02485680927045834,0.0023341034228883117,0.4269473246165867,0.0023341034228883117,0.4269473246165867
212.0,0.02,0.4726673778838517,0.00027941000925095087,0.125,0.055706338376580726,0.00022404031250289336,0.4726673778838517,0.00022404031255973678,0.4726673778838517,0.42778070677551616,0.015188849198253543,0.125,0.024941422897182125,0.0023243639293792917,0.42778070677551616,0.0023243639293792917,0.42778070677551616
213.0,0.02,0.475179179719305,0.00027941000925095087,0.125,0.056058829137144786,0.00022386677659369525,0.475179179719305,0.00022386677659369525,0.475179179719305,0.428611813236321,0.015188849198253543,0.125,0.02502588122728784,0.0023146986745130604,0.428611813236321,0.0023146986745130604,0.428611813236321
214.0,0.02,0.4776884443714948,0.00027941000925095087,0.125,0.05641114058957733,0.00022370223649659238,0.4776884443714948,0.0002237022365534358,0.4776884443714948,0.4294406580027701,0.015188849198253543,0.125,0.025110185127823734,0.0023051067512951384,0.4294406580027701,0.0023051067512951384,0.4294406580027701
215.0,0.02,0.4801952456069216,0.00027941000925095087,0.125,0.05676327980364292,0.00022354621654585571,0.4801952456069216,0.00022354621660269913,0.4801952456069216,0.4302672549291846,0.015188849198253543,0.125,0.025194335457071046,0.0022955872683483314,0.4302672549291846,0.0022955872683483314,0.4302672549291846
216.0,0.02,0.4826996531352279,0.00027941000925095087,0.125,0.05711525357565543,0.00022339827586392857,0.4826996531352279,0.00022339827586392857,0.4826996531352279,0.4310916177225774,0.015188849198253543,0.125,0.025278333064669613,0.002286139349558347,0.4310916177225774,0.002286139349558347,0.4310916177225774
217.0,0.02,0.4852017328931879,0.00027941000925095087,0.125,0.057467068442403194,0.00022325800637190696,0.4852017328931879,0.00022325800637190696,0.4852017328931879,0.431913759944766,0.015188849198253543,0.125,0.02536217879174149,0.002276762133723409,0.431913759944766,0.002276762133723409,0.431913759944766
218.0,0.02,0.48770154730135573,0.00027941000925095087,0.125,0.057818730694139106,0.00022312502886734364,0.48770154730135573,0.00022312502892418706,0.48770154730135573,0.4327336950144507,0.015188849198253543,0.125,0.025445873471011907,0.0022674547742114193,0.4327336950144507,0.0022674547742114193,0.4327336950144507
219.0,0.02,0.4901991554974643,0.00027941000925095087,0.125,0.05817024638660493,0.00022299899114841537,0.4901991554974643,0.00022299899114841537,0.4901991554974643,0.4335514362092572,0.015188849198253543,0.125,0.025529417926928474,0.002258216438636218,0.4335514362092572,0.002258216438636218,0.4335514362092572
220.0,0.02,0.4926946135500998,0.00027941000925095087,0.125,0.058521621352321675,0.00022287956437594403,0.4926946135500998,0.00022287956443278745,0.4926946135500998,0.4343669966677415,0.015188849198253543,0.125,0.02561281297577792,0.0022490463085445,0.4343669966677415,0.0022490463085445,0.4343669966677415
221.0,0.02,0.4951879746539021,0.00027941000925095087,0.125,0.05887286121110301,0.00022276644216390196,0.4951879746539021,0.00022276644216390196,0.4951879746539021,0.4351803893913684,0.015188849198253543,0.125,0.02569605942580085,0.0022399435790991795,0.4351803893913684,0.0022399435790991795,0.4351803893913684
222.0,0.02,0.4976792893073707,0.00027941000925095087,0.125,0.059223971379886234,0.0002226593380214581,0.4976792893073707,0.0002226593380214581,0.4976792893073707,0.43599162724645035,0.015188849198253543,0.125,0.02577915807730449,0.00223090745879162,0.43599162724645035,0.00223090745879162,0.43599162724645035
223.0,0.02,0.500168605477711,0.00027941000925095087,0.125,0.05957495708196146,0.000222557983590832,0.500168605477711,0.000222557983590832,0.500168605477711,0.43680072296605976,0.015188849198253543,0.125,0.025862109722773256,0.002221937169145427,0.43680072296605976,0.002221937169145427,0.43680072296605976
224.0,0.02,0.5026559687511849,0.00027941000925095087,0.125,0.05992582335564564,0.00022246212768095575,0.5026559687511849,0.00022246212768095575,0.5026559687511849,0.4376076891519016,0.015188849198253543,0.125,0.025944915146977575,0.0022130319444348956,0.4376076891519016,0.0022130319444348956,0.4376076891519016
225.0,0.02,0.5051414224733435,0.00027941000925095087,0.125,0.06027657506239763,0.0002223715339937371,0.5051414224733435,0.0002223715339937371,0.5051414224733435,0.4384125382761712,0.015188849198253543,0.125,0.026027575127080885,0.0022041910314190005,0.4384125382761712,0.0022041910314190005,0.4384125382761712
226.0,0.02,0.5076250078769249,0.00027941000925095087,0.125,0.06062721689448749,0.00022228598083984252,0.5076250078769249,0.00022228598083984252,0.5076250078769249,0.43921528268335885,0.015188849198253543,0.125,0.026110090432744187,0.002195413689064729,0.43921528268335885,0.002195413689064729,0.43921528268335885
227.0,0.02,0.5101067642009411,0.00027941000925095087,0.125,0.06097775338218932,0.0002222052593765511,0.5101067642009411,0.00022220525943339453,0.5101067642009411,0.44001593459204136,0.015188849198253543,0.125,0.02619246182622927,0.0021866991882957265,0.44001593459204136,0.0021866991882957265,0.44001593459204136
228.0,0.02,0.5125867288021482,0.00027941000925095087,0.125,0.06132818890057894,0.0002221291728687902,0.5125867288021482,0.0002221291728687902,0.5125867288021482,0.44081471085239965,0.014720437634316937,0.125,0.026274690062500168,0.0021780468117378327,0.44081471085239965,0.0021780468117378327,0.44081471085239965
229.0,0.02,0.5150649372566818,0.00027941000925095087,0.125,0.06167852767597026,0.00022205753600701428,0.5150649372566818,0.0002220575360638577,0.5150649372566818,0.4416118205003805,0.014720437634316937,0.125,0.026356775889322392,0.0021694558534774977,0.4416118205003805,0.0021694558534774977,0.4416118205003805
230.0,0.02,0.5175414234560094,0.00027941000925095087,0.125,0.062028773791946934,0.00022199017371349328,0.5175414234560094,0.00022199017371349328,0.5175414234560094,0.44240689336024186,0.014720437634316937,0.125,0.026438720047360868,0.0021609256188215298,0.44240689336024186,0.0021609256188215298,0.44240689336024186
231.0,0.02,0.5200162196964015,0.00027941000925095087,0.125,0.062378931195112924,0.00022192692011913095,0.5200162196964015,0.00022192692011913095,0.5200162196964015,0.44319994137331875,0.014720437634316937,0.125,0.026520523270276042,0.002152455424071942,0.44319994137331875,0.002152455424071942,0.44319994137331875
232.0,0.02,0.522489356761298,0.00027941000925095087,0.125,0.06272900370049692,0.0002218676185066215,0.522489356761298,0.00022186761856346493,0.522489356761298,0.44399097636091067,0.014720437634316937,0.125,0.026602186284818197,0.002144044596284367,0.44399097636091067,0.002144044596284367,0.44399097636091067
233.0,0.02,0.5249608639997518,0.00027941000925095087,0.125,0.06307899499674023,0.0002218121210830759,0.5249608639997518,0.0002218121210830759,0.5249608639997518,0.44478001002587053,0.014720437634316937,0.125,0.02668370981092033,0.0021356924730664417,0.44478001002587053,0.0021356924730664417,0.44478001002587053
234.0,0.02,0.5274307693985634,0.00027941000925095087,0.125,0.06342890865093832,0.00022176028659259828,0.5274307693985634,0.0002217602866494417,0.5274307693985634,0.4455670539541834,0.014720437634316937,0.125,0.02676509456178934,0.0021273984023517656,0.4455670539541834,0.0021273984023517656,0.4455670539541834
235.0,0.02,0.5298990996508337,0.00027941000925095087,0.125,0.06377874811327079,0.00022171198213527532,0.5298990996508337,0.00022171198213527532,0.5298990996508337,0.4463521196165119,0.014720437634316937,0.125,0.026846341243995712,0.0021191617421938425,0.4463521196165119,0.0021191617421938425,0.4463521196165119
236.0,0.02,0.5323658802200839,0.00027941000925095087,0.125,0.0641285167214057,0.0002216670804386922,0.5323658802200839,0.00022166708049553563,0.5323658802200839,0.4471352183697248,0.014720437634316937,0.125,0.026927450557561575,0.0021109818605640207,0.4471352183697248,0.0021109818605640207,0.4471352183697248
237.0,0.02,0.5348311353999406,0.00027941000925095087,0.125,0.0644782177046924,0.0002216254617337654,0.5348311353999406,0.00022162546179060882,0.5348311353999406,0.4479163614583923,0.014720437634316937,0.125,0.027008423196047404,0.0021028581351592024,0.4479163614583923,0.0021028581351592024,0.4479163614583923
238.0,0.02,0.5372948883713775,0.00027941000925095087,0.125,0.06482785418810574,0.00022158701091257171,0.5372948883713775,0.00022158701096941513,0.5372948883713775,0.4486955600162683,0.014720437634316937,0.125,0.027089259846637223,0.0020947899531948977,0.4486955600162683,0.0020947899531948977,0.4486955600162683
239.0,0.02,0.5397571612550678,0.00027941000925095087,0.125,0.06517742919607601,0.0002215516193473377,0.5397571612550678,0.00022155161946102453,0.5397571612550678,0.449472825067744,0.014720437634316937,0.125,0.02716996119022221,0.002086776711225813,0.449472825067744,0.002086776711225813,0.449472825067744
240.0,0.02,0.542217975163112,0.00027941000925095087,0.125,0.0655269456560692,0.00022151918312829366,0.542217975163112,0.0002215191832419805,0.542217975163112,0.4502481675292769,0.014720437634316937,0.125,0.02725052790148302,0.0020788178149633296,0.4502481675292769,0.0020788178149633296,0.4502481675292769
241.0,0.02,0.5449171295451833,0.00027941000925095087,0.125,0.06587868756741425,0.00024654923078060165,0.5449171295451833,0.00024654923083744507,0.5449171295451833,0.45102171060141893,0.014720437634316937,0.125,0.02733096071571329,0.002070954125830582,0.45102171060141893,0.002070954125830582,0.45102171060141893
242.0,0.02,0.5476984749906819,0.00027941000925095087,0.125,0.06623468985732765,0.00025685522808771566,0.5476984749906819,0.0002568552281445591,0.5476984749906819,0.45179335435367163,0.014720437634316937,0.125,0.02741126035813133,0.0020631369172328107,0.45179335435367163,0.0020631369172328107,0.45179335435367163
243.0,0.02,0.5505462783864914,0.00027941000925095087,0.125,0.06659476595731827,0.0002643592171693854,0.5505462783864914,0.0002643592172830722,0.5505462783864914,0.45256310937152344,0.014720437634316937,0.125,0.02749142748167037,0.0020553677732562114,0.45256310937152344,0.0020553677732562114,0.45256310937152344
244.0,0.02,0.5534503385514427,0.00027941000925095087,0.125,0.06695876489369185,0.00027046314943390826,0.5534503385514427,0.0002704631495475951,0.5534503385514427,0.4533309861382975,0.014720437634316937,0.125,0.02757146273503313,0.0020476473219512847,0.4533309861382975,0.0020476473219512847,0.4533309861382975
245.0,0.02,0.5564035728816066,0.00027941000925095087,0.125,0.0673265586143161,0.000275686461350233,0.5564035728816066,0.00027568646152076326,0.5564035728816066,0.45409699503648415,0.014720437634316937,0.125,0.027651366761782495,0.002039975753073797,0.45409699503648415,0.002039975753073797,0.45409699503648415
246.0,0.02,0.5594007790704723,0.00027941000925095087,0.125,0.06769803545465632,0.0002802909809247467,0.5594007790704723,0.00028029098103843353,0.5594007790704723,0.4548611463490331,0.014720437634316937,0.125,0.027731140200015908,0.002032353027398237,0.4548611463490331,0.002032353027398237,0.4548611463490331
247.0,0.02,0.5624379602286353,0.00027941000925095087,0.125,0.06807309606875638,0.0002844307181817385,0.5624379602286353,0.00028443071835226874,0.5624379602286353,0.4556234502606431,0.014720437634316937,0.125,0.027810783682277344,0.002024778973553243,0.4556234502606431,0.002024778973553243,0.4556234502606431
248.0,0.02,0.5655119347836717,0.00027941000925095087,0.125,0.06845165074518275,0.00028820537806950597,0.5655119347836717,0.0002882053782400362,0.5655119347836717,0.4563839168590116,0.014720437634316937,0.125,0.027890297835565226,0.0020172533382512015,0.4563839168590116,0.0020172533382512015,0.4563839168590116
249.0,0.02,0.5686200982764262,0.00027941000925095087,0.125,0.06883361754588233,0.0002916839155204798,0.5686200982764262,0.00029168391574785346,0.5686200982764262,0.45714255613609245,0.014720437634316937,0.125,0.027969683281377625,0.0020097758148800438,0.45714255613609245,0.0020097758148800438,0.45714255613609245
250.0,0.02,0.5717602705477702,0.00027941000925095087,0.125,0.06921892096042415,0.0002949163869629956,0.5717602705477702,0.0002949163871903693,0.5717602705477702,0.4578993779893068,0.014720437634316937,0.125,0.028048940635771985,0.0020023460609639443,0.4578993779893068,0.0020023460609639443,0.4578993779893068
251.0,0.02,0.5749305933685491,0.00027941000925095087,0.125,0.06960749089866039,0.00029794049982001525,0.5749305933685491,0.0002979405000473889,0.5749305933685491,0.45865439222275706,0.014720437634316937,0.125,0.028128070509429608,0.001994963709452957,0.45865439222275706,0.001994963709452957,0.45865439222275706
252.0,0.02,0.5781294592501922,0.00027941000925095087,0.125,0.06999926191469867,0.0003007855017358452,0.5781294592501922,0.00030078550196321885,0.5781294592501922,0.4594076085484069,0.014720437634316937,0.125,0.028207073507721406,0.001987628376356465,0.4594076085484069,0.001987628376356465,0.4594076085484069
253.0,0.02,0.581355460328723,0.00027941000925095087,0.125,0.07039417259475235,0.000303474619215649,0.581355460328723,0.00030347461938617926,0.581355460328723,0.4601593441498566,0.01424106220447891,0.125,0.028285950230773866,0.001980339666059816,0.4601593441498566,0.001980339666059816,0.4601593441498566
254.0,0.02,0.5846073506417042,0.00027941000925095087,0.125,0.07079216506451512,0.00030602665754031477,0.5846073506417042,0.00030602665771084503,0.5846073506417042,0.4609093755380598,0.01424106220447891,0.125,0.028364701273533636,0.0019730971751568127,0.4609093755380598,0.0019730971751568127,0.4609093755380598
255.0,0.02,0.5878840176282552,0.00027941000925095087,0.125,0.07119318458593234,0.00030845709147797606,0.5878840176282552,0.0003084570916485063,0.5878840176282552,0.46165765001157455,0.01424106220447891,0.125,0.028443327225831778,0.001965900495260353,0.46165765001157455,0.001965900495260353,0.46165765001157455
256.0,0.02,0.59118446015259,0.00027941000925095087,0.125,0.07159717922243504,0.000310778830282743,0.59118446015259,0.0003107788305101167,0.59118446015259,0.4624041770745846,0.01424106220447891,0.125,0.028521828672446774,0.001958749215114075,0.4624041770745846,0.001958749215114075,0.4624041770745846
257.0,0.02,0.5945077712585771,0.00027941000925095087,0.125,0.07200409955744529,0.00031300277100854146,0.5945077712585771,0.0003130027711790717,0.5945077712585771,0.4631489661437769,0.01424106220447891,0.125,0.028600206193166514,0.001951642922171981,0.4631489661437769,0.001951642922171981,0.4631489661437769
258.0,0.02,0.5978531244257397,0.00027941000925095087,0.125,0.07241389845513758,0.00031513820567852235,0.5978531244257397,0.00031513820590589603,0.5978531244257397,0.4638920265493969,0.01424106220447891,0.125,0.02867846036284942,0.0019445812038547672,0.4638920265493969,0.0019445812038547672,0.4638920265493969
259.0,0.02,0.6012197624627902,0.00027941000925095087,0.125,0.07282653085515367,0.00031719312931954846,0.6012197624627902,0.00031719312954692214,0.6012197624627902,0.4646333675363108,0.01424106220447891,0.125,0.02875659175148454,0.001937563648477525,0.4646333675363108,0.001937563648477525,0.4646333675363108
260.0,0.02,0.6046069884271787,0.00027941000925095087,0.125,0.07324195359498742,0.00031917447512341823,0.6046069884271787,0.0003191744753507919,0.6046069884271787,0.46537299826502565,0.01424106220447891,0.125,0.028834600924250747,0.0019305898460113546,0.46537299826502565,0.0019305898460113546,0.46537299826502565
261.0,0.02,0.608014158117669,0.00027941000925095087,0.125,0.07366012525505285,0.0003210882979374219,0.608014158117669,0.000321088298221639,0.608014158117669,0.46611092781271646,0.01424106220447891,0.125,0.028912488441575006,0.001923659388659793,0.46611092781271646,0.001923659388659793,0.46611092781271646
262.0,0.02,0.6114406738086018,0.00027941000925095087,0.125,0.07408100602274727,0.00032293991955612,0.6114406738086018,0.0003229399198403371,0.6114406738086018,0.46684716517422675,0.01424106220447891,0.125,0.02899025485918969,0.0019167718713233306,0.46684716517422675,0.0019167718713233306,0.46684716517422675
263.0,0.02,0.6148859789731205,0.00027941000925095087,0.125,0.07450455757234721,0.00032473404269239836,0.6148859789731205,0.0003247340430334589,0.6148859789731205,0.467581719263058,0.01424106220447891,0.125,0.029067900728188965,0.0019099268919711143,0.467581719263058,0.0019099268919711143,0.467581719263058
264.0,0.02,0.618349553804137,0.00027941000925095087,0.125,0.07493074295838222,0.000326474845849134,0.618349553804137,0.00032647484624703793,0.618349553804137,0.4683145989123485,0.01424106220447891,0.125,0.029145426595084487,0.0019031240519145065,0.4683145989123485,0.0019031240519145065,0.4683145989123485
265.0,0.02,0.6218309113864962,0.00027941000925095087,0.125,0.0753595265204129,0.00032816605869356863,0.6218309113864962,0.00032816605903462914,0.6218309113864962,0.46904581287582836,0.01424106220447891,0.125,0.02922283300186015,0.0018963629560473372,0.46904581287582836,0.0018963629560473372,0.46904581287582836
266.0,0.02,0.6253295944007959,0.00027941000925095087,0.125,0.07579087379769021,0.00032981102447138255,0.6253295944007959,0.0003298110249261299,0.6253295944007959,0.4697753698287741,0.01424106220447891,0.125,0.0293001204860257,0.0018896432130062202,0.4697753698287741,0.0018896432130062202,0.4697753698287741
267.0,0.02,0.628845172271383,0.00027941000925095087,0.125,0.07622475145227876,0.00033141275281423077,0.628845172271383,0.0003314127532121347,0.628845172271383,0.470503278368938,0.01424106220447891,0.125,0.029377289580670183,0.0018829644353219877,0.470503278368938,0.0018829644353219877,0.470503278368938
268.0,0.02,0.6323772386803057,0.00027941000925095087,0.125,0.07666112719953189,0.0003329739619744032,0.6323772386803057,0.000332973962485994,0.6323772386803057,0.471229547017471,0.01424106220447891,0.125,0.02945434081451382,0.0018763262395133928,0.471229547017471,0.0018763262395133928,0.471229547017471
269.0,0.02,0.6359254093938489,0.00027941000925095087,0.125,0.07709996974508491,0.0003344971161709509,0.6359254093938489,0.0003344971167393851,0.6359254093938489,0.4719541842198325,0.01424106220447891,0.125,0.029531274711959758,0.0018697282461679343,0.4719541842198325,0.0018697282461679343,0.4719541842198325
270.0,0.02,0.6394893203498668,0.00027941000925095087,0.125,0.07754124872736841,0.00033598445617144534,0.6394893203498668,0.00033598445673987953,0.6394893203498668,0.47267719834668176,0.01424106220447891,0.125,0.029608091793144525,0.001863170079996923,0.47267719834668176,0.001863170079996923,0.47267719834668176
271.0,0.02,0.6430686259680556,0.00027941000925095087,0.125,0.07798493466524987,0.0003374380256104814,0.6430686259680556,0.000337438026235759,0.6430686259680556,0.4733985976947648,0.01424106220447891,0.125,0.02968479257398804,0.0018566513698652365,0.4733985976947648,0.0018566513698652365,0.4733985976947648
272.0,0.02,0.6466629976513332,0.00027941000925095087,0.125,0.07843099890994605,0.0003388596936133581,0.6466629976513332,0.00033885969435232255,0.6466629976513332,0.4741183904877846,0.01424106220447891,0.125,0.029761377566242784,0.0018501717488210723,0.4741183904877846,0.0018501717488210723,0.4741183904877846
273.0,0.02,0.6502721224506445,0.00027941000925095087,0.125,0.0788794136009332,0.00034025117400915406,0.6502721224506445,0.0003402511746912751,0.6502721224506445,0.474836584877254,0.01424106220447891,0.125,0.029837847277542164,0.0018437308541057185,0.474836584877254,0.0018437308541057185,0.474836584877254
274.0,0.02,0.6538957018728411,0.00027941000925095087,0.125,0.07933015162535266,0.00034161404209953616,0.6538957018728411,0.00034161404289534403,0.6538957018728411,0.47555318894334375,0.01424106220447891,0.125,0.029914202211448165,0.0018373283271331253,0.47555318894334375,0.0018373283271331253,0.47555318894334375
275.0,0.02,0.6575334508095239,0.00027941000925095087,0.125,0.07978318658047992,0.00034294974938120504,0.6575334508095239,0.00034294975029069974,0.6575334508095239,0.4762682106957219,0.01424106220447891,0.125,0.0299904428674984,0.001830963813508557,0.4762682106957219,0.001830963813508557,0.4762682106957219
276.0,0.02,0.661185096574286,0.00027941000925095087,0.125,0.08023849273905623,0.0003442596364493511,0.661185096574286,0.0003442596373588458,0.661185096574286,0.47698165807436954,0.01424106220447891,0.125,0.03006656974125246,0.0018246369629930648,0.47698165807436954,0.0018246369629930648,0.47698165807436954
277.0,0.02,0.6648503780348847,0.00027941000925095087,0.125,0.08069604501712735,0.00034554494294525284,0.6648503780348847,0.0003455449439684344,0.6648503780348847,0.4776935389503971,0.01424106220447891,0.125,0.030142583324337387,0.0018183474294790614,0.4776935389503971,0.0018183474294790614,0.4776935389503971
278.0,0.02,0.6685290448249361,0.00027941000925095087,0.125,0.08115581894417427,0.0003468068189249607,0.6685290448249361,0.00034680682006182906,0.6685290448249361,0.4784039362830548,0.013751476202782456,0.125,0.030218484104492502,0.0018120948709747786,0.4784039362830548,0.0018120948709747786,0.4784039362830548
279.0,0.02,0.6722208566316112,0.00027941000925095087,0.125,0.08161779063528986,0.00034804633207841107,0.6722208566316112,0.00034804633327212287,0.6722208566316112,0.47911294099778834,0.013751476202782456,0.125,0.03029427256561394,0.0018058789495611904,0.47911294099778834,0.0018058789495611904,0.47911294099778834
280.0,0.02,0.675925582545176,0.00027941000925095087,0.125,0.08208193676526687,0.00034926447625593937,0.675925582545176,0.000349264477563338,0.675925582545176,0.4798204100729744,0.013751476202782456,0.125,0.03036994918779808,0.0017996993313569298,0.4798204100729744,0.0017996993313569298,0.4798204100729744
281.0,0.02,0.6796430004663989,0.00027941000925095087,0.125,0.08254823454435026,0.000350462177323152,0.6796430004663989,0.0003504621786305506,0.6796430004663989,0.48052635121465714,0.013751476202782456,0.125,0.030445514447384508,0.0017935556864845381,0.48052635121465714,0.0017935556864845381,0.48052635121465714
282.0,0.02,0.6833728965650039,0.00027941000925095087,0.125,0.08301666169560686,0.0003516403001526669,0.6833728965650039,0.00035164030157375237,0.6833728965650039,0.4812307720636011,0.013751476202782456,0.125,0.030520968816998468,0.0017874476890282764,0.4812307720636011,0.0017874476890282764,0.4812307720636011
283.0,0.02,0.6871150647827449,0.00027941000925095087,0.125,0.08348719643366316,0.00035279965300105687,0.6871150647827449,0.000352799654649516,0.6871150647827449,0.4819336801960281,0.013751476202782456,0.125,0.030596312765592444,0.0017813750169870524,0.4819336801960281,0.0017813750169870524,0.4819336801960281
284.0,0.02,0.6908693063779765,0.00027941000925095087,0.125,0.08395981744476451,0.0003539409929658177,0.6908693063779765,0.0003539409947279637,0.6908693063779765,0.48263508312432934,0.013751476202782456,0.125,0.030671546758487427,0.0017753373522393368,0.48263508312432934,0.0017753373522393368,0.48263508312432934
285.0,0.02,0.6946354295053538,0.00027941000925095087,0.125,0.08443450386806461,0.0003550650300780944,0.6946354295053538,0.00035506503195392725,0.6946354295053538,0.4833349882977842,0.013751476202782456,0.125,0.0307466712574133,0.001769334380484544,0.4833349882977842,0.001769334380484544,0.4833349882977842
286.0,0.02,0.6984132488290697,0.00027941000925095087,0.125,0.08491123527801135,0.0003561724306564429,0.6984132488290697,0.00035617243270280596,0.6984132488290697,0.48403340310325804,0.013751476202782456,0.125,0.030821686720548955,0.0017633657912123901,0.48403340310325804,0.0017633657912123901,0.48403340310325804
287.0,0.02,0.7022025851653666,0.00027941000925095087,0.125,0.08538999166767881,0.0003572638212290258,0.7022025851653666,0.0003572638234459191,0.7022025851653666,0.48473033486589356,0.013751476202782456,0.125,0.03089659360256153,0.001757431277642052,0.48473033486589356,0.001757431277642052,0.48473033486589356
288.0,0.02,0.7060032651510824,0.00027941000925095087,0.125,0.0858707534331495,0.000358339792114748,0.7060032651510824,0.00035833979450217157,0.7060032651510824,0.48542579084980053,0.013751476202782456,0.125,0.030971392354645248,0.0017515305366848644,0.48542579084980053,0.0017515305366848644,0.48542579084980053
289.0,0.02,0.7098151209379466,0.00027941000925095087,0.125,0.08635350135865427,0.0003594008991285591,0.7098151209379466,0.00035940090162966953,0.7098151209379466,0.48611977825871877,0.013751476202782456,0.125,0.031046083424559643,0.0017456632688905849,0.48611977825871877,0.0017456632688905849,0.48611977825871877
290.0,0.02,0.7136379899063741,0.00027941000925095087,0.125,0.08683821660263308,0.00036044766699205866,0.7136379899063741,0.00036044766966369934,0.7136379899063741,0.48681230423669275,0.013751476202782456,0.125,0.03112066725666738,0.001739829178407426,0.48681230423669275,0.001739829178407426,0.48681230423669275
291.0,0.02,0.7174717144008014,0.00027941000925095087,0.125,0.08732488068441159,0.00036148059115248543,0.7174717144008014,0.0003614805940514998,0.7174717144008014,0.4875033758687244,0.013751476202782456,0.125,0.031195144291971264,0.001734027972917218,0.4875033758687244,0.001734027972917218,0.4875033758687244
292.0,0.02,0.7213161414827596,0.00027941000925095087,0.125,0.08781347547169281,0.0003625001404543582,0.7213161414827596,0.0003625001435807462,0.7213161414827596,0.48819300018141876,0.013751476202782456,0.125,0.03126951496815101,0.0017282593636078758,0.48819300018141876,0.0017282593636078758,0.48819300018141876
293.0,0.02,0.7251711226997486,0.00027941000925095087,0.125,0.08830398316859538,0.0003635067585037177,0.7251711226997486,0.00036350676185747943,0.7251711226997486,0.48888118414362536,0.013751476202782456,0.125,0.03134377971959935,0.001722523065113002,0.48888118414362536,0.001722523065113002,0.48888118414362536
294.0,0.02,0.7290365138703692,0.00027941000925095087,0.125,0.08879638630435938,0.0003645008658850202,0.7290365138703692,0.000364500869522999,0.7290365138703692,0.4895679346670616,0.013751476202782456,0.125,0.03141793897745763,0.0017168187954719194,0.4895679346670616,0.0017168187954719194,0.4895679346670616
295.0,0.02,0.7329121748823013,0.00027941000925095087,0.125,0.08929066772257035,0.0003654828611843186,0.7329121748823013,0.00036548286516335793,0.7329121748823013,0.4902532586069497,0.013751476202782456,0.125,0.031491993169651,0.0017111462760772689,0.4902532586069497,0.0017111462760772689,0.4902532586069497
296.0,0.02,0.7367979695032432,0.00027941000925095087,0.125,0.08978681057094258,0.0003664531232061563,0.7367979695032432,0.00036645312752625614,0.7367979695032432,0.49093716276261334,0.013751476202782456,0.125,0.03156594272092289,0.0017055052316292674,0.49093716276261334,0.0017055052316292674,0.49093716276261334
297.0,0.02,0.7406937652032184,0.00027941000925095087,0.125,0.09028479829155561,0.00036741201171253124,0.7406937652032184,0.00036741201631684817,0.7406937652032184,0.49161965387809214,0.013751476202782456,0.125,0.0316397880528693,0.0016998953900877467,0.49161965387809214,0.0016998953900877467,0.49161965387809214
298.0,0.02,0.7445994329887071,0.00027941000925095087,0.125,0.09078461461156782,0.0003683598686734513,0.7445994329887071,0.0003683598735619853,0.7445994329887071,0.4923007386427414,0.013751476202782456,0.125,0.03171352958397251,0.00169431648263485,0.4923007386427414,0.00169431648263485,0.4923007386427414
299.0,0.02,0.7485148472446781,0.00027941000925095087,0.125,0.09128624353435331,0.00036929702002908016,0.7485148472446781,0.00036929702537236153,0.7485148472446781,0.49298042369181516,0.013751476202782456,0.125,0.03178716772963415,0.0016887682436208529,0.49298042369181516,0.0016887682436208529,0.49298042369181516
300.0,0.02,0.7524275401043496,0.0,0.125,0.09177038755678839,0.00024638434649659757,0.7524275401043496,0.00024638435212409604,0.7524275401043496,0.49365736229584734,0.013252608438803094,0.125,0.03184154727347239,0.001694922120843323,0.49365736229584734,0.0016949221208442111,0.49365736229584734
301.0,0.02,0.7561794689875683,0.0,0.125,0.09227386468806462,0.00023804971823437882,0.7561794689875683,0.0002380497242029378,0.7561794689875683,0.4943343439785277,0.013252608438803094,0.125,0.031914959925432584,0.001690801401059261,0.4943343439785277,0.001690801401060149,0.4943343439785277
302.0,0.02,0.7598770903148306,0.0,0.125,0.09277589322532075,0.00023533884490234414,0.7598770903148306,0.00023533885126880705,0.7598770903148306,0.4950099490820228,0.013252608438803094,0.125,0.03198827055124492,0.0016867143910563875,0.4950099490820228,0.0016867143910572757,0.4950099490820228
303.0,0.02,0.7635323175337021,0.0,0.125,0.09327659283631501,0.000233562581854585,0.7635323175337021,0.00023356258861895185,0.7635323175337021,0.4956841840972408,0.013252608438803094,0.125,0.032061479555763744,0.00168266698431907,0.4956841840972408,0.0016826669843195141,0.4956841840972408
304.0,0.02,0.7671528240226166,0.0,0.125,0.09377605918264227,0.00023220624620989838,0.7671528240226166,0.00023220625354269941,0.7671528240226166,0.49635705546388964,0.013252608438803094,0.125,0.032134587339642424,0.0016786624310509701,0.49635705546388964,0.0016786624310514142,0.49635705546388964
305.0,0.02,0.7707439081550547,0.0,0.125,0.0942743718400748,0.00023109128397891254,0.7707439081550547,0.00023109129176646093,0.7707439081550547,0.4970285695710186,0.013252608438803094,0.125,0.03220759429983049,0.001674702231351688,0.4970285695710186,0.001674702231352132,0.4970285695710186
306.0,0.02,0.7743094378518549,0.0,0.125,0.09477159894079201,0.00023013526396198358,0.7743094378518549,0.00023013527231796616,0.7743094378518549,0.49769873275755083,0.013252608438803094,0.125,0.032280500829906016,0.0016707867411569488,0.49769873275755083,0.001670786741157393,0.49769873275755083
307.0,0.02,0.7778523648025271,0.0,0.125,0.09526780005830014,0.00022929439256813566,0.7778523648025271,0.00022929440154939584,0.7778523648025271,0.4983675513128052,0.013252608438803094,0.125,0.03235330732030066,0.0016669155825197457,0.4983675513128052,0.0016669155825201898,0.4983675513128052
308.0,0.02,0.7813750215704545,0.0,0.125,0.09576302810530321,0.00022854287300333453,0.7813750215704545,0.0002285428825530289,0.7813750215704545,0.4990350314770149,0.013252608438803094,0.125,0.03242601415845558,0.001663087920531492,0.4990350314770149,0.001663087920531492,0.4990350314770149
309.0,0.02,0.7848793029581884,0.0,0.125,0.09625733064566558,0.00022786415399878024,0.7848793029581884,0.00022786416417375221,0.7848793029581884,0.49970117944183956,0.013252608438803094,0.125,0.032498621728931865,0.0016593026493265661,0.49970117944183956,0.0016593026493270102,0.49970117944183956
310.0,0.02,0.788366782326932,0.0,0.125,0.0967507508400647,0.00022724682747821134,0.788366782326932,0.00022724683839214777,0.788366782326932,0.5003660013508622,0.013252608438803094,0.125,0.03257113041349177,0.0016555585161288633,0.5003660013508622,0.0016555585161293074,0.5003660013508622
311.0,0.02,0.7918387894942498,0.0,0.125,0.09724332815178993,0.0002266825497940772,0.7918387894942498,0.00022668256139013465,0.7918387894942498,0.50102950330009,0.013252608438803094,0.125,0.032643540591160536,0.001651854203077452,0.50102950330009,0.001651854203077896,0.50102950330009
312.0,0.02,0.7952964648892475,0.0,0.125,0.09773509888892357,0.00022616492003635358,0.7952964648892475,0.0002261649324850623,0.7952964648892475,0.5016916913384466,0.013252608438803094,0.125,0.032715852638275866,0.0016481883803751707,0.5016916913384466,0.0016481883803751707,0.5016916913384466
313.0,0.02,0.7987407984213633,0.0,0.125,0.09822609663099337,0.0002256888377019095,0.7987407984213633,0.00022568885106011294,0.7987407984213633,0.5023525714682529,0.013252608438803094,0.125,0.03278806692852874,0.0016445597399901146,0.5023525714682529,0.0016445597399901146,0.5023525714682529
314.0,0.02,0.8021726581528128,0.0,0.125,0.09871635257157377,0.000225250117239284,0.8021726581528128,0.0002252501313932953,0.8021726581528128,0.5030121496457065,0.013252608438803094,0.125,0.03286018383299911,0.0016409670162271794,0.5030121496457065,0.0016409670162271794,0.5030121496457065
315.0,0.02,0.8055928119505893,0.0,0.125,0.09920589579814286,0.0002248452436788284,0.8055928119505893,0.000224845258685491,0.8055928119505893,0.5036704317813538,0.013252608438803094,0.125,0.03293220372018754,0.0016374089975110806,0.5036704317813538,0.0016374089975110806,0.5036704317813538
316.0,0.02,0.8090019441719392,0.0,0.125,0.09969475352403594,0.00022447121273216908,0.8090019441719392,0.00022447122870516978,0.8090019441719392,0.5043274237405546,0.013252608438803094,0.125,0.03300412695604464,0.0016338845323113915,0.5043274237405546,0.0016338845323113915,0.5043274237405546
317.0,0.02,0.8124006687500014,0.0,0.125,0.10018295128317596,0.00022412542034544458,0.8124006687500014,0.0002241254372847834,0.8124006687500014,0.5049831313439461,0.013252608438803094,0.125,0.033075953903998485,0.0016303925312577405,0.5049831313439461,0.0016303925312581846,0.5049831313439461
318.0,0.02,0.8157895396163894,0.0,0.125,0.1006705130953499,0.00022380558385748373,0.8157895396163894,0.00022380560193369092,0.8157895396163894,0.505637560367894,0.013252608438803094,0.125,0.03314768492498104,0.0016269319667943094,0.505637560367894,0.0016269319667943094,0.505637560367894
319.0,0.02,0.8191690591145289,0.0,0.125,0.10115746160786145,0.00022350968538376037,0.8191690591145289,0.00022350970459683595,0.8191690591145289,0.5062907600271167,0.012745523557934853,0.125,0.03321932037745347,0.001623501871310662,0.5062907600271167,0.001623501871310662,0.5062907600271167
320.0,0.02,0.8225396848752666,0.0,0.125,0.1016438182179413,0.00022323592736483988,0.8225396848752666,0.00022323594765794041,0.8225396848752666,0.5069427288340185,0.012745523557934853,0.125,0.033290860617430876,0.0016201013343808413,0.5069427288340185,0.0016201013343812853,0.5069427288340185
321.0,0.02,0.8259018354941077,0.0,0.125,0.10212960317941458,0.00022298269885823174,0.8259018354941077,0.00022298272051557433,0.8259018354941077,0.5075934388180294,0.012745523557934853,0.125,0.0333623059985065,0.001616729499523295,0.5075934388180294,0.0016167294995237391,0.5075934388180294
322.0,0.02,0.8292558952658169,0.0,0.125,0.10261483569622473,0.00022274854927673005,0.8292558952658169,0.0002227485723551581,0.8292558952658169,0.5082428956254765,0.012745523557934853,0.125,0.03343365687187536,0.0016133855607520786,0.5082428956254765,0.0016133855607525227,0.5082428956254765
323.0,0.02,0.8326022181669828,0.0,0.125,0.10309953400492305,0.00022253216661738406,0.8326022181669828,0.000222532191173741,0.8326022181669828,0.5088911048607345,0.012745523557934853,0.125,0.03350491358635771,0.0016100687591107388,0.5088911048607345,0.0016100687591107388,0.5088911048607345
324.0,0.02,0.8359411312333123,0.0,0.125,0.10358371544793064,0.0002223323592147608,0.8359411312333123,0.00022233238524904664,0.8359411312333123,0.5095380720866367,0.012745523557934853,0.125,0.03357607648842189,0.001606778379288798,0.5095380720866367,0.001606778379289242,0.5095380720866367
325.0,0.02,0.8392729374413079,0.0,0.125,0.10406739653883018,0.0002221480416437771,0.8392729374413079,0.00022214806926967867,0.8392729374413079,0.5101838028248888,0.012745523557934853,0.125,0.033647145922207064,0.0016035137463901172,0.5101838028248888,0.0016035137463901172,0.5101838028248888
326.0,0.02,0.8425979181881758,0.0,0.125,0.1045505930208524,0.00022197822175940018,0.8425979181881758,0.0002219782510337609,0.8425979181881758,0.5108283025564777,0.012745523557934853,0.125,0.033718122229545684,0.00160027422289577,0.5108283025564777,0.00160027422289577,0.5108283025564777
327.0,0.02,0.8459163354327757,0.0,0.125,0.10503331991954819,0.00022182199097642297,0.8459163354327757,0.00022182202206977308,0.8459163354327757,0.5114715767220694,0.012745523557934853,0.125,0.033789005749985425,0.0015970592058334176,0.5114715767220694,0.0015970592058334176,0.5114715767220694
328.0,0.02,0.8492284335609384,0.0,0.125,0.10551559159030079,0.00022167851454923948,0.8492284335609384,0.000221678547461579,0.8492284335609384,0.5121136307224066,0.012745523557934853,0.125,0.033859796820811125,0.001593868124153186,0.5121136307224066,0.001593868124153186,0.5121136307224066
329.0,0.02,0.8525344410127218,0.0,0.125,0.10599742176145101,0.00022154702401167015,0.8525344410127218,0.00022154705897037275,0.8525344410127218,0.5127544699187006,0.012745523557934853,0.125,0.03393049577706631,0.00159070043631937,0.5127544699187006,0.00159070043631937,0.5127544699187006
330.0,0.02,0.8558345717125917,0.0,0.125,0.10647882357349765,0.00022142681075365545,0.8558345717125917,0.00022142684781556454,0.8558345717125917,0.5133940996330177,0.012745523557934853,0.125,0.034001102951574554,0.0015875556280917635,0.5133940996330177,0.0015875556280922076,0.5133940996330177
331.0,0.02,0.8591290263311748,0.0,0.125,0.10695980961485056,0.000221317219654793,0.8591290263311748,0.00022131725893359544,0.8591290263311748,0.514032525148659,0.012745523557934853,0.125,0.03407161867496041,0.001584433210505054,0.514032525148659,0.001584433210505054,0.514032525148659
332.0,0.02,0.8624179934021186,0.0,0.125,0.10744039195455932,0.0002212176441958036,0.8624179934021186,0.0002212176858051862,0.8624179934021186,0.5146697517105427,0.012745523557934853,0.125,0.034142043275670386,0.0015813327180054237,0.5146697517105427,0.0015813327180054237,0.5146697517105427
333.0,0.02,0.8657016503153159,0.0,0.125,0.10792058217232431,0.00022112752185421414,0.8657016503153159,0.00022112756590786375,0.8657016503153159,0.5153057845255709,0.012745523557934853,0.125,0.03421237707999338,0.001578253706763899,0.5153057845255709,0.0015782537067643432,0.5153057845255709
334.0,0.02,0.8689801642034354,0.0,0.125,0.10840039138610462,0.00022104633035269217,0.8689801642034354,0.00022104637702113905,0.8689801642034354,0.5159406287630022,0.012745523557934853,0.125,0.034282620412081063,0.0015751957531260352,0.5159406287630022,0.0015751957531260352,0.5159406287630022
335.0,0.02,0.8722536927347164,0.0,0.125,0.10887983027756215,0.00022097358356631958,0.8722536927347164,0.00022097363296325057,0.8722536927347164,0.5165742895548124,0.012745523557934853,0.125,0.03435277359396791,0.0015721584521952714,0.5165742895548124,0.0015721584521952714,0.5165742895548124
336.0,0.02,0.8755223848265246,0.0,0.125,0.10935890911559067,0.0002209088289077954,0.8755223848265246,0.00022090888126058417,0.8755223848265246,0.517206771996054,0.012745523557934853,0.125,0.03442283694559112,0.001569141416543296,0.517206771996054,0.00156914141654374,0.517206771996054
337.0,0.02,0.8787863812863179,0.0,0.125,0.10983763777803915,0.00022085164397367407,0.8787863812863179,0.00022085169933916404,0.8787863812863179,0.5178380811452157,0.012745523557934853,0.125,0.03449281078481019,0.0015661442750309895,0.5178380811452157,0.0015661442750314336,0.5178380811452157
338.0,0.02,0.8820458153923596,0.0,0.125,0.11031602577195414,0.00022080163432747213,0.8820458153923596,0.00022080169281935014,0.8820458153923596,0.5184682220245667,0.012745523557934853,0.125,0.03456269542742624,0.001563166671719518,0.5184682220245667,0.0015631666717199622,0.5184682220245667
339.0,0.02,0.8853008134187235,0.0,0.125,0.11079408225229403,0.00022075843111224458,0.8853008134187235,0.0002207584929578843,0.8853008134187235,0.5190971996205072,0.012745523557934853,0.125,0.03463249118720132,0.0015602082648831228,0.5190971996205072,0.001560208264883567,0.5190971996205072
340.0,0.02,0.888551495112381,0.0,0.125,0.11127181603941534,0.00022072168906106526,0.888551495112381,0.00022072175443099695,0.888551495112381,0.5197250188839067,0.012745523557934853,0.125,0.034702198375877125,0.0015572687260996254,0.5197250188839067,0.0015572687261000695,0.5197250188839067
341.0,0.02,0.8917979741283943,0.0,0.125,0.11174923563534396,0.00022069108462119402,0.8917979741283943,0.00022069115362910452,0.8917979741283943,0.520351684730449,0.012745523557934853,0.125,0.03477181730319401,0.001554347739414208,0.520351684730449,0.001554347739414208,0.520351684730449
342.0,0.02,0.8950403584250921,0.0,0.125,0.11222634923899161,0.00022066631407824389,0.8950403584250921,0.0002206663870651937,0.8950403584250921,0.5209772020409602,0.012745523557934853,0.125,0.0348413482769092,0.0015514450005742475,0.5209772020409602,0.0015514450005742475,0.5209772020409602
343.0,0.02,0.8982787506273553,0.0,0.125,0.11270316476036354,0.000220647092191939,0.8982787506273553,0.0002206471693284584,0.8982787506273553,0.5216015756617423,0.012745523557934853,0.125,0.03491079160281515,0.0015485602163205492,0.5216015756617423,0.0015485602163209933,0.5216015756617423
344.0,0.02,0.9015132483588104,0.0,0.125,0.11317968983388656,0.00022063315122977656,0.9015132483588104,0.00022063323257270895,0.9015132483588104,0.5222248222508155,0.012231363588077493,0.125,0.03498014758475765,0.001545693103741197,0.5222248222508155,0.001545693103741197,0.5222248222508155
345.0,0.02,0.9047439445474765,0.0,0.125,0.1136559318309013,0.00022062423857960312,0.9047439445474765,0.00022062432435632218,0.9047439445474765,0.5228469693790769,0.012231363588077493,0.125,0.03504941652465369,0.0015428433896644833,0.5228469693790769,0.0015428433896644833,0.5228469693790769
346.0,0.02,0.9079709277051506,0.0,0.125,0.11413189787138213,0.00022062011669277126,0.9079709277051506,0.0002206202072443375,0.9079709277051506,0.5234679887413742,0.012231363588077493,0.125,0.035118598722508984,0.0015400108101100152,0.5234679887413742,0.0015400108101104593,0.5234679887413742
347.0,0.02,0.9111942821878074,0.0,0.125,0.11460759483498047,0.00022062056177674094,0.9111942821878074,0.00022062065733052805,0.9111942821878074,0.5240878850759647,0.012231363588077493,0.125,0.03518769447643562,0.0015371951097726821,0.5240878850759647,0.0015371951097726821,0.5240878850759647
348.0,0.02,0.9144140884341709,0.0,0.125,0.11508302937137362,0.00022062536260136767,0.9144140884341709,0.00022062546344159273,0.9144140884341709,0.5247066630883048,0.012231363588077493,0.125,0.03525670408266906,0.0015343960415479252,0.5247066630883048,0.0015343960415479252,0.5247066630883048
349.0,0.02,0.9176304231868357,0.0,0.125,0.1155582079100716,0.00022063431970309466,0.9176304231868357,0.00022063442600028793,0.9176304231868357,0.5253243274513637,0.012231363588077493,0.125,0.03532562783558532,0.0015316133660934206,0.5253243274513637,0.0015316133660934206,0.5253243274513637
350.0,0.02,0.9208433596977557,0.0,0.125,0.11603313666963298,0.00022064724447545814,0.9208433596977557,0.0002206473564569933,0.9208433596977557,0.5259408828059193,0.012231363588077493,0.125,0.03539446602771777,0.001528846851416521,0.5259408828059193,0.001528846851416521,0.5259408828059193
351.0,0.02,0.9240529679184988,0.0,0.125,0.11650782166637202,0.0002206639587711834,0.9240529679184988,0.00022066407683496436,0.9240529679184988,0.5265563337608619,0.012231363588077493,0.125,0.03546321894977376,0.0015260962724972238,0.5265563337608619,0.0015260962724976679,0.5265563337608619
352.0,0.02,0.927259314677201,0.0,0.125,0.11698226872260094,0.0002206842937653164,0.927259314677201,0.0002206844182524037,0.927259314677201,0.5271706848934801,0.012231363588077493,0.125,0.03553188689065111,0.0015233614109328997,0.5271706848934801,0.0015233614109328997,0.5271706848934801
353.0,0.02,0.9304624638438099,0.0,0.125,0.11745648347442018,0.0002207080901257541,0.9304624638438099,0.00022070822114983457,0.9304624638438099,0.5277839407497598,0.012231363588077493,0.125,0.03560047013745434,0.0015206420546109989,0.5277839407497598,0.0015206420546109989,0.5277839407497598
354.0,0.02,0.9336624764833914,0.0,0.125,0.11793047137907904,0.00022073519608056813,0.9336624764833914,0.00022073533409638912,0.9336624764833914,0.5283961058446671,0.012231363588077493,0.125,0.03566896897551077,0.0015179379973968565,0.5283961058446671,0.0015179379973973006,0.5283961058446671
355.0,0.02,0.9368594110003983,0.0,0.125,0.1184042377219838,0.00022076546827065613,0.9368594110003983,0.00022076561356243474,0.9368594110003983,0.5290071846624356,0.012231363588077493,0.125,0.03573738368838636,0.0015152490388534723,0.5290071846624356,0.0015152490388534723,0.5290071846624356
356.0,0.02,0.9400533232727071,0.0,0.125,0.11887778762332035,0.00022079877072656018,0.9400533232727071,0.0002207989235785135,0.9400533232727071,0.5296171816568438,0.012231363588077493,0.125,0.03580571455790145,0.0015125749839666192,0.5296171816568438,0.0015125749839670632,0.5296171816568438
357.0,0.02,0.9432442667774126,0.0,0.125,0.11935112604435338,0.0002208349739021287,0.9432442667774126,0.00022083513471216065,0.9432442667774126,0.5302261012514955,0.012231363588077493,0.125,0.03587396186414629,0.0015099156429023708,0.5302261012514955,0.0015099156429023708,0.5302261012514955
358.0,0.02,0.9464322927093463,0.0,0.125,0.11982425779339584,0.00022087395495873352,0.9464322927093463,0.00022087412412474805,0.9464322927093463,0.5308339478400952,0.012231363588077493,0.125,0.03594212588549637,0.001507270830760632,0.5308339478400952,0.001507270830760632,0.5308339478400952
359.0,0.02,0.9496174500914094,0.0,0.125,0.12029718753151908,0.00022091559719683573,0.9496174500914094,0.00022091577528726702,0.9496174500914094,0.5314407257867155,0.012231363588077493,0.125,0.036010206898627634,0.001504640367363752,0.5314407257867155,0.001504640367363752,0.5314407257867155
360.0,0.02,0.9527997858792787,0.0,0.125,0.12076991977793398,0.0002209597896012383,0.9527997858792787,0.00022095997690030345,0.9527997858792787,0.5320464394260678,0.012231363588077493,0.125,0.03607820517853145,0.001502024077046027,0.5320464394260678,0.001502024077046027,0.5320464394260678
361.0,0.02,0.956016068014776,0.0,0.125,0.12124277883446659,0.00022405555671412003,0.956016068014776,0.00022405575356287954,0.956016068014776,0.5326510619595068,0.012231363588077493,0.125,0.036146120982300155,0.0014994217789023878,0.5326510619595068,0.001499421778902832,0.5326510619595068
362.0,0.02,0.95924242188687,0.0,0.125,0.12171606952650926,0.00022537769865493829,0.95924242188687,0.0002253779054512961,0.95924242188687,0.5332546282908117,0.012231363588077493,0.125,0.036213954565490404,0.0014968332847811183,0.5332546282908117,0.0014968332847811183,0.5332546282908117
363.0,0.02,0.9624764764278666,0.0,0.125,0.12218977147336481,0.00022635410516613774,0.9624764764278666,0.00022635432253537147,0.9624764764278666,0.5338571426723613,0.012231363588077493,0.125,0.03628170619830748,0.0014942584204864495,0.5338571426723613,0.0014942584204868936,0.5338571426723613
364.0,0.02,0.9657167062225085,0.0,0.125,0.12266386849790702,0.00022715962484198826,0.9657167062225085,0.00022715985318200183,0.9657167062225085,0.5344586093281483,0.012231363588077493,0.125,0.03634937614933016,0.0014916970214908787,0.5344586093281483,0.0014916970214908787,0.5344586093281483
365.0,0.02,0.9689620619682273,0.0,0.125,0.1231383472250227,0.0002278584811961082,0.9689620619682273,0.00022785872096164894,0.9689620619682273,0.5350590324540372,0.012231363588077493,0.125,0.03641696468552414,0.0014891489306751993,0.5350590324540372,0.0014891489306756434,0.5350590324540372
366.0,0.02,0.9722117808964867,0.0,0.125,0.12361319626022006,0.0002284829197947147,0.9722117808964867,0.0002284831714973734,0.9722117808964867,0.5356584162180078,0.012231363588077493,0.125,0.03648447207225562,0.0014866139967764092,0.5356584162180078,0.0014866139967768532,0.5356584162180078
367.0,0.02,0.9754652834769786,0.0,0.125,0.1240884056792215,0.00022905185153376806,0.9754652834769786,0.00022905211574197892,0.9754652834769786,0.5362567647604091,0.012231363588077493,0.125,0.03655189857330486,0.001484092073299692,0.5362567647604091,0.0014840920733001361,0.5362567647604091
368.0,0.02,0.9787221137339657,0.0,0.125,0.1245639666921257,0.0002295774858112054,0.9787221137339657,0.00022957776320708945,0.9787221137339657,0.536854082194206,0.012231363588077493,0.125,0.03661924445087966,0.0014815830177608014,0.536854082194206,0.0014815830177608014,0.536854082194206
369.0,0.02,0.9819819028213601,0.0,0.125,0.12503987141136283,0.00023006824284266258,0.9819819028213601,0.00023006853382412373,0.9819819028213601,0.5374503726052207,0.012231363588077493,0.125,0.03668650996562884,0.0014790866911491563,0.5374503726052207,0.0014790866911491563,0.5374503726052207
370.0,0.02,0.9852443456763922,0.0,0.125,0.1255161126845242,0.00023053021675423224,0.9852443456763922,0.00023053052206023494,0.9852443456763922,0.5380456506487596,0.01171127758374588,0.125,0.036753695376655536,0.001476602957551254,0.5380456506487596,0.001476602957551254,0.5380456506487596
371.0,0.02,0.9885091853907397,0.0,0.125,0.12599268396983418,0.00023096798395272344,0.9885091853907397,0.0002309683042085453,0.9885091853907397,0.53863992667433,0.01171127758374588,0.125,0.036820800941530465,0.0014741316838700058,0.53863992667433,0.0014741316838700058,0.53863992667433
372.0,0.02,0.9917762023594037,0.0,0.125,0.1264695792406981,0.00023138508259989976,0.9917762023594037,0.0002313854184308184,0.9917762023594037,0.5392331887177289,0.01171127758374588,0.125,0.03688782691630502,0.0014716727396275608,0.5392331887177289,0.0014716727396275608,0.5392331887177289
373.0,0.02,0.9950452064977071,0.0,0.125,0.1269467929107917,0.00023178431234782693,0.9950452064977071,0.0002317846642654331,0.9950452064977071,0.5398254407752612,0.01171127758374588,0.125,0.03695477355552417,0.0014692259968072108,0.5398254407752612,0.0014692259968072108,0.5398254407752612
374.0,0.02,0.998316031510285,0.0,0.125,0.1274243197741719,0.00023216793118763235,0.998316031510285,0.00023216830010142075,0.998316031510285,0.5404166868173794,0.01171127758374588,0.125,0.03702164111223934,0.0014667913297392587,0.5404166868173794,0.0014667913297392587,0.5404166868173794
375.0,0.02,1.0015885305677443,0.0,0.125,0.12790215495650914,0.00023253779033893807,1.0015885305677443,0.00023253817693102974,1.0015885305677443,0.5410069307889058,0.01171127758374588,0.125,0.03708842983802107,0.0014643686150010993,0.5410069307889058,0.0014643686150010993,0.5410069307889058
376.0,0.02,1.004862572982347,0.0,0.125,0.12838029387493183,0.00023289542741622427,1.004862572982347,0.00023289583248242707,1.004862572982347,0.5415961766092638,0.01171127758374588,0.125,0.03715513998297162,0.001461957731341279,0.5415961766092638,0.0014619577313417231,0.5415961766092638
377.0,0.02,1.0081380416057186,0.0,0.125,0.12885873220442584,0.00023324213526620952,1.0081380416057186,0.00023324255943180106,1.0081380416057186,0.5421844281726931,0.01171127758374588,0.125,0.03722177179573737,0.001459558559610219,0.5421844281726931,0.001459558559610219,0.5421844281726931
378.0,0.02,1.0114148307607138,0.0,0.125,0.1293374658495544,0.00023357901102372125,1.0114148307607138,0.00023357945525503965,1.0114148307607138,0.5427716893484722,0.01171127758374588,0.125,0.0372883255235211,0.0014571709827007062,0.5427716893484722,0.0014571709827011503,0.5427716893484722
379.0,0.02,1.0146928445756203,0.0,0.125,0.12981649092030778,0.00023390699459469033,1.0146928445756203,0.00023390745963070003,1.0146928445756203,0.5433579639811303,0.01171127758374588,0.125,0.03735480141209414,0.0014547948854932713,0.5433579639811303,0.0014547948854932713,0.5433579639811303
380.0,0.02,1.0179719956278745,0.0,0.125,0.1302958037114296,0.00023422689696417365,1.0179719956278745,0.00023422738371436935,1.0179719956278745,0.5439432558906647,0.01171127758374588,0.125,0.03742119970580841,0.0014524301548037855,0.5439432558906647,0.0014524301548037855,0.5439432558906647
381.0,0.02,1.0212522038258953,0.0,0.125,0.1307754006844836,0.00023453942299056507,1.0212522038258953,0.00023453993230759806,1.0212522038258953,0.544527568872752,0.01171127758374588,0.125,0.03748752064760829,0.0014500766793359432,0.544527568872752,0.0014500766793363873,0.544527568872752
382.0,0.02,1.0245333954803186,0.0,0.125,0.1312552784523189,0.000234845189254429,1.0245333954803186,0.0002348457221614808,1.0245333954803186,0.5451109066989579,0.01171127758374588,0.125,0.03755376447904246,0.0014477343496395179,0.5451109066989579,0.0014477343496395179,0.5451109066989579
383.0,0.02,1.0278155025258116,0.0,0.125,0.1317354337653716,0.00023514473741670372,1.0278155025258116,0.0002351452949369559,1.0278155025258116,0.5456932731169419,0.01171127758374588,0.125,0.03761993144027542,0.0014454030580584032,0.5456932731169419,0.0014454030580584032,0.5456932731169419
384.0,0.02,1.0310984618628822,0.0,0.125,0.13221586349969716,0.00023543854666741026,1.0310984618628822,0.0002354391296535141,1.0310984618628822,0.5462746718506639,0.01171127758374588,0.125,0.03768602177009909,0.001443082698693754,0.5462746718506639,0.001443082698694198,0.5462746718506639
385.0,0.02,1.0343822147985975,0.0,0.125,0.1326965646463313,0.00023572704196794803,1.0343822147985975,0.0002357276516136153,1.0343822147985975,0.5468551066005873,0.01171127758374588,0.125,0.037752035705944216,0.0014407731673635737,0.5468551066005873,0.0014407731673635737,0.5468551066005873
386.0,0.02,1.0376667065674496,0.0,0.125,0.1331775343018828,0.00023601060263445106,1.0376667065674496,0.0002360112399060199,1.0376667065674496,0.5474345810438774,0.01171127758374588,0.125,0.037817973483891466,0.0014384743615547535,0.5474345810438774,0.0014384743615547535,0.5474345810438774
387.0,0.02,1.0409518859193554,0.0,0.125,0.1336587696601103,0.0002362895677947563,1.0409518859193554,0.0002362902338859385,1.0409518859193554,0.5480130988346001,0.01171127758374588,0.125,0.03788383533868283,0.0014361861803893206,0.5480130988346001,0.0014361861803897646,0.5480130988346001
388.0,0.02,1.0442377047626792,0.0,0.125,0.13414026800438508,0.0002365642420727454,1.0442377047626792,0.0002365649382340962,1.0442377047626792,0.5485906636039184,0.01171127758374588,0.125,0.03794962150373243,0.0014339085245880234,0.5485906636039184,0.0014339085245884675,0.5485906636039184
389.0,0.02,1.0475241178532997,0.0,0.125,0.13462202670097256,0.0002368349004200354,1.0475241178532997,0.00023683562767473632,1.0475241178532997,0.5491672789602862,0.01171127758374588,0.125,0.038015332211137495,0.001431641296426367,0.5491672789602862,0.001431641296426367,0.5491672789602862
390.0,0.02,1.0508110825244898,0.0,0.125,0.13510404319289812,0.0002371017908444628,1.0508110825244898,0.00023710255049991247,1.0508110825244898,0.5497429484896399,0.01171127758374588,0.125,0.038080967691689206,0.0014293843997013056,0.5497429484896399,0.0014293843997013056,0.5497429484896399
391.0,0.02,1.0540985584479472,0.0,0.125,0.13558631499447704,0.0002373651384459663,1.0540985584479472,0.00023736593192325017,1.0540985584479472,0.5503176757555885,0.01171127758374588,0.125,0.03814652817488337,0.0014271377396961604,0.5503176757555885,0.0014271377396966045,0.5503176757555885
392.0,0.02,1.0573865074241553,0.0,0.125,0.13606883968631825,0.00023762514803138401,1.0573865074241553,0.00023762597658105733,1.0573865074241553,0.5508914642995975,0.01171127758374588,0.125,0.03821201388893084,0.0014249012231468683,0.5508914642995975,0.0014249012231468683,0.5508914642995975
393.0,0.02,1.0606748931976995,0.0,0.125,0.136551614910811,0.00023788200599028642,1.0606748931976995,0.00023788287103343464,1.0606748931976995,0.5514643176411815,0.01171127758374588,0.125,0.038277425060768144,0.0014226747582015697,0.5514643176411815,0.001422674758202458,0.5514643176411815
394.0,0.02,1.063963681291682,0.0,0.125,0.13703463836798005,0.0002381358826255564,1.063963681291682,0.00023813678546957817,1.063963681291682,0.5520362392780815,0.01171127758374588,0.125,0.03834276191606769,0.0014204582543984046,0.5520362392780815,0.0014204582543988487,0.5520362392780815
395.0,0.02,1.0672528388626006,0.0,0.125,0.13751790781175788,0.00023838693425659585,1.0672528388626006,0.00023838787637942005,1.0672528388626006,0.5526072326864522,0.01171127758374588,0.125,0.03840802467924805,0.0014182516226255437,0.5526072326864522,0.0014182516226259878,0.5526072326864522
396.0,0.02,1.0705423345686427,0.0,0.125,0.13800142104653546,0.00023863530378775977,1.0705423345686427,0.00023863628678100213,1.0705423345686427,0.5531773019422288,0.01118634914836078,0.125,0.038473213573484134,0.0014160547750909913,0.5531773019422288,0.0014160547750914354,0.5531773019422288
397.0,0.02,1.073832138453497,0.0,0.125,0.13848517592399626,0.00023888112292524966,1.073832138453497,0.0002388821483805259,1.073832138453497,0.5537464652724349,0.01118634914836078,0.125,0.03853832882071714,0.0014138676252937188,0.5537464652724349,0.001413867625294607,0.5537464652724349
398.0,0.02,1.0771222218405683,0.0,0.125,0.13896917034025202,0.00023912451314345162,1.0771222218405683,0.00023912558276606433,1.0771222218405683,0.5543147112299205,0.01118634914836078,0.125,0.03860337064166447,0.0014116900879952432,0.5543147112299205,0.0014116900879956873,0.5543147112299205
399.0,0.02,1.0804125572388443,0.0,0.125,0.1394534022331812,0.00023936558642390082,1.0804125572388443,0.0002393667017486223,1.0804125572388443,0.5548820432164749,0.01118634914836078,0.125,0.03866833925582953,0.0014095220791898733,0.5548820432164749,0.0014095220791903174,0.5548820432164749
400.0,0.02,1.083703118257688,0.0,0.125,0.13993786957997698,0.000239604446278463,1.083703118257688,0.00023960560906743922,1.083703118257688,0.5554484646132594,0.01118634914836078,0.125,0.03873323488151144,0.0014073635160776199,0.5554484646132594,0.001407363516078064,0.5554484646132594
401.0,0.02,1.0869938795292455,0.0,0.125,0.14042257039488776,0.00023984118848829894,1.0869938795292455,0.0002398424005605193,1.0869938795292455,0.5560139787809801,0.01118634914836078,0.125,0.038798057735814684,0.0014052143170362186,0.5560139787809801,0.0014052143170366627,0.5560139787809801
402.0,0.02,1.0902848166390982,0.0,0.125,0.14090750272713842,0.0002400759021838894,1.0902848166390982,0.00024007716547203017,1.0902848166390982,0.5565785890600581,0.01118634914836078,0.125,0.03886280803465861,0.0014030744015962604,0.5565785890600581,0.0014030744015967045,0.5565785890600581
403.0,0.02,1.0935759060622559,0.0,0.125,0.1413926646590125,0.0002403086699018786,1.0935759060622559,0.00024030998622492916,1.0935759060622559,0.5571422987707895,0.01118634914836078,0.125,0.03892748599278672,0.0014009436904136585,0.5571422987707895,0.0014009436904141026,0.5571422987707895
404.0,0.02,1.0968671251058026,0.0,0.125,0.14187805430403244,0.00024053956883562932,1.0968671251058026,0.00024054094023995276,1.0968671251058026,0.5577051112135158,0.01118634914836078,0.125,0.03899209182377613,0.0013988221052505523,0.5577051112135158,0.0013988221052514405,0.5577051112135158
405.0,0.02,1.1001584518552932,0.0,0.125,0.1423636698053607,0.00024076867038047567,1.1001584518552932,0.0002407700990261219,1.1001584518552932,0.5582670296687846,0.01118634914836078,0.125,0.03905662574004669,0.0013967095689464415,0.5582670296687846,0.0013967095689468856,0.5582670296687846
406.0,0.02,1.1034498651280273,0.0,0.125,0.1428495093341982,0.00024099604183902557,1.1034498651280273,0.00024099752965867083,1.1034498651280273,0.5588280573975106,0.01118634914836078,0.125,0.03912108795287012,0.0013946060053933174,0.5588280573975106,0.0013946060053942055,0.5588280573975106
407.0,0.02,1.1067413444274052,0.0,0.125,0.14333557108840048,0.00024122174551166609,1.1067413444274052,0.00024122329477904714,1.1067413444274052,0.5593881976411363,0.01118634914836078,0.125,0.03918547867237909,0.0013925113395214517,0.5593881976411363,0.0013925113395218958,0.5593881976411363
408.0,0.02,1.110032869903364,0.0,0.125,0.1438218532911178,0.00024144584000396208,1.110032869903364,0.00024144745287912883,1.110032869903364,0.5599474536217872,0.01118634914836078,0.125,0.03924979810757607,0.0013904254972683106,0.5599474536217872,0.0013904254972691987,0.5599474536217872
409.0,0.02,1.1133244223149177,0.0,0.125,0.14430835418958296,0.00024166837999928248,1.1133244223149177,0.00024167005898334537,1.1133244223149177,0.5605058285424329,0.01118634914836078,0.125,0.03931404646634214,0.0013883484055652318,0.5605058285424329,0.0013883484055656758,0.5605058285424329
410.0,0.02,1.1166159829958247,0.0,0.125,0.14479507205393094,0.00024188941711145162,1.1166159829958247,0.0002418911644781474,1.1166159829958247,0.5610633255870343,0.01118634914836078,0.125,0.03937822395544593,0.0013862799923103353,0.5610633255870343,0.0013862799923107794,0.5610633255870343
411.0,0.02,1.1199075338230386,0.0,0.125,0.1452820051761258,0.0002421089995436887,1.1199075338230386,0.00024211081768044096,1.1199075338230386,0.5616199479207074,0.01118634914836078,0.125,0.039442330780552065,0.001384220186352536,0.5616199479207074,0.0013842201863534243,0.5616199479207074
412.0,0.02,1.1231990571876622,0.0,0.125,0.14576915186896017,0.00024232717265704196,1.1231990571876622,0.0002423290642354914,1.1231990571876622,0.5621756986898641,0.01118634914836078,0.125,0.03950636714622988,0.0013821689174746687,0.5621756986898641,0.001382168917475557,0.5621756986898641
413.0,0.02,1.126490535967946,0.0,0.125,0.14625651046509927,0.00024254397914091896,1.126490535967946,0.00024254594683270625,1.126490535967946,0.5627305810223668,0.01118634914836078,0.125,0.039570333255961834,0.0013801261163677303,0.5627305810223668,0.0013801261163681744,0.5627305810223668
414.0,0.02,1.1297819535042777,0.0,0.125,0.14674407931621006,0.0002427594592973037,1.1297819535042777,0.00024276150583091294,1.1297819535042777,0.5632845980276777,0.01118634914836078,0.125,0.03963422931215193,0.0013780917146171134,0.5632845980276777,0.0013780917146180016,0.5632845980276777
415.0,0.02,1.1330732935756487,0.0,0.125,0.14723185679211384,0.00024297365121128678,1.1330732935756487,0.0002429757793720455,1.1330732935756487,0.5638377527970033,0.01118634914836078,0.125,0.03969805551613397,0.0013760656446866193,0.5638377527970033,0.0013760656446870634,0.5638377527970033
416.0,0.02,1.1363645403784517,0.0,0.125,0.1477198412800336,0.00024318659075106552,1.1363645403784517,0.00024318880332430126,1.1363645403784517,0.5643900484034423,0.01118634914836078,0.125,0.03976181206817999,0.0013740478398944767,0.5643900484034423,0.0013740478398949207,0.5643900484034423
417.0,0.02,1.1396556785062444,0.0,0.125,0.14820803118384593,0.00024339831168163073,1.1396556785062444,0.00024340061162320126,1.1396556785062444,0.5649414879021273,0.01118634914836078,0.125,0.039825499167508153,0.0013720382344044602,0.5649414879021273,0.0013720382344053483,0.5649414879021273
418.0,0.02,1.1429466929311047,0.0,0.125,0.14869642492340987,0.00024360884606267064,1.1429466929311047,0.000243611236498964,1.1429466929311047,0.5654920743303657,0.01118634914836078,0.125,0.03988911701229097,0.0013700367632059063,0.5654920743303657,0.0013700367632063504,0.5654920743303657
419.0,0.02,1.1462375689855548,0.0,0.125,0.1491850209339092,0.0002438182241917275,1.1462375689855548,0.0002438207082491317,1.1462375689855548,0.5660418107077849,0.01118634914836078,0.125,0.03995266579966322,0.001368043362097282,0.5660418107077849,0.0013680433620981702,0.5660418107077849
420.0,0.02,1.1495282923475543,0.0,0.125,0.14967381766525228,0.0002440264749452581,1.1495282923475543,0.00024402905580700462,1.1495282923475543,0.5665907000364694,0.01118634914836078,0.125,0.04001614572572999,0.0013660579676746387,0.5665907000364694,0.0013660579676750828,0.5665907000364694
421.0,0.02,1.1526967991997594,0.0,0.125,0.15016178678908104,0.00023409975193544597,1.1526967991997594,0.00023410243301213995,1.1526967991997594,0.5671387244287593,0.01118634914836078,0.125,0.040079556974988946,0.0013640805109136345,0.5671387244287593,0.0013640805109145226,0.5671387244287593
422.0,0.02,1.1558225671100786,0.0,0.125,0.1506479586102013,0.00023007443923006576,1.1558225671100786,0.00023007722398915575,1.1558225671100786,0.5676859074065701,0.01118634914836078,0.125,0.04014289973099664,0.0013621109160211198,0.5676859074065701,0.001362110916022008,0.5676859074065701
423.0,0.02,1.1589136003420322,0.0,0.125,0.15113240612773612,0.00022720460964364975,1.1589136003420322,0.00022720750166627113,1.1589136003420322,0.5682322545459477,0.010657534580487177,0.125,0.04020617418692523,0.0013601491146046918,0.5682322545459477,0.0013601491146051359,0.5682322545459477
424.0,0.02,1.1619750872200711,0.0,0.125,0.15161518942563632,0.00022490886931336718,1.1619750872200711,0.00022491187218065534,1.1619750872200711,0.5687777730944092,0.010657534580487177,0.125,0.04026938053494781,0.0013581950428802614,0.5687777730944092,0.0013581950428811496,0.5687777730944092
425.0,0.02,1.1650106285559332,0.0,0.125,0.15209635986120779,0.0002229735014225298,1.1650106285559332,0.0002229766188861504,1.1650106285559332,0.569322459366693,0.010657534580487177,0.125,0.04033251896624545,0.0013562486402829421,0.569322459366693,0.0013562486402838303,0.569322459366693
426.0,0.02,1.1680228679515494,0.0,0.125,0.15257596253054576,0.00022129108174340217,1.1680228679515494,0.00022129431772555108,1.1680228679515494,0.5698663162713533,0.010657534580487177,0.125,0.04039558967101444,0.0013543098485193639,0.5698663162713533,0.001354309848519808,0.5698663162713533
427.0,0.02,1.171013835325823,0.0,0.125,0.15305403780494117,0.00021979851510423032,1.171013835325823,0.00021980187375447713,1.171013835325823,0.5704093467003606,0.010657534580487177,0.125,0.040458592838473535,0.0013523786109330693,0.5704093467003606,0.0013523786109335134,0.5704093467003606
428.0,0.02,1.1739851454856307,0.0,0.125,0.1535306223446763,0.000218454991568251,1.1739851454856307,0.00021845847675194818,1.1739851454856307,0.5709515535292218,0.010657534580487177,0.125,0.04052152865687112,0.0013504548720733034,0.5709515535292218,0.0013504548720741916,0.5709515535292218
429.0,0.02,1.176938119380054,0.0,0.125,0.15400574980226467,0.00021723230446468733,1.176938119380054,0.00021723592044509132,1.176938119380054,0.5714929396171131,0.010657534580487177,0.125,0.040584397313492324,0.001348538577409908,0.5714929396171131,0.001348538577410352,0.5714929396171131
430.0,0.02,1.1798738618900302,0.0,0.125,0.1544794513311061,0.0002161099863542404,1.1798738618900302,0.00021611373762198127,1.1798738618900302,0.5720335078070102,0.010657534580487177,0.125,0.04064719899466627,0.0013466296731419192,0.5720335078070102,0.0013466296731423633,0.5720335078070102
431.0,0.02,1.182793313940465,0.0,0.125,0.15495175596657498,0.00021507262414388606,1.182793313940465,0.00021507651501906366,1.182793313940465,0.5725732609258081,0.010657534580487177,0.125,0.040709933885773056,0.0013447281060772198,0.5725732609258081,0.001344728106078108,0.5725732609258081
432.0,0.02,1.1856972887421193,0.0,0.125,0.15542269091984123,0.0002141082651405668,1.1856972887421193,0.00021411230022749805,1.1856972887421193,0.5731122017844463,0.010657534580487177,0.125,0.04077260217125077,0.0013428338235526027,0.5731122017844463,0.001342833823553491,0.5731122017844463
433.0,0.02,1.1885864978159475,0.0,0.125,0.15589228181001485,0.00021320741859653936,1.1885864978159475,0.00021321160261322802,1.1885864978159475,0.5736503331780358,0.010657534580487177,0.125,0.040835204034602536,0.0013409467733858094,0.5736503331780358,0.0013409467733862535,0.5736503331780358
434.0,0.02,1.1914615701982143,0.0,0.125,0.15636055285121367,0.00021236240104371973,1.1914615701982143,0.00021236673887869983,1.1914615701982143,0.5741876578859737,0.010657534580487177,0.125,0.040897739658403265,0.0013390669038471081,0.5741876578859737,0.0013390669038475522,0.5741876578859737
435.0,0.02,1.1943230669540412,0.0,0.125,0.156827527006072,0.0002115668899591583,1.1943230669540412,0.0002115713866714941,1.1943230669540412,0.5747241786720725,0.010657534580487177,0.125,0.04096020922430665,0.001337194163642863,0.5747241786720725,0.0013371941636437512,0.5747241786720725
436.0,0.02,1.1971714923659533,0.0,0.125,0.15729322611343577,0.00021081561095570578,1.1971714923659533,0.00021082027149077476,1.1971714923659533,0.5752598982846735,0.010657534580487177,0.125,0.04102261291305183,0.0013353285019115368,0.5752598982846735,0.001335328501911981,0.5752598982846735
437.0,0.02,1.2000073027173812,0.0,0.125,0.1577576709960097,0.00021010411154520625,1.2000073027173812,0.00021010894141682002,1.2000073027173812,0.5757948194567659,0.010657534580487177,0.125,0.04108495090447016,0.0013334698682134771,0.5757948194567659,0.0013334698682139212,0.5757948194567659
438.0,0.02,1.202830913293667,0.0,0.125,0.15822088155212946,0.00020942859447359297,1.202830913293667,0.00020943359896818947,1.202830913293667,0.576328944906108,0.010657534580487177,0.125,0.041147223377491784,0.0013316182125411302,0.576328944906108,0.0013316182125420184,0.576328944906108
439.0,0.02,1.2056427040380413,0.0,0.125,0.1586828768347269,0.00020878579243799322,1.2056427040380413,0.00020879097712622752,1.2056427040380413,0.5768622773353358,0.010657534580487177,0.125,0.041209430510152266,0.001329773485317709,0.5768622773353358,0.0013297734853185972,0.5768622773353358
440.0,0.02,1.2084430241773703,0.0,0.125,0.159143675119886,0.00020817287168028997,1.2084430241773703,0.00020817824218966052,1.2084430241773703,0.5773948194320864,0.010657534580487177,0.125,0.04127157247959911,0.001327935637397193,0.5773948194320864,0.001327935637398081,0.5773948194320864
441.0,0.02,1.211232196048286,0.0,0.125,0.159603293966816,0.00020758735644221815,1.211232196048286,0.00020759291885497078,1.211232196048286,0.5779265738691022,0.010657534580487177,0.125,0.04133364946209823,0.001326104620070101,0.5779265738691022,0.001326104620070545,0.5779265738691022
442.0,0.02,1.2140105182894558,0.0,0.125,0.16006175027068473,0.00020702707109876428,1.2140105182894558,0.00020703283132661454,1.2140105182894558,0.5784575433043524,0.010657534580487177,0.125,0.04139566163304029,0.0013242803850652685,0.5784575433043524,0.0013242803850657126,0.5784575433043524
443.0,0.02,1.2167782685310158,0.0,0.125,0.16051906030944205,0.00020649009223916437,1.2167782685310158,0.00020649605647804492,1.2167782685310158,0.5789877303811384,0.010657534580487177,0.125,0.041457609166947136,0.001322462884552511,0.5789877303811384,0.0013224628845529551,0.5789877303811384
444.0,0.02,1.2195357056771172,0.0,0.125,0.16097523978556502,0.00020597471058181327,1.2195357056771172,0.00020598088531187386,1.2195357056771172,0.5795171377282082,0.010657534580487177,0.125,0.04151949223747795,0.0013206520711448455,0.5795171377282082,0.0013206520711452896,0.5795171377282082
445.0,0.02,1.2222830718586124,0.0,0.125,0.1614303038634495,0.00020547940016513166,1.2222830718586124,0.0002054857917528352,1.2222830718586124,0.5800457679598614,0.010657534580487177,0.125,0.04158131101743559,0.0013188478978962692,0.5800457679598614,0.0013188478978967133,0.5800457679598614
446.0,0.02,1.225020594112209,0.0,0.125,0.161884267203074,0.00020500279248381048,1.225020594112209,0.00020500940780721066,1.225020594112209,0.5805736236760628,0.010657534580487177,0.125,0.041643065678772635,0.001317050318306201,0.5805736236760628,0.001317050318306645,0.5805736236760628
447.0,0.02,1.2277484858367984,0.0,0.125,0.16233714399043406,0.00020454365568411959,1.2277484858367984,0.00020455050156442667,1.2277484858367984,0.5811007074625429,0.010657534580487177,0.125,0.04170475639259761,0.0013152592863159285,0.5811007074625429,0.0013152592863168167,0.5811007074625429
448.0,0.02,1.2304669480599273,0.0,0.125,0.16278894796514864,0.00020410087677191768,1.2304669480599273,0.0002041079602577156,1.2304669480599273,0.5816270218909119,0.010657534580487177,0.125,0.04176638332918093,0.0013134747563068316,0.5816270218909119,0.0013134747563077198,0.5816270218909119
449.0,0.02,1.233176170547381,0.0,0.125,0.1632396924456261,0.00020367344626492923,1.233176170547381,0.0002036807746321756,1.233176170547381,0.5821525695187562,0.010657534580487177,0.125,0.0418279466579609,0.0013116966831021593,0.5821525695187562,0.0013116966831026033,0.5821525695187562
450.0,0.02,1.2358763327798101,0.0,0.125,0.16368939035205207,0.00020326044631246987,1.2358763327798101,0.00020326802689396573,1.2358763327798101,0.5826773540148273,0.010125623080643572,0.125,0.04188944654754971,0.0013099250219608116,0.5826773540148273,0.0013099250219616998,0.5826773540148273
451.0,0.02,1.238567604813852,0.0,0.125,0.164138054227471,0.0002028610393267627,1.238567604813852,0.00020286887991005642,1.238567604813852,0.5832013813045271,0.010125623080643572,0.125,0.04195088316573926,0.0013081597285804492,0.5832013813045271,0.0013081597285808932,0.5832013813045271
452.0,0.02,1.2412501480485503,0.0,0.125,0.1645856962571537,0.00020247445905852146,1.2412501480485503,0.00020248256743116144,1.2412501480485503,0.5837246495787831,0.010125623080643572,0.125,0.04201225667950696,0.0013064007590868343,0.5837246495787831,0.0013064007590872784,0.5837246495787831
453.0,0.02,1.2439241159060543,0.0,0.125,0.1650323282864941,0.00020210000292308905,1.2439241159060543,0.00020210838709999734,1.2439241159060543,0.5842471613439317,0.010125623080643572,0.125,0.04207356725502159,0.0013046480700373841,0.5842471613439317,0.0013046480700382723,0.5842471613439317
454.0,0.02,1.2465896544413226,0.0,0.125,0.16547796183750343,0.00020173702449710618,1.2465896544413226,0.00020174569277742194,1.2465896544413226,0.5847689190928349,0.010125623080643572,0.125,0.04213481505764891,0.0013029016184162856,0.5847689190928349,0.0013029016184167297,0.5847689190928349
455.0,0.02,1.2492469028892401,0.0,0.125,0.16592260812411547,0.0002013849284026037,1.2492469028892401,0.00020139388925599633,1.2492469028892401,0.5852899253049888,0.010125623080643572,0.125,0.04219600025195737,0.0013011613616269457,0.5852899253049888,0.001301161361627834,0.5852899253049888
456.0,0.02,1.2518959941547791,0.0,0.125,0.16636627806640863,0.00020104316456581728,1.2518959941547791,0.00020105242663248646,1.2518959941547791,0.5858101824466155,0.010125623080643572,0.125,0.04225712300172369,0.0012994272574955446,0.5858101824466155,0.0012994272574959886,0.5858101824466155
457.0,0.02,1.2545370552602435,0.0,0.125,0.1668089823038208,0.00020071122395393104,1.2545370552602435,0.0002007207961014501,1.2545370552602435,0.5863296929707622,0.010125623080643572,0.125,0.04231818346993851,0.0012976992642577123,0.5863296929707622,0.0012976992642581564,0.5863296929707622
458.0,0.02,1.2571702077441955,0.0,0.125,0.16725073120747766,0.00020038863425497766,1.2571702077441955,0.00020039852574882389,1.2571702077441955,0.5868484593174004,0.010125623080643572,0.125,0.04237918181881177,0.001295977340561194,0.5868484593174004,0.0012959773405620822,0.5868484593174004
459.0,0.02,1.2597955680286077,0.0,0.125,0.16769153489170713,0.0002000749568651372,1.2597955680286077,0.00020008517685710103,1.2597955680286077,0.5873664839135175,0.010125623080643572,0.125,0.04244011820977823,0.0012942614454591883,0.5873664839135175,0.0012942614454596324,0.5873664839135175
460.0,0.02,1.2624132477499757,0.0,0.125,0.16813140322483078,0.000199769783478132,1.2624132477499757,0.00019978034163159464,1.2624132477499757,0.587883769173215,0.010125623080643572,0.125,0.04250099280350286,0.0012925515384063502,0.587883769173215,0.0012925515384067943,0.587883769173215
461.0,0.02,1.2650233540630893,0.0,0.125,0.16857034583925298,0.0001994727335841162,1.2650233540630893,0.00019948363967614569,1.2650233540630893,0.5884003174977992,0.010125623080643572,0.125,0.04256180575988626,0.0012908475792552387,0.5884003174977992,0.0012908475792556828,0.5884003174977992
462.0,0.02,1.2676259899178035,0.0,0.125,0.16900837214093112,0.000199183451513818,1.2676259899178035,0.0001991947157193863,1.2676259899178035,0.5889161312758755,0.010125623080643572,0.125,0.042622557238069854,0.0012891495282483234,0.5889161312758755,0.0012891495282487675,0.5889161312758755
463.0,0.02,1.2702212543136397,0.0,0.125,0.16944549131831121,0.0001989016049037673,1.2702212543136397,0.0001989132374546898,1.2702212543136397,0.5894312128834416,0.010125623080643572,0.125,0.042683247396441214,0.001287457346018428,0.5894312128834416,0.0012874573460193162,0.5894312128834416
464.0,0.02,1.2728092425326736,0.0,0.125,0.1698817123507211,0.00019862688253624583,1.2728092425326736,0.0001986388938348682,1.2728092425326736,0.5899455646839744,0.010125623080643572,0.125,0.04274387639263931,0.0012857709935816253,0.5899455646839744,0.0012857709935825135,0.5899455646839744
465.0,0.02,1.2753900463553691,0.0,0.125,0.170317044016285,0.00019835899189502015,1.2753900463553691,0.00019837139296896567,1.2753900463553691,0.5904591890285278,0.010125623080643572,0.125,0.042804444383559556,0.001284090432332352,0.5904591890285278,0.0012840904323327962,0.5904591890285278
466.0,0.02,1.277963754256632,0.0,0.125,0.17075149489936456,0.00019809765893796794,1.277963754256632,0.00019811046081485983,1.277963754256632,0.5909720882558154,0.010125623080643572,0.125,0.042864951525359046,0.0012824156240385243,0.5909720882558154,0.0012824156240394124,0.5909720882558154
467.0,0.02,1.2805304515920852,0.0,0.125,0.17118507339767292,0.00019784262559596755,1.2805304515920852,0.0001978558396444896,1.2805304515920852,0.5914842646922991,0.010125623080643572,0.125,0.042925397973461586,0.0012807465308406485,0.5914842646922991,0.0012807465308410926,0.5914842646922991
468.0,0.02,1.2830902207649615,0.0,0.125,0.1716177877289115,0.00019759364880655994,1.2830902207649615,0.0001976072866227696,1.2830902207649615,0.5919957206522848,0.010125623080643572,0.125,0.04298578388256269,0.0012790831152411641,0.5919957206522848,0.0012790831152416082,0.5919957206522848
469.0,0.02,1.2856431413839005,0.0,0.125,0.17204964593713562,0.00019735049971814078,1.2856431413839005,0.0001973645731823126,1.2856431413839005,0.5925064584379993,0.010125623080643572,0.125,0.04304610940663463,0.0012774253401057756,0.5925064584379993,0.0012774253401062197,0.5925064584379993
470.0,0.02,1.2881892904100027,0.0,0.125,0.1724806558987324,0.00019711296187097105,1.2881892904100027,0.00019712748314759665,1.2881892904100027,0.5930164803396829,0.010125623080643572,0.125,0.043106374698931284,0.0012757731686567908,0.5930164803396829,0.0012757731686572349,0.5930164803396829
471.0,0.02,1.290728742291435,0.0,0.125,0.17291082532813484,0.00019688083119717703,1.290728742291435,0.00019689581279180857,1.290728742291435,0.5935257886356722,0.010125623080643572,0.125,0.04316657991199307,0.0012741265644677924,0.5935257886356722,0.0012741265644682365,0.5935257886356722
472.0,0.02,1.293261569091385,0.0,0.125,0.17334016178324238,0.00019665391437229118,1.293261569091385,0.00019666936913154132,1.293261569091385,0.5940343855924866,0.010125623080643572,0.125,0.04322672519765181,0.0012724854914596406,0.5940343855924866,0.0012724854914605288,0.5940343855924866
473.0,0.02,1.295787840604362,0.0,0.125,0.17376867267055257,0.0001964320284741916,1.295787840604362,0.00019644796930151642,1.295787840604362,0.5945422734649093,0.010125623080643572,0.125,0.043286810707035515,0.0012708499139004736,0.5945422734649093,0.0012708499139013618,0.5945422734649093
474.0,0.02,1.2983076244685208,0.0,0.125,0.17419636525009163,0.0001962150001872942,1.2983076244685208,0.00019623144044089713,1.2983076244685208,0.5950494544960743,0.010125623080643572,0.125,0.043346836590573194,0.0012692197963937168,0.5950494544960743,0.001269219796394161,0.5950494544960743
475.0,0.02,1.3008209862679223,0.0,0.125,0.1746232466400749,0.00019600266494990137,1.3008209862679223,0.00019601961838588977,1.3008209862679223,0.5955559309175451,0.010125623080643572,0.125,0.04340680299799945,0.0012675951038785271,0.5955559309175451,0.0012675951038789712,0.5955559309175451
476.0,0.02,1.3033279896299064,0.0,0.125,0.17504932382136545,0.00019579486610155072,1.3033279896299064,0.00019581234681709248,1.3033279896299064,0.5960617049493981,0.010125623080643572,0.125,0.04346671007835931,0.0012659758016266842,0.5960617049493981,0.0012659758016271283,0.5960617049493981
477.0,0.02,1.3058286963155297,0.0,0.125,0.17547460364172823,0.0001955914557925098,1.3058286963155297,0.00019560947799845962,1.3058286963155297,0.5965667788003028,0.010125623080643572,0.125,0.04352655798001281,0.0012643618552337088,0.5965667788003028,0.001264361855234153,0.5965667788003028
478.0,0.02,1.3083231663059678,0.0,0.125,0.17589909281991503,0.00019539229225529198,1.3083231663059678,0.00019541087067409535,1.3083231663059678,0.5970711576124035,0.009591223921703376,0.125,0.04358634685063949,0.0012627532306215272,0.5970711576124035,0.0012627532306224154,0.5970711576124035
479.0,0.02,1.3108114578819823,0.0,0.125,0.17632279794950692,0.00019519724116889847,1.3108114578819823,0.00019521639080721798,1.3108114578819823,0.5975748411115374,0.009591223921703376,0.125,0.04364607683724308,0.0012611498940291455,0.5975748411115374,0.0012611498940295895,0.5975748411115374
480.0,0.02,1.3132936276998066,0.0,0.125,0.17674572550265805,0.00019500617440826318,1.3132936276998066,0.00019502591050013507,1.3132936276998066,0.5980778311056056,0.009591223921703376,0.125,0.043705748086156,0.0012595518120095406,0.5980778311056056,0.0012595518120104288,0.5980778311056056
481.0,0.02,1.3159360642511615,0.0,0.125,0.17716922628454534,0.00020862973542534746,1.3159360642511615,0.00020865007371639877,1.3159360642511615,0.5985800772574004,0.009591223921703376,0.125,0.043765360717102866,0.0012579589353909348,0.5985800772574004,0.001257958935391379,0.5985800772574004
482.0,0.02,1.318630487951225,0.0,0.125,0.1775945787125421,0.00021421294792389745,1.318630487951225,0.00021423390433028544,1.318630487951225,0.5990816334315705,0.009591223921703376,0.125,0.04382491484931515,0.0012563711965616342,0.5990816334315705,0.0012563711965620783,0.5990816334315705
483.0,0.02,1.3213660242995502,0.0,0.125,0.17802169688957994,0.00021822363459023109,1.3213660242995502,0.00021824522571023408,1.3213660242995502,0.599582501779228,0.009591223921703376,0.125,0.04388441062739237,0.0012547885448341844,0.599582501779228,0.0012547885448350726,0.599582501779228
484.0,0.02,1.3241356354795357,0.0,0.125,0.1784505106326415,0.00022145406319395988,1.3241356354795357,0.00022147630573954302,1.3241356354795357,0.6000826844405425,0.009591223921703376,0.125,0.04394384819527999,0.0012532109394074453,0.6000826844405425,0.0012532109394083335,0.6000826844405425
485.0,0.02,1.3269344462598838,0.0,0.125,0.1788809603504476,0.00022419542204943355,1.3269344462598838,0.0002242183331304659,1.3269344462598838,0.6005821835448126,0.009591223921703376,0.125,0.04400322769627307,0.0012516383459666436,0.6005821835448126,0.0012516383459670877,0.6005821835448126
486.0,0.02,1.3297588850367674,0.0,0.125,0.17931299403134773,0.00022659404385194648,1.3297588850367674,0.00022661764080567082,1.3297588850367674,0.6010810012105507,0.009591223921703376,0.125,0.044062549273019794,0.0012500707343878759,0.6010810012105507,0.00125007073438832,0.6010810012105507
487.0,0.02,1.3326062157007073,0.0,0.125,0.1797465653670876,0.0002287358507260251,1.3326062157007073,0.0002287601516286486,1.3326062157007073,0.601579139545547,0.009591223921703376,0.125,0.04412181306752553,0.0012485080771882373,0.601579139545547,0.0012485080771886814,0.601579139545547
488.0,0.02,1.3354742670536552,0.0,0.125,0.18018163251455865,0.000230676396824947,1.3354742670536552,0.00023070141986636372,1.3354742670536552,0.6020766006469567,0.009591223921703376,0.125,0.0441810192211566,0.0012469503484866529,0.6020766006469567,0.001246950348487097,0.6020766006469567
489.0,0.02,1.338361267591722,0.0,0.125,0.18061815723683214,0.00023245406259775336,1.338361267591722,0.0002324798265362915,1.338361267591722,0.6025733866013683,0.009591223921703376,0.125,0.04424016787464448,0.0012453975233133185,0.6025733866013683,0.0012453975233137626,0.6025733866013683
490.0,0.02,1.34126573952517,0.0,0.125,0.1810561042817895,0.00023409668261820116,1.34126573952517,0.0002341232066100929,1.34126573952517,0.6030694994848789,0.009591223921703376,0.125,0.044299259168089744,0.0012438495771656122,0.6030694994848789,0.0012438495771660563,0.6030694994848789
491.0,0.02,1.3441864277857007,0.0,0.125,0.18149544091683617,0.0002356252070399023,1.3441864277857007,0.00023565251052559688,1.3441864277857007,0.6035649413631641,0.009591223921703376,0.125,0.04435829324096609,0.0012423064857227661,0.6035649413631641,0.0012423064857234323,0.6035649413631641
492.0,0.02,1.347122250664711,0.0,0.125,0.18193613657027713,0.00023705587102540449,1.347122250664711,0.00023708397407062876,1.347122250664711,0.6040597142915596,0.009591223921703376,0.125,0.04441727023212455,0.0012407682246720064,0.6040597142915596,0.0012407682246726726,0.6040597142915596
493.0,0.02,1.3500722643753988,0.0,0.125,0.182378162548286,0.00023840155671450702,1.3500722643753988,0.00023843047961236152,1.3500722643753988,0.6045538203151246,0.009591223921703376,0.125,0.04447619027979733,0.0012392347696090766,0.6045538203151246,0.0012392347696095207,0.6045538203151246
494.0,0.02,1.3530356369027459,0.0,0.125,0.18282149180698304,0.00023967268572278044,1.3530356369027459,0.00023970244922111306,1.3530356369027459,0.6050472614687139,0.009591223921703376,0.125,0.044535053521601906,0.0012377060959869457,0.6050472614687139,0.0012377060959876118,0.6050472614687139
495.0,0.02,1.3560116282521903,0.0,0.125,0.18326609876575303,0.00024087782577453254,1.3560116282521903,0.00024090845124646876,1.3560116282521903,0.6055400397770527,0.009591223921703376,0.125,0.044593860094544996,0.001236182179101375,0.6055400397770527,0.001236182179101819,0.6055400397770527
496.0,0.02,1.3589995752228106,0.0,0.125,0.1837119591521419,0.00024202411879059582,1.3589995752228106,0.00024205562795032165,1.3589995752228106,0.606032157254802,0.009591223921703376,0.125,0.0446526101350265,0.0012346629940869214,0.606032157254802,0.0012346629940875875,0.606032157254802
497.0,0.02,1.3619988794602023,0.0,0.125,0.18415904987133824,0.0002431175876154157,1.3619988794602023,0.00024315000257502106,1.3619988794602023,0.6065236159066336,0.009591223921703376,0.125,0.044711303778843484,0.0012331485159384759,0.6065236159066336,0.00123314851593892,0.6065236159066336
498.0,0.02,1.3650089979391282,0.0,0.125,0.18460734889514405,0.0002441633640728469,1.3650089979391282,0.0002441967074560125,1.3650089979391282,0.6070144177272918,0.009591223921703376,0.125,0.044769941161193975,0.0012316387195268064,0.6070144177272918,0.0012316387195274725,0.6070144177272918
499.0,0.02,1.368029435273968,0.0,0.125,0.18505683516660743,0.00024516585898481935,1.368029435273968,0.0002452001538699733,1.368029435273968,0.607504564701667,0.009591223921703376,0.125,0.044828522416680935,0.0012301335796296442,0.607504564701667,0.0012301335796300883,0.607504564701667
500.0,0.02,1.3710597374344502,0.0,0.125,0.18550748851744286,0.00024612889438913044,1.3710597374344502,0.0002461641642526047,1.3710597374344502,0.60799405880486,0.009591223921703376,0.125,0.04488704767931605,0.0012286330709505577,0.60799405880486,0.0012286330709512239,0.60799405880486
501.0,0.02,1.3740994865519838,0.0,0.125,0.18595928959594674,0.00024705580455020026,1.3740994865519838,0.0002470920735504478,1.3740994865519838,0.6084829020022506,0.009591223921703376,0.125,0.0449455170825235,0.0012271371681551457,0.6084829020022506,0.0012271371681555898,0.6084829020022506
502.0,0.02,1.3771482965868245,0.0,0.125,0.18641221980365696,0.00024794951690410016,1.3771482965868245,0.00024798680982485166,1.3771482965868245,0.6089710962495614,0.009591223921703376,0.125,0.04500393075914382,0.0012256458458868025,0.6089710962495614,0.0012256458458872466,0.6089710962495614
503.0,0.02,1.3802058096791257,0.0,0.125,0.18686626123935748,0.00024881261646214625,1.3802058096791257,0.00024885095820081915,1.3802058096791257,0.6094586434929286,0.009591223921703376,0.125,0.04506228884143752,0.0012241590787962497,0.6094586434929286,0.0012241590787966938,0.6094586434929286
504.0,0.02,1.3832716930562015,0.0,0.125,0.18732139664932165,0.0002496473972541935,1.3832716930562015,0.00024968681356085654,1.3832716930562015,0.6099455456689624,0.009591223921703376,0.125,0.045120591461088905,0.0012226768415606326,0.6099455456689624,0.0012226768415612987,0.6099455456689624
505.0,0.02,1.3863456363880005,0.0,0.125,0.18777760938282487,0.0002504559047338262,1.3863456363880005,0.0002504964215859218,1.3863456363880005,0.6104318054831479,0.00905477808544069,0.125,0.0451788387492097,0.0012211991089052798,0.6104318054831479,0.001221199108905724,0.6104318054831479
506.0,0.02,1.3894273495113794,0.0,0.125,0.18823488335223548,0.0002512399707370605,1.3894273495113794,0.0002512816147373087,1.3894273495113794,0.6109174253018363,0.00905477808544069,0.125,0.04523703083634274,0.0012197258556168045,0.6109174253018363,0.0012197258556172486,0.6109174253018363
507.0,0.02,1.3925165604630365,0.0,0.125,0.18869320299704348,0.0002520012420177409,1.3925165604630365,0.0002520440403941393,1.3925165604630365,0.6114024058756897,0.00905477808544069,0.125,0.04529516785246549,0.0012182570565626438,0.6114024058756897,0.00121825705656331,0.6114024058756897
508.0,0.02,1.3956130137660807,0.0,0.125,0.18915255325129235,0.00025274120451967974,1.3956130137660807,0.0002527851850118168,1.3956130137660807,0.6118867491052504,0.00905477808544069,0.125,0.045353249926993786,0.0012167926867050483,0.6118867491052504,0.0012167926867054923,0.6118867491052504
509.0,0.02,1.398716468931127,0.0,0.125,0.1896129195140239,0.00025346120344238443,1.398716468931127,0.00025350639447196954,1.398716468931127,0.6123704568818669,0.00905477808544069,0.125,0.0454112771887852,0.001215332721109963,0.6123704568818669,0.001215332721110629,0.6123704568818669
510.0,0.02,1.4018266991397468,0.0,0.125,0.1900742876223546,0.0002541624609762039,1.4018266991397468,0.000254208891306007,1.4018266991397468,0.6128535310877592,0.00905477808544069,0.125,0.045469249766142826,0.0012138771349601285,0.6128535310877592,0.0012138771349607946,0.6128535310877592
511.0,0.02,1.404943490081564,0.0,0.125,0.19053664382683635,0.0002548460899447491,1.404943490081564,0.0002548937890765046,1.404943490081564,0.6133359735960777,0.00905477808544069,0.125,0.04552716778681854,0.0012124259035630747,0.6133359735960777,0.0012124259035639628,0.6133359735960777
512.0,0.02,1.408066638922719,0.0,0.125,0.19099997476889644,0.0002555131071630967,1.408066638922719,0.00025556210499644294,1.408066638922719,0.6138177862709691,0.00905477808544069,0.125,0.04558503137801653,0.0012109790023613343,0.6138177862709691,0.0012109790023617784,0.6138177862709691
513.0,0.02,1.4111959533894947,0.0,0.125,0.19146426746009962,0.00025616444372644764,1.4111959533894947,0.0002562147708431439,1.4111959533894947,0.6142989709676261,0.00905477808544069,0.125,0.04564284066639688,0.0012095364069355519,0.6142989709676261,0.001209536406936218,0.6142989709676261
514.0,0.02,1.4143312509484645,0.0,0.125,0.19192950926302943,0.0002568009543892913,1.4143312509484645,0.0002568526421100614,1.4143312509484645,0.6147795295323586,0.00905477808544069,0.125,0.0457005957780788,0.0012080980930140317,0.6147795295323586,0.0012080980930144758,0.6147795295323586
515.0,0.02,1.4174723580705972,0.0,0.125,0.1923956878736457,0.0002574234252392671,1.4174723580705972,0.00025747650545326906,1.4174723580705972,0.6152594638026438,0.00905477808544069,0.125,0.045758296838644075,0.0012066640364727377,0.6152594638026438,0.0012066640364736259,0.6152594638026438
516.0,0.02,1.4206191095736358,0.0,0.125,0.1928627913049438,0.0002580325818826168,1.4206191095736358,0.0002580870869337559,1.4206191095736358,0.6157387756071924,0.00905477808544069,0.125,0.04581594397314051,0.0012052342133459515,0.6157387756071924,0.0012052342133463956,0.6157387756071924
517.0,0.02,1.423771348024161,0.0,0.125,0.19333080787180199,0.00025862909410534485,1.423771348024161,0.00025868505713333434,1.423771348024161,0.616217466765997,0.00905477808544069,0.125,0.045873537306085115,0.0012038085998242742,0.616217466765997,0.0012038085998247183,0.616217466765997
518.0,0.02,1.4269289231996822,0.0,0.125,0.1937997261768993,0.00025921358246705495,1.4269289231996822,0.0002592710371800422,1.4269289231996822,0.6166955390903988,0.00905477808544069,0.125,0.045931076961467504,0.0012023871722592894,0.6166955390903988,0.0012023871722599555,0.6166955390903988
519.0,0.02,1.4300916916001256,0.0,0.125,0.1942695350975875,0.00025978662210945913,1.4300916916001256,0.0002598456027840257,1.4300916916001256,0.6171729943831405,0.00905477808544069,0.125,0.04598856306275309,0.0012009699071684476,0.6171729943831405,0.0012009699071691138,0.6171729943831405
520.0,0.02,1.433259516003318,0.0,0.125,0.19474022377366093,0.00026034874781544204,1.433259516003318,0.00026040928952397735,1.433259516003318,0.6176498344384254,0.00905477808544069,0.125,0.04604599573288647,0.0011995567812319585,0.6176498344384254,0.0011995567812328467,0.6176498344384254
521.0,0.02,1.4364322650611143,0.0,0.125,0.1952117815959345,0.00026090045707860554,1.4364322650611143,0.00026096259557562007,1.4364322650611143,0.6181260610419694,0.00905477808544069,0.125,0.0461033750942945,0.0011981477712976751,0.6181260610419694,0.0011981477712981192,0.6181260610419694
522.0,0.02,1.439609812927813,0.0,0.125,0.19568419819554053,0.0002614422133433436,1.439609812927813,0.000261505984951782,1.439609812927813,0.6186016759710562,0.00905477808544069,0.125,0.04616070126888958,0.0011967428543808722,0.6186016759710562,0.0011967428543813163,0.6186016759710562
523.0,0.02,1.442792038922505,0.0,0.125,0.19615746343389176,0.0002619744498701948,1.442792038922505,0.0002620398917088096,1.442792038922505,0.6190766809946013,0.00905477808544069,0.125,0.04621797437807279,0.0011953420076653565,0.6190766809946013,0.0011953420076660226,0.6190766809946013
524.0,0.02,1.4459788272181413,0.0,0.125,0.19663156739327747,0.00026249757144114483,1.4459788272181413,0.0002625647211971227,1.4459788272181413,0.619551077873195,0.00905477808544069,0.125,0.046275194542737014,0.0011939452085041324,0.619551077873195,0.0011939452085047986,0.619551077873195
525.0,0.02,1.4491700665555527,0.0,0.125,0.19710650036803146,0.00026301195686073697,1.4491700665555527,0.00026308085307391593,1.4491700665555527,0.6200248683591638,0.00905477808544069,0.125,0.04633236188327011,0.0011925524344180705,0.6200248683591638,0.0011925524344187366,0.6200248683591638
526.0,0.02,1.4523656499794129,0.0,0.125,0.19758225285616357,0.0002635179615708694,1.4523656499794129,0.0002635886433495216,1.4523656499794129,0.6204980541966238,0.00905477808544069,0.125,0.046389476519558,0.0011911636630985711,0.6204980541966238,0.0011911636630992373,0.6204980541966238
527.0,0.02,1.4555654745963125,0.0,0.125,0.19805881555157032,0.00026401591873082,1.4555654745963125,0.0002640884259790255,1.4555654745963125,0.6209706371215284,0.00905477808544069,0.125,0.046446538570987614,0.0011897788724040126,0.6209706371215284,0.0011897788724046787,0.6209706371215284
528.0,0.02,1.4587694413494887,0.0,0.125,0.19853617933657985,0.00026450614200257405,1.4587694413494887,0.0002645805154770642,1.4587694413494887,0.6214426188617299,0.00905477808544069,0.125,0.04650354815645015,0.001188398040361749,0.6214426188617299,0.001188398040362193,0.6214426188617299
529.0,0.02,1.4619774548096984,0.0,0.125,0.1990143352749806,0.00026498892623294523,1.4619774548096984,0.0002650652073157289,1.4619774548096984,0.6219140011370234,0.00905477808544069,0.125,0.04656050539434389,0.0011870211451669999,0.6219140011370234,0.001187021145167666,0.6219140011370234
530.0,0.02,1.4651894229830305,0.0,0.125,0.1994932746054329,0.00026546454938625175,1.4651894229830305,0.00026554278019830235,1.4651894229830305,0.6223847856592049,0.00905477808544069,0.125,0.04661741040257735,0.001185648165182629,0.6223847856592049,0.001185648165183295,0.6223847856592049
531.0,0.02,1.4684052571309394,0.0,0.125,0.19997298873517025,0.0002659332730559072,1.4684052571309394,0.0002660134965708494,1.4684052571309394,0.6228549741321148,0.00905477808544069,0.125,0.04667426329857211,0.0011842790789362567,0.6228549741321148,0.0011842790789367008,0.6228549741321148
532.0,0.02,1.4716248716022164,0.0,0.125,0.20045346923408605,0.00026639534490868755,1.4716248716022164,0.000266477604782267,1.4716248716022164,0.6233245682517023,0.00905477808544069,0.125,0.046731064199265857,0.001182913865120483,0.6233245682517023,0.001182913865121371,0.6233245682517023
533.0,0.02,1.4748481836780911,0.0,0.125,0.20093470782910883,0.0002668509981731404,1.4748481836780911,0.00026693533908428435,1.4748481836780911,0.6237935706308568,0.008516585872756742,0.125,0.04678781322111531,0.0011815525025951068,0.6237935706308568,0.0011815525025955509,0.6237935706308568
534.0,0.02,1.4780751134258594,0.0,0.125,0.2014166963988717,0.00026730045442491246,1.4780751134258594,0.0002673869215072955,1.4780751134258594,0.6242619823106814,0.008516585872756742,0.125,0.046844510480099036,0.0011801949703793557,0.6242619823106814,0.0011801949703800219,0.6242619823106814
535.0,0.02,1.4813055835627438,0.0,0.125,0.20189942696861546,0.0002677439227909417,1.4813055835627438,0.00026783256220141993,1.4813055835627438,0.6247298047196364,0.008516585872756742,0.125,0.046901156091720464,0.0011788412476587684,0.6247298047196364,0.0011788412476592125,0.6247298047196364
536.0,0.02,1.4845395193283366,0.0,0.125,0.20238289170537138,0.00026818160148422976,1.4845395193283366,0.00026827246017546713,1.4845395193283366,0.6251970395234188,0.008516585872756742,0.125,0.04695775017101057,0.0011774913137767573,0.6251970395234188,0.0011774913137776455,0.6251970395234188
537.0,0.02,1.4877768483653995,0.0,0.125,0.20286708291337124,0.00026861367882702325,1.4877768483653995,0.00026870680466117847,1.4877768483653995,0.6256636883800843,0.008516585872756742,0.125,0.047014292832530835,0.0011761451482383833,0.6256636883800843,0.0011761451482390495,0.6256636883800843
538.0,0.02,1.4910175006068016,0.0,0.125,0.20335199302967805,0.00026904033342134426,1.4910175006068016,0.00026913577505638386,1.4910175006068016,0.6261297529400978,0.008516585872756742,0.125,0.04707078419037601,0.0011748027307074693,0.6261297529400978,0.0011748027307081355,0.6261297529400978
539.0,0.02,1.4942614081706438,0.0,0.125,0.20383761461998529,0.0002694617347174244,1.4942614081706438,0.00026955954177765307,1.4942614081706438,0.6265952348463844,0.008516585872756742,0.125,0.04712722435817691,0.0011734640410039354,0.6265952348463844,0.0011734640410043795,0.6265952348463844
540.0,0.02,1.4975085052604982,0.0,0.125,0.20432394037466847,0.00026987804443479035,1.4975085052604982,0.00026997826716979034,1.4975085052604982,0.6270601357343679,0.008516585872756742,0.125,0.047183613449103136,0.0011721290591046873,0.6270601357343679,0.0011721290591053535,0.6270601357343679
541.0,0.02,1.5006847421165048,0.0,0.125,0.204810376952116,0.0002641463154873236,1.5006847421165048,0.0002642490051698587,1.5006847421165048,0.6275244677942569,0.008516585872756742,0.125,0.047239951580959866,0.0011707977683603765,0.6275244677942569,0.0011707977683608206,0.6275244677942569
542.0,0.02,1.5038382440091027,0.0,0.125,0.20529636151509378,0.00026198784951247944,1.5038382440091027,0.0002620930582679648,1.5038382440091027,0.6279882222430542,0.008516585872756742,0.125,0.047296238871064995,0.0011694701560003296,0.6279882222430542,0.0011694701560007736,0.6279882222430542
543.0,0.02,1.5069738111087645,0.0,0.125,0.20578192581139068,0.0002605258148946632,1.5069738111087645,0.000260633595814852,1.5069738111087645,0.6284514006926216,0.008516585872756742,0.125,0.04735247543117355,0.0011681462060870729,0.6284514006926216,0.001168146206087517,0.6284514006926216
544.0,0.02,1.5100945381448128,0.0,0.125,0.20626709504662608,0.0002594078925426402,1.5100945381448128,0.00025951829962878037,1.5100945381448128,0.6289140047475341,0.008516585872756742,0.125,0.047408661372590255,0.0011668259009336435,0.6289140047475341,0.0011668259009343096,0.6289140047475341
545.0,0.02,1.5132025590042417,0.0,0.125,0.2067518900434295,0.0002585046420335857,1.5132025590042417,0.0002586177302532633,1.5132025590042417,0.6293760360051264,0.008516585872756742,0.125,0.047464796806172306,0.001165509221771277,0.6293760360051264,0.0011655092217721652,0.6293760360051264
546.0,0.02,1.5162994287531433,0.0,0.125,0.20723632851196283,0.0002577510513788184,1.5162994287531433,0.0002578668766091141,1.5162994287531433,0.6298374960555391,0.008516585872756742,0.125,0.04752088184233222,0.001164196149203267,0.6298374960555391,0.0011641961492039332,0.6298374960555391
547.0,0.02,1.5193863318212948,0.0,0.125,0.20772042583960634,0.0002571089765410761,1.5193863318212948,0.00025722759551172203,1.5193863318212948,0.6302983864817591,0.008516585872756742,0.125,0.04757691659104041,0.0011628866635040591,0.6302983864817591,0.0011628866635047252,0.6302983864817591
548.0,0.02,1.52246420231711,0.0,0.125,0.20820419561047426,0.0002565537772056814,1.52246420231711,0.0002566752478401213,1.52246420231711,0.6307587088596684,0.008516585872756742,0.125,0.04763290116182786,0.001161580744830859,0.6307587088596684,0.0011615807448315252,0.6307587088596684
549.0,0.02,1.5255337974763847,0.0,0.125,0.20868764996447114,0.0002560684499144372,1.5255337974763847,0.00025619283081823596,1.5255337974763847,0.6312184647580867,0.008516585872756742,0.125,0.047688835663788814,0.0011602783733544175,0.6312184647580867,0.0011602783733548616,0.6312184647580867
550.0,0.02,1.5285957447667897,0.0,0.125,0.2091707998560108,0.0002556406780627185,1.5285957447667897,0.0002557680292625264,1.5285957447667897,0.6316776557388173,0.008516585872756742,0.125,0.04774472020558323,0.0011589795293471816,0.6316776557388173,0.0011589795293476257,0.6316776557388173
551.0,0.02,1.5316505734277257,0.0,0.125,0.20965365524698765,0.0002552612050976677,1.5316505734277257,0.0002553915873022561,1.5316505734277257,0.6321362833566833,0.008516585872756742,0.125,0.047800554895439384,0.0011576841932394721,0.6321362833566833,0.0011576841932401383,0.6321362833566833
552.0,0.02,1.5346987363946027,0.0,0.125,0.21013622525487305,0.00025492286903272543,1.5346987363946027,0.0002550563439740472,1.5346987363946027,0.6325943491595787,0.008516585872756742,0.125,0.04785633984115636,0.0011563923456523462,0.6325943491595787,0.0011563923456527903,0.6325943491595787
553.0,0.02,1.5377406260280964,0.0,0.125,0.2106185182691596,0.0002546199966104723,1.5377406260280964,0.0002547566271573487,1.5377406260280964,0.633051854688508,0.008516585872756742,0.125,0.0479120751501067,0.0011551039674144725,0.633051854688508,0.0011551039674149166,0.633051854688508
554.0,0.02,1.5407765857149798,0.0,0.125,0.21110054204474882,0.0002543480068197823,1.5407765857149798,0.0002544878569210596,1.5407765857149798,0.6335088014776242,0.008516585872756742,0.125,0.047967760929238636,0.0011538190395723458,0.6335088014776242,0.0011538190395727899,0.6335088014776242
555.0,0.02,1.5438069186245116,0.0,0.125,0.21158230377809792,0.00025410314071905304,1.5438069186245116,0.0002542462753467589,1.5438069186245116,0.6339651910542798,0.008516585872756742,0.125,0.04802339728507869,0.0011525375433925067,0.6339651910542798,0.0011525375433933949,0.6339651910542798
556.0,0.02,1.5468318944531347,0.0,0.125,0.21206381017028622,0.00025388227186340373,1.5468318944531347,0.0002540287568990607,1.5468318944531347,0.634421024939058,0.008516585872756742,0.125,0.04807898432373418,0.0011512594603577675,0.634421024939058,0.0011512594603586557,0.634421024939058
557.0,0.02,1.5498517547117103,0.0,0.125,0.21254506747984073,0.00025368276936887924,1.5498517547117103,0.00025383267194456494,1.5498517547117103,0.6348763046458228,0.008516585872756742,0.125,0.048134522150895434,0.0011499847721645473,0.6348763046458228,0.0011499847721652134,0.6348763046458228
558.0,0.02,1.5528667169335222,0.0,0.125,0.213026081567498,0.0002535023968448513,1.5528667169335222,0.0002536557851726684,1.5528667169335222,0.6353310316817553,0.008516585872756742,0.125,0.048190010871838426,0.0011487134607157667,0.6353310316817553,0.0011487134607162108,0.6353310316817553
559.0,0.02,1.5558769780697617,0.0,0.125,0.21350685793450708,0.00025333923673542813,1.5558769780697617,0.00025349618027803444,1.5558769780697617,0.6357852075473958,0.008516585872756742,0.125,0.048245450591426944,0.0011474455081137425,0.6357852075473958,0.0011474455081141866,0.6357852075473958
560.0,0.02,1.558882717261838,0.0,0.125,0.21398740175565942,0.00025319163165704595,1.558882717261838,0.0002533522007297506,1.558882717261838,0.6362388338024301,0.007976840399843262,0.125,0.04830084141411511,0.00114618089665397,0.6362388338024301,0.0011461808966548581,0.6362388338024301
561.0,0.02,1.5618840981288713,0.0,0.125,0.21446771790800745,0.0002530581395490117,1.5618840981288713,0.00025322240571767907,1.5618840981288713,0.6366919125081114,0.007976840399843262,0.125,0.04835618344394963,0.0011449196088200164,0.6366919125081114,0.0011449196088204605,0.6366919125081114
562.0,0.02,1.5648812706745616,0.0,0.125,0.21494781099601565,0.0002529374977484622,1.5648812706745616,0.0002531055337726684,1.5648812706745616,0.6371444445300769,0.007976840399843262,0.125,0.048411476784572166,0.0011436616272704203,0.6371444445300769,0.0011436616272708644,0.6371444445300769
563.0,0.02,1.5678743728880704,0.0,0.125,0.21542768537367035,0.00025282859445496797,1.5678743728880704,0.000253000474288001,1.5678743728880704,0.637596431343211,0.007976840399843262,0.125,0.04846672153922159,0.0011424069348402455,0.637596431343211,0.0011424069348411336,0.637596431343211
564.0,0.02,1.5708635321016686,0.0,0.125,0.21590734516408655,0.00025273044599316563,1.5708635321016686,0.00025290624472518175,1.5708635321016686,0.6380478744159577,0.007976840399843262,0.125,0.04852191781073642,0.0011411555145310892,0.6380478744159577,0.0011411555145315333,0.6380478744159577
565.0,0.02,1.5738488661481256,0.0,0.125,0.21638679427694163,0.00025264217765652575,1.5738488661481256,0.0002528219715713931,1.5738488661481256,0.6384987752103641,0.007976840399843262,0.125,0.04857706570155686,0.0011399073495033107,0.6384987752103641,0.0011399073495037548,0.6384987752103641
566.0,0.02,1.5768304843539909,0.0,0.125,0.21686603642407448,0.0002525630088143771,1.5768304843539909,0.00025274687533283213,1.5768304843539909,0.6389491351821202,0.007976840399843262,0.125,0.04863216531372724,0.001138662423074921,0.6389491351821202,0.001138662423075587,0.6389491351821202
567.0,0.02,1.5798084883987826,0.0,0.125,0.21734507513346862,0.0002524922394400164,1.5798084883987826,0.0002526802574038811,1.5798084883987826,0.6393989557805915,0.007976840399843262,0.125,0.048687216748898206,0.001137420718715143,0.6393989557805915,0.0011374207187160312,0.6393989557805915
568.0,0.02,1.582782973060148,0.0,0.125,0.21782391376187363,0.000252429240561014,1.582782973060148,0.00025262148983529187,1.582782973060148,0.6398482384488664,0.007976840399843262,0.125,0.04874222010832896,0.0011361822200393057,0.6398482384488664,0.0011361822200401939,0.6398482384488664
569.0,0.02,1.585754026864663,0.0,0.125,0.21830255550622388,0.0002523734439137115,1.585754026864663,0.00025257000584133493,1.585754026864663,0.640296984623784,0.007976840399843262,0.125,0.048797175492889394,0.0011349469108055121,0.640296984623784,0.0011349469108061783,0.640296984623784
570.0,0.02,1.588721732658314,0.0,0.125,0.21878100341395715,0.0002523243356904459,1.588721732658314,0.00025252529263752876,1.588721732658314,0.6407451957359769,0.007976840399843262,0.125,0.04885208300306234,0.0011337147749113097,0.6407451957359769,0.0011337147749117538,0.6407451957359769
571.0,0.02,1.5916861681095043,0.0,0.125,0.21925926039248703,0.0002522814492067482,1.5916861681095043,0.0002524868850173334,1.5916861681095043,0.6411928732099061,0.007976840399843262,0.125,0.04890694273894575,0.0011324857963885826,0.6411928732099061,0.0011324857963892487,0.6411928732099061
572.0,0.02,1.5946474061541949,0.0,0.125,0.21973732921776973,0.000252244359614906,1.5946474061541949,0.0002524543593267481,1.5946474061541949,0.641640018463902,0.007976840399843262,0.125,0.04896175480025483,0.00113125995940222,0.641640018463902,0.001131259959402886,0.641640018463902
573.0,0.02,1.5976055153899438,0.0,0.125,0.22021521254218918,0.00025221267924280255,1.5976055153899438,0.000252427329087368,1.5976055153899438,0.6420866329101926,0.007976840399843262,0.125,0.04901651928632422,0.0011300372482458965,0.6420866329101926,0.0011300372482463406,0.6420866329101926
574.0,0.02,1.6005605604277093,0.0,0.125,0.2206929129018047,0.00025218605344434764,1.6005605604277093,0.0002524054415289356,1.6005605604277093,0.6425327179549489,0.007976840399843262,0.125,0.04907123629611006,0.0011288176473398526,0.6425327179549489,0.0011288176473407407,0.6425327179549489
575.0,0.02,1.6035126022069335,0.0,0.125,0.22117043272297582,0.00025216415741624587,1.6035126022069335,0.0002523883725302767,1.6035126022069335,0.6429782749983153,0.007976840399843262,0.125,0.04912590592819209,0.0011276011412304499,0.6429782749983153,0.001127601141230894,0.6429782749983153
576.0,0.02,1.6064616982769166,0.0,0.125,0.22164777432849486,0.0002521466926168614,1.6064616982769166,0.000252375825141371,1.6064616982769166,0.6434233054344436,0.007976840399843262,0.125,0.049180528280775855,0.0011263877145815115,0.6434233054344436,0.0011263877145819556,0.6434233054344436
577.0,0.02,1.6094079030509079,0.0,0.125,0.22212493994326268,0.00025213338398089036,1.6094079030509079,0.00025236752577484367,1.6094079030509079,0.643867810651535,0.007976840399843262,0.125,0.04923510345169467,0.0011251773521792074,0.643867810651535,0.0011251773521798736,0.643867810651535
578.0,0.02,1.6123512680341037,0.0,0.125,0.22260193169950682,0.00025212397810037146,1.6123512680341037,0.0002523632223869754,1.6123512680341037,0.6443117920318706,0.007976840399843262,0.125,0.04928963153841177,0.0011239700389267249,0.6443117920318706,0.001123970038927169,0.6443117920318706
579.0,0.02,1.6152918420320361,0.0,0.125,0.22307875164166416,0.0002521182410077927,1.6152918420320361,0.0002523626822608094,1.6152918420320361,0.6447552509518455,0.007976840399843262,0.125,0.04934411263802229,0.0011227657598422702,0.6447552509518455,0.0011227657598431584,0.6447552509518455
580.0,0.02,1.6182296713366782,0.0,0.125,0.22355540173087343,0.0002521159556749808,1.6182296713366782,0.00025236569001663156,1.6182296713366782,0.6451981887820071,0.007976840399843262,0.125,0.049398546847255316,0.0011215645000581809,0.6451981887820071,0.001121564500058847,0.6451981887820071
581.0,0.02,1.6211647998977128,0.0,0.125,0.22403188384920197,0.0002521169213878238,1.6211647998977128,0.00025237204613404174,1.6211647998977128,0.6456406068870861,0.007976840399843262,0.125,0.04945293426247593,0.0011203662448178164,0.6456406068870861,0.0011203662448184826,0.6456406068870861
582.0,0.02,1.6240972694778293,0.0,0.125,0.22450819980353512,0.00025212095158622105,1.6240972694778293,0.00025238156570139836,1.6240972694778293,0.6460825066260316,0.007976840399843262,0.125,0.0495072749796872,0.0011191709794744487,0.6460825066260316,0.0011191709794753368,0.6460825066260316
583.0,0.02,1.627027119794434,0.0,0.125,0.22498435132925973,0.00025212787284090155,1.627027119794434,0.00025239407676735937,1.627027119794434,0.6465238893520453,0.007976840399843262,0.125,0.049561569094532215,0.0011179786894923716,0.6465238893520453,0.0011179786894930377,0.6465238893520453
584.0,0.02,1.6299543886494803,0.0,0.125,0.2254603400936499,0.00025213752383024257,1.6299543886494803,0.00025240941931770067,1.6299543886494803,0.6469647564126153,0.007976840399843262,0.125,0.04961581670229597,0.0011167893604402401,0.6469647564126153,0.0011167893604409063,0.6469647564126153
585.0,0.02,1.6328791120484993,0.0,0.125,0.22593616769907549,0.0002521497536918105,1.6328791120484993,0.00025242744408160434,1.6328791120484993,0.6474051091495483,0.007976840399843262,0.125,0.04967001789790735,0.001115602977994845,0.6474051091495483,0.0011156029779955112,0.6474051091495483
586.0,0.02,1.6358013243099663,0.0,0.125,0.2264118356860233,0.00025216442224973434,1.6358013243099663,0.00025244801241797177,1.6358013243099663,0.6478449488990048,0.007976840399843262,0.125,0.04972417277594113,0.0011144195279355618,0.6478449488990048,0.0011144195279360058,0.6478449488990048
587.0,0.02,1.6387210581655154,0.0,0.125,0.2268873455358604,0.00025218139796834294,1.6387210581655154,0.0002524709942690606,1.6387210581655154,0.6482842769915274,0.007976840399843262,0.125,0.04977828143061994,0.0011132389961467926,0.6482842769915274,0.0011132389961472366,0.6482842769915274
588.0,0.02,1.6416383448535612,0.0,0.125,0.2273626986735294,0.0002522005580090081,1.6416383448535612,0.0002524962685015453,1.6416383448535612,0.6487230948951592,0.007435659025733593,0.125,0.04983234395581606,0.001112061368613304,0.6487230948951592,0.0011120613686139702,0.6487230948951592
589.0,0.02,1.6445532142038246,0.0,0.125,0.22783789647000374,0.0002522217869795895,1.6445532142038246,0.00025252372114437094,1.6445532142038246,0.6491614040683937,0.007435659025733593,0.125,0.04988636044505338,0.0011108866314215593,0.6491614040683937,0.0011108866314222254,0.6491614040683937
590.0,0.02,1.6474656947177664,0.0,0.125,0.22831294024462911,0.0002522449771049651,1.6474656947177664,0.0002525532460708746,1.6474656947177664,0.6495992055576187,0.007435659025733593,0.125,0.04994033099150938,0.0011097147707577193,0.6495992055576187,0.0011097147707583854,0.6495992055576187
591.0,0.02,1.650375813641574,0.0,0.125,0.228787831267337,0.00025227002686278865,1.650375813641574,0.0002525847430661088,1.650375813641574,0.6500365006715438,0.007435659025733593,0.125,0.04999425568801683,0.0011085457729049786,0.6500365006715438,0.0011085457729056447,0.6500365006715438
592.0,0.02,1.6532835970340898,0.0,0.125,0.22926257076072457,0.00025229684081296,1.6532835970340898,0.00025261811873633633,1.6532835970340898,0.6504732907134361,0.007435659025733593,0.125,0.05004813462706586,0.0011073796242462297,0.6504732907134361,0.0011073796242466738,0.6504732907134361
593.0,0.02,1.6561890698311004,0.0,0.125,0.2297371599020284,0.000252325329370251,1.6561890698311004,0.00025265328491741457,1.6561890698311004,0.6509095769811402,0.007435659025733593,0.125,0.050101967900805636,0.0011062163112582901,0.6509095769811402,0.0011062163112587342,0.6509095769811402
594.0,0.02,1.659092255903488,0.0,0.125,0.23021159982496875,0.00025235540800849776,1.659092255903488,0.00025269015884532564,1.659092255903488,0.6513453607671138,0.007435659025733593,0.125,0.050155755601046376,0.0011050558205150107,0.6513453607671138,0.0011050558205154548,0.6513453607671138
595.0,0.02,1.6619931781130504,0.0,0.125,0.23068589162152164,0.0002523869970900705,1.6619931781130504,0.00025272866241721204,1.6619931781130504,0.6517806433584554,0.007435659025733593,0.125,0.05020949781926095,0.0011038981386841673,0.6517806433584554,0.0011038981386846114,0.6517806433584554
596.0,0.02,1.664891858363717,0.0,0.125,0.23116003634358903,0.00025242002158165633,1.664891858363717,0.00025276872236190684,1.664891858363717,0.6522154260369402,0.007435659025733593,0.125,0.050263194646586885,0.0011027432525261283,0.6522154260369402,0.0011027432525265723,0.6522154260369402
597.0,0.02,1.6677883176496948,0.0,0.125,0.23163403500455101,0.0002524544103152948,1.6677883176496948,0.0002528102692167522,1.6677883176496948,0.6526497100790458,0.007435659025733593,0.125,0.050316846173828096,0.0011015911488938546,0.6526497100790458,0.0011015911488947427,0.6526497100790458
598.0,0.02,1.6706825761003188,0.0,0.125,0.23210788858079848,0.00025249009667049904,1.6706825761003188,0.00025285323795287695,1.6706825761003188,0.6530834967559858,0.007435659025733593,0.125,0.05037045249145668,0.001100441814733788,0.6530834967559858,0.0011004418147344541,0.6530834967559858
599.0,0.02,1.673574653022854,0.0,0.125,0.2325815980131253,0.00025252701681210965,1.673574653022854,0.00025289756661095453,1.673574653022854,0.6535167873337357,0.007435659025733593,0.125,0.05042401368961467,0.0010992952370803,0.6535167873337357,0.001099295237080966,0.6535167873337357
600.0,0.02,1.6764645669418883,0.0,0.125,0.23305516420811553,0.00025256511094085,1.6764645669418883,0.0002529431972106977,1.6764645669418883,0.653949583073067,0.007435659025733593,0.125,0.0504775298581158,0.0010981514030588002,0.653949583073067,0.0010981514030592443,0.653949583073067
601.0,0.02,1.6794630445474468,0.0,0.125,0.2335294465605553,0.0002617965525928412,1.6794630445474468,0.0002621823048798433,1.6794630445474468,0.6543820339277333,0.007435659025733593,0.125,0.05053100115656383,0.0010970103450635982,0.6543820339277333,0.0010970103450640423,0.6543820339277333
602.0,0.02,1.68249799801697,0.0,0.125,0.23400526107841849,0.0002656750338587699,1.68249799801697,0.0002660685835849108,1.68249799801697,0.6548139946696117,0.007435659025733593,0.125,0.050584427743823025,0.0010958721475040623,0.6548139946696117,0.0010958721475045063,0.6548139946696117
603.0,0.02,1.6855621711038111,0.0,0.125,0.23448255331716217,0.00026850545998513553,1.6855621711038111,0.00026890694033454565,1.6855621711038111,0.6552454665250476,0.007435659025733593,0.125,0.05063780970810917,0.0010947368483893438,0.6552454665250476,0.001094736848390232,0.6552454665250476
604.0,0.02,1.6886508614580293,0.0,0.125,0.23496127828037158,0.0002708151740193898,1.6886508614580293,0.00027122471999518893,1.6886508614580293,0.6556764507155972,0.007435659025733593,0.125,0.050691147137316726,0.0010936044594762606,0.6556764507155972,0.0010936044594771488,0.6556764507155972
605.0,0.02,1.6917608063649823,0.0,0.125,0.23544139734209069,0.0002727980083250259,1.6917608063649823,0.00027321575686301003,1.6917608063649823,0.656106948458052,0.007435659025733593,0.125,0.0507444401190225,0.0010924749754575025,0.656106948458052,0.0010924749754581686,0.656106948458052
606.0,0.02,1.6948896110276905,0.0,0.125,0.23592287643454984,0.00027455138047116634,1.6948896110276905,0.00027497747026927755,1.6948896110276905,0.6565369609644625,0.007435659025733593,0.125,0.0507976887404889,0.001091348380236834,0.6565369609644625,0.0010913483802375001,0.6565369609644625
607.0,0.02,1.6980354369775341,0.0,0.125,0.23640568492022998,0.0002761324993798553,1.6980354369775341,0.00027656707118239865,1.6980354369775341,0.6569664894421618,0.007435659025733593,0.125,0.050850893088666256,0.0010902246511823588,0.6569664894421618,0.001090224651183025,0.6569664894421618
608.0,0.02,1.7011968219704272,0.0,0.125,0.23688979484838416,0.0002775783610218241,1.7011968219704272,0.0002780215573352507,1.7011968219704272,0.6573955350937855,0.007435659025733593,0.125,0.050904053250195404,0.0010891037619826793,0.6573955350937855,0.0010891037619833455,0.6573955350937855
609.0,0.02,1.7043725700144705,0.0,0.125,0.23737518043996772,0.00027891453026995805,1.7043725700144705,0.00027936649536286495,1.7043725700144705,0.6578240991172946,0.007435659025733593,0.125,0.050957169311409534,0.001087985684553816,0.6578240991172946,0.0010879856845542601,0.6578240991172946
610.0,0.02,1.707561680823403,0.0,0.125,0.23786181771552595,0.00028015955183491315,1.707561680823403,0.00028062043219279076,1.707561680823403,0.6582521827059986,0.007435659025733593,0.125,0.051010241358336206,0.001086870390281769,0.6582521827059986,0.001086870390282435,0.6582521827059986
611.0,0.02,1.710763302559144,0.0,0.125,0.23834968421691669,0.0002813273882225076,1.710763302559144,0.0002817973320361489,1.710763302559144,0.6586797870485788,0.007435659025733593,0.125,0.05106326947669909,0.001085757850817437,0.6586797870485788,0.0010857578508178811,0.6586797870485788
612.0,0.02,1.7139766989715213,0.0,0.125,0.2388387587930423,0.0002824288631018135,1.7139766989715213,0.0002829080208357482,1.7139766989715213,0.6591069133291092,0.007435659025733593,0.125,0.05111625375191979,0.0010846480385624524,0.6591069133291092,0.0010846480385628965,0.6591069133291092
613.0,0.02,1.7172012258042173,0.0,0.125,0.23932902143093226,0.0002834725679008443,1.7172012258042173,0.00028396109183859153,1.7172012258042173,0.6595335627270784,0.007435659025733593,0.125,0.05116919426911934,0.0010835409269522867,0.6595335627270784,0.0010835409269527307,0.6595335627270784
614.0,0.02,1.7204363133849938,0.0,0.125,0.23982045311981384,0.0002844654557634385,1.7204363133849938,0.00028496350012119365,1.7204363133849938,0.6599597364174108,0.007435659025733593,0.125,0.0512220911131199,0.0010824364905976935,0.6599597364174108,0.0010824364905983597,0.6599597364174108
615.0,0.02,1.7236814534741143,0.0,0.125,0.24031303573984147,0.00028541324610387164,1.7236814534741143,0.00028592096720103655,1.7236814534741143,0.6603854355704901,0.007435659025733593,0.125,0.05127494436844637,0.001081334705335113,0.6603854355704901,0.0010813347053360012,0.6603854355704901
616.0,0.02,1.7269361891228527,0.0,0.125,0.24080675196972615,0.00028632070814182953,1.7269361891228527,0.00028683826434416915,1.7269361891228527,0.6608106614897542,0.006893108767669093,0.125,0.0513277541193278,0.0010802355482213422,0.6608106614897542,0.0010802355482217862,0.6608106614897542
617.0,0.02,1.7302001067188257,0.0,0.125,0.24130158520900205,0.0002871918663913675,1.7302001067188257,0.0002877194182246967,1.7302001067188257,0.661235415317883,0.006893108767669093,0.125,0.05138052044969908,0.0010791389974880161,0.661235415317883,0.0010791389974886823,0.661235415317883
618.0,0.02,1.7334728296444268,0.0,0.125,0.2417975195119517,0.0002880301515801875,1.7334728296444268,0.000288567861446154,1.7334728296444268,0.6616596981016913,0.006893108767669093,0.125,0.05143324344320226,0.0010780450324807678,0.6616596981016913,0.001078045032481656,0.6616596981016913
619.0,0.02,1.7367540131555756,0.0,0.125,0.24229453953083774,0.0002888385143364758,1.7367540131555756,0.00028938654685362053,1.7367540131555756,0.6620835109938039,0.006893108767669093,0.125,0.05148592318318818,0.0010769536335819563,0.6620835109938039,0.0010769536335824004,0.6620835109938039
620.0,0.02,1.7400433401940063,0.0,0.125,0.24279263046674687,0.00028961951301198496,1.7400433401940063,0.0002901780349020555,1.7400433401940063,0.6625068551424129,0.006893108767669093,0.125,0.05153855975271786,0.0010758647821293987,0.6625068551424129,0.0010758647821300649,0.6625068551424129
621.0,0.02,1.7433405179257306,0.0,0.125,0.24329177802668966,0.00029037538115517236,1.7433405179257306,0.00029094456129996615,1.7433405179257306,0.6629297316913039,0.006893108767669093,0.125,0.05159115323456393,0.0010747784603417632,0.6629297316913039,0.0010747784603426513,0.6629297316913039
622.0,0.02,1.746645274853563,0.0,0.125,0.2437919683858801,0.0002911080808303268,1.746645274853563,0.00029168809044222144,1.746645274853563,0.663352141779872,0.006893108767669093,0.125,0.05164370371121218,0.001073694651236634,0.663352141779872,0.0010736946512370782,0.663352141779872
623.0,0.02,1.7499573583848473,0.0,0.125,0.24429318815438558,0.00029181934615962746,1.7499573583848473,0.0002924103583836768,1.7499573583848473,0.6637740865431496,0.006893108767669093,0.125,0.051696211264862894,0.0010726133385596803,0.6637740865431496,0.0010726133385601244,0.6637740865431496
624.0,0.02,1.7532765327682114,0.0,0.125,0.2447954243474911,0.00029251071697444786,1.7532765327682114,0.0002931129072862859,1.7532765327682114,0.6641955671118205,0.006893108767669093,0.125,0.05174867597743224,0.0010715345067169313,0.6641955671118205,0.0010715345067175974,0.6641955671118205
625.0,0.02,1.7566025773298861,0.0,0.125,0.24529866435915587,0.0002931835679191863,1.7566025773298861,0.00029379711395449704,1.7566025773298861,0.6646165846122485,0.006893108767669093,0.125,0.05180109793055384,0.0010704581407130487,0.6646165846122485,0.0010704581407137148,0.6646165846122485
626.0,0.02,1.7599352849567822,0.0,0.125,0.24580289593821844,0.00029383913050651245,1.7599352849567822,0.0002944642121747165,1.7599352849567822,0.6650371401664907,0.006893108767669093,0.125,0.05185347720557998,0.0010693842260949271,0.6650371401664907,0.0010693842260953712,0.6650371401664907
627.0,0.02,1.763274460782327,0.0,0.125,0.24630810716691054,0.00029447851318309404,1.763274460782327,0.0002951153125536621,1.763274460782327,0.6654572348923249,0.006893108767669093,0.125,0.05190581388358312,0.0010683127488972932,0.6654572348923249,0.0010683127488981814,0.6654572348923249
628.0,0.02,1.7666199210428886,0.0,0.125,0.24681428644141604,0.00029510271701838064,1.7666199210428886,0.0002957514186618937,1.7666199210428886,0.6658768699032653,0.006893108767669093,0.125,0.0519581080453572,0.0010672436956014053,0.6658768699032653,0.0010672436956018494,0.6658768699032653
629.0,0.02,1.7699714920781275,0.0,0.125,0.24732142245416902,0.00029571264911965045,1.7699714920781275,0.00029637343970989605,1.7699714920781275,0.6662960463085861,0.006893108767669093,0.125,0.052010359771419074,0.001066177053088424,0.6662960463085861,0.0010661770530890902,0.6662960463085861
630.0,0.02,1.7733290094508902,0.0,0.125,0.24782950417775595,0.00029630913434175454,1.7733290094508902,0.00029698220305363066,1.7733290094508902,0.6667147652133434,0.006893108767669093,0.125,0.05206256914200982,0.0010651128086067718,0.6667147652133434,0.001065112808607216,0.6667147652133434
631.0,0.02,1.7766923171699887,0.0,0.125,0.24833852085013886,0.0002968929248368113,1.7766923171699887,0.00029757846289157897,1.7766923171699887,0.6671330277183927,0.006893108767669093,0.125,0.052114736237096136,0.001064050949733275,0.6671330277183927,0.0010640509497337192,0.6671330277183927
632.0,0.02,1.780061267002111,0.0,0.125,0.24884846196111765,0.00029746470829650207,1.780061267002111,0.0002981629095302196,1.780061267002111,0.6675508349204071,0.006893108767669093,0.125,0.05216686113637167,0.0010629914643480731,0.6675508349204071,0.0010629914643487393,0.6675508349204071
633.0,0.02,1.7834357178577989,0.0,0.125,0.24935931723989174,0.0002980251150574986,1.7834357178577989,0.00029873617569364797,1.7834357178577989,0.6679681879119066,0.006893108767669093,0.125,0.05221894391925832,0.0010619343406061965,0.6679681879119066,0.0010619343406068626,0.6679681879119066
634.0,0.02,1.7868155352435906,0.0,0.125,0.24987107664352742,0.0002985747245247694,1.7868155352435906,0.0002992988431174126,1.7868155352435906,0.6683850877812683,0.006893108767669093,0.125,0.05227098466490759,0.0010608795669135862,0.6683850877812683,0.0010608795669144744,0.6683850877812683
635.0,0.02,1.790200590770553,0.0,0.125,0.2503837303463689,0.00029911407079907804,1.790200590770553,0.0002998514484033876,1.790200590770553,0.6688015356127521,0.006893108767669093,0.125,0.052322983452201904,0.0010598271319066654,0.6688015356127521,0.0010598271319073316,0.6688015356127521
636.0,0.02,1.793590761713176,0.0,0.125,0.25089726873015666,0.00029964364671286603,1.793590761713176,0.0003003944865440644,1.793590761713176,0.669217532486519,0.006893108767669093,0.125,0.05237494035975594,0.0010587770244319117,0.669217532486519,0.0010587770244327999,0.669217532486519
637.0,0.02,1.796985930609651,0.0,0.125,0.2514116823748977,0.0003001639077524487,1.796985930609651,0.0003009284159247727,1.796985930609651,0.6696330794786522,0.006893108767669093,0.125,0.05242685546591789,0.0010577292335314237,0.6696330794786522,0.0010577292335318678,0.6696330794786522
638.0,0.02,1.8003859849010269,0.0,0.125,0.251926962050291,0.0003006752769465493,1.8003859849010269,0.0003014536618479724,1.8003859849010269,0.6700481776611764,0.006893108767669093,0.125,0.0524787288487708,0.0010566837484249358,0.6700481776611764,0.00105668374842538,0.6700481776611764
639.0,0.02,1.803790816605158,0.0,0.125,0.2524430987078404,0.0003011781466852881,1.803790816605158,0.00030197061903436406,1.803790816605158,0.6704628281020779,0.006893108767669093,0.125,0.0525305605861338,0.0010556405584993822,0.6704628281020779,0.0010556405585000483,0.6704628281020779
640.0,0.02,1.8072003220174793,0.0,0.125,0.2529600834734247,0.0003016728820739445,1.8072003220174793,0.0003024796554882414,1.8072003220174793,0.6708770318653212,0.006893108767669093,0.125,0.05258235075556342,0.0010545996532957957,0.6708770318653212,0.0010545996532964619,0.6708770318653212
641.0,0.02,1.8106144014404322,0.0,0.125,0.2534779076402968,0.0003021598234340672,1.8106144014404322,0.0003029811137480465,1.8106144014404322,0.6712907900108738,0.006893108767669093,0.125,0.05263409943435489,0.001053561022497096,0.6712907900108738,0.001053561022497762,0.6712907900108738
642.0,0.02,1.8140329589349449,0.0,0.125,0.25399656266261994,0.0003026392887477414,1.8140329589349449,0.0003034753144675051,1.8140329589349449,0.6717041035947211,0.006893108767669093,0.125,0.052685806699543355,0.0010525246559214274,0.6717041035947211,0.0010525246559220935,0.6717041035947211
643.0,0.02,1.8174559020936272,0.0,0.125,0.25451604014932816,0.00030311157456708315,1.8174559020936272,0.0003039625568135307,1.8174559020936272,0.6721169736688877,0.006893108767669093,0.125,0.05273747262790512,0.0010514905435103916,0.6721169736688877,0.0010514905435110578,0.6721169736688877
644.0,0.02,1.8208831418312457,0.0,0.125,0.2550363318583792,0.0003035769592543147,1.8208831418312457,0.0003044431219905164,1.8208831418312457,0.6725294013901257,0.006349225127478153,0.125,0.05278909729595894,0.001050458675324828,0.6725294013901257,0.001050458675325272,0.6725294013901257
645.0,0.02,1.8243145921937867,0.0,0.125,0.25555742969133416,0.00030403570349335496,1.8243145921937867,0.0003049172729561178,1.8243145921937867,0.6729413877400601,0.006349225127478153,0.125,0.05284068077996723,0.0010494290415345997,0.6729413877400601,0.0010494290415352658,0.6729413877400601
646.0,0.02,1.8277501701803658,0.0,0.125,0.25607932568825187,0.0003044880521088089,1.8277501701803658,0.000305385257377111,1.8277501701803658,0.6733529337181199,0.006349225127478153,0.125,0.05289222315593736,0.0010484016324150414,0.6733529337181199,0.0010484016324157075,0.6733529337181199
647.0,0.02,1.8311897955808263,0.0,0.125,0.25660201202286387,0.00030493423520283613,1.8311897955808263,0.0003058473080272961,1.8311897955808263,0.6737640403607907,0.006349225127478153,0.125,0.05294372449962273,0.0010473764383409634,0.6737640403607907,0.0010473764383416295,0.6737640403607907
648.0,0.02,1.8346333908241377,0.0,0.125,0.25712548099802196,0.000305374469689923,1.8346333908241377,0.0003063036444359568,1.8346333908241377,0.6741747087006964,0.006349225127478153,0.125,0.0529951848865242,0.0010463534497793248,0.6741747087006964,0.001046353449779991,0.6741747087006964
649.0,0.02,1.8380808808382199,0.0,0.125,0.257649725041366,0.00030580895946741293,1.8380808808382199,0.0003067544733426075,1.8380808808382199,0.674584939766613,0.006349225127478153,0.125,0.0530466043918911,0.0010453326572881227,0.674584939766613,0.0010453326572887889,0.674584939766613
650.0,0.02,1.8415321929197717,0.0,0.125,0.25817473670125785,0.000306237897518713,1.8415321929197717,0.00030719999040229595,1.8415321929197717,0.6749947345834912,0.006349225127478153,0.125,0.053097983090722604,0.0010443140515103977,0.6749947345834912,0.0010443140515108418,0.6749947345834912
651.0,0.02,1.8449872566136492,0.0,0.125,0.2587005086428978,0.0003066614656859201,1.8449872566136492,0.0003076403801287597,1.8449872566136492,0.675404094172475,0.006349225127478153,0.125,0.05314932105776876,0.0010432976231713464,0.675404094172475,0.0010432976231717905,0.675404094172475
652.0,0.02,1.8484460035999177,0.0,0.125,0.259227033644614,0.0003070798360909066,1.8484460035999177,0.0003080758175997289,1.8484460035999177,0.6758130195509187,0.006349225127478153,0.125,0.05320061836753183,0.0010422833630743256,0.6758130195509187,0.0010422833630749917,0.6758130195509187
653.0,0.02,1.8519083675891466,0.0,0.125,0.2597543045943997,0.0003074931716469109,1.8519083675891466,0.0003085064684569261,1.8519083675891466,0.6762215117324035,0.006349225127478153,0.125,0.0532518750942674,0.0010412712620986309,0.6762215117324035,0.001041271262099297,0.6762215117324035
654.0,0.02,1.8553742842228758,0.0,0.125,0.2602823144865548,0.00030790162696803236,1.8553742842228758,0.0003089324902134649,1.8553742842228758,0.6766295717267601,0.006349225127478153,0.125,0.0533030913119855,0.0010402613111961667,0.6766295717267601,0.0010402613111966108,0.6766295717267601
655.0,0.02,1.858843690984088,0.0,0.125,0.2608110564185371,0.00030830534831238765,1.858843690984088,0.00030935403191278965,1.858843690984088,0.6770372005400851,0.006349225127478153,0.125,0.0533542670944519,0.0010392535013887816,0.6770372005400851,0.0010392535013892257,0.6770372005400851
656.0,0.02,1.8623165271086464,0.0,0.125,0.26134052358791454,0.00030870447483266616,1.8623165271086464,0.00030977123566344744,1.8623165271086464,0.6774443991747583,0.006349225127478153,0.125,0.05340540251518916,0.001038247823768268,0.6774443991747583,0.001038247823768934,0.6774443991747583
657.0,0.02,1.865792733506737,0.0,0.125,0.2618707092894998,0.0003090991385761299,1.865792733506737,0.000310184236184341,1.865792733506737,0.6778511686294622,0.006349225127478153,0.125,0.05345649764747785,0.0010372442694910333,0.6778511686294622,0.0010372442694914774,0.6778511686294622
658.0,0.02,1.8692722526849934,0.0,0.125,0.2624016069125918,0.00030948946562148194,1.8692722526849934,0.00031059316262371794,1.8692722526849934,0.6782575098991965,0.006349225127478153,0.125,0.05350755256435764,0.001036242829777878,0.6782575098991965,0.0010362428297783222,0.6782575098991965
659.0,0.02,1.872755028676977,0.0,0.125,0.26293320993833375,0.0003098755751693716,1.872755028676977,0.0003109981373086157,1.872755028676977,0.6786634239753031,0.006349225127478153,0.125,0.05355856733862856,0.0010352434959131074,0.6786634239753031,0.0010352434959137735,0.6786634239753031
660.0,0.02,1.8762410069750786,0.0,0.125,0.26346551193721407,0.0003102575813045405,1.8762410069750786,0.0003113992769954166,1.8762410069750786,0.679068911845474,0.006349225127478153,0.125,0.05360954204285198,0.0010342462592412005,0.679068911845474,0.0010342462592418666,0.679068911845474
661.0,0.02,1.8795746019482067,0.0,0.125,0.263997315078704,0.00029772163014740727,1.8795746019482067,0.00029888273104461405,1.8795746019482067,0.6794739317807861,0.006349225127478153,0.125,0.05366047672963208,0.0010332510982193899,0.6794739317807861,0.001033251098219834,0.6794739317807861
662.0,0.02,1.8828570603998287,0.0,0.125,0.2645274807069034,0.00029270353843457997,1.8828570603998287,0.0002938843189213003,1.8828570603998287,0.6798785268409067,0.006349225127478153,0.125,0.05371137145144847,0.0010322579766035567,0.6798785268409067,0.0010322579766042228,0.6798785268409067
663.0,0.02,1.8860985490038615,0.0,0.125,0.26505607803582,0.0002891554665325202,1.8860985490038615,0.00029035620434569864,1.8860985490038615,0.6802826980080985,0.006349225127478153,0.125,0.05376222628032152,0.0010312668714824724,0.6802826980080985,0.0010312668714831386,0.6802826980080985
664.0,0.02,1.8893056468385794,0.0,0.125,0.26558316348610356,0.00028633658808985274,1.8893056468385794,0.00028755756375176134,1.8893056468385794,0.680686446260961,0.006349225127478153,0.125,0.053813041288037516,0.0010302777674608965,0.680686446260961,0.0010302777674615626,0.680686446260961
665.0,0.02,1.8924829107812116,0.0,0.125,0.2661087848644825,0.0002839746181280134,1.8924829107812116,0.0002852161154009991,1.8924829107812116,0.6810897725744574,0.006349225127478153,0.125,0.05386381654614937,0.0010292906540716462,0.6810897725744574,0.0010292906540720903,0.6810897725744574
666.0,0.02,1.8956336786907286,0.0,0.125,0.2666329838290066,0.0002819327218048784,1.8956336786907286,0.0002831950274639894,1.8956336786907286,0.681492677919928,0.006349225127478153,0.125,0.05391455212597721,0.0010283055240005723,0.681492677919928,0.0010283055240012384,0.681492677919928
667.0,0.02,1.8987605071450844,0.0,0.125,0.2671557974229311,0.0002801305520279129,1.8987605071450844,0.00028141395614511566,1.8987605071450844,0.6818951632651056,0.006349225127478153,0.125,0.05396524809860915,0.0010273223718846314,0.6818951632651056,0.0010273223718852975,0.6818951632651056
668.0,0.02,1.9018654244577533,0.0,0.125,0.26767725908463047,0.00027851615811869124,1.9018654244577533,0.00027982095355127967,1.9018654244577533,0.6822972295741443,0.006349225127478153,0.125,0.0540159045349024,0.0010263411934972044,0.6822972295741443,0.0010263411934976485,0.6822972295741443
669.0,0.02,1.9049500851672292,0.0,0.125,0.2681973993463038,0.0002770536476077723,1.9049500851672292,0.00027838013073733237,1.9049500851672292,0.6826988778076282,0.006349225127478153,0.125,0.054066521505484015,0.0010253619852040874,0.6826988778076282,0.0010253619852045315,0.6826988778076282
670.0,0.02,1.9080158691388647,0.0,0.125,0.26871624633807206,0.0002757169896767664,1.9080158691388647,0.00027706545995442866,1.9080158691388647,0.6831001089225945,0.006349225127478153,0.125,0.05411709908075205,0.0010243847436082198,0.6831001089225945,0.001024384743608664,0.6831001089225945
671.0,0.02,1.9110639479484348,0.0,0.125,0.26923382616444475,0.00027448659108131324,1.9110639479484348,0.0002758573511414397,1.9110639479484348,0.6835009238725518,0.006349225127478153,0.125,0.054167637330876456,0.001023409465320313,0.6835009238725518,0.001023409465320757,0.6835009238725518
672.0,0.02,1.9140953310418922,0.0,0.125,0.2697501631937723,0.0002733472674663062,1.9140953310418922,0.0002747406231833338,1.9140953310418922,0.6839013236858227,0.005804024711706093,0.125,0.054218136325800165,0.001022436146816963,0.6839013236858227,0.001022436146817629,0.6839013236858227
673.0,0.02,1.9171108988728633,0.0,0.125,0.2702652802862313,0.0002722869694480323,1.9171108988728633,0.0002737032302206899,1.9171108988728633,0.6843013092458141,0.005804024711706093,0.125,0.05426859613524007,0.0010214647843593827,0.6843013092458141,0.0010214647843598268,0.6843013092458141
674.0,0.02,1.9201114273575968,0.0,0.125,0.2707791989770594,0.0002712959495738687,1.9201114273575968,0.0002727354278135863,1.9201114273575968,0.6847008814835203,0.005804024711706093,0.125,0.054319016828688164,0.0010204953739476608,0.6847008814835203,0.0010204953739481049,0.6847008814835203
675.0,0.02,1.9230976063439584,0.0,0.125,0.27129193962631587,0.000270366192921756,1.9230976063439584,0.00027182920433688196,1.9230976063439584,0.6851000413385797,0.005804024711706093,0.125,0.05436939847541247,0.0010195279113072164,0.6851000413385797,0.0010195279113078826,0.6851000413385797
676.0,0.02,1.9260700538526407,0.0,0.125,0.2718035215432266,0.0002694910186278321,1.9260700538526407,0.0002709778823373199,1.9260700538526407,0.6854987897471885,0.005804024711706093,0.125,0.054419741144458106,0.0010185623918874676,0.6854987897471885,0.0010185623918881337,0.6854987897471885
677.0,0.02,1.9290293272493955,0.0,0.125,0.27231396309059713,0.0002686647919176721,1.9290293272493955,0.00027017583033739356,1.9290293272493955,0.6858971276421248,0.005804024711706093,0.125,0.054470044904648414,0.0010175988108709344,0.6858971276421248,0.0010175988108716005,0.6858971276421248
678.0,0.02,1.9319759321459742,0.0,0.125,0.2728232817735985,0.0002678827117392757,1.9319759321459742,0.0002694182508093945,1.9319759321459742,0.6862950559527612,0.005804024711706093,0.125,0.0545203098245858,0.0010166371631932236,0.6862950559527612,0.0010166371631938897,0.6862950559527612
679.0,0.02,1.9349103295915597,0.0,0.125,0.2733314943158905,0.0002671406506919993,1.9349103295915597,0.0002687010197632844,1.9349103295915597,0.6866925756050819,0.005804024711706093,0.125,0.05457053597265294,0.0010156774435607918,0.6866925756050819,0.001015677443561236,0.6866925756050819
680.0,0.02,1.9378329419508873,0.0,0.125,0.2738386167255598,0.00026643503292689275,1.9378329419508873,0.00026802056453334444,1.9378329419508873,0.6870896875217012,0.005804024711706093,0.125,0.054620723417013725,0.0010147196464738162,0.6870896875217012,0.0010147196464742603,0.6870896875217012
681.0,0.02,1.9407441577612303,0.0,0.125,0.27434466435261934,0.0002657627380244776,1.9407441577612303,0.00026737376845176186,1.9407441577612303,0.6874863926218817,0.005804024711706093,0.125,0.054670872225614286,0.0010137637662468446,0.6874863926218817,0.0010137637662477328,0.6874863926218817
682.0,0.02,1.9436443357866438,0.0,0.125,0.2748496519394863,0.00026512102607512134,1.9436443357866438,0.00026675789484897905,1.9436443357866438,0.687882691821549,0.005804024711706093,0.125,0.054720982466184016,0.0010128097970325545,0.687882691821549,0.0010128097970332206,0.687882691821549
683.0,0.02,1.946533808428569,0.0,0.125,0.27535359366562173,0.00026450747805029096,1.946533808428569,0.0002661705283912852,1.946533808428569,0.6882785860333089,0.005804024711706093,0.125,0.054771054206236534,0.0010118577328375178,0.6882785860333089,0.0010118577328379619,0.6882785860333089
684.0,0.02,1.949412884621438,0.0,0.125,0.2758565031871889,0.0002639199467466824,1.949412884621438,0.00026560952522913794,1.949412884621438,0.6886740761664667,0.005804024711706093,0.125,0.05482108751307078,0.0010109075675435175,0.6886740761664667,0.0010109075675439616,0.6886740761664667
685.0,0.02,1.9522818523057595,0.0,0.125,0.2763583936725022,0.0002633565172232011,1.9522818523057595,0.0002650729741731084,1.9522818523057595,0.6890691631270411,0.005804024711706093,0.125,0.05487108245377191,0.001009959294924423,0.6890691631270411,0.001009959294925089,0.6890691631270411
686.0,0.02,1.955140980555825,0.0,0.125,0.2768592778338242,0.0002628154749118039,1.955140980555825,0.0002645591640089151,1.955140980555825,0.6894638478177795,0.005804024711706093,0.125,0.05492103909521233,0.001009012908662399,0.6894638478177795,0.001009012908663065,0.6894638478177795
687.0,0.02,1.9579905214220616,0.0,0.125,0.27735916795604015,0.0002622952779915977,1.9579905214220616,0.0002640665566673306,1.9579905214220616,0.689858131138178,0.005804024711706093,0.125,0.054970957504052696,0.0010080684023598963,0.689858131138178,0.0010080684023603403,0.689858131138178
688.0,0.02,1.960830711533049,0.0,0.125,0.27785807592260076,0.0002617945351630624,1.960830711533049,0.00026359376437312676,1.960830711533049,0.6902520139844959,0.005804024711706093,0.125,0.05502083774674289,0.0010071257695534186,0.6902520139844959,0.0010071257695540847,0.6902520139844959
689.0,0.02,1.9636617734980746,0.0,0.125,0.27835601323914316,0.00026131198666234923,1.9636617734980746,0.0002631395311709639,1.9636617734980746,0.6906454972497702,0.005804024711706093,0.125,0.05507067988952297,0.0010061850037264009,0.6906454972497702,0.001006185003727067,0.6906454972497702
690.0,0.02,1.966483917139044,0.0,0.125,0.27885299105492706,0.00026084648828827994,1.966483917139044,0.0002627027163839557,1.966483917139044,0.6910385818238358,0.005804024711706093,0.125,0.05512048399842412,0.0010052460983167588,0.6910385818238358,0.001005246098317203,0.6910385818238358
691.0,0.02,1.9692973405790326,0.0,0.125,0.27934902018252394,0.00026039699758939605,1.9692973405790326,0.00026228228131230935,1.9692973405790326,0.6914312685933359,0.005804024711706093,0.125,0.055170250139269704,0.0010043090467273252,0.6914312685933359,0.0010043090467277693,0.6914312685933359
692.0,0.02,1.9721022312073728,0.0,0.125,0.27984411111582325,0.0002599625623815882,1.9721022312073728,0.00026187727752358114,1.9721022312073728,0.6918235584417449,0.005804024711706093,0.125,0.05521997837767611,0.0010033738423342875,0.6918235584417449,0.0010033738423351757,0.6918235584417449
693.0,0.02,1.9748987665367963,0.0,0.125,0.2803382740466145,0.00025954231051628085,1.9748987665367963,0.0002614868365071743,1.9748987665367963,0.6922154522493766,0.005804024711706093,0.125,0.05526966877905373,0.0010024404784945151,0.6922154522493766,0.0010024404784949592,0.6922154522493766
694.0,0.02,1.9776871149728663,0.0,0.125,0.2808315188798823,0.0002591354414107627,1.9776871149728663,0.00026111016148888666,1.9776871149728663,0.6926069508934054,0.005804024711706093,0.125,0.05531932140860802,0.0010015089485486683,0.6926069508934054,0.0010015089485495565,0.6926069508934054
695.0,0.02,1.9804674364987136,0.0,0.125,0.2813238552479125,0.000258741218317482,1.9804674364987136,0.00026074651958651884,1.9804674364987136,0.6929980552478789,0.005804024711706093,0.125,0.05536893633134027,0.0010005792458318563,0.6929980552478789,0.0010005792458327445,0.6929980552478789
696.0,0.02,1.9832398832954254,0.0,0.125,0.28181529252338133,0.0002583589615596793,1.9832398832954254,0.0002603952349318206,1.9832398832954254,0.6933887661837352,0.005804024711706093,0.125,0.0554185136120486,0.0009996513636758575,0.6933887661837352,0.0009996513636767457,0.6933887661837352
697.0,0.02,1.9860046002983154,0.0,0.125,0.28230583983152036,0.0002579880436428539,1.9860046002983154,0.00026005568372511334,1.9860046002983154,0.6937790845688172,0.005804024711706093,0.125,0.05546805331532895,0.0009987252954133385,0.6937790845688172,0.0009987252954140047,0.6937790845688172
698.0,0.02,1.9887617257017496,0.0,0.125,0.2827955060614061,0.0002576278830588308,1.9887617257017496,0.00025972728849410487,1.9887617257017496,0.6941690112678862,0.005804024711706093,0.125,0.055517555505575925,0.0009978010343807409,0.6941690112678862,0.000997801034381407,0.6941690112678862
699.0,0.02,1.9915113914164522,0.0,0.125,0.2832842998764846,0.00025727794081831235,1.9915113914164522,0.0002594095140011632,1.9915113914164522,0.6945585471426414,0.005804024711706093,0.125,0.055567020246983796,0.0009968785739262742,0.6945585471426414,0.0009968785739269403,0.6945585471426414
700.0,0.02,1.9942537234853148,0.0,0.125,0.2837722297244104,0.0002569377156760311,1.9942537234853148,0.0002591018632074338,1.9942537234853148,0.6949476931051624,0.005257513054872893,0.125,0.05561644760354726,0.0009959579074072522,0.6949476931051624,0.0009959579074079183,0.6949476931051624
701.0,0.02,1.996988842462713,0.0,0.125,0.2842593038462679,0.0002566067414591089,1.996988842462713,0.0002588038736348608,1.996988842462713,0.6953364499608459,0.005257513054872893,0.125,0.0556658376390625,0.0009950390281963095,0.6953364499608459,0.0009950390281967536,0.6953364499608459
702.0,0.02,1.9997168637607388,0.0,0.125,0.28474553028515964,0.000256284583656452,1.9997168637607388,0.00025851511469454636,1.9997168637607388,0.695724818561005,0.005257513054872893,0.125,0.05571519041712804,0.000994121929682068,0.695724818561005,0.0009941219296825121,0.695724818561005
703.0,0.02,2.002437897966786,0.0,0.125,0.2852309168942891,0.00025597083606498927,2.002437897966786,0.00025823518427614545,2.002437897966786,0.6961127997552714,0.005257513054872893,0.125,0.0557645060011456,0.0009932066052722455,0.6961127997552714,0.0009932066052729116,0.6961127997552714
704.0,0.02,2.005152051133905,0.0,0.125,0.2857154713445821,0.00025566511942543,2.005152051133905,0.0002579637072130936,2.005152051133905,0.6965003943902848,0.005257513054872893,0.125,0.05581378445432107,0.0009922930483956538,0.6965003943902848,0.00099229304839632,0.6965003943902848
705.0,0.02,2.007859425049503,0.0,0.125,0.28619920113181524,0.00025536707835271955,2.007859425049503,0.0002577003320993754,2.007859425049503,0.6968876033097127,0.005257513054872893,0.125,0.05586302583966528,0.0009913812525021992,0.6968876033097127,0.0009913812525028654,0.6968876033097127
706.0,0.02,2.010560117481134,0.0,0.125,0.2866821135833384,0.00025507638008548383,2.010560117481134,0.0002574447301526561,2.010560117481134,0.6972744273542608,0.005257513054872893,0.125,0.05591223021999495,0.0009904712110662128,0.6972744273542608,0.000990471211066657,0.6972744273542608
707.0,0.02,2.013254222404896,0.0,0.125,0.2871642158644688,0.0002547927115870152,2.013254222404896,0.00025719659254264116,2.013254222404896,0.6976608673616878,0.005257513054872893,0.125,0.05596139765793361,0.0009895629175857845,0.6976608673616878,0.0009895629175862286,0.6976608673616878
708.0,0.02,2.0159418302154677,0.0,0.125,0.28764551498445295,0.00025451577914736845,2.0159418302154677,0.0002569556296521114,2.0159418302154677,0.6980469241668217,0.005257513054872893,0.125,0.05601052821591235,0.0009886563655847613,0.6980469241668217,0.0009886563655854275,0.6980469241668217
709.0,0.02,2.0186230279217625,0.0,0.125,0.28812601780215474,0.0002542453061096239,2.0186230279217625,0.0002567215689737168,2.0186230279217625,0.6984325986015725,0.005257513054872893,0.125,0.05605962195617078,0.0009877515486136357,0.6984325986015725,0.0009877515486143018,0.6984325986015725
710.0,0.02,2.0212978993275215,0.0,0.125,0.2886057310314409,0.0002539810322446101,2.0212978993275215,0.000256494154371012,2.0212978993275215,0.6988178914949454,0.005257513054872893,0.125,0.056108678940757876,0.0009868484602508776,0.6988178914949454,0.0009868484602515437,0.6988178914949454
711.0,0.02,2.0239665252000236,0.0,0.125,0.2890846612462473,0.0002537227114203233,2.0239665252000236,0.0002562731439184063,2.0239665252000236,0.6992028036730593,0.005257513054872893,0.125,0.056157699231532805,0.0009859470941027126,0.6992028036730593,0.0009859470941033788,0.6992028036730593
712.0,0.02,2.026628983426292,0.0,0.125,0.28956281488541324,0.0002534701119429883,2.026628983426292,0.0002560583104127545,2.026628983426292,0.6995873359591525,0.005257513054872893,0.125,0.05620668289016574,0.000985047443803122,0.6995873359591525,0.0009850474438037882,0.6995873359591525
713.0,0.02,2.029285349160318,0.0,0.125,0.29004019825730076,0.0002532230146243819,2.029285349160318,0.000255849438531186,2.029285349160318,0.6999714891736064,0.005257513054872893,0.125,0.05625562997813884,0.000984149503016507,0.6999714891736064,0.0009841495030171732,0.6999714891736064
714.0,0.02,2.031935694958065,0.0,0.125,0.2905168175441037,0.00025298121209971214,2.031935694958065,0.0002556463253426955,2.031935694958065,0.7003552641339528,0.005257513054872893,0.125,0.056304540556746954,0.0009832532654359127,0.7003552641339528,0.0009832532654365789,0.7003552641339528
715.0,0.02,2.034580090906502,0.0,0.125,0.29099267880602425,0.0002527445079181234,2.034580090906502,0.00025544877871652716,2.034580090906502,0.7007386616548876,0.005257513054872893,0.125,0.056353414687098494,0.000982358724783694,0.7007386616548876,0.0009823587247845822,0.7007386616548876
716.0,0.02,2.0372186047420655,0.0,0.125,0.2914677879852352,0.00025251271614479265,2.0372186047420655,0.0002552566170948012,2.0372186047420655,0.701121682548288,0.005257513054872893,0.125,0.056402252430116276,0.0009814658748152905,0.701121682548288,0.0009814658748159566,0.701121682548288
717.0,0.02,2.039851301963438,0.0,0.125,0.2919421509096018,0.0002522856603377477,2.039851301963438,0.0002550696682419584,2.039851301963438,0.7015043276232249,0.005257513054872893,0.125,0.05645105384653837,0.0009805747093121209,0.7015043276232249,0.000980574709313009,0.7015043276232249
718.0,0.02,2.042478245936138,0.0,0.125,0.29241577329629637,0.0002520631728089029,2.042478245936138,0.0002548877689605433,2.042478245936138,0.7018865976859741,0.005257513054872893,0.125,0.05649981899691884,0.0009796852220893548,0.7018865976859741,0.000979685222090021,0.7018865976859741
719.0,0.02,2.0450994979925667,0.0,0.125,0.292888660755222,0.00025184509439668545,2.0450994979925667,0.0002547107644090829,2.0450994979925667,0.7022684935400301,0.005257513054872893,0.125,0.05654854794162865,0.0009787974069919159,0.7022684935400301,0.000978797406992582,0.7022684935400301
720.0,0.02,2.04771511752341,0.0,0.125,0.29336081879229997,0.00025163127378391437,2.04771511752341,0.00025453850776102627,2.04771511752341,0.702650015986122,0.005257513054872893,0.125,0.0565972407408564,0.0009779112578951477,0.702650015986122,0.0009779112578960358,0.702650015986122
721.0,0.02,2.050405628543615,0.0,0.125,0.2938328561523894,0.00025810274900095465,2.050405628543615,0.00026105204142368166,2.050405628543615,0.7030311121554151,0.005257513054872893,0.125,0.05664589743032072,0.0009770267524760179,0.7030311121554151,0.000977026752476684,0.7030311121554151
722.0,0.02,2.0531186788757623,0.0,0.125,0.29430535227848803,0.0002606867397503265,2.0531186788757623,0.0002636785896470428,2.0531186788757623,0.7034118357181633,0.005257513054872893,0.125,0.0566945180456917,0.0009761438500826003,0.7034118357181633,0.0009761438500830444,0.7034118357181633
723.0,0.02,2.0558490366288993,0.0,0.125,0.29477827505438337,0.0002625120832249195,2.0558490366288993,0.0002655469940577859,2.0558490366288993,0.7037921874735804,0.005257513054872893,0.125,0.05674310264681472,0.0009752625266821191,0.7037921874735804,0.0009752625266827852,0.7037921874735804
724.0,0.02,2.058593325010179,0.0,0.125,0.2952515985875619,0.00026396197876010774,2.058593325010179,0.0002670404586524455,2.058593325010179,0.704172168218063,0.005257513054872893,0.125,0.05679165129335633,0.0009743827675228189,0.704172168218063,0.0009743827675234851,0.704172168218063
725.0,0.02,2.0613492124959976,0.0,0.125,0.29572530116826085,0.0002651772238664307,2.0613492124959976,0.00026829978520481745,2.0613492124959976,0.7045517787452007,0.005257513054872893,0.125,0.05684016404480431,0.000973504563938743,0.7045517787452007,0.000973504563939187,0.7045517787452007
726.0,0.02,2.064114997335764,0.0,0.125,0.2961993640652694,0.00026622854250035743,2.064114997335764,0.00026939570250306133,2.064114997335764,0.7049310198457932,0.005257513054872893,0.125,0.05688864096046797,0.0009726279111639258,0.7049310198457932,0.0009726279111645919,0.7049310198457932
727.0,0.02,2.0668893811246107,0.0,0.125,0.29667377077637236,0.0002671574374062402,2.0668893811246107,0.0002703697178958464,2.0668893811246107,0.7053098923097005,0.004709689338509177,0.125,0.05693708209947874,0.0009717528068393655,0.7053098923097005,0.0009717528068400316,0.7053098923097005
728.0,0.02,2.069671337937791,0.0,0.125,0.29714850653450225,0.0002679907234437451,2.069671337937791,0.00027124865084715566,2.069671337937791,0.7056883969517418,0.004709689338509177,0.125,0.05698548752079054,0.0009708792500029428,0.7056883969517418,0.000970879250003609,0.7056883969517418
729.0,0.02,2.072460034441349,0.0,0.125,0.2976235579658427,0.0002687469096827044,2.072460034441349,0.0002720510150879818,2.072460034441349,0.7060665345241885,0.004709689338509177,0.125,0.05703385728318062,0.0009700072404148496,0.7060665345241885,0.0009700072404157378,0.7060665345241885
730.0,0.02,2.075254778652777,0.0,0.125,0.2980989128430719,0.0002694394066793393,2.075254778652777,0.00027279022560833255,2.075254778652777,0.7064443058068481,0.004709689338509177,0.125,0.05708219144525001,0.0009691367781123894,0.7064443058068481,0.0009691367781130555,0.7064443058068481
731.0,0.02,2.078054985629251,0.0,0.125,0.2985745599010788,0.00027007829589820176,2.078054985629251,0.0002734763689886677,2.078054985629251,0.7068217115768127,0.004709689338509177,0.125,0.057130490065424415,0.0009682678631224295,0.7068217115768127,0.0009682678631228736,0.7068217115768127
732.0,0.02,2.0808601536164133,0.0,0.125,0.2990504886952625,0.0002706713810880501,2.0808601536164133,0.00027411725346837557,2.0808601536164133,0.7071987526084698,0.004709689338509177,0.125,0.05717875320195479,0.0009674004952826554,0.7071987526084698,0.0009674004952833215,0.7071987526084698
733.0,0.02,2.083669846932821,0.0,0.125,0.29952668949002825,0.00027122484567598804,2.083669846932821,0.00027471906713572025,2.083669846932821,0.7075754296735177,0.004709689338509177,0.125,0.05722698091291813,0.0009665346741418723,0.7075754296735177,0.0009665346741423164,0.7075754296735177
734.0,0.02,2.086483683346671,0.0,0.125,0.30000315316921156,0.0002717436844363874,2.086483683346671,0.0002752868098809813,2.086483683346671,0.7079517435409779,0.004709689338509177,0.125,0.05727517325621816,0.0009656703988982773,0.7079517435409779,0.0009656703988989435,0.7079517435409779
735.0,0.02,2.089301324545545,0.0,0.125,0.3004798711629728,0.0002722319981103283,2.089301324545545,0.0002758245869927123,2.089301324545545,0.7083276949772128,0.004709689338509177,0.125,0.05732333028958615,0.0009648076683830276,0.7083276949772128,0.0009648076683834717,0.7083276949772128
736.0,0.02,2.092122468794571,0.0,0.125,0.3009568353871888,0.00027269319866718433,2.092122468794571,0.00027633581549935116,2.092122468794571,0.7087032847459342,0.004709689338509177,0.125,0.0573714520705816,0.0009639464810560217,0.7087032847459342,0.0009639464810564657,0.7087032847459342
737.0,0.02,2.094946845179095,0.0,0.125,0.30143403819262743,0.0002731301592007185,2.094946845179095,0.00027682337309897775,2.094946845179095,0.7090785136082203,0.004709689338509177,0.125,0.05741953865659298,0.0009630868350201105,0.7090785136082203,0.0009630868350205546,0.7090785136082203
738.0,0.02,2.097774209023271,0.0,0.125,0.3019114723218235,0.0002735453226136997,2.097774209023271,0.0002772897076965819,2.097774209023271,0.7094533823225257,0.004709689338509177,0.125,0.05746759010483851,0.0009622287280421915,0.7094533823225257,0.0009622287280428576,0.7094533823225257
739.0,0.02,2.1006043381909763,0.0,0.125,0.30238913087217406,0.00027394078500719843,2.1006043381909763,0.00027773692039545494,2.1006043381909763,0.7098278916447001,0.004709689338509177,0.125,0.057515606472366865,0.0009613721575769674,0.7098278916447001,0.0009613721575776335,0.7098278916447001
740.0,0.02,2.1034370300653222,0.0,0.125,0.30286700726406074,0.00027431835928837245,2.1034370300653222,0.00027816682899128864,2.1034370300653222,0.7102020423279973,0.004709689338509177,0.125,0.05756358781605794,0.0009605171207940355,0.7102020423279973,0.0009605171207947016,0.7102020423279973
741.0,0.02,2.1062720990560138,0.0,0.125,0.3033450952131224,0.0002746796233168425,2.1062720990560138,0.0002785810161753943,2.1062720990560138,0.7105758351230913,0.004709689338509177,0.125,0.05761153419262357,0.0009596636146067539,0.7105758351230913,0.00095966361460742,0.7105758351230913
742.0,0.02,2.1091093745200737,0.0,0.125,0.30382338870597486,0.00027502595997930257,2.1091093745200737,0.00027898087000721716,2.1091093745200737,0.7109492707780838,0.004709689338509177,0.125,0.057659445658608276,0.0009588116356951115,0.7109492707780838,0.0009588116356957777,0.7109492707780838
743.0,0.02,2.1119486990162386,0.0,0.125,0.30430188197878977,0.0002753585874870623,2.1119486990162386,0.0002793676137002876,2.1119486990162386,0.7113223500385253,0.004709689338509177,0.125,0.05770732227039,0.0009579611805337063,0.7113223500385253,0.0009579611805343724,0.7113223500385253
744.0,0.02,2.11478992682396,0.0,0.125,0.3047805694983572,0.00027567858455768146,2.11478992682396,0.000279742330803856,2.11478992682396,0.7116950736474212,0.004709689338509177,0.125,0.05775516408418078,0.0009571122454141712,0.7116950736474212,0.0009571122454148373,0.7116950736474212
745.0,0.02,2.117632922680002,0.0,0.125,0.30525944594515947,0.0002759869105943835,2.117632922680002,0.0002801059861781141,2.117632922680002,0.7120674423452471,0.004709689338509177,0.125,0.05780297115602755,0.0009562648264667128,0.7120674423452471,0.000956264826467379,0.7120674423452471
746.0,0.02,2.120477560694212,0.0,0.125,0.3057385061983133,0.00027628442319382884,2.120477560694212,0.0002804594423650997,2.120477560694212,0.7124394568699624,0.004709689338509177,0.125,0.05785074354181275,0.0009554189196798735,0.7124394568699624,0.0009554189196803176,0.7124394568699624
747.0,0.02,2.1233237234117155,0.0,0.125,0.3062177453219496,0.00027657189122010095,2.1233237234117155,0.0002808034732879605,2.1233237234117155,0.7128111179570216,0.004709689338509177,0.125,0.057898481297255215,0.0009545745209174061,0.7128111179570216,0.0009545745209178502,0.7128111179570216
748.0,0.02,2.1261713009973846,0.0,0.125,0.3066971585530107,0.000276850007082885,2.1261713009973846,0.0002811387763586026,2.1261713009973846,0.7131824263393849,0.004709689338509177,0.125,0.05794618447791075,0.0009537316259358164,0.7131824263393849,0.0009537316259364825,0.7131824263393849
749.0,0.02,2.129020190525921,0.0,0.125,0.3071767412901361,0.0002771193953776674,2.129020190525921,0.0002814659817431675,2.129020190525921,0.7135533827475358,0.004709689338509177,0.125,0.05799385313917284,0.0009528902303990172,0.7135533827475358,0.0009528902303996833,0.7135533827475358
750.0,0.02,2.1318702953561797,0.0,0.125,0.3076564890836234,0.0002773806225491171,2.1318702953561797,0.0002817856607180147,2.1318702953561797,0.7139239879094874,0.004709689338509177,0.125,0.05804148733627335,0.0009520503298903193,0.7139239879094874,0.0009520503298907634,0.7139239879094874
751.0,0.02,2.1347215245820053,0.0,0.125,0.30813639762626494,0.0002776342032007051,2.1347215245820053,0.0002820983332298965,2.1347215245820053,0.7142942425507997,0.004709689338509177,0.125,0.05808908712428338,0.0009512119199226454,0.7142942425507997,0.0009512119199233116,0.7142942425507997
752.0,0.02,2.137573792545197,0.0,0.125,0.3086164627449547,0.0002778806056653593,2.137573792545197,0.0002824044730118658,2.137573792545197,0.7146641473945883,0.004709689338509177,0.125,0.058136652558113705,0.0009503749959522967,0.7146641473945883,0.0009503749959531849,0.7146641473945883
753.0,0.02,2.1404270184025904,0.0,0.125,0.30909668039304117,0.0002781202581445541,2.1404270184025904,0.00028270451349499126,2.1404270184025904,0.7150337031615366,0.004709689338509177,0.125,0.05818418369251566,0.0009495395533862805,0.7150337031615366,0.0009495395533867246,0.7150337031615366
754.0,0.02,2.143281125740941,0.0,0.125,0.3095770466432723,0.0002783535526305059,2.143281125740941,0.000282998851901084,2.143281125740941,0.7154029105699105,0.004709689338509177,0.125,0.05823168058208178,0.0009487055875885275,0.7154029105699105,0.0009487055875891937,0.7154029105699105
755.0,0.02,2.14613604223166,0.0,0.125,0.3100575576813123,0.0002785808486009955,2.14613604223166,0.00028328785299436277,2.14613604223166,0.71577177033768,0.004160549166406691,0.125,0.058279143281246414,0.0009478730938912161,0.71577177033768,0.0009478730938916602,0.71577177033768
756.0,0.02,2.1489916993222096,0.0,0.125,0.3105382097997725,0.00027880247671419056,2.1489916993222096,0.0002835718530036502,2.1489916993222096,0.7161402831943107,0.004160549166406691,0.125,0.05832657184428653,0.000947042067598769,0.7161402831943107,0.0009470420675994351,0.7161402831943107
757.0,0.02,2.151848031956945,0.0,0.125,0.3110189993926599,0.0002790187417645029,2.151848031956945,0.0002838511619529527,2.151848031956945,0.7165084498334611,0.004160549166406691,0.125,0.058373966325322255,0.0009462125039936264,0.7165084498334611,0.0009462125039942926,0.7165084498334611
758.0,0.02,2.15470497832564,0.0,0.125,0.3114999229502786,0.00027922992478579545,2.15470497832564,0.0002841260662762579,2.15470497832564,0.7168762709638516,0.004160549166406691,0.125,0.05842132677831767,0.0009453843983415755,0.7168762709638516,0.0009453843983424637,0.7168762709638516
759.0,0.02,2.157562479636397,0.0,0.125,0.31198097705447003,0.000279436285779866,2.157562479636397,0.0002843968315460188,2.157562479636397,0.7172437472918405,0.004160549166406691,0.125,0.058468653257081386,0.000944557745897745,0.7172437472918405,0.0009445577458984111,0.7172437472918405
760.0,0.02,2.160420479909021,0.0,0.125,0.3124621583741922,0.00027963806593334084,2.160420479909021,0.0002846637044058298,2.160420479909021,0.7176108795214386,0.004160549166406691,0.125,0.05851594581526725,0.0009437325419077158,0.7176108795214386,0.0009437325419081599,0.7176108795214386
761.0,0.02,2.1632789257876084,0.0,0.125,0.31294346366138553,0.0002798354886976995,2.1632789257876084,0.00028492691365045175,2.1632789257876084,0.7179776683543171,0.004160549166406691,0.125,0.05856320450637497,0.000942908781612406,0.7179776683543171,0.0009429087816128501,0.7179776683543171
762.0,0.02,2.1661377663690473,0.0,0.125,0.31342488974717825,0.00028002876189248127,2.1661377663690473,0.00028518667278376597,2.1661377663690473,0.7183441144898219,0.004160549166406691,0.125,0.058610429383750856,0.0009420864602527335,0.7183441144898219,0.0009420864602533996,0.7183441144898219
763.0,0.02,2.168996953047042,0.0,0.125,0.3139064335382666,0.00028021807906952745,2.168996953047042,0.00028544318070089503,2.168996953047042,0.7187102186249825,0.004160549166406691,0.125,0.05865762050058839,0.0009412655730702824,0.7187102186249825,0.0009412655730709485,0.7187102186249825
764.0,0.02,2.1718564393686393,0.0,0.125,0.3143880920135665,0.0002804036201951021,2.1718564393686393,0.0002856966232229752,2.1718564393686393,0.7190759814545231,0.004160549166406691,0.125,0.05870477790992887,0.0009404461153106336,0.7190759814545231,0.0009404461153112997,0.7190759814545231
765.0,0.02,2.1747161809033173,0.0,0.125,0.31486986222109076,0.0002805855537530988,2.1747161809033173,0.0002859471742340247,2.1747161809033173,0.7194414036708765,0.004160549166406691,0.125,0.058751901664662126,0.0009396280822255854,0.7194414036708765,0.0009396280822262515,0.7194414036708765
766.0,0.02,2.177576135121342,0.0,0.125,0.3153517412749652,0.00028076403708610087,2.177576135121342,0.00028619499681781235,2.177576135121342,0.7198064859641911,0.004160549166406691,0.125,0.058798991817527096,0.0009388114690747074,0.7198064859641911,0.0009388114690753735,0.7198064859641911
767.0,0.02,2.1804362612841146,0.0,0.125,0.3158337263526797,0.0002809392171343461,2.1804362612841146,0.0002864402434283875,2.1804362612841146,0.7201712290223434,0.004160549166406691,0.125,0.058846048421112504,0.0009379962711264511,0.7201712290223434,0.0009379962711268952,0.7201712290223434
768.0,0.02,2.1832965203396384,0.0,0.125,0.3163158146925091,0.00028111123202734234,2.1832965203396384,0.0002866830579364432,2.1832965203396384,0.7205356335309507,0.004160549166406691,0.125,0.05889307152785748,0.0009371824836619247,0.7205356335309507,0.0009371824836625908,0.7205356335309507
769.0,0.02,2.1861568748297486,0.0,0.125,0.31679800359102034,0.00028128021108386747,2.1861568748297486,0.0002869235753450994,2.1861568748297486,0.7208997001733761,0.004160549166406691,0.125,0.05894006119005217,0.0009363701019737825,0.7208997001733761,0.0009363701019744486,0.7208997001733761
770.0,0.02,2.189017288800244,0.0,0.125,0.31728029040077715,0.00028144627555093393,2.189017288800244,0.00028716192281308395,2.189017288800244,0.7212634296307503,0.004160549166406691,0.125,0.0589870174598384,0.0009355591213682235,0.7212634296307503,0.0009355591213691117,0.7212634296307503
771.0,0.02,2.191877727720737,0.0,0.125,0.31776267252817486,0.0002816095397975005,2.191877727720737,0.00028739822033685414,2.191877727720737,0.7216268225819684,0.004160549166406691,0.125,0.059033940389210254,0.000934749537166768,0.7216268225819684,0.0009347495371676562,0.7216268225819684
772.0,0.02,2.194738158408711,0.0,0.125,0.31824514743136534,0.00028177011154184584,2.194738158408711,0.00028763258120534374,2.194738158408711,0.7219898797037092,0.004160549166406691,0.125,0.05908083003001478,0.0009339413447055911,0.7219898797037092,0.0009339413447060352,0.7219898797037092
773.0,0.02,2.1975985489588084,0.0,0.125,0.3187277126183105,0.00028192809156735166,2.1975985489588084,0.0002878651122841802,2.1975985489588084,0.7223526016704438,0.004160549166406691,0.125,0.05912768643395245,0.000933134539336633,0.7223526016704438,0.0009331345393372992,0.7223526016704438
774.0,0.02,2.2004588686773445,0.0,0.125,0.3192103656449491,0.00028208357576886556,2.2004588686773445,0.0002880959153230833,2.2004588686773445,0.7227149891544469,0.004160549166406691,0.125,0.05917450965257797,0.0009323291164307079,0.7227149891544469,0.0009323291164313741,0.7227149891544469
775.0,0.02,2.2033190880213738,0.0,0.125,0.31969310411344687,0.0002822366538453025,2.2033190880213738,0.0002883250857621533,2.2033190880213738,0.7230770428258033,0.004160549166406691,0.125,0.059221299737300725,0.000931525071374395,0.7230770428258033,0.0009315250713750611,0.7230770428258033
776.0,0.02,2.206179178540765,0.0,0.125,0.32017592567054,0.00028238741123232103,2.206179178540765,0.00028855271506245117,2.206179178540765,0.7234387633524213,0.004160549166406691,0.125,0.05926805673938546,0.0009307223995742575,0.7234387633524213,0.0009307223995747016,0.7234387633524213
777.0,0.02,2.2090391128251667,0.0,0.125,0.32065882800596834,0.0002825359283065154,2.2090391128251667,0.000288778889284913,2.2090391128251667,0.7238001514000436,0.004160549166406691,0.125,0.059314780709952886,0.0009299210964521798,0.7238001514000436,0.0009299210964526239,0.7238001514000436
778.0,0.02,2.211898864453701,0.0,0.125,0.32114180885098187,0.00028268228152228403,2.211898864453701,0.0002890036908524962,2.211898864453701,0.7241612076322548,0.004160549166406691,0.125,0.059361471699980295,0.0009291211574522507,0.7241612076322548,0.0009291211574531388,0.7241612076322548
779.0,0.02,2.2147584079478406,0.0,0.125,0.3216248659769218,0.00028282654261602147,2.2147584079478406,0.00028922719775437145,2.2147584079478406,0.7245219327104926,0.004160549166406691,0.125,0.05940812976030201,0.0009283225780369886,0.7245219327104926,0.0009283225780378768,0.7245219327104926
780.0,0.02,2.217617718726842,0.0,0.125,0.3221079971938911,0.00028296878008404747,2.217617718726842,0.00028944948434173057,2.217617718726842,0.724882327294057,0.004160549166406691,0.125,0.05945475494161022,0.0009275253536868977,0.724882327294057,0.0009275253536875638,0.724882327294057
781.0,0.02,2.2203676842858613,0.0,0.125,0.3225903956685263,0.0002740513491517049,2.2203676842858613,0.0002806129116379452,2.2203676842858613,0.725242241024143,0.004160549166406691,0.125,0.05950134722738427,0.0009267294343295873,0.725242241024143,0.0009267294343300314,0.725242241024143
782.0,0.02,2.2230793314159882,0.0,0.125,0.32307129254364847,0.00027040769299446765,2.2230793314159882,0.0002770509291281087,2.2230793314159882,0.7256018233558914,0.004160549166406691,0.125,0.059547906601314184,0.000925934718759347,0.7256018233558914,0.0009259347187600131,0.7256018233558914
783.0,0.02,2.2257598042003224,0.0,0.125,0.3235507342943757,0.0002677959135439778,2.2257598042003224,0.00027452164471242213,2.2257598042003224,0.7259610749625098,0.003610086096196138,0.125,0.059594433114198604,0.0009251411522206432,0.7259610749625098,0.0009251411522213093,0.7259610749625098
784.0,0.02,2.2284137303078637,0.0,0.125,0.3240287592601181,0.00026569639248918975,2.2284137303078637,0.00027250544621892914,2.2284137303078637,0.7263199965224743,0.003610086096196138,0.125,0.0596409268166972,0.000924348705666711,0.7263199965224743,0.0009243487056673771,0.7263199965224743
785.0,0.02,2.2310443189454645,0.0,0.125,0.3245054002865088,0.00026391814162707306,2.2310443189454645,0.0002708113515268451,2.2310443189454645,0.7266785886922882,0.003610086096196138,0.125,0.05968738775932959,0.0009235573669386099,0.7266785886922882,0.000923557366939054,0.7266785886922882
786.0,0.02,2.2336539242042477,0.0,0.125,0.3249806862873178,0.0002623651762405643,2.2336539242042477,0.00026934338200135244,2.2336539242042477,0.7270368521364763,0.003610086096196138,0.125,0.059733815992474536,0.0009227671347060706,0.7270368521364763,0.0009227671347065147,0.7270368521364763
787.0,0.02,2.236244352086544,0.0,0.125,0.32545464321731243,0.00026098113153238955,2.236244352086544,0.00026804517915479664,2.236244352086544,0.7273947875172171,0.003610086096196138,0.125,0.05978021156636977,0.0009219780143270295,0.7273947875172171,0.0009219780143274736,0.7273947875172171
788.0,0.02,2.2388170379700796,0.0,0.125,0.32592729471330845,0.0002597295595023752,2.2388170379700796,0.0002668803011829368,2.2388170379700796,0.727752395494361,0.003610086096196138,0.125,0.05982657453111192,0.0009211900150363217,0.727752395494361,0.0009211900150369878,0.727752395494361
789.0,0.02,2.2413731549680733,0.0,0.125,0.3263986625382503,0.00025858527618538574,2.2413731549680733,0.0002658235703165701,2.2413731549680733,0.7281096767254418,0.003610086096196138,0.125,0.05987290493665667,0.0009204031480642971,0.7281096767254418,0.0009204031480649633,0.7281096767254418
790.0,0.02,2.2439136834404394,0.0,0.125,0.3268687669018181,0.0002575300141529624,2.2439136834404394,0.0002648567253800138,2.2439136834404394,0.728466631865696,0.003610086096196138,0.125,0.05991920283281906,0.0009196174253867095,0.728466631865696,0.0009196174253871536,0.728466631865696
791.0,0.02,2.246439457555425,0.0,0.125,0.32733762670018357,0.0002565500210494065,2.246439457555425,0.00026396602032718874,2.246439457555425,0.7288232615680699,0.003610086096196138,0.125,0.05996546826927379,0.0009188328589191386,0.7288232615680699,0.0009188328589195827,0.7288232615680699
792.0,0.02,2.2489511976683048,0.0,0.125,0.32780525970056235,0.00025563463782418694,2.2489511976683048,0.00026314080224665304,2.2489511976683048,0.7291795664832406,0.003610086096196138,0.125,0.060011701295555754,0.0009180494600189437,0.7291795664832406,0.0009180494600193878,0.7291795664832406
793.0,0.02,2.2514495335662446,0.0,0.125,0.3282716826866601,0.0002547754040165273,2.2514495335662446,0.0002623726172714669,2.2514495335662446,0.7295355472596257,0.003610086096196138,0.125,0.06005790196106044,0.0009172672391817294,0.7295355472596257,0.0009172672391823955,0.7295355472596257
794.0,0.02,2.2539350216213734,0.0,0.125,0.3287369115757474,0.0002539654735755903,2.2539350216213734,0.0002616546255467256,2.2539350216213734,0.7298912045433976,0.003610086096196138,0.125,0.06010407031504446,0.0009164862058894663,0.7298912045433976,0.0009164862058903545,0.7298912045433976
795.0,0.02,2.2564081577468187,0.0,0.125,0.32920096151443445,0.00025319921627442454,2.2564081577468187,0.00026098120326878416,2.2564081577468187,0.7302465389785004,0.003610086096196138,0.125,0.06015020640662605,0.0009157063685414357,0.7302465389785004,0.0009157063685421019,0.7302465389785004
796.0,0.02,2.2588693873880175,0.0,0.125,0.32966384695824724,0.00025247193764244,2.2588693873880175,0.00026034766221982863,2.2588693873880175,0.7306015512066588,0.003610086096196138,0.125,0.06019631028478569,0.0009149277344495665,0.7306015512066588,0.0009149277344500106,0.7306015512066588
797.0,0.02,2.2613191133581267,0.0,0.125,0.3301255817385717,0.0002517796768302105,2.2613191133581267,0.00025975004831479964,2.2613191133581267,0.7309562418673929,0.003610086096196138,0.125,0.060242381998366554,0.0009141503098706316,0.7309562418673929,0.0009141503098710757,0.7309562418673929
798.0,0.02,2.263757702085911,0.0,0.125,0.3305861791195876,0.00025111905813446356,2.263757702085911,0.0002591849921032008,2.263757702085911,0.7313106115980355,0.003610086096196138,0.125,0.06028842159607514,0.0009133741000633133,0.7313106115980355,0.0009133741000639795,0.7313106115980355
799.0,0.02,2.2661854886587776,0.0,0.125,0.3310456518471768,0.0002504871784481111,2.2661854886587776,0.00025864959701493717,2.2661854886587776,0.7316646610337385,0.003610086096196138,0.125,0.06033442912648186,0.0009125991093561492,0.7316646610337385,0.0009125991093568153,0.7316646610337385
800.0,0.02,2.268602780948072,0.0,0.125,0.331504012191292,0.00024988152142668696,2.268602780948072,0.0002581413531856924,2.268602780948072,0.7320183908074893,0.003610086096196138,0.125,0.06038040463802153,0.0009118253412196964,0.7320183908074893,0.0009118253412201405,0.7320183908074893
801.0,0.02,2.271009863017298,0.0,0.125,0.33196127198299324,0.00024929989069732983,2.271009863017298,0.00025765807077959835,2.271009863017298,0.7323718015501233,0.003610086096196138,0.125,0.06042634817899398,0.000911052798342693,0.7323718015501233,0.0009110527983431371,0.7323718015501233
802.0,0.02,2.2734069979665037,0.0,0.125,0.3324174426469241,0.0002487403567670299,2.2734069979665037,0.00025719782695432514,2.2734069979665037,0.7327248938903381,0.003610086096196138,0.125,0.060472259797564605,0.0009102814827051109,0.7327248938903381,0.000910281482705777,0.7327248938903381
803.0,0.02,2.275794430326414,0.0,0.125,0.3328725352301514,0.00024820121507218573,2.275794430326414,0.0002567589236832646,2.275794430326414,0.7330776684547016,0.003610086096196138,0.125,0.060518139541765034,0.0009095113956492096,0.7330776684547016,0.0009095113956496537,0.7330776684547016
804.0,0.02,2.2781723880908658,0.0,0.125,0.3333265604277361,0.00024768095198623996,2.2781723880908658,0.00025633985387685243,2.2781723880908658,0.7334301258676676,0.003610086096196138,0.125,0.060563987459493596,0.0009087425379419312,0.7334301258676676,0.0009087425379423753,0.7334301258676676
805.0,0.02,2.28054108445167,0.0,0.125,0.3337795286056818,0.00024717821730746437,2.28054108445167,0.0002559392740408839,2.28054108445167,0.7337822667515885,0.003610086096196138,0.125,0.06060980359851583,0.0009079749098377388,0.7337822667515885,0.0009079749098384049,0.7337822667515885
806.0,0.02,2.282900719293309,0.0,0.125,0.33423144982147285,0.00024669180072578456,2.282900719293309,0.00025555598062965146,2.282900719293309,0.7341340917267243,0.003610086096196138,0.125,0.0606555880064652,0.0009072085111327954,0.7341340917267243,0.0009072085111332395,0.7341340917267243
807.0,0.02,2.2852514804856696,0.0,0.125,0.33468233384268653,0.00024622061397394646,2.2852514804856696,0.00025518889179920734,2.2852514804856696,0.7344856014112586,0.003610086096196138,0.125,0.060701340730843635,0.0009064433412142581,0.7344856014112586,0.0009064433412149242,0.7344856014112586
808.0,0.02,2.287593545008974,0.0,0.125,0.3351321901638154,0.0002457636741155511,2.287593545008974,0.00025483703160489313,2.287593545008974,0.734836796421305,0.003610086096196138,0.125,0.06074706181902193,0.0009056793991086831,0.734836796421305,0.0009056793991089052,0.734836796421305
809.0,0.02,2.2899270799391047,0.0,0.125,0.3355810280215829,0.0002453200905279118,2.2899270799391047,0.00025449951590417186,2.2899270799391047,0.7351876773709263,0.003610086096196138,0.125,0.06079275131824046,0.000904916683518886,0.7351876773709263,0.0009049166835193301,0.7351876773709263
810.0,0.02,2.2922522433117933,0.0,0.125,0.33602885640891234,0.00024488905387443083,2.2922522433117933,0.00025417554240902973,2.2922522433117933,0.7355382448721368,0.003610086096196138,0.125,0.060838409275609726,0.0009041551928639091,0.7355382448721368,0.0009041551928641312,0.7355382448721368
811.0,0.02,2.294569184888246,0.0,0.125,0.33647568408772,0.0002444698262138445,2.294569184888246,0.0002538643798857265,2.294569184888246,0.7358884995359487,0.003058292482476693,0.125,0.06088403573811082,0.000903394925309442,0.7358884995359487,0.000903394925309664,0.7358884995359487
812.0,0.02,2.29687804683158,0.0,0.125,0.33692151960067135,0.00024406173315583146,2.29687804683158,0.0002535653606514643,2.29687804683158,0.7362384419758778,0.003058292482476693,0.125,0.06092963075259606,0.0009026358787993516,0.7362384419758778,0.0009026358787995736,0.7362384419758778
813.0,0.02,2.2991789643111247,0.0,0.125,0.33736637128198976,0.0002436641564713682,2.2991789643111247,0.00025327787352580344,2.2991789643111247,0.7365880727915621,0.003058292482476693,0.125,0.06097519436578952,0.0009018780510809954,0.7365880727915621,0.0009018780510812174,0.7365880727915621
814.0,0.02,2.3014720660407306,0.0,0.125,0.3378102472674438,0.00024327652823785684,2.3014720660407306,0.00025300135723682615,2.3014720660407306,0.7369373925869629,0.003058292482476693,0.125,0.06102072662428751,0.0009011214397276479,0.7369373925869629,0.000901121439728092,0.7369373925869629
815.0,0.02,2.3037574747618237,0.0,0.125,0.33825315550357865,0.00024289832538215705,2.3037574747618237,0.0002527352955326023,2.3037574747618237,0.7372864019640524,0.003058292482476693,0.125,0.06106622757455911,0.0009003660421613713,0.7372864019640524,0.0009003660421618154,0.7372864019640524
816.0,0.02,2.306035307678144,0.0,0.125,0.3386951037563195,0.00024252906501942562,2.306035307678144,0.0002524792129179332,2.306035307678144,0.7376351015228289,0.003058292482476693,0.125,0.06111169726294689,0.0008996118556692245,0.7376351015228289,0.0008996118556696686,0.7376351015228289
817.0,0.02,2.308305676847681,0.0,0.125,0.3391360996188997,0.00024216830092882446,2.308305676847681,0.000252232669595287,2.308305676847681,0.7379834918613235,0.003058292482476693,0.125,0.061157135735667195,0.0008988588774219153,0.7379834918613235,0.0008988588774223594,0.7379834918613235
818.0,0.02,2.3105686895365807,0.0,0.125,0.3395761505193141,0.00024181561911973404,2.3105686895365807,0.00025199525885000185,2.3105686895365807,0.7383315735756122,0.003058292482476693,0.125,0.06120254303881084,0.0008981071044869005,0.7383315735756122,0.0008981071044873445,0.7383315735756122
819.0,0.02,2.3128244485422442,0.0,0.125,0.34001526372722246,0.00024147063572854677,2.3128244485422442,0.00025176660381021065,2.3128244485422442,0.738679347259827,0.003058292482476693,0.125,0.061247919218343536,0.0008973565338432632,0.738679347259827,0.0008973565338437073,0.738679347259827
820.0,0.02,2.31507305248374,0.0,0.125,0.3404534463604453,0.0002411329934375317,2.31507305248374,0.0002515463538657059,2.31507305248374,0.7390268135061637,0.003058292482476693,0.125,0.06129326432010653,0.0008966071623910388,0.7390268135061637,0.0008966071623914829,0.7390268135061637
821.0,0.02,2.3173145960705597,0.0,0.125,0.340890705391013,0.00024080235937162797,2.3173145960705597,0.0002513341835879146,2.3173145960705597,0.7393739729048974,0.003058292482476693,0.125,0.06133857838981701,0.000895858986963205,0.7393739729048974,0.0008958589869638711,0.7393739729048974
822.0,0.02,2.3195491703443736,0.0,0.125,0.3413270476508749,0.00024047842316576862,2.3195491703443736,0.00025112978943298003,2.3195491703443736,0.7397208260443886,0.003058292482476693,0.125,0.061383861473068665,0.0008951120043352301,0.7397208260443886,0.0008951120043356742,0.7397208260443886
823.0,0.02,2.3217768629044713,0.0,0.125,0.34176247983723146,0.0002401608945206135,2.3217768629044713,0.0002509328883775197,2.3217768629044713,0.7400673735110925,0.003058292482476693,0.125,0.06142911361533223,0.00089436621123129,0.7400673735110925,0.000894366211231512,0.7400673735110925
824.0,0.02,2.323997758110295,0.0,0.125,0.34219700851754575,0.00023984950166777708,2.323997758110295,0.0002507432155312017,2.323997758110295,0.740413615889572,0.003058292482476693,0.125,0.06147433486195594,0.0008936216043335943,0.740413615889572,0.0008936216043338163,0.740413615889572
825.0,0.02,2.3262119372714665,0.0,0.125,0.34263064013432315,0.00023954399023295991,2.3262119372714665,0.0002505605237956843,2.3262119372714665,0.7407595537625074,0.003058292482476693,0.125,0.0615195252581661,0.000892878180287493,0.7407595537625074,0.0008928781802879371,0.7407595537625074
826.0,0.02,2.3284194788208765,0.0,0.125,0.343063381009556,0.0002392441211327423,2.3284194788208765,0.00025038458130666186,2.3284194788208765,0.7411051877107038,0.003058292482476693,0.125,0.0615646848490675,0.0008921359357094705,0.7411051877107038,0.0008921359357099146,0.7411051877107038
827.0,0.02,2.3306204584752663,0.0,0.125,0.3434952373489579,0.00023894966989246313,2.3306204584752663,0.0002502151706380573,2.3306204584752663,0.7414505183131042,0.003058292482476693,0.125,0.06160981367964404,0.0008913948671893657,0.7414505183131042,0.0008913948671895877,0.7414505183131042
828.0,0.02,2.332814949382964,0.0,0.125,0.3439262152459646,0.00023866042499776086,2.332814949382964,0.00025005208777884036,2.332814949382964,0.7417955461467967,0.003058292482476693,0.125,0.06165491179475916,0.0008906549712965894,0.7417955461467967,0.0008906549712968115,0.7417955461467967
829.0,0.02,2.335003022261958,0.0,0.125,0.3443563206854908,0.00023837618772404312,2.335003022261958,0.0002498951408256289,2.335003022261958,0.7421402717870245,0.003058292482476693,0.125,0.061699979239156294,0.000889916244582567,0.7421402717870245,0.0008899162445830111,0.7421402717870245
830.0,0.02,2.3371847455275088,0.0,0.125,0.3447855595475697,0.00023809677009012375,2.3371847455275088,0.0002497441493005681,2.3371847455275088,0.7424846958071969,0.003058292482476693,0.125,0.061745016057459405,0.0008891786835891757,0.7424846958071969,0.0008891786835896198,0.7424846958071969
831.0,0.02,2.3393601854105555,0.0,0.125,0.3452139376107015,0.00023782199491506617,2.3393601854105555,0.00024959894341236577,2.3393601854105555,0.7428288187788965,0.003058292482476693,0.125,0.06179002229417351,0.0008884422848451923,0.7428288187788965,0.0008884422848456364,0.7428288187788965
832.0,0.02,2.34152940606765,0.0,0.125,0.34564146055513867,0.0002375516944539413,2.34152940606765,0.0002494593626920505,2.34152940606765,0.743172641271888,0.003058292482476693,0.125,0.061834997993685144,0.0008877070448736202,0.743172641271888,0.0008877070448740643,0.743172641271888
833.0,0.02,2.343692469685209,0.0,0.125,0.3460681339659309,0.0002372857102841408,2.343692469685209,0.00024932525576559783,2.343692469685209,0.7435161638541337,0.003058292482476693,0.125,0.061879943200262785,0.0008869729601939103,0.7435161638541337,0.0008869729601941323,0.7435161638541337
834.0,0.02,2.3458494365746105,0.0,0.125,0.3464939633358687,0.00023702389222535203,2.3458494365746105,0.0002491964801265567,2.3458494365746105,0.7438593870917929,0.003058292482476693,0.125,0.06192485795805743,0.0008862400273221827,0.7438593870917929,0.0008862400273224047,0.7438593870917929
835.0,0.02,2.348000365262749,0.0,0.125,0.34691895406826867,0.00023676609788481073,2.348000365262749,0.0002490729007718073,2.348000365262749,0.7442023115492407,0.003058292482476693,0.125,0.06196974231110293,0.0008855082427750016,0.7442023115492407,0.0008855082427754457,0.7442023115492407
836.0,0.02,2.3501453125763874,0.0,0.125,0.347343111479647,0.00023651219208886687,2.3501453125763874,0.00024895438974681383,2.3501453125763874,0.7445449377890692,0.003058292482476693,0.125,0.0620145963033167,0.0008847776030713739,0.7445449377890692,0.0008847776030715959,0.7445449377890692
837.0,0.02,2.3522843337211157,0.0,0.125,0.34776644080222674,0.0002362620463713938,2.3522843337211157,0.0002488408261456243,2.3522843337211157,0.7448872663721016,0.003058292482476693,0.125,0.06205941997849995,0.0008840481047320825,0.7448872663721016,0.0008840481047323046,0.7448872663721016
838.0,0.02,2.3544174823555295,0.0,0.125,0.3481889471864211,0.0002360155388032581,2.3544174823555295,0.00024873209548559316,2.3544174823555295,0.7452292978573987,0.003058292482476693,0.125,0.06210421338033827,0.0008833197442841279,0.7452292978573987,0.0008833197442845719,0.7452292978573987
839.0,0.02,2.356544810661262,0.0,0.125,0.34861063570310147,0.00023577255342388526,2.356544810661262,0.0002486280892526338,2.356544810661262,0.7455710328030734,0.002505159946610381,0.125,0.06214897655240212,0.0008825925182596173,0.7455710328030734,0.0008825925182598393,0.7455710328030734
840.0,0.02,2.3586663694084677,0.0,0.125,0.3490315113458486,0.0002355329793317651,2.3586663694084677,0.0002485287041054107,2.3586663694084677,0.7459124717677945,0.002505159946610381,0.125,0.062193709538147235,0.0008818664231982076,0.7459124717677945,0.0008818664231988738,0.7459124717677945
841.0,0.02,2.3608070500180247,0.0,0.125,0.3494517585291348,0.00023735935832291943,2.3608070500180247,0.0002504964894001205,2.3608070500180247,0.746253745368431,0.002505159946610381,0.125,0.06223841243765711,0.0008811414948211027,0.746253745368431,0.0008811414948215468,0.746253745368431
842.0,0.02,2.362950720985509,0.0,0.125,0.3498715533407122,0.00023798755228199298,2.362950720985509,0.0002512673144110522,2.362950720985509,0.7465947259887395,0.002505159946610381,0.125,0.06228308535061398,0.0008804178124937057,0.7465947259887395,0.0008804178124941497,0.7465947259887395
843.0,0.02,2.365095797296078,0.0,0.125,0.3502908899723582,0.00023838345543936157,2.365095797296078,0.0002518070810424433,2.365095797296078,0.7469354141631623,0.002505159946610381,0.125,0.062327728319698995,0.0008796954158036829,0.7469354141631623,0.000879695415804127,0.7469354141631623
844.0,0.02,2.3672412659662996,0.0,0.125,0.35070976431126,0.00023866531790872614,2.3672412659662996,0.0002522340469681694,2.3672412659662996,0.7472758104246806,0.002505159946610381,0.125,0.06237234138747929,0.000878974322505055,0.7472758104246806,0.0008789743225054991,0.7472758104246806
845.0,0.02,2.3693864360565158,0.0,0.125,0.3511281733726316,0.00023887655623866522,2.3693864360565158,0.00025259163652435745,2.3693864360565158,0.7476159153048145,0.002505159946610381,0.125,0.06241692459641006,0.0008782545359804494,0.7476159153048145,0.0008782545359808935,0.7476159153048145
846.0,0.02,2.3715308104242467,0.0,0.125,0.3515461149644643,0.00023903895612420456,2.3715308104242467,0.0002529016429662079,2.3715308104242467,0.7479557293336321,0.002505159946610381,0.125,0.062461477988835834,0.0008775360503792129,0.7479557293336321,0.0008775360503794349,0.7479557293336321
847.0,0.02,2.3736740158456087,0.0,0.125,0.35196358747907974,0.00023916528391509928,2.3736740158456087,0.0002531768402036505,2.3736740158456087,0.7482952530397466,0.002505159946610381,0.125,0.06250600160699181,0.0008768188541363742,0.7482952530397466,0.0008768188541368183,0.7482952530397466
848.0,0.02,2.3758157626362504,0.0,0.125,0.3523805897560494,0.00023926377298266743,2.3758157626362504,0.0002534254695092386,2.3758157626362504,0.7486344869503259,0.002505159946610381,0.125,0.06255049549300466,0.0008761029323693936,0.7486344869503259,0.0008761029323696157,0.7486344869503259
849.0,0.02,2.377955820012005,0.0,0.125,0.3527971209875538,0.00023934009487902586,2.377955820012005,0.00025365320999526375,2.377955820012005,0.7489734315910919,0.002505159946610381,0.125,0.0625949596888935,0.0008753882684862102,0.7489734315910919,0.0008753882684864323,0.7489734315910919
850.0,0.02,2.3800940002893753,0.0,0.125,0.35321318065028184,0.00023939834812836125,2.3800940002893753,0.00025386416814399126,2.3800940002893753,0.7493120874863259,0.002505159946610381,0.125,0.06263939423657033,0.0008746748452554964,0.7493120874863259,0.0008746748452557185,0.7493120874863259
851.0,0.02,2.382230148314534,0.0,0.125,0.353628768454761,0.00023944160631117484,2.382230148314534,0.0002540614249255668,2.382230148314534,0.7496504551588727,0.002505159946610381,0.125,0.06268379917784092,0.0008739626454983274,0.7496504551588727,0.0008739626454985494,0.7496504551588727
852.0,0.02,2.3843641341188118,0.0,0.125,0.3540438843065073,0.00023947223985487653,2.3843641341188118,0.000254247358725479,2.3843641341188118,0.7499885351301425,0.002505159946610381,0.125,0.06272817455440503,0.0008732516525249423,0.7499885351301425,0.0008732516525253864,0.7499885351301425
853.0,0.02,2.3864958476526112,0.0,0.125,0.3544585282756612,0.00023949212129537045,2.3864958476526112,0.0002544238500377105,2.3864958476526112,0.7503263279201196,0.002505159946610381,0.125,0.06277252040785719,0.0008725418503920945,0.7503263279201196,0.0008725418503925386,0.7503263279201196
854.0,0.02,2.3886251949070356,0.0,0.125,0.3548727005726876,0.00023950275749484717,2.3886251949070356,0.0002545924133983135,2.3886251949070356,0.7506638340473568,0.002505159946610381,0.125,0.06281683677968708,0.0008718332240440496,0.7506638340473568,0.0008718332240442717,0.7506638340473568
855.0,0.02,2.3907520949874197,0.0,0.125,0.35528640152862645,0.0002395053802501934,2.3907520949874197,0.00025475428861909677,2.3907520949874197,0.7510010540289886,0.002505159946610381,0.125,0.06286112371127986,0.0008711257593689847,0.7510010540289886,0.0008711257593692068,0.7510010540289886
856.0,0.02,2.392876477862899,0.0,0.125,0.3556996315788684,0.0002395010104692119,2.392876477862899,0.0002549105043954114,2.392876477862899,0.7513379883807321,0.002505159946610381,0.125,0.06290538124391679,0.000870419443210757,0.7513379883807321,0.0008704194432109791,0.7513379883807321
857.0,0.02,2.394998282604888,0.0,0.125,0.35611239124957283,0.00023949050336113942,2.394998282604888,0.000255061923780886,2.394998282604888,0.7516746376168868,0.002505159946610381,0.125,0.0629496094187755,0.000869714263340704,0.7516746376168868,0.000869714263340926,0.7516746376168868
858.0,0.02,2.3971174559869723,0.0,0.125,0.35652468114629493,0.00023947458282691514,2.3971174559869723,0.00025520927857769493,2.3971174559869723,0.7520110022503468,0.002505159946610381,0.125,0.06299380827693046,0.0008690102084132345,0.7520110022503468,0.0008690102084136786,0.7520110022503468
859.0,0.02,2.3992339513559955,0.0,0.125,0.35693650194426696,0.00023945386658397183,2.3992339513559955,0.0002553531946318799,2.3992339513559955,0.7523470827925938,0.002505159946610381,0.125,0.06303797785935335,0.0008683072679094295,0.7523470827925938,0.0008683072679096515,0.7523470827925938
860.0,0.02,2.401347727714551,0.0,0.125,0.3573478543800561,0.00023942888583405875,2.401347727714551,0.0002554942109895819,2.401347727714551,0.75268287975371,0.002505159946610381,0.125,0.06308211820691344,0.000867605432073093,0.75268287975371,0.0008676054320737592,0.75268287975371
861.0,0.02,2.4034587489627484,0.0,0.125,0.35775873924444074,0.0002394001004972779,2.4034587489627484,0.0002556327955858251,2.4034587489627484,0.7530183936423811,0.002505159946610381,0.125,0.063126229360378,0.0008669046918508005,0.7530183936423811,0.0008669046918516887,0.7530183936423811
862.0,0.02,2.4055669832694093,0.0,0.125,0.35816915737616517,0.0002393679109218283,2.4055669832694093,0.00025576935678373047,2.4055669832694093,0.7533536249658925,0.002505159946610381,0.125,0.06317031136041264,0.0008662050388270615,0.7533536249658925,0.0008662050388275055,0.7533536249658925
863.0,0.02,2.407672402544449,0.0,0.125,0.35857910965648726,0.00023933266760423066,2.407672402544449,0.00025590425309474085,2.407672402544449,0.753688574230144,0.002505159946610381,0.125,0.06321436424758167,0.0008655064651648114,0.753688574230144,0.0008655064651654776,0.753688574230144
864.0,0.02,2.409774981992655,0.0,0.125,0.35898859700440877,0.00023929467863581522,2.409774981992655,0.0002560378008524822,2.409774981992655,0.7540232419396466,0.002505159946610381,0.125,0.06325838806234851,0.0008648089635545642,0.7540232419396466,0.0008648089635550082,0.7540232419396466
865.0,0.02,2.4118746997349945,0.0,0.125,0.35939762037248113,0.00023925421669446223,2.4118746997349945,0.0002561702805223831,2.4118746997349945,0.7543576285975284,0.002505159946610381,0.125,0.06330238284507608,0.0008641125271564576,0.7543576285975284,0.0008641125271571237,0.7543576285975284
866.0,0.02,2.4139715364836434,0.0,0.125,0.35980618074305354,0.00023921152296679793,2.4139715364836434,0.0002563019414765222,2.4139715364836434,0.7546917347055393,0.002505159946610381,0.125,0.063346348636027,0.0008634171495571774,0.7546917347055393,0.0008634171495576215,0.7546917347055393
867.0,0.02,2.4160654752622577,0.0,0.125,0.36021427912496734,0.00023916681237778903,2.4160654752622577,0.0002564330069390053,2.4160654752622577,0.755025560765153,0.0019506796826743904,0.125,0.06339028547536416,0.000862722824725326,0.755025560765153,0.0008627228247259922,0.755025560765153
868.0,0.02,2.4181565011640487,0.0,0.125,0.36062191655059883,0.00023912027694450444,2.4181565011640487,0.00025656367694182336,2.4181565011640487,0.7553591072761439,0.0019506796826743904,0.125,0.06343419340315092,0.000862029546973897,0.7553591072761439,0.0008620295469747852,0.7553591072761439
869.0,0.02,2.4202446011414622,0.0,0.125,0.3610290940732376,0.00023907208833406912,2.4202446011414622,0.0002566941313375537,2.4202446011414622,0.7556923747343824,0.0019506796826743904,0.125,0.06347807245935151,0.0008613373109243039,0.7556923747343824,0.000861337310924748,0.7556923747343824
870.0,0.02,2.4223297638215513,0.0,0.125,0.36143581276468306,0.00023902240099005212,2.4223297638215513,0.00025682453275521766,2.4223297638215513,0.7560253636361445,0.0019506796826743904,0.125,0.06352192268383144,0.0008606461114732955,0.7560253636361445,0.0008606461114739616,0.7560253636361445
871.0,0.02,2.4244119793449954,0.0,0.125,0.3618420737131217,0.00023897135395145597,2.4244119793449954,0.0002569550284192701,2.4244119793449954,0.7563580744763516,0.0019506796826743904,0.125,0.06356574411635775,0.0008599559437683091,0.7563580744763516,0.0008599559437689752,0.7563580744763516
872.0,0.02,2.4264912392235374,0.0,0.125,0.36224787802120956,0.00023891907233064558,2.4264912392235374,0.0002570857518549019,2.4264912392235374,0.7566905077485659,0.0019506796826743904,0.125,0.0636095367965994,0.0008592668031774942,0.7566905077485659,0.0008592668031779382,0.7566905077485659
873.0,0.02,2.428567536214018,0.0,0.125,0.36265322680431705,0.00023886566970077183,2.428567536214018,0.00025721682476387286,2.428567536214018,0.7570226639450026,0.0019506796826743904,0.125,0.06365330076412766,0.0008585786852703947,0.7570226639450026,0.0008585786852710608,0.7570226639450026
874.0,0.02,2.4306408642072483,0.0,0.125,0.3630581211889897,0.00023881124894842287,2.4306408642072483,0.0002573483581045366,2.4306408642072483,0.7573545435565292,0.0019506796826743904,0.125,0.06369703605841633,0.0008578915857977432,0.7573545435565292,0.0008578915857981873,0.7573545435565292
875.0,0.02,2.4327112181278494,0.0,0.125,0.3634625623114769,0.0002387559032399622,2.4327112181278494,0.00025748045362661287,2.4327112181278494,0.7576861470726717,0.0019506796826743904,0.125,0.06374074271884224,0.0008572055006694779,0.7576861470726717,0.000857205500670366,0.7576861470726717
876.0,0.02,2.4347785938463176,0.0,0.125,0.3638665513164462,0.00023869971755630104,2.4347785938463176,0.000257613204610152,2.4347785938463176,0.7580174749816173,0.0019506796826743904,0.125,0.06378442078468544,0.0008565204259449732,0.7580174749816173,0.0008565204259454173,0.7580174749816173
877.0,0.02,2.4368429880987605,0.0,0.125,0.3642700893558207,0.0002386427691476456,2.4368429880987605,0.00025774669654765603,2.4368429880987605,0.7583485277702211,0.0019506796826743904,0.125,0.06382807029512963,0.0008558363578112793,0.7583485277702211,0.0008558363578119454,0.7583485277702211
878.0,0.02,2.438904398416696,0.0,0.125,0.36467317758769247,0.00023858512878405236,2.438904398416696,0.00025788100862200736,2.438904398416696,0.7586793059240058,0.0019506796826743904,0.125,0.06387169128926246,0.0008551532925757943,0.7586793059240058,0.0008551532925764604,0.7586793059240058
879.0,0.02,2.4409628230613976,0.0,0.125,0.36507581717531884,0.0002385268605848978,2.4409628230613976,0.0002580162133654085,2.4409628230613976,0.7590098099271709,0.0019506796826743904,0.125,0.06391528380607588,0.000854471226652942,0.7590098099271709,0.0008544712266536081,0.7590098099271709
880.0,0.02,2.4430182609671647,0.0,0.125,0.3654780092862487,0.00023846802378102439,2.4430182609671647,0.00025815237847837125,2.4430182609671647,0.7593400402625912,0.0019506796826743904,0.125,0.0639588478844665,0.0008537901565535133,0.7593400402625912,0.0008537901565539574,0.7593400402625912
881.0,0.02,2.4450707116884587,0.0,0.125,0.36587975509149834,0.00023840867243052344,2.4450707116884587,0.0002582895662044393,2.4450707116884587,0.7596699974118273,0.0019506796826743904,0.125,0.06400238356323587,0.000853110078875785,0.7596699974118273,0.0008531100788762291,0.7596699974118273
882.0,0.02,2.447120175352268,0.0,0.125,0.36628105576477477,0.00023834885593032595,2.447120175352268,0.00025842783458074337,2.447120175352268,0.759999681855126,0.0019506796826743904,0.125,0.06404589088109075,0.0008524309902977478,0.759999681855126,0.000852430990298414,0.759999681855126
883.0,0.02,2.4491666526154745,0.0,0.125,0.36668191248183646,0.00023828861992569728,2.4491666526154745,0.0002585672376085313,2.4491666526154745,0.7603290940714227,0.0019506796826743904,0.125,0.06408936987664365,0.0008517528875697788,0.7603290940714227,0.0008517528875702229,0.7603290940714227
884.0,0.02,2.4512101446253496,0.0,0.125,0.3670823264197949,0.00023822800602602,2.4512101446253496,0.00025870782548054194,2.4512101446253496,0.7606582345383501,0.0019506796826743904,0.125,0.06413282058841296,0.0008510757675073144,0.7606582345383501,0.0008510757675079805,0.7606582345383501
885.0,0.02,2.45325065298357,0.0,0.125,0.3674822987565724,0.00023816705277113215,2.45325065298357,0.000258849645376813,2.45325065298357,0.7609871037322387,0.0019506796826743904,0.125,0.06417624305482332,0.0008503996269864089,0.7609871037322387,0.000850399626986853,0.7609871037322387
886.0,0.02,2.4552881797138753,0.0,0.125,0.3678818306703782,0.00023810579568817047,2.4552881797138753,0.0002589927409530901,2.4552881797138753,0.7613157021281216,0.0019506796826743904,0.125,0.06421963731420598,0.0008497244629366296,0.7613157021281216,0.0008497244629372958,0.7613157021281216
887.0,0.02,2.4573227272317126,0.0,0.125,0.3682809233391929,0.00023804426717788374,2.4573227272317126,0.00025913715336400855,2.4573227272317126,0.7616440301997427,0.0019506796826743904,0.125,0.06426300340479914,0.000849050272338614,0.7616440301997427,0.0008490502723392801,0.7616440301997427
888.0,0.02,2.459354298317237,0.0,0.125,0.3686795779403203,0.00023798249713991027,2.459354298317237,0.0002592829213199366,2.459354298317237,0.761972088419552,0.0019506796826743904,0.125,0.06430634136474822,0.0008483770522187406,0.761972088419552,0.0008483770522194067,0.761972088419552
889.0,0.02,2.4613828960901856,0.0,0.125,0.3690777956499973,0.0002379205134843687,2.4613828960901856,0.00025943008097328857,2.4613828960901856,0.7622998772587191,0.0019506796826743904,0.125,0.06434965123210619,0.0008477047996455767,0.7622998772587191,0.0008477047996460207,0.7622998772587191
890.0,0.02,2.463408523986061,0.0,0.125,0.36947557764297145,0.0002378583416202673,2.463408523986061,0.0002595786666006461,2.463408523986061,0.7626273971871307,0.0019506796826743904,0.125,0.06439293304483394,0.0008470335117254368,0.7626273971871307,0.000847033511726103,0.7626273971871307
891.0,0.02,2.4654311857353832,0.0,0.125,0.3698729250921967,0.0002377960051376249,2.4654311857353832,0.00025972871031854083,2.4654311857353832,0.7629546486733998,0.0019506796826743904,0.125,0.06443618684080052,0.0008463631856026055,0.7629546486733998,0.0008463631856030496,0.7629546486733998
892.0,0.02,2.467450885343567,0.0,0.125,0.37026983916847295,0.00023773352597800113,2.467450885343567,0.00025988024253820186,2.467450885343567,0.7632816321848657,0.0019506796826743904,0.125,0.06447941265778342,0.000845693818451343,0.7632816321848657,0.0008456938184520091,0.7632816321848657
893.0,0.02,2.4694676270730156,0.0,0.125,0.3706663210401684,0.00023767092415027946,2.4694676270730156,0.00026003329219292937,2.4694676270730156,0.7636083481876001,0.0019506796826743904,0.125,0.06452261053346914,0.0008450254074798824,0.7636083481876001,0.0008450254074803265,0.7636083481876001
894.0,0.02,2.4714814154256715,0.0,0.125,0.37106237187293506,0.0002376082183559447,2.4714814154256715,0.0002601878865675644,2.4714814154256715,0.7639347971468329,0.0013948483429327152,0.125,0.06456578050545318,0.0008443579499228804,0.7639347971468329,0.0008443579499235465,0.7639347971468329
895.0,0.02,2.473492255128349,0.0,0.125,0.37145799282946396,0.00023754542542064883,2.473492255128349,0.0002603440512984889,2.473492255128349,0.7642609795271182,0.0013948483429327152,0.125,0.06460892261124053,0.0008436914430429709,0.7642609795271182,0.0008436914430436371,0.7642609795271182
896.0,0.02,2.4755001511172736,0.0,0.125,0.3718531850692525,0.00023748256160160963,2.4755001511172736,0.00026050181133996375,2.4755001511172736,0.7645868957893844,0.0013948483429327152,0.125,0.06465203688824597,0.0008430258841272131,0.7645868957893844,0.0008430258841278793,0.7645868957893844
897.0,0.02,2.4775051085246105,0.0,0.125,0.372247949748396,0.0002374196413370555,2.4775051085246105,0.00026066118965673013,2.4775051085246105,0.7649125463946755,0.0013948483429327152,0.125,0.06469512337379436,0.0008423612704855366,0.7649125463946755,0.0008423612704862027,0.7649125463946755
898.0,0.02,2.479507132666413,0.0,0.125,0.37264228801938826,0.00023735667838309382,2.479507132666413,0.00026082220909984244,2.479507132666413,0.7652379318027851,0.0013948483429327152,0.125,0.06473818210512088,0.0008416975994507414,0.7652379318027851,0.0008416975994514075,0.7652379318027851
899.0,0.02,2.4815062290306855,0.0,0.125,0.37303620103092444,0.00023729368507474646,2.4815062290306855,0.0002609848905876788,2.4815062290306855,0.7655630524722656,0.0013948483429327152,0.125,0.06478121311937146,0.000841034868376056,0.7655630524722656,0.0008410348683767221,0.7655630524722656
900.0,0.02,2.483502403266243,0.0,0.125,0.37342968992777803,0.00023723067312175772,2.483502403266243,0.0002611492546407135,2.483502403266243,0.7658879088604298,0.0013948483429327152,0.125,0.06482421645360305,0.0008403730746326943,0.7658879088604298,0.0008403730746335825,0.7658879088604298
901.0,0.02,2.4855955692138423,0.0,0.125,0.3738234644953597,0.00024546308060280353,2.4855955692138423,0.0002696107484325694,2.4855955692138423,0.7662127301059389,0.0013948483429327152,0.125,0.06486719224285946,0.000839712284352867,0.7662127301059389,0.0008397122843535332,0.7662127301059389
902.0,0.02,2.487720662546053,0.0,0.125,0.37421820285898,0.00024886381044098016,2.487720662546053,0.0002732422832991688,2.487720662546053,0.7665372913018995,0.0013948483429327152,0.125,0.0649101406216151,0.0008390526396944153,0.7665372913018995,0.0008390526396948594,0.7665372913018995
903.0,0.02,2.4898711262222264,0.0,0.125,0.37461386555213116,0.000251317831725828,2.4898711262222264,0.0002759288375386859,2.4898711262222264,0.7668615928741656,0.0013948483429327152,0.125,0.06495306162593631,0.0008383942132128563,0.7668615928741656,0.0008383942132135225,0.7668615928741656
904.0,0.02,2.4920427086451014,0.0,0.125,0.3750104198763199,0.00025330109218657526,2.4920427086451014,0.0002781463675773921,2.4920427086451014,0.7671856352477968,0.0013948483429327152,0.125,0.0649959552917994,0.0008377370395487027,0.7671856352477968,0.0008377370395493688,0.7671856352477968
905.0,0.02,2.494232458071849,0.0,0.125,0.3754078377144037,0.0002549885630855897,2.494232458071849,0.000280069853488385,2.494232458071849,0.7675094188470579,0.0013948483429327152,0.125,0.06503882165509345,0.0008370811283178181,0.7675094188470579,0.0008370811283182622,0.7675094188470579
906.0,0.02,2.496438206641926,0.0,0.125,0.3758060942356818,0.00025646820427027706,2.496438206641926,0.00028178726427086076,2.496438206641926,0.7678329440954119,0.0013948483429327152,0.125,0.06508166075162232,0.0008364264730054138,0.7678329440954119,0.00083642647300608,0.7678329440954119
907.0,0.02,2.4986582891557987,0.0,0.125,0.37620516708888047,0.000257791687658937,2.4986582891557987,0.00028335028093806613,2.4986582891557987,0.768156211415514,0.0013948483429327152,0.125,0.06512447261710616,0.0008357730570760502,0.768156211415514,0.0008357730570767163,0.768156211415514
908.0,0.02,2.500891380513224,0.0,0.125,0.37660503586959077,0.0002589924417293332,2.500891380513224,0.0002847923404374342,2.500891380513224,0.7684792212292144,0.0013948483429327152,0.125,0.06516725728718276,0.0008351208581356406,0.7684792212292144,0.0008351208581363068,0.7684792212292144
909.0,0.02,2.5031363964424145,0.0,0.125,0.3770056817510437,0.0002600935765713075,2.5031363964424145,0.0002861365621811274,2.5031363964424145,0.7688019739575476,0.0013948483429327152,0.125,0.06521001479740825,0.0008344698507389836,0.7688019739575476,0.0008344698507396497,0.7688019739575476
910.0,0.02,2.5053924298088077,0.0,0.125,0.3774070872170727,0.0002611118658819578,2.5053924298088077,0.00028739972879066045,2.5053924298088077,0.7691244700207318,0.0013948483429327152,0.125,0.0652527451832579,0.0008338200082609326,0.7691244700207318,0.0008338200082613767,0.7691244700207318
911.0,0.02,2.507658707945666,0.0,0.125,0.3778092358621814,0.000262059945157489,2.507658707945666,0.00028859448468665505,2.507658707945666,0.7694467098381677,0.0013948483429327152,0.125,0.06529544848012676,0.0008331713041098698,0.7694467098381677,0.000833171304110536,0.7694467098381677
912.0,0.02,2.5099345629739673,0.0,0.125,0.3782121122374535,0.00026294761613598894,2.5099345629739673,0.00028973064075898947,2.5099345629739673,0.7697686938284327,0.0013948483429327152,0.125,0.06533812472333013,0.0008325237124973128,0.7697686938284327,0.0008325237124977569,0.7697686938284327
913.0,0.02,2.512219410488683,0.0,0.125,0.3786157017288681,0.0002637826642626351,2.512219410488683,0.0002908159913772579,2.512219410488683,0.7700904224092788,0.0013948483429327152,0.125,0.06538077394810397,0.0008318772088939941,0.7700904224092788,0.0008318772088946602,0.7700904224092788
914.0,0.02,2.514512733826791,0.0,0.125,0.37901999045928764,0.00026457139466629087,2.514512733826791,0.0002918568507084274,2.514512733826791,0.7704118959976292,0.0013948483429327152,0.125,0.06542339618960527,0.0008312317702821037,0.7704118959976292,0.0008312317702825478,0.7704118959976292
915.0,0.02,2.5168140721773966,0.0,0.125,0.3794249652081242,0.0002653189977195325,2.5168140721773966,0.0002928584185042382,2.5168140721773966,0.7707331150095755,0.0013948483429327152,0.125,0.0654659914829124,0.000830587375262537,0.7707331150095755,0.0008305873752629811,0.7707331150095755
916.0,0.02,2.5191230114120913,0.0,0.125,0.3798306133444702,0.0002660298050614074,2.5191230114120913,0.0002938250352144678,2.5191230114120913,0.7710540798603769,0.0013948483429327152,0.125,0.06550855986302541,0.0008299440040764328,0.7710540798603769,0.0008299440040768769,0.7710540798603769
917.0,0.02,2.521439176886588,0.0,0.125,0.38023692277084353,0.0002667074747364495,2.521439176886588,0.0002947603680354405,2.521439176886588,0.7713747909644544,0.0013948483429327152,0.125,0.06555110136486635,0.0008293016385620966,0.7713747909644544,0.0008293016385627627,0.7713747909644544
918.0,0.02,2.5237622277009564,0.0,0.125,0.3806438818752103,0.00026735512750519774,2.5237622277009564,0.0002956675468794856,2.5237622277009564,0.7716952487353923,0.0013948483429327152,0.125,0.06559361602327941,0.0008286602620797279,0.7716952487353923,0.000828660262080394,0.7716952487353923
919.0,0.02,2.5260918520622226,0.0,0.125,0.3810514794897453,0.00026797545007184453,2.5260918520622226,0.0002965492677162729,2.5260918520622226,0.7720154535862263,0.0008377076023981845,0.125,0.06563610387303138,0.0008280198594150523,0.7720154535862263,0.0008280198594157184,0.7720154535862263
920.0,0.02,2.5284277634873433,0.0,0.125,0.3814597048550361,0.00026857077352815395,2.5284277634873433,0.0002974078707325134,2.5284277634873433,0.7723354059293885,0.0008377076023981845,0.125,0.06567856494881168,0.0008273804166709642,0.7723354059293885,0.0008273804166716303,0.7723354059293885
921.0,0.02,2.5307696976668694,0.0,0.125,0.3818685475888104,0.00026914313514225796,2.5307696976668694,0.000298245402404973,2.5307696976668694,0.7726551061751463,0.0008377076023981845,0.125,0.06572099928523271,0.0008267419211622773,0.7726551061751463,0.0008267419211629434,0.7726551061751463
922.0,0.02,2.53311740984293,0.0,0.125,0.3822779976583573,0.00026969432605028487,2.53311740984293,0.00029906366296472697,2.53311740984293,0.7729745547337095,0.0008377076023981845,0.125,0.06576340691683011,0.0008261043613044805,0.7729745547337095,0.0008261043613053687,0.7729745547337095
923.0,0.02,2.535470672601207,0.0,0.125,0.3826880453561548,0.0002702259304214749,2.535470672601207,0.0002998642460738665,2.535470672601207,0.7732937520144398,0.0008377076023981845,0.125,0.06580578787806285,0.0008254677265158161,0.7732937520144398,0.0008254677265162602,0.7732937520144398
924.0,0.02,2.5378292739952713,0.0,0.125,0.38309868127813224,0.0002707393568925909,2.5378292739952713,0.0003006485693504146,2.5378292739952713,0.7736126984258491,0.0008377076023981845,0.125,0.06584814220331357,0.0008248320071146953,0.7736126984258491,0.0008248320071155835,0.7736126984258491
925.0,0.02,2.540193015943373,0.0,0.125,0.3835098963041582,0.0002712358632948053,2.540193015943373,0.0003014178998910211,2.540193015943373,0.7739313943755954,0.0008377076023981845,0.125,0.06589046992688875,0.0008241971942359871,0.7739313943755954,0.0008241971942364312,0.7739313943755954
926.0,0.02,2.5425617128461795,0.0,0.125,0.3839216815805742,0.0002717165779699826,2.5425617128461795,0.0003021733754735578,2.5425617128461795,0.7742498402704865,0.0008377076023981845,0.125,0.06593277108301893,0.0008235632797435333,0.7742498402704865,0.0008235632797441994,0.7742498402704865
927.0,0.02,2.544935190390902,0.0,0.125,0.38433402850432985,0.00027218251744898225,2.544935190390902,0.00030291602172383136,2.544935190390902,0.7745680365164731,0.0008377076023981845,0.125,0.06597504570585891,0.0008229302561602037,0.7745680365164731,0.0008229302561608698,0.7745680365164731
928.0,0.02,2.5473132845067425,0.0,0.125,0.38474692870864763,0.0002726346004351399,2.5473132845067425,0.00030364676683802827,2.5473132845067425,0.7748859835186528,0.0008377076023981845,0.125,0.06601729382948796,0.0008222981165963983,0.7748859835186528,0.0008222981165968424,0.7748859835186528
929.0,0.02,2.5496958404539214,0.0,0.125,0.38516037404994585,0.00027307366019613255,2.5496958404539214,0.0003043664534061463,2.5496958404539214,0.7752036816812662,0.0008377076023981845,0.125,0.06605951548790999,0.0008216668546889849,0.7752036816812662,0.000821666854689429,0.7752036816812662
930.0,0.02,2.55208271201775,0.0,0.125,0.385574356595895,0.0002735004551368547,2.55208271201775,0.0003050758490417138,2.55208271201775,0.7755211314076949,0.0008377076023981845,0.125,0.06610171071505389,0.0008210364645466761,0.7755211314076949,0.0008210364645475643,0.7755211314076949
931.0,0.02,2.5544737607986576,0.0,0.125,0.3859888686144575,0.00027391567732593103,2.5544737607986576,0.00030577565513567606,2.5544737607986576,0.7758383331004628,0.0008377076023981845,0.125,0.06614387954477353,0.0008204069407029557,0.7758383331004628,0.0008204069407033998,0.7758383331004628
932.0,0.02,2.556868855581513,0.0,0.125,0.38640390256382945,0.0002743199601695778,2.556868855581513,0.0003064665145871004,2.556868855581513,0.7761552871612354,0.0008377076023981845,0.125,0.06618602201084818,0.0008197782780650087,0.7761552871612354,0.0008197782780654528,0.7761552871612354
933.0,0.02,2.5592678717733293,0.0,0.125,0.3868194510831908,0.0002747138847212227,2.5592678717733293,0.0003071490177717351,2.5592678717733293,0.776471993990816,0.0008377076023981845,0.125,0.06622813814698249,0.0008191504718806364,0.776471993990816,0.0008191504718810805,0.776471993990816
934.0,0.02,2.5616706908995184,0.0,0.125,0.3872355069841018,0.0002750979855932201,2.5616706908995184,0.0003078237088516289,2.5616706908995184,0.7767884539891492,0.0008377076023981845,0.125,0.06627022798680691,0.0008185235176989547,0.7767884539891492,0.0008185235176996208,0.7767884539891492
935.0,0.02,2.5640772001529513,0.0,0.125,0.38765206324259477,0.00027547275567485485,2.5640772001529513,0.00030849108992470065,2.5640772001529513,0.7771046675553146,0.0008377076023981845,0.125,0.06631229156387772,0.000817897411340196,0.7771046675553146,0.0008178974113408621,0.7771046675553146
936.0,0.02,2.5664872919876984,0.0,0.125,0.388069112991774,0.00027583865033875554,2.5664872919876984,0.00030915162591327316,2.5664872919876984,0.7774206350875341,0.0008377076023981845,0.125,0.0663543289116773,0.0008172721488661772,0.7774206350875341,0.0008172721488668433,0.7774206350875341
937.0,0.02,2.5689008637513098,0.0,0.125,0.3884866495149954,0.00027619609096518616,2.5689008637513098,0.000309805747633618,2.5689008637513098,0.7777363569831652,0.0008377076023981845,0.125,0.06639634006361436,0.0008166477265560967,0.7777363569831652,0.0008166477265567629,0.7777363569831652
938.0,0.02,2.5713178173519395,0.0,0.125,0.3889046662394378,0.000276545468977929,2.5713178173519395,0.0003104538558886816,2.5713178173519395,0.7780518336388424,0.00027941000925095087,0.125,0.06643832505302408,0.0008160241408829982,0.7780518336388424,0.0008160241408834423,0.7780518336388424
939.0,0.02,2.573738058956849,0.0,0.125,0.3893231567301559,0.0002768871475495871,2.573738058956849,0.0003110963235712916,2.573738058956849,0.7783670654504606,0.00027941000925095087,0.125,0.06648028391316838,0.0008154013884937861,0.7783670654504606,0.0008154013884942302,0.7783670654504606
940.0,0.02,2.5761614987164876,0.0,0.125,0.38974211468448733,0.0002772214652964067,2.5761614987164876,0.00031173349850632803,2.5761614987164876,0.7786820528124019,0.00027941000925095087,0.125,0.06652221667723601,0.000814779466191462,0.7786820528124019,0.0008147794661921282,0.7786820528124019
941.0,0.02,2.5785880505136447,0.0,0.125,0.39016153392682384,0.00027754873781304923,2.5785880505136447,0.00031236570595183366,2.5785880505136447,0.7789967961185731,0.00027941000925095087,0.125,0.06656412337834285,0.0008141583709204703,0.7789967961185731,0.0008141583709211364,0.7789967961185731
942.0,0.02,2.581017631733573,0.0,0.125,0.390581408403688,0.0002778692597189547,2.581017631733573,0.0003129932501337862,2.581017631733573,0.7793112957620143,0.00027941000925095087,0.125,0.06660600404953208,0.000813538099749822,0.7793112957620143,0.0008135380997502661,0.7793112957620143
943.0,0.02,2.583450163052248,0.0,0.125,0.3910017321791096,0.0002781833069889217,2.583450163052248,0.00031361641634930493,2.583450163052248,0.7796255521349029,0.00027941000925095087,0.125,0.06664785872377435,0.0008129186498611052,0.7796255521349029,0.0008129186498619934,0.7796255521349029
944.0,0.02,2.5858855682440094,0.0,0.125,0.3914224994303002,0.00027849113786260205,2.5858855682440094,0.0003142354725014229,2.5858855682440094,0.7799395656285542,0.00027941000925095087,0.125,0.06668968743396803,0.0008123000185389362,0.7799395656285542,0.0008123000185396023,0.7799395656285542
945.0,0.02,2.5883237740015943,0.0,0.125,0.3918437044435156,0.00027879299477717723,2.5883237740015943,0.00031485067069070283,2.5883237740015943,0.7802533366334201,0.00027941000925095087,0.125,0.06673149021293928,0.0008116822031580817,0.7802533366334201,0.0008116822031585258,0.7802533366334201
946.0,0.02,2.5907647097724293,0.0,0.125,0.3922653416102061,0.00027908910539053977,2.5907647097724293,0.0003154622480110447,2.5907647097724293,0.7805668655390845,0.00027941000925095087,0.125,0.06677326709344243,0.0008110652011750208,0.7805668655390845,0.0008110652011756869,0.7805668655390845
947.0,0.02,2.5932083076058348,0.0,0.125,0.3926874054233604,0.0002793796841160656,2.5932083076058348,0.00031607042859604917,2.5932083076058348,0.7808801527342759,0.00027941000925095087,0.125,0.06681501810816012,0.0008104490101226158,0.7808801527342759,0.000810449010123282,0.7808801527342759
948.0,0.02,2.5956545020117687,0.0,0.125,0.39310989047401096,0.0002796649326910483,2.5956545020117687,0.00031667542361901724,2.5956545020117687,0.7811931986068534,0.00027941000925095087,0.125,0.06685674328970335,0.0008098336275983442,0.7811931986068534,0.0008098336275992324,0.7811931986068534
949.0,0.02,2.598103229830201,0.0,0.125,0.3935327914479854,0.00027994504108619367,2.598103229830201,0.0003172774328845662,2.598103229830201,0.781506003543817,0.00027941000925095087,0.125,0.06689844267061193,0.0008092190512620778,0.781506003543817,0.000809219051262966,0.781506003543817
950.0,0.02,2.6005544301095824,0.0,0.125,0.3939561031227706,0.00028022018881301847,2.6005544301095824,0.0003178766456244375,2.6005544301095824,0.781818567931303,0.00027941000925095087,0.125,0.06694011628335439,0.0008086052788278675,0.781818567931303,0.0008086052788283116,0.781818567931303
951.0,0.02,2.603008043992702,0.0,0.125,0.3943798203645732,0.00028049054594703193,2.603008043992702,0.00031847324129330445,2.603008043992702,0.7821308921545869,0.00027941000925095087,0.125,0.06698176416032842,0.0008079923080568374,0.7821308921545869,0.0008079923080575035,0.7821308921545869
952.0,0.02,2.605464014612437,0.0,0.125,0.3948039381255023,0.0002807562726729884,2.605464014612437,0.00031906738990983285,2.605464014612437,0.7824429765980825,0.00027941000925095087,0.125,0.06702338633386096,0.0008073801367582956,0.7824429765980825,0.0008073801367589617,0.7824429765980825
953.0,0.02,2.6079222869918226,0.0,0.125,0.395228451440877,0.0002810175212175636,2.6079222869918226,0.00031965925336407963,2.6079222869918226,0.7827548216453448,0.00027941000925095087,0.125,0.06706498283620836,0.0008067687627790754,0.7827548216453448,0.0008067687627799636,0.7827548216453448
954.0,0.02,2.6103828079526465,0.0,0.125,0.395653355426698,0.0002812744353946073,2.6103828079526465,0.00032024898519011913,2.6103828079526465,0.7830664276790649,0.00027941000925095087,0.125,0.06710655369955669,0.0008061581840064225,0.7830664276790649,0.0008061581840070886,0.7830664276790649
955.0,0.02,2.6128455260285364,0.0,0.125,0.39607864527724235,0.00028152715225360225,2.6128455260285364,0.000320836732043972,2.6128455260285364,0.7833777950810783,0.00027941000925095087,0.125,0.06714809895602183,0.0008055483983571143,0.7833777950810783,0.0008055483983577805,0.7833777950810783
956.0,0.02,2.615310391384355,0.0,0.125,0.39650431626270444,0.00028177580139754355,2.615310391384355,0.0003214226332488579,2.615310391384355,0.7836889242323599,0.00027941000925095087,0.125,0.0671896186376497,0.0008049394037807911,0.7836889242323599,0.0008049394037814572,0.7836889242323599
957.0,0.02,2.617777355740145,0.0,0.125,0.3969303637270178,0.00028202050640402376,2.617777355740145,0.00032200682244365453,2.617777355740145,0.7839998155130272,0.00027941000925095087,0.125,0.06723111277641644,0.0008043311982546264,0.7839998155130272,0.0008043311982555146,0.7839998155130272
958.0,0.02,2.6202463722989364,0.0,0.125,0.39735678308571565,0.0002822613844273292,2.6202463722989364,0.0003225894261618123,2.6202463722989364,0.784310469302339,0.00027941000925095087,0.125,0.06727258140422862,0.000803723779781329,0.784310469302339,0.0008037237797819952,0.784310469302339
959.0,0.02,2.6227173956804677,0.0,0.125,0.39778356982393864,0.0002824985473921515,2.6227173956804677,0.00032317056633246466,2.6227173956804677,0.7846208859787003,0.00027941000925095087,0.125,0.06731402455292347,0.0008031171463862563,0.7846208859787003,0.0008031171463867004,0.7846208859787003
960.0,0.02,2.625190381857408,0.0,0.125,0.39821071949449055,0.0002827321019367446,2.625190381857408,0.0003237503592004032,2.625190381857408,0.7849310659196589,0.00027941000925095087,0.125,0.06735544225426902,0.0008025112961160819,0.7849310659196589,0.000802511296116748,0.7849310659196589
961.0,0.02,2.6275011148806016,0.0,0.125,0.3986370747666739,0.00026933074434509763,2.6275011148806016,0.000310697510940372,2.6275011148806016,0.785240812595484,0.00027941000925095087,0.125,0.06739683445688265,0.0008019061679580552,0.785240812595484,0.0008019061679589434,0.785240812595484
962.0,0.02,2.629756479530215,0.0,0.125,0.3990615291616278,0.0002638656018234542,2.629756479530215,0.0003055831584788393,2.629756479530215,0.7855503204431264,0.00027941000925095087,0.125,0.0674382011097083,0.0008013016360639558,0.7855503204431264,0.0008013016360643999,0.7855503204431264
963.0,0.02,2.6319672202825473,0.0,0.125,0.3994841435942165,0.0002599528318683042,2.6319672202825473,0.0003020234692030499,2.6319672202825473,0.7858595898612641,0.00027941000925095087,0.125,0.06747954224490396,0.0008006976342695982,0.7858595898612641,0.0008006976342704863,0.7858595898612641
964.0,0.02,2.6341402945456593,0.0,0.125,0.39990496818512916,0.00025690194496519325,2.6341402945456593,0.00029923645803364707,2.6341402945456593,0.786168621247358,0.00027941000925095087,0.125,0.06752085789456143,0.0008000941286938623,0.786168621247358,0.0008000941286945285,0.786168621247358
965.0,0.02,2.6362805250251995,0.0,0.125,0.40032404576716824,0.000257564162154722,2.6362805250251995,0.00029693471191194476,2.6362805250251995,0.7864774149976577,0.00027941000925095087,0.125,0.06756214809070443,0.0007994911068225363,0.7864774149976577,0.0007994911068232025,0.7864774149976577
966.0,0.02,2.6383914475347865,0.0,0.125,0.40074141396395496,0.0002582253656555622,2.6383914475347865,0.00029497379347276365,2.6383914475347865,0.7867859715072143,0.00027941000925095087,0.125,0.06760341286528733,0.0007988885699630188,0.7867859715072143,0.0007988885699634629,0.7867859715072143
967.0,0.02,2.6404757730565507,0.0,0.125,0.4011571064844406,0.00025888550487707107,2.6404757730565507,0.00029326889159619896,2.6404757730565507,0.7870942911698826,0.00027941000925095087,0.125,0.06764465225019427,0.0007982865280495854,0.7870942911698826,0.0007982865280500295,0.7870942911698826
968.0,0.02,2.64253565481755,0.0,0.125,0.4015711539756308,0.00025954452985388343,2.64253565481755,0.00029176516937923225,2.64253565481755,0.7874023743783372,0.00027941000925095087,0.125,0.0676858662772386,0.0007976849960971144,0.7874023743783372,0.0007976849960977805,0.7874023743783372
969.0,0.02,2.644572851368082,0.0,0.125,0.4019835846128401,0.000260202389654296,2.644572851368082,0.000290424741251627,2.644572851368082,0.7877102215240714,0.00027941000925095087,0.125,0.06772705497816253,0.0007970839917974537,0.7877102215240714,0.0007970839917981198,0.7877102215240714
970.0,0.02,2.646588831192389,0.0,0.125,0.40239442452556445,0.0002608590338581962,2.646588831192389,0.00028922013092369525,2.646588831192389,0.788017832997409,0.00027941000925095087,0.125,0.06776821838463698,0.0007964835339193677,0.788017832997409,0.0007964835339198117,0.788017832997409
971.0,0.02,2.6485848427843734,0.0,0.125,0.4028036981157363,0.00026151441232968864,2.6485848427843734,0.0002881306582480647,2.6485848427843734,0.7883252091875101,0.00027941000925095087,0.125,0.06780935652826146,0.0007958836412595982,0.7883252091875101,0.0007958836412600423,0.7883252091875101
972.0,0.02,2.6505619633744573,0.0,0.125,0.40321142830241724,0.0002621684744781305,2.6505619633744573,0.00028714029673437835,2.6505619633744573,0.7886323504823822,0.00027941000925095087,0.125,0.06785046944056411,0.0007952843319831704,0.7886323504823822,0.0007952843319838365,0.7886323504823822
973.0,0.02,2.6525211339141492,0.0,0.125,0.4036176367146641,0.00026282117096343427,2.6525211339141492,0.00028623632977087254,2.6525211339141492,0.7889392572688809,0.00027941000925095087,0.125,0.06789155715300178,0.0007946856232212696,0.7889392572688809,0.0007946856232219357,0.7889392572688809
974.0,0.02,2.6544631848891527,0.0,0.125,0.4040223438464749,0.00026347245290025967,2.6544631848891527,0.00028540847040403605,2.6544631848891527,0.789245929932723,0.00027941000925095087,0.125,0.06793261969696006,0.0007940875308511952,0.789245929932723,0.0007940875308518613,0.789245929932723
975.0,0.02,2.6563888558216604,0.0,0.125,0.4044255691836206,0.0002641222714032665,2.6563888558216604,0.00028464826095842,2.6563888558216604,0.7895523688584885,0.00027941000925095087,0.125,0.06797365710375351,0.0007934900693979952,0.7895523688584885,0.0007934900693984392,0.7895523688584885
976.0,0.02,2.6582988103031653,0.0,0.125,0.40482733130880316,0.00026477057849660923,2.6582988103031653,0.0002839486521679646,2.6582988103031653,0.7898585744296338,0.00027941000925095087,0.125,0.06801466940462583,0.000792893252011817,0.7898585744296338,0.0007928932520122611,0.7898585744296338
977.0,0.02,2.6601936477901518,0.0,0.125,0.40522764799016786,0.0002654173272276239,2.6601936477901518,0.00028330369934792543,2.6601936477901518,0.7901645470284933,0.00027941000925095087,0.125,0.06805565663074992,0.0007922970905003268,0.7901645470284933,0.000792297090500993,0.7901645470284933
978.0,0.02,2.6620739130044626,0.0,0.125,0.40562653625645706,0.00026606247098470703,2.6620739130044626,0.00028270833803389905,2.6620739130044626,0.7904702870362865,0.00027941000925095087,0.125,0.06809661881322819,0.0007917015953906592,0.7904702870362865,0.0007917015953913253,0.7904702870362865
979.0,0.02,2.6639401035250785,0.0,0.125,0.40602401246153036,0.0002667059644068104,2.6639401035250785,0.0002821582151000257,2.6639401035250785,0.7907757948331269,0.00027941000925095087,0.125,0.06813755598309275,0.0007911067760071333,0.7907757948331269,0.0007911067760075774,0.7907757948331269
980.0,0.02,2.665792675995249,0.0,0.125,0.4064200923402931,0.0002673477633265975,2.665792675995249,0.0002816495593833679,2.665792675995249,0.7910810707980263,0.00027941000925095087,0.125,0.06817846817130559,0.0007905126405622909,0.7910810707980263,0.000790512640562735,0.7910810707980263
981.0,0.02,2.6676320512532357,0.0,0.125,0.406814791057408,0.0002679878242588529,2.6676320512532357,0.00028117908135527614,2.6676320512532357,0.791386115308905,0.00027941000925095087,0.125,0.06821935540875887,0.0007899191962470464,0.791386115308905,0.0007899191962477126,0.791386115308905
982.0,0.02,2.669458618612623,0.0,0.125,0.40720812325016587,0.00026862610485522964,2.669458618612623,0.0002807438929721684,2.669458618612623,0.7916909287425924,0.00027941000925095087,0.125,0.06826021772627502,0.0007893264493226138,0.7916909287425924,0.0007893264493232799,0.7916909287425924
983.0,0.02,2.671272739464939,0.0,0.125,0.4076001030663461,0.0002692625646432134,2.671272739464939,0.000280341444977239,2.671272739464939,0.7919955114748383,0.00027941000925095087,0.125,0.0683010551546071,0.0007887344052044387,0.7919955114748383,0.0007887344052053269,0.7919955114748383
984.0,0.02,2.6730747503393673,0.0,0.125,0.40799074419790066,0.00026989716366188077,2.6730747503393673,0.000279969475229791,2.6730747503393673,0.7922998638803151,0.00027941000925095087,0.125,0.06834186772443893,0.0007881430685485746,0.7922998638803151,0.0007881430685492408,0.7922998638803151
985.0,0.02,2.6748649655136205,0.0,0.125,0.4083800599110501,0.00027052986348508057,2.6748649655136205,0.00027962596749375734,2.6748649655136205,0.7926039863326289,0.00027941000925095087,0.125,0.06838265546638539,0.0007875524433222925,0.7926039863326289,0.0007875524433229586,0.7926039863326289
986.0,0.02,2.676643679262952,0.0,0.125,0.4087680630733329,0.00027116062722143397,2.676643679262952,0.0002793091162516248,2.676643679262952,0.7929078792043216,0.00027941000925095087,0.125,0.06842341841099259,0.0007869625328780216,0.7929078792043216,0.0007869625328786878,0.7929078792043216
987.0,0.02,2.678411167806189,0.0,0.125,0.40915476617796054,0.00027178941957117786,2.678411167806189,0.00027901729919221907,2.678411167806189,0.7932115428668773,0.00027941000925095087,0.125,0.0684641565887382,0.0007863733400166328,0.7932115428668773,0.0007863733400170769,0.7932115428668773
988.0,0.02,2.680167690998985,0.0,0.125,0.4095401813659407,0.00027241620625773066,2.680167690998985,0.00027874905282487816,2.680167690998985,0.7935149776907291,0.00027941000925095087,0.125,0.06850487003003156,0.0007857848670433931,0.7935149776907291,0.0007857848670438372,0.7935149776907291
989.0,0.02,2.6819134938158413,0.0,0.125,0.40992432044607807,0.0002730409545392831,2.6819134938158413,0.00027850305252741236,2.6819134938158413,0.7938181840452647,0.00027941000925095087,0.125,0.06854555876521402,0.0007851971158219229,0.7938181840452647,0.000785197115822589,0.7938181840452647
990.0,0.02,2.6836488076514797,0.0,0.125,0.410307194913327,0.00027366363406144956,2.6836488076514797,0.0002782780957772957,2.6836488076514797,0.7941211622988322,0.00027941000925095087,0.125,0.06858622282455909,0.0007846100878219353,0.7941211622988322,0.0007846100878226014,0.7941211622988322
991.0,0.02,2.6853738514729457,0.0,0.125,0.410688815965528,0.0002742842151519653,2.6853738514729457,0.0002780730879976545,2.6853738514729457,0.7944239128187458,0.00027941000925095087,0.125,0.06862686223827275,0.0007840237841605369,0.7944239128187458,0.000784023784161203,0.7944239128187458
992.0,0.02,2.687088832838242,0.0,0.125,0.41106919451874774,0.0002749026706396762,2.687088832838242,0.0002778870295401248,2.687088832838242,0.794726435971292,0.00027941000925095087,0.125,0.06866747703649366,0.0007834382056406408,0.794726435971292,0.000783438205641307,0.794726435971292
993.0,0.02,2.688793948804232,0.0,0.125,0.4114483412214285,0.00027551897466082664,2.688793948804232,0.00027771900562356677,2.688793948804232,0.795028732121732,0.00027941000925095087,0.125,0.06870806724929333,0.0007828533527851622,0.795028732121732,0.0007828533527856063,0.795028732121732
994.0,0.02,2.690489386738136,0.0,0.125,0.4118262664674504,0.0002761331034548675,2.690489386738136,0.00027756817678437073,2.690489386738136,0.7953308016343121,0.00027941000925095087,0.125,0.0687486329066764,0.00078226922586766,0.7953308016343121,0.0007822692258681041,0.7953308016343121
995.0,0.02,2.692175325044218,0.0,0.125,0.41220298040816644,0.00027674503525076943,2.692175325044218,0.0002774337712594388,2.692175325044218,0.7956326448722655,0.00027941000925095087,0.125,0.06878917403858097,0.0007816858249387604,0.7956326448722655,0.0007816858249392045,0.7956326448722655
996.0,0.02,2.6938519338180527,0.0,0.125,0.41257849296360727,0.0002773547502670226,2.6938519338180527,0.0002773547502670226,2.6938519338180527,0.7959342621978192,0.00027941000925095087,0.125,0.06882969067487861,0.0007811031498521359,0.7959342621978192,0.000781103149852802,0.7959342621978192
997.0,0.02,2.695519375435424,0.0,0.125,0.412952813832842,0.00027796223105269746,2.695519375435424,0.00027796223105269746,2.695519375435424,0.796235653972198,0.00027941000925095087,0.125,0.06887018284537479,0.0007805212002847117,0.796235653972198,0.0007805212002851558,0.796235653972198
998.0,0.02,2.6971778050872217,0.0,0.125,0.41332595250367254,0.0002785674622600709,2.6971778050872217,0.0002785674622600709,2.6971778050872217,0.7965368205556314,0.00027941000925095087,0.125,0.068910650579809,0.0007799399757566494,0.7965368205556314,0.0007799399757573156,0.7965368205556314
999.0,0.02,2.6988273712623254,0.0,0.125,0.41369791826163,0.00027917043132674735,2.6988273712623254,0.00027917043132674735,2.6988273712623254,0.7968377623073566,0.00027941000925095087,0.125,0.06895109390785502,0.0007793594756486666,0.7968377623073566,0.0007793594756493327,0.7968377623073566
1000.0,0.02,2.7004682161882556,0.0,0.125,0.41406872019841484,0.0002797711283051285,2.7004682161882556,0.0002797711283051285,2.7004682161882556,0.7971384795856267,0.00027941000925095087,0.125,0.06899151285912113,0.000778779699218024,0.7971384795856267,0.0007787796992186902,0.7971384795856267
1001.0,0.02,2.702100476232715,0.0,0.125,0.4144383672197691,0.00028036954557819627,2.702100476232715,0.00028036954557819627,2.702100476232715,0.7974389727477145,0.00027941000925095087,0.125,0.0690319074631503,0.0007782006456116264,0.7974389727477145,0.0007782006456120705,0.7974389727477145
1002.0,0.02,2.7037242822698886,0.0,0.125,0.41480686805286454,0.00028096567876900735,2.7037242822698886,0.00028096567876900735,2.7037242822698886,0.7977392421499145,0.00027941000925095087,0.125,0.06907227774942053,0.0007776223138769023,0.7977392421499145,0.0007776223138775684,0.7977392421499145
1003.0,0.02,2.705339760016784,0.0,0.125,0.4151742312532719,0.0002815595261722592,2.705339760016784,0.0002815595261722592,2.705339760016784,0.79803928814755,0.00027941000925095087,0.125,0.06911262374734496,0.0007770447029773475,0.79803928814755,0.0007770447029780136,0.79803928814755
1004.0,0.02,2.7069470303405865,0.0,0.125,0.4155404652114453,0.0002821510898343149,2.7069470303405865,0.0002821510898343149,2.7069470303405865,0.7983391110949816,0.00027941000925095087,0.125,0.06915294548627209,0.0007764678117971879,0.7983391110949816,0.000776467811797632,0.7983391110949816
1005.0,0.02,2.708546209543954,0.0,0.125,0.4159055781588984,0.000282740374302648,2.708546209543954,0.000282740374302648,2.708546209543954,0.798638711345605,0.00027941000925095087,0.125,0.0691932429954861,0.0007758916391524817,0.798638711345605,0.0007758916391531478,0.798638711345605
1006.0,0.02,2.710137409624622,0.0,0.125,0.4162695781739716,0.00028332738816061465,2.710137409624622,0.00028332738816061465,2.710137409624622,0.7989380892518625,0.00027941000925095087,0.125,0.06923351630420703,0.0007753161838006672,0.7989380892518625,0.0007753161838011113,0.7989380892518625
1007.0,0.02,2.7117207385173288,0.0,0.125,0.4166324731873331,0.0002839121431179592,2.7117207385173288,0.0002839121431179592,2.7117207385173288,0.7992372451652425,0.00027941000925095087,0.125,0.06927376544159089,0.0007747414444432277,0.7992372451652425,0.0007747414444438938,0.7992372451652425
1008.0,0.02,2.7132963003176087,0.0,0.125,0.41699427098711755,0.00028449465457924816,2.7132963003176087,0.00028449465457924816,2.7132963003176087,0.7995361794362856,0.00027941000925095087,0.125,0.06931399043673002,0.0007741674197367931,0.7995361794362856,0.0007741674197374593,0.7995361794362856
1009.0,0.02,2.7148641954871664,0.0,0.125,0.4173549792238466,0.00028507494187124394,2.7148641954871664,0.00028507494187124394,2.7148641954871664,0.7998348924145942,0.00027941000925095087,0.125,0.06935419131865321,0.0007735941082946951,0.7998348924145942,0.0007735941082955833,0.7998348924145942
1010.0,0.02,2.71642452104777,0.0,0.125,0.4177146054150541,0.00028565302733341014,2.71642452104777,0.00028565302733341014,2.71642452104777,0.800133384448827,0.00027941000925095087,0.125,0.06939436811632606,0.000773021508695404,0.800133384448827,0.0007730215086962922,0.800133384448827
1011.0,0.02,2.7179773707582626,0.0,0.125,0.41807315694967184,0.0002862289376253102,2.7179773707582626,0.0002862289376253102,2.7179773707582626,0.8004316558867142,0.00027941000925095087,0.125,0.06943452085865098,0.0007724496194843056,0.8004316558867142,0.0007724496194847497,0.8004316558867142
1012.0,0.02,2.7195228352811682,0.0,0.125,0.41843064109221806,0.0002868027030444864,2.7195228352811682,0.0002868027030444864,2.7195228352811682,0.8007297070750548,0.00027941000925095087,0.125,0.0694746495744676,0.000771878439178364,0.8007297070750548,0.000771878439178808,0.8007297070750548
1013.0,0.02,2.7210610023378194,0.0,0.125,0.4187870649867673,0.0002873743576401466,2.7210610023378194,0.0002873743576401466,2.7210610023378194,0.8010275383597225,0.00027941000925095087,0.125,0.06951475429255281,0.0007713079662705624,0.8010275383597225,0.0007713079662710065,0.8010275383597225
1014.0,0.02,2.7225919568535346,0.0,0.125,0.41914243566071197,0.00028794393875841706,2.7225919568535346,0.00028794393875841706,2.7225919568535346,0.8013251500856731,0.00027941000925095087,0.125,0.06955483504162113,0.0007707381992332341,0.8013251500856731,0.0007707381992339002,0.8013251500856731
1015.0,0.02,2.724115781091996,0.0,0.125,0.41949676002837255,0.0002885114880086803,2.724115781091996,0.0002885114880086803,2.724115781091996,0.8016225425969452,0.00027941000925095087,0.125,0.06959489185032486,0.0007701691365185059,0.8016225425969452,0.0007701691365191721,0.8016225425969452
1016.0,0.02,2.7256325547835445,0.0,0.125,0.41985004489441125,0.00028907705041092413,2.7256325547835445,0.00028907705041092413,2.7256325547835445,0.8019197162366658,0.00027941000925095087,0.125,0.06963492474725419,0.0007696007765651824,0.8019197162366658,0.0007696007765658486,0.8019197162366658
1017.0,0.02,2.7271423552427336,0.0,0.125,0.420202296957096,0.0002896406741683677,2.7271423552427336,0.0002896406741683677,2.7271423552427336,0.8022166713470562,0.00027941000925095087,0.125,0.06967493376093759,0.000769033117797191,0.8022166713470562,0.0007690331177978571,0.8022166713470562
1018.0,0.02,2.7286452574812756,0.0,0.125,0.42055352281143676,0.0002902024114064261,2.7286452574812756,0.0002902024114064261,2.7286452574812756,0.8025134082694323,0.00027941000925095087,0.125,0.06971491891984186,0.0007684661586269126,0.8025134082694323,0.0007684661586275787,0.8025134082694323
1019.0,0.02,2.730141334312009,0.0,0.125,0.4209037289521397,0.00029076231697899857,2.730141334312009,0.00029076231697899857,2.730141334312009,0.802809927344214,0.00027941000925095087,0.125,0.06975488025237242,0.0007678998974578466,0.802809927344214,0.0007678998974582907,0.802809927344214
1020.0,0.02,2.731630656448999,0.0,0.125,0.42125292177647844,0.00029132044932111967,2.731630656448999,0.00029132044932111967,2.731630656448999,0.803106228910923,0.00027941000925095087,0.125,0.06979481778687352,0.0007673343326850546,0.803106228910923,0.0007673343326859428,0.803106228910923
1021.0,0.02,2.7333563121602538,0.0,0.125,0.42160278522841615,0.00029187686970999493,2.7333563121602538,0.00029831104131972097,2.7333563121602538,0.8034021375034357,0.00027941000925095087,0.125,0.06983473147860074,0.0007667694100419453,0.8034021375034357,0.0007667694100428335,0.8034021375034357
1022.0,0.02,2.7351600892052375,0.0,0.125,0.42195493056788,0.0002924316418102535,2.7351600892052375,0.0003068865023010403,2.7351600892052375,0.8036978267360513,0.00027941000925095087,0.125,0.06987462128308669,0.0007662050178665059,0.8036978267360513,0.000766205017867172,0.8036978267360513
1023.0,0.02,2.737026088208893,0.0,0.125,0.4223092707117517,0.00029298483258344277,2.737026088208893,0.0003131664641955467,2.737026088208893,0.8039932969666004,0.00027941000925095087,0.125,0.06991448722900281,0.0007656410975322991,0.8039932969666004,0.0007656410975331873,0.8039932969666004
1024.0,0.02,2.7389440155740203,0.0,0.125,0.4226657339847953,0.000293536510866943,2.7389440155740203,0.0003183084926945412,2.7389440155740203,0.8042885485517111,0.00027941000925095087,0.125,0.06995432934496248,0.0007650776188776742,0.8042885485517111,0.0007650776188785624,0.8042885485517111
1025.0,0.02,2.740906737547789,0.0,0.125,0.42302425912597774,0.00029408674777187116,2.740906737547789,0.0003227380566386273,2.740906737547789,0.8045835818468206,0.00027941000925095087,0.125,0.06999414765951925,0.0007645145706238754,0.8045835818468206,0.0007645145706245415,0.8045835818468206
1026.0,0.02,2.7429090252427386,0.0,0.125,0.42338479232855974,0.0002946356169672981,2.7429090252427386,0.0003266689836891601,2.7429090252427386,0.8048783972061884,0.00027941000925095087,0.125,0.07003394220116578,0.000763951953738351,0.8048783972061884,0.0007639519537387951,0.8048783972061884
1027.0,0.02,2.7449468706696507,0.0,0.125,0.4237472853954008,0.00029518319320231967,2.7449468706696507,0.000330226839594161,2.7449468706696507,0.805172994982903,0.00027941000925095087,0.125,0.07007371299833302,0.0007633897768561937,0.805172994982903,0.0007633897768568598,0.805172994982903
1028.0,0.02,2.7470170913948664,0.0,0.125,0.4241116945219401,0.0002957295533292381,2.7470170913948664,0.0003334928200047216,2.7470170913948664,0.805467375528891,0.00027941000925095087,0.125,0.07011346007938998,0.0007628280531490894,0.805467375528891,0.0007628280531495335,0.805467375528891
1029.0,0.02,2.749117089146125,0.0,0.125,0.42447797945248744,0.0002962747755645978,2.749117089146125,0.0003365230288636667,2.749117089146125,0.805761539194928,0.00027941000925095087,0.125,0.07015318347264318,0.0007622667981945774,0.805761539194928,0.0007622667981950215,0.805761539194928
1030.0,0.02,2.7512446949633613,0.0,0.125,0.42484610287036023,0.0002968189388070641,2.7512446949633613,0.00033935816173880085,2.7512446949633613,0.8060554863306477,0.00027941000925095087,0.125,0.07019288320633664,0.0007617060285562971,0.8060554863306477,0.0007617060285567412,0.8060554863306477
1031.0,0.02,2.7533980654696393,0.0,0.125,0.4252160299414814,0.0002973621236037616,2.7533980654696393,0.0003420288544475625,2.7533980654696393,0.8063492172845503,0.00027941000925095087,0.125,0.07023255930865191,0.0007611457608520666,0.8063492172845503,0.0007611457608527328,0.8063492172845503
1032.0,0.02,2.755575610744984,0.0,0.125,0.42558772796292954,0.00029790441061550155,2.755575610744984,0.00034455885469242276,2.755575610744984,0.8066427324040135,0.00027941000925095087,0.125,0.0702722118077079,0.0007605860111616902,0.8066427324040135,0.0007605860111623564,0.8066427324040135
1033.0,0.02,2.7577759425433896,0.0,0.125,0.42596116608564527,0.0002984458814125901,2.7577759425433896,0.0003469670099320865,2.7577759425433896,0.8069360320352987,0.00027941000925095087,0.125,0.07031184073156109,0.0007600267946661354,0.8069360320352987,0.0007600267946668016,0.8069360320352987
1034.0,0.02,2.7599978360826753,0.0,0.125,0.42633631509131636,0.00029898661767902013,2.7599978360826753,0.00034926857199479855,2.7599978360826753,0.8072291165235621,0.00027941000925095087,0.125,0.0703514461082056,0.0007594681254490254,0.8072291165235621,0.0007594681254496916,0.8072291165235621
1035.0,0.02,2.7622402011793383,0.0,0.125,0.42671314720973585,0.0002995267015535319,2.7622402011793383,0.000351476084802016,2.7622402011793383,0.8075219862128609,0.00027941000925095087,0.125,0.07039102796557337,0.0007589100164044904,0.8075219862128609,0.0007589100164051565,0.8075219862128609
1036.0,0.02,2.7645020599979375,0.0,0.125,0.42709163596701627,0.00030006621454958804,2.7645020599979375,0.0003536000079407131,2.7645020599979375,0.8078146414461644,0.00027941000925095087,0.125,0.07043058633153428,0.0007583524792147411,0.8078146414461644,0.0007583524792151852,0.8078146414461644
1037.0,0.02,2.766782529589989,0.0,0.125,0.42747175605804655,0.00030060523829433805,2.766782529589989,0.00035564916561270365,2.766782529589989,0.8081070825653596,0.00027941000925095087,0.125,0.0704701212338963,0.0007577955243758261,0.8081070825653596,0.0007577955243764922,0.8081070825653596
1038.0,0.02,2.7690808079832436,0.0,0.125,0.4278534832378763,0.0003011438541307143,2.7690808079832436,0.0003576310797370752,2.7690808079832436,0.8083993099112619,0.00027941000925095087,0.125,0.07050963270040576,0.0007572391612489238,0.8083993099112619,0.0007572391612495899,0.8083993099112619
1039.0,0.02,2.7713961629431196,0.0,0.125,0.4282367942285644,0.00030168214232162427,2.7713961629431196,0.00035955221869699017,2.7713961629431196,0.8086913238236209,0.00027941000925095087,0.125,0.0705491207587475,0.000756683398131619,0.8086913238236209,0.0007566833981322851,0.8086913238236209
1040.0,0.02,2.7737279227870886,0.0,0.125,0.4286216666384516,0.0003022201827889148,2.7737279227870886,0.0003614181900957192,2.7737279227870886,0.8089831246411308,0.00027941000925095087,0.125,0.07058858543654505,0.0007561282423329541,0.8089831246411308,0.0007561282423338422,0.8089831246411308
1041.0,0.02,2.7760754687914755,0.0,0.125,0.42900807889171655,0.0003027580542038777,2.7760754687914755,0.0003632338885495301,2.7760754687914755,0.8092747127014339,0.00027941000925095087,0.125,0.0706280267613609,0.0007555737002562513,0.8092747127014339,0.0007555737002571394,0.8092747127014339
1042.0,0.02,2.778438228856544,0.0,0.125,0.42939601016647655,0.0003032958343851533,2.778438228856544,0.00036500361431990314,2.778438228856544,0.809566088341134,0.00027941000925095087,0.125,0.07066744476069665,0.0007550197774777168,0.809566088341134,0.0007550197774783829,0.809566088341134
1043.0,0.02,2.7808156721727073,0.0,0.125,0.4297854403400822,0.00030383359967345314,2.7808156721727073,0.0003667311665935813,2.7808156721727073,0.8098572518958,0.00027941000925095087,0.125,0.07070683946199327,0.0007544664788217137,0.8098572518958,0.0007544664788221578,0.8098572518958
1044.0,0.02,2.783207304697328,0.0,0.125,0.43017634994045456,0.00030437142544315066,2.783207304697328,0.0003684199191980042,2.783207304697328,0.8101482036999739,0.00027941000925095087,0.125,0.07074621089263132,0.0007539138084349251,0.8101482036999739,0.0007539138084353691,0.8101482036999739
1045.0,0.02,2.7856126652860667,0.0,0.125,0.4305687201026042,0.0003049093853633167,2.7856126652860667,0.000370072882731165,2.7856126652860667,0.8104389440871804,0.00027941000925095087,0.125,0.0707855590799311,0.0007533617698520789,0.8104389440871804,0.0007533617698527451,0.8104389440871804
1046.0,0.02,2.788031322367658,0.0,0.125,0.4309625325296107,0.0003054475516250932,2.788031322367658,0.0003716927549248794,2.788031322367658,0.8107294733899291,0.00027941000925095087,0.125,0.07082488405115296,0.0007528103660605634,0.8107294733899291,0.0007528103660612295,0.8107294733899291
1047.0,0.02,2.790462871064051,0.0,0.125,0.4313577694574454,0.0003059859943164156,2.790462871064051,0.0003732819634478801,2.790462871064051,0.811019791939728,0.00027941000925095087,0.125,0.07086418583349745,0.0007522595995539394,0.811019791939728,0.0007522595995546055,0.811019791939728
1048.0,0.02,2.792906930684353,0.0,0.125,0.43175441362306544,0.0003065247819904471,2.792906930684353,0.0003748427004097721,2.792906930684353,0.8113099000670856,0.00027941000925095087,0.125,0.07090346445410557,0.0007517094723856754,0.8113099000670856,0.0007517094723861195,0.8113099000670856
1049.0,0.02,2.7953631425320964,0.0,0.125,0.43215244823554194,0.0003070639814950482,2.7953631425320964,0.0003763769523175142,2.7953631425320964,0.811599798101521,0.00027941000925095087,0.125,0.07094271994005899,0.0007511599862153329,0.811599798101521,0.000751159986215777,0.811599798101521
1050.0,0.02,2.797831167979325,0.0,0.125,0.4325518569496291,0.0003076036571201257,2.797831167979325,0.00037788652508652376,2.797831167979325,0.8118894863715682,0.00027941000925095087,0.125,0.07098195231838018,0.000750611142348756,0.8118894863715682,0.0007506111423492001,0.8118894863715682
1051.0,0.02,2.8003106867635665,0.0,0.125,0.4329526238416657,0.00030814387145028377,2.8003106867635665,0.00037937306530011483,2.8003106867635665,0.8121789652047839,0.00027941000925095087,0.125,0.0710211616160329,0.0007500629417795945,0.8121789652047839,0.0007500629417802607,0.8121789652047839
1052.0,0.02,2.8028013954795483,0.0,0.125,0.4333547333874464,0.0003086846842279556,2.8028013954795483,0.0003808380787972965,2.8028013954795483,0.8124682349277539,0.00027941000925095087,0.125,0.07106034785992202,0.0007495153852208336,0.8124682349277539,0.0007495153852212777,0.8124682349277539
1053.0,0.02,2.8053030062358744,0.0,0.125,0.4337581704418715,0.000309226153376585,2.8053030062358744,0.0003822829456794352,2.8053030062358744,0.8127572958661007,0.00027941000925095087,0.125,0.07109951107689408,0.0007489684731338819,0.8127572958661007,0.0007489684731345481,0.8127572958661007
1054.0,0.02,2.8078152454558563,0.0,0.125,0.4341629202202064,0.00030976833363638434,2.8078152454558563,0.0003837089346347966,2.8078152454558563,0.8130461483444877,0.00027941000925095087,0.125,0.07113865129373725,0.0007484222057598799,0.8130461483444877,0.000748422205760324,0.8130461483444877
1055.0,0.02,2.8103378528012968,0.0,0.125,0.4345689682807203,0.0003103112772464556,2.8103378528012968,0.00038511721413669875,2.8103378528012968,0.8133347926866275,0.00027941000925095087,0.125,0.07117776853718176,0.0007478765831399059,0.8133347926866275,0.000747876583140572,0.8133347926866275
1056.0,0.02,2.8128705802058107,0.0,0.125,0.4349763005086696,0.00031085503349004284,2.8128705802058107,0.0003865088633574487,2.8128705802058107,0.8136232292152865,0.00027941000925095087,0.125,0.07121686283389994,0.0007473316051400669,0.8136232292152865,0.000747331605140733,0.8136232292152865
1057.0,0.02,2.8154131910021647,0.0,0.125,0.4353849031013435,0.00031139964852400226,2.8154131910021647,0.0003878848804106383,2.8154131910021647,0.8139114582522948,0.00027941000925095087,0.125,0.07125593421050656,0.0007467872714685964,0.8139114582522948,0.0007467872714692625,0.8139114582522948
1058.0,0.02,2.8179654591335748,0.0,0.125,0.43579476255424127,0.0003119451648103677,2.8179654591335748,0.0003892461906502831,2.8179654591335748,0.8141994801185468,0.00027941000925095087,0.125,0.07129498269355891,0.0007462435816938395,0.8141994801185468,0.0007462435816945057,0.8141994801185468
1059.0,0.02,2.8205271684373088,0.0,0.125,0.43620586564813,0.0003124916215142548,2.8205271684373088,0.00039059365360571974,2.8205271684373088,0.814487295134009,0.00027941000925095087,0.125,0.0713340083095572,0.000745700535260907,0.814487295134009,0.000745700535261351,0.814487295134009
1060.0,0.02,2.8230981119939997,0.0,0.125,0.43661819943699753,0.0003130390541059569,2.8230981119939997,0.0003919280688933213,2.8230981119939997,0.8147749036177296,0.00027941000925095087,0.125,0.07137301108494452,0.0007451581315034428,0.8147749036177296,0.0007451581315041089,0.8147749036177296
1061.0,0.02,2.825678091534087,0.0,0.125,0.43703175123676596,0.0003135874937356675,2.825678091534087,0.0003932501822418999,2.825678091534087,0.8150623058878381,0.00027941000925095087,0.125,0.07141199104610724,0.0007446163696585018,0.8150623058878381,0.0007446163696591679,0.8150623058878381
1062.0,0.02,2.828266916895757,0.0,0.125,0.4374465086147153,0.0003141369675745409,2.828266916895757,0.00039456068930121546,2.828266916895757,0.8153495022615584,0.00027941000925095087,0.125,0.07145094821937517,0.000744075248875653,0.8153495022615584,0.0007440752488763192,0.8153495022615584
1063.0,0.02,2.830864405528189,0.0,0.125,0.4378624593795955,0.00031468749830310117,2.830864405528189,0.00039586024109894424,2.830864405528189,0.8156364930552047,0.00027941000925095087,0.125,0.07148988263102174,0.0007435347682274163,0.8156364930552047,0.0007435347682280824,0.8156364930552047
1064.0,0.02,2.8334703820353866,0.0,0.125,0.43827959157228935,0.00031523910382702525,2.8334703820353866,0.0003971494469965364,2.8334703820353866,0.8159232785841994,0.00027941000925095087,0.125,0.07152879430726414,0.0007429949267181435,0.8159232785841994,0.0007429949267188096,0.8159232785841994
1065.0,0.02,2.8360846777574693,0.0,0.125,0.43869789345708365,0.0003157917969360824,2.8360846777574693,0.0003984288786114121,2.8360846777574693,0.8162098591630687,0.00027941000925095087,0.125,0.07156768327426373,0.0007424557232924567,0.8162098591630687,0.0007424557232929008,0.8162098591630687
1066.0,0.02,2.8387071303841935,0.0,0.125,0.439117353513387,0.0003163455858157249,2.8387071303841935,0.00039969907294334917,2.8387071303841935,0.8164962351054481,0.00027941000925095087,0.125,0.07160654955812597,0.000741917156841243,0.8164962351054481,0.0007419171568419092,0.8164962351054481
1067.0,0.02,2.841337583597806,0.0,0.125,0.43953796042794263,0.00031690047330812376,2.841337583597806,0.00040096053470506376,2.841337583597806,0.8167824067240939,0.00027941000925095087,0.125,0.07164539318490085,0.0007413792262085384,0.8167824067240939,0.0007413792262089824,0.8167824067240939
1068.0,0.02,2.8439758867440332,0.0,0.125,0.4399597030875097,0.0003174564563437343,2.8439758867440332,0.0004022137395622849,2.8439758867440332,0.8170683743308882,0.00027941000925095087,0.125,0.07168421418058295,0.0007408419301957458,0.8170683743308882,0.0007408419301961899,0.8170683743308882
1069.0,0.02,2.8466218945257538,0.0,0.125,0.44038257057186697,0.0003180135271350082,2.8466218945257538,0.0004034591357253703,2.8466218945257538,0.8173541382368381,0.00027941000925095087,0.125,0.07172301257111165,0.0007403052675702959,0.8173541382368381,0.00074030526757074,0.8173541382368381
1070.0,0.02,2.849275466719064,0.0,0.125,0.44080655214724507,0.00031857167198268144,2.849275466719064,0.00040469714645041677,2.849275466719064,0.8176396987520838,0.00027941000925095087,0.125,0.07176178838237142,0.0007397692370667563,0.8176396987520838,0.0007397692370676445,0.8176396987520838
1071.0,0.02,2.8519364679098658,0.0,0.125,0.44123163726011605,0.00031913087184420874,2.8519364679098658,0.0004059281715171892,2.8519364679098658,0.8179250561859053,0.00027941000925095087,0.125,0.07180054164019191,0.0007392338373928276,0.8179250561859053,0.0007392338373932716,0.8179250561859053
1072.0,0.02,2.854604767248759,0.0,0.125,0.44165781553123656,0.00031969110096952136,2.854604767248759,0.00040715258955970057,2.854604767248759,0.818210210846726,0.00027941000925095087,0.125,0.07183927237034822,0.0007386990672286764,0.818210210846726,0.0007386990672293425,0.818210210846726
1073.0,0.02,2.857280238220767,0.0,0.125,0.4420850767500657,0.0003202523296295112,2.857280238220767,0.00040837075897570685,2.857280238220767,0.818495163042118,0.00027941000925095087,0.125,0.07187798059856094,0.0007381649252369282,0.818495163042118,0.0007381649252375944,0.818495163042118
1074.0,0.02,2.859962758432289,0.0,0.125,0.4425134108693949,0.0003208145208759561,2.859962758432289,0.00040958301951832254,2.859962758432289,0.818779913078806,0.00027941000925095087,0.125,0.07191666635049664,0.0007376314100606685,0.818779913078806,0.0007376314100613346,0.818779913078806
1075.0,0.02,2.8626522094105553,0.0,0.125,0.4429428080002717,0.00032137763315631673,2.8626522094105553,0.0004107896937739497,2.8626522094105553,0.8190644612626747,0.00027941000925095087,0.125,0.07195532965176772,0.0007370985203276614,0.8190644612626747,0.0007370985203283276,0.8190644612626747
1076.0,0.02,2.8653484764166137,0.0,0.125,0.4433732584071838,0.0003219416191200253,2.8653484764166137,0.00041199108812861596,2.8653484764166137,0.8193488078987694,0.00027941000925095087,0.125,0.07199397052793287,0.0007365662546527929,0.8193488078987694,0.000736566254653459,0.8193488078987694
1077.0,0.02,2.868051448269341,0.0,0.125,0.44380475250342716,0.000322506426016389,2.868051448269341,0.00041318749435959035,2.868051448269341,0.8196329532913047,0.00027941000925095087,0.125,0.07203258900449705,0.0007360346116387362,0.8196329532913047,0.0007360346116396244,0.8196329532913047
1078.0,0.02,2.8707610171796887,0.0,0.125,0.44423728084672365,0.0003230719965472417,2.8707610171796887,0.00041437918969222665,2.8707610171796887,0.8199168977436662,0.00027941000925095087,0.125,0.07207118510691177,0.000735503589880393,0.8199168977436662,0.0007355035898810591,0.8199168977436662
1079.0,0.02,2.8734770785972614,0.0,0.125,0.4446708341349959,0.0003236382674458582,2.8734770785972614,0.0004155664382778923,2.8734770785972614,0.820200641558418,0.00027941000925095087,0.125,0.07210975886057537,0.000734973187962451,0.820200641558418,0.0007349731879633392,0.820200641558418
1080.0,0.02,2.876199531062241,0.0,0.125,0.4451054032024078,0.00032420517129594373,2.876199531062241,0.0004167494926150539,2.876199531062241,0.8204841850373055,0.00027941000925095087,0.125,0.072148310290833,0.0007344434044667114,0.8204841850373055,0.0007344434044673775,0.8204841850373055
1081.0,0.02,2.8787333203769094,0.0,0.125,0.4455396386623932,0.0003247726359631997,2.8787333203769094,0.0004017412992993741,2.8787333203769094,0.8207678374716343,0.00027941000925095087,0.125,0.0721868395494149,0.0007339143303592977,0.8207678374716343,0.0007339143303597417,0.8207678374716343
1082.0,0.02,2.8812053258148467,0.0,0.125,0.44597224859620543,0.00032534058505007124,2.8812053258148467,0.00039615768696421583,2.8812053258148467,0.821051294593891,0.00027941000925095087,0.125,0.07222534678742953,0.0007333861565927968,0.821051294593891,0.0007333861565932409,0.821051294593891
1083.0,0.02,2.8836282613351614,0.0,0.125,0.44640329780161553,0.0003259089381231206,2.8836282613351614,0.0003924179521845872,2.8836282613351614,0.8213345566668642,0.00027941000925095087,0.125,0.07226383202920456,0.0007328589812907182,0.8213345566668642,0.0007328589812911623,0.8213345566668642
1084.0,0.02,2.886010344993963,0.0,0.125,0.44683283890671754,0.0003264776107130274,2.886010344993963,0.0003895935809623552,2.886010344993963,0.8216176239530959,0.00027941000925095087,0.125,0.07230229529901105,0.0007323328531270157,0.8216176239530959,0.0007323328531276818,0.8216176239530959
1085.0,0.02,2.8883572610756687,0.0,0.125,0.4472609163453871,0.0003270465152240831,2.8883572610756687,0.0003873433598187148,2.8883572610756687,0.8219004967148826,0.00027941000925095087,0.125,0.07234073662106687,0.0007318077878877283,0.8219004967148826,0.0007318077878881724,0.8219004967148826
1086.0,0.02,2.8906731668178054,0.0,0.125,0.4476875687154471,0.0003276155606499742,2.8906731668178054,0.0003854958539477593,2.8906731668178054,0.8221831752142623,0.00027941000925095087,0.125,0.07237915601953887,0.000731283779972447,0.8221831752142623,0.0007312837799731131,0.8221831752142623
1087.0,0.02,2.8929612410601067,0.0,0.125,0.44811283024597853,0.0003281846536538069,2.8929612410601067,0.0003839504315692466,2.8929612410601067,0.8224656597130122,0.00027941000925095087,0.125,0.0724175535185449,0.0007307608103448437,0.8224656597130122,0.0007307608103452878,0.8224656597130122
1088.0,0.02,2.8952240013545065,0.0,0.125,0.4485367317628323,0.0003287536976017691,2.8952240013545065,0.00038264205124960426,2.8952240013545065,0.8227479504726436,0.00027941000925095087,0.125,0.0724559291421551,0.0007302388519878633,0.8227479504726436,0.0007302388519885294,0.8227479504726436
1089.0,0.02,2.8974634975755293,0.0,0.125,0.4489593013559881,0.0003293225939273725,2.8974634975755293,0.00038152579799088926,2.8974634975755293,0.8230300477543928,0.00027941000925095087,0.125,0.07249428291439271,0.0007297178736129784,0.8230300477543928,0.0007297178736136445,0.8230300477543928
1090.0,0.02,2.899681436106505,0.0,0.125,0.449380564860424,0.00032989124224513944,2.899681436106505,0.0003805691146681056,2.899681436106505,0.823311951819218,0.00027941000925095087,0.125,0.07253261485923512,0.0007291978421506418,0.823311951819218,0.0007291978421513079,0.823311951819218
1091.0,0.02,2.9018792630159282,0.0,0.125,0.44980054621483023,0.0003304595406916633,2.9018792630159282,0.00037974751120373185,2.9018792630159282,0.8235936629277931,0.00027941000925095087,0.125,0.07257092500061431,0.0007286787243829806,0.8235936629277931,0.0007286787243836468,0.8235936629277931
1092.0,0.02,2.904058221883986,0.0,0.125,0.4502192677370839,0.0003310273858119217,2.904058221883986,0.0003790420207678835,2.904058221883986,0.8238751813405023,0.00027941000925095087,0.125,0.07260921336241737,0.0007281604879922909,0.8238751813405023,0.0007281604879929571,0.8238751813405023
1093.0,0.02,2.9062193953108704,0.0,0.125,0.45063675034086736,0.00033159467346877136,2.9062193953108704,0.0003784376050930405,2.9062193953108704,0.8241565073174346,0.00027941000925095087,0.125,0.07264747996848676,0.0007276431021991936,0.8241565073174346,0.0007276431021996377,0.8241565073174346
1094.0,0.02,2.9083637355389556,0.0,0.125,0.4510530137095378,0.0003321612982745137,2.9083637355389556,0.00037792210764564516,2.9083637355389556,0.8244376411183831,0.00027941000925095087,0.125,0.0726857248426209,0.0007271265381170178,0.8244376411183831,0.0007271265381176839,0.8244376411183831
1095.0,0.02,2.9104920875774383,0.0,0.125,0.4514680764380368,0.00033272715535304087,2.9104920875774383,0.00037748554211702867,2.9104920875774383,0.824718583002833,0.00027941000925095087,0.125,0.07272394800857417,0.0007266107689261059,0.824718583002833,0.000726610768926772,0.824718583002833
1096.0,0.02,2.9126052070251376,0.0,0.125,0.4518819561505129,0.0003332921394303412,2.9126052070251376,0.00037711959254238536,2.9126052070251376,0.8249993332299614,0.00027941000925095087,0.125,0.0727621494900572,0.0007260957699153359,0.8249993332299614,0.00072609576991578,0.8249993332299614
1097.0,0.02,2.914703774050281,0.0,0.125,0.4522946695989623,0.000333856144834499,2.914703774050281,0.0003768172522882196,2.914703774050281,0.8252798920586313,0.00027941000925095087,0.125,0.07280032931073718,0.0007255815184452619,0.8252798920586313,0.000725581518445928,0.8252798920586313
1098.0,0.02,2.9167884045231744,0.0,0.125,0.45270623274694294,0.0003344190671441538,2.9167884045231744,0.00037657255739986795,2.9167884045231744,0.8255602597473899,0.00027941000925095087,0.125,0.07283848749423794,0.000725067993862627,0.8255602597473899,0.0007250679938635152,0.8255602597473899
1099.0,0.02,2.91885965900741,0.0,0.125,0.4531166608413007,0.000334980802449536,2.91885965900741,0.00037638038753584624,2.91885965900741,0.825840436554464,0.00027941000925095087,0.125,0.07287662406414001,0.0007245551773817915,0.825840436554464,0.0007245551773824577,0.825840436554464
1100.0,0.02,2.92091805010557,0.0,0.125,0.45352596847410026,0.0003355412473524666,2.92091805010557,0.0003762363111263767,2.92091805010557,0.8261204227377488,0.00027941000925095087,0.125,0.07291473904398099,0.0007240430519532826,0.8261204227377488,0.0007240430519539487,0.8261204227377488
1101.0,0.02,2.9229640485272625,0.0,0.125,0.45393416963661076,0.00033610030033059957,2.9229640485272625,0.0003761364666843292,2.9229640485272625,0.8264002185548134,0.00027941000925095087,0.125,0.07295283245725546,0.000723531602125238,0.8264002185548134,0.0007235316021259042,0.8264002185548134
1102.0,0.02,2.924998088149664,0.0,0.125,0.45434127776663524,0.00033665786088477034,2.924998088149664,0.00037607746793355545,2.924998088149664,0.8266798242628917,0.00027941000925095087,0.125,0.07299090432741522,0.0007230208139068495,0.8266798242628917,0.0007230208139075156,0.8266798242628917
1103.0,0.02,2.927020570274294,0.0,0.125,0.454747305790207,0.0003372138299937433,2.927020570274294,0.0003760563289461061,2.927020570274294,0.8269592401188806,0.00027941000925095087,0.125,0.07302895467786934,0.0007225106746366894,0.8269592401188806,0.0007225106746371335,0.8269592401188806
1104.0,0.02,2.929031867237711,0.0,0.125,0.45515226615866294,0.00033776811091001946,2.929031867237711,0.00037607040383136336,2.929031867237711,0.8272384663793355,0.00027941000925095087,0.125,0.07306698353198428,0.000722001172856146,0.8272384663793355,0.000722001172856368,0.8272384663793355
1105.0,0.02,2.9310323254937316,0.0,0.125,0.45555617088168776,0.00033832060853455914,2.9310323254937316,0.0003761173366569892,2.9310323254937316,0.827517503300466,0.00027941000925095087,0.125,0.07310499091308408,0.0007214922981924055,0.827517503300466,0.0007214922981930716,0.827517503300466
1106.0,0.02,2.933022268264722,0.0,0.125,0.45595903155688194,0.0003388712300420593,2.933022268264722,0.0003761950207490372,2.933022268264722,0.8277963511381348,0.00027941000925095087,0.125,0.07314297684445022,0.0007209840412538693,0.8277963511381348,0.0007209840412543134,0.8277963511381348
1107.0,0.02,2.93500199783324,0.0,0.125,0.45636085939644305,0.0003394198847104235,2.93500199783324,0.00037630156521117897,2.93500199783324,0.8280750101478513,0.00027941000925095087,0.125,0.07318094134932203,0.0007204763935275693,0.8280750101478513,0.0007204763935280134,0.8280750101478513
1108.0,0.02,2.936971797535193,0.0,0.125,0.4567616652511988,0.0003399664849439432,2.936971797535193,0.000376435266957742,2.936971797535193,0.8283534805847714,0.00027941000925095087,0.125,0.07321888445089655,0.000719969347289906,0.8283534805847714,0.0007199693472903501,0.8283534805847714
1109.0,0.02,2.938931933503568,0.0,0.125,0.4571614596324723,0.00034051094507958624,2.938931933503568,0.000376594586327883,2.938931933503568,0.8286317627036925,0.00027941000925095087,0.125,0.07325680617232866,0.0007194628955282667,0.8286317627036925,0.0007194628955284887,0.8286317627036925
1110.0,0.02,2.940882656198312,0.0,0.125,0.45756025273190515,0.0003410531825807084,2.940882656198312,0.0003767781275314519,2.940882656198312,0.828909856759052,0.00027941000925095087,0.125,0.07329470653673122,0.0007189570318630878,0.828909856759052,0.0007189570318635319,0.828909856759052
1111.0,0.02,2.9428242017565935,0.0,0.125,0.4579580544396483,0.00034159311786652324,2.9428242017565935,0.0003769846218233397,2.9428242017565935,0.8291877630049218,0.00027941000925095087,0.125,0.07333258556717516,0.0007184517504867927,0.8291877630049218,0.0007184517504870147,0.8291877630049218
1112.0,0.02,2.9447567931895264,0.0,0.125,0.45835487436090727,0.0003421306743689456,2.9447567931895264,0.0003772129121557555,2.9447567931895264,0.8294654816950104,0.00027941000925095087,0.125,0.07337044328668946,0.0007179470460982884,0.8294654816950104,0.0007179470460987325,0.8294654816950104
1113.0,0.02,2.9466806414457665,0.0,0.125,0.4587507218312033,0.00034266577870312176,2.9466806414457665,0.0003774619410705782,2.9466806414457665,0.8297430130826531,0.00027941000925095087,0.125,0.07340827971826139,0.0007174429138561145,0.8297430130826531,0.0007174429138565586,0.8297430130826531
1114.0,0.02,2.9485959463606832,0.0,0.125,0.4591456059304463,0.0003431983607811162,2.9485959463606832,0.00037773074006963725,2.9485959463606832,0.8300203574208156,0.00027941000925095087,0.125,0.07344609488483646,0.0007169393493249299,0.8300203574208156,0.000716939349325374,0.8300203574208156
1115.0,0.02,2.9505028975067944,0.0,0.125,0.4595395354958042,0.0003437283546645631,2.9505028975067944,0.00037801841966711436,2.9505028975067944,0.8302975149620879,0.00027941000925095087,0.125,0.0734838888093186,0.0007164363484362113,0.8302975149620879,0.0007164363484366554,0.8302975149620879
1116.0,0.02,2.952401674957798,0.0,0.125,0.4599325191337377,0.00034425569725726746,2.952401674957798,0.00037832416171568184,2.952401674957798,0.8305744859586839,0.00027941000925095087,0.125,0.07352166151457015,0.0007159339074487292,0.8305744859586839,0.0007159339074489512,0.8305744859586839
1117.0,0.02,2.9542924499763217,0.0,0.125,0.4603245652310663,0.00034478033018103815,2.9542924499763217,0.00037864721178948457,2.9542924499763217,0.8308512706624389,0.00027941000925095087,0.125,0.07355941302341201,0.000715432022914575,0.8308512706624389,0.0007154320229150191,0.8308512706624389
1118.0,0.02,2.956175385636641,0.0,0.125,0.46071568196529167,0.0003453021984114457,2.956175385636641,0.00037898687338611126,2.956175385636641,0.8311278693248045,0.00027941000925095087,0.125,0.07359714335862369,0.0007149306916480747,0.8311278693248045,0.0007149306916487408,0.8311278693248045
1119.0,0.02,2.958050637387487,0.0,0.125,0.461105877314145,0.00034582125135784736,2.958050637387487,0.00037934250173066175,2.958050637387487,0.8314042821968519,0.00027941000925095087,0.125,0.07363485254294339,0.0007144299106995877,0.8314042821968519,0.0007144299106998098,0.8314042821968519
1120.0,0.02,2.9599183535645466,0.0,0.125,0.4614951590645983,0.0003463374436023514,2.9599183535645466,0.00037971349939880383,2.9599183535645466,0.8316805095292625,0.00027941000925095087,0.125,0.07367254059906805,0.0007139296773290837,0.8316805095292625,0.0007139296773295278,0.8316805095292625
1121.0,0.02,2.9617786758568627,0.0,0.125,0.4618835348211306,0.0003468507330239845,2.9617786758568627,0.0003800993121103602,2.9617786758568627,0.8319565515723326,0.00027941000925095087,0.125,0.07371020754965361,0.0007134299889872686,0.8319565515723326,0.0007134299889874907,0.8319565515723326
1122.0,0.02,2.9636317397317953,0.0,0.125,0.46227101201358306,0.0003473610836977059,2.9636317397317953,0.0003804994241249915,2.9636317397317953,0.8322324085759671,0.00027941000925095087,0.125,0.0737478534173148,0.0007129308432918258,0.8322324085759671,0.0007129308432922699,0.8322324085759671
1123.0,0.02,2.9654776748251948,0.0,0.125,0.46265759790446065,0.0003478684635638274,2.9654776748251948,0.000380913355741086,2.9654776748251948,0.832508080789681,0.00027941000925095087,0.125,0.07378547822462543,0.0007124322380145376,0.832508080789681,0.0007124322380147596,0.832508080789681
1124.0,0.02,2.9673166052977535,0.0,0.125,0.46304329959577534,0.0003483728460196289,2.9673166052977535,0.0003813406593167201,2.9673166052977535,0.8327835684625926,0.00027941000925095087,0.125,0.07382308199411848,0.0007119341710615235,0.8327835684625926,0.0007119341710617455,0.8327835684625926
1125.0,0.02,2.9691486501628788,0.0,0.125,0.4634281240355129,0.00034887421008988895,2.9691486501628788,0.0003817809173938258,2.9691486501628788,0.8330588718434284,0.00027941000925095087,0.125,0.07386066474828598,0.0007114366404628036,0.8330588718434284,0.0007114366404632477,0.8330588718434284
1126.0,0.02,2.9709739235890993,0.0,0.125,0.4638120780236802,0.000349372539972137,2.9709739235890993,0.00038223373974233255,2.9709739235890993,0.8333339911805144,0.00027941000925095087,0.125,0.07389822650957932,0.0007109396443580884,0.8333339911805144,0.0007109396443585325,0.8333339911805144
1127.0,0.02,2.9727925351782574,0.0,0.125,0.46419516821801576,0.0003498678253208709,2.9727925351782574,0.00038269876074537024,2.9727925351782574,0.8336089267217814,0.00027941000925095087,0.125,0.07393576730040918,0.0007104431809838996,0.8336089267217814,0.0007104431809841216,0.8336089267217814
1128.0,0.02,2.9746045902228957,0.0,0.125,0.4645774011393888,0.00035036006113386975,2.9746045902228957,0.00038317563860346127,2.9746045902228957,0.8338836787147568,0.00027941000925095087,0.125,0.07397328714314573,0.000709947248667131,0.8338836787147568,0.000709947248667353,0.8338836787147568
1129.0,0.02,2.9764101899432376,0.0,0.125,0.4649587831768649,0.00035084924894590586,2.9764101899432376,0.00038366405243550616,2.9764101899432376,0.8341582474065667,0.00027941000925095087,0.125,0.07401078606011856,0.0007094518458135024,0.8341582474065667,0.0007094518458139465,0.8341582474065667
1130.0,0.02,2.97820943171007,0.0,0.125,0.4653393205925242,0.0003513353953508158,2.97820943171007,0.0003841637006871679,2.97820943171007,0.8344326330439367,0.00027941000925095087,0.125,0.0740482640736169,0.000708956970900676,0.8344326330439367,0.000708956970900898,0.8344326330439367
1131.0,0.02,2.9800024092477884,0.0,0.125,0.46571901952601324,0.00035181851274046494,2.9800024092477884,0.00038467430078981124,2.9800024092477884,0.8347068358731833,0.00027941000925095087,0.125,0.0740857212058897,0.0007084626224695967,0.8347068358731833,0.0007084626224698187,0.8347068358731833
1132.0,0.02,2.981789212826186,0.0,0.125,0.46609788599883595,0.0003522986197026512,2.981789212826186,0.0003851955860909584,2.981789212826186,0.8349808561402228,0.00027941000925095087,0.125,0.07412315747914558,0.000707968799119163,0.8349808561402228,0.0007079687991196071,0.8349808561402228
1133.0,0.02,2.9835699294375786,0.0,0.125,0.46647592591846915,0.00035277574022529734,2.9835699294375786,0.0003857273060816624,2.9835699294375786,0.8352546940905585,0.00027941000925095087,0.125,0.07416057291555302,0.0007074754995022303,0.8352546940905585,0.0007074754995024524,0.8352546940905585
1134.0,0.02,2.985344642962616,0.0,0.125,0.46685314508220094,0.00035324990437857196,2.985344642962616,0.0003862692245775179,2.985344642962616,0.835528349969288,0.00027941000925095087,0.125,0.07419796753724041,0.0007069827223153968,0.835528349969288,0.0007069827223156189,0.835528349969288
1135.0,0.02,2.9871134343263748,0.0,0.125,0.4672295491808288,0.00035372114712117764,2.9871134343263748,0.0003868211186954795,2.9871134343263748,0.8358018240211016,0.00027941000925095087,0.125,0.07423534136629613,0.0007064904662996696,0.8358018240211016,0.0007064904663001137,0.8358018240211016
1136.0,0.02,2.9888763816410915,0.0,0.125,0.4676051438022072,0.00035418950960774964,2.9888763816410915,0.00038738277845595803,2.9888763816410915,0.8360751164902755,0.00027941000925095087,0.125,0.07427269442476866,0.0007059987302338033,0.8360751164902755,0.0007059987302340254,0.8360751164902755
1137.0,0.02,2.9906335603436673,0.0,0.125,0.4679799344345155,0.00035465503816567434,2.9906335603436673,0.00038795400507751765,2.9906335603436673,0.8363482276206748,0.00027941000925095087,0.125,0.07431002673466665,0.0007055075129294153,0.8363482276206748,0.0007055075129300814,0.8363482276206748
1138.0,0.02,2.992385043322656,0.0,0.125,0.46835392646946294,0.0003551177839540287,2.992385043322656,0.0003885346108631893,2.992385043322656,0.836621157655753,0.00027941000925095087,0.125,0.07434733831795891,0.0007050168132312074,0.836621157655753,0.0007050168132316514,0.836621157655753
1139.0,0.02,2.994130901037636,0.0,0.125,0.46872712520532306,0.0003555778037593882,2.994130901037636,0.0003891244183478193,2.994130901037636,0.8368939068385479,0.00027941000925095087,0.125,0.0743846291965747,0.0007045266300091946,0.8368939068385479,0.0007045266300096387,0.8368939068385479
1140.0,0.02,2.9958712016318145,0.0,0.125,0.46909953584980124,0.00035603515897264515,2.9958712016318145,0.0003897232594454181,2.9958712016318145,0.8371664754116861,0.00027941000925095087,0.125,0.07442189939240362,0.0007040369621598153,0.8371664754116861,0.0007040369621600373,0.8371664754116861
1141.0,0.02,2.9976659558635674,0.0,0.125,0.469471571079939,0.0003564899153047918,2.9976659558635674,0.00039530823141831206,2.9976659558635674,0.8374385089914735,0.00027941000925095087,0.125,0.07445914878426743,0.0007035477027350634,0.8374385089914735,0.0007035477027352854,0.8374385089914735
1142.0,0.02,2.9994761853943146,0.0,0.125,0.469843626135325,0.0003569421434690412,2.9994761853943146,0.00039800291898473006,2.9994761853943146,0.8377103573927303,0.00027941000925095087,0.125,0.07449637725157592,0.0007030586310279308,0.8377103573927303,0.0007030586310283748,0.8377103573927303
1143.0,0.02,3.0012980141630123,0.0,0.125,0.47021568366815025,0.00035739191798711545,3.0012980141630123,0.00040013815527117913,3.0012980141630123,0.8379820208990183,0.0,0.125,0.07453358481704822,0.0007025696324538533,0.8379820208990183,0.0007025696324540753,0.8379820208990183
1144.0,0.02,3.0031289473727725,0.0,0.125,0.4705877299468426,0.0003578393170187155,3.0031289473727725,0.00040199936813678505,3.0031289473727725,0.8382534997925621,0.0,0.125,0.07457077150336952,0.000702080648545822,0.8382534997925621,0.000702080648546044,0.8382534997925621
1145.0,0.02,3.0049672682271193,0.0,0.125,0.47095975366688103,0.0003582844228731119,3.0049672682271193,0.0004036914065750352,3.0049672682271193,0.8385247943533136,0.0,0.125,0.07460793733318746,0.0007015916582533421,0.8385247943533136,0.0007015916582537862,0.8385247943533136
1146.0,0.02,3.006811728430989,0.0,0.125,0.4713317452453575,0.00035872732092911974,3.006811728430989,0.00040526691975628637,3.006811728430989,0.8387959048611067,0.0,0.125,0.0746450823291099,0.0007011026649257346,0.8387959048611067,0.0007011026649259566,0.8387959048611067
1147.0,0.02,3.008661379537216,0.0,0.125,0.4717036963818606,0.000359168099805629,3.008661379537216,0.000406756790766849,3.008661379537216,0.8390668315947551,0.0,0.125,0.07468220651370287,0.0007006136872977908,0.8390668315947551,0.0007006136872982349,0.8390668315947551
1148.0,0.02,3.010515475485022,0.0,0.125,0.47207559976942265,0.00035960685079317045,3.010515475485022,0.00040818096221073574,3.010515475485022,0.8393375748320688,0.0,0.125,0.07471930990948968,0.0007001247532925081,0.8393375748320688,0.0007001247532929522,0.8393375748320688
1149.0,0.02,3.0123734131093443,0.0,0.125,0.47244744889462875,0.0003600436675128549,3.0123734131093443,0.0004095531915027095,3.0123734131093443,0.8396081348498621,0.0,0.125,0.07475639253894978,0.0006996358957918059,0.8396081348498621,0.000699635895792472,0.8396081348498621
1150.0,0.02,3.0142346939943536,0.0,0.125,0.4728192378936374,0.00036047864597321677,3.0142346939943536,0.0004108834397698047,3.0142346939943536,0.8398785119239647,0.0,0.125,0.07479345442451837,0.000699147149795909,0.8398785119239647,0.0006991471497963531,0.8398785119239647
1151.0,0.02,3.016098898935752,0.0,0.125,0.47319096144475087,0.00036091188422915366,3.016098898935752,0.0004121791900502103,3.016098898935752,0.8401487063292317,0.0,0.125,0.07483049558858573,0.000698658550547071,0.8401487063292317,0.0006986585505477372,0.8401487063292317
1152.0,0.02,3.017965670194144,0.0,0.125,0.4735626146860785,0.00036134348209770906,3.017965670194144,0.00041344622968608746,3.017965670194144,0.8404187183395531,0.0,0.125,0.0748675160534972,0.0006981701323303113,0.8404187183395531,0.0006981701323307554,0.8404187183395531
1153.0,0.02,3.0198346987665445,0.0,0.125,0.47393419315076846,0.0003617735402485778,3.0198346987665445,0.0004146891414507081,3.0198346987665445,0.8406885482278637,0.0,0.125,0.07490451584155287,0.0006976819277306756,0.8406885482278637,0.0006976819277311197,0.8406885482278637
1154.0,0.02,3.021705715000735,0.0,0.125,0.47430569271516587,0.00036220216099991376,3.021705715000735,0.0004159116234063731,3.021705715000735,0.8409581962661512,0.0,0.125,0.07494149497500752,0.0006971939672171246,0.8409581962661512,0.0006971939672175687,0.8409581962661512
1155.0,0.02,3.0235784815161537,0.0,0.125,0.474677109556544,0.0003626294470677749,3.0235784815161537,0.00041711670934319045,3.0235784815161537,0.8412276627254722,0.0,0.125,0.07497845347607046,0.0006967062789422496,0.8412276627254722,0.0006967062789424716,0.8412276627254722
1156.0,0.02,3.0254527877513624,0.0,0.125,0.47504844011820957,0.00036305550207771375,3.0254527877513624,0.000418306921403655,3.0254527877513624,0.8414969478759509,0.0,0.125,0.07501539136690587,0.0006962188886798781,0.8414969478759509,0.0006962188886803222,0.8414969478759509
1157.0,0.02,3.027328445693797,0.0,0.125,0.4754196810802244,0.00036348042971212635,3.027328445693797,0.00041948438104100205,3.027328445693797,0.8417660519867951,0.0,0.125,0.07505230866963249,0.000695731819865486,0.8417660519867951,0.0006957318198659301,0.8417660519867951
1158.0,0.02,3.02920528648184,0.0,0.125,0.4757908293347261,0.00036390433388078236,3.02920528648184,0.0004206508911011042,3.02920528648184,0.8420349753263057,0.0,0.125,0.0750892054063238,0.0006952450936872356,0.8420349753263057,0.0006952450936874577,0.8420349753263057
1159.0,0.02,3.031083157665364,0.0,0.125,0.4761618819647808,0.0003643273186639817,3.031083157665364,0.0004218079968723032,3.031083157665364,0.8423037181618818,0.0,0.125,0.07512608159900824,0.0006947587292167601,0.8423037181618818,0.0006947587292169821,0.8423037181618818
1160.0,0.02,3.0329619209713883,0.0,0.125,0.47653283622622417,0.00036474948694831255,3.0329619209713883,0.0004229570338338817,3.0329619209713883,0.8425722807600327,0.0,0.125,0.07516293726966917,0.000694272743556601,0.8425722807600327,0.0006942727435572671,0.8425722807600327
1161.0,0.02,3.0348414504596803,0.0,0.125,0.47690368953187406,0.0003651709419045801,3.0348414504596803,0.00042409916341057396,3.0348414504596803,0.8428406633863816,0.0,0.125,0.075199772440245,0.0006937871519956396,0.8428406633863816,0.0006937871519958616,0.8428406633863816
1162.0,0.02,3.036721630989746,0.0,0.125,0.4772744394377503,0.0003655917854530344,3.036721630989746,0.0004252354027016736,3.036721630989746,0.8431088663056776,0.0,0.125,0.07523658713262937,0.0006933019681614194,0.8431088663056776,0.0006933019681616415,0.8431088663056776
1163.0,0.02,3.0386023569318468,0.0,0.125,0.47764508363100694,0.0003660121185475873,3.0386023569318468,0.0004263666471615579,3.0386023569318468,0.843376889781805,0.0,0.125,0.07527338136867123,0.0006928172041718028,0.843376889781805,0.0006928172041720249,0.843376889781805
1164.0,0.02,3.0404835310766885,0.0,0.125,0.4780156199191756,0.00036643204094843895,3.0404835310766885,0.00042749368918748587,3.0404835310766885,0.8436447340777875,0.0,0.125,0.07531015517017506,0.0006923328707748588,0.8436447340777875,0.0006923328707753029,0.8436447340777875
1165.0,0.02,3.0423650637066544,0.0,0.125,0.47838604622073977,0.00036685165150629473,3.0423650637066544,0.0004286172332399474,3.0423650637066544,0.8439123994557998,0.0,0.125,0.0753469085589009,0.0006918489774836445,0.8439123994557998,0.0006918489774838665,0.8439123994557998
1166.0,0.02,3.0442468717989755,0.0,0.125,0.4787563605566245,0.00036727104730971405,3.0442468717989755,0.000429737908405059,3.0442468717989755,0.844179886177169,0.0,0.125,0.07538364155656459,0.0006913655326954427,0.844179886177169,0.0006913655326961088,0.844179886177169
1167.0,0.02,3.046128878338095,0.0,0.125,0.47912656104263146,0.0003676903237987972,3.046128878338095,0.00043085627874006605,3.046128878338095,0.844447194502389,0.0,0.125,0.0754203541848379,0.0006908825438090016,0.844447194502389,0.0006908825438094457,0.844447194502389
1168.0,0.02,3.0480110117197796,0.0,0.125,0.4794966458826318,0.0003681095746514984,3.0480110117197796,0.00043197285174301214,3.0480110117197796,0.8447143246911286,0.0,0.125,0.07545704646534866,0.0006904000173204583,0.8447143246911286,0.0006904000173209024,0.8447143246911286
1169.0,0.02,3.0498932052308874,0.0,0.125,0.4798666133623975,0.0003685288917267826,3.0498932052308874,0.0004330880855718533,3.0498932052308874,0.8449812770022296,0.0,0.125,0.07549371841968089,0.0006899179589203719,0.8449812770022296,0.0006899179589205939,0.8449812770022296
1170.0,0.02,3.0517753965935412,0.0,0.125,0.48023646184404123,0.00036894836472356474,3.0517753965935412,0.00043420239529723403,3.0517753965935412,0.8452480516937229,0.0,0.125,0.07553037006937502,0.0006894363735772124,0.8452480516937229,0.0006894363735778786,0.8452480516937229
1171.0,0.02,3.0536575275655764,0.0,0.125,0.48060618976098357,0.00036936808146492695,3.0536575275655764,0.00043531615818892533,3.0536575275655764,0.8455146490228331,0.0,0.125,0.07556700143592804,0.00068895526561219,0.8455146490228331,0.0006889552656126341,0.8455146490228331
1172.0,0.02,3.055539543585496,0.0,0.125,0.48097579561333514,0.0003697881275002146,3.055539543585496,0.0004364297176380205,3.055539543585496,0.8457810692459837,0.0,0.125,0.07560361254079358,0.0006884746387674223,0.8457810692459837,0.0006884746387676444,0.8457810692459837
1173.0,0.02,3.057421393460288,0.0,0.125,0.48134527796369614,0.0003702085858208193,3.057421393460288,0.00043754338781809565,3.057421393460288,0.8460473126188046,0.0,0.125,0.07564020340538216,0.0006879944962663309,0.8460473126188046,0.0006879944962663309,0.8460473126188046
1174.0,0.02,3.059303029084788,0.0,0.125,0.48171463543332893,0.00037062953686017863,3.059303029084788,0.0004386574558452594,3.059303029084788,0.8463133793961433,0.0,0.125,0.07567677405106132,0.0006875148408684861,0.8463133793961433,0.0006875148408687082,0.8463133793961433
1175.0,0.02,3.0611844051937283,0.0,0.125,0.48208386669862735,0.00037105105917589754,3.0611844051937283,0.00043977218609825286,3.0611844051937283,0.8465792698320589,0.0,0.125,0.0757133244991557,0.0006870356749208995,0.8465792698320589,0.0006870356749208995,0.8465792698320589
1176.0,0.02,3.063065479138686,0.0,0.125,0.48245297048785857,0.0003714732281991928,3.063065479138686,0.00044088782146900485,3.063065479138686,0.8468449841798458,0.0,0.125,0.07574985477094734,0.0006865570003982135,0.8468449841798458,0.0006865570003984356,0.8468449841798458
1177.0,0.02,3.0649462106868555,0.0,0.125,0.482821945578214,0.0003718961165759538,3.0649462106868555,0.0004420045856363686,3.0649462106868555,0.8471105226920275,0.0,0.125,0.07578636488767566,0.0006860788189444467,0.8471105226920275,0.0006860788189444467,0.8471105226920275
1178.0,0.02,3.066826561841708,0.0,0.125,0.4831907907930286,0.00037231979462148956,3.066826561841708,0.00044312268573776237,3.066826561841708,0.8473758856203653,0.0,0.125,0.07582285487053783,0.0006856011319085198,0.8473758856203653,0.0006856011319087418,0.8473758856203653
1179.0,0.02,3.0687064966798516,0.0,0.125,0.4835595049992363,0.0003727443292973476,3.0687064966798516,0.00044424231350603804,3.0687064966798516,0.8476410732158688,0.0,0.125,0.07585932474068871,0.0006851239403733445,0.8476410732158688,0.0006851239403735665,0.8476410732158688
1180.0,0.02,3.0705859812038625,0.0,0.125,0.4839280871050267,0.0003731697844955306,3.0705859812038625,0.00044536364686109664,3.0705859812038625,0.8479060857287983,0.0,0.125,0.0758957745192411,0.0006846472451853547,0.8479060857287983,0.0006846472451853547,0.8479060857287983
1181.0,0.02,3.0724649832073396,0.0,0.125,0.4842965360576213,0.0003735962222322087,3.0724649832073396,0.00044648685093306995,3.0724649832073396,0.8481709234086692,0.0,0.125,0.07593220422726592,0.0006841710469795981,0.8481709234086692,0.0006841710469798201,0.8481709234086692
1182.0,0.02,3.074343472155533,0.0,0.125,0.48466485084128835,0.0003740236999760782,3.074343472155533,0.00044761207971077965,3.074343472155533,0.8484355865042614,0.0,0.125,0.07596861388579236,0.0006836953462028283,0.8484355865042614,0.0006836953462030504,0.8484355865042614
1183.0,0.02,3.0762214190723967,0.0,0.125,0.4850330304754227,0.00037445227275156867,3.0762214190723967,0.0004487394768375452,3.0762214190723967,0.8487000752636236,0.0,0.125,0.07600500351580798,0.0006832201431326013,0.8487000752636236,0.0006832201431326013,0.8487000752636236
1184.0,0.02,3.078098796440429,0.0,0.125,0.48540107401277777,0.0003748819925135649,3.078098796440429,0.0004498691762933049,3.078098796440429,0.8489643899340811,0.0,0.125,0.07604137313825889,0.0006827454378948161,0.8489643899340811,0.0006827454378950382,0.8489643899340811
1185.0,0.02,3.079975578107849,0.0,0.125,0.48576898053781487,0.00037531290786319005,3.079975578107849,0.00045100130375885783,3.079975578107849,0.8492285307622378,0.0,0.125,0.07607772277404991,0.0006822712304823675,0.8492285307622378,0.0006822712304823675,0.8492285307622378
1186.0,0.02,3.081851739203671,0.0,0.125,0.48613674916518607,0.0003757450638204318,3.081851739203671,0.00045213597672955075,3.081851739203671,0.8494924979939795,0.0,0.125,0.07611405244404464,0.0006817975207653593,0.8494924979939795,0.0006817975207653593,0.8494924979939795
1187.0,0.02,3.0837272560596034,0.0,0.125,0.48650437903827615,0.0003761785025062636,3.0837272560596034,0.00045327330570898994,3.0837272560596034,0.8497562918744892,0.0,0.125,0.07615036216906576,0.0006813243085084242,0.8497562918744892,0.0006813243085086462,0.8497562918744892
1188.0,0.02,3.0856021061381966,0.0,0.125,0.4868718693278753,0.00037661326240368,3.0856021061381966,0.0004544133944364148,3.0856021061381966,0.8500199126482415,0.0,0.125,0.07618665196989508,0.0006808515933791615,0.8500199126482415,0.0006808515933791615,0.8500199126482415
1189.0,0.02,3.0874762679661103,0.0,0.125,0.4872392192308885,0.0003770493789261309,3.0874762679661103,0.00045555634073934925,3.0874762679661103,0.8502833605590159,0.0,0.125,0.07622292186727367,0.0006803793749599052,0.8502833605590159,0.0006803793749599052,0.8502833605590159
1190.0,0.02,3.0893497210742,0.0,0.125,0.48760642796915193,0.0003774868842469914,3.0893497210742,0.00045670223653360154,3.0893497210742,0.8505466358498956,0.0,0.125,0.07625917188190201,0.0006799076527566061,0.8505466358498956,0.0006799076527566061,0.8505466358498956
1191.0,0.02,3.091222445939593,0.0,0.125,0.4879734947883381,0.00037792580644691043,3.091222445939593,0.0004578511687896025,3.091222445939593,0.8508097387632771,0.0,0.125,0.0762954020344402,0.0006794364262072694,0.8508097387632771,0.0006794364262077135,0.8508097387632771
1192.0,0.02,3.0930944239341898,0.0,0.125,0.48834041895687813,0.00037836617138964357,3.0930944239341898,0.00045900321981662273,3.0930944239341898,0.8510726695408721,0.0,0.125,0.07633161234550806,0.0006789656946908362,0.8510726695408721,0.0006789656946908362,0.8510726695408721
1193.0,0.02,3.0949656372753225,0.0,0.125,0.48870719976499777,0.00037880800061884656,3.0949656372753225,0.0004601584674333026,3.0949656372753225,0.8513354284237167,0.0,0.125,0.07636780283568524,0.0006784954575291824,0.8513354284237167,0.0006784954575294044,0.8513354284237167
1194.0,0.02,3.096836068980565,0.0,0.125,0.4890738365237541,0.000379251313347595,3.096836068980565,0.00046131698513818264,3.096836068980565,0.8515980156521694,0.0,0.125,0.07640397352551141,0.0006780257139999968,0.8515980156521694,0.0006780257140002188,0.8515980156521694
1195.0,0.02,3.098705702825953,0.0,0.125,0.48944032856419867,0.00037969612492361193,3.098705702825953,0.00046247884290551156,3.098705702825953,0.8518604314659242,0.0,0.125,0.07644012443548642,0.0006775564633356712,0.8518604314659242,0.0006775564633358933,0.8518604314659242
1196.0,0.02,3.1005745233066477,0.0,0.125,0.48980667523650406,0.00038014244790929297,3.1005745233066477,0.0004636441072989328,3.1005745233066477,0.8521226761040057,0.0,0.125,0.07647625558607037,0.0006770877047326262,0.8521226761040057,0.0006770877047328483,0.8521226761040057
1197.0,0.02,3.1024425155994777,0.0,0.125,0.4901728759092137,0.00038059029151327195,3.1024425155994777,0.0004648128413577979,3.1024425155994777,0.8523847498047838,0.0,0.125,0.07651236699768374,0.0006766194373535317,0.8523847498047838,0.0006766194373537537,0.8523847498047838
1198.0,0.02,3.104309665529911,0.0,0.125,0.49053892996847587,0.0003810396624430723,3.104309665529911,0.0004659851053929742,3.104309665529911,0.85264665280597,0.0,0.125,0.07654845869070766,0.0006761516603317475,0.85264665280597,0.0006761516603319695,0.85264665280597
1199.0,0.02,3.106175959538632,0.0,0.125,0.4909048368173385,0.0003814905641661426,3.106175959538632,0.00046716095641841093,3.106175959538632,0.8529083853446262,0.0,0.125,0.07658453068548389,0.0006756843727746542,0.8529083853446262,0.0006756843727748763,0.8529083853446262
1200.0,0.02,3.1080413339412303,0.0,0.125,0.4911917341317617,0.0004293625880222862,3.1080413339412303,0.0004293625880222862,3.1080413339412303,0.8531699480131112,0.0,0.125,0.07661293800730042,0.0008326218194674162,0.8531699480131112,0.0008326218194678603,0.8531699480131112
1201.0,0.02,3.109794421985896,0.0,0.125,0.49155675224485185,0.0004279190624174589,3.109794421985896,0.0004279190624174589,3.109794421985896,0.8534317297996394,0.0,0.125,0.076648974433637,0.0008308780476538047,0.8534317297996394,0.0008308780476540267,0.8534317297996394
1202.0,0.02,3.111505994591198,0.0,0.125,0.4919201194373761,0.00042647525691563715,3.111505994591198,0.00042647525691563715,3.111505994591198,0.8536933473553625,0.0,0.125,0.07668499152867467,0.0008291567737785943,0.8536933473553625,0.0008291567737790384,0.8536933473553625
1203.0,0.02,3.113184020929964,0.0,0.125,0.49228187664565776,0.00042503404534954825,3.113184020929964,0.00042503404534954825,3.113184020929964,0.8539548008694988,0.0,0.125,0.07672098931147708,0.0008274570592572417,0.8539548008694988,0.0008274570592572417,0.8539548008694988
1204.0,0.02,3.1148335161392993,0.0,0.125,0.49264205792372195,0.0004235977099824595,3.1148335161392993,0.0004235977099824595,3.1148335161392993,0.8542160905313227,0.0,0.125,0.07675696780108694,0.0008257780206903931,0.8542160905313227,0.0008257780206903931,0.8542160905313227
1205.0,0.02,3.1164579195715874,0.0,0.125,0.49300069269917146,0.0004222929110824225,3.1164579195715874,0.0004222929110824225,3.1164579195715874,0.8544772165301553,0.0,0.125,0.07679292701652456,0.0008241188261330912,0.8544772165301553,0.0008241188261333132,0.8544772165301553
1206.0,0.02,3.118059742209539,0.0,0.125,0.4933578070886852,0.0004211986229734066,3.118059742209539,0.0004211986229734066,3.118059742209539,0.8547381790553583,0.0,0.125,0.07682886697678674,0.0008224786916315452,0.8547381790553583,0.0008224786916317672,0.8547381790553583
1207.0,0.02,3.11964090633694,0.0,0.125,0.49371342471532126,0.0004200967592851157,3.11964090633694,0.0004200967592851157,3.11964090633694,0.8549989782963214,0.0,0.125,0.07686478770084601,0.000820856878017695,0.8549989782963214,0.0008208568780179171,0.8549989782963214
1208.0,0.02,3.121202938424176,0.0,0.125,0.4940675672467141,0.0004189900798792223,3.121202938424176,0.0004189900798792223,3.121202938424176,0.8552596144424585,0.0,0.125,0.07690068920764961,0.0008192526879400308,0.8552596144424585,0.0008192526879400308,0.8552596144424585
1209.0,0.02,3.1227470858183324,0.0,0.125,0.4944202547676406,0.0004178812746431504,3.1227470858183324,0.0004178812746431504,3.1227470858183324,0.8555200876831957,0.0,0.125,0.07693657151611906,0.000817665463106021,0.8555200876831957,0.000817665463106021,0.8555200876831957
1210.0,0.02,3.124274391186759,0.0,0.125,0.49477150604904024,0.00041677299162756754,3.124274391186759,0.00041677299162756754,3.124274391186759,0.8557803982079653,0.0,0.125,0.07697243464514951,0.0008160945817294873,0.8557803982079653,0.0008160945817297094,0.8557803982079653
1211.0,0.02,3.12578574220629,0.0,0.125,0.4951213387491181,0.00041570097391741,3.12578574220629,0.00041570097391741,3.12578574220629,0.8560405462061964,0.0,0.125,0.07700827861360938,0.0008145394561598351,0.8560405462061964,0.0008145394561600572,0.8560405462061964
1212.0,0.02,3.127281906023427,0.0,0.125,0.49546976956815986,0.0004148484395614105,3.127281906023427,0.0004148484395614105,3.127281906023427,0.8563005318673111,0.0,0.125,0.07704410344033999,0.0008129995306813687,0.8563005318673111,0.0008129995306813687,0.8563005318673111
1213.0,0.02,3.128763553950705,0.0,0.125,0.4958168143705788,0.0004139904921771631,3.128763553950705,0.0004139904921771631,3.128763553950705,0.8565603553807182,0.0,0.125,0.07707990914415513,0.0008114742794711471,0.8565603553807182,0.0008114742794711471,0.8565603553807182
1214.0,0.02,3.130231279660393,0.0,0.125,0.49616248828313975,0.0004131294301714661,3.130231279660393,0.0004131294301714661,3.130231279660393,0.8568200169357949,0.0,0.125,0.07711569574384101,0.0008099632047009475,0.8568200169357949,0.0008099632047013916,0.8568200169357949
1215.0,0.02,3.1316856129138273,0.0,0.125,0.496506805775334,0.0004122673921074238,3.1316856129138273,0.0004122673921074238,3.1316856129138273,0.8570795167218928,0.0,0.125,0.07715146325815596,0.0008084658347753404,0.8570795167218928,0.0008084658347755624,0.8570795167218928
1216.0,0.02,3.1331270301340624,0.0,0.125,0.4968497807261826,0.0004114063388556133,3.1331270301340624,0.0004114063388556133,3.1331270301340624,0.8573388549283245,0.0,0.125,0.0771872117058302,0.0008069817226887821,0.8573388549283245,0.0008069817226887821,0.8573388549283245
1217.0,0.02,3.1345559626960835,0.0,0.125,0.4971914264804446,0.0004105480412590623,3.1345559626960835,0.0004105480412590623,3.1345559626960835,0.8575980317443601,0.0,0.125,0.07722294110556582,0.0008055104445046091,0.8575980317443601,0.0008055104445048311,0.8575980317443601
1218.0,0.02,3.1359728035274657,0.0,0.125,0.49753175589642595,0.0004097989831279847,3.1359728035274657,0.0004097989831279847,3.1359728035274657,0.857857047359218,0.0,0.125,0.0772586514760366,0.0008040515979352847,0.857857047359218,0.0008040515979355067,0.857857047359218
1219.0,0.02,3.1373779124378416,0.0,0.125,0.49787078138706653,0.00040913175604373464,3.1373779124378416,0.00040913175604373464,3.1373779124378416,0.8581159019620612,0.0,0.125,0.07729434283588796,0.0008026048010203457,0.8581159019620612,0.0008026048010207898,0.8581159019620612
1220.0,0.02,3.1387716204729372,0.0,0.125,0.49820851495557067,0.00040846221804713423,3.1387716204729372,0.00040846221804713423,3.1387716204729372,0.8583745957419864,0.0,0.125,0.07733001520373681,0.0008011696908987176,0.8583745957419864,0.0008011696908989396,0.8583745957419864
1221.0,0.02,3.140154233512817,0.0,0.125,0.49854496822649175,0.00040779168955396017,3.140154233512817,0.00040779168955396017,3.140154233512817,0.8586331288880245,0.0,0.125,0.0773656685981716,0.0007997459226596337,0.8586331288880245,0.0007997459226596337,0.8586331288880245
1222.0,0.02,3.141526035272477,0.0,0.125,0.498880152473123,0.00040712135103149194,3.141526035272477,0.00040712135103149194,3.141526035272477,0.8588915015891299,0.0,0.125,0.0774013030377522,0.0007983331682768213,0.8588915015891299,0.0007983331682768213,0.8588915015891299
1223.0,0.02,3.1428872898270583,0.0,0.125,0.4992140786416881,0.00040645224845548,3.1428872898270583,0.00040645224845548,3.1428872898270583,0.8591497140341797,0.0,0.125,0.0774369185410099,0.0007969311156101888,0.8591497140341797,0.0007969311156104109,0.8591497140341797
1224.0,0.02,3.1442382437545575,0.0,0.125,0.49954675737292065,0.0004057853002450429,3.1442382437545575,0.0004057853002450429,3.1442382437545575,0.8594077664119608,0.0,0.125,0.0774725151264474,0.0007955394674785676,0.8594077664119608,0.0007955394674785676,0.8594077664119608
1225.0,0.02,3.1455791279663003,0.0,0.125,0.49987819902135566,0.00040522588903968426,3.1455791279663003,0.00040522588903968426,3.1455791279663003,0.8596656589111729,0.0,0.125,0.07750809281253879,0.000794157940787299,0.8596656589111729,0.000794157940787521,0.8596656589111729
1226.0,0.02,3.146910159281333,0.0,0.125,0.5002084136726686,0.0004047039502665939,3.146910159281333,0.0004047039502665939,3.146910159281333,0.8599233917204152,0.0,0.125,0.07754365161772947,0.0007927862657219897,0.8599233917204152,0.0007927862657222118,0.8599233917204152
1227.0,0.02,3.148231541789073,0.0,0.125,0.5005374111593478,0.00040418011377596486,3.148231541789073,0.00040418011377596486,3.148231541789073,0.8601809650281877,0.0,0.125,0.07757919156043626,0.0007914241849866777,0.8601809650281877,0.0007914241849868997,0.8601809650281877
1228.0,0.02,3.1495434680355174,0.0,0.125,0.5008652010748857,0.00040365511858908576,3.1495434680355174,0.00040365511858908576,3.1495434680355174,0.8604383790228831,0.0,0.125,0.07761471265904737,0.0007900714530995057,0.8604383790228831,0.0007900714530997277,0.8604383790228831
1229.0,0.02,3.1508461200614875,0.0,0.125,0.5011917927867096,0.0004031296249422667,3.1508461200614875,0.0004031296249422667,3.1508461200614875,0.8606956338927827,0.0,0.125,0.07765021493192235,0.0007887278357256999,0.8606956338927827,0.000788727835725922,0.8606956338927827
1230.0,0.02,3.152139670312579,0.0,0.125,0.5015171954480019,0.0004026042196301205,3.152139670312579,0.0004026042196301205,3.152139670312579,0.8609527298260509,0.0,0.125,0.0776856983973922,0.0007873931090596198,0.8609527298260509,0.0007873931090598418,0.8609527298260509
1231.0,0.02,3.153424282447247,0.0,0.125,0.5018414180084786,0.0004020794212351575,3.153424282447247,0.0004020794212351575,3.153424282447247,0.8612096670107321,0.0,0.125,0.07772116307375929,0.000786067059243889,0.8612096670107321,0.000786067059243889,0.8612096670107321
1232.0,0.02,3.1547001120497953,0.0,0.125,0.5021644692243651,0.00040164754352645105,3.1547001120497953,0.00040164754352645105,3.1547001120497953,0.8614664456347427,0.0,0.125,0.0777566089792974,0.000784749481823166,0.8614664456347427,0.000784749481823388,0.8614664456347427
1233.0,0.02,3.1559673072666783,0.0,0.125,0.5024863576675107,0.00040123542646597343,3.1559673072666783,0.00040123542646597343,3.1559673072666783,0.8617230658858717,0.0,0.125,0.07779203613225179,0.000783440181236772,0.8617230658858717,0.000783440181236772,0.8617230658858717
1234.0,0.02,3.157226009374199,0.0,0.125,0.5028070917338691,0.00040082099519622716,3.157226009374199,0.00040082099519622716,3.157226009374199,0.8619795279517748,0.0,0.125,0.0778274445508392,0.0007821389703372983,0.8619795279517748,0.0007821389703375203,0.8619795279517748
1235.0,0.02,3.1584763532884494,0.0,0.125,0.5031266796513362,0.0004004047119678944,3.1584763532884494,0.0004004047119678944,3.1584763532884494,0.8622358320199668,0.0,0.125,0.07786283425324785,0.0007808456699431865,0.8622358320199668,0.0007808456699434085,0.8622358320199668
1236.0,0.02,3.1597184680234136,0.0,0.125,0.503445129487014,0.0003999869954895985,3.1597184680234136,0.0003999869954895985,3.1597184680234136,0.8624919782778215,0.0,0.125,0.07789820525763747,0.0007795601084159554,0.8624919782778215,0.0007795601084159554,0.8624919782778215
1237.0,0.02,3.1609524771053543,0.0,0.125,0.5037624491539653,0.0003995682239974485,3.1609524771053543,0.0003995682239974485,3.1609524771053543,0.8627479669125668,0.0,0.125,0.07793355758213938,0.0007782821212647395,0.8627479669125668,0.0007782821212649615,0.8627479669125668
1238.0,0.02,3.16217849894565,0.0,0.125,0.5040786464175426,0.0003991487384382708,3.16217849894565,0.0003991487384382708,3.16217849894565,0.8630037981112788,0.0,0.125,0.07796889124485643,0.0007770115507750308,0.8630037981112788,0.0007770115507752529,0.8630037981112788
1239.0,0.02,3.1633966471817985,0.0,0.125,0.5043937289012559,0.00039881698336330373,3.1633966471817985,0.00039881698336330373,3.1633966471817985,0.8632594720608822,0.0,0.125,0.0780042062638631,0.0007757482456565157,0.8632594720608822,0.0007757482456567377,0.8632594720608822
1240.0,0.02,3.1646070309855077,0.0,0.125,0.5047077040922993,0.00039848733518965673,3.1646070309855077,0.00039848733518965673,3.1646070309855077,0.8635149889481397,0.0,0.125,0.07803950265720552,0.000774492060714671,0.8635149889481397,0.0007744920607148931,0.8635149889481397
1241.0,0.02,3.1658097553457765,0.0,0.125,0.505020579346715,0.00039815495443917825,3.1658097553457765,0.00039815495443917825,3.1658097553457765,0.8637703489596589,0.0,0.125,0.07807478044290148,0.0007732428565410121,0.8637703489596589,0.0007732428565412341,0.8637703489596589
1242.0,0.02,3.167004921324974,0.0,0.125,0.5053323618942255,0.0003978201618224375,3.167004921324974,0.0003978201618224375,3.167004921324974,0.8640255522818778,0.0,0.125,0.07811003963894046,0.0007720004992211038,0.8640255522818778,0.0007720004992213259,0.8640255522818778
1243.0,0.02,3.1681926262970705,0.0,0.125,0.5056430588428251,0.0003974832521294047,3.1681926262970705,0.0003974832521294047,3.1681926262970705,0.8642805991010698,0.0,0.125,0.07814528026328371,0.0007707648600592254,0.8642805991010698,0.0007707648600594474,0.8642805991010698
1244.0,0.02,3.169372964162733,0.0,0.125,0.5059526771830537,0.0003971444966737181,3.169372964162733,0.0003971444966737181,3.169372964162733,0.8645354896033344,0.0,0.125,0.07818050233386424,0.0007695358153194665,0.8645354896033344,0.0007695358153196885,0.8645354896033344
1245.0,0.02,3.1705460255503795,0.0,0.125,0.5062612237920542,0.0003968253270159039,3.1705460255503795,0.0003968253270159039,3.1705460255503795,0.8647902239745977,0.0,0.125,0.07821570586858688,0.0007683132459805897,0.8647902239745977,0.0007683132459805897,0.8647902239745977
1246.0,0.02,3.171711897999728,0.0,0.125,0.5065687054374065,0.000396561569516507,3.171711897999728,0.000396561569516507,3.171711897999728,0.8650448024006077,0.0,0.125,0.07825089088532827,0.0007670970375046604,0.8650448024006077,0.0007670970375046604,0.8650448024006077
1247.0,0.02,3.1728706661318142,0.0,0.125,0.5068751287807325,0.00039629457012324565,3.1728706661318142,0.00039629457012324565,3.1728706661318142,0.8652992250669351,0.0,0.125,0.07828605740193696,0.0007658870796221073,0.8652992250669351,0.0007658870796221073,0.8652992250669351
1248.0,0.02,3.174022411807073,0.0,0.125,0.5071805003811372,0.0003960245820167074,3.174022411807073,0.0003960245820167074,3.174022411807073,0.8655534921589625,0.0,0.125,0.07832120543623335,0.0007646832661221126,0.8655534921589625,0.0007646832661223346,0.8655534921589625
1249.0,0.02,3.1751672142706866,0.0,0.125,0.5074848266984449,0.0003957518409833938,3.1751672142706866,0.0003957518409833938,3.1751672142706866,0.8658076038618869,0.0,0.125,0.07835633500600993,0.0007634854946614311,0.8658076038618869,0.0007634854946616532,0.8658076038618869
1250.0,0.02,3.17630515028884,0.0,0.125,0.5077881140962867,0.0003954765670073357,3.17630515028884,0.0003954765670073357,3.17630515028884,0.8660615603607194,0.0,0.125,0.07839144612903104,0.0007622936665783175,0.8660615603607194,0.0007622936665785396,0.8660615603607194
1251.0,0.02,3.1774362942747416,0.0,0.125,0.5080903688450261,0.0003951989644974674,3.1774362942747416,0.0003951989644974674,3.1774362942747416,0.8663153618402737,0.0,0.125,0.07842653882303312,0.0007611076867204414,0.8663153618402737,0.0007611076867204414,0.8663153618402737
1252.0,0.02,3.1785607184059472,0.0,0.125,0.5083915971245465,0.0003949784444898796,3.1785607184059472,0.0003949784444898796,3.1785607184059472,0.8665690084851749,0.0,0.125,0.07846161310572468,0.0007599274632781317,0.8665690084851749,0.0007599274632783537,0.8665690084851749
1253.0,0.02,3.179678492734638,0.0,0.125,0.5086918050269099,0.000394763074950788,3.179678492734638,0.000394763074950788,3.179678492734638,0.8668225004798484,0.0,0.125,0.07849666899478626,0.0007587529076331645,0.8668225004798484,0.0007587529076333865,0.8668225004798484
1254.0,0.02,3.180789685290108,0.0,0.125,0.5089909985588649,0.0003945443924067149,3.180789685290108,0.0003945443924067149,3.180789685290108,0.8670758380085171,0.0,0.125,0.07853170650787063,0.0007575839342059965,0.8670758380085171,0.0007575839342059965,0.8670758380085171
1255.0,0.02,3.181894362174603,0.0,0.125,0.5092891836442732,0.0003943225865441491,3.181894362174603,0.0003943225865441491,3.181894362174603,0.8673290212552069,0.0,0.125,0.07856672566260271,0.0007564204603196512,0.8673290212552069,0.0007564204603198732,0.8673290212552069
1256.0,0.02,3.1829925876535867,0.0,0.125,0.5095863661264033,0.00039409783585142577,3.1829925876535867,0.00039409783585142577,3.1829925876535867,0.8675820504037348,0.0,0.125,0.07860172647657962,0.0007552624060669366,0.8675820504037348,0.0007552624060671587,0.8675820504037348
1257.0,0.02,3.1840844242398134,0.0,0.125,0.5098825517701349,0.00039387030818716084,3.1840844242398134,0.00039387030818716084,3.1840844242398134,0.8678349256377156,0.0,0.125,0.0786367089673708,0.0007541096941836578,0.8678349256377156,0.0007541096941838799,0.8678349256377156
1258.0,0.02,3.1851699327730216,0.0,0.125,0.510177746264052,0.0003936907166917081,3.1851699327730216,0.0003936907166917081,3.1851699327730216,0.8680876471405505,0.0,0.125,0.07867167315251788,0.0007529622499324873,0.8680876471405505,0.0007529622499324873,0.8680876471405505
1259.0,0.02,3.1862491724950246,0.0,0.125,0.5104719552224644,0.0003935163972528244,3.1862491724950246,0.0003935163972528244,3.1862491724950246,0.8683402150954314,0.0,0.125,0.07870661904953499,0.0007518200009861697,0.8683402150954314,0.0007518200009863918,0.8683402150954314
1260.0,0.02,3.1873222011192297,0.0,0.125,0.5107651841873216,0.00039333857921519666,3.1873222011192297,0.00039333857921519666,3.1873222011192297,0.8685926296853395,0.0,0.125,0.0787415466759085,0.0007506828773236052,0.8685926296853395,0.0007506828773238272,0.8685926296853395
1261.0,0.02,3.188594831458488,0.0,0.125,0.5110588038319673,0.00039315741497603085,3.188594831458488,0.00039315741497603085,3.188594831458488,0.8688447793626883,0.0,0.125,0.07877645600514455,0.0007495508111377003,0.8688447793626883,0.0007495508111379223,0.8688447793626883
1262.0,0.02,3.1899331087868177,0.0,0.125,0.5113541277768953,0.0003929730496565753,3.1899331087868177,0.0003929730496565753,3.1899331087868177,0.8690967744623475,0.0,0.125,0.07881134701092374,0.0007484237367165747,0.8690967744623475,0.0007484237367167967,0.8690967744623475
1263.0,0.02,3.1913235701514395,0.0,0.125,0.5116510887643152,0.0003927996575612269,3.1913235701514395,0.0003927996575612269,3.1913235701514395,0.8693486151795313,0.0,0.125,0.07884621971095089,0.0007473015903480817,0.8693486151795313,0.0007473015903483038,0.8693486151795313
1264.0,0.02,3.192757499027948,0.0,0.125,0.5119496315363883,0.0003926615526097521,3.192757499027948,0.0003926615526097521,3.192757499027948,0.8696003017090335,0.0,0.125,0.0788810741229006,0.0007461843102496424,0.8696003017090335,0.0007461843102498644,0.8696003017090335
1265.0,0.02,3.194228854420203,0.0,0.125,0.5122497088873369,0.00039251970008535864,3.194228854420203,0.00039251970008535864,3.194228854420203,0.8698518342452382,0.0,0.125,0.07891591026441724,0.0007450718364849784,0.8698518342452382,0.0007450718364849784,0.8698518342452382
1266.0,0.02,3.195733208302272,0.0,0.125,0.5125512793676533,0.00039237422936366784,3.195733208302272,0.00039237422936366784,3.195733208302272,0.8701032129821167,0.0,0.125,0.07895072815311525,0.0007439641108852868,0.8701032129821167,0.0007439641108855088,0.8701032129821167
1267.0,0.02,3.1972671665165535,0.0,0.125,0.512854305857619,0.0003922252639654289,3.1972671665165535,0.0003922252639654289,3.1972671665165535,0.8703544381132291,0.0,0.125,0.07898552780657893,0.0007428610769755206,0.8703544381132291,0.0007428610769757427,0.8703544381132291
1268.0,0.02,3.198828034042606,0.0,0.125,0.5131587546274743,0.00039208046916883177,3.198828034042606,0.00039208046916883177,3.198828034042606,0.8706055098317289,0.0,0.125,0.07902030924236275,0.0007417626799008925,0.8706055098317289,0.0007417626799011146,0.8706055098317289
1269.0,0.02,3.2004136106086776,0.0,0.125,0.5134645946863053,0.00039197143627234254,3.2004136106086776,0.00039197143627234254,3.2004136106086776,0.8708564283303624,0.0,0.125,0.07905507247799133,0.000740668866359151,0.8708564283303624,0.000740668866359373,0.8708564283303624
1270.0,0.02,3.2020220595777573,0.0,0.125,0.5137717973116269,0.0003918584795883362,3.2020220595777573,0.0003918584795883362,3.2020220595777573,0.8711071938014732,0.0,0.125,0.07908981753095955,0.0007395795845372977,0.8711071938014732,0.0007395795845375197,0.8711071938014732
1271.0,0.02,3.2036518201172726,0.0,0.125,0.5140803356974354,0.0003917417084267072,3.2036518201172726,0.0003917417084267072,3.2036518201172726,0.8713578064369982,0.0,0.125,0.0791245444187326,0.0007384947840487488,0.8713578064369982,0.0007384947840487488,0.8713578064369982
1272.0,0.02,3.20530154612527,0.0,0.125,0.5143901846832104,0.0003916212288004317,3.20530154612527,0.0003916212288004317,3.20530154612527,0.8716082664284761,0.0,0.125,0.07915925315874607,0.0007374144158738272,0.8716082664284761,0.0007374144158740492,0.8716082664284761
1273.0,0.02,3.206970062380094,0.0,0.125,0.5147013205401685,0.0003915204182476373,3.206970062380094,0.0003915204182476373,3.206970062380094,0.8718585739670446,0.0,0.125,0.07919394376840608,0.0007363384323071376,0.8718585739670446,0.0007363384323071376,0.8718585739670446
1274.0,0.02,3.208656332184148,0.0,0.125,0.5150137207992523,0.0003914339461630334,3.208656332184148,0.0003914339461630334,3.208656332184148,0.8721087292434455,0.0,0.125,0.07922861626508923,0.0007352667868998353,0.8721087292434455,0.0007352667869000573,0.8721087292434455
1275.0,0.02,3.210359432918324,0.0,0.125,0.5153273641102865,0.000391343417788903,3.210359432918324,0.000391343417788903,3.210359432918324,0.8723587324480211,0.0,0.125,0.07926327066614278,0.0007341994344123304,0.8723587324480211,0.0007341994344125524,0.8723587324480211
1276.0,0.02,3.2120785371969873,0.0,0.125,0.5156422301250261,0.0003912489275990083,3.2120785371969873,0.0003912489275990083,3.2120785371969873,0.872608583770722,0.0,0.125,0.0792979069888847,0.0007331363307643279,0.872608583770722,0.00073313633076455,0.872608583770722
1277.0,0.02,3.2138128980799365,0.0,0.125,0.5159582993987446,0.00039116782630799207,3.2138128980799365,0.00039116782630799207,3.2138128980799365,0.8728582834011034,0.0,0.125,0.07933252525060379,0.0007320774329886426,0.8728582834011034,0.0007320774329886426,0.8728582834011034
1278.0,0.02,3.2155618372879076,0.0,0.125,0.5162755533065013,0.0003911020496047968,3.2155618372879076,0.0003911020496047968,3.2155618372879076,0.8731078315283314,0.0,0.125,0.07936712546855963,0.0007310226991872337,0.8731078315283314,0.0007310226991872337,0.8731078315283314
1279.0,0.02,3.2173247356847696,0.0,0.125,0.5165939739712951,0.000391032032723615,3.2173247356847696,0.000391032032723615,3.2173247356847696,0.873357228341179,0.0,0.125,0.07940170765998282,0.0007299720884890171,0.873357228341179,0.0007299720884890171,0.873357228341179
1280.0,0.02,3.219101025493387,0.0,0.125,0.5169135442017797,0.0003909578609864184,3.219101025493387,0.0003909578609864184,3.219101025493387,0.8736064740280329,0.0,0.125,0.07943627184207488,0.0007289255610101186,0.8736064740280329,0.0007289255610103407,0.8736064740280329
1281.0,0.02,3.2208901838636166,0.0,0.125,0.5172342474379193,0.00039090805427122177,3.2208901838636166,0.00039090805427122177,3.2208901838636166,0.8738555687768919,0.0,0.125,0.0794708180320085,0.0007278830778159051,0.8738555687768919,0.0007278830778161272,0.8738555687768919
1282.0,0.02,3.2226917275037863,0.0,0.125,0.5175560677032109,0.00039085736233346324,3.2226917275037863,0.00039085736233346324,3.2226917275037863,0.8741045127753719,0.0,0.125,0.0795053462469275,0.0007268446008834584,0.8741045127753719,0.0007268446008834584,0.8741045127753719
1283.0,0.02,3.2245052081614176,0.0,0.125,0.517878989562447,0.00039080229652199705,3.2245052081614176,0.00039080229652199705,3.2245052081614176,0.8743533062107007,0.0,0.125,0.07953985650394692,0.0007258100930667144,0.8743533062107007,0.0007258100930667144,0.8743533062107007
1284.0,0.02,3.226330208788795,0.0,0.125,0.5182029980841633,0.00039076517418834555,3.226330208788795,0.00039076517418834555,3.226330208788795,0.8746019492697266,0.0,0.125,0.07957434882015309,0.0007247795180644889,0.8746019492697266,0.0007247795180644889,0.8746019492697266
1285.0,0.02,3.2281663402643517,0.0,0.125,0.5185280788070536,0.000390728661727735,3.2281663402643517,0.000390728661727735,3.2281663402643517,0.8748504421389147,0.0,0.125,0.07960882321260379,0.0007237528403867266,0.8748504421389147,0.0007237528403869486,0.8748504421389147
1286.0,0.02,3.230013238574145,0.0,0.125,0.5188542177098193,0.00039069279148407077,3.230013238574145,0.00039069279148407077,3.230013238574145,0.8750987850043519,0.0,0.125,0.07964327969832817,0.0007227300253256352,0.8750987850043519,0.0007227300253258573,0.8750987850043519
1287.0,0.02,3.23187056236884,0.0,0.125,0.51918140118397,0.00039067006792947723,3.23187056236884,0.00039067006792947723,3.23187056236884,0.8753469780517471,0.0,0.125,0.07967771829432696,0.0007217110389259318,0.8753469780517471,0.0007217110389261538,0.8753469780517471
1288.0,0.02,3.2337379908397565,0.0,0.125,0.5195096160092102,0.0003906448899897441,3.2337379908397565,0.0003906448899897441,3.2337379908397565,0.8755950214664336,0.0,0.125,0.07971213901757246,0.0007206958479568648,0.8755950214664336,0.0007206958479568648,0.8755950214664336
1289.0,0.02,3.2356152218595753,0.0,0.125,0.5198388493310729,0.00039063112018311585,3.2356152218595753,0.00039063112018311585,3.2356152218595753,0.8758429154333656,0.0,0.125,0.07974654188500865,0.0007196844198851249,0.8758429154333656,0.0007196844198851249,0.8758429154333656
1290.0,0.02,3.2375019703471253,0.0,0.125,0.5201690886405026,0.0003906193597913443,3.2375019703471253,0.0003906193597913443,3.2375019703471253,0.8760906601371246,0.0,0.125,0.07978092691355128,0.0007186767228521962,0.8760906601371246,0.0007186767228521962,0.8760906601371246
1291.0,0.02,3.2393979668237876,0.0,0.125,0.520500321755202,0.00039061279989027753,3.2393979668237876,0.00039061279989027753,3.2393979668237876,0.8763382557619208,0.0,0.125,0.07981529412008785,0.0007176727256459348,0.8763382557619208,0.0007176727256459348,0.8763382557619208
1292.0,0.02,3.241302956133495,0.0,0.125,0.520832536802528,0.0003906111545575186,3.241302956133495,0.0003906111545575186,3.241302956133495,0.8765857024915933,0.0,0.125,0.07984964352147779,0.0007166723976799183,0.8765857024915933,0.0007166723976801403,0.8765857024915933
1293.0,0.02,3.2432166963031364,0.0,0.125,0.5211657222037259,0.0003906066127683516,3.2432166963031364,0.0003906066127683516,3.2432166963031364,0.8768330005096088,0.0,0.125,0.07988397513455243,0.0007156757089719079,0.8768330005096088,0.00071567570897213,0.8768330005096088
1294.0,0.02,3.245138957523068,0.0,0.125,0.5214998666594227,0.0003905971290123489,3.245138957523068,0.0003905971290123489,3.245138957523068,0.8770801499990664,0.0,0.125,0.07991828897611519,0.0007146826301207554,0.8770801499990664,0.0007146826301209774,0.8770801499990664
1295.0,0.02,3.247069521235346,0.0,0.125,0.5218349591361876,0.00039058277394588004,3.247069521235346,0.00039058277394588004,3.247069521235346,0.8773271511426997,0.0,0.125,0.07995258506294153,0.0007136931322864193,0.8773271511426997,0.0007136931322864193,0.8773271511426997
1296.0,0.02,3.249008179311488,0.0,0.125,0.5221709888541199,0.0003905636181116279,3.249008179311488,0.0003905636181116279,3.249008179311488,0.8775740041228721,0.0,0.125,0.0799868634117791,0.0007127071871697588,0.8775740041228721,0.0007127071871699808,0.8775740041228721
1297.0,0.02,3.250954733312085,0.0,0.125,0.5225079452752671,0.00039053973245017914,3.250954733312085,0.00039053973245017914,3.250954733312085,0.8778207091215862,0.0,0.125,0.0800211240393478,0.0007117247669972127,0.8778207091215862,0.0007117247669974347,0.8778207091215862
1298.0,0.02,3.252908993815936,0.0,0.125,0.5228458180929121,0.0003905111876179035,3.252908993815936,0.0003905111876179035,3.252908993815936,0.8780672663204785,0.0,0.125,0.08005536696233978,0.000710745844499705,0.8780672663204785,0.000710745844499705,0.8780672663204785
1299.0,0.02,3.2548707798121654,0.0,0.125,0.5231845972215435,0.0003904780544417008,3.2548707798121654,0.0003904780544417008,3.2548707798121654,0.8783136759008239,0.0,0.125,0.08008959219741957,0.0007097703928951038,0.8783136759008239,0.0007097703928951038,0.8783136759008239
1300.0,0.02,3.256839918146909,0.0,0.125,0.5235242727874996,0.0003904404034074105,3.256839918146909,0.0003904404034074105,3.256839918146909,0.8785599380435358,0.0,0.125,0.08012379976122416,0.0007087983858751201,0.8785599380435358,0.0007087983858753422,0.8785599380435358
1301.0,0.02,3.2588162430186003,0.0,0.125,0.5238648351202224,0.00039039830448928114,3.2588162430186003,0.00039039830448928114,3.2588162430186003,0.8788060529291708,0.0,0.125,0.08015798967036307,0.0007078297975875447,0.8788060529291708,0.0007078297975875447,0.8788060529291708
1302.0,0.02,3.2607995955168008,0.0,0.125,0.5242062747440748,0.0003903518277184048,3.2607995955168008,0.0003903518277184048,3.2607995955168008,0.879052020737922,0.0,0.125,0.08019216194141829,0.0007068646026202607,0.879052020737922,0.0007068646026204828,0.879052020737922
1303.0,0.02,3.2627898232003076,0.0,0.125,0.5245485823706323,0.0003903010427279696,3.2627898232003076,0.0003903010427279696,3.2627898232003076,0.8792978416496267,0.0,0.125,0.08022631659094458,0.0007059027759885872,0.8792978416496267,0.0007059027759888092,0.8792978416496267
1304.0,0.02,3.264786779708686,0.0,0.125,0.5248917488914637,0.00039024601863957287,3.264786779708686,0.00039024601863957287,3.264786779708686,0.8795435158437681,0.0,0.125,0.08026045363546928,0.0007049442931210681,0.8795435158437681,0.0007049442931212901,0.8795435158437681
1305.0,0.02,3.266790324406088,0.0,0.125,0.52523576537133,0.000390186824176908,3.266790324406088,0.000390186824176908,3.266790324406088,0.8797890434994715,0.0,0.125,0.0802945730914926,0.0007039891298463719,0.8797890434994715,0.0007039891298463719,0.8797890434994715
1306.0,0.02,3.2688003220525275,0.0,0.125,0.5255806230417717,0.00039012352743839074,3.2688003220525275,0.00039012352743839074,3.2688003220525275,0.8800344247955116,0.0,0.125,0.08032867497548755,0.0007030372623793024,0.8800344247955116,0.0007030372623793024,0.8800344247955116
1307.0,0.02,3.270816642499824,0.0,0.125,0.5259263132950671,0.0003900561960676896,3.270816642499824,0.0003900561960676896,3.270816642499824,0.8802796599103053,0.0,0.125,0.08036275930390006,0.0007020886673108073,0.8802796599103053,0.0007020886673110294,0.8802796599103053
1308.0,0.02,3.272839160411081,0.0,0.125,0.5262728276785174,0.0003899848973674125,3.272839160411081,0.0003899848973674125,3.272839160411081,0.8805247490219228,0.0,0.125,0.08039682609314902,0.0007011433215944329,0.8805247490219228,0.000701143321594655,0.8805247490219228
1309.0,0.02,3.2748677550007983,0.0,0.125,0.526620157889041,0.0003899096973896121,3.2748677550007983,0.0003899096973896121,3.2748677550007983,0.8807696923080814,0.0,0.125,0.08043087535962638,0.0007002012025372206,0.8807696923080814,0.0007002012025372206,0.8807696923080814
1310.0,0.02,3.2769023097923764,0.0,0.125,0.526968295768059,0.0003898306621294978,3.2769023097923764,0.0003898306621294978,3.2769023097923764,0.8810144899461503,0.0,0.125,0.08046490711969718,0.000699262287785718,0.8810144899461503,0.00069926228778594,0.8810144899461503
1311.0,0.02,3.278942712394212,0.0,0.125,0.5273172332966574,0.0003897478569570012,3.278942712394212,0.0003897478569570012,3.278942712394212,0.8812591421131499,0.0,0.125,0.08049892138969962,0.0006983265553195395,0.8812591421131499,0.0006983265553197615,0.8812591421131499
1312.0,0.02,3.280988854290115,0.0,0.125,0.5276669625909768,0.00038966134610518566,3.280988854290115,0.00038966134610518566,3.280988854290115,0.8815036489857533,0.0,0.125,0.08053291818594513,0.000697393983438932,0.8815036489857533,0.000697393983439154,0.8815036489857533
1313.0,0.02,3.2830406306449618,0.0,0.125,0.5280174758978474,0.0003895711935228974,3.2830406306449618,0.0003895711935228974,3.2830406306449618,0.8817480107402871,0.0,0.125,0.08056689752471845,0.0006964645507558931,0.8817480107402871,0.0006964645507558931,0.8817480107402871
1314.0,0.02,3.285097940121318,0.0,0.125,0.5283687655906273,0.0003894774620221142,3.285097940121318,0.0003894774620221142,3.285097940121318,0.8819922275527357,0.0,0.125,0.0806008594222777,0.0006955382361855111,0.8819922275527357,0.0006955382361855111,0.8819922275527357
1315.0,0.02,3.287160684709761,0.0,0.125,0.5287208241652733,0.00038938021407375345,3.287160684709761,0.00038938021407375345,3.287160684709761,0.8822362995987367,0.0,0.125,0.08063480389485442,0.0006946150189357514,0.8822362995987367,0.0006946150189359734,0.8822362995987367
1316.0,0.02,3.2892287695691493,0.0,0.125,0.529073644236551,0.0003892795113529246,3.2892287695691493,0.0003892795113529246,3.2892287695691493,0.8824802270535854,0.0,0.125,0.08066873095865361,0.0006936948785023489,0.8824802270535854,0.0006936948785025709,0.8824802270535854
1317.0,0.02,3.291302102876841,0.0,0.125,0.5294272185344677,0.0003891754145115556,3.291302102876841,0.0003891754145115556,3.291302102876841,0.8827240100922371,0.0,0.125,0.08070264062985388,0.0006927777946579283,0.8827240100922371,0.0006927777946579283,0.8827240100922371
1318.0,0.02,3.293380595688575,0.0,0.125,0.5297815399008351,0.0003890679835762967,3.293380595688575,0.0003890679835762967,3.293380595688575,0.8829676488893077,0.0,0.125,0.08073653292460739,0.0006918637474446765,0.8829676488893077,0.0006918637474446765,0.8829676488893077
1319.0,0.02,3.2954641618056826,0.0,0.125,0.5301366012860189,0.0003889572778916772,3.2954641618056826,0.0003889572778916772,3.2954641618056826,0.8832111436190675,0.0,0.125,0.08077040785904006,0.0006909527171670149,0.8832111436190675,0.0006909527171670149,0.8832111436190675
1320.0,0.02,3.2975527176509445,0.0,0.125,0.5304923957458018,0.00038884335549482785,3.2975527176509445,0.00038884335549482785,3.2975527176509445,0.8834544944554543,0.0,0.125,0.08080426544925147,0.0006900446843853825,0.8834544944554543,0.0006900446843853825,0.8834544944554543
1321.0,0.02,3.2994976701979795,0.0,0.125,0.5308479354823247,0.00038872627447972263,3.2994976701979795,0.00038872627447972263,3.2994976701979795,0.8836973874832932,0.0,0.125,0.0808381055893519,0.0006891396299368857,0.8836973874832932,0.0006891396299371078,0.8836973874832932
1322.0,0.02,3.301395666841586,0.0,0.125,0.5312022732921547,0.00038860609168978044,3.301395666841586,0.00038860609168978044,3.301395666841586,0.8839401325474521,0.0,0.125,0.08087192817397565,0.0006882375348702396,0.8839401325474521,0.0006882375348702396,0.8839401325474521
1323.0,0.02,3.303256387171473,0.0,0.125,0.5315554540727385,0.00038848286283155176,3.303256387171473,0.00038848286283155176,3.303256387171473,0.8841827298567919,0.0,0.125,0.08090573321996357,0.0006873383804280042,0.8841827298567919,0.0006873383804282263,0.8841827298567919
1324.0,0.02,3.3050860861411024,0.0,0.125,0.5319075142036757,0.00038835664332736997,3.3050860861411024,0.00038835664332736997,3.3050860861411024,0.8844251796193019,0.0,0.125,0.08093952074412307,0.0006864421480878846,0.8844251796193019,0.0006864421480881067,0.8844251796193019
1325.0,0.02,3.3068890887578846,0.0,0.125,0.5322584843737761,0.0003882274875195435,3.3068890887578846,0.0003882274875195435,3.3068890887578846,0.8846674820421074,0.0,0.125,0.08097329076322828,0.0006855488195549597,0.8846674820421074,0.0006855488195549597,0.8846674820421074
1326.0,0.02,3.3086685569677456,0.0,0.125,0.5326083912252649,0.00038809544935247686,3.3086685569677456,0.00038809544935247686,3.3086685569677456,0.8849096373314818,0.0,0.125,0.08100704329402017,0.0006846583767550207,0.8849096373314818,0.0006846583767550207,0.8849096373314818
1327.0,0.02,3.310426907594035,0.0,0.125,0.5329572583737275,0.00038796058129264566,3.310426907594035,0.00038796058129264566,3.310426907594035,0.8851516456928568,0.0,0.125,0.08104077835320678,0.0006837708018307964,0.8851516456928568,0.0006837708018307964,0.8851516456928568
1328.0,0.02,3.312166053894032,0.0,0.125,0.5333051070785086,0.000387822935465465,3.312166053894032,0.000387822935465465,3.312166053894032,0.8853935073308354,0.0,0.125,0.0810744959574633,0.0006828860771346257,0.8853935073308354,0.0006828860771348477,0.8853935073308354
1329.0,0.02,3.3138875530384553,0.0,0.125,0.5336519567058295,0.00038768256314369864,3.3138875530384553,0.00038768256314369864,3.3138875530384553,0.8856352224491979,0.0,0.125,0.08110819612343234,0.0006820041852244607,0.8856352224491979,0.0006820041852246828,0.8856352224491979
1330.0,0.02,3.315592700706077,0.0,0.125,0.5339978250624281,0.0003875395145769289,3.315592700706077,0.0003875395145769289,3.315592700706077,0.8858767912509165,0.0,0.125,0.08114187886772398,0.0006811251088572057,0.8858767912509165,0.0006811251088574277,0.8858767912509165
1331.0,0.02,3.317282594437245,0.0,0.125,0.5343427286444214,0.0003873938396736776,3.317282594437245,0.0003873938396736776,3.317282594437245,0.8861182139381603,0.0,0.125,0.08117554420691589,0.0006802488309858301,0.8861182139381603,0.0006802488309858301,0.8861182139381603
1332.0,0.02,3.318958177678951,0.0,0.125,0.5346866828283544,0.0003872455869213809,3.318958177678951,0.0003872455869213809,3.318958177678951,0.8863594907123113,0.0,0.125,0.08120919215755366,0.0006793753347531517,0.8863594907123113,0.0006793753347531517,0.8863594907123113
1333.0,0.02,3.3206202713976722,0.0,0.125,0.5350297020214374,0.0003870948046369449,3.3206202713976722,0.0003870948046369449,3.3206202713976722,0.8866006217739679,0.0,0.125,0.08124282273615077,0.0006785046034880615,0.8866006217739679,0.0006785046034880615,0.8866006217739679
1334.0,0.02,3.322269597400293,0.0,0.125,0.5353717997821215,0.00038694154000040726,3.322269597400293,0.00038694154000040726,3.322269597400293,0.8868416073229586,0.0,0.125,0.08127643595918882,0.0006776366207008611,0.8868416073229586,0.0006776366207010831,0.8868416073229586
1335.0,0.02,3.323906795944424,0.0,0.125,0.5357129889184896,0.0003867858394528412,3.323906795944424,0.0003867858394528412,3.323906795944424,0.8870824475583485,0.0,0.125,0.08131003184311772,0.0006767713700797096,0.8870824475583485,0.0006767713700799316,0.8870824475583485
1336.0,0.02,3.325532439309825,0.0,0.125,0.5360532815697855,0.0003866277489237291,3.325532439309825,0.0003866277489237291,3.325532439309825,0.887323142678448,0.0,0.125,0.0813436104043557,0.0006759088354864051,0.887323142678448,0.0006759088354866272,0.887323142678448
1337.0,0.02,3.32714704244205,0.0,0.125,0.5363926892747988,0.00038646731320568506,3.32714704244205,0.00038646731320568506,3.32714704244205,0.8875636928808253,0.0,0.125,0.08137717165928963,0.0006750490009512777,0.8875636928808253,0.0006750490009512777,0.8875636928808253
1338.0,0.02,3.328751071428144,0.0,0.125,0.5367312230298535,0.00038630457680710606,3.328751071428144,0.00038630457680710606,3.328751071428144,0.8878040983623108,0.0,0.125,0.08141071562427503,0.0006741918506714129,0.8878040983623108,0.0006741918506714129,0.8878040983623108
1339.0,0.02,3.3303449503420097,0.0,0.125,0.5370688933384972,0.0003861395831563641,3.3303449503420097,0.0003861395831563641,3.3303449503420097,0.8880443593190075,0.0,0.125,0.08144424231563624,0.0006733373690057665,0.8880443593190075,0.0006733373690057665,0.8880443593190075
1340.0,0.02,3.3319290668341637,0.0,0.125,0.5374057102544066,0.0003859723745449628,3.3319290668341637,0.00038829436772402914,3.3319290668341637,0.8882844759462989,0.0,0.125,0.08147775174966664,0.0006724855404718344,0.8882844759462989,0.0006724855404720564,0.8882844759462989
1341.0,0.02,3.33350377675049,0.0,0.125,0.5377416834187538,0.00038580299366230975,3.33350377675049,0.00039197136152324674,3.33350377675049,0.8885244484388595,0.0,0.125,0.08151124394262863,0.0006716363497436539,0.8885244484388595,0.0006716363497436539,0.8885244484388595
1342.0,0.02,3.335069407982644,0.0,0.125,0.5380768220929457,0.0003856314813788231,3.335069407982644,0.00039566133830248873,3.335069407982644,0.8887642769906563,0.0,0.125,0.08154471891075395,0.0006707897816466968,0.8887642769906563,0.0006707897816466968,0.8887642769906563
1343.0,0.02,3.3366262637076147,0.0,0.125,0.5384111351875092,0.000385457878564921,3.3366262637076147,0.0003993642715727219,3.3366262637076147,0.8890039617949663,0.0,0.125,0.08157817667024368,0.0006699458211563147,0.8890039617949663,0.0006699458211565368,0.8890039617949663
1344.0,0.02,3.3381746251333766,0.0,0.125,0.5387446312877048,0.00038528222512468346,3.3381746251333766,0.0004030801353565039,3.3381746251333766,0.8892435030443759,0.0,0.125,0.08161161723726845,0.000669104453393965,0.8892435030443759,0.000669104453393965,0.8892435030443759
1345.0,0.02,3.3397147538441914,0.0,0.125,0.5390773186763841,0.0003851045598253222,3.3397147538441914,0.00040680890469957376,3.3397147538441914,0.8894829009307896,0.0,0.125,0.0816450406279686,0.0006682656636236572,0.8894829009307896,0.0006682656636236572,0.8894829009307896
1346.0,0.02,3.341246893815253,0.0,0.125,0.5394092053544214,0.00038492492200248307,3.341246893815253,0.0004105505545339838,3.341246893815253,0.8897221556454427,0.0,0.125,0.0816784468584541,0.0006674294372512879,0.8897221556454427,0.0006674294372512879,0.8897221556454427
1347.0,0.02,3.3427712731561883,0.0,0.125,0.5397402990591278,0.00038474334871807514,3.3427712731561883,0.0004143050612697152,3.3427712731561883,0.8899612673789061,0.0,0.125,0.08171183594480501,0.0006665957598197547,0.8899612673789061,0.0006665957598199768,0.8899612673789061
1348.0,0.02,3.344288105625992,0.0,0.125,0.5400706072808682,0.0003845598778298154,3.344288105625992,0.0004180724011462189,3.344288105625992,0.8902002363210877,0.0,0.125,0.08174520790307131,0.0006657646170089571,0.8902002363210877,0.0006657646170089571,0.8902002363210877
1349.0,0.02,3.3457975919580463,0.0,0.125,0.5404001372781424,0.0003843745454901182,3.3457975919580463,0.00042185255176718783,3.3457975919580463,0.8904390626612484,0.0,0.125,0.0817785627492733,0.0006649359946293565,0.8904390626612484,0.0006649359946295785,0.8904390626612484
1350.0,0.02,3.3472999210224543,0.0,0.125,0.5407288960912618,0.000384187387453494,3.3472999210224543,0.00042564549096368864,3.3472999210224543,0.8906777465880016,0.0,0.125,0.08181190049940142,0.0006641098786233091,0.8906777465880016,0.0006641098786235311,0.8906777465880016
1351.0,0.02,3.348795270851781,0.0,0.125,0.5410568905548817,0.00038399843947445333,3.348795270851781,0.00042945119702153534,3.348795270851781,0.890916288289326,0.0,0.125,0.08184522116941666,0.0006632862550615126,0.890916288289326,0.0006632862550617347,0.890916288289326
1352.0,0.02,3.3502838095502625,0.0,0.125,0.5413841273094184,0.00038380773588642114,3.3502838095502625,0.0004332696490791932,3.3502838095502625,0.8911546879525671,0.0,0.125,0.0818785247752505,0.0006624651101405643,0.8911546879525671,0.0006624651101405643,0.8911546879525671
1353.0,0.02,3.3517656961013245,0.0,0.125,0.541710612811556,0.0003836153106249185,3.3517656961013245,0.00043710082678671824,3.3517656961013245,0.8913929457644478,0.0,0.125,0.08191181133280512,0.0006616464301791858,0.8913929457644478,0.0006616464301791858,0.8913929457644478
1354.0,0.02,3.3532410810879583,0.0,0.125,0.5420363533439182,0.00038342119734124935,3.3532410810879583,0.00044094471036260074,3.3532410810879583,0.8916310619110714,0.0,0.125,0.08194508085795352,0.0006608302016195555,0.8916310619110714,0.0006608302016197776,0.8916310619110714
1355.0,0.02,3.3547101073377803,0.0,0.125,0.5423613550239504,0.00038322542872037957,3.3547101073377803,0.0004448012805369217,3.3547101073377803,0.89186903657793,0.0,0.125,0.08197833336653955,0.0006600164110230899,0.89186903657793,0.0006600164110230899,0.89186903657793
1356.0,0.02,3.356172910503915,0.0,0.125,0.5426856238121868,0.0003830280368788408,3.356172910503915,0.0004486705186081963,3.356172910503915,0.8921068699499095,0.0,0.125,0.08201156887437816,0.0006592050450680009,0.8921068699499095,0.000659205045068223,0.8921068699499095
1357.0,0.02,3.3576296195858504,0.0,0.125,0.5430091655198492,0.00038282905347841734,3.3576296195858504,0.00045255240661390417,3.3576296195858504,0.8923445622112969,0.0,0.125,0.08204478739725542,0.0006583960905488517,0.8923445622112969,0.0006583960905488517,0.8923445622112969
1358.0,0.02,3.359080357401524,0.0,0.125,0.5433319858159376,0.00038262850978298957,3.359080357401524,0.0004564469266483684,3.359080357401524,0.8925821135457861,0.0,0.125,0.08207798895092865,0.0006575895343738924,0.8925821135457861,0.0006575895343738924,0.8925821135457861
1359.0,0.02,3.3605252410149546,0.0,0.125,0.5436540902338175,0.0003824264359764129,3.3605252410149546,0.0004603540619996238,3.3605252410149546,0.8928195241364805,0.0,0.125,0.0821111735511266,0.0006567853635623955,0.8928195241364805,0.0006567853635623955,0.8928195241364805
1360.0,0.02,3.361964382124029,0.0,0.125,0.5439754841773462,0.0003822228623562296,3.361964382124029,0.0004642737957283316,3.361964382124029,0.8930567941659051,0.0,0.125,0.08214434121354951,0.0006559835652453216,0.8930567941659051,0.0006559835652453216,0.8930567941659051
1361.0,0.02,3.36339788741401,0.0,0.125,0.5442961729266014,0.00038201781819680036,3.36339788741401,0.0004682061119751779,3.36339788741401,0.893293923816004,0.0,0.125,0.08217749195386921,0.0006551841266608793,0.893293923816004,0.0006551841266611014,0.893293923816004
1362.0,0.02,3.364825858880181,0.0,0.125,0.5446161616432252,0.00038181133203352147,3.364825858880181,0.0004721509952787528,3.364825858880181,0.8935309132681546,0.0,0.125,0.08221062578772927,0.0006543870351560788,0.8935309132681546,0.0006543870351563008,0.8935309132681546
1363.0,0.02,3.366248394122181,0.0,0.125,0.5449354553754346,0.00038160343285653653,3.366248394122181,0.00047610843017764637,3.366248394122181,0.8937677627031668,0.0,0.125,0.08224374273074507,0.0006535922781811809,0.8937677627031668,0.000653592278181403,0.8937677627031668
1364.0,0.02,3.367665586615203,0.0,0.125,0.5452540590627305,0.0003813941479506866,3.367665586615203,0.00048007840240416044,3.367665586615203,0.8940044723012879,0.0,0.125,0.08227684279850397,0.0006527998432910298,0.8940044723012879,0.0006527998432912518,0.8940044723012879
1365.0,0.02,3.3690775259577777,0.0,0.125,0.545571977540296,0.00038118350465765616,3.3690775259577777,0.0004840608979179706,3.3690775259577777,0.8942410422422149,0.0,0.125,0.08230992600656535,0.0006520097181423878,0.8942410422422149,0.0006520097181426099,0.8942410422422149
1366.0,0.02,3.3704842980996546,0.0,0.125,0.5458892155431421,0.00038097153026228625,3.3704842980996546,0.0004880559025650655,3.3704842980996546,0.8944774727050915,0.0,0.125,0.08234299237046076,0.0006512218904934919,0.8944774727050915,0.0006512218904937139,0.8944774727050915
1367.0,0.02,3.37188598555349,0.0,0.125,0.5462057777100086,0.0003807582506851759,3.37188598555349,0.0004920634036125193,3.37188598555349,0.8947137638685183,0.0,0.125,0.08237604190569404,0.0006504363482018327,0.8947137638685183,0.0006504363482018327,0.8947137638685183
1368.0,0.02,3.3732826675891374,0.0,0.125,0.5465216685870561,0.00038054369179008063,3.3732826675891374,0.000496083388156876,3.3732826675891374,0.8949499159105543,0.0,0.125,0.08240907462774136,0.0006496530792214905,0.8949499159105543,0.0006496530792214905,0.8949499159105543
1369.0,0.02,3.374674420412987,0.0,0.125,0.5468368926313313,0.00038032787909969556,3.374674420412987,0.0005001158436925834,3.374674420412987,0.8951859290087252,0.0,0.125,0.08244209055205137,0.0006488720716042451,0.8951859290087252,0.0006488720716044671,0.8951859290087252
1370.0,0.02,3.3760613173356546,0.0,0.125,0.547151454214038,0.0003801108373409079,3.3760613173356546,0.0005041607585667407,3.3760613173356546,0.895421803340025,0.0,0.125,0.08247508969404536,0.0006480933134980216,0.895421803340025,0.0006480933134980216,0.895421803340025
1371.0,0.02,3.37744342892654,0.0,0.125,0.5474653576236479,0.0003798925909563877,3.37744342892654,0.0005082181211832904,3.37744342892654,0.8956575390809234,0.0,0.125,0.08250807206911723,0.0006473167931428936,0.8956575390809234,0.0006473167931428936,0.8956575390809234
1372.0,0.02,3.378820823157298,0.0,0.125,0.5477786070688359,0.00037967316410458807,3.378820823157298,0.0005122879202872355,3.378820823157298,0.8958931364073683,0.0,0.125,0.08254103769263367,0.0006465424988728596,0.8958931364073683,0.0006465424988730817,0.8958931364073683
1373.0,0.02,3.3801935655371835,0.0,0.125,0.5480912066812614,0.0003794525801481541,3.3801935655371835,0.000516370145419387,3.3801935655371835,0.8961285954947933,0.0,0.125,0.08257398657993434,0.0006457704191129565,0.8961285954947933,0.0006457704191131786,0.8961285954947933
1374.0,0.02,3.3815617192370837,0.0,0.125,0.5484031605182046,0.0003792308621655138,3.3815617192370837,0.0005204647862910861,3.3815617192370837,0.896363916518117,0.0,0.125,0.08260691874633176,0.0006450005423792593,0.896363916518117,0.0006450005423792593,0.896363916518117
1375.0,0.02,3.3829253452066723,0.0,0.125,0.5487144725650939,0.0003790080330645651,3.3829253452066723,0.0005245718329547344,3.3829253452066723,0.8965990996517519,0.0,0.125,0.08263983420711166,0.0006442328572757727,0.8965990996517519,0.0006442328572759948,0.8965990996517519
1376.0,0.02,3.38428450228389,0.0,0.125,0.5490251467378552,0.0003787841149005544,3.38428450228389,0.0005286912759174811,3.38428450228389,0.8968341450696109,0.0,0.125,0.0826727329775328,0.0006434673524964296,0.8968341450696109,0.0006434673524966517,0.8968341450696109
1377.0,0.02,3.3856392472966945,0.0,0.125,0.5493351868852101,0.00037855912984241513,3.3856392472966945,0.0005328231059138488,3.3856392472966945,0.897069052945102,0.0,0.125,0.0827056150728274,0.0006427040168206499,0.897069052945102,0.0006427040168206499,0.897069052945102
1378.0,0.02,3.386989635159864,0.0,0.125,0.5496445967908095,0.0003783330988653688,3.386989635159864,0.0005369673143604814,3.386989635159864,0.8973038234511415,0.0,0.125,0.0827384805082009,0.0006419428391133408,0.8973038234511415,0.0006419428391135629,0.8973038234511415
1379.0,0.02,3.3883357189641856,0.0,0.125,0.5499533801752962,0.0003781060435130712,3.3883357189641856,0.0005411238926171791,3.3883357189641856,0.8975384567601561,0.0,0.125,0.08277132929883226,0.000641183808326673,0.8975384567601561,0.000641183808326895,0.8975384567601561
1380.0,0.02,3.3896775500617196,0.0,0.125,0.5502615406982753,0.0003778779840217794,3.3896775500617196,0.0005452928327827067,3.3896775500617196,0.8977729530440866,0.0,0.125,0.08280416145987406,0.0006404269134947516,0.8977729530440866,0.0006404269134949736,0.8977729530440866
1381.0,0.02,3.3910016770586253,0.0,0.125,0.55056899354481,0.0003776489409688111,3.3910016770586253,0.0005494741270695158,3.3910016770586253,0.8980078304897705,0.0,0.125,0.08283697720508582,0.0006396721436903174,0.8980078304897705,0.0006396721436905395,0.8980078304897705
1382.0,0.02,3.392316941342756,0.0,0.125,0.5508756574838527,0.0003774189339083023,3.392316941342756,0.0005536677679742752,3.392316941342756,0.898242578507437,0.0,0.125,0.08286977674732078,0.0006389194881160076,0.898242578507437,0.0006389194881160076,0.898242578507437
1383.0,0.02,3.3936242764168583,0.0,0.125,0.5511815406429159,0.0003771879827354496,3.3936242764168583,0.000557873748732618,3.3936242764168583,0.8984771972087828,0.0,0.125,0.08290256010034139,0.000638168936118122,0.8984771972087828,0.000638168936118344,0.8984771972087828
1384.0,0.02,3.394924302806885,0.0,0.125,0.5514866503256812,0.0003769561066633287,3.394924302806885,0.0005620920620117431,3.394924302806885,0.8987116867059151,0.0,0.125,0.08293532727789579,0.0006374204771171232,0.8987116867059151,0.0006374204771171232,0.8987116867059151
1385.0,0.02,3.396217464015649,0.0,0.125,0.5517909932657682,0.000376723324222894,3.396217464015649,0.0005663227020704653,3.396217464015649,0.8989460471113362,0.0,0.125,0.08296807829371773,0.0006366741006056387,0.8989460471113362,0.0006366741006056387,0.8989460471113362
1386.0,0.02,3.397504096306534,0.0,0.125,0.552094575775041,0.00037648965400194356,3.397504096306534,0.0005705656623717914,3.397504096306534,0.8991802785379326,0.0,0.125,0.08300081316152659,0.0006359297961495702,0.8991802785379326,0.0006359297961497923,0.8991802785379326
1387.0,0.02,3.3987844667628906,0.0,0.125,0.5523974038362733,0.00037625511401984113,3.3987844667628906,0.0005748209371745361,3.3987844667628906,0.8994143810989617,0.0,0.125,0.0830335318950271,0.0006351875533876505,0.8994143810989617,0.0006351875533878726,0.8994143810989617
1388.0,0.02,3.400058795307757,0.0,0.125,0.5526994831646052,0.0003760197224096373,3.400058795307757,0.0005790885207943575,3.400058795307757,0.899648354908039,0.0,0.125,0.08306623450790956,0.0006344473620296665,0.899648354908039,0.0006344473620298885,0.899648354908039
1389.0,0.02,3.4013272681696662,0.0,0.125,0.5530008192504676,0.0003757834961675144,3.4013272681696662,0.0005833684083427215,3.4013272681696662,0.8998822000791291,0.0,0.125,0.08309892101384961,0.0006337092118573473,0.8998822000791291,0.0006337092118577914,0.8998822000791291
1390.0,0.02,3.4025900465361474,0.0,0.125,0.5533014173909228,0.0003755464530854624,3.4025900465361474,0.0005876605944195035,3.4025900465361474,0.900115916726532,0.0,0.125,0.08313159142650814,0.0006329730927245869,0.900115916726532,0.000632973092725031,0.900115916726532
1391.0,0.02,3.4038472723661357,0.0,0.125,0.5536012827133588,0.0003753086091364821,3.4038472723661357,0.00059196507464776,3.4038472723661357,0.9003495049648729,0.0,0.125,0.08316424575953132,0.0006322389945541129,0.9003495049648729,0.000632238994554557,0.9003495049648729
1392.0,0.02,3.4050990724425105,0.0,0.125,0.5539004201939872,0.0003750699815441294,3.4050990724425105,0.0005962818445368612,3.4050990724425105,0.90058296490909,0.0,0.125,0.08319688402655055,0.0006315069073392632,0.90058296490909,0.0006315069073397073,0.90058296490909
1393.0,0.02,3.4063455612940743,0.0,0.125,0.5541988346726034,0.0003748305859971879,3.4063455612940743,0.0006006109000509241,3.4063455612940743,0.900816296674428,0.0,0.125,0.08322950624118226,0.0006307768211444298,0.900816296674428,0.0006307768211446518,0.900816296674428
1394.0,0.02,3.4075868433595247,0.0,0.125,0.5544965308646799,0.0003745904389234056,3.4075868433595247,0.0006049522369835358,3.4075868433595247,0.9010495003764216,0.0,0.125,0.08326211241702806,0.0006300487261012844,0.9010495003764216,0.0006300487261017285,0.9010495003764216
1395.0,0.02,3.4088230146319347,0.0,0.125,0.5547935133714139,0.0003743495554999754,3.4088230146319347,0.0006093058518104044,3.4088230146319347,0.9012825761308887,0.0,0.125,0.0832947025676745,0.0006293226124114426,0.9012825761308887,0.0006293226124118867,0.9012825761308887
1396.0,0.02,3.4100541639327844,0.0,0.125,0.5550897866881952,0.00037410795130199404,3.4100541639327844,0.0006136717412346115,3.4100541639327844,0.9015155240539219,0.0,0.125,0.08332727670669315,0.0006285984703442438,0.9015155240539219,0.0006285984703444658,0.9015155240539219
1397.0,0.02,3.411280373918487,0.0,0.125,0.555385355211901,0.0003738656412792807,3.411280373918487,0.0006180499021297692,3.411280373918487,0.9017483442618774,0.0,0.125,0.08335983484764048,0.0006278762902363066,0.9017483442618774,0.0006278762902365287,0.9017483442618774
1398.0,0.02,3.4125017218883613,0.0,0.125,0.5556802232471645,0.00037362264026796765,3.4125017218883613,0.0006224403314263327,3.4125017218883613,0.9019810368713614,0.0,0.125,0.08339237700405779,0.0006271560624919736,0.9019810368713614,0.0006271560624921957,0.9019810368713614
1399.0,0.02,3.413718280441344,0.0,0.125,0.5559743950118843,0.0003733789625357531,3.413718280441344,0.0006268430265095049,3.413718280441344,0.9022136019992277,0.0,0.125,0.08342490318947124,0.0006264377775817564,0.9022136019992277,0.0006264377775819785,0.9022136019992277
1400.0,0.02,3.414930118018731,0.0,0.125,0.5562678746421041,0.0003731346226345522,3.414930118018731,0.0006312579848781752,3.414930118018731,0.9024460397625647,0.0,0.125,0.08345741341739171,0.0006257214260416699,0.9024460397625647,0.000625721426042114,0.9024460397625647
1401.0,0.02,3.4161372993563077,0.0,0.125,0.556560666196322,0.0003728896343773158,3.4161372993563077,0.0006356852043722938,3.4161372993563077,0.9026783502786861,0.0,0.125,0.08348990770131486,0.0006250069984752304,0.9026783502786861,0.0006250069984754525,0.9026783502786861
1402.0,0.02,3.4173398858651467,0.0,0.125,0.5568527736593877,0.00037264401152015125,3.4173398858651467,0.0006401246828318108,3.4173398858651467,0.9029105336651266,0.0,0.125,0.08352238605472093,0.0006242944855476829,0.9029105336651266,0.0006242944855481269,0.9029105336651266
1403.0,0.02,3.418537935955669,0.0,0.125,0.5571442009459866,0.00037239776742126196,3.418537935955669,0.0006445764184945801,3.418537935955669,0.9031425900396266,0.0,0.125,0.08355484849107488,0.0006235838779913294,0.9031425900396266,0.0006235838779917735,0.9031425900396266
1404.0,0.02,3.419731505315326,0.0,0.125,0.5574349519038191,0.00037215091538200795,3.419731505315326,0.0006490404097121427,3.419731505315326,0.9033745195201299,0.0,0.125,0.0835872950238262,0.000622875166601311,0.9033745195201299,0.0006228751666017551,0.9033745195201299
1405.0,0.02,3.420920647149046,0.0,0.125,0.5577250303165053,0.0003719034682490019,3.420920647149046,0.0006535166552339433,3.420920647149046,0.9036063222247706,0.0,0.125,0.08361972566640898,0.0006221683422364954,0.9036063222247706,0.0006221683422367175,0.9036063222247706
1406.0,0.02,3.4221054123881345,0.0,0.125,0.5580144399062416,0.0003716554389825433,3.4221054123881345,0.0006580051534115228,3.4221054123881345,0.9038379982718718,0.0,0.125,0.08365214043224176,0.0006214633958177007,0.9038379982718718,0.0006214633958179228,0.9038379982718718
1407.0,0.02,3.4232858498739347,0.0,0.125,0.5583031843362258,0.0003714068398608106,3.4232858498739347,0.0006625059037901337,3.4232858498739347,0.9040695477799292,0.0,0.125,0.08368453933472753,0.0006207603183285837,0.9040695477799292,0.0006207603183290278,0.9040695477799292
1408.0,0.02,3.424462006518752,0.0,0.125,0.5585912672129323,0.00037115768333251253,3.424462006518752,0.0006670189050623776,3.424462006518752,0.9043009708676131,0.0,0.125,0.08371692238725381,0.0006200591008154177,0.9043009708676131,0.0006200591008154177,0.9043009708676131
1409.0,0.02,3.425633927449553,0.0,0.125,0.5588786920881935,0.00037090798116423684,3.425633927449553,0.0006715441568303504,3.425633927449553,0.9045322676537517,0.0,0.125,0.0837492896031924,0.0006193597343846502,0.9045322676537517,0.0006193597343846502,0.9045322676537517
1410.0,0.02,3.426801656135069,0.0,0.125,0.5591654624611584,0.00037065774552047515,3.426801656135069,0.0006760816584119311,3.426801656135069,0.9047634382573309,0.0,0.125,0.08378164099589952,0.0006186622102035688,0.9047634382573309,0.0006186622102035688,0.9047634382573309
1411.0,0.02,3.4279652345009026,0.0,0.125,0.5594515817800888,0.0003704069876562244,3.4279652345009026,0.0006806314096934329,3.4279652345009026,0.9049944827974827,0.0,0.125,0.0838139765787157,0.0006179665194994133,0.9049944827974827,0.0006179665194996353,0.9049944827974827
1412.0,0.02,3.4291247030305385,0.0,0.125,0.5597370534440826,0.0003701557195654459,3.4291247030305385,0.0006851934102201085,3.4291247030305385,0.9052254013934817,0.0,0.125,0.08384629636496577,0.0006172726535607076,0.9052254013934817,0.0006172726535609296,0.9052254013934817
1413.0,0.02,3.430280100859818,0.0,0.125,0.5600218808046467,0.00036990395182101565,3.430280100859818,0.0006897676604467051,3.430280100859818,0.9054561941647372,0.0,0.125,0.08387860036795879,0.0006165806037332633,0.9054561941647372,0.0006165806037332633,0.9054561941647372
1414.0,0.02,3.4314314658597596,0.0,0.125,0.5603060671672029,0.0003696516955074003,3.4314314658597596,0.000694354160259536,3.4314314658597596,0.9056868612307847,0.0,0.125,0.08391088860098811,0.0006158903614221778,0.9056868612307847,0.0006158903614223998,0.9056868612307847
1415.0,0.02,3.432578834713354,0.0,0.125,0.5605896157925108,0.0003693989617659099,3.432578834713354,0.0006989529099996616,3.432578834713354,0.9059174027112795,0.0,0.125,0.08394316107733121,0.0006152019180911683,0.9059174027112795,0.0006152019180913904,0.9059174027112795
1416.0,0.02,3.433722242985368,0.0,0.125,0.5608725298979665,0.00036914576094204676,3.433722242985368,0.0007035639101786728,3.433722242985368,0.9061478187259975,0.0,0.125,0.08397541781024981,0.0006145152652616837,0.9061478187259975,0.0006145152652616837,0.9061478187259975
1417.0,0.02,3.434861725185897,0.0,0.125,0.5611548126589045,0.00036889210338131306,3.434861725185897,0.0007081871614786905,3.434861725185897,0.9063781093948167,0.0,0.125,0.08400765881298969,0.0006138303945111279,0.9063781093948167,0.0006138303945113499,0.9063781093948167
1418.0,0.02,3.4359973148291942,0.0,0.125,0.5614364672097678,0.00036863799948605447,3.4359973148291942,0.0007128226646955227,3.4359973148291942,0.9066082748377216,0.0,0.125,0.08403988409878084,0.0006131472974750807,0.9066082748377216,0.0006131472974753027,0.9066082748377216
1419.0,0.02,3.437129044487506,0.0,0.125,0.5617174966452457,0.000368383459033339,3.437129044487506,0.0007174704207955074,3.437129044487506,0.906838315174791,0.0,0.125,0.08407209368083732,0.0006124659658450771,0.906838315174791,0.0006124659658452991,0.906838315174791
1420.0,0.02,3.4382569458404078,0.0,0.125,0.5619979040213512,0.0003681284922549821,3.4382569458404078,0.0007221304305744525,3.4382569458404078,0.9070682305261986,0.0,0.125,0.0841042875723572,0.0006117863913683852,0.9070682305261986,0.0006117863913686072,0.9070682305261986
1421.0,0.02,3.4393810497215895,0.0,0.125,0.5622776923564531,0.00036787310841646104,3.4393810497215895,0.0007268026954534434,3.4393810497215895,0.9072980210121997,0.0,0.125,0.08413646578652273,0.0006111085658466742,0.9072980210121997,0.0006111085658468962,0.9072980210121997
1422.0,0.02,3.4405013861610882,0.0,0.125,0.5625568646322461,0.0003676173172380004,3.4405013861610882,0.0007314872169104092,3.4405013861610882,0.9075276867531317,0.0,0.125,0.08416862833650003,0.0006104324811377904,0.9075276867531317,0.0006104324811380124,0.9075276867531317
1423.0,0.02,3.4416179844246244,0.0,0.125,0.5628354237946834,0.0003673611280419209,3.4416179844246244,0.0007361839960253747,3.4416179844246244,0.9077572278694055,0.0,0.125,0.0842007752354394,0.0006097581291530929,0.9077572278694055,0.000609758129153315,0.9077572278694055
1424.0,0.02,3.442730873051403,0.0,0.125,0.5631133727548769,0.0003671045498663261,3.442730873051403,0.0007408930345604858,3.442730873051403,0.9079866444814988,0.0,0.125,0.084232906496475,0.0006090855018583419,0.9079866444814988,0.0006090855018583419,0.9079866444814988
1425.0,0.02,3.4438400798871953,0.0,0.125,0.5633907143899464,0.00036684759191984995,3.4438400798871953,0.0007456143343347321,3.4438400798871953,0.9082159367099609,0.0,0.125,0.08426502213272498,0.0006084145912714778,0.9082159367099609,0.0006084145912716998,0.9082159367099609
1426.0,0.02,3.4449456321179923,0.0,0.125,0.5636674515438299,0.00036659026295637887,3.4449456321179923,0.0007503478968828858,3.4449456321179923,0.9084451046753905,0.0,0.125,0.08429712215729152,0.0006077453894657303,0.9084451046753905,0.0006077453894659524,0.9084451046753905
1427.0,0.02,3.4460475562991064,0.0,0.125,0.5639435870280713,0.0003663325714455823,3.4460475562991064,0.0007550937244218403,3.4460475562991064,0.9086741484984451,0.0,0.125,0.08432920658326062,0.0006070778885653993,0.9086741484984451,0.0006070778885653993,0.9086741484984451
1428.0,0.02,3.4471458783834237,0.0,0.125,0.5642191236225762,0.0003660745260845033,3.4471458783834237,0.0007598518188842718,3.4471458783834237,0.9089030682998334,0.0,0.125,0.08436127542370231,0.0006064120807462992,0.9089030682998334,0.0006064120807465212,0.9089030682998334
1429.0,0.02,3.4482406237482337,0.0,0.125,0.5644940640763366,0.00036581613517228107,3.4482406237482337,0.0007646221824302302,3.4482406237482337,0.9091318642003052,0.0,0.125,0.08439332869167049,0.0006057479582379788,0.9091318642003052,0.0006057479582379788,0.9091318642003052
1430.0,0.02,3.4493318172198997,0.0,0.125,0.564768411108109,0.00036555740712174156,3.4493318172198997,0.0007694048173334522,3.4493318172198997,0.9093605363206505,0.0,0.125,0.08442536640020293,0.0006050855133190591,0.9093605363206505,0.0006050855133192812,0.9093605363206505
1431.0,0.02,3.4504194830973915,0.0,0.125,0.5650421674071022,0.0003652983500046503,3.4504194830973915,0.0007741997256971445,3.4504194830973915,0.9095890847816972,0.0,0.125,0.0844573885623213,0.0006044247383207857,0.9095890847816972,0.0006044247383210077,0.9095890847816972
1432.0,0.02,3.4515036451745686,0.0,0.125,0.5653153356336,0.0003650389716085556,3.4515036451745686,0.0007790069104203212,3.4515036451745686,0.9098175097043,0.0,0.125,0.08448939519103114,0.0006037656256241419,0.9098175097043,0.000603765625624364,0.9098175097043
1433.0,0.02,3.4525843267603022,0.0,0.125,0.5655879184195968,0.00036477927960731904,3.4525843267603022,0.0007838263737198758,3.4525843267603022,0.9100458112093448,0.0,0.125,0.08452138629932186,0.0006031081676598493,0.9100458112093448,0.0006031081676598493,0.9100458112093448
1434.0,0.02,3.453661550698712,0.0,0.125,0.5658599183693862,0.00036451928190217586,3.453661550698712,0.000788658118267449,3.453661550698712,0.9102739894177376,0.0,0.125,0.08455336190016667,0.0006024523569081452,0.9102739894177376,0.0006024523569083673,0.9102739894177376
1435.0,0.02,3.4547353393879234,0.0,0.125,0.5661313380601383,0.0003642589858259271,3.4547353393879234,0.000793502147075742,3.4547353393879234,0.9105020444504024,0.0,0.125,0.08458532200652263,0.0006017981858992272,0.9105020444504024,0.0006017981858994492,0.9105020444504024
1436.0,0.02,3.455805714797293,0.0,0.125,0.5664021800424586,0.0003639983988250606,3.455805714797293,0.0007983584625890217,3.455805714797293,0.9107299764282797,0.0,0.125,0.08461726663133069,0.0006011456472114762,0.9107299764282797,0.0006011456472114762,0.9107299764282797
1437.0,0.02,3.456872698484119,0.0,0.125,0.5666724468409275,0.00036373752823237737,3.456872698484119,0.0008032270681042064,3.456872698484119,0.9109577854723168,0.0,0.125,0.08464919578751556,0.0006004947334710131,0.9109577854723168,0.0006004947334712352,0.9109577854723168
1438.0,0.02,3.4579363116097284,0.0,0.125,0.5669421409546144,0.00036347638126699167,3.4579363116097284,0.0008081079662360935,3.4579363116097284,0.911185471703472,0.0,0.125,0.08468110948798575,0.000599861799683854,0.911185471703472,0.000599861799684076,0.911185471703472
1439.0,0.02,3.45899657495454,0.0,0.125,0.567211264857578,0.0003632149646364269,3.45899657495454,0.000813001160395288,3.45899657495454,0.9114130352427021,0.0,0.125,0.0847130077456336,0.0005992464683710619,0.9114130352427021,0.0005992464683712839,0.9114130352427021
1440.0,0.02,3.4600535089317646,0.0,0.125,0.5674798209993578,0.00036295328538926697,3.4600535089317646,0.0008179066535376478,3.4600535089317646,0.9116404762109676,0.0,0.125,0.0847448905733353,0.0005986325369904399,0.9116404762109676,0.000598632536990662,0.9116404762109676
1441.0,0.02,3.4610012850819203,0.0,0.125,0.5677471261394192,0.000362691350460409,3.4610012850819203,0.0008228244489600911,3.4610012850819203,0.9118675121205988,0.0,0.125,0.08477675787690005,0.0005980199998292246,0.9118675121205988,0.0005980199998294466,0.9118675121205988
1442.0,0.02,3.461908862435564,0.0,0.125,0.5680125248772856,0.00036242916621631593,3.461908862435564,0.0008277545499595362,3.461908862435564,0.9120944217594551,0.0,0.125,0.08480860956258711,0.0005974088512326059,0.9120944217594551,0.0005974088512328279,0.9120944217594551
1443.0,0.02,3.462783213736884,0.0,0.125,0.5682760551453114,0.00036216673936451116,3.462783213736884,0.0008326969600034317,3.462783213736884,0.9123212052803082,0.0,0.125,0.08484044564391867,0.000596799085581079,0.9123212052803082,0.000596799085581301,0.9123212052803082
1444.0,0.02,3.463628869020795,0.0,0.125,0.5685377490020923,0.00036190407610092734,3.463628869020795,0.0008376516824455393,3.463628869020795,0.9125478628354413,0.0,0.125,0.08487226613439457,0.0005961906972842268,0.9125478628354413,0.0005961906972844488,0.9125478628354413
1445.0,0.02,3.4644489809966217,0.0,0.125,0.5687976345472706,0.0003616411831330879,3.4644489809966217,0.0008426187207533076,3.4644489809966217,0.9127743945766509,0.0,0.125,0.08490407104749235,0.0005955836807800541,0.9127743945766509,0.0005955836807802761,0.9127743945766509
1446.0,0.02,3.4652458717018817,0.0,0.125,0.5690557370369208,0.0003613780662590216,3.4652458717018817,0.0008475980785078718,3.4652458717018817,0.9130008006552592,0.0,0.125,0.08493586039666735,0.0005949780305365415,0.9130008006552592,0.0005949780305367636,0.9130008006552592
1447.0,0.02,3.466021330448541,0.0,0.125,0.5693120795768828,0.00036111473173150443,3.466021330448541,0.0008525897595745846,3.466021330448541,0.9132270812221139,0.0,0.125,0.08496763419535282,0.0005943737410498695,0.9132270812221139,0.0005943737410500916,0.9132270812221139
1448.0,0.02,3.466776786052435,0.0,0.125,0.5695666835797285,0.00036085118557593887,3.466776786052435,0.0008575937675345813,3.466776786052435,0.9134532364275931,0.0,0.125,0.08499939245695988,0.0005937708068473047,0.9134532364275931,0.0005937708068475267,0.9134532364275931
1449.0,0.02,3.467513412009964,0.0,0.125,0.5698195690813288,0.00036058743376088387,3.467513412009964,0.0008626101059689972,3.467513412009964,0.9136792664216165,0.0,0.125,0.08503113519487773,0.0005931692224847573,0.9136792664216165,0.0005931692224849794,0.9136792664216165
1450.0,0.02,3.4682321939777694,0.0,0.125,0.5700707549697307,0.00036032348202752473,3.4682321939777694,0.0008676387786863415,3.4682321939777694,0.913905171353645,0.0,0.125,0.08506286242247367,0.0005925689825478919,0.913905171353645,0.000592568982548114,0.913905171353645
1451.0,0.02,3.4689339749839974,0.0,0.125,0.5703202591564176,0.0003600593358328297,3.4689339749839974,0.0008726797897793404,3.4689339749839974,0.914130951372687,0.0,0.125,0.08509457415309314,0.0005919700816523488,0.914130951372687,0.0005919700816525708,0.914130951372687
1452.0,0.02,3.469619486873796,0.0,0.125,0.5705680987083401,0.00035979500080429716,3.469619486873796,0.0008777331432838764,3.469619486873796,0.9143566066273017,0.0,0.125,0.08512627040005989,0.0005913725144439663,0.9143566066273017,0.0005913725144439663,0.9143566066273017
1453.0,0.02,3.4702893728932622,0.0,0.125,0.5708142899521327,0.0003595304826262691,3.4702893728932622,0.000882798842894772,3.4702893728932622,0.9145821372656091,0.0,0.125,0.08515795117667596,0.0005907762755978929,0.9145821372656091,0.0005907762755978929,0.9145821372656091
1454.0,0.02,3.4709442043596255,0.0,0.125,0.5710588485580801,0.00035926578675571363,3.4709442043596255,0.0008878768927047531,3.4709442043596255,0.9148075434352874,0.0,0.125,0.08518961649622181,0.0005901813598190309,0.9148075434352874,0.0005901813598190309,0.9148075434352874
1455.0,0.02,3.4715844932605933,0.0,0.125,0.571301789609004,0.00035900091836538195,3.4715844932605933,0.0008929672968065461,3.4715844932605933,0.9150328252835838,0.0,0.125,0.08522126637195636,0.0005895877618418144,0.9150328252835838,0.0005895877618420364,0.9150328252835838
1456.0,0.02,3.472210701970994,0.0,0.125,0.5715431276575376,0.00035873588240065146,3.472210701970994,0.0008980700594634072,3.472210701970994,0.9152579829573169,0.0,0.125,0.08525290081711716,0.0005889954764315419,0.9152579829573169,0.000588995476431764,0.9152579829573169
1457.0,0.02,3.4728232508817882,0.0,0.125,0.5717828767744323,0.0003584706843753338,3.4728232508817882,0.0009031851847112193,3.4728232508817882,0.9154830166028778,0.0,0.125,0.08528451984492029,0.0005884044983823777,0.9154830166028778,0.0005884044983823777,0.9154830166028778
1458.0,0.02,3.4734225244829418,0.0,0.125,0.5720210505897133,0.00035820532940533667,3.4734225244829418,0.0009083126765858651,3.4734225244829418,0.9157079263662415,0.0,0.125,0.08531612346856056,0.0005878148225173518,0.9157079263662415,0.0005878148225175739,0.9157079263662415
1459.0,0.02,3.4740088762799246,0.0,0.125,0.5722576623281258,0.0003579398221518204,3.4740088762799246,0.0009134525396348181,3.4740088762799246,0.9159327123929628,0.0,0.125,0.08534771170121158,0.0005872264436896923,0.9159327123929628,0.0005872264436899144,0.9159327123929628
1460.0,0.02,3.4745826328166913,0.0,0.125,0.5724927248398878,0.00035767416756016246,3.4745826328166913,0.0009186047780076478,3.4745826328166913,0.916157374828185,0.0,0.125,0.0853792845560258,0.0005866393567819372,0.916157374828185,0.0005866393567819372,0.916157374828185
1461.0,0.02,3.475144097002044,0.0,0.125,0.5727262506276339,0.0003574083706325837,3.475144097002044,0.0009237693960244542,3.475144097002044,0.9163819138166467,0.0,0.125,0.08541084204613456,0.0005860535567046021,0.9163819138166467,0.0005860535567046021,0.9163819138166467
1462.0,0.02,3.4756935508895594,0.0,0.125,0.5729582518701458,0.0003571424356323405,3.4756935508895594,0.0009289463980621804,3.4756935508895594,0.9166063295026785,0.0,0.125,0.08544238418464818,0.0005854690383988448,0.9166063295026785,0.0005854690383988448,0.9166063295026785
1463.0,0.02,3.476231258017833,0.0,0.125,0.5731887404433988,0.00035687636756165375,3.476231258017833,0.0009341357883840828,3.476231258017833,0.9168306220302151,0.0,0.125,0.08547391098465609,0.0005848857968338006,0.9168306220302151,0.0005848857968338006,0.9168306220302151
1464.0,0.02,3.476757465400226,0.0,0.125,0.5734177279393561,0.00035661017091115355,3.476757465400226,0.0009393375716513219,3.476757465400226,0.9170547915427909,0.0,0.125,0.08550542245922682,0.0005843038270079148,0.9170547915427909,0.0005843038270079148,0.9170547915427909
1465.0,0.02,3.4772724052252215,0.0,0.125,0.5736452256827804,0.0003563438502851568,3.4772724052252215,0.000944551752127154,3.4772724052252215,0.9172788381835502,0.0,0.125,0.0855369186214081,0.0005837231239478324,0.9172788381835502,0.0005837231239478324,0.9172788381835502
1466.0,0.02,3.4777762963225314,0.0,0.125,0.5738712447464452,0.0003560774098332331,3.4777762963225314,0.0009497783344158961,3.4777762963225314,0.9175027620952474,0.0,0.125,0.08556839948422687,0.0005831436827090641,0.9175027620952474,0.0005831436827090641,0.9175027620952474
1467.0,0.02,3.478269345432409,0.0,0.125,0.5740957959648253,0.00035581085404601254,3.478269345432409,0.0009550173228944914,3.478269345432409,0.9177265634202532,0.0,0.125,0.08559986506068948,0.0005825654983746542,0.9177265634202532,0.0005825654983746542,0.9177265634202532
1468.0,0.02,3.4787517483124475,0.0,0.125,0.5743188899466166,0.0003555441871867515,3.4787517483124475,0.0009602687222809436,3.4787517483124475,0.9179502423005546,0.0,0.125,0.08563131536378164,0.0005819885660565127,0.9179502423005546,0.0005819885660565127,0.9179502423005546
1469.0,0.02,3.47922369070659,0.0,0.125,0.5745405370860762,0.00035527741346186303,3.47922369070659,0.0009655325369521961,3.47922369070659,0.9181737988777618,0.0,0.125,0.08566275040646854,0.0005814128808943053,0.9181737988777618,0.0005814128808945274,0.9181737988777618
1470.0,0.02,3.4796853491990873,0.0,0.125,0.5747607475734614,0.00035501053667985616,3.4796853491990873,0.0009708087716262526,3.4796853491990873,0.9183972332931107,0.0,0.125,0.08569417020169491,0.0005808384380552312,0.9183972332931107,0.0005808384380554532,0.9183972332931107
1471.0,0.02,3.4801368919684137,0.0,0.125,0.574979531404603,0.00035474356127451756,3.4801368919684137,0.0009760974310211168,3.4801368919684137,0.9186205456874643,0.0,0.125,0.08572557476238507,0.0005802652327349112,0.9186205456874643,0.0005802652327351332,0.9186205456874643
1472.0,0.02,3.4805784794574492,0.0,0.125,0.5751968983896855,0.00035447649116804314,3.4805784794574492,0.0009813985196842623,3.4805784794574492,0.9188437362013173,0.0,0.125,0.085756964101443,0.0005796932601553895,0.9188437362013173,0.0005796932601553895,0.9188437362013173
1473.0,0.02,3.481010264970564,0.0,0.125,0.5754128581614143,0.0003542093303394722,3.481010264970564,0.0009867120420494757,3.481010264970564,0.9190668049748019,0.0,0.125,0.08578833823175241,0.0005791225155657997,0.9190668049748019,0.0005791225155662438,0.9190668049748019
1474.0,0.02,3.481432395208401,0.0,0.125,0.5756274201825285,0.0003539420826541573,3.481432395208401,0.000992038003005291,3.481432395208401,0.9192897521476859,0.0,0.125,0.08581969716617686,0.0005785529942441414,0.9192897521476859,0.0005785529942441414,0.9192897521476859
1475.0,0.02,3.481845010747861,0.0,0.125,0.5758405937528027,0.0003536747516363903,3.481845010747861,0.0009973764072697122,3.481845010747861,0.9195125778593809,0.0,0.125,0.08585104091755967,0.0005779846914930609,0.9195125778593809,0.0005779846914932829,0.9195125778593809
1476.0,0.02,3.4822482464733753,0.0,0.125,0.5760523880155584,0.0003534073411515237,3.4822482464733753,0.0010027272595038994,3.4822482464733753,0.9197352822489397,0.0,0.125,0.0858823694987241,0.0005774176026440703,0.9197352822489397,0.0005774176026445144,0.9197352822489397
1477.0,0.02,3.482642231967816,0.0,0.125,0.576262811963718,0.00035313985500806666,3.482642231967816,0.0010080905642553262,3.482642231967816,0.9199578654550651,0.0,0.125,0.08591368292247346,0.0005768517230539949,0.9199578654550651,0.000576851723054217,0.9199578654550651
1478.0,0.02,3.4830270918670294,0.0,0.125,0.5764718744454893,0.00035287229667346764,3.4830270918670294,0.0010134663266399002,3.4830270918670294,0.9201803276161111,0.0,0.125,0.08594498120159108,0.0005762870481056392,0.9201803276161111,0.0005762870481058613,0.9201803276161111
1479.0,0.02,3.483402946180206,0.0,0.125,0.5766795841696717,0.0003526046698993923,3.483402946180206,0.0010188545510914082,3.483402946180206,0.9204026688700817,0.0,0.125,0.08597626434884034,0.0005757235732091193,0.9204026688700817,0.0005757235732093413,0.9204026688700817
1480.0,0.02,3.4837699105833053,0.0,0.125,0.5768859497106272,0.000352336977982759,3.4837699105833053,0.0010242552424983842,3.4837699105833053,0.9206248893546385,0.0,0.125,0.08600753237696486,0.0005751612938003081,0.9206248893546385,0.0005751612938005302,0.9206248893546385
1481.0,0.02,3.4841280966867885,0.0,0.125,0.5770909795129658,0.000352069224504703,3.4841280966867885,0.0010296684055219885,3.4841280966867885,0.9208469892071027,0.0,0.125,0.08603878529868844,0.0005746002053406141,0.9208469892071027,0.0005746002053410582,0.9208469892071027
1482.0,0.02,3.4844776122803296,0.0,0.125,0.5772946818959469,0.0003518014127052993,3.4844776122803296,0.0010350940453349722,3.4844776122803296,0.9210689685644571,0.0,0.125,0.08607002312671523,0.0005740403033178687,0.9210689685644571,0.0005740403033183128,0.9210689685644571
1483.0,0.02,3.4848185615567218,0.0,0.125,0.5774970650576391,0.0003515335461656832,3.4848185615567218,0.0010405321663142786,3.4848185615567218,0.9212908275633469,0.0,0.125,0.08610124587372965,0.0005734815832441065,0.9212908275633469,0.0005734815832445506,0.9212908275633469
1484.0,0.02,3.485151045319526,0.0,0.125,0.5776981370788208,0.0003512656279553994,3.485151045319526,0.0010459827734621285,3.485151045319526,0.9215125663400874,0.0,0.125,0.08613245355239657,0.0005729240406577851,0.9215125663400874,0.0005729240406580072,0.9215125663400874
1485.0,0.02,3.4854751611729853,0.0,0.125,0.5778979059266945,0.00035099766148505296,3.4854751611729853,0.0010514458714965258,3.4854751611729853,0.9217341850306602,0.0,0.125,0.0861636461753613,0.0005723676711215653,0.9217341850306602,0.0005723676711215653,0.9217341850306602
1486.0,0.02,3.4857910036973294,0.0,0.125,0.5780963794583883,0.00035072964982418853,3.4857910036973294,0.001056921465249161,3.4857910036973294,0.921955683770719,0.0,0.125,0.08619482375524977,0.0005718124702231986,0.921955683770719,0.0005718124702234206,0.921955683770719
1487.0,0.02,3.486098664611859,0.0,0.125,0.5782935654242899,0.0003504615959855073,3.486098664611859,0.0010624095596654115,3.486098664611859,0.9221770626955943,0.0,0.125,0.08622598630466832,0.00057125843357686,0.9221770626955943,0.00057125843357686,0.9221770626955943
1488.0,0.02,3.4863982329245573,0.0,0.125,0.5784894714711976,0.000350193503322771,3.4863982329245573,0.0010679101594632812,3.4863982329245573,0.9223983219402934,0.0,0.125,0.08625713383620412,0.000570705556818929,0.9223983219402934,0.000570705556819151,0.9223983219402934
1489.0,0.02,3.4866897950732323,0.0,0.125,0.5786841051453051,0.00034992537473499397,3.4866897950732323,0.001073423269531304,3.4866897950732323,0.9226194616395009,0.0,0.125,0.08628826636242488,0.0005701538356122082,0.9226194616395009,0.0005701538356126523,0.9226194616395009
1490.0,0.02,3.4869734350540966,0.0,0.125,0.5788774738950621,0.00034965721329172084,3.4869734350540966,0.0010789488944169534,3.4869734350540966,0.9228404819275866,0.0,0.125,0.08631938389587916,0.0005696032656428152,0.9228404819275866,0.0005696032656430372,0.9228404819275866
1491.0,0.02,3.4872492345433557,0.0,0.125,0.5790695850738946,0.00034938902155090545,3.4872492345433557,0.0010844870395203543,3.4872492345433557,0.9230613829385996,0.0,0.125,0.0863504864490963,0.000569053842620848,0.9230613829385996,0.0005690538426212921,0.9230613829385996
1492.0,0.02,3.487517273009985,0.0,0.125,0.579260445942791,0.0003491208030368398,3.487517273009985,0.0010900377093321367,3.487517273009985,0.923282164806281,0.0,0.125,0.0863815740345865,0.000568505562281274,0.923282164806281,0.0005685055622814961,0.923282164806281
1493.0,0.02,3.4877776278210035,0.0,0.125,0.5794500636727659,0.0003488525599664172,3.4877776278210035,0.0010956009087976781,3.4877776278210035,0.9235028276640567,0.0,0.125,0.08641264666484087,0.000567958420381709,0.9235028276640567,0.000567958420381709,0.9235028276640567
1494.0,0.02,3.4880303743404966,0.0,0.125,0.5796384453472145,0.0003485842955797125,3.4880303743404966,0.0011011766425781389,3.4880303743404966,0.9237233716450444,0.0,0.125,0.08644370435233152,0.0005674124127033053,0.9237233716450444,0.0005674124127035274,0.9237233716450444
1495.0,0.02,3.488275586020791,0.0,0.125,0.5798255979641841,0.00034831601260520983,3.488275586020791,0.0011067649156757398,3.488275586020791,0.923943796882055,0.0,0.125,0.08647474710951157,0.0005668675350516406,0.923943796882055,0.0005668675350518626,0.923943796882055
1496.0,0.02,3.4885133344905057,0.0,0.125,0.5800115284385342,0.0003480477136577065,3.4885133344905057,0.001112365732865328,3.4885133344905057,0.9241641035075958,0.0,0.125,0.08650577494881523,0.0005663237832551626,0.9241641035075958,0.0005663237832553847,0.9241641035075958
1497.0,0.02,3.488743689634873,0.0,0.125,0.5801962436039666,0.0003477794012951563,3.488743689634873,0.0011179790990354377,3.488743689634873,0.9243842916538685,0.0,0.125,0.08653678788265784,0.0005657811531651902,0.9243842916538685,0.0005657811531651902,0.9243842916538685
1498.0,0.02,3.48896671967276,0.0,0.125,0.5803797502150403,0.00034751107830288674,3.48896671967276,0.0011236050190177593,3.48896671967276,0.9246043614527788,0.0,0.125,0.08656778592343595,0.0005652396406559124,0.9246043614527788,0.0005652396406559124,0.9246043614527788
1499.0,0.02,3.4891824912281777,0.0,0.125,0.5805620549490665,0.000347242747409382,3.4891824912281777,0.0011292434975871402,3.4891824912281777,0.9248243130359293,0.0,0.125,0.08659876908352733,0.000564699241624167,0.9248243130359293,0.000564699241624611,0.9248243130359293
1500.0,0.02,3.489391069398323,0.0,0.125,0.5807431644079266,0.00034697441088837877,3.489391069398323,0.0011348945395752708,3.489391069398323,0.9250441465346289,0.0,0.125,0.08662973737529103,0.0005641599519909946,0.9250441465346289,0.0005641599519909946,0.9250441465346289
1501.0,0.02,3.4897701921190674,0.0,0.125,0.5809242178462787,0.00034670607141151777,3.4897701921190674,0.0011405581497569983,3.4897701921190674,0.9252639528552742,0.0,0.125,0.08666069084504702,0.0005636217676949773,0.9252639528552742,0.0005636217676949773,0.9252639528552742
1502.0,0.02,3.490204202065229,0.0,0.125,0.5811063093013479,0.00034643773153675284,3.490204202065229,0.0011462343329640134,3.490204202065229,0.9254836426142128,0.0,0.125,0.08669162953895093,0.0005630846846917947,0.9254836426142128,0.0005630846846920168,0.9254836426142128
1503.0,0.02,3.4906814884256505,0.0,0.125,0.5812893875224815,0.0003461693935378207,3.4906814884256505,0.0011519230940280067,3.4906814884256505,0.9257032159317247,0.0,0.125,0.08672255346908908,0.0005625486989586648,0.9257032159317247,0.0005625486989586648,0.9257032159317247
1504.0,0.02,3.491194538828722,0.0,0.125,0.5814734106386995,0.0003459010599726753,3.491194538828722,0.0011576244377806688,3.491194538828722,0.9259226729279537,0.0,0.125,0.08675346264753121,0.0005620138064947877,0.9259226729279537,0.0005620138064947877,0.9259226729279537
1505.0,0.02,3.491738151090601,0.0,0.125,0.5816583430729352,0.00034563273300136643,3.491738151090601,0.0011633383689968468,3.491738151090601,0.9261420137229011,0.0,0.125,0.08678435708633042,0.0005614800033237888,0.9261420137229011,0.0005614800033242329,0.9261420137229011
1506.0,0.02,3.492308515683362,0.0,0.125,0.581844153746913,0.000345364415181848,3.492308515683362,0.0011690648922808577,3.492308515683362,0.926361238436431,0.0,0.125,0.08681523679752329,0.0005609472854923858,0.926361238436431,0.0005609472854926079,0.926361238436431
1507.0,0.02,3.4929027156754273,0.0,0.125,0.5820308149654476,0.0003450961087310134,3.4929027156754273,0.0011748040126917658,3.4929027156754273,0.9265803471882648,0.0,0.125,0.0868461017931299,0.0005604156490679468,0.9265803471882648,0.0005604156490681689,0.9265803471882648
1508.0,0.02,3.4935184376904544,0.0,0.125,0.5822183016811681,0.000344827815752069,3.4935184376904544,0.0011805557347770446,3.4935184376904544,0.9267993400979821,0.0,0.125,0.08687695208515378,0.0005598850901420427,0.9267993400979821,0.0005598850901422647,0.9267993400979821
1509.0,0.02,3.494153795419095,0.0,0.125,0.58240659098506,0.0003445595386892819,3.494153795419095,0.0011863200632546977,3.494153795419095,0.9270182172850217,0.0,0.125,0.08690778768558202,0.0005593556048273385,0.9270182172850217,0.0005593556048275605,0.9270182172850217
1510.0,0.02,3.4948072164041832,0.0,0.125,0.5825956617382771,0.00034429127987323227,3.4948072164041832,0.0011920970030132594,3.4948072164041832,0.9272369788686767,0.0,0.125,0.0869386086063852,0.0005588271892582597,0.9272369788686767,0.0005588271892584817,0.9272369788686767
1511.0,0.02,3.495477366201669,0.0,0.125,0.5827854942966479,0.0003440230411229095,3.495477366201669,0.0011978865585433596,3.495477366201669,0.9274556249680979,0.0,0.125,0.0869694148595176,0.0005582998395909922,0.9274556249680979,0.0005582998395914363,0.9274556249680979
1512.0,0.02,3.4961630956466365,0.0,0.125,0.5829760702985028,0.00034375482476889374,3.4961630956466365,0.0012036887350177494,3.4961630956466365,0.9276741557022903,0.0,0.125,0.08700020645691701,0.0005577735520037042,0.9276741557022903,0.0005577735520037042,0.9276741557022903
1513.0,0.02,3.4968634029919485,0.0,0.125,0.5831673724973147,0.0003434866328007047,3.4968634029919485,0.001209503536529155,3.4968634029919485,0.927892571190112,0.0,0.125,0.08703098341050483,0.0005572483226936598,0.927892571190112,0.0005572483226936598,0.927892571190112
1514.0,0.02,3.497577405970901,0.0,0.125,0.5833593846269864,0.0003432184675489225,3.497577405970901,0.0012153309681366409,3.497577405970901,0.9281108715502764,0.0,0.125,0.08706174573218618,0.0005567241478812157,0.9281108715502764,0.0005567241478812157,0.9281108715502764
1515.0,0.02,3.4983043206922844,0.0,0.125,0.5835520912915467,0.0003429503306051629,3.4983043206922844,0.001221171034501367,3.4983043206922844,0.9283290569013487,0.0,0.125,0.08709249343384982,0.0005562010238060466,0.9283290569013487,0.0005562010238062687,0.9283290569013487
1516.0,0.02,3.499043445370205,0.0,0.125,0.5837454778735616,0.0003426822243568495,3.499043445370205,0.0012270237401708073,3.499043445370205,0.9285471273617458,0.0,0.125,0.08712322652736826,0.0005556789467289214,0.9285471273617458,0.0005556789467291434,0.9285471273617458
1517.0,0.02,3.4997941475580774,0.0,0.125,0.5839395304570072,0.00034241415062297165,3.4997941475580774,0.0012328890899198086,3.4997941475580774,0.9287650830497378,0.0,0.125,0.08715394502459761,0.0005551579129312589,0.9287650830497378,0.0005551579129312589,0.9287650830497378
1518.0,0.02,3.500555853975982,0.0,0.125,0.5841342357617411,0.0003421461115635793,3.500555853975982,0.0012387670880116275,3.500555853975982,0.9289829240834437,0.0,0.125,0.0871846489373779,0.0005546379187133521,0.9289829240834437,0.0005546379187135742,0.9289829240834437
1519.0,0.02,3.501328042293835,0.0,0.125,0.5843295810871709,0.0003418781087134448,3.501328042293835,0.0012446577395621716,3.501328042293835,0.9292006505808357,0.0,0.125,0.08721533827753285,0.0005541189603974761,0.9292006505808357,0.0005541189603974761,0.9292006505808357
1520.0,0.02,3.502110234413294,0.0,0.125,0.5845255542634948,0.00034161014423261804,3.502110234413294,0.0012505610488346974,3.502110234413294,0.9294182626597305,0.0,0.125,0.08724601305686999,0.0005536010343230036,0.9294182626597305,0.0005536010343234476,0.9294182626597305
1521.0,0.02,3.5029019909158023,0.0,0.125,0.5847221436091209,0.00034134222011061865,3.5029019909158023,0.0012564770204335218,3.5029019909158023,0.9296357604377996,0.0,0.125,0.08727667328718071,0.0005530841368519557,0.9296357604377996,0.0005530841368521777,0.9296357604377996
1522.0,0.02,3.5037029064303624,0.0,0.125,0.5849193378932507,0.00034107433782537555,3.5037029064303624,0.0012624056590766486,3.5037029064303624,0.9298531440325601,0.0,0.125,0.08730731898024023,0.0005525682643638952,0.9298531440325601,0.0005525682643638952,0.9298531440325601
1523.0,0.02,3.5045126057325433,0.0,0.125,0.5851171263028017,0.00034080649953693865,3.5045126057325433,0.0012683469690273341,3.5045126057325433,0.9300704135613795,0.0,0.125,0.08733795014780768,0.0005520534132577026,0.9300704135613795,0.0005520534132579247,0.9300704135613795
1524.0,0.02,3.505330740436591,0.0,0.125,0.5853154984129956,0.0003405387069506105,3.505330740436591,0.0012743009549467388,3.505330740436591,0.9302875691414687,0.0,0.125,0.0873685668016261,0.0005515395799524647,0.9302875691414687,0.0005515395799526868,0.9302875691414687
1525.0,0.02,3.5061569861669,0.0,0.125,0.5855144441610444,0.00034027096165800685,3.5061569861669,0.001280267621496023,3.5061569861669,0.9305046108898911,0.0,0.125,0.08739916895342238,0.0005510267608859198,0.9305046108898911,0.0005510267608861419,0.9305046108898911
1526.0,0.02,3.5069910401248876,0.0,0.125,0.5857139538225711,0.0003400032655349605,3.5069910401248876,0.0012862469731089732,3.5069910401248876,0.9307215389235528,0.0,0.125,0.08742975661490753,0.0005505149525142361,0.9307215389235528,0.0005505149525142361,0.9307215389235528
1527.0,0.02,3.5078326189835707,0.0,0.125,0.5859140179903122,0.0003397356204573043,3.5078326189835707,0.001292239014048846,3.5078326189835707,0.9309383533592073,0.0,0.125,0.08746032979777642,0.0005500041513124554,0.9309383533592073,0.0005500041513126774,0.9309383533592073
1528.0,0.02,3.5086814570547062,0.0,0.125,0.5861146275548411,0.0003394680277324369,3.5086814570547062,0.0012982437488631149,3.5086814570547062,0.9311550543134537,0.0,0.125,0.08749088851370797,0.0005494943537753816,0.9311550543134537,0.0005494943537756036,0.9311550543134537
1529.0,0.02,3.509537304685182,0.0,0.125,0.5863157736870723,0.00033920048923619106,3.509537304685182,0.0013042611818718797,3.509537304685182,0.9313716419027389,0.0,0.125,0.08752143277436511,0.000548985556415138,0.9313716419027389,0.0005489855564153601,0.9313716419027389
1530.0,0.02,3.510399926846958,0.0,0.125,0.5865174478222827,0.0003389330064464957,3.510399926846958,0.0013102913177931441,3.510399926846958,0.9315881162433506,0.0,0.125,0.08755196259139487,0.0005484777557620557,0.9315881162433506,0.0005484777557620557,0.9315881162433506
1531.0,0.02,3.511269101893106,0.0,0.125,0.5867196416455357,0.0003386655814097139,3.511269101893106,0.0013163341605491041,3.511269101893106,0.9318044774514234,0.0,0.125,0.08758247797642837,0.0005479709483648953,0.9318044774514234,0.0005479709483648953,0.9318044774514234
1532.0,0.02,3.512144620453853,0.0,0.125,0.5869223470782867,0.00033839821543324433,3.512144620453853,0.0013223897148577635,3.512144620453853,0.9320207256429369,0.0,0.125,0.08761297894108082,0.0005474651307901812,0.9320207256429369,0.0005474651307904033,0.9320207256429369
1533.0,0.02,3.513026284453531,0.0,0.125,0.5871255562660744,0.00033813090982448557,3.513026284453531,0.0013284579850960654,3.513026284453531,0.9322368609337128,0.0,0.125,0.0876434654969516,0.0005469602996235334,0.9322368609337128,0.0005469602996237555,0.9322368609337128
1534.0,0.02,3.5139139062333697,0.0,0.125,0.5873292615671658,0.00033786366668664414,3.5139139062333697,0.0013345389752430492,3.5139139062333697,0.9324528834394181,0.0,0.125,0.08767393765562422,0.0005464564514672254,0.9324528834394181,0.0005464564514674475,0.9324528834394181
1535.0,0.02,3.514807307764727,0.0,0.125,0.587533455542071,0.00033759648727027525,3.514807307764727,0.0013406326896756582,3.514807307764727,0.9326687932755626,0.0,0.125,0.08770439542866641,0.0005459535829419604,0.9326687932755626,0.0005459535829421824,0.9326687932755626
1536.0,0.02,3.5157063199419554,0.0,0.125,0.5877381309438352,0.00033732937299646437,3.5157063199419554,0.0013467391329413658,3.5157063199419554,0.9328845905574985,0.0,0.125,0.08773483882763013,0.0005454516906853168,0.9328845905574985,0.0005454516906857609,0.9328845905574985
1537.0,0.02,3.5166107819429158,0.0,0.125,0.587943280709,0.00033706232522945356,3.5166107819429158,0.0013528583092465851,3.5166107819429158,0.9331002754004207,0.0,0.125,0.08776526786405155,0.000544950771353081,0.9331002754004207,0.000544950771353303,0.9331002754004207
1538.0,0.02,3.517520540652413,0.0,0.125,0.5881488979492444,0.00033679534590191906,3.517520540652413,0.0013589902225703554,3.517520540652413,0.9333158479193666,0.0,0.125,0.08779568254945111,0.0005444508216174704,0.9333158479193666,0.0005444508216176924,0.9333158479193666
1539.0,0.02,3.5184354501380994,0.0,0.125,0.5883549759435448,0.00033652843620757267,3.5184354501380994,0.0013651348771190897,3.5184354501380994,0.9335313082292167,0.0,0.125,0.08782608289533358,0.0005439518381689101,0.9335313082292167,0.0005439518381689101,0.9335313082292167
1540.0,0.02,3.519355371174413,0.0,0.125,0.5885615081308926,0.00033626159756749985,3.519355371174413,0.0013712922772697311,3.519355371174413,0.9337466564446923,0.0,0.125,0.08785646891318807,0.0005434538177135906,0.9337466564446923,0.0005434538177135906,0.9337466564446923
1541.0,0.02,3.5202801708078937,0.0,0.125,0.5887684881034765,0.0003359948311754124,3.5202801708078937,0.0013774624270581626,3.5202801708078937,0.9339618926803566,0.0,0.125,0.08788684061448797,0.0005429567569754656,0.9339618926803566,0.0005429567569754656,0.9339618926803566
1542.0,0.02,3.5212097219607585,0.0,0.125,0.588975909600286,0.00033572813890714315,3.5212097219607585,0.0013836453305771101,3.5212097219607585,0.9341770170506125,0.0,0.125,0.08791719801069106,0.0005424606526958087,0.9341770170506125,0.0005424606526958087,0.9341770170506125
1543.0,0.02,3.5221439030668193,0.0,0.125,0.589183766501113,0.00033546152184271705,3.5221439030668193,0.0013898409919193,3.5221439030668193,0.9343920296697092,0.0,0.125,0.0879475411132396,0.0005419655016314362,0.9343920296697092,0.0005419655016316582,0.9343920296697092
1544.0,0.02,3.5230825977386075,0.0,0.125,0.5893920528209325,0.00033519498140321957,3.5230825977386075,0.0013960494152911451,3.5230825977386075,0.9346069306517331,0.0,0.125,0.08797786993356017,0.0005414713005571503,0.9346069306517331,0.0005414713005571503,0.9346069306517331
1545.0,0.02,3.524025694459908,0.0,0.125,0.5896007627046105,0.0003349285186686757,3.524025694459908,0.0014022706047285283,3.524025694459908,0.9348217201106113,0.0,0.125,0.0880081844830639,0.0005409780462626301,0.9348217201106113,0.0005409780462628522,0.9348217201106113
1546.0,0.02,3.5249730863031914,0.0,0.125,0.5898098904219105,0.0003346621351738577,3.5249730863031914,0.0014085045641536453,3.5249730863031914,0.935036398160112,0.0,0.125,0.08803848477314631,0.0005404857355562065,0.935036398160112,0.0005404857355562065,0.935036398160112
1547.0,0.02,3.525924670668701,0.0,0.125,0.5900194303627891,0.00033439583233985104,3.525924670668701,0.0014147512974886922,3.525924670668701,0.9352509649138461,0.0,0.125,0.0880687708151875,0.0005399943652595329,0.9352509649138461,0.000539994365259755,0.9352509649138461
1548.0,0.02,3.5268803490433243,0.0,0.125,0.5902293770329604,0.0003341296112466807,3.5268803490433243,0.001421010808826395,3.5268803490433243,0.9354654204852606,0.0,0.125,0.08809904262055208,0.0005395039322131367,0.9354654204852606,0.0005395039322133588,0.9354654204852606
1549.0,0.02,3.527840026775948,0.0,0.125,0.5904397250496997,0.00033386347320174536,3.527840026775948,0.0014272831022026367,3.527840026775948,0.9356797649876465,0.0,0.125,0.0881293002005892,0.0005390144332719782,0.9356797649876465,0.0005390144332722002,0.9356797649876465
1550.0,0.02,3.528803612870661,0.0,0.125,0.590650469137857,0.00033359741939875676,3.528803612870661,0.001433568181425926,3.528803612870661,0.9358939985341341,0.0,0.125,0.08815954356663262,0.0005385258653076708,0.9358939985341341,0.0005385258653078928,0.9358939985341341
1551.0,0.02,3.5297710197936,0.0,0.125,0.5908616041261091,0.00033333145125880037,3.5297710197936,0.0014398660501910854,3.5297710197936,0.9361081212376934,0.0,0.125,0.08818977273000067,0.0005380382252069271,0.9361081212376934,0.0005380382252073712,0.9361081212376934
1552.0,0.02,3.530742163293496,0.0,0.125,0.5910731249433903,0.0003330655696345275,3.530742163293496,0.0014461767129887448,3.530742163293496,0.9363221332111311,0.0,0.125,0.0882199877019964,0.0005375515098737793,0.9363221332111311,0.0005375515098737793,0.9363221332111311
1553.0,0.02,3.5317169622331335,0.0,0.125,0.591285026615484,0.000332799776003867,3.5317169622331335,0.0014525001730589793,3.5317169622331335,0.9365360345670997,0.0,0.125,0.08825018849390744,0.0005370657162262482,0.9365360345670997,0.0005370657162264703,0.9365360345670997
1554.0,0.02,3.532695338433939,0.0,0.125,0.5914973042618408,0.0003325340715036873,3.532695338433939,0.0014588364343239846,3.532695338433939,0.9367498254180868,0.0,0.125,0.08828037511700612,0.000536580841198564,0.9367498254180868,0.000536580841198564,0.9367498254180868
1555.0,0.02,3.5336772165294406,0.0,0.125,0.591709953092472,0.0003322684572140133,3.5336772165294406,0.0014651855005922698,3.5336772165294406,0.9369635058764214,0.0,0.125,0.08831054758254957,0.0005360968817398337,0.9369635058764214,0.0005360968817400558,0.9369635058764214
1556.0,0.02,3.534662523827933,0.0,0.125,0.5919229684050794,0.00033200293449908713,3.534662523827933,0.0014715473757291875,3.534662523827933,0.9371770760542688,0.0,0.125,0.08834070590177955,0.0005356138348155959,0.9371770760542688,0.0005356138348158179,0.9371770760542688
1557.0,0.02,3.535651190184467,0.0,0.125,0.5921363455822553,0.00033173750421156,3.535651190184467,0.001477922063315873,3.535651190184467,0.937390536063641,0.0,0.125,0.08837085008592264,0.0005351316974055997,0.937390536063641,0.0005351316974060438,0.937390536063641
1558.0,0.02,3.536643147879886,0.0,0.125,0.5923500800888358,0.00033147216754514375,3.536643147879886,0.0014843095672745221,3.536643147879886,0.93760388601638,0.0,0.125,0.08840098014619026,0.00053465046650647,0.93760388601638,0.000534650466506692,0.93760388601638
1559.0,0.02,3.5376383315078783,0.0,0.125,0.5925641674693786,0.0003312069255798633,3.5376383315078783,0.0014907098910157401,3.5376383315078783,0.9378171260241754,0.0,0.125,0.08843109609377857,0.0005341701391270437,0.9378171260241754,0.0005341701391270437,0.9378171260241754
1560.0,0.02,3.5386366778679985,0.0,0.125,0.5927786033457615,0.0003309417795662739,3.5386366778679985,0.0014971230381775058,3.5386366778679985,0.938030256198551,0.0,0.125,0.08846119793986863,0.0005336907122925894,0.938030256198551,0.0005336907122925894,0.938030256198551
1561.0,0.02,3.5394820533028906,0.0,0.125,0.5929923958326992,0.00033067673041387025,3.5394820533028906,0.0015035490124546413,3.5394820533028906,0.9382432424839928,0.0,0.125,0.08849128568298371,0.0005332121830443626,0.9382432424839928,0.0005332121830443626,0.9382432424839928
1562.0,0.02,3.5402760490391643,0.0,0.125,0.59320459188653,0.0003304117792595207,3.5402760490391643,0.0015099878174282821,3.5402760490391643,0.9384561186858233,0.0,0.125,0.08852135932168538,0.0005327345484404944,0.9384561186858233,0.0005327345484407164,0.9384561186858233
1563.0,0.02,3.5410288605608002,0.0,0.125,0.5934152368165401,0.0003301469271264068,3.5410288605608002,0.001516439456736407,3.5410288605608002,0.9386688849188789,0.0,0.125,0.08855141886718884,0.0005322578055539928,0.9386688849188789,0.0005322578055542149,0.9386688849188789
1564.0,0.02,3.5417470839057046,0.0,0.125,0.5936243678646348,0.0003298821750377101,3.5417470839057046,0.0015229039337327777,3.5417470839057046,0.9388815412977756,0.0,0.125,0.08858146433069358,0.0005317819514718547,0.9388815412977756,0.0005317819514718547,0.9388815412977756
1565.0,0.02,3.5424352864658886,0.0,0.125,0.5938320168705841,0.00032961752401661215,3.5424352864658886,0.0015293812519985295,3.5424352864658886,0.9390940879369183,0.0,0.125,0.08861149572338341,0.0005313069832950656,0.9390940879369183,0.0005313069832952877,0.9390940879369183
1566.0,0.02,3.543096812931992,0.0,0.125,0.5940382118229424,0.0003293529749726076,3.543096812931992,0.0015358714151147979,3.543096812931992,0.9393065249504915,0.0,0.125,0.08864151305642645,0.000530832898137934,0.9393065249504915,0.0005308328981383781,0.9393065249504915
1567.0,0.02,3.543734224524144,0.0,0.125,0.5942429778217143,0.0003290885289857215,3.543734224524144,0.0015423744263216577,3.543734224524144,0.9395188524524711,0.0,0.125,0.08867151634097521,0.0005303596931305332,0.9395188524524711,0.0005303596931307553,0.9395188524524711
1568.0,0.02,3.544349552861945,0.0,0.125,0.594446337711575,0.0003288241871359787,3.544349552861945,0.0015488902889160272,3.544349552861945,0.9397310705566162,0.0,0.125,0.08870150558816663,0.0005298873654147052,0.9397310705566162,0.0005298873654147052,0.9397310705566162
1569.0,0.02,3.54494445496681,0.0,0.125,0.5946483125196345,0.000328559950332874,3.54494445496681,0.0015554190064221984,3.54494445496681,0.9399431793764761,0.0,0.125,0.08873148080912203,0.0005294159121467246,0.9399431793764761,0.0005294159121469466,0.9399431793764761
1570.0,0.02,3.5455203126862216,0.0,0.125,0.5948489217710801,0.0003282958191448415,3.5455203126862216,0.00156196058230762,3.5455203126862216,0.9401551790253886,0.0,0.125,0.08876144201494728,0.0005289453304975211,0.9401551790253886,0.0005289453304977432,0.9401551790253886
1571.0,0.02,3.5460782992858526,0.0,0.125,0.5950481837248383,0.0003280317951066536,3.5460782992858526,0.0015685150196986797,3.5460782992858526,0.9403670696164816,0.0,0.125,0.08879138921673271,0.0005284756176509031,0.9403670696164816,0.0005284756176509031,0.9403670696164816
1572.0,0.02,3.5466194257492134,0.0,0.125,0.5952461155546409,0.00032776787890043124,3.5466194257492134,0.0015750823218354526,3.5466194257492134,0.9405788512626738,0.0,0.125,0.08882132242555323,0.0005280067708031133,0.9405788512626738,0.0005280067708033354,0.9405788512626738
1573.0,0.02,3.5471445740128615,0.0,0.125,0.5954427334915765,0.00032750407132198234,3.5471445740128615,0.0015816624921285438,3.5471445740128615,0.940790524076675,0.0,0.125,0.08885124165246829,0.0005275387871666037,0.940790524076675,0.0005275387871666037,0.940790524076675
1574.0,0.02,3.547654521484901,0.0,0.125,0.5956380529385906,0.000327240373337645,3.547654521484901,0.0015882555337043414,3.547654521484901,0.9410020881709893,0.0,0.125,0.08888114690852199,0.0005270716639651507,0.9410020881709893,0.0005270716639653727,0.9410020881709893
1575.0,0.02,3.5481499595638297,0.0,0.125,0.5958320885640566,0.0003269767860274442,3.5481499595638297,0.0015948614495755464,3.5481499595638297,0.9412135436579139,0.0,0.125,0.08891103820474307,0.0005266053984367414,0.9412135436579139,0.0005266053984369634,0.9412135436579139
1576.0,0.02,3.548631507911182,0.0,0.125,0.5960248543793626,0.00032671330995981407,3.548631507911182,0.0016014802431527642,3.548631507911182,0.9414248906495406,0.0,0.125,0.08894091555214492,0.0005261399878329076,0.9414248906495406,0.0005261399878329076,0.9414248906495406
1577.0,0.02,3.5490997256457604,0.0,0.125,0.5962163638040681,0.00032644994627162305,3.5490997256457604,0.0016081119174486957,3.5490997256457604,0.9416361292577546,0.0,0.125,0.0889707789617257,0.0005256754294169497,0.9416361292577546,0.0005256754294171717,0.9416361292577546
1578.0,0.02,3.549555120263392,0.0,0.125,0.5964066297212454,0.000326186695758679,3.549555120263392,0.001614756475419199,3.549555120263392,0.9418472595942413,0.0,0.125,0.08900062844446827,0.0005252117204674889,0.9418472595942413,0.0005252117204677109,0.9418472595942413
1579.0,0.02,3.5499981548367145,0.0,0.125,0.5965956645249303,0.0003259235588188858,3.5499981548367145,0.0016214139205885658,3.5499981548367145,0.9420582817704801,0.0,0.125,0.08903046401134032,0.0005247488582758031,0.9420582817704801,0.0005247488582760251,0.9420582817704801
1580.0,0.02,3.5504292538994378,0.0,0.125,0.5967834801611663,0.0003256605369870158,3.5504292538994378,0.0016280842553442199,3.5504292538994378,0.9422691958977509,0.0,0.125,0.0890602856732943,0.0005242868401447165,0.9422691958977509,0.0005242868401449385,0.9422691958977509
1581.0,0.02,3.550848808309752,0.0,0.125,0.5969700881637812,0.00032539763066097294,3.550848808309752,0.0016347674831536096,3.550848808309752,0.9424800020871285,0.0,0.125,0.0890900934412676,0.0005238256633912641,0.9424800020871285,0.0005238256633914862,0.9424800020871285
1582.0,0.02,3.5512571793033203,0.0,0.125,0.5971554996857882,0.00032513484092078215,3.5512571793033203,0.0016414636066315325,3.5512571793033203,0.9426907004494924,0.0,0.125,0.08911988732618234,0.0005233653253455817,0.9426907004494924,0.0005233653253458037,0.9426907004494924
1583.0,0.02,3.5516547019060454,0.0,0.125,0.5973397255271118,0.0003248721682211908,3.5516547019060454,0.0016481726289612197,3.5516547019060454,0.9429012910955197,0.0,0.125,0.08914966733894572,0.0005229058233497952,0.9429012910955197,0.0005229058233497952,0.9429012910955197
1584.0,0.02,3.552041687826886,0.0,0.125,0.5975227761592276,0.0003246096137559107,3.552041687826886,0.001654894552643782,3.552041687826886,0.9431117741356874,0.0,0.125,0.08917943349044981,0.0005224471547586873,0.9431117741356874,0.0005224471547589093,0.9431117741356874
1585.0,0.02,3.552418427929126,0.0,0.125,0.5977046617471361,0.000324347178093376,3.552418427929126,0.0016616293809761373,3.552418427929126,0.9433221496802777,0.0,0.125,0.08920918579157165,0.0005219893169410295,0.9433221496802777,0.0005219893169412515,0.9433221496802777
1586.0,0.02,3.552785194355465,0.0,0.125,0.5978853921691116,0.00032408486202939457,3.552785194355465,0.0016683771166299266,3.552785194355465,0.9435324178393738,0.0,0.125,0.08923892425317333,0.0005215323072766953,0.9435324178393738,0.0005215323072769174,0.9435324178393738
1587.0,0.02,3.553142242365766,0.0,0.125,0.5980649770344519,0.00032382266624608746,3.553142242365766,0.0016751377622767905,3.553142242365766,0.9437425787228628,0.0,0.125,0.08926864888610198,0.0005210761231588812,0.9437425787228628,0.0005210761231591032,0.9437425787228628
1588.0,0.02,3.5534898119357763,0.0,0.125,0.598243425699559,0.0003235605917097928,3.5534898119357763,0.0016819113208157432,3.5534898119357763,0.9439526324404355,0.0,0.125,0.0892983597011898,0.0005206207619932179,0.9439526324404355,0.00052062076199344,0.9439526324404355
1589.0,0.02,3.5538281291551357,0.0,0.125,0.5984207472825288,0.0003232986388184145,3.5538281291551357,0.001688697795088956,3.5538281291551357,0.9441625791015891,0.0,0.125,0.08932805670925405,0.0005201662211973268,0.9441625791015891,0.0005201662211975489,0.9441625791015891
1590.0,0.02,3.554157407455307,0.0,0.125,0.5985969506764446,0.0003230368087088209,3.554157407455307,0.0016954971874270086,3.554157407455307,0.9443724188156266,0.0,0.125,0.08935773992109725,0.0005197124982014856,0.9443724188156266,0.0005197124982014856,0.9443724188156266
1591.0,0.02,3.554477848693068,0.0,0.125,0.5987720445615158,0.0003227751017220726,3.554477848693068,0.0017023095008426026,3.554477848693068,0.9445821516916557,0.0,0.125,0.089387409347507,0.0005192595904479624,0.9445821516916557,0.0005192595904479624,0.9445821516916557
1592.0,0.02,3.554789644110201,0.0,0.125,0.5989460374162129,0.00032251351882450763,3.554789644110201,0.0017091347377800048,3.554789644110201,0.9447917778385937,0.0,0.125,0.08941706499925611,0.000518807495391238,0.9447917778385937,0.000518807495391238,0.9447917778385937
1593.0,0.02,3.555092975188643,0.0,0.125,0.5991189375275133,0.00032225206064140366,3.555092975188643,0.0017159729006834823,3.555092975188643,0.9450012973651645,0.0,0.125,0.08944670688710273,0.0005183562104973394,0.9450012973651645,0.0005183562104973394,0.9450012973651645
1594.0,0.02,3.555388014411392,0.0,0.125,0.5992907530003133,0.0003219907279117251,3.555388014411392,0.001722823992395206,3.555388014411392,0.9452107103799001,0.0,0.125,0.08947633502179016,0.0005179057332456161,0.9452107103799001,0.0005179057332456161,0.9452107103799001
1595.0,0.02,3.555674925946107,0.0,0.125,0.5994614917661389,0.000321729521317593,3.555674925946107,0.001729688015245756,3.555674925946107,0.9454200169911444,0.0,0.125,0.08950594941404703,0.0005174560611254098,0.9454200169911444,0.0005174560611256318,0.9454200169911444
1596.0,0.02,3.5559538662585624,0.0,0.125,0.599631161591207,0.00032146844159797183,3.5559538662585624,0.001736564971736243,3.5559538662585624,0.9456292173070489,0.0,0.125,0.08953555007458736,0.0005170071916400509,0.9456292173070489,0.000517007191640495,0.9456292173070489
1597.0,0.02,3.556224984666244,0.0,0.125,0.5997997700839196,0.00032120748915076547,3.556224984666244,0.0017434548645951509,3.556224984666244,0.9458383114355771,0.0,0.125,0.08956513701411052,0.0005165591223037502,0.9458383114355771,0.0005165591223037502,0.9458383114355771
1598.0,0.02,3.5564884238370382,0.0,0.125,0.5999673247018114,0.0003209466649991555,3.5564884238370382,0.0017503576958688427,3.5564884238370382,0.9460472994845031,0.0,0.125,0.0895947102433012,0.0005161118506418205,0.9460472994845031,0.0005161118506418205,0.9460472994845031
1599.0,0.02,3.556744320243695,0.0,0.125,0.6001338327580212,0.00032068596942735894,3.556744320243695,0.0017572734681152724,3.556744320243695,0.9462561815614161,0.0,0.125,0.08962426977282961,0.000515665374191121,0.9462561815614161,0.0005156653741913431,0.9462561815614161
1600.0,0.02,3.5569928045746337,0.0,0.125,0.6002993014273609,0.00032042540357224425,3.5569928045746337,0.0017642021837218635,3.5569928045746337,0.9464649577737121,0.0,0.125,0.08965381561335138,0.0005152196905016115,0.9464649577737121,0.0005152196905016115,0.9464649577737121
1601.0,0.02,3.557234002109965,0.0,0.125,0.6004637377519383,0.0003201649674906548,3.557234002109965,0.0017711438449623529,3.557234002109965,0.9466736282286077,0.0,0.125,0.08968334777550761,0.0005147747971330219,0.9466736282286077,0.0005147747971332439,0.9466736282286077
1602.0,0.02,3.5574680330624346,0.0,0.125,0.6006271486464844,0.00031990466243314586,3.5574680330624346,0.001778098453939947,3.5574680330624346,0.9468821930331282,0.0,0.125,0.08971286626992495,0.0005143306916575163,0.9468821930331282,0.0005143306916577384,0.9468821930331282
1603.0,0.02,3.557695012892964,0.0,0.125,0.6007895409032886,0.0003196444883997174,3.557695012892964,0.0017850660133262863,3.557695012892964,0.9470906522941172,0.0,0.125,0.08974237110721558,0.0005138873716581394,0.9470906522941172,0.0005138873716581394,0.9470906522941172
1604.0,0.02,3.557915052595888,0.0,0.125,0.6009509211968781,0.0003193844464703943,3.557915052595888,0.0017920465247698303,3.557915052595888,0.9472990061182296,0.0,0.125,0.08977186229797726,0.0005134448347290377,0.9472990061182296,0.0005134448347292597,0.9472990061182296
1605.0,0.02,3.5581282589647003,0.0,0.125,0.6011112960884027,0.0003191245369862372,3.5581282589647003,0.0017990399909990629,3.5581282589647003,0.9475072546119399,0.0,0.125,0.08980133985279341,0.0005130030784765705,0.9475072546119399,0.0005130030784767925,0.9475072546119399
1606.0,0.02,3.558334734834375,0.0,0.125,0.6012706720297578,0.0003188647607430539,3.558334734834375,0.0018060464138329735,3.558334734834375,0.9477153978815378,0.0,0.125,0.08983080378223303,0.0005125621005170888,0.9477153978815378,0.0005125621005175329,0.9477153978815378
1607.0,0.02,3.5585345793060696,0.0,0.125,0.6014290553674858,0.00031860511808190495,3.5585345793060696,0.0018130657956589857,3.5585345793060696,0.9479234360331321,0.0,0.125,0.0898602540968508,0.0005121218984789344,0.9479234360331321,0.0005121218984791565,0.9479234360331321
1608.0,0.02,3.558727887953694,0.0,0.125,0.601586452346463,0.0003183456098554416,3.558727887953694,0.0018200981380687153,3.558727887953694,0.9481313691726463,0.0,0.125,0.08988969080718713,0.0005116824699997746,0.9481313691726463,0.0005116824700002187,0.9481313691726463
1609.0,0.02,3.5589147530171203,0.0,0.125,0.6017428691133605,0.0003180862363478809,3.5589147530171203,0.0018271434435064293,3.5589147530171203,0.948339197405824,0.0,0.125,0.08991911392376815,0.0005112438127305996,0.948339197405824,0.0005112438127310437,0.948339197405824
1610.0,0.02,3.5590952635793656,0.0,0.125,0.6018983117199563,0.0003178269983550308,3.5590952635793656,0.0018342017138479605,3.5590952635793656,0.9485469208382276,0.0,0.125,0.08994852345710576,0.0005108059243321694,0.9485469208382276,0.0005108059243321694,0.9485469208382276
1611.0,0.02,3.5592695057320043,0.0,0.125,0.6020527861262404,0.0003175678963316386,3.5592695057320043,0.001841272951139672,3.5592695057320043,0.9487545395752393,0.0,0.125,0.0899779194176976,0.0005103688024747921,0.9487545395752393,0.0005103688024750141,0.9487545395752393
1612.0,0.02,3.5594375627290447,0.0,0.125,0.6022062982033743,0.0003173089309598254,3.5594375627290447,0.001848357157200553,3.5594375627290447,0.9489620537220631,0.0,0.125,0.0900073018160272,0.0005099324448412101,0.9489620537220631,0.0005099324448414322,0.9489620537220631
1613.0,0.02,3.5595995151302304,0.0,0.125,0.6023588537365141,0.000317050102637495,3.5595995151302304,0.0018554543340201235,3.5595995151302304,0.9491694633837198,0.0,0.125,0.09003667066256389,0.0005094968491248242,0.9491694633837198,0.0005094968491250462,0.9491694633837198
1614.0,0.02,3.5597554409351346,0.0,0.125,0.6025104584274594,0.0003167914119330817,3.5597554409351346,0.0018625644834173727,3.5597554409351346,0.9493767686650552,0.0,0.125,0.09006602596776292,0.0005090620130285828,0.9493767686650552,0.0005090620130285828,0.9493767686650552
1615.0,0.02,3.55990541570759,0.0,0.125,0.6026611178972106,0.00031653285941501963,3.55990541570759,0.00186968760721129,3.55990541570759,0.9495839696707347,0.0,0.125,0.09009536774206538,0.0005086279342656486,0.9495839696707347,0.0005086279342656486,0.9495839696707347
1616.0,0.02,3.5600495126926717,0.0,0.125,0.6028108376883747,0.00031627444576542985,3.5600495126926717,0.0018768237071640215,3.5600495126926717,0.9497910665052487,0.0,0.125,0.09012469599589838,0.0005081946105611745,0.9497910665052487,0.0005081946105613966,0.9497910665052487
1617.0,0.02,3.5601878029273166,0.0,0.125,0.6029596232674973,0.000316016171211686,3.5601878029273166,0.0018839727849808696,3.5601878029273166,0.9499980592729089,0.0,0.125,0.09015401073967494,0.0005077620396500837,0.9499980592729089,0.0005077620396503058,0.9499980592729089
1618.0,0.02,3.5603203553416733,0.0,0.125,0.603107480027211,0.00031575803637906574,3.5603203553416733,0.0018911348428218844,3.5603203553416733,0.9502049480778496,0.0,0.125,0.0901833119837941,0.0005073302192775131,0.9502049480778496,0.0005073302192777351,0.9502049480778496
1619.0,0.02,3.560447236856362,0.0,0.125,0.6032544132883875,0.0003155000420065335,3.560447236856362,0.0018983098815965604,3.560447236856362,0.9504117330240316,0.0,0.125,0.09021259973864094,0.0005068991471988138,0.9504117330240316,0.0005068991471990358,0.9504117330240316
1620.0,0.02,3.560568512473992,0.0,0.125,0.6034004283021085,0.00031524218820777605,3.560568512473992,0.0019054979036923214,3.560568512473992,0.9506184142152383,0.0,0.125,0.09024187401458655,0.0005064688211791069,0.9506184142152383,0.0005064688211795509,0.9506184142152383
1621.0,0.02,3.5607954943175173,0.0,0.125,0.6035462260351939,0.00031498447549438424,3.5607954943175173,0.001912698910302879,3.5607954943175173,0.9508250146160604,0.0,0.125,0.09027113483035264,0.0005060392389946156,0.9508250146160604,0.0005060392389948376,0.9508250146160604
1622.0,0.02,3.5610557871807487,0.0,0.125,0.6036924802802252,0.00031472690483269616,3.5610557871807487,0.0019199129032472229,3.5610557871807487,0.9510315117840475,0.0,0.125,0.09030038220461228,0.0005056103984284466,0.9510315117840475,0.0005056103984286686,0.9510315117840475
1623.0,0.02,3.5613421426888863,0.0,0.125,0.6038391614766438,0.0003144694761658684,3.5613421426888863,0.0019271398838327514,3.5613421426888863,0.9512379058199434,0.0,0.125,0.09032961614764308,0.0005051822972741427,0.9512379058199434,0.0005051822972745867,0.9512379058199434
1624.0,0.02,3.5616498778665004,0.0,0.125,0.6039862456689611,0.0003142121902328654,3.5616498778665004,0.0019343798536510803,3.5616498778665004,0.9514441968243545,0.0,0.125,0.0903588366697093,0.0005047549333361268,0.9514441968243545,0.0005047549333365708,0.9514441968243545
1625.0,0.02,3.5619757554788407,0.0,0.125,0.6041337126543898,0.0003139550474315911,3.5619757554788407,0.0019416328142938255,3.5619757554788407,0.9516503848977513,0.0,0.125,0.0903880437810618,0.0005043283044283697,0.9516503848977513,0.0005043283044288138,0.9516503848977513
1626.0,0.02,3.5623174095615013,0.0,0.125,0.6042815449055016,0.00031369804827363623,3.5623174095615013,0.0019488987671820723,3.5623174095615013,0.9518564701404677,0.0,0.125,0.09041723749193811,0.0005039024083752786,0.9518564701404677,0.0005039024083757226,0.9518564701404677
1627.0,0.02,3.562673032346197,0.0,0.125,0.6044297269010508,0.00031344119332743503,3.562673032346197,0.0019561777135095326,3.562673032346197,0.9520624526527008,0.0,0.125,0.09044641781256248,0.000503477243010586,0.9520624526527008,0.0005034772430110301,0.9520624526527008
1628.0,0.02,3.5630411933104256,0.0,0.125,0.604578244685415,0.0003131844827066743,3.5630411933104256,0.001963469654867822,3.5630411933104256,0.9522683325345129,0.0,0.125,0.09047558475314574,0.0005030528061789052,0.9522683325345129,0.0005030528061791273,0.9522683325345129
1629.0,0.02,3.563420728700237,0.0,0.125,0.6047270855635885,0.0003129279169797883,3.563420728700237,0.001970774592621183,3.563420728700237,0.9524741098858254,0.0,0.125,0.09050473832388556,0.0005026290957337309,0.9524741098858254,0.000502629095734175,0.9524741098858254
1630.0,0.02,3.563810670668431,0.0,0.125,0.6048762378810637,0.0003126714967720545,3.563810670668431,0.001978092527906483,3.563810670668431,0.9526797848064272,0.0,0.125,0.09053387853496629,0.000502206109538772,0.9526797848064272,0.0005022061095394381,0.9526797848064272
1631.0,0.02,3.5642101998157045,0.0,0.125,0.6050256908593283,0.0003124152225950638,3.5642101998157045,0.0019854234619742783,3.5642101998157045,0.952885357395969,0.0,0.125,0.09056300539655908,0.0005017838454683954,0.952885357395969,0.0005017838454686174,0.952885357395969
1632.0,0.02,3.5646186121958294,0.0,0.125,0.6051754344693402,0.00031215909439197276,3.5646186121958294,0.0019927673960751235,3.5646186121958294,0.9530908277539614,0.0,0.125,0.09059211891882182,0.0005013623014045177,0.9530908277539614,0.0005013623014047397,0.9530908277539614
1633.0,0.02,3.5650352956321285,0.0,0.125,0.6053254593318537,0.0003119031132428063,3.5650352956321285,0.0020001243312890438,3.5650352956321285,0.9532961959797803,0.0,0.125,0.09062121911189928,0.0005009414752406016,0.9532961959797803,0.0005009414752410457,0.9532961959797803
1634.0,0.02,3.565459712248014,0.0,0.125,0.6054757566373259,0.00031164727892019073,3.565459712248014,0.002007494269093968,3.565459712248014,0.9535014621726643,0.0,0.125,0.09065030598592301,0.0005005213648785478,0.9535014621726643,0.0005005213648789919,0.9535014621726643
1635.0,0.02,3.565891385272664,0.0,0.125,0.6056263180804171,0.00031139159216309054,3.565891385272664,0.002014877210456234,3.565891385272664,0.9537066264317147,0.0,0.125,0.09067937955101144,0.0005001019682300267,0.9537066264317147,0.0005001019682302488,0.9537066264317147
1636.0,0.02,3.5663298888740087,0.0,0.125,0.6057771358056857,0.00031113605342625306,3.5663298888740087,0.002022273156285337,3.5663298888740087,0.9539116888558936,0.0,0.125,0.09070843981726985,0.0004996832832158127,0.9539116888558936,0.0004996832832158127,0.9539116888558936
1637.0,0.02,3.5667748401849053,0.0,0.125,0.6059282023619703,0.00031088066293705197,3.5667748401849053,0.0020296821078318317,3.5667748401849053,0.9541166495440265,0.0,0.125,0.09073748679479048,0.0004992653077653397,0.9541166495440265,0.0004992653077655618,0.9541166495440265
1638.0,0.02,3.567225892951626,0.0,0.125,0.6060795106636174,0.00031062542120707803,3.567225892951626,0.0020371040659483697,3.567225892951626,0.954321508594802,0.0,0.125,0.0907665204936524,0.0004988480398191442,0.954321508594802,0.0004988480398191442,0.954321508594802
1639.0,0.02,3.567682732406695,0.0,0.125,0.6062310539572935,0.0003103703285773918,3.567682732406695,0.002044539031601289,3.567682732406695,0.9545262661067706,0.0,0.125,0.09079554092392172,0.0004984314773246457,0.9545262661067706,0.0004984314773248677,0.9545262661067706
1640.0,0.02,3.5681450710788454,0.0,0.125,0.6063828257932272,0.00031011538555958396,3.5681450710788454,0.0020519870058137712,3.5681450710788454,0.9547309221783449,0.0,0.125,0.09082454809565149,0.0004980156182401441,0.9547309221783449,0.0004980156182403661,0.9547309221783449
1641.0,0.02,3.5686126453332463,0.0,0.125,0.6065348200001882,0.00030986059232418484,3.5686126453332463,0.0020594479894384676,3.5686126453332463,0.9549354769077982,0.0,0.125,0.09085354201888168,0.0004976004605321549,0.9549354769077982,0.0004976004605323769,0.9549354769077982
1642.0,0.02,3.5690852124852768,0.0,0.125,0.6066870306635209,0.0003096059491554115,3.5690852124852768,0.002066921983555403,3.5690852124852768,0.955139930393269,0.0,0.125,0.09088252270363932,0.0004971860021760754,0.955139930393269,0.0004971860021765195,0.955139930393269
1643.0,0.02,3.5695625483735967,0.0,0.125,0.6068394521057653,0.0003093514570196021,3.5695625483735967,0.002074408988619325,3.5695625483735967,0.9553442827327567,0.0,0.125,0.09091149015993852,0.0004967722411564068,0.9553442827327567,0.0004967722411566289,0.9553442827327567
1644.0,0.02,3.5700444453024147,0.0,0.125,0.6069920788694216,0.0003090971156325395,3.5700444453024147,0.0020819090057102585,3.5700444453024147,0.9555485340241221,0.0,0.125,0.09094044439778039,0.0004963591754660879,0.9555485340241221,0.000496359175466532,0.9555485340241221
1645.0,0.02,3.570530710283151,0.0,0.125,0.6071449057016103,0.00030884292567634475,3.570530710283151,0.002089422035339794,3.570530710283151,0.955752684365089,0.0,0.125,0.09096938542715313,0.0004959468031089376,0.955752684365089,0.0004959468031089376,0.955752684365089
1646.0,0.02,3.5710211635254723,0.0,0.125,0.6072979275403151,0.0003085888873783915,3.5710211635254723,0.00209694807847427,3.5710211635254723,0.9559567338532431,0.0,0.125,0.09099831325803204,0.0004955351220934379,0.9559567338532431,0.0004955351220936599,0.9559567338532431
1647.0,0.02,3.5715156371288117,0.0,0.125,0.6074511395019643,0.0003083350012502706,3.5715156371288117,0.002104487135625277,3.5715156371288117,0.9561606825860332,0.0,0.125,0.09102722790037952,0.0004951241304405052,0.9561606825860332,0.0004951241304407272,0.9561606825860332
1648.0,0.02,3.572013973948799,0.0,0.125,0.6076045368702653,0.0003080812674625122,3.572013973948799,0.0021120392075317795,3.572013973948799,0.9563645306607673,0.0,0.125,0.09105612936414514,0.0004947138261788275,0.9563645306607673,0.0004947138261788275,0.9563645306607673
1649.0,0.02,3.572516026602216,0.0,0.125,0.6077581150860211,0.00030782768635617686,3.572516026602216,0.002119604294762212,3.572516026602216,0.9565682781746194,0.0,0.125,0.09108501765926565,0.0004943042073441983,0.9565682781746194,0.0004943042073441983,0.9565682781746194
1650.0,0.02,3.573021656596609,0.0,0.125,0.607911869737897,0.00030757425849969877,3.573021656596609,0.0021271823978281645,3.573021656596609,0.956771925224623,0.0,0.125,0.09111389279566494,0.0004938952719819589,0.956771925224623,0.000493895271982181,0.956771925224623
1651.0,0.02,3.5735307335607445,0.0,0.125,0.6080657965539872,0.0003073209840067648,3.5735307335607445,0.0021347735173549154,3.5735307335607445,0.9569754719076748,0.0,0.125,0.09114275478325415,0.0004934870181465545,0.9569754719076748,0.0004934870181465545,0.9569754719076748
1652.0,0.02,3.5740431345631123,0.0,0.125,0.6082198913940694,0.0003070678632752788,3.5740431345631123,0.0021423776539108985,3.5740431345631123,0.9571789183205335,0.0,0.125,0.09117160363193164,0.0004930794438997577,0.9571789183205335,0.0004930794438999797,0.9571789183205335
1653.0,0.02,3.574558743506543,0.0,0.125,0.6083741502425288,0.0003068148965326145,3.574558743506543,0.0021499948076098008,3.574558743506543,0.9573822645598202,0.0,0.125,0.09120043935158302,0.000492672547312889,0.9573822645598202,0.000492672547312889,0.9573822645598202
1654.0,0.02,3.575077450587628,0.0,0.125,0.6085285692018246,0.00030656208423351927,3.575077450587628,0.0021576249793042734,3.575077450587628,0.9575855107220193,0.0,0.125,0.09122926195208114,0.0004922663264637084,0.9575855107220193,0.0004922663264639304,0.9575855107220193
1655.0,0.02,3.57559915181281,0.0,0.125,0.6086831444864581,0.000306309426775897,3.57559915181281,0.0021652681691648468,3.57559915181281,0.9577886569034759,0.0,0.125,0.09125807144328622,0.0004918607794401897,0.9577886569034759,0.0004918607794404117,0.9577886569034759
1656.0,0.02,3.5761237485637025,0.0,0.125,0.6088378724174022,0.00030605692427343456,3.5761237485637025,0.0021729243775325813,3.5761237485637025,0.9579917032003991,0.0,0.125,0.09128686783504578,0.0004914559043378564,0.9579917032003991,0.0004914559043378564,0.9579917032003991
1657.0,0.02,3.5766511472053253,0.0,0.125,0.6089927494169398,0.0003058045769535056,3.5766511472053253,0.002180593604805381,3.5766511472053253,0.9581946497088565,0.0,0.125,0.09131565113719461,0.0004910516992593372,0.9581946497088565,0.0004910516992595593,0.9581946497088565
1658.0,0.02,3.577181258732253,0.0,0.125,0.6091477720038765,0.0003055523853277009,3.577181258732253,0.0021882758512106193,3.577181258732253,0.9583974965247852,0.0,0.125,0.09134442135955496,0.0004906481623176973,0.9583974965247852,0.0004906481623176973,0.9583974965247852
1659.0,0.02,3.577713998448246,0.0,0.125,0.609302936789065,0.00030530034962339414,3.577713998448246,0.0021959711170325136,3.577713998448246,0.958600243743978,0.0,0.125,0.09137317851193638,0.0004902452916315525,0.958600243743978,0.0004902452916317745,0.958600243743978
1660.0,0.02,3.5782492856747012,0.0,0.125,0.6094582404712556,0.0003050484703521761,3.5782492856747012,0.0022036794024984374,3.5782492856747012,0.9588028914620952,0.0,0.125,0.0914019226041359,0.0004898430853297331,0.9588028914620952,0.0004898430853299551,0.9588028914620952
1661.0,0.02,3.578787043485761,0.0,0.125,0.609613679833224,0.0003047967474003599,3.578787043485761,0.0022114007078357645,3.578787043485761,0.9590054397746575,0.0,0.125,0.09143065364593791,0.0004894415415477305,0.9590054397746575,0.0004894415415479525,0.9590054397746575
1662.0,0.02,3.5793271984664443,0.0,0.125,0.6097692517381207,0.0003045451813932232,3.5793271984664443,0.0022191350328739645,3.5793271984664443,0.959207888777049,0.0,0.125,0.09145937164711432,0.0004890406584290297,0.959207888777049,0.0004890406584292517,0.959207888777049
1663.0,0.02,3.5798696804911856,0.0,0.125,0.60992495312609,0.00030429377244445277,3.5798696804911856,0.0022268823778972546,3.5798696804911856,0.9594102385645149,0.0,0.125,0.09148807661742445,0.0004886404341255535,0.9594102385645149,0.0004886404341257755,0.9594102385645149
1664.0,0.02,3.5804144225210734,0.0,0.125,0.6100807810110743,0.0003040425208382658,3.5804144225210734,0.002234642743189852,3.5804144225210734,0.9596124892321671,0.0,0.125,0.09151676856661511,0.00048824086679677414,0.9596124892321671,0.0004882408667969962,0.9596124892321671
1665.0,0.02,3.580961360417291,0.0,0.125,0.610236732477818,0.0003037914269157227,3.580961360417291,0.0022424161284675392,3.580961360417291,0.959814640874977,0.0,0.125,0.09154544750442072,0.0004878419546099355,0.959814640874977,0.00048784195461015756,0.959814640874977
1666.0,0.02,3.581510432770017,0.0,0.125,0.6103928046790451,0.0003035404908473538,3.581510432770017,0.002250202533900847,3.581510432770017,0.9600166935877794,0.0,0.125,0.09157411344056311,0.00048744369574049706,0.9600166935877794,0.00048744369574049706,0.9600166935877794
1667.0,0.02,3.5820615807398326,0.0,0.125,0.6105489948328297,0.0003032897129742196,3.5820615807398326,0.0022580019593192446,3.5820615807398326,0.960218647465275,0.0,0.125,0.09160276638475172,0.0004870460883710237,0.960218647465275,0.0004870460883710237,0.960218647465275
1668.0,0.02,3.5826147479123733,0.0,0.125,0.610705300220059,0.00030303909352369374,3.5826147479123733,0.0022658144048364193,3.5826147479123733,0.9604205026020249,0.0,0.125,0.09163140634668362,0.00048664913069162985,0.9604205026020249,0.00048664913069162985,0.9604205026020249
1669.0,0.02,3.583169880162586,0.0,0.125,0.6108617181820994,0.00030278863272314993,3.583169880162586,0.0022736398701681537,3.583169880162586,0.9606222590924547,0.0,0.125,0.0916600333360434,0.00048625282090086763,0.9606222590924547,0.00048625282090086763,0.9606222590924547
1670.0,0.02,3.5837269255293336,0.0,0.125,0.6110182461185677,0.00030253833108417894,3.5837269255293336,0.0022814783551439177,3.5837269255293336,0.9608239170308552,0.0,0.125,0.09168864736250334,0.0004858571572039505,0.9608239170308552,0.00048585715720417255,0.9608239170308552
1671.0,0.02,3.5842858341004558,0.0,0.125,0.6111748814851972,0.0003022881884930939,3.5842858341004558,0.002289329859706868,3.5842858341004558,0.9610254765113782,0.0,0.125,0.09171724843572333,0.0004854621378145296,0.9610254765113782,0.00048546213781475167,0.9610254765113782
1672.0,0.02,3.584846557902779,0.0,0.125,0.6113316217918565,0.0003020382054046422,3.584846557902779,0.0022971943834591,3.584846557902779,0.9612269376280393,0.0,0.125,0.0917458365653509,0.0004850677609535836,0.9612269376280393,0.00048506776095380566,0.9612269376280393
1673.0,0.02,3.5854090508027525,0.0,0.125,0.6114884646006462,0.0003017883820461975,3.5854090508027525,0.0023050719262300845,3.5854090508027525,0.961428300474719,0.0,0.125,0.09177441176102133,0.00048467402484875244,0.961428300474719,0.0004846740248489745,0.961428300474719
1674.0,0.02,3.5859732684118626,0.0,0.125,0.6116454075241033,0.0003015387187019769,3.5859732684118626,0.0023129624876787602,3.5859732684118626,0.9616295651451625,0.0,0.125,0.09180297403235754,0.0004842809277358917,0.9616295651451625,0.00048428092773611375,0.9616295651451625
1675.0,0.02,3.5865391679996037,0.0,0.125,0.6118024482234888,0.0003012892153719804,3.5865391679996037,0.0023208660675209103,3.5865391679996037,0.9618307317329775,0.0,0.125,0.09183152338897023,0.00048388846785796247,0.9618307317329775,0.0004838884678581845,0.9618307317329775
1676.0,0.02,3.5871067084103743,0.0,0.125,0.6119595844071813,0.00030103987256779874,3.5871067084103743,0.0023287826653586308,3.5871067084103743,0.9620318003316355,0.0,0.125,0.09186005984045784,0.0004834966434650312,0.9620318003316355,0.0004834966434650312,0.9620318003316355
1677.0,0.02,3.587675849987704,0.0,0.125,0.6121168138290963,0.00030079069034627537,3.587675849987704,0.002336712280850861,3.587675849987704,0.9622327710344734,0.0,0.125,0.09188858339640656,0.00048310545281471384,0.9622327710344734,0.00048310545281471384,0.9622327710344734
1678.0,0.02,3.588246554501893,0.0,0.125,0.6122741342872617,0.0003005416691053142,3.588246554501893,0.002344654913429167,3.588246554501893,0.962433643934693,0.0,0.125,0.09191709406639044,0.00048271489417173186,0.962433643934693,0.00048271489417173186,0.962433643934693
1679.0,0.02,3.588818785081685,0.0,0.125,0.6124315436223688,0.0003002928089586021,3.588818785081685,0.0023526105626388016,3.588818785081685,0.9626344191253591,0.0,0.125,0.09194559185997124,0.00048232496580791206,0.9626344191253591,0.0004823249658081341,0.9626344191253591
1680.0,0.02,3.5893925061520235,0.0,0.125,0.6125890397164729,0.00030004411013351273,3.5893925061520235,0.0023605792279113302,3.5893925061520235,0.9628350966994024,0.0,0.125,0.09197407678669865,0.0004819356660030749,0.9628350966994024,0.00048193566600329696,0.9628350966994024
1681.0,0.02,3.5900551704150985,0.0,0.125,0.6127471636077152,0.00029979557280057634,3.5900551704150985,0.002368560908962536,3.5900551704150985,0.9630356423349995,0.0,0.125,0.0920025488436557,0.00048154699304392423,0.9630356423349995,0.00048154699304392423,0.9630356423349995
1682.0,0.02,3.5907497642593853,0.0,0.125,0.6129064355082852,0.00029954719724401,3.5907497642593853,0.0023765556049397674,3.5907497642593853,0.9632360900668977,0.0,0.125,0.09203100802796436,0.0004811589452262677,0.9632360900668977,0.0004811589452264897,0.9632360900668977
1683.0,0.02,3.5914705084921934,0.0,0.125,0.6130668268122459,0.0002992989835775006,3.5914705084921934,0.002384563315331434,3.5914705084921934,0.9634364399913882,0.0,0.125,0.09205945434921399,0.00048077152085457264,0.9634364399913882,0.0004807715208547947,0.9634364399913882
1684.0,0.02,3.59221364370876,0.0,0.125,0.6132283133429068,0.0002990509323694823,3.59221364370876,0.0023925840393417275,3.59221364370876,0.9636366922045703,0.0,0.125,0.09208788781698117,0.00048038471823885764,0.9636366922045703,0.0004803847182390797,0.9636366922045703
1685.0,0.02,3.5929765496829305,0.0,0.125,0.6133908739106074,0.0002988030431652078,3.5929765496829305,0.002400617776402214,3.5929765496829305,0.9638368468023544,0.0,0.125,0.09211630844082984,0.0004799985356960246,0.9638368468023544,0.0004799985356962466,0.9638368468023544
1686.0,0.02,3.59375729350387,0.0,0.125,0.6135544894735867,0.00029855531670364144,3.59375729350387,0.0024086645258307726,3.59375729350387,0.9640369038804641,0.0,0.125,0.09214471623031129,0.0004796129715491926,0.9640369038804641,0.0004796129715491926,0.9640369038804641
1687.0,0.02,3.5945543832814337,0.0,0.125,0.6137191426164048,0.00029830775315531355,3.5945543832814337,0.002416724286547378,3.5945543832814337,0.9642368635344352,0.0,0.125,0.09217311119496413,0.0004792280241279201,0.9642368635344352,0.0004792280241279201,0.9642368635344352
1688.0,0.02,3.595366625759766,0.0,0.125,0.6138848172062725,0.00029806035229285044,3.595366625759766,0.00242479705804044,3.595366625759766,0.9644367258596185,0.0,0.125,0.09220149334431438,0.00047884369176931507,0.9644367258596185,0.00047884369176931507,0.9644367258596185
1689.0,0.02,3.59619303935591,0.0,0.125,0.6140514981548236,0.0002978131146846863,3.59619303935591,0.0024328828393436197,3.59619303935591,0.9646364909511838,0.0,0.125,0.09222986268787556,0.0004784599728160366,0.9646364909511838,0.00047845997281625863,0.9646364909511838
1690.0,0.02,3.5970327983569064,0.0,0.125,0.6142191712458269,0.0002975660405581948,3.5970327983569064,0.002440981629717953,3.5970327983569064,0.9648361589041092,0.0,0.125,0.09225821923514854,0.00047807686561807117,0.9648361589041092,0.0004780768656182932,0.9648361589041092
1691.0,0.02,3.597885195523645,0.0,0.125,0.6143878230061783,0.0002973191298565325,3.597885195523645,0.002449093428197102,3.597885195523645,0.9650357298131993,0.0,0.125,0.09228656299562171,0.0004776943685311785,0.9650357298131993,0.0004776943685311785,0.9650357298131993
1692.0,0.02,3.598749616073974,0.0,0.125,0.6145574406063898,0.00029707238303444683,3.598749616073974,0.0024572182335305115,3.598749616073974,0.9652352037730716,0.0,0.125,0.092314893978771,0.00047731247991755765,0.9652352037730716,0.00047731247991755765,0.9652352037730716
1693.0,0.02,3.599625518991843,0.0,0.125,0.6147280117819753,0.0002968258000350943,3.599625518991843,0.002465356045149747,3.599625518991843,0.9654345808781664,0.0,0.125,0.09234321219405983,0.00047693119814695706,0.9654345808781664,0.00047693119814695706,0.9654345808781664
1694.0,0.02,3.600512423225382,0.0,0.125,0.6148995247700259,0.0002965793811995354,3.600512423225382,0.0024735068616905664,3.600512423225382,0.965633861222742,0.0,0.125,0.09237151765093922,0.0004765505215942323,0.965633861222742,0.0004765505215944543,0.965633861222742
1695.0,0.02,3.6014098972511306,0.0,0.125,0.6150719682571848,0.00029633312658461364,3.6014098972511306,0.002481670682357162,3.6014098972511306,0.9658330449008825,0.0,0.125,0.09239981035884777,0.0004761704486424545,0.9658330449008825,0.0004761704486424545,0.9658330449008825
1696.0,0.02,3.602317551021315,0.0,0.125,0.6152453313362867,0.0002960870364177026,3.602317551021315,0.002489847505898979,3.602317551021315,0.96603213200649,0.0,0.125,0.09242809032721172,0.0004757909776786917,0.96603213200649,0.00047579097767891376,0.96603213200649
1697.0,0.02,3.603235029637574,0.0,0.125,0.6154196034697981,0.00029584111069880237,3.603235029637574,0.0024980373312359916,3.603235029637574,0.9662311226332934,0.0,0.125,0.09245635756544494,0.00047541210709867165,0.9662311226332934,0.0004754121070988937,0.9662311226332934
1698.0,0.02,3.6041620083048542,0.0,0.125,0.6155947744585785,0.00029559534993950365,3.6041620083048542,0.0025062401571744886,3.6041620083048542,0.9664300168748448,0.0,0.125,0.092484612082949,0.0004750338353038952,0.9664300168748448,0.00047503383530411725,0.9664300168748448
1699.0,0.02,3.605098188249144,0.0,0.125,0.615770834415011,0.0002953497541966499,3.605098188249144,0.0025144559825776014,3.605098188249144,0.9666288148245217,0.0,0.125,0.09251285388911315,0.00047465616070185845,0.9666288148245217,0.0004746561607020805,0.9666288148245217
1700.0,0.02,3.606043293374455,0.0,0.125,0.6159477737396019,0.0002951043232997108,3.606043293374455,0.0025226848061379314,3.606043293374455,0.9668275165755298,0.0,0.125,0.0925410829933144,0.0004742790817064968,0.9668275165755298,0.00047427908170671884,0.9668275165755298
1701.0,0.02,3.6069970674967635,0.0,0.125,0.6161255831004865,0.00029485905764659037,3.6069970674967635,0.0025309266267186104,3.6069970674967635,0.9670261222208989,0.0,0.125,0.09256929940491751,0.00047390259673796287,0.9670261222208989,0.00047390259673796287,0.9670261222208989
1702.0,0.02,3.6079592720308824,0.0,0.125,0.6163042534153523,0.0002946139574078188,3.6079592720308824,0.002539181442784866,3.6079592720308824,0.9672246318534903,0.0,0.125,0.09259750313327499,0.00047352670422262655,0.9672246318534903,0.00047352670422262655,0.9672246318534903
1703.0,0.02,3.608929684039879,0.0,0.125,0.616483775835396,0.00029436902292445666,3.608929684039879,0.0025474492529724557,3.608929684039879,0.967423045565992,0.0,0.125,0.09262569418772723,0.00047315140259440724,0.967423045565992,0.00047315140259440724,0.967423045565992
1704.0,0.02,3.6099080945774062,0.0,0.125,0.616664141730948,0.0002941242539691302,3.6099080945774062,0.0025557300560876683,3.6099080945774062,0.9676213634509243,0.0,0.125,0.09265387257760244,0.00047277669029166525,0.9676213634509243,0.0004727766902918873,0.9676213634509243
1705.0,0.02,3.6108943072665056,0.0,0.125,0.6168453426786236,0.0002938796510534303,3.6108943072665056,0.0025640238504820445,3.6108943072665056,0.9678195856006337,0.0,0.125,0.09268203831221665,0.0004724025657598663,0.9678195856006337,0.0004724025657600883,0.9678195856006337
1706.0,0.02,3.6118881370763347,0.0,0.125,0.6170273704496966,0.0002936352141205134,3.6118881370763347,0.002572330635018716,3.6118881370763347,0.9680177121073037,0.0,0.125,0.09271019140087385,0.00047202902745091535,0.9680177121073037,0.0004720290274511374,0.9680177121073037
1707.0,0.02,3.6128894092588553,0.0,0.125,0.6172102169995691,0.00029339094322722303,3.6128894092588553,0.0025806504079923798,3.6128894092588553,0.9682157430629472,0.0,0.125,0.09273833185286594,0.00047165607382204655,0.9682157430629472,0.0004716560738222686,0.9682157430629472
1708.0,0.02,3.6138979584224558,0.0,0.125,0.617393874458203,0.0002931468386009328,3.6138979584224558,0.0025889831679251074,3.6138979584224558,0.9684136785594109,0.0,0.125,0.09276645967747274,0.00047128370333737735,0.9684136785594109,0.0004712837033375994,0.9684136785594109
1709.0,0.02,3.6149136277190337,0.0,0.125,0.6175783351213822,0.00029290290041217304,3.6149136277190337,0.0025973289132821265,3.6149136277190337,0.9686115186883753,0.0,0.125,0.09279457488396202,0.0004709119144665763,0.9686115186883753,0.00047091191446679836,0.9686115186883753
1710.0,0.02,3.615936268127598,0.0,0.125,0.6177635914426726,0.00029265912883147394,3.615936268127598,0.0026056876422444475,3.615936268127598,0.968809263541357,0.0,0.125,0.09282267748158965,0.0004705407056859734,0.968809263541357,0.0004705407056859734,0.968809263541357
1711.0,0.02,3.6169657378198394,0.0,0.125,0.6179496360260952,0.0002924155238588355,3.6169657378198394,0.002614059353504672,3.6169657378198394,0.9690069132097063,0.0,0.125,0.0928507674795994,0.0004701700754770055,0.9690069132097063,0.00047017007547722756,0.9690069132097063
1712.0,0.02,3.6180019015957328,0.0,0.125,0.618136461619301,0.00029217208566478803,3.6180019015957328,0.0026224440451301234,3.6180019015957328,0.9692044677846126,0.0,0.125,0.0928788448872232,0.00046980002232821505,0.9692044677846126,0.0004698000223284371,0.9692044677846126
1713.0,0.02,3.6190446303806425,0.0,0.125,0.6183240611073133,0.00029192881441986174,3.6190446303806425,0.002630841715642873,3.6190446303806425,0.9694019273570973,0.0,0.125,0.092906909713681,0.0004694305447336955,0.9694019273570973,0.00046943054473391754,0.9694019273570973
1714.0,0.02,3.620093800773816,0.0,0.125,0.6185124275066999,0.0002916857102945869,3.620093800773816,0.0026392523632239318,3.620093800773816,0.9695992920180245,0.0,0.125,0.09293496196818085,0.00046906164119264737,0.9695992920180245,0.0004690616411928694,0.9695992920180245
1715.0,0.02,3.621149294642521,0.0,0.125,0.6187015539601673,0.00029144277345949376,3.621149294642521,0.002647675985940623,3.621149294642521,0.9697965618580955,0.0,0.125,0.09296300165991897,0.00046869331021159866,0.9697965618580955,0.0004686933102118207,0.9697965618580955
1716.0,0.02,3.6222109987571685,0.0,0.125,0.6188914337315146,0.0002912000038008955,3.6222109987571685,0.002656112582087644,3.6222109987571685,0.9699937369678509,0.0,0.125,0.09299102879807969,0.00046832555030262846,0.9699937369678509,0.00046832555030262846,0.9699937369678509
1717.0,0.02,3.6232788044588915,0.0,0.125,0.6190820602009536,0.0002909574015461658,3.6232788044588915,0.0026645621497891625,3.6232788044588915,0.9701908174376701,0.0,0.125,0.09301904339183555,0.0004679583599820347,0.9701908174376701,0.00046795835998225677,0.9701908174376701
1718.0,0.02,3.624352607359981,0.0,0.125,0.6192734268606918,0.0002907149670363651,3.624352607359981,0.0026730246872261887,3.624352607359981,0.9703878033577733,0.0,0.125,0.09304704545034727,0.00046759173777433105,0.9703878033577733,0.00046759173777433105,0.9703878033577733
1719.0,0.02,3.625432307070696,0.0,0.125,0.6194655273108147,0.000290472699930433,3.625432307070696,0.0026815001924660464,3.625432307070696,0.9705846948182251,0.0,0.125,0.09307503498276384,0.00046722568220802785,0.9705846948182251,0.00046722568220802785,0.9705846948182251
1720.0,0.02,3.6265178069489252,0.0,0.125,0.619658355255436,0.00029023060062627337,3.6265178069489252,0.0026899886635760595,3.6265178069489252,0.9707814919089301,0.0,0.125,0.09310301199822249,0.00046686019181874094,0.9707814919089301,0.000466860191818963,0.9707814919089301
1721.0,0.02,3.6276090138725863,0.0,0.125,0.6198519044990382,0.00028998866923757305,3.6276090138725863,0.0026984900984530213,3.6276090138725863,0.9709781947196345,0.0,0.125,0.09313097650584864,0.00046649526514652706,0.9709781947196345,0.0004664952651467491,0.9709781947196345
1722.0,0.02,3.6287058380307826,0.0,0.125,0.6200461689430654,0.00028974690582117546,3.6287058380307826,0.0027070044951074124,3.6287058380307826,0.9711748033399292,0.0,0.125,0.09315892851475618,0.00046613090073854835,0.9711748033399292,0.00046613090073854835,0.9711748033399292
1723.0,0.02,3.629808192731332,0.0,0.125,0.620241142582674,0.00028950531049076744,3.629808192731332,0.0027155318516065563,3.629808192731332,0.9713713178592487,0.0,0.125,0.09318686803404723,0.00046576709714596376,0.9713713178592487,0.0004657670971461858,0.9713713178592487
1724.0,0.02,3.630915994223301,0.0,0.125,0.6204368195037048,0.000289263883246349,3.630915994223301,0.0027240721656767164,3.630915994223301,0.9715677383668742,0.0,0.125,0.09321479507281223,0.0004654038529270377,0.9715677383668742,0.0004654038529272597,0.9715677383668742
1725.0,0.02,3.632029161534547,0.0,0.125,0.6206331938797747,0.00028902262448582405,3.632029161534547,0.0027326254351578427,3.632029161534547,0.9717640649519284,0.0,0.125,0.09324270964013008,0.0004650411666451415,0.9717640649519284,0.00046504116664536355,0.9717640649519284
1726.0,0.02,3.633147616320855,0.0,0.125,0.6208302599695544,0.0002887815339249755,3.633147616320855,0.0027411916580604156,3.633147616320855,0.9719602977033843,0.0,0.125,0.09327061174506804,0.00046467903686875367,0.9719602977033843,0.00046467903686919776,0.9719602977033843
1727.0,0.02,3.6342712827248533,0.0,0.125,0.6210280121141706,0.0002885406119048639,3.6342712827248533,0.0027497708321106984,3.6342712827248533,0.9721564367100597,0.0,0.125,0.09329850139668178,0.00046431746217256986,0.9721564367100597,0.00046431746217301395,0.9721564367100597
1728.0,0.02,3.6354000872480583,0.0,0.125,0.6212264447347364,0.0002882998584254892,3.6354000872480583,0.0027583629552054845,3.6354000872480583,0.9723524820606173,0.0,0.125,0.09332637860401548,0.0004639564411363928,0.9723524820606173,0.00046395644113683687,0.9723524820606173
1729.0,0.02,3.6365339586288883,0.0,0.125,0.6214255523300324,0.0002880592736573817,3.6365339586288883,0.002766968024673133,3.6365339586288883,0.9725484338435721,0.0,0.125,0.09335424337610174,0.0004635959723457983,0.9725484338435721,0.00046359597234602035,0.9725484338435721
1730.0,0.02,3.6376728277314214,0.0,0.125,0.6216253294742539,0.00028781885754369796,3.6376728277314214,0.0027755860386378117,3.6376728277314214,0.9727442921472855,0.0,0.125,0.09338209572196166,0.00046323605439169135,0.9727442921472855,0.00046323605439213544,0.9727442921472855
1731.0,0.02,3.63881662743961,0.0,0.125,0.6218257708148989,0.00028757861031181164,3.63881662743961,0.002784216994484723,3.63881662743961,0.9729400570599662,0.0,0.125,0.09340993565060488,0.0004628766858709721,0.9729400570599662,0.0004628766858711941,0.9729400570599662
1732.0,0.02,3.6399652925608166,0.0,0.125,0.622026871070749,0.0002873385320754096,3.6399652925608166,0.002792860889826443,3.6399652925608166,0.9731357286696753,0.0,0.125,0.09343776317102963,0.0004625178653849815,0.9731357286696753,0.0004625178653849815,0.9731357286696753
1733.0,0.02,3.6411187597334447,0.0,0.125,0.6222286250299309,0.00028709862283449183,3.6411187597334447,0.002801517722389235,3.6411187597334447,0.9733313070643226,0.0,0.125,0.09346557829222261,0.0004621595915406118,0.9733313070643226,0.00046215959154083386,0.9733313070643226
1734.0,0.02,3.6422769673418998,0.0,0.125,0.6224310275480753,0.0002868588825322149,3.6422769673418998,0.002810187489785676,3.6422769673418998,0.9735267923316702,0.0,0.125,0.09349338102315922,0.00046180186295030623,0.9735267923316702,0.0004618018629505283,0.9735267923316702
1735.0,0.02,3.643439855435588,0.0,0.125,0.622634073546541,0.00028661931145279596,3.643439855435588,0.002818870189344125,3.643439855435588,0.9737221845593294,0.0,0.125,0.09352117137280339,0.0004614446782322812,0.9737221845593294,0.00046144467823250324,0.9737221845593294
1736.0,0.02,3.644607365654281,0.0,0.125,0.622837758010741,0.00028637990965307836,3.644607365654281,0.002827565818563471,3.644607365654281,0.9739174838347642,0.0,0.125,0.09354894935010773,0.0004610880360096381,0.9739174838347642,0.00046108803600986015,0.9739174838347642
1737.0,0.02,3.6457794411570035,0.0,0.125,0.623042075988515,0.0002861406771330621,3.6457794411570035,0.002836274374999448,3.6457794411570035,0.9741126902452932,0.0,0.125,0.0935767149640135,0.0004607319349110295,0.9741126902452932,0.00046073193491125153,0.9741126902452932
1738.0,0.02,3.6469560265552445,0.0,0.125,0.6232470225885814,0.0002859016139495907,3.6469560265552445,0.002844995856037258,3.6469560265552445,0.9743078038780868,0.0,0.125,0.09360446822345063,0.00046037637356999284,0.9743078038780868,0.00046037637356999284,0.9743078038780868
1739.0,0.02,3.6481370678497456,0.0,0.125,0.6234525929790513,0.00028566272015950744,3.6481370678497456,0.002853730258948417,3.6481370678497456,0.974502824820167,0.0,0.125,0.0936322091373378,0.00046002135062495064,0.974502824820167,0.00046002135062495064,0.974502824820167
1740.0,0.02,3.6493225123716115,0.0,0.125,0.623658782385995,0.0002854239960470295,3.6493225123716115,0.002862477581118128,3.6493225123716115,0.9746977531584105,0.0,0.125,0.0936599377145824,0.0004596668647203206,0.9746977531584105,0.0004596668647203206,0.9746977531584105
1741.0,0.02,3.650405380119423,0.0,0.125,0.6238649225787176,0.0002851854413847832,3.650405380119423,0.0028712378199315935,3.650405380119423,0.9748925659552827,0.0,0.125,0.09368765395583697,0.00045931291450540535,0.9748925659552827,0.0004593129145056274,0.9748925659552827
1742.0,0.02,3.6514552636930375,0.0,0.125,0.6240703709059866,0.000284947056513829,3.6514552636930375,0.002880010972603486,3.6514552636930375,0.9750872860066924,0.0,0.125,0.09371535786177611,0.0004589594986370571,0.9750872860066924,0.00045895949863727914,0.9750872860066924
1743.0,0.02,3.6524791383947104,0.0,0.125,0.6242751552794062,0.0002847088412636367,3.6524791383947104,0.002888797036291635,3.6524791383947104,0.9752819134015838,0.0,0.125,0.09374304944132313,0.0004586066157761248,0.9752819134015838,0.00045860661577634687,0.9752819134015838
1744.0,0.02,3.653481513335919,0.0,0.125,0.6244792982668462,0.0002844707956910497,3.653481513335919,0.0028975960083812424,3.653481513335919,0.9754764482287208,0.0,0.125,0.09377072870338987,0.00045825426458945273,0.9754764482287208,0.0004582542645896748,0.9754764482287208
1745.0,0.02,3.6544655076339723,0.0,0.125,0.6246828188656701,0.0002842329203076588,3.6544655076339723,0.002906407885745921,3.6544655076339723,0.9756708905766884,0.0,0.125,0.0937983956568765,0.00045790244374765976,0.9756708905766884,0.0004579024437478818,0.9756708905766884
1746.0,0.02,3.655433402592678,0.0,0.125,0.6248857335338855,0.00028399521454502974,3.655433402592678,0.0029152326658845595,3.655433402592678,0.9758652405338926,0.0,0.125,0.09382605031067177,0.00045755115192736007,0.9758652405338926,0.00045755115192736007,0.9758652405338926
1747.0,0.02,3.656386942635777,0.0,0.125,0.6250880568298252,0.0002837576788579099,3.656386942635777,0.002924070345613927,3.656386942635777,0.9760594981885649,0.0,0.125,0.09385369267365282,0.00045720038780827643,0.9760594981885649,0.0004572003878084985,0.9760594981885649
1748.0,0.02,3.6573275092479207,0.0,0.125,0.6252898018326438,0.00028352031301892566,3.6573275092479207,0.002932920922091853,3.6573275092479207,0.9762536636287582,0.0,0.125,0.09388132275468535,0.00045685015007612684,0.9762536636287582,0.0004568501500763489,0.9762536636287582
1749.0,0.02,3.6582562271763663,0.0,0.125,0.6254909804328406,0.0002832831171417638,3.6582562271763663,0.0029417843923624787,3.6582562271763663,0.9764477369423514,0.0,0.125,0.09390894056262358,0.0004565004374217363,0.9764477369423514,0.0004565004374217363,0.9764477369423514
1750.0,0.02,3.659174032556791,0.0,0.125,0.6256916035416098,0.00028304609156748484,3.659174032556791,0.00295066075335626,3.659174032556791,0.9766417182170506,0.0,0.125,0.09393654610631032,0.0004561512485399266,0.9766417182170506,0.0004561512485399266,0.9766417182170506
1751.0,0.02,3.6600817185435517,0.0,0.125,0.6258916812470063,0.00028280923623924537,3.6600817185435517,0.002959550002060496,3.6600817185435517,0.9768356075403879,0.0,0.125,0.09396413939457697,0.00045580258213018254,0.9768356075403879,0.0004558025821304046,0.9768356075403879
1752.0,0.02,3.6609799670363827,0.0,0.125,0.6260912229338589,0.00028257255081598487,3.6609799670363827,0.0029684521355193283,3.6609799670363827,0.9770294049997275,0.0,0.125,0.0939917204362436,0.00045545443689709586,0.9770294049997275,0.00045545443689709586,0.9770294049997275
1753.0,0.02,3.661869371456362,0.0,0.125,0.6262902373781254,0.00028233603592298095,3.661869371456362,0.002977367150435839,3.661869371456362,0.977223110682258,0.0,0.125,0.09401928924011886,0.0004551068115494772,0.977223110682258,0.00045510681154969923,0.977223110682258
1754.0,0.02,3.6627504535515527,0.0,0.125,0.6264887328225759,0.00028209969099179943,3.6627504535515527,0.002986295043797327,3.6627504535515527,0.9774167246750027,0.0,0.125,0.0940468458150001,0.0004547597048023544,0.9774167246750027,0.0004547597048023544,0.9774167246750027
1755.0,0.02,3.6636236760875818,0.0,0.125,0.6266867170386318,0.0002818635165908745,3.6636236760875818,0.00299523581225003,3.6636236760875818,0.9776102470648134,0.0,0.125,0.09407439016967341,0.00045441311537364193,0.9776102470648134,0.00045441311537364193,0.9776102470648134
1756.0,0.02,3.6644894526326084,0.0,0.125,0.6268841973775632,0.0002816275125496759,3.6644894526326084,0.003004189452838091,3.6644894526326084,0.977803677938377,0.0,0.125,0.09410192231291357,0.00045406704198680536,0.977803677938377,0.0004540670419870274,0.977803677938377
1757.0,0.02,3.665348155231243,0.0,0.125,0.6270811808134804,0.00028139167898189044,3.665348155231243,0.0030131559620940607,3.665348155231243,0.9779970173822128,0.0,0.125,0.09412944225348409,0.00045372148337063933,0.9779970173822128,0.00045372148337063933,0.9779970173822128
1758.0,0.02,3.6662001205199886,0.0,0.125,0.6272776739797813,0.00028115601583067473,3.6662001205199886,0.0030221353367778647,3.6662001205199886,0.9781902654826762,0.0,0.125,0.09415695000013738,0.0004533764382570471,0.9781902654826762,0.0004533764382570471,0.9781902654826762
1759.0,0.02,3.667045654664605,0.0,0.125,0.6274736832003968,0.00028092052303918535,3.667045654664605,0.0030311275737062715,3.667045654664605,0.9783834223259529,0.0,0.125,0.09418444556161452,0.0004530319053837051,0.9783834223259529,0.0004530319053839271,0.9783834223259529
1760.0,0.02,3.6678850373956493,0.0,0.125,0.6276692145167762,0.0002806852008916394,3.6678850373956493,0.0030401326692981456,3.6678850373956493,0.9785764879980725,0.0,0.125,0.09421192894664551,0.0004526878834931747,0.9785764879980725,0.0004526878834931747,0.9785764879980725
1761.0,0.02,3.668718525343877,0.0,0.125,0.6278642737114078,0.0002804500491606632,3.668718525343877,0.0030491506203702556,3.668718525343877,0.9787694625848953,0.0,0.125,0.09423940016394915,0.00045234437133112593,0.9787694625848953,0.00045234437133134797,0.9787694625848953
1762.0,0.02,3.66954635482125,0.0,0.125,0.6280588663284133,0.00028021506795994355,3.66954635482125,0.003058181423341466,3.66954635482125,0.9789623461721222,0.0,0.125,0.09426685922223316,0.0004520013676498902,0.9789623461721222,0.0004520013676498902,0.9789623461721222
1763.0,0.02,3.6703687441626016,0.0,0.125,0.6282529976917332,0.0002799802575736976,3.6703687441626016,0.003067225074914859,3.6703687441626016,0.979155138845295,0.0,0.125,0.09429430613019416,0.00045165887120446335,0.979155138845295,0.00045165887120446335,0.979155138845295
1764.0,0.02,3.6711858957102663,0.0,0.125,0.6284466729212598,0.00027974561771770823,3.6711858957102663,0.003076281571452455,3.6711858957102663,0.9793478406897944,0.0,0.125,0.09432174089651771,0.00045131688075539245,0.9793478406897944,0.0004513168807556145,0.9793478406897944
1765.0,0.02,3.6719979975111414,0.0,0.125,0.6286398969472168,0.0002795111485625057,3.6719979975111414,0.0030853509095436493,3.6719979975111414,0.979540451790839,0.0,0.125,0.09434916352987828,0.0004509753950683315,0.979540451790839,0.00045097539506855355,0.979540451790839
1766.0,0.02,3.672805224775118,0.0,0.125,0.6288326745230643,0.0002792768500512466,3.672805224775118,0.003094433085550463,3.672805224775118,0.9797329722334929,0.0,0.125,0.09437657403893943,0.00045063441291226525,0.9797329722334929,0.0004506344129124873,0.9797329722334929
1767.0,0.02,3.6736077411374595,0.0,0.125,0.629025010237083,0.00027904272212708747,3.6736077411374595,0.003103528096005448,3.6736077411374595,0.9799254021026582,0.0,0.125,0.09440397243235361,0.0004502939330612854,0.9799254021026582,0.00045029393306150745,0.9799254021026582
1768.0,0.02,3.6744056997559937,0.0,0.125,0.6292169085228504,0.00027880876507424546,3.6744056997559937,0.0031126359371000945,3.6744056997559937,0.980117741483086,0.0,0.125,0.09443135871876238,0.00044995395429325846,0.980117741483086,0.0004499539542934805,0.980117741483086
1769.0,0.02,3.6751992442732444,0.0,0.125,0.6294083736687556,0.00027857497866534686,3.6751992442732444,0.0031217566054237977,3.6751992442732444,0.9803099904593664,0.0,0.125,0.09445873290679628,0.00044961447539160204,0.9803099904593664,0.00044961447539160204,0.9803099904593664
1770.0,0.02,3.675988509657941,0.0,0.125,0.6295994098266228,0.0002783413630140785,3.675988509657941,0.0031308900969975184,3.675988509657941,0.9805021491159378,0.0,0.125,0.09448609500507503,0.0004492754951435085,0.9805021491159378,0.00044927549514373055,0.9805021491159378
1771.0,0.02,3.6767736229512593,0.0,0.125,0.6297900210196206,0.00027810791812044044,3.6767736229512593,0.003140036408240121,3.6767736229512593,0.9806942175370823,0.0,0.125,0.09451344502220739,0.0004489370123410552,0.9806942175370823,0.00044893701234127725,0.9806942175370823
1772.0,0.02,3.6775547039267167,0.0,0.125,0.6299802111494632,0.0002778746442118063,3.6775547039267167,0.0031491955354567835,3.6775547039267167,0.9808861958069299,0.0,0.125,0.09454078296679123,0.0004485990257807604,0.9808861958069299,0.0004485990257807604,0.9808861958069299
1773.0,0.02,3.678331865676512,0.0,0.125,0.63016998400305,0.00027764154094711557,3.678331865676512,0.00315836747472531,3.678331865676512,0.9810780840094562,0.0,0.125,0.09456810884741365,0.00044826153426202886,0.9810780840094562,0.00044826153426202886,0.9810780840094562
1774.0,0.02,3.6791052151370423,0.0,0.125,0.6303593432585715,0.0002774086084968985,3.6791052151370423,0.003167552222237191,3.6791052151370423,0.9812698822284847,0.0,0.125,0.09459542267265085,0.0004479245365904827,0.9812698822284847,0.00044792453659070475,0.9812698822284847
1775.0,0.02,3.679874853557351,0.0,0.125,0.6305482924911047,0.000277175846974842,3.679874853557351,0.003176749774070231,3.679874853557351,0.9814615905476891,0.0,0.125,0.09462272445106826,0.0004475880315752967,0.9814615905476891,0.00044758803157551874,0.9814615905476891
1776.0,0.02,3.68064087692278,0.0,0.125,0.6307368351778524,0.00027694325626725913,3.68064087692278,0.003185960126529608,3.68064087692278,0.9816532090505914,0.0,0.125,0.09465001419122056,0.0004472520180298645,0.9816532090505914,0.0004472520180300865,0.9816532090505914
1777.0,0.02,3.68140337633497,0.0,0.125,0.6309249747029241,0.0002767108361467763,3.68140337633497,0.003195183275636282,3.68140337633497,0.9818447378205639,0.0,0.125,0.0946772919016516,0.00044691649477246465,0.9818447378205639,0.00044691649477246465,0.9818447378205639
1778.0,0.02,3.682162438355249,0.0,0.125,0.6311127143618539,0.0002764785871818276,3.682162438355249,0.0032044192173543706,3.682162438355249,0.9820361769408301,0.0,0.125,0.09470455759089459,0.00044658146062448445,0.9820361769408301,0.00044658146062448445,0.9820361769408301
1779.0,0.02,3.68291814531824,0.0,0.125,0.63130005736571,0.0002762465089176658,3.68291814531824,0.0032136679477048347,3.68291814531824,0.9822275264944649,0.0,0.125,0.09473181126747196,0.00044624691441286224,0.9822275264944649,0.00044624691441286224,0.9822275264944649
1780.0,0.02,3.683670575614883,0.0,0.125,0.6314870068450075,0.0002760146016385079,3.683670575614883,0.003222929462594948,3.683670575614883,0.9824187865643967,0.0,0.125,0.0947590529398955,0.0004459128549680891,0.9824187865643967,0.0004459128549680891,0.9824187865643967
1781.0,0.02,3.684419803950334,0.0,0.125,0.6316735658533149,0.00027578286517382367,3.684419803950334,0.0032322037579888274,3.684419803950334,0.9826099572334035,0.0,0.125,0.09478628261666631,0.0004455792811248749,0.9826099572334035,0.0004455792811250969,0.9826099572334035
1782.0,0.02,3.6851659015806604,0.0,0.125,0.6318597373706428,0.0002755512994667697,3.6851659015806604,0.0032414908297937473,3.6851659015806604,0.982801038584119,0.0,0.125,0.09481350030627489,0.00044524619172237045,0.982801038584119,0.0004452461917225925,0.982801038584119
1783.0,0.02,3.6859089365286195,0.0,0.125,0.6320455243066047,0.0002753199047447197,3.6859089365286195,0.0032507906738032943,3.6859089365286195,0.9829920306990321,0.0,0.125,0.09484070601720106,0.00044491358560350136,0.9829920306990321,0.0004449135856037234,0.9829920306990321
1784.0,0.02,3.6866489737817574,0.0,0.125,0.6322309295033884,0.0002750886807802999,3.6866489737817574,0.0032601032860952728,3.6866489737817574,0.9831829336604865,0.0,0.125,0.09486789975791411,0.00044458146161607814,0.9831829336604865,0.00044458146161607814,0.9831829336604865
1785.0,0.02,3.687386075474876,0.0,0.125,0.6324159557385384,0.00027485762768719724,3.687386075474876,0.003269428662406426,3.687386075474876,0.9833737475506779,0.0,0.125,0.09489508153687276,0.00044424981861079793,0.9833737475506779,0.00044424981861079793,0.9833737475506779
1786.0,0.02,3.688120301057211,0.0,0.125,0.632600605727615,0.0002746267455222551,3.688120301057211,0.0032787667983598112,3.688120301057211,0.9835644724516626,0.0,0.125,0.09492225136252512,0.00044391865544346487,0.9835644724516626,0.0004439186554436869,0.9835644724516626
1787.0,0.02,3.688851707448009,0.0,0.125,0.6327848821266029,0.0002743960341717866,3.688851707448009,0.003288117689749015,3.688851707448009,0.9837551084453526,0.0,0.125,0.0949494092433088,0.0004435879709747681,0.9837551084453526,0.0004435879709747681,0.9837551084453526
1788.0,0.02,3.6895803491787547,0.0,0.125,0.6329687875342882,0.0002741654936926352,3.6895803491787547,0.0032974813321402507,3.6895803491787547,0.9839456556135142,0.0,0.125,0.09497655518765091,0.00044325776406739514,0.9839456556135142,0.0004432577640676172,0.9839456556135142
1789.0,0.02,3.690306278526691,0.0,0.125,0.6331523244944294,0.00027393512385742724,3.690306278526691,0.003306857721668166,3.690306278526691,0.9841361140377773,0.0,0.125,0.09500368920396812,0.0004429280335893626,0.9841361140377773,0.00044292803358958466,0.9841361140377773
1790.0,0.02,3.691029545636411,0.0,0.125,0.6333354954978406,0.00027370492506406663,3.691029545636411,0.00331624685333054,3.691029545636411,0.9843264837996251,0.0,0.125,0.0950308113006666,0.0004425987784126839,0.9843264837996251,0.00044259877841290596,0.9843264837996251
1791.0,0.02,3.6917501986353045,0.0,0.125,0.633518302984353,0.000273474896857806,3.6917501986353045,0.0033256487231483334,3.6917501986353045,0.9845167649804045,0.0,0.125,0.09505792148614205,0.00044226999741292516,0.9845167649804045,0.00044226999741292516,0.9845167649804045
1792.0,0.02,3.6924682837386626,0.0,0.125,0.6337007493446692,0.00027324503969339275,3.6924682837386626,0.003335063326517229,3.6924682837386626,0.9847069576613188,0.0,0.125,0.09508501976877977,0.00044194168946987133,0.9847069576613188,0.00044194168946987133,0.9847069576613188
1793.0,0.02,3.6931838453499495,0.0,0.125,0.6338828369221354,0.0002730153531160795,3.6931838453499495,0.003344490659173971,3.6931838453499495,0.9848970619234327,0.0,0.125,0.09511210615695473,0.00044161385346708215,0.9848970619234327,0.0004416138534673042,0.9848970619234327
1794.0,0.02,3.693896926151922,0.0,0.125,0.6340645680143977,0.0002727858373532399,3.693896926151922,0.003353930716286868,3.693896926151922,0.9850870778476732,0.0,0.125,0.09513918065903142,0.00044128648829322437,0.9850870778476732,0.0004412864882934464,0.9850870778476732
1795.0,0.02,3.6946075671938843,0.0,0.125,0.6342459448749864,0.00027255649223434375,3.6946075671938843,0.0033633834937631946,3.6946075671938843,0.985277005514829,0.0,0.125,0.09516624328336408,0.0004409595928391852,0.985277005514829,0.0004409595928394072,0.985277005514829
1796.0,0.02,3.695315807971724,0.0,0.125,0.634426969714841,0.0002723273181004515,3.695315807971724,0.003372848986657573,3.695315807971724,0.9854668450055479,0.0,0.125,0.0951932940382966,0.0004406331660009588,0.9854668450055479,0.00044063316600118085,0.9854668450055479
1797.0,0.02,3.6960216865046505,0.0,0.125,0.6346076447037186,0.00027209831466734613,3.6960216865046505,0.0033823271903088425,3.6960216865046505,0.9856565964003441,0.0,0.125,0.09522033293216246,0.0004403072066776481,0.9856565964003441,0.00044030720667787016,0.9856565964003441
1798.0,0.02,3.696725239405623,0.0,0.125,0.6347879719715798,0.00027186948187818416,3.696725239405623,0.0033918181004537473,3.696725239405623,0.9858462597795918,0.0,0.125,0.09524735997328497,0.0004399817137732409,0.9858462597795918,0.0004399817137732409,0.9858462597795918
1799.0,0.02,3.6974265019482004,0.0,0.125,0.6349679536098808,0.00027164081950559194,3.6974265019482004,0.003401321712431127,3.6974265019482004,0.9860358352235328,0.0,0.125,0.0952743751699771,0.00043965668619416753,0.9860358352235328,0.0004396566861943896,0.9860358352235328
1800.0,0.02,3.6981255081287827,0.0,0.125,0.6351475916727983,0.0002714123280611602,3.6981255081287827,0.0034108380211250733,3.6981255081287827,0.9862253228122699,0.0,0.125,0.09530137853054163,0.00043933212285218737,0.9862253228122699,0.00043933212285218737,0.9862253228122699
