time_s,z_m,max_abs_delta_T_K,max_abs_delta_C_kg_kg,radial_weighted_mean_delta_T_K,radial_weighted_mean_delta_C_kg_kg
0.0,0.0,0.0,0.0,0.0,0.0
0.0,0.0005231494912409765,0.0,0.0,0.0,0.0
0.0,0.0015694484714494639,0.0,0.0,0.0,0.0
0.0,0.0026157474465723883,0.0,0.0,0.0,0.0
0.0,0.0036620464155861904,0.0,0.0,0.0,0.0
0.0,0.004708345377475357,0.0,0.0,0.0,0.0
0.0,0.005754644331009957,0.0,0.0,0.0,0.0
0.0,0.00680094327457751,0.0,0.0,0.0,0.0
0.0,0.007847242206097388,0.0,0.0,0.0,0.0
0.0,0.008893541122936801,0.0,0.0,0.0,0.0
0.0,0.009939840021803058,0.0,0.0,0.0,0.0
0.0,0.010986138898604688,0.0,0.0,0.0,0.0
0.0,0.012032437748284802,0.0,0.0,0.0,0.0
0.0,0.013078736564625394,0.0,0.0,0.0,0.0
0.0,0.014125035340008817,0.0,0.0,0.0,0.0
0.0,0.015171334065114943,0.0,0.0,0.0,0.0
0.0,0.01621763272858375,0.0,0.0,0.0,0.0
0.0,0.017263931316600097,0.0,0.0,0.0,0.0
0.0,0.018310229812372354,0.0,0.0,0.0,0.0
0.0,0.019356528195540252,0.0,0.0,0.0,0.0
0.0,0.020402826441478825,0.0,0.0,0.0,0.0
0.0,0.021449124520446446,0.0,0.0,0.0,0.0
0.0,0.02249542239654262,0.0,0.0,0.0,0.0
0.0,0.023541720026574783,0.0,0.0,0.0,0.0
0.0,0.024588017358664248,0.0,0.0,0.0,0.0
0.0,0.025634314330521622,0.0,0.0,0.0,0.0
0.0,0.026680610867531526,0.0,0.0,0.0,0.0
0.0,0.027726906880536258,0.0,0.0,0.0,0.0
0.0,0.028773202263123444,0.0,0.0,0.0,0.0
0.0,0.029819496888343826,0.0,0.0,0.0,0.0
0.0,0.030865790605256217,0.0,0.0,0.0,0.0
0.0,0.03191208323471192,0.0,0.0,0.0,0.0
0.0,0.03295837456413289,0.0,0.0,0.0,0.0
0.0,0.03400466434171516,0.0,0.0,0.0,0.0
0.0,0.03505095226985211,0.0,0.0,0.0,0.0
0.0,0.03609723799744126,0.0,0.0,0.0,0.0
0.0,0.03714352111050014,0.0,0.0,0.0,0.0
0.0,0.03818980112251305,0.0,0.0,0.0,0.0
0.0,0.03923607746275605,0.0,0.0,0.0,0.0
0.0,0.04028234946173375,0.0,0.0,0.0,0.0
0.0,0.04132861633570477,0.0,0.0,0.0,0.0
0.0,0.04237487716971418,0.0,0.0,0.0,0.0
0.0,0.04342113089694337,0.0,0.0,0.0,0.0
0.0,0.0444673762737487,0.0,0.0,0.0,0.0
0.0,0.045513611855182684,0.0,0.0,0.0,0.0
0.0,0.046559835965433324,0.0,0.0,0.0,0.0
0.0,0.04760604666142646,0.0,0.0,0.0,0.0
0.0,0.048652241694590856,0.0,0.0,0.0,0.0
0.0,0.049698418470146756,0.0,0.0,0.0,0.0
0.0,0.050744573997060706,0.0,0.0,0.0,0.0
0.0,0.051790704828407724,0.0,0.0,0.0,0.0
0.0,0.052836807004765764,0.0,0.0,0.0,0.0
0.0,0.05388287598694727,0.0,0.0,0.0,0.0
0.0,0.05492890657290356,0.0,0.0,0.0,0.0
0.0,0.055974892808294846,0.0,0.0,0.0,0.0
0.0,0.05702082789713402,0.0,0.0,0.0,0.0
0.0,0.0580667040925781,0.0,0.0,0.0,0.0
0.0,0.05911251256974148,0.0,0.0,0.0,0.0
0.0,0.06015824330378468,0.0,0.0,0.0,0.0
0.0,0.06120388493425225,0.0,0.0,0.0,0.0
0.0,0.062249424597174495,0.0,0.0,0.0,0.0
0.0,0.06329484773129956,0.0,0.0,0.0,0.0
0.0,0.06434013790451507,0.0,0.0,0.0,0.0
0.0,0.06538527661709606,0.0,0.0,0.0,0.0
0.0,0.06643024305309167,0.0,0.0,0.0,0.0
0.0,0.06747501381324514,0.0,0.0,0.0,0.0
0.0,0.06851956266272122,0.0,0.0,0.0,0.0
0.0,0.06956386026088461,0.0,0.0,0.0,0.0
0.0,0.07060787382080315,0.0,0.0,0.0,0.0
0.0,0.0716515667581494,0.0,0.0,0.0,0.0
0.0,0.07269489830361563,0.0,0.0,0.0,0.0
0.0,0.07373782316290495,0.0,0.0,0.0,0.0
0.0,0.07478029111431495,0.0,0.0,0.0,0.0
0.0,0.07582224651288785,0.0,0.0,0.0,0.0
0.0,0.07686362783398165,0.0,0.0,0.0,0.0
0.0,0.07790436719314517,0.0,0.0,0.0,0.0
0.0,0.07894438984094701,0.0,0.0,0.0,0.0
0.0,0.07998361362457158,0.0,0.0,0.0,0.0
0.0,0.08102194840032294,0.0,0.0,0.0,0.0
0.0,0.08205929548549097,0.0,0.0,0.0,0.0
0.0,0.08309554716203224,0.0,0.0,0.0,0.0
0.0,0.08413058610602109,0.0,0.0,0.0,0.0
0.0,0.08516428481011179,0.0,0.0,0.0,0.0
0.0,0.08619650506439627,0.0,0.0,0.0,0.0
0.0,0.08722709745954318,0.0,0.0,0.0,0.0
0.0,0.08825590074562395,0.0,0.0,0.0,0.0
0.0,0.08928274153945595,0.0,0.0,0.0,0.0
0.0,0.09030743429035756,0.0,0.0,0.0,0.0
0.0,0.09132978029650739,0.0,0.0,0.0,0.0
0.0,0.0923495681702389,0.0,0.0,0.0,0.0
0.0,0.09336657378513252,0.0,0.0,0.0,0.0
0.0,0.0943805595662751,0.0,0.0,0.0,0.0
0.0,0.0953912756933589,0.0,0.0,0.0,0.0
0.0,0.09639846026831739,0.0,0.0,0.0,0.0
0.0,0.09740183955800345,0.0,0.0,0.0,0.0
0.0,0.09840112856690197,0.0,0.0,0.0,0.0
0.0,0.09939603264570279,0.0,0.0,0.0,0.0
0.0,0.10038624851439969,0.0,0.0,0.0,0.0
0.0,0.10137146514031278,0.0,0.0,0.0,0.0
0.0,0.10235136516852997,0.0,0.0,0.0,0.0
0.0,0.10332562634832987,0.0,0.0,0.0,0.0
0.0,0.10429392395625564,0.0,0.0,0.0,0.0
0.0,0.10525593175448669,0.0,0.0,0.0,0.0
0.0,0.10621132333208266,0.0,0.0,0.0,0.0
0.0,0.1071597731638037,0.0,0.0,0.0,0.0
0.0,0.10810095779176977,0.0,0.0,0.0,0.0
0.0,0.10903455688746658,0.0,0.0,0.0,0.0
0.0,0.1099602474607406,0.0,0.0,0.0,0.0
0.0,0.11087769214552082,0.0,0.0,0.0,0.0
0.0,0.11178649938229036,0.0,0.0,0.0,0.0
0.0,0.11268612433286049,0.0,0.0,0.0,0.0
0.0,0.11357566155031681,0.0,0.0,0.0,0.0
0.0,0.11445345181243931,0.0,0.0,0.0,0.0
0.0,0.11531648055089319,0.0,0.0,0.0,0.0
0.0,0.11615971333464245,0.0,0.0,0.0,0.0
0.0,0.11697592061638235,0.0,0.0,0.0,0.0
0.0,0.11776318273753608,0.0,0.0,0.0,0.0
0.0,0.1185312860297518,0.0,0.0,0.0,0.0
0.0,0.11929291462851194,0.0,0.0,0.0,0.0
0.0,0.12005385934471033,0.0,0.0,0.0,0.0
0.0,0.12081480406090875,0.0,0.0,0.0,0.0
0.0,0.12157574877710715,0.0,0.0,0.0,0.0
0.0,0.12233669349330556,0.0,0.0,0.0,0.0
0.0,0.12309763820950397,0.0,0.0,0.0,0.0
0.0,0.12385858292570237,0.0,0.0,0.0,0.0
0.0,0.12461952764190079,0.0,0.0,0.0,0.0
0.0,0.125,0.0,0.0,0.0,0.0
60.0,0.0,0.0003545610961168677,0.00812898806139728,9.76689420209856e-06,-0.00011912586304479746
60.0,0.0005231494912409765,0.0003545610961168677,0.00812898806139728,9.766894230646436e-06,-0.00011912586304468987
60.0,0.0015694484714494639,0.0003545610961168677,0.00812898806139728,9.766894230646436e-06,-0.00011912586304468987
60.0,0.0026157474465723883,0.0003545610961168677,0.00812898806139728,9.766894230646436e-06,-0.00011912586304468987
60.0,0.0036620464155861904,0.0003545610961168677,0.00812898806139728,9.766894230646436e-06,-0.00011912586304468987
60.0,0.004708345377475357,0.0003545610961168677,0.00812898806139728,9.766894230646436e-06,-0.00011912586304468987
60.0,0.005754644331009957,0.0003545610961168677,0.00812898806139728,9.766894230646436e-06,-0.00011912586304468987
60.0,0.00680094327457751,0.0003545610961168677,0.00812898806139728,9.766894230646436e-06,-0.00011912586304468987
60.0,0.007847242206097388,0.0003545610961168677,0.00812898806139728,9.766894230646436e-06,-0.00011912586304468987
60.0,0.008893541122936801,0.0003545610961168677,0.00812898806139728,9.766894230646436e-06,-0.00011912586304468987
60.0,0.009939840021803058,0.0003545610961168677,0.00812898806139728,9.766894230646436e-06,-0.00011912586304468987
60.0,0.010986138898604688,0.0003545610961168677,0.00812898806139728,9.766894230646436e-06,-0.00011912586304468987
60.0,0.012032437748284802,0.0003545610961168677,0.00812898806139728,9.766894230646436e-06,-0.00011912586304468987
60.0,0.013078736564625394,0.0003545610961168677,0.00812898806139728,9.766894230646436e-06,-0.00011912586304468987
60.0,0.014125035340008817,0.0003545610961168677,0.00812898806139728,9.766894230646436e-06,-0.00011912586304468987
60.0,0.015171334065114943,0.0003545610961168677,0.00812898806139728,9.766894230646436e-06,-0.00011912586304468987
60.0,0.01621763272858375,0.0003545610961168677,0.00812898806139728,9.766894230646436e-06,-0.00011912586304468987
60.0,0.017263931316600097,0.0003545610961168677,0.00812898806139728,9.766894230646436e-06,-0.00011912586304468987
60.0,0.018310229812372354,0.0003545610961168677,0.00812898806139728,9.766894230646436e-06,-0.00011912586304468987
60.0,0.019356528195540252,0.0003545610961168677,0.00812898806139728,9.766894230646436e-06,-0.00011912586304468987
60.0,0.020402826441478825,0.0003545610961168677,0.00812898806139728,9.766894230646436e-06,-0.00011912586304468987
60.0,0.021449124520446446,0.0003545610961168677,0.00812898806139728,9.766894230646436e-06,-0.00011912586304468987
60.0,0.02249542239654262,0.0003545610961168677,0.00812898806139728,9.766894230646436e-06,-0.00011912586304468987
60.0,0.023541720026574783,0.0003545610961168677,0.00812898806139728,9.766894230646436e-06,-0.00011912586304468987
60.0,0.024588017358664248,0.0003545610961168677,0.00812898806139728,9.766894230646436e-06,-0.00011912586304468987
60.0,0.025634314330521622,0.0003545610961168677,0.00812898806139728,9.766894230646436e-06,-0.00011912586304468987
60.0,0.026680610867531526,0.0003545610961168677,0.00812898806139728,9.766894230646436e-06,-0.00011912586304468987
60.0,0.027726906880536258,0.0003545610961168677,0.00812898806139728,9.766894230646436e-06,-0.00011912586304468987
60.0,0.028773202263123444,0.0003545610961168677,0.00812898806139728,9.766894230646436e-06,-0.00011912586304468987
60.0,0.029819496888343826,0.0003545610961168677,0.00812898806139728,9.766894230646436e-06,-0.00011912586304468987
60.0,0.030865790605256217,0.0003545610961168677,0.00812898806139728,9.766894230646436e-06,-0.00011912586304468987
60.0,0.03191208323471192,0.0003545610961168677,0.00812898806139728,9.766894230646436e-06,-0.00011912586304468987
60.0,0.03295837456413289,0.0003545610961168677,0.00812898806139728,9.766894230646436e-06,-0.00011912586304468987
60.0,0.03400466434171516,0.0003545610961168677,0.00812898806139728,9.766894230646436e-06,-0.00011912586304468987
60.0,0.03505095226985211,0.0003545610961168677,0.00812898806139728,9.766894230646436e-06,-0.00011912586304468987
60.0,0.03609723799744126,0.0003545610961168677,0.00812898806139728,9.766894230646436e-06,-0.00011912586304468987
60.0,0.03714352111050014,0.0003545610961168677,0.00812898806139728,9.766894230646436e-06,-0.00011912586304468987
60.0,0.03818980112251305,0.0003545610961168677,0.00812898806139728,9.766894230646436e-06,-0.00011912586304468987
60.0,0.03923607746275605,0.0003545610961168677,0.00812898806139728,9.766894230646436e-06,-0.00011912586304468987
60.0,0.04028234946173375,0.0003545610961168677,0.00812898806139728,9.766894230646436e-06,-0.00011912586304468987
60.0,0.04132861633570477,0.0003545610961168677,0.00812898806139728,9.766894230646436e-06,-0.00011912586304468987
60.0,0.04237487716971418,0.0003545610961168677,0.00812898806139728,9.766894230646436e-06,-0.00011912586304468987
60.0,0.04342113089694337,0.0003545610961168677,0.00812898806139728,9.766894230646436e-06,-0.00011912586304468987
60.0,0.0444673762737487,0.0003545610961168677,0.00812898806139728,9.766894230646436e-06,-0.00011912586304468987
60.0,0.045513611855182684,0.0003545610961168677,0.00812898806139728,9.766894230646436e-06,-0.00011912586304468987
60.0,0.046559835965433324,0.0003545610961168677,0.00812898806139728,9.766894230646436e-06,-0.00011912586304468987
60.0,0.04760604666142646,0.0003545610961168677,0.00812898806139728,9.766894230646436e-06,-0.00011912586304468987
60.0,0.048652241694590856,0.0003545610961168677,0.00812898806139728,9.766894230646436e-06,-0.00011912586304468987
60.0,0.049698418470146756,0.0003545610961168677,0.00812898806139728,9.766894230646436e-06,-0.00011912586304468987
60.0,0.050744573997060706,0.0003545610961168677,0.00812898806139728,9.766894230646436e-06,-0.00011912586304468987
60.0,0.051790704828407724,0.0003545610961168677,0.00812898806139728,9.766894230646436e-06,-0.00011912586304468987
60.0,0.052836807004765764,0.0003545610961168677,0.00812898806139728,9.766894230646436e-06,-0.00011912586304468987
60.0,0.05388287598694727,0.0003545610961168677,0.00812898806139728,9.766894230646436e-06,-0.00011912586304468987
60.0,0.05492890657290356,0.0003545610961168677,0.00812898806139728,9.766894230646436e-06,-0.00011912586304468987
60.0,0.055974892808294846,0.0003545610961168677,0.00812898806139728,9.766894230646436e-06,-0.00011912586304468987
60.0,0.05702082789713402,0.0003545610961168677,0.00812898806139728,9.766894230646436e-06,-0.00011912586304468987
60.0,0.0580667040925781,0.0003545610961168677,0.00812898806139728,9.766894230646436e-06,-0.00011912586304468987
60.0,0.05911251256974148,0.0003545610961168677,0.00812898806139728,9.766894230646436e-06,-0.00011912586304468987
60.0,0.06015824330378468,0.0003545610961168677,0.00812898806139728,9.766894230646436e-06,-0.00011912586304468987
60.0,0.06120388493425225,0.0003545610961168677,0.00812898806139728,9.766894230646436e-06,-0.00011912586304468987
60.0,0.062249424597174495,0.0003545610961168677,0.00812898806139728,9.766894230646436e-06,-0.00011912586304468987
60.0,0.06329484773129956,0.0003545610961168677,0.00812898806139728,9.766894230646436e-06,-0.00011912586304468987
60.0,0.06434013790451507,0.0003545610961168677,0.00812898806139728,9.766894230646436e-06,-0.00011912586304468987
60.0,0.06538527661709606,0.0003545610961168677,0.00812898806139728,9.766894230646436e-06,-0.00011912586304468987
60.0,0.06643024305309167,0.0003545610961168677,0.00812898806139728,9.766894230646436e-06,-0.00011912586304468987
60.0,0.06747501381324514,0.0003545610961168677,0.00812898806139728,9.766894230646436e-06,-0.00011912586304468987
60.0,0.06851956266272122,0.0003545610961168677,0.00812898806139728,9.766894230646436e-06,-0.00011912586304468987
60.0,0.06956386026088461,0.0003545610961168677,0.00812898806139728,9.766894230646436e-06,-0.00011912586304468987
60.0,0.07060787382080315,0.0003545610961168677,0.00812898806139728,9.766894230646436e-06,-0.00011912586304468987
60.0,0.0716515667581494,0.0003545610961168677,0.00812898806139728,9.766894230646436e-06,-0.00011912586304468987
60.0,0.07269489830361563,0.0003545610961168677,0.00812898806139728,9.766894230646436e-06,-0.00011912586304468987
60.0,0.07373782316290495,0.0003545610961168677,0.00812898806139728,9.766894230646436e-06,-0.00011912586304468987
60.0,0.07478029111431495,0.0003545610961168677,0.00812898806139728,9.766894230646436e-06,-0.00011912586304468987
60.0,0.07582224651288785,0.0003545610961168677,0.00812898806139728,9.766894230646436e-06,-0.00011912586304468987
60.0,0.07686362783398165,0.0003545610961168677,0.00812898806139728,9.766894230646436e-06,-0.00011912586304468987
60.0,0.07790436719314517,0.0003545610961168677,0.00812898806139728,9.766894230646436e-06,-0.00011912586304468987
60.0,0.07894438984094701,0.0003545610961168677,0.00812898806139728,9.766894230646436e-06,-0.00011912586304468987
60.0,0.07998361362457158,0.0003545610961168677,0.00812898806139728,9.766894230646436e-06,-0.00011912586304468987
60.0,0.08102194840032294,0.0003545610961168677,0.00812898806139728,9.766894230646436e-06,-0.00011912586304468987
60.0,0.08205929548549097,0.0003545610961168677,0.00812898806139728,9.766894230646436e-06,-0.00011912586304468987
60.0,0.08309554716203224,0.0003545610961168677,0.00812898806139728,9.766894230646436e-06,-0.00011912586304468987
60.0,0.08413058610602109,0.0003545610961168677,0.00812898806139728,9.766894230646436e-06,-0.00011912586304468987
60.0,0.08516428481011179,0.0003545610961168677,0.00812898806139728,9.766894230646436e-06,-0.00011912586304468987
60.0,0.08619650506439627,0.0003545610961168677,0.00812898806139728,9.766894230646436e-06,-0.00011912586304468987
60.0,0.08722709745954318,0.0003545610961168677,0.00812898806139728,9.766894230646436e-06,-0.00011912586304468987
60.0,0.08825590074562395,0.0003545610961168677,0.00812898806139728,9.766894230646436e-06,-0.00011912586304468987
60.0,0.08928274153945595,0.0003545610961168677,0.00812898806139728,9.766894230646436e-06,-0.00011912586304468987
60.0,0.09030743429035756,0.0003545610961168677,0.00812898806139728,9.766894230646436e-06,-0.00011912586304468987
60.0,0.09132978029650739,0.0003545610961168677,0.00812898806139728,9.766894238109567e-06,-0.00011912586304468987
60.0,0.0923495681702389,0.0003545610961168677,0.00812898806139728,9.766894250255312e-06,-0.00011912586304468987
60.0,0.09336657378513252,0.0003545610961168677,0.00812898806139728,9.766894274209317e-06,-0.00011912586304468987
60.0,0.0943805595662751,0.0003545610961737111,0.00812898806139728,9.766894372011326e-06,-0.00011912586304468987
60.0,0.0953912756933589,0.00035456109651477163,0.00812898806139728,9.766894769296548e-06,-0.00011912586304468987
60.0,0.09639846026831739,0.00035456109770848343,0.00812898806139728,9.766896193422522e-06,-0.00011912586304468987
60.0,0.09740183955800345,0.0003545611018012096,0.00812898806139728,9.766901063350032e-06,-0.00011912586304468987
60.0,0.09840112856690197,0.00035456111550047353,0.00812898806139728,9.766917525907806e-06,-0.00011912586304468987
60.0,0.09939603264570279,0.000354561160349931,0.00812898806139728,9.76697148612541e-06,-0.00011912586304468987
60.0,0.10038624851439969,0.0003545613027995387,0.00812898806139728,9.767142817918995e-06,-0.00011912586304468987
60.0,0.10137146514031278,0.0003545617404370205,0.00812898806139728,9.767669253835101e-06,-0.00011912586304468987
60.0,0.10235136516852997,0.0003545630414691914,0.00812898806139728,9.769233466183256e-06,-0.00011912586304468987
60.0,0.10332562634832987,0.0003545667786397644,0.00812898806139728,9.773725503643503e-06,-0.00011912586304468987
60.0,0.10429392395625564,0.0003545771496078487,0.00812898806139728,9.78618734237589e-06,-0.00011912586304468987
60.0,0.10525593175448669,0.0003546049411511376,0.00812898806139728,9.81956994888066e-06,-0.00011912586304468987
60.0,0.10621132333208266,0.00035467683011347617,0.00812898806139728,9.905887438012484e-06,-0.00011912586304468987
60.0,0.1071597731638037,0.00035485627790876606,0.00812898806139728,1.012125788067933e-05,-0.00011912586304468987
60.0,0.10810095779176977,0.00035528843807242083,0.00812898806139728,1.0639680559116131e-05,-0.00011912586304468987
60.0,0.10903455688746658,0.0003562924134712375,0.00812898806139728,1.1843414733325141e-05,-0.00011912586304468987
60.0,0.1099602474607406,0.0003585422440437469,0.00812898806139728,1.4539288141002712e-05,-0.00011912586304468987
60.0,0.11087769214552082,0.0003634055682368853,0.00812898806139728,2.036293949368785e-05,-0.00011912586304468987
60.0,0.11178649938229036,0.0003735469667844882,0.00812898806139728,3.2497906619428116e-05,-0.00011912586304468987
60.0,0.11268612433286049,0.000393947297197883,0.00812898806139728,5.688825283701434e-05,-0.00011912586304468987
60.0,0.11357566155031681,0.0004335226379339474,0.00812898806139728,0.00010415997399562633,-0.00011912586304468987
60.0,0.11445345181243931,0.0005074908262372446,0.00812898806139728,0.000192420741790112,-0.00011912586304470392
60.0,0.11531648055089319,0.0006404009262155341,0.0081289880613995,0.0003508262861551784,-0.00011912586304625254
60.0,0.11615971333464245,0.0008691115786518822,0.008128988061451015,0.000623050273254008,-0.00011912586310641016
60.0,0.11697592061638235,0.001244003916156089,0.008128988062837461,0.0010686123191755632,-0.00011912586475615925
60.0,0.11776318273753608,0.0018508267721131233,0.008128988095606804,0.0017653226152783551,-0.00011912590335676222
60.0,0.1185312860297518,0.0029618378183045024,0.00812898876335355,0.002827040012467005,-0.00011912668243870408
60.0,0.11929291462851194,0.004636350203384154,0.008129000798488661,0.004427528182746493,-0.00011914059108265128
60.0,0.12005385934471033,0.007125905174575564,0.008129194005880969,0.0068088991283848785,-0.00011936175752932266
60.0,0.12081480406090875,0.010757873011868924,0.008131920804295145,0.01028726533892791,-0.00012245350203280502
60.0,0.12157574877710715,0.015955619084820682,0.008165129995228781,0.015272776004934607,-0.0001597487886418062
60.0,0.12233669349330556,0.023256456204080678,0.008505759243796707,0.022287911089948504,-0.0005386338284090477
60.0,0.12309763820950397,0.0333267186152284,0.01135221998818059,0.031983484707778315,-0.003674304281559591
60.0,0.12385858292570237,0.046974169721409,0.029846427112051988,0.045152650603836254,-0.02384692133990867
60.0,0.12461952764190079,0.06515654222863532,0.11940970710026466,0.06274180922358166,-0.11817378207164933
60.0,0.125,0.07707084586598967,0.2613766852053083,0.07429966237915421,-0.26003641073536415
120.0,0.0,0.0002672128513836469,0.0037302277944930573,2.4048825689884108e-05,-0.00011529408140094394
120.0,0.0005231494912409765,0.00026721285144049034,0.0037302277944930573,2.4048825715039628e-05,-0.00011529408140076826
120.0,0.0015694484714494639,0.00026721285144049034,0.0037302277944930573,2.4048825715039628e-05,-0.00011529408140076826
120.0,0.0026157474465723883,0.00026721285144049034,0.0037302277944930573,2.4048825715039628e-05,-0.00011529408140076826
120.0,0.0036620464155861904,0.00026721285144049034,0.0037302277944930573,2.4048825715039628e-05,-0.00011529408140076826
120.0,0.004708345377475357,0.00026721285144049034,0.0037302277944930573,2.4048825715039628e-05,-0.00011529408140076826
120.0,0.005754644331009957,0.00026721285144049034,0.0037302277944930573,2.4048825715039628e-05,-0.00011529408140076826
120.0,0.00680094327457751,0.00026721285144049034,0.0037302277944930573,2.4048825715039628e-05,-0.00011529408140076826
120.0,0.007847242206097388,0.00026721285144049034,0.0037302277944930573,2.4048825715039628e-05,-0.00011529408140076826
120.0,0.008893541122936801,0.00026721285144049034,0.0037302277944930573,2.4048825715039628e-05,-0.00011529408140076826
120.0,0.009939840021803058,0.00026721285144049034,0.0037302277944930573,2.4048825715039628e-05,-0.00011529408140076826
120.0,0.010986138898604688,0.00026721285144049034,0.0037302277944930573,2.4048825715039628e-05,-0.00011529408140076826
120.0,0.012032437748284802,0.00026721285144049034,0.0037302277944930573,2.4048825715039628e-05,-0.00011529408140076826
120.0,0.013078736564625394,0.00026721285144049034,0.0037302277944930573,2.4048825715039628e-05,-0.00011529408140076826
120.0,0.014125035340008817,0.00026721285144049034,0.0037302277944930573,2.4048825715039628e-05,-0.00011529408140076826
120.0,0.015171334065114943,0.00026721285144049034,0.0037302277944930573,2.4048825715039628e-05,-0.00011529408140076826
120.0,0.01621763272858375,0.00026721285144049034,0.0037302277944930573,2.4048825715039628e-05,-0.00011529408140076826
120.0,0.017263931316600097,0.00026721285144049034,0.0037302277944930573,2.4048825715039628e-05,-0.00011529408140076826
120.0,0.018310229812372354,0.00026721285144049034,0.0037302277944930573,2.4048825715039628e-05,-0.00011529408140076826
120.0,0.019356528195540252,0.00026721285144049034,0.0037302277944930573,2.4048825715039628e-05,-0.00011529408140076826
120.0,0.020402826441478825,0.00026721285144049034,0.0037302277944930573,2.4048825715039628e-05,-0.00011529408140076826
120.0,0.021449124520446446,0.00026721285144049034,0.0037302277944930573,2.4048825715039628e-05,-0.00011529408140076826
120.0,0.02249542239654262,0.00026721285144049034,0.0037302277944930573,2.4048825715039628e-05,-0.00011529408140076826
120.0,0.023541720026574783,0.00026721285144049034,0.0037302277944930573,2.4048825715039628e-05,-0.00011529408140076826
120.0,0.024588017358664248,0.00026721285144049034,0.0037302277944930573,2.4048825715039628e-05,-0.00011529408140076826
120.0,0.025634314330521622,0.00026721285144049034,0.0037302277944930573,2.4048825715039628e-05,-0.00011529408140076826
120.0,0.026680610867531526,0.00026721285144049034,0.0037302277944930573,2.4048825715039628e-05,-0.00011529408140076826
120.0,0.027726906880536258,0.00026721285144049034,0.0037302277944930573,2.4048825715039628e-05,-0.00011529408140076826
120.0,0.028773202263123444,0.00026721285144049034,0.0037302277944930573,2.4048825715039628e-05,-0.00011529408140076826
120.0,0.029819496888343826,0.00026721285144049034,0.0037302277944930573,2.4048825715039628e-05,-0.00011529408140076826
120.0,0.030865790605256217,0.00026721285144049034,0.0037302277944930573,2.4048825715039628e-05,-0.00011529408140076826
120.0,0.03191208323471192,0.00026721285144049034,0.0037302277944930573,2.4048825715039628e-05,-0.00011529408140076826
120.0,0.03295837456413289,0.00026721285144049034,0.0037302277944930573,2.4048825715039628e-05,-0.00011529408140076826
120.0,0.03400466434171516,0.00026721285144049034,0.0037302277944930573,2.4048825715039628e-05,-0.00011529408140076826
120.0,0.03505095226985211,0.00026721285144049034,0.0037302277944930573,2.4048825715039628e-05,-0.00011529408140076826
120.0,0.03609723799744126,0.00026721285144049034,0.0037302277944930573,2.4048825715039628e-05,-0.00011529408140076826
120.0,0.03714352111050014,0.00026721285144049034,0.0037302277944930573,2.4048825715039628e-05,-0.00011529408140076826
120.0,0.03818980112251305,0.00026721285144049034,0.0037302277944930573,2.4048825715039628e-05,-0.00011529408140076826
120.0,0.03923607746275605,0.00026721285144049034,0.0037302277944930573,2.4048825715039628e-05,-0.00011529408140076826
120.0,0.04028234946173375,0.00026721285144049034,0.0037302277944930573,2.4048825715039628e-05,-0.00011529408140076826
120.0,0.04132861633570477,0.00026721285144049034,0.0037302277944930573,2.4048825715039628e-05,-0.00011529408140076826
120.0,0.04237487716971418,0.00026721285144049034,0.0037302277944930573,2.4048825715039628e-05,-0.00011529408140076826
120.0,0.04342113089694337,0.00026721285144049034,0.0037302277944930573,2.4048825715039628e-05,-0.00011529408140076826
120.0,0.0444673762737487,0.00026721285144049034,0.0037302277944930573,2.4048825715039628e-05,-0.00011529408140076826
120.0,0.045513611855182684,0.00026721285144049034,0.0037302277944930573,2.4048825715039628e-05,-0.00011529408140076826
120.0,0.046559835965433324,0.00026721285144049034,0.0037302277944930573,2.4048825715039628e-05,-0.00011529408140076826
120.0,0.04760604666142646,0.00026721285144049034,0.0037302277944930573,2.4048825715039628e-05,-0.00011529408140076826
120.0,0.048652241694590856,0.00026721285144049034,0.0037302277944930573,2.4048825715039628e-05,-0.00011529408140076826
120.0,0.049698418470146756,0.00026721285144049034,0.0037302277944930573,2.4048825715039628e-05,-0.00011529408140076826
120.0,0.050744573997060706,0.00026721285144049034,0.0037302277944930573,2.4048825715039628e-05,-0.00011529408140076826
120.0,0.051790704828407724,0.00026721285144049034,0.0037302277944930573,2.4048825715039628e-05,-0.00011529408140076826
120.0,0.052836807004765764,0.00026721285144049034,0.0037302277944930573,2.4048825715039628e-05,-0.00011529408140076826
120.0,0.05388287598694727,0.00026721285144049034,0.0037302277944930573,2.4048825715039628e-05,-0.00011529408140076826
120.0,0.05492890657290356,0.00026721285144049034,0.0037302277944930573,2.4048825715039628e-05,-0.00011529408140076826
120.0,0.055974892808294846,0.00026721285144049034,0.0037302277944930573,2.4048825715039628e-05,-0.00011529408140076826
120.0,0.05702082789713402,0.00026721285144049034,0.0037302277944930573,2.4048825715039628e-05,-0.00011529408140076826
120.0,0.0580667040925781,0.00026721285144049034,0.0037302277944930573,2.4048825715039628e-05,-0.00011529408140076826
120.0,0.05911251256974148,0.00026721285144049034,0.0037302277944930573,2.4048825715039628e-05,-0.00011529408140076826
120.0,0.06015824330378468,0.00026721285144049034,0.0037302277944930573,2.4048825715039628e-05,-0.00011529408140076826
120.0,0.06120388493425225,0.00026721285144049034,0.0037302277944930573,2.4048825715039628e-05,-0.00011529408140076826
120.0,0.062249424597174495,0.00026721285144049034,0.0037302277944930573,2.4048825715039628e-05,-0.00011529408140076826
120.0,0.06329484773129956,0.00026721285144049034,0.0037302277944930573,2.4048825715039628e-05,-0.00011529408140076826
120.0,0.06434013790451507,0.00026721285144049034,0.0037302277944930573,2.4048825715039628e-05,-0.00011529408140076826
120.0,0.06538527661709606,0.00026721285144049034,0.0037302277944930573,2.4048825715039628e-05,-0.00011529408140076826
120.0,0.06643024305309167,0.00026721285144049034,0.0037302277944930573,2.4048825715039628e-05,-0.00011529408140076826
120.0,0.06747501381324514,0.00026721285144049034,0.0037302277944930573,2.4048825715039628e-05,-0.00011529408140076826
120.0,0.06851956266272122,0.00026721285144049034,0.0037302277944930573,2.4048825715039628e-05,-0.00011529408140076826
120.0,0.06956386026088461,0.00026721285144049034,0.0037302277944930573,2.4048825715039628e-05,-0.00011529408140076826
120.0,0.07060787382080315,0.00026721285144049034,0.0037302277944930573,2.4048825715039628e-05,-0.00011529408140076826
120.0,0.0716515667581494,0.00026721285144049034,0.0037302277944930573,2.4048825715039628e-05,-0.00011529408140076826
120.0,0.07269489830361563,0.00026721285144049034,0.0037302277944930573,2.4048825715039628e-05,-0.00011529408140076826
120.0,0.07373782316290495,0.00026721285144049034,0.0037302277944930573,2.4048825715039628e-05,-0.00011529408140076826
120.0,0.07478029111431495,0.00026721285144049034,0.0037302277944930573,2.4048825715039628e-05,-0.00011529408140076826
120.0,0.07582224651288785,0.00026721285144049034,0.0037302277944930573,2.4048825715039628e-05,-0.00011529408140076826
120.0,0.07686362783398165,0.00026721285144049034,0.0037302277944930573,2.4048825715039628e-05,-0.00011529408140076826
120.0,0.07790436719314517,0.00026721285144049034,0.0037302277944930573,2.40488257171403e-05,-0.00011529408140076826
120.0,0.07894438984094701,0.00026721285144049034,0.0037302277944930573,2.4048825723536375e-05,-0.00011529408140076826
120.0,0.07998361362457158,0.00026721285144049034,0.0037302277944930573,2.4048825734719917e-05,-0.00011529408140076826
120.0,0.08102194840032294,0.00026721285144049034,0.0037302277944930573,2.4048825797620082e-05,-0.00011529408140076826
120.0,0.08205929548549097,0.0002672128515541772,0.0037302277944930573,2.4048825933115104e-05,-0.00011529408140076826
120.0,0.08309554716203224,0.00026721285178155085,0.0037302277944930573,2.4048826265620646e-05,-0.00011529408140076826
120.0,0.08413058610602109,0.0002672128525205153,0.0037302277944930573,2.4048827181607245e-05,-0.00011529408140076826
120.0,0.08516428481011179,0.00026721285445319154,0.0037302277944930573,2.4048829621768315e-05,-0.00011529408140076826
120.0,0.08619650506439627,0.0002672128594554124,0.0037302277944930573,2.404883600710152e-05,-0.00011529408140076826
120.0,0.08722709745954318,0.0002672128724725553,0.0037302277944930573,2.4048852424211794e-05,-0.00011529408140076826
120.0,0.08825590074562395,0.00026721290538489484,0.0037302277944930573,2.404889400100964e-05,-0.00011529408140076826
120.0,0.08928274153945595,0.00026721298706888774,0.0037302277944930573,2.4048997211542658e-05,-0.00011529408140076826
120.0,0.09030743429035756,0.0002672131858503235,0.0037302277944930573,2.4049248433383928e-05,-0.00011529408140076826
120.0,0.09132978029650739,0.00026721366037918415,0.0037302277944930573,2.4049847961693737e-05,-0.00011529408140076826
120.0,0.0923495681702389,0.0002672147707585282,0.0037302277944930573,2.4051250440335625e-05,-0.00011529408140076826
120.0,0.09336657378513252,0.00026721731683210237,0.0037302277944930573,2.4054465673924887e-05,-0.00011529408140076826
120.0,0.0943805595662751,0.00026722303704218575,0.0037302277944930573,2.4061687294755856e-05,-0.00011529408140076826
120.0,0.0953912756933589,0.00026723562530150957,0.0037302277944930573,2.407757572362266e-05,-0.00011529408140076826
120.0,0.09639846026831739,0.00026726275643795816,0.0037302277944930573,2.4111809979234922e-05,-0.00011529408140076826
120.0,0.09740183955800345,0.0002673200143590293,0.0037302277944930573,2.418403622417986e-05,-0.00011529408140076826
120.0,0.09840112856690197,0.0002674383177918571,0.0037302277944930573,2.433321754063775e-05,-0.00011529408140076826
120.0,0.09939603264570279,0.0002676775923760033,0.0037302277944930573,2.4634836929605333e-05,-0.00011529408140076826
120.0,0.10038624851439969,0.00026815127472445965,0.0037302277944930573,2.5231710778460133e-05,-0.00011529408140076826
120.0,0.10137146514031278,0.0002690690499207449,0.0037302277944930573,2.6387690175200763e-05,-0.00011529408140076826
120.0,0.10235136516852997,0.000270809358482893,0.0037302277944930573,2.8578691797430434e-05,-0.00011529408140076826
120.0,0.10332562634832987,0.0002740390095254952,0.0037302277944930573,3.264272356616555e-05,-0.00011529408140076826
120.0,0.10429392395625564,0.0002799049987629587,0.0037302277944930573,4.0020205391268215e-05,-0.00011529408140076826
120.0,0.10525593175448669,0.0002903334373058897,0.0037302277944930573,5.312799849851449e-05,-0.00011529408140076826
120.0,0.10621132333208266,0.0003084821573224872,0.0037302277944930573,7.592485640396332e-05,-0.00011529408140076826
120.0,0.1071597731638037,0.00033940640844321024,0.0037302277944930573,0.00011474159762278744,-0.00011529408140076826
120.0,0.10810095779176977,0.00039100984201922984,0.0037302277944930573,0.00017946450208392866,-0.00011529408140076826
120.0,0.10903455688746658,0.00047536404110815056,0.0037302277944930573,0.0002851730716138351,-0.00011529408140076826
120.0,0.1099602474607406,0.0006104857386617368,0.0037302277944930573,0.0004543389099974852,-0.00011529408140076826
120.0,0.11087769214552082,0.0008226579198549189,0.0037302277944930573,0.0007196863918071969,-0.00011529408140076826
120.0,0.11178649938229036,0.0012368271253535568,0.0037302277944930573,0.0011277818907503157,-0.00011529408140078025
120.0,0.11268612433286049,0.0019098581436765016,0.0037302277944930573,0.0017433114213067705,-0.00011529408140139453
120.0,0.11357566155031681,0.002906748663463077,0.00373022779450638,0.0026537328065853096,-0.00011529408142018712
120.0,0.11445345181243931,0.004352034593921417,0.003730227794789265,0.003973299844181687,-0.00011529408179425087
120.0,0.11531648055089319,0.0063996166857691605,0.0037302277998447764,0.005844095018766469,-0.00011529408836207007
120.0,0.11615971333464245,0.009225251264126655,0.0037302278800770416,0.00842983813628638,-0.00011529419121068431
120.0,0.11697592061638235,0.01300769742272223,0.0037302289929139754,0.011898151223505375,-0.00011529559797322859
120.0,0.11776318273753608,0.01793995574047358,0.0037302422436646943,0.016430344934068593,-0.00011531211804922244
120.0,0.1185312860297518,0.02431805511469065,0.0037303792580467565,0.0223040528356825,-0.00011548061167583398
120.0,0.11929291462851194,0.032587455463215065,0.003731640538478853,0.029937324423576096,-0.00011701075508087802
120.0,0.12005385934471033,0.04328686573143159,0.0037420381232791122,0.039838449267010696,-0.00012945575947536034
120.0,0.12081480406090875,0.057018418840812046,0.0038178354641007495,0.05257966748583751,-0.00021897068509772115
120.0,0.12157574877710715,0.074485131515587,0.004298628974273022,0.06883337709737475,-0.0007792836022386224
120.0,0.12233669349330556,0.09650809860494292,0.006900048395704239,0.08939019660715113,-0.0037714488390179473
120.0,0.12309763820950397,0.12403466690170717,0.01861142409824179,0.11516917787486615,-0.017068811680564736
120.0,0.12385858292570237,0.15814441083210795,0.06584525486211756,0.14722652655352925,-0.064785561269913
120.0,0.12461952764190079,0.20005236735755716,0.20026797403855356,0.18676239346430445,-0.19849274301541509
120.0,0.125,0.2255807370319758,0.3392678121572157,0.2109439077901924,-0.33680400979960545
180.0,0.0,0.00025261654286623525,0.002678686617406445,3.108802250835739e-05,-9.961585811951825e-05
180.0,0.0005231494912409765,0.00025261654292307867,0.002678686617406001,3.1088022544276136e-05,-9.961585811934613e-05
180.0,0.0015694484714494639,0.00025261654292307867,0.002678686617406001,3.1088022544276136e-05,-9.961585811934613e-05
180.0,0.0026157474465723883,0.00025261654292307867,0.002678686617406001,3.1088022544276136e-05,-9.961585811934613e-05
180.0,0.0036620464155861904,0.00025261654292307867,0.002678686617406001,3.1088022544276136e-05,-9.961585811934613e-05
180.0,0.004708345377475357,0.00025261654292307867,0.002678686617406001,3.1088022544276136e-05,-9.961585811934613e-05
180.0,0.005754644331009957,0.00025261654292307867,0.002678686617406001,3.1088022544276136e-05,-9.961585811934613e-05
180.0,0.00680094327457751,0.00025261654292307867,0.002678686617406001,3.1088022544276136e-05,-9.961585811934613e-05
180.0,0.007847242206097388,0.00025261654292307867,0.002678686617406001,3.1088022544276136e-05,-9.961585811934613e-05
180.0,0.008893541122936801,0.00025261654292307867,0.002678686617406001,3.1088022544276136e-05,-9.961585811934613e-05
180.0,0.009939840021803058,0.00025261654292307867,0.002678686617406001,3.1088022544276136e-05,-9.961585811934613e-05
180.0,0.010986138898604688,0.00025261654292307867,0.002678686617406001,3.1088022544276136e-05,-9.961585811934613e-05
180.0,0.012032437748284802,0.00025261654292307867,0.002678686617406001,3.1088022544276136e-05,-9.961585811934613e-05
180.0,0.013078736564625394,0.00025261654292307867,0.002678686617406001,3.1088022544276136e-05,-9.961585811934613e-05
180.0,0.014125035340008817,0.00025261654292307867,0.002678686617406001,3.1088022544276136e-05,-9.961585811934613e-05
180.0,0.015171334065114943,0.00025261654292307867,0.002678686617406001,3.1088022544276136e-05,-9.961585811934613e-05
180.0,0.01621763272858375,0.00025261654292307867,0.002678686617406001,3.1088022544276136e-05,-9.961585811934613e-05
180.0,0.017263931316600097,0.00025261654292307867,0.002678686617406001,3.1088022544276136e-05,-9.961585811934613e-05
180.0,0.018310229812372354,0.00025261654292307867,0.002678686617406001,3.1088022544276136e-05,-9.961585811934613e-05
180.0,0.019356528195540252,0.00025261654292307867,0.002678686617406001,3.1088022544276136e-05,-9.961585811934613e-05
180.0,0.020402826441478825,0.00025261654292307867,0.002678686617406001,3.1088022544276136e-05,-9.961585811934613e-05
180.0,0.021449124520446446,0.00025261654292307867,0.002678686617406001,3.1088022544276136e-05,-9.961585811934613e-05
180.0,0.02249542239654262,0.00025261654292307867,0.002678686617406001,3.1088022544276136e-05,-9.961585811934613e-05
180.0,0.023541720026574783,0.00025261654292307867,0.002678686617406001,3.1088022544276136e-05,-9.961585811934613e-05
180.0,0.024588017358664248,0.00025261654292307867,0.002678686617406001,3.1088022544276136e-05,-9.961585811934613e-05
180.0,0.025634314330521622,0.00025261654292307867,0.002678686617406001,3.1088022544276136e-05,-9.961585811934613e-05
180.0,0.026680610867531526,0.00025261654292307867,0.002678686617406001,3.1088022544276136e-05,-9.961585811934613e-05
180.0,0.027726906880536258,0.00025261654292307867,0.002678686617406001,3.1088022544276136e-05,-9.961585811934613e-05
180.0,0.028773202263123444,0.00025261654292307867,0.002678686617406001,3.1088022544276136e-05,-9.961585811934613e-05
180.0,0.029819496888343826,0.00025261654292307867,0.002678686617406001,3.1088022544276136e-05,-9.961585811934613e-05
180.0,0.030865790605256217,0.00025261654292307867,0.002678686617406001,3.1088022544276136e-05,-9.961585811934613e-05
180.0,0.03191208323471192,0.00025261654292307867,0.002678686617406001,3.1088022544276136e-05,-9.961585811934613e-05
180.0,0.03295837456413289,0.00025261654292307867,0.002678686617406001,3.1088022544276136e-05,-9.961585811934613e-05
180.0,0.03400466434171516,0.00025261654292307867,0.002678686617406001,3.1088022544276136e-05,-9.961585811934613e-05
180.0,0.03505095226985211,0.00025261654292307867,0.002678686617406001,3.1088022544276136e-05,-9.961585811934613e-05
180.0,0.03609723799744126,0.00025261654292307867,0.002678686617406001,3.1088022544276136e-05,-9.961585811934613e-05
180.0,0.03714352111050014,0.00025261654292307867,0.002678686617406001,3.1088022544276136e-05,-9.961585811934613e-05
180.0,0.03818980112251305,0.00025261654292307867,0.002678686617406001,3.1088022544276136e-05,-9.961585811934613e-05
180.0,0.03923607746275605,0.00025261654292307867,0.002678686617406001,3.1088022544276136e-05,-9.961585811934613e-05
180.0,0.04028234946173375,0.00025261654292307867,0.002678686617406001,3.1088022544276136e-05,-9.961585811934613e-05
180.0,0.04132861633570477,0.00025261654292307867,0.002678686617406001,3.1088022544276136e-05,-9.961585811934613e-05
180.0,0.04237487716971418,0.00025261654292307867,0.002678686617406001,3.1088022544276136e-05,-9.961585811934613e-05
180.0,0.04342113089694337,0.00025261654292307867,0.002678686617406001,3.1088022544276136e-05,-9.961585811934613e-05
180.0,0.0444673762737487,0.00025261654292307867,0.002678686617406001,3.1088022544276136e-05,-9.961585811934613e-05
180.0,0.045513611855182684,0.00025261654292307867,0.002678686617406001,3.1088022544276136e-05,-9.961585811934613e-05
180.0,0.046559835965433324,0.00025261654292307867,0.002678686617406001,3.1088022544276136e-05,-9.961585811934613e-05
180.0,0.04760604666142646,0.00025261654292307867,0.002678686617406001,3.1088022544276136e-05,-9.961585811934613e-05
180.0,0.048652241694590856,0.00025261654292307867,0.002678686617406001,3.1088022544276136e-05,-9.961585811934613e-05
180.0,0.049698418470146756,0.00025261654292307867,0.002678686617406001,3.1088022544276136e-05,-9.961585811934613e-05
180.0,0.050744573997060706,0.00025261654292307867,0.002678686617406001,3.1088022544276136e-05,-9.961585811934613e-05
180.0,0.051790704828407724,0.00025261654292307867,0.002678686617406001,3.1088022544276136e-05,-9.961585811934613e-05
180.0,0.052836807004765764,0.00025261654292307867,0.002678686617406001,3.1088022544276136e-05,-9.961585811934613e-05
180.0,0.05388287598694727,0.00025261654292307867,0.002678686617406001,3.1088022544276136e-05,-9.961585811934613e-05
180.0,0.05492890657290356,0.00025261654292307867,0.002678686617406001,3.1088022544276136e-05,-9.961585811934613e-05
180.0,0.055974892808294846,0.00025261654292307867,0.002678686617406001,3.1088022544276136e-05,-9.961585811934613e-05
180.0,0.05702082789713402,0.00025261654292307867,0.002678686617406001,3.1088022544276136e-05,-9.961585811934613e-05
180.0,0.0580667040925781,0.00025261654292307867,0.002678686617406001,3.1088022544276136e-05,-9.961585811934613e-05
180.0,0.05911251256974148,0.00025261654292307867,0.002678686617406001,3.1088022544276136e-05,-9.961585811934613e-05
180.0,0.06015824330378468,0.00025261654292307867,0.002678686617406001,3.1088022544276136e-05,-9.961585811934613e-05
180.0,0.06120388493425225,0.00025261654292307867,0.002678686617406001,3.1088022544276136e-05,-9.961585811934613e-05
180.0,0.062249424597174495,0.00025261654292307867,0.002678686617406001,3.1088022544276136e-05,-9.961585811934613e-05
180.0,0.06329484773129956,0.00025261654292307867,0.002678686617406001,3.1088022544276136e-05,-9.961585811934613e-05
180.0,0.06434013790451507,0.00025261654292307867,0.002678686617406001,3.1088022544276136e-05,-9.961585811934613e-05
180.0,0.06538527661709606,0.00025261654292307867,0.002678686617406001,3.1088022544276136e-05,-9.961585811934613e-05
180.0,0.06643024305309167,0.00025261654292307867,0.002678686617406001,3.1088022544276136e-05,-9.961585811934613e-05
180.0,0.06747501381324514,0.00025261654292307867,0.002678686617406001,3.1088022550911237e-05,-9.96158581193793e-05
180.0,0.06851956266272122,0.00025261654292307867,0.002678686617406001,3.108802256318474e-05,-9.961585811934613e-05
180.0,0.06956386026088461,0.0002526165429799221,0.002678686617406001,3.10880225692134e-05,-9.961585811934613e-05
180.0,0.07060787382080315,0.0002526165429799221,0.002678686617406001,3.108802260169121e-05,-9.961585811934613e-05
180.0,0.0716515667581494,0.0002526165430367655,0.002678686617406001,3.108802267244397e-05,-9.961585811934613e-05
180.0,0.07269489830361563,0.00025261654315045234,0.002678686617406001,3.1088022825697005e-05,-9.961585811934613e-05
180.0,0.07373782316290495,0.000252616543377826,0.002678686617406001,3.108802316928902e-05,-9.96158581193793e-05
180.0,0.07478029111431495,0.0002526165440031036,0.002678686617406001,3.108802400325037e-05,-9.961585811934613e-05
180.0,0.07582224651288785,0.0002526165454810325,0.002678686617406001,3.1088025952634604e-05,-9.961585811934613e-05
180.0,0.07686362783398165,0.00025261654889163765,0.002678686617406001,3.1088030409278825e-05,-9.961585811934613e-05
180.0,0.07790436719314517,0.0002526165566223426,0.002678686617406001,3.108804041950341e-05,-9.961585811934613e-05
180.0,0.07894438984094701,0.00025261657367536827,0.002678686617406001,3.108806264754095e-05,-9.961585811934613e-05
180.0,0.07998361362457158,0.0002526166111351813,0.002678686617406001,3.108811133949799e-05,-9.961585811934613e-05
180.0,0.08102194840032294,0.0002526166921370532,0.002678686617406001,3.108821667772699e-05,-9.961585811934613e-05
180.0,0.08205929548549097,0.0002526168648842031,0.002678686617406001,3.108844130262231e-05,-9.961585811934613e-05
180.0,0.08309554716203224,0.00025261722817049304,0.002678686617406001,3.1088913755635235e-05,-9.961585811934613e-05
180.0,0.08413058610602109,0.00025261798191422713,0.002678686617406001,3.1089893613941924e-05,-9.961585811934613e-05
180.0,0.08516428481011179,0.0002526195234509032,0.002678686617406001,3.109189725716924e-05,-9.961585811934613e-05
180.0,0.08619650506439627,0.00025262263142167285,0.002678686617406001,3.109593623360013e-05,-9.961585811934613e-05
180.0,0.08722709745954318,0.0002526288081980965,0.002678686617406001,3.1103961711631e-05,-9.961585811934613e-05
180.0,0.08825590074562395,0.0002526409074334879,0.002678686617406001,3.1119678761922656e-05,-9.961585811934613e-05
180.0,0.08928274153945595,0.00025266426399639386,0.002678686617406001,3.1150012336275344e-05,-9.96158581193793e-05
180.0,0.09030743429035756,0.00025270869372207017,0.002678686617406001,3.1207700069302666e-05,-9.96158581193793e-05
180.0,0.09132978029650739,0.0002527919688191105,0.002678686617406001,3.131579653345505e-05,-9.961585811934613e-05
180.0,0.0923495681702389,0.0002529457472064678,0.002678686617406001,3.151535494628676e-05,-9.961585811934613e-05
180.0,0.09336657378513252,0.00025322550538930955,0.002678686617406001,3.1878288121926296e-05,-9.961585811934613e-05
180.0,0.0943805595662751,0.00025372686610580786,0.002678686617406001,3.252849733665001e-05,-9.961585811934613e-05
180.0,0.0953912756933589,0.0002546119334283503,0.002678686617406001,3.367592949413527e-05,-9.961585811934613e-05
180.0,0.09639846026831739,0.0002561509584779742,0.002678686617406001,3.5670420418402466e-05,-9.961585811934613e-05
180.0,0.09740183955800345,0.00025878698454562254,0.002678686617406001,3.908516617567756e-05,-9.961585811934613e-05
180.0,0.09840112856690197,0.0002632341852972786,0.002678686617406001,4.4843582544016244e-05,-9.961585811934613e-05
180.0,0.09939603264570279,0.00027062450214998535,0.002678686617406001,5.4408273819175136e-05,-9.961585811934613e-05
180.0,0.10038624851439969,0.0002827219326491104,0.002678686617406001,7.005685773463823e-05,-9.961585811934613e-05
180.0,0.10137146514031278,0.0003022293299750345,0.002678686617406001,9.527633457501709e-05,-9.961585811934613e-05
180.0,0.10235136516852997,0.0003332186792022185,0.002678686617406001,0.00013531532823777211,-9.961585811934613e-05
180.0,0.10332562634832987,0.000381721982421368,0.002678686617406001,0.00019794112749347783,-9.961585811934613e-05
180.0,0.10429392395625564,0.000456525684285225,0.002678686617406001,0.0002944554467234288,-9.961585811934613e-05
180.0,0.10525593175448669,0.0005702156626057331,0.002678686617406001,0.0004410274466985285,-9.961585811934613e-05
180.0,0.10621132333208266,0.0007723196672486665,0.002678686617406001,0.000660403801490993,-9.961585811934613e-05
180.0,0.1071597731638037,0.0011408363588429893,0.002678686617406001,0.0009840513449996522,-9.961585811934613e-05
180.0,0.10810095779176977,0.001678459391882825,0.002678686617406001,0.0014547756866929462,-9.961585811934613e-05
180.0,0.10903455688746658,0.002451037520074806,0.002678686617406001,0.0021298380810028765,-9.961585811934613e-05
180.0,0.1099602474607406,0.0035426933002327132,0.002678686617406001,0.003084551980887348,-9.961585811945371e-05
180.0,0.11087769214552082,0.005062860738462405,0.002678686617406001,0.004416281053045649,-9.961585812009236e-05
180.0,0.11178649938229036,0.007150732741934007,0.0026786866174184354,0.006248632052824813,-9.961585813676452e-05
180.0,0.11268612433286049,0.009978840316364312,0.002678686617599624,0.008735338658348961,-9.961585839679225e-05
180.0,0.11357566155031681,0.013755472590787576,0.00267868662020998,0.012062702307896732,-9.961586206331674e-05
180.0,0.11445345181243931,0.018722531394701036,0.0026786866544394883,0.016448048964036188,-9.961590934417094e-05
180.0,0.11531648055089319,0.02514354699371779,0.002678687061333118,0.022129475018851964,-9.961646181801488e-05
180.0,0.11615971333464245,0.03327474831678501,0.0026786913817318236,0.029340433965397778,-9.96222287671703e-05
180.0,0.11697592061638235,0.043316981687951284,0.002678731564258907,0.03826693756593719,-9.967496440340492e-05
180.0,0.11776318273753608,0.05546378283861486,0.0026790539964625104,0.04908980892840832,-0.0001000911103649923
180.0,0.1185312860297518,0.07010116864159954,0.0026813160983980566,0.062163371248206235,-0.00010296316034060522
180.0,0.11929291462851194,0.08783908975266286,0.002695539710752204,0.0780460603359906,-0.00012073313498209303
180.0,0.12005385934471033,0.10933211114502228,0.002776100499419787,0.09734216491992308,-0.00021979325986631483
180.0,0.12081480406090875,0.13521042437980668,0.0031822819660463075,0.12064068795287575,-0.0007114974583513239
180.0,0.12157574877710715,0.16614659261909992,0.004980839310503082,0.14857625095899382,-0.0028556970850630832
180.0,0.12233669349330556,0.20286988151372043,0.011868094226241688,0.18184368392777375,-0.010945457289909189
180.0,0.12309763820950397,0.24616394845099876,0.037858009428070716,0.22119802169608727,-0.03690086702005381
180.0,0.12385858292570237,0.2968640754027092,0.10808965413579896,0.2674544416965113,-0.10648426485000959
180.0,0.12461952764190079,0.35585422507409703,0.2633123544707172,0.3214884416701216,-0.2601624435041217
180.0,0.125,0.3899592012486437,0.3999167411014608,0.35286249379913004,-0.39567754297496155
240.0,0.0,0.00022151918312829366,0.0020788178149633296,3.424473367242815e-05,-8.819493844836031e-05
240.0,0.0005231494912409765,0.00022151918318513708,0.0020788178149633296,3.424473370856409e-05,-8.819493844820172e-05
240.0,0.0015694484714494639,0.00022151918318513708,0.0020788178149633296,3.424473370856409e-05,-8.819493844820172e-05
240.0,0.0026157474465723883,0.00022151918318513708,0.0020788178149633296,3.424473370856409e-05,-8.81949384482838e-05
240.0,0.0036620464155861904,0.00022151918318513708,0.0020788178149633296,3.424473370856409e-05,-8.819493844820172e-05
240.0,0.004708345377475357,0.00022151918318513708,0.0020788178149633296,3.424473370856409e-05,-8.819493844820172e-05
240.0,0.005754644331009957,0.00022151918318513708,0.0020788178149633296,3.424473370856409e-05,-8.819493844820172e-05
240.0,0.00680094327457751,0.00022151918318513708,0.0020788178149633296,3.424473370856409e-05,-8.819493844820172e-05
240.0,0.007847242206097388,0.00022151918318513708,0.0020788178149633296,3.424473370856409e-05,-8.819493844820172e-05
240.0,0.008893541122936801,0.0002215191832419805,0.0020788178149633296,3.424473371085289e-05,-8.819493844820172e-05
240.0,0.009939840021803058,0.00022151918318513708,0.0020788178149633296,3.424473370856409e-05,-8.819493844820172e-05
240.0,0.010986138898604688,0.00022151918318513708,0.0020788178149633296,3.424473370856409e-05,-8.81949384482838e-05
240.0,0.012032437748284802,0.00022151918318513708,0.0020788178149633296,3.424473370856409e-05,-8.819493844820172e-05
240.0,0.013078736564625394,0.00022151918318513708,0.0020788178149633296,3.424473370856409e-05,-8.819493844820172e-05
240.0,0.014125035340008817,0.00022151918318513708,0.0020788178149633296,3.424473370856409e-05,-8.819493844820172e-05
240.0,0.015171334065114943,0.00022151918318513708,0.0020788178149633296,3.424473370856409e-05,-8.819493844820172e-05
240.0,0.01621763272858375,0.00022151918318513708,0.0020788178149633296,3.424473370856409e-05,-8.81949384482838e-05
240.0,0.017263931316600097,0.00022151918318513708,0.0020788178149633296,3.424473370856409e-05,-8.819493844820172e-05
240.0,0.018310229812372354,0.00022151918318513708,0.0020788178149633296,3.424473370856409e-05,-8.81949384482838e-05
240.0,0.019356528195540252,0.00022151918318513708,0.0020788178149633296,3.424473370856409e-05,-8.819493844820172e-05
240.0,0.020402826441478825,0.00022151918318513708,0.0020788178149633296,3.424473370856409e-05,-8.81949384482838e-05
240.0,0.021449124520446446,0.00022151918318513708,0.0020788178149633296,3.424473370856409e-05,-8.819493844820172e-05
240.0,0.02249542239654262,0.00022151918318513708,0.0020788178149633296,3.424473370856409e-05,-8.819493844820172e-05
240.0,0.023541720026574783,0.00022151918318513708,0.0020788178149633296,3.424473370856409e-05,-8.819493844820172e-05
240.0,0.024588017358664248,0.00022151918318513708,0.0020788178149633296,3.424473370856409e-05,-8.819493844820172e-05
240.0,0.025634314330521622,0.00022151918318513708,0.0020788178149633296,3.424473370856409e-05,-8.819493844820172e-05
240.0,0.026680610867531526,0.00022151918318513708,0.0020788178149633296,3.424473370856409e-05,-8.819493844820172e-05
240.0,0.027726906880536258,0.00022151918318513708,0.0020788178149633296,3.424473370856409e-05,-8.819493844820172e-05
240.0,0.028773202263123444,0.00022151918318513708,0.0020788178149633296,3.424473370856409e-05,-8.819493844820172e-05
240.0,0.029819496888343826,0.0002215191832419805,0.0020788178149633296,3.424473371085289e-05,-8.819493844820172e-05
240.0,0.030865790605256217,0.00022151918318513708,0.0020788178149633296,3.424473370856409e-05,-8.81949384482838e-05
240.0,0.03191208323471192,0.00022151918318513708,0.0020788178149633296,3.424473370856409e-05,-8.819493844820172e-05
240.0,0.03295837456413289,0.00022151918318513708,0.0020788178149633296,3.424473370856409e-05,-8.81949384482838e-05
240.0,0.03400466434171516,0.00022151918318513708,0.0020788178149633296,3.424473370856409e-05,-8.819493844820172e-05
240.0,0.03505095226985211,0.00022151918318513708,0.0020788178149633296,3.424473370856409e-05,-8.81949384482838e-05
240.0,0.03609723799744126,0.00022151918318513708,0.0020788178149633296,3.424473370856409e-05,-8.819493844820172e-05
240.0,0.03714352111050014,0.00022151918318513708,0.0020788178149633296,3.424473370856409e-05,-8.819493844820172e-05
240.0,0.03818980112251305,0.00022151918318513708,0.0020788178149633296,3.424473370856409e-05,-8.819493844820172e-05
240.0,0.03923607746275605,0.00022151918318513708,0.0020788178149633296,3.424473370856409e-05,-8.819493844820172e-05
240.0,0.04028234946173375,0.00022151918318513708,0.0020788178149633296,3.424473370856409e-05,-8.819493844820172e-05
240.0,0.04132861633570477,0.00022151918318513708,0.0020788178149633296,3.424473370856409e-05,-8.81949384482838e-05
240.0,0.04237487716971418,0.00022151918318513708,0.0020788178149633296,3.424473370856409e-05,-8.819493844820172e-05
240.0,0.04342113089694337,0.00022151918318513708,0.0020788178149633296,3.424473370856409e-05,-8.819493844820172e-05
240.0,0.0444673762737487,0.00022151918318513708,0.0020788178149633296,3.424473370856409e-05,-8.81949384482838e-05
240.0,0.045513611855182684,0.00022151918318513708,0.0020788178149633296,3.424473370856409e-05,-8.819493844820172e-05
240.0,0.046559835965433324,0.00022151918318513708,0.0020788178149633296,3.424473370856409e-05,-8.819493844820172e-05
240.0,0.04760604666142646,0.00022151918318513708,0.0020788178149633296,3.424473370856409e-05,-8.819493844820172e-05
240.0,0.048652241694590856,0.00022151918318513708,0.0020788178149633296,3.424473370856409e-05,-8.819493844820172e-05
240.0,0.049698418470146756,0.00022151918318513708,0.0020788178149633296,3.424473370856409e-05,-8.819493844820172e-05
240.0,0.050744573997060706,0.00022151918318513708,0.0020788178149633296,3.424473370856409e-05,-8.819493844820172e-05
240.0,0.051790704828407724,0.00022151918318513708,0.0020788178149633296,3.424473370856409e-05,-8.819493844820172e-05
240.0,0.052836807004765764,0.00022151918318513708,0.0020788178149633296,3.424473370856409e-05,-8.819493844820172e-05
240.0,0.05388287598694727,0.00022151918318513708,0.0020788178149633296,3.424473370856409e-05,-8.819493844820172e-05
240.0,0.05492890657290356,0.0002215191832419805,0.0020788178149633296,3.424473371085289e-05,-8.819493844820172e-05
240.0,0.055974892808294846,0.00022151918318513708,0.0020788178149633296,3.424473370856409e-05,-8.819493844820172e-05
240.0,0.05702082789713402,0.00022151918318513708,0.0020788178149633296,3.424473370856409e-05,-8.81949384482838e-05
240.0,0.0580667040925781,0.00022151918318513708,0.0020788178149633296,3.424473370856409e-05,-8.81949384482838e-05
240.0,0.05911251256974148,0.00022151918318513708,0.0020788178149633296,3.424473370856409e-05,-8.819493844820172e-05
240.0,0.06015824330378468,0.00022151918318513708,0.0020788178149633296,3.424473370856409e-05,-8.819493844820172e-05
240.0,0.06120388493425225,0.0002215191832419805,0.0020788178149633296,3.4244733718451216e-05,-8.819493844820172e-05
240.0,0.062249424597174495,0.0002215191832419805,0.0020788178149633296,3.424473372898818e-05,-8.81949384482838e-05
240.0,0.06329484773129956,0.00022151918329882392,0.0020788178149633296,3.424473378404278e-05,-8.819493844820172e-05
240.0,0.06434013790451507,0.00022151918341251076,0.0020788178149633296,3.42447339164531e-05,-8.819493844820172e-05
240.0,0.06538527661709606,0.000221519183583041,0.0020788178149633296,3.424473421181516e-05,-8.819493844820172e-05
240.0,0.06643024305309167,0.00022151918403778836,0.0020788178149633296,3.424473480457954e-05,-8.81949384482838e-05
240.0,0.06747501381324514,0.00022151918494728307,0.0020788178149633296,3.424473605892942e-05,-8.81949384482838e-05
240.0,0.06851956266272122,0.00022151918699364614,0.0020788178149633296,3.424473868508681e-05,-8.819493844820172e-05
240.0,0.06956386026088461,0.00022151919102952888,0.0020788178149633296,3.424474409844244e-05,-8.819493844820172e-05
240.0,0.07060787382080315,0.00022151919932866804,0.0020788178149633296,3.4244755169151515e-05,-8.819493844820172e-05
240.0,0.0716515667581494,0.00022151921632485028,0.0020788178149633296,3.424477760157425e-05,-8.819493844820172e-05
240.0,0.07269489830361563,0.00022151925020352792,0.0020788178149633296,3.424482255217173e-05,-8.81949384482838e-05
240.0,0.07373782316290495,0.000221519317392449,0.0020788178149633296,3.424491163666752e-05,-8.81949384482838e-05
240.0,0.07478029111431495,0.0002215194493260242,0.0020788178149633296,3.424508643378919e-05,-8.81949384482838e-05
240.0,0.07582224651288785,0.00022151970546246957,0.0020788178149633296,3.4245425769657156e-05,-8.819493844820172e-05
240.0,0.07686362783398165,0.00022152019744225981,0.0020788178149633296,3.4246077395876495e-05,-8.81949384482838e-05
240.0,0.07790436719314517,0.00022152113206175272,0.0020788178149633296,3.4247315258075246e-05,-8.819493844820172e-05
240.0,0.07894438984094701,0.0002215228884665521,0.0020788178149633296,3.424964129691537e-05,-8.819493844820172e-05
240.0,0.07998361362457158,0.00022152615355253147,0.0020788178149633296,3.4253964514728494e-05,-8.819493844820172e-05
240.0,0.08102194840032294,0.00022153215672915394,0.0020788178149633296,3.426191183769099e-05,-8.819493844820172e-05
240.0,0.08205929548549097,0.0002215430727119383,0.0020788178149633296,3.427636054880063e-05,-8.819493844820172e-05
240.0,0.08309554716203224,0.00022156270284767743,0.0020788178149633296,3.430233870226907e-05,-8.81949384482838e-05
240.0,0.08413058610602109,0.00022159761169859848,0.0020788178149633296,3.434852719608037e-05,-8.819493844820172e-05
240.0,0.08516428481011179,0.00022165899827086832,0.0020788178149633296,3.442973198413542e-05,-8.819493844820172e-05
240.0,0.08619650506439627,0.00022176573639853814,0.0020788178149633296,3.4570897964188524e-05,-8.819493844820172e-05
240.0,0.08722709745954318,0.0002219492425297176,0.0020788178149633296,3.48135350077449e-05,-8.81949384482838e-05
240.0,0.08825590074562395,0.00022226116504953097,0.0020788178149633296,3.522586248482286e-05,-8.819493844820172e-05
240.0,0.08928274153945595,0.00022278535544728584,0.0020788178149633296,3.5918595815759574e-05,-8.81949384482838e-05
240.0,0.09030743429035756,0.00022365623931364098,0.0020788178149633296,3.706915923335637e-05,-8.81949384482838e-05
240.0,0.09132978029650739,0.000225086594809909,0.0020788178149633296,3.8958276147229793e-05,-8.81949384482838e-05
240.0,0.0923495681702389,0.00022740893359696202,0.0020788178149633296,4.2024441457102817e-05,-8.819493844820172e-05
240.0,0.09336657378513252,0.00023113621500669979,0.0020788178149633296,4.6943786262210404e-05,-8.819493844820172e-05
240.0,0.0943805595662751,0.00023704954395498135,0.0020788178149633296,5.4745347515779843e-05,-8.819493844820172e-05
240.0,0.0953912756933589,0.0002463228712485943,0.0020788178149633296,6.697483011633355e-05,-8.819493844820172e-05
240.0,0.09639846026831739,0.0002606974502441517,0.0020788178149633296,8.592349181232505e-05,-8.819493844820172e-05
240.0,0.09740183955800345,0.00028272187950051375,0.0020788178149633296,0.00011494274028088002,-8.819493844820172e-05
240.0,0.09840112856690197,0.00031607681484047134,0.0020788178149633296,0.00015886919331849512,-8.819493844820172e-05
240.0,0.09939603264570279,0.00036600659666419233,0.0020788178149633296,0.0002245889476236734,-8.819493844820172e-05
240.0,0.10038624851439969,0.0004398827171598896,0.0020788178149633296,0.0003217731095453446,-8.819493844820172e-05
240.0,0.10137146514031278,0.0005990255162942049,0.0020788178149633296,0.00046381841939057127,-8.819493844820172e-05
240.0,0.10235136516852997,0.0008429174297930331,0.0020788178149633296,0.0006690267799700921,-8.819493844820172e-05
240.0,0.10332562634832987,0.0011908341948014822,0.0020788178149633296,0.0009620538060905836,-8.819493844820172e-05
240.0,0.10429392395625564,0.0016813244466789001,0.0020788178149633296,0.0013756498037359997,-8.81949384482838e-05
240.0,0.10525593175448669,0.0023648085380045814,0.0020788178149633296,0.0019527033626820574,-8.819493844820172e-05
240.0,0.10621132333208266,0.0033062372780818805,0.0020788178149633296,0.002748580644339189,-8.819493844820172e-05
240.0,0.1071597731638037,0.004588065361190274,0.0020788178149633296,0.0038337303787519513,-8.81949384482838e-05
240.0,0.10810095779176977,0.006313434661478823,0.0020788178149633296,0.005296495763264111,-8.819493844832804e-05
240.0,0.10903455688746658,0.00860945525482748,0.0020788178149633296,0.00724604359027653,-8.81949384486828e-05
240.0,0.1099602474607406,0.011630407459449543,0.0020788178149673264,0.009815265603112414,-8.819493845398437e-05
240.0,0.11087769214552082,0.015560621888141668,0.002078817815019729,0.013163449241833535,-8.819493853592534e-05
240.0,0.11178649938229036,0.02061659346873057,0.0020788178156898596,0.017478340858908235,-8.819493954957367e-05
240.0,0.11268612433286049,0.027047393206885317,0.0020788178235089383,0.022976797629276947,-8.819495115603522e-05
240.0,0.11357566155031681,0.03513143268185104,0.0020788179076727253,0.02990234622869214,-8.819507364069363e-05
240.0,0.11445345181243931,0.045165447726731145,0.002078818737270449,0.03851605552224911,-8.819625753160282e-05
240.0,0.11531648055089319,0.05743885346868183,0.0020788261562065813,0.049074724271780015,-8.820664029934809e-05
240.0,0.11615971333464245,0.07218613006801888,0.00207888553997293,0.06178983584954711,-8.82881526321087e-05
240.0,0.11697592061638235,0.08952074002530708,0.002079303245988484,0.07676996213152,-8.885063339972588e-05
240.0,0.11776318273753608,0.10954482875939675,0.0020818514840432734,0.09411458855447605,-9.221824411120601e-05
240.0,0.1185312860297518,0.13265851704096576,0.002095537423702165,0.11418302501523121,-0.00010997714405958914
240.0,0.11929291462851194,0.15954446791130295,0.002161858610801648,0.1375845079827275,-0.00019451612027952478
240.0,0.12005385934471033,0.1908615953187791,0.002453124325721312,0.16491412048502962,-0.0005593834700038955
240.0,0.12081480406090875,0.22715961829129583,0.003599871645062702,0.1966782347177231,-0.001971770909326788
240.0,0.12157574877710715,0.2689871086583935,0.007603292657754057,0.2333891099100025,-0.006822559337453867
240.0,0.12233669349330556,0.3169111277976526,0.022274131193804614,0.27558323799965806,-0.021438711036753894
240.0,0.12309763820950397,0.37151268460308984,0.06099657789520929,0.3238188440578611,-0.059647409107320706
240.0,0.12385858292570237,0.4333825187335947,0.14816346859423213,0.37867390515100846,-0.14551338184900553
240.0,0.12461952764190079,0.5031175633126281,0.31566566948791364,0.44074503610728116,-0.3107591331751355
240.0,0.125,0.542217975163112,0.4502481675292769,0.4756962933278316,-0.44392606286881603
300.0,0.0,0.00024638434649659757,0.001694922120843323,-2.8571082330776482e-05,0.00010095799772783313
300.0,0.0005231494912409765,0.00024638434649659757,0.001694922120843767,-2.8571082308134458e-05,0.00010095799772799826
300.0,0.0015694484714494639,0.00024638434649659757,0.0016949221208442111,-2.8571082308134458e-05,0.00010095799772794975
300.0,0.0026157474465723883,0.00024638434649659757,0.001694922120843767,-2.8571082308134458e-05,0.00010095799772793186
300.0,0.0036620464155861904,0.00024638434649659757,0.0016949221208442111,-2.8571082308134458e-05,0.0001009579977279658
300.0,0.004708345377475357,0.00024638434649659757,0.0016949221208442111,-2.8571082308134458e-05,0.00010095799772801615
300.0,0.005754644331009957,0.00024638434649659757,0.001694922120843767,-2.8571082308134458e-05,0.00010095799772799826
300.0,0.00680094327457751,0.00024638434649659757,0.001694922120843767,-2.8571082310133516e-05,0.00010095799772799826
300.0,0.007847242206097388,0.00024638434649659757,0.001694922120843767,-2.8571082310133516e-05,0.00010095799772799826
300.0,0.008893541122936801,0.00024638434649659757,0.001694922120843767,-2.8571082310133516e-05,0.00010095799772799826
300.0,0.009939840021803058,0.00024638434649659757,0.001694922120843767,-2.8571082308134458e-05,0.0001009579977279479
300.0,0.010986138898604688,0.00024638434649659757,0.001694922120843767,-2.8571082308134458e-05,0.00010095799772793186
300.0,0.012032437748284802,0.00024638434649659757,0.0016949221208442111,-2.8571082308134458e-05,0.00010095799772794975
300.0,0.013078736564625394,0.00024638434649659757,0.001694922120843767,-2.8571082308134458e-05,0.00010095799772799826
300.0,0.014125035340008817,0.00024638434649659757,0.001694922120843767,-2.8571082310133516e-05,0.00010095799772799826
300.0,0.015171334065114943,0.00024638434649659757,0.0016949221208442111,-2.8571082308134458e-05,0.00010095799772794975
300.0,0.01621763272858375,0.00024638434649659757,0.001694922120843767,-2.8571082308134458e-05,0.00010095799772793186
300.0,0.017263931316600097,0.00024638434649659757,0.001694922120843767,-2.8571082308134458e-05,0.0001009579977279479
300.0,0.018310229812372354,0.00024638434649659757,0.001694922120843767,-2.8571082310133516e-05,0.0001009579977279479
300.0,0.019356528195540252,0.00024638434649659757,0.001694922120843767,-2.8571082308134458e-05,0.0001009579977279479
300.0,0.020402826441478825,0.00024638434649659757,0.0016949221208442111,-2.8571082308134458e-05,0.0001009579977279658
300.0,0.021449124520446446,0.00024638434649659757,0.0016949221208442111,-2.8571082308134458e-05,0.0001009579977279658
300.0,0.02249542239654262,0.00024638434649659757,0.001694922120843767,-2.8571082308134458e-05,0.00010095799772799826
300.0,0.023541720026574783,0.00024638434649659757,0.001694922120843767,-2.8571082308134458e-05,0.00010095799772799826
300.0,0.024588017358664248,0.00024638434649659757,0.001694922120843767,-2.8571082308134458e-05,0.00010095799772799826
300.0,0.025634314330521622,0.00024638434649659757,0.001694922120843767,-2.8571082308134458e-05,0.00010095799772799826
300.0,0.026680610867531526,0.00024638434649659757,0.0016949221208442111,-2.8571082310133516e-05,0.00010095799772801615
300.0,0.027726906880536258,0.00024638434649659757,0.001694922120843767,-2.8571082308134458e-05,0.00010095799772799826
300.0,0.028773202263123444,0.00024638434649659757,0.001694922120843767,-2.8571082308134458e-05,0.00010095799772799826
300.0,0.029819496888343826,0.00024638434649659757,0.0016949221208442111,-2.8571082308134458e-05,0.0001009579977279658
300.0,0.030865790605256217,0.00024638434649659757,0.001694922120843767,-2.8571082308134458e-05,0.00010095799772793186
300.0,0.03191208323471192,0.00024638434649659757,0.0016949221208442111,-2.8571082308134458e-05,0.00010095799772793406
300.0,0.03295837456413289,0.00024638434649659757,0.001694922120843767,-2.8571082308134458e-05,0.00010095799772791617
300.0,0.03400466434171516,0.00024638434649659757,0.001694922120843767,-2.8571082308134458e-05,0.00010095799772791617
300.0,0.03505095226985211,0.00024638434649659757,0.001694922120843767,-2.8571082310133516e-05,0.00010095799772793186
300.0,0.03609723799744126,0.00024638434649659757,0.001694922120843767,-2.8571082308134458e-05,0.0001009579977279479
300.0,0.03714352111050014,0.00024638434649659757,0.001694922120843767,-2.8571082308134458e-05,0.00010095799772799826
300.0,0.03818980112251305,0.00024638434649659757,0.001694922120843767,-2.8571082308134458e-05,0.00010095799772799826
300.0,0.03923607746275605,0.00024638434649659757,0.0016949221208442111,-2.8571082308134458e-05,0.00010095799772801615
300.0,0.04028234946173375,0.00024638434649659757,0.001694922120843767,-2.8571082310133516e-05,0.0001009579977279479
300.0,0.04132861633570477,0.00024638434649659757,0.001694922120843767,-2.8571082308134458e-05,0.0001009579977279479
300.0,0.04237487716971418,0.00024638434649659757,0.001694922120843767,-2.8571082308134458e-05,0.0001009579977279479
300.0,0.04342113089694337,0.00024638434649659757,0.001694922120843767,-2.8571082308134458e-05,0.00010095799772793186
300.0,0.0444673762737487,0.00024638434649659757,0.0016949221208442111,-2.8571082308134458e-05,0.00010095799772794975
300.0,0.045513611855182684,0.00024638434649659757,0.001694922120843767,-2.8571082308134458e-05,0.0001009579977279479
300.0,0.046559835965433324,0.00024638434649659757,0.001694922120843767,-2.8571082310133516e-05,0.00010095799772799826
300.0,0.04760604666142646,0.00024638434649659757,0.0016949221208442111,-2.8571082310133516e-05,0.00010095799772801615
300.0,0.048652241694590856,0.00024638434649659757,0.001694922120843767,-2.857108231214166e-05,0.00010095799772799826
300.0,0.049698418470146756,0.00024638434649659757,0.001694922120843767,-2.857108231214166e-05,0.00010095799772799826
300.0,0.050744573997060706,0.00024638434649659757,0.0016949221208442111,-2.8571082314146335e-05,0.00010095799772801615
300.0,0.051790704828407724,0.00024638434649659757,0.001694922120843767,-2.8571082316153952e-05,0.00010095799772799826
300.0,0.052836807004765764,0.00024638434649659757,0.001694922120843767,-2.857108231495676e-05,0.00010095799772799826
300.0,0.05388287598694727,0.00024638434649659757,0.0016949221208442111,-2.857108231905003e-05,0.00010095799772801615
300.0,0.05492890657290356,0.000246384346553441,0.0016949221208442111,-2.8571082278543728e-05,0.00010095799772801615
300.0,0.055974892808294846,0.000246384346553441,0.001694922120843767,-2.8571082231315258e-05,0.0001009579977279479
300.0,0.05702082789713402,0.00024638434666712783,0.001694922120843767,-2.857108210424003e-05,0.00010095799772793186
300.0,0.0580667040925781,0.0002463843468945015,0.001694922120843767,-2.8571081857332315e-05,0.00010095799772793186
300.0,0.05911251256974148,0.000246384347235562,0.001694922120843767,-2.8571081388138733e-05,0.0001009579977279479
300.0,0.06015824330378468,0.00024638434797452646,0.001694922120843767,-2.8571080438252943e-05,0.00010095799772799826
300.0,0.06120388493425225,0.0002463843493387685,0.001694922120843767,-2.8571078574608007e-05,0.0001009579977279479
300.0,0.062249424597174495,0.00024638435212409604,0.001694922120843767,-2.8571074955623896e-05,0.0001009579977279479
300.0,0.06329484773129956,0.00024638435729684716,0.0016949221208442111,-2.8571067971115015e-05,0.0001009579977279658
300.0,0.06434013790451507,0.00024638436718760204,0.001694922120843767,-2.8571054649415298e-05,0.00010095799772799826
300.0,0.06538527661709606,0.0002463843860027737,0.0016949221208442111,-2.8571029433351127e-05,0.0001009579977279658
300.0,0.06643024305309167,0.0002463844212456934,0.001694922120843767,-2.8570982148102012e-05,0.00010095799772793186
300.0,0.06747501381324514,0.0002463844867861553,0.001694922120843767,-2.857089416631301e-05,0.00010095799772793186
300.0,0.06851956266272122,0.00024638460769210724,0.0016949221208442111,-2.85707319413973e-05,0.0001009579977279658
300.0,0.06956386026088461,0.0002463848287561632,0.001694922120843767,-2.8570435382949642e-05,0.00010095799772799826
300.0,0.07060787382080315,0.0002463852293885793,0.0016949221208442111,-2.8569897981382338e-05,0.00010095799772801615
300.0,0.0716515667581494,0.0002463859490262621,0.001694922120843767,-2.8568932615153376e-05,0.00010095799772793186
300.0,0.07269489830361563,0.0002463872305611403,0.0016949221208442111,-2.8567213716754695e-05,0.00010095799772793406
300.0,0.07373782316290495,0.00024638949258815046,0.001694922120843767,-2.856418001596081e-05,0.00010095799772791617
300.0,0.07478029111431495,0.0002463934502543452,0.001694922120843767,-2.855887302204497e-05,0.00010095799772793186
300.0,0.07582224651288785,0.00024640031318767797,0.0016949221208442111,-2.854967153864332e-05,0.0001009579977279658
300.0,0.07686362783398165,0.000246412108253935,0.001694922120843767,-2.853385949795921e-05,0.0001009579977279479
300.0,0.07790436719314517,0.00024643219921927084,0.001694922120843767,-2.85069303138134e-05,0.0001009579977279479
300.0,0.07894438984094701,0.00024646611450407363,0.0016949221208442111,-2.8461478675573785e-05,0.00010095799772801615
300.0,0.07998361362457158,0.0002465228523078622,0.0016949221208442111,-2.8385454419093266e-05,0.00010095799772801615
300.0,0.08102194840032294,0.00024661691406890895,0.001694922120843767,-2.825944124419957e-05,0.00010095799772799826
300.0,0.08205929548549097,0.00024677144102724924,0.001694922120843767,-2.8052462669381524e-05,0.0001009579977279479
300.0,0.08309554716203224,0.00024702299464252064,0.001694922120843767,-2.7715590651187067e-05,0.0001009579977279479
300.0,0.08413058610602109,0.00024742876058780894,0.0016949221208442111,-2.7172317122942665e-05,0.0001009579977279658
300.0,0.08516428481011179,0.0002480772811850329,0.001694922120843767,-2.630421697999859e-05,0.00010095799772799826
300.0,0.08619650506439627,0.0002491042529868537,0.001694922120843767,-2.492985214248552e-05,0.0001009579977279479
300.0,0.08722709745954318,0.0002507155028865782,0.001694922120843767,-2.2774104000722543e-05,0.00010095799772793186
300.0,0.08825590074562395,0.0002532199957272496,0.001694922120843767,-1.9424139247616617e-05,0.00010095799772791617
300.0,0.08928274153945595,0.0002570766582152828,0.001694922120843767,-1.4266976736780342e-05,0.00010095799772791617
300.0,0.09030743429035756,0.00026295995547798157,0.001694922120843767,-6.402102021518465e-06,0.00010095799772791617
300.0,0.09132978029650739,0.000271850520107364,0.001694922120843767,5.479223035830534e-06,0.00010095799772791617
300.0,0.0923495681702389,0.0002851587204872885,0.001694922120843767,2.3258403210858345e-05,0.00010095799772793186
300.0,0.09336657378513252,0.00030489082024587333,0.001694922120843767,4.961045869122028e-05,0.00010095799772799826
300.0,0.0943805595662751,0.0003338691682301942,0.001694922120843767,8.829657465432251e-05,0.00010095799772799826
300.0,0.0953912756933589,0.00037601976470114096,0.0016949221208442111,0.00014454580866385712,0.00010095799772801615
300.0,0.09639846026831739,0.000436742033457449,0.001694922120843767,0.0002255454049392782,0.00010095799772799826
300.0,0.09740183955800345,0.0005501958387981176,0.001694922120843767,0.0003410605078828907,0.00010095799772799826
300.0,0.09840112856690197,0.0007491165275155254,0.001694922120843767,0.0005042043897984532,0.00010095799772799826
300.0,0.09939603264570279,0.0010270932532989718,0.001694922120843767,0.0007323790906767648,0.00010095799772799826
300.0,0.10038624851439969,0.0014117502580006658,0.0016949221208442111,0.001048403025541621,0.00010095799772801615
300.0,0.10137146514031278,0.0019388202152299527,0.0016949221208442111,0.0014818358908905284,0.00010095799772801615
300.0,0.10235136516852997,0.0026539555419731187,0.001694922120843767,0.0020705033138704626,0.00010095799772799826
300.0,0.10332562634832987,0.0036147554607168786,0.001694922120843767,0.002862211127106118,0.0001009579977279479
300.0,0.10429392395625564,0.004892977819395128,0.001694922120843767,0.0039166265915634695,0.0001009579977279479
300.0,0.10525593175448669,0.006576880776663074,0.001694922120843767,0.0053072844825031,0.0001009579977279479
300.0,0.10621132333208266,0.008773620236127044,0.0016949221208442111,0.007123660365451502,0.0001009579977279658
300.0,0.1071597731638037,0.011611608643818272,0.001694922120843767,0.009473237003188993,0.00010095799772786395
300.0,0.10810095779176977,0.015242724535085017,0.001694922120843767,0.012483476957087281,0.00010095799772666712
300.0,0.10903455688746658,0.019844259528497332,0.0016949221208326648,0.01630361320658537,0.00010095799770951284
300.0,0.1099602474607406,0.025620451985162163,0.001694922120709208,0.02110614013277816,0.00010095799751186921
300.0,0.11087769214552082,0.03280345335934953,0.001694922119370279,0.027087886729147973,0.00010095799542013762
300.0,0.11178649938229036,0.04165335983662999,0.0016949221058539798,0.03447037880042065,0.0001009579747686744
300.0,0.11268612433286049,0.052456357784080865,0.0016949219794284431,0.0434987086373496,0.000100957785750009
300.0,0.11357566155031681,0.06551881419994743,0.0016949208883345612,0.05443710077446934,0.00010095618942046187
300.0,0.11445345181243931,0.08115245250297676,0.0016949122547860185,0.0675570646028669,0.00010094382736985733
300.0,0.11531648055089319,0.09964282635121435,0.0016948501774813884,0.08311145228828418,0.00010085682381614339
300.0,0.11615971333464245,0.1211936702484877,0.0016944497517372703,0.10128783043734385,0.00010030737612487845
300.0,0.11697592061638235,0.14585449708454234,0.001692171991112268,0.12214679279056824,9.72463566447764e-05
300.0,0.11776318273753608,0.17369861096136674,0.0016808738340294838,0.14577127135075385,8.236782416774602e-05
300.0,0.1185312860297518,0.2052384627818924,0.0016311979118701636,0.17262124904504694,1.8217846382053302e-05
300.0,0.11929291462851194,0.24137472847240815,0.0014328161095562564,0.2034976702748656,-0.00023316654919596197
300.0,0.12005385934471033,0.28299089628353613,0.0019353525150189732,0.23920186774482607,-0.0011319602223552616
300.0,0.12081480406090875,0.3308726741284431,0.004642351250684129,0.28046743349862685,-0.00403538480445932
300.0,0.12157574877710715,0.3858764670753203,0.01319668963673859,0.3281064768871043,-0.012437942147191721
300.0,0.12233669349330556,0.44897407757076735,0.035245218115162125,0.38305162713788915,-0.03405261867778323
300.0,0.12309763820950397,0.521265563795339,0.08537836299633739,0.44636979362552087,-0.08314371644544945
300.0,0.12385858292570237,0.6039853892528413,0.18537947347867512,0.5192745257901739,-0.18120552452683367
300.0,0.12461952764190079,0.6985067725964882,0.36082191425084,0.6031361240070304,-0.3537445953180526
300.0,0.125,0.7524275401043496,0.49365736229584734,0.6513124710391235,-0.48487463222290894
360.0,0.0,0.0002209597896012383,0.001502024077046027,-2.9240448371862534e-05,0.00010306361497144905
360.0,0.0005231494912409765,0.00022095978965808172,0.001502024077046027,-2.924044834511173e-05,0.00010306361497159327
360.0,0.0015694484714494639,0.00022095978965808172,0.001502024077046027,-2.924044834511173e-05,0.00010306361497152688
360.0,0.0026157474465723883,0.00022095978965808172,0.001502024077046027,-2.924044834511173e-05,0.00010306361497152688
360.0,0.0036620464155861904,0.00022095978965808172,0.001502024077046027,-2.924044834511173e-05,0.00010306361497159327
360.0,0.004708345377475357,0.00022095978965808172,0.001502024077046027,-2.924044834511173e-05,0.00010306361497159327
360.0,0.005754644331009957,0.00022095978965808172,0.001502024077046027,-2.924044834511173e-05,0.00010306361497159327
360.0,0.00680094327457751,0.00022095978965808172,0.001502024077046027,-2.924044834511173e-05,0.00010306361497159327
360.0,0.007847242206097388,0.00022095978965808172,0.001502024077046027,-2.924044834511173e-05,0.00010306361497159327
360.0,0.008893541122936801,0.00022095978965808172,0.001502024077046027,-2.924044834511173e-05,0.00010306361497159327
360.0,0.009939840021803058,0.00022095978965808172,0.001502024077046027,-2.924044834511173e-05,0.00010306361497159327
360.0,0.010986138898604688,0.00022095978965808172,0.001502024077046027,-2.924044834511173e-05,0.00010306361497152688
360.0,0.012032437748284802,0.00022095978965808172,0.001502024077046027,-2.924044834511173e-05,0.00010306361497152688
360.0,0.013078736564625394,0.00022095978965808172,0.001502024077046027,-2.924044834511173e-05,0.00010306361497159327
360.0,0.014125035340008817,0.00022095978965808172,0.001502024077046027,-2.924044834511173e-05,0.00010306361497159327
360.0,0.015171334065114943,0.00022095978965808172,0.001502024077046027,-2.924044834511173e-05,0.00010306361497152688
360.0,0.01621763272858375,0.00022095978965808172,0.001502024077046027,-2.924044834511173e-05,0.00010306361497152688
360.0,0.017263931316600097,0.00022095978965808172,0.001502024077046027,-2.924044834511173e-05,0.00010306361497157648
360.0,0.018310229812372354,0.00022095978965808172,0.001502024077046027,-2.924044834511173e-05,0.00010306361497159327
360.0,0.019356528195540252,0.00022095978965808172,0.001502024077046027,-2.924044834511173e-05,0.00010306361497159327
360.0,0.020402826441478825,0.00022095978965808172,0.001502024077046027,-2.924044834511173e-05,0.00010306361497159327
360.0,0.021449124520446446,0.00022095978965808172,0.001502024077046027,-2.924044834511173e-05,0.00010306361497159327
360.0,0.02249542239654262,0.00022095978965808172,0.001502024077046027,-2.924044834511173e-05,0.00010306361497159327
360.0,0.023541720026574783,0.00022095978965808172,0.001502024077046027,-2.924044834511173e-05,0.00010306361497159327
360.0,0.024588017358664248,0.00022095978965808172,0.001502024077046027,-2.924044834511173e-05,0.00010306361497159327
360.0,0.025634314330521622,0.00022095978965808172,0.001502024077046027,-2.924044834511173e-05,0.00010306361497159327
360.0,0.026680610867531526,0.00022095978965808172,0.001502024077046027,-2.924044834511173e-05,0.00010306361497159327
360.0,0.027726906880536258,0.00022095978965808172,0.001502024077046027,-2.924044834511173e-05,0.00010306361497159327
360.0,0.028773202263123444,0.00022095978965808172,0.001502024077046027,-2.924044834511173e-05,0.00010306361497159327
360.0,0.029819496888343826,0.00022095978965808172,0.001502024077046027,-2.924044834511173e-05,0.00010306361497159327
360.0,0.030865790605256217,0.00022095978965808172,0.001502024077046027,-2.924044834511173e-05,0.00010306361497152688
360.0,0.03191208323471192,0.00022095978965808172,0.001502024077046027,-2.924044834511173e-05,0.00010306361497152688
360.0,0.03295837456413289,0.00022095978965808172,0.001502024077046027,-2.924044834511173e-05,0.00010306361497149559
360.0,0.03400466434171516,0.00022095978965808172,0.001502024077046027,-2.924044834511173e-05,0.00010306361497152688
360.0,0.03505095226985211,0.00022095978965808172,0.001502024077046027,-2.924044834511173e-05,0.00010306361497152688
360.0,0.03609723799744126,0.00022095978965808172,0.001502024077046027,-2.924044834511173e-05,0.00010306361497159327
360.0,0.03714352111050014,0.00022095978965808172,0.001502024077046027,-2.924044834511173e-05,0.00010306361497159327
360.0,0.03818980112251305,0.00022095978965808172,0.001502024077046027,-2.924044834511173e-05,0.00010306361497159327
360.0,0.03923607746275605,0.00022095978965808172,0.001502024077046027,-2.924044834511173e-05,0.00010306361497159327
360.0,0.04028234946173375,0.00022095978965808172,0.001502024077046027,-2.924044834511173e-05,0.00010306361497159327
360.0,0.04132861633570477,0.00022095978965808172,0.001502024077046027,-2.924044834511173e-05,0.00010306361497159327
360.0,0.04237487716971418,0.00022095978965808172,0.001502024077046027,-2.924044834511173e-05,0.00010306361497159327
360.0,0.04342113089694337,0.00022095978965808172,0.001502024077046027,-2.924044834511173e-05,0.00010306361497152688
360.0,0.0444673762737487,0.00022095978965808172,0.001502024077046027,-2.9240448343114006e-05,0.00010306361497152688
360.0,0.045513611855182684,0.00022095978965808172,0.001502024077046027,-2.9240448343114006e-05,0.00010306361497159327
360.0,0.046559835965433324,0.00022095978965808172,0.001502024077046027,-2.9240448331815728e-05,0.00010306361497159327
360.0,0.04760604666142646,0.00022095978965808172,0.001502024077046027,-2.9240448316996958e-05,0.00010306361497159327
360.0,0.048652241694590856,0.00022095978971492514,0.001502024077046027,-2.9240448266547757e-05,0.00010306361497159327
360.0,0.049698418470146756,0.00022095978971492514,0.001502024077046027,-2.9240448201693588e-05,0.00010306361497159327
360.0,0.050744573997060706,0.00022095978982861197,0.001502024077046027,-2.9240448053572943e-05,0.00010306361497159327
360.0,0.051790704828407724,0.00022095978999914223,0.001502024077046027,-2.9240447777203687e-05,0.00010306361497159327
360.0,0.052836807004765764,0.00022095979039704616,0.001502024077046027,-2.9240447259132695e-05,0.00010306361497159327
360.0,0.05388287598694727,0.0002209597911360106,0.001502024077046027,-2.924044631633694e-05,0.00010306361497159327
360.0,0.05492890657290356,0.00022095979250025266,0.001502024077046027,-2.924044455273077e-05,0.00010306361497159327
360.0,0.055974892808294846,0.00022095979488767625,0.001502024077046027,-2.924044126470525e-05,0.00010306361497159327
360.0,0.05702082789713402,0.00022095979937830634,0.001502024077046027,-2.9240435237804847e-05,0.00010306361497152688
360.0,0.0580667040925781,0.00022095980745007182,0.001502024077046027,-2.9240424301289834e-05,0.00010306361497152688
360.0,0.05911251256974148,0.00022095982200198705,0.001502024077046027,-2.9240404568242566e-05,0.00010306361497159327
360.0,0.06015824330378468,0.00022095984814995973,0.001502024077046027,-2.9240369186762773e-05,0.00010306361497159327
360.0,0.06120388493425225,0.00022095989464787635,0.001502024077046027,-2.92403061963936e-05,0.00010306361497159327
360.0,0.062249424597174495,0.00022095997690030345,0.001502024077046027,-2.9240194979874485e-05,0.00010306361497159327
360.0,0.06329484773129956,0.00022096012094152684,0.001502024077046027,-2.9239999970651645e-05,0.00010306361497159327
360.0,0.06434013790451507,0.00022096037173469085,0.001502024077046027,-2.923966058541742e-05,0.00010306361497159327
360.0,0.06538527661709606,0.0002209608049952294,0.001502024077046027,-2.9239074293244177e-05,0.00010306361497159327
360.0,0.06643024305309167,0.00022096154793871392,0.001502024077046027,-2.9238068904906314e-05,0.00010306361497152688
360.0,0.06747501381324514,0.00022096281270478357,0.001502024077046027,-2.923635756500752e-05,0.00010306361497152688
360.0,0.06851956266272122,0.00022096494984680248,0.001502024077046027,-2.923346615981789e-05,0.00010306361497159327
360.0,0.06956386026088461,0.00022096853416542217,0.001502024077046027,-2.922861730991951e-05,0.00010306361497159327
360.0,0.07060787382080315,0.00022097450079172631,0.001502024077046027,-2.92205464208872e-05,0.00010306361497159327
360.0,0.0716515667581494,0.00022098435914585934,0.001502024077046027,-2.9207212785925893e-05,0.00010306361497152688
360.0,0.07269489830361563,0.00022100052564155703,0.001502024077046027,-2.9185349802276056e-05,0.00010306361497152688
360.0,0.07373782316290495,0.00022102683766433984,0.001502024077046027,-2.91497707801982e-05,0.00010306361497152688
360.0,0.07478029111431495,0.0002210693393180918,0.001502024077046027,-2.9092307229966072e-05,0.00010306361497152688
360.0,0.07582224651288785,0.00022113747365892777,0.001502024077046027,-2.9000199935482955e-05,0.00010306361497159327
360.0,0.07686362783398165,0.0002212458712165244,0.001502024077046027,-2.885368327240237e-05,0.00010306361497159327
360.0,0.07790436719314517,0.0002214170129377635,0.001502024077046027,-2.862239176918619e-05,0.00010306361497159327
360.0,0.07894438984094701,0.00022168515340581507,0.001502024077046027,-2.826006592962995e-05,0.00010306361497159327
360.0,0.07998361362457158,0.00022210204798511768,0.001502024077046027,-2.769682680840543e-05,0.00010306361497159327
360.0,0.08102194840032294,0.0002227452291094778,0.001502024077046027,-2.68280140450822e-05,0.00010306361497159327
360.0,0.08205929548549097,0.00022372985040419735,0.001502024077046027,-2.5498218915433536e-05,0.00010306361497159327
360.0,0.08309554716203224,0.00022522546203163074,0.001502024077046027,-2.347867613340568e-05,0.00010306361497159327
360.0,0.08413058610602109,0.00022747952527879534,0.001502024077046027,-2.0435584569329724e-05,0.00010306361497159327
360.0,0.08516428481011179,0.0002308500261278823,0.001502024077046027,-1.5886188242776063e-05,0.00010306361497159327
360.0,0.08619650506439627,0.00023585021631333802,0.001502024077046027,-9.138549807536153e-06,0.00010306361497157648
360.0,0.08722709745954318,0.00024320931225929598,0.001502024077046027,7.901186367128852e-07,0.00010306361497152688
360.0,0.08825590074562395,0.0002539539022450299,0.001502024077046027,1.528293219692304e-05,0.00010306361497152688
360.0,0.08928274153945595,0.0002695158469236958,0.001502024077046027,3.626836016252118e-05,0.00010306361497149559
360.0,0.09030743429035756,0.00029187357620230614,0.001502024077046027,6.64100276239294e-05,0.00010306361497149559
360.0,0.09132978029650739,0.00032373478632052866,0.001502024077046027,0.00010935196713767866,0.00010306361497152688
360.0,0.0923495681702389,0.00036876965498322534,0.001502024077046027,0.00017003145949154294,0.00010306361497152688
360.0,0.09336657378513252,0.0004580015245210234,0.001502024077046027,0.00025507275781573016,0.00010306361497157648
360.0,0.0943805595662751,0.000604868233324396,0.001502024077046027,0.00037327554061137544,0.00010306361497159327
360.0,0.0953912756933589,0.0008071931381437025,0.001502024077046027,0.0005362124490237311,0.00010306361497159327
360.0,0.09639846026831739,0.0010835952709271623,0.001502024077046027,0.0007589489018981137,0.00010306361497159327
360.0,0.09740183955800345,0.0014580393510073009,0.001502024077046027,0.0010608966484529944,0.00010306361497159327
360.0,0.09840112856690197,0.0019610495386359617,0.001502024077046027,0.0014668097000213429,0.00010306361497159327
360.0,0.09939603264570279,0.002631097490677803,0.001502024077046027,0.0020079273151355596,0.00010306361497159327
360.0,0.10038624851439969,0.0035161614167122934,0.001502024077046027,0.002723263382894269,0.00010306361497159327
360.0,0.10137146514031278,0.004675444119413896,0.001502024077046027,0.003661035054461036,0.00010306361497159327
360.0,0.10235136516852997,0.006181232105859635,0.001502024077046027,0.004880219397335223,0.00010306361497159327
360.0,0.10332562634832987,0.00812086828250358,0.001502024077046027,0.006452219974811208,0.00010306361497159327
360.0,0.10429392395625564,0.01059880984666961,0.001502024077046027,0.008462625581600528,0.00010306361497158433
360.0,0.10525593175448669,0.013738733034358575,0.001502024077046027,0.011013036544989889,0.00010306361497153867
360.0,0.10621132333208266,0.017685651948966097,0.001502024077046027,0.014222939826388817,0.00010306361497121425
360.0,0.1071597731638037,0.022608020544680585,0.0015020240770442506,0.018231616938988924,0.00010306361496804582
360.0,0.10810095779176977,0.028699789365703055,0.0015020240770282633,0.023200071645375315,0.00010306361493679436
360.0,0.10903455688746658,0.036182394453021516,0.001502024076837749,0.02931296927718676,0.00010306361462398587
360.0,0.1099602474607406,0.045306577218127586,0.0015020240750329705,0.03678051396629374,0.00010306361166699526
360.0,0.11087769214552082,0.056353882650739706,0.0015020240587193534,0.0458401437613701,0.00010306358554168011
360.0,0.11178649938229036,0.06963726414011262,0.0015020239212661934,0.05675757176403146,0.0001030633705857244
360.0,0.11268612433286049,0.08549928668554685,0.00150202284697043,0.06982591180003601,0.00010306172944755396
360.0,0.11357566155031681,0.10430464143308882,0.001502015091793929,0.08536011836776093,0.00010305015529947479
360.0,0.11445345181243931,0.12642002077507186,0.0015019636947402049,0.1036808495127093,0.00010297520343567893
360.0,0.11531648055089319,0.15217081400277266,0.001501653616160059,0.1250786987124507,0.00010253326406950932
360.0,0.11615971333464245,0.18176542935231055,0.001499971169372838,0.14975058074183167,0.0001001889061518486
360.0,0.11697592061638235,0.21519910456748903,0.001491891229368214,0.177717426786643,8.917607724793429e-05
360.0,0.11776318273753608,0.252496911164485,0.0014578693578641833,0.2090246953954786,4.3783987168184684e-05
360.0,0.1185312860297518,0.29424879542995086,0.0013300331216976602,0.24419434691303946,-0.0001233253686860482
360.0,0.11929291462851194,0.34150021015005905,0.0014425903739154755,0.2841413825541949,-0.0006861756125678697
360.0,0.12005385934471033,0.3951914473731222,0.002964419691593889,0.3297046458437024,-0.0024265993837332325
360.0,0.12081480406090875,0.4560449747668258,0.007973804668592877,0.38154931749873083,-0.00732390910296376
360.0,0.12157574877710715,0.5247691289329168,0.02074852067211541,0.44033892832280624,-0.01978314455292442
360.0,0.12233669349330556,0.6020951937152859,0.05001496589955101,0.5067670304141482,-0.04829243064341116
360.0,0.12309763820950397,0.688771330166503,0.10999091750349033,0.5815530338543207,-0.10675508908545106
360.0,0.12385858292570237,0.7855468996528998,0.2198778160411723,0.6654386765322509,-0.21413105900602591
360.0,0.12461952764190079,0.8931783402869087,0.4007558931566013,0.7591857413110837,-0.3915173283732614
360.0,0.125,0.9527997858792787,0.5320464394260678,0.8113806569591004,-0.5208321757658668
420.0,0.0,0.0002440264749452581,0.0013660579676746387,-3.131392110664308e-05,0.00010475034708199492
420.0,0.0005231494912409765,0.0002440264749452581,0.0013660579676746387,-3.131392108138684e-05,0.00010475034708213002
420.0,0.0015694484714494639,0.0002440264749452581,0.0013660579676746387,-3.131392108138684e-05,0.00010475034708211324
420.0,0.0026157474465723883,0.0002440264749452581,0.0013660579676746387,-3.131392108138684e-05,0.00010475034708211324
420.0,0.0036620464155861904,0.0002440264749452581,0.0013660579676746387,-3.131392108138684e-05,0.00010475034708217815
420.0,0.004708345377475357,0.0002440264749452581,0.0013660579676750828,-3.131392108138684e-05,0.0001047503470822307
420.0,0.005754644331009957,0.0002440264749452581,0.0013660579676750828,-3.131392108138684e-05,0.0001047503470822307
420.0,0.00680094327457751,0.0002440264749452581,0.0013660579676750828,-3.131392108138684e-05,0.0001047503470822307
420.0,0.007847242206097388,0.0002440264749452581,0.0013660579676750828,-3.131392108138684e-05,0.0001047503470822307
420.0,0.008893541122936801,0.0002440264749452581,0.0013660579676750828,-3.131392108138684e-05,0.0001047503470822307
420.0,0.009939840021803058,0.0002440264749452581,0.0013660579676746387,-3.131392108138684e-05,0.00010475034708217815
420.0,0.010986138898604688,0.0002440264749452581,0.0013660579676746387,-3.131392108138684e-05,0.00010475034708211324
420.0,0.012032437748284802,0.0002440264749452581,0.0013660579676746387,-3.131392108138684e-05,0.00010475034708211324
420.0,0.013078736564625394,0.0002440264749452581,0.0013660579676746387,-3.131392108138684e-05,0.00010475034708213002
420.0,0.014125035340008817,0.0002440264749452581,0.0013660579676746387,-3.131392108138684e-05,0.00010475034708213002
420.0,0.015171334065114943,0.0002440264749452581,0.0013660579676746387,-3.131392108138684e-05,0.00010475034708211324
420.0,0.01621763272858375,0.0002440264749452581,0.0013660579676746387,-3.131392108138684e-05,0.00010475034708211324
420.0,0.017263931316600097,0.0002440264749452581,0.0013660579676746387,-3.131392108138684e-05,0.00010475034708211324
420.0,0.018310229812372354,0.0002440264749452581,0.0013660579676746387,-3.131392108138684e-05,0.00010475034708217815
420.0,0.019356528195540252,0.0002440264749452581,0.0013660579676746387,-3.131392108138684e-05,0.0001047503470822128
420.0,0.020402826441478825,0.0002440264749452581,0.0013660579676750828,-3.131392108138684e-05,0.0001047503470822307
420.0,0.021449124520446446,0.0002440264749452581,0.0013660579676750828,-3.131392108138684e-05,0.0001047503470822307
420.0,0.02249542239654262,0.0002440264749452581,0.0013660579676750828,-3.131392108138684e-05,0.0001047503470822307
420.0,0.023541720026574783,0.0002440264749452581,0.0013660579676750828,-3.131392108138684e-05,0.0001047503470822307
420.0,0.024588017358664248,0.0002440264749452581,0.0013660579676750828,-3.131392108138684e-05,0.0001047503470822307
420.0,0.025634314330521622,0.0002440264749452581,0.0013660579676750828,-3.131392108138684e-05,0.0001047503470822307
420.0,0.026680610867531526,0.0002440264749452581,0.0013660579676750828,-3.131392108138684e-05,0.0001047503470822307
420.0,0.027726906880536258,0.0002440264749452581,0.0013660579676750828,-3.131392108138684e-05,0.0001047503470822307
420.0,0.028773202263123444,0.0002440264749452581,0.0013660579676750828,-3.131392108138684e-05,0.0001047503470822307
420.0,0.029819496888343826,0.0002440264749452581,0.0013660579676746387,-3.131392108138684e-05,0.00010475034708217815
420.0,0.030865790605256217,0.0002440264749452581,0.0013660579676746387,-3.131392108138684e-05,0.00010475034708211324
420.0,0.03191208323471192,0.0002440264749452581,0.0013660579676746387,-3.131392108138684e-05,0.00010475034708211324
420.0,0.03295837456413289,0.0002440264749452581,0.0013660579676746387,-3.131392108138684e-05,0.00010475034708209761
420.0,0.03400466434171516,0.0002440264749452581,0.0013660579676746387,-3.131392108138684e-05,0.00010475034708211324
420.0,0.03505095226985211,0.0002440264749452581,0.0013660579676746387,-3.131392108138684e-05,0.00010475034708211324
420.0,0.03609723799744126,0.0002440264749452581,0.0013660579676746387,-3.131392107737964e-05,0.00010475034708217815
420.0,0.03714352111050014,0.0002440264749452581,0.0013660579676746387,-3.131392107737964e-05,0.0001047503470822128
420.0,0.03818980112251305,0.0002440264750021015,0.0013660579676750828,-3.131392105286438e-05,0.0001047503470822307
420.0,0.03923607746275605,0.0002440264750021015,0.0013660579676750828,-3.131392105085883e-05,0.0001047503470822307
420.0,0.04028234946173375,0.0002440264750021015,0.0013660579676750828,-3.131392104282416e-05,0.0001047503470822307
420.0,0.04132861633570477,0.00024402647505894492,0.0013660579676746387,-3.131392100598762e-05,0.0001047503470822128
420.0,0.04237487716971418,0.00024402647505894492,0.0013660579676746387,-3.1313920971575786e-05,0.00010475034708217815
420.0,0.04342113089694337,0.00024402647511578834,0.0013660579676746387,-3.131392090260906e-05,0.00010475034708211324
420.0,0.0444673762737487,0.00024402647522947518,0.0013660579676746387,-3.131392078304468e-05,0.00010475034708211324
420.0,0.045513611855182684,0.00024402647540000544,0.0013660579676746387,-3.131392057100087e-05,0.00010475034708217815
420.0,0.046559835965433324,0.00024402647568422253,0.0013660579676750828,-3.131392018117934e-05,0.0001047503470822307
420.0,0.04760604666142646,0.0002440264761958133,0.0013660579676750828,-3.1313919453640195e-05,0.0001047503470822307
420.0,0.048652241694590856,0.00024402647716215142,0.0013660579676750828,-3.131391815936278e-05,0.0001047503470822307
420.0,0.049698418470146756,0.000244026478867454,0.0013660579676750828,-3.13139158510002e-05,0.0001047503470822307
420.0,0.050744573997060706,0.0002440264818801552,0.0013660579676750828,-3.1313911767733894e-05,0.0001047503470822307
420.0,0.051790704828407724,0.00024402648716659314,0.0013660579676750828,-3.131390458407711e-05,0.0001047503470822307
420.0,0.052836807004765764,0.00024402649626154016,0.0013660579676750828,-3.131389207757114e-05,0.0001047503470822307
420.0,0.05388287598694727,0.00024402651217769744,0.0013660579676750828,-3.1313870413087414e-05,0.0001047503470822307
420.0,0.05492890657290356,0.00024402653957622533,0.0013660579676746387,-3.131383311045837e-05,0.0001047503470822128
420.0,0.055974892808294846,0.0002440265864720459,0.0013660579676746387,-3.131376925421756e-05,0.00010475034708217815
420.0,0.05702082789713402,0.00024402666610967572,0.0013660579676746387,-3.131366075899053e-05,0.00010475034708211324
420.0,0.0580667040925781,0.000244026800771735,0.0013660579676746387,-3.1313477452626524e-05,0.00010475034708211324
420.0,0.05911251256974148,0.00024402702666748155,0.0013660579676746387,-3.131316981429878e-05,0.00010475034708217815
420.0,0.06015824330378468,0.00024402740348250518,0.0013660579676750828,-3.131265679005874e-05,0.0001047503470822307
420.0,0.06120388493425225,0.00024402802790746136,0.0013660579676750828,-3.131180673656472e-05,0.0001047503470822307
420.0,0.062249424597174495,0.00024402905580700462,0.0013660579676750828,-3.1310407285892895e-05,0.0001047503470822307
420.0,0.06329484773129956,0.0002440307374627082,0.0013660579676750828,-3.130811812125755e-05,0.0001047503470822307
420.0,0.06434013790451507,0.00024403347060797387,0.0013660579676750828,-3.130439766700902e-05,0.0001047503470822307
420.0,0.06538527661709606,0.00024403788455629183,0.0013660579676746387,-3.129838998423341e-05,0.00010475034708217815
420.0,0.06643024305309167,0.00024404496650731744,0.0013660579676746387,-3.1288751585581405e-05,0.00010475034708211324
420.0,0.06747501381324514,0.00024405625578083345,0.0013660579676746387,-3.127338839677568e-05,0.00010475034708211324
420.0,0.06851956266272122,0.0002440741351961151,0.0013660579676746387,-3.1249059022203986e-05,0.00010475034708217815
420.0,0.06956386026088461,0.00024410226774307375,0.0013660579676746387,-3.121078130285757e-05,0.0001047503470822128
420.0,0.07060787382080315,0.0002441462445403886,0.0013660579676746387,-3.115095128670065e-05,0.00010475034708217815
420.0,0.0716515667581494,0.0002442145396344131,0.0013660579676746387,-3.1058045812579546e-05,0.00010475034708211324
420.0,0.07269489830361563,0.000244319904936674,0.0013660579676746387,-3.091472656545625e-05,0.00010475034708211324
420.0,0.07373782316290495,0.0002444813927695577,0.0013660579676746387,-3.069509269016854e-05,0.00010475034708211324
420.0,0.07478029111431495,0.00024472726300928116,0.0013660579676746387,-3.0360731387276224e-05,0.00010475034708211324
420.0,0.07582224651288785,0.00024509912844905557,0.0013660579676746387,-2.985508814281547e-05,0.00010475034708217815
420.0,0.07686362783398165,0.00024565781529872766,0.0013660579676750828,-2.909550918130856e-05,0.0001047503470822307
420.0,0.07790436719314517,0.00024649157785461284,0.0013660579676750828,-2.7962090022957002e-05,0.0001047503470822307
420.0,0.07894438984094701,0.0002477275126580025,0.0013660579676750828,-2.6282184571196892e-05,0.0001047503470822307
420.0,0.07998361362457158,0.00024954727717840797,0.0013660579676750828,-2.380907765565374e-05,0.0001047503470822307
420.0,0.08102194840032294,0.0002522085407576924,0.0013660579676750828,-2.0192887731121834e-05,0.0001047503470822307
420.0,0.08205929548549097,0.00025607398913507495,0.0013660579676750828,-1.4941237325667832e-05,0.0001047503470822307
420.0,0.08309554716203224,0.00026165016828372245,0.0013660579676750828,-7.36659534503112e-06,0.0001047503470822307
420.0,0.08413058610602109,0.00026963900967302834,0.0013660579676750828,3.483542704541152e-06,0.0001047503470822307
420.0,0.08516428481011179,0.0002810054947417484,0.0013660579676746387,1.8918311474589035e-05,0.00010475034708217815
420.0,0.08619650506439627,0.00029706562088449573,0.0013660579676746387,4.072257860386897e-05,0.00010475034708211324
420.0,0.08722709745954318,0.0003195995718101585,0.0013660579676746387,7.131010151068512e-05,0.00010475034708211324
420.0,0.08825590074562395,0.0003509957658707208,0.0013660579676746387,0.00011391836658442174,0.00010475034708211324
420.0,0.08928274153945595,0.0003944322211850704,0.0013660579676746387,0.0001728537543773323,0.00010475034708209761
420.0,0.09030743429035756,0.00046940496741854076,0.0013660579676746387,0.00025379660396583224,0.00010475034708209761
420.0,0.09132978029650739,0.0006083633462594662,0.0013660579676746387,0.0003641763673000843,0.00010475034708211324
420.0,0.0923495681702389,0.0007964205947814662,0.0013660579676746387,0.0005136276937509085,0.00010475034708211324
420.0,0.09336657378513252,0.0010491030506614152,0.0013660579676746387,0.0007145383263473487,0.00010475034708211324
420.0,0.0943805595662751,0.0013861840894264787,0.0013660579676746387,0.000982698962399429,0.00010475034708217815
420.0,0.0953912756933589,0.0018326272831927781,0.0013660579676750828,0.0013380653468797092,0.0001047503470822307
420.0,0.09639846026831739,0.002419674674968064,0.0013660579676750828,0.0018056404654131764,0.0001047503470822307
420.0,0.09740183955800345,0.003186086015489309,0.0013660579676750828,0.0024164830193896033,0.0001047503470822307
420.0,0.09840112856690197,0.004179531559600491,0.0013660579676750828,0.0032088461720975905,0.0001047503470822307
420.0,0.09939603264570279,0.005458137099594751,0.0013660579676750828,0.004229447887019775,0.0001047503470822307
420.0,0.10038624851439969,0.007092174162210085,0.0013660579676750828,0.00553487008503309,0.0001047503470822307
420.0,0.10137146514031278,0.009165881160981826,0.0013660579676750828,0.007193078644513449,0.0001047503470822307
420.0,0.10235136516852997,0.011779398285227671,0.0013660579676750828,0.00928505431107708,0.0001047503470822307
420.0,0.10332562634832987,0.015050786952940598,0.0013660579676746387,0.011906515354612169,0.0001047503470822128
420.0,0.10429392395625564,0.019118102670347525,0.0013660579676746387,0.015169711359835757,0.00010475034708207967
420.0,0.10525593175448669,0.024141466296555336,0.0013660579676741946,0.019205248280162377,0.00010475034708162153
420.0,0.10621132333208266,0.03030507447220998,0.0013660579676728624,0.02416390092596399,0.0001047503470774138
420.0,0.1071597731638037,0.03781907143934404,0.001366057967650658,0.030218353278876214,0.00010475034703616956
420.0,0.10810095779176977,0.04692118600007689,0.001366057967437051,0.037564790827207116,0.0001047503466579511
420.0,0.10903455688746658,0.057878026580794995,0.001366057965535017,0.04642425890500748,0.00010475034339213627
420.0,0.1099602474607406,0.07098581005163851,0.0013660579497263292,0.05704360433106622,0.0001047503169221051
420.0,0.11087769214552082,0.08657026294366688,0.001366057826902356,0.06969578463015201,0.00010475011635330633
420.0,0.11178649938229036,0.1049849237459739,0.0013660569374160936,0.08467891087684946,0.00010474869972255196
420.0,0.11268612433286049,0.12660599256122396,0.0013660509550237343,0.10231249460712312,0.00010473940594138625
420.0,0.11357566155031681,0.15181985474299609,0.001366013749209305,0.12292768509037004,0.00010468301508009299
420.0,0.11445345181243931,0.18099525470836397,0.0013658009995962672,0.1468448008934326,0.00010436834732015059
420.0,0.11531648055089319,0.2144286440346832,0.0013646914135740928,0.174328446512943,0.00010276631232537465
420.0,0.11615971333464245,0.25225445584760564,0.0013594728558321556,0.20551289188392796,9.540785049468014e-05
420.0,0.11697592061638235,0.2943391401008171,0.0013376664273430094,0.24031256016554245,6.535883678231387e-05
420.0,0.11776318273753608,0.3406054643136258,0.0012573405900893064,0.2786875998296892,-4.291318150624695e-05
420.0,0.1185312860297518,0.3916782771303815,0.001093109794241487,0.32118314022045963,-0.00039369126300748715
420.0,0.11929291462851194,0.44870656631275097,0.0019212059618078925,0.3687909481354573,-0.001439989939219072
420.0,0.12005385934471033,0.5126744884806271,0.0048804387910093006,0.4223796922117686,-0.004322239665602547
420.0,0.12081480406090875,0.5842918457155974,0.012379010303265048,0.48260146362043665,-0.011596763894254602
420.0,0.12157574877710715,0.6642545197272511,0.029659382303640403,0.5501096090407368,-0.028337498448858633
420.0,0.12233669349330556,0.7533017110069409,0.06579112933509457,0.6256037283560508,-0.06335087162981354
420.0,0.12309763820950397,0.8521997224882512,0.13423705640849448,0.7098320800800263,-0.12980859095551361
420.0,0.12385858292570237,0.961754694892079,0.25193089145448155,0.8035941089601752,-0.2444401437562208
420.0,0.12461952764190079,1.082810431685573,0.4366907456280109,0.9077430638378641,-0.42514852605812603
420.0,0.125,1.1495282923475543,0.5665907000364694,0.9654658792322712,-0.5528185780681801
480.0,0.0,0.00019500617440826318,0.0012595518120095406,-3.360310048491106e-05,0.00010606731411501633
480.0,0.0005231494912409765,0.00019500617440826318,0.0012595518120099847,-3.360310045759273e-05,0.00010606731411516289
480.0,0.0015694484714494639,0.00019500617440826318,0.0012595518120099847,-3.360310045759273e-05,0.00010606731411514538
480.0,0.0026157474465723883,0.00019500617440826318,0.0012595518120099847,-3.360310045759273e-05,0.00010606731411516289
480.0,0.0036620464155861904,0.00019500617440826318,0.0012595518120099847,-3.360310045759273e-05,0.00010606731411521325
480.0,0.004708345377475357,0.00019500617440826318,0.0012595518120104288,-3.360310045759273e-05,0.00010606731411523111
480.0,0.005754644331009957,0.00019500617440826318,0.0012595518120104288,-3.360310045759273e-05,0.00010606731411524864
480.0,0.00680094327457751,0.00019500617440826318,0.0012595518120104288,-3.360310045759273e-05,0.00010606731411524864
480.0,0.007847242206097388,0.00019500617440826318,0.0012595518120104288,-3.360310045759273e-05,0.00010606731411523111
480.0,0.008893541122936801,0.00019500617440826318,0.0012595518120104288,-3.360310045759273e-05,0.00010606731411523111
480.0,0.009939840021803058,0.00019500617440826318,0.0012595518120104288,-3.360310045759273e-05,0.00010606731411523111
480.0,0.010986138898604688,0.00019500617440826318,0.0012595518120099847,-3.360310045759273e-05,0.00010606731411516289
480.0,0.012032437748284802,0.00019500617440826318,0.0012595518120099847,-3.360310045759273e-05,0.00010606731411516289
480.0,0.013078736564625394,0.00019500617440826318,0.0012595518120099847,-3.360310045759273e-05,0.00010606731411512933
480.0,0.014125035340008817,0.00019500617440826318,0.0012595518120099847,-3.360310045759273e-05,0.00010606731411516289
480.0,0.015171334065114943,0.00019500617440826318,0.0012595518120099847,-3.360310045759273e-05,0.00010606731411516289
480.0,0.01621763272858375,0.00019500617440826318,0.0012595518120099847,-3.360310045759273e-05,0.00010606731411516289
480.0,0.017263931316600097,0.00019500617440826318,0.0012595518120099847,-3.360310045759273e-05,0.00010606731411516289
480.0,0.018310229812372354,0.00019500617440826318,0.0012595518120104288,-3.360310045759273e-05,0.00010606731411523111
480.0,0.019356528195540252,0.00019500617440826318,0.0012595518120104288,-3.360310045759273e-05,0.00010606731411523111
480.0,0.020402826441478825,0.00019500617440826318,0.0012595518120104288,-3.360310045759273e-05,0.00010606731411523111
480.0,0.021449124520446446,0.00019500617440826318,0.0012595518120104288,-3.360310045759273e-05,0.00010606731411524864
480.0,0.02249542239654262,0.00019500617440826318,0.0012595518120104288,-3.360310045759273e-05,0.00010606731411523111
480.0,0.023541720026574783,0.00019500617440826318,0.0012595518120104288,-3.360310045759273e-05,0.00010606731411524864
480.0,0.024588017358664248,0.00019500617440826318,0.0012595518120104288,-3.360310045759273e-05,0.00010606731411523111
480.0,0.025634314330521622,0.00019500617440826318,0.0012595518120104288,-3.360310045759273e-05,0.00010606731411524864
480.0,0.026680610867531526,0.00019500617440826318,0.0012595518120104288,-3.360310045759273e-05,0.00010606731411523111
480.0,0.027726906880536258,0.00019500617440826318,0.0012595518120104288,-3.360310045759273e-05,0.00010606731411523111
480.0,0.028773202263123444,0.00019500617440826318,0.0012595518120104288,-3.360310045759273e-05,0.00010606731411524864
480.0,0.029819496888343826,0.00019500617440826318,0.0012595518120104288,-3.360310045759273e-05,0.00010606731411523111
480.0,0.030865790605256217,0.00019500617440826318,0.0012595518120099847,-3.360310045759273e-05,0.00010606731411516289
480.0,0.03191208323471192,0.00019500617440826318,0.0012595518120099847,-3.360310045759273e-05,0.00010606731411514538
480.0,0.03295837456413289,0.00019500617440826318,0.0012595518120099847,-3.360310045408602e-05,0.00010606731411516289
480.0,0.03400466434171516,0.00019500617440826318,0.0012595518120099847,-3.3603100437872886e-05,0.00010606731411516289
480.0,0.03505095226985211,0.00019500617440826318,0.0012595518120099847,-3.360310041905295e-05,0.00010606731411516289
480.0,0.03609723799744126,0.00019500617440826318,0.0012595518120104288,-3.36031003899641e-05,0.00010606731411523111
480.0,0.03714352111050014,0.00019500617440826318,0.0012595518120104288,-3.360310033876705e-05,0.00010606731411523111
480.0,0.03818980112251305,0.00019500617452195002,0.0012595518120104288,-3.3603100246793326e-05,0.00010606731411523111
480.0,0.03923607746275605,0.00019500617463563685,0.0012595518120104288,-3.360310009566282e-05,0.00010606731411523111
480.0,0.04028234946173375,0.00019500617486301053,0.0012595518120104288,-3.3603099827209904e-05,0.00010606731411523111
480.0,0.04132861633570477,0.00019500617526091446,0.0012595518120104288,-3.360309935206773e-05,0.00010606731411524864
480.0,0.04237487716971418,0.00019500617582934865,0.0012595518120104288,-3.3603098532588166e-05,0.00010606731411523111
480.0,0.04342113089694337,0.0001950061769093736,0.0012595518120099847,-3.3603097141273334e-05,0.00010606731411516289
480.0,0.0444673762737487,0.00019500617855783275,0.0012595518120099847,-3.360309477193814e-05,0.00010606731411516289
480.0,0.045513611855182684,0.00019500618157053395,0.0012595518120104288,-3.3603090706974446e-05,0.00010606731411523111
480.0,0.046559835965433324,0.00019500618662959823,0.0012595518120104288,-3.360308377629942e-05,0.00010606731411523111
480.0,0.04760604666142646,0.00019500619515611106,0.0012595518120104288,-3.360307209403452e-05,0.00010606731411523111
480.0,0.048652241694590856,0.00019500620953749603,0.0012595518120104288,-3.360305249069056e-05,0.00010606731411523111
480.0,0.049698418470146756,0.00019500623341173196,0.0012595518120104288,-3.360301977161683e-05,0.00010606731411524864
480.0,0.050744573997060706,0.00019500627308843832,0.0012595518120104288,-3.360296547182507e-05,0.00010606731411524864
480.0,0.051790704828407724,0.00019500633868574369,0.0012595518120104288,-3.3602875855675544e-05,0.00010606731411523111
480.0,0.052836807004765764,0.00019500644617664875,0.0012595518120104288,-3.3602728765397205e-05,0.00010606731411524864
480.0,0.05388287598694727,0.0001950066217091262,0.0012595518120104288,-3.360248870505429e-05,0.00010606731411523111
480.0,0.05492890657290356,0.00019500690666518494,0.0012595518120104288,-3.360209916027975e-05,0.00010606731411523111
480.0,0.055974892808294846,0.00019500736635791327,0.0012595518120104288,-3.360147059427669e-05,0.00010606731411523111
480.0,0.05702082789713402,0.000195008103901273,0.0012595518120099847,-3.360046213763149e-05,0.00010606731411516289
480.0,0.0580667040925781,0.00019500928073057366,0.0012595518120099847,-3.359885331153083e-05,0.00010606731411516289
480.0,0.05911251256974148,0.00019501114741160563,0.0012595518120104288,-3.359630130635241e-05,0.00010606731411523111
480.0,0.06015824330378468,0.00019501409178701579,0.0012595518120104288,-3.359227618102447e-05,0.00010606731411523111
480.0,0.06120388493425225,0.00019501870968952062,0.0012595518120104288,-3.358596385921628e-05,0.00010606731411523111
480.0,0.062249424597174495,0.00019502591050013507,0.0012595518120104288,-3.357612124667326e-05,0.00010606731411524864
480.0,0.06329484773129956,0.00019503707500234668,0.0012595518120104288,-3.3560861740710376e-05,0.00010606731411523111
480.0,0.06434013790451507,0.00019505428571164884,0.0012595518120104288,-3.353733989371145e-05,0.00010606731411523111
480.0,0.06538527661709606,0.0001950806645254488,0.0012595518120104288,-3.350129043651113e-05,0.00010606731411523111
480.0,0.06643024305309167,0.0001951208624859646,0.0012595518120099847,-3.344635957705736e-05,0.00010606731411516289
480.0,0.06747501381324514,0.00019518176526389652,0.0012595518120099847,-3.33631413267455e-05,0.00010606731411516289
480.0,0.06851956266272122,0.00019527350355019735,0.0012595518120099847,-3.3237798589254363e-05,0.00010606731411521325
480.0,0.06956386026088461,0.00019541088778396443,0.0012595518120099847,-3.30501043494863e-05,0.00010606731411521325
480.0,0.07060787382080315,0.0001956154326308024,0.0012595518120099847,-3.277067823970922e-05,0.00010606731411521325
480.0,0.0716515667581494,0.0001959181925599296,0.0012595518120099847,-3.2357117067289445e-05,0.00010606731411516289
480.0,0.07269489830361563,0.00019636370399211955,0.0012595518120099847,-3.1748615856495997e-05,0.00010606731411516289
480.0,0.07373782316290495,0.00019701542470329514,0.0012595518120099847,-3.085854672834862e-05,0.00010606731411516289
480.0,0.07478029111431495,0.00019796318389353473,0.0012595518120099847,-2.9564297046415206e-05,0.00010606731411516289
480.0,0.07582224651288785,0.00019933330662524895,0.0012595518120104288,-2.769346181968893e-05,0.00010606731411523111
480.0,0.07686362783398165,0.00020130226681658314,0.0012595518120104288,-2.5005228528853805e-05,0.00010606731411524864
480.0,0.07790436719314517,0.0002041149517708618,0.0012595518120104288,-2.1165478913655428e-05,0.00010606731411523111
480.0,0.07894438984094701,0.00020810890083566846,0.0012595518120104288,-1.5713755358495147e-05,0.00010606731411523111
480.0,0.07998361362457158,0.00021374620962433255,0.0012595518120104288,-8.01979236835203e-06,0.00010606731411523111
480.0,0.08102194840032294,0.00022165517435723814,0.0012595518120104288,2.7732063005692247e-06,0.00010606731411524864
480.0,0.08205929548549097,0.0002326841909052746,0.0012595518120104288,1.782195894539742e-05,0.00010606731411524864
480.0,0.08309554716203224,0.00024797091839445784,0.0012595518120104288,3.8677246915657546e-05,0.00010606731411524864
480.0,0.08413058610602109,0.000269030253150504,0.0012595518120104288,6.740361053875125e-05,0.00010606731411523111
480.0,0.08516428481011179,0.00029786523589336866,0.0012595518120099847,0.00010673017839344478,0.00010606731411521325
480.0,0.08619650506439627,0.0003544445458487644,0.0012595518120099847,0.0001602390054296729,0.00010606731411516289
480.0,0.08722709745954318,0.0004464273331450386,0.0012595518120099847,0.00023259807859131354,0.00010606731411516289
480.0,0.08825590074562395,0.0005700063713902637,0.0012595518120099847,0.00032984686326411716,0.00010606731411516289
480.0,0.08928274153945595,0.0007350097427547553,0.0012595518120099847,0.000459742926047311,0.00010606731411516289
480.0,0.09030743429035756,0.0009539614146660824,0.0012595518120099847,0.0006321786723584245,0.00010606731411516289
480.0,0.09132978029650739,0.0012427036655822121,0.0012595518120099847,0.0008596772261276846,0.00010606731411516289
480.0,0.0923495681702389,0.0016211290389378519,0.0012595518120099847,0.001157976828454218,0.00010606731411516289
480.0,0.09336657378513252,0.00211403193645765,0.0012595518120099847,0.0015467124593962751,0.00010606731411516289
480.0,0.0943805595662751,0.002752087663736802,0.0012595518120104288,0.0020502017601721017,0.00010606731411523111
480.0,0.0953912756933589,0.0035729668634871814,0.0012595518120104288,0.002698342642527698,0.00010606731411523111
480.0,0.09639846026831739,0.004622587630422004,0.0012595518120104288,0.0035276257606205244,0.00010606731411524864
480.0,0.09740183955800345,0.00595650434053141,0.0012595518120104288,0.004582262691994578,0.00010606731411524864
480.0,0.09840112856690197,0.0076414276392711145,0.0012595518120104288,0.005915427308331518,0.00010606731411524864
480.0,0.09939603264570279,0.009756864396933906,0.0012595518120104288,0.007590603609796108,0.00010606731411523111
480.0,0.10038624851439969,0.012396857415467366,0.0012595518120104288,0.009683026390460396,0.00010606731411523111
480.0,0.10137146514031278,0.01567179435670596,0.0012595518120104288,0.01228119311089393,0.00010606731411523111
480.0,0.10235136516852997,0.019710251569847514,0.0012595518120104288,0.015488422491627294,0.00010606731411524864
480.0,0.10332562634832987,0.024660822203202315,0.0012595518120099847,0.01942442248183481,0.00010606731411512754
480.0,0.10429392395625564,0.030693879104831012,0.0012595518120099847,0.02422683116140875,0.00010606731411451866
480.0,0.10525593175448669,0.03800319467330837,0.0012595518120073201,0.03005267151536547,0.00010606731410959828
480.0,0.10621132333208266,0.04680734676719567,0.0012595518119824511,0.037079666277227745,0.00010606731406442175
480.0,0.1071597731638037,0.05735082837082928,0.0012595518117790583,0.04550734957976963,0.00010606731368692869
480.0,0.10810095779176977,0.06990477290952413,0.0012595518100884107,0.055557906762476926,0.0001060673106483142
480.0,0.10903455688746658,0.08476721106603691,0.001259551796947811,0.06747667572903134,0.00010606728766239183
480.0,0.1099602474607406,0.10226263412391745,0.0012595517011519952,0.08153212818427531,0.00010606712450044541
480.0,0.11087769214552082,0.12274061302980499,0.0012595510478035088,0.09801512362292339,0.00010606604071033752
480.0,0.11178649938229036,0.14657256788365203,0.0012595468910321372,0.11723669463018857,0.00010605932411490436
480.0,0.11268612433286049,0.17414447749808915,0.0012595223040592352,0.13952254804930958,0.00010602061816937674
480.0,0.11357566155031681,0.20584096387239015,0.0012593876517108527,0.16520051701371383,0.0001058140428720575
480.0,0.11445345181243931,0.2420114828761939,0.0012587085323501057,0.19457328800062032,0.00010479838890403739
480.0,0.11531648055089319,0.2829060378848567,0.001255578009161873,0.22786584455883502,0.0001002323477816804
480.0,0.11615971333464245,0.3285729234616497,0.0012425285115389428,0.2651409650200274,8.165883650469663e-05
480.0,0.11697592061638235,0.3787438585983409,0.001194013011515338,0.30620284847554397,1.4220014173290586e-05
480.0,0.11776318273753608,0.4332326999114571,0.0010341641319362438,0.35092053158118663,-0.00020302765753216873
480.0,0.1185312860297518,0.49267204426763556,0.001315503722117084,0.3998361040454167,-0.0008362952613361377
480.0,0.11929291462851194,0.5582559960370759,0.0030409503228461254,0.45396235216237263,-0.0025459445906594043
480.0,0.12005385934471033,0.6309255495042407,0.007481170837535078,0.5141145700449924,-0.006832605666870266
480.0,0.12081480406090875,0.7112565323200215,0.017765657123424372,0.580814651049554,-0.016742864282534412
480.0,0.12157574877710715,0.7997628717008638,0.03961422825835692,0.6545376512182636,-0.03779356267074563
480.0,0.12233669349330556,0.8969438318976017,0.08212147008942638,0.7357551300816455,-0.0788038640833944
480.0,0.12309763820950397,1.0032702848777717,0.15785900792916507,0.8249303502024519,-0.15207826045546438
480.0,0.12385858292570237,1.119191837631604,0.2818384671581531,0.9225144475925924,-0.27245918189538254
480.0,0.12461952764190079,1.2451269575952892,0.46944505326573305,1.0289440751070085,-0.4554788074112956
480.0,0.125,1.3132936276998066,0.5980778311056056,1.0867925139108154,-0.5816410950330639
540.0,0.0,0.00026987804443479035,0.0011721290591046873,-3.8716347652557126e-05,0.00010707193575051995
540.0,0.0005231494912409765,0.00026987804449163377,0.0011721290591049094,-3.8716347629431405e-05,0.0001070719357506887
540.0,0.0015694484714494639,0.00026987804449163377,0.0011721290591049094,-3.8716347629431405e-05,0.0001070719357506887
540.0,0.0026157474465723883,0.00026987804449163377,0.0011721290591049094,-3.8716347629431405e-05,0.00010707193575072337
540.0,0.0036620464155861904,0.00026987804449163377,0.0011721290591053535,-3.8716347629431405e-05,0.00010707193575077443
540.0,0.004708345377475357,0.00026987804449163377,0.0011721290591053535,-3.8716347629431405e-05,0.00010707193575077443
540.0,0.005754644331009957,0.00026987804449163377,0.0011721290591053535,-3.8716347629431405e-05,0.00010707193575077443
540.0,0.00680094327457751,0.00026987804449163377,0.0011721290591053535,-3.8716347629431405e-05,0.00010707193575077443
540.0,0.007847242206097388,0.00026987804449163377,0.0011721290591053535,-3.8716347629431405e-05,0.00010707193575077443
540.0,0.008893541122936801,0.00026987804449163377,0.0011721290591053535,-3.8716347629431405e-05,0.00010707193575077443
540.0,0.009939840021803058,0.00026987804449163377,0.0011721290591053535,-3.8716347629431405e-05,0.00010707193575077443
540.0,0.010986138898604688,0.00026987804449163377,0.0011721290591049094,-3.8716347629431405e-05,0.00010707193575072337
540.0,0.012032437748284802,0.00026987804449163377,0.0011721290591049094,-3.8716347629431405e-05,0.00010707193575064135
540.0,0.013078736564625394,0.00026987804449163377,0.0011721290591049094,-3.8716347629431405e-05,0.00010707193575064135
540.0,0.014125035340008817,0.00026987804449163377,0.0011721290591049094,-3.8716347629431405e-05,0.00010707193575064135
540.0,0.015171334065114943,0.00026987804449163377,0.0011721290591051314,-3.8716347629431405e-05,0.00010707193575073232
540.0,0.01621763272858375,0.00026987804449163377,0.0011721290591049094,-3.8716347629431405e-05,0.0001070719357506887
540.0,0.017263931316600097,0.00026987804449163377,0.0011721290591049094,-3.8716347629431405e-05,0.00010707193575072337
540.0,0.018310229812372354,0.00026987804449163377,0.0011721290591053535,-3.8716347629431405e-05,0.00010707193575077443
540.0,0.019356528195540252,0.00026987804449163377,0.0011721290591053535,-3.8716347629431405e-05,0.00010707193575077443
540.0,0.020402826441478825,0.00026987804449163377,0.0011721290591053535,-3.8716347629431405e-05,0.00010707193575077443
540.0,0.021449124520446446,0.00026987804449163377,0.0011721290591053535,-3.8716347629431405e-05,0.00010707193575077443
540.0,0.02249542239654262,0.00026987804449163377,0.0011721290591053535,-3.8716347629431405e-05,0.00010707193575077443
540.0,0.023541720026574783,0.00026987804449163377,0.0011721290591053535,-3.8716347629431405e-05,0.00010707193575077443
540.0,0.024588017358664248,0.00026987804449163377,0.0011721290591053535,-3.8716347629431405e-05,0.00010707193575077443
540.0,0.025634314330521622,0.00026987804449163377,0.0011721290591053535,-3.8716347629431405e-05,0.00010707193575077443
540.0,0.026680610867531526,0.00026987804449163377,0.0011721290591053535,-3.87163476279716e-05,0.00010707193575077443
540.0,0.027726906880536258,0.00026987804449163377,0.0011721290591053535,-3.871634761653915e-05,0.00010707193575077443
540.0,0.028773202263123444,0.00026987804449163377,0.0011721290591053535,-3.871634761033154e-05,0.00010707193575077443
540.0,0.029819496888343826,0.00026987804449163377,0.0011721290591053535,-3.871634759374798e-05,0.00010707193575077443
540.0,0.030865790605256217,0.0002698780445484772,0.0011721290591049094,-3.8716347556131546e-05,0.00010707193575072337
540.0,0.03191208323471192,0.0002698780445484772,0.0011721290591049094,-3.8716347504368895e-05,0.0001070719357506887
540.0,0.03295837456413289,0.0002698780446053206,0.0011721290591049094,-3.871634741947094e-05,0.0001070719357506887
540.0,0.03400466434171516,0.00026987804471900745,0.0011721290591049094,-3.871634727594122e-05,0.0001070719357506887
540.0,0.03505095226985211,0.0002698780449463811,0.0011721290591049094,-3.871634701267653e-05,0.00010707193575072337
540.0,0.03609723799744126,0.00026987804528744164,0.0011721290591053535,-3.8716346569862814e-05,0.00010707193575077443
540.0,0.03714352111050014,0.0002698780457990324,0.0011721290591053535,-3.871634581802391e-05,0.00010707193575077443
540.0,0.03818980112251305,0.00026987804676537053,0.0011721290591053535,-3.871634455978569e-05,0.00010707193575077443
540.0,0.03923607746275605,0.00026987804835698626,0.0011721290591053535,-3.871634244794535e-05,0.00010707193575077443
540.0,0.04028234946173375,0.0002698780508580967,0.0011721290591053535,-3.871633896540129e-05,0.00010707193575077443
540.0,0.04132861633570477,0.0002698780551213531,0.0011721290591053535,-3.871633319303127e-05,0.00010707193575077443
540.0,0.04237487716971418,0.0002698780619994068,0.0011721290591053535,-3.8716323696696055e-05,0.00010707193575077443
540.0,0.04342113089694337,0.000269878073424934,0.0011721290591049094,-3.8716308160166384e-05,0.00010707193575072337
540.0,0.0444673762737487,0.0002698780918422017,0.0011721290591051314,-3.871628288701678e-05,0.00010707193575073232
540.0,0.045513611855182684,0.0002698781216849966,0.0011721290591053535,-3.871624190991594e-05,0.00010707193575077443
540.0,0.046559835965433324,0.00026987816983137236,0.0011721290591053535,-3.871617585503569e-05,0.00010707193575077443
540.0,0.04760604666142646,0.00026987824696789176,0.0011721290591053535,-3.871606990800362e-05,0.00010707193575077443
540.0,0.048652241694590856,0.0002698783703181107,0.0011721290591053535,-3.8715900806694656e-05,0.00010707193575077443
540.0,0.049698418470146756,0.00026987856608684524,0.0011721290591053535,-3.8715632303102446e-05,0.00010707193575077443
540.0,0.050744573997060706,0.00026987887537188726,0.0011721290591053535,-3.871520813258719e-05,0.00010707193575077443
540.0,0.051790704828407724,0.0002698793616104922,0.0011721290591053535,-3.871454141391563e-05,0.00010707193575077443
540.0,0.052836807004765764,0.00026988012189121946,0.0011721290591053535,-3.8713498857369794e-05,0.00010707193575077443
540.0,0.05388287598694727,0.00026988130474592253,0.0011721290591053535,-3.871187687650331e-05,0.00010707193575077443
540.0,0.05492890657290356,0.0002698831355587572,0.0011721290591053535,-3.8709366327625215e-05,0.00010707193575077443
540.0,0.055974892808294846,0.00026988595510601954,0.0011721290591053535,-3.8705500267728775e-05,0.00010707193575077443
540.0,0.05702082789713402,0.0002698902749784793,0.0011721290591051314,-3.869957736506041e-05,0.00010707193575073232
540.0,0.0580667040925781,0.000269896859435903,0.0011721290591049094,-3.86905498631004e-05,0.00010707193575072337
540.0,0.05911251256974148,0.0002699068441529562,0.0011721290591053535,-3.867686116127794e-05,0.00010707193575077443
540.0,0.06015824330378468,0.00026992190697683327,0.0011721290591053535,-3.865621136019933e-05,0.00010707193575077443
540.0,0.06120388493425225,0.0002699445136045142,0.0011721290591053535,-3.862522113505055e-05,0.00010707193575077443
540.0,0.062249424597174495,0.00026997826716979034,0.0011721290591053535,-3.857895266361992e-05,0.00010707193575077443
540.0,0.06329484773129956,0.0002700284030652256,0.0011721290591053535,-3.8510231311034484e-05,0.00010707193575077443
540.0,0.06434013790451507,0.0002701024863540624,0.0011721290591053535,-3.840869046213137e-05,0.00010707193575077443
540.0,0.06538527661709606,0.0002702113874875067,0.0011721290591053535,-3.8259435840768424e-05,0.00010707193575077443
540.0,0.06643024305309167,0.0002703706371107728,0.0011721290591049094,-3.8041189027219716e-05,0.00010707193575072337
540.0,0.06747501381324514,0.0002706022982010836,0.0011721290591049094,-3.7723723679691426e-05,0.00010707193575072337
540.0,0.06851956266272122,0.0002709375357312638,0.0011721290591051314,-3.726434783053601e-05,0.00010707193575076551
540.0,0.06956386026088461,0.00027142011856540194,0.0011721290591049094,-3.6603109028768295e-05,0.00010707193575075656
540.0,0.07060787382080315,0.0002721111621895034,0.0011721290591051314,-3.565630153427842e-05,0.00010707193575076551
540.0,0.0716515667581494,0.00027309550955578743,0.0011721290591049094,-3.430773298442988e-05,0.00010707193575072337
540.0,0.07269489830361563,0.0002744902572544561,0.0011721290591049094,-3.2397056644133396e-05,0.0001070719357506887
540.0,0.07373782316290495,0.0002764560698551577,0.0011721290591049094,-2.970428980671696e-05,0.0001070719357506887
540.0,0.07478029111431495,0.0002792120920389607,0.0011721290591049094,-2.5929412907533863e-05,0.00010707193575072337
540.0,0.07582224651288785,0.0002830554662409668,0.0011721290591053535,-2.0665675292107636e-05,0.00010707193575077443
540.0,0.07686362783398165,0.0002883866949332514,0.0011721290591053535,-1.3364912818135411e-05,0.00010707193575077443
540.0,0.07790436719314517,0.0002957423647558244,0.0011721290591053535,-3.2928098359556173e-06,0.00010707193575077443
540.0,0.07894438984094701,0.0003058370634221319,0.0011721290591053535,1.0528390432518592e-05,0.00010707193575077443
540.0,0.07998361362457158,0.00031961667718860554,0.0011721290591053535,2.939270833468531e-05,0.00010707193575077443
540.0,0.08102194840032294,0.0003383256550364422,0.0011721290591053535,5.50023025744611e-05,0.00010707193575077443
540.0,0.08205929548549097,0.0003635912605091107,0.0011721290591053535,8.95825043050898e-05,0.00010707193575077443
540.0,0.08309554716203224,0.0003975282957071613,0.0011721290591053535,0.00013602474356780186,0.00010707193575077443
540.0,0.08413058610602109,0.00044286825965400567,0.0011721290591053535,0.00019806273831668843,0.00010707193575077443
540.0,0.08516428481011179,0.0005050062808322764,0.0011721290591053535,0.000280487956020984,0.00010707193575077443
540.0,0.08619650506439627,0.0006443013418220289,0.0011721290591049094,0.00038941096578390025,0.00010707193575072337
540.0,0.08722709745954318,0.0008273271726011444,0.0011721290591049094,0.000532575819805695,0.0001070719357506887
540.0,0.08825590074562395,0.001066513467378627,0.0011721290591049094,0.0007197349695461547,0.0001070719357506887
540.0,0.08928274153945595,0.001377404136178484,0.0011721290591049094,0.0009630924968029635,0.0001070719357506887
540.0,0.09030743429035756,0.0017793128795915436,0.0011721290591049094,0.0012778234477757683,0.0001070719357506887
540.0,0.09132978029650739,0.0022960820369348767,0.0011721290591049094,0.001682676215062478,0.0001070719357506887
540.0,0.0923495681702389,0.0029569527649186966,0.0011721290591049094,0.002200664909665413,0.0001070719357506887
540.0,0.09336657378513252,0.0037975521136672796,0.0011721290591049094,0.002859856852021212,0.00010707193575075656
540.0,0.0943805595662751,0.004860998583410492,0.0011721290591053535,0.0036942573377113405,0.00010707193575077443
540.0,0.0953912756933589,0.006199128098444362,0.0011721290591053535,0.004744794273152479,0.00010707193575077443
540.0,0.09639846026831739,0.007873833391954577,0.0011721290591053535,0.00606039843511324,0.00010707193575077443
540.0,0.09740183955800345,0.009958505920849348,0.0011721290591053535,0.007699172228833511,0.00010707193575077443
540.0,0.09840112856690197,0.012539563791960973,0.0011721290591053535,0.00972963555582007,0.00010707193575077443
540.0,0.09939603264570279,0.015718042830428658,0.0011721290591053535,0.012232032539576571,0.00010707193575077443
540.0,0.10038624851439969,0.019611216987811986,0.0011721290591053535,0.015299674362127404,0.00010707193575077443
540.0,0.10137146514031278,0.02435420340401606,0.0011721290591053535,0.019040284889959992,0.00010707193575077443
540.0,0.10235136516852997,0.030101506119933674,0.0011721290591053535,0.023577314660276634,0.00010707193575074655
540.0,0.10332562634832987,0.03702843400913025,0.0011721290591051314,0.029051174044357114,0.00010707193575024601
540.0,0.10429392395625564,0.04533233470306186,0.001172129059103355,0.03562034095530442,0.00010707193574553418
540.0,0.10525593175448669,0.05523355141991715,0.001172129059082705,0.04346227040022336,0.00010707193570371726
540.0,0.10621132333208266,0.06697602532432256,0.0011721290589101763,0.05277404488618016,0.00010707193537459542
540.0,0.1071597731638037,0.08082745501945965,0.0011721290575827936,0.06377269532427661,0.00010707193288085266
540.0,0.10810095779176977,0.0970789259989715,0.001172129047812387,0.07669512245612851,0.0001070719150439409
540.0,0.10903455688746658,0.11604394052648104,0.0011721289801593926,0.09179756283168164,0.00010707179493726859
540.0,0.1099602474607406,0.13805662560810106,0.0011721285403689663,0.10935442216838698,0.00010707103551904877
540.0,0.11087769214552082,0.16346892310349403,0.0011721258633297094,0.1296563200473545,0.00010706653848401197
540.0,0.11178649938229036,0.1926458396995372,0.0011721106478350674,0.15300660992698953,0.00010704166778319732
540.0,0.11268612433286049,0.22595644984448882,0.0011720301562208046,0.1797145194640366,0.00010691361145686745
540.0,0.11357566155031681,0.26375587074363693,0.001171635354158207,0.21008103970016564,0.0001063020711816252
540.0,0.11445345181243931,0.30634847685786326,0.0011698489603584328,0.24436962678391874,0.0001036067998746169
540.0,0.11531648055089319,0.35391968356486814,0.0011624450977685274,0.2827512289862159,9.272001516417808e-05
540.0,0.11615971333464245,0.40643020578244204,0.0011346171699637697,0.3252181823395615,5.281297918667203e-05
540.0,0.11697592061638235,0.46350317434217914,0.001040974801463257,0.3714908436550557,-7.82824077391606e-05
540.0,0.11776318273753608,0.5248936352405735,0.0009499601999065632,0.4213957819488362,-0.0004624004829330847
540.0,0.1185312860297518,0.5912999884881174,0.0019264678028960702,0.47552997421280413,-0.0014869534700707584
540.0,0.11929291462851194,0.6640465269372839,0.0045809484655046084,0.5350134565957467,-0.004032052854650458
540.0,0.12005385934471033,0.7441861913777075,0.010739330512586687,0.6007622212752612,-0.009934671047889867
540.0,0.12081480406090875,0.8324084753317607,0.02399187728612384,0.6734109369943672,-0.02263092407255224
540.0,0.12157574877710715,0.9294021718630461,0.05034471126031148,0.753602269126181,-0.04789460145783913
540.0,0.12233669349330556,1.0358981179232387,0.09870231700805032,0.8420491047086961,-0.09436764366881578
540.0,0.12309763820950397,1.1527036353156745,0.1807429454527365,0.9395433061585755,-0.17347148073764582
540.0,0.12385858292570237,1.2806996804251867,0.30986561720014993,1.0469638493599462,-0.29847237958137374
540.0,0.12461952764190079,1.4208440790108625,0.4995957088398155,1.165283804592637,-0.48310132186933497
540.0,0.125,1.4975085052604982,0.6270601357343679,1.2304297631137047,-0.607866895828127
600.0,0.0,0.00025256511094085,0.0010981514030588002,-4.455383389562101e-05,0.00010781342554643082
600.0,0.0005231494912409765,0.0002525651109976934,0.0010981514030588002,-4.4553833871672076e-05,0.00010781342554662098
600.0,0.0015694484714494639,0.0002525651109976934,0.0010981514030588002,-4.4553833871672076e-05,0.00010781342554662098
600.0,0.0026157474465723883,0.0002525651109976934,0.0010981514030590223,-4.4553833871672076e-05,0.00010781342554669777
600.0,0.0036620464155861904,0.0002525651109976934,0.0010981514030592443,-4.4553833871672076e-05,0.00010781342554670671
600.0,0.004708345377475357,0.0002525651109976934,0.0010981514030592443,-4.4553833871672076e-05,0.00010781342554670671
600.0,0.005754644331009957,0.0002525651109976934,0.0010981514030592443,-4.4553833871672076e-05,0.00010781342554670671
600.0,0.00680094327457751,0.0002525651109976934,0.0010981514030592443,-4.4553833871672076e-05,0.00010781342554670671
600.0,0.007847242206097388,0.0002525651109976934,0.0010981514030592443,-4.4553833871672076e-05,0.00010781342554670671
600.0,0.008893541122936801,0.0002525651109976934,0.0010981514030592443,-4.4553833871672076e-05,0.00010781342554670671
600.0,0.009939840021803058,0.0002525651109976934,0.0010981514030592443,-4.455383386765979e-05,0.00010781342554670671
600.0,0.010986138898604688,0.0002525651109976934,0.0010981514030590223,-4.45538338636526e-05,0.00010781342554669777
600.0,0.012032437748284802,0.0002525651109976934,0.0010981514030588002,-4.455383385735058e-05,0.00010781342554662098
600.0,0.013078736564625394,0.0002525651109976934,0.0010981514030588002,-4.455383385510882e-05,0.00010781342554662098
600.0,0.014125035340008817,0.0002525651109976934,0.0010981514030588002,-4.455383385510882e-05,0.00010781342554662098
600.0,0.015171334065114943,0.0002525651109976934,0.0010981514030588002,-4.455383385510882e-05,0.00010781342554668882
600.0,0.01621763272858375,0.0002525651109976934,0.0010981514030588002,-4.455383385510882e-05,0.00010781342554662098
600.0,0.017263931316600097,0.0002525651109976934,0.0010981514030590223,-4.455383385735058e-05,0.00010781342554669777
600.0,0.018310229812372354,0.0002525651109976934,0.0010981514030592443,-4.45538338636526e-05,0.00010781342554670671
600.0,0.019356528195540252,0.0002525651109976934,0.0010981514030592443,-4.455383386765979e-05,0.00010781342554670671
600.0,0.020402826441478825,0.0002525651109976934,0.0010981514030592443,-4.4553833871672076e-05,0.00010781342554670671
600.0,0.021449124520446446,0.0002525651109976934,0.0010981514030592443,-4.4553833871672076e-05,0.00010781342554670671
600.0,0.02249542239654262,0.0002525651109976934,0.0010981514030592443,-4.455383386765979e-05,0.00010781342554670671
600.0,0.023541720026574783,0.0002525651109976934,0.0010981514030592443,-4.455383386144317e-05,0.00010781342554670671
600.0,0.024588017358664248,0.0002525651109976934,0.0010981514030592443,-4.455383383641361e-05,0.00010781342554670671
600.0,0.025634314330521622,0.0002525651109976934,0.0010981514030592443,-4.455383380430427e-05,0.00010781342554670671
600.0,0.026680610867531526,0.00025256511105453683,0.0010981514030592443,-4.455383376098863e-05,0.00010781342554670671
600.0,0.027726906880536258,0.00025256511111138025,0.0010981514030592443,-4.45538336589576e-05,0.00010781342554670671
600.0,0.028773202263123444,0.0002525651112250671,0.0010981514030592443,-4.455383353064878e-05,0.00010781342554670671
600.0,0.029819496888343826,0.00025256511139559734,0.0010981514030592443,-4.455383329593201e-05,0.00010781342554670671
600.0,0.030865790605256217,0.000252565111622971,0.0010981514030590223,-4.4553832913356536e-05,0.00010781342554669777
600.0,0.03191208323471192,0.00025256511207771837,0.0010981514030588002,-4.455383228342296e-05,0.00010781342554662098
600.0,0.03295837456413289,0.0002525651127598394,0.0010981514030588002,-4.455383129405767e-05,0.00010781342554662098
600.0,0.03400466434171516,0.0002525651140103946,0.0010981514030588002,-4.45538296569232e-05,0.00010781342554662098
600.0,0.03505095226985211,0.00025256511594307085,0.0010981514030590223,-4.4553826974791596e-05,0.00010781342554669777
600.0,0.03609723799744126,0.0002525651190694589,0.0010981514030592443,-4.455382264963835e-05,0.00010781342554670671
600.0,0.03714352111050014,0.0002525651241853666,0.0010981514030592443,-4.4553815672632124e-05,0.00010781342554670671
600.0,0.03818980112251305,0.0002525651323139755,0.0010981514030592443,-4.455380448251203e-05,0.00010781342554670671
600.0,0.03923607746275605,0.000252565145274275,0.0010981514030592443,-4.455378663375049e-05,0.00010781342554670671
600.0,0.04028234946173375,0.00025256516590843603,0.0010981514030592443,-4.455375825382614e-05,0.00010781342554670671
600.0,0.04132861633570477,0.0002525651985934019,0.0010981514030592443,-4.455371337514193e-05,0.00010781342554670671
600.0,0.04237487716971418,0.00025256525003669594,0.0010981514030592443,-4.455364272288671e-05,0.00010781342554670671
600.0,0.04342113089694337,0.00025256533058382047,0.0010981514030590223,-4.4553531994404494e-05,0.00010781342554669777
600.0,0.0444673762737487,0.00025256545626461957,0.0010981514030592443,-4.4553359275261856e-05,0.00010781342554670671
600.0,0.045513611855182684,0.0002525656514080765,0.0010981514030592443,-4.455309108116133e-05,0.00010781342554670671
600.0,0.046559835965433324,0.0002525659530761004,0.0010981514030592443,-4.455267658271686e-05,0.00010781342554670671
600.0,0.04760604666142646,0.00025256641703208516,0.0010981514030592443,-4.4552038912894143e-05,0.00010781342554670671
600.0,0.048652241694590856,0.00025256712768850775,0.0010981514030592443,-4.4551062455068516e-05,0.00010781342554670671
600.0,0.049698418470146756,0.0002525682107261673,0.0010981514030592443,-4.45495741566393e-05,0.00010781342554670671
600.0,0.050744573997060706,0.00025256985395571974,0.0010981514030592443,-4.4547316243160706e-05,0.00010781342554670671
600.0,0.051790704828407724,0.00025257233534148327,0.0010981514030592443,-4.454390668044219e-05,0.00010781342554670671
600.0,0.052836807004765764,0.0002525760650655684,0.0010981514030592443,-4.4538781973769516e-05,0.00010781342554670671
600.0,0.05388287598694727,0.00025258164498609403,0.0010981514030592443,-4.45311152589104e-05,0.00010781342554670671
600.0,0.05492890657290356,0.00025258995418653285,0.0010981514030592443,-4.4519699133628586e-05,0.00010781342554670671
600.0,0.055974892808294846,0.00025260226959744614,0.0010981514030592443,-4.450277930927172e-05,0.00010781342554670671
600.0,0.05702082789713402,0.00025262043737939166,0.0010981514030592443,-4.447781976269685e-05,0.00010781342554670671
600.0,0.0580667040925781,0.0002526471135411157,0.0010981514030590223,-4.444117264162288e-05,0.00010781342554669777
600.0,0.05911251256974148,0.0002526860988041335,0.0010981514030592443,-4.438761745318493e-05,0.00010781342554670671
600.0,0.06015824330378468,0.0002527428055714154,0.0010981514030592443,-4.430972061730796e-05,0.00010781342554670671
600.0,0.06120388493425225,0.0002528249022475393,0.0010981514030592443,-4.419695105297351e-05,0.00010781342554670671
600.0,0.062249424597174495,0.0002529431972106977,0.0010981514030592443,-4.4034465392521855e-05,0.00010781342554670671
600.0,0.06329484773129956,0.00025311284849749427,0.0010981514030592443,-4.380144887297472e-05,0.00010781342554670671
600.0,0.06434013790451507,0.00025335500430401225,0.0010981514030592443,-4.346886266208286e-05,0.00010781342554670671
600.0,0.06538527661709606,0.0002536990186285948,0.0010981514030592443,-4.2996402553655326e-05,0.00010781342554670671
600.0,0.06643024305309167,0.0002541854259447973,0.0010981514030590223,-4.232841731602482e-05,0.00010781342554669777
600.0,0.06747501381324514,0.00025486990995204906,0.0010981514030590223,-4.1388462196574115e-05,0.00010781342554669777
600.0,0.06851956266272122,0.00025582856801520393,0.0010981514030590223,-4.007207537762567e-05,0.00010781342554669777
600.0,0.06956386026088461,0.00025716485407656364,0.0010981514030590223,-3.823725331537875e-05,0.00010781342554669777
600.0,0.07060787382080315,0.00025901867815036894,0.0010981514030590223,-3.569196851297687e-05,0.00010781342554669777
600.0,0.0716515667581494,0.000261578261017803,0.0010981514030590223,-3.217791032945883e-05,0.00010781342554669777
600.0,0.07269489830361563,0.00026509548411013384,0.0010981514030588002,-2.7349435720155884e-05,0.00010781342554662098
600.0,0.07373782316290495,0.00026990564214202095,0.0010981514030588002,-2.0746487363878595e-05,0.00010781342554662098
600.0,0.07478029111431495,0.00027645270210996387,0.0010981514030590223,-1.1759967896756088e-05,0.00010781342554669777
600.0,0.07582224651288785,0.0002853214022024986,0.0010981514030592443,4.1225004794481757e-07,0.00010781342554670671
600.0,0.07686362783398165,0.0002972777784862046,0.0010981514030592443,1.6820853524884164e-05,0.00010781342554670671
600.0,0.07790436719314517,0.00031332000611428157,0.0010981514030592443,3.883473088135261e-05,0.00010781342554670671
600.0,0.07894438984094701,0.00033474175791070593,0.0010981514030592443,6.822773653349338e-05,0.00010781342554670671
600.0,0.07998361362457158,0.0003632106405007107,0.0010981514030592443,0.00010728606534013653,0.00010781342554670671
600.0,0.08102194840032294,0.0004008646311604025,0.0010981514030592443,0.00015894022489241634,0.00010781342554670671
600.0,0.08205929548549097,0.0004504298342453694,0.0010981514030592443,0.00022692611498416015,0.00010781342554670671
600.0,0.08309554716203224,0.0005416769559474233,0.0010981514030592443,0.00031598024157242,0.00010781342554670671
600.0,0.08413058610602109,0.0006908204669571205,0.0010981514030592443,0.0004320745647498283,0.00010781342554670671
600.0,0.08516428481011179,0.0008842694304007637,0.0010981514030592443,0.0005826969054103658,0.00010781342554670671
600.0,0.08619650506439627,0.001133982409555756,0.0010981514030590223,0.0007771831578046057,0.00010781342554669777
600.0,0.08722709745954318,0.0014547771548905075,0.0010981514030588002,0.001027107710099249,0.00010781342554662098
600.0,0.08825590074562395,0.001864908648826713,0.0010981514030588002,0.001346738364875371,0.00010781342554662098
600.0,0.08928274153945595,0.0023867357581366377,0.0010981514030588002,0.0017535618383642756,0.00010781342554662098
600.0,0.09030743429035756,0.003047482963836501,0.0010981514030588002,0.002268885301039242,0.00010781342554662098
600.0,0.09132978029650739,0.0038801011344844483,0.0010981514030588002,0.0029185175533091847,0.00010781342554662098
600.0,0.0923495681702389,0.004924230852338951,0.0010981514030588002,0.003733533168816383,0.00010781342554662098
600.0,0.09336657378513252,0.006227267646067958,0.0010981514030590223,0.004751119797736683,0.00010781342554669777
600.0,0.0943805595662751,0.007845522829654783,0.0010981514030592443,0.0060155045120194985,0.00010781342554670671
600.0,0.0953912756933589,0.009845474933172227,0.0010981514030592443,0.007578956186043921,0.00010781342554670671
600.0,0.09639846026831739,0.012305094245675718,0.0010981514030592443,0.009502851279552133,0.00010781342554670671
600.0,0.09740183955800345,0.015315219545357195,0.0010981514030592443,0.01185878779270555,0.00010781342554670671
600.0,0.09840112856690197,0.018980960471651542,0.0010981514030592443,0.014729727872197345,0.00010781342554670671
600.0,0.09939603264570279,0.02342309354696681,0.0010981514030592443,0.018211145392739162,0.00010781342554670671
600.0,0.10038624851439969,0.028779408965760922,0.0010981514030592443,0.022412146451655367,0.00010781342554670671
600.0,0.10137146514031278,0.035205957476023286,0.0010981514030592443,0.027456524749214267,0.00010781342554668661
600.0,0.10235136516852997,0.042878153207766445,0.0010981514030590223,0.03348371920147986,0.000107813425546115
600.0,0.10332562634832987,0.0519916748188507,0.001098151403057246,0.040649630892838864,0.00010781342554199058
600.0,0.10429392395625564,0.06276312918686244,0.0010981514030388162,0.04912727416421259,0.00010781342550793755
600.0,0.10525593175448669,0.07543041274885809,0.0010981514029104744,0.05910721440639263,0.0001078134252494072
600.0,0.10621132333208266,0.09025274619932588,0.0010981514019610117,0.07079777781715656,0.00010781342338788843
600.0,0.1071597731638037,0.10751036144642967,0.001098151395286795,0.08442502184386362,0.00010781341067640261
600.0,0.10810095779176977,0.12750383708328172,0.0010981513509740193,0.10023246943472996,0.00010781332871235658
600.0,0.10903455688746658,0.15055310457887572,0.0010981510739282996,0.11848063121978634,0.00010781283087823837
600.0,0.1099602474607406,0.17699595407094648,0.0010981494465351904,0.13944618605905038,0.00010780998938183889
600.0,0.11087769214552082,0.20718588416252715,0.0010981404874144118,0.16342069903404585,0.00010779478595991676
600.0,0.11178649938229036,0.24148823240483352,0.0010980943869987048,0.19070802816258245,0.00010771873142972671
600.0,0.11268612433286049,0.280271903440962,0.001097873327900345,0.22161825859582465,0.00010736406244636246
600.0,0.11357566155031681,0.32389118766030833,0.0010968890578249013,0.2564536977818838,0.00010582765104209331
600.0,0.11445345181243931,0.3726466321547832,0.0010928389446669406,0.29547792473505746,9.967353288090166e-05
600.0,0.11531648055089319,0.4267108661063048,0.0010775395793052311,0.3388561952809667,7.702901530494313e-05
600.0,0.11615971333464245,0.4860128867027811,0.001024978397457188,0.3865612741133875,1.1863228440162328e-06
600.0,0.11697592061638235,0.5501149972961912,0.0008627004421024598,0.43827134868531104,-0.00022734746900865082
600.0,0.11776318273753608,0.6187402690889598,0.001246135914090285,0.49379195083343247,-0.0008447131115707915
600.0,0.1185312860297518,0.6926616717528873,0.0028440851902455933,0.5537804831588067,-0.002371478508212483
600.0,0.11929291462851194,0.7733247533424219,0.006553948357241879,0.6194530775660507,-0.005906112351763134
600.0,0.12005385934471033,0.8618434624951874,0.014613211365793521,0.691773247479942,-0.013583156741432859
600.0,0.12081480406090875,0.9589061571924162,0.030932988221964663,0.7713660760880634,-0.02913028907958462
600.0,0.12157574877710715,1.0651474404996861,0.06163112502605195,0.8588307408198161,-0.05843574088808778
600.0,0.12233669349330556,1.181219767428729,0.11533121561231319,0.9547992927930238,-0.10985410406617095
600.0,0.12309763820950397,1.3078012780973722,0.20284978680822574,1.0599365291794078,-0.19396471573341637
600.0,0.12385858292570237,1.4455880052843213,0.33623745249523784,1.1749401523349912,-0.322719629573634
600.0,0.12461952764190079,1.5952916071373124,0.527567631243536,1.3005414558590305,-0.5084538971668483
600.0,0.125,1.6764645669418883,0.653949583073067,1.369024111703986,-0.6319198137063027
660.0,0.0,0.0003102575813045405,0.0010342462592412005,-5.225130261123587e-05,0.00010833364348138223
660.0,0.0005231494912409765,0.0003102575813045405,0.0010342462592414225,-5.2251302587896517e-05,0.0001083336434816082
660.0,0.0015694484714494639,0.0003102575813045405,0.0010342462592414225,-5.2251302587896517e-05,0.0001083336434816082
660.0,0.0026157474465723883,0.0003102575813045405,0.0010342462592418666,-5.2251302587896517e-05,0.00010833364348167752
660.0,0.0036620464155861904,0.0003102575813045405,0.0010342462592418666,-5.2251302587896517e-05,0.00010833364348167752
660.0,0.004708345377475357,0.0003102575813045405,0.0010342462592418666,-5.2251302587896517e-05,0.00010833364348169391
660.0,0.005754644331009957,0.0003102575813045405,0.0010342462592418666,-5.2251302587896517e-05,0.00010833364348170995
660.0,0.00680094327457751,0.0003102575813045405,0.0010342462592418666,-5.2251302587896517e-05,0.00010833364348170995
660.0,0.007847242206097388,0.0003102575813045405,0.0010342462592418666,-5.225130259190025e-05,0.00010833364348170995
660.0,0.008893541122936801,0.0003102575813045405,0.0010342462592418666,-5.2251302600210404e-05,0.00010833364348170995
660.0,0.009939840021803058,0.0003102575813045405,0.0010342462592418666,-5.2251302600210404e-05,0.00010833364348170995
660.0,0.010986138898604688,0.0003102575813045405,0.0010342462592418666,-5.2251302600210404e-05,0.00010833364348169391
660.0,0.012032437748284802,0.0003102575813045405,0.0010342462592414225,-5.2251302600210404e-05,0.0001083336434816082
660.0,0.013078736564625394,0.0003102575813045405,0.0010342462592414225,-5.2251302600210404e-05,0.0001083336434816082
660.0,0.014125035340008817,0.0003102575813045405,0.0010342462592414225,-5.2251302600210404e-05,0.0001083336434816082
660.0,0.015171334065114943,0.0003102575813045405,0.0010342462592414225,-5.2251302600210404e-05,0.0001083336434816082
660.0,0.01621763272858375,0.0003102575813045405,0.0010342462592414225,-5.2251302600210404e-05,0.0001083336434816082
660.0,0.017263931316600097,0.0003102575813045405,0.0010342462592418666,-5.2251302585058455e-05,0.00010833364348167752
660.0,0.018310229812372354,0.0003102575813045405,0.0010342462592418666,-5.2251302563244666e-05,0.00010833364348169391
660.0,0.019356528195540252,0.0003102575813045405,0.0010342462592418666,-5.225130255517045e-05,0.00010833364348170995
660.0,0.020402826441478825,0.0003102575813045405,0.0010342462592418666,-5.2251302525440434e-05,0.00010833364348170995
660.0,0.021449124520446446,0.00031025758136138393,0.0010342462592418666,-5.2251302471349215e-05,0.00010833364348170995
660.0,0.02249542239654262,0.00031025758141822735,0.0010342462592418666,-5.225130241552812e-05,0.00010833364348170995
660.0,0.023541720026574783,0.00031025758147507077,0.0010342462592418666,-5.225130231142199e-05,0.00010833364348170995
660.0,0.024588017358664248,0.0003102575815887576,0.0010342462592418666,-5.2251302130359615e-05,0.00010833364348170995
660.0,0.025634314330521622,0.0003102575818729747,0.0010342462592418666,-5.2251301848435026e-05,0.00010833364348170995
660.0,0.026680610867531526,0.0003102575822140352,0.0010342462592418666,-5.225130140133503e-05,0.00010833364348170995
660.0,0.027726906880536258,0.000310257582725626,0.0010342462592418666,-5.225130066090804e-05,0.00010833364348170995
660.0,0.028773202263123444,0.0003102575836351207,0.0010342462592418666,-5.225129946817574e-05,0.00010833364348170995
660.0,0.029819496888343826,0.00031025758505620615,0.0010342462592418666,-5.225129756438955e-05,0.00010833364348170995
660.0,0.030865790605256217,0.00031025758715941265,0.0010342462592418666,-5.225129456830669e-05,0.00010833364348169391
660.0,0.03191208323471192,0.0003102575906268612,0.0010342462592414225,-5.2251289785521234e-05,0.0001083336434816082
660.0,0.03295837456413289,0.0003102575960838294,0.0010342462592414225,-5.2251282266549935e-05,0.0001083336434816082
660.0,0.03400466434171516,0.00031025760461034224,0.0010342462592414225,-5.2251270479016604e-05,0.0001083336434816082
660.0,0.03505095226985211,0.0003102576180822325,0.0010342462592418666,-5.225125201676774e-05,0.00010833364348169391
660.0,0.03609723799744126,0.0003102576388869238,0.0010342462592418666,-5.225122332185775e-05,0.00010833364348170995
660.0,0.03714352111050014,0.00031025767117398573,0.0010342462592418666,-5.225117884079843e-05,0.00010833364348170995
660.0,0.03818980112251305,0.0003102577211393509,0.0010342462592418666,-5.225111014344887e-05,0.00010833364348170995
660.0,0.03923607746275605,0.00031025779787796637,0.0010342462592418666,-5.225100456820084e-05,0.00010833364348170995
660.0,0.04028234946173375,0.00031025791531646973,0.0010342462592418666,-5.225084297998682e-05,0.00010833364348170995
660.0,0.04132861633570477,0.0003102580942027089,0.0010342462592418666,-5.225059670045677e-05,0.00010833364348170995
660.0,0.04237487716971418,0.0003102583658574076,0.0010342462592418666,-5.225022293151968e-05,0.00010833364348169391
660.0,0.04342113089694337,0.0003102587762100484,0.0010342462592418666,-5.224965812238346e-05,0.00010833364348167752
660.0,0.0444673762737487,0.0003102593938706377,0.0010342462592418666,-5.224880819571042e-05,0.00010833364348169391
660.0,0.045513611855182684,0.00031026031922465336,0.0010342462592418666,-5.2247534692697544e-05,0.00010833364348170995
660.0,0.046559835965433324,0.0003102616999512975,0.0010342462592418666,-5.224563466855276e-05,0.00010833364348170995
660.0,0.04760604666142646,0.0003102637512029105,0.0010342462592418666,-5.2242811950284404e-05,0.00010833364348170995
660.0,0.048652241694590856,0.00031026678573198296,0.0010342462592418666,-5.2238636308347996e-05,0.00010833364348170995
660.0,0.049698418470146756,0.0003102712556710685,0.0010342462592418666,-5.223248559998552e-05,0.00010833364348170995
660.0,0.050744573997060706,0.00031027781182046965,0.0010342462592418666,-5.222346442948898e-05,0.00010833364348170995
660.0,0.051790704828407724,0.00031028738675331624,0.0010342462592418666,-5.221028971330934e-05,0.00010833364348170995
660.0,0.052836807004765764,0.00031030131071929645,0.0010342462592418666,-5.219113134900983e-05,0.00010833364348170995
660.0,0.05388287598694727,0.00031032147239784535,0.0010342462592418666,-5.2163391004604564e-05,0.00010833364348170995
660.0,0.05492890657290356,0.0003103505412695995,0.0010342462592418666,-5.212339648626695e-05,0.00010833364348170995
660.0,0.055974892808294846,0.0003103922726950259,0.0010342462592418666,-5.2065981729545616e-05,0.00010833364348170995
660.0,0.05702082789713402,0.00031045192548617706,0.0010342462592418666,-5.198391285193343e-05,0.00010833364348170995
660.0,0.0580667040925781,0.00031053683005666244,0.0010342462592418666,-5.1867106836535254e-05,0.00010833364348170995
660.0,0.05911251256974148,0.00031065715660361093,0.0010342462592418666,-5.170157472922372e-05,0.00010833364348170995
660.0,0.06015824330378468,0.0003108269506810757,0.0010342462592418666,-5.1467998421018306e-05,0.00010833364348170995
660.0,0.06120388493425225,0.0003110655189288991,0.0010342462592418666,-5.113982462890309e-05,0.00010833364348170995
660.0,0.062249424597174495,0.0003113992769954166,0.0010342462592418666,-5.068072495174491e-05,0.00010833364348170995
660.0,0.06329484773129956,0.00031186419761297657,0.0010342462592418666,-5.0041229522099607e-05,0.00010833364348170995
660.0,0.06434013790451507,0.00031250904009993974,0.0010342462592418666,-4.915428819422567e-05,0.00010833364348170995
660.0,0.06538527661709606,0.00031339958582066174,0.0010342462592418666,-4.792944906582257e-05,0.00010833364348170995
660.0,0.06643024305309167,0.00031462416359318013,0.0010342462592418666,-4.6245263981620656e-05,0.00010833364348170995
660.0,0.06747501381324514,0.00031630082054334707,0.0010342462592418666,-4.3939434403223605e-05,0.00010833364348170995
660.0,0.06851956266272122,0.000318586577179758,0.0010342462592418666,-4.0796094235509384e-05,0.00010833364348170995
660.0,0.06956386026088461,0.0003216893085777883,0.0010342462592418666,-3.6529487054063403e-05,0.00010833364348170995
660.0,0.07060787382080315,0.00032588291071533604,0.0010342462592418666,-3.07631309153411e-05,0.00010833364348170995
660.0,0.0716515667581494,0.0003315265572041426,0.0010342462592418666,-2.3003370659293687e-05,0.00010833364348169391
660.0,0.07269489830361563,0.00033908900854839885,0.0010342462592414225,-1.2605994201556509e-05,0.0001083336434816082
660.0,0.07373782316290495,0.00034917912978471577,0.0010342462592414225,1.265667941205611e-06,0.0001083336434816082
660.0,0.07478029111431495,0.0003625839802907649,0.0010342462592418666,1.969303033602346e-05,0.00010833364348169391
660.0,0.07582224651288785,0.00038031607834909664,0.0010342462592418666,4.4067119776103454e-05,0.00010833364348170995
660.0,0.07686362783398165,0.00040367170487343174,0.0010342462592418666,7.616857388793752e-05,0.00010833364348170995
660.0,0.07790436719314517,0.0004343023909427757,0.0010342462592418666,0.00011826570340649887,0.00010833364348170995
660.0,0.07894438984094701,0.0004743020323303426,0.0010342462592418666,0.0001732339557470205,0.00010833364348170995
660.0,0.07998361362457158,0.0005263123791792168,0.0010342462592418666,0.00024470052935986257,0.00010833364348170995
660.0,0.08102194840032294,0.0005936499480299062,0.0010342462592418666,0.0003372182950291917,0.00010833364348170995
660.0,0.08205929548549097,0.0007185739802366697,0.0010342462592418666,0.0004564735665086521,0.00010833364348170995
660.0,0.08309554716203224,0.0009158136281826046,0.0010342462592418666,0.0006095326018755943,0.00010833364348170995
660.0,0.08413058610602109,0.0011678149313070207,0.0010342462592418666,0.0008051319411886693,0.00010833364348170995
660.0,0.08516428481011179,0.0014883894621675609,0.0010342462592418666,0.0010540178150565728,0.00010833364348169391
660.0,0.08619650506439627,0.0018944297930829634,0.0010342462592418666,0.0013693398220086465,0.00010833364348167752
660.0,0.08722709745954318,0.0024064873005613663,0.0010342462592414225,0.001767103787389487,0.0001083336434816082
660.0,0.08825590074562395,0.0030494300111740813,0.0010342462592414225,0.00226668808020314,0.0001083336434816082
660.0,0.08928274153945595,0.003853184691081424,0.0010342462592414225,0.0028914269820683736,0.0001083336434816082
660.0,0.09030743429035756,0.004853565783662361,0.0010342462592414225,0.003669263526862051,0.0001083336434816082
660.0,0.09132978029650739,0.006093190086971845,0.0010342462592414225,0.004633471419081194,0.0001083336434816082
660.0,0.0923495681702389,0.007622475959351505,0.0010342462592414225,0.0058234456477221745,0.0001083336434816082
660.0,0.09336657378513252,0.00950072042883221,0.0010342462592418666,0.007285557304695087,0.00010833364348167752
660.0,0.0943805595662751,0.01179724123608139,0.0010342462592418666,0.009074063294935882,0.00010833364348167752
660.0,0.0953912756933589,0.014592574946789227,0.0010342462592418666,0.011252064966123762,0.00010833364348167752
660.0,0.09639846026831739,0.017979707597817196,0.0010342462592418666,0.01389249843134215,0.00010833364348169391
660.0,0.09740183955800345,0.02206531420074498,0.0010342462592418666,0.017079139438303078,0.00010833364348170995
660.0,0.09840112856690197,0.02697098074020232,0.0010342462592418666,0.020907603782498813,0.00010833364348170995
660.0,0.09939603264570279,0.03283438093802715,0.0010342462592418666,0.02548632346653786,0.00010833364348170995
660.0,0.10038624851439969,0.039810371623559604,0.0010342462592418666,0.030937472543431946,0.00010833364348168625
660.0,0.10137146514031278,0.04807196766000743,0.0010342462592418666,0.037397814618729174,0.00010833364348126776
660.0,0.10235136516852997,0.05781117098291588,0.0010342462592407564,0.04501945494240458,0.0001083336434778246
660.0,0.10332562634832987,0.06923961475894203,0.0010342462592276558,0.05397046969648482,0.00010833364345208809
660.0,0.10429392395625564,0.0825890110784826,0.001034246259139504,0.06443540674645959,0.00010833364326582462
660.0,0.10525593175448669,0.09811134985631043,0.0010342462585082313,0.07661562029142452,0.0001083336419753824
660.0,0.10621132333208266,0.11607883921953999,0.0010342462542389796,0.09072943506347185,0.00010833363349859642
660.0,0.1071597731638037,0.1367835662355219,0.001034246226876867,0.10701212659167697,0.0001083335807787007
660.0,0.10810095779176977,0.16053686202491235,0.0010342460612045024,0.1257157077097767,0.00010833327102132998
660.0,0.10903455688746658,0.18766836884725535,0.0010342451158520394,0.14710852196904475,0.00010833155545997016
660.0,0.1099602474607406,0.2185245722218383,0.0010342400435994215,0.17147445934978114,0.00010832261914266842
660.0,0.11087769214552082,0.25346659780643677,0.0010342145142565595,0.19911163661946893,0.0001082789404997569
660.0,0.11178649938229036,0.2928660596328996,0.0010340942832691713,0.23032958027366923,0.00010807910591678223
660.0,0.11268612433286049,0.3370960189681682,0.0010335659415634524,0.2654425615109721,0.00010722565626904519
660.0,0.11357566155031681,0.38651111301993524,0.0010314068097627693,0.30475429982362506,0.0001038343032390307
660.0,0.11445345181243931,0.4414050171442909,0.0010232374192853388,0.34852443516272047,9.134941749438614e-05
660.0,0.11531648055089319,0.5019304507319475,0.0009947970093846514,0.3969045529925478,4.902741535806429e-05
660.0,0.11615971333464245,0.5679756920069963,0.0009044932893429447,0.4498381750927062,-8.194932278930792e-05
660.0,0.11697592061638235,0.6390360719213959,0.0008151233585111939,0.5069546080696731,-0.00044801722889288304
660.0,0.11776318273753608,0.714804886221998,0.0017898319796088025,0.5680402745232563,-0.0013697282595394008
660.0,0.1185312860297518,0.7961440441270611,0.004041993847802239,0.6338276136812477,-0.003505474294715738
660.0,0.11929291462851194,0.884654629996362,0.008957673815412903,0.7056632967490096,-0.008160473331653139
660.0,0.12005385934471033,0.9815807774984933,0.019055692698828786,0.7846263060964008,-0.0177215553241773
660.0,0.12081480406090875,1.0877278171518014,0.03845680449049338,0.8714484967345646,-0.03612097248462781
660.0,0.12157574877710715,1.2038588727034494,0.07330671784526333,0.9668659848049187,-0.06925714656614583
660.0,0.12233669349330556,1.3308157791601616,0.13187323104465243,1.0716914203074257,-0.12513954853972958
660.0,0.12309763820950397,1.4695121936258033,0.22417961871682257,1.1868216011051353,-0.21357038917621665
660.0,0.12385858292570237,1.6209374828070509,0.3611440716998797,1.3132445390510363,-0.34540299177650036
660.0,0.12461952764190079,1.786159080525465,0.5536881332599903,1.452045607924542,-0.5318743865276573
660.0,0.125,1.8762410069750786,0.679068911845474,1.528229048359347,-0.6541324052540105
720.0,0.0,0.00025163127378391437,0.0009779112578951477,-5.939289301535657e-05,0.00010866422691267854
720.0,0.0005231494912409765,0.0002516312738407578,0.0009779112578955917,-5.9392892988068185e-05,0.00010866422691293663
720.0,0.0015694484714494639,0.0002516312738407578,0.0009779112578955917,-5.9392892988068185e-05,0.00010866422691295415
720.0,0.0026157474465723883,0.0002516312738407578,0.0009779112578960358,-5.9392892988068185e-05,0.00010866422691302238
720.0,0.0036620464155861904,0.0002516312738407578,0.0009779112578960358,-5.9392892988068185e-05,0.00010866422691302238
720.0,0.004708345377475357,0.0002516312738407578,0.0009779112578960358,-5.9392892988068185e-05,0.00010866422691302238
720.0,0.005754644331009957,0.0002516312738407578,0.0009779112578960358,-5.9392892988068185e-05,0.00010866422691302238
720.0,0.00680094327457751,0.0002516312738407578,0.0009779112578960358,-5.9392892988068185e-05,0.00010866422691302238
720.0,0.007847242206097388,0.00025163127378391437,0.0009779112578960358,-5.939289299835045e-05,0.00010866422691302238
720.0,0.008893541122936801,0.00025163127378391437,0.0009779112578960358,-5.939289301833358e-05,0.00010866422691302238
720.0,0.009939840021803058,0.00025163127378391437,0.0009779112578960358,-5.939289302089163e-05,0.00010866422691302238
720.0,0.010986138898604688,0.00025163127378391437,0.0009779112578960358,-5.939289302242637e-05,0.00010866422691302238
720.0,0.012032437748284802,0.00025163127378391437,0.0009779112578955917,-5.93928930202415e-05,0.00010866422691295415
720.0,0.013078736564625394,0.00025163127378391437,0.0009779112578955917,-5.939289301832501e-05,0.00010866422691293663
720.0,0.014125035340008817,0.00025163127378391437,0.0009779112578955917,-5.93928930053656e-05,0.00010866422691293663
720.0,0.015171334065114943,0.00025163127378391437,0.0009779112578955917,-5.939289297359641e-05,0.00010866422691293663
720.0,0.01621763272858375,0.00025163127378391437,0.0009779112578955917,-5.9392892939038035e-05,0.00010866422691295415
720.0,0.017263931316600097,0.0002516312738407578,0.0009779112578960358,-5.9392892888918384e-05,0.00010866422691302238
720.0,0.018310229812372354,0.0002516312738976012,0.0009779112578960358,-5.939289280870134e-05,0.00010866422691302238
720.0,0.019356528195540252,0.0002516312739544446,0.0009779112578960358,-5.9392892686874585e-05,0.00010866422691302238
720.0,0.020402826441478825,0.0002516312741249749,0.0009779112578960358,-5.939289249236749e-05,0.00010866422691302238
720.0,0.021449124520446446,0.00025163127435234856,0.0009779112578960358,-5.939289217080456e-05,0.00010866422691302238
720.0,0.02249542239654262,0.0002516312747502525,0.0009779112578960358,-5.9392891651221936e-05,0.00010866422691302238
720.0,0.023541720026574783,0.0002516312753755301,0.0009779112578960358,-5.939289085556654e-05,0.00010866422691302238
720.0,0.024588017358664248,0.0002516312762850248,0.0009779112578960358,-5.939288960176154e-05,0.00010866422691302238
720.0,0.025634314330521622,0.00025163127764926685,0.0009779112578960358,-5.939288764670286e-05,0.00010866422691302238
720.0,0.026680610867531526,0.0002516312799230036,0.0009779112578960358,-5.939288458260895e-05,0.00010866422691302238
720.0,0.027726906880536258,0.00025163128339045215,0.0009779112578960358,-5.9392879805683524e-05,0.00010866422691302238
720.0,0.028773202263123444,0.0002516312887337335,0.0009779112578960358,-5.939287240115629e-05,0.00010866422691302238
720.0,0.029819496888343826,0.00025163129697602926,0.0009779112578960358,-5.9392860985474895e-05,0.00010866422691302238
720.0,0.030865790605256217,0.0002516313097657985,0.0009779112578960358,-5.939284344612054e-05,0.00010866422691302238
720.0,0.03191208323471192,0.00025163132920624776,0.0009779112578955917,-5.939281662356422e-05,0.00010866422691295415
720.0,0.03295837456413289,0.0002516313589353558,0.0009779112578955917,-5.9392775713573586e-05,0.00010866422691293663
720.0,0.03400466434171516,0.000251631404012187,0.0009779112578955917,-5.939271361812226e-05,0.00010866422691295415
720.0,0.03505095226985211,0.00025163147211060277,0.0009779112578960358,-5.939261975292561e-05,0.00010866422691302238
720.0,0.03609723799744126,0.0002516315747129738,0.0009779112578960358,-5.939247836078596e-05,0.00010866422691302238
720.0,0.03714352111050014,0.00025163172875863893,0.0009779112578960358,-5.939226623258998e-05,0.00010866422691302238
720.0,0.03818980112251305,0.00025163195880395506,0.0009779112578960358,-5.9391949243498835e-05,0.00010866422691302238
720.0,0.03923607746275605,0.00025163230139924053,0.0009779112578960358,-5.939147739718032e-05,0.00010866422691302238
720.0,0.04028234946173375,0.00025163280929518805,0.0009779112578960358,-5.9390777799164586e-05,0.00010866422691302238
720.0,0.04132861633570477,0.0002516335592872565,0.0009779112578960358,-5.938974457756495e-05,0.00010866422691302238
720.0,0.04237487716971418,0.0002516346626180166,0.0009779112578960358,-5.9388224665605673e-05,0.00010866422691302238
720.0,0.04342113089694337,0.00025163627947222267,0.0009779112578960358,-5.938599751907353e-05,0.00010866422691302238
720.0,0.0444673762737487,0.00025163863921306984,0.0009779112578960358,-5.9382747022017854e-05,0.00010866422691302238
720.0,0.045513611855182684,0.0002516420698270849,0.0009779112578960358,-5.9378021499970444e-05,0.00010866422691302238
720.0,0.046559835965433324,0.0002516470375439894,0.0009779112578960358,-5.93711786991823e-05,0.00010866422691302238
720.0,0.04760604666142646,0.0002516542028843105,0.0009779112578960358,-5.9361309018629224e-05,0.00010866422691302238
720.0,0.048652241694590856,0.0002516644972843096,0.0009779112578960358,-5.934712962886017e-05,0.00010866422691302238
720.0,0.049698418470146756,0.00025167922876789817,0.0009779112578960358,-5.9326838953954506e-05,0.00010866422691302238
720.0,0.050744573997060706,0.00025170022672682535,0.0009779112578960358,-5.9297917594777835e-05,0.00010866422691302238
720.0,0.051790704828407724,0.00025173003876943767,0.0009779112578960358,-5.9256857068476706e-05,0.00010866422691302238
720.0,0.052836807004765764,0.00025177219771421733,0.0009779112578960358,-5.919879224130032e-05,0.00010866422691302238
720.0,0.05388287598694727,0.00025183158186337096,0.0009779112578960358,-5.911700518978537e-05,0.00010866422691302238
720.0,0.05492890657290356,0.0002519148992519149,0.0009779112578960358,-5.900225882402291e-05,0.00010866422691302238
720.0,0.055974892808294846,0.00025203133395734767,0.0009779112578960358,-5.88419062005313e-05,0.00010866422691302238
720.0,0.05702082789713402,0.00025219340813009694,0.0009779112578960358,-5.86187050686653e-05,0.00010866422691302238
720.0,0.0580667040925781,0.0002524181216472243,0.0009779112578960358,-5.830924814393152e-05,0.00010866422691302238
720.0,0.05911251256974148,0.0002527284553366371,0.0009779112578960358,-5.788189387735187e-05,0.00010866422691302238
720.0,0.06015824330378468,0.00025315534355740965,0.0009779112578960358,-5.729405196032811e-05,0.00010866422691302238
720.0,0.06120388493425225,0.00025374024869506684,0.0009779112578960358,-5.648863911312669e-05,0.00010866422691302238
720.0,0.062249424597174495,0.00025453850776102627,0.0009779112578960358,-5.538947388210302e-05,0.00010866422691302238
720.0,0.06329484773129956,0.00025562365971154577,0.0009779112578960358,-5.389532160285146e-05,0.00010866422691302238
720.0,0.06434013790451507,0.00025709301439746923,0.0009779112578960358,-5.1872230873883116e-05,0.00010866422691302238
720.0,0.06538527661709606,0.00025907478561748576,0.0009779112578960358,-4.914371979827327e-05,0.00010866422691302238
720.0,0.06643024305309167,0.0002617371806650226,0.0009779112578960358,-4.5478270023385407e-05,0.00010866422691302238
720.0,0.06747501381324514,0.00026529992840096384,0.0009779112578960358,-4.057346938626565e-05,0.00010866422691302238
720.0,0.06851956266272122,0.0002700488242339816,0.0009779112578960358,-3.4036004705089465e-05,0.00010866422691302238
720.0,0.06956386026088461,0.00027635399254677395,0.0009779112578960358,-2.5356546208681365e-05,0.00010866422691302238
720.0,0.07060787382080315,0.00028469269659581187,0.0009779112578960358,-1.3878380619962597e-05,0.00010866422691302238
720.0,0.0716515667581494,0.0002956776842779618,0.0009779112578960358,1.2415609938339043e-06,0.00010866422691302238
720.0,0.07269489830361563,0.0003100922261296546,0.0009779112578955917,2.1080870390329853e-05,0.00010866422691295415
720.0,0.07373782316290495,0.0003289331991140898,0.0009779112578955917,4.701087786492269e-05,0.00010866422691295415
720.0,0.07478029111431495,0.00035346377450196087,0.0009779112578960358,8.076905534552655e-05,0.00010866422691302238
720.0,0.07582224651288785,0.0003852774932511238,0.0009779112578960358,0.00012454704959606106,0.00010866422691302238
720.0,0.07686362783398165,0.00042637575330672917,0.0009779112578960358,0.00018109711682894337,0.00010866422691302238
720.0,0.07790436719314517,0.0004792609714172613,0.0009779112578960358,0.000253860054888285,0.00010866422691302238
720.0,0.07894438984094701,0.0005739721728446057,0.0009779112578960358,0.00034711805481498756,0.00010866422691302238
720.0,0.07998361362457158,0.0007278012282654345,0.0009779112578960358,0.00046617619582724917,0.00010866422691302238
720.0,0.08102194840032294,0.0009233851133103599,0.0009779112578960358,0.0006175765689953564,0.00010866422691302238
720.0,0.08205929548549097,0.0011710787975403036,0.0009779112578960358,0.0008093492250716347,0.00010866422691302238
720.0,0.08309554716203224,0.0014835284230798607,0.0009779112578960358,0.0010513042633537957,0.00010866422691302238
720.0,0.08413058610602109,0.0018761042729238397,0.0009779112578960358,0.00135536933292619,0.00010866422691302238
720.0,0.08516428481011179,0.0023673967903050652,0.0009779112578960358,0.001735976660571674,0.00010866422691302238
720.0,0.08619650506439627,0.00297978027509771,0.0009779112578960358,0.002210503375683404,0.00010866422691302238
720.0,0.08722709745954318,0.0037400480318297014,0.0009779112578955917,0.0027997682857016765,0.00010866422691295415
720.0,0.08825590074562395,0.00468012141300278,0.0009779112578955917,0.0035285872751054403,0.00010866422691293663
720.0,0.08928274153945595,0.005837834041926726,0.0009779112578955917,0.004426388666366695,0.00010866422691293663
720.0,0.09030743429035756,0.007257790680853304,0.0009779112578955917,0.005527888544207192,0.00010866422691293663
720.0,0.09132978029650739,0.008992295827226826,0.0009779112578955917,0.006873822735746665,0.00010866422691293663
720.0,0.0923495681702389,0.011102348427812103,0.0009779112578955917,0.008511733255348382,0.00010866422691295415
720.0,0.09336657378513252,0.013658693037825742,0.0009779112578960358,0.010496802449341331,0.00010866422691302238
720.0,0.0943805595662751,0.016742911616461242,0.0009779112578960358,0.012892723448985746,0.00010866422691302238
720.0,0.0953912756933589,0.020448548194451632,0.0009779112578960358,0.015772601960662755,0.00010866422691302238
720.0,0.09639846026831739,0.024882241567581787,0.0009779112578960358,0.019219871345980834,0.00010866422691302238
720.0,0.09740183955800345,0.030164844508306032,0.0009779112578960358,0.023329205748356216,0.00010866422691302238
720.0,0.09840112856690197,0.03643250720955393,0.0009779112578960358,0.028207415657985013,0.00010866422691302238
720.0,0.09939603264570279,0.043837703487213275,0.0009779112578960358,0.033974311211152276,0.00010866422691300929
720.0,0.10038624851439969,0.05255016915060651,0.0009779112578960358,0.040763511739192064,0.00010866422691273181
720.0,0.10137146514031278,0.06275772081028208,0.0009779112578944815,0.04872317949119234,0.00010866422691022248
720.0,0.10235136516852997,0.07466694080375191,0.0009779112578860438,0.058016669415220656,0.00010866422689192528
720.0,0.10332562634832987,0.08850369811165137,0.0009779112578283122,0.06882307495944033,0.00010866422676608378
720.0,0.10429392395625564,0.10451350869522003,0.000977911257433961,0.08133767653346063,0.00010866422592282797
720.0,0.10525593175448669,0.12296169033413662,0.000977911254844921,0.09577226198760573,0.00010866422056315468
720.0,0.10621132333208266,0.14413332089810638,0.0009779112387302558,0.11235533086861836,0.00010866418822494399
720.0,0.1071597731638037,0.1683329949785275,0.000977911143731136,0.13133218356685217,0.0001086640034154984
720.0,0.10810095779176977,0.19588437978876527,0.0009779106144280902,0.15296490085261963,0.00010866300503018505
720.0,0.10903455688746658,0.2271295793010495,0.0009779078331262347,0.17753222477463487,0.00010865791711095322
720.0,0.1099602474607406,0.2624280317963894,0.0009778940795175384,0.2053291261636126,0.00010863350895740952
720.0,0.11087769214552082,0.30215468965843684,0.00097783021810538,0.23666585572793508,0.00010852352305962153
720.0,0.11178649938229036,0.34669603830525375,0.0009775524443342842,0.27186532439606115,0.00010805905724720671
720.0,0.11268612433286049,0.396440555374852,0.0009764235763320972,0.311256079064191,0.00010622552575852459
720.0,0.11357566155031681,0.4517568608950455,0.0009721504914323997,0.355155414817804,9.947977824564206e-05
720.0,0.11445345181243931,0.5129463311486688,0.0009571468356630586,0.40383186766512835,7.644191789185146e-05
720.0,0.11531648055089319,0.5801539284926207,0.0009085652144178447,0.45743363589608776,3.8220633616462105e-06
720.0,0.11615971333464245,0.6532310943362631,0.0007646883269749605,0.5158771624038188,-0.0002057760330553763
720.0,0.11697592061638235,0.7315941178347884,0.001131361485092075,0.5787296817968187,-0.0007541242697745263
720.0,0.11776318273753608,0.8148752164133839,0.002511270963216017,0.6457269706300693,-0.0020524685215025595
720.0,0.1185312860297518,0.9039750473360186,0.005530333434299095,0.7176266358812846,-0.004895425871293802
720.0,0.11929291462851194,1.0005664035289215,0.011779201753500335,0.7958229760957028,-0.010776776547387025
720.0,0.12005385934471033,1.1058863070609846,0.023998979865144765,0.8813699702669687,-0.022289559459244587
720.0,0.12081480406090875,1.2206200903350464,0.04645930480973437,0.9748903084601753,-0.04349747712032883
720.0,0.12157574877710715,1.3453597051658903,0.08524090424537212,1.076947930024511,-0.08023559067575464
720.0,0.12233669349330556,1.4806992790229287,0.1482388896141238,1.1881132450758793,-0.14014376673525433
720.0,0.12309763820950397,1.6272207735286202,0.24475317400640728,1.3089584631931022,-0.23231949764791474
720.0,0.12385858292570237,1.7854876305000857,0.38474631915647484,1.4400538199077242,-0.3666932713508306
720.0,0.12461952764190079,1.9560397715333124,0.5782104245856639,1.581965279318477,-0.5536247920827273
720.0,0.125,2.04771511752341,0.702650015986122,1.658609750728988,-0.6747443762507274
780.0,0.0,0.00028296878008404747,0.0009275253536868977,-6.790032637868406e-05,0.00010883065957358377
780.0,0.0005231494912409765,0.0002829687801408909,0.0009275253536871197,-6.790032635648696e-05,0.00010883065957375935
780.0,0.0015694484714494639,0.0002829687801408909,0.0009275253536871197,-6.790032635648696e-05,0.00010883065957375935
780.0,0.0026157474465723883,0.0002829687801408909,0.0009275253536873418,-6.790032635648696e-05,0.00010883065957381973
780.0,0.0036620464155861904,0.0002829687801408909,0.0009275253536875638,-6.790032635648696e-05,0.00010883065957382867
780.0,0.004708345377475357,0.0002829687801408909,0.0009275253536875638,-6.790032635648696e-05,0.00010883065957382867
780.0,0.005754644331009957,0.0002829687801408909,0.0009275253536875638,-6.790032636455247e-05,0.00010883065957382867
780.0,0.00680094327457751,0.0002829687801408909,0.0009275253536875638,-6.790032636880085e-05,0.00010883065957382867
780.0,0.007847242206097388,0.0002829687801408909,0.0009275253536873418,-6.790032636954898e-05,0.00010883065957381973
780.0,0.008893541122936801,0.00028296878008404747,0.0009275253536875638,-6.790032637007346e-05,0.00010883065957382867
780.0,0.009939840021803058,0.00028296878008404747,0.0009275253536875638,-6.790032636078193e-05,0.00010883065957382867
780.0,0.010986138898604688,0.0002829687801408909,0.0009275253536873418,-6.790032634758735e-05,0.00010883065957381973
780.0,0.012032437748284802,0.0002829687801408909,0.0009275253536871197,-6.790032630243621e-05,0.00010883065957375935
780.0,0.013078736564625394,0.0002829687801977343,0.0009275253536871197,-6.790032626014733e-05,0.00010883065957375935
780.0,0.014125035340008817,0.00028296878031142114,0.0009275253536871197,-6.790032616008852e-05,0.00010883065957375935
780.0,0.015171334065114943,0.000282968780425108,0.0009275253536871197,-6.79003260329137e-05,0.00010883065957375935
780.0,0.01621763272858375,0.00028296878059563824,0.0009275253536871197,-6.790032581559903e-05,0.00010883065957375935
780.0,0.017263931316600097,0.0002829687808230119,0.0009275253536873418,-6.790032547647453e-05,0.00010883065957377704
780.0,0.018310229812372354,0.0002829687811640724,0.0009275253536875638,-6.790032496976584e-05,0.00010883065957382867
780.0,0.019356528195540252,0.0002829687817325066,0.0009275253536875638,-6.790032417543393e-05,0.00010883065957382867
780.0,0.020402826441478825,0.00028296878269884473,0.0009275253536875638,-6.790032295749347e-05,0.00010883065957382867
780.0,0.021449124520446446,0.00028296878400624337,0.0009275253536875638,-6.790032105538627e-05,0.00010883065957382867
780.0,0.02249542239654262,0.00028296878610944987,0.0009275253536875638,-6.790031814437434e-05,0.00010883065957382867
780.0,0.023541720026574783,0.00028296878934952474,0.0009275253536873418,-6.790031366502364e-05,0.00010883065957381973
780.0,0.024588017358664248,0.0002829687942949022,0.0009275253536875638,-6.790030685843369e-05,0.00010883065957382867
780.0,0.025634314330521622,0.00028296880179823347,0.0009275253536873418,-6.790029652443662e-05,0.00010883065957381973
780.0,0.026680610867531526,0.0002829688131100738,0.0009275253536875638,-6.790028088818788e-05,0.00010883065957382867
780.0,0.027726906880536258,0.0002829688302199429,0.0009275253536875638,-6.790025730817826e-05,0.00010883065957382867
780.0,0.028773202263123444,0.0002829688559131682,0.0009275253536875638,-6.790022189737105e-05,0.00010883065957382867
780.0,0.029819496888343826,0.0002829688943393194,0.0009275253536875638,-6.790016889886292e-05,0.00010883065957382867
780.0,0.030865790605256217,0.0002829689516374856,0.0009275253536873418,-6.790008988875175e-05,0.00010883065957377704
780.0,0.03191208323471192,0.00028296903684577046,0.0009275253536871197,-6.789997247525823e-05,0.00010883065957375935
780.0,0.03295837456413289,0.0002829691628676301,0.0009275253536871197,-6.789979869497224e-05,0.00010883065957375935
780.0,0.03400466434171516,0.00028296934880245317,0.0009275253536871197,-6.789954239724658e-05,0.00010883065957375935
780.0,0.03505095226985211,0.0002829696219350808,0.0009275253536873418,-6.7899165802806e-05,0.00010883065957381973
780.0,0.03609723799744126,0.00028297002199906274,0.0009275253536875638,-6.78986144391696e-05,0.00010883065957382867
780.0,0.03714352111050014,0.0002829706053262271,0.0009275253536875638,-6.789781017760712e-05,0.00010883065957382867
780.0,0.03818980112251305,0.00028297145331634965,0.0009275253536875638,-6.78966412876959e-05,0.00010883065957382867
780.0,0.03923607746275605,0.0002829726812478839,0.0009275253536875638,-6.789494865173767e-05,0.00010883065957382867
780.0,0.04028234946173375,0.0002829744528867195,0.0009275253536875638,-6.789250650238914e-05,0.00010883065957382867
780.0,0.04132861633570477,0.00028297699964241474,0.0009275253536875638,-6.788899584782942e-05,0.00010883065957382867
780.0,0.04237487716971418,0.0002829806474551333,0.0009275253536875638,-6.788396761785562e-05,0.00010883065957382867
780.0,0.04342113089694337,0.00028298585289121547,0.0009275253536875638,-6.787679210984027e-05,0.00010883065957382867
780.0,0.0444673762737487,0.0002829932544159419,0.0009275253536875638,-6.786658973726475e-05,0.00010883065957382867
780.0,0.045513611855182684,0.00028300373992351524,0.0009275253536875638,-6.785213660796599e-05,0.00010883065957382867
780.0,0.046559835965433324,0.00028301853996026693,0.0009275253536875638,-6.783173653241533e-05,0.00010883065957382867
780.0,0.04760604666142646,0.000283039353746517,0.0009275253536875638,-6.780304766068685e-05,0.00010883065957382867
780.0,0.048652241694590856,0.00028306851794468457,0.0009275253536875638,-6.77628495753129e-05,0.00010883065957382867
780.0,0.049698418470146756,0.00028310923357821594,0.0009275253536875638,-6.77067306725053e-05,0.00010883065957382867
780.0,0.050744573997060706,0.00028316586843857294,0.0009275253536875638,-6.762867139572211e-05,0.00010883065957382867
780.0,0.051790704828407724,0.00028324435930926484,0.0009275253536875638,-6.752048995740163e-05,0.00010883065957382867
780.0,0.052836807004765764,0.00028335274419077905,0.0009275253536875638,-6.737110929826962e-05,0.00010883065957382867
780.0,0.05388287598694727,0.0002835018630094055,0.0009275253536875638,-6.71655910709815e-05,0.00010883065957382867
780.0,0.05492890657290356,0.00028370627825324846,0.0009275253536875638,-6.688386834217127e-05,0.00010883065957382867
780.0,0.055974892808294846,0.00028398547499364213,0.0009275253536875638,-6.649909049160726e-05,0.00010883065957382867
780.0,0.05702082789713402,0.0002843654246476035,0.0009275253536875638,-6.597547050956819e-05,0.00010883065957382867
780.0,0.0580667040925781,0.0002848806077508925,0.0009275253536875638,-6.52654975615495e-05,0.00010883065957382867
780.0,0.05911251256974148,0.00028557662301409437,0.0009275253536875638,-6.430634361602728e-05,0.00010883065957382867
780.0,0.06015824330378468,0.00028651353539999036,0.0009275253536875638,-6.30152510431767e-05,0.00010883065957382867
780.0,0.06120388493425225,0.00028777015569403375,0.0009275253536875638,-6.128363877161036e-05,0.00010883065957382867
780.0,0.062249424597174495,0.00028944948434173057,0.0009275253536875638,-5.896960414690097e-05,0.00010883065957382867
780.0,0.06329484773129956,0.00029168560735115534,0.0009275253536875638,-5.588842668420774e-05,0.00010883065957382867
780.0,0.06434013790451507,0.0002946523906643961,0.0009275253536875638,-5.1800595424228e-05,0.00010883065957382867
780.0,0.06538527661709606,0.00029857439284342036,0.0009275253536875638,-4.639678262795449e-05,0.00010883065957382867
780.0,0.06643024305309167,0.00030374050021464427,0.0009275253536873418,-3.927907165409418e-05,0.00010883065957381973
780.0,0.06747501381324514,0.00031052088206706685,0.0009275253536875638,-2.9937614337645308e-05,0.00010883065957382867
780.0,0.06851956266272122,0.00031938797883412917,0.0009275253536875638,-1.772174099479664e-05,0.00010883065957382867
780.0,0.06956386026088461,0.0003309423573227832,0.0009275253536875638,-1.8043744818614961e-06,0.00010883065957382867
780.0,0.07060787382080315,0.0003459444068312223,0.0009275253536875638,1.886159003617341e-05,0.00010883065957382867
780.0,0.0716515667581494,0.0003653530075666822,0.0009275253536873418,4.5596491868568575e-05,0.00010883065957377704
780.0,0.07269489830361563,0.0003903724664269248,0.0009275253536871197,8.00584785389169e-05,0.00010883065957375935
780.0,0.07373782316290495,0.00042250919983644053,0.0009275253536871197,0.0001243214766295053,0.00010883065957375935
780.0,0.07478029111431495,0.0004636398309685319,0.0009275253536873418,0.00018096884587496054,0.00010883065957381973
780.0,0.07582224651288785,0.000516092555983505,0.0009275253536875638,0.0002532052610843817,0.00010883065957382867
780.0,0.07686362783398165,0.0005827438383221306,0.0009275253536875638,0.0003449896404858983,0.00010883065957382867
780.0,0.07790436719314517,0.000720179889526662,0.0009275253536875638,0.00046119217986714356,0.00010883065957382867
780.0,0.07894438984094701,0.0009098891270582499,0.0009275253536875638,0.0006077787784904916,0.00010883065957382867
780.0,0.07998361362457158,0.0011483054000791526,0.0009275253536875638,0.0007920263193547344,0.00010883065957382867
780.0,0.08102194840032294,0.0014468468524455602,0.0009275253536875638,0.0010227723817367485,0.00010883065957382867
780.0,0.08205929548549097,0.0018193159386896696,0.0009275253536875638,0.001310703014430335,0.00010883065957382867
780.0,0.08309554716203224,0.0022823230208359746,0.0009275253536873418,0.00166868214357652,0.00010883065957381973
780.0,0.08413058610602109,0.002855767344101423,0.0009275253536875638,0.0021121259408521395,0.00010883065957382867
780.0,0.08516428481011179,0.003563379054583038,0.0009275253536875638,0.0026594251461119966,0.00010883065957382867
780.0,0.08619650506439627,0.004433325221725681,0.0009275253536873418,0.0033324178379546404,0.00010883065957377704
780.0,0.08722709745954318,0.005498881789492316,0.0009275253536871197,0.004156914387033009,0.00010883065957375935
780.0,0.08825590074562395,0.006799171874547483,0.0009275253536871197,0.005163275223230241,0.00010883065957375935
780.0,0.08928274153945595,0.008379969835687007,0.0009275253536871197,0.006387041344962801,0.00010883065957375935
780.0,0.09030743429035756,0.010294568817528216,0.0009275253536871197,0.007869616253989195,0.00010883065957375935
780.0,0.09132978029650739,0.012604704649220366,0.0009275253536871197,0.009658994363413448,0.00010883065957375935
780.0,0.0923495681702389,0.015381532205140047,0.0009275253536871197,0.011810533545189964,0.00010883065957375935
780.0,0.09336657378513252,0.018706643541804624,0.0009275253536873418,0.014387764364309856,0.00010883065957377704
780.0,0.0943805595662751,0.022673111267579316,0.0009275253536873418,0.017463224169806658,0.00010883065957381973
780.0,0.0953912756933589,0.027386552800408026,0.0009275253536875638,0.021119313853040222,0.00010883065957382867
780.0,0.09639846026831739,0.03296619085455177,0.0009275253536875638,0.025449159563019727,0.00010883065957382867
780.0,0.09740183955800345,0.0395458922160401,0.0009275253536875638,0.03055746709309644,0.00010883065957382867
780.0,0.09840112856690197,0.04727516728161163,0.0009275253536875638,0.03656135723168757,0.00010883065957382867
780.0,0.09939603264570279,0.05632011495623601,0.0009275253536873418,0.04359117226310236,0.00010883065957357085
780.0,0.10038624851439969,0.06686428610663597,0.0009275253536871197,0.05179123518874709,0.00010883065957186269
780.0,0.10137146514031278,0.07910943745332588,0.0009275253536822348,0.061320542329522214,0.00010883065955981441
780.0,0.10235136516852997,0.0932761655617469,0.0009275253536475958,0.0723533838622058,0.00010883065947890944
780.0,0.10332562634832987,0.10960438689789953,0.0009275253534122285,0.0850798682559316,0.00010883065895436865
780.0,0.10429392395625564,0.1283536614816967,0.0009275253519083204,0.09970635083820396,0.00010883065570937647
780.0,0.10525593175448669,0.14980328998916548,0.0009275253427798447,0.11645571333255636,0.00010883063662965078
780.0,0.10621132333208266,0.17425216552959455,0.0009275252901557174,0.1355674802101195,0.00010883053010826767
780.0,0.1071597731638037,0.20201832980467316,0.0009275250027127591,0.15729773198386074,0.00010882996648419056
780.0,0.10810095779176977,0.23343817950666335,0.000927523517830986,0.1819187710936021,0.00010882714548123531
780.0,0.10903455688746658,0.2688652721157041,0.0009275162781672286,0.2097184974866707,0.00010881381537834929
780.0,0.1099602474607406,0.30866836947893717,0.0009274830316057248,0.2409992058005614,0.00010875446552940555
780.0,0.11087769214552082,0.3532284259159155,0.0009273395266660156,0.2760755664486742,0.00010850599212232446
780.0,0.11178649938229036,0.40293295964107756,0.0009267585929624289,0.31527055070799154,0.00010752989033272464
780.0,0.11268612433286049,0.4581642291007597,0.0009245583184021022,0.35890644548594924,0.00010394022151548095
780.0,0.11357566155031681,0.5192741870391728,0.0009167839639285802,0.40728532187351735,9.161627611068339e-05
780.0,0.11445345181243931,0.5865325002394002,0.000891255568158611,0.4606478950290943,5.2263817677279514e-05
780.0,0.11531648055089319,0.6600313229083099,0.0008137776263739127,0.5190973874354985,-6.399249277221121e-05
780.0,0.11615971333464245,0.7395421985896746,0.0007253119113257434,0.5824839649784599,-0.0003793637824386407
780.0,0.11697592061638235,0.8243739041708977,0.0015582772511693044,0.6502878320396548,-0.0011575778365598129
780.0,0.11776318273753608,0.9140888147073838,0.003423857491605453,0.7221881068387139,-0.0029031001622973136
780.0,0.1185312860297518,1.0096236491334594,0.007311263320251005,0.7989679586758254,-0.006540341055476251
780.0,0.11929291462851194,1.1127315293708762,0.01499177531002216,0.882081764187376,-0.01372992515950786
780.0,0.12005385934471033,1.2246980975169777,0.029384304818744766,0.9726169929333109,-0.027227641458926925
780.0,0.12081480406090875,1.3462184806538176,0.0548417966339696,1.07121799452573,-0.051169368341934154
780.0,0.12157574877710715,1.4779335756362002,0.09733195796256178,1.1784948952767684,-0.09127671290789195
780.0,0.12233669349330556,1.6205204478905557,0.16436908669342287,1.2951024506972755,-0.15481605203537646
780.0,0.12309763820950397,1.7746918992997394,0.26460125463683326,1.4217444385976565,-0.2502516202069615
780.0,0.12385858292570237,1.9411981183180274,0.40717895593388276,1.5591780171779288,-0.38673372115018767
780.0,0.12461952764190079,2.1208276906430115,0.6013324079906819,1.708217846560879,-0.5739104673453304
780.0,0.125,2.217617718726842,0.724882327294057,1.7889788323445213,-0.6939519349686502
840.0,0.0,0.0002355329793317651,0.0008818664231982076,-7.63594864260225e-05,0.000108853331133544
840.0,0.0005231494912409765,0.0002355329793886085,0.0008818664231986517,-7.63594863957968e-05,0.00010885333113377664
840.0,0.0015694484714494639,0.0002355329793886085,0.0008818664231986517,-7.63594863957968e-05,0.00010885333113377664
840.0,0.0026157474465723883,0.0002355329793886085,0.0008818664231988738,-7.63594863957968e-05,0.00010885333113382827
840.0,0.0036620464155861904,0.0002355329793886085,0.0008818664231988738,-7.63594863957968e-05,0.00010885333113382827
840.0,0.004708345377475357,0.0002355329793886085,0.0008818664231988738,-7.63594863957968e-05,0.00010885333113382827
840.0,0.005754644331009957,0.0002355329793886085,0.0008818664231988738,-7.635948638955071e-05,0.00010885333113382827
840.0,0.00680094327457751,0.00023553297944545193,0.0008818664231988738,-7.635948635657713e-05,0.00010885333113381147
840.0,0.007847242206097388,0.00023553297944545193,0.0008818664231988738,-7.635948633485289e-05,0.00010885333113382827
840.0,0.008893541122936801,0.00023553297950229535,0.0008818664231988738,-7.63594862839759e-05,0.00010885333113382827
840.0,0.009939840021803058,0.00023553297955913877,0.0008818664231988738,-7.635948620138688e-05,0.00010885333113382827
840.0,0.010986138898604688,0.0002355329796728256,0.0008818664231988738,-7.635948607691096e-05,0.00010885333113382827
840.0,0.012032437748284802,0.00023553297984335586,0.0008818664231986517,-7.635948587291492e-05,0.00010885333113377664
840.0,0.013078736564625394,0.00023553298007072954,0.0008818664231986517,-7.635948555679134e-05,0.00010885333113381931
840.0,0.014125035340008817,0.00023553298046863347,0.0008818664231986517,-7.63594850589224e-05,0.00010885333113381931
840.0,0.015171334065114943,0.00023553298098022424,0.0008818664231986517,-7.63594843372944e-05,0.00010885333113377664
840.0,0.01621763272858375,0.00023553298171918868,0.0008818664231986517,-7.635948321157323e-05,0.00010885333113377664
840.0,0.017263931316600097,0.0002355329829697439,0.0008818664231986517,-7.635948148706165e-05,0.00010885333113377664
840.0,0.018310229812372354,0.00023553298490242014,0.0008818664231988738,-7.635947886455531e-05,0.00010885333113381147
840.0,0.019356528195540252,0.00023553298774459108,0.0008818664231988738,-7.635947493684124e-05,0.00010885333113381147
840.0,0.020402826441478825,0.0002355329920078475,0.0008818664231988738,-7.635946900634917e-05,0.00010885333113381147
840.0,0.021449124520446446,0.0002355329983743104,0.0008818664231988738,-7.635946013754871e-05,0.00010885333113381147
840.0,0.02249542239654262,0.00023553300809453503,0.0008818664231988738,-7.63594468824492e-05,0.00010885333113382827
840.0,0.023541720026574783,0.00023553302230538975,0.0008818664231988738,-7.635942714877375e-05,0.00010885333113381147
840.0,0.024588017358664248,0.0002355330435648284,0.0008818664231988738,-7.635939788684971e-05,0.00010885333113382827
840.0,0.025634314330521622,0.0002355330748855522,0.0008818664231988738,-7.63593546332058e-05,0.00010885333113381147
840.0,0.026680610867531526,0.00023553312115609515,0.0008818664231988738,-7.635929093061406e-05,0.00010885333113381147
840.0,0.027726906880536258,0.00023553318891345043,0.0008818664231988738,-7.635919740226961e-05,0.00010885333113381147
840.0,0.028773202263123444,0.00023553328810521634,0.0008818664231988738,-7.635906058127134e-05,0.00010885333113381147
840.0,0.029819496888343826,0.00023553343271487392,0.0008818664231988738,-7.635886109505277e-05,0.00010885333113382827
840.0,0.030865790605256217,0.00023553364292183687,0.0008818664231986517,-7.635857121735482e-05,0.00010885333113381931
840.0,0.03191208323471192,0.00023553394731834487,0.0008818664231986517,-7.635815145062074e-05,0.00010885333113377664
840.0,0.03295837456413289,0.000235534386490599,0.0008818664231986517,-7.635754566721988e-05,0.00010885333113377664
840.0,0.03400466434171516,0.0002355350182483562,0.0008818664231986517,-7.635667440257534e-05,0.00010885333113377664
840.0,0.03505095226985211,0.00023553592376401866,0.0008818664231988738,-7.635542554443276e-05,0.00010885333113382827
840.0,0.03609723799744126,0.00023553721723601484,0.0008818664231988738,-7.635364160384687e-05,0.00010885333113382827
840.0,0.03714352111050014,0.00023553905867856884,0.0008818664231988738,-7.635110193154602e-05,0.00010885333113382827
840.0,0.03818980112251305,0.0002355416712589431,0.0008818664231988738,-7.634749875386908e-05,0.00010885333113382827
840.0,0.03923607746275605,0.00023554536539904802,0.0008818664231988738,-7.63424040691709e-05,0.00010885333113382827
840.0,0.04028234946173375,0.00023555057094881704,0.0008818664231988738,-7.633522500639276e-05,0.00010885333113382827
840.0,0.04132861633570477,0.0002355578811830128,0.0008818664231988738,-7.632514323698237e-05,0.00010885333113382827
840.0,0.04237487716971418,0.00023556811248681697,0.0008818664231988738,-7.63110332672619e-05,0.00010885333113382827
840.0,0.04342113089694337,0.00023558238319765223,0.0008818664231988738,-7.629135272806386e-05,0.00010885333113382827
840.0,0.0444673762737487,0.0002356022204708097,0.0008818664231988738,-7.626399571701417e-05,0.00010885333113381147
840.0,0.045513611855182684,0.00023562970199009214,0.0008818664231988738,-7.622609718794634e-05,0.00010885333113382827
840.0,0.046559835965433324,0.0002356676442332173,0.0008818664231988738,-7.617377350218147e-05,0.00010885333113381147
840.0,0.04760604666142646,0.00023571985104808846,0.0008818664231988738,-7.610177922269625e-05,0.00010885333113381147
840.0,0.048652241694590856,0.00023579144180985168,0.0008818664231988738,-7.600305534769352e-05,0.00010885333113381147
840.0,0.049698418470146756,0.00023588928110029883,0.0008818664231988738,-7.586813660355533e-05,0.00010885333113382827
840.0,0.050744573997060706,0.00023602254003662893,0.0008818664231988738,-7.568437719257435e-05,0.00010885333113382827
840.0,0.051790704828407724,0.00023620342756203172,0.0008818664231988738,-7.543494331369819e-05,0.00010885333113382827
840.0,0.052836807004765764,0.0002364481375707328,0.0008818664231988738,-7.509750728350714e-05,0.00010885333113381147
840.0,0.05388287598694727,0.00023677807104149906,0.0008818664231988738,-7.46425620747059e-05,0.00010885333113381147
840.0,0.05492890657290356,0.00023722140906556888,0.0008818664231988738,-7.403125404323039e-05,0.00010885333113381147
840.0,0.055974892808294846,0.00023781512538789684,0.0008818664231988738,-7.32126079437034e-05,0.00010885333113382827
840.0,0.05702082789713402,0.00023860755442228765,0.0008818664231988738,-7.211998787805913e-05,0.00010885333113382827
840.0,0.0580667040925781,0.0002396616519604322,0.0008818664231988738,-7.066660227659344e-05,0.00010885333113382827
840.0,0.05911251256974148,0.0002410591212651525,0.0008818664231988738,-6.87398180926571e-05,0.00010885333113382827
840.0,0.06015824330378468,0.0002429056099799709,0.0008818664231988738,-6.619399824838431e-05,0.00010885333113382827
840.0,0.06120388493425225,0.0002453372301829404,0.0008818664231988738,-6.284151637444673e-05,0.00010885333113381147
840.0,0.062249424597174495,0.0002485287041054107,0.0008818664231988738,-5.844153181415213e-05,0.00010885333113382827
840.0,0.06329484773129956,0.00025270349874517706,0.0008818664231988738,-5.2686026386280215e-05,0.00010885333113382827
840.0,0.06434013790451507,0.0002581463781439197,0.0008818664231988738,-4.518250804981224e-05,0.00010885333113382827
840.0,0.06538527661709606,0.0002652188886713702,0.0008818664231988738,-3.543267849759795e-05,0.00010885333113382827
840.0,0.06643024305309167,0.00027437837388788466,0.0008818664231988738,-2.2806237627846008e-05,0.00010885333113382827
840.0,0.06747501381324514,0.00028620122458278274,0.0008818664231988738,-6.508858468196712e-06,0.00010885333113381147
840.0,0.06851956266272122,0.00030141117798621053,0.0008818664231988738,1.4456790018537983e-05,0.00010885333113381147
840.0,0.06956386026088461,0.0003209136074246999,0.0008818664231988738,4.1338265608356154e-05,0.00010885333113381147
840.0,0.07060787382080315,0.00034583687772737903,0.0008818664231988738,7.56902985431856e-05,0.00010885333113381147
840.0,0.0716515667581494,0.0003775819858446994,0.0008818664231986517,0.00011944313839113044,0.00010885333113377664
840.0,0.07269489830361563,0.00041788186138091987,0.0008818664231986517,0.00017498418823177022,0.00010885333113377664
840.0,0.07373782316290495,0.0004688718603347297,0.0008818664231986517,0.00024525503222935964,0.00010885333113377664
840.0,0.07478029111431495,0.0005478522705288924,0.0008818664231988738,0.0003338661751735493,0.00010885333113382827
840.0,0.07582224651288785,0.0006920758605701849,0.0008818664231988738,0.0004452320148696895,0.00010885333113382827
840.0,0.07686362783398165,0.0008728352848379473,0.0008818664231988738,0.0005847287805503683,0.00010885333113382827
840.0,0.07790436719314517,0.0010984925465891138,0.0008818664231988738,0.0007588783284669524,0.00010885333113381147
840.0,0.07894438984094701,0.0013792307906896895,0.0008818664231988738,0.0009755608194037616,0.00010885333113382827
840.0,0.07998361362457158,0.0017273200511453979,0.0008818664231988738,0.001244259377329676,0.00010885333113382827
840.0,0.08102194840032294,0.0021574627697305004,0.0008818664231988738,0.001576339831046485,0.00010885333113382827
840.0,0.08205929548549097,0.0026872032941014368,0.0008818664231988738,0.0019853685861111175,0.00010885333113382827
840.0,0.08309554716203224,0.0033373898230593113,0.0008818664231988738,0.002487471516797118,0.00010885333113382827
840.0,0.08413058610602109,0.004132691879988215,0.0008818664231988738,0.0031017364014787833,0.00010885333113382827
840.0,0.08516428481011179,0.0051021758415004115,0.0008818664231988738,0.0038506610312578965,0.00010885333113382827
840.0,0.08619650506439627,0.006279940301396891,0.0008818664231986517,0.004760648588573196,0.00010885333113377664
840.0,0.08722709745954318,0.007705811979406008,0.0008818664231986517,0.005862551117600974,0.00010885333113377664
840.0,0.08825590074562395,0.009426101370365814,0.0008818664231986517,0.007192260801077057,0.00010885333113377664
840.0,0.08928274153945595,0.011494416661719242,0.0008818664231986517,0.00879134831691012,0.00010885333113377664
840.0,0.09030743429035756,0.013972532905711432,0.0008818664231986517,0.010707746444841237,0.00010885333113377664
840.0,0.09132978029650739,0.016931308073765194,0.0008818664231986517,0.01299647304960701,0.00010885333113377664
840.0,0.0923495681702389,0.020451642872842513,0.0008818664231986517,0.015720391742211837,0.00010885333113377664
840.0,0.09336657378513252,0.024625473080732263,0.0008818664231986517,0.018951002371201484,0.00010885333113377664
840.0,0.0943805595662751,0.029556777057564432,0.0008818664231988738,0.02276924889769438,0.00010885333113382827
840.0,0.0953912756933589,0.03536259674103803,0.0008818664231988738,0.02726634447081273,0.00010885333113382827
840.0,0.09639846026831739,0.042174045111949,0.0008818664231988738,0.032544594054708824,0.00010885333113382827
840.0,0.09740183955800345,0.05013728170570175,0.0008818664231988738,0.03871820172397171,0.00010885333113382827
840.0,0.09840112856690197,0.05941443714874595,0.0008818664231988738,0.045914049392630406,0.00010885333113365603
840.0,0.09939603264570279,0.07018446881625096,0.0008818664231984297,0.05427243468989155,0.00010885333113242436
840.0,0.10038624851439969,0.08264391373580793,0.0008818664231964313,0.06394774338054876,0.0001088533311248135
840.0,0.10137146514031278,0.09700750245195877,0.0008818664231755591,0.07510902982774596,0.00010885333107503625
840.0,0.10235136516852997,0.11350861666704759,0.000881866423040556,0.08794049385346026,0.0001088533307611285
840.0,0.10332562634832987,0.13239954606217452,0.000881866422199229,0.10264182102914786,0.00010885332886689632
840.0,0.10429392395625564,0.1539515383680623,0.0008818664171934554,0.11942838354185215,0.0001088533179680166
840.0,0.10525593175448669,0.17845456417961714,0.0008818663888787714,0.13853124234327804,0.00010885325831949357
840.0,0.10621132333208266,0.20621678770856988,0.0008818662367546803,0.1601969454656912,0.00010885294817557807
840.0,0.1071597731638037,0.23756370979191388,0.0008818654618494293,0.1846870981090498,0.00010885141889841265
840.0,0.10810095779176977,0.2728369598287941,0.0008818617263928186,0.21227768786394963,0.00010884428076957335
840.0,0.10903455688746658,0.31239272737303736,0.0008818447178633448,0.24325815897935346,0.00010881279877255116
840.0,0.1099602474607406,0.3565994838427855,0.0008817717076190501,0.2779299612888642,0.00010868184616316239
840.0,0.11087769214552082,0.40583472513861807,0.0008814768285629881,0.31660435671258963,0.0001081690788142409
840.0,0.11178649938229036,0.460479050456172,0.0008803585149546045,0.3595981454552227,0.00010628268188612734
840.0,0.11268612433286049,0.520903706767001,0.0008763850106461302,0.407224222482847,9.977652940309408e-05
840.0,0.11357566155031681,0.5874440360716449,0.0008631928610165485,0.4597708972082172,7.879275655599373e-05
840.0,0.11445345181243931,0.6603442057657958,0.0008224135000178823,0.5174581906428889,1.5723006306172962e-05
840.0,0.11531648055089319,0.7396562040545973,0.0007056460218179961,0.5803571568459428,-0.00016006337167456252
840.0,0.11615971333464245,0.8250891213795057,0.0009677210337573072,0.64826829484493,-0.0006112074968337944
840.0,0.11697592061638235,0.915862041244111,0.002106750221396503,0.7206006507685329,-0.0016679831399366769
840.0,0.11776318273753608,1.0114742552840426,0.004536198235818301,0.7969815451683172,-0.003927275802758638
840.0,0.1185312860297518,1.1128822567329166,0.009380577752228891,0.8782034929959515,-0.00843349127740459
840.0,0.11929291462851194,1.2218802814321066,0.018567891118781876,0.965740069541597,-0.016991128158744956
840.0,0.12005385934471033,1.3397193230999846,0.035155864292189865,1.0606397243713235,-0.03247964601099174
840.0,0.12081480406090875,1.4669910444487755,0.0635264484279574,1.1634491948050179,-0.05906031132869053
840.0,0.12157574877710715,1.604195084495359,0.1095028448931723,1.2746400446098594,-0.10230857054523312
840.0,0.12233669349330556,1.7518188890797433,0.18022611589379833,1.394683376944242,-0.16912571483798733
840.0,0.12309763820950397,1.9103321150826673,0.2837587688967851,1.5240463418058658,-0.26740930511509725
840.0,0.12385858292570237,2.080181759169591,0.4285556383783975,1.6631894682499644,-0.4056453384643408
840.0,0.12461952764190079,2.2617884515838114,0.6232128186607344,1.8125652479861758,-0.5928965506869485
840.0,0.125,2.3586663694084677,0.7459124717677945,1.8925917961759677,-0.7119073624814037
900.0,0.0,0.00023723067312175772,0.0008403730746326943,-8.573425148634317e-05,0.00010875273239149258
900.0,0.0005231494912409765,0.00023723067312175772,0.0008403730746331384,-8.57342514640849e-05,0.00010875273239165944
900.0,0.0015694484714494639,0.00023723067312175772,0.0008403730746333604,-8.573425145179915e-05,0.0001087527323916684
900.0,0.0026157474465723883,0.00023723067312175772,0.0008403730746335825,-8.57342514347303e-05,0.00010875273239172876
900.0,0.0036620464155861904,0.00023723067312175772,0.0008403730746335825,-8.573425139777513e-05,0.00010875273239172876
900.0,0.004708345377475357,0.00023723067317860114,0.0008403730746335825,-8.573425135401872e-05,0.00010875273239172876
900.0,0.005754644331009957,0.00023723067323544456,0.0008403730746335825,-8.573425128915611e-05,0.00010875273239172876
900.0,0.00680094327457751,0.0002372306733491314,0.0008403730746333604,-8.573425116150115e-05,0.0001087527323916684
900.0,0.007847242206097388,0.00023723067346281823,0.0008403730746335825,-8.573425098389414e-05,0.00010875273239172876
900.0,0.008893541122936801,0.0002372306736333485,0.0008403730746335825,-8.573425069098299e-05,0.00010875273239172876
900.0,0.009939840021803058,0.000237230673974409,0.0008403730746335825,-8.573425027064213e-05,0.00010875273239172876
900.0,0.010986138898604688,0.00023723067437231293,0.0008403730746335825,-8.573424961773501e-05,0.00010875273239172876
900.0,0.012032437748284802,0.00023723067505443396,0.0008403730746335825,-8.573424863566427e-05,0.0001087527323916861
900.0,0.013078736564625394,0.00023723067613445892,0.0008403730746335825,-8.573424715432099e-05,0.00010875273239172876
900.0,0.014125035340008817,0.00023723067772607465,0.0008403730746335825,-8.57342449370608e-05,0.00010875273239172876
900.0,0.015171334065114943,0.00023723068017034166,0.0008403730746333604,-8.573424161868126e-05,0.0001087527323916684
900.0,0.01621763272858375,0.00023723068369463363,0.0008403730746331384,-8.573423669929687e-05,0.00010875273239165944
900.0,0.017263931316600097,0.000237230689037915,0.0008403730746333604,-8.573422938978077e-05,0.0001087527323916684
900.0,0.018310229812372354,0.00023723069682546338,0.0008403730746333604,-8.573421860857946e-05,0.0001087527323916684
900.0,0.019356528195540252,0.0002372307083646774,0.0008403730746333604,-8.573420273179366e-05,0.0001087527323916684
900.0,0.020402826441478825,0.0002372307252471728,0.0008403730746333604,-8.57341794512682e-05,0.0001087527323916684
900.0,0.021449124520446446,0.00023723074986037318,0.0008403730746333604,-8.573414543254542e-05,0.0001087527323916684
900.0,0.02249542239654262,0.0002372307857854139,0.0008403730746335825,-8.573409584956327e-05,0.00010875273239172876
900.0,0.023541720026574783,0.00023723083802451583,0.0008403730746333604,-8.573402379531778e-05,0.0001087527323916684
900.0,0.024588017358664248,0.00023723091362626292,0.0008403730746335825,-8.573391945635484e-05,0.00010875273239172876
900.0,0.025634314330521622,0.00023723102276562713,0.0008403730746333604,-8.57337688473447e-05,0.0001087527323916684
900.0,0.026680610867531526,0.00023723117988083686,0.0008403730746333604,-8.573355215841108e-05,0.0001087527323916684
900.0,0.027726906880536258,0.0002372314050944624,0.0008403730746333604,-8.573324137365751e-05,0.0001087527323916684
900.0,0.028773202263123444,0.00023723172716927365,0.0008403730746333604,-8.573279700202781e-05,0.0001087527323916684
900.0,0.029819496888343826,0.00023723218617988096,0.0008403730746335825,-8.573216371033932e-05,0.00010875273239172876
900.0,0.030865790605256217,0.00023723283828758213,0.0008403730746335825,-8.573126406649088e-05,0.00010875273239172876
900.0,0.03191208323471192,0.0002372337616520781,0.0008403730746333604,-8.572999008991842e-05,0.0001087527323916684
900.0,0.03295837456413289,0.000237235065128516,0.0008403730746331384,-8.5728191777329e-05,0.00010875273239165944
900.0,0.03400466434171516,0.0002372368993519558,0.0008403730746333604,-8.572566140232799e-05,0.0001087527323916684
900.0,0.03505095226985211,0.0002372394716871895,0.0008403730746335825,-8.57221123563565e-05,0.00010875273239172876
900.0,0.03609723799744126,0.0002372430683976745,0.0008403730746335825,-8.571715037775732e-05,0.00010875273239172876
900.0,0.03714352111050014,0.00023724808085034965,0.0008403730746335825,-8.571023503363016e-05,0.00010875273239172876
900.0,0.03818980112251305,0.0002372550444533772,0.0008403730746335825,-8.57006280813539e-05,0.00010875273239172876
900.0,0.03923607746275605,0.00023726468771201326,0.0008403730746335825,-8.568732430535818e-05,0.00010875273239172876
900.0,0.04028234946173375,0.00023727799941752892,0.0008403730746335825,-8.56689597150231e-05,0.00010875273239172876
900.0,0.04132861633570477,0.00023729631664082262,0.0008403730746335825,-8.564368980275878e-05,0.00010875273239172876
900.0,0.04237487716971418,0.00023732144160248936,0.0008403730746335825,-8.560902846804464e-05,0.00010875273239172876
900.0,0.04342113089694337,0.00023735579503636473,0.0008403730746335825,-8.556163631959626e-05,0.00010875273239172876
900.0,0.0444673762737487,0.0002374026176426014,0.0008403730746335825,-8.549704296203096e-05,0.0001087527323916861
900.0,0.045513611855182684,0.00023746623321585503,0.0008403730746335825,-8.54092840136123e-05,0.00010875273239172876
900.0,0.046559835965433324,0.00023755239101319603,0.0008403730746333604,-8.529042880524289e-05,0.0001087527323916684
900.0,0.04760604666142646,0.00023766871009911483,0.0008403730746333604,-8.512996776931322e-05,0.0001087527323916684
900.0,0.048652241694590856,0.00023782525289561818,0.0008403730746333604,-8.491402073237549e-05,0.0001087527323916684
900.0,0.049698418470146756,0.00023803526454457824,0.0008403730746335825,-8.462431801060057e-05,0.00010875273239172876
900.0,0.050744573997060706,0.00023831612054436846,0.0008403730746335825,-8.42368932723505e-05,0.00010875273239172876
900.0,0.051790704828407724,0.00023869053711678134,0.0008403730746335825,-8.372041362239482e-05,0.00010875273239172876
900.0,0.052836807004765764,0.000239188113482669,0.0008403730746333604,-8.303405361750088e-05,0.0001087527323916684
900.0,0.05388287598694727,0.0002398472862523704,0.0008403730746333604,-8.212479936649405e-05,0.0001087527323916684
900.0,0.05492890657290356,0.00024071779984069508,0.0008403730746333604,-8.092404231999164e-05,0.0001087527323916684
900.0,0.055974892808294846,0.0002418638151198138,0.0008403730746335825,-7.934329233201893e-05,0.00010875273239172876
900.0,0.05702082789713402,0.00024336780768408062,0.0008403730746335825,-7.726880282809805e-05,0.00010875273239172876
900.0,0.0580667040925781,0.0002453354360341109,0.0008403730746335825,-7.45548576693455e-05,0.00010875273239172876
900.0,0.05911251256974148,0.0002479015996641465,0.0008403730746335825,-7.101541922461753e-05,0.00010875273239172876
900.0,0.06015824330378468,0.0002512379463723846,0.0008403730746335825,-6.641377784429012e-05,0.00010875273239172876
900.0,0.06120388493425225,0.0002555621395572416,0.0008403730746333604,-6.044977508705921e-05,0.0001087527323916684
900.0,0.062249424597174495,0.0002611492546407135,0.0008403730746335825,-5.2744094438067225e-05,0.00010875273239172876
900.0,0.06329484773129956,0.0002683457336729589,0.0008403730746335825,-4.281902423554727e-05,0.00010875273239172876
900.0,0.06434013790451507,0.0002775864073214507,0.0008403730746335825,-3.0074995751606512e-05,0.00010875273239172876
900.0,0.06538527661709606,0.0002894151710393089,0.0008403730746335825,-1.376208554497979e-05,0.00010875273239172876
900.0,0.06643024305309167,0.00030450999571485227,0.0008403730746335825,7.054453359429923e-06,0.00010875273239172876
900.0,0.06747501381324514,0.00032371305445622056,0.0008403730746333604,3.353570744470603e-05,0.0001087527323916684
900.0,0.06851956266272122,0.00034806685721378017,0.0008403730746333604,6.711889274883748e-05,0.0001087527323916684
900.0,0.06956386026088461,0.00037885740226784037,0.0008403730746333604,0.00010957680831016756,0.0001087527323916684
900.0,0.07060787382080315,0.0004176654792900081,0.0008403730746333604,0.00016308851127649218,0.0001087527323916684
900.0,0.0716515667581494,0.00046642738738000844,0.0008403730746333604,0.00023032295236086103,0.0001087527323916684
900.0,0.07269489830361563,0.0005275064661418583,0.0008403730746333604,0.00031453749117690426,0.0001087527323916684
900.0,0.07373782316290495,0.0006493115980674702,0.0008403730746333604,0.00041969339663294286,0.0001087527323916684
900.0,0.07478029111431495,0.0008189821588757695,0.0008403730746335825,0.0005505906062198194,0.00010875273239172876
900.0,0.07582224651288785,0.0010296689937376868,0.0008403730746335825,0.0007130241646881212,0.00010875273239172876
900.0,0.07686362783398165,0.0012902792993259027,0.0008403730746335825,0.0009139649269591634,0.00010875273239172876
900.0,0.07790436719314517,0.0016116365372340624,0.0008403730746333604,0.0011617671966387595,0.0001087527323916684
900.0,0.07894438984094701,0.0020066614334268706,0.0008403730746335825,0.0014664060392375112,0.00010875273239172876
900.0,0.07998361362457158,0.0024907201787414124,0.0008403730746335825,0.0018397470106544663,0.00010875273239172876
900.0,0.08102194840032294,0.0030820176502857066,0.0008403730746335825,0.00229585097310778,0.00010875273239172876
900.0,0.08205929548549097,0.0038020388422523865,0.0008403730746335825,0.002851316559170733,0.00010875273239172876
900.0,0.08309554716203224,0.004676041391803665,0.0008403730746335825,0.003525662633149522,0.00010875273239172876
900.0,0.08413058610602109,0.005733601473082217,0.0008403730746335825,0.004341752659684386,0.00010875273239172876
900.0,0.08516428481011179,0.007009214753395554,0.0008403730746335825,0.005326262475317033,0.00010875273239172876
900.0,0.08619650506439627,0.008542953340452186,0.0008403730746333604,0.006510192413662781,0.0001087527323916684
900.0,0.08722709745954318,0.01038117853914855,0.0008403730746331384,0.007929423925832272,0.00010875273239165944
900.0,0.08825590074562395,0.012577307627680057,0.0008403730746331384,0.009625319656217124,0.00010875273239165944
900.0,0.08928274153945595,0.01519263241510771,0.0008403730746331384,0.011645365652628099,0.00010875273239165944
900.0,0.09030743429035756,0.018297185710650865,0.0008403730746331384,0.014043853208551182,0.00010875273239165944
900.0,0.09132978029650739,0.021970645519388654,0.0008403730746331384,0.016882593038014097,0.00010875273239165944
900.0,0.0923495681702389,0.0263032738317861,0.0008403730746331384,0.020231660024330075,0.00010875273239165944
900.0,0.09336657378513252,0.03139687671119873,0.0008403730746333604,0.024170159035512385,0.0001087527323916684
900.0,0.0943805595662751,0.037365765622382696,0.0008403730746335825,0.028786997168281037,0.00010875273239172876
900.0,0.0953912756933589,0.04433771898811756,0.0008403730746335825,0.03418166262218372,0.00010875273239172876
900.0,0.09639846026831739,0.052454912194946246,0.0008403730746335825,0.04046498672890063,0.00010875273239172876
900.0,0.09740183955800345,0.061874795482140144,0.0008403730746335825,0.04775987442938409,0.00010875273239166537
900.0,0.09840112856690197,0.07277089859064745,0.0008403730746333604,0.05620198816643554,0.00010875273239090429
900.0,0.09939603264570279,0.0853335429890194,0.0008403730746324722,0.06594037175019153,0.00010875273238641966
900.0,0.10038624851439969,0.09977042415323467,0.000840373074621148,0.07713798662725163,0.00010875273235702606
900.0,0.10137146514031278,0.11630702564218609,0.0008403730745469851,0.08997213236317286,0.00010875273217554455
900.0,0.10235136516852997,0.13518684915771928,0.0008403730740897952,0.1046347405230932,0.00010875273110197385
900.0,0.10332562634832987,0.15667141400558648,0.0008403730714201529,0.12133250705623719,0.00010875272504535438
900.0,0.10429392395625564,0.18104002256603735,0.0008403730565553769,0.1402868615610155,0.00010875269245322785
900.0,0.10525593175448669,0.20858920399723502,0.0008403729778081459,0.1617337057390477,0.00010875252548697321
900.0,0.10621132333208266,0.23963182494594548,0.000840372581308646,0.18592291204235845,0.00010875171241066235
900.0,0.1071597731638037,0.2744958216226223,0.0008403706873407746,0.2131175459878399,0.00010874795506134783
900.0,0.10810095779176977,0.31352251475328785,0.0008403621198014299,0.24359278005160753,0.00010873150623003943
900.0,0.10903455688746658,0.35706447982613554,0.0008403254829516538,0.27763447470152236,0.00010866340680356872
900.0,0.1099602474607406,0.4054825751798603,0.000840177648199214,0.31553711156991693,0.00010839723951139425
900.0,0.11087769214552082,0.4591418445845079,0.0008396157746277666,0.3576008492512822,0.00010741682495102172
900.0,0.11178649938229036,0.5184045092908036,0.0008376081279581893,0.4041262901742536,0.00010401955729307483
900.0,0.11268612433286049,0.5836160271950916,0.0008308778978729503,0.45540376593978743,9.296692858398107e-05
900.0,0.11357566155031681,0.6550764470891863,0.0008097625768224148,0.5116909450377332,5.928483767889068e-05
900.0,0.11445345181243931,0.7329821483264709,0.0007479679308142195,0.5731668197815207,-3.655615678131107e-05
900.0,0.11531648055089319,0.8173211877039535,0.0006173075091968627,0.6398484196848315,-0.00029001703153582283
900.0,0.11615971333464245,0.9077199504345117,0.0012885512510729669,0.7114677624661981,-0.0009088871960506069
900.0,0.11697592061638235,1.0032989183287668,0.002786604624642308,0.7873541672868213,-0.0022925221076189055
900.0,0.11776318273753608,1.1034937659980528,0.005852573779282277,0.8670828221192544,-0.005126715006511163
900.0,0.1185312860297518,1.2092719914280678,0.011729305030960813,0.9514494106192898,-0.010564000338846804
900.0,0.11929291462851194,1.3224627130005615,0.02247782889822103,1.0419414811521075,-0.020530085355019517
900.0,0.12005385934471033,1.444293122168574,0.04125810113918327,1.1395917013989665,-0.03799407660674225
900.0,0.12081480406090875,1.5753265041441864,0.07244442275710439,1.2449166932890494,-0.06710647959385212
900.0,0.12157574877710715,1.716037150444265,0.12169324993704222,1.3583671275217262,-0.11327649135371463
900.0,0.12233669349330556,1.8669046289033986,0.1957865984329965,1.4804100089395558,-0.18305567209795495
900.0,0.12309763820950397,2.0284132455311124,0.3022615724833799,1.6115300340503504,-0.28383513405407357
900.0,0.12385858292570237,2.2010516432034706,0.44897341050183703,1.7522312701942842,-0.42353156403440445
900.0,0.12461952764190079,2.3853125020765447,0.64398772677726,1.9030391474360329,-0.6107246614274905
900.0,0.125,2.483502403266243,0.7658879088604298,1.9837709554337846,-0.7287636533032475
960.0,0.0,0.0002827321019367446,0.0008025112961160819,-9.68486106727573e-05,0.0001085472884195949
960.0,0.0005231494912409765,0.000282732101993588,0.0008025112961163039,-9.684861064126248e-05,0.00010854728841977056
960.0,0.0015694484714494639,0.000282732101993588,0.0008025112961165259,-9.684861060072113e-05,0.00010854728841981272
960.0,0.0026157474465723883,0.0002827321020504314,0.000802511296116748,-9.684861051439073e-05,0.0001085472884198563
960.0,0.0036620464155861904,0.00028273210216411826,0.000802511296116748,-9.684861036286728e-05,0.0001085472884198563
960.0,0.004708345377475357,0.0002827321023346485,0.000802511296116748,-9.684861013807355e-05,0.0001085472884198563
960.0,0.005754644331009957,0.0002827321026188656,0.000802511296116748,-9.684860976071785e-05,0.0001085472884198563
960.0,0.00680094327457751,0.00028273210307361296,0.0008025112961165259,-9.684860920606944e-05,0.00010854728841984737
960.0,0.007847242206097388,0.00028273210364204715,0.000802511296116748,-9.684860838859343e-05,0.0001085472884198563
960.0,0.008893541122936801,0.00028273210460838527,0.000802511296116748,-9.684860717129088e-05,0.0001085472884198563
960.0,0.009939840021803058,0.0002827321059726273,0.000802511296116748,-9.684860535579573e-05,0.0001085472884198563
960.0,0.010986138898604688,0.00028273210790530356,0.000802511296116748,-9.684860264888042e-05,0.0001085472884198563
960.0,0.012032437748284802,0.0002827321107474745,0.000802511296116748,-9.68485986891333e-05,0.0001085472884198563
960.0,0.013078736564625394,0.0002827321148970441,0.000802511296116748,-9.684859291049909e-05,0.0001085472884198563
960.0,0.014125035340008817,0.00028273212114982016,0.000802511296116748,-9.684858442238041e-05,0.0001085472884198563
960.0,0.015171334065114943,0.00028273213013108034,0.0008025112961165259,-9.684857204994808e-05,0.00010854728841977953
960.0,0.01621763272858375,0.00028273214314822326,0.0008025112961163039,-9.68485540931233e-05,0.00010854728841977056
960.0,0.017263931316600097,0.0002827321619065515,0.0008025112961165259,-9.684852811125519e-05,0.00010854728841977953
960.0,0.018310229812372354,0.0002827321891345491,0.0008025112961163039,-9.6848490606945e-05,0.00010854728841977056
960.0,0.019356528195540252,0.00028273222812913446,0.0008025112961163039,-9.684843659830489e-05,0.00010854728841977056
960.0,0.020402826441478825,0.0002827322843472757,0.0008025112961163039,-9.684835909962888e-05,0.00010854728841980376
960.0,0.021449124520446446,0.00028273236472387,0.0008025112961165259,-9.68482482204942e-05,0.0001085472884198386
960.0,0.02249542239654262,0.0002827324793770458,0.0008025112961165259,-9.684809004690435e-05,0.0001085472884198386
960.0,0.023541720026574783,0.0002827326423471277,0.0008025112961165259,-9.684786510913021e-05,0.0001085472884198386
960.0,0.024588017358664248,0.0002827328734724688,0.0008025112961165259,-9.684754614342595e-05,0.0001085472884198386
960.0,0.025634314330521622,0.0002827332002084404,0.0008025112961163039,-9.684709520197718e-05,0.00010854728841980376
960.0,0.026680610867531526,0.00028273366075382,0.0008025112961165259,-9.684645963521058e-05,0.00010854728841977953
960.0,0.027726906880536258,0.00028273430802983057,0.0008025112961163039,-9.684556648808104e-05,0.00010854728841980376
960.0,0.028773202263123444,0.0002827352147392048,0.0008025112961165259,-9.684431516023055e-05,0.0001085472884198386
960.0,0.029819496888343826,0.0002827364814379507,0.000802511296116748,-9.68425672523809e-05,0.0001085472884198563
960.0,0.030865790605256217,0.0002827382453460814,0.000802511296116748,-9.684013303819559e-05,0.0001085472884198563
960.0,0.03191208323471192,0.00028274069461531326,0.0008025112961165259,-9.683675317293601e-05,0.00010854728841981272
960.0,0.03295837456413289,0.00028274408515471805,0.0008025112961163039,-9.683207433656526e-05,0.00010854728841980376
960.0,0.03400466434171516,0.00028274876473233235,0.0008025112961165259,-9.682561665824097e-05,0.0001085472884198386
960.0,0.03505095226985211,0.000282755204239038,0.0008025112961165259,-9.68167305262745e-05,0.0001085472884198386
960.0,0.03609723799744126,0.0002827640389568842,0.000802511296116748,-9.680453924097253e-05,0.0001085472884198563
960.0,0.03714352111050014,0.00028277612346983005,0.000802511296116748,-9.67878634599862e-05,0.0001085472884198563
960.0,0.03818980112251305,0.00028279260408226037,0.000802511296116748,-9.676512155619715e-05,0.0001085472884198563
960.0,0.03923607746275605,0.0002828150128948437,0.000802511296116748,-9.673419941916056e-05,0.0001085472884198563
960.0,0.04028234946173375,0.0002828453914958118,0.000802511296116748,-9.669227983182225e-05,0.0001085472884198563
960.0,0.04132861633570477,0.0002828864520552088,0.000802511296116748,-9.663562073306976e-05,0.0001085472884198563
960.0,0.04237487716971418,0.0002829417853149607,0.000802511296116748,-9.655926715849947e-05,0.0001085472884198563
960.0,0.04342113089694337,0.00028301613133407955,0.000802511296116748,-9.645667907302134e-05,0.0001085472884198563
960.0,0.0444673762737487,0.00028311572663142215,0.000802511296116748,-9.631925135112065e-05,0.0001085472884198563
960.0,0.045513611855182684,0.00028324875086127577,0.000802511296116748,-9.61356977781451e-05,0.0001085472884198563
960.0,0.046559835965433324,0.0002834258986013083,0.0008025112961165259,-9.589126255302742e-05,0.0001085472884198386
960.0,0.04760604666142646,0.0002836611079146678,0.0008025112961165259,-9.556671448920596e-05,0.00010854728841982146
960.0,0.048652241694590856,0.0002839724871250837,0.0008025112961165259,-9.51370692340852e-05,0.0001085472884198386
960.0,0.049698418470146756,0.0002843834877239715,0.000802511296116748,-9.456997073079965e-05,0.0001085472884198563
960.0,0.050744573997060706,0.0002849243848572769,0.000802511296116748,-9.382364891391242e-05,0.0001085472884198563
960.0,0.051790704828407724,0.0002856341388906003,0.0008025112961165259,-9.284435149672762e-05,0.0001085472884198386
960.0,0.052836807004765764,0.0002865627286610106,0.0008025112961165259,-9.15631258792778e-05,0.0001085472884198386
960.0,0.05388287598694727,0.0002877740639064541,0.0008025112961165259,-8.989180109919991e-05,0.00010854728841981272
960.0,0.05492890657290356,0.00028934960960214084,0.0008025112961165259,-8.771798926478629e-05,0.00010854728841977953
960.0,0.055974892808294846,0.0002913928780117203,0.000802511296116748,-8.489888868923383e-05,0.0001085472884198563
960.0,0.05702082789713402,0.0002940349780260476,0.000802511296116748,-8.125363063646331e-05,0.0001085472884198563
960.0,0.0580667040925781,0.00029744144376309123,0.000802511296116748,-7.655386058498078e-05,0.0001085472884198563
960.0,0.05911251256974148,0.0003018206080582786,0.000802511296116748,-7.051219039296244e-05,0.0001085472884198563
960.0,0.06015824330378468,0.00030743383041453853,0.000802511296116748,-6.276809198865951e-05,0.0001085472884198563
960.0,0.06120388493425225,0.00031460794622262256,0.0008025112961165259,-5.2870730352252574e-05,0.0001085472884198386
960.0,0.062249424597174495,0.0003237503592004032,0.000802511296116748,-4.025815098465239e-05,0.0001085472884198563
960.0,0.06329484773129956,0.0003353672707930855,0.000802511296116748,-2.4232144047692192e-05,0.0001085472884198563
960.0,0.06434013790451507,0.00035008561263794036,0.000802511296116748,-3.928003867276649e-06,0.0001085472884198563
960.0,0.06538527661709606,0.0003686793313022463,0.000802511296116748,2.1721710484254018e-05,0.0001085472884198563
960.0,0.06643024305309167,0.0003921007653389097,0.0008025112961165259,5.403043061148589e-05,0.0001085472884198386
960.0,0.06747501381324514,0.00042151794826850164,0.0008025112961165259,9.46090010957876e-05,0.0001085472884198386
960.0,0.06851956266272122,0.00045835878017896903,0.0008025112961165259,0.0001454265628446338,0.00010854728841981272
960.0,0.06956386026088461,0.0005043631143166749,0.0008025112961163039,0.00020888234025932297,0.00010854728841977056
960.0,0.07060787382080315,0.0005616439187861033,0.0008025112961165259,0.00028788992451269686,0.00010854728841977953
960.0,0.0716515667581494,0.0006327587865371243,0.0008025112961163039,0.0003859758057633463,0.00010854728841977056
960.0,0.07269489830361563,0.0007505621184691336,0.0008025112961165259,0.0005073940583908892,0.00010854728841977953
960.0,0.07373782316290495,0.0009449390157669768,0.0008025112961165259,0.0006572592399388723,0.0001085472884198386
960.0,0.07478029111431495,0.001184323942197807,0.000802511296116748,0.000841699691952917,0.0001085472884198563
960.0,0.07582224651288785,0.0014780672050278554,0.000802511296116748,0.0010680335312489978,0.0001085472884198563
960.0,0.07686362783398165,0.0018374556230469352,0.000802511296116748,0.0013449697488551523,0.0001085472884198563
960.0,0.07790436719314517,0.0022758788784926764,0.0008025112961165259,0.0016828368626058171,0.0001085472884198386
960.0,0.07894438984094701,0.0028091585226661664,0.000802511296116748,0.002093841586150165,0.0001085472884198563
960.0,0.07998361362457158,0.0034559239218197035,0.000802511296116748,0.0025923599222386906,0.0001085472884198563
960.0,0.08102194840032294,0.00423803271411316,0.000802511296116748,0.0031952629599253973,0.0001085472884198563
960.0,0.08205929548549097,0.005181038395960513,0.000802511296116748,0.003922279497659471,0.0001085472884198563
960.0,0.08309554716203224,0.006314707277397247,0.000802511296116748,0.004796397346510278,0.0001085472884198563
960.0,0.08413058610602109,0.0076735863187309405,0.000802511296116748,0.0058443046358096495,0.0001085472884198563
960.0,0.08516428481011179,0.009297622721135212,0.000802511296116748,0.00709687198194142,0.0001085472884198563
960.0,0.08619650506439627,0.01123283530188246,0.0008025112961165259,0.008589675773729936,0.0001085472884198386
960.0,0.08722709745954318,0.01353203644828227,0.0008025112961163039,0.010363561915616479,0.00010854728841980376
960.0,0.08825590074562395,0.01625560163040518,0.0008025112961163039,0.012465248025087845,0.00010854728841977056
960.0,0.08928274153945595,0.019472283139009505,0.0008025112961163039,0.014947961894997386,0.00010854728841977056
960.0,0.09030743429035756,0.023260062874896903,0.0008025112961163039,0.017872112677653294,0.00010854728841977056
960.0,0.09132978029650739,0.027707031581485353,0.0008025112961163039,0.021305985579446848,0.00010854728841977056
960.0,0.0923495681702389,0.032912290933609256,0.0008025112961163039,0.02532645789119865,0.00010854728841977056
960.0,0.09336657378513252,0.03898686247822525,0.0008025112961165259,0.030019724679646576,0.00010854728841981272
960.0,0.0943805595662751,0.04605458016214925,0.000802511296116748,0.03548201692118108,0.0001085472884198563
960.0,0.0953912756933589,0.054252965906584905,0.000802511296116748,0.041820312499463205,0.00010854728841981867
960.0,0.09639846026831739,0.06373405123292741,0.000802511296116748,0.04915301238979808,0.0001085472884198014
960.0,0.09740183955800345,0.07466512203558295,0.0008025112961165259,0.057610565277658975,0.00010854728841942176
960.0,0.09840112856690197,0.08722936287085759,0.0008025112961154157,0.06733602333451268,0.00010854728841660435
960.0,0.09939603264570279,0.10162637954965703,0.0008025112961100866,0.07848551375189089,0.00010854728839996846
960.0,0.10038624851439969,0.11807255744400891,0.0008025112960694525,0.09122859408851586,0.00010854728829774985
960.0,0.10137146514031278,0.13680121357850794,0.0008025112958258696,0.10574845987944352,0.00010854728770535368
960.0,0.10235136516852997,0.15806252635218243,0.0008025112944349821,0.12224199287993956,0.00010854728441671254
960.0,0.10332562634832987,0.18212319385844467,0.0008025112867988682,0.14091961270938966,0.00010854726698083092
960.0,0.10429392395625564,0.2092658227428501,0.0008025112468112994,0.16200493416737483,0.00010854717878239857
960.0,0.10525593175448669,0.23978795984504586,0.0008025110474076946,0.18573416282626834,0.0001085467537657001
960.0,0.10621132333208266,0.27400077254100097,0.0008025101018980241,0.21235523416675625,0.0001085448057386659
960.0,0.1071597731638037,0.312227353695846,0.0008025058459462109,0.24212667853865757,0.0001085363270576552
960.0,0.10810095779176977,0.354800648167668,0.000802487690901188,0.2753162109224455,0.00010850134037575653
960.0,0.10903455688746658,0.40206102265744903,0.0008024144191356442,0.31219906482869925,0.00010836468816865176
960.0,0.1099602474607406,0.4543531176929605,0.0008021351116875852,0.35305579161269357,0.00010786029404195947
960.0,0.11087769214552082,0.5120217746824096,0.0008011311927111908,0.3981693657385552,0.00010610373585689069
960.0,0.11178649938229036,0.5754052460602566,0.0007977346904091132,0.4478201947168414,0.00010034162961169044
960.0,0.11268612433286049,0.6448216036637859,0.0007869387029599828,0.5022758150965325,8.256899674779646e-05
960.0,0.11357566155031681,0.7205404282481709,0.0007547720635574517,0.5617689974800478,3.113596611314902e-05
960.0,0.11445345181243931,0.8027245775244864,0.0006652101100139696,0.6264521334527362,-0.00010810797393111277
960.0,0.11531648055089319,0.8913251977119785,0.0007967375846846814,0.6963142426024324,-0.00045924053533492534
960.0,0.11615971333464245,0.9859283049034389,0.0016920349258158218,0.7710585616144527,-0.001278861164864142
960.0,0.11697592061638235,1.085612929915328,0.0036050779595862004,0.84998728577629,-0.0030360300835748657
960.0,0.11776318273753608,1.1898122059784555,0.007373586736707072,0.9326799811698606,-0.006499882598967485
960.0,0.1185312860297518,1.29956539414502,0.014345119575904786,1.0199941472363532,-0.012918190745940679
960.0,0.11929291462851194,1.4168165038020106,0.026692556467832862,1.1135091203034473,-0.024316485520115637
960.0,0.12005385934471033,1.5428776517920824,0.04764361528204075,1.2143489727110641,-0.04372457846101007
960.0,0.12081480406090875,1.6784230588932587,0.08153988079568153,1.3231325210408238,-0.07525482104267926
960.0,0.12157574877710715,1.8240647803561956,0.13385708879300262,1.4404459683335504,-0.12413908967442483
960.0,0.12233669349330556,1.9804631858485209,0.21103714413813046,1.5669338974383946,-0.19659821073111236
960.0,0.12309763820950397,2.1483317208403037,0.3201454296975119,1.7033062114692985,-0.29957081178779593
960.0,0.12385858292570237,2.328440782750306,0.46851841090876656,1.8503446130770786,-0.4404840861800194
960.0,0.12461952764190079,2.5216202767289815,0.6637783277377325,2.008908264674226,-0.6275208477819937
960.0,0.125,2.625190381857408,0.7849310659196589,2.094423307853047,-0.7446479086447827
1020.0,0.0,0.00029132044932111967,0.0007673343326850546,-0.00010696252804629646,0.00010824656106433566
1020.0,0.0005231494912409765,0.00029132044926427625,0.0007673343326854987,-0.00010696252799448067,0.00010824656106454715
1020.0,0.0015694484714494639,0.0002913204490369026,0.0007673343326857207,-0.00010696252782433513,0.0001082465610645561
1020.0,0.0026157474465723883,0.0002913204485821552,0.0007673343326859428,-0.00010696252747244761,0.00010824656106461646
1020.0,0.0036620464155861904,0.0002913204478431908,0.0007673343326859428,-0.0001069625268467204,0.00010824656106461646
1020.0,0.004708345377475357,0.00029132044659263556,0.0007673343326859428,-0.00010696252588942712,0.00010824656106461646
1020.0,0.005754644331009957,0.0002913204448304896,0.0007673343326859428,-0.00010696252447306407,0.00010824656106461646
1020.0,0.00680094327457751,0.00029132044210200547,0.0007673343326859428,-0.00010696252240433631,0.00010824656106461646
1020.0,0.007847242206097388,0.00029132043812296615,0.0007673343326859428,-0.00010696251934559708,0.00010824656106461646
1020.0,0.008893541122936801,0.00029132043232493743,0.0007673343326859428,-0.00010696251487885805,0.00010824656106461646
1020.0,0.009939840021803058,0.000291320423855268,0.0007673343326859428,-0.00010696250841331938,0.00010824656106461646
1020.0,0.010986138898604688,0.0002913204116907764,0.0007673343326859428,-0.0001069624990547213,0.00010824656106461646
1020.0,0.012032437748284802,0.00029132039418300337,0.0007673343326859428,-0.00010696248556945656,0.00010824656106461646
1020.0,0.013078736564625394,0.00029132036905821224,0.0007673343326859428,-0.00010696246622626165,0.00010824656106461646
1020.0,0.014125035340008817,0.0002913203330194847,0.0007673343326859428,-0.00010696243852935215,0.00010824656106461646
1020.0,0.015171334065114943,0.00029132028163303403,0.0007673343326857207,-0.00010696239895515447,0.0001082465610645561
1020.0,0.01621763272858375,0.0002913202083618671,0.0007673343326854987,-0.00010696234263267536,0.00010824656106454715
1020.0,0.017263931316600097,0.000291320104395254,0.0007673343326857207,-0.00010696226267311882,0.0001082465610645561
1020.0,0.018310229812372354,0.000291319957284486,0.0007673343326854987,-0.00010696214949049494,0.00010824656106454715
1020.0,0.019356528195540252,0.0002913197495786335,0.0007673343326854987,-0.00010696198971727663,0.00010824656106454715
1020.0,0.020402826441478825,0.0002913194572329303,0.0007673343326854987,-0.00010696176480511233,0.00010824656106454715
1020.0,0.021449124520446446,0.0002913190467666027,0.0007673343326857207,-0.00010696144914452502,0.0001082465610645561
1020.0,0.02249542239654262,0.0002913184723638551,0.0007673343326857207,-0.00010696100729773407,0.0001082465610645561
1020.0,0.023541720026574783,0.0002913176706442755,0.0007673343326857207,-0.00010696039064501741,0.0001082465610645561
1020.0,0.024588017358664248,0.0002913165549784935,0.0007673343326857207,-0.00010695953242841592,0.0001082465610645561
1020.0,0.025634314330521622,0.00029131500656376375,0.0007673343326854987,-0.00010695834136906628,0.00010824656106454715
1020.0,0.026680610867531526,0.00029131286368055953,0.0007673343326857207,-0.00010695669307217722,0.0001082465610645561
1020.0,0.027726906880536258,0.00029130990662906697,0.0007673343326857207,-0.00010695441847146944,0.0001082465610645561
1020.0,0.028773202263123444,0.00029130583760661466,0.0007673343326857207,-0.00010695128841962642,0.00010824656106456485
1020.0,0.029819496888343826,0.0002913002539912668,0.0007673343326859428,-0.0001069469933715889,0.00010824656106461646
1020.0,0.030865790605256217,0.0002912926139515548,0.0007673343326859428,-0.0001069411163424252,0.00010824656106461646
1020.0,0.03191208323471192,0.00029128218926643967,0.0007673343326857207,-0.00010693309731231259,0.00010824656106456485
1020.0,0.03295837456413289,0.000291268005355505,0.0007673343326857207,-0.00010692218641131102,0.00010824656106456485
1020.0,0.03400466434171516,0.00029124876084551943,0.0007673343326857207,-0.00010690738254047572,0.0001082465610645561
1020.0,0.03505095226985211,0.00029122272349013656,0.0007673343326857207,-0.00010688735316335099,0.00010824656106456485
1020.0,0.03609723799744126,0.0002911875948825582,0.0007673343326859428,-0.0001068603299561409,0.00010824656106461646
1020.0,0.03714352111050014,0.0002911403334451279,0.0007673343326859428,-0.00010682397315947936,0.00010824656106461646
1020.0,0.03818980112251305,0.00029107692728302936,0.0007673343326859428,-0.00010677519622746872,0.00010824656106461646
1020.0,0.03923607746275605,0.0002909920995648463,0.0007673343326859428,-0.00010670993956554147,0.00010824656106461646
1020.0,0.04028234946173375,0.0002908789306275139,0.0007673343326859428,-0.00010662287967243442,0.00010824656106461646
1020.0,0.04132861633570477,0.0002907283740682942,0.0007673343326859428,-0.00010650705650486013,0.00010824656106461646
1020.0,0.04237487716971418,0.0002905286373220406,0.0007673343326859428,-0.00010635339741731618,0.00010824656106461646
1020.0,0.04342113089694337,0.00029026439472090715,0.0007673343326859428,-0.00010615011113469641,0.00010824656106461646
1020.0,0.0444673762737487,0.00028991578795967143,0.0007673343326859428,-0.00010588191884067684,0.00010824656106461646
1020.0,0.045513611855182684,0.00028945716201178584,0.0007673343326859428,-0.00010552908154334929,0.00010824656106461646
1020.0,0.046559835965433324,0.00028885547214940743,0.0007673343326857207,-0.00010506617413419072,0.00010824656106456485
1020.0,0.04760604666142646,0.000288068282372933,0.0007673343326857207,-0.00010446054492549505,0.0001082465610645561
1020.0,0.048652241694590856,0.000287041258559384,0.0007673343326857207,-0.00010367038667642641,0.00010824656106456485
1020.0,0.049698418470146756,0.0002857050399711625,0.0007673343326859428,-0.00010264232888828883,0.00010824656106461646
1020.0,0.050744573997060706,0.00028397134855140393,0.0007673343326859428,-0.0001013084428978458,0.00010824656106461646
1020.0,0.051790704828407724,0.00028172816342930673,0.0007673343326857207,-9.958252866693115e-05,0.00010824656106456485
1020.0,0.052836807004765764,0.00027883376088766454,0.0007673343326857207,-9.735552683194015e-05,0.0001082465610645561
1020.0,0.05388287598694727,0.0002751093742858757,0.0007673343326857207,-9.448986898146327e-05,0.0001082465610645561
1020.0,0.05492890657290356,0.0002703301869360075,0.0007673343326857207,-9.081254402956529e-05,0.00010824656106456485
1020.0,0.055974892808294846,0.00026421431624612524,0.0007673343326859428,-8.610661841874147e-05,0.00010824656106461646
1020.0,0.05702082789713402,0.00025640938895321597,0.0007673343326859428,-8.010090072157001e-05,0.00010824656106461646
1020.0,0.0580667040925781,0.00024647623627060966,0.0007673343326859428,-7.245738858394875e-05,0.00010824656106461646
1020.0,0.05911251256974148,0.00024371725993432847,0.0007673343326859428,-6.275607548405128e-05,0.00010824656106461646
1020.0,0.06015824330378468,0.0002526161208606936,0.0007673343326859428,-5.047662692906162e-05,0.00010824656106461646
1020.0,0.06120388493425225,0.0002638492620690158,0.0007673343326857207,-3.497635926913292e-05,0.00010824656106456485
1020.0,0.062249424597174495,0.0002779903075520451,0.0007673343326859428,-1.5463870868419066e-05,0.00010824656106461646
1020.0,0.06329484773129956,0.00029574349787253595,0.0007673343326859428,9.032418194896224e-06,0.00010824656106461646
1020.0,0.06434013790451507,0.000317970807770962,0.0007673343326859428,3.970166425079862e-05,0.00010824656106461646
1020.0,0.06538527661709606,0.00034572406434563163,0.0007673343326859428,7.799489196296913e-05,0.00010824656106461646
1020.0,0.06643024305309167,0.00038028284473057283,0.0007673343326857207,0.00012567725176289066,0.00010824656106456485
1020.0,0.06747501381324514,0.0004231990238281469,0.0007673343326857207,0.00018488944187315296,0.00010824656106456485
1020.0,0.06851956266272122,0.00047634893769554765,0.0007673343326857207,0.00025821962552324764,0.0001082465610645561
1020.0,0.06956386026088461,0.000541994229138254,0.0007673343326854987,0.00034878730733234976,0.00010824656106454715
1020.0,0.07060787382080315,0.0006768810940798176,0.0007673343326857207,0.0004603407634850316,0.0001082465610645561
1020.0,0.0716515667581494,0.0008547041553015333,0.0007673343326854987,0.0005973697602153245,0.00010824656106454715
1020.0,0.07269489830361563,0.0010725325429348231,0.0007673343326857207,0.000765235418778815,0.0001082465610645561
1020.0,0.07373782316290495,0.0013387586752173775,0.0007673343326857207,0.0009703192165264427,0.00010824656106456485
1020.0,0.07478029111431495,0.0016632172684012403,0.0007673343326859428,0.0012201932009190603,0.00010824656106461646
1020.0,0.07582224651288785,0.0020574388585714587,0.0007673343326859428,0.001523813552055887,0.00010824656106461646
1020.0,0.07686362783398165,0.0025351212900091014,0.0007673343326859428,0.0018917397276584,0.00010824656106461646
1020.0,0.07790436719314517,0.0031123598692488486,0.0007673343326857207,0.002336381395605267,0.00010824656106456485
1020.0,0.07894438984094701,0.0038080053278690684,0.0007673343326859428,0.002872275326984855,0.00010824656106461646
1020.0,0.07998361362457158,0.0046440629195672045,0.0007673343326859428,0.003516394306846211,0.00010824656106461646
1020.0,0.08102194840032294,0.0056461349603296185,0.0007673343326859428,0.004288489925673909,0.00010824656106461646
1020.0,0.08205929548549097,0.006843908817586453,0.0007673343326859428,0.005211470899380428,0.00010824656106461646
1020.0,0.08309554716203224,0.008271691880224807,0.0007673343326859428,0.006311818222506471,0.00010824656106461646
1020.0,0.08413058610602109,0.00996899416134056,0.0007673343326859428,0.007620037806105793,0.00010824656106461646
1020.0,0.08516428481011179,0.011981158447724738,0.0007673343326859428,0.009171150713971466,0.00010824656106461646
1020.0,0.08619650506439627,0.014360036955565647,0.0007673343326857207,0.011005220407059403,0.00010824656106456485
1020.0,0.08722709745954318,0.017164712023145512,0.0007673343326854987,0.013167915345593697,0.00010824656106454715
1020.0,0.08825590074562395,0.020462256300788795,0.0007673343326854987,0.015711103743437867,0.00010824656106454715
1020.0,0.08928274153945595,0.02432852769601368,0.0007673343326854987,0.018693477159505856,0.00010824656106454715
1020.0,0.09030743429035756,0.028848992212147095,0.0007673343326854987,0.02218119803183841,0.00010824656106454715
1020.0,0.09132978029650739,0.03411955918380727,0.0007673343326854987,0.026248559650031294,0.00010824656106454715
1020.0,0.0923495681702389,0.04024742456817876,0.0007673343326854987,0.03097865572630558,0.00010824656106454715
1020.0,0.09336657378513252,0.04735190313277826,0.0007673343326857207,0.03646404535924107,0.0001082465610645561
1020.0,0.0943805595662751,0.05556522283558252,0.0007673343326859428,0.04280739340941313,0.00010824656106458933
1020.0,0.0953912756933589,0.0650332815339425,0.0007673343326859428,0.05012208710319968,0.00010824656106453485
1020.0,0.09639846026831739,0.07591632425999251,0.0007673343326859428,0.058532797405787276,0.00010824656106433526
1020.0,0.09740183955800345,0.08838951737311618,0.0007673343326857207,0.06817596772337338,0.00010824656106296408
1020.0,0.09840112856690197,0.10264339632266228,0.000767334332682168,0.07920021293001309,0.00010824656105334675
1020.0,0.09939603264570279,0.11888416866730722,0.0007673343326604076,0.09176661564376987,0.00010824656099748427
1020.0,0.10038624851439969,0.13733383219937423,0.0007673343325345083,0.1060488900211586,0.00010824656067752179
1020.0,0.10137146514031278,0.15823007375269071,0.0007673343318244097,0.12223338795255259,0.00010824655892786034
1020.0,0.10235136516852997,0.18182594731763402,0.0007673343279732681,0.14051894848768695,0.00010824654977021531
1020.0,0.10332562634832987,0.20838929947007045,0.0007673343080087935,0.16111656802277755,0.00010824650394682979
1020.0,0.10429392395625564,0.2382019724173574,0.0007673342092486823,0.18424891765229928,0.00010824628508118588
1020.0,0.10525593175448669,0.271558722329587,0.0007673337437403838,0.21014966288781625,0.00010824528867503683
1020.0,0.10621132333208266,0.30876590004851323,0.0007673316561267463,0.23906262632489414,0.00010824097140642454
1020.0,0.1071597731638037,0.3501399088518724,0.0007673227629769741,0.27124080927995364,0.00010822319553052276
1020.0,0.10810095779176977,0.39600547385049367,0.0007672868332397886,0.30694530378966106,0.00010815375066300758
1020.0,0.10903455688746658,0.44669376949042316,0.0007671493790710748,0.3464441350086748,0.00010789672298986364
1020.0,0.1099602474607406,0.5025400162668916,0.0007666522333475978,0.390010732195092,0.00010699680953827396
1020.0,0.11087769214552082,0.5638802904816771,0.0007649549685868617,0.4379218227693359,0.00010402063287130108
1020.0,0.11178649938229036,0.6310455491264406,0.0007594940794959371,0.49045317226337404,9.473730892574734e-05
1020.0,0.11268612433286049,0.7043484235085202,0.0007429640406892979,0.5478696428914058,6.747070716564331e-05
1020.0,0.11357566155031681,0.7840542869409433,0.0006959880656722817,0.6104028012306966,-7.793678499713663e-06
1020.0,0.11445345181243931,0.870320505160123,0.0005710125967042234,0.6782031947143967,-0.000202507931127123
1020.0,0.11531648055089319,0.963086231155728,0.0010303474634127952,0.7512529264257223,-0.0006727152011776117
1020.0,0.11615971333464245,1.0619111812762299,0.002185535789855919,0.8292364974871381,-0.0017263721735555257
1020.0,0.11697592061638235,1.1658264460974692,0.004566982487839155,0.9114188905401862,-0.0039011961675423043
1020.0,0.11776318273753608,1.274229419762321,0.009096851709387899,0.9973491114263443,-0.008042667320679773
1020.0,0.1185312860297518,1.3881801031848227,0.017213505535277118,1.0878888412916128,-0.015480665457807269
1020.0,0.11929291462851194,1.5096226017399772,0.03118098276601522,1.1846174700897047,-0.028320984305789044
1020.0,0.12005385934471033,1.6398215977072255,0.05426961054891555,1.288599950430067,-0.049629951403755444
1020.0,0.12081480406090875,1.779323213890052,0.09076522628485018,1.4003292450161944,-0.08346142416850921
1020.0,0.12157574877710715,1.9285481994489828,0.1459588876012723,1.5202047098503728,-0.13486527456339517
1020.0,0.12233669349330556,2.0878930854703412,0.2259715395579236,1.6486128913903912,-0.2097522684652548
1020.0,0.12309763820950397,2.2577226215899486,0.33744547634398314,1.7859218693140877,-0.31465674943082667
1020.0,0.12385858292570237,2.4383631898976432,0.4872661717843081,1.9324766099970658,-0.4565833461639129
1020.0,0.12461952764190079,2.6300978377697675,0.6826779179089328,2.088595938198248,-0.6433826969198968
1020.0,0.125,2.731630656448999,0.803106228910923,2.1715837962190174,-0.7596274646454594
1080.0,0.0,0.00032420517129594373,0.0007344434044667114,-0.00011950085293573978,0.00010785891688193134
1080.0,0.0005231494912409765,0.00032420517112541347,0.0007344434044669335,-0.0001195008528204659,0.00010785891688212094
1080.0,0.0015694484714494639,0.0003242051703296056,0.0007344434044669335,-0.00011950085222658454,0.00010785891688212094
1080.0,0.0026157474465723883,0.00032420516868114646,0.0007344434044671555,-0.00011950085095931307,0.00010785891688213845
1080.0,0.0036620464155861904,0.00032420516589581894,0.0007344434044671555,-0.0001195008488664604,0.0001078589168821472
1080.0,0.004708345377475357,0.00032420516174624936,0.0007344434044671555,-0.00011950084567105589,0.0001078589168821472
1080.0,0.005754644331009957,0.00032420515566400354,0.0007344434044671555,-0.00011950084095530794,0.0001078589168821472
1080.0,0.00680094327457751,0.0003242051467964302,0.0007344434044671555,-0.00011950083410504779,0.0001078589168821472
1080.0,0.007847242206097388,0.00032420513394981754,0.0007344434044671555,-0.00011950082424820183,0.0001078589168821472
1080.0,0.008893541122936801,0.0003242051155325498,0.0007344434044671555,-0.00011950081016590058,0.0001078589168821472
1080.0,0.009939840021803058,0.000324205089498264,0.0007344434044671555,-0.000119500790129265,0.0001078589168821472
1080.0,0.010986138898604688,0.00032420505260688515,0.0007344434044671555,-0.00011950076171948758,0.0001078589168821472
1080.0,0.012032437748284802,0.0003242050003677832,0.0007344434044673775,-0.00011950072153070938,0.00010785891688215615
1080.0,0.013078736564625394,0.00032420492664186895,0.0007344434044671555,-0.00011950066488108516,0.0001078589168821472
1080.0,0.014125035340008817,0.0003242048230731598,0.0007344434044671555,-0.00011950058523559377,0.00010785891688213845
1080.0,0.015171334065114943,0.0003242046777813812,0.0007344434044669335,-0.00011950047353458442,0.00010785891688212094
1080.0,0.01621763272858375,0.0003242044746798456,0.0007344434044669335,-0.00011950031732711565,0.00010785891688212094
1080.0,0.017263931316600097,0.0003242041914859328,0.0007344434044669335,-0.00011950009946913852,0.00010785891688211218
1080.0,0.018310229812372354,0.0003242037975041967,0.0007344434044669335,-0.00011949979645157929,0.00010785891688211218
1080.0,0.019356528195540252,0.00032420325089788093,0.0007344434044669335,-0.00011949937610319897,0.00010785891688211218
1080.0,0.020402826441478825,0.0003242024946530364,0.0007344434044669335,-0.00011949879457112318,0.00010785891688211218
1080.0,0.021449124520446446,0.0003242014511783964,0.0007344434044669335,-0.00011949799215534104,0.00010785891688211218
1080.0,0.02249542239654262,0.0003242000154273228,0.0007344434044669335,-0.00011949688795673366,0.00010785891688211218
1080.0,0.023541720026574783,0.00032419804489336457,0.0007344434044667114,-0.00011949537253041557,0.00010785891688210324
1080.0,0.024588017358664248,0.00032419534778682646,0.0007344434044669335,-0.00011949329828898755,0.00010785891688211218
1080.0,0.025634314330521622,0.00032419166603858685,0.0007344434044669335,-0.00011949046679138732,0.00010785891688212094
1080.0,0.026680610867531526,0.00032418665347222486,0.0007344434044669335,-0.00011948661182180943,0.00010785891688212094
1080.0,0.027726906880536258,0.000324179847382311,0.0007344434044669335,-0.00011948137750439851,0.00010785891688211218
1080.0,0.028773202263123444,0.00032417063067669005,0.0007344434044669335,-0.00011947428923018862,0.00010785891688212094
1080.0,0.029819496888343826,0.0003241581829911411,0.0007344434044671555,-0.00011946471588081606,0.0001078589168821472
1080.0,0.030865790605256217,0.0003241414159447231,0.0007344434044671555,-0.00011945182068944619,0.00010785891688213845
1080.0,0.03191208323471192,0.0003241188911147219,0.0007344434044669335,-0.00011943449718580873,0.0001078589168821295
1080.0,0.03295837456413289,0.0003240887116930935,0.0007344434044669335,-0.00011941128653032785,0.00010785891688212094
1080.0,0.03400466434171516,0.000324048383902209,0.0007344434044669335,-0.00011938027057262965,0.00010785891688211218
1080.0,0.03505095226985211,0.0003239946378243985,0.0007344434044669335,-0.00011933893449548265,0.00010785891688212094
1080.0,0.03609723799744126,0.00032392319883456366,0.0007344434044671555,-0.00011928399039907504,0.00010785891688213845
1080.0,0.03714352111050014,0.0003238284938902325,0.0007344434044671555,-0.00011921115179438065,0.0001078589168821472
1080.0,0.03818980112251305,0.00032370327778608043,0.0007344434044671555,-0.00011911484602954232,0.0001078589168821472
1080.0,0.03923607746275605,0.0003235381581703223,0.0007344434044671555,-0.00011898784876510138,0.0001078589168821472
1080.0,0.04028234946173375,0.0003233209930613157,0.0007344434044671555,-0.0001188208208251975,0.0001078589168821472
1080.0,0.04132861633570477,0.00032303613073736415,0.0007344434044671555,-0.00011860172302818042,0.0001078589168821472
1080.0,0.04237487716971418,0.0003226634511861448,0.0007344434044671555,-0.0001183150793698416,0.0001078589168821472
1080.0,0.04342113089694337,0.00032217716426430343,0.0007344434044671555,-0.00011794105188943936,0.0001078589168821472
1080.0,0.0444673762737487,0.00032154430419950586,0.0007344434044671555,-0.00011745428285442707,0.0001078589168821472
1080.0,0.045513611855182684,0.0003207228517112526,0.0007344434044671555,-0.00011682245011647944,0.00010785891688213845
1080.0,0.046559835965433324,0.00031965939928113585,0.0007344434044669335,-0.0001160044704664178,0.0001078589168821295
1080.0,0.04760604666142646,0.00031828625492380525,0.0007344434044669335,-0.00011494827198562803,0.00010785891688212094
1080.0,0.048652241694590856,0.0003190657192249091,0.0007344434044669335,-0.00011358804082046693,0.0001078589168821295
1080.0,0.049698418470146756,0.0003203316109647858,0.0007344434044671555,-0.0001118408290157893,0.0001078589168821472
1080.0,0.050744573997060706,0.0003219534200979979,0.0007344434044669335,-0.00010960238875745694,0.0001078589168821295
1080.0,0.051790704828407724,0.0003240258110963623,0.0007344434044669335,-0.00010674207236885314,0.00010785891688212094
1080.0,0.052836807004765764,0.0003266670877337674,0.0007344434044669335,-0.00010309660905282146,0.00010785891688212094
1080.0,0.05388287598694727,0.0003300246794424311,0.0007344434044669335,-9.846253512677837e-05,0.00010785891688211218
1080.0,0.05492890657290356,0.00033428179170869043,0.0007344434044669335,-9.258701646583202e-05,0.00010785891688212094
1080.0,0.055974892808294846,0.0003396654441303326,0.0007344434044671555,-8.515675770824541e-05,0.00010785891688213845
1080.0,0.05702082789713402,0.0003464561522719123,0.0007344434044671555,-7.578464351605005e-05,0.0001078589168821472
1080.0,0.0580667040925781,0.0003549995516323179,0.0007344434044671555,-6.39937007638222e-05,0.0001078589168821472
1080.0,0.05911251256974148,0.00036572030569459457,0.0007344434044671555,-4.919790936509898e-05,0.0001078589168821472
1080.0,0.06015824330378468,0.0003791386935176888,0.0007344434044671555,-3.06793177968328e-05,0.0001078589168821472
1080.0,0.06120388493425225,0.0003958903247962553,0.0007344434044671555,-7.560845067983413e-06,0.00010785891688213845
1080.0,0.062249424597174495,0.0004167494926150539,0.0007344434044671555,2.122593459529516e-05,0.00010785891688213845
1080.0,0.06329484773129956,0.00044265673966492614,0.0007344434044671555,5.6978817585286604e-05,0.0001078589168821472
1080.0,0.06434013790451507,0.00047475128775431585,0.0007344434044671555,0.00010126970160725692,0.0001078589168821472
1080.0,0.06538527661709606,0.0005144090530393441,0.0007344434044671555,0.00015599701859362016,0.0001078589168821472
1080.0,0.06643024305309167,0.0005632870504541643,0.0007344434044671555,0.00022344697519165085,0.00010785891688213845
1080.0,0.06747501381324514,0.0006233750767705715,0.0007344434044669335,0.0003063648245057439,0.00010785891688212094
1080.0,0.06851956266272122,0.0006970556450482945,0.0007344434044669335,0.0004080375113804372,0.00010785891688211218
1080.0,0.06956386026088461,0.0007871732357216388,0.0007344434044667114,0.0005323891526784808,0.00010785891688210324
1080.0,0.07060787382080315,0.0009612012601678543,0.0007344434044669335,0.0006840909213303005,0.00010785891688211218
1080.0,0.0716515667581494,0.0012008256343847279,0.0007344434044669335,0.0008686870250040402,0.00010785891688211218
1080.0,0.07269489830361563,0.0014918274214892335,0.0007344434044669335,0.0010927385648262305,0.00010785891688212094
1080.0,0.07373782316290495,0.001844174562961598,0.0007344434044669335,0.0013639871651167975,0.0001078589168821295
1080.0,0.07478029111431495,0.0022696366653462974,0.0007344434044671555,0.0016915403118177986,0.00010785891688213845
1080.0,0.07582224651288785,0.0027820779837952614,0.0007344434044671555,0.0020860803497339746,0.0001078589168821472
1080.0,0.07686362783398165,0.003397709010471317,0.0007344434044671555,0.0025600991573547626,0.00010785891688213845
1080.0,0.07790436719314517,0.00413542584658444,0.0007344434044671555,0.003128160424281148,0.00010785891688213845
1080.0,0.07894438984094701,0.0050171874555644536,0.0007344434044671555,0.0038071913672248162,0.0001078589168821472
1080.0,0.07998361362457158,0.006068432856068284,0.0007344434044671555,0.004616805535131647,0.0001078589168821472
1080.0,0.08102194840032294,0.0073185399368185244,0.0007344434044671555,0.0055796580796063115,0.0001078589168821472
1080.0,0.08205929548549097,0.008801327184812635,0.0007344434044671555,0.006721834581164832,0.0001078589168821472
1080.0,0.08309554716203224,0.010555599026417894,0.0007344434044671555,0.008073274086330646,0.0001078589168821472
1080.0,0.08413058610602109,0.012625734419941637,0.0007344434044671555,0.009668226215628494,0.0001078589168821472
1080.0,0.08516428481011179,0.015062317496699507,0.0007344434044671555,0.011545741579793416,0.0001078589168821472
1080.0,0.08619650506439627,0.0179228079658742,0.0007344434044669335,0.013750193938126473,0.0001078589168821295
1080.0,0.08722709745954318,0.021272247401668665,0.0007344434044669335,0.016331831336623477,0.00010785891688212094
1080.0,0.08825590074562395,0.025183995239331125,0.0007344434044669335,0.019347351736896414,0.00010785891688211218
1080.0,0.08928274153945595,0.029740488344714322,0.0007344434044669335,0.022860498720719987,0.00010785891688212094
1080.0,0.09030743429035756,0.03503401579718002,0.0007344434044669335,0.026942671192296354,0.00010785891688211218
1080.0,0.09132978029650739,0.0411674909215094,0.0007344434044669335,0.0316735336583338,0.00010785891688211218
1080.0,0.0923495681702389,0.048255216491781994,0.0007344434044669335,0.03714162443956714,0.00010785891688212094
1080.0,0.09336657378513252,0.056423622234774484,0.0007344434044669335,0.043444946310544415,0.00010785891688212094
1080.0,0.0943805595662751,0.06581194682752312,0.0007344434044669335,0.05069151880288173,0.00010785891688207888
1080.0,0.0953912756933589,0.07657286860302293,0.0007344434044671555,0.058999896239634614,0.00010785891688197263
1080.0,0.09639846026831739,0.08887304273798691,0.0007344434044667114,0.06849961988136875,0.00010785891688111816
1080.0,0.09740183955800345,0.102893526000571,0.0007344434044642689,0.07933159069248216,0.0001078589168760272
1080.0,0.09840112856690197,0.11883007243903876,0.0007344434044533887,0.09164835120390552,0.00010785891684601554
1080.0,0.09939603264570279,0.13689329089231705,0.000734443404389884,0.10561427092749656,0.00010785891667646421
1080.0,0.10038624851439969,0.1573086317557113,0.0007344434040326142,0.12140561184909285,0.0001078589157617182
1080.0,0.10137146514031278,0.18031617824169643,0.0007344434021210322,0.13921045661166517,0.00010785891102800096
1080.0,0.10235136516852997,0.2061702515696311,0.0007344433923017757,0.1592285084971606,0.00010785888756724421
1080.0,0.10332562634832987,0.23513880182753155,0.0007344433440532594,0.1816707429868878,0.00010785877635290718
1080.0,0.10429392395625564,0.2675026162642098,0.0007344431177185307,0.2067589368483259,0.0001078582728520211
1080.0,0.10525593175448669,0.3035542647810985,0.0007344421054544803,0.23472501336555818,0.00010785609886277531
1080.0,0.10621132333208266,0.34359680877963683,0.0007344377955706971,0.26581022386203035,0.00010784715957020087
1080.0,0.1071597731638037,0.3879422485826467,0.0007344203529280335,0.30026414546235636,0.00010781220446440449
1080.0,0.10810095779176977,0.4369096961997343,0.0007343533519774681,0.3383434832667802,0.00010768240977210339
1080.0,0.10903455688746658,0.4908232707564366,0.0007341094437587348,0.38031067359818316,0.00010722539591575374
1080.0,0.1099602474607406,0.5500092708702482,0.000733269186808938,0.42643194108173793,0.00010570159902176994
1080.0,0.11087769214552082,0.6147923760969434,0.0007305338654308713,0.47697461672220565,0.00010089697110744719
1080.0,0.11178649938229036,0.6854888807014277,0.0007221319012034044,0.5322021611644678,8.659037386204242e-05
1080.0,0.11268612433286049,0.7623925723332263,0.0006978186485233628,0.5923634528799844,4.6418831868375286e-05
1080.0,0.11357566155031681,0.845744888227614,0.0006316635544840743,0.6576697401222373,-5.9757768988755984e-05
1080.0,0.11445345181243931,0.9356734243147571,0.0006431112508433756,0.7282466100429754,-0.00032325309295173004
1080.0,0.11531648055089319,1.0320816942889337,0.0013197256193211437,0.8040471461167868,-0.0009348858456807023
1080.0,0.11615971333464245,1.1344897618103573,0.0027756633440256806,0.8847252441437897,-0.002255424272303972
1080.0,0.11697592061638235,1.2418909523965453,0.005675603203735058,0.9695195787548327,-0.004888813207750759
1080.0,0.11776318273753608,1.353685605006774,0.011017649904788485,1.0579874890451733,-0.009748989524474552
1080.0,0.1185312860297518,1.4710183626509092,0.020318669886171037,1.1510598279800541,-0.018235127144274495
1080.0,0.11929291462851194,1.5959465662780872,0.03591438476746278,1.2504289027801654,-0.032515789668920055
1080.0,0.12005385934471033,1.7298905185655258,0.0610970789589107,1.3573013871147137,-0.05567389265176594
1080.0,0.12081480406090875,1.8735924668903294,0.10008126568789155,1.4723624402111815,-0.0916900649591256
1080.0,0.12157574877710715,2.0277535913153883,0.15797138312429926,1.5962866487898366,-0.1454319667661542
1080.0,0.12233669349330556,2.193157486199368,0.24058862512738033,1.7298404033604045,-0.22252135154413072
1080.0,0.12309763820950397,2.3706807172973754,0.3541947176685709,1.8738947851090135,-0.32913071383542297
1080.0,0.12385858292570237,2.5613016517040137,0.5052796141030163,2.02943733423719,-0.4718967367257497
1080.0,0.12461952764190079,2.766106600442015,0.7007589978036199,2.1975818693132148,-0.6583864988138011
1080.0,0.125,2.876199531062241,0.8204841850373055,2.2885787748632005,-0.7737765174521392
1140.0,0.0,0.00035603515897264515,0.0007040369621598153,-0.00013066809480366054,0.00010739861111903642
1140.0,0.0005231494912409765,0.0003560351585747412,0.0007040369621598153,-0.00013066809447350887,0.00010739861111919822
1140.0,0.0015694484714494639,0.0003560351561873176,0.0007040369621598153,-0.00013066809266608164,0.00010739861111919822
1140.0,0.0026157474465723883,0.00035603515118509677,0.0007040369621600373,-0.00013066808884108427,0.0001073986111192159
1140.0,0.0036620464155861904,0.00035603514305648787,0.0007040369621600373,-0.00013066808254064502,0.0001073986111192159
1140.0,0.004708345377475357,0.00035603513060777914,0.0007040369621600373,-0.00013066807302426924,0.0001073986111192159
1140.0,0.005754644331009957,0.00035603511258841536,0.0007040369621600373,-0.00013066805915783425,0.0001073986111192159
1140.0,0.00680094327457751,0.0003560350867815032,0.0007040369621600373,-0.00013066803933767972,0.0001073986111192159
1140.0,0.007847242206097388,0.0003560350504017151,0.0007040369621600373,-0.00013066801128630245,0.0001073986111192159
1140.0,0.008893541122936801,0.0003560349990721079,0.0007040369621600373,-0.00013066797185280838,0.0001073986111192159
1140.0,0.009939840021803058,0.0003560349273357133,0.0007040369621600373,-0.00013066791666232146,0.0001073986111192159
1140.0,0.010986138898604688,0.00035603482712076584,0.0007040369621600373,-0.00013066783966688808,0.0001073986111192159
1140.0,0.012032437748284802,0.00035603468785438963,0.0007040369621600373,-0.00013066773257315023,0.0001073986111192159
1140.0,0.013078736564625394,0.00035603449475729576,0.0007040369621600373,-0.00013066758407195427,0.0001073986111192159
1140.0,0.014125035340008817,0.0003560342275363837,0.0007040369621600373,-0.0001306673786169749,0.0001073986111192159
1140.0,0.015171334065114943,0.0003560338589068124,0.0007040369621598153,-0.00013066709517350913,0.00010739861111919822
1140.0,0.01621763272858375,0.00035603335163614247,0.0007040369621598153,-0.00013066670510333782,0.00010739861111919822
1140.0,0.017263931316600097,0.0003560326553042614,0.0007040369621598153,-0.00013066616970899633,0.00010739861111919822
1140.0,0.018310229812372354,0.00035603170204012713,0.0007040369621598153,-0.00013066543667153687,0.00010739861111919822
1140.0,0.019356528195540252,0.00035603040009846154,0.0007040369621598153,-0.0001306644356193688,0.00010739861111919822
1140.0,0.020402826441478825,0.0003560286266974799,0.0007040369621598153,-0.0001306630719829537,0.00010739861111919822
1140.0,0.021449124520446446,0.00035602621721864125,0.0007040369621598153,-0.0001306612191886891,0.00010739861111919822
1140.0,0.02249542239654262,0.0003560229515073843,0.0007040369621598153,-0.00013065870812648163,0.00010739861111919822
1140.0,0.023541720026574783,0.0003560185369337887,0.0007040369621595932,-0.00013065531353929829,0.00010739861111917193
1140.0,0.024588017358664248,0.0003560125842341222,0.0007040369621598153,-0.00013065073619568002,0.00010739861111919822
1140.0,0.025634314330521622,0.0003560045779522625,0.0007040369621598153,-0.00013064457959667707,0.00010739861111919822
1140.0,0.026680610867531526,0.0003559938363650872,0.0007040369621598153,-0.00013063631983563614,0.00010739861111919822
1140.0,0.027726906880536258,0.00035597946180132567,0.0007040369621598153,-0.00013062526640360205,0.00010739861111919822
1140.0,0.028773202263123444,0.00035596027413475895,0.0007040369621598153,-0.00013061051174261334,0.00010739861111919822
1140.0,0.029819496888343826,0.00035593472620121247,0.0007040369621600373,-0.000130590866148753,0.0001073986111192159
1140.0,0.030865790605256217,0.0003559007952844695,0.0007040369621600373,-0.0001305647742644725,0.0001073986111192159
1140.0,0.03191208323471192,0.00035585584441832907,0.0007040369621598153,-0.00013053020804196754,0.00010739861111919822
1140.0,0.03295837456413289,0.00035579644401195765,0.0007040369621598153,-0.0001304845303026192,0.00010739861111919822
1140.0,0.03400466434171516,0.0003557181464088899,0.0007040369621598153,-0.00013042432079572868,0.00010739861111919822
1140.0,0.03505095226985211,0.00035561519905513705,0.0007040369621598153,-0.0001303451555411214,0.00010739861111919822
1140.0,0.03609723799744126,0.0003554801807581498,0.0007040369621600373,-0.000130241327576474,0.0001073986111192159
1140.0,0.03714352111050014,0.00035530354404045283,0.0007040369621600373,-0.0001301054945548366,0.0001073986111192159
1140.0,0.03818980112251305,0.00035507303817894353,0.0007040369621600373,-0.00012992823527904746,0.0001073986111192159
1140.0,0.03923607746275605,0.00035477298627029086,0.0007040369621600373,-0.0001296974933947223,0.0001073986111192159
1140.0,0.04028234946173375,0.00035438337988580315,0.0007040369621600373,-0.00012939788151061272,0.0001073986111192159
1140.0,0.04132861633570477,0.000353878750900094,0.0007040369621600373,-0.0001290098132876992,0.0001073986111192159
1140.0,0.04237487716971418,0.0003532267688228785,0.0007040369621600373,-0.00012850842412327396,0.0001073986111192159
1140.0,0.04342113089694337,0.0003523864999124271,0.0007040369621600373,-0.00012786223304789727,0.0001073986111192159
1140.0,0.0444673762737487,0.000351306257584838,0.0007040369621600373,-0.00012703148844960506,0.0001073986111192159
1140.0,0.045513611855182684,0.00034992095061170403,0.0007040369621600373,-0.0001259661292773744,0.0001073986111192159
1140.0,0.046559835965433324,0.00034814882718592344,0.0007040369621598153,-0.00012460327957849473,0.00010739861111919822
1140.0,0.04760604666142646,0.0003458874836042014,0.0007040369621598153,-0.00012286417902861348,0.00010739861111919822
1140.0,0.048652241694590856,0.00034300899056916023,0.0007040369621598153,-0.00012065043338856297,0.00010739861111919822
1140.0,0.049698418470146756,0.00033935395686057745,0.0007040369621600373,-0.00011783944845447453,0.0001073986111192159
1140.0,0.050744573997060706,0.0003347243237499242,0.0007040369621598153,-0.00011427888633915671,0.00010739861111919822
1140.0,0.051790704828407724,0.00032887464163877667,0.0007040369621598153,-0.000109779954753459,0.00010739861111919822
1140.0,0.052836807004765764,0.0003215015443629454,0.0007040369621598153,-0.00010410930919813643,0.00010739861111919822
1140.0,0.05388287598694727,0.0003122310866388034,0.0007040369621598153,-9.697931062301233e-05,0.00010739861111919822
1140.0,0.05492890657290356,0.0003006035573207555,0.0007040369621598153,-8.80363408044273e-05,0.00010739861111919822
1140.0,0.055974892808294846,0.00028605532315850724,0.0007040369621600373,-7.684683187775474e-05,0.0001073986111192159
1140.0,0.05702082789713402,0.0002885655193836101,0.0007040369621600373,-6.28806142745476e-05,0.0001073986111192159
1140.0,0.0580667040925781,0.00030116415661041174,0.0007040369621600373,-4.549113089829687e-05,0.0001073986111192159
1140.0,0.05911251256974148,0.0003168128264405823,0.0007040369621600373,-2.3892001739370845e-05,0.0001073986111192159
1140.0,0.06015824330378468,0.00033620269391576585,0.0007040369621600373,2.870646474584336e-06,0.0001073986111192159
1140.0,0.06120388493425225,0.00036016990139842164,0.0007040369621600373,3.595074643506658e-05,0.0001073986111192159
1140.0,0.062249424597174495,0.0003897232594454181,0.0007040369621600373,7.674049438377537e-05,0.0001073986111192159
1140.0,0.06329484773129956,0.0004260766269226224,0.0007040369621600373,0.0001269150218152299,0.0001073986111192159
1140.0,0.06434013790451507,0.0004706866521928532,0.0007040369621600373,0.00018848445995656965,0.0001073986111192159
1140.0,0.06538527661709606,0.0005252966163311612,0.0007040369621600373,0.00026385441802562654,0.0001073986111192159
1140.0,0.06643024305309167,0.0005919871906030494,0.0007040369621600373,0.00035589599501478206,0.0001073986111192159
1140.0,0.06747501381324514,0.0006732350004199361,0.0007040369621598153,0.00046802655129030255,0.00010739861111919822
1140.0,0.06851956266272122,0.0008499336512386435,0.0007040369621598153,0.0006043025729674014,0.00010739861111919822
1140.0,0.06956386026088461,0.0010644762937204177,0.0007040369621595932,0.0007695260612445488,0.00010739861111917193
1140.0,0.07060787382080315,0.0013239587552220655,0.0007040369621598153,0.0009693659654667604,0.00010739861111919822
1140.0,0.0716515667581494,0.0016371685009062276,0.0007040369621598153,0.0012104962765096324,0.00010739861111919822
1140.0,0.07269489830361563,0.002014314792290861,0.0007040369621598153,0.0015007524635019267,0.00010739861111919822
1140.0,0.07373782316290495,0.0024671917072396354,0.0007040369621598153,0.0018493080119350745,0.00010739861111919822
1140.0,0.07478029111431495,0.003009704905707622,0.0007040369621600373,0.002266872822843171,0.0001073986111192159
1140.0,0.07582224651288785,0.003658041197638795,0.0007040369621600373,0.0027659151947063364,0.0001073986111192159
1140.0,0.07686362783398165,0.004430988818626247,0.0007040369621600373,0.0033609091451695734,0.0001073986111192159
1140.0,0.07790436719314517,0.005350292413140778,0.0007040369621600373,0.004068608664442978,0.0001073986111192159
1140.0,0.07894438984094701,0.0064410445319253995,0.0007040369621600373,0.004908350342442089,0.0001073986111192159
1140.0,0.07998361362457158,0.007732115099315706,0.0007040369621600373,0.005902385553336896,0.0001073986111192159
1140.0,0.08102194840032294,0.009256619833081459,0.0007040369621600373,0.007076243028798696,0.0001073986111192159
1140.0,0.08205929548549097,0.011052428127811709,0.0007040369621600373,0.008459122305988226,0.0001073986111192159
1140.0,0.08309554716203224,0.013162710232506925,0.0007040369621600373,0.010084318027852958,0.0001073986111192159
1140.0,0.08413058610602109,0.015636522346824222,0.0007040369621600373,0.011989674169648565,0.0001073986111192159
1140.0,0.08516428481011179,0.018529427395264975,0.0007040369621600373,0.01421806662262713,0.0001073986111192159
1140.0,0.08619650506439627,0.021904148137934953,0.0007040369621598153,0.016817911751610397,0.00010739861111919822
1140.0,0.08722709745954318,0.025831247663120394,0.0007040369621598153,0.019843697334318365,0.00010739861111919822
1140.0,0.08825590074562395,0.03038982998953088,0.0007040369621598153,0.02335653055049108,0.00010739861111919822
1140.0,0.08928274153945595,0.03566825405670215,0.0007040369621598153,0.027424698163058828,0.00010739861111919822
1140.0,0.09030743429035756,0.04176485230027538,0.0007040369621598153,0.032124232489723854,0.00010739861111919822
1140.0,0.09132978029650739,0.04878863469178896,0.0007040369621598153,0.037539468879421174,0.00010739861111919822
1140.0,0.0923495681702389,0.05685997605968396,0.0007040369621598153,0.04376359353903751,0.00010739861111919822
1140.0,0.09336657378513252,0.06611126566599523,0.0007040369621598153,0.050899166125233604,0.00010739861111919582
1140.0,0.0943805595662751,0.0766874916201914,0.0007040369621598153,0.059058596664603426,0.0001073986111191361
1140.0,0.0953912756933589,0.08874676935448633,0.0007040369621598153,0.0683645847365566,0.00010739861111869575
1140.0,0.09639846026831739,0.10246077126231512,0.000704036962158705,0.07895048875944086,0.0001073986111159204
1140.0,0.09740183955800345,0.11801504166942323,0.000704036962153598,0.090960614188794,0.00010739861109982736
1140.0,0.09840112856690197,0.13560918338259853,0.0007040369621231779,0.10455041116983808,0.00010739861101187124
1140.0,0.09939603264570279,0.1554569099365608,0.0007040369619457643,0.11988657840395542,0.00010739861054072242
1140.0,0.10038624851439969,0.1777859308303391,0.0007040369610098463,0.13714704947397813,0.0001073986081287347
1140.0,0.10137146514031278,0.20283764683262007,0.0007040369562427706,0.1565208456231282,0.0001073985962714745
1140.0,0.10235136516852997,0.23086667035858,0.0007040369329593954,0.17820780871124747,0.00010739854042986238
1140.0,0.10332562634832987,0.2621401487167532,0.0007040368241588713,0.2024181998327119,0.0001073982887827802
1140.0,0.10429392395625564,0.29693693918704867,0.0007040363384891446,0.22937220497752644,0.00010739720513713231
1140.0,0.10525593175448669,0.3355465747072799,0.0007040342704520697,0.25929930485798075,0.00010739275216663509
1140.0,0.10621132333208266,0.3782680888325558,0.0007040258822745837,0.2924375677027342,0.00010737531468892983
1140.0,0.1071597731638037,0.4254087283671879,0.000703993519363344,0.32903289403359703,0.00010731033220815544
1140.0,0.10810095779176977,0.4772826083174664,0.0007038749198839955,0.36933826361609023,0.00010708018627727972
1140.0,0.10903455688746658,0.5342093766782909,0.0007034626621025275,0.41361304506420615,0.0001063065544129465
1140.0,0.1099602474607406,0.5965124740245074,0.0007021052417015561,0.4621220512623018,0.00010384145116257027
1140.0,0.11087769214552082,0.6645167428623608,0.0006978771985937104,0.5151341486180343,9.640499131251552e-05
1140.0,0.11178649938229036,0.7385432211862621,0.000685435940436907,0.5729187184272968,7.519246661790032e-05
1140.0,0.11268612433286049,0.8188963573559249,0.0006509006479347157,0.6357362010034585,1.8052973222609912e-05
1140.0,0.11357566155031681,0.9058345863246018,0.0005606246296998574,0.7038155113438043,-0.00012705440350894848
1140.0,0.11445345181243931,0.9995071557472102,0.0008095388871289799,0.7773046341818692,-0.0004736609695587595
1140.0,0.11531648055089319,1.0998386423798934,0.0016710926144618554,0.8561792458627604,-0.001249576919656885
1140.0,0.11615971333464245,1.2063597851540067,0.0034677611101279204,0.9401073313036495,-0.002868821323948201
1140.0,0.11697592061638235,1.3180517372833833,0.006931139848800338,1.028321695920555,-0.005998052523420678
1140.0,0.11776318273753608,1.4343100923307475,0.01312950931556811,1.120374735572667,-0.011611328399741045
1140.0,0.1185312860297518,1.5563232465191277,0.023644231712071306,1.2172295094041754,-0.021164985936771886
1140.0,0.11929291462851194,1.6861953268609113,0.0408660736536981,1.320616217258038,-0.03687498242235893
1140.0,0.12005385934471033,1.8253385144845993,0.06809267592053336,1.4317206955086967,-0.06182461015868262
1140.0,0.12081480406090875,1.9743980750689047,0.10945504060976585,1.5511297390593535,-0.09991093952680692
1140.0,0.12157574877710715,2.1339003999641477,0.16987388882158783,1.6793444271143003,-0.15582226154647555
1140.0,0.12233669349330556,2.3043619196210443,0.25489050891398657,1.8168673518695577,-0.2349118339841966
1140.0,0.12309763820950397,2.4862814794431642,0.3704235094213355,1.9641972494960929,-0.34302737803371636
1140.0,0.12385858292570237,2.68013348301605,0.5226141434632092,2.1218245224131382,-0.48648363455526894
1140.0,0.12461952764190079,2.8863624958116816,0.7180971512744054,2.2902283173234026,-0.6726111986447194
1140.0,0.125,2.9958712016318145,0.8371664754116861,2.3800520315459073,-0.7872008250563668
1200.0,0.0,0.0004293625880222862,0.0008326218194674162,-0.00034887690351839733,0.00015647021531046967
1200.0,0.0005231494912409765,0.0004293625870559481,0.0008326218194678603,-0.00034887690266882486,0.00015647021531064924
1200.0,0.0015694484714494639,0.00042936258154213647,0.0008326218194678603,-0.00034887689771662583,0.00015647021531064924
1200.0,0.0026157474465723883,0.00042936257005976586,0.0008326218194678603,-0.00034887688729494214,0.00015647021531064924
1200.0,0.0036620464155861904,0.0004293625512445942,0.0008326218194678603,-0.0003488768702681734,0.00015647021531064924
1200.0,0.004708345377475357,0.0004293625231071019,0.0008326218194678603,-0.00034887684479147036,0.00015647021531064924
1200.0,0.005754644331009957,0.00042936248269143107,0.0008326218194678603,-0.0003488768081405328,0.00015647021531064924
1200.0,0.00680094327457751,0.00042936242567748195,0.0008326218194678603,-0.0003488767564599852,0.00015647021531064924
1200.0,0.007847242206097388,0.00042936234609669555,0.0008326218194678603,-0.00034887668441109396,0.00015647021531064924
1200.0,0.008893541122936801,0.0004293622358773064,0.0008326218194678603,-0.0003488765845884862,0.00015647021531064924
1200.0,0.009939840021803058,0.00042936208393484776,0.0008326218194678603,-0.0003488764469260857,0.00015647021531064924
1200.0,0.010986138898604688,0.00042936187509212687,0.0008326218194678603,-0.0003488762577470239,0.00015647021531064924
1200.0,0.012032437748284802,0.0004293615889423563,0.0008326218194678603,-0.0003488759985431011,0.00015647021531064924
1200.0,0.013078736564625394,0.00042936119785963456,0.0008326218194678603,-0.00034887564432003256,0.00015647021531064924
1200.0,0.014125035340008817,0.0004293606648388959,0.0008326218194678603,-0.00034887516149805024,0.00015647021531064924
1200.0,0.015171334065114943,0.000429359940028462,0.0008326218194678603,-0.0003488745050161783,0.00015647021531064924
1200.0,0.01621763272858375,0.0004293589571489065,0.0008326218194678603,-0.0003488736146537525,0.00015647021531064924
1200.0,0.017263931316600097,0.0004293576272402788,0.0008326218194678603,-0.0003488724099988944,0.00015647021531064924
1200.0,0.018310229812372354,0.0004293558321819546,0.0008326218194678603,-0.00034887078399590453,0.00015647021531064924
1200.0,0.019356528195540252,0.00042935341519978465,0.0008326218194678603,-0.00034886859463393764,0.00015647021531064924
1200.0,0.020402826441478825,0.00042935016864475983,0.0008326218194678603,-0.0003488656538288266,0.00015647021531064924
1200.0,0.021449124520446446,0.0004293458183042276,0.0008326218194678603,-0.00034886171318468037,0.00015647021531064924
1200.0,0.02249542239654262,0.0004293400028814176,0.0008326218194678603,-0.00034885644546744655,0.00015647021531064924
1200.0,0.023541720026574783,0.0004293322477337824,0.0008326218194676382,-0.0003488494207196713,0.00015647021531063157
1200.0,0.024588017358664248,0.000429321930766946,0.0008326218194678603,-0.0003488400753937042,0.00015647021531064924
1200.0,0.025634314330521622,0.00042930823866527135,0.0008326218194678603,-0.00034882767278204466,0.00015647021531064924
1200.0,0.026680610867531526,0.0004292901108442493,0.0008326218194678603,-0.0003488112521537684,0.00015647021531064924
1200.0,0.027726906880536258,0.00042926616765726067,0.0008326218194678603,-0.00034878956391394447,0.00015647021531064924
1200.0,0.028773202263123444,0.0004292346195029495,0.0008326218194678603,-0.0003487609868725059,0.00015647021531064924
1200.0,0.029819496888343826,0.00042919315012568404,0.0008326218194678603,-0.0003487234229970169,0.00015647021531064924
1200.0,0.030865790605256217,0.00042913877001637957,0.0008326218194678603,-0.0003486741641707267,0.00015647021531064924
1200.0,0.03191208323471192,0.0004290676296818674,0.0008326218194678603,-0.00034860972357755166,0.00015647021531064924
1200.0,0.03295837456413289,0.0004289747856205395,0.0008326218194678603,-0.0003485256231645048,0.00015647021531064924
1200.0,0.03400466434171516,0.00042885390507763077,0.0008326218194678603,-0.0003484161265799791,0.00015647021531064924
1200.0,0.03505095226985211,0.00042869689644930986,0.0008326218194678603,-0.0003482739041573494,0.00015647021531064924
1200.0,0.03609723799744126,0.0004284934465772494,0.0008326218194678603,-0.0003480896140350316,0.00015647021531064924
1200.0,0.03714352111050014,0.0004282304449247931,0.0008326218194678603,-0.00034785138016817845,0.00015647021531064924
1200.0,0.03818980112251305,0.0004278912663266965,0.0008326218194678603,-0.0003475441430958503,0.00015647021531064924
1200.0,0.03923607746275605,0.0004274548828675506,0.0008326218194678603,-0.0003471488549563839,0.00015647021531064924
1200.0,0.04028234946173375,0.00042689476509849555,0.0008326218194678603,-0.0003466414845209616,0.00015647021531064924
1200.0,0.04132861633570477,0.00042617752745854887,0.0008326218194678603,-0.0003459917900854157,0.00015647021531064924
1200.0,0.04237487716971418,0.00042526126338771064,0.0008326218194678603,-0.0003451618111884697,0.00015647021531064924
1200.0,0.04342113089694337,0.00042409350368188825,0.0008326218194678603,-0.00034410401933019887,0.00015647021531064924
1200.0,0.0444673762737487,0.0004226087205552176,0.0008326218194678603,-0.0003427590571348057,0.00015647021531064924
1200.0,0.045513611855182684,0.00042072528577818957,0.0008326218194678603,-0.00034105298246741043,0.00015647021531064924
1200.0,0.046559835965433324,0.00041834177153532437,0.0008326218194678603,-0.0003388939182130631,0.00015647021531064924
1200.0,0.04760604666142646,0.00041533246849212446,0.0008326218194678603,-0.00033616799163927976,0.00015647021531064924
1200.0,0.048652241694590856,0.00041154196719617175,0.0008326218194678603,-0.0003327344262885369,0.00015647021531064924
1200.0,0.049698418470146756,0.00040677862801885567,0.0008326218194678603,-0.0003284196268546315,0.00015647021531064924
1200.0,0.050744573997060706,0.0004008067347172073,0.0008326218194678603,-0.0003230100707533833,0.00015647021531064924
1200.0,0.051790704828407724,0.00039335064502665773,0.0008326218194678603,-0.0003162437905095881,0.00015647021531064924
1200.0,0.052836807004765764,0.0003841818045771106,0.0008326218194678603,-0.00030780019686932764,0.00015647021531064924
1200.0,0.05388287598694727,0.0003727666402255636,0.0008326218194678603,-0.0002972879550620078,0.00015647021531064924
1200.0,0.05492890657290356,0.0003585877482237265,0.0008326218194678603,-0.0002842305839347906,0.00015647021531064924
1200.0,0.055974892808294846,0.000341016746006062,0.0008326218194678603,-0.0002680494005028946,0.00015647021531064924
1200.0,0.05702082789713402,0.0003192924031623079,0.0008326218194678603,-0.0002480433799147728,0.00015647021531064924
1200.0,0.0580667040925781,0.00029249489375615667,0.0008326218194678603,-0.0002233654441898911,0.00015647021531064924
1200.0,0.05911251256974148,0.0002595155748963407,0.0008326218194678603,-0.0001929946298888269,0.00015647021531064924
1200.0,0.06015824330378468,0.00021910042272565988,0.0008326218194678603,-0.0001557035162046195,0.00015647021531064924
1200.0,0.06120388493425225,0.00017034115847991416,0.0008326218194678603,-0.00011002022278521232,0.00015647021531064924
1200.0,0.062249424597174495,0.00011074555590084856,0.0008326218194678603,-5.418420825019906e-05,0.00015647021531064924
1200.0,0.06329484773129956,9.397591998094867e-05,0.0008326218194678603,1.3904981394611111e-05,0.00015647021531064924
1200.0,0.06434013790451507,0.00020116056680308247,0.0008326218194678603,9.674695481747037e-05,0.00015647021531064924
1200.0,0.06538527661709606,0.00033130268559489195,0.0008326218194678603,0.000197308735509585,0.00015647021531064924
1200.0,0.06643024305309167,0.0004892464638714955,0.0008326218194678603,0.0003191031532210623,0.00015647021531064924
1200.0,0.06747501381324514,0.0006800994908076063,0.0008326218194678603,0.0004662785752992162,0.00015647021531064924
1200.0,0.06851956266272122,0.0009101958115138586,0.0008326218194678603,0.0006437212770596413,0.00015647021531064924
1200.0,0.06956386026088461,0.0011873100076513765,0.0008326218194676382,0.000857171829528994,0.00015647021531063157
1200.0,0.07060787382080315,0.0015200113713262908,0.0008326218194678603,0.0011133569426091435,0.00015647021531064924
1200.0,0.0716515667581494,0.0019184066654247545,0.0008326218194678603,0.0014201382784505207,0.00015647021531064924
1200.0,0.07269489830361563,0.0023943900481526725,0.0008326218194678603,0.0017866797796154013,0.00015647021531064924
1200.0,0.07373782316290495,0.0029622302600955663,0.0008326218194678603,0.0022236351051811336,0.00015647021531064924
1200.0,0.07478029111431495,0.0036377305935388904,0.0008326218194678603,0.0027433567191534943,0.00015647021531064924
1200.0,0.07582224651288785,0.004439331025139381,0.0008326218194678603,0.003360128088395748,0.00015647021531064924
1200.0,0.07686362783398165,0.005388421793895759,0.0008326218194678603,0.004090420454950824,0.00015647021531064924
1200.0,0.07790436719314517,0.006509597957801816,0.0008326218194678603,0.004953175414941123,0.00015647021531064924
1200.0,0.07894438984094701,0.007831059873524282,0.0008326218194678603,0.005970114338478207,0.00015647021531064924
1200.0,0.07998361362457158,0.00938504907657034,0.0008326218194678603,0.007166075351734185,0.00015647021531064924
1200.0,0.08102194840032294,0.01120831988032478,0.0008326218194678603,0.00856937819972651,0.00015647021531064924
1200.0,0.08205929548549097,0.013342646514558965,0.0008326218194678603,0.010212216940385889,0.00015647021531064924
1200.0,0.08309554716203224,0.01583536490397819,0.0008326218194678603,0.012131079887543883,0.00015647021531064924
1200.0,0.08413058610602109,0.018739946915729888,0.0008326218194678603,0.01436719526146503,0.00015647021531064924
1200.0,0.08516428481011179,0.022116604091706904,0.0008326218194678603,0.01696700040912867,0.00015647021531064924
1200.0,0.08619650506439627,0.026032916859890065,0.0008326218194678603,0.019982631698802465,0.00015647021531064924
1200.0,0.08722709745954318,0.030564483653506613,0.0008326218194678603,0.02347243102857949,0.00015647021531064924
1200.0,0.08825590074562395,0.03579558209065681,0.0008326218194678603,0.027501463177660602,0.00015647021531064924
1200.0,0.08928274153945595,0.041819835470334965,0.0008326218194678603,0.03214203913286313,0.00015647021531064924
1200.0,0.09030743429035756,0.048740875872795186,0.0008326218194678603,0.037474239068460924,0.00015647021531064924
1200.0,0.09132978029650739,0.05667298403852783,0.0008326218194678603,0.043586420170636075,0.00015647021531064924
1200.0,0.0923495681702389,0.06574170620797304,0.0008326218194678603,0.05057570999374531,0.00015647021531063726
1200.0,0.09336657378513252,0.07608442704110985,0.0008326218194678603,0.0585484699233912,0.00015647021531060823
1200.0,0.0943805595662751,0.087850872050808,0.0008326218194678603,0.06762070905245748,0.00015647021531029344
1200.0,0.0953912756933589,0.10120355455887875,0.0008326218194676382,0.07791846098288242,0.00015647021530883914
1200.0,0.09639846026831739,0.1163181250328762,0.0008326218194651958,0.08957809220836221,0.0001564702153005831
1200.0,0.09740183955800345,0.1333836128055168,0.0008326218194505408,0.10274653571750485,0.00015647021525606297
1200.0,0.09840112856690197,0.15260255374477083,0.0008326218193652757,0.11758144648131638,0.00015647021501626054
1200.0,0.09939603264570279,0.17419100777999574,0.0008326218189129708,0.13425128375991202,0.00015647021380228748
1200.0,0.10038624851439969,0.19837844188640474,0.0008326218166254673,0.15293530364893967,0.00015647020787904668
1200.0,0.10137146514031278,0.2254074666123529,0.000832621805512801,0.17382345512947883,0.00015647018013963804
1200.0,0.10235136516852997,0.25553345351443113,0.0008326217537486524,0.19711620346076125,0.00015647005561620223
1200.0,0.10332562634832987,0.28902401712940673,0.0008326215229916833,0.22302427096477676,0.00015646952048192984
1200.0,0.10429392395625564,0.3261584129410835,0.0008326205398145881,0.2517683375273493,0.00015646732177593316
1200.0,0.10525593175448669,0.3672267716798956,0.0008326165416721043,0.2835786411545582,0.0001564586960482707
1200.0,0.10621132333208266,0.41252921130700315,0.0008326010447992083,0.3186945114452051,0.00015642642728568484
1200.0,0.1071597731638037,0.46237480056822733,0.0008325438705305555,0.35736381536669304,0.00015631146158893465
1200.0,0.10810095779176977,0.5170803520841218,0.0008323433549612957,0.3998422960170073,0.0001559218728225911
1200.0,0.10903455688746658,0.5769690154112936,0.0008316757467763392,0.4463927775860678,0.00015466767196644984
1200.0,0.1099602474607406,0.6423681275563808,0.0008295682204131349,0.49728380882649276,0.000150836423868243
1200.0,0.11087769214552082,0.7136059802246564,0.0008232678006090399,0.5527874695427692,0.00013974378789185894
1200.0,0.11178649938229036,0.7910052042490179,0.0008054529224623685,0.6131745328929431,0.00010933722515318012
1200.0,0.11268612433286049,0.8748678835793271,0.0007578708159046155,0.6787031283370102,3.052062100731607e-05
1200.0,0.11357566155031681,0.9654432239858579,0.0006380170919229045,0.7495936356067486,-0.00016238291729848533
1200.0,0.11445345181243931,1.0628605346041695,0.0009998536685151826,0.825976077673234,-0.0006072112272846034
1200.0,0.11531648055089319,1.1670092540301766,0.0020773660475845723,0.9077951945877565,-0.0015703708028433302
1200.0,0.11615971333464245,1.2773660874610187,0.00425322486336599,0.9946724503565625,-0.003518668552477922
1200.0,0.11697592061638235,1.3928401654116556,0.008325613396777953,1.085779992792785,-0.007177159351071996
1200.0,0.11776318273753608,1.5127751695405323,0.015421316575286781,1.1806273173523831,-0.013571584960139143
1200.0,0.1185312860297518,1.6383540928463276,0.027172644955275604,1.2801805024026407,-0.024204218483309635
1200.0,0.11929291462851194,1.771726435391713,0.04601106362824403,1.3861876674069487,-0.04132507853549914
1200.0,0.12005385934471033,1.9143084444048668,0.07522628937330289,1.4998346637339244,-0.06800480169152834
1200.0,0.12081480406090875,2.0667394408599193,0.11885926412747505,1.6217039158848723,-0.10804999130434735
1200.0,0.12157574877710715,2.2295586173577817,0.18165070428583263,1.752311360015393,-0.16597442395470266
1200.0,0.12233669349330556,2.403325783536218,0.26888159132470424,1.8922044787493963,-0.24688243540011567
1200.0,0.12309763820950397,2.5886223417986116,0.38616060450761314,2.0419653790693255,-0.35632978361238027
1200.0,0.12385858292570237,2.7860520988639905,0.539320899250169,2.202213982441699,-0.5003491014337599
1200.0,0.12461952764190079,2.9962417530443304,0.734751078864851,2.3736112096623154,-0.686068971967988
1200.0,0.125,3.1080413339412303,0.8531699480131112,2.4652366407910558,-0.7998687432607036
1260.0,0.0,0.00039333857921519666,0.0007506828773236052,-0.00033152184749093587,0.0001527565530507548
1260.0,0.0005231494912409765,0.0003933385766572428,0.0007506828773238272,-0.0003315218454109742,0.00015275655305091982
1260.0,0.0015694484714494639,0.00039333856142320656,0.0007506828773238272,-0.000331521833112475,0.00015275655305091982
1260.0,0.0026157474465723883,0.0003933385295340486,0.0007506828773236052,-0.00033152180728263027,0.00015275655305090212
1260.0,0.0036620464155861904,0.000393338477749694,0.0007506828773236052,-0.0003315217653624244,0.00015275655305090212
1260.0,0.004708345377475357,0.00039333840106792195,0.0007506828773236052,-0.00033152170328709304,0.00015275655305090212
1260.0,0.005754644331009957,0.00039333829198540116,0.0007506828773236052,-0.0003315216149882075,0.00015275655305090212
1260.0,0.00680094327457751,0.0003933381399292557,0.0007506828773236052,-0.00033152149198918446,0.00015275655305090212
1260.0,0.007847242206097388,0.0003933379306886309,0.0007506828773236052,-0.00033152132261931216,0.00015275655305090212
1260.0,0.008893541122936801,0.00039333764465254717,0.0007506828773238272,-0.00033152109106473793,0.00015275655305091982
1260.0,0.009939840021803058,0.00039333725527512797,0.0007506828773236052,-0.00033152077597578436,0.00015275655305090212
1260.0,0.010986138898604688,0.00039333672742714043,0.0007506828773236052,-0.0003315203487244602,0.00015275655305090212
1260.0,0.012032437748284802,0.00039333601381486005,0.0007506828773238272,-0.00033151977115976865,0.00015275655305091982
1260.0,0.013078736564625394,0.0003933350516831524,0.0007506828773238272,-0.00033151899244013256,0.00015275655305091982
1260.0,0.014125035340008817,0.00039333375764272205,0.0007506828773236052,-0.0003315179450946501,0.00015275655305090212
1260.0,0.015171334065114943,0.00039333202141733636,0.0007506828773238272,-0.00033151653985534593,0.00015275655305091982
1260.0,0.01621763272858375,0.0003933296973173128,0.0007506828773236052,-0.0003315146588210274,0.00015275655305090212
1260.0,0.017263931316600097,0.0003933265936097996,0.0007506828773238272,-0.0003315121467701251,0.00015275655305091982
1260.0,0.018310229812372354,0.0003933224582510775,0.0007506828773236052,-0.00033150879977700824,0.00015275655305090212
1260.0,0.019356528195540252,0.0003933169610945697,0.0007506828773236052,-0.0003315043505908394,0.00015275655305090212
1260.0,0.020402826441478825,0.00039330967047135346,0.0007506828773236052,-0.00033149844983359816,0.00015275655305090212
1260.0,0.021449124520446446,0.00039330002346105175,0.0007506828773236052,-0.00033149064185843016,0.00015275655305090212
1260.0,0.02249542239654262,0.000393287287693056,0.0007506828773236052,-0.00033148033390234673,0.00015275655305090212
1260.0,0.023541720026574783,0.00039327051257487255,0.0007506828773233831,-0.0003314667566711329,0.00015275655305087583
1260.0,0.024588017358664248,0.0003932484676738568,0.0007506828773236052,-0.00033144891415013545,0.00015275655305090212
1260.0,0.025634314330521622,0.00039321956359117394,0.0007506828773236052,-0.0003314255199723212,0.00015275655305090212
1260.0,0.026680610867531526,0.00039318175265634636,0.0007506828773238272,-0.0003313949167634863,0.00015275655305091982
1260.0,0.027726906880536258,0.00039313240284855056,0.0007506828773236052,-0.0003313549742797434,0.00015275655305090212
1260.0,0.028773202263123444,0.0003930681397719127,0.0007506828773236052,-0.00033130296122567616,0.00015275655305090212
1260.0,0.029819496888343826,0.00039298464702142155,0.0007506828773236052,-0.0003312353839812239,0.00015275655305090212
1260.0,0.030865790605256217,0.00039287641703822374,0.0007506828773236052,-0.00033114778475722427,0.00015275655305090212
1260.0,0.03191208323471192,0.0003927364392097843,0.0007506828773238272,-0.0003310344892446142,0.00015275655305091982
1260.0,0.03295837456413289,0.0003925558115156491,0.0007506828773236052,-0.0003308882920873852,0.00015275655305090212
1260.0,0.03400466434171516,0.0003923232570741675,0.0007506828773236052,-0.000330700065910888,0.00015275655305090212
1260.0,0.03505095226985211,0.00039202452592235204,0.0007506828773236052,-0.00033045827656911657,0.00015275655305090212
1260.0,0.03609723799744126,0.0003916416538345402,0.0007506828773236052,-0.00033014838376974254,0.00015275655305090212
1260.0,0.03714352111050014,0.00039115204941708726,0.0007506828773236052,-0.00032975210186192845,0.00015275655305090212
1260.0,0.03818980112251305,0.00039052737105294,0.0007506828773236052,-0.0003292464907391044,0.00015275655305090212
1260.0,0.03923607746275605,0.00038973214890347663,0.0007506828773238272,-0.00032860284053418473,0.00015275655305091982
1260.0,0.04028234946173375,0.00038872209944429414,0.0007506828773238272,-0.000327785307172589,0.00015275655305091982
1260.0,0.04132861633570477,0.0003874420689271574,0.0007506828773236052,-0.00032674924788227063,0.00015275655305090212
1260.0,0.04237487716971418,0.00038582353090532706,0.0007506828773236052,-0.0003254391953678087,0.00015275655305090212
1260.0,0.04342113089694337,0.000383781549487594,0.0007506828773236052,-0.000323786399572712,0.00015275655305090212
1260.0,0.0444673762737487,0.0003812111036722854,0.0007506828773238272,-0.00032170585251535224,0.00015275655305091982
1260.0,0.045513611855182684,0.00037798265140054355,0.0007506828773238272,-0.000319092697024334,0.00015275655305091982
1260.0,0.046559835965433324,0.00037395047775135026,0.0007506828773236052,-0.0003158179038337562,0.00015275655305090212
1260.0,0.04760604666142646,0.0003689383707978777,0.0007506828773238272,-0.0003117230820806181,0.00015275655305091982
1260.0,0.048652241694590856,0.00036268515145820857,0.0007506828773236052,-0.00030661426601355453,0.00015275655305090212
1260.0,0.049698418470146756,0.00035490079557121135,0.0007506828773236052,-0.0003002544969716025,0.00015275655305090212
1260.0,0.050744573997060706,0.00034523184979207144,0.0007506828773236052,-0.0002923549905915315,0.00015275655305090212
1260.0,0.051790704828407724,0.00033330080316318345,0.0007506828773236052,-0.0002825646486749096,0.00015275655305090212
1260.0,0.052836807004765764,0.00031863081500205226,0.0007506828773236052,-0.0002704576398314482,0.00015275655305090212
1260.0,0.05388287598694727,0.0003005295329217006,0.0007506828773236052,-0.000255518733807818,0.00015275655305090212
1260.0,0.05492890657290356,0.00027848301704125333,0.0007506828773236052,-0.00023712603177141316,0.00015275655305090212
1260.0,0.055974892808294846,0.00025152248338145,0.0007506828773236052,-0.0002145306865872341,0.00015275655305090212
1260.0,0.05702082789713402,0.00021877116301993738,0.0007506828773236052,-0.0001868331558858083,0.00015275655305090212
1260.0,0.0580667040925781,0.00017923006322462243,0.0007506828773236052,-0.00015295547344882884,0.00015275655305090212
1260.0,0.05911251256974148,0.00013176275160731166,0.0007506828773236052,-0.00011160896474415456,0.00015275655305090212
1260.0,0.06015824330378468,7.525422358867218e-05,0.0007506828773238272,-6.125676509449078e-05,0.00015275655305091982
1260.0,0.06120388493425225,4.325073223299114e-05,0.0007506828773236052,-7.043056388154899e-08,0.00015275655305090212
1260.0,0.062249424597174495,0.0001397252036667851,0.0007506828773236052,7.412014016157317e-05,0.00015275655305090212
1260.0,0.06329484773129956,0.00025644891746878784,0.0007506828773236052,0.0001638843308479676,0.00015275655305090212
1260.0,0.06434013790451507,0.00039736713722504646,0.0007506828773236052,0.00027225691975612165,0.00015275655305090212
1260.0,0.06538527661709606,0.0005671282545449685,0.0007506828773238272,0.00040281369396930587,0.00015275655305091982
1260.0,0.06643024305309167,0.000771195769402766,0.0007506828773236052,0.0005597576537481743,0.00015275655305090212
1260.0,0.06747501381324514,0.0010159755283325467,0.0007506828773236052,0.0007480169765497499,0.00015275655305090212
1260.0,0.06851956266272122,0.0013089598301689875,0.0007506828773236052,0.0009733559834533402,0.00015275655305090212
1260.0,0.06956386026088461,0.001658890079397679,0.0007506828773236052,0.0012425004086276765,0.00015275655305089353
1260.0,0.07060787382080315,0.002075939707708585,0.0007506828773236052,0.0015632783048578052,0.00015275655305090212
1260.0,0.0716515667581494,0.002571919152217106,0.0007506828773236052,0.0019447779723927004,0.00015275655305090212
1260.0,0.07269489830361563,0.0031605046722233965,0.0007506828773236052,0.0023975242960605995,0.00015275655305090212
1260.0,0.07373782316290495,0.0038574928090042704,0.0007506828773238272,0.0029336748974757567,0.00015275655305091982
1260.0,0.07478029111431495,0.004681082170179707,0.0007506828773238272,0.003567237416799607,0.00015275655305091982
1260.0,0.07582224651288785,0.005652184040229713,0.0007506828773238272,0.004314309107239259,0.00015275655305091982
1260.0,0.07686362783398165,0.006794763307595986,0.0007506828773236052,0.005193339920578567,0.00015275655305090212
1260.0,0.07790436719314517,0.008136210809311706,0.0007506828773236052,0.00622541997365841,0.00015275655305090212
1260.0,0.07894438984094701,0.009707747895220109,0.0007506828773238272,0.007434592059910005,0.00015275655305091982
1260.0,0.07998361362457158,0.011544863547385376,0.0007506828773238272,0.008848189526140426,0.00015275655305091982
1260.0,0.08102194840032294,0.013687783820216737,0.0007506828773236052,0.010497199408350148,0.00015275655305090212
1260.0,0.08205929548549097,0.016181972887920892,0.0007506828773236052,0.012416650367321745,0.00015275655305090212
1260.0,0.08309554716203224,0.019078664279959412,0.0007506828773236052,0.014646024441756753,0.00015275655305090212
1260.0,0.08413058610602109,0.02243541958841888,0.0007506828773236052,0.01722969066359664,0.00015275655305090212
1260.0,0.08516428481011179,0.026316711248227875,0.0007506828773236052,0.020217358082287886,0.00015275655305090212
1260.0,0.08619650506439627,0.030794525108149173,0.0007506828773236052,0.02366454510054185,0.00015275655305090212
1260.0,0.08722709745954318,0.0359489770838195,0.0007506828773236052,0.027633060970054007,0.00015275655305090212
1260.0,0.08825590074562395,0.04186893604241959,0.0007506828773236052,0.032191493697510454,0.00015275655305090212
1260.0,0.08928274153945595,0.04865264686975479,0.0007506828773236052,0.03741570005903462,0.00015275655305090212
1260.0,0.09030743429035756,0.0564083459420317,0.0007506828773238272,0.04338929216917218,0.00015275655305091982
1260.0,0.09132978029650739,0.06525484947576388,0.0007506828773236052,0.05020410608638291,0.00015275655305090212
1260.0,0.0923495681702389,0.07532211849456871,0.0007506828773236052,0.05796065595592141,0.00015275655305090212
1260.0,0.09336657378513252,0.08675178084160962,0.0007506828773236052,0.06676855936482237,0.0001527565530507282
1260.0,0.0943805595662751,0.09969758564636777,0.0007506828773236052,0.07674691582264762,0.00015275655304995226
1260.0,0.0953912756933589,0.1143258115619119,0.000750682877322495,0.08802465581007313,0.00015275655304557113
1260.0,0.09639846026831739,0.13081558686855033,0.0007506828773156116,0.10074082925771462,0.00015275655302283828
1260.0,0.09740183955800345,0.1493591148831115,0.0007506828772747554,0.11504482966847857,0.00015275655290352704
1260.0,0.09840112856690197,0.170161800230062,0.0007506828770593721,0.13109655185571642,0.00015275655229903071
1260.0,0.09939603264570279,0.1934422804228575,0.0007506828759731299,0.14906648820827195,0.0001527565493699649
1260.0,0.10038624851439969,0.21943233283434438,0.0007506828707215529,0.16913574194844164,0.00015275653572356746
1260.0,0.10137146514031278,0.24837663770313156,0.000750682846324846,0.1914959439150628,0.0001527564746626473
1260.0,0.10235136516852997,0.28053241502982473,0.0007506827376650982,0.21634908811838768,0.0001527562126573839
1260.0,0.10332562634832987,0.3161689029916488,0.0007506822742637809,0.24390726237551674,0.00015275513588026233
1260.0,0.10429392395625564,0.3555667153297577,0.0007506803844956611,0.27439230421569155,0.0001527509026882091
1260.0,0.10525593175448669,0.3990169766575491,0.000750673024907833,0.3080353049699203,0.00015273500278295053
1260.0,0.10621132333208266,0.4468202688414067,0.0007506456893302538,0.3450759884071539,0.00015267801664682333
1260.0,0.1071597731638037,0.4992853579208827,0.0007505489782959618,0.38576194085915017,0.00015248336143744223
1260.0,0.10810095779176977,0.5567276882776468,0.000750223477712364,0.43034768250659966,0.00015185040530413293
1260.0,0.10903455688746658,0.6194676347082577,0.0007491825311782829,0.4790935719223052,0.00014989335863389684
1260.0,0.1099602474607406,0.6878279766296487,0.0007460231727531852,0.5322641248627029,0.0001441458347306398
1260.0,0.11087769214552082,0.762130277798974,0.0007369329373809741,0.5901254924127589,0.00012812937551989021
1260.0,0.11178649938229036,0.8426878035934351,0.0007121657243298607,0.652940236951202,8.582125002261836e-05
1260.0,0.11268612433286049,0.9297899298687753,0.0006483411411064566,0.7209554215298596,-2.0002931852107758e-05
1260.0,0.11357566155031681,1.0236685823175549,0.0006097473511577078,0.7943765095726931,-0.0002703036342053058
1260.0,0.11445345181243931,1.1244290118339677,0.0012398883396156357,0.8733129809901277,-0.0008290040789144113
1260.0,0.11531648055089319,1.2319264267285917,0.0025611057268033477,0.9576806851082487,-0.0020021143128791364
1260.0,0.11615971333464245,1.3455892799605067,0.005148605222681457,1.0470607851592546,-0.004307994472899443
1260.0,0.11697592061638235,1.4642630770528626,0.009865864072490016,1.1405726770367337,-0.008525227511862155
1260.0,0.11776318273753608,1.5872428329452646,0.01788762656897802,1.2376835190569537,-0.01572295909672766
1260.0,0.1185312860297518,1.7157009395922387,0.03088828923100939,1.3393433425631756,-0.027439189836462326
1260.0,0.11929291462851194,1.8517701935421655,0.051326213951406796,1.4472747649235793,-0.045946568461031075
1260.0,0.12005385934471033,1.9967970297871602,0.0824720869710247,1.5625921698452094,-0.07429272351117101
1260.0,0.12081480406090875,2.1513003405613063,0.1282711334576252,1.685761770908316,-0.11618952086874926
1260.0,0.12157574877710715,2.3156583012154215,0.19329010181801554,1.8171441442253922,-0.17598237074719505
1260.0,0.12233669349330556,2.4902240635458384,0.2825679109742856,1.957086367872201,-0.25854511593944857
1260.0,0.12309763820950397,2.675319677584355,0.4014325671275194,2.1059177113782446,-0.3691703777868653
1260.0,0.12385858292570237,2.871230914139346,0.5554432716498223,2.26394625173507,-0.5136421157067103
1260.0,0.12461952764190079,3.078203466834111,0.7507766598412795,2.4314568707034883,-0.6989207390097982
1260.0,0.125,3.1873222011192297,0.8685926296853395,2.5200839482273607,-0.8119850884212624
1320.0,0.0,0.00038884335549482785,0.0006900446843853825,-0.0003149116730755535,0.0001493699640274219
1320.0,0.0005231494912409765,0.00038884334941258203,0.0006900446843853825,-0.0003149116683498778,0.00014936996402768458
1320.0,0.0015694484714494639,0.0003888433128622637,0.0006900446843851604,-0.00031491164016916423,0.00014936996402764135
1320.0,0.0026157474465723883,0.00038884323612364824,0.0006900446843851604,-0.00031491158127116696,0.00014936996402763295
1320.0,0.0036620464155861904,0.00038884311260289905,0.0006900446843851604,-0.0003149114863472047,0.00014936996402763295
1320.0,0.004708345377475357,0.00038884293121554947,0.0006900446843851604,-0.000314911346850401,0.00014936996402764135
1320.0,0.005754644331009957,0.00038884267564753827,0.0006900446843851604,-0.00031491115035279306,0.00014936996402764135
1320.0,0.00680094327457751,0.000388842323445715,0.0006900446843851604,-0.00031491087959805553,0.00014936996402763295
1320.0,0.007847242206097388,0.00038884184408516376,0.0006900446843851604,-0.00031491051100572195,0.00014936996402764135
1320.0,0.008893541122936801,0.00038884119635440584,0.0006900446843851604,-0.0003149100130256999,0.00014936996402764135
1320.0,0.009939840021803058,0.00038884032539954205,0.0006900446843851604,-0.00031490934356352056,0.00014936996402764135
1320.0,0.010986138898604688,0.00038883915902943045,0.0006900446843851604,-0.0003149084468463087,0.00014936996402764135
1320.0,0.012032437748284802,0.0003888376013492234,0.0006900446843851604,-0.0003149072493496505,0.00014936996402764135
1320.0,0.013078736564625394,0.0003888355266781218,0.0006900446843851604,-0.00031490565439041494,0.0001493699640276756
1320.0,0.014125035340008817,0.00038883276994283733,0.0006900446843851604,-0.00031490353516358267,0.00014936996402771649
1320.0,0.015171334065114943,0.00038882911576365586,0.0006900446843853825,-0.0003149007258656062,0.00014936996402771703
1320.0,0.01621763272858375,0.0003888242825951238,0.0006900446843851604,-0.00031489701025679033,0.00014936996402764135
1320.0,0.017263931316600097,0.00038881790447931053,0.0006900446843851604,-0.0003148921068902058,0.00014936996402763295
1320.0,0.018310229812372354,0.0003888095059778607,0.0006900446843851604,-0.0003148856503507433,0.00014936996402764135
1320.0,0.019356528195540252,0.00038879847164707826,0.0006900446843851604,-0.00031487716735586465,0.00014936996402763295
1320.0,0.020402826441478825,0.00038878400579278605,0.0006900446843851604,-0.0003148660463237002,0.00014936996402764135
1320.0,0.021449124520446446,0.0003887650829028644,0.0006900446843851604,-0.00031485149880403605,0.00014936996402763295
1320.0,0.02249542239654262,0.000388740383982622,0.0006900446843851604,-0.0003148325106260988,0.00014936996402763295
1320.0,0.023541720026574783,0.0003887082161213584,0.0006900446843851604,-0.0003148077803693812,0.00014936996402764135
1320.0,0.024588017358664248,0.00038866641193635587,0.0006900446843851604,-0.00031477564191296836,0.00014936996402764135
1320.0,0.025634314330521622,0.0003886122032668027,0.0006900446843851604,-0.00031473396694052866,0.00014936996402763295
1320.0,0.026680610867531526,0.0003885420622964375,0.0006900446843851604,-0.00031468004327359013,0.00014936996402764135
1320.0,0.027726906880536258,0.0003884515037384517,0.0006900446843851604,-0.00031461042262736935,0.00014936996402763295
1320.0,0.028773202263123444,0.00038833483813505154,0.0006900446843851604,-0.0003145207307975315,0.00014936996402764135
1320.0,0.029819496888343826,0.0003881848648461528,0.0006900446843851604,-0.00031440543202512723,0.00014936996402764135
1320.0,0.030865790605256217,0.0003879924925058731,0.0006900446843851604,-0.00031425753673816284,0.00014936996402764135
1320.0,0.03191208323471192,0.00038774626875692775,0.0006900446843851604,-0.00031406823996610827,0.00014936996402763295
1320.0,0.03295837456413289,0.0003874317997087928,0.0006900446843851604,-0.0003138264757236276,0.00014936996402764135
1320.0,0.03400466434171516,0.0003870310375191366,0.0006900446843851604,-0.00031351836819523926,0.00014936996402763295
1320.0,0.03505095226985211,0.0003865214038114573,0.0006900446843851604,-0.0003131265586172092,0.00014936996402764135
1320.0,0.03609723799744126,0.0003858747183471678,0.0006900446843851604,-0.00031262938112879647,0.00014936996402764135
1320.0,0.03714352111050014,0.00038505588975112914,0.0006900446843851604,-0.00031199985632760624,0.00014936996402763295
1320.0,0.03818980112251305,0.0003840213215653421,0.0006900446843851604,-0.000311204465718882,0.00014936996402764135
1320.0,0.03923607746275605,0.00038271697616210076,0.0006900446843851604,-0.0003102016626482432,0.00014936996402764135
1320.0,0.04028234946173375,0.0003810760273381675,0.0006900446843851604,-0.00030894006809068875,0.00014936996402764135
1320.0,0.04132861633570477,0.0003790160247945096,0.0006900446843851604,-0.0003073562899943783,0.00014936996402764135
1320.0,0.04237487716971418,0.0003764354752320287,0.0006900446843851604,-0.00030537229435524633,0.00014936996402764135
1320.0,0.04342113089694337,0.0003732097313786653,0.0006900446843851604,-0.00030289224430615617,0.00014936996402764135
1320.0,0.0444673762737487,0.0003691860612207165,0.0006900446843853825,-0.0002997987087995094,0.00014936996402771703
1320.0,0.045513611855182684,0.0003641777502707555,0.0006900446843851604,-0.0002959481275796498,0.0001493699640276756
1320.0,0.046559835965433324,0.00035795706480712397,0.0006900446843851604,-0.0002911653998776071,0.00014936996402764135
1320.0,0.04760604666142646,0.0003502468775309353,0.0006900446843851604,-0.0002852374446838096,0.00014936996402763295
1320.0,0.048652241694590856,0.00034071072701635785,0.0006900446843851604,-0.00027790555708460886,0.00014936996402763295
1320.0,0.049698418470146756,0.0003289410504976331,0.0006900446843851604,-0.0002688563585644502,0.00014936996402764135
1320.0,0.050744573997060706,0.00031444528877955236,0.0006900446843851604,-0.0002577111115768692,0.00014936996402764135
1320.0,0.051790704828407724,0.0002966295230066862,0.0006900446843851604,-0.00024401313514417513,0.00014936996402763295
1320.0,0.052836807004765764,0.00027477925414132187,0.0006900446843851604,-0.00022721302303475418,0.00014936996402764135
1320.0,0.05388287598694727,0.00024804213211382375,0.0006900446843851604,-0.00020665132720157944,0.00014936996402763295
1320.0,0.05492890657290356,0.00021569623231698642,0.0006900446843851604,-0.0001815383252761441,0.00014936996402763295
1320.0,0.055974892808294846,0.00017697010184747342,0.0006900446843851604,-0.00015093044505937812,0.00014936996402764135
1320.0,0.05702082789713402,0.00013107649789390052,0.0006900446843851604,-0.00011370286675268189,0.00014936996402764135
1320.0,0.0580667040925781,7.75089798139561e-05,0.0006900446843851604,-6.851777075188448e-05,0.00014936996402764135
1320.0,0.05911251256974148,1.7314830188297492e-05,0.0006900446843851604,-1.3787639984537631e-05,0.00014936996402764135
1320.0,0.06015824330378468,8.882609165539179e-05,0.0006900446843851604,5.2367036838174426e-05,0.00014936996402763295
1320.0,0.06120388493425225,0.00019260430548229124,0.0006900446843851604,0.00013216637791016182,0.00014936996402763295
1320.0,0.062249424597174495,0.0003175280928644497,0.0006900446843851604,0.00022822681962962268,0.00014936996402763295
1320.0,0.06329484773129956,0.0004675974083170331,0.0006900446843851604,0.00034362477703161993,0.00014936996402763295
1320.0,0.06434013790451507,0.0006475044173157585,0.0006900446843851604,0.0004819691775614951,0.00014936996402764135
1320.0,0.06538527661709606,0.0008627405536003607,0.0006900446843851604,0.0006474838553886128,0.00014936996402764135
1320.0,0.06643024305309167,0.001119717732024128,0.0006900446843851604,0.0008451008511363168,0.00014936996402764135
1320.0,0.06747501381324514,0.0014259051591807292,0.0006900446843851604,0.0010805657301187156,0.00014936996402764135
1320.0,0.06851956266272122,0.0017899832532748405,0.0006900446843851604,0.0013605560885823415,0.00014936996402763295
1320.0,0.06956386026088461,0.00222201623142837,0.0006900446843851604,0.0016928144537766885,0.00014936996402764135
1320.0,0.07060787382080315,0.0027336449304584676,0.0006900446843851604,0.002086296790965261,0.00014936996402763295
1320.0,0.0716515667581494,0.003338301467749716,0.0006900446843851604,0.002551337865868955,0.00014936996402763295
1320.0,0.07269489830361563,0.004051447307460876,0.0006900446843851604,0.003099834680172844,0.00014936996402764135
1320.0,0.07373782316290495,0.004890836297022361,0.0006900446843853825,0.003745449201494623,0.00014936996402771703
1320.0,0.07478029111431495,0.005876804063689178,0.0006900446843853825,0.0045038314794508824,0.00014936996402771703
1320.0,0.07582224651288785,0.007032584945989129,0.0006900446843851604,0.005392864077825678,0.00014936996402764135
1320.0,0.07686362783398165,0.008384657622059422,0.0006900446843851604,0.006432928750864094,0.00014936996402764135
1320.0,0.07790436719314517,0.009963120163888561,0.0006900446843851604,0.007647195965383337,0.00014936996402763295
1320.0,0.07894438984094701,0.01180209493543316,0.0006900446843851604,0.009061937640667685,0.00014936996402764135
1320.0,0.07998361362457158,0.01394016328407588,0.0006900446843851604,0.010706863130789075,0.00014936996402764135
1320.0,0.08102194840032294,0.01642082941651779,0.0006900446843851604,0.01261547805722362,0.00014936996402764135
1320.0,0.08205929548549097,0.01929301243643522,0.0006900446843851604,0.01482546529979403,0.00014936996402763295
1320.0,0.08309554716203224,0.022611564880946844,0.0006900446843851604,0.017379086982159626,0.00014936996402764135
1320.0,0.08413058610602109,0.026437814827318107,0.0006900446843851604,0.020323605341205656,0.00014936996402764135
1320.0,0.08516428481011179,0.030840128135423583,0.0006900446843851604,0.023711720011161296,0.00014936996402764135
1320.0,0.08619650506439627,0.03589448669117701,0.0006900446843851604,0.027602018750977623,0.00014936996402763295
1320.0,0.08722709745954318,0.04168507723221637,0.0006900446843851604,0.0320594377016868,0.00014936996402764135
1320.0,0.08825590074562395,0.04830488329076843,0.0006900446843851604,0.03715572573457866,0.00014936996402763295
1320.0,0.08928274153945595,0.055856275172857295,0.0006900446843851604,0.042969909347882904,0.00014936996402764135
1320.0,0.09030743429035756,0.06445159116901777,0.0006900446843851604,0.0495887533108112,0.00014936996402764135
1320.0,0.09132978029650739,0.07421369042765491,0.0006900446843851604,0.057107202500893024,0.00014936996402764135
1320.0,0.0923495681702389,0.08527648393601339,0.0006900446843851604,0.06562881049109394,0.0001493699640275957
1320.0,0.09336657378513252,0.09778542373396704,0.0006900446843849384,0.07526614027225251,0.00014936996402716381
1320.0,0.0943805595662751,0.111897925339008,0.0006900446843842722,0.08614111860583688,0.00014936996402477114
1320.0,0.0953912756933589,0.1277837476543482,0.0006900446843802754,0.09838536357664296,0.00014936996401300487
1320.0,0.09639846026831739,0.14562528458731094,0.0006900446843611796,0.11214045103983403,0.00014936996395409629
1320.0,0.09740183955800345,0.16561776069391954,0.0006900446842597052,0.127558115058003,0.0001493699636564317
1320.0,0.09840112856690197,0.18796932393649968,0.0006900446837505569,0.1448003780806144,0.00014936996222203396
1320.0,0.09939603264570279,0.2129010369937987,0.0006900446812907468,0.16403961308930748,0.0001493699555671691
1320.0,0.10038624851439969,0.2406467300649524,0.000690044669892087,0.1854585102411464,0.00014936992587255858
1320.0,0.10137146514031278,0.2714526894417304,0.0006900446191469012,0.2092499291232009,0.0001493697986035666
1320.0,0.10235136516852997,0.30557719423393337,0.0006900444024797725,0.23561664702561916,0.00014936927527420436
1320.0,0.10332562634832987,0.3432898596072391,0.0006900435162782159,0.2647709716001566,0.00014936721317233929
1320.0,0.10429392395625564,0.3848708175204365,0.0006900400484679547,0.29693424205118507,0.00014935943624230726
1320.0,0.10525593175448669,0.43060961848289026,0.0006900270821146304,0.3323361284791355,0.00014933139781153534
1320.0,0.10621132333208266,0.4808038796709866,0.0006899808138218777,0.3712137479336361,0.00014923487289532513
1320.0,0.1071597731638037,0.5357576367995307,0.0006898234424501659,0.41381056283004936,0.0001489179373022187
1320.0,0.10810095779176977,0.5957793794731288,0.0006893138382584318,0.4603750443493889,0.00014792648595998224
1320.0,0.10903455688746658,0.6611797629406624,0.0006877445078150579,0.5111590944546233,0.00014497468635338385
1320.0,0.1099602474607406,0.7322684639307226,0.0006831535641012021,0.5664158135056311,0.00013661886374689765
1320.0,0.11087769214552082,0.8093499245850353,0.0006704082749791063,0.62639641520964,0.00011415031603650183
1320.0,0.11178649938229036,0.8927156704131676,0.0006368636690226026,0.6913444900907706,5.681068287746954e-05
1320.0,0.11268612433286049,0.9826282623301381,0.0005532547235544971,0.7614837538055955,-8.19318979357514e-05
1320.0,0.11357566155031681,1.079287601577505,0.0007466844509056436,0.836991980510045,-0.00039984230723167117
1320.0,0.11445345181243931,1.1827621592030368,0.0015288031074147668,0.9179473317445533,-0.0010883738211598243
1320.0,0.11531648055089319,1.2928672825633498,0.003118594351041004,1.0042327119989483,-0.002493585570260187
1320.0,0.11615971333464245,1.4089924802668747,0.006152156147634091,1.095398932347091,-0.005183520238053786
1320.0,0.11697592061638235,1.5299529116743429,0.011548450241172237,1.1905449338769891,-0.009985084058784044
1320.0,0.11776318273753608,1.6550499610058864,0.020521478770908264,1.2891488232981116,-0.018002887678555804
1320.0,0.1185312860297518,1.7855160843329259,0.03477727252245355,1.392214791874803,-0.030801507048355513
1320.0,0.11929291462851194,1.923577695601125,0.05679170156085256,1.5015500341020322,-0.05066651380897748
1320.0,0.12005385934471033,2.070698890966412,0.08980750774684454,1.618381895418939,-0.08061441331933968
1320.0,0.12081480406090875,2.227562804963952,0.13767178569364003,1.7433384487717778,-0.12426008357338313
1320.0,0.12157574877710715,2.394785880347513,0.20478348817443504,1.8770147228705643,-0.1857874911363104
1320.0,0.12233669349330556,2.573051347569219,0.2959565661254824,2.0200820938139223,-0.2698571836619867
1320.0,0.12309763820950397,2.7631181458061747,0.41626446960164376,2.1732993273416494,-0.38152433820379267
1320.0,0.12385858292570237,2.965828421571473,0.5710231779753054,2.3375227199081583,-0.5263543219955803
1320.0,0.12461952764190079,3.1821127873105866,0.7662256771843898,2.513714633003345,-0.7111676898543126
1320.0,0.125,3.2975527176509445,0.8834544944554543,2.6083322394839374,-0.8235176398517413
1380.0,0.0,0.0003778779840217794,0.0006404269134947516,-0.0002990784115838282,0.00014624093081712895
1380.0,0.0005231494912409765,0.0003778779710046365,0.0006404269134949736,-0.00029907840156760137,0.0001462409308173363
1380.0,0.0015694484714494639,0.0003778778930154658,0.0006404269134949736,-0.00029907834162388937,0.0001462409308173363
1380.0,0.0026157474465723883,0.00037787773061381813,0.0006404269134947516,-0.0002990782167604129,0.00014624093081729657
1380.0,0.0036620464155861904,0.00037787747021411633,0.0006404269134947516,-0.0002990780165646152,0.00014624093081729657
1380.0,0.004708345377475357,0.00037787709027270466,0.0006404269134947516,-0.0002990777245275073,0.00014624093081732739
1380.0,0.005754644331009957,0.0003778765598667633,0.0006404269134947516,-0.0002990773167269796,0.00014624093081732739
1380.0,0.00680094327457751,0.00037787583585213724,0.0006404269134947516,-0.00029907676015852386,0.00014624093081729657
1380.0,0.007847242206097388,0.0003778748604190696,0.0006404269134947516,-0.0002990760102920126,0.00014624093081732739
1380.0,0.008893541122936801,0.00037787355654472776,0.0006404269134947516,-0.00029907500798710083,0.00014624093081732739
1380.0,0.009939840021803058,0.0003778718228772959,0.0006404269134947516,-0.0002990736752290051,0.00014624093081732739
1380.0,0.010986138898604688,0.00037786952640317395,0.0006404269134947516,-0.00029907190982411886,0.00014624093081732739
1380.0,0.012032437748284802,0.0003778664936930909,0.0006404269134949736,-0.00029906957843249695,0.0001462409308173363
1380.0,0.013078736564625394,0.0003778624991923607,0.0006404269134947516,-0.000299066507631317,0.00014624093081729657
1380.0,0.014125035340008817,0.0003778572502710631,0.0006404269134949736,-0.00029906247255151653,0.00014624093081736203
1380.0,0.015171334065114943,0.0003778503687499324,0.0006404269134949736,-0.000299057182356443,0.00014624093081736203
1380.0,0.01621763272858375,0.0003778413662303137,0.0006404269134949736,-0.0002990502617635169,0.00014624093081730549
1380.0,0.017263931316600097,0.00037782961476295895,0.0006404269134947516,-0.0002990412276804323,0.00014624093081729657
1380.0,0.018310229812372354,0.0003778143067734163,0.0006404269134947516,-0.000299029459713821,0.00014624093081732739
1380.0,0.019356528195540252,0.0003777944083935836,0.0006404269134947516,-0.0002990141627584511,0.00014624093081729657
1380.0,0.020402826441478825,0.00037776859721816436,0.0006404269134947516,-0.00029899432026876855,0.00014624093081729657
1380.0,0.021449124520446446,0.00037773518636186054,0.0006404269134947516,-0.000298968635454741,0.00014624093081732739
1380.0,0.02249542239654262,0.0003776920284508378,0.0006404269134947516,-0.00029893545755249986,0.00014624093081732739
1380.0,0.023541720026574783,0.00037763639636523294,0.0006404269134947516,-0.00029889268996427304,0.00014624093081729657
1380.0,0.024588017358664248,0.00037756483402517915,0.0006404269134947516,-0.0002988376757409999,0.00014624093081732739
1380.0,0.025634314330521622,0.00037747297136547786,0.0006404269134947516,-0.0002987670553286722,0.00014624093081732739
1380.0,0.026680610867531526,0.00037735529485871666,0.0006404269134947516,-0.0002986765900786183,0.00014624093081732739
1380.0,0.027726906880536258,0.00037720486363923555,0.0006404269134947516,-0.0002985609440156517,0.00014624093081729657
1380.0,0.028773202263123444,0.0003770129591771365,0.0006404269134947516,-0.0002984134147252542,0.00014624093081729657
1380.0,0.029819496888343826,0.0003767686552578198,0.0006404269134947516,-0.00029822560201522115,0.00014624093081732739
1380.0,0.030865790605256217,0.00037645828717813856,0.0006404269134947516,-0.00029798700096469007,0.00014624093081732739
1380.0,0.03191208323471192,0.0003760648050956661,0.0006404269134947516,-0.0002976845038020647,0.00014624093081729657
1380.0,0.03295837456413289,0.0003755669812335327,0.0006404269134947516,-0.00029730179096814144,0.00014624093081732739
1380.0,0.03400466434171516,0.00037493844479286054,0.0006404269134947516,-0.00029681858886289255,0.00014624093081729657
1380.0,0.03505095226985211,0.000374146508420381,0.0006404269134947516,-0.00029620976761291314,0.00014624093081732739
1380.0,0.03609723799744126,0.00037315074405341875,0.0006404269134947516,-0.00029544424624364213,0.00014624093081732739
1380.0,0.03714352111050014,0.000371901259995866,0.0006404269134947516,-0.00029448366823029966,0.00014624093081729657
1380.0,0.03818980112251305,0.000370336621926981,0.0006404269134947516,-0.00029328080246314155,0.00014624093081732739
1380.0,0.03923607746275605,0.00036838134786876253,0.0006404269134947516,-0.00029177761793088014,0.00014624093081729657
1380.0,0.04028234946173375,0.0003659429005438142,0.0006404269134947516,-0.00028990297092698505,0.00014624093081729657
1380.0,0.04132861633570477,0.0003629080830478415,0.0006404269134947516,-0.0002875698337229624,0.00014624093081732739
1380.0,0.04237487716971418,0.00035913872972059835,0.0006404269134947516,-0.00028467198191364443,0.00014624093081729657
1380.0,0.04342113089694337,0.00035446656931981124,0.0006404269134947516,-0.0002810800441556543,0.00014624093081732739
1380.0,0.0444673762737487,0.00034868711406943476,0.0006404269134949736,-0.0002766368037778867,0.0001462409308173312
1380.0,0.045513611855182684,0.00034155240905420214,0.0006404269134949736,-0.00027115162372702155,0.00014624093081730549
1380.0,0.046559835965433324,0.00033276245005708915,0.0006404269134947516,-0.0002643938478809839,0.00014624093081732739
1380.0,0.04760604666142646,0.00032195505224308363,0.0006404269134947516,-0.0002560850102069147,0.00014624093081732739
1380.0,0.048652241694590856,0.00030869391667920354,0.0006404269134947516,-0.0002458896589615404,0.00014624093081732739
1380.0,0.049698418470146756,0.0002924546121221283,0.0006404269134947516,-0.00023340457703448003,0.00014624093081732739
1380.0,0.050744573997060706,0.00027260814704277436,0.0006404269134947516,-0.00021814614935586685,0.00014624093081729657
1380.0,0.051790704828407724,0.00024840176797624736,0.0006404269134947516,-0.0001995355965527194,0.00014624093081732739
1380.0,0.052836807004765764,0.00021893657043392523,0.0006404269134947516,-0.0001768817574425123,0.00014624093081729657
1380.0,0.05388287598694727,0.00018314146126385822,0.0006404269134947516,-0.000149361064926328,0.00014624093081729657
1380.0,0.05492890657290356,0.0001397429554685914,0.0006404269134947516,-0.00011599431738730445,0.00014624093081732739
1380.0,0.055974892808294846,8.752133595635314e-05,0.0006404269134947516,-7.56198019865229e-05,0.00014624093081732739
1380.0,0.05702082789713402,2.9415961080303532e-05,0.0006404269134947516,-2.686227761220041e-05,0.00014624093081732739
1380.0,0.0580667040925781,5.261591269345445e-05,0.0006404269134947516,3.1902725968642664e-05,0.00014624093081732739
1380.0,0.05911251256974148,0.00014455182542860712,0.0006404269134947516,0.00010258989035932699,0.00014624093081732739
1380.0,0.06015824330378468,0.0002549212231315323,0.0006404269134947516,0.0001874510286400884,0.00014624093081732739
1380.0,0.06120388493425225,0.00038716037801123093,0.0006404269134947516,0.000289128656648647,0.00014624093081732739
1380.0,0.062249424597174495,0.0005452928327827067,0.0006404269134947516,0.0004107169865624906,0.00014624093081729657
1380.0,0.06329484773129956,0.00073401940187523,0.0006404269134947516,0.0005558311741885915,0.00014624093081729657
1380.0,0.06434013790451507,0.0009588200560983751,0.0006404269134947516,0.0007286857162222504,0.00014624093081729657
1380.0,0.06538527661709606,0.0012260689164804717,0.0006404269134947516,0.0009341829435731979,0.00014624093081732739
1380.0,0.06643024305309167,0.0015431636402354343,0.0006404269134947516,0.0011780126004984322,0.00014624093081732739
1380.0,0.06747501381324514,0.0019186705516176517,0.0006404269134947516,0.00146676355535765,0.00014624093081732739
1380.0,0.06851956266272122,0.0023624869234026846,0.0006404269134947516,0.0018080487298833263,0.00014624093081732739
1380.0,0.06956386026088461,0.0028860218363888634,0.0006404269134947516,0.002210644352639708,0.00014624093081732739
1380.0,0.07060787382080315,0.0035023970217480382,0.0006404269134947516,0.002684644626228816,0.00014624093081729657
1380.0,0.0716515667581494,0.004226669119816506,0.0006404269134947516,0.003241632922953021,0.00014624093081729657
1380.0,0.07269489830361563,0.005076074716328094,0.0006404269134949736,0.003894870569586081,0.00014624093081730549
1380.0,0.07373782316290495,0.0060702995065753385,0.0006404269134949736,0.004659504279085217,0.00014624093081736203
1380.0,0.07478029111431495,0.007231772729255681,0.0006404269134949736,0.005552793129357761,0.0001462409308173312
1380.0,0.07582224651288785,0.008585987774267778,0.0006404269134949736,0.0065943558121810625,0.0001462409308173363
1380.0,0.07686362783398165,0.010161849881740181,0.0006404269134947516,0.007806438893250091,0.00014624093081729657
1380.0,0.07790436719314517,0.011992051389142944,0.0006404269134947516,0.009214206477187493,0.00014624093081732739
1380.0,0.07894438984094701,0.01411347468990698,0.0006404269134947516,0.010846051455799657,0.00014624093081729657
1380.0,0.07998361362457158,0.016567622617799316,0.0006404269134947516,0.012733928184162585,0.00014624093081729657
1380.0,0.08102194840032294,0.01940107544038483,0.0006404269134947516,0.01491370603715519,0.00014624093081732739
1380.0,0.08205929548549097,0.022665973310267873,0.0006404269134947516,0.017425543058455645,0.00014624093081729657
1380.0,0.08309554716203224,0.026420522445732786,0.0006404269134947516,0.02031427848837656,0.00014624093081732739
1380.0,0.08413058610602109,0.030729522041099244,0.0006404269134947516,0.023629842010852026,0.00014624093081729657
1380.0,0.08516428481011179,0.03566490853683035,0.0006404269134947516,0.027427677297042825,0.00014624093081729657
1380.0,0.08619650506439627,0.04130631325466538,0.0006404269134947516,0.031769176982572575,0.00014624093081732739
1380.0,0.08722709745954318,0.04774162813151861,0.0006404269134947516,0.03672212527262306,0.00014624093081729657
1380.0,0.08825590074562395,0.05506757213606761,0.0006404269134947516,0.042361142761191364,0.00014624093081729657
1380.0,0.08928274153945595,0.06339025369788942,0.0006404269134947516,0.04876813021293182,0.00014624093081729657
1380.0,0.09030743429035756,0.07282572246617747,0.0006404269134947516,0.05603270656123387,0.00014624093081729657
1380.0,0.09132978029650739,0.08350048965075985,0.0006404269134947516,0.06425262560718846,0.00014624093081727445
1380.0,0.0923495681702389,0.09555202468607149,0.0006404269134947516,0.07353417789078386,0.00014624093081711727
1380.0,0.09336657378513252,0.10912920634996226,0.0006404269134945295,0.08399256147855978,0.00014624093081594815
1380.0,0.0943805595662751,0.1243927011055348,0.0006404269134929752,0.09575220132153504,0.0001462409308098439
1380.0,0.0953912756933589,0.1415152940153348,0.0006404269134840934,0.10894703739680432,0.000146240930780901
1380.0,0.09639846026831739,0.16068212093961165,0.0006404269134367979,0.1237207428713755,0.00014624093063603304
1380.0,0.09740183955800345,0.18209079198061318,0.0006404269131998763,0.14022686532365977,0.0001462409299391741
1380.0,0.09840112856690197,0.20595139628949255,0.0006404269120576789,0.15862888424031643,0.00014624092671934155
1380.0,0.09939603264570279,0.23248638743712036,0.0006404269067739055,0.17910018508413347,0.0001462409123882137
1380.0,0.10038624851439969,0.2619303080098234,0.0006404268832569393,0.20182391910580058,0.00014624085101559568
1380.0,0.10137146514031278,0.2945293274602818,0.0006404267827084809,0.22699273004908793,0.00014624059846566384
1380.0,0.10235136516852997,0.3305406111853699,0.0006404263701980106,0.25480836317796546,0.00014623960094472223
1380.0,0.10332562634832987,0.3702314885931628,0.0006404247482880709,0.285481133775152,0.00014623582352303797
1380.0,0.10429392395625564,0.4138784737237984,0.0006404186441610893,0.31922929933732647,0.00014622212508729553
1380.0,0.10525593175448669,0.4617660495949849,0.0006403966803414374,0.3562782706456721,0.00014617460698909926
1380.0,0.10621132333208266,0.5141852923244414,0.0006403212111596446,0.39685972539276065,0.0001460171070380825
1380.0,0.1071597731638037,0.5714323536987536,0.0006400738610918832,0.4412106450998322,0.0001455188296188145
1380.0,0.10810095779176977,0.6338068559493308,0.0006393014376504524,0.4895723241066878,0.00014401573210196268
1380.0,0.10903455688746658,0.7016102659466696,0.0006370055874778124,0.5421894104097079,0.00013969646839681162
1380.0,0.1099602474607406,0.7751437559198848,0.0006305170717670894,0.5993086019368002,0.00012788379611451247
1380.0,0.11087769214552082,0.8547053078792146,0.0006130968202859854,0.6611768094320448,9.716255406631086e-05
1380.0,0.11178649938229036,0.9405836199198916,0.0005687075604612346,0.7280368761745875,2.1246398081883354e-05
1380.0,0.11268612433286049,1.0330435894474022,0.0004614586997870873,0.800116739916919,-0.00015685198787168244
1380.0,0.11357566155031681,1.1322935726858532,0.0009147944726497492,0.8776042771149605,-0.0005530659354010734
1380.0,0.11445345181243931,1.2384161205498003,0.0018666530846105367,0.9605932659418485,-0.0013874812335441871
1380.0,0.11531648055089319,1.3512432715396585,0.003752775230401184,1.0489851109001824,-0.0030461406008123306
1380.0,0.11615971333464245,1.4701774705824278,0.007264080337851642,1.1423462632459205,-0.006144394088602983
1380.0,0.11697592061638235,1.5940343291416639,0.0133689909829382,1.239780251326916,-0.011552107721820784
1380.0,0.11776318273753608,1.722120783612695,0.02331298213575561,1.340771208341916,-0.02040188239093107
1380.0,0.1185312860297518,1.855707213925541,0.038823929920458244,1.446352812815036,-0.03427676025682778
1380.0,0.11929291462851194,1.9970625194886225,0.06238785276624048,1.5583634317060895,-0.05546706423185104
1380.0,0.12005385934471033,2.1476463277019207,0.09721246506103709,1.6780198357975873,-0.0869519149661147
1380.0,0.12081480406090875,2.308076451591262,0.14704541416985695,1.8058835147701178,-0.13224848991635835
1380.0,0.12157574877710715,2.478845475446292,0.21612474607199195,1.9424261995333394,-0.19538666215503556
1380.0,0.12233669349330556,2.6604420545455696,0.30905547364270936,2.088126748369116,-0.28082968803749336
1380.0,0.12309763820950397,2.8533453038846233,0.4306797125031654,2.243467641652138,-0.3934180964172856
1380.0,0.12385858292570237,3.058019711319332,0.5860955240698282,2.4089321523846308,-0.53852343425099
1380.0,0.12461952764190079,3.2749110893286115,0.7811289408979114,2.5850026929971643,-0.72284298033051
1380.0,0.125,3.3896775500617196,0.8977729530440866,2.678581739105082,-0.8344852097989297
1440.0,0.0,0.00036295328538926697,0.0005986325369904399,-0.0002840727780916225,0.0001433261450380956
1440.0,0.0005231494912409765,0.00036295325941182455,0.000598632536990662,-0.00028407275813561284,0.00014332614503820865
1440.0,0.0015694484714494639,0.0003629531037745437,0.000598632536990662,-0.0002840726385026253,0.00014332614503819298
1440.0,0.0026157474465723883,0.0003629527804491772,0.000598632536990662,-0.0002840723899881303,0.00014332614503816186
1440.0,0.0036620464155861904,0.0003629522647656813,0.000598632536990662,-0.0002840719935604,0.00014332614503816186
1440.0,0.004708345377475357,0.0003629515172747233,0.000598632536990662,-0.00028407141898282104,0.00014332614503820865
1440.0,0.005754644331009957,0.0003629504817013185,0.000598632536990662,-0.0002840706228715171,0.00014332614503820865
1440.0,0.00680094327457751,0.00036294908045420016,0.000598632536990662,-0.0002840695457136524,0.00014332614503816186
1440.0,0.007847242206097388,0.0003629472101351894,0.000598632536990662,-0.0002840681079270934,0.00014332614503820865
1440.0,0.008893541122936801,0.0003629447342632375,0.000598632536990662,-0.00028406620471138817,0.00014332614503819298
1440.0,0.009939840021803058,0.00036294147503213026,0.000598632536990662,-0.0002840636992171562,0.00014332614503819298
1440.0,0.010986138898604688,0.0003629372012596832,0.000598632536990662,-0.0002840604138862187,0.00014332614503820865
1440.0,0.012032437748284802,0.00036293161468847757,0.000598632536990662,-0.0002840561193034308,0.00014332614503820865
1440.0,0.013078736564625394,0.0003629243312275321,0.000598632536990662,-0.0002840505202091584,0.00014332614503816186
1440.0,0.014125035340008817,0.0003629148575328145,0.000598632536990662,-0.00028404323746901276,0.00014332614503820865
1440.0,0.015171334065114943,0.0003629025622444715,0.000598632536990662,-0.0002840337856853568,0.00014332614503820865
1440.0,0.01621763272858375,0.0003628866387543894,0.000598632536990662,-0.0002840215448362273,0.00014332614503816186
1440.0,0.017263931316600097,0.0003628660592198685,0.000598632536990662,-0.000284005724628497,0.00014332614503819314
1440.0,0.018310229812372354,0.0003628395161854314,0.000598632536990662,-0.00028398532009607866,0.00014332614503820865
1440.0,0.019356528195540252,0.00036280535078958565,0.000598632536990662,-0.00028395905605276965,0.00014332614503819314
1440.0,0.020402826441478825,0.0003627614628953779,0.000598632536990662,-0.00028392531783890345,0.00014332614503819314
1440.0,0.021449124520446446,0.0003627051986541119,0.000598632536990662,-0.00028388206539929796,0.00014332614503819298
1440.0,0.02249542239654262,0.0003626332119779363,0.000598632536990662,-0.0002838267266254286,0.00014332614503820865
1440.0,0.023541720026574783,0.0003625412937822148,0.000598632536990662,-0.00028375606551356113,0.00014332614503816186
1440.0,0.024588017358664248,0.0003624241591637656,0.000598632536990662,-0.0002836660195330961,0.00014332614503820865
1440.0,0.025634314330521622,0.0003622751876832808,0.000598632536990662,-0.00028355149923962896,0.00014332614503820865
1440.0,0.026680610867531526,0.0003620861033937217,0.000598632536990662,-0.0002834061422113146,0.00014332614503819298
1440.0,0.027726906880536258,0.00036184658171123374,0.000598632536990662,-0.00028322201156826427,0.00014332614503816186
1440.0,0.028773202263123444,0.0003615437705093427,0.000598632536990662,-0.00028298922728837886,0.00014332614503816186
1440.0,0.029819496888343826,0.000361161705370705,0.000598632536990662,-0.0002826955164772765,0.00014332614503819298
1440.0,0.030865790605256217,0.00036068059722538237,0.000598632536990662,-0.0002823256661607584,0.00014332614503820865
1440.0,0.03191208323471192,0.00036007596816034493,0.000598632536990662,-0.00028186085871847354,0.00014332614503819314
1440.0,0.03295837456413289,0.00035931760459106954,0.000598632536990662,-0.00028127786701105423,0.00014332614503819298
1440.0,0.03400466434171516,0.0003583682918701925,0.000598632536990662,-0.00028054808161426427,0.00014332614503819314
1440.0,0.03505095226985211,0.00035718228832593013,0.000598632536990662,-0.00027963633802929985,0.00014332614503819298
1440.0,0.03609723799744126,0.0003557034910954826,0.000598632536990662,-0.00027849950569525903,0.00014332614503820865
1440.0,0.03714352111050014,0.00035386323276043186,0.000598632536990662,-0.00027708479503353985,0.00014332614503819314
1440.0,0.03818980112251305,0.00035157764540372227,0.000598632536990662,-0.00027532773020922627,0.00014332614503820865
1440.0,0.03923607746275605,0.00034874451051791766,0.000598632536990662,-0.0002731497276339177,0.00014332614503819314
1440.0,0.04028234946173375,0.0003452395060321578,0.000598632536990662,-0.0002704552104736774,0.00014332614503819314
1440.0,0.04132861633570477,0.0003409117441037779,0.000598632536990662,-0.00026712817785704083,0.00014332614503819298
1440.0,0.04237487716971418,0.0003355784784844218,0.000598632536990662,-0.0002630281357040565,0.00014332614503819314
1440.0,0.04342113089694337,0.00032901884134162174,0.000598632536990662,-0.0002579852816216842,0.00014332614503820865
1440.0,0.0444673762737487,0.00032096645048795835,0.000598632536990662,-0.00025179482037557065,0.00014332614503819314
1440.0,0.045513611855182684,0.0003111007018787859,0.000598632536990662,-0.00024421026922644644,0.00014332614503816186
1440.0,0.046559835965433324,0.0002990365391610794,0.000598632536990662,-0.00023493559188310844,0.00014332614503820865
1440.0,0.04760604666142646,0.0002843124619289483,0.000598632536990662,-0.00022361597833107477,0.00014332614503820865
1440.0,0.048652241694590856,0.0002663765043848798,0.000598632536990662,-0.00020982706312574296,0.00014332614503819298
1440.0,0.049698418470146756,0.000244569876940659,0.000598632536990662,-0.0001930623478583567,0.00014332614503820865
1440.0,0.050744573997060706,0.0002181079319143464,0.000598632536990662,-0.00017271856402470718,0.00014332614503816186
1440.0,0.051790704828407724,0.0001860580640027365,0.000598632536990662,-0.00014807868028937247,0.00014332614503820865
1440.0,0.052836807004765764,0.00014731411926049987,0.000598632536990662,-0.00011829222288864833,0.00014332614503819314
1440.0,0.05388287598694727,0.00010056682964432184,0.000598632536990662,-8.235254013922987e-05,0.00014332614503819314
1440.0,0.05492890657290356,4.4432703703023435e-05,0.000598632536990662,-3.907060171347217e-05,0.00014332614503820865
1440.0,0.055974892808294846,2.3399941426305304e-05,0.000598632536990662,1.295512013150151e-05,0.00014332614503820865
1440.0,0.05702082789713402,0.00010458627679099664,0.000598632536990662,7.537318710654177e-05,0.00014332614503819298
1440.0,0.0580667040925781,0.00020180593031682292,0.000598632536990662,0.00015011869553350254,0.00014332614503819298
1440.0,0.05911251256974148,0.00031800676725879384,0.000598632536990662,0.00023945833731013066,0.00014332614503820865
1440.0,0.06015824330378468,0.0004566345086232104,0.000598632536990662,0.00034604167209833787,0.00014332614503819298
1440.0,0.06120388493425225,0.0006217083692376946,0.000598632536990662,0.0004729593111752514,0.00014332614503820865
1440.0,0.062249424597174495,0.0008179066535376478,0.000598632536990662,0.0006238087640642531,0.00014332614503819314
1440.0,0.06329484773129956,0.0010506633458930992,0.000598632536990662,0.0008027687509852833,0.00014332614503819314
1440.0,0.06434013790451507,0.001326276816655536,0.000598632536990662,0.0010146828412509494,0.00014332614503816186
1440.0,0.06538527661709606,0.0016520318027346548,0.000598632536990662,0.0012651533155740636,0.00014332614503819298
1440.0,0.06643024305309167,0.002036335868695005,0.000598632536990662,0.0015606461814159228,0.00014332614503820865
1440.0,0.06747501381324514,0.002488871608136378,0.000598632536990662,0.0019086083163122008,0.00014332614503819298
1440.0,0.06851956266272122,0.0030207658858216746,0.000598632536990662,0.002317597745208421,0.00014332614503820865
1440.0,0.06956386026088461,0.003644777422834977,0.000598632536990662,0.0027974280600516614,0.00014332614503820865
1440.0,0.07060787382080315,0.004375503980099893,0.000598632536990662,0.0033593279589315597,0.00014332614503819314
1440.0,0.0716515667581494,0.005229610423555187,0.000598632536990662,0.004016116900942433,0.00014332614503819314
1440.0,0.07269489830361563,0.00622607885401294,0.000598632536990662,0.0047823978044155896,0.00014332614503816186
1440.0,0.07373782316290495,0.007386481985861337,0.000598632536990662,0.005674767714835006,0.00014332614503820865
1440.0,0.07478029111431495,0.008735280712414806,0.000598632536990662,0.006712047190304731,0.00014332614503816186
1440.0,0.07582224651288785,0.010300146557369771,0.000598632536990662,0.007915528967506013,0.00014332614503820865
1440.0,0.07686362783398165,0.012112309755366368,0.000598632536990662,0.009309246517481771,0.00014332614503819314
1440.0,0.07790436719314517,0.014206933223817941,0.000598632536990662,0.010920262734696137,0.00014332614503820865
1440.0,0.07894438984094701,0.01662351240861426,0.000598632536990662,0.012778978799482947,0.00014332614503819314
1440.0,0.07998361362457158,0.01940630054872372,0.000598632536990662,0.014919462928707898,0.00014332614503816186
1440.0,0.08102194840032294,0.02260475838414777,0.000598632536990662,0.017379798342503784,0.00014332614503820865
1440.0,0.08205929548549097,0.026274027041154113,0.000598632536990662,0.02020244956961136,0.00014332614503819314
1440.0,0.08309554716203224,0.030475422258803064,0.000598632536990662,0.023434645790513728,0.00014332614503820865
1440.0,0.08413058610602109,0.03527694678138005,0.000598632536990662,0.027128778915700594,0.00014332614503816186
1440.0,0.08516428481011179,0.040753817406084636,0.000598632536990662,0.031342813859789036,0.00014332614503819314
1440.0,0.08619650506439627,0.04698900254095406,0.000598632536990662,0.03614070801306183,0.00014332614503820865
1440.0,0.08722709745954318,0.054073764729650975,0.000598632536990662,0.041592835874783025,0.00014332614503816186
1440.0,0.08825590074562395,0.062108200257398494,0.000598632536990662,0.04777641304192547,0.00014332614503816186
1440.0,0.08928274153945595,0.07120177096550151,0.000598632536990662,0.054775916111937335,0.00014332614503819314
1440.0,0.09030743429035756,0.08147382106329815,0.000598632536990662,0.0626834933075767,0.00014332614503816186
1440.0,0.09132978029650739,0.09305405644437315,0.000598632536990662,0.07159934892396276,0.00014332614503808806
1440.0,0.0923495681702389,0.10608299520288256,0.0005986325369904399,0.08163210876827248,0.00014332614503758783
1440.0,0.09336657378513252,0.12071236559245335,0.0005986325369902179,0.09289914886981158,0.00014332614503473557
1440.0,0.0943805595662751,0.13710542294165862,0.0005986325369851109,0.10552686617132029,0.0001433261450204578
1440.0,0.0953912756933589,0.15543721399734522,0.0005986325369595757,0.11965091391043729,0.00014332614494975328
1440.0,0.09639846026831739,0.1758947357139391,0.0005986325368401157,0.135416361821108,0.00014332614461461278
1440.0,0.09740183955800345,0.19867698202313022,0.0005986325362667966,0.15297777727592718,0.00014332614306854965
1440.0,0.09840112856690197,0.22399487410865504,0.0005986325336184706,0.17249922526561004,0.0001433261361990628
1440.0,0.09939603264570279,0.252071081981569,0.0005986325218636512,0.19415419483187438,0.0001433261068017202
1440.0,0.10038624851439969,0.28313970442320624,0.0005986324716609204,0.21812542849279165,0.00014332598572476998
1440.0,0.10137146514031278,0.3174457939139188,0.0005986322655908705,0.24460464647794866,0.0001433255063264376
1440.0,0.10235136516852997,0.35524475972783875,0.0005986314536059467,0.2737921938079348,0.0001433236835842382
1440.0,0.10332562634832987,0.39680162823566434,0.0005986283857359886,0.3058965965592126,0.000143317035877831
1440.0,0.10429392395625564,0.4423902236180197,0.0005986172843595039,0.34113407863396666,0.0001432938052150174
1440.0,0.10525593175448669,0.49229217294742966,0.0005985788539306647,0.379727966975925,0.00014321610359875674
1440.0,0.10621132333208266,0.546795797035486,0.0005984517233341702,0.42190803394587384,0.0001429676043831076
1440.0,0.1071597731638037,0.6061948666303465,0.0005980502704210355,0.4679097613225034,0.00014220848198054375
1440.0,0.10810095779176977,0.6707872170248379,0.0005968683920327678,0.51797351906302,0.0001399955021555527
1440.0,0.10903455688746658,0.7408732046644104,0.0005935990137140301,0.5723436428619117,0.00013384463003219367
1440.0,0.1099602474607406,0.8167533969831879,0.0005846538201317308,0.6312669321975513,0.00011755789585138885
1440.0,0.11087769214552082,0.8987251513946717,0.0005613803862076772,0.6949902899655311,7.650509838722893e-05
1440.0,0.11178649938229036,0.9870755000509348,0.0005038465048332608,0.7637554765146645,-2.1931015083060388e-05
1440.0,0.11268612433286049,1.0820649793075177,0.0005558640595602071,0.8377867575263154,-0.0002462859886243766
1440.0,0.11357566155031681,1.18389248246433,0.0011145843690845147,0.9172636046705359,-0.0007318477383620102
1440.0,0.11445345181243931,1.292622741961111,0.00225663540368215,1.0022638484409896,-0.0017280998546582876
1440.0,0.11531648055089319,1.4080578167182125,0.004465649280501083,1.0926622336488616,-0.003660551440944403
1440.0,0.11615971333464245,1.5295549106962198,0.008483624929365607,1.1879854355448063,-0.007189102110416423
1440.0,0.11697592061638235,1.6558697981719774,0.015322523764571105,1.2872850238892777,-0.013221197507956266
1440.0,0.11776318273753608,1.786261752072562,0.026251744978769587,1.3900021579558663,-0.022910493569421406
1440.0,0.1185312860297518,1.9219852498424075,0.04301390419517004,1.4971507620129123,-0.0378513859900549
1440.0,0.11929291462851194,2.0652922690560445,0.06809707176717827,1.6105461674460173,-0.060332127356117225
1440.0,0.12005385934471033,2.2175941221271387,0.10466947220943146,1.7313560618228354,-0.09328971995478377
1440.0,0.12081480406090875,2.3794392157137167,0.15637892231340134,1.8600758904146484,-0.14014408997808275
1440.0,0.12157574877710715,2.5512453199929155,0.22730974236401646,1.9971065882571764,-0.20477853039095936
1440.0,0.12233669349330556,2.7334256727305615,0.32187284107754177,2.1428555031429224,-0.291473732857876
1440.0,0.12309763820950397,2.926386642772343,0.44469929582685763,2.297735867924831,-0.4048754731879658
1440.0,0.12385858292570237,3.1305257781039586,0.6006909702226662,2.46216679130203,-0.5501826565310403
1440.0,0.12461952764190079,3.3462303712332186,0.7955310286112958,2.6365739087913433,-0.7339932499678532
1440.0,0.125,3.4600535089317646,0.9116404762109676,2.728982364315732,-0.8449848631782497
1500.0,0.0,0.00034697441088837877,0.0005641599519909946,-0.00026985732484123017,0.0001405940818588786
1500.0,0.0005231494912409765,0.0003469743618893517,0.0005641599519909946,-0.0002698572871953296,0.00014059408185902747
1500.0,0.0015694484714494639,0.0003469740682362499,0.0005641599519909946,-0.000269857061451645,0.00014059408185902747
1500.0,0.0026157474465723883,0.00034697346001166807,0.0005641599519909946,-0.0002698565938733446,0.00014059408185899638
1500.0,0.0036620464155861904,0.00034697249395776453,0.0005641599519909946,-0.00026985585124631627,0.00014059408185899638
1500.0,0.004708345377475357,0.0003469711020329669,0.0005641599519909946,-0.00026985478124050375,0.00014059408185902747
1500.0,0.005754644331009957,0.00034696918663712495,0.0005641599519909946,-0.0002698533088981192,0.00014059408185902747
1500.0,0.00680094327457751,0.0003469666153250728,0.0005641599519909946,-0.0002698513323320388,0.00014059408185901196
1500.0,0.007847242206097388,0.000346963212166429,0.0005641599519909946,-0.00026984871623495567,0.00014059408185902747
1500.0,0.008893541122936801,0.00034695874705903407,0.0005641599519909946,-0.0002698452838050779,0.00014059408185902747
1500.0,0.009939840021803058,0.0003469529223707468,0.0005641599519909946,-0.0002698408062895252,0.00014059408185902747
1500.0,0.010986138898604688,0.0003469453554885149,0.0005641599519909946,-0.00026983498942843875,0.00014059408185902747
1500.0,0.012032437748284802,0.0003469355562515375,0.0005641599519909946,-0.0002698274565826435,0.00014059408185902747
1500.0,0.013078736564625394,0.0003469228996664242,0.0005641599519909946,-0.0002698177272956575,0.00014059408185901196
1500.0,0.014125035340008817,0.00034690659100533594,0.0005641599519909946,-0.00026980519043805754,0.00014059408185902747
1500.0,0.015171334065114943,0.00034688562135443135,0.0005641599519909946,-0.00026978907077281273,0.00014059408185902747
1500.0,0.01621763272858375,0.00034685871469264384,0.0005641599519909946,-0.0002697683870537943,0.00014059408185901196
1500.0,0.017263931316600097,0.00034682425877008427,0.0005641599519909946,-0.00026974190018185407,0.00014059408185902747
1500.0,0.018310229812372354,0.00034678022257139673,0.0005641599519909946,-0.0002697080486583626,0.00014059408185902747
1500.0,0.019356528195540252,0.0003467240517238679,0.0005641599519909946,-0.00026966486889652203,0.00014059408185902747
1500.0,0.020402826441478825,0.00034665254077026475,0.0005641599519909946,-0.00026960989691118863,0.00014059408185902747
1500.0,0.021449124520446446,0.0003465616757694079,0.0005641599519909946,-0.0002695400469492584,0.00014059408185902747
1500.0,0.02249542239654262,0.000346446440175896,0.0005641599519909946,-0.00026945146267676824,0.00014059408185902747
1500.0,0.023541720026574783,0.000346300577632519,0.0005641599519909946,-0.0002693393345499493,0.00014059408185901196
1500.0,0.024588017358664248,0.0003461163008182666,0.0005641599519909946,-0.00026919767637189886,0.00014059408185902747
1500.0,0.025634314330521622,0.0003458839375412026,0.0005641599519909946,-0.0002690190526900429,0.00014059408185902747
1500.0,0.026680610867531526,0.00034559149804636036,0.0005641599519909946,-0.00026879424664061113,0.00014059408185902747
1500.0,0.027726906880536258,0.0003452241507488907,0.0005641599519909946,-0.0002685118564411226,0.00014059408185899638
1500.0,0.028773202263123444,0.0003447635845645891,0.0005641599519909946,-0.0002681578059803096,0.00014059408185899638
1500.0,0.029819496888343826,0.00034418724027318603,0.0005641599519909946,-0.0002677147528947192,0.00014059408185902747
1500.0,0.030865790605256217,0.00034346738004842337,0.0005641599519909946,-0.00026716137391594625,0.00014059408185902747
1500.0,0.03191208323471192,0.00034256996787007665,0.0005641599519909946,-0.0002664715042269894,0.00014059408185902747
1500.0,0.03295837456413289,0.00034145332466550826,0.0005641599519909946,-0.0002656131031068797,0.00014059408185902747
1500.0,0.03400466434171516,0.0003400665145250059,0.0005641599519909946,-0.0002645470137631129,0.00014059408185902747
1500.0,0.03505095226985211,0.0003383474149813992,0.0005641599519909946,-0.0002632254795644353,0.00014059408185902747
1500.0,0.03609723799744126,0.00033622041320313656,0.0005641599519909946,-0.0002615903728808757,0.00014059408185902747
1500.0,0.03714352111050014,0.0003335936618782398,0.0005641599519909946,-0.00025957108564584333,0.00014059408185902747
1500.0,0.03818980112251305,0.00033035581850526796,0.0005641599519909946,-0.0002570820224783426,0.00014059408185902747
1500.0,0.03923607746275605,0.0003263721794724006,0.0005641599519909946,-0.00025401962844535166,0.00014059408185902747
1500.0,0.04028234946173375,0.0003214801059243655,0.0005641599519909946,-0.0002502588726918093,0.00014059408185902747
1500.0,0.04132861633570477,0.0003154836253997928,0.0005641599519909946,-0.00024564909797637996,0.00014059408185902747
1500.0,0.04237487716971418,0.0003081470740085024,0.0005641599519909946,-0.00024000913263637873,0.00014059408185902747
1500.0,0.04342113089694337,0.00029918762578518,0.0005641599519909946,-0.00023312154698030036,0.00014059408185902747
1500.0,0.0444673762737487,0.0002882665340280255,0.0005641599519909946,-0.00022472591970894166,0.00014059408185902747
1500.0,0.045513611855182684,0.0002749788876030834,0.0005641599519909946,-0.0002145109615317166,0.00014059408185901196
1500.0,0.046559835965433324,0.000258841655067954,0.0005641599519909946,-0.00020210532320848453,0.00014059408185902747
1500.0,0.04760604666142646,0.00023927976440063503,0.0005641599519909946,-0.00018706689269182004,0.00014059408185902747
1500.0,0.048652241694590856,0.0002156099325247851,0.0005641599519909946,-0.00016887036180730468,0.00014059408185902747
1500.0,0.049698418470146756,0.00018702192267028295,0.0005641599519909946,-0.00014689281576681226,0.00014059408185902747
1500.0,0.050744573997060706,0.00015255687424087228,0.0005641599519909946,-0.00012039707006441383,0.00014059408185901196
1500.0,0.051790704828407724,0.00011108230262379948,0.0005641599519909946,-8.851244795928204e-05,0.00014059408185902747
1500.0,0.052836807004765764,6.12633281775743e-05,0.0005641599519909946,-5.02126567662538e-05,0.00014059408185902747
1500.0,0.05388287598694727,5.0007404297502944e-06,0.0005641599519909946,-4.290385843727079e-06,0.00014059408185902747
1500.0,0.05492890657290356,6.996233179279443e-05,0.0005641599519909946,5.067178930553234e-05,0.00014059408185902747
1500.0,0.055974892808294846,0.00015537266733645083,0.0005641599519909946,0.00011633465413758943,0.00014059408185902747
1500.0,0.05702082789713402,0.0002572272195493497,0.0005641599519909946,0.0001946402532506305,0.00014059408185902747
1500.0,0.0580667040925781,0.0003784736549050649,0.0005641599519909946,0.00028785498317346613,0.00014059408185902747
1500.0,0.05911251256974148,0.0005225450009334054,0.0005641599519909946,0.0003986184683880885,0.00014059408185902747
1500.0,0.06015824330378468,0.0006934315412649994,0.0005641599519909946,0.0005299988587022043,0.00014059408185902747
1500.0,0.06120388493425225,0.0008957619401144257,0.0005641599519909946,0.000685555230131308,0.00014059408185902747
1500.0,0.062249424597174495,0.0011348945395752708,0.0005641599519909946,0.0008694078139166859,0.00014059408185902747
1500.0,0.06329484773129956,0.0014170198264764622,0.0005641599519909946,0.001086316823860071,0.00014059408185902747
1500.0,0.06434013790451507,0.001749275132681305,0.0005641599519909946,0.001341770702686023,0.00014059408185901196
1500.0,0.06538527661709606,0.002139872667783038,0.0005641599519909946,0.0016420846349428347,0.00014059408185902747
1500.0,0.06643024305309167,0.002598242009128171,0.0005641599519909946,0.0019945101953006317,0.00014059408185902747
1500.0,0.06747501381324514,0.0031351882215062687,0.0005641599519909946,0.002407357040071402,0.00014059408185902747
1500.0,0.06851956266272122,0.003763066808687654,0.0005641599519909946,0.002890127572150109,0.00014059408185902747
1500.0,0.06956386026088461,0.0044959766876218055,0.0005641599519909946,0.003453665501636951,0.00014059408185902747
1500.0,0.07060787382080315,0.005349972309147688,0.0005641599519909946,0.004110319179007834,0.00014059408185902747
1500.0,0.0716515667581494,0.006343296077773175,0.0005641599519909946,0.004874120596702419,0.00014059408185902747
1500.0,0.07269489830361563,0.0074966321089391386,0.0005641599519909946,0.005760980873997723,0.00014059408185901196
1500.0,0.07373782316290495,0.008833382361729036,0.0005641599519909946,0.006788903043099071,0.00014059408185901196
1500.0,0.07478029111431495,0.010379965925949364,0.0005641599519909946,0.007978212755127877,0.00014059408185901196
1500.0,0.07582224651288785,0.0121661419725001,0.0005641599519909946,0.009351807330206435,0.00014059408185902747
1500.0,0.07686362783398165,0.01422535697230387,0.0005641599519909946,0.010935423647746766,0.00014059408185902747
1500.0,0.07790436719314517,0.016595116257008158,0.0005641599519909946,0.012757924977578196,0.00014059408185902747
1500.0,0.07894438984094701,0.01931737972404335,0.0005641599519909946,0.014851606650560428,0.00014059408185902747
1500.0,0.07998361362457158,0.0224389810355774,0.0005641599519909946,0.017252520130963334,0.00014059408185901196
1500.0,0.08102194840032294,0.026012069124021764,0.0005641599519909946,0.020000814651922973,0.00014059408185902747
1500.0,0.08205929548549097,0.0300945705435538,0.0005641599519909946,0.02314109538123704,0.00014059408185902747
1500.0,0.08309554716203224,0.034750670609639656,0.0005641599519909946,0.026722796643289665,0.00014059408185902747
1500.0,0.08413058610602109,0.04005130984671723,0.0005641599519909946,0.030800567649480016,0.00014059408185901196
1500.0,0.08516428481011179,0.04607469196088232,0.0005641599519909946,0.035434667984802604,0.00014059408185902747
1500.0,0.08619650506439627,0.052906798935111965,0.0005641599519909946,0.04069136964787528,0.00014059408185902747
1500.0,0.08722709745954318,0.060641907417902985,0.0005641599519909946,0.0466433613835789,0.00014059408185899638
1500.0,0.08825590074562395,0.06938309817070376,0.0005641599519909946,0.05337014924014791,0.00014059408185899638
1500.0,0.08928274153945595,0.07924275387301805,0.0005641599519909946,0.06095845005042277,0.00014059408185901196
1500.0,0.09030743429035756,0.09034303823557366,0.0005641599519909946,0.06950257279605374,0.00014059408185894504
1500.0,0.09132978029650739,0.10281633330799878,0.0005641599519907725,0.07910477052149845,0.00014059408185868722
1500.0,0.0923495681702389,0.11680564620894529,0.0005641599519903284,0.08987557198000917,0.0001405940818575095
1500.0,0.09336657378513252,0.13246496165453436,0.0005641599519878859,0.10193407547846077,0.000140594081850242
1500.0,0.0943805595662751,0.14995951289887444,0.0005641599519761176,0.11540818458153294,0.00014059408181638775
1500.0,0.0953912756933589,0.16946600485829322,0.0005641599519206064,0.13043481256607845,0.0001405940816559048
1500.0,0.09639846026831739,0.19117273637249355,0.0005641599516590379,0.14716001578500873,0.00014059408091817024
1500.0,0.09740183955800345,0.21527961873078993,0.0005641599504460082,0.16573905484513693,0.00014059407764659967
1500.0,0.09840112856690197,0.24199808871611594,0.0005641599450649792,0.1863363834804541,0.00014059406365259626
1500.0,0.09939603264570279,0.27155092589259766,0.0005641599220500559,0.20912557391567813,0.00014059400595900078
1500.0,0.10038624851439969,0.3041719379687038,0.0005641598272927428,0.2342891521848319,0.00014059377696889875
1500.0,0.10137146514031278,0.3401054960719989,0.0005641594522027837,0.26201833060898655,0.00014059290286205512
1500.0,0.10235136516852997,0.37960594555300986,0.0005641580262665258,0.2925126583094002,0.00014058969727534135
1500.0,0.10332562634832987,0.4229368566584526,0.000564152826054265,0.3259795630557663,0.00014057841523842612
1500.0,0.10429392395625564,0.4703701623899974,0.0005641346533464819,0.3626338214876651,0.00014054034784522052
1500.0,0.10525593175448669,0.522185061805601,0.0005640738641154996,0.40269686366513296,0.000140417331208232
1500.0,0.10621132333208266,0.5786667309753852,0.0005638794242097678,0.44639594374852376,0.00014003697230115952
1500.0,0.1071597731638037,0.6401048000959122,0.0005632853285499895,0.4939631432535548,0.00013891279301547416
1500.0,0.10810095779176977,0.7067915756150569,0.0005615530341858133,0.545634187845631,0.0001357395262231899
1500.0,0.10903455688746658,0.7790199838668173,0.0005567369852279569,0.6016470556607701,0.00012719175688943616
1500.0,0.1099602474607406,0.8570806130535402,0.0005439813250638359,0.6622398876403263,0.0001052358347853882
1500.0,0.11087769214552082,0.941257517861402,0.0005129528934113559,0.7276479272202871,5.149416832008401e-05
1500.0,0.11178649938229036,1.0318201612428197,0.0004397558842246241,0.7980974292147252,-7.377915078572745e-05
1500.0,0.11268612433286049,1.1290060672381514,0.0006712720476325096,0.8737922672761045,-0.00035168543049702043
1500.0,0.11357566155031681,1.2329841840732456,0.0013490681825589768,0.9548853431516943,-0.0009378626084677822
1500.0,0.11445345181243931,1.343780525864645,0.002701925474407396,1.0414201935582272,-0.0021116352374927518
1500.0,0.11531648055089319,1.4611478647669855,0.0052584080598321314,1.1332281216016797,-0.004337072914600349
1500.0,0.11615971333464245,1.5843831146938214,0.0098095463183423,1.2297830634614357,-0.008315593345468731
1500.0,0.11697592061638235,1.7121742563736575,0.01740408708766683,1.33007781235555,-0.014986934932141168
1500.0,0.11776318273753608,1.8437240176727414,0.02932846727365357,1.4335025379106123,-0.025519451936399266
1500.0,0.1185312860297518,1.9802405836038588,0.04733332589476724,1.5410236711839682,-0.04151271111561439
1500.0,0.11929291462851194,2.1239036079600737,0.07390351321909172,1.6543825474708636,-0.06524724843050153
1500.0,0.12005385934471033,2.27600777455865,0.11216329666858371,1.7746337782670054,-0.09961446628296147
1500.0,0.12081480406090875,2.436949751097984,0.16566144981525355,1.902128131807837,-0.14793834952279644
1500.0,0.12157574877710715,2.606962577750494,0.23833587220608266,2.0370896503126312,-0.2139630882758711
1500.0,0.12233669349330556,2.7862374990114063,0.3344170169585543,2.179711631361618,-0.3018003468521753
1500.0,0.12309763820950397,2.9749174318023393,0.45834334875546023,2.3301514169573374,-0.415919126568321
1500.0,0.12385858292570237,3.1730915832594064,0.614841187928171,2.48852625137152,-0.5613658241310441
1500.0,0.12461952764190079,3.3807917103928844,0.8094680776424394,2.6549106643707012,-0.7446566400111089
1500.0,0.125,3.489391069398323,0.9250441465346289,2.7421232141508565,-0.855002842747606
1560.0,0.0,0.0003309417795662739,0.0005336907122925894,-0.00025638108378831827,0.00013802074703565565
1560.0,0.0005231494912409765,0.00033094169168634835,0.0005336907122925894,-0.00025638101625219097,0.00013802074703588962
1560.0,0.0015694484714494639,0.0003309411647478555,0.0005336907122925894,-0.0002563806111664322,0.00013802074703590529
1560.0,0.0026157474465723883,0.00033094007591216723,0.0005336907122925894,-0.00025637977418167574,0.00013802074703588962
1560.0,0.0036620464155861904,0.0003309383534428889,0.0005336907122925894,-0.0002563784501276059,0.00013802074703590529
1560.0,0.004708345377475357,0.0003309358844489907,0.0005336907122925894,-0.00025637655223196073,0.00013802074703590529
1560.0,0.005754644331009957,0.00033093250857518797,0.0005336907122925894,-0.00025637395716093716,0.00013802074703588962
1560.0,0.00680094327457751,0.00033092800850909043,0.0005336907122925894,-0.0002563704979201925,0.00013802074703590529
1560.0,0.007847242206097388,0.0003309220979872407,0.0005336907122925894,-0.0002563659544796151,0.00013802074703588962
1560.0,0.008893541122936801,0.0003309144057084268,0.0005336907122925894,-0.00025636004138619186,0.00013802074703590529
1560.0,0.009939840021803058,0.0003309044549268947,0.0005336907122925894,-0.0002563523921135712,0.00013802074703590529
1560.0,0.010986138898604688,0.00033089163730437576,0.0005336907122925894,-0.00025634253915827283,0.00013802074703588962
1560.0,0.012032437748284802,0.00033087518085039846,0.0005336907122925894,-0.00025632988896621126,0.00013802074703588962
1560.0,0.013078736564625394,0.0003308541090518702,0.0005336907122925894,-0.0002563136908683091,0.00013802074703588962
1560.0,0.014125035340008817,0.0003308271901687476,0.0005336907122925894,-0.0002562929981053206,0.00013802074703588962
1560.0,0.015171334065114943,0.0003307928751610234,0.0005336907122925894,-0.0002562666198505893,0.00013802074703588962
1560.0,0.01621763272858375,0.00033074921987008565,0.0005336907122925894,-0.0002562330615802616,0.00013802074703588962
1560.0,0.017263931316600097,0.0003306937898059914,0.0005336907122925894,-0.00025619045197442533,0.00013802074703588962
1560.0,0.018310229812372354,0.00033062354316371056,0.0005336907122925894,-0.00025613645256193537,0.00013802074703590529
1560.0,0.019356528195540252,0.00033053468609978154,0.0005336907122925894,-0.0002560681471625406,0.00013802074703590529
1560.0,0.020402826441478825,0.00033042249754089426,0.0005336907122925894,-0.00025598190648179237,0.00013802074703588962
1560.0,0.021449124520446446,0.0003302811134062722,0.0005336907122925894,-0.0002558732227421395,0.00013802074703590529
1560.0,0.02249542239654262,0.0003301032643889812,0.0005336907122925894,-0.0002557365078556886,0.00013802074703590529
1560.0,0.023541720026574783,0.000329879957121193,0.0005336907122925894,-0.0002555648484601724,0.00013802074703590529
1560.0,0.024588017358664248,0.0003296000870136595,0.0005336907122925894,-0.000255349708200617,0.00013802074703588962
1560.0,0.025634314330521622,0.0003292499691269768,0.0005336907122925894,-0.00025508056731107673,0.00013802074703588962
1560.0,0.026680610867531526,0.0003288127724090373,0.0005336907122925894,-0.0002547444872124435,0.00013802074703590529
1560.0,0.027726906880536258,0.0003282678358687008,0.0005336907122925894,-0.0002543255852504425,0.00013802074703588962
1560.0,0.028773202263123444,0.0003275898468473315,0.0005336907122925894,-0.0002538044029998161,0.00013802074703588962
1560.0,0.029819496888343826,0.0003267478540465163,0.0005336907122925894,-0.0002531571475042613,0.00013802074703590529
1560.0,0.030865790605256217,0.00032570408558285635,0.0005336907122925894,-0.00025235478232082454,0.00013802074703588962
1560.0,0.03191208323471192,0.0003244125352921401,0.0005336907122925894,-0.00025136194096417726,0.00013802074703588962
1560.0,0.03295837456413289,0.00032281727584404507,0.0005336907122925894,-0.00025013563048004595,0.00013802074703590529
1560.0,0.03400466434171516,0.0003208504522262956,0.0005336907122925894,-0.00024862368832984083,0.00013802074703588962
1560.0,0.03505095226985211,0.0003184298967653376,0.0005336907122925894,-0.00024676294931854227,0.00013802074703590529
1560.0,0.03609723799744126,0.0003154563033831437,0.0005336907122925894,-0.0002444770729882845,0.00013802074703588962
1560.0,0.03714352111050014,0.00031180988457890635,0.0005336907122925894,-0.00024167397389685178,0.00013802074703588962
1560.0,0.03818980112251305,0.00030734642700736003,0.0005336907122925894,-0.00023824278892444037,0.00013802074703588962
1560.0,0.03923607746275605,0.00030189264532509696,0.0005336907122925894,-0.00023405030591827744,0.00013802074703588962
1560.0,0.04028234946173375,0.00029524072397180134,0.0005336907122925894,-0.00022893676690714424,0.00013802074703588962
1560.0,0.04132861633570477,0.0002871419162602251,0.0005336907122925894,-0.00022271094744757524,0.00013802074703590529
1560.0,0.04237487716971418,0.00027729905553997014,0.0005336907122925894,-0.0002151443993523875,0.00013802074703588962
1560.0,0.04342113089694337,0.0002653578129638845,0.0005336907122925894,-0.00020596472946830712,0.00013802074703588962
1560.0,0.0444673762737487,0.00025089651387588674,0.0005336907122925894,-0.0001948477702817405,0.00013802074703588962
1560.0,0.045513611855182684,0.00023341430028267496,0.0005336907122925894,-0.00018140847939045513,0.00013802074703590529
1560.0,0.046559835965433324,0.0002123174037933495,0.0005336907122925894,-0.0001651903851250331,0.00013802074703590529
1560.0,0.04760604666142646,0.00018690325879333614,0.0005336907122925894,-0.00014565337269654448,0.00013802074703588962
1560.0,0.048652241694590856,0.0001563421607215787,0.0005336907122925894,-0.00012215958166316253,0.00013802074703588962
1560.0,0.049698418470146756,0.00011965613407483033,0.0005336907122925894,-9.395715854846867e-05,0.00013802074703588962
1560.0,0.050744573997060706,7.569464287371375e-05,0.0005336907122925894,-6.016158098388875e-05,0.00013802074703588962
1560.0,0.051790704828407724,2.3106733237909793e-05,0.0005336907122925894,-1.9734238309238382e-05,0.00013802074703588962
1560.0,0.052836807004765764,3.969084224308972e-05,0.0005336907122925894,2.854207820769166e-05,0.00013802074703588962
1560.0,0.05388287598694727,0.00011455001560989331,0.0005336907122925894,8.609115757523853e-05,0.00013802074703590529
1560.0,0.05492890657290356,0.00020363285182156687,0.0005336907122925894,0.00015457524095867974,0.00013802074703590529
1560.0,0.055974892808294846,0.0003094586477345729,0.0005336907122925894,0.00023593123961275302,0.00013802074703588962
1560.0,0.05702082789713402,0.0004349573254671668,0.0005336907122925894,0.00033241179516371673,0.00013802074703590529
1560.0,0.0580667040925781,0.0005835298168221925,0.0005336907122925894,0.00044663171761829374,0.00013802074703588962
1560.0,0.05911251256974148,0.0007591161880782238,0.0005336907122925894,0.000581620377456473,0.00013802074703588962
1560.0,0.06015824330378468,0.0009662723089149949,0.0005336907122925894,0.0007408806734500443,0.00013802074703590529
1560.0,0.06120388493425225,0.0012102559252298306,0.0005336907122925894,0.0009284552358981126,0.00013802074703588962
1560.0,0.062249424597174495,0.0014971230381775058,0.0005336907122925894,0.0011490005611894318,0.00013802074703588962
1560.0,0.06329484773129956,0.0018338355390596917,0.0005336907122925894,0.0014078698125737112,0.00013802074703588962
1560.0,0.06434013790451507,0.002228381118584366,0.0005336907122925894,0.0017112050684160406,0.00013802074703590529
1560.0,0.06538527661709606,0.002689906478053672,0.0005336907122925894,0.0020660398158906567,0.00013802074703590529
1560.0,0.06643024305309167,0.0032288648969824862,0.0005336907122925894,0.0024804125013046735,0.00013802074703588962
1560.0,0.06747501381324514,0.0038571792441643993,0.0005336907122925894,0.002963491981599799,0.00013802074703588962
1560.0,0.06851956266272122,0.0045884215502383086,0.0005336907122925894,0.0035257157387409764,0.00013802074703588962
1560.0,0.06956386026088461,0.005438010220871092,0.0005336907122925894,0.004178941699606186,0.00013802074703588962
1560.0,0.07060787382080315,0.006423425904301894,0.0005336907122925894,0.004936614446819313,0.00013802074703588962
1560.0,0.0716515667581494,0.007564447041772837,0.0005336907122925894,0.005813946624859243,0.00013802074703588962
1560.0,0.07269489830361563,0.00888340600488391,0.0005336907122925894,0.006828116252409961,0.00013802074703590529
1560.0,0.07373782316290495,0.01040546673038989,0.0005336907122925894,0.007998480657825805,0.00013802074703588962
1560.0,0.07478029111431495,0.01215892446396083,0.0005336907122925894,0.009346807532171746,0.00013802074703588962
1560.0,0.07582224651288785,0.014175527950783362,0.0005336907122925894,0.010897523385038252,0.00013802074703590529
1560.0,0.07686362783398165,0.016490824523827996,0.0005336907122925894,0.012677979785752028,0.00013802074703588962
1560.0,0.07790436719314517,0.01914452797507238,0.0005336907122925894,0.014718737341261378,0.00013802074703588962
1560.0,0.07894438984094701,0.02218090881763146,0.0005336907122925894,0.017053867160399347,0.00013802074703590529
1560.0,0.07998361362457158,0.02564920608756438,0.0005336907122925894,0.01972126920903208,0.00013802074703588962
1560.0,0.08102194840032294,0.0296040592825193,0.0005336907122925894,0.02276300655360678,0.00013802074703588962
1560.0,0.08205929548549097,0.034105958806662784,0.0005336907122925894,0.026225654326309262,0.00013802074703590529
1560.0,0.08309554716203224,0.03922171269772434,0.0005336907122925894,0.030160661811839785,0.00013802074703588962
1560.0,0.08413058610602109,0.045024925953669026,0.0005336907122925894,0.03462472495437105,0.00013802074703588962
1560.0,0.08516428481011179,0.0515964885847211,0.0005336907122925894,0.03968016646410409,0.00013802074703590529
1560.0,0.08619650506439627,0.05902506798588547,0.0005336907122925894,0.04539532032645608,0.00013802074703588962
1560.0,0.08722709745954318,0.06740759985200384,0.0005336907122925894,0.05184491649951207,0.00013802074703590529
1560.0,0.08825590074562395,0.07684976946410416,0.0005336907122925894,0.0591104597885009,0.00013802074703590529
1560.0,0.08928274153945595,0.08746647923464934,0.0005336907122925894,0.06728060005836696,0.0001380207470358839
1560.0,0.09030743429035756,0.09938229596787096,0.0005336907122925894,0.07645148913642437,0.00013802074703577076
1560.0,0.09132978029650739,0.11273185425511656,0.0005336907122923673,0.08672710670503188,0.00013802074703513385
1560.0,0.0923495681702389,0.12766022948414957,0.0005336907122912571,0.09821956607225595,0.00013802074703180868
1560.0,0.09336657378513252,0.1443232560748129,0.0005336907122850398,0.11104938164203486,0.00013802074701561745
1560.0,0.0943805595662751,0.16288776292452667,0.0005336907122583945,0.12534567715733966,0.00013802074693898992
1560.0,0.0953912756933589,0.18353176218619183,0.0005336907121389345,0.14124636324138815,0.00013802074658937665
1560.0,0.09639846026831739,0.2064445342300587,0.00053369071158893,0.1588982409935412,0.00013802074504019405
1560.0,0.09740183955800345,0.23182660424100732,0.0005336907091406662,0.17845702888916587,0.00013802073841628654
1560.0,0.09840112856690197,0.2598896052207351,0.0005336906986526113,0.20008730969939453,0.00013802071108032847
1560.0,0.09939603264570279,0.29085603247756353,0.0005336906553443654,0.22396240201594145,0.00013802060232207555
1560.0,0.10038624851439969,0.32495884418767673,0.0005336904831505507,0.2502641219338833,0.0001380201855717076
1560.0,0.10137146514031278,0.3624408805310395,0.0005336898246468547,0.27918241393463156,0.00013801864908199806
1560.0,0.10235136516852997,0.40355411728631907,0.0005336874051402596,0.310914863174076,0.0001380132043127985
1560.0,0.10332562634832987,0.4485587047469153,0.0005336788730061492,0.34566605072188356,0.00013799467807230835
1560.0,0.10429392395625564,0.4977218279636304,0.0005336500264809807,0.38364677847858014,0.00013793421037958648
1560.0,0.10525593175448669,0.5513162490656214,0.0005335566176960516,0.42507305449262245,0.0001377450759289299
1560.0,0.10621132333208266,0.6096185650852135,0.0005332672114126691,0.47016486189941054,0.00013717866974278866
1560.0,0.1071597731638037,0.6729071314333055,0.0005324100929171571,0.5191446699470817,0.00013555605546631516
1560.0,0.10810095779176977,0.7414596316718871,0.0005299857369214234,0.5722356688234572,0.00013111304306100772
1560.0,0.10903455688746658,0.8155502866792403,0.0005234421853070881,0.6296597204305777,0.00011949346161411423
1560.0,0.1099602474607406,0.8954461095515285,0.0005066014070529423,0.6916345637660104,9.048915124825945e-05
1560.0,0.11087769214552082,0.9814019582310607,0.0004661340297649197,0.7583700819829107,2.1428024695415342e-05
1560.0,0.11178649938229036,1.0736518694863548,0.0004134246242553097,0.8300616787484771,-0.00013534251312548432
1560.0,0.11268612433286049,1.172391452610782,0.0008091148769171497,0.906876693675341,-0.0004744160100805682
1560.0,0.11357566155031681,1.277741701911964,0.0016209567950697945,0.98892630953335,-0.0011725796646259517
1560.0,0.11445345181243931,1.3896764181322396,0.003203987602494962,1.076208943710177,-0.002539142264195994
1560.0,0.11531648055089319,1.5078961191085796,0.0061315720389441,1.168511463041022,-0.005075502405652533
1560.0,0.11615971333464245,1.6316534726790337,0.01123979079621451,1.265271623885133,-0.009521385485994181
1560.0,0.11697592061638235,1.7596124787169174,0.01960782686287077,1.3654654637641455,-0.016843711461040117
1560.0,0.11776318273753608,1.8909834586375496,0.03253332444091628,1.4684936857183342,-0.02821976674133606
1560.0,0.1185312860297518,2.026999970081988,0.051769574057099366,1.5753466460224999,-0.04524896032469313
1560.0,0.11929291462851194,2.1698744633014257,0.07979289151040136,1.6877975032286119,-0.07019948018565607
1560.0,0.12005385934471033,2.320964755656348,0.11968063046945732,1.8069650643708426,-0.1059146677464892
1560.0,0.12081480406090875,2.480786860560954,0.1748840363176365,1.9333200184862476,-0.155624506208358
1560.0,0.12157574877710715,2.6497627441087843,0.2492017812435563,2.0672738863472584,-0.22294142286442242
1560.0,0.12233669349330556,2.8283562107205285,0.3466965343577546,2.2092888381344804,-0.31182054968176015
1560.0,0.12309763820950397,3.0170801840982904,0.47163063094658897,2.359886506414953,-0.4265701768737983
1560.0,0.12385858292570237,3.2165029804930327,0.6285718012091521,2.5196561563171227,-0.5721007421818214
1560.0,0.12461952764190079,3.4272528881011226,0.8229651800745907,2.6892616145753947,-0.7548600134612682
1560.0,0.125,3.5386366778679985,0.938030256198551,2.779354039247402,-0.8645883240385375
1620.0,0.0,0.00031524218820777605,0.0005064688211791069,-0.00024359567057757428,0.0001355872960492194
1620.0,0.0005231494912409765,0.0003152420374021858,0.0005064688211793289,-0.00024359555468030688,0.00013558729604940708
1620.0,0.0015694484714494639,0.0003152411329665483,0.0005064688211793289,-0.00024359485953055995,0.00013558729604940708
1620.0,0.0026157474465723883,0.0003152392686160965,0.0005064688211793289,-0.0002435934264248027,0.00013558729604939146
1620.0,0.0036620464155861904,0.000315236329754498,0.0005064688211793289,-0.00024359116737769849,0.00013558729604940708
1620.0,0.004708345377475357,0.0003152321371544531,0.0005064688211793289,-0.0002435879444792091,0.00013558729604940708
1620.0,0.005754644331009957,0.0003152264368964097,0.0005064688211793289,-0.00024358356268508588,0.00013558729604940708
1620.0,0.00680094327457751,0.0003152188871808903,0.0005064688211793289,-0.00024357775919679923,0.00013558729604940708
1620.0,0.007847242206097388,0.0003152090404228147,0.0005064688211793289,-0.00024357018998664225,0.00013558729604940708
1620.0,0.008893541122936801,0.0003151963198320118,0.0005064688211793289,-0.0002435604116898559,0.00013558729604940708
1620.0,0.009939840021803058,0.000315179990195702,0.0005064688211793289,-0.00024354785906564682,0.00013558729604940708
1620.0,0.010986138898604688,0.0003151591204186843,0.0005064688211793289,-0.00024353181651562476,0.00013558729604940708
1620.0,0.012032437748284802,0.000315132537991758,0.0005064688211793289,-0.0002435113824842239,0.00013558729604940708
1620.0,0.013078736564625394,0.0003150987706703745,0.0005064688211793289,-0.00024348542552743018,0.00013558729604940708
1620.0,0.014125035340008817,0.00031505597701197985,0.0005064688211793289,-0.00024345252992827516,0.00013558729604940708
1620.0,0.015171334065114943,0.0003150018583255587,0.0005064688211793289,-0.00024341092877497335,0.00013558729604940708
1620.0,0.01621763272858375,0.000314933552886032,0.0005064688211793289,-0.00024335842213916355,0.00013558729604940708
1620.0,0.017263931316600097,0.0003148475046259591,0.0005064688211793289,-0.00024329227664758384,0.00013558729604940708
1620.0,0.018310229812372354,0.00031473930494030355,0.0005064688211793289,-0.0002432091031471707,0.00013558729604940708
1620.0,0.019356528195540252,0.00031460349811140986,0.0005064688211793289,-0.0002431047077930505,0.00013558729604940708
1620.0,0.020402826441478825,0.00031443334580671944,0.0005064688211793289,-0.00024297391092881985,0.00013558729604940708
1620.0,0.021449124520446446,0.0003142205422363986,0.0005064688211793289,-0.00024281032771858473,0.00013558729604940708
1620.0,0.02249542239654262,0.00031395486831797825,0.0005064688211793289,-0.000242606102678601,0.00013558729604940708
1620.0,0.023541720026574783,0.0003136237751846238,0.0005064688211793289,-0.00024235158934936762,0.00013558729604940708
1620.0,0.024588017358664248,0.0003132118818029994,0.0005064688211793289,-0.00024203496414391254,0.00013558729604940708
1620.0,0.025634314330521622,0.00031270037158037667,0.0005064688211793289,-0.00024164176243133875,0.00013558729604940708
1620.0,0.026680610867531526,0.000312066267724731,0.0005064688211793289,-0.00024115432172347473,0.00013558729604940708
1620.0,0.027726906880536258,0.00031128156695103826,0.0005064688211793289,-0.00024055111530954588,0.00013558729604940708
1620.0,0.028773202263123444,0.00031031220265731463,0.0005064688211793289,-0.0002398059558481517,0.00013558729604940708
1620.0,0.029819496888343826,0.00030911681085399323,0.0005064688211793289,-0.00023888704597869423,0.00013558729604940708
1620.0,0.030865790605256217,0.0003076452603067992,0.0005064688211793289,-0.00023775584877146983,0.00013558729604940708
1620.0,0.03191208323471192,0.00030583690750063397,0.0005064688211793289,-0.00023636574644342543,0.00013558729604940708
1620.0,0.03295837456413289,0.0003036185297560223,0.0005064688211793289,-0.0002346604511258388,0.00013558729604940708
1620.0,0.03400466434171516,0.00030090188073472746,0.0005064688211793289,-0.00023257212557599465,0.00013558729604940708
1620.0,0.03505095226985211,0.00029758080518149654,0.0005064688211793289,-0.00023001916579107838,0.00013558729604940708
1620.0,0.03609723799744126,0.0002935278431550614,0.0005064688211793289,-0.000226903589625098,0.00013558729604940708
1620.0,0.03714352111050014,0.0002885902376874583,0.0005064688211793289,-0.00022310796846938417,0.00013558729604940708
1620.0,0.03818980112251305,0.0002825852548085095,0.0005064688211793289,-0.00021849182885367807,0.00013558729604940708
1620.0,0.03923607746275605,0.00027529470565923475,0.0005064688211793289,-0.0002128874416923658,0.00013558729604940708
1620.0,0.04028234946173375,0.0002664585503566741,0.0005064688211793289,-0.00020609490486986145,0.00013558729604940708
1620.0,0.04132861633570477,0.0002557674440595292,0.0005064688211793289,-0.00019787641299397657,0.00013558729604939146
1620.0,0.04237487716971418,0.00024285406891522143,0.0005064688211793289,-0.00018794959353073733,0.00013558729604940708
1620.0,0.04342113089694337,0.00022728307556008076,0.0005064688211793289,-0.00017597977388150593,0.00013558729604940708
1620.0,0.0444673762737487,0.0002085394352207004,0.0005064688211793289,-0.0001615710265915306,0.00013558729604940708
1620.0,0.045513611855182684,0.0001860149802723754,0.0005064688211793289,-0.00014425582170150554,0.00013558729604940708
1620.0,0.046559835965433324,0.0001589928842804511,0.0005064688211793289,-0.00012348309485333135,0.00013558729604940708
1620.0,0.04760604666142646,0.00012662980469713148,0.0005064688211793289,-9.860451820790503e-05,0.00013558729604940708
1620.0,0.048652241694590856,8.793538000873014e-05,0.0005064688211793289,-6.885873704245524e-05,0.00013558729604939146
1620.0,0.049698418470146756,4.17487401591643e-05,0.0005064688211793289,-3.3353309906660356e-05,0.00013558729604940708
1620.0,0.050744573997060706,1.3288347076922946e-05,0.0005064688211793289,8.955937684813666e-06,0.00013558729604940708
1620.0,0.051790704828407724,7.876210611357237e-05,0.0005064688211793289,5.928846451072939e-05,0.00013558729604940708
1620.0,0.052836807004765764,0.00015652161800971953,0.0005064688211795509,0.00011906582009255399,0.00013558729604941583
1620.0,0.05388287598694727,0.0002487184140136378,0.0005064688211793289,0.00018994208876372593,0.00013558729604940708
1620.0,0.05492890657290356,0.00035785133900390065,0.0005064688211793289,0.0002738383868690934,0.00013558729604940708
1620.0,0.055974892808294846,0.00048681727355415205,0.0005064688211793289,0.0003729818650439788,0.00013558729604940708
1620.0,0.05702082789713402,0.0006389683470047203,0.0005064688211793289,0.0004899497050262243,0.00013558729604940708
1620.0,0.0580667040925781,0.0008181763254810903,0.0005064688211793289,0.0006277186341003144,0.00013558729604940708
1620.0,0.05911251256974148,0.0010289049010907547,0.0005064688211793289,0.0007897205191950742,0.00013558729604940708
1620.0,0.06015824330378468,0.0012762906661691886,0.0005064688211793289,0.0009799046428507418,0.00013558729604940708
1620.0,0.06120388493425225,0.0015662335957813411,0.0005064688211793289,0.0012028072962813514,0.00013558729604940708
1620.0,0.062249424597174495,0.0019054979036923214,0.0005064688211793289,0.0014636293550974655,0.00013558729604940708
1620.0,0.06329484773129956,0.0023018241764702907,0.0005064688211793289,0.001768322537380062,0.00013558729604940708
1620.0,0.06434013790451507,0.0027640537492743533,0.0005064688211793289,0.0021236850855071384,0.00013558729604940708
1620.0,0.06538527661709606,0.003302266292735112,0.0005064688211793289,0.002537467622165444,0.00013558729604939146
1620.0,0.06643024305309167,0.0039279315884073185,0.0005064688211793289,0.0030184899346622045,0.00013558729604940708
1620.0,0.06747501381324514,0.004654076505175908,0.0005064688211793289,0.0035767694728494888,0.00013558729604940708
1620.0,0.06851956266272122,0.00549546820627711,0.0005064688211793289,0.004223662356604776,0.00013558729604940708
1620.0,0.06956386026088461,0.006468814571690018,0.0005064688211793289,0.004972017659672093,0.00013558729604940708
1620.0,0.07060787382080315,0.007592982732489872,0.0005064688211793289,0.005836345668099536,0.00013558729604940708
1620.0,0.0716515667581494,0.008889236634558983,0.0005064688211793289,0.006833000830384129,0.00013558729604940708
1620.0,0.07269489830361563,0.010381494407511127,0.0005064688211793289,0.007980380011607226,0.00013558729604939146
1620.0,0.07373782316290495,0.012096606325542325,0.0005064688211793289,0.0092991366731066,0.00013558729604940708
1620.0,0.07478029111431495,0.014064653817854378,0.0005064688211793289,0.010812411353738638,0.00013558729604940708
1620.0,0.07582224651288785,0.016319269700147743,0.0005064688211793289,0.012546078609544835,0.00013558729604940708
1620.0,0.07686362783398165,0.018897979947723798,0.0005064688211793289,0.014529010693957133,0.00013558729604940708
1620.0,0.07790436719314517,0.021842566726604673,0.0005064688211793289,0.01679335780011814,0.00013558729604939146
1620.0,0.07894438984094701,0.025199452134529565,0.0005064688211793289,0.019374844493423995,0.00013558729604940708
1620.0,0.07998361362457158,0.029020101640924167,0.0005064688211793289,0.022313081618765083,0.00013558729604940708
1620.0,0.08102194840032294,0.033361445676007406,0.0005064688211793289,0.025651892563964145,0.00013558729604940708
1620.0,0.08205929548549097,0.03828631763599333,0.0005064688211793289,0.029439652635652708,0.00013558729604940708
1620.0,0.08309554716203224,0.04386390599779588,0.0005064688211795509,0.03372963988222155,0.00013558729604941583
1620.0,0.08413058610602109,0.0501702167286453,0.0005064688211793289,0.03858039455974619,0.00013558729604940708
1620.0,0.08516428481011179,0.057288542070750736,0.0005064688211793289,0.04405608437962149,0.00013558729604940708
1620.0,0.08619650506439627,0.0653099312750669,0.0005064688211793289,0.05022687231826406,0.00013558729604940708
1620.0,0.08722709745954318,0.07433365743202103,0.0005064688211793289,0.05716928270118904,0.00013558729604939146
1620.0,0.08825590074562395,0.08446767199785654,0.0005064688211793289,0.06496655934903019,0.0001355872960493981
1620.0,0.08928274153945595,0.09582904296371453,0.0005064688211793289,0.07370901295512718,0.00013558729604935474
1620.0,0.09030743429035756,0.10854436979235516,0.0005064688211791069,0.08349435272999871,0.0001355872960490213
1620.0,0.09132978029650739,0.12275014988728117,0.0005064688211788848,0.09442798325809695,0.00013558729604755778
1620.0,0.0923495681702389,0.13859311069006708,0.0005064688211771085,0.10662327780357858,0.0001355872960401038
1620.0,0.09336657378513252,0.156230480225247,0.0005064688211653401,0.12020180757607823,0.0001355872960034098
1620.0,0.0943805595662751,0.17583016510326388,0.0005064688211091628,0.13529350352449532,0.00013558729583821902
1620.0,0.0953912756933589,0.19757087175366905,0.0005064688208606949,0.1520367786360794,0.00013558729510906138
1620.0,0.09639846026831739,0.2216421071520358,0.0005064688197538025,0.17057856209378736,0.00013558729199049052
1620.0,0.09740183955800345,0.24824405067482758,0.0005064688150016039,0.1910742392200263,0.00013558727910553784
1620.0,0.09840112856690197,0.2775872872539935,0.000506468795318904,0.21368748997843529,0.00013558722772458013
1620.0,0.09939603264570279,0.30989240298850973,0.0005064687167304349,0.23859002723112716,0.00013558703010983956
1620.0,0.10038624851439969,0.3453893923707483,0.0005064684144764353,0.26596119590227435,0.00013558629780895367
1620.0,0.10137146514031278,0.38431684865065563,0.0005064672959502747,0.29598741141101487,0.0001355836857573979
1620.0,0.10235136516852997,0.426920958176197,0.0005064633172826571,0.328861453989691,0.00013557472648163322
1620.0,0.10332562634832987,0.4734542598054077,0.0005064497279441138,0.364781589739095,0.00013554520464175422
1620.0,0.10429392395625564,0.5241742287655597,0.0005064052042220712,0.4039505657394253,0.0001354518394913182
1620.0,0.10525593175448669,0.5793415767877264,0.000506265409023765,0.44657439801656684,0.00013516869874629698
1620.0,0.10621132333208266,0.6392183551145081,0.0005058451744213155,0.49286102243857244,0.0001343460412963305
1620.0,0.1071597731638037,0.7040658753649041,0.0005046367992702638,0.5430188245771382,0.00013205791484896206
1620.0,0.10810095779176977,0.7741425064386362,0.0005013158779998417,0.5972550987545358,0.00012597016250365473
1620.0,0.10903455688746658,0.8497014180815654,0.0004925996416291767,0.6557744966241549,0.00011048721816870374
1620.0,0.1099602474607406,0.9309877284709387,0.00047076671638213163,0.7187770492576961,7.286824085701481e-05
1620.0,0.11087769214552082,1.0182348324644863,0.00041962884040946946,0.786455588277871,-1.4406185102167562e-05
1620.0,0.11178649938229036,1.111657316303308,0.0004922865514869201,0.8589905430350383,-0.0002076407515560246
1620.0,0.11268612433286049,1.2114350687894557,0.0009712332782663147,0.9365378885219834,-0.0006157449977791991
1620.0,0.11357566155031681,1.3176786669426406,0.0019311923958986732,1.0192024344250574,-0.0014372590396893041
1620.0,0.11445345181243931,1.430357835250561,0.0037640268339149685,1.1069820754030812,-0.0030113462381926148
1620.0,0.11531648055089319,1.5491754418168853,0.007085107141378444,1.1996689116381132,-0.005875237637692825
1620.0,0.11615971333464245,1.6733916618032936,0.012771425381465917,1.2967101890591775,-0.01080365732938697
1620.0,0.11697592061638235,1.8016803509379997,0.02192777910281718,1.3970925388040312,-0.018785830382756573
1620.0,0.11776318273753608,1.9332617066331181,0.035857250781135885,1.500224794813725,-0.031002792428035816
1620.0,0.1185312860297518,2.0693698178413342,0.05631088166626386,1.607094595405829,-0.04904923902888556
1620.0,0.11929291462851194,2.2121937782952728,0.08575233958861617,1.7194500002275723,-0.07517724979390776
1620.0,0.12005385934471033,2.3630337888100144,0.12720986423412972,1.8383527547283667,-0.1121804730926019
1620.0,0.12081480406090875,2.5223059365619633,0.1840393105336049,1.9641754387484127,-0.16319728445517367
1620.0,0.12157574877710715,2.690277396960653,0.2599071067691461,2.0971775163557687,-0.2317154705413373
1620.0,0.12233669349330556,2.867187949335289,0.35871981933370156,2.2376008441733126,-0.32154509770061185
1620.0,0.12309763820950397,3.0532435255689165,0.48457832235439335,2.3856646034974256,-0.4368480179938112
1620.0,0.12385858292570237,3.2486106128111487,0.6419067956565503,2.5415610817514316,-0.5824133574468097
1620.0,0.12461952764190079,3.453412083348553,0.8360504800618203,2.705452843134983,-0.7646331699725792
1620.0,0.125,3.560568512473992,0.9506184142152383,2.7914623003143992,-0.8737619581184106
1680.0,0.0,0.00030004411013351273,0.0004819356660030749,-0.00023145759395475543,0.00013327854326329158
1680.0,0.0005231494912409765,0.00030004386161408547,0.00048193566600329696,-0.00023145740290800236,0.00013327854326343323
1680.0,0.0015694484714494639,0.00030004237066805217,0.00048193566600329696,-0.00023145625683302368,0.00013327854326343323
1680.0,0.0026157474465723883,0.00030003930311295335,0.00048193566600329696,-0.00023145389877098925,0.00013327854326340808
1680.0,0.0036620464155861904,0.0003000344829615642,0.00048193566600329696,-0.0002314501935797943,0.00013327854326343323
1680.0,0.004708345377475357,0.00030002763566017165,0.00048193566600329696,-0.0002314449300981293,0.00013327854326343323
1680.0,0.005754644331009957,0.0003000183739914064,0.00048193566600329696,-0.00023143781067732808,0.00013327854326343323
1680.0,0.00680094327457751,0.0003000061790885411,0.00048193566600329696,-0.0002314284365291373,0.00013327854326343323
1680.0,0.007847242206097388,0.00029999037525385575,0.00048193566600329696,-0.0002314162881963141,0.00013327854326343323
1680.0,0.008893541122936801,0.00029997009727367185,0.00048193566600329696,-0.00023140070061215573,0.00013327854326343323
1680.0,0.009939840021803058,0.0002999442492637172,0.00048193566600329696,-0.00023138083128090853,0.00013327854326343323
1680.0,0.010986138898604688,0.0002999114529416147,0.00048193566600329696,-0.00023135562086107797,0.00013327854326343323
1680.0,0.012032437748284802,0.0002998699843601571,0.00048193566600329696,-0.00023132374416506713,0.00013327854326341572
1680.0,0.013078736564625394,0.0002998176956907628,0.00048193566600329696,-0.0002312835499797801,0.00013327854326343323
1680.0,0.014125035340008817,0.00029975191824860303,0.00048193566600329696,-0.0002312329870319526,0.00013327854326340808
1680.0,0.015171334065114943,0.0002996693459635935,0.00048193566600329696,-0.0002311695139498299,0.00013327854326343323
1680.0,0.01621763272858375,0.0002995658920212918,0.00048193566600329696,-0.00023108998920133556,0.00013327854326343323
1680.0,0.017263931316600097,0.00029943651566100016,0.00048193566600329696,-0.00023099053788548147,0.00013327854326343323
1680.0,0.018310229812372354,0.0002992750114572118,0.00048193566600329696,-0.00023086638986435386,0.00013327854326343323
1680.0,0.019356528195540252,0.00029907375540005887,0.00048193566600329696,-0.0002307116845149197,0.00013327854326343323
1680.0,0.020402826441478825,0.00029882339788400714,0.00048193566600329696,-0.00023051923487446118,0.00013327854326343323
1680.0,0.021449124520446446,0.00029851249496459786,0.00048193566600329696,-0.00023028024394621923,0.00013327854326343323
1680.0,0.02249542239654262,0.0002981270649229373,0.00048193566600329696,-0.00022998396380273178,0.00013327854326343323
1680.0,0.023541720026574783,0.00029765005626813945,0.00048193566600329696,-0.00022961728690763065,0.00013327854326343323
1680.0,0.024588017358664248,0.0002970607118299995,0.00048193566600329696,-0.0002291642572039748,0.00013327854326343323
1680.0,0.025634314330521622,0.00029633380961513467,0.00048193566600329696,-0.0002286054862707183,0.00013327854326343323
1680.0,0.026680610867531526,0.0002954387573481654,0.00048193566600329696,-0.00022791745768468703,0.00013327854326343323
1680.0,0.027726906880536258,0.00029433851653948295,0.00048193566600329696,-0.00022707169958962356,0.00013327854326343323
1680.0,0.028773202263123444,0.0002929883247588805,0.00048193566600329696,-0.0002260338026163418,0.00013327854326343323
1680.0,0.029819496888343826,0.00029133418217952567,0.00048193566600329696,-0.00022476225672654805,0.00013327854326343323
1680.0,0.030865790605256217,0.0002893110633976903,0.00048193566600329696,-0.00022320707586002554,0.00013327854326343323
1680.0,0.03191208323471192,0.00028684080587026983,0.00048193566600329696,-0.00022130817557129129,0.00013327854326343323
1680.0,0.03295837456413289,0.00028382962523210153,0.00048193566600329696,-0.00021899346247415374,0.00013327854326343323
1680.0,0.03400466434171516,0.0002801651945674166,0.00048193566600329696,-0.0002161765891334224,0.00013327854326343323
1680.0,0.03505095226985211,0.0002757132197075407,0.00048193566600329696,-0.0002127543212367594,0.00013327854326340808
1680.0,0.03609723799744126,0.00027031343006456154,0.00048193566600329696,-0.00020860345576468152,0.00013327854326343323
1680.0,0.03714352111050014,0.00026377489632523066,0.00048193566600329696,-0.00020357722151169888,0.00013327854326343323
1680.0,0.03818980112251305,0.0002558705721185106,0.00048193566600329696,-0.00019750108261823438,0.00013327854326340808
1680.0,0.03923607746275605,0.00024633094301407255,0.00048193566600329696,-0.0001901678568987116,0.00013327854326343323
1680.0,0.04028234946173375,0.00023483665427193046,0.00048193566600329696,-0.00018133204759590178,0.00013327854326343323
1680.0,0.04132861633570477,0.00022100996676499562,0.00048193566600329696,-0.00017070327594248644,0.00013327854326343323
1680.0,0.04237487716971418,0.00020440487946871144,0.00048193566600329696,-0.00015793868661259002,0.00013327854326343323
1680.0,0.04342113089694337,0.0001844957286607496,0.00048193566600329696,-0.00014263418388043035,0.00013327854326343323
1680.0,0.0444673762737487,0.00016066405959236363,0.00048193566600329696,-0.00012431433857912035,0.00013327854326343323
1680.0,0.045513611855182684,0.0001321835386534076,0.00048193566600329696,-0.00010242078835683234,0.00013327854326343323
1680.0,0.046559835965433324,9.820264710924675e-05,0.00048193566600329696,-7.629893345603775e-05,0.00013327854326343323
1680.0,0.04760604666142646,5.772487554622785e-05,0.00048193566600329696,-4.5182709277045586e-05,0.00013327854326343323
1680.0,0.048652241694590856,9.586100361502758e-06,0.00048193566600329696,-8.177193504672814e-06,0.00013327854326343323
1680.0,0.049698418470146756,4.7571201548635145e-05,0.00048193566600329696,3.576121876456909e-05,0.00013327854326343323
1680.0,0.050744573997060706,0.00011532728240126744,0.00048193566600329696,8.784736440556243e-05,0.00013327854326343323
1680.0,0.051790704828407724,0.00019551841194243025,0.00048193566600329696,0.00014949290663688914,0.00013327854326343323
1680.0,0.052836807004765764,0.0002902745814026275,0.00048193566600329696,0.00022233532471320724,0.00013327854326343323
1680.0,0.05388287598694727,0.0004020621166773708,0.00048193566600329696,0.0003082706785917082,0.00013327854326343323
1680.0,0.05492890657290356,0.0005337317348903525,0.00048193566600329696,0.00040949056009969984,0.00013327854326343323
1680.0,0.055974892808294846,0.0006885726214704846,0.00048193566600329696,0.0005285236754836708,0.00013327854326343323
1680.0,0.05702082789713402,0.0008703731529635661,0.00048193566600329696,0.0006682825383130705,0.00013327854326343323
1680.0,0.0580667040925781,0.00108348892547383,0.00048193566600329696,0.0008321157828866843,0.00013327854326343323
1680.0,0.05911251256974148,0.0013329187956401256,0.00048193566600329696,0.001023866642241294,0.00013327854326343323
1680.0,0.06015824330378468,0.0016243896916989797,0.00048193566600329696,0.0012479381725996948,0.00013327854326343323
1680.0,0.06120388493425225,0.0019644509822001055,0.00048193566600329696,0.001509365833468302,0.00013327854326343323
1680.0,0.062249424597174495,0.0023605792279113302,0.00048193566600329696,0.001813898058218341,0.00013327854326343323
1680.0,0.06329484773129956,0.0028212941766128097,0.00048193566600329696,0.0021680854783777885,0.00013327854326343323
1680.0,0.06434013790451507,0.0033562869106162907,0.00048193566600329696,0.0025793795048710895,0.00013327854326343323
1680.0,0.06538527661709606,0.003976561057982053,0.00048193566600329696,0.0030562409684753975,0.00013327854326343323
1680.0,0.06643024305309167,0.004694587971243891,0.00048193566600329696,0.0036082595195126408,0.00013327854326343323
1680.0,0.06747501381324514,0.005524476813320689,0.00048193566600329696,0.004246284513845843,0.00013327854326343323
1680.0,0.06851956266272122,0.0064821604966027735,0.00048193566600329696,0.00498256811932739,0.00013327854326343323
1680.0,0.06956386026088461,0.007585598370781099,0.00048193566600329696,0.005830921338088915,0.00013327854326343323
1680.0,0.07060787382080315,0.008854996445222696,0.00048193566600329696,0.006806883559323831,0.00013327854326343323
1680.0,0.0716515667581494,0.01031304596068594,0.00048193566600329696,0.007927906281059187,0.00013327854326343323
1680.0,0.07269489830361563,0.011985180969190878,0.00048193566600329696,0.009213551520683367,0.00013327854326340808
1680.0,0.07373782316290495,0.01389985559728757,0.00048193566600329696,0.010685705453029678,0.00013327854326340808
1680.0,0.07478029111431495,0.01608884131320565,0.00048193566600329696,0.01236880754354173,0.00013327854326343323
1680.0,0.07582224651288785,0.018587544218235053,0.00048193566600329696,0.014290095218748468,0.00013327854326343323
1680.0,0.07686362783398165,0.021435342574136484,0.00048193566600329696,0.01647986427033894,0.00013327854326343323
1680.0,0.07790436719314517,0.024675944129398886,0.00048193566600329696,0.01897174469662266,0.00013327854326343323
1680.0,0.07894438984094701,0.02835776255096789,0.00048193566600329696,0.021802991495898316,0.00013327854326343323
1680.0,0.07998361362457158,0.03253431179416566,0.00048193566600329696,0.025014789572227178,0.00013327854326343323
1680.0,0.08102194840032294,0.03726461668634329,0.00048193566600329696,0.02865257149866615,0.00013327854326343323
1680.0,0.08205929548549097,0.042613637835188456,0.00048193566600329696,0.032766346766847365,0.00013327854326343323
1680.0,0.08309554716203224,0.04865270835892943,0.00048193566600329696,0.03741104069831951,0.00013327854326343323
1680.0,0.08413058610602109,0.05545997831177374,0.00048193566600329696,0.04264683995878153,0.00013327854326343323
1680.0,0.08516428481011179,0.06312086255735494,0.00048193566600329696,0.04853954154423322,0.00013327854326340808
1680.0,0.08619650506439627,0.0717284872524715,0.00048193566600329696,0.055160901675069124,0.00013327854326343323
1680.0,0.08722709745954318,0.08138412848734333,0.00048193566600329696,0.06258897981033845,0.00013327854326342816
1680.0,0.08825590074562395,0.09219763379053347,0.0004819356660030749,0.07090847083981161,0.00013327854326333947
1680.0,0.08928274153945595,0.1042878217353973,0.0004819356660030749,0.08021102201347133,0.0001332785432631682
1680.0,0.09030743429035756,0.11778285159959978,0.00048193566600285287,0.09059552867270125,0.00013327854326233336
1680.0,0.09132978029650739,0.13282053544548944,0.00048193566600218674,0.1021683878019155,0.00013327854325876094
1680.0,0.0923495681702389,0.14954860676198223,0.00048193566599774584,0.11504372058824404,0.00013327854324207854
1680.0,0.09336657378513252,0.16812491568157384,0.0004819356659746532,0.12934354126827108,0.00013327854316459852
1680.0,0.0943805595662751,0.18871751771473555,0.0004819356658605223,0.14519784719541665,0.00013327854282235073
1680.0,0.0953912756933589,0.21150469352170376,0.0004819356653618101,0.1627446594563594,0.000133278541361003
1680.0,0.09639846026831739,0.23667483355444574,0.0004819356632204119,0.1821299636286776,0.00013327853531778415
1680.0,0.09740183955800345,0.2644261818495579,0.00048193565432219643,0.20350754687464429,0.0001332785111625134
1680.0,0.09840112856690197,0.29496643371732034,0.0004819356186496204,0.22703872806517528,0.00013327841793326232
1680.0,0.09939603264570279,0.3285121964016753,0.00048193548070996073,0.25289198881387925,0.00013327807076903627
1680.0,0.10038624851439969,0.365288270380006,0.0004819349667433137,0.2812424738834436,0.00013327682470672946
1680.0,0.10137146514031278,0.40552673598637057,0.00048193312338140615,0.31227135032012676,0.0001332725179308403
1680.0,0.10235136516852997,0.44946588207972127,0.0004819267657991677,0.346165054934042,0.00013325819716558215
1680.0,0.10332562634832987,0.4973489513621985,0.00048190570134187816,0.38311441181722794,0.00013321242713949447
1680.0,0.10429392395625564,0.5494227736808739,0.0004818387178064931,0.42331367608786113,0.00013307194896940302
1680.0,0.10525593175448669,0.6059361777964796,0.000481634477380144,0.4669594201070234,0.0001326582578562667
1680.0,0.10621132333208266,0.6671382598369178,0.0004810378752515554,0.5142493225307717,0.00013149029506376908
1680.0,0.1071597731638037,0.7332764947425972,0.0004793697339358083,0.5653808488914743,0.00012833138969864282
1680.0,0.10810095779176977,0.8045947035417385,0.0004749085787494334,0.6205498318426619,0.0001201524715216175
1680.0,0.10903455688746658,0.8813308862799545,0.0004635055215007622,0.6799489563247837,9.989260639165157e-05
1680.0,0.1099602474607406,0.9637143061624442,0.0004356647777026268,0.7437656710514825,5.1905690560102704e-05
1680.0,0.11087769214552082,1.05196155954701,0.0003723924063800954,0.8121793160303865,-5.6724880011170245e-05
1680.0,0.11178649938229036,1.1462690189753744,0.0005868218854296892,0.8853554344711415,-0.0002916576688752985
1680.0,0.11268612433286049,1.2467963420831438,0.0011585523950592425,0.9634331285588636,-0.000776831474906151
1680.0,0.11357566155031681,1.3536313664488944,0.0022818144391467676,1.0464978800695206,-0.001732952940275068
1680.0,0.11445345181243931,1.4667186864227233,0.004383258110598476,1.134525916776935,-0.0035286670423970434
1680.0,0.11531648055089319,1.5857352611826627,0.00811852204824337,1.2272868308503053,-0.006735331984946983
1680.0,0.11615971333464245,1.7099188070210403,0.014401575095928099,1.3242083855189823,-0.012159329590927553
1680.0,0.11697592061638235,1.837931458921048,0.024358252442588046,1.4242673297449324,-0.02080758843596454
1680.0,0.11776318273753608,1.9689962861497747,0.03929154181650585,1.526875129692945,-0.03386027305594374
1680.0,0.1185312860297518,2.104351991415797,0.06094634116594344,1.6330233705224535,-0.05290350307579741
1680.0,0.11929291462851194,2.246190113945545,0.09177019447843993,1.7444635897962668,-0.08017023321868799
1680.0,0.12005385934471033,2.3958312316954107,0.13474088601602396,1.8622796494595226,-0.11840345728829142
1680.0,0.12081480406090875,2.553747395313053,0.19312123520457147,1.986900820994236,-0.17065265186901157
1680.0,0.12157574877710715,2.720304804169416,0.2704522485806504,2.118685029618239,-0.24028780665097474
1680.0,0.12233669349330556,2.895895358106941,0.37049511973105265,2.258024322597976,-0.330984430336538
1680.0,0.12309763820950397,3.080940695672439,0.4972023899271587,2.40535033684999,-0.4467706873439865
1680.0,0.12385858292570237,3.275895679813118,0.6548679112176294,2.561139485124459,-0.5923272550642968
1680.0,0.12461952764190079,3.4812509329080967,0.8487480068048181,2.7259175206650674,-0.7740016882240012
1680.0,0.125,3.5893925061520235,0.9628350966994024,2.8130903613530416,-0.882551845555856
1740.0,0.0,0.0002854239960470295,0.0004596668647203206,-0.00021992757727944584,0.00013108198174608063
1740.0,0.0005231494912409765,0.00028542360081473817,0.0004596668647203206,-0.00021992727346807248,0.00013108198174633932
1740.0,0.0015694484714494639,0.0002854212295915204,0.0004596668647203206,-0.00021992545076595748,0.00013108198174633932
1740.0,0.0026157474465723883,0.0002854163595884529,0.0004596668647203206,-0.00021992170724566005,0.00013108198174629937
1740.0,0.0036620464155861904,0.00028540872955318264,0.0004596668647203206,-0.0002199158420927835,0.00013108198174633932
1740.0,0.004708345377475357,0.0002853979323163003,0.0004596668647203206,-0.00021990754239711082,0.00013108198174633932
1740.0,0.005754644331009957,0.0002853833963740726,0.0004596668647203206,-0.00021989636874167944,0.00013108198174633932
1740.0,0.00680094327457751,0.0002853643590583488,0.0004596668647203206,-0.00021988173486858865,0.00013108198174633932
1740.0,0.007847242206097388,0.00028533983208944846,0.0004596668647203206,-0.0002198628811584859,0.00013108198174633932
1740.0,0.008893541122936801,0.00028530855712460834,0.00045966686472009854,-0.0002198388402901279,0.00013108198174632162
1740.0,0.009939840021803058,0.0002852689497103711,0.0004596668647203206,-0.0002198083944135119,0.00013108198174633932
1740.0,0.010986138898604688,0.0002852190302746749,0.0004596668647203206,-0.00021977002174864406,0.00013108198174633932
1740.0,0.012032437748284802,0.00028515633846382116,0.0004596668647203206,-0.00021972183095710172,0.0001310819817463559
1740.0,0.013078736564625394,0.0002850778283800537,0.0004596668647203206,-0.00021966148084960957,0.00013108198174633932
1740.0,0.014125035340008817,0.0002849797422186384,0.0004596668647203206,-0.00021958608257896355,0.00013108198174629937
1740.0,0.015171334065114943,0.0002848574547442695,0.0004596668647203206,-0.00021949208096622117,0.00013108198174633932
1740.0,0.01621763272858375,0.00028470528741308954,0.0004596668647203206,-0.0002193751109271638,0.00013108198174633932
1740.0,0.017263931316600097,0.00028451628298853393,0.0004596668647203206,-0.0002192298242701428,0.00013108198174629937
1740.0,0.018310229812372354,0.00028428193388663203,0.0004596668647203206,-0.00021904968137222519,0.00013108198174633932
1740.0,0.019356528195540252,0.00028399185691796447,0.0004596668647203206,-0.00021882670067339702,0.00013108198174633932
1740.0,0.020402826441478825,0.0002836334031712795,0.0004596668647203206,-0.00021855115886586834,0.00013108198174633932
1740.0,0.021449124520446446,0.00028319119070374654,0.0004596668647203206,-0.00021821123207599764,0.00013108198174633932
1740.0,0.02249542239654262,0.00028264654838494607,0.0004596668647203206,-0.00021779256768744454,0.00013108198174633932
1740.0,0.023541720026574783,0.0002819768519657373,0.0004596668647203206,-0.00021727777442916558,0.00013108198174633932
1740.0,0.024588017358664248,0.00028115473526213464,0.0004596668647203206,-0.00021664581582491832,0.00013108198174633932
1740.0,0.025634314330521622,0.0002801471542852596,0.0004596668647203206,-0.00021587129103983822,0.0001310819817463559
1740.0,0.026680610867531526,0.00027891427919257694,0.0004596668647203206,-0.00021492358278495859,0.00013108198174633932
1740.0,0.027726906880536258,0.00027740818427446357,0.0004596668647203206,-0.00021376585024055974,0.00013108198174633932
1740.0,0.028773202263123444,0.00027557130215427605,0.0004596668647203206,-0.00021235384130285941,0.00013108198174633932
1740.0,0.029819496888343826,0.00027333460496947737,0.00045966686472009854,-0.0002106344937533451,0.0001310819817462817
1740.0,0.030865790605256217,0.0002706154656380022,0.0004596668647203206,-0.00020854429174860806,0.00013108198174629937
1740.0,0.03191208323471192,0.00026731515049505106,0.0004596668647203206,-0.00020600733797473709,0.00013108198174633932
1740.0,0.03295837456413289,0.00026331588333050604,0.0004596668647203206,-0.00020293309686410208,0.00013108198174633932
1740.0,0.03400466434171516,0.00025847741602547103,0.0004596668647203206,-0.00019921375821133674,0.00013108198174633932
1740.0,0.03505095226985211,0.00025263302819666933,0.0004596668647203206,-0.0001947211624745501,0.00013108198174629937
1740.0,0.03609723799744126,0.00024558487348258495,0.00045966686472009854,-0.00018930322257564464,0.00013108198174632162
1740.0,0.03714352111050014,0.00023709857197218298,0.0004596668647203206,-0.00018277976747140524,0.00013108198174633932
1740.0,0.03818980112251305,0.00022689694253585913,0.0004596668647203206,-0.00017493772354075802,0.00013108198174629937
1740.0,0.03923607746275605,0.00021465274926413258,0.0004596668647203206,-0.00016552553909527414,0.00013108198174633932
1740.0,0.04028234946173375,0.00019998032689727552,0.0004596668647203206,-0.00015424674562847338,0.00013108198174633932
1740.0,0.04132861633570477,0.00018242592682327086,0.0004596668647203206,-0.00014075253694786837,0.00013108198174629045
1740.0,0.04237487716971418,0.00016145661345490225,0.00045966686472009854,-0.00012463323280816445,0.00013108198174632162
1740.0,0.04342113089694337,0.00013644751624042328,0.0004596668647203206,-0.00010540847882231774,0.00013108198174633932
1740.0,0.0444673762737487,0.00010666722351970748,0.0004596668647203206,-8.251601782818791e-05,0.00013108198174633932
1740.0,0.045513611855182684,7.126108050670155e-05,0.0004596668647203206,-5.529884947407199e-05,0.00013108198174633932
1740.0,0.046559835965433324,2.9232127701561694e-05,0.0004596668647203206,-2.299057620396024e-05,0.00013108198174633932
1740.0,0.04760604666142646,2.058060897525138e-05,0.0004596668647203206,1.5301287355620318e-05,0.00013108198174633932
1740.0,0.048652241694590856,7.952679641221039e-05,0.0004596668647203206,6.0614286879152784e-05,0.00013108198174633932
1740.0,0.049698418470146756,0.0001491727881557381,0.0004596668647203206,0.0001141525511676116,0.00013108198174629937
1740.0,0.050744573997060706,0.00023133331927738254,0.0004596668647203206,0.00017731115912527064,0.00013108198174633932
1740.0,0.051790704828407724,0.0003281073128391654,0.0004596668647203206,0.0002517036700240617,0.00013108198174633932
1740.0,0.052836807004765764,0.0004419182542960698,0.0004596668647203206,0.00033919316562271785,0.00013108198174633932
1740.0,0.05388287598694727,0.0005755596202448032,0.0004596668647203206,0.00044192717909589393,0.00013108198174629937
1740.0,0.05492890657290356,0.0007322458873204596,0.0004596668647203206,0.0005623769157573296,0.00013108198174633932
1740.0,0.055974892808294846,0.0009156696872878456,0.0004596668647203206,0.0007033812010028135,0.00013108198174633932
1740.0,0.05702082789713402,0.0011300657164383665,0.0004596668647203206,0.0008681956229322124,0.00013108198174633932
1740.0,0.0580667040925781,0.001380282040486236,0.0004596668647203206,0.0010605473641278785,0.00013108198174633932
1740.0,0.05911251256974148,0.0016718594767439754,0.0004596668647203206,0.0012846962475890767,0.00013108198174633932
1740.0,0.06015824330378468,0.0020111197836740757,0.0004596668647203206,0.001545502557600991,0.0001310819817463559
1740.0,0.06120388493425225,0.00240526340866154,0.0004596668647203206,0.0018485022174634963,0.00013108198174633932
1740.0,0.062249424597174495,0.002862477581118128,0.0004596668647203206,0.00219998992747497,0.0001310819817463645
1740.0,0.06329484773129956,0.0033920555624717963,0.0004596668647203206,0.002607110891080546,0.0001310819817463559
1740.0,0.06434013790451507,0.004004527914560185,0.0004596668647203206,0.003077961793790278,0.00013108198174633932
1740.0,0.06538527661709606,0.004711806635384619,0.0004596668647203206,0.0036217016913671287,0.00013108198174633932
1740.0,0.06643024305309167,0.005527343000039764,0.0004596668647203206,0.004248673453957441,0.00013108198174633932
1740.0,0.06747501381324514,0.006466299972601064,0.0004596668647203206,0.00497053643867755,0.0001310819817463559
1740.0,0.06851956266272122,0.007545740060038497,0.0004596668647203206,0.0058004110657521755,0.00013108198174633932
1740.0,0.06956386026088461,0.008784829415446893,0.0004596668647203206,0.006753035925712707,0.00013108198174633932
1740.0,0.07060787382080315,0.010205058872713835,0.0004596668647203206,0.007844937953659578,0.00013108198174633932
1740.0,0.0716515667581494,0.011830482632717576,0.0004596668647203206,0.0090946162329892,0.00013108198174633932
1740.0,0.07269489830361563,0.013687975141010611,0.0004596668647203206,0.010522739860432534,0.00013108198174629937
1740.0,0.07373782316290495,0.01580750672803788,0.0004596668647203206,0.012152360327437278,0.00013108198174629937
1740.0,0.07478029111431495,0.01822243818946845,0.0004596668647203206,0.01400913857518427,0.00013108198174633932
1740.0,0.07582224651288785,0.020969834164134227,0.0004596668647203206,0.016121586639832295,0.0001310819817463559
1740.0,0.07686362783398165,0.024090795390179665,0.0004596668647203206,0.01852132398009805,0.00013108198174633932
1740.0,0.07790436719314517,0.027630809209426843,0.0004596668647203206,0.021243348040246787,0.00013108198174633932
1740.0,0.07894438984094701,0.03164011741819195,0.00045966686472009854,0.02432631839785507,0.00013108198174632162
1740.0,0.07998361362457158,0.036174100046707736,0.00045966686472009854,0.027812853460175757,0.00013108198174632162
1740.0,0.08102194840032294,0.041293673046766344,0.0004596668647203206,0.03174983821606205,0.00013108198174629045
1740.0,0.08205929548549097,0.04706569767364499,0.0004596668647203206,0.036188741416023885,0.00013108198174633932
1740.0,0.08309554716203224,0.05356339866983717,0.0004596668647203206,0.04118594003923294,0.00013108198174633932
1740.0,0.08413058610602109,0.060866786575275,0.0004596668647203206,0.04680304755575465,0.00013108198174629937
1740.0,0.08516428481011179,0.06906307936134226,0.0004596668647203206,0.0531072424048179,0.00013108198174629937
1740.0,0.08619650506439627,0.07824711792903827,0.0004596668647203206,0.060171592626470434,0.000131081981746331
1740.0,0.08722709745954318,0.08852176828520442,0.0004596668647203206,0.06807537127843767,0.00013108198174632206
1740.0,0.08825590074562395,0.09999830025878964,0.00045966686472009854,0.07690435502155024,0.00013108198174619545
1740.0,0.08928274153945595,0.11279673756092734,0.0004596668647198765,0.08675110208818536,0.00013108198174586024
1740.0,0.09030743429035756,0.127046170619451,0.0004596668647194324,0.09771520329069766,0.000131081981744114
1740.0,0.09132978029650739,0.14288500331718978,0.00045966686471721196,0.10990348414199734,0.00013108198173607537
1740.0,0.0923495681702389,0.16046114945976342,0.00045966686470721996,0.12343017059445235,0.00013108198170004592
1740.0,0.09336657378513252,0.1799321484400025,0.0004596668646572599,0.13841699529592474,0.00013108198154068812
1740.0,0.0943805595662751,0.20146516772882705,0.000459666864433661,0.15499321988320008,0.00013108198085828502
1740.0,0.0953912756933589,0.22523693417485902,0.0004596668634724299,0.17329560613607653,0.0001310819780367723
1740.0,0.09639846026831739,0.25143352813643105,0.00045966685947029795,0.1934682857862956,0.00013108196673320454
1740.0,0.09740183955800345,0.28025003876348364,0.00045966684336029573,0.21566252831012786,0.00013108192295855183
1740.0,0.09840112856690197,0.31189007911069666,0.0004596667807454935,0.24003640638700355,0.00013108175919570033
1740.0,0.09939603264570279,0.34656517442851964,0.0004596665459215554,0.26675437006344177,0.00013108116791080864
1740.0,0.10038624851439969,0.3844939826507243,0.00045966569707567295,0.2959866989009274,0.00013107910932355605
1740.0,0.10137146514031278,0.42590133408805286,0.0004596627422781552,0.32790882294953516,0.00013107220476492882
1740.0,0.10235136516852997,0.4710171293824601,0.0004596528471774164,0.3627005436544614,0.00013104991493820587
1740.0,0.10332562634832987,0.5200750709227577,0.00045962099810825663,0.4005451367182953,0.00013098071595474796
1740.0,0.10429392395625564,0.5733113030145205,0.00045952256092762767,0.4416283964543858,0.00013077429859629461
1740.0,0.10525593175448669,0.6309628547537045,0.0004592306676602931,0.48613754170251566,0.00013018315387005734
1740.0,0.10621132333208266,0.6932659796507323,0.0004584009571093617,0.534260058267756,0.00012855906362902635
1740.0,0.1071597731638037,0.7604544016729733,0.00045614191161225115,0.5861824887480123,0.00012428158934498916
1740.0,0.10810095779176977,0.8327575188183118,0.00045025477038906914,0.6420892136788066,0.00011348848971715426
1740.0,0.10903455688746658,0.9103986260587362,0.0004355796131489953,0.7021612778962126,8.741249980414113e-05
1740.0,0.1099602474607406,0.9935926028846893,0.000400608340910269,0.7665748402877223,2.712038480707869e-05
1740.0,0.11087769214552082,1.082542879006553,0.00036212759591025545,0.8354991094061717,-0.00010624042897542666
1740.0,0.11178649938229036,1.1774351268844043,0.0006976714606490297,0.909091793153227,-0.0003883315103746976
1740.0,0.11268612433286049,1.2784224396984882,0.001373879108492293,0.9874879833943213,-0.000958719462258639
1740.0,0.11357566155031681,1.3855923646111137,0.002674472317991672,1.0707749386291248,-0.0020605103221529356
1740.0,0.11445345181243931,1.4988980851649671,0.005062461386457162,1.1589388285808426,-0.004091245123975234
1740.0,0.11531648055089319,1.6180369266889443,0.009230949107203124,1.2517699435121528,-0.007654546309951316
1740.0,0.11615971333464245,1.7422812151712037,0.01612749776568112,1.3487295741454073,-0.013585134568517527
1740.0,0.11697592061638235,1.8703422746933143,0.026893293786448336,1.4488407766554,-0.022903340006554855
1740.0,0.11776318273753608,2.0015037067818753,0.04282779780505619,1.5515709987296424,-0.03678436900158969
1740.0,0.1185312860297518,2.13707528335442,0.06566584824382149,1.6579783292465033,-0.056802519167265024
1740.0,0.11929291462851194,2.279339282286628,0.09783598715411168,1.7699010758963658,-0.08516923627323637
1740.0,0.12005385934471033,2.4297335941213873,0.14226486920080594,1.888535809214305,-0.12457643698152296
1740.0,0.12081480406090875,2.588874152702772,0.20212489330200167,2.0144498313424006,-0.1779876131104128
1740.0,0.12157574877710715,2.757300285324959,0.28083819794048237,2.1481674566626396,-0.24866148746940936
1740.0,0.12233669349330556,2.9356086850056613,0.3820304582686065,2.2902782816680958,-0.34014863868006934
1740.0,0.12309763820950397,3.124458963458153,0.5095176770450931,2.441444659803398,-0.45635497543222886
1740.0,0.12385858292570237,3.3245780568790337,0.6674751221836566,2.602408485590745,-0.6018641386150215
1740.0,0.12461952764190079,3.536763040062624,0.8610794846831431,2.7739969235074824,-0.7829887567081376
1740.0,0.125,3.6493225123716115,0.9746977531584105,2.8655618633950937,-0.8909765199056477
1800.0,0.0,0.0002714123280611602,0.00043933212285218737,-0.00020896948805726535,0.00012898712383568216
1800.0,0.0005231494912409765,0.00027141171960920474,0.00043933212285218737,-0.0002089690203220321,0.00012898712383586794
1800.0,0.0015694484714494639,0.00027140806901115866,0.00043933212285218737,-0.00020896621409206338,0.00012898712383587689
1800.0,0.0026157474465723883,0.00027140058347185914,0.00043933212285218737,-0.00020896045997582583,0.00012898712383582132
1800.0,0.0036620464155861904,0.0002713888861194391,0.00043933212285218737,-0.00020895146839219105,0.00012898712383587689
1800.0,0.004708345377475357,0.0002713723916372146,0.00043933212285218737,-0.0002089387892262085,0.00012898712383587689
1800.0,0.005754644331009957,0.0002713502802862422,0.00043933212285218737,-0.00020892179246069284,0.00012898712383589347
1800.0,0.00680094327457751,0.00027132146306030336,0.00043933212285218737,-0.00020889964096238405,0.00012898712383587689
1800.0,0.007847242206097388,0.0002712845352448312,0.00043933212285218737,-0.00020887125498401658,0.00012898712383586794
1800.0,0.008893541122936801,0.00027123771758397197,0.00043933212285218737,-0.00020883526666663952,0.00012898712383586794
1800.0,0.009939840021803058,0.0002711787817588629,0.00043933212285218737,-0.00020878996332634046,0.00012898712383586794
1800.0,0.010986138898604688,0.0002711049598929094,0.00043933212285218737,-0.00020873321718832625,0.00012898712383586794
1800.0,0.012032437748284802,0.00027101283239971963,0.00043933212285218737,-0.00020866239953687434,0.00012898712383589347
1800.0,0.013078736564625394,0.0002708981916157427,0.00043933212285218737,-0.0002085742763584604,0.00012898712383587689
1800.0,0.014125035340008817,0.0002707558788870301,0.00043933212285218737,-0.00020846488172932858,0.0001289871238358124
1800.0,0.015171334065114943,0.0002705795840256542,0.00043933212285218737,-0.00020832936542527166,0.00012898712383587689
1800.0,0.01621763272858375,0.0002703616085000249,0.00043933212285218737,-0.00020816180952366533,0.00012898712383586794
1800.0,0.017263931316600097,0.0002700925786029984,0.00043933212285218737,-0.00020795500849773906,0.00012898712383582953
1800.0,0.018310229812372354,0.0002697611034818692,0.00043933212285218737,-0.00020770020627743454,0.00012898712383587689
1800.0,0.019356528195540252,0.000269353366775249,0.00043933212285218737,-0.0002073867822929608,0.00012898712383588456
1800.0,0.020402826441478825,0.00026885264026077493,0.00043933212285218737,-0.00020700187763826475,0.00012898712383586794
1800.0,0.021449124520446446,0.0002682387057575397,0.00043933212285218737,-0.00020652995070648942,0.00012898712383588456
1800.0,0.02249542239654262,0.0002674871693102432,0.00043933212285218737,-0.00020595224987640082,0.00012898712383587689
1800.0,0.023541720026574783,0.0002665686488967367,0.00043933212285218737,-0.0002052461893997782,0.00012898712383586794
1800.0,0.024588017358664248,0.0002654478151384865,0.00043933212285218737,-0.00020438461159392595,0.00012898712383587689
1800.0,0.025634314330521622,0.00026408225892282644,0.00043933212285218737,-0.0002033349166441558,0.00012898712383588456
1800.0,0.026680610867531526,0.00026242115859531623,0.00043933212285218737,-0.00020205803802291272,0.00012898712383587689
1800.0,0.027726906880536258,0.00026040371363933446,0.00043933212285218737,-0.00020050723848458616,0.00012898712383587689
1800.0,0.028773202263123444,0.000257957307610468,0.00043933212285218737,-0.000198626697789059,0.00012898712383586794
1800.0,0.029819496888343826,0.0002549953571815422,0.00043933212285218737,-0.0001963498591524705,0.0001289871238358124
1800.0,0.030865790605256217,0.00025141479818557855,0.00043933212285218737,-0.00019359749700198842,0.0001289871238358124
1800.0,0.03191208323471192,0.00024709315380277985,0.00043933212285218737,-0.00019027546312397507,0.00012898712383587689
1800.0,0.03295837456413289,0.00024188512134060147,0.00043933212285218737,-0.00018627206262671888,0.00012898712383588456
1800.0,0.03400466434171516,0.00023561860479048846,0.00043933212285218737,-0.00018145500463257247,0.00012898712383587689
1800.0,0.03505095226985211,0.00022809011431945692,0.00043933212285218737,-0.00017566786531164784,0.0001289871238358124
1800.0,0.03609723799744126,0.00021905943981437304,0.00043933212285218737,-0.00016872599324650666,0.00012898712383586794
1800.0,0.03714352111050014,0.00020824349462600367,0.00043933212285218737,-0.00016041177758188322,0.00012898712383586794
1800.0,0.03818980112251305,0.0001953092177018334,0.00043933212285218737,-0.00015046919061645459,0.0001289871238358206
1800.0,0.03923607746275605,0.00017986539938874557,0.00043933212285218737,-0.00013859750493254352,0.00012898712383587689
1800.0,0.04028234946173375,0.00016145329095706984,0.00043933212285218737,-0.00012444407434945634,0.00012898712383586794
1800.0,0.04132861633570477,0.00013953583481907117,0.00043933212285218737,-0.0001075960543337603,0.0001289871238358206
1800.0,0.04237487716971418,0.00011348533507771208,0.00043933212285218737,-8.757092427881961e-05,0.00012898712383586794
1800.0,0.04342113089694337,8.256937263695363e-05,0.00043933212285218737,-6.380565897400793e-05,0.00012898712383588456
1800.0,0.0444673762737487,4.5934741251585365e-05,0.00043933212285218737,-3.5644380094503485e-05,0.00012898712383587689
1800.0,0.045513611855182684,2.598149137611472e-06,0.00043933212285218737,-2.3243011978957123e-06,0.00012898712383587689
1800.0,0.046559835965433324,4.861946723622168e-05,0.00043933212285218737,3.7040239109485065e-05,0.00012898712383588456
1800.0,0.04760604666142646,0.00010902665746925777,0.00043933212285218737,8.347588072654123e-05,0.00012898712383587689
1800.0,0.048652241694590856,0.00018017793922808778,0.00043933212285218737,0.00013817072892431242,0.00012898712383586794
1800.0,0.049698418470146756,0.00026385897990621743,0.00043933212285218737,0.0002024974940033707,0.0001289871238358124
1800.0,0.050744573997060706,0.00036212950635672314,0.00043933212285218737,0.00027803957531933265,0.00012898712383587689
1800.0,0.051790704828407724,0.00047736147570276444,0.00043933212285218737,0.00036662040749203025,0.00012898712383586794
1800.0,0.052836807004765764,0.0006122819338543195,0.00043933212285218737,0.00047033641224620567,0.00012898712383587689
1800.0,0.05388287598694727,0.0007700210431949017,0.00043933212285218737,0.0005915939254115771,0.00012898712383582953
1800.0,0.05492890657290356,0.0009541657938711978,0.00043933212285218737,0.0007331504948480527,0.00012898712383587689
1800.0,0.055974892808294846,0.0011688199521131537,0.00043933212285218737,0.0008981609744049357,0.00012898712383587689
1800.0,0.05702082789713402,0.0014186708318106866,0.00043933212285218737,0.0010902288680030832,0.00012898712383587689
1800.0,0.0580667040925781,0.001709063515647813,0.00043933212285218737,0.0013134634012922132,0.00012898712383586794
1800.0,0.05911251256974148,0.002046083175059721,0.00043933212285218737,0.0015725428265461812,0.00012898712383587689
1800.0,0.06015824330378468,0.0024366461935869665,0.00043933212285218737,0.0018727844983408798,0.00012898712383589347
1800.0,0.06120388493425225,0.0028886008093991222,0.00043933212285218737,0.002220222275508975,0.00012898712383587689
1800.0,0.062249424597174495,0.0034108380211250733,0.00043933212285218737,0.00262169182067575,0.0001289871238358853
1800.0,0.06329484773129956,0.00401341352289819,0.00043933212285218737,0.003084924389665273,0.00012898712383589347
1800.0,0.06434013790451507,0.004707681481079362,0.00043933212285218737,0.0036186497381492885,0.00012898712383587689
1800.0,0.06538527661709606,0.00550644094511199,0.00043933212285218737,0.004232708755879684,0.00012898712383587689
1800.0,0.06643024305309167,0.006424095656257123,0.00043933212285218737,0.004938176422853783,0.00012898712383587689
1800.0,0.06747501381324514,0.00747682805445038,0.00043933212285218737,0.005747495705200933,0.00012898712383588456
1800.0,0.06851956266272122,0.008682788276530573,0.00043933212285218737,0.006674623006815246,0.00012898712383589347
1800.0,0.06956386026088461,0.01006229885990706,0.00043933212285218737,0.007735185734399149,0.00012898712383586794
1800.0,0.07060787382080315,0.011638075730957098,0.00043933212285218737,0.008946652428912402,0.00012898712383589347
1800.0,0.0716515667581494,0.0134354660876852,0.00043933212285218737,0.010328515943288336,0.00012898712383587689
1800.0,0.07269489830361563,0.01548270359126036,0.00043933212285218737,0.011902489998898496,0.00012898712383582132
1800.0,0.07373782316290495,0.017811181308616142,0.00043933212285218737,0.013692719476129104,0.0001289871238358124
1800.0,0.07478029111431495,0.02045574240997894,0.00043933212285218737,0.01572600446140432,0.00012898712383587689
1800.0,0.07582224651288785,0.02345498827821757,0.00043933212285218737,0.018032037810647293,0.00012898712383589347
1800.0,0.07686362783398165,0.02685160392695707,0.00043933212285218737,0.02064365617727879,0.00012898712383587689
1800.0,0.07790436719314517,0.030692699843257287,0.00043933212285218737,0.02359710385801169,0.00012898712383586794
1800.0,0.07894438984094701,0.035030169071319506,0.00043933212285218737,0.02693230858691364,0.00012898712383586794
1800.0,0.07998361362457158,0.039921057797414505,0.00043933212285218737,0.03069316798636486,0.00012898712383586794
1800.0,0.08102194840032294,0.04542794704474318,0.00043933212285218737,0.03492784489335485,0.0001289871238358206
1800.0,0.08205929548549097,0.051619342894070996,0.00043933212285218737,0.03968906963995852,0.00012898712383586794
1800.0,0.08309554716203224,0.05857007192327046,0.00043933212285218737,0.04503444682269072,0.00012898712383586794
1800.0,0.08413058610602109,0.06636167669125825,0.00043933212285218737,0.0510267626782021,0.00012898712383580536
1800.0,0.08516428481011179,0.07508280603116191,0.00043933212285218737,0.057734289144528404,0.00012898712383579638
1800.0,0.08619650506439627,0.08482959430295978,0.00043933212285218737,0.06523108024258603,0.00012898712383585195
1800.0,0.08722709745954318,0.09570602205872092,0.00043933212285218737,0.07359725512390736,0.00012898712383581506
1800.0,0.08825590074562395,0.10782424763607423,0.0004393321228519653,0.08291925990022786,0.00012898712383555894
1800.0,0.08928274153945595,0.12130490467961863,0.00043933212285152123,0.09329010461884987,0.00012898712383478713
1800.0,0.09030743429035756,0.13627735721956924,0.0004393321228508551,0.10480956919341453,0.00012898712383116326
1800.0,0.09132978029650739,0.15287988299746758,0.00043933212284619216,0.11758435602769592,0.00012898712381421656
1800.0,0.0923495681702389,0.17125980320798817,0.00043933212282376566,0.13172820364785617,0.00012898712374013994
1800.0,0.09336657378513252,0.19157352817984474,0.0004393321227245117,0.14736193829696087,0.00012898712342347384
1800.0,0.0943805595662751,0.21398648776772689,0.0004393321222941893,0.16461343991682648,0.00012898712211034975
1800.0,0.0953912756933589,0.23867299295636712,0.0004393321205016232,0.18361755886143746,0.00012898711684415567
1800.0,0.09639846026831739,0.2658159632104571,0.00043933211326185884,0.20451593362398637,0.00012898709638086147
1800.0,0.09740183955800345,0.29560652243321783,0.00043933208498025955,0.22745671257149136,0.00012898701948987567
1800.0,0.09840112856690197,0.3282434675483046,0.0004393319782680649,0.2525941837615049,0.00012898674030249296
1800.0,0.09939603264570279,0.3639326304004271,0.00043933158962961016,0.2800883300089783,0.00012898576156511815
1800.0,0.10038624851439969,0.40288609925545416,0.00043933022485864726,0.3101042848080453,0.0001289824517950835
1800.0,0.10137146514031278,0.445321298610736,0.00043932560786985597,0.34281169004085454,0.00012897166457204672
1800.0,0.10235136516852997,0.4914599818550869,0.00043931057502644144,0.37838400000514955,0.0001289378091427564
1800.0,0.10332562634832987,0.5415271295490811,0.00043926350827461214,0.41699772930071904,0.00012883557649027362
1800.0,0.10429392395625564,0.5957498510915684,0.0004391219294204163,0.45883172388454235,0.0001285387903824484
1800.0,0.10525593175448669,0.6543562048139506,0.0004387131116827536,0.5040663945033478,0.00012771111968630885
1800.0,0.10621132333208266,0.7175740563825457,0.00043758080530453825,0.5528830103900164,0.0001254953731637817
1800.0,0.1071597731638037,0.7856300046546494,0.00043457486138298584,0.6054630818665041,0.00011980494582417634
1800.0,0.10810095779176977,0.8587484374227756,0.00042693143193694993,0.6619878862511509,0.00010579375674938265
1800.0,0.10903455688746658,0.9371507718508383,0.0004083265439687178,0.7226381852060938,7.273491172301693e-05
1800.0,0.1099602474607406,1.021054285383002,0.00036499814918689033,0.787593677346382,-1.9779807422295487e-06
1800.0,0.11087769214552082,1.110670278959276,0.00042610652211294564,0.8570319834191629,-0.00016365384937140783
1800.0,0.11178649938229036,1.206198876877977,0.0008270302212913805,0.9311250625061624,-0.0004985467638959689
1800.0,0.11268612433286049,1.307815001247377,0.0016178172657248524,1.0100287773113246,-0.001162333769390177
1800.0,0.11357566155031681,1.4156355434176362,0.0031105778238780246,1.0938577484303413,-0.002420584474197544
1800.0,0.11445345181243931,1.5296494676248358,0.005802047676692457,1.1826310377607407,-0.0046989683148728235
1800.0,0.11531648055089319,1.6495932050924011,0.010421446798755785,1.2761743951059792,-0.008631396836155209
1800.0,0.11615971333464245,1.7747754699934148,0.017945394942188386,1.3739814362930478,-0.015077675691910496
1800.0,0.11697592061638235,1.9039323615039052,0.029527168656346525,1.475096075053763,-0.025067546982764866
1800.0,0.11776318273753608,2.036362160175827,0.04645813093400886,1.578996540307407,-0.039767670467491294
1800.0,0.1185312860297518,2.1733949577039198,0.07045997832172857,1.6867566108747793,-0.06073782015679785
1800.0,0.11929291462851194,2.3173340246214593,0.10394028691709112,1.8002306208299654,-0.09016608422721976
1800.0,0.12005385934471033,2.469611662141574,0.14977410978039574,1.9206056469009634,-0.13069330967896015
1800.0,0.12081480406090875,2.6307969087444576,0.2110463093056434,2.048399788712177,-0.18520003911585445
1800.0,0.12157574877710715,2.801337973310183,0.29106640268292283,2.1840452890091915,-0.25683992806521144
1800.0,0.12233669349330556,2.981687449078777,0.39333359744363783,2.32798811489257,-0.34904744680589855
1800.0,0.12309763820950397,3.1722982109727695,0.5215379506506164,2.4806857628950976,-0.46561649661528304
1800.0,0.12385858292570237,3.37361961920368,0.6797464313216826,2.6426055468093628,-0.6110436660564442
1800.0,0.12461952764190079,3.5860944102505528,0.8730639446536239,2.814223745228996,-0.791614788086666
1800.0,0.125,3.6981255081287827,0.9862253228122699,2.9051248468952786,-0.8990562042907306
